draft_id,contact_id,role,recipient_order
d000001,c_alex_chen,to,0
d000002,c_jamie_li,to,0
d000003,c_morgan_zhao,to,0
d000004,c_alex_chen,to,0
d000005,c_jamie_li,to,0
d000006,c_morgan_zhao,to,0
d000007,c_alex_chen,to,0
d000008,c_jamie_li,to,0
d000009,c_morgan_zhao,to,0
d000010,c_alex_chen,to,0
d000011,c_jamie_li,to,0
d000012,c_morgan_zhao,to,0
d000013,c_alex_chen,to,0
d000014,c_jamie_li,to,0
d000015,c_morgan_zhao,to,0
d000016,c_alex_chen,to,0
d000017,c_jamie_li,to,0
d000018,c_morgan_zhao,to,0
d000019,c_alex_chen,to,0
d000020,c_jamie_li,to,0
d000021,c_morgan_zhao,to,0
d000022,c_alex_chen,to,0
d000023,c_jamie_li,to,0
d000024,c_morgan_zhao,to,0
d000025,c_chris,to,0
d000025,c_noah,to,1
d000025,c_elena,to,2
d000025,c_marcus,cc,3
d000025,c_lee,cc,4
d000026,c_chris,to,0
d000026,c_noah,to,1
d000026,c_elena,to,2
d000026,c_marcus,cc,3
d000026,c_pat,cc,4
d000027,c_chris,to,0
d000027,c_noah,to,1
d000027,c_elena,to,2
d000027,c_marcus,cc,3
d000027,c_ren,cc,4
d000028,c_chris,to,0
d000028,c_noah,to,1
d000028,c_elena,to,2
d000028,c_marcus,cc,3
d000028,c_lee,cc,4
d000029,c_chris,to,0
d000029,c_noah,to,1
d000029,c_elena,to,2
d000029,c_marcus,cc,3
d000029,c_pat,cc,4
d000030,c_chris,to,0
d000030,c_noah,to,1
d000030,c_elena,to,2
d000030,c_marcus,cc,3
d000030,c_ren,cc,4
d000031,c_chris,to,0
d000031,c_noah,to,1
d000031,c_elena,to,2
d000031,c_marcus,cc,3
d000031,c_lee,cc,4
d000032,c_chris,to,0
d000032,c_noah,to,1
d000032,c_elena,to,2
d000032,c_marcus,cc,3
d000032,c_pat,cc,4
d000033,c_chris,to,0
d000033,c_noah,to,1
d000033,c_elena,to,2
d000033,c_marcus,cc,3
d000033,c_ren,cc,4
d000034,c_chris,to,0
d000034,c_noah,to,1
d000034,c_elena,to,2
d000034,c_marcus,cc,3
d000034,c_lee,cc,4
d000035,c_chris,to,0
d000035,c_noah,to,1
d000035,c_elena,to,2
d000035,c_marcus,cc,3
d000035,c_pat,cc,4
d000036,c_chris,to,0
d000036,c_noah,to,1
d000036,c_elena,to,2
d000036,c_marcus,cc,3
d000036,c_ren,cc,4
d000037,c_chris,to,0
d000037,c_noah,to,1
d000037,c_elena,to,2
d000037,c_marcus,cc,3
d000037,c_lee,cc,4
d000038,c_chris,to,0
d000038,c_noah,to,1
d000038,c_elena,to,2
d000038,c_marcus,cc,3
d000038,c_pat,cc,4
d000039,c_chris,to,0
d000039,c_noah,to,1
d000039,c_elena,to,2
d000039,c_marcus,cc,3
d000039,c_ren,cc,4
d000040,c_chris,to,0
d000040,c_noah,to,1
d000040,c_elena,to,2
d000040,c_marcus,cc,3
d000040,c_lee,cc,4
d000041,c_chris,to,0
d000041,c_noah,to,1
d000041,c_elena,to,2
d000041,c_marcus,cc,3
d000041,c_pat,cc,4
d000042,c_chris,to,0
d000042,c_noah,to,1
d000042,c_elena,to,2
d000042,c_marcus,cc,3
d000042,c_ren,cc,4
d000043,c_chris,to,0
d000043,c_noah,to,1
d000043,c_elena,to,2
d000043,c_marcus,cc,3
d000043,c_lee,cc,4
d000044,c_chris,to,0
d000044,c_noah,to,1
d000044,c_elena,to,2
d000044,c_marcus,cc,3
d000044,c_pat,cc,4
d000045,c_chris,to,0
d000045,c_noah,to,1
d000045,c_elena,to,2
d000045,c_marcus,cc,3
d000045,c_ren,cc,4
d000046,c_chris,to,0
d000046,c_noah,to,1
d000046,c_elena,to,2
d000046,c_marcus,cc,3
d000046,c_lee,cc,4
d000047,c_chris,to,0
d000047,c_noah,to,1
d000047,c_elena,to,2
d000047,c_marcus,cc,3
d000047,c_pat,cc,4
d000048,c_chris,to,0
d000048,c_noah,to,1
d000048,c_elena,to,2
d000048,c_marcus,cc,3
d000048,c_ren,cc,4
d000049,c_fac_001,to,0
d000050,c_fac_002,to,0
d000051,c_fac_003,to,0
d000052,c_fac_004,to,0
d000053,c_fac_001,to,0
d000054,c_fac_002,to,0
d000055,c_fac_003,to,0
d000056,c_fac_004,to,0
d000057,c_fac_001,to,0
d000058,c_fac_002,to,0
d000059,c_fac_003,to,0
d000060,c_fac_004,to,0
d000061,c_fac_001,to,0
d000062,c_fac_002,to,0
d000063,c_fac_003,to,0
d000064,c_fac_004,to,0
d000065,c_fac_001,to,0
d000066,c_fac_002,to,0
d000067,c_fac_003,to,0
d000068,c_fac_004,to,0
d000069,c_noah,to,0
d000069,c_elena,to,1
d000069,c_taylor,to,2
d000069,c_chris,cc,3
d000069,c_alex_chen,cc,4
d000070,c_noah,to,0
d000070,c_elena,to,1
d000070,c_taylor,to,2
d000070,c_chris,cc,3
d000070,c_jamie_li,cc,4
d000071,c_noah,to,0
d000071,c_elena,to,1
d000071,c_taylor,to,2
d000071,c_chris,cc,3
d000071,c_morgan_zhao,cc,4
d000072,c_noah,to,0
d000072,c_elena,to,1
d000072,c_taylor,to,2
d000072,c_chris,cc,3
d000072,c_alex_chen,cc,4
d000073,c_noah,to,0
d000073,c_elena,to,1
d000073,c_taylor,to,2
d000073,c_chris,cc,3
d000073,c_jamie_li,cc,4
d000074,c_noah,to,0
d000074,c_elena,to,1
d000074,c_taylor,to,2
d000074,c_chris,cc,3
d000074,c_morgan_zhao,cc,4
d000075,c_noah,to,0
d000075,c_elena,to,1
d000075,c_taylor,to,2
d000075,c_chris,cc,3
d000075,c_alex_chen,cc,4
d000076,c_noah,to,0
d000076,c_elena,to,1
d000076,c_taylor,to,2
d000076,c_chris,cc,3
d000076,c_jamie_li,cc,4
d000077,c_noah,to,0
d000077,c_elena,to,1
d000077,c_taylor,to,2
d000077,c_chris,cc,3
d000077,c_morgan_zhao,cc,4
d000078,c_noah,to,0
d000078,c_elena,to,1
d000078,c_taylor,to,2
d000078,c_chris,cc,3
d000078,c_alex_chen,cc,4
d000079,c_noah,to,0
d000079,c_elena,to,1
d000079,c_taylor,to,2
d000079,c_chris,cc,3
d000079,c_lee,bcc,4
d000080,c_noah,to,0
d000080,c_elena,to,1
d000080,c_taylor,to,2
d000080,c_chris,cc,3
d000080,c_pat,bcc,4
d000081,c_noah,to,0
d000081,c_elena,to,1
d000081,c_taylor,to,2
d000081,c_chris,cc,3
d000081,c_ren,bcc,4
d000082,c_noah,to,0
d000082,c_elena,to,1
d000082,c_taylor,to,2
d000082,c_chris,cc,3
d000082,c_lee,bcc,4
d000083,c_noah,to,0
d000083,c_elena,to,1
d000083,c_taylor,to,2
d000083,c_chris,cc,3
d000083,c_pat,bcc,4
d000084,c_noah,to,0
d000084,c_elena,to,1
d000084,c_taylor,to,2
d000084,c_chris,cc,3
d000084,c_ren,bcc,4
d000085,c_noah,to,0
d000085,c_elena,to,1
d000085,c_taylor,to,2
d000085,c_chris,cc,3
d000085,c_lee,bcc,4
d000086,c_noah,to,0
d000086,c_elena,to,1
d000086,c_taylor,to,2
d000086,c_chris,cc,3
d000086,c_pat,bcc,4
d000087,c_noah,to,0
d000087,c_elena,to,1
d000087,c_taylor,to,2
d000087,c_chris,cc,3
d000087,c_alex_chen,cc,4
d000087,c_lee,bcc,5
d000088,c_noah,to,0
d000088,c_elena,to,1
d000088,c_taylor,to,2
d000088,c_chris,cc,3
d000088,c_jamie_li,cc,4
d000088,c_pat,bcc,5
d000089,c_noah,to,0
d000089,c_elena,to,1
d000089,c_taylor,to,2
d000089,c_chris,cc,3
d000089,c_morgan_zhao,cc,4
d000089,c_ren,bcc,5
d000090,c_noah,to,0
d000090,c_elena,to,1
d000090,c_taylor,to,2
d000090,c_chris,cc,3
d000090,c_alex_chen,cc,4
d000090,c_lee,bcc,5
d000091,c_noah,to,0
d000091,c_elena,to,1
d000091,c_taylor,to,2
d000091,c_chris,cc,3
d000091,c_jamie_li,cc,4
d000091,c_pat,bcc,5
d000092,c_noah,to,0
d000092,c_elena,to,1
d000092,c_taylor,to,2
d000092,c_chris,cc,3
d000092,c_morgan_zhao,cc,4
d000092,c_ren,bcc,5
d000093,c_noah,to,0
d000093,c_elena,to,1
d000093,c_taylor,to,2
d000093,c_chris,cc,3
d000093,c_alex_chen,cc,4
d000093,c_lee,bcc,5
d000094,c_noah,to,0
d000094,c_elena,to,1
d000094,c_taylor,to,2
d000094,c_chris,cc,3
d000094,c_jamie_li,cc,4
d000094,c_pat,bcc,5
d000095,c_alex_chen,to,0
d000096,c_jamie_li,to,0
d000097,c_morgan_zhao,to,0
d000098,c_alex_chen,to,0
d000099,c_jamie_li,to,0
d000100,c_morgan_zhao,to,0
d000101,c_new_018,to,0
d000102,c_new_019,to,0
d000103,c_new_020,to,0
d000104,c_new_021,to,0
d000105,c_new_022,to,0
d000106,c_new_023,to,0
d000107,c_new_024,to,0
d000108,c_new_025,to,0
d000109,c_fac_005,to,0
d000110,c_fac_006,to,0
d000111,c_fac_007,to,0
d000112,c_fac_008,to,0
d000113,c_maya,to,0
d000113,c_noah,to,1
d000114,c_maya,to,0
d000114,c_noah,to,1
d000115,c_maya,to,0
d000115,c_noah,to,1
d000116,c_maya,to,0
d000116,c_noah,to,1
d000117,c_noah,to,0
d000118,c_noah,to,0
d000119,c_noah,to,0
d000120,c_noah,to,0
d000121,c_noah,to,0
d000121,c_elena,to,1
d000121,c_taylor,to,2
d000121,c_chris,cc,3
d000122,c_noah,to,0
d000122,c_elena,to,1
d000122,c_taylor,to,2
d000122,c_chris,cc,3
d000123,c_noah,to,0
d000123,c_elena,to,1
d000123,c_taylor,to,2
d000123,c_chris,cc,3
d000124,c_noah,to,0
d000124,c_elena,to,1
d000124,c_taylor,to,2
d000124,c_chris,cc,3
d000125,c_noah,to,0
d000125,c_elena,to,1
d000125,c_taylor,to,2
d000125,c_chris,cc,3
d000126,c_lee,to,0
d000127,c_lee,to,0
d000128,c_lee,to,0
d000129,c_lee,to,0
d000130,c_lee,to,0
d000131,c_noah,to,0
d000131,c_elena,to,1
d000131,c_taylor,to,2
d000131,c_chris,cc,3
d000131,c_lena,bcc,4
d000132,c_noah,to,0
d000132,c_elena,to,1
d000132,c_taylor,to,2
d000132,c_chris,cc,3
d000132,c_lena,bcc,4
d000133,c_noah,to,0
d000133,c_elena,to,1
d000133,c_taylor,to,2
d000133,c_chris,cc,3
d000133,c_lena,bcc,4
d000134,c_noah,to,0
d000134,c_elena,to,1
d000134,c_taylor,to,2
d000134,c_chris,cc,3
d000134,c_lena,bcc,4
d000135,c_noah,to,0
d000135,c_elena,to,1
d000135,c_taylor,to,2
d000135,c_chris,cc,3
d000135,c_lena,bcc,4
d000136,c_noah,to,0
d000136,c_elena,to,1
d000136,c_taylor,to,2
d000136,c_chris,cc,3
d000136,c_lena,bcc,4
d000137,c_noah,to,0
d000137,c_elena,to,1
d000137,c_taylor,to,2
d000137,c_chris,cc,3
d000137,c_lena,bcc,4
d000138,c_noah,to,0
d000138,c_elena,to,1
d000138,c_taylor,to,2
d000138,c_chris,cc,3
d000138,c_lena,bcc,4
d000139,c_noah,to,0
d000139,c_elena,to,1
d000139,c_taylor,to,2
d000139,c_chris,cc,3
d000140,c_priya,to,0
d000140,c_quinn,cc,1
d000141,c_pat,to,0
d000142,c_fac_014,to,0
d000143,c_noah,to,0
d000143,c_elena,to,1
d000143,c_taylor,to,2
d000143,c_chris,cc,3
d000144,c_noah,to,0
d000144,c_taylor,to,1
d000144,c_chris,cc,2
d000145,c_morgan_zhao,to,0
d000146,c_noah,to,0
d000146,c_elena,to,1
d000146,c_taylor,to,2
d000146,c_chris,cc,3
d000147,c_noah,to,0
d000147,c_elena,to,1
d000147,c_taylor,to,2
d000147,c_chris,cc,3
d000148,c_noah,to,0
d000149,c_morgan_shaw,to,0
d000150,c_fac_001,to,0
d000151,c_noah,to,0
d000151,c_elena,to,1
d000151,c_taylor,to,2
d000151,c_chris,cc,3
d000152,c_noah,to,0
d000152,c_elena,to,1
d000152,c_taylor,to,2
d000152,c_chris,cc,3
d000152,c_lena,bcc,4
d000153,c_quinn,to,0
d000154,c_morgan_zhao,to,0
d000155,c_noah,to,0
d000155,c_elena,to,1
d000155,c_taylor,to,2
d000155,c_chris,cc,3
d000156,c_noah,to,0
d000156,c_elena,to,1
d000156,c_taylor,to,2
d000156,c_chris,cc,3
d000157,c_maya,to,0
d000158,c_morgan_shaw,to,0
d000159,c_ren,to,0
d000160,c_noah,to,0
d000160,c_elena,to,1
d000160,c_taylor,to,2
d000160,c_chris,cc,3
d000161,c_priya,to,0
d000161,c_quinn,cc,1
d000162,c_alex_chan,to,0
d000163,c_lee,to,0
d000164,c_fac_004,to,0
d000165,c_noah,to,0
d000165,c_elena,to,1
d000165,c_taylor,to,2
d000165,c_chris,cc,3
d000166,c_chris,to,0
d000166,c_noah,to,1
d000166,c_elena,to,2
d000166,c_marcus,cc,3
d000167,c_alex_chen,to,0
d000168,c_fac_005,to,0
d000169,c_noah,to,0
d000169,c_elena,to,1
d000169,c_taylor,to,2
d000169,c_chris,cc,3
d000170,c_elena,to,0
d000170,c_taylor,to,1
d000170,c_lena,to,2
d000171,c_jamie_lee,to,0
d000172,c_pat,to,0
d000173,c_fac_016,to,0
d000174,c_noah,to,0
d000174,c_elena,to,1
d000174,c_taylor,to,2
d000174,c_chris,cc,3
d000175,c_noah,to,0
d000175,c_taylor,to,1
d000175,c_chris,cc,2
d000176,c_jamie_li,to,0
d000177,c_fac_017,to,0
d000178,c_noah,to,0
d000178,c_elena,to,1
d000178,c_taylor,to,2
d000178,c_chris,cc,3
d000179,c_avery,to,0
d000179,c_devon,to,1
d000180,c_morgan_shaw,to,0
d000181,c_ren,to,0
d000182,c_noah,to,0
d000182,c_elena,to,1
d000182,c_taylor,to,2
d000182,c_chris,cc,3
d000183,c_noah,to,0
d000183,c_elena,to,1
d000183,c_taylor,to,2
d000183,c_chris,cc,3
d000184,c_alex_chan,to,0
d000185,c_lee,to,0
d000186,c_fac_004,to,0
d000187,c_noah,to,0
d000187,c_elena,to,1
d000187,c_taylor,to,2
d000187,c_chris,cc,3
d000188,c_noah,to,0
d000188,c_elena,to,1
d000188,c_taylor,to,2
d000188,c_chris,cc,3
d000188,c_lena,bcc,4
d000189,c_alex_chen,to,0
d000190,c_fac_005,to,0
d000191,c_noah,to,0
d000191,c_elena,to,1
d000191,c_taylor,to,2
d000191,c_chris,cc,3
d000192,c_priya,to,0
d000192,c_quinn,cc,1
d000193,c_alex_chan,to,0
d000194,c_lee,to,0
d000195,c_fac_011,to,0
d000196,c_noah,to,0
d000196,c_elena,to,1
d000196,c_taylor,to,2
d000196,c_chris,cc,3
d000197,c_chris,to,0
d000197,c_noah,to,1
d000197,c_elena,to,2
d000197,c_marcus,cc,3
d000198,c_alex_chen,to,0
d000199,c_fac_002,to,0
d000200,c_noah,to,0
d000200,c_elena,to,1
d000200,c_taylor,to,2
d000200,c_chris,cc,3
d000201,c_priya,to,0
d000201,c_quinn,cc,1
d000202,c_alex_chan,to,0
d000203,c_lee,to,0
d000204,c_fac_003,to,0
d000205,c_noah,to,0
d000205,c_elena,to,1
d000205,c_taylor,to,2
d000205,c_chris,cc,3
d000206,c_elena,to,0
d000206,c_taylor,to,1
d000206,c_lena,to,2
d000207,c_morgan_shaw,to,0
d000208,c_ren,to,0
d000209,c_noah,to,0
d000209,c_elena,to,1
d000209,c_taylor,to,2
d000209,c_chris,cc,3
d000210,c_noah,to,0
d000210,c_elena,to,1
d000210,c_taylor,to,2
d000210,c_chris,cc,3
d000211,c_avery,to,0
d000211,c_devon,to,1
d000212,c_morgan_zhao,to,0
d000213,c_noah,to,0
d000213,c_elena,to,1
d000213,c_taylor,to,2
d000213,c_chris,cc,3
d000214,c_noah,to,0
d000214,c_elena,to,1
d000214,c_taylor,to,2
d000214,c_chris,cc,3
d000215,c_noah,to,0
d000216,c_lee,to,0
d000217,c_fac_001,to,0
d000218,c_noah,to,0
d000218,c_elena,to,1
d000218,c_taylor,to,2
d000218,c_chris,cc,3
d000219,c_noah,to,0
d000219,c_elena,to,1
d000219,c_taylor,to,2
d000219,c_chris,cc,3
d000219,c_lena,bcc,4
d000220,c_quinn,to,0
d000221,c_morgan_zhao,to,0
d000222,c_noah,to,0
d000222,c_elena,to,1
d000222,c_taylor,to,2
d000222,c_chris,cc,3
d000223,c_noah,to,0
d000223,c_elena,to,1
d000223,c_taylor,to,2
d000223,c_chris,cc,3
d000224,c_hana,to,0
d000225,c_morgan_shaw,to,0
d000226,c_fac_003,to,0
d000227,c_noah,to,0
d000227,c_elena,to,1
d000227,c_taylor,to,2
d000227,c_chris,cc,3
d000228,c_priya,to,0
d000228,c_quinn,cc,1
d000229,c_jamie_lee,to,0
d000230,c_pat,to,0
d000231,c_fac_014,to,0
d000232,c_noah,to,0
d000232,c_elena,to,1
d000232,c_taylor,to,2
d000232,c_chris,cc,3
d000233,c_chris,to,0
d000233,c_noah,to,1
d000233,c_elena,to,2
d000233,c_marcus,cc,3
d000234,c_jamie_li,to,0
d000235,c_fac_010,to,0
d000236,c_noah,to,0
d000236,c_elena,to,1
d000236,c_taylor,to,2
d000236,c_chris,cc,3
d000237,c_noah,to,0
d000238,c_morgan_shaw,to,0
d000239,c_ren,to,0
d000240,c_noah,to,0
d000240,c_elena,to,1
d000240,c_taylor,to,2
d000240,c_chris,cc,3
d000241,c_noah,to,0
d000241,c_elena,to,1
d000241,c_taylor,to,2
d000241,c_chris,cc,3
d000242,c_marcus,to,0
d000243,c_morgan_zhao,to,0
d000244,c_noah,to,0
d000244,c_elena,to,1
d000244,c_taylor,to,2
d000244,c_chris,cc,3
d000245,c_noah,to,0
d000245,c_elena,to,1
d000245,c_taylor,to,2
d000245,c_chris,cc,3
d000246,c_hana,to,0
d000247,c_pat,to,0
d000248,c_fac_013,to,0
d000249,c_noah,to,0
d000249,c_elena,to,1
d000249,c_taylor,to,2
d000249,c_chris,cc,3
d000250,c_elena,to,0
d000250,c_taylor,to,1
d000250,c_lena,to,2
d000251,c_morgan_shaw,to,0
d000252,c_ren,to,0
d000253,c_noah,to,0
d000253,c_elena,to,1
d000253,c_taylor,to,2
d000253,c_chris,cc,3
d000254,c_noah,to,0
d000254,c_elena,to,1
d000254,c_taylor,to,2
d000254,c_chris,cc,3
d000255,c_noah,to,0
d000255,c_taylor,to,1
d000255,c_chris,cc,2
d000256,c_morgan_zhao,to,0
d000257,c_noah,to,0
d000257,c_elena,to,1
d000257,c_taylor,to,2
d000257,c_chris,cc,3
d000258,c_noah,to,0
d000258,c_elena,to,1
d000258,c_taylor,to,2
d000258,c_chris,cc,3
d000259,c_noah,to,0
d000260,c_morgan_shaw,to,0
d000261,c_fac_001,to,0
d000262,c_noah,to,0
d000262,c_elena,to,1
d000262,c_taylor,to,2
d000262,c_chris,cc,3
d000263,c_noah,to,0
d000263,c_elena,to,1
d000263,c_taylor,to,2
d000263,c_chris,cc,3
d000263,c_lena,bcc,4
d000264,c_quinn,to,0
d000265,c_morgan_zhao,to,0
d000266,c_noah,to,0
d000266,c_elena,to,1
d000266,c_taylor,to,2
d000266,c_chris,cc,3
d000267,c_noah,to,0
d000267,c_elena,to,1
d000267,c_taylor,to,2
d000267,c_chris,cc,3
d000268,c_hana,to,0
d000269,c_morgan_shaw,to,0
d000270,c_ren,to,0
d000271,c_noah,to,0
d000271,c_elena,to,1
d000271,c_taylor,to,2
d000271,c_chris,cc,3
d000272,c_elena,to,0
d000272,c_taylor,to,1
d000272,c_lena,to,2
d000273,c_jamie_lee,to,0
d000274,c_pat,to,0
d000275,c_fac_014,to,0
d000276,c_noah,to,0
d000276,c_elena,to,1
d000276,c_taylor,to,2
d000276,c_chris,cc,3
d000277,c_noah,to,0
d000277,c_taylor,to,1
d000277,c_chris,cc,2
d000278,c_jamie_li,to,0
d000279,c_fac_015,to,0
d000280,c_noah,to,0
d000280,c_elena,to,1
d000280,c_taylor,to,2
d000280,c_chris,cc,3
d000281,c_noah,to,0
d000282,c_morgan_shaw,to,0
d000283,c_ren,to,0
d000284,c_noah,to,0
d000284,c_elena,to,1
d000284,c_taylor,to,2
d000284,c_chris,cc,3
d000285,c_noah,to,0
d000285,c_elena,to,1
d000285,c_taylor,to,2
d000285,c_chris,cc,3
d000286,c_noah,to,0
d000286,c_taylor,to,1
d000286,c_chris,cc,2
d000287,c_morgan_zhao,to,0
d000288,c_noah,to,0
d000288,c_elena,to,1
d000288,c_taylor,to,2
d000288,c_chris,cc,3
d000289,c_noah,to,0
d000289,c_elena,to,1
d000289,c_taylor,to,2
d000289,c_chris,cc,3
d000290,c_avery,to,0
d000290,c_devon,to,1
d000291,c_jamie_lee,to,0
d000292,c_ren,to,0
d000293,c_noah,to,0
d000293,c_elena,to,1
d000293,c_taylor,to,2
d000293,c_chris,cc,3
d000294,c_noah,to,0
d000294,c_elena,to,1
d000294,c_taylor,to,2
d000294,c_chris,cc,3
d000295,c_alex_chan,to,0
d000296,c_lee,to,0
d000297,c_fac_004,to,0
d000298,c_noah,to,0
d000298,c_elena,to,1
d000298,c_taylor,to,2
d000298,c_chris,cc,3
d000299,c_noah,to,0
d000299,c_elena,to,1
d000299,c_taylor,to,2
d000299,c_chris,cc,3
d000299,c_lena,bcc,4
d000300,c_alex_chen,to,0
d000301,c_hana,to,0
d000302,c_noah,to,0
d000302,c_elena,to,1
d000302,c_taylor,to,2
d000302,c_chris,cc,3
d000303,c_elena,to,0
d000303,c_taylor,to,1
d000303,c_lena,to,2
d000304,c_jamie_lee,to,0
d000305,c_pat,to,0
d000306,c_fac_011,to,0
d000307,c_noah,to,0
d000307,c_elena,to,1
d000307,c_taylor,to,2
d000307,c_chris,cc,3
d000308,c_chris,to,0
d000308,c_noah,to,1
d000308,c_elena,to,2
d000308,c_marcus,cc,3
d000309,c_alex_chen,to,0
d000310,c_fac_007,to,0
d000311,c_noah,to,0
d000311,c_elena,to,1
d000311,c_taylor,to,2
d000311,c_chris,cc,3
d000312,c_avery,to,0
d000312,c_devon,to,1
d000313,c_jamie_lee,to,0
d000314,c_ren,to,0
d000315,c_noah,to,0
d000315,c_elena,to,1
d000315,c_taylor,to,2
d000315,c_chris,cc,3
d000316,c_noah,to,0
d000316,c_elena,to,1
d000316,c_taylor,to,2
d000316,c_chris,cc,3
d000317,c_alex_chan,to,0
d000318,c_lee,to,0
d000319,c_fac_004,to,0
d000320,c_noah,to,0
d000320,c_elena,to,1
d000320,c_taylor,to,2
d000320,c_chris,cc,3
d000321,c_noah,to,0
d000321,c_elena,to,1
d000321,c_taylor,to,2
d000321,c_chris,cc,3
d000321,c_lena,bcc,4
d000322,c_jamie_li,to,0
d000323,c_fac_010,to,0
d000324,c_noah,to,0
d000324,c_elena,to,1
d000324,c_taylor,to,2
d000324,c_chris,cc,3
d000325,c_elena,to,0
d000325,c_taylor,to,1
d000325,c_lena,to,2
d000326,c_jamie_lee,to,0
d000327,c_pat,to,0
d000328,c_fac_016,to,0
d000329,c_noah,to,0
d000329,c_elena,to,1
d000329,c_taylor,to,2
d000329,c_chris,cc,3
d000330,c_chris,to,0
d000330,c_noah,to,1
d000330,c_elena,to,2
d000330,c_marcus,cc,3
d000331,c_alex_chen,to,0
d000332,c_fac_012,to,0
d000333,c_noah,to,0
d000333,c_elena,to,1
d000333,c_taylor,to,2
d000333,c_chris,cc,3
d000334,c_elena,to,0
d000334,c_taylor,to,1
d000334,c_lena,to,2
d000335,c_alex_chan,to,0
d000336,c_lee,to,0
d000337,c_fac_013,to,0
d000338,c_noah,to,0
d000338,c_elena,to,1
d000338,c_taylor,to,2
d000338,c_chris,cc,3
d000339,c_marcus,to,0
d000340,c_morgan_shaw,to,0
d000341,c_ren,to,0
d000342,c_noah,to,0
d000342,c_elena,to,1
d000342,c_taylor,to,2
d000342,c_chris,cc,3
d000343,c_noah,to,0
d000343,c_elena,to,1
d000343,c_taylor,to,2
d000343,c_chris,cc,3
d000343,c_lena,bcc,4
d000344,c_avery,to,0
d000344,c_devon,to,1
d000345,c_morgan_zhao,to,0
d000346,c_noah,to,0
d000346,c_elena,to,1
d000346,c_taylor,to,2
d000346,c_chris,cc,3
d000347,c_priya,to,0
d000347,c_quinn,cc,1
d000348,c_alex_chan,to,0
d000349,c_lee,to,0
d000350,c_fac_001,to,0
d000351,c_noah,to,0
d000351,c_elena,to,1
d000351,c_taylor,to,2
d000351,c_chris,cc,3
d000352,c_chris,to,0
d000352,c_noah,to,1
d000352,c_elena,to,2
d000352,c_marcus,cc,3
d000353,c_alex_chen,to,0
d000354,c_fac_007,to,0
d000355,c_noah,to,0
d000355,c_elena,to,1
d000355,c_taylor,to,2
d000355,c_chris,cc,3
d000356,c_elena,to,0
d000356,c_taylor,to,1
d000356,c_lena,to,2
d000357,c_jamie_lee,to,0
d000358,c_ren,to,0
d000359,c_noah,to,0
d000359,c_elena,to,1
d000359,c_taylor,to,2
d000359,c_chris,cc,3
d000360,c_priya,to,0
d000360,c_quinn,cc,1
d000361,c_alex_chan,to,0
d000362,c_lee,to,0
d000363,c_fac_009,to,0
d000364,c_noah,to,0
d000364,c_elena,to,1
d000364,c_taylor,to,2
d000364,c_chris,cc,3
d000365,c_chris,to,0
d000365,c_noah,to,1
d000365,c_elena,to,2
d000365,c_marcus,cc,3
d000366,c_alex_chen,to,0
d000367,c_fac_005,to,0
d000368,c_noah,to,0
d000368,c_elena,to,1
d000368,c_taylor,to,2
d000368,c_chris,cc,3
d000369,c_elena,to,0
d000369,c_taylor,to,1
d000369,c_lena,to,2
d000370,c_jamie_lee,to,0
d000371,c_pat,to,0
d000372,c_fac_016,to,0
d000373,c_noah,to,0
d000373,c_elena,to,1
d000373,c_taylor,to,2
d000373,c_chris,cc,3
d000374,c_noah,to,0
d000374,c_taylor,to,1
d000374,c_chris,cc,2
d000375,c_jamie_li,to,0
d000376,c_fac_012,to,0
d000377,c_noah,to,0
d000377,c_elena,to,1
d000377,c_taylor,to,2
d000377,c_chris,cc,3
d000378,c_elena,to,0
d000378,c_taylor,to,1
d000378,c_lena,to,2
d000379,c_jamie_lee,to,0
d000380,c_pat,to,0
d000381,c_fac_013,to,0
d000382,c_noah,to,0
d000382,c_elena,to,1
d000382,c_taylor,to,2
d000382,c_chris,cc,3
d000383,c_marcus,to,0
d000384,c_morgan_shaw,to,0
d000385,c_ren,to,0
d000386,c_noah,to,0
d000386,c_elena,to,1
d000386,c_taylor,to,2
d000386,c_chris,cc,3
d000387,c_noah,to,0
d000387,c_elena,to,1
d000387,c_taylor,to,2
d000387,c_chris,cc,3
d000388,c_alex_chen,to,0
d000389,c_hana,to,0
d000390,c_noah,to,0
d000390,c_elena,to,1
d000390,c_taylor,to,2
d000390,c_chris,cc,3
d000391,c_priya,to,0
d000391,c_quinn,cc,1
d000392,c_alex_chan,to,0
d000393,c_lee,to,0
d000394,c_fac_006,to,0
d000395,c_noah,to,0
d000395,c_elena,to,1
d000395,c_taylor,to,2
d000395,c_chris,cc,3
d000396,c_noah,to,0
d000396,c_elena,to,1
d000396,c_taylor,to,2
d000396,c_chris,cc,3
d000396,c_lena,bcc,4
d000397,c_marcus,to,0
d000398,c_fac_002,to,0
d000399,c_noah,to,0
d000399,c_elena,to,1
d000399,c_taylor,to,2
d000399,c_chris,cc,3
d000400,c_priya,to,0
d000400,c_quinn,cc,1
d000401,c_alex_chan,to,0
d000402,c_lee,to,0
d000403,c_fac_008,to,0
d000404,c_noah,to,0
d000404,c_elena,to,1
d000404,c_taylor,to,2
d000404,c_chris,cc,3
d000405,c_elena,to,0
d000405,c_taylor,to,1
d000405,c_lena,to,2
d000406,c_morgan_shaw,to,0
d000407,c_ren,to,0
d000408,c_noah,to,0
d000408,c_elena,to,1
d000408,c_taylor,to,2
d000408,c_chris,cc,3
d000409,c_noah,to,0
d000409,c_elena,to,1
d000409,c_taylor,to,2
d000409,c_chris,cc,3
d000410,c_noah,to,0
d000410,c_taylor,to,1
d000410,c_chris,cc,2
d000411,c_morgan_zhao,to,0
d000412,c_noah,to,0
d000412,c_elena,to,1
d000412,c_taylor,to,2
d000412,c_chris,cc,3
d000413,c_noah,to,0
d000413,c_elena,to,1
d000413,c_taylor,to,2
d000413,c_chris,cc,3
d000414,c_noah,to,0
d000415,c_morgan_shaw,to,0
d000416,c_ren,to,0
d000417,c_noah,to,0
d000417,c_elena,to,1
d000417,c_taylor,to,2
d000417,c_chris,cc,3
d000418,c_noah,to,0
d000418,c_elena,to,1
d000418,c_taylor,to,2
d000418,c_chris,cc,3
d000418,c_lena,bcc,4
d000419,c_quinn,to,0
d000420,c_morgan_zhao,to,0
d000421,c_noah,to,0
d000421,c_elena,to,1
d000421,c_taylor,to,2
d000421,c_chris,cc,3
d000422,c_noah,to,0
d000422,c_elena,to,1
d000422,c_taylor,to,2
d000422,c_chris,cc,3
d000423,c_maya,to,0
d000424,c_morgan_shaw,to,0
d000425,c_ren,to,0
d000426,c_noah,to,0
d000426,c_elena,to,1
d000426,c_taylor,to,2
d000426,c_chris,cc,3
d000427,c_noah,to,0
d000427,c_elena,to,1
d000427,c_taylor,to,2
d000427,c_chris,cc,3
d000428,c_alex_chan,to,0
d000429,c_lee,to,0
d000430,c_fac_004,to,0
d000431,c_noah,to,0
d000431,c_elena,to,1
d000431,c_taylor,to,2
d000431,c_chris,cc,3
d000432,c_noah,to,0
d000432,c_elena,to,1
d000432,c_taylor,to,2
d000432,c_chris,cc,3
d000432,c_lena,bcc,4
d000433,c_alex_chen,to,0
d000434,c_fac_010,to,0
d000435,c_noah,to,0
d000435,c_elena,to,1
d000435,c_taylor,to,2
d000435,c_chris,cc,3
d000436,c_noah,to,0
d000437,c_morgan_shaw,to,0
d000438,c_ren,to,0
d000439,c_noah,to,0
d000439,c_elena,to,1
d000439,c_taylor,to,2
d000439,c_chris,cc,3
d000440,c_noah,to,0
d000440,c_elena,to,1
d000440,c_taylor,to,2
d000440,c_chris,cc,3
d000441,c_noah,to,0
d000441,c_taylor,to,1
d000441,c_chris,cc,2
d000442,c_jamie_li,to,0
d000443,c_fac_017,to,0
d000444,c_noah,to,0
d000444,c_elena,to,1
d000444,c_taylor,to,2
d000444,c_chris,cc,3
d000445,c_avery,to,0
d000445,c_devon,to,1
d000446,c_jamie_lee,to,0
d000447,c_pat,to,0
d000448,c_noah,to,0
d000448,c_elena,to,1
d000448,c_taylor,to,2
d000448,c_chris,cc,3
d000449,c_noah,to,0
d000449,c_elena,to,1
d000449,c_taylor,to,2
d000449,c_chris,cc,3
d000450,c_alex_chan,to,0
d000451,c_lee,to,0
d000452,c_sam,to,0
d000453,c_noah,to,0
d000453,c_elena,to,1
d000453,c_taylor,to,2
d000453,c_chris,cc,3
d000454,c_noah,to,0
d000454,c_elena,to,1
d000454,c_taylor,to,2
d000454,c_chris,cc,3
d000454,c_lena,bcc,4
d000455,c_alex_chen,to,0
d000456,c_hana,to,0
d000457,c_noah,to,0
d000457,c_elena,to,1
d000457,c_taylor,to,2
d000457,c_chris,cc,3
d000458,c_priya,to,0
d000458,c_quinn,cc,1
d000459,c_jamie_lee,to,0
d000460,c_ren,to,0
d000461,c_noah,to,0
d000461,c_elena,to,1
d000461,c_taylor,to,2
d000461,c_chris,cc,3
d000462,c_noah,to,0
d000462,c_elena,to,1
d000462,c_taylor,to,2
d000462,c_chris,cc,3
d000463,c_quinn,to,0
d000464,c_morgan_zhao,to,0
d000465,c_noah,to,0
d000465,c_elena,to,1
d000465,c_taylor,to,2
d000465,c_chris,cc,3
d000466,c_noah,to,0
d000466,c_elena,to,1
d000466,c_taylor,to,2
d000466,c_chris,cc,3
d000467,c_maya,to,0
d000468,c_morgan_shaw,to,0
d000469,c_ren,to,0
d000470,c_noah,to,0
d000470,c_elena,to,1
d000470,c_taylor,to,2
d000470,c_chris,cc,3
d000471,c_priya,to,0
d000471,c_quinn,cc,1
d000472,c_jamie_lee,to,0
d000473,c_pat,to,0
d000474,c_fac_014,to,0
d000475,c_noah,to,0
d000475,c_elena,to,1
d000475,c_taylor,to,2
d000475,c_chris,cc,3
d000476,c_chris,to,0
d000476,c_noah,to,1
d000476,c_elena,to,2
d000476,c_marcus,cc,3
d000477,c_jamie_li,to,0
d000478,c_fac_010,to,0
d000479,c_noah,to,0
d000479,c_elena,to,1
d000479,c_taylor,to,2
d000479,c_chris,cc,3
d000480,c_noah,to,0
d000481,c_morgan_shaw,to,0
d000482,c_ren,to,0
d000483,c_noah,to,0
d000483,c_elena,to,1
d000483,c_taylor,to,2
d000483,c_chris,cc,3
d000484,c_noah,to,0
d000484,c_elena,to,1
d000484,c_taylor,to,2
d000484,c_chris,cc,3
d000484,c_lena,bcc,4
d000485,c_marcus,to,0
d000486,c_morgan_zhao,to,0
d000487,c_noah,to,0
d000487,c_elena,to,1
d000487,c_taylor,to,2
d000487,c_chris,cc,3
d000488,c_noah,to,0
d000488,c_elena,to,1
d000488,c_taylor,to,2
d000488,c_chris,cc,3
d000489,c_hana,to,0
d000490,c_morgan_shaw,to,0
d000491,c_ren,to,0
d000492,c_noah,to,0
d000492,c_elena,to,1
d000492,c_taylor,to,2
d000492,c_chris,cc,3
d000493,c_priya,to,0
d000493,c_quinn,cc,1
d000494,c_jamie_lee,to,0
d000495,c_pat,to,0
d000496,c_fac_009,to,0
d000497,c_noah,to,0
d000497,c_elena,to,1
d000497,c_taylor,to,2
d000497,c_chris,cc,3
d000498,c_chris,to,0
d000498,c_noah,to,1
d000498,c_elena,to,2
d000498,c_marcus,cc,3
d000499,c_jamie_li,to,0
d000500,c_fac_015,to,0
d000501,c_noah,to,0
d000501,c_elena,to,1
d000501,c_taylor,to,2
d000501,c_chris,cc,3
d000502,c_noah,to,0
d000503,c_morgan_shaw,to,0
d000504,c_ren,to,0
d000505,c_noah,to,0
d000505,c_elena,to,1
d000505,c_taylor,to,2
d000505,c_chris,cc,3
d000506,c_noah,to,0
d000506,c_elena,to,1
d000506,c_taylor,to,2
d000506,c_chris,cc,3
d000507,c_noah,to,0
d000507,c_taylor,to,1
d000507,c_chris,cc,2
d000508,c_jamie_li,to,0
d000509,c_fac_017,to,0
d000510,c_noah,to,0
d000510,c_elena,to,1
d000510,c_taylor,to,2
d000510,c_chris,cc,3
d000511,c_avery,to,0
d000511,c_devon,to,1
d000512,c_jamie_lee,to,0
d000513,c_pat,to,0
d000514,c_noah,to,0
d000514,c_elena,to,1
d000514,c_taylor,to,2
d000514,c_chris,cc,3
d000515,c_noah,to,0
d000515,c_elena,to,1
d000515,c_taylor,to,2
d000515,c_chris,cc,3
d000516,c_alex_chan,to,0
d000517,c_lee,to,0
d000518,c_sam,to,0
d000519,c_noah,to,0
d000519,c_elena,to,1
d000519,c_taylor,to,2
d000519,c_chris,cc,3
d000520,c_noah,to,0
d000520,c_elena,to,1
d000520,c_taylor,to,2
d000520,c_chris,cc,3
d000520,c_lena,bcc,4
d000521,c_alex_chen,to,0
d000522,c_hana,to,0
d000523,c_noah,to,0
d000523,c_elena,to,1
d000523,c_taylor,to,2
d000523,c_chris,cc,3
d000524,c_priya,to,0
d000524,c_quinn,cc,1
d000525,c_jamie_lee,to,0
d000526,c_pat,to,0
d000527,c_fac_011,to,0
d000528,c_noah,to,0
d000528,c_elena,to,1
d000528,c_taylor,to,2
d000528,c_chris,cc,3
d000529,c_chris,to,0
d000529,c_noah,to,1
d000529,c_elena,to,2
d000529,c_marcus,cc,3
d000530,c_jamie_li,to,0
d000531,c_fac_012,to,0
d000532,c_noah,to,0
d000532,c_elena,to,1
d000532,c_taylor,to,2
d000532,c_chris,cc,3
d000533,c_elena,to,0
d000533,c_taylor,to,1
d000533,c_lena,to,2
d000534,c_alex_chan,to,0
d000535,c_pat,to,0
d000536,c_fac_013,to,0
d000537,c_noah,to,0
d000537,c_elena,to,1
d000537,c_taylor,to,2
d000537,c_chris,cc,3
d000538,c_marcus,to,0
d000539,c_morgan_shaw,to,0
d000540,c_sam,to,0
d000541,c_noah,to,0
d000541,c_elena,to,1
d000541,c_taylor,to,2
d000541,c_chris,cc,3
d000542,c_noah,to,0
d000542,c_elena,to,1
d000542,c_taylor,to,2
d000542,c_chris,cc,3
d000542,c_lena,bcc,4
d000543,c_avery,to,0
d000543,c_devon,to,1
d000544,c_morgan_zhao,to,0
d000545,c_noah,to,0
d000545,c_elena,to,1
d000545,c_taylor,to,2
d000545,c_chris,cc,3
d000546,c_priya,to,0
d000546,c_quinn,cc,1
d000547,c_alex_chan,to,0
d000548,c_lee,to,0
d000549,c_fac_001,to,0
d000550,c_noah,to,0
d000550,c_elena,to,1
d000550,c_taylor,to,2
d000550,c_chris,cc,3
d000551,c_noah,to,0
d000551,c_elena,to,1
d000551,c_taylor,to,2
d000551,c_chris,cc,3
d000551,c_lena,bcc,4
d000552,c_marcus,to,0
d000553,c_morgan_zhao,to,0
d000554,c_noah,to,0
d000554,c_elena,to,1
d000554,c_taylor,to,2
d000554,c_chris,cc,3
d000555,c_priya,to,0
d000555,c_quinn,cc,1
d000556,c_hana,to,0
d000557,c_morgan_shaw,to,0
d000558,c_ren,to,0
d000559,c_noah,to,0
d000559,c_elena,to,1
d000559,c_taylor,to,2
d000559,c_chris,cc,3
d000560,c_priya,to,0
d000560,c_quinn,cc,1
d000561,c_jamie_lee,to,0
d000562,c_pat,to,0
d000563,c_fac_009,to,0
d000564,c_noah,to,0
d000564,c_elena,to,1
d000564,c_taylor,to,2
d000564,c_chris,cc,3
d000565,c_chris,to,0
d000565,c_noah,to,1
d000565,c_elena,to,2
d000565,c_marcus,cc,3
d000566,c_jamie_li,to,0
d000567,c_fac_010,to,0
d000568,c_noah,to,0
d000568,c_elena,to,1
d000568,c_taylor,to,2
d000568,c_chris,cc,3
d000569,c_noah,to,0
d000570,c_pat,to,0
d000571,c_fac_011,to,0
d000572,c_noah,to,0
d000572,c_elena,to,1
d000572,c_taylor,to,2
d000572,c_chris,cc,3
d000573,c_noah,to,0
d000573,c_taylor,to,1
d000573,c_chris,cc,2
d000574,c_jamie_li,to,0
d000575,c_fac_012,to,0
d000576,c_noah,to,0
d000576,c_elena,to,1
d000576,c_taylor,to,2
d000576,c_chris,cc,3
d000577,c_elena,to,0
d000577,c_taylor,to,1
d000577,c_lena,to,2
d000578,c_morgan_shaw,to,0
d000579,c_ren,to,0
d000580,c_noah,to,0
d000580,c_elena,to,1
d000580,c_taylor,to,2
d000580,c_chris,cc,3
d000581,c_priya,to,0
d000581,c_quinn,cc,1
d000582,c_jamie_lee,to,0
d000583,c_pat,to,0
d000584,c_fac_009,to,0
d000585,c_noah,to,0
d000585,c_elena,to,1
d000585,c_taylor,to,2
d000585,c_chris,cc,3
d000586,c_chris,to,0
d000586,c_noah,to,1
d000586,c_elena,to,2
d000586,c_marcus,cc,3
d000587,c_jamie_li,to,0
d000588,c_fac_010,to,0
d000589,c_noah,to,0
d000589,c_elena,to,1
d000589,c_taylor,to,2
d000589,c_chris,cc,3
d000590,c_elena,to,0
d000590,c_taylor,to,1
d000590,c_lena,to,2
d000591,c_jamie_lee,to,0
d000592,c_pat,to,0
d000593,c_fac_016,to,0
d000594,c_noah,to,0
d000594,c_elena,to,1
d000594,c_taylor,to,2
d000594,c_chris,cc,3
d000595,c_chris,to,0
d000595,c_noah,to,1
d000595,c_elena,to,2
d000595,c_marcus,cc,3
d000596,c_jamie_li,to,0
d000597,c_fac_012,to,0
d000598,c_noah,to,0
d000598,c_elena,to,1
d000598,c_taylor,to,2
d000598,c_chris,cc,3
d000599,c_elena,to,0
d000599,c_taylor,to,1
d000599,c_lena,to,2
d000600,c_alex_chan,to,0
d000601,c_pat,to,0
d000602,c_fac_013,to,0
d000603,c_noah,to,0
d000603,c_elena,to,1
d000603,c_taylor,to,2
d000603,c_chris,cc,3
d000604,c_marcus,to,0
d000605,c_morgan_shaw,to,0
d000606,c_sam,to,0
d000607,c_noah,to,0
d000607,c_elena,to,1
d000607,c_taylor,to,2
d000607,c_chris,cc,3
d000608,c_noah,to,0
d000608,c_elena,to,1
d000608,c_taylor,to,2
d000608,c_chris,cc,3
d000608,c_lena,bcc,4
d000609,c_alex_chen,to,0
d000610,c_hana,to,0
d000611,c_noah,to,0
d000611,c_elena,to,1
d000611,c_taylor,to,2
d000611,c_chris,cc,3
d000612,c_elena,to,0
d000612,c_taylor,to,1
d000612,c_lena,to,2
d000613,c_jamie_lee,to,0
d000614,c_pat,to,0
d000615,c_fac_011,to,0
d000616,c_noah,to,0
d000616,c_elena,to,1
d000616,c_taylor,to,2
d000616,c_chris,cc,3
d000617,c_chris,to,0
d000617,c_noah,to,1
d000617,c_elena,to,2
d000617,c_marcus,cc,3
d000618,c_alex_chen,to,0
d000619,c_fac_007,to,0
d000620,c_noah,to,0
d000620,c_elena,to,1
d000620,c_taylor,to,2
d000620,c_chris,cc,3
d000621,c_elena,to,0
d000621,c_taylor,to,1
d000621,c_lena,to,2
d000622,c_alex_chan,to,0
d000623,c_lee,to,0
d000624,c_fac_008,to,0
d000625,c_noah,to,0
d000625,c_elena,to,1
d000625,c_taylor,to,2
d000625,c_chris,cc,3
d000626,c_elena,to,0
d000626,c_taylor,to,1
d000626,c_lena,to,2
d000627,c_morgan_shaw,to,0
d000628,c_ren,to,0
d000629,c_noah,to,0
d000629,c_elena,to,1
d000629,c_taylor,to,2
d000629,c_chris,cc,3
d000630,c_noah,to,0
d000630,c_elena,to,1
d000630,c_taylor,to,2
d000630,c_chris,cc,3
d000631,c_noah,to,0
d000631,c_taylor,to,1
d000631,c_chris,cc,2
d000632,c_morgan_zhao,to,0
d000633,c_noah,to,0
d000633,c_elena,to,1
d000633,c_taylor,to,2
d000633,c_chris,cc,3
d000634,c_noah,to,0
d000634,c_elena,to,1
d000634,c_taylor,to,2
d000634,c_chris,cc,3
d000635,c_noah,to,0
d000636,c_lee,to,0
d000637,c_fac_001,to,0
d000638,c_noah,to,0
d000638,c_elena,to,1
d000638,c_taylor,to,2
d000638,c_chris,cc,3
d000639,c_noah,to,0
d000639,c_elena,to,1
d000639,c_taylor,to,2
d000639,c_chris,cc,3
d000639,c_lena,bcc,4
d000640,c_marcus,to,0
d000641,c_fac_002,to,0
d000642,c_noah,to,0
d000642,c_elena,to,1
d000642,c_taylor,to,2
d000642,c_chris,cc,3
d000643,c_priya,to,0
d000643,c_quinn,cc,1
d000644,c_hana,to,0
d000645,c_morgan_shaw,to,0
d000646,c_ren,to,0
d000647,c_noah,to,0
d000647,c_elena,to,1
d000647,c_taylor,to,2
d000647,c_chris,cc,3
d000648,c_priya,to,0
d000648,c_quinn,cc,1
d000649,c_jamie_lee,to,0
d000650,c_pat,to,0
d000651,c_fac_009,to,0
d000652,c_noah,to,0
d000652,c_elena,to,1
d000652,c_taylor,to,2
d000652,c_chris,cc,3
d000653,c_chris,to,0
d000653,c_noah,to,1
d000653,c_elena,to,2
d000653,c_marcus,cc,3
d000654,c_jamie_li,to,0
d000655,c_fac_010,to,0
d000656,c_noah,to,0
d000656,c_elena,to,1
d000656,c_taylor,to,2
d000656,c_chris,cc,3
d000657,c_noah,to,0
d000658,c_morgan_shaw,to,0
d000659,c_fac_001,to,0
d000660,c_noah,to,0
d000660,c_elena,to,1
d000660,c_taylor,to,2
d000660,c_chris,cc,3
d000661,c_noah,to,0
d000661,c_elena,to,1
d000661,c_taylor,to,2
d000661,c_chris,cc,3
d000661,c_lena,bcc,4
d000662,c_marcus,to,0
d000663,c_morgan_zhao,to,0
d000664,c_noah,to,0
d000664,c_elena,to,1
d000664,c_taylor,to,2
d000664,c_chris,cc,3
d000665,c_noah,to,0
d000665,c_elena,to,1
d000665,c_taylor,to,2
d000665,c_chris,cc,3
d000666,c_maya,to,0
d000667,c_morgan_shaw,to,0
d000668,c_ren,to,0
d000669,c_noah,to,0
d000669,c_elena,to,1
d000669,c_taylor,to,2
d000669,c_chris,cc,3
d000670,c_priya,to,0
d000670,c_quinn,cc,1
d000671,c_jamie_lee,to,0
d000672,c_pat,to,0
d000673,c_fac_014,to,0
d000674,c_noah,to,0
d000674,c_elena,to,1
d000674,c_taylor,to,2
d000674,c_chris,cc,3
d000675,c_noah,to,0
d000675,c_taylor,to,1
d000675,c_chris,cc,2
d000676,c_morgan_zhao,to,0
d000677,c_noah,to,0
d000677,c_elena,to,1
d000677,c_taylor,to,2
d000677,c_chris,cc,3
d000678,c_noah,to,0
d000678,c_elena,to,1
d000678,c_taylor,to,2
d000678,c_chris,cc,3
d000679,c_noah,to,0
d000680,c_pat,to,0
d000681,c_fac_011,to,0
d000682,c_noah,to,0
d000682,c_elena,to,1
d000682,c_taylor,to,2
d000682,c_chris,cc,3
d000683,c_chris,to,0
d000683,c_noah,to,1
d000683,c_elena,to,2
d000683,c_marcus,cc,3
d000684,c_alex_chen,to,0
d000685,c_fac_007,to,0
d000686,c_noah,to,0
d000686,c_elena,to,1
d000686,c_taylor,to,2
d000686,c_chris,cc,3
d000687,c_elena,to,0
d000687,c_taylor,to,1
d000687,c_lena,to,2
d000688,c_alex_chan,to,0
d000689,c_lee,to,0
d000690,c_fac_008,to,0
d000691,c_noah,to,0
d000691,c_elena,to,1
d000691,c_taylor,to,2
d000691,c_chris,cc,3
d000692,c_elena,to,0
d000692,c_taylor,to,1
d000692,c_lena,to,2
d000693,c_morgan_shaw,to,0
d000694,c_ren,to,0
d000695,c_noah,to,0
d000695,c_elena,to,1
d000695,c_taylor,to,2
d000695,c_chris,cc,3
d000696,c_noah,to,0
d000696,c_elena,to,1
d000696,c_taylor,to,2
d000696,c_chris,cc,3
d000697,c_noah,to,0
d000697,c_taylor,to,1
d000697,c_chris,cc,2
d000698,c_morgan_zhao,to,0
d000699,c_noah,to,0
d000699,c_elena,to,1
d000699,c_taylor,to,2
d000699,c_chris,cc,3
d000700,c_noah,to,0
d000700,c_elena,to,1
d000700,c_taylor,to,2
d000700,c_chris,cc,3
d000701,c_alex_chan,to,0
d000702,c_lee,to,0
d000703,c_fac_006,to,0
d000704,c_noah,to,0
d000704,c_elena,to,1
d000704,c_taylor,to,2
d000704,c_chris,cc,3
d000705,c_noah,to,0
d000705,c_elena,to,1
d000705,c_taylor,to,2
d000705,c_chris,cc,3
d000705,c_lena,bcc,4
d000706,c_marcus,to,0
d000707,c_fac_002,to,0
d000708,c_noah,to,0
d000708,c_elena,to,1
d000708,c_taylor,to,2
d000708,c_chris,cc,3
d000709,c_priya,to,0
d000709,c_quinn,cc,1
d000710,c_hana,to,0
d000711,c_morgan_shaw,to,0
d000712,c_fac_003,to,0
d000713,c_noah,to,0
d000713,c_elena,to,1
d000713,c_taylor,to,2
d000713,c_chris,cc,3
d000714,c_priya,to,0
d000714,c_quinn,cc,1
d000715,c_jamie_lee,to,0
d000716,c_pat,to,0
d000717,c_fac_009,to,0
d000718,c_noah,to,0
d000718,c_elena,to,1
d000718,c_taylor,to,2
d000718,c_chris,cc,3
d000719,c_noah,to,0
d000719,c_taylor,to,1
d000719,c_chris,cc,2
d000720,c_jamie_li,to,0
d000721,c_fac_015,to,0
d000722,c_noah,to,0
d000722,c_elena,to,1
d000722,c_taylor,to,2
d000722,c_chris,cc,3
d000723,c_noah,to,0
d000724,c_morgan_shaw,to,0
d000725,c_ren,to,0
d000726,c_noah,to,0
d000726,c_elena,to,1
d000726,c_taylor,to,2
d000726,c_chris,cc,3
d000727,c_noah,to,0
d000727,c_elena,to,1
d000727,c_taylor,to,2
d000727,c_chris,cc,3
d000728,c_noah,to,0
d000728,c_taylor,to,1
d000728,c_chris,cc,2
d000729,c_jamie_li,to,0
d000730,c_fac_017,to,0
d000731,c_noah,to,0
d000731,c_elena,to,1
d000731,c_taylor,to,2
d000731,c_chris,cc,3
d000732,c_elena,to,0
d000732,c_taylor,to,1
d000732,c_lena,to,2
d000733,c_jamie_lee,to,0
d000734,c_pat,to,0
d000735,c_noah,to,0
d000735,c_elena,to,1
d000735,c_taylor,to,2
d000735,c_chris,cc,3
d000736,c_noah,to,0
d000736,c_elena,to,1
d000736,c_taylor,to,2
d000736,c_chris,cc,3
d000737,c_alex_chan,to,0
d000738,c_pat,to,0
d000739,c_fac_009,to,0
d000740,c_noah,to,0
d000740,c_elena,to,1
d000740,c_taylor,to,2
d000740,c_chris,cc,3
d000741,c_chris,to,0
d000741,c_noah,to,1
d000741,c_elena,to,2
d000741,c_marcus,cc,3
d000742,c_alex_chen,to,0
d000743,c_fac_010,to,0
d000744,c_noah,to,0
d000744,c_elena,to,1
d000744,c_taylor,to,2
d000744,c_chris,cc,3
d000745,c_elena,to,0
d000745,c_taylor,to,1
d000745,c_lena,to,2
d000746,c_jamie_lee,to,0
d000747,c_pat,to,0
d000748,c_fac_016,to,0
d000749,c_noah,to,0
d000749,c_elena,to,1
d000749,c_taylor,to,2
d000749,c_chris,cc,3
d000750,c_noah,to,0
d000750,c_taylor,to,1
d000750,c_chris,cc,2
d000751,c_jamie_li,to,0
d000752,c_fac_012,to,0
d000753,c_noah,to,0
d000753,c_elena,to,1
d000753,c_taylor,to,2
d000753,c_chris,cc,3
d000754,c_elena,to,0
d000754,c_taylor,to,1
d000754,c_lena,to,2
d000755,c_jamie_lee,to,0
d000756,c_pat,to,0
d000757,c_fac_013,to,0
d000758,c_noah,to,0
d000758,c_elena,to,1
d000758,c_taylor,to,2
d000758,c_chris,cc,3
d000759,c_marcus,to,0
d000760,c_morgan_shaw,to,0
d000761,c_ren,to,0
d000762,c_noah,to,0
d000762,c_elena,to,1
d000762,c_taylor,to,2
d000762,c_chris,cc,3
d000763,c_noah,to,0
d000763,c_elena,to,1
d000763,c_taylor,to,2
d000763,c_chris,cc,3
d000763,c_lena,bcc,4
d000764,c_avery,to,0
d000764,c_devon,to,1
d000765,c_morgan_zhao,to,0
d000766,c_noah,to,0
d000766,c_elena,to,1
d000766,c_taylor,to,2
d000766,c_chris,cc,3
d000767,c_priya,to,0
d000767,c_quinn,cc,1
d000768,c_alex_chan,to,0
d000769,c_lee,to,0
d000770,c_fac_006,to,0
d000771,c_noah,to,0
d000771,c_elena,to,1
d000771,c_taylor,to,2
d000771,c_chris,cc,3
d000772,c_noah,to,0
d000772,c_elena,to,1
d000772,c_taylor,to,2
d000772,c_chris,cc,3
d000772,c_lena,bcc,4
d000773,c_alex_chen,to,0
d000774,c_fac_002,to,0
d000775,c_noah,to,0
d000775,c_elena,to,1
d000775,c_taylor,to,2
d000775,c_chris,cc,3
d000776,c_priya,to,0
d000776,c_quinn,cc,1
d000777,c_hana,to,0
d000778,c_lee,to,0
d000779,c_fac_003,to,0
d000780,c_noah,to,0
d000780,c_elena,to,1
d000780,c_taylor,to,2
d000780,c_chris,cc,3
d000781,c_elena,to,0
d000781,c_taylor,to,1
d000781,c_lena,to,2
d000782,c_lee,to,0
d000783,c_fac_004,to,0
d000784,c_noah,to,0
d000784,c_elena,to,1
d000784,c_taylor,to,2
d000784,c_chris,cc,3
d000785,c_chris,to,0
d000785,c_noah,to,1
d000785,c_elena,to,2
d000785,c_marcus,cc,3
d000786,c_jamie_li,to,0
d000787,c_fac_010,to,0
d000788,c_noah,to,0
d000788,c_elena,to,1
d000788,c_taylor,to,2
d000788,c_chris,cc,3
d000789,c_elena,to,0
d000789,c_taylor,to,1
d000789,c_lena,to,2
d000790,c_jamie_lee,to,0
d000791,c_pat,to,0
d000792,c_fac_016,to,0
d000793,c_noah,to,0
d000793,c_elena,to,1
d000793,c_taylor,to,2
d000793,c_chris,cc,3
d000794,c_noah,to,0
d000794,c_taylor,to,1
d000794,c_chris,cc,2
d000795,c_jamie_li,to,0
d000796,c_fac_012,to,0
d000797,c_noah,to,0
d000797,c_elena,to,1
d000797,c_taylor,to,2
d000797,c_chris,cc,3
d000798,c_elena,to,0
d000798,c_taylor,to,1
d000798,c_lena,to,2
d000799,c_jamie_lee,to,0
d000800,c_pat,to,0
d000801,c_fac_013,to,0
d000802,c_noah,to,0
d000802,c_elena,to,1
d000802,c_taylor,to,2
d000802,c_chris,cc,3
d000803,c_marcus,to,0
d000804,c_lee,to,0
d000805,c_sam,to,0
d000806,c_noah,to,0
d000806,c_elena,to,1
d000806,c_taylor,to,2
d000806,c_chris,cc,3
d000807,c_noah,to,0
d000807,c_elena,to,1
d000807,c_taylor,to,2
d000807,c_chris,cc,3
d000807,c_lena,bcc,4
d000808,c_avery,to,0
d000808,c_devon,to,1
d000809,c_hana,to,0
d000810,c_noah,to,0
d000810,c_elena,to,1
d000810,c_taylor,to,2
d000810,c_chris,cc,3
d000811,c_priya,to,0
d000811,c_quinn,cc,1
d000812,c_alex_chan,to,0
d000813,c_lee,to,0
d000814,c_fac_006,to,0
d000815,c_noah,to,0
d000815,c_elena,to,1
d000815,c_taylor,to,2
d000815,c_chris,cc,3
d000816,c_noah,to,0
d000816,c_elena,to,1
d000816,c_taylor,to,2
d000816,c_chris,cc,3
d000816,c_lena,bcc,4
d000817,c_alex_chen,to,0
d000818,c_fac_002,to,0
d000819,c_noah,to,0
d000819,c_elena,to,1
d000819,c_taylor,to,2
d000819,c_chris,cc,3
d000820,c_priya,to,0
d000820,c_quinn,cc,1
d000821,c_alex_chan,to,0
d000822,c_lee,to,0
d000823,c_fac_003,to,0
d000824,c_noah,to,0
d000824,c_elena,to,1
d000824,c_taylor,to,2
d000824,c_chris,cc,3
d000825,c_elena,to,0
d000825,c_taylor,to,1
d000825,c_lena,to,2
d000826,c_morgan_shaw,to,0
d000827,c_ren,to,0
d000828,c_noah,to,0
d000828,c_elena,to,1
d000828,c_taylor,to,2
d000828,c_chris,cc,3
d000829,c_noah,to,0
d000829,c_elena,to,1
d000829,c_taylor,to,2
d000829,c_chris,cc,3
d000829,c_lena,bcc,4
d000830,c_alex_chen,to,0
d000831,c_hana,to,0
d000832,c_noah,to,0
d000832,c_elena,to,1
d000832,c_taylor,to,2
d000832,c_chris,cc,3
d000833,c_priya,to,0
d000833,c_quinn,cc,1
d000834,c_jamie_lee,to,0
d000835,c_pat,to,0
d000836,c_fac_011,to,0
d000837,c_noah,to,0
d000837,c_elena,to,1
d000837,c_taylor,to,2
d000837,c_chris,cc,3
d000838,c_chris,to,0
d000838,c_noah,to,1
d000838,c_elena,to,2
d000838,c_marcus,cc,3
d000839,c_alex_chen,to,0
d000840,c_fac_007,to,0
d000841,c_noah,to,0
d000841,c_elena,to,1
d000841,c_taylor,to,2
d000841,c_chris,cc,3
d000842,c_priya,to,0
d000842,c_quinn,cc,1
d000843,c_alex_chan,to,0
d000844,c_lee,to,0
d000845,c_fac_008,to,0
d000846,c_noah,to,0
d000846,c_elena,to,1
d000846,c_taylor,to,2
d000846,c_chris,cc,3
d000847,c_elena,to,0
d000847,c_taylor,to,1
d000847,c_lena,to,2
d000848,c_jamie_lee,to,0
d000849,c_ren,to,0
d000850,c_noah,to,0
d000850,c_elena,to,1
d000850,c_taylor,to,2
d000850,c_chris,cc,3
d000851,c_noah,to,0
d000851,c_elena,to,1
d000851,c_taylor,to,2
d000851,c_chris,cc,3
d000852,c_noah,to,0
d000852,c_taylor,to,1
d000852,c_chris,cc,2
d000853,c_jamie_li,to,0
d000854,c_noah,to,0
d000854,c_elena,to,1
d000854,c_taylor,to,2
d000854,c_chris,cc,3
d000855,c_noah,to,0
d000855,c_elena,to,1
d000855,c_taylor,to,2
d000855,c_chris,cc,3
d000856,c_noah,to,0
d000857,c_morgan_shaw,to,0
d000858,c_ren,to,0
d000859,c_noah,to,0
d000859,c_elena,to,1
d000859,c_taylor,to,2
d000859,c_chris,cc,3
d000860,c_noah,to,0
d000860,c_elena,to,1
d000860,c_taylor,to,2
d000860,c_chris,cc,3
d000861,c_quinn,to,0
d000862,c_morgan_zhao,to,0
d000863,c_noah,to,0
d000863,c_elena,to,1
d000863,c_taylor,to,2
d000863,c_chris,cc,3
d000864,c_noah,to,0
d000864,c_elena,to,1
d000864,c_taylor,to,2
d000864,c_chris,cc,3
d000865,c_maya,to,0
d000866,c_morgan_shaw,to,0
d000867,c_ren,to,0
d000868,c_noah,to,0
d000868,c_elena,to,1
d000868,c_taylor,to,2
d000868,c_chris,cc,3
d000869,c_priya,to,0
d000869,c_quinn,cc,1
d000870,c_jamie_lee,to,0
d000871,c_pat,to,0
d000872,c_fac_014,to,0
d000873,c_noah,to,0
d000873,c_elena,to,1
d000873,c_taylor,to,2
d000873,c_chris,cc,3
d000874,c_chris,to,0
d000874,c_noah,to,1
d000874,c_elena,to,2
d000874,c_marcus,cc,3
d000875,c_jamie_li,to,0
d000876,c_fac_015,to,0
d000877,c_noah,to,0
d000877,c_elena,to,1
d000877,c_taylor,to,2
d000877,c_chris,cc,3
d000878,c_elena,to,0
d000878,c_taylor,to,1
d000878,c_lena,to,2
d000879,c_jamie_lee,to,0
d000880,c_ren,to,0
d000881,c_noah,to,0
d000881,c_elena,to,1
d000881,c_taylor,to,2
d000881,c_chris,cc,3
d000882,c_noah,to,0
d000882,c_elena,to,1
d000882,c_taylor,to,2
d000882,c_chris,cc,3
d000883,c_noah,to,0
d000883,c_taylor,to,1
d000883,c_chris,cc,2
d000884,c_jamie_li,to,0
d000885,c_fac_017,to,0
d000886,c_noah,to,0
d000886,c_elena,to,1
d000886,c_taylor,to,2
d000886,c_chris,cc,3
d000887,c_elena,to,0
d000887,c_taylor,to,1
d000887,c_lena,to,2
d000888,c_jamie_lee,to,0
d000889,c_pat,to,0
d000890,c_noah,to,0
d000890,c_elena,to,1
d000890,c_taylor,to,2
d000890,c_chris,cc,3
d000891,c_noah,to,0
d000891,c_elena,to,1
d000891,c_taylor,to,2
d000891,c_chris,cc,3
d000892,c_marcus,to,0
d000893,c_pat,to,0
d000894,c_fac_009,to,0
d000895,c_noah,to,0
d000895,c_elena,to,1
d000895,c_taylor,to,2
d000895,c_chris,cc,3
d000896,c_noah,to,0
d000896,c_taylor,to,1
d000896,c_chris,cc,2
d000897,c_morgan_zhao,to,0
d000898,c_noah,to,0
d000898,c_elena,to,1
d000898,c_taylor,to,2
d000898,c_chris,cc,3
d000899,c_noah,to,0
d000899,c_elena,to,1
d000899,c_taylor,to,2
d000899,c_chris,cc,3
d000900,c_alex_chan,to,0
d000901,c_lee,to,0
d000902,c_fac_001,to,0
d000903,c_noah,to,0
d000903,c_elena,to,1
d000903,c_taylor,to,2
d000903,c_chris,cc,3
d000904,c_noah,to,0
d000904,c_elena,to,1
d000904,c_taylor,to,2
d000904,c_chris,cc,3
d000904,c_lena,bcc,4
d000905,c_marcus,to,0
d000906,c_morgan_zhao,to,0
d000907,c_noah,to,0
d000907,c_elena,to,1
d000907,c_taylor,to,2
d000907,c_chris,cc,3
d000908,c_noah,to,0
d000908,c_elena,to,1
d000908,c_taylor,to,2
d000908,c_chris,cc,3
d000909,c_maya,to,0
d000910,c_morgan_shaw,to,0
d000911,c_ren,to,0
d000912,c_noah,to,0
d000912,c_elena,to,1
d000912,c_taylor,to,2
d000912,c_chris,cc,3
d000913,c_priya,to,0
d000913,c_quinn,cc,1
d000914,c_jamie_lee,to,0
d000915,c_pat,to,0
d000916,c_fac_014,to,0
d000917,c_noah,to,0
d000917,c_elena,to,1
d000917,c_taylor,to,2
d000917,c_chris,cc,3
d000918,c_chris,to,0
d000918,c_noah,to,1
d000918,c_elena,to,2
d000918,c_marcus,cc,3
d000919,c_jamie_li,to,0
d000920,c_fac_015,to,0
d000921,c_noah,to,0
d000921,c_elena,to,1
d000921,c_taylor,to,2
d000921,c_chris,cc,3
d000922,c_elena,to,0
d000922,c_taylor,to,1
d000922,c_lena,to,2
d000923,c_jamie_lee,to,0
d000924,c_pat,to,0
d000925,c_noah,to,0
d000925,c_elena,to,1
d000925,c_taylor,to,2
d000925,c_chris,cc,3
d000926,c_noah,to,0
d000926,c_elena,to,1
d000926,c_taylor,to,2
d000926,c_chris,cc,3
d000927,c_noah,to,0
d000927,c_taylor,to,1
d000927,c_chris,cc,2
d000928,c_jamie_li,to,0
d000929,c_fac_017,to,0
d000930,c_noah,to,0
d000930,c_elena,to,1
d000930,c_taylor,to,2
d000930,c_chris,cc,3
d000931,c_avery,to,0
d000931,c_devon,to,1
d000932,c_jamie_lee,to,0
d000933,c_pat,to,0
d000934,c_noah,to,0
d000934,c_elena,to,1
d000934,c_taylor,to,2
d000934,c_chris,cc,3
d000935,c_noah,to,0
d000935,c_elena,to,1
d000935,c_taylor,to,2
d000935,c_chris,cc,3
d000936,c_alex_chan,to,0
d000937,c_lee,to,0
d000938,c_fac_004,to,0
d000939,c_noah,to,0
d000939,c_elena,to,1
d000939,c_taylor,to,2
d000939,c_chris,cc,3
d000940,c_noah,to,0
d000940,c_elena,to,1
d000940,c_taylor,to,2
d000940,c_chris,cc,3
d000940,c_lena,bcc,4
d000941,c_alex_chen,to,0
d000942,c_fac_005,to,0
d000943,c_noah,to,0
d000943,c_elena,to,1
d000943,c_taylor,to,2
d000943,c_chris,cc,3
d000944,c_priya,to,0
d000944,c_quinn,cc,1
d000945,c_alex_chan,to,0
d000946,c_pat,to,0
d000947,c_fac_011,to,0
d000948,c_noah,to,0
d000948,c_elena,to,1
d000948,c_taylor,to,2
d000948,c_chris,cc,3
d000949,c_chris,to,0
d000949,c_noah,to,1
d000949,c_elena,to,2
d000949,c_marcus,cc,3
d000950,c_alex_chen,to,0
d000951,c_fac_007,to,0
d000952,c_noah,to,0
d000952,c_elena,to,1
d000952,c_taylor,to,2
d000952,c_chris,cc,3
d000953,c_priya,to,0
d000953,c_quinn,cc,1
d000954,c_alex_chan,to,0
d000955,c_lee,to,0
d000956,c_fac_008,to,0
d000957,c_noah,to,0
d000957,c_elena,to,1
d000957,c_taylor,to,2
d000957,c_chris,cc,3
d000958,c_elena,to,0
d000958,c_taylor,to,1
d000958,c_lena,to,2
d000959,c_morgan_shaw,to,0
d000960,c_ren,to,0
d000961,c_noah,to,0
d000961,c_elena,to,1
d000961,c_taylor,to,2
d000961,c_chris,cc,3
d000962,c_noah,to,0
d000962,c_elena,to,1
d000962,c_taylor,to,2
d000962,c_chris,cc,3
d000963,c_avery,to,0
d000963,c_devon,to,1
d000964,c_morgan_zhao,to,0
d000965,c_noah,to,0
d000965,c_elena,to,1
d000965,c_taylor,to,2
d000965,c_chris,cc,3
d000966,c_priya,to,0
d000966,c_quinn,cc,1
d000967,c_alex_chan,to,0
d000968,c_lee,to,0
d000969,c_fac_006,to,0
d000970,c_noah,to,0
d000970,c_elena,to,1
d000970,c_taylor,to,2
d000970,c_chris,cc,3
d000971,c_chris,to,0
d000971,c_noah,to,1
d000971,c_elena,to,2
d000971,c_marcus,cc,3
d000972,c_alex_chen,to,0
d000973,c_fac_002,to,0
d000974,c_noah,to,0
d000974,c_elena,to,1
d000974,c_taylor,to,2
d000974,c_chris,cc,3
d000975,c_priya,to,0
d000975,c_quinn,cc,1
d000976,c_alex_chan,to,0
d000977,c_lee,to,0
d000978,c_fac_003,to,0
d000979,c_noah,to,0
d000979,c_elena,to,1
d000979,c_taylor,to,2
d000979,c_chris,cc,3
d000980,c_priya,to,0
d000980,c_quinn,cc,1
d000981,c_jamie_lee,to,0
d000982,c_pat,to,0
d000983,c_fac_014,to,0
d000984,c_noah,to,0
d000984,c_elena,to,1
d000984,c_taylor,to,2
d000984,c_chris,cc,3
d000985,c_chris,to,0
d000985,c_noah,to,1
d000985,c_elena,to,2
d000985,c_marcus,cc,3
d000986,c_jamie_li,to,0
d000987,c_fac_015,to,0
d000988,c_noah,to,0
d000988,c_elena,to,1
d000988,c_taylor,to,2
d000988,c_chris,cc,3
d000989,c_elena,to,0
d000989,c_taylor,to,1
d000989,c_lena,to,2
d000990,c_jamie_lee,to,0
d000991,c_ren,to,0
d000992,c_noah,to,0
d000992,c_elena,to,1
d000992,c_taylor,to,2
d000992,c_chris,cc,3
d000993,c_noah,to,0
d000993,c_elena,to,1
d000993,c_taylor,to,2
d000993,c_chris,cc,3
d000994,c_noah,to,0
d000994,c_taylor,to,1
d000994,c_chris,cc,2
d000995,c_jamie_li,to,0
d000996,c_fac_017,to,0
d000997,c_noah,to,0
d000997,c_elena,to,1
d000997,c_taylor,to,2
d000997,c_chris,cc,3
d000998,c_elena,to,0
d000998,c_taylor,to,1
d000998,c_lena,to,2
d000999,c_jamie_lee,to,0
d001000,c_pat,to,0
d001001,c_alex_chen,to,0
d001002,c_jamie_li,to,0
d001003,c_jamie_lee,to,0
d001004,c_morgan_zhao,to,0
d001005,c_morgan_shaw,to,0
d001006,c_alex_chen,to,0
d001007,c_alex_chan,to,0
d001008,c_jamie_li,to,0
d001009,c_jamie_lee,to,0
d001010,c_chris,to,0
d001010,c_noah,to,1
d001010,c_elena,to,2
d001010,c_marcus,cc,3
d001010,c_lee,cc,4
d001011,c_chris,to,0
d001011,c_noah,to,1
d001011,c_elena,to,2
d001011,c_marcus,cc,3
d001011,c_pat,cc,4
d001012,c_chris,to,0
d001012,c_noah,to,1
d001012,c_elena,to,2
d001012,c_marcus,cc,3
d001013,c_chris,to,0
d001013,c_noah,to,1
d001013,c_elena,to,2
d001013,c_marcus,cc,3
d001013,c_ren,cc,4
d001014,c_chris,to,0
d001014,c_noah,to,1
d001014,c_elena,to,2
d001014,c_marcus,cc,3
d001015,c_chris,to,0
d001015,c_noah,to,1
d001015,c_elena,to,2
d001015,c_marcus,cc,3
d001015,c_lee,cc,4
d001016,c_chris,to,0
d001016,c_noah,to,1
d001016,c_elena,to,2
d001016,c_marcus,cc,3
d001017,c_chris,to,0
d001017,c_noah,to,1
d001017,c_elena,to,2
d001017,c_marcus,cc,3
d001017,c_pat,cc,4
d001018,c_chris,to,0
d001018,c_noah,to,1
d001018,c_elena,to,2
d001018,c_marcus,cc,3
d001019,c_fac_001,to,0
d001020,c_fac_002,to,0
d001021,c_priya,to,0
d001021,c_quinn,cc,1
d001022,c_fac_003,to,0
d001023,c_priya,to,0
d001023,c_quinn,cc,1
d001024,c_fac_004,to,0
d001025,c_priya,to,0
d001025,c_quinn,cc,1
d001026,c_fac_001,to,0
d001027,c_priya,to,0
d001027,c_quinn,cc,1
d001028,c_noah,to,0
d001028,c_elena,to,1
d001028,c_taylor,to,2
d001028,c_chris,cc,3
d001028,c_alex_chen,cc,4
d001029,c_noah,to,0
d001029,c_elena,to,1
d001029,c_taylor,to,2
d001029,c_chris,cc,3
d001029,c_alex_chen,cc,4
d001030,c_noah,to,0
d001030,c_elena,to,1
d001030,c_taylor,to,2
d001030,c_chris,cc,3
d001031,c_noah,to,0
d001031,c_elena,to,1
d001031,c_taylor,to,2
d001031,c_chris,cc,3
d001031,c_jamie_li,cc,4
d001032,c_noah,to,0
d001032,c_elena,to,1
d001032,c_taylor,to,2
d001032,c_chris,cc,3
d001033,c_noah,to,0
d001033,c_elena,to,1
d001033,c_taylor,to,2
d001033,c_chris,cc,3
d001033,c_morgan_zhao,cc,4
d001034,c_noah,to,0
d001034,c_elena,to,1
d001034,c_taylor,to,2
d001034,c_chris,cc,3
d001035,c_noah,to,0
d001035,c_elena,to,1
d001035,c_taylor,to,2
d001035,c_chris,cc,3
d001035,c_alex_chen,cc,4
d001036,c_noah,to,0
d001036,c_elena,to,1
d001036,c_taylor,to,2
d001036,c_chris,cc,3
d001037,c_noah,to,0
d001037,c_elena,to,1
d001037,c_taylor,to,2
d001037,c_chris,cc,3
d001037,c_lee,bcc,4
d001038,c_noah,to,0
d001038,c_elena,to,1
d001038,c_taylor,to,2
d001038,c_chris,cc,3
d001039,c_noah,to,0
d001039,c_elena,to,1
d001039,c_taylor,to,2
d001039,c_chris,cc,3
d001039,c_pat,bcc,4
d001040,c_noah,to,0
d001040,c_elena,to,1
d001040,c_taylor,to,2
d001040,c_chris,cc,3
d001041,c_noah,to,0
d001041,c_elena,to,1
d001041,c_taylor,to,2
d001041,c_chris,cc,3
d001041,c_ren,bcc,4
d001042,c_noah,to,0
d001042,c_elena,to,1
d001042,c_taylor,to,2
d001042,c_chris,cc,3
d001043,c_noah,to,0
d001043,c_elena,to,1
d001043,c_taylor,to,2
d001043,c_chris,cc,3
d001043,c_lee,bcc,4
d001044,c_noah,to,0
d001044,c_elena,to,1
d001044,c_taylor,to,2
d001044,c_chris,cc,3
d001045,c_noah,to,0
d001045,c_elena,to,1
d001045,c_taylor,to,2
d001045,c_chris,cc,3
d001045,c_alex_chen,cc,4
d001045,c_lee,bcc,5
d001046,c_noah,to,0
d001046,c_elena,to,1
d001046,c_taylor,to,2
d001046,c_chris,cc,3
d001046,c_alex_chen,cc,4
d001046,c_lee,bcc,5
d001047,c_noah,to,0
d001047,c_elena,to,1
d001047,c_taylor,to,2
d001047,c_chris,cc,3
d001048,c_noah,to,0
d001048,c_elena,to,1
d001048,c_taylor,to,2
d001048,c_chris,cc,3
d001048,c_jamie_li,cc,4
d001048,c_pat,bcc,5
d001049,c_noah,to,0
d001049,c_elena,to,1
d001049,c_taylor,to,2
d001049,c_chris,cc,3
d001050,c_noah,to,0
d001050,c_elena,to,1
d001050,c_taylor,to,2
d001050,c_chris,cc,3
d001050,c_morgan_zhao,cc,4
d001050,c_ren,bcc,5
d001051,c_noah,to,0
d001051,c_elena,to,1
d001051,c_taylor,to,2
d001051,c_chris,cc,3
d001052,c_noah,to,0
d001052,c_elena,to,1
d001052,c_taylor,to,2
d001052,c_chris,cc,3
d001052,c_alex_chen,cc,4
d001052,c_lee,bcc,5
d001053,c_noah,to,0
d001053,c_elena,to,1
d001053,c_taylor,to,2
d001053,c_chris,cc,3
d001054,c_noah,to,0
d001054,c_elena,to,1
d001054,c_taylor,to,2
d001054,c_chris,cc,3
d001054,c_lena,bcc,4
d001055,c_alex_chen,to,0
d001056,c_alex_chan,to,0
d001057,c_jamie_li,to,0
d001058,c_jamie_lee,to,0
d001059,c_morgan_zhao,to,0
d001060,c_morgan_shaw,to,0
d001061,c_alex_chen,to,0
d001062,c_alex_chan,to,0
d001063,c_noah,to,0
d001063,c_elena,to,1
d001063,c_taylor,to,2
d001063,c_chris,cc,3
d001064,c_lee,to,0
d001065,c_new_030,to,0
d001066,c_new_031,to,0
d001067,c_new_032,to,0
d001068,c_new_033,to,0
d001069,c_new_034,to,0
d001070,c_new_035,to,0
d001071,c_new_036,to,0
d001072,c_new_037,to,0
d001073,c_fac_009,to,0
d001074,c_fac_010,to,0
d001075,c_fac_011,to,0
d001076,c_fac_012,to,0
d001077,c_maya,to,0
d001077,c_noah,to,1
d001078,c_maya,to,0
d001078,c_noah,to,1
d001079,c_maya,to,0
d001079,c_noah,to,1
d001080,c_noah,to,0
d001081,c_noah,to,0
d001082,c_noah,to,0
d001083,c_noah,to,0
d001083,c_elena,to,1
d001083,c_taylor,to,2
d001083,c_chris,cc,3
d001084,c_noah,to,0
d001084,c_elena,to,1
d001084,c_taylor,to,2
d001084,c_chris,cc,3
d001085,c_noah,to,0
d001085,c_elena,to,1
d001085,c_taylor,to,2
d001085,c_chris,cc,3
d001086,c_noah,to,0
d001086,c_elena,to,1
d001086,c_taylor,to,2
d001086,c_chris,cc,3
d001087,c_noah,to,0
d001087,c_elena,to,1
d001087,c_taylor,to,2
d001087,c_chris,cc,3
d001088,c_lee,to,0
d001089,c_lee,to,0
d001090,c_lee,to,0
d001091,c_lee,to,0
d001092,c_lee,to,0
d001093,c_noah,to,0
d001093,c_elena,to,1
d001093,c_taylor,to,2
d001093,c_chris,cc,3
d001093,c_lena,bcc,4
d001094,c_noah,to,0
d001094,c_elena,to,1
d001094,c_taylor,to,2
d001094,c_chris,cc,3
d001094,c_lena,bcc,4
d001095,c_noah,to,0
d001095,c_elena,to,1
d001095,c_taylor,to,2
d001095,c_chris,cc,3
d001095,c_lena,bcc,4
d001096,c_noah,to,0
d001096,c_elena,to,1
d001096,c_taylor,to,2
d001096,c_chris,cc,3
d001096,c_lena,bcc,4
d001097,c_noah,to,0
d001097,c_elena,to,1
d001097,c_taylor,to,2
d001097,c_chris,cc,3
d001097,c_lena,bcc,4
d001098,c_noah,to,0
d001098,c_elena,to,1
d001098,c_taylor,to,2
d001098,c_chris,cc,3
d001098,c_lena,bcc,4
d001099,c_noah,to,0
d001099,c_elena,to,1
d001099,c_taylor,to,2
d001099,c_chris,cc,3
d001099,c_lena,bcc,4
d001100,c_noah,to,0
d001100,c_elena,to,1
d001100,c_taylor,to,2
d001100,c_chris,cc,3
d001100,c_lena,bcc,4
d001101,c_noah,to,0
d001101,c_elena,to,1
d001101,c_taylor,to,2
d001101,c_chris,cc,3
d001102,c_noah,to,0
d001102,c_elena,to,1
d001102,c_taylor,to,2
d001102,c_chris,cc,3
d001103,c_elena,to,0
d001103,c_taylor,to,1
d001103,c_lena,to,2
d001104,c_pat,to,0
d001105,c_ren,to,0
d001106,c_fac_009,to,0
d001107,c_noah,to,0
d001107,c_elena,to,1
d001107,c_taylor,to,2
d001107,c_chris,cc,3
d001108,c_noah,to,0
d001108,c_elena,to,1
d001108,c_taylor,to,2
d001108,c_chris,cc,3
d001109,c_chris,to,0
d001109,c_noah,to,1
d001109,c_elena,to,2
d001109,c_marcus,cc,3
d001110,c_avery,to,0
d001110,c_devon,to,1
d001111,c_jamie_li,to,0
d001112,c_morgan_zhao,to,0
d001113,c_fac_010,to,0
d001114,c_noah,to,0
d001114,c_elena,to,1
d001114,c_taylor,to,2
d001114,c_chris,cc,3
d001115,c_noah,to,0
d001115,c_elena,to,1
d001115,c_taylor,to,2
d001115,c_chris,cc,3
d001116,c_priya,to,0
d001116,c_quinn,cc,1
d001117,c_elena,to,0
d001117,c_taylor,to,1
d001117,c_lena,to,2
d001118,c_alex_chan,to,0
d001119,c_jamie_lee,to,0
d001120,c_lee,to,0
d001121,c_pat,to,0
d001122,c_fac_001,to,0
d001123,c_noah,to,0
d001123,c_elena,to,1
d001123,c_taylor,to,2
d001123,c_chris,cc,3
d001124,c_noah,to,0
d001124,c_elena,to,1
d001124,c_taylor,to,2
d001124,c_chris,cc,3
d001125,c_noah,to,0
d001125,c_elena,to,1
d001125,c_taylor,to,2
d001125,c_chris,cc,3
d001126,c_noah,to,0
d001126,c_elena,to,1
d001126,c_taylor,to,2
d001126,c_chris,cc,3
d001126,c_lena,bcc,4
d001127,c_noah,to,0
d001127,c_taylor,to,1
d001127,c_chris,cc,2
d001128,c_marcus,to,0
d001129,c_jamie_li,to,0
d001130,c_fac_002,to,0
d001131,c_fac_017,to,0
d001132,c_noah,to,0
d001132,c_elena,to,1
d001132,c_taylor,to,2
d001132,c_chris,cc,3
d001133,c_noah,to,0
d001133,c_elena,to,1
d001133,c_taylor,to,2
d001133,c_chris,cc,3
d001134,c_priya,to,0
d001134,c_quinn,cc,1
d001135,c_elena,to,0
d001135,c_taylor,to,1
d001135,c_lena,to,2
d001136,c_hana,to,0
d001137,c_jamie_lee,to,0
d001138,c_lee,to,0
d001139,c_pat,to,0
d001140,c_fac_003,to,0
d001141,c_noah,to,0
d001141,c_elena,to,1
d001141,c_taylor,to,2
d001141,c_chris,cc,3
d001142,c_noah,to,0
d001142,c_elena,to,1
d001142,c_taylor,to,2
d001142,c_chris,cc,3
d001143,c_noah,to,0
d001143,c_elena,to,1
d001143,c_taylor,to,2
d001143,c_chris,cc,3
d001144,c_priya,to,0
d001144,c_quinn,cc,1
d001145,c_alex_chan,to,0
d001146,c_jamie_lee,to,0
d001147,c_lee,to,0
d001148,c_pat,to,0
d001149,c_sam,to,0
d001150,c_fac_014,to,0
d001151,c_noah,to,0
d001151,c_elena,to,1
d001151,c_taylor,to,2
d001151,c_chris,cc,3
d001152,c_noah,to,0
d001152,c_elena,to,1
d001152,c_taylor,to,2
d001152,c_chris,cc,3
d001153,c_noah,to,0
d001153,c_elena,to,1
d001153,c_taylor,to,2
d001153,c_chris,cc,3
d001153,c_lena,bcc,4
d001154,c_noah,to,0
d001154,c_taylor,to,1
d001154,c_chris,cc,2
d001155,c_alex_chen,to,0
d001156,c_jamie_li,to,0
d001157,c_hana,to,0
d001158,c_fac_015,to,0
d001159,c_noah,to,0
d001159,c_elena,to,1
d001159,c_taylor,to,2
d001159,c_chris,cc,3
d001160,c_noah,to,0
d001160,c_elena,to,1
d001160,c_taylor,to,2
d001160,c_chris,cc,3
d001161,c_priya,to,0
d001161,c_quinn,cc,1
d001162,c_noah,to,0
d001163,c_alex_chan,to,0
d001164,c_morgan_shaw,to,0
d001165,c_lee,to,0
d001166,c_ren,to,0
d001167,c_fac_011,to,0
d001168,c_noah,to,0
d001168,c_elena,to,1
d001168,c_taylor,to,2
d001168,c_chris,cc,3
d001169,c_noah,to,0
d001169,c_elena,to,1
d001169,c_taylor,to,2
d001169,c_chris,cc,3
d001170,c_noah,to,0
d001170,c_elena,to,1
d001170,c_taylor,to,2
d001170,c_chris,cc,3
d001170,c_lena,bcc,4
d001171,c_chris,to,0
d001171,c_noah,to,1
d001171,c_elena,to,2
d001171,c_marcus,cc,3
d001172,c_quinn,to,0
d001173,c_jamie_li,to,0
d001174,c_morgan_zhao,to,0
d001175,c_fac_012,to,0
d001176,c_noah,to,0
d001176,c_elena,to,1
d001176,c_taylor,to,2
d001176,c_chris,cc,3
d001177,c_noah,to,0
d001177,c_elena,to,1
d001177,c_taylor,to,2
d001177,c_chris,cc,3
d001178,c_noah,to,0
d001178,c_elena,to,1
d001178,c_taylor,to,2
d001178,c_chris,cc,3
d001179,c_elena,to,0
d001179,c_taylor,to,1
d001179,c_lena,to,2
d001180,c_maya,to,0
d001181,c_jamie_lee,to,0
d001182,c_morgan_shaw,to,0
d001183,c_pat,to,0
d001184,c_ren,to,0
d001185,c_fac_013,to,0
d001186,c_noah,to,0
d001186,c_elena,to,1
d001186,c_taylor,to,2
d001186,c_chris,cc,3
d001187,c_noah,to,0
d001187,c_elena,to,1
d001187,c_taylor,to,2
d001187,c_chris,cc,3
d001188,c_priya,to,0
d001188,c_quinn,cc,1
d001189,c_marcus,to,0
d001190,c_jamie_lee,to,0
d001191,c_morgan_shaw,to,0
d001192,c_pat,to,0
d001193,c_ren,to,0
d001194,c_fac_009,to,0
d001195,c_noah,to,0
d001195,c_elena,to,1
d001195,c_taylor,to,2
d001195,c_chris,cc,3
d001196,c_noah,to,0
d001196,c_elena,to,1
d001196,c_taylor,to,2
d001196,c_chris,cc,3
d001197,c_noah,to,0
d001197,c_elena,to,1
d001197,c_taylor,to,2
d001197,c_chris,cc,3
d001197,c_lena,bcc,4
d001198,c_chris,to,0
d001198,c_noah,to,1
d001198,c_elena,to,2
d001198,c_marcus,cc,3
d001199,c_avery,to,0
d001199,c_devon,to,1
d001200,c_jamie_li,to,0
d001201,c_morgan_zhao,to,0
d001202,c_fac_015,to,0
d001203,c_noah,to,0
d001203,c_elena,to,1
d001203,c_taylor,to,2
d001203,c_chris,cc,3
d001204,c_noah,to,0
d001204,c_elena,to,1
d001204,c_taylor,to,2
d001204,c_chris,cc,3
d001205,c_priya,to,0
d001205,c_quinn,cc,1
d001206,c_elena,to,0
d001206,c_taylor,to,1
d001206,c_lena,to,2
d001207,c_alex_chan,to,0
d001208,c_jamie_lee,to,0
d001209,c_lee,to,0
d001210,c_ren,to,0
d001211,c_fac_006,to,0
d001212,c_noah,to,0
d001212,c_elena,to,1
d001212,c_taylor,to,2
d001212,c_chris,cc,3
d001213,c_noah,to,0
d001213,c_elena,to,1
d001213,c_taylor,to,2
d001213,c_chris,cc,3
d001214,c_noah,to,0
d001214,c_elena,to,1
d001214,c_taylor,to,2
d001214,c_chris,cc,3
d001215,c_chris,to,0
d001215,c_noah,to,1
d001215,c_elena,to,2
d001215,c_marcus,cc,3
d001216,c_noah,to,0
d001216,c_taylor,to,1
d001216,c_chris,cc,2
d001217,c_alex_chen,to,0
d001218,c_morgan_zhao,to,0
d001219,c_fac_007,to,0
d001220,c_noah,to,0
d001220,c_elena,to,1
d001220,c_taylor,to,2
d001220,c_chris,cc,3
d001221,c_noah,to,0
d001221,c_elena,to,1
d001221,c_taylor,to,2
d001221,c_chris,cc,3
d001222,c_noah,to,0
d001222,c_elena,to,1
d001222,c_taylor,to,2
d001222,c_chris,cc,3
d001223,c_priya,to,0
d001223,c_quinn,cc,1
d001224,c_maya,to,0
d001225,c_alex_chan,to,0
d001226,c_morgan_shaw,to,0
d001227,c_lee,to,0
d001228,c_ren,to,0
d001229,c_fac_008,to,0
d001230,c_noah,to,0
d001230,c_elena,to,1
d001230,c_taylor,to,2
d001230,c_chris,cc,3
d001231,c_noah,to,0
d001231,c_elena,to,1
d001231,c_taylor,to,2
d001231,c_chris,cc,3
d001232,c_priya,to,0
d001232,c_quinn,cc,1
d001233,c_marcus,to,0
d001234,c_jamie_lee,to,0
d001235,c_morgan_shaw,to,0
d001236,c_pat,to,0
d001237,c_ren,to,0
d001238,c_fac_014,to,0
d001239,c_noah,to,0
d001239,c_elena,to,1
d001239,c_taylor,to,2
d001239,c_chris,cc,3
d001240,c_noah,to,0
d001240,c_elena,to,1
d001240,c_taylor,to,2
d001240,c_chris,cc,3
d001241,c_noah,to,0
d001241,c_elena,to,1
d001241,c_taylor,to,2
d001241,c_chris,cc,3
d001241,c_lena,bcc,4
d001242,c_chris,to,0
d001242,c_noah,to,1
d001242,c_elena,to,2
d001242,c_marcus,cc,3
d001243,c_avery,to,0
d001243,c_devon,to,1
d001244,c_jamie_li,to,0
d001245,c_hana,to,0
d001246,c_fac_015,to,0
d001247,c_noah,to,0
d001247,c_elena,to,1
d001247,c_taylor,to,2
d001247,c_chris,cc,3
d001248,c_noah,to,0
d001248,c_elena,to,1
d001248,c_taylor,to,2
d001248,c_chris,cc,3
d001249,c_priya,to,0
d001249,c_quinn,cc,1
d001250,c_elena,to,0
d001250,c_taylor,to,1
d001250,c_lena,to,2
d001251,c_alex_chan,to,0
d001252,c_jamie_lee,to,0
d001253,c_lee,to,0
d001254,c_ren,to,0
d001255,c_fac_006,to,0
d001256,c_noah,to,0
d001256,c_elena,to,1
d001256,c_taylor,to,2
d001256,c_chris,cc,3
d001257,c_noah,to,0
d001257,c_elena,to,1
d001257,c_taylor,to,2
d001257,c_chris,cc,3
d001258,c_noah,to,0
d001258,c_elena,to,1
d001258,c_taylor,to,2
d001258,c_chris,cc,3
d001259,c_noah,to,0
d001259,c_elena,to,1
d001259,c_taylor,to,2
d001259,c_chris,cc,3
d001259,c_lena,bcc,4
d001260,c_noah,to,0
d001260,c_taylor,to,1
d001260,c_chris,cc,2
d001261,c_alex_chen,to,0
d001262,c_jamie_li,to,0
d001263,c_fac_002,to,0
d001264,c_fac_017,to,0
d001265,c_noah,to,0
d001265,c_elena,to,1
d001265,c_taylor,to,2
d001265,c_chris,cc,3
d001266,c_noah,to,0
d001266,c_elena,to,1
d001266,c_taylor,to,2
d001266,c_chris,cc,3
d001267,c_priya,to,0
d001267,c_quinn,cc,1
d001268,c_avery,to,0
d001268,c_devon,to,1
d001269,c_alex_chan,to,0
d001270,c_jamie_lee,to,0
d001271,c_lee,to,0
d001272,c_pat,to,0
d001273,c_fac_003,to,0
d001274,c_noah,to,0
d001274,c_elena,to,1
d001274,c_taylor,to,2
d001274,c_chris,cc,3
d001275,c_noah,to,0
d001275,c_elena,to,1
d001275,c_taylor,to,2
d001275,c_chris,cc,3
d001276,c_noah,to,0
d001276,c_elena,to,1
d001276,c_taylor,to,2
d001276,c_chris,cc,3
d001277,c_elena,to,0
d001277,c_taylor,to,1
d001277,c_lena,to,2
d001278,c_alex_chan,to,0
d001279,c_jamie_lee,to,0
d001280,c_lee,to,0
d001281,c_ren,to,0
d001282,c_fac_004,to,0
d001283,c_noah,to,0
d001283,c_elena,to,1
d001283,c_taylor,to,2
d001283,c_chris,cc,3
d001284,c_noah,to,0
d001284,c_elena,to,1
d001284,c_taylor,to,2
d001284,c_chris,cc,3
d001285,c_noah,to,0
d001285,c_elena,to,1
d001285,c_taylor,to,2
d001285,c_chris,cc,3
d001286,c_noah,to,0
d001286,c_elena,to,1
d001286,c_taylor,to,2
d001286,c_chris,cc,3
d001286,c_lena,bcc,4
d001287,c_noah,to,0
d001287,c_taylor,to,1
d001287,c_chris,cc,2
d001288,c_alex_chen,to,0
d001289,c_morgan_zhao,to,0
d001290,c_fac_010,to,0
d001291,c_noah,to,0
d001291,c_elena,to,1
d001291,c_taylor,to,2
d001291,c_chris,cc,3
d001292,c_noah,to,0
d001292,c_elena,to,1
d001292,c_taylor,to,2
d001292,c_chris,cc,3
d001293,c_priya,to,0
d001293,c_quinn,cc,1
d001294,c_noah,to,0
d001295,c_alex_chan,to,0
d001296,c_morgan_shaw,to,0
d001297,c_pat,to,0
d001298,c_fac_001,to,0
d001299,c_fac_016,to,0
d001300,c_noah,to,0
d001300,c_elena,to,1
d001300,c_taylor,to,2
d001300,c_chris,cc,3
d001301,c_noah,to,0
d001301,c_elena,to,1
d001301,c_taylor,to,2
d001301,c_chris,cc,3
d001302,c_noah,to,0
d001302,c_elena,to,1
d001302,c_taylor,to,2
d001302,c_chris,cc,3
d001302,c_lena,bcc,4
d001303,c_noah,to,0
d001303,c_taylor,to,1
d001303,c_chris,cc,2
d001304,c_alex_chen,to,0
d001305,c_jamie_li,to,0
d001306,c_fac_002,to,0
d001307,c_fac_017,to,0
d001308,c_noah,to,0
d001308,c_elena,to,1
d001308,c_taylor,to,2
d001308,c_chris,cc,3
d001309,c_noah,to,0
d001309,c_elena,to,1
d001309,c_taylor,to,2
d001309,c_chris,cc,3
d001310,c_priya,to,0
d001310,c_quinn,cc,1
d001311,c_avery,to,0
d001311,c_devon,to,1
d001312,c_alex_chan,to,0
d001313,c_jamie_lee,to,0
d001314,c_lee,to,0
d001315,c_pat,to,0
d001316,c_fac_003,to,0
d001317,c_noah,to,0
d001317,c_elena,to,1
d001317,c_taylor,to,2
d001317,c_chris,cc,3
d001318,c_noah,to,0
d001318,c_elena,to,1
d001318,c_taylor,to,2
d001318,c_chris,cc,3
d001319,c_noah,to,0
d001319,c_elena,to,1
d001319,c_taylor,to,2
d001319,c_chris,cc,3
d001320,c_elena,to,0
d001320,c_taylor,to,1
d001320,c_lena,to,2
d001321,c_alex_chan,to,0
d001322,c_jamie_lee,to,0
d001323,c_lee,to,0
d001324,c_pat,to,0
d001325,c_fac_004,to,0
d001326,c_noah,to,0
d001326,c_elena,to,1
d001326,c_taylor,to,2
d001326,c_chris,cc,3
d001327,c_noah,to,0
d001327,c_elena,to,1
d001327,c_taylor,to,2
d001327,c_chris,cc,3
d001328,c_noah,to,0
d001328,c_elena,to,1
d001328,c_taylor,to,2
d001328,c_chris,cc,3
d001329,c_noah,to,0
d001329,c_elena,to,1
d001329,c_taylor,to,2
d001329,c_chris,cc,3
d001329,c_lena,bcc,4
d001330,c_noah,to,0
d001330,c_taylor,to,1
d001330,c_chris,cc,2
d001331,c_alex_chen,to,0
d001332,c_morgan_zhao,to,0
d001333,c_fac_005,to,0
d001334,c_noah,to,0
d001334,c_elena,to,1
d001334,c_taylor,to,2
d001334,c_chris,cc,3
d001335,c_noah,to,0
d001335,c_elena,to,1
d001335,c_taylor,to,2
d001335,c_chris,cc,3
d001336,c_noah,to,0
d001336,c_elena,to,1
d001336,c_taylor,to,2
d001336,c_chris,cc,3
d001337,c_priya,to,0
d001337,c_quinn,cc,1
d001338,c_noah,to,0
d001339,c_jamie_lee,to,0
d001340,c_morgan_shaw,to,0
d001341,c_pat,to,0
d001342,c_ren,to,0
d001343,c_fac_011,to,0
d001344,c_noah,to,0
d001344,c_elena,to,1
d001344,c_taylor,to,2
d001344,c_chris,cc,3
d001345,c_noah,to,0
d001345,c_elena,to,1
d001345,c_taylor,to,2
d001345,c_chris,cc,3
d001346,c_noah,to,0
d001346,c_elena,to,1
d001346,c_taylor,to,2
d001346,c_chris,cc,3
d001346,c_lena,bcc,4
d001347,c_noah,to,0
d001347,c_taylor,to,1
d001347,c_chris,cc,2
d001348,c_marcus,to,0
d001349,c_jamie_li,to,0
d001350,c_morgan_zhao,to,0
d001351,c_fac_012,to,0
d001352,c_noah,to,0
d001352,c_elena,to,1
d001352,c_taylor,to,2
d001352,c_chris,cc,3
d001353,c_noah,to,0
d001353,c_elena,to,1
d001353,c_taylor,to,2
d001353,c_chris,cc,3
d001354,c_priya,to,0
d001354,c_quinn,cc,1
d001355,c_elena,to,0
d001355,c_taylor,to,1
d001355,c_lena,to,2
d001356,c_hana,to,0
d001357,c_jamie_lee,to,0
d001358,c_morgan_shaw,to,0
d001359,c_pat,to,0
d001360,c_fac_003,to,0
d001361,c_noah,to,0
d001361,c_elena,to,1
d001361,c_taylor,to,2
d001361,c_chris,cc,3
d001362,c_noah,to,0
d001362,c_elena,to,1
d001362,c_taylor,to,2
d001362,c_chris,cc,3
d001363,c_noah,to,0
d001363,c_elena,to,1
d001363,c_taylor,to,2
d001363,c_chris,cc,3
d001364,c_priya,to,0
d001364,c_quinn,cc,1
d001365,c_marcus,to,0
d001366,c_jamie_lee,to,0
d001367,c_morgan_shaw,to,0
d001368,c_pat,to,0
d001369,c_sam,to,0
d001370,c_fac_014,to,0
d001371,c_noah,to,0
d001371,c_elena,to,1
d001371,c_taylor,to,2
d001371,c_chris,cc,3
d001372,c_noah,to,0
d001372,c_elena,to,1
d001372,c_taylor,to,2
d001372,c_chris,cc,3
d001373,c_noah,to,0
d001373,c_elena,to,1
d001373,c_taylor,to,2
d001373,c_chris,cc,3
d001373,c_lena,bcc,4
d001374,c_noah,to,0
d001374,c_taylor,to,1
d001374,c_chris,cc,2
d001375,c_alex_chen,to,0
d001376,c_morgan_zhao,to,0
d001377,c_fac_005,to,0
d001378,c_noah,to,0
d001378,c_elena,to,1
d001378,c_taylor,to,2
d001378,c_chris,cc,3
d001379,c_noah,to,0
d001379,c_elena,to,1
d001379,c_taylor,to,2
d001379,c_chris,cc,3
d001380,c_noah,to,0
d001380,c_elena,to,1
d001380,c_taylor,to,2
d001380,c_chris,cc,3
d001381,c_priya,to,0
d001381,c_quinn,cc,1
d001382,c_noah,to,0
d001383,c_jamie_lee,to,0
d001384,c_morgan_shaw,to,0
d001385,c_pat,to,0
d001386,c_ren,to,0
d001387,c_fac_011,to,0
d001388,c_noah,to,0
d001388,c_elena,to,1
d001388,c_taylor,to,2
d001388,c_chris,cc,3
d001389,c_noah,to,0
d001389,c_elena,to,1
d001389,c_taylor,to,2
d001389,c_chris,cc,3
d001390,c_noah,to,0
d001390,c_elena,to,1
d001390,c_taylor,to,2
d001390,c_chris,cc,3
d001390,c_lena,bcc,4
d001391,c_chris,to,0
d001391,c_noah,to,1
d001391,c_elena,to,2
d001391,c_marcus,cc,3
d001392,c_quinn,to,0
d001393,c_alex_chen,to,0
d001394,c_morgan_zhao,to,0
d001395,c_fac_007,to,0
d001396,c_noah,to,0
d001396,c_elena,to,1
d001396,c_taylor,to,2
d001396,c_chris,cc,3
d001397,c_noah,to,0
d001397,c_elena,to,1
d001397,c_taylor,to,2
d001397,c_chris,cc,3
d001398,c_noah,to,0
d001398,c_elena,to,1
d001398,c_taylor,to,2
d001398,c_chris,cc,3
d001399,c_elena,to,0
d001399,c_taylor,to,1
d001399,c_lena,to,2
d001400,c_maya,to,0
d001401,c_alex_chan,to,0
d001402,c_morgan_shaw,to,0
d001403,c_lee,to,0
d001404,c_ren,to,0
d001405,c_fac_013,to,0
d001406,c_noah,to,0
d001406,c_elena,to,1
d001406,c_taylor,to,2
d001406,c_chris,cc,3
d001407,c_noah,to,0
d001407,c_elena,to,1
d001407,c_taylor,to,2
d001407,c_chris,cc,3
d001408,c_priya,to,0
d001408,c_quinn,cc,1
d001409,c_elena,to,0
d001409,c_taylor,to,1
d001409,c_lena,to,2
d001410,c_alex_chan,to,0
d001411,c_morgan_shaw,to,0
d001412,c_pat,to,0
d001413,c_ren,to,0
d001414,c_fac_009,to,0
d001415,c_noah,to,0
d001415,c_elena,to,1
d001415,c_taylor,to,2
d001415,c_chris,cc,3
d001416,c_noah,to,0
d001416,c_elena,to,1
d001416,c_taylor,to,2
d001416,c_chris,cc,3
d001417,c_noah,to,0
d001417,c_elena,to,1
d001417,c_taylor,to,2
d001417,c_chris,cc,3
d001418,c_chris,to,0
d001418,c_noah,to,1
d001418,c_elena,to,2
d001418,c_marcus,cc,3
d001419,c_avery,to,0
d001419,c_devon,to,1
d001420,c_jamie_li,to,0
d001421,c_morgan_zhao,to,0
d001422,c_fac_010,to,0
d001423,c_noah,to,0
d001423,c_elena,to,1
d001423,c_taylor,to,2
d001423,c_chris,cc,3
d001424,c_noah,to,0
d001424,c_elena,to,1
d001424,c_taylor,to,2
d001424,c_chris,cc,3
d001425,c_priya,to,0
d001425,c_quinn,cc,1
d001426,c_elena,to,0
d001426,c_taylor,to,1
d001426,c_lena,to,2
d001427,c_alex_chan,to,0
d001428,c_jamie_lee,to,0
d001429,c_lee,to,0
d001430,c_pat,to,0
d001431,c_fac_001,to,0
d001432,c_noah,to,0
d001432,c_elena,to,1
d001432,c_taylor,to,2
d001432,c_chris,cc,3
d001433,c_noah,to,0
d001433,c_elena,to,1
d001433,c_taylor,to,2
d001433,c_chris,cc,3
d001434,c_noah,to,0
d001434,c_elena,to,1
d001434,c_taylor,to,2
d001434,c_chris,cc,3
d001435,c_noah,to,0
d001435,c_elena,to,1
d001435,c_taylor,to,2
d001435,c_chris,cc,3
d001435,c_lena,bcc,4
d001436,c_noah,to,0
d001436,c_taylor,to,1
d001436,c_chris,cc,2
d001437,c_marcus,to,0
d001438,c_jamie_li,to,0
d001439,c_morgan_zhao,to,0
d001440,c_fac_017,to,0
d001441,c_noah,to,0
d001441,c_elena,to,1
d001441,c_taylor,to,2
d001441,c_chris,cc,3
d001442,c_noah,to,0
d001442,c_elena,to,1
d001442,c_taylor,to,2
d001442,c_chris,cc,3
d001443,c_priya,to,0
d001443,c_quinn,cc,1
d001444,c_avery,to,0
d001444,c_devon,to,1
d001445,c_alex_chan,to,0
d001446,c_jamie_lee,to,0
d001447,c_lee,to,0
d001448,c_ren,to,0
d001449,c_fac_008,to,0
d001450,c_noah,to,0
d001450,c_elena,to,1
d001450,c_taylor,to,2
d001450,c_chris,cc,3
d001451,c_noah,to,0
d001451,c_elena,to,1
d001451,c_taylor,to,2
d001451,c_chris,cc,3
d001452,c_noah,to,0
d001452,c_elena,to,1
d001452,c_taylor,to,2
d001452,c_chris,cc,3
d001453,c_elena,to,0
d001453,c_taylor,to,1
d001453,c_lena,to,2
d001454,c_alex_chan,to,0
d001455,c_morgan_shaw,to,0
d001456,c_lee,to,0
d001457,c_ren,to,0
d001458,c_fac_004,to,0
d001459,c_noah,to,0
d001459,c_elena,to,1
d001459,c_taylor,to,2
d001459,c_chris,cc,3
d001460,c_noah,to,0
d001460,c_elena,to,1
d001460,c_taylor,to,2
d001460,c_chris,cc,3
d001461,c_noah,to,0
d001461,c_elena,to,1
d001461,c_taylor,to,2
d001461,c_chris,cc,3
d001462,c_chris,to,0
d001462,c_noah,to,1
d001462,c_elena,to,2
d001462,c_marcus,cc,3
d001463,c_avery,to,0
d001463,c_devon,to,1
d001464,c_jamie_li,to,0
d001465,c_morgan_zhao,to,0
d001466,c_fac_010,to,0
d001467,c_noah,to,0
d001467,c_elena,to,1
d001467,c_taylor,to,2
d001467,c_chris,cc,3
d001468,c_noah,to,0
d001468,c_elena,to,1
d001468,c_taylor,to,2
d001468,c_chris,cc,3
d001469,c_priya,to,0
d001469,c_quinn,cc,1
d001470,c_elena,to,0
d001470,c_taylor,to,1
d001470,c_lena,to,2
d001471,c_alex_chan,to,0
d001472,c_jamie_lee,to,0
d001473,c_lee,to,0
d001474,c_pat,to,0
d001475,c_fac_001,to,0
d001476,c_noah,to,0
d001476,c_elena,to,1
d001476,c_taylor,to,2
d001476,c_chris,cc,3
d001477,c_noah,to,0
d001477,c_elena,to,1
d001477,c_taylor,to,2
d001477,c_chris,cc,3
d001478,c_noah,to,0
d001478,c_elena,to,1
d001478,c_taylor,to,2
d001478,c_chris,cc,3
d001479,c_noah,to,0
d001479,c_elena,to,1
d001479,c_taylor,to,2
d001479,c_chris,cc,3
d001479,c_lena,bcc,4
d001480,c_noah,to,0
d001480,c_taylor,to,1
d001480,c_chris,cc,2
d001481,c_alex_chen,to,0
d001482,c_jamie_li,to,0
d001483,c_fac_007,to,0
d001484,c_noah,to,0
d001484,c_elena,to,1
d001484,c_taylor,to,2
d001484,c_chris,cc,3
d001485,c_noah,to,0
d001485,c_elena,to,1
d001485,c_taylor,to,2
d001485,c_chris,cc,3
d001486,c_noah,to,0
d001486,c_elena,to,1
d001486,c_taylor,to,2
d001486,c_chris,cc,3
d001487,c_elena,to,0
d001487,c_taylor,to,1
d001487,c_lena,to,2
d001488,c_hana,to,0
d001489,c_jamie_lee,to,0
d001490,c_lee,to,0
d001491,c_ren,to,0
d001492,c_fac_008,to,0
d001493,c_noah,to,0
d001493,c_elena,to,1
d001493,c_taylor,to,2
d001493,c_chris,cc,3
d001494,c_noah,to,0
d001494,c_elena,to,1
d001494,c_taylor,to,2
d001494,c_chris,cc,3
d001495,c_noah,to,0
d001495,c_elena,to,1
d001495,c_taylor,to,2
d001495,c_chris,cc,3
d001496,c_elena,to,0
d001496,c_taylor,to,1
d001496,c_lena,to,2
d001497,c_alex_chan,to,0
d001498,c_morgan_shaw,to,0
d001499,c_lee,to,0
d001500,c_ren,to,0
d001501,c_fac_004,to,0
d001502,c_noah,to,0
d001502,c_elena,to,1
d001502,c_taylor,to,2
d001502,c_chris,cc,3
d001503,c_noah,to,0
d001503,c_elena,to,1
d001503,c_taylor,to,2
d001503,c_chris,cc,3
d001504,c_noah,to,0
d001504,c_elena,to,1
d001504,c_taylor,to,2
d001504,c_chris,cc,3
d001505,c_chris,to,0
d001505,c_noah,to,1
d001505,c_elena,to,2
d001505,c_marcus,cc,3
d001506,c_noah,to,0
d001506,c_taylor,to,1
d001506,c_chris,cc,2
d001507,c_alex_chen,to,0
d001508,c_morgan_zhao,to,0
d001509,c_fac_005,to,0
d001510,c_noah,to,0
d001510,c_elena,to,1
d001510,c_taylor,to,2
d001510,c_chris,cc,3
d001511,c_noah,to,0
d001511,c_elena,to,1
d001511,c_taylor,to,2
d001511,c_chris,cc,3
d001512,c_priya,to,0
d001512,c_quinn,cc,1
d001513,c_elena,to,0
d001513,c_taylor,to,1
d001513,c_lena,to,2
d001514,c_alex_chan,to,0
d001515,c_jamie_lee,to,0
d001516,c_lee,to,0
d001517,c_pat,to,0
d001518,c_fac_001,to,0
d001519,c_noah,to,0
d001519,c_elena,to,1
d001519,c_taylor,to,2
d001519,c_chris,cc,3
d001520,c_noah,to,0
d001520,c_elena,to,1
d001520,c_taylor,to,2
d001520,c_chris,cc,3
d001521,c_noah,to,0
d001521,c_elena,to,1
d001521,c_taylor,to,2
d001521,c_chris,cc,3
d001522,c_noah,to,0
d001522,c_elena,to,1
d001522,c_taylor,to,2
d001522,c_chris,cc,3
d001522,c_lena,bcc,4
d001523,c_noah,to,0
d001523,c_taylor,to,1
d001523,c_chris,cc,2
d001524,c_marcus,to,0
d001525,c_jamie_li,to,0
d001526,c_fac_002,to,0
d001527,c_fac_017,to,0
d001528,c_noah,to,0
d001528,c_elena,to,1
d001528,c_taylor,to,2
d001528,c_chris,cc,3
d001529,c_noah,to,0
d001529,c_elena,to,1
d001529,c_taylor,to,2
d001529,c_chris,cc,3
d001530,c_priya,to,0
d001530,c_quinn,cc,1
d001531,c_elena,to,0
d001531,c_taylor,to,1
d001531,c_lena,to,2
d001532,c_hana,to,0
d001533,c_jamie_lee,to,0
d001534,c_lee,to,0
d001535,c_pat,to,0
d001536,c_fac_003,to,0
d001537,c_noah,to,0
d001537,c_elena,to,1
d001537,c_taylor,to,2
d001537,c_chris,cc,3
d001538,c_noah,to,0
d001538,c_elena,to,1
d001538,c_taylor,to,2
d001538,c_chris,cc,3
d001539,c_noah,to,0
d001539,c_elena,to,1
d001539,c_taylor,to,2
d001539,c_chris,cc,3
d001540,c_elena,to,0
d001540,c_taylor,to,1
d001540,c_lena,to,2
d001541,c_alex_chan,to,0
d001542,c_jamie_lee,to,0
d001543,c_lee,to,0
d001544,c_pat,to,0
d001545,c_sam,to,0
d001546,c_fac_014,to,0
d001547,c_noah,to,0
d001547,c_elena,to,1
d001547,c_taylor,to,2
d001547,c_chris,cc,3
d001548,c_noah,to,0
d001548,c_elena,to,1
d001548,c_taylor,to,2
d001548,c_chris,cc,3
d001549,c_noah,to,0
d001549,c_elena,to,1
d001549,c_taylor,to,2
d001549,c_chris,cc,3
d001549,c_lena,bcc,4
d001550,c_noah,to,0
d001550,c_taylor,to,1
d001550,c_chris,cc,2
d001551,c_alex_chen,to,0
d001552,c_jamie_li,to,0
d001553,c_hana,to,0
d001554,c_fac_015,to,0
d001555,c_noah,to,0
d001555,c_elena,to,1
d001555,c_taylor,to,2
d001555,c_chris,cc,3
d001556,c_noah,to,0
d001556,c_elena,to,1
d001556,c_taylor,to,2
d001556,c_chris,cc,3
d001557,c_priya,to,0
d001557,c_quinn,cc,1
d001558,c_noah,to,0
d001559,c_alex_chan,to,0
d001560,c_morgan_shaw,to,0
d001561,c_lee,to,0
d001562,c_ren,to,0
d001563,c_fac_011,to,0
d001564,c_noah,to,0
d001564,c_elena,to,1
d001564,c_taylor,to,2
d001564,c_chris,cc,3
d001565,c_noah,to,0
d001565,c_elena,to,1
d001565,c_taylor,to,2
d001565,c_chris,cc,3
d001566,c_noah,to,0
d001566,c_elena,to,1
d001566,c_taylor,to,2
d001566,c_chris,cc,3
d001567,c_chris,to,0
d001567,c_noah,to,1
d001567,c_elena,to,2
d001567,c_marcus,cc,3
d001568,c_noah,to,0
d001568,c_taylor,to,1
d001568,c_chris,cc,2
d001569,c_alex_chen,to,0
d001570,c_morgan_zhao,to,0
d001571,c_fac_007,to,0
d001572,c_noah,to,0
d001572,c_elena,to,1
d001572,c_taylor,to,2
d001572,c_chris,cc,3
d001573,c_noah,to,0
d001573,c_elena,to,1
d001573,c_taylor,to,2
d001573,c_chris,cc,3
d001574,c_noah,to,0
d001574,c_elena,to,1
d001574,c_taylor,to,2
d001574,c_chris,cc,3
d001575,c_priya,to,0
d001575,c_quinn,cc,1
d001576,c_maya,to,0
d001577,c_alex_chan,to,0
d001578,c_morgan_shaw,to,0
d001579,c_lee,to,0
d001580,c_ren,to,0
d001581,c_fac_008,to,0
d001582,c_noah,to,0
d001582,c_elena,to,1
d001582,c_taylor,to,2
d001582,c_chris,cc,3
d001583,c_noah,to,0
d001583,c_elena,to,1
d001583,c_taylor,to,2
d001583,c_chris,cc,3
d001584,c_priya,to,0
d001584,c_quinn,cc,1
d001585,c_marcus,to,0
d001586,c_morgan_shaw,to,0
d001587,c_pat,to,0
d001588,c_ren,to,0
d001589,c_fac_009,to,0
d001590,c_noah,to,0
d001590,c_elena,to,1
d001590,c_taylor,to,2
d001590,c_chris,cc,3
d001591,c_noah,to,0
d001591,c_elena,to,1
d001591,c_taylor,to,2
d001591,c_chris,cc,3
d001592,c_noah,to,0
d001592,c_elena,to,1
d001592,c_taylor,to,2
d001592,c_chris,cc,3
d001592,c_lena,bcc,4
d001593,c_noah,to,0
d001593,c_taylor,to,1
d001593,c_chris,cc,2
d001594,c_alex_chen,to,0
d001595,c_jamie_li,to,0
d001596,c_hana,to,0
d001597,c_fac_015,to,0
d001598,c_noah,to,0
d001598,c_elena,to,1
d001598,c_taylor,to,2
d001598,c_chris,cc,3
d001599,c_noah,to,0
d001599,c_elena,to,1
d001599,c_taylor,to,2
d001599,c_chris,cc,3
d001600,c_priya,to,0
d001600,c_quinn,cc,1
d001601,c_noah,to,0
d001602,c_alex_chan,to,0
d001603,c_morgan_shaw,to,0
d001604,c_lee,to,0
d001605,c_ren,to,0
d001606,c_fac_011,to,0
d001607,c_noah,to,0
d001607,c_elena,to,1
d001607,c_taylor,to,2
d001607,c_chris,cc,3
d001608,c_noah,to,0
d001608,c_elena,to,1
d001608,c_taylor,to,2
d001608,c_chris,cc,3
d001609,c_noah,to,0
d001609,c_elena,to,1
d001609,c_taylor,to,2
d001609,c_chris,cc,3
d001610,c_chris,to,0
d001610,c_noah,to,1
d001610,c_elena,to,2
d001610,c_marcus,cc,3
d001611,c_noah,to,0
d001611,c_taylor,to,1
d001611,c_chris,cc,2
d001612,c_alex_chen,to,0
d001613,c_morgan_zhao,to,0
d001614,c_fac_007,to,0
d001615,c_noah,to,0
d001615,c_elena,to,1
d001615,c_taylor,to,2
d001615,c_chris,cc,3
d001616,c_noah,to,0
d001616,c_elena,to,1
d001616,c_taylor,to,2
d001616,c_chris,cc,3
d001617,c_noah,to,0
d001617,c_elena,to,1
d001617,c_taylor,to,2
d001617,c_chris,cc,3
d001618,c_priya,to,0
d001618,c_quinn,cc,1
d001619,c_maya,to,0
d001620,c_alex_chan,to,0
d001621,c_morgan_shaw,to,0
d001622,c_lee,to,0
d001623,c_ren,to,0
d001624,c_fac_008,to,0
d001625,c_noah,to,0
d001625,c_elena,to,1
d001625,c_taylor,to,2
d001625,c_chris,cc,3
d001626,c_noah,to,0
d001626,c_elena,to,1
d001626,c_taylor,to,2
d001626,c_chris,cc,3
d001627,c_priya,to,0
d001627,c_quinn,cc,1
d001628,c_elena,to,0
d001628,c_taylor,to,1
d001628,c_lena,to,2
d001629,c_alex_chan,to,0
d001630,c_morgan_shaw,to,0
d001631,c_lee,to,0
d001632,c_ren,to,0
d001633,c_fac_004,to,0
d001634,c_noah,to,0
d001634,c_elena,to,1
d001634,c_taylor,to,2
d001634,c_chris,cc,3
d001635,c_noah,to,0
d001635,c_elena,to,1
d001635,c_taylor,to,2
d001635,c_chris,cc,3
d001636,c_noah,to,0
d001636,c_elena,to,1
d001636,c_taylor,to,2
d001636,c_chris,cc,3
d001637,c_chris,to,0
d001637,c_noah,to,1
d001637,c_elena,to,2
d001637,c_marcus,cc,3
d001638,c_noah,to,0
d001638,c_taylor,to,1
d001638,c_chris,cc,2
d001639,c_alex_chen,to,0
d001640,c_morgan_zhao,to,0
d001641,c_fac_010,to,0
d001642,c_noah,to,0
d001642,c_elena,to,1
d001642,c_taylor,to,2
d001642,c_chris,cc,3
d001643,c_noah,to,0
d001643,c_elena,to,1
d001643,c_taylor,to,2
d001643,c_chris,cc,3
d001644,c_priya,to,0
d001644,c_quinn,cc,1
d001645,c_elena,to,0
d001645,c_taylor,to,1
d001645,c_lena,to,2
d001646,c_alex_chan,to,0
d001647,c_jamie_lee,to,0
d001648,c_lee,to,0
d001649,c_ren,to,0
d001650,c_fac_006,to,0
d001651,c_noah,to,0
d001651,c_elena,to,1
d001651,c_taylor,to,2
d001651,c_chris,cc,3
d001652,c_noah,to,0
d001652,c_elena,to,1
d001652,c_taylor,to,2
d001652,c_chris,cc,3
d001653,c_noah,to,0
d001653,c_elena,to,1
d001653,c_taylor,to,2
d001653,c_chris,cc,3
d001654,c_noah,to,0
d001654,c_elena,to,1
d001654,c_taylor,to,2
d001654,c_chris,cc,3
d001654,c_lena,bcc,4
d001655,c_noah,to,0
d001655,c_taylor,to,1
d001655,c_chris,cc,2
d001656,c_alex_chen,to,0
d001657,c_jamie_li,to,0
d001658,c_fac_002,to,0
d001659,c_fac_017,to,0
d001660,c_noah,to,0
d001660,c_elena,to,1
d001660,c_taylor,to,2
d001660,c_chris,cc,3
d001661,c_noah,to,0
d001661,c_elena,to,1
d001661,c_taylor,to,2
d001661,c_chris,cc,3
d001662,c_priya,to,0
d001662,c_quinn,cc,1
d001663,c_avery,to,0
d001663,c_devon,to,1
d001664,c_alex_chan,to,0
d001665,c_jamie_lee,to,0
d001666,c_lee,to,0
d001667,c_pat,to,0
d001668,c_fac_003,to,0
d001669,c_noah,to,0
d001669,c_elena,to,1
d001669,c_taylor,to,2
d001669,c_chris,cc,3
d001670,c_noah,to,0
d001670,c_elena,to,1
d001670,c_taylor,to,2
d001670,c_chris,cc,3
d001671,c_noah,to,0
d001671,c_elena,to,1
d001671,c_taylor,to,2
d001671,c_chris,cc,3
d001672,c_elena,to,0
d001672,c_taylor,to,1
d001672,c_lena,to,2
d001673,c_alex_chan,to,0
d001674,c_morgan_shaw,to,0
d001675,c_pat,to,0
d001676,c_ren,to,0
d001677,c_fac_014,to,0
d001678,c_noah,to,0
d001678,c_elena,to,1
d001678,c_taylor,to,2
d001678,c_chris,cc,3
d001679,c_noah,to,0
d001679,c_elena,to,1
d001679,c_taylor,to,2
d001679,c_chris,cc,3
d001680,c_noah,to,0
d001680,c_elena,to,1
d001680,c_taylor,to,2
d001680,c_chris,cc,3
d001680,c_lena,bcc,4
d001681,c_noah,to,0
d001681,c_taylor,to,1
d001681,c_chris,cc,2
d001682,c_alex_chen,to,0
d001683,c_morgan_zhao,to,0
d001684,c_fac_010,to,0
d001685,c_noah,to,0
d001685,c_elena,to,1
d001685,c_taylor,to,2
d001685,c_chris,cc,3
d001686,c_noah,to,0
d001686,c_elena,to,1
d001686,c_taylor,to,2
d001686,c_chris,cc,3
d001687,c_noah,to,0
d001687,c_elena,to,1
d001687,c_taylor,to,2
d001687,c_chris,cc,3
d001688,c_elena,to,0
d001688,c_taylor,to,1
d001688,c_lena,to,2
d001689,c_noah,to,0
d001690,c_jamie_lee,to,0
d001691,c_lee,to,0
d001692,c_pat,to,0
d001693,c_fac_001,to,0
d001694,c_fac_016,to,0
d001695,c_noah,to,0
d001695,c_elena,to,1
d001695,c_taylor,to,2
d001695,c_chris,cc,3
d001696,c_noah,to,0
d001696,c_elena,to,1
d001696,c_taylor,to,2
d001696,c_chris,cc,3
d001697,c_noah,to,0
d001697,c_elena,to,1
d001697,c_taylor,to,2
d001697,c_chris,cc,3
d001697,c_lena,bcc,4
d001698,c_noah,to,0
d001698,c_taylor,to,1
d001698,c_chris,cc,2
d001699,c_alex_chen,to,0
d001700,c_jamie_li,to,0
d001701,c_fac_002,to,0
d001702,c_fac_017,to,0
d001703,c_noah,to,0
d001703,c_elena,to,1
d001703,c_taylor,to,2
d001703,c_chris,cc,3
d001704,c_noah,to,0
d001704,c_elena,to,1
d001704,c_taylor,to,2
d001704,c_chris,cc,3
d001705,c_priya,to,0
d001705,c_quinn,cc,1
d001706,c_avery,to,0
d001706,c_devon,to,1
d001707,c_alex_chan,to,0
d001708,c_jamie_lee,to,0
d001709,c_lee,to,0
d001710,c_pat,to,0
d001711,c_fac_003,to,0
d001712,c_noah,to,0
d001712,c_elena,to,1
d001712,c_taylor,to,2
d001712,c_chris,cc,3
d001713,c_noah,to,0
d001713,c_elena,to,1
d001713,c_taylor,to,2
d001713,c_chris,cc,3
d001714,c_priya,to,0
d001714,c_quinn,cc,1
d001715,c_elena,to,0
d001715,c_taylor,to,1
d001715,c_lena,to,2
d001716,c_alex_chan,to,0
d001717,c_morgan_shaw,to,0
d001718,c_lee,to,0
d001719,c_ren,to,0
d001720,c_fac_009,to,0
d001721,c_noah,to,0
d001721,c_elena,to,1
d001721,c_taylor,to,2
d001721,c_chris,cc,3
d001722,c_noah,to,0
d001722,c_elena,to,1
d001722,c_taylor,to,2
d001722,c_chris,cc,3
d001723,c_noah,to,0
d001723,c_elena,to,1
d001723,c_taylor,to,2
d001723,c_chris,cc,3
d001724,c_chris,to,0
d001724,c_noah,to,1
d001724,c_elena,to,2
d001724,c_marcus,cc,3
d001725,c_noah,to,0
d001725,c_taylor,to,1
d001725,c_chris,cc,2
d001726,c_alex_chen,to,0
d001727,c_morgan_zhao,to,0
d001728,c_fac_010,to,0
d001729,c_noah,to,0
d001729,c_elena,to,1
d001729,c_taylor,to,2
d001729,c_chris,cc,3
d001730,c_noah,to,0
d001730,c_elena,to,1
d001730,c_taylor,to,2
d001730,c_chris,cc,3
d001731,c_noah,to,0
d001731,c_elena,to,1
d001731,c_taylor,to,2
d001731,c_chris,cc,3
d001732,c_elena,to,0
d001732,c_taylor,to,1
d001732,c_lena,to,2
d001733,c_noah,to,0
d001734,c_jamie_lee,to,0
d001735,c_lee,to,0
d001736,c_pat,to,0
d001737,c_fac_001,to,0
d001738,c_fac_016,to,0
d001739,c_noah,to,0
d001739,c_elena,to,1
d001739,c_taylor,to,2
d001739,c_chris,cc,3
d001740,c_noah,to,0
d001740,c_elena,to,1
d001740,c_taylor,to,2
d001740,c_chris,cc,3
d001741,c_noah,to,0
d001741,c_elena,to,1
d001741,c_taylor,to,2
d001741,c_chris,cc,3
d001741,c_lena,bcc,4
d001742,c_noah,to,0
d001742,c_taylor,to,1
d001742,c_chris,cc,2
d001743,c_marcus,to,0
d001744,c_jamie_li,to,0
d001745,c_morgan_zhao,to,0
d001746,c_fac_012,to,0
d001747,c_noah,to,0
d001747,c_elena,to,1
d001747,c_taylor,to,2
d001747,c_chris,cc,3
d001748,c_noah,to,0
d001748,c_elena,to,1
d001748,c_taylor,to,2
d001748,c_chris,cc,3
d001749,c_priya,to,0
d001749,c_quinn,cc,1
d001750,c_elena,to,0
d001750,c_taylor,to,1
d001750,c_lena,to,2
d001751,c_hana,to,0
d001752,c_jamie_lee,to,0
d001753,c_morgan_shaw,to,0
d001754,c_pat,to,0
d001755,c_ren,to,0
d001756,c_noah,to,0
d001756,c_elena,to,1
d001756,c_taylor,to,2
d001756,c_chris,cc,3
d001757,c_noah,to,0
d001757,c_elena,to,1
d001757,c_taylor,to,2
d001757,c_chris,cc,3
d001758,c_noah,to,0
d001758,c_elena,to,1
d001758,c_taylor,to,2
d001758,c_chris,cc,3
d001759,c_priya,to,0
d001759,c_quinn,cc,1
d001760,c_marcus,to,0
d001761,c_jamie_lee,to,0
d001762,c_morgan_shaw,to,0
d001763,c_pat,to,0
d001764,c_sam,to,0
d001765,c_fac_014,to,0
d001766,c_noah,to,0
d001766,c_elena,to,1
d001766,c_taylor,to,2
d001766,c_chris,cc,3
d001767,c_noah,to,0
d001767,c_elena,to,1
d001767,c_taylor,to,2
d001767,c_chris,cc,3
d001768,c_noah,to,0
d001768,c_elena,to,1
d001768,c_taylor,to,2
d001768,c_chris,cc,3
d001768,c_lena,bcc,4
d001769,c_chris,to,0
d001769,c_noah,to,1
d001769,c_elena,to,2
d001769,c_marcus,cc,3
d001770,c_avery,to,0
d001770,c_devon,to,1
d001771,c_jamie_li,to,0
d001772,c_hana,to,0
d001773,c_fac_015,to,0
d001774,c_noah,to,0
d001774,c_elena,to,1
d001774,c_taylor,to,2
d001774,c_chris,cc,3
d001775,c_noah,to,0
d001775,c_elena,to,1
d001775,c_taylor,to,2
d001775,c_chris,cc,3
d001776,c_priya,to,0
d001776,c_quinn,cc,1
d001777,c_elena,to,0
d001777,c_taylor,to,1
d001777,c_lena,to,2
d001778,c_alex_chan,to,0
d001779,c_morgan_shaw,to,0
d001780,c_lee,to,0
d001781,c_ren,to,0
d001782,c_fac_006,to,0
d001783,c_noah,to,0
d001783,c_elena,to,1
d001783,c_taylor,to,2
d001783,c_chris,cc,3
d001784,c_noah,to,0
d001784,c_elena,to,1
d001784,c_taylor,to,2
d001784,c_chris,cc,3
d001785,c_noah,to,0
d001785,c_elena,to,1
d001785,c_taylor,to,2
d001785,c_chris,cc,3
d001785,c_lena,bcc,4
d001786,c_chris,to,0
d001786,c_noah,to,1
d001786,c_elena,to,2
d001786,c_marcus,cc,3
d001787,c_quinn,to,0
d001788,c_alex_chen,to,0
d001789,c_morgan_zhao,to,0
d001790,c_fac_007,to,0
d001791,c_noah,to,0
d001791,c_elena,to,1
d001791,c_taylor,to,2
d001791,c_chris,cc,3
d001792,c_noah,to,0
d001792,c_elena,to,1
d001792,c_taylor,to,2
d001792,c_chris,cc,3
d001793,c_noah,to,0
d001793,c_elena,to,1
d001793,c_taylor,to,2
d001793,c_chris,cc,3
d001794,c_elena,to,0
d001794,c_taylor,to,1
d001794,c_lena,to,2
d001795,c_maya,to,0
d001796,c_alex_chan,to,0
d001797,c_morgan_shaw,to,0
d001798,c_lee,to,0
d001799,c_ren,to,0
d001800,c_fac_013,to,0
d001801,c_noah,to,0
d001801,c_elena,to,1
d001801,c_taylor,to,2
d001801,c_chris,cc,3
d001802,c_noah,to,0
d001802,c_elena,to,1
d001802,c_taylor,to,2
d001802,c_chris,cc,3
d001803,c_priya,to,0
d001803,c_quinn,cc,1
d001804,c_elena,to,0
d001804,c_taylor,to,1
d001804,c_lena,to,2
d001805,c_alex_chan,to,0
d001806,c_morgan_shaw,to,0
d001807,c_pat,to,0
d001808,c_ren,to,0
d001809,c_fac_009,to,0
d001810,c_noah,to,0
d001810,c_elena,to,1
d001810,c_taylor,to,2
d001810,c_chris,cc,3
d001811,c_noah,to,0
d001811,c_elena,to,1
d001811,c_taylor,to,2
d001811,c_chris,cc,3
d001812,c_noah,to,0
d001812,c_elena,to,1
d001812,c_taylor,to,2
d001812,c_chris,cc,3
d001813,c_chris,to,0
d001813,c_noah,to,1
d001813,c_elena,to,2
d001813,c_marcus,cc,3
d001814,c_avery,to,0
d001814,c_devon,to,1
d001815,c_jamie_li,to,0
d001816,c_morgan_zhao,to,0
d001817,c_fac_010,to,0
d001818,c_noah,to,0
d001818,c_elena,to,1
d001818,c_taylor,to,2
d001818,c_chris,cc,3
d001819,c_noah,to,0
d001819,c_elena,to,1
d001819,c_taylor,to,2
d001819,c_chris,cc,3
d001820,c_noah,to,0
d001820,c_elena,to,1
d001820,c_taylor,to,2
d001820,c_chris,cc,3
d001821,c_elena,to,0
d001821,c_taylor,to,1
d001821,c_lena,to,2
d001822,c_alex_chan,to,0
d001823,c_jamie_lee,to,0
d001824,c_lee,to,0
d001825,c_pat,to,0
d001826,c_fac_001,to,0
d001827,c_fac_016,to,0
d001828,c_noah,to,0
d001828,c_elena,to,1
d001828,c_taylor,to,2
d001828,c_chris,cc,3
d001829,c_noah,to,0
d001829,c_elena,to,1
d001829,c_taylor,to,2
d001829,c_chris,cc,3
d001830,c_chris,to,0
d001830,c_noah,to,1
d001830,c_elena,to,2
d001830,c_marcus,cc,3
d001831,c_noah,to,0
d001831,c_taylor,to,1
d001831,c_chris,cc,2
d001832,c_alex_chen,to,0
d001833,c_jamie_li,to,0
d001834,c_fac_002,to,0
d001835,c_noah,to,0
d001835,c_elena,to,1
d001835,c_taylor,to,2
d001835,c_chris,cc,3
d001836,c_noah,to,0
d001836,c_elena,to,1
d001836,c_taylor,to,2
d001836,c_chris,cc,3
d001837,c_noah,to,0
d001837,c_elena,to,1
d001837,c_taylor,to,2
d001837,c_chris,cc,3
d001838,c_priya,to,0
d001838,c_quinn,cc,1
d001839,c_avery,to,0
d001839,c_devon,to,1
d001840,c_alex_chan,to,0
d001841,c_jamie_lee,to,0
d001842,c_lee,to,0
d001843,c_ren,to,0
d001844,c_fac_008,to,0
d001845,c_noah,to,0
d001845,c_elena,to,1
d001845,c_taylor,to,2
d001845,c_chris,cc,3
d001846,c_noah,to,0
d001846,c_elena,to,1
d001846,c_taylor,to,2
d001846,c_chris,cc,3
d001847,c_noah,to,0
d001847,c_elena,to,1
d001847,c_taylor,to,2
d001847,c_chris,cc,3
d001848,c_elena,to,0
d001848,c_taylor,to,1
d001848,c_lena,to,2
d001849,c_alex_chan,to,0
d001850,c_morgan_shaw,to,0
d001851,c_lee,to,0
d001852,c_ren,to,0
d001853,c_fac_004,to,0
d001854,c_noah,to,0
d001854,c_elena,to,1
d001854,c_taylor,to,2
d001854,c_chris,cc,3
d001855,c_noah,to,0
d001855,c_elena,to,1
d001855,c_taylor,to,2
d001855,c_chris,cc,3
d001856,c_noah,to,0
d001856,c_elena,to,1
d001856,c_taylor,to,2
d001856,c_chris,cc,3
d001857,c_chris,to,0
d001857,c_noah,to,1
d001857,c_elena,to,2
d001857,c_marcus,cc,3
d001858,c_avery,to,0
d001858,c_devon,to,1
d001859,c_jamie_li,to,0
d001860,c_morgan_zhao,to,0
d001861,c_fac_010,to,0
d001862,c_noah,to,0
d001862,c_elena,to,1
d001862,c_taylor,to,2
d001862,c_chris,cc,3
d001863,c_noah,to,0
d001863,c_elena,to,1
d001863,c_taylor,to,2
d001863,c_chris,cc,3
d001864,c_priya,to,0
d001864,c_quinn,cc,1
d001865,c_noah,to,0
d001866,c_alex_chan,to,0
d001867,c_morgan_shaw,to,0
d001868,c_pat,to,0
d001869,c_ren,to,0
d001870,c_fac_011,to,0
d001871,c_noah,to,0
d001871,c_elena,to,1
d001871,c_taylor,to,2
d001871,c_chris,cc,3
d001872,c_noah,to,0
d001872,c_elena,to,1
d001872,c_taylor,to,2
d001872,c_chris,cc,3
d001873,c_noah,to,0
d001873,c_elena,to,1
d001873,c_taylor,to,2
d001873,c_chris,cc,3
d001873,c_lena,bcc,4
d001874,c_noah,to,0
d001874,c_taylor,to,1
d001874,c_chris,cc,2
d001875,c_alex_chen,to,0
d001876,c_jamie_li,to,0
d001877,c_fac_002,to,0
d001878,c_noah,to,0
d001878,c_elena,to,1
d001878,c_taylor,to,2
d001878,c_chris,cc,3
d001879,c_noah,to,0
d001879,c_elena,to,1
d001879,c_taylor,to,2
d001879,c_chris,cc,3
d001880,c_noah,to,0
d001880,c_elena,to,1
d001880,c_taylor,to,2
d001880,c_chris,cc,3
d001881,c_priya,to,0
d001881,c_quinn,cc,1
d001882,c_avery,to,0
d001882,c_devon,to,1
d001883,c_alex_chan,to,0
d001884,c_jamie_lee,to,0
d001885,c_lee,to,0
d001886,c_ren,to,0
d001887,c_fac_008,to,0
d001888,c_noah,to,0
d001888,c_elena,to,1
d001888,c_taylor,to,2
d001888,c_chris,cc,3
d001889,c_noah,to,0
d001889,c_elena,to,1
d001889,c_taylor,to,2
d001889,c_chris,cc,3
d001890,c_noah,to,0
d001890,c_elena,to,1
d001890,c_taylor,to,2
d001890,c_chris,cc,3
d001891,c_elena,to,0
d001891,c_taylor,to,1
d001891,c_lena,to,2
d001892,c_alex_chan,to,0
d001893,c_morgan_shaw,to,0
d001894,c_lee,to,0
d001895,c_ren,to,0
d001896,c_fac_004,to,0
d001897,c_noah,to,0
d001897,c_elena,to,1
d001897,c_taylor,to,2
d001897,c_chris,cc,3
d001898,c_noah,to,0
d001898,c_elena,to,1
d001898,c_taylor,to,2
d001898,c_chris,cc,3
d001899,c_noah,to,0
d001899,c_elena,to,1
d001899,c_taylor,to,2
d001899,c_chris,cc,3
d001900,c_chris,to,0
d001900,c_noah,to,1
d001900,c_elena,to,2
d001900,c_marcus,cc,3
d001901,c_noah,to,0
d001901,c_taylor,to,1
d001901,c_chris,cc,2
d001902,c_alex_chen,to,0
d001903,c_morgan_zhao,to,0
d001904,c_fac_005,to,0
d001905,c_noah,to,0
d001905,c_elena,to,1
d001905,c_taylor,to,2
d001905,c_chris,cc,3
d001906,c_noah,to,0
d001906,c_elena,to,1
d001906,c_taylor,to,2
d001906,c_chris,cc,3
d001907,c_noah,to,0
d001907,c_elena,to,1
d001907,c_taylor,to,2
d001907,c_chris,cc,3
d001908,c_elena,to,0
d001908,c_taylor,to,1
d001908,c_lena,to,2
d001909,c_noah,to,0
d001910,c_jamie_lee,to,0
d001911,c_morgan_shaw,to,0
d001912,c_pat,to,0
d001913,c_ren,to,0
d001914,c_fac_016,to,0
d001915,c_noah,to,0
d001915,c_elena,to,1
d001915,c_taylor,to,2
d001915,c_chris,cc,3
d001916,c_noah,to,0
d001916,c_elena,to,1
d001916,c_taylor,to,2
d001916,c_chris,cc,3
d001917,c_noah,to,0
d001917,c_elena,to,1
d001917,c_taylor,to,2
d001917,c_chris,cc,3
d001917,c_lena,bcc,4
d001918,c_chris,to,0
d001918,c_noah,to,1
d001918,c_elena,to,2
d001918,c_marcus,cc,3
d001919,c_quinn,to,0
d001920,c_alex_chen,to,0
d001921,c_morgan_zhao,to,0
d001922,c_fac_012,to,0
d001923,c_noah,to,0
d001923,c_elena,to,1
d001923,c_taylor,to,2
d001923,c_chris,cc,3
d001924,c_noah,to,0
d001924,c_elena,to,1
d001924,c_taylor,to,2
d001924,c_chris,cc,3
d001925,c_priya,to,0
d001925,c_quinn,cc,1
d001926,c_elena,to,0
d001926,c_taylor,to,1
d001926,c_lena,to,2
d001927,c_hana,to,0
d001928,c_jamie_lee,to,0
d001929,c_lee,to,0
d001930,c_pat,to,0
d001931,c_fac_003,to,0
d001932,c_noah,to,0
d001932,c_elena,to,1
d001932,c_taylor,to,2
d001932,c_chris,cc,3
d001933,c_noah,to,0
d001933,c_elena,to,1
d001933,c_taylor,to,2
d001933,c_chris,cc,3
d001934,c_noah,to,0
d001934,c_elena,to,1
d001934,c_taylor,to,2
d001934,c_chris,cc,3
d001935,c_priya,to,0
d001935,c_quinn,cc,1
d001936,c_alex_chan,to,0
d001937,c_jamie_lee,to,0
d001938,c_lee,to,0
d001939,c_pat,to,0
d001940,c_sam,to,0
d001941,c_fac_014,to,0
d001942,c_noah,to,0
d001942,c_elena,to,1
d001942,c_taylor,to,2
d001942,c_chris,cc,3
d001943,c_noah,to,0
d001943,c_elena,to,1
d001943,c_taylor,to,2
d001943,c_chris,cc,3
d001944,c_chris,to,0
d001944,c_noah,to,1
d001944,c_elena,to,2
d001944,c_marcus,cc,3
d001945,c_noah,to,0
d001945,c_taylor,to,1
d001945,c_chris,cc,2
d001946,c_alex_chen,to,0
d001947,c_morgan_zhao,to,0
d001948,c_fac_005,to,0
d001949,c_noah,to,0
d001949,c_elena,to,1
d001949,c_taylor,to,2
d001949,c_chris,cc,3
d001950,c_noah,to,0
d001950,c_elena,to,1
d001950,c_taylor,to,2
d001950,c_chris,cc,3
d001951,c_noah,to,0
d001951,c_elena,to,1
d001951,c_taylor,to,2
d001951,c_chris,cc,3
d001952,c_elena,to,0
d001952,c_taylor,to,1
d001952,c_lena,to,2
d001953,c_noah,to,0
d001954,c_jamie_lee,to,0
d001955,c_morgan_shaw,to,0
d001956,c_pat,to,0
d001957,c_ren,to,0
d001958,c_fac_016,to,0
d001959,c_noah,to,0
d001959,c_elena,to,1
d001959,c_taylor,to,2
d001959,c_chris,cc,3
d001960,c_noah,to,0
d001960,c_elena,to,1
d001960,c_taylor,to,2
d001960,c_chris,cc,3
d001961,c_noah,to,0
d001961,c_elena,to,1
d001961,c_taylor,to,2
d001961,c_chris,cc,3
d001961,c_lena,bcc,4
d001962,c_chris,to,0
d001962,c_noah,to,1
d001962,c_elena,to,2
d001962,c_marcus,cc,3
d001963,c_quinn,to,0
d001964,c_alex_chen,to,0
d001965,c_morgan_zhao,to,0
d001966,c_fac_012,to,0
d001967,c_noah,to,0
d001967,c_elena,to,1
d001967,c_taylor,to,2
d001967,c_chris,cc,3
d001968,c_noah,to,0
d001968,c_elena,to,1
d001968,c_taylor,to,2
d001968,c_chris,cc,3
d001969,c_noah,to,0
d001969,c_elena,to,1
d001969,c_taylor,to,2
d001969,c_chris,cc,3
d001970,c_elena,to,0
d001970,c_taylor,to,1
d001970,c_lena,to,2
d001971,c_maya,to,0
d001972,c_jamie_lee,to,0
d001973,c_morgan_shaw,to,0
d001974,c_pat,to,0
d001975,c_ren,to,0
d001976,c_fac_013,to,0
d001977,c_noah,to,0
d001977,c_elena,to,1
d001977,c_taylor,to,2
d001977,c_chris,cc,3
d001978,c_noah,to,0
d001978,c_elena,to,1
d001978,c_taylor,to,2
d001978,c_chris,cc,3
d001979,c_priya,to,0
d001979,c_quinn,cc,1
d001980,c_marcus,to,0
d001981,c_jamie_lee,to,0
d001982,c_morgan_shaw,to,0
d001983,c_pat,to,0
d001984,c_ren,to,0
d001985,c_fac_009,to,0
d001986,c_noah,to,0
d001986,c_elena,to,1
d001986,c_taylor,to,2
d001986,c_chris,cc,3
d001987,c_noah,to,0
d001987,c_elena,to,1
d001987,c_taylor,to,2
d001987,c_chris,cc,3
d001988,c_noah,to,0
d001988,c_elena,to,1
d001988,c_taylor,to,2
d001988,c_chris,cc,3
d001988,c_lena,bcc,4
d001989,c_chris,to,0
d001989,c_noah,to,1
d001989,c_elena,to,2
d001989,c_marcus,cc,3
d001990,c_avery,to,0
d001990,c_devon,to,1
d001991,c_jamie_li,to,0
d001992,c_morgan_zhao,to,0
d001993,c_fac_010,to,0
d001994,c_noah,to,0
d001994,c_elena,to,1
d001994,c_taylor,to,2
d001994,c_chris,cc,3
d001995,c_noah,to,0
d001995,c_elena,to,1
d001995,c_taylor,to,2
d001995,c_chris,cc,3
d001996,c_priya,to,0
d001996,c_quinn,cc,1
d001997,c_noah,to,0
d001998,c_alex_chan,to,0
d001999,c_morgan_shaw,to,0
d002000,c_lee,to,0
d002001,c_ren,to,0
d002002,c_fac_011,to,0
d002003,c_noah,to,0
d002003,c_elena,to,1
d002003,c_taylor,to,2
d002003,c_chris,cc,3
d002004,c_noah,to,0
d002004,c_elena,to,1
d002004,c_taylor,to,2
d002004,c_chris,cc,3
d002005,c_noah,to,0
d002005,c_elena,to,1
d002005,c_taylor,to,2
d002005,c_chris,cc,3
d002006,c_chris,to,0
d002006,c_noah,to,1
d002006,c_elena,to,2
d002006,c_marcus,cc,3
d002007,c_noah,to,0
d002007,c_taylor,to,1
d002007,c_chris,cc,2
d002008,c_alex_chen,to,0
d002009,c_morgan_zhao,to,0
d002010,c_fac_007,to,0
d002011,c_noah,to,0
d002011,c_elena,to,1
d002011,c_taylor,to,2
d002011,c_chris,cc,3
d002012,c_noah,to,0
d002012,c_elena,to,1
d002012,c_taylor,to,2
d002012,c_chris,cc,3
d002013,c_noah,to,0
d002013,c_elena,to,1
d002013,c_taylor,to,2
d002013,c_chris,cc,3
d002014,c_priya,to,0
d002014,c_quinn,cc,1
d002015,c_maya,to,0
d002016,c_alex_chan,to,0
d002017,c_morgan_shaw,to,0
d002018,c_lee,to,0
d002019,c_ren,to,0
d002020,c_fac_008,to,0
d002021,c_noah,to,0
d002021,c_elena,to,1
d002021,c_taylor,to,2
d002021,c_chris,cc,3
d002022,c_noah,to,0
d002022,c_elena,to,1
d002022,c_taylor,to,2
d002022,c_chris,cc,3
d002023,c_priya,to,0
d002023,c_quinn,cc,1
d002024,c_elena,to,0
d002024,c_taylor,to,1
d002024,c_lena,to,2
d002025,c_alex_chan,to,0
d002026,c_morgan_shaw,to,0
d002027,c_lee,to,0
d002028,c_ren,to,0
d002029,c_fac_004,to,0
d002030,c_noah,to,0
d002030,c_elena,to,1
d002030,c_taylor,to,2
d002030,c_chris,cc,3
d002031,c_noah,to,0
d002031,c_elena,to,1
d002031,c_taylor,to,2
d002031,c_chris,cc,3
d002032,c_noah,to,0
d002032,c_elena,to,1
d002032,c_taylor,to,2
d002032,c_chris,cc,3
d002033,c_chris,to,0
d002033,c_noah,to,1
d002033,c_elena,to,2
d002033,c_marcus,cc,3
d002034,c_noah,to,0
d002034,c_taylor,to,1
d002034,c_chris,cc,2
d002035,c_alex_chen,to,0
d002036,c_morgan_zhao,to,0
d002037,c_fac_010,to,0
d002038,c_noah,to,0
d002038,c_elena,to,1
d002038,c_taylor,to,2
d002038,c_chris,cc,3
d002039,c_noah,to,0
d002039,c_elena,to,1
d002039,c_taylor,to,2
d002039,c_chris,cc,3
d002040,c_noah,to,0
d002040,c_elena,to,1
d002040,c_taylor,to,2
d002040,c_chris,cc,3
d002041,c_elena,to,0
d002041,c_taylor,to,1
d002041,c_lena,to,2
d002042,c_noah,to,0
d002043,c_jamie_lee,to,0
d002044,c_lee,to,0
d002045,c_pat,to,0
d002046,c_fac_001,to,0
d002047,c_fac_016,to,0
d002048,c_noah,to,0
d002048,c_elena,to,1
d002048,c_taylor,to,2
d002048,c_chris,cc,3
d002049,c_noah,to,0
d002049,c_elena,to,1
d002049,c_taylor,to,2
d002049,c_chris,cc,3
d002050,c_noah,to,0
d002050,c_elena,to,1
d002050,c_taylor,to,2
d002050,c_chris,cc,3
d002050,c_lena,bcc,4
d002051,c_noah,to,0
d002051,c_taylor,to,1
d002051,c_chris,cc,2
d002052,c_marcus,to,0
d002053,c_jamie_li,to,0
d002054,c_morgan_zhao,to,0
d002055,c_fac_012,to,0
d002056,c_noah,to,0
d002056,c_elena,to,1
d002056,c_taylor,to,2
d002056,c_chris,cc,3
d002057,c_noah,to,0
d002057,c_elena,to,1
d002057,c_taylor,to,2
d002057,c_chris,cc,3
d002058,c_priya,to,0
d002058,c_quinn,cc,1
d002059,c_elena,to,0
d002059,c_taylor,to,1
d002059,c_lena,to,2
d002060,c_hana,to,0
d002061,c_jamie_lee,to,0
d002062,c_morgan_shaw,to,0
d002063,c_pat,to,0
d002064,c_ren,to,0
d002065,c_alex_chen,to,0
d002066,c_jamie_li,to,0
d002067,c_morgan_zhao,to,0
d002068,c_alex_chen,to,0
d002069,c_alex_chan,to,0
d002070,c_jamie_li,to,0
d002071,c_jamie_lee,to,0
d002072,c_morgan_zhao,to,0
d002073,c_morgan_shaw,to,0
d002074,c_alex_chen,to,0
d002075,c_alex_chan,to,0
d002076,c_chris,to,0
d002076,c_noah,to,1
d002076,c_elena,to,2
d002076,c_marcus,cc,3
d002076,c_lee,cc,4
d002077,c_chris,to,0
d002077,c_noah,to,1
d002077,c_elena,to,2
d002077,c_marcus,cc,3
d002077,c_pat,cc,4
d002078,c_chris,to,0
d002078,c_noah,to,1
d002078,c_elena,to,2
d002078,c_marcus,cc,3
d002078,c_ren,cc,4
d002079,c_chris,to,0
d002079,c_noah,to,1
d002079,c_elena,to,2
d002079,c_marcus,cc,3
d002079,c_lee,cc,4
d002080,c_chris,to,0
d002080,c_noah,to,1
d002080,c_elena,to,2
d002080,c_marcus,cc,3
d002081,c_chris,to,0
d002081,c_noah,to,1
d002081,c_elena,to,2
d002081,c_marcus,cc,3
d002081,c_pat,cc,4
d002082,c_chris,to,0
d002082,c_noah,to,1
d002082,c_elena,to,2
d002082,c_marcus,cc,3
d002083,c_chris,to,0
d002083,c_noah,to,1
d002083,c_elena,to,2
d002083,c_marcus,cc,3
d002083,c_ren,cc,4
d002084,c_chris,to,0
d002084,c_noah,to,1
d002084,c_elena,to,2
d002084,c_marcus,cc,3
d002085,c_chris,to,0
d002085,c_noah,to,1
d002085,c_elena,to,2
d002085,c_marcus,cc,3
d002085,c_lee,cc,4
d002086,c_chris,to,0
d002086,c_noah,to,1
d002086,c_elena,to,2
d002086,c_marcus,cc,3
d002087,c_fac_001,to,0
d002088,c_fac_002,to,0
d002089,c_fac_003,to,0
d002090,c_priya,to,0
d002090,c_quinn,cc,1
d002091,c_fac_004,to,0
d002092,c_priya,to,0
d002092,c_quinn,cc,1
d002093,c_fac_001,to,0
d002094,c_priya,to,0
d002094,c_quinn,cc,1
d002095,c_fac_002,to,0
d002096,c_priya,to,0
d002096,c_quinn,cc,1
d002097,c_noah,to,0
d002097,c_elena,to,1
d002097,c_taylor,to,2
d002097,c_chris,cc,3
d002097,c_alex_chen,cc,4
d002098,c_noah,to,0
d002098,c_elena,to,1
d002098,c_taylor,to,2
d002098,c_chris,cc,3
d002098,c_alex_chen,cc,4
d002099,c_noah,to,0
d002099,c_elena,to,1
d002099,c_taylor,to,2
d002099,c_chris,cc,3
d002100,c_noah,to,0
d002100,c_elena,to,1
d002100,c_taylor,to,2
d002100,c_chris,cc,3
d002100,c_jamie_li,cc,4
d002101,c_noah,to,0
d002101,c_elena,to,1
d002101,c_taylor,to,2
d002101,c_chris,cc,3
d002102,c_noah,to,0
d002102,c_elena,to,1
d002102,c_taylor,to,2
d002102,c_chris,cc,3
d002102,c_morgan_zhao,cc,4
d002103,c_noah,to,0
d002103,c_elena,to,1
d002103,c_taylor,to,2
d002103,c_chris,cc,3
d002104,c_noah,to,0
d002104,c_elena,to,1
d002104,c_taylor,to,2
d002104,c_chris,cc,3
d002104,c_alex_chen,cc,4
d002105,c_noah,to,0
d002105,c_elena,to,1
d002105,c_taylor,to,2
d002105,c_chris,cc,3
d002106,c_noah,to,0
d002106,c_elena,to,1
d002106,c_taylor,to,2
d002106,c_chris,cc,3
d002106,c_lee,bcc,4
d002107,c_noah,to,0
d002107,c_elena,to,1
d002107,c_taylor,to,2
d002107,c_chris,cc,3
d002108,c_noah,to,0
d002108,c_elena,to,1
d002108,c_taylor,to,2
d002108,c_chris,cc,3
d002108,c_pat,bcc,4
d002109,c_noah,to,0
d002109,c_elena,to,1
d002109,c_taylor,to,2
d002109,c_chris,cc,3
d002110,c_noah,to,0
d002110,c_elena,to,1
d002110,c_taylor,to,2
d002110,c_chris,cc,3
d002110,c_ren,bcc,4
d002111,c_noah,to,0
d002111,c_elena,to,1
d002111,c_taylor,to,2
d002111,c_chris,cc,3
d002112,c_noah,to,0
d002112,c_elena,to,1
d002112,c_taylor,to,2
d002112,c_chris,cc,3
d002112,c_lee,bcc,4
d002113,c_noah,to,0
d002113,c_elena,to,1
d002113,c_taylor,to,2
d002113,c_chris,cc,3
d002114,c_noah,to,0
d002114,c_elena,to,1
d002114,c_taylor,to,2
d002114,c_chris,cc,3
d002114,c_alex_chen,cc,4
d002114,c_lee,bcc,5
d002115,c_noah,to,0
d002115,c_elena,to,1
d002115,c_taylor,to,2
d002115,c_chris,cc,3
d002115,c_alex_chen,cc,4
d002115,c_lee,bcc,5
d002116,c_noah,to,0
d002116,c_elena,to,1
d002116,c_taylor,to,2
d002116,c_chris,cc,3
d002117,c_noah,to,0
d002117,c_elena,to,1
d002117,c_taylor,to,2
d002117,c_chris,cc,3
d002117,c_jamie_li,cc,4
d002117,c_pat,bcc,5
d002118,c_noah,to,0
d002118,c_elena,to,1
d002118,c_taylor,to,2
d002118,c_chris,cc,3
d002119,c_noah,to,0
d002119,c_elena,to,1
d002119,c_taylor,to,2
d002119,c_chris,cc,3
d002119,c_morgan_zhao,cc,4
d002119,c_ren,bcc,5
d002120,c_noah,to,0
d002120,c_elena,to,1
d002120,c_taylor,to,2
d002120,c_chris,cc,3
d002121,c_noah,to,0
d002121,c_elena,to,1
d002121,c_taylor,to,2
d002121,c_chris,cc,3
d002121,c_alex_chen,cc,4
d002121,c_lee,bcc,5
d002122,c_noah,to,0
d002122,c_elena,to,1
d002122,c_taylor,to,2
d002122,c_chris,cc,3
d002123,c_noah,to,0
d002123,c_elena,to,1
d002123,c_taylor,to,2
d002123,c_chris,cc,3
d002123,c_lena,bcc,4
d002124,c_alex_chen,to,0
d002125,c_alex_chan,to,0
d002126,c_jamie_li,to,0
d002127,c_jamie_lee,to,0
d002128,c_morgan_zhao,to,0
d002129,c_morgan_shaw,to,0
d002130,c_alex_chen,to,0
d002131,c_alex_chan,to,0
d002132,c_noah,to,0
d002132,c_elena,to,1
d002132,c_taylor,to,2
d002132,c_chris,cc,3
d002133,c_lee,to,0
d002134,c_new_041,to,0
d002135,c_new_042,to,0
d002136,c_new_043,to,0
d002137,c_new_044,to,0
d002138,c_new_045,to,0
d002139,c_new_046,to,0
d002140,c_new_047,to,0
d002141,c_new_048,to,0
d002142,c_new_049,to,0
d002143,c_new_050,to,0
d002144,c_fac_013,to,0
d002145,c_fac_014,to,0
d002146,c_fac_015,to,0
d002147,c_fac_016,to,0
d002148,c_fac_017,to,0
d002149,c_maya,to,0
d002149,c_noah,to,1
d002150,c_maya,to,0
d002150,c_noah,to,1
d002151,c_maya,to,0
d002151,c_noah,to,1
d002152,c_maya,to,0
d002152,c_noah,to,1
d002153,c_noah,to,0
d002154,c_noah,to,0
d002155,c_noah,to,0
d002156,c_noah,to,0
d002157,c_noah,to,0
d002157,c_elena,to,1
d002157,c_taylor,to,2
d002157,c_chris,cc,3
d002158,c_noah,to,0
d002158,c_elena,to,1
d002158,c_taylor,to,2
d002158,c_chris,cc,3
d002159,c_noah,to,0
d002159,c_elena,to,1
d002159,c_taylor,to,2
d002159,c_chris,cc,3
d002160,c_noah,to,0
d002160,c_elena,to,1
d002160,c_taylor,to,2
d002160,c_chris,cc,3
d002161,c_noah,to,0
d002161,c_elena,to,1
d002161,c_taylor,to,2
d002161,c_chris,cc,3
d002162,c_lee,to,0
d002163,c_lee,to,0
d002164,c_lee,to,0
d002165,c_lee,to,0
d002166,c_lee,to,0
d002167,c_noah,to,0
d002167,c_elena,to,1
d002167,c_taylor,to,2
d002167,c_chris,cc,3
d002167,c_lena,bcc,4
d002168,c_noah,to,0
d002168,c_elena,to,1
d002168,c_taylor,to,2
d002168,c_chris,cc,3
d002168,c_lena,bcc,4
d002169,c_noah,to,0
d002169,c_elena,to,1
d002169,c_taylor,to,2
d002169,c_chris,cc,3
d002169,c_lena,bcc,4
d002170,c_noah,to,0
d002170,c_elena,to,1
d002170,c_taylor,to,2
d002170,c_chris,cc,3
d002170,c_lena,bcc,4
d002171,c_noah,to,0
d002171,c_elena,to,1
d002171,c_taylor,to,2
d002171,c_chris,cc,3
d002171,c_lena,bcc,4
d002172,c_noah,to,0
d002172,c_elena,to,1
d002172,c_taylor,to,2
d002172,c_chris,cc,3
d002172,c_lena,bcc,4
d002173,c_noah,to,0
d002173,c_elena,to,1
d002173,c_taylor,to,2
d002173,c_chris,cc,3
d002173,c_lena,bcc,4
d002174,c_noah,to,0
d002174,c_elena,to,1
d002174,c_taylor,to,2
d002174,c_chris,cc,3
d002174,c_lena,bcc,4
d002175,c_noah,to,0
d002175,c_elena,to,1
d002175,c_taylor,to,2
d002175,c_chris,cc,3
d002176,c_noah,to,0
d002176,c_elena,to,1
d002176,c_taylor,to,2
d002176,c_chris,cc,3
d002177,c_noah,to,0
d002177,c_elena,to,1
d002177,c_taylor,to,2
d002177,c_chris,cc,3
d002178,c_noah,to,0
d002178,c_elena,to,1
d002178,c_taylor,to,2
d002178,c_chris,cc,3
d002179,c_priya,to,0
d002179,c_quinn,cc,1
d002180,c_elena,to,0
d002180,c_taylor,to,1
d002180,c_lena,to,2
d002181,c_elena,to,0
d002181,c_taylor,to,1
d002181,c_lena,to,2
d002182,c_marcus,to,0
d002183,c_pat,to,0
d002184,c_ren,to,0
d002185,c_ren,to,0
d002186,c_sam,to,0
d002187,c_fac_009,to,0
d002188,c_fac_014,to,0
d002189,c_noah,to,0
d002189,c_elena,to,1
d002189,c_taylor,to,2
d002189,c_chris,cc,3
d002190,c_noah,to,0
d002190,c_elena,to,1
d002190,c_taylor,to,2
d002190,c_chris,cc,3
d002191,c_noah,to,0
d002191,c_elena,to,1
d002191,c_taylor,to,2
d002191,c_chris,cc,3
d002192,c_noah,to,0
d002192,c_elena,to,1
d002192,c_taylor,to,2
d002192,c_chris,cc,3
d002193,c_noah,to,0
d002193,c_elena,to,1
d002193,c_taylor,to,2
d002193,c_chris,cc,3
d002194,c_noah,to,0
d002194,c_elena,to,1
d002194,c_taylor,to,2
d002194,c_chris,cc,3
d002195,c_chris,to,0
d002195,c_noah,to,1
d002195,c_elena,to,2
d002195,c_marcus,cc,3
d002196,c_noah,to,0
d002196,c_taylor,to,1
d002196,c_chris,cc,2
d002197,c_noah,to,0
d002197,c_taylor,to,1
d002197,c_chris,cc,2
d002198,c_avery,to,0
d002198,c_devon,to,1
d002199,c_alex_chen,to,0
d002200,c_jamie_li,to,0
d002201,c_jamie_li,to,0
d002202,c_morgan_zhao,to,0
d002203,c_hana,to,0
d002204,c_fac_005,to,0
d002205,c_fac_010,to,0
d002206,c_noah,to,0
d002206,c_elena,to,1
d002206,c_taylor,to,2
d002206,c_chris,cc,3
d002207,c_noah,to,0
d002207,c_elena,to,1
d002207,c_taylor,to,2
d002207,c_chris,cc,3
d002208,c_noah,to,0
d002208,c_elena,to,1
d002208,c_taylor,to,2
d002208,c_chris,cc,3
d002209,c_noah,to,0
d002209,c_elena,to,1
d002209,c_taylor,to,2
d002209,c_chris,cc,3
d002210,c_noah,to,0
d002210,c_elena,to,1
d002210,c_taylor,to,2
d002210,c_chris,cc,3
d002211,c_noah,to,0
d002211,c_elena,to,1
d002211,c_taylor,to,2
d002211,c_chris,cc,3
d002212,c_noah,to,0
d002212,c_elena,to,1
d002212,c_taylor,to,2
d002212,c_chris,cc,3
d002213,c_priya,to,0
d002213,c_quinn,cc,1
d002214,c_elena,to,0
d002214,c_taylor,to,1
d002214,c_lena,to,2
d002215,c_elena,to,0
d002215,c_taylor,to,1
d002215,c_lena,to,2
d002216,c_noah,to,0
d002217,c_noah,to,0
d002218,c_alex_chan,to,0
d002219,c_jamie_lee,to,0
d002220,c_jamie_lee,to,0
d002221,c_morgan_shaw,to,0
d002222,c_lee,to,0
d002223,c_lee,to,0
d002224,c_pat,to,0
d002225,c_pat,to,0
d002226,c_ren,to,0
d002227,c_fac_001,to,0
d002228,c_fac_006,to,0
d002229,c_fac_016,to,0
d002230,c_noah,to,0
d002230,c_elena,to,1
d002230,c_taylor,to,2
d002230,c_chris,cc,3
d002231,c_noah,to,0
d002231,c_elena,to,1
d002231,c_taylor,to,2
d002231,c_chris,cc,3
d002232,c_noah,to,0
d002232,c_elena,to,1
d002232,c_taylor,to,2
d002232,c_chris,cc,3
d002233,c_noah,to,0
d002233,c_elena,to,1
d002233,c_taylor,to,2
d002233,c_chris,cc,3
d002234,c_noah,to,0
d002234,c_elena,to,1
d002234,c_taylor,to,2
d002234,c_chris,cc,3
d002235,c_noah,to,0
d002235,c_elena,to,1
d002235,c_taylor,to,2
d002235,c_chris,cc,3
d002236,c_noah,to,0
d002236,c_elena,to,1
d002236,c_taylor,to,2
d002236,c_chris,cc,3
d002237,c_noah,to,0
d002237,c_elena,to,1
d002237,c_taylor,to,2
d002237,c_chris,cc,3
d002237,c_lena,bcc,4
d002238,c_chris,to,0
d002238,c_noah,to,1
d002238,c_elena,to,2
d002238,c_marcus,cc,3
d002239,c_chris,to,0
d002239,c_noah,to,1
d002239,c_elena,to,2
d002239,c_marcus,cc,3
d002240,c_noah,to,0
d002240,c_taylor,to,1
d002240,c_chris,cc,2
d002241,c_quinn,to,0
d002242,c_marcus,to,0
d002243,c_alex_chen,to,0
d002244,c_alex_chen,to,0
d002245,c_jamie_li,to,0
d002246,c_morgan_zhao,to,0
d002247,c_morgan_zhao,to,0
d002248,c_fac_002,to,0
d002249,c_fac_012,to,0
d002250,c_fac_017,to,0
d002251,c_noah,to,0
d002251,c_elena,to,1
d002251,c_taylor,to,2
d002251,c_chris,cc,3
d002252,c_noah,to,0
d002252,c_elena,to,1
d002252,c_taylor,to,2
d002252,c_chris,cc,3
d002253,c_noah,to,0
d002253,c_elena,to,1
d002253,c_taylor,to,2
d002253,c_chris,cc,3
d002254,c_noah,to,0
d002254,c_elena,to,1
d002254,c_taylor,to,2
d002254,c_chris,cc,3
d002255,c_noah,to,0
d002255,c_elena,to,1
d002255,c_taylor,to,2
d002255,c_chris,cc,3
d002256,c_noah,to,0
d002256,c_elena,to,1
d002256,c_taylor,to,2
d002256,c_chris,cc,3
d002257,c_priya,to,0
d002257,c_quinn,cc,1
d002258,c_priya,to,0
d002258,c_quinn,cc,1
d002259,c_elena,to,0
d002259,c_taylor,to,1
d002259,c_lena,to,2
d002260,c_avery,to,0
d002260,c_devon,to,1
d002261,c_maya,to,0
d002262,c_hana,to,0
d002263,c_alex_chan,to,0
d002264,c_jamie_lee,to,0
d002265,c_jamie_lee,to,0
d002266,c_morgan_shaw,to,0
d002267,c_morgan_shaw,to,0
d002268,c_lee,to,0
d002269,c_pat,to,0
d002270,c_pat,to,0
d002271,c_ren,to,0
d002272,c_fac_003,to,0
d002273,c_fac_008,to,0
d002274,c_fac_013,to,0
d002275,c_noah,to,0
d002275,c_elena,to,1
d002275,c_taylor,to,2
d002275,c_chris,cc,3
d002276,c_noah,to,0
d002276,c_elena,to,1
d002276,c_taylor,to,2
d002276,c_chris,cc,3
d002277,c_noah,to,0
d002277,c_elena,to,1
d002277,c_taylor,to,2
d002277,c_chris,cc,3
d002278,c_noah,to,0
d002278,c_elena,to,1
d002278,c_taylor,to,2
d002278,c_chris,cc,3
d002279,c_noah,to,0
d002279,c_elena,to,1
d002279,c_taylor,to,2
d002279,c_chris,cc,3
d002280,c_noah,to,0
d002280,c_elena,to,1
d002280,c_taylor,to,2
d002280,c_chris,cc,3
d002281,c_priya,to,0
d002281,c_quinn,cc,1
d002282,c_priya,to,0
d002282,c_quinn,cc,1
d002283,c_elena,to,0
d002283,c_taylor,to,1
d002283,c_lena,to,2
d002284,c_marcus,to,0
d002285,c_alex_chan,to,0
d002286,c_alex_chan,to,0
d002287,c_jamie_lee,to,0
d002288,c_morgan_shaw,to,0
d002289,c_morgan_shaw,to,0
d002290,c_lee,to,0
d002291,c_pat,to,0
d002292,c_pat,to,0
d002293,c_ren,to,0
d002294,c_ren,to,0
d002295,c_fac_004,to,0
d002296,c_fac_009,to,0
d002297,c_fac_014,to,0
d002298,c_noah,to,0
d002298,c_elena,to,1
d002298,c_taylor,to,2
d002298,c_chris,cc,3
d002299,c_noah,to,0
d002299,c_elena,to,1
d002299,c_taylor,to,2
d002299,c_chris,cc,3
d002300,c_noah,to,0
d002300,c_elena,to,1
d002300,c_taylor,to,2
d002300,c_chris,cc,3
d002301,c_noah,to,0
d002301,c_elena,to,1
d002301,c_taylor,to,2
d002301,c_chris,cc,3
d002302,c_noah,to,0
d002302,c_elena,to,1
d002302,c_taylor,to,2
d002302,c_chris,cc,3
d002303,c_noah,to,0
d002303,c_elena,to,1
d002303,c_taylor,to,2
d002303,c_chris,cc,3
d002303,c_lena,bcc,4
d002304,c_noah,to,0
d002304,c_elena,to,1
d002304,c_taylor,to,2
d002304,c_chris,cc,3
d002304,c_lena,bcc,4
d002305,c_chris,to,0
d002305,c_noah,to,1
d002305,c_elena,to,2
d002305,c_marcus,cc,3
d002306,c_chris,to,0
d002306,c_noah,to,1
d002306,c_elena,to,2
d002306,c_marcus,cc,3
d002307,c_noah,to,0
d002307,c_taylor,to,1
d002307,c_chris,cc,2
d002308,c_avery,to,0
d002308,c_devon,to,1
d002309,c_alex_chen,to,0
d002310,c_jamie_li,to,0
d002311,c_jamie_li,to,0
d002312,c_morgan_zhao,to,0
d002313,c_morgan_zhao,to,0
d002314,c_fac_005,to,0
d002315,c_fac_010,to,0
d002316,c_fac_015,to,0
d002317,c_noah,to,0
d002317,c_elena,to,1
d002317,c_taylor,to,2
d002317,c_chris,cc,3
d002318,c_noah,to,0
d002318,c_elena,to,1
d002318,c_taylor,to,2
d002318,c_chris,cc,3
d002319,c_noah,to,0
d002319,c_elena,to,1
d002319,c_taylor,to,2
d002319,c_chris,cc,3
d002320,c_noah,to,0
d002320,c_elena,to,1
d002320,c_taylor,to,2
d002320,c_chris,cc,3
d002321,c_noah,to,0
d002321,c_elena,to,1
d002321,c_taylor,to,2
d002321,c_chris,cc,3
d002322,c_noah,to,0
d002322,c_elena,to,1
d002322,c_taylor,to,2
d002322,c_chris,cc,3
d002323,c_priya,to,0
d002323,c_quinn,cc,1
d002324,c_priya,to,0
d002324,c_quinn,cc,1
d002325,c_elena,to,0
d002325,c_taylor,to,1
d002325,c_lena,to,2
d002326,c_noah,to,0
d002327,c_noah,to,0
d002328,c_alex_chan,to,0
d002329,c_alex_chan,to,0
d002330,c_jamie_lee,to,0
d002331,c_morgan_shaw,to,0
d002332,c_morgan_shaw,to,0
d002333,c_lee,to,0
d002334,c_pat,to,0
d002335,c_pat,to,0
d002336,c_ren,to,0
d002337,c_fac_001,to,0
d002338,c_fac_006,to,0
d002339,c_fac_011,to,0
d002340,c_fac_016,to,0
d002341,c_noah,to,0
d002341,c_elena,to,1
d002341,c_taylor,to,2
d002341,c_chris,cc,3
d002342,c_noah,to,0
d002342,c_elena,to,1
d002342,c_taylor,to,2
d002342,c_chris,cc,3
d002343,c_noah,to,0
d002343,c_elena,to,1
d002343,c_taylor,to,2
d002343,c_chris,cc,3
d002344,c_noah,to,0
d002344,c_elena,to,1
d002344,c_taylor,to,2
d002344,c_chris,cc,3
d002345,c_noah,to,0
d002345,c_elena,to,1
d002345,c_taylor,to,2
d002345,c_chris,cc,3
d002346,c_noah,to,0
d002346,c_elena,to,1
d002346,c_taylor,to,2
d002346,c_chris,cc,3
d002347,c_noah,to,0
d002347,c_elena,to,1
d002347,c_taylor,to,2
d002347,c_chris,cc,3
d002347,c_lena,bcc,4
d002348,c_noah,to,0
d002348,c_elena,to,1
d002348,c_taylor,to,2
d002348,c_chris,cc,3
d002348,c_lena,bcc,4
d002349,c_chris,to,0
d002349,c_noah,to,1
d002349,c_elena,to,2
d002349,c_marcus,cc,3
d002350,c_noah,to,0
d002350,c_taylor,to,1
d002350,c_chris,cc,2
d002351,c_noah,to,0
d002351,c_taylor,to,1
d002351,c_chris,cc,2
d002352,c_quinn,to,0
d002353,c_alex_chen,to,0
d002354,c_alex_chen,to,0
d002355,c_jamie_li,to,0
d002356,c_jamie_li,to,0
d002357,c_morgan_zhao,to,0
d002358,c_fac_002,to,0
d002359,c_fac_007,to,0
d002360,c_fac_017,to,0
d002361,c_noah,to,0
d002361,c_elena,to,1
d002361,c_taylor,to,2
d002361,c_chris,cc,3
d002362,c_noah,to,0
d002362,c_elena,to,1
d002362,c_taylor,to,2
d002362,c_chris,cc,3
d002363,c_noah,to,0
d002363,c_elena,to,1
d002363,c_taylor,to,2
d002363,c_chris,cc,3
d002364,c_noah,to,0
d002364,c_elena,to,1
d002364,c_taylor,to,2
d002364,c_chris,cc,3
d002365,c_noah,to,0
d002365,c_elena,to,1
d002365,c_taylor,to,2
d002365,c_chris,cc,3
d002366,c_noah,to,0
d002366,c_elena,to,1
d002366,c_taylor,to,2
d002366,c_chris,cc,3
d002367,c_noah,to,0
d002367,c_elena,to,1
d002367,c_taylor,to,2
d002367,c_chris,cc,3
d002368,c_priya,to,0
d002368,c_quinn,cc,1
d002369,c_elena,to,0
d002369,c_taylor,to,1
d002369,c_lena,to,2
d002370,c_elena,to,0
d002370,c_taylor,to,1
d002370,c_lena,to,2
d002371,c_avery,to,0
d002371,c_devon,to,1
d002372,c_hana,to,0
d002373,c_alex_chan,to,0
d002374,c_alex_chan,to,0
d002375,c_jamie_lee,to,0
d002376,c_morgan_shaw,to,0
d002377,c_morgan_shaw,to,0
d002378,c_lee,to,0
d002379,c_lee,to,0
d002380,c_pat,to,0
d002381,c_ren,to,0
d002382,c_ren,to,0
d002383,c_fac_003,to,0
d002384,c_fac_013,to,0
d002385,c_noah,to,0
d002385,c_elena,to,1
d002385,c_taylor,to,2
d002385,c_chris,cc,3
d002386,c_noah,to,0
d002386,c_elena,to,1
d002386,c_taylor,to,2
d002386,c_chris,cc,3
d002387,c_noah,to,0
d002387,c_elena,to,1
d002387,c_taylor,to,2
d002387,c_chris,cc,3
d002388,c_noah,to,0
d002388,c_elena,to,1
d002388,c_taylor,to,2
d002388,c_chris,cc,3
d002389,c_noah,to,0
d002389,c_elena,to,1
d002389,c_taylor,to,2
d002389,c_chris,cc,3
d002390,c_noah,to,0
d002390,c_elena,to,1
d002390,c_taylor,to,2
d002390,c_chris,cc,3
d002391,c_priya,to,0
d002391,c_quinn,cc,1
d002392,c_priya,to,0
d002392,c_quinn,cc,1
d002393,c_elena,to,0
d002393,c_taylor,to,1
d002393,c_lena,to,2
d002394,c_elena,to,0
d002394,c_taylor,to,1
d002394,c_lena,to,2
d002395,c_alex_chan,to,0
d002396,c_alex_chan,to,0
d002397,c_jamie_lee,to,0
d002398,c_jamie_lee,to,0
d002399,c_morgan_shaw,to,0
d002400,c_lee,to,0
d002401,c_lee,to,0
d002402,c_pat,to,0
d002403,c_ren,to,0
d002404,c_ren,to,0
d002405,c_sam,to,0
d002406,c_fac_004,to,0
d002407,c_fac_014,to,0
d002408,c_noah,to,0
d002408,c_elena,to,1
d002408,c_taylor,to,2
d002408,c_chris,cc,3
d002409,c_noah,to,0
d002409,c_elena,to,1
d002409,c_taylor,to,2
d002409,c_chris,cc,3
d002410,c_noah,to,0
d002410,c_elena,to,1
d002410,c_taylor,to,2
d002410,c_chris,cc,3
d002411,c_noah,to,0
d002411,c_elena,to,1
d002411,c_taylor,to,2
d002411,c_chris,cc,3
d002412,c_noah,to,0
d002412,c_elena,to,1
d002412,c_taylor,to,2
d002412,c_chris,cc,3
d002413,c_noah,to,0
d002413,c_elena,to,1
d002413,c_taylor,to,2
d002413,c_chris,cc,3
d002414,c_noah,to,0
d002414,c_elena,to,1
d002414,c_taylor,to,2
d002414,c_chris,cc,3
d002414,c_lena,bcc,4
d002415,c_chris,to,0
d002415,c_noah,to,1
d002415,c_elena,to,2
d002415,c_marcus,cc,3
d002416,c_chris,to,0
d002416,c_noah,to,1
d002416,c_elena,to,2
d002416,c_marcus,cc,3
d002417,c_noah,to,0
d002417,c_taylor,to,1
d002417,c_chris,cc,2
d002418,c_avery,to,0
d002418,c_devon,to,1
d002419,c_alex_chen,to,0
d002420,c_alex_chen,to,0
d002421,c_jamie_li,to,0
d002422,c_morgan_zhao,to,0
d002423,c_morgan_zhao,to,0
d002424,c_hana,to,0
d002425,c_fac_005,to,0
d002426,c_fac_015,to,0
d002427,c_noah,to,0
d002427,c_elena,to,1
d002427,c_taylor,to,2
d002427,c_chris,cc,3
d002428,c_noah,to,0
d002428,c_elena,to,1
d002428,c_taylor,to,2
d002428,c_chris,cc,3
d002429,c_noah,to,0
d002429,c_elena,to,1
d002429,c_taylor,to,2
d002429,c_chris,cc,3
d002430,c_noah,to,0
d002430,c_elena,to,1
d002430,c_taylor,to,2
d002430,c_chris,cc,3
d002431,c_noah,to,0
d002431,c_elena,to,1
d002431,c_taylor,to,2
d002431,c_chris,cc,3
d002432,c_noah,to,0
d002432,c_elena,to,1
d002432,c_taylor,to,2
d002432,c_chris,cc,3
d002433,c_noah,to,0
d002433,c_elena,to,1
d002433,c_taylor,to,2
d002433,c_chris,cc,3
d002434,c_priya,to,0
d002434,c_quinn,cc,1
d002435,c_elena,to,0
d002435,c_taylor,to,1
d002435,c_lena,to,2
d002436,c_elena,to,0
d002436,c_taylor,to,1
d002436,c_lena,to,2
d002437,c_noah,to,0
d002438,c_alex_chan,to,0
d002439,c_alex_chan,to,0
d002440,c_jamie_lee,to,0
d002441,c_morgan_shaw,to,0
d002442,c_morgan_shaw,to,0
d002443,c_lee,to,0
d002444,c_lee,to,0
d002445,c_pat,to,0
d002446,c_ren,to,0
d002447,c_ren,to,0
d002448,c_fac_001,to,0
d002449,c_fac_011,to,0
d002450,c_fac_016,to,0
d002451,c_noah,to,0
d002451,c_elena,to,1
d002451,c_taylor,to,2
d002451,c_chris,cc,3
d002452,c_noah,to,0
d002452,c_elena,to,1
d002452,c_taylor,to,2
d002452,c_chris,cc,3
d002453,c_noah,to,0
d002453,c_elena,to,1
d002453,c_taylor,to,2
d002453,c_chris,cc,3
d002454,c_noah,to,0
d002454,c_elena,to,1
d002454,c_taylor,to,2
d002454,c_chris,cc,3
d002455,c_noah,to,0
d002455,c_elena,to,1
d002455,c_taylor,to,2
d002455,c_chris,cc,3
d002456,c_noah,to,0
d002456,c_elena,to,1
d002456,c_taylor,to,2
d002456,c_chris,cc,3
d002457,c_noah,to,0
d002457,c_elena,to,1
d002457,c_taylor,to,2
d002457,c_chris,cc,3
d002457,c_lena,bcc,4
d002458,c_chris,to,0
d002458,c_noah,to,1
d002458,c_elena,to,2
d002458,c_marcus,cc,3
d002459,c_noah,to,0
d002459,c_taylor,to,1
d002459,c_chris,cc,2
d002460,c_noah,to,0
d002460,c_taylor,to,1
d002460,c_chris,cc,2
d002461,c_marcus,to,0
d002462,c_alex_chen,to,0
d002463,c_alex_chen,to,0
d002464,c_jamie_li,to,0
d002465,c_morgan_zhao,to,0
d002466,c_morgan_zhao,to,0
d002467,c_fac_002,to,0
d002468,c_fac_012,to,0
d002469,c_fac_017,to,0
d002470,c_noah,to,0
d002470,c_elena,to,1
d002470,c_taylor,to,2
d002470,c_chris,cc,3
d002471,c_noah,to,0
d002471,c_elena,to,1
d002471,c_taylor,to,2
d002471,c_chris,cc,3
d002472,c_noah,to,0
d002472,c_elena,to,1
d002472,c_taylor,to,2
d002472,c_chris,cc,3
d002473,c_noah,to,0
d002473,c_elena,to,1
d002473,c_taylor,to,2
d002473,c_chris,cc,3
d002474,c_noah,to,0
d002474,c_elena,to,1
d002474,c_taylor,to,2
d002474,c_chris,cc,3
d002475,c_noah,to,0
d002475,c_elena,to,1
d002475,c_taylor,to,2
d002475,c_chris,cc,3
d002476,c_priya,to,0
d002476,c_quinn,cc,1
d002477,c_priya,to,0
d002477,c_quinn,cc,1
d002478,c_elena,to,0
d002478,c_taylor,to,1
d002478,c_lena,to,2
d002479,c_elena,to,0
d002479,c_taylor,to,1
d002479,c_lena,to,2
d002480,c_maya,to,0
d002481,c_hana,to,0
d002482,c_alex_chan,to,0
d002483,c_alex_chan,to,0
d002484,c_jamie_lee,to,0
d002485,c_morgan_shaw,to,0
d002486,c_morgan_shaw,to,0
d002487,c_lee,to,0
d002488,c_pat,to,0
d002489,c_pat,to,0
d002490,c_ren,to,0
d002491,c_ren,to,0
d002492,c_fac_008,to,0
d002493,c_fac_013,to,0
d002494,c_noah,to,0
d002494,c_elena,to,1
d002494,c_taylor,to,2
d002494,c_chris,cc,3
d002495,c_noah,to,0
d002495,c_elena,to,1
d002495,c_taylor,to,2
d002495,c_chris,cc,3
d002496,c_noah,to,0
d002496,c_elena,to,1
d002496,c_taylor,to,2
d002496,c_chris,cc,3
d002497,c_noah,to,0
d002497,c_elena,to,1
d002497,c_taylor,to,2
d002497,c_chris,cc,3
d002498,c_noah,to,0
d002498,c_elena,to,1
d002498,c_taylor,to,2
d002498,c_chris,cc,3
d002499,c_noah,to,0
d002499,c_elena,to,1
d002499,c_taylor,to,2
d002499,c_chris,cc,3
d002500,c_priya,to,0
d002500,c_quinn,cc,1
d002501,c_elena,to,0
d002501,c_taylor,to,1
d002501,c_lena,to,2
d002502,c_elena,to,0
d002502,c_taylor,to,1
d002502,c_lena,to,2
d002503,c_alex_chan,to,0
d002504,c_alex_chan,to,0
d002505,c_jamie_lee,to,0
d002506,c_jamie_lee,to,0
d002507,c_morgan_shaw,to,0
d002508,c_lee,to,0
d002509,c_lee,to,0
d002510,c_pat,to,0
d002511,c_ren,to,0
d002512,c_ren,to,0
d002513,c_sam,to,0
d002514,c_fac_004,to,0
d002515,c_fac_014,to,0
d002516,c_noah,to,0
d002516,c_elena,to,1
d002516,c_taylor,to,2
d002516,c_chris,cc,3
d002517,c_noah,to,0
d002517,c_elena,to,1
d002517,c_taylor,to,2
d002517,c_chris,cc,3
d002518,c_noah,to,0
d002518,c_elena,to,1
d002518,c_taylor,to,2
d002518,c_chris,cc,3
d002519,c_noah,to,0
d002519,c_elena,to,1
d002519,c_taylor,to,2
d002519,c_chris,cc,3
d002520,c_noah,to,0
d002520,c_elena,to,1
d002520,c_taylor,to,2
d002520,c_chris,cc,3
d002521,c_noah,to,0
d002521,c_elena,to,1
d002521,c_taylor,to,2
d002521,c_chris,cc,3
d002522,c_noah,to,0
d002522,c_elena,to,1
d002522,c_taylor,to,2
d002522,c_chris,cc,3
d002522,c_lena,bcc,4
d002523,c_noah,to,0
d002523,c_elena,to,1
d002523,c_taylor,to,2
d002523,c_chris,cc,3
d002523,c_lena,bcc,4
d002524,c_chris,to,0
d002524,c_noah,to,1
d002524,c_elena,to,2
d002524,c_marcus,cc,3
d002525,c_chris,to,0
d002525,c_noah,to,1
d002525,c_elena,to,2
d002525,c_marcus,cc,3
d002526,c_noah,to,0
d002526,c_taylor,to,1
d002526,c_chris,cc,2
d002527,c_avery,to,0
d002527,c_devon,to,1
d002528,c_alex_chen,to,0
d002529,c_alex_chen,to,0
d002530,c_jamie_li,to,0
d002531,c_morgan_zhao,to,0
d002532,c_morgan_zhao,to,0
d002533,c_hana,to,0
d002534,c_fac_010,to,0
d002535,c_fac_015,to,0
d002536,c_noah,to,0
d002536,c_elena,to,1
d002536,c_taylor,to,2
d002536,c_chris,cc,3
d002537,c_noah,to,0
d002537,c_elena,to,1
d002537,c_taylor,to,2
d002537,c_chris,cc,3
d002538,c_noah,to,0
d002538,c_elena,to,1
d002538,c_taylor,to,2
d002538,c_chris,cc,3
d002539,c_noah,to,0
d002539,c_elena,to,1
d002539,c_taylor,to,2
d002539,c_chris,cc,3
d002540,c_noah,to,0
d002540,c_elena,to,1
d002540,c_taylor,to,2
d002540,c_chris,cc,3
d002541,c_noah,to,0
d002541,c_elena,to,1
d002541,c_taylor,to,2
d002541,c_chris,cc,3
d002542,c_priya,to,0
d002542,c_quinn,cc,1
d002543,c_priya,to,0
d002543,c_quinn,cc,1
d002544,c_elena,to,0
d002544,c_taylor,to,1
d002544,c_lena,to,2
d002545,c_noah,to,0
d002546,c_noah,to,0
d002547,c_alex_chan,to,0
d002548,c_alex_chan,to,0
d002549,c_jamie_lee,to,0
d002550,c_morgan_shaw,to,0
d002551,c_morgan_shaw,to,0
d002552,c_lee,to,0
d002553,c_pat,to,0
d002554,c_pat,to,0
d002555,c_ren,to,0
d002556,c_ren,to,0
d002557,c_fac_006,to,0
d002558,c_fac_011,to,0
d002559,c_fac_016,to,0
d002560,c_noah,to,0
d002560,c_elena,to,1
d002560,c_taylor,to,2
d002560,c_chris,cc,3
d002561,c_noah,to,0
d002561,c_elena,to,1
d002561,c_taylor,to,2
d002561,c_chris,cc,3
d002562,c_noah,to,0
d002562,c_elena,to,1
d002562,c_taylor,to,2
d002562,c_chris,cc,3
d002563,c_noah,to,0
d002563,c_elena,to,1
d002563,c_taylor,to,2
d002563,c_chris,cc,3
d002564,c_noah,to,0
d002564,c_elena,to,1
d002564,c_taylor,to,2
d002564,c_chris,cc,3
d002565,c_noah,to,0
d002565,c_elena,to,1
d002565,c_taylor,to,2
d002565,c_chris,cc,3
d002565,c_lena,bcc,4
d002566,c_noah,to,0
d002566,c_elena,to,1
d002566,c_taylor,to,2
d002566,c_chris,cc,3
d002566,c_lena,bcc,4
d002567,c_chris,to,0
d002567,c_noah,to,1
d002567,c_elena,to,2
d002567,c_marcus,cc,3
d002568,c_chris,to,0
d002568,c_noah,to,1
d002568,c_elena,to,2
d002568,c_marcus,cc,3
d002569,c_noah,to,0
d002569,c_taylor,to,1
d002569,c_chris,cc,2
d002570,c_quinn,to,0
d002571,c_marcus,to,0
d002572,c_alex_chen,to,0
d002573,c_jamie_li,to,0
d002574,c_jamie_li,to,0
d002575,c_morgan_zhao,to,0
d002576,c_fac_002,to,0
d002577,c_fac_007,to,0
d002578,c_fac_012,to,0
d002579,c_fac_017,to,0
d002580,c_noah,to,0
d002580,c_elena,to,1
d002580,c_taylor,to,2
d002580,c_chris,cc,3
d002581,c_noah,to,0
d002581,c_elena,to,1
d002581,c_taylor,to,2
d002581,c_chris,cc,3
d002582,c_noah,to,0
d002582,c_elena,to,1
d002582,c_taylor,to,2
d002582,c_chris,cc,3
d002583,c_noah,to,0
d002583,c_elena,to,1
d002583,c_taylor,to,2
d002583,c_chris,cc,3
d002584,c_noah,to,0
d002584,c_elena,to,1
d002584,c_taylor,to,2
d002584,c_chris,cc,3
d002585,c_priya,to,0
d002585,c_quinn,cc,1
d002586,c_priya,to,0
d002586,c_quinn,cc,1
d002587,c_elena,to,0
d002587,c_taylor,to,1
d002587,c_lena,to,2
d002588,c_avery,to,0
d002588,c_devon,to,1
d002589,c_maya,to,0
d002590,c_hana,to,0
d002591,c_alex_chan,to,0
d002592,c_jamie_lee,to,0
d002593,c_jamie_lee,to,0
d002594,c_morgan_shaw,to,0
d002595,c_morgan_shaw,to,0
d002596,c_pat,to,0
d002597,c_pat,to,0
d002598,c_ren,to,0
d002599,c_fac_003,to,0
d002600,c_fac_008,to,0
d002601,c_fac_013,to,0
d002602,c_noah,to,0
d002602,c_elena,to,1
d002602,c_taylor,to,2
d002602,c_chris,cc,3
d002603,c_noah,to,0
d002603,c_elena,to,1
d002603,c_taylor,to,2
d002603,c_chris,cc,3
d002604,c_noah,to,0
d002604,c_elena,to,1
d002604,c_taylor,to,2
d002604,c_chris,cc,3
d002605,c_noah,to,0
d002605,c_elena,to,1
d002605,c_taylor,to,2
d002605,c_chris,cc,3
d002606,c_noah,to,0
d002606,c_elena,to,1
d002606,c_taylor,to,2
d002606,c_chris,cc,3
d002607,c_noah,to,0
d002607,c_elena,to,1
d002607,c_taylor,to,2
d002607,c_chris,cc,3
d002608,c_priya,to,0
d002608,c_quinn,cc,1
d002609,c_priya,to,0
d002609,c_quinn,cc,1
d002610,c_elena,to,0
d002610,c_taylor,to,1
d002610,c_lena,to,2
d002611,c_marcus,to,0
d002612,c_alex_chan,to,0
d002613,c_alex_chan,to,0
d002614,c_jamie_lee,to,0
d002615,c_morgan_shaw,to,0
d002616,c_morgan_shaw,to,0
d002617,c_lee,to,0
d002618,c_lee,to,0
d002619,c_pat,to,0
d002620,c_ren,to,0
d002621,c_ren,to,0
d002622,c_sam,to,0
d002623,c_fac_009,to,0
d002624,c_fac_014,to,0
d002625,c_noah,to,0
d002625,c_elena,to,1
d002625,c_taylor,to,2
d002625,c_chris,cc,3
d002626,c_noah,to,0
d002626,c_elena,to,1
d002626,c_taylor,to,2
d002626,c_chris,cc,3
d002627,c_noah,to,0
d002627,c_elena,to,1
d002627,c_taylor,to,2
d002627,c_chris,cc,3
d002628,c_noah,to,0
d002628,c_elena,to,1
d002628,c_taylor,to,2
d002628,c_chris,cc,3
d002629,c_noah,to,0
d002629,c_elena,to,1
d002629,c_taylor,to,2
d002629,c_chris,cc,3
d002630,c_noah,to,0
d002630,c_elena,to,1
d002630,c_taylor,to,2
d002630,c_chris,cc,3
d002631,c_noah,to,0
d002631,c_elena,to,1
d002631,c_taylor,to,2
d002631,c_chris,cc,3
d002631,c_lena,bcc,4
d002632,c_noah,to,0
d002632,c_elena,to,1
d002632,c_taylor,to,2
d002632,c_chris,cc,3
d002632,c_lena,bcc,4
d002633,c_chris,to,0
d002633,c_noah,to,1
d002633,c_elena,to,2
d002633,c_marcus,cc,3
d002634,c_noah,to,0
d002634,c_taylor,to,1
d002634,c_chris,cc,2
d002635,c_noah,to,0
d002635,c_taylor,to,1
d002635,c_chris,cc,2
d002636,c_avery,to,0
d002636,c_devon,to,1
d002637,c_alex_chen,to,0
d002638,c_jamie_li,to,0
d002639,c_jamie_li,to,0
d002640,c_morgan_zhao,to,0
d002641,c_morgan_zhao,to,0
d002642,c_fac_005,to,0
d002643,c_fac_010,to,0
d002644,c_fac_015,to,0
d002645,c_noah,to,0
d002645,c_elena,to,1
d002645,c_taylor,to,2
d002645,c_chris,cc,3
d002646,c_noah,to,0
d002646,c_elena,to,1
d002646,c_taylor,to,2
d002646,c_chris,cc,3
d002647,c_noah,to,0
d002647,c_elena,to,1
d002647,c_taylor,to,2
d002647,c_chris,cc,3
d002648,c_noah,to,0
d002648,c_elena,to,1
d002648,c_taylor,to,2
d002648,c_chris,cc,3
d002649,c_noah,to,0
d002649,c_elena,to,1
d002649,c_taylor,to,2
d002649,c_chris,cc,3
d002650,c_noah,to,0
d002650,c_elena,to,1
d002650,c_taylor,to,2
d002650,c_chris,cc,3
d002651,c_priya,to,0
d002651,c_quinn,cc,1
d002652,c_priya,to,0
d002652,c_quinn,cc,1
d002653,c_elena,to,0
d002653,c_taylor,to,1
d002653,c_lena,to,2
d002654,c_noah,to,0
d002655,c_noah,to,0
d002656,c_alex_chan,to,0
d002657,c_jamie_lee,to,0
d002658,c_jamie_lee,to,0
d002659,c_morgan_shaw,to,0
d002660,c_morgan_shaw,to,0
d002661,c_lee,to,0
d002662,c_pat,to,0
d002663,c_pat,to,0
d002664,c_ren,to,0
d002665,c_fac_001,to,0
d002666,c_fac_006,to,0
d002667,c_fac_011,to,0
d002668,c_fac_016,to,0
d002669,c_noah,to,0
d002669,c_elena,to,1
d002669,c_taylor,to,2
d002669,c_chris,cc,3
d002670,c_noah,to,0
d002670,c_elena,to,1
d002670,c_taylor,to,2
d002670,c_chris,cc,3
d002671,c_noah,to,0
d002671,c_elena,to,1
d002671,c_taylor,to,2
d002671,c_chris,cc,3
d002672,c_noah,to,0
d002672,c_elena,to,1
d002672,c_taylor,to,2
d002672,c_chris,cc,3
d002673,c_noah,to,0
d002673,c_elena,to,1
d002673,c_taylor,to,2
d002673,c_chris,cc,3
d002674,c_noah,to,0
d002674,c_elena,to,1
d002674,c_taylor,to,2
d002674,c_chris,cc,3
d002675,c_noah,to,0
d002675,c_elena,to,1
d002675,c_taylor,to,2
d002675,c_chris,cc,3
d002675,c_lena,bcc,4
d002676,c_chris,to,0
d002676,c_noah,to,1
d002676,c_elena,to,2
d002676,c_marcus,cc,3
d002677,c_noah,to,0
d002677,c_taylor,to,1
d002677,c_chris,cc,2
d002678,c_noah,to,0
d002678,c_taylor,to,1
d002678,c_chris,cc,2
d002679,c_quinn,to,0
d002680,c_alex_chen,to,0
d002681,c_alex_chen,to,0
d002682,c_jamie_li,to,0
d002683,c_jamie_li,to,0
d002684,c_morgan_zhao,to,0
d002685,c_fac_002,to,0
d002686,c_fac_007,to,0
d002687,c_fac_012,to,0
d002688,c_noah,to,0
d002688,c_elena,to,1
d002688,c_taylor,to,2
d002688,c_chris,cc,3
d002689,c_noah,to,0
d002689,c_elena,to,1
d002689,c_taylor,to,2
d002689,c_chris,cc,3
d002690,c_noah,to,0
d002690,c_elena,to,1
d002690,c_taylor,to,2
d002690,c_chris,cc,3
d002691,c_noah,to,0
d002691,c_elena,to,1
d002691,c_taylor,to,2
d002691,c_chris,cc,3
d002692,c_noah,to,0
d002692,c_elena,to,1
d002692,c_taylor,to,2
d002692,c_chris,cc,3
d002693,c_noah,to,0
d002693,c_elena,to,1
d002693,c_taylor,to,2
d002693,c_chris,cc,3
d002694,c_noah,to,0
d002694,c_elena,to,1
d002694,c_taylor,to,2
d002694,c_chris,cc,3
d002695,c_priya,to,0
d002695,c_quinn,cc,1
d002696,c_elena,to,0
d002696,c_taylor,to,1
d002696,c_lena,to,2
d002697,c_elena,to,0
d002697,c_taylor,to,1
d002697,c_lena,to,2
d002698,c_avery,to,0
d002698,c_devon,to,1
d002699,c_maya,to,0
d002700,c_alex_chan,to,0
d002701,c_alex_chan,to,0
d002702,c_jamie_lee,to,0
d002703,c_jamie_lee,to,0
d002704,c_morgan_shaw,to,0
d002705,c_lee,to,0
d002706,c_lee,to,0
d002707,c_pat,to,0
d002708,c_ren,to,0
d002709,c_ren,to,0
d002710,c_fac_003,to,0
d002711,c_fac_013,to,0
d002712,c_noah,to,0
d002712,c_elena,to,1
d002712,c_taylor,to,2
d002712,c_chris,cc,3
d002713,c_noah,to,0
d002713,c_elena,to,1
d002713,c_taylor,to,2
d002713,c_chris,cc,3
d002714,c_noah,to,0
d002714,c_elena,to,1
d002714,c_taylor,to,2
d002714,c_chris,cc,3
d002715,c_noah,to,0
d002715,c_elena,to,1
d002715,c_taylor,to,2
d002715,c_chris,cc,3
d002716,c_noah,to,0
d002716,c_elena,to,1
d002716,c_taylor,to,2
d002716,c_chris,cc,3
d002717,c_noah,to,0
d002717,c_elena,to,1
d002717,c_taylor,to,2
d002717,c_chris,cc,3
d002718,c_priya,to,0
d002718,c_quinn,cc,1
d002719,c_elena,to,0
d002719,c_taylor,to,1
d002719,c_lena,to,2
d002720,c_elena,to,0
d002720,c_taylor,to,1
d002720,c_lena,to,2
d002721,c_marcus,to,0
d002722,c_alex_chan,to,0
d002723,c_jamie_lee,to,0
d002724,c_jamie_lee,to,0
d002725,c_morgan_shaw,to,0
d002726,c_morgan_shaw,to,0
d002727,c_lee,to,0
d002728,c_pat,to,0
d002729,c_pat,to,0
d002730,c_ren,to,0
d002731,c_sam,to,0
d002732,c_fac_004,to,0
d002733,c_fac_009,to,0
d002734,c_noah,to,0
d002734,c_elena,to,1
d002734,c_taylor,to,2
d002734,c_chris,cc,3
d002735,c_noah,to,0
d002735,c_elena,to,1
d002735,c_taylor,to,2
d002735,c_chris,cc,3
d002736,c_noah,to,0
d002736,c_elena,to,1
d002736,c_taylor,to,2
d002736,c_chris,cc,3
d002737,c_noah,to,0
d002737,c_elena,to,1
d002737,c_taylor,to,2
d002737,c_chris,cc,3
d002738,c_noah,to,0
d002738,c_elena,to,1
d002738,c_taylor,to,2
d002738,c_chris,cc,3
d002739,c_noah,to,0
d002739,c_elena,to,1
d002739,c_taylor,to,2
d002739,c_chris,cc,3
d002740,c_noah,to,0
d002740,c_elena,to,1
d002740,c_taylor,to,2
d002740,c_chris,cc,3
d002741,c_noah,to,0
d002741,c_elena,to,1
d002741,c_taylor,to,2
d002741,c_chris,cc,3
d002741,c_lena,bcc,4
d002742,c_chris,to,0
d002742,c_noah,to,1
d002742,c_elena,to,2
d002742,c_marcus,cc,3
d002743,c_noah,to,0
d002743,c_taylor,to,1
d002743,c_chris,cc,2
d002744,c_noah,to,0
d002744,c_taylor,to,1
d002744,c_chris,cc,2
d002745,c_avery,to,0
d002745,c_devon,to,1
d002746,c_alex_chen,to,0
d002747,c_jamie_li,to,0
d002748,c_jamie_li,to,0
d002749,c_morgan_zhao,to,0
d002750,c_hana,to,0
d002751,c_fac_005,to,0
d002752,c_fac_010,to,0
d002753,c_fac_015,to,0
d002754,c_noah,to,0
d002754,c_elena,to,1
d002754,c_taylor,to,2
d002754,c_chris,cc,3
d002755,c_noah,to,0
d002755,c_elena,to,1
d002755,c_taylor,to,2
d002755,c_chris,cc,3
d002756,c_noah,to,0
d002756,c_elena,to,1
d002756,c_taylor,to,2
d002756,c_chris,cc,3
d002757,c_noah,to,0
d002757,c_elena,to,1
d002757,c_taylor,to,2
d002757,c_chris,cc,3
d002758,c_noah,to,0
d002758,c_elena,to,1
d002758,c_taylor,to,2
d002758,c_chris,cc,3
d002759,c_noah,to,0
d002759,c_elena,to,1
d002759,c_taylor,to,2
d002759,c_chris,cc,3
d002760,c_priya,to,0
d002760,c_quinn,cc,1
d002761,c_elena,to,0
d002761,c_taylor,to,1
d002761,c_lena,to,2
d002762,c_elena,to,0
d002762,c_taylor,to,1
d002762,c_lena,to,2
d002763,c_noah,to,0
d002764,c_noah,to,0
d002765,c_alex_chan,to,0
d002766,c_jamie_lee,to,0
d002767,c_jamie_lee,to,0
d002768,c_morgan_shaw,to,0
d002769,c_lee,to,0
d002770,c_lee,to,0
d002771,c_pat,to,0
d002772,c_pat,to,0
d002773,c_ren,to,0
d002774,c_fac_001,to,0
d002775,c_fac_006,to,0
d002776,c_fac_011,to,0
d002777,c_noah,to,0
d002777,c_elena,to,1
d002777,c_taylor,to,2
d002777,c_chris,cc,3
d002778,c_noah,to,0
d002778,c_elena,to,1
d002778,c_taylor,to,2
d002778,c_chris,cc,3
d002779,c_noah,to,0
d002779,c_elena,to,1
d002779,c_taylor,to,2
d002779,c_chris,cc,3
d002780,c_noah,to,0
d002780,c_elena,to,1
d002780,c_taylor,to,2
d002780,c_chris,cc,3
d002781,c_noah,to,0
d002781,c_elena,to,1
d002781,c_taylor,to,2
d002781,c_chris,cc,3
d002782,c_noah,to,0
d002782,c_elena,to,1
d002782,c_taylor,to,2
d002782,c_chris,cc,3
d002783,c_noah,to,0
d002783,c_elena,to,1
d002783,c_taylor,to,2
d002783,c_chris,cc,3
d002784,c_noah,to,0
d002784,c_elena,to,1
d002784,c_taylor,to,2
d002784,c_chris,cc,3
d002784,c_lena,bcc,4
d002785,c_chris,to,0
d002785,c_noah,to,1
d002785,c_elena,to,2
d002785,c_marcus,cc,3
d002786,c_chris,to,0
d002786,c_noah,to,1
d002786,c_elena,to,2
d002786,c_marcus,cc,3
d002787,c_noah,to,0
d002787,c_taylor,to,1
d002787,c_chris,cc,2
d002788,c_quinn,to,0
d002789,c_marcus,to,0
d002790,c_alex_chen,to,0
d002791,c_alex_chen,to,0
d002792,c_jamie_li,to,0
d002793,c_morgan_zhao,to,0
d002794,c_morgan_zhao,to,0
d002795,c_fac_002,to,0
d002796,c_fac_012,to,0
d002797,c_fac_017,to,0
d002798,c_noah,to,0
d002798,c_elena,to,1
d002798,c_taylor,to,2
d002798,c_chris,cc,3
d002799,c_noah,to,0
d002799,c_elena,to,1
d002799,c_taylor,to,2
d002799,c_chris,cc,3
d002800,c_noah,to,0
d002800,c_elena,to,1
d002800,c_taylor,to,2
d002800,c_chris,cc,3
d002801,c_noah,to,0
d002801,c_elena,to,1
d002801,c_taylor,to,2
d002801,c_chris,cc,3
d002802,c_noah,to,0
d002802,c_elena,to,1
d002802,c_taylor,to,2
d002802,c_chris,cc,3
d002803,c_noah,to,0
d002803,c_elena,to,1
d002803,c_taylor,to,2
d002803,c_chris,cc,3
d002804,c_priya,to,0
d002804,c_quinn,cc,1
d002805,c_priya,to,0
d002805,c_quinn,cc,1
d002806,c_elena,to,0
d002806,c_taylor,to,1
d002806,c_lena,to,2
d002807,c_elena,to,0
d002807,c_taylor,to,1
d002807,c_lena,to,2
d002808,c_maya,to,0
d002809,c_hana,to,0
d002810,c_alex_chan,to,0
d002811,c_jamie_lee,to,0
d002812,c_jamie_lee,to,0
d002813,c_morgan_shaw,to,0
d002814,c_morgan_shaw,to,0
d002815,c_lee,to,0
d002816,c_pat,to,0
d002817,c_pat,to,0
d002818,c_ren,to,0
d002819,c_fac_003,to,0
d002820,c_fac_008,to,0
d002821,c_fac_013,to,0
d002822,c_noah,to,0
d002822,c_elena,to,1
d002822,c_taylor,to,2
d002822,c_chris,cc,3
d002823,c_noah,to,0
d002823,c_elena,to,1
d002823,c_taylor,to,2
d002823,c_chris,cc,3
d002824,c_noah,to,0
d002824,c_elena,to,1
d002824,c_taylor,to,2
d002824,c_chris,cc,3
d002825,c_noah,to,0
d002825,c_elena,to,1
d002825,c_taylor,to,2
d002825,c_chris,cc,3
d002826,c_noah,to,0
d002826,c_elena,to,1
d002826,c_taylor,to,2
d002826,c_chris,cc,3
d002827,c_noah,to,0
d002827,c_elena,to,1
d002827,c_taylor,to,2
d002827,c_chris,cc,3
d002828,c_priya,to,0
d002828,c_quinn,cc,1
d002829,c_elena,to,0
d002829,c_taylor,to,1
d002829,c_lena,to,2
d002830,c_elena,to,0
d002830,c_taylor,to,1
d002830,c_lena,to,2
d002831,c_alex_chan,to,0
d002832,c_jamie_lee,to,0
d002833,c_jamie_lee,to,0
d002834,c_morgan_shaw,to,0
d002835,c_lee,to,0
d002836,c_lee,to,0
d002837,c_pat,to,0
d002838,c_ren,to,0
d002839,c_ren,to,0
d002840,c_sam,to,0
d002841,c_fac_004,to,0
d002842,c_fac_014,to,0
d002843,c_noah,to,0
d002843,c_elena,to,1
d002843,c_taylor,to,2
d002843,c_chris,cc,3
d002844,c_noah,to,0
d002844,c_elena,to,1
d002844,c_taylor,to,2
d002844,c_chris,cc,3
d002845,c_noah,to,0
d002845,c_elena,to,1
d002845,c_taylor,to,2
d002845,c_chris,cc,3
d002846,c_noah,to,0
d002846,c_elena,to,1
d002846,c_taylor,to,2
d002846,c_chris,cc,3
d002847,c_noah,to,0
d002847,c_elena,to,1
d002847,c_taylor,to,2
d002847,c_chris,cc,3
d002848,c_noah,to,0
d002848,c_elena,to,1
d002848,c_taylor,to,2
d002848,c_chris,cc,3
d002849,c_noah,to,0
d002849,c_elena,to,1
d002849,c_taylor,to,2
d002849,c_chris,cc,3
d002850,c_noah,to,0
d002850,c_elena,to,1
d002850,c_taylor,to,2
d002850,c_chris,cc,3
d002850,c_lena,bcc,4
d002851,c_chris,to,0
d002851,c_noah,to,1
d002851,c_elena,to,2
d002851,c_marcus,cc,3
d002852,c_chris,to,0
d002852,c_noah,to,1
d002852,c_elena,to,2
d002852,c_marcus,cc,3
d002853,c_noah,to,0
d002853,c_taylor,to,1
d002853,c_chris,cc,2
d002854,c_avery,to,0
d002854,c_devon,to,1
d002855,c_alex_chen,to,0
d002856,c_alex_chen,to,0
d002857,c_jamie_li,to,0
d002858,c_morgan_zhao,to,0
d002859,c_morgan_zhao,to,0
d002860,c_hana,to,0
d002861,c_fac_005,to,0
d002862,c_fac_015,to,0
d002863,c_noah,to,0
d002863,c_elena,to,1
d002863,c_taylor,to,2
d002863,c_chris,cc,3
d002864,c_noah,to,0
d002864,c_elena,to,1
d002864,c_taylor,to,2
d002864,c_chris,cc,3
d002865,c_noah,to,0
d002865,c_elena,to,1
d002865,c_taylor,to,2
d002865,c_chris,cc,3
d002866,c_noah,to,0
d002866,c_elena,to,1
d002866,c_taylor,to,2
d002866,c_chris,cc,3
d002867,c_noah,to,0
d002867,c_elena,to,1
d002867,c_taylor,to,2
d002867,c_chris,cc,3
d002868,c_noah,to,0
d002868,c_elena,to,1
d002868,c_taylor,to,2
d002868,c_chris,cc,3
d002869,c_priya,to,0
d002869,c_quinn,cc,1
d002870,c_elena,to,0
d002870,c_taylor,to,1
d002870,c_lena,to,2
d002871,c_elena,to,0
d002871,c_taylor,to,1
d002871,c_lena,to,2
d002872,c_noah,to,0
d002873,c_alex_chan,to,0
d002874,c_alex_chan,to,0
d002875,c_jamie_lee,to,0
d002876,c_jamie_lee,to,0
d002877,c_morgan_shaw,to,0
d002878,c_lee,to,0
d002879,c_lee,to,0
d002880,c_pat,to,0
d002881,c_ren,to,0
d002882,c_ren,to,0
d002883,c_fac_001,to,0
d002884,c_fac_006,to,0
d002885,c_fac_016,to,0
d002886,c_noah,to,0
d002886,c_elena,to,1
d002886,c_taylor,to,2
d002886,c_chris,cc,3
d002887,c_noah,to,0
d002887,c_elena,to,1
d002887,c_taylor,to,2
d002887,c_chris,cc,3
d002888,c_noah,to,0
d002888,c_elena,to,1
d002888,c_taylor,to,2
d002888,c_chris,cc,3
d002889,c_noah,to,0
d002889,c_elena,to,1
d002889,c_taylor,to,2
d002889,c_chris,cc,3
d002890,c_noah,to,0
d002890,c_elena,to,1
d002890,c_taylor,to,2
d002890,c_chris,cc,3
d002891,c_noah,to,0
d002891,c_elena,to,1
d002891,c_taylor,to,2
d002891,c_chris,cc,3
d002892,c_noah,to,0
d002892,c_elena,to,1
d002892,c_taylor,to,2
d002892,c_chris,cc,3
d002892,c_lena,bcc,4
d002893,c_chris,to,0
d002893,c_noah,to,1
d002893,c_elena,to,2
d002893,c_marcus,cc,3
d002894,c_chris,to,0
d002894,c_noah,to,1
d002894,c_elena,to,2
d002894,c_marcus,cc,3
d002895,c_noah,to,0
d002895,c_taylor,to,1
d002895,c_chris,cc,2
d002896,c_quinn,to,0
d002897,c_marcus,to,0
d002898,c_alex_chen,to,0
d002899,c_alex_chen,to,0
d002900,c_jamie_li,to,0
d002901,c_morgan_zhao,to,0
d002902,c_morgan_zhao,to,0
d002903,c_fac_002,to,0
d002904,c_fac_012,to,0
d002905,c_fac_017,to,0
d002906,c_noah,to,0
d002906,c_elena,to,1
d002906,c_taylor,to,2
d002906,c_chris,cc,3
d002907,c_noah,to,0
d002907,c_elena,to,1
d002907,c_taylor,to,2
d002907,c_chris,cc,3
d002908,c_noah,to,0
d002908,c_elena,to,1
d002908,c_taylor,to,2
d002908,c_chris,cc,3
d002909,c_noah,to,0
d002909,c_elena,to,1
d002909,c_taylor,to,2
d002909,c_chris,cc,3
d002910,c_noah,to,0
d002910,c_elena,to,1
d002910,c_taylor,to,2
d002910,c_chris,cc,3
d002911,c_noah,to,0
d002911,c_elena,to,1
d002911,c_taylor,to,2
d002911,c_chris,cc,3
d002912,c_priya,to,0
d002912,c_quinn,cc,1
d002913,c_priya,to,0
d002913,c_quinn,cc,1
d002914,c_elena,to,0
d002914,c_taylor,to,1
d002914,c_lena,to,2
d002915,c_avery,to,0
d002915,c_devon,to,1
d002916,c_maya,to,0
d002917,c_hana,to,0
d002918,c_alex_chan,to,0
d002919,c_jamie_lee,to,0
d002920,c_jamie_lee,to,0
d002921,c_morgan_shaw,to,0
d002922,c_morgan_shaw,to,0
d002923,c_lee,to,0
d002924,c_pat,to,0
d002925,c_pat,to,0
d002926,c_ren,to,0
d002927,c_fac_003,to,0
d002928,c_fac_008,to,0
d002929,c_fac_013,to,0
d002930,c_noah,to,0
d002930,c_elena,to,1
d002930,c_taylor,to,2
d002930,c_chris,cc,3
d002931,c_noah,to,0
d002931,c_elena,to,1
d002931,c_taylor,to,2
d002931,c_chris,cc,3
d002932,c_noah,to,0
d002932,c_elena,to,1
d002932,c_taylor,to,2
d002932,c_chris,cc,3
d002933,c_noah,to,0
d002933,c_elena,to,1
d002933,c_taylor,to,2
d002933,c_chris,cc,3
d002934,c_noah,to,0
d002934,c_elena,to,1
d002934,c_taylor,to,2
d002934,c_chris,cc,3
d002935,c_noah,to,0
d002935,c_elena,to,1
d002935,c_taylor,to,2
d002935,c_chris,cc,3
d002936,c_priya,to,0
d002936,c_quinn,cc,1
d002937,c_priya,to,0
d002937,c_quinn,cc,1
d002938,c_elena,to,0
d002938,c_taylor,to,1
d002938,c_lena,to,2
d002939,c_marcus,to,0
d002940,c_alex_chan,to,0
d002941,c_alex_chan,to,0
d002942,c_jamie_lee,to,0
d002943,c_morgan_shaw,to,0
d002944,c_morgan_shaw,to,0
d002945,c_lee,to,0
d002946,c_pat,to,0
d002947,c_ren,to,0
d002948,c_ren,to,0
d002949,c_sam,to,0
d002950,c_fac_009,to,0
d002951,c_fac_014,to,0
d002952,c_noah,to,0
d002952,c_elena,to,1
d002952,c_taylor,to,2
d002952,c_chris,cc,3
d002953,c_noah,to,0
d002953,c_elena,to,1
d002953,c_taylor,to,2
d002953,c_chris,cc,3
d002954,c_noah,to,0
d002954,c_elena,to,1
d002954,c_taylor,to,2
d002954,c_chris,cc,3
d002955,c_noah,to,0
d002955,c_elena,to,1
d002955,c_taylor,to,2
d002955,c_chris,cc,3
d002956,c_noah,to,0
d002956,c_elena,to,1
d002956,c_taylor,to,2
d002956,c_chris,cc,3
d002957,c_noah,to,0
d002957,c_elena,to,1
d002957,c_taylor,to,2
d002957,c_chris,cc,3
d002958,c_noah,to,0
d002958,c_elena,to,1
d002958,c_taylor,to,2
d002958,c_chris,cc,3
d002958,c_lena,bcc,4
d002959,c_chris,to,0
d002959,c_noah,to,1
d002959,c_elena,to,2
d002959,c_marcus,cc,3
d002960,c_chris,to,0
d002960,c_noah,to,1
d002960,c_elena,to,2
d002960,c_marcus,cc,3
d002961,c_noah,to,0
d002961,c_taylor,to,1
d002961,c_chris,cc,2
d002962,c_avery,to,0
d002962,c_devon,to,1
d002963,c_alex_chen,to,0
d002964,c_alex_chen,to,0
d002965,c_jamie_li,to,0
d002966,c_morgan_zhao,to,0
d002967,c_morgan_zhao,to,0
d002968,c_hana,to,0
d002969,c_fac_010,to,0
d002970,c_fac_015,to,0
d002971,c_noah,to,0
d002971,c_elena,to,1
d002971,c_taylor,to,2
d002971,c_chris,cc,3
d002972,c_noah,to,0
d002972,c_elena,to,1
d002972,c_taylor,to,2
d002972,c_chris,cc,3
d002973,c_noah,to,0
d002973,c_elena,to,1
d002973,c_taylor,to,2
d002973,c_chris,cc,3
d002974,c_noah,to,0
d002974,c_elena,to,1
d002974,c_taylor,to,2
d002974,c_chris,cc,3
d002975,c_noah,to,0
d002975,c_elena,to,1
d002975,c_taylor,to,2
d002975,c_chris,cc,3
d002976,c_noah,to,0
d002976,c_elena,to,1
d002976,c_taylor,to,2
d002976,c_chris,cc,3
d002977,c_priya,to,0
d002977,c_quinn,cc,1
d002978,c_priya,to,0
d002978,c_quinn,cc,1
d002979,c_elena,to,0
d002979,c_taylor,to,1
d002979,c_lena,to,2
d002980,c_elena,to,0
d002980,c_taylor,to,1
d002980,c_lena,to,2
d002981,c_noah,to,0
d002982,c_alex_chan,to,0
d002983,c_alex_chan,to,0
d002984,c_jamie_lee,to,0
d002985,c_morgan_shaw,to,0
d002986,c_morgan_shaw,to,0
d002987,c_lee,to,0
d002988,c_lee,to,0
d002989,c_pat,to,0
d002990,c_ren,to,0
d002991,c_ren,to,0
d002992,c_fac_001,to,0
d002993,c_fac_011,to,0
d002994,c_fac_016,to,0
d002995,c_noah,to,0
d002995,c_elena,to,1
d002995,c_taylor,to,2
d002995,c_chris,cc,3
d002996,c_noah,to,0
d002996,c_elena,to,1
d002996,c_taylor,to,2
d002996,c_chris,cc,3
d002997,c_noah,to,0
d002997,c_elena,to,1
d002997,c_taylor,to,2
d002997,c_chris,cc,3
d002998,c_noah,to,0
d002998,c_elena,to,1
d002998,c_taylor,to,2
d002998,c_chris,cc,3
d002999,c_noah,to,0
d002999,c_elena,to,1
d002999,c_taylor,to,2
d002999,c_chris,cc,3
d003000,c_noah,to,0
d003000,c_elena,to,1
d003000,c_taylor,to,2
d003000,c_chris,cc,3
d003000,c_lena,bcc,4
d003001,c_noah,to,0
d003001,c_elena,to,1
d003001,c_taylor,to,2
d003001,c_chris,cc,3
d003001,c_lena,bcc,4
d003002,c_chris,to,0
d003002,c_noah,to,1
d003002,c_elena,to,2
d003002,c_marcus,cc,3
d003003,c_noah,to,0
d003003,c_taylor,to,1
d003003,c_chris,cc,2
d003004,c_quinn,to,0
d003005,c_marcus,to,0
d003006,c_alex_chen,to,0
d003007,c_alex_chen,to,0
d003008,c_jamie_li,to,0
d003009,c_morgan_zhao,to,0
d003010,c_morgan_zhao,to,0
d003011,c_fac_002,to,0
d003012,c_fac_012,to,0
d003013,c_fac_017,to,0
d003014,c_noah,to,0
d003014,c_elena,to,1
d003014,c_taylor,to,2
d003014,c_chris,cc,3
d003015,c_noah,to,0
d003015,c_elena,to,1
d003015,c_taylor,to,2
d003015,c_chris,cc,3
d003016,c_noah,to,0
d003016,c_elena,to,1
d003016,c_taylor,to,2
d003016,c_chris,cc,3
d003017,c_noah,to,0
d003017,c_elena,to,1
d003017,c_taylor,to,2
d003017,c_chris,cc,3
d003018,c_noah,to,0
d003018,c_elena,to,1
d003018,c_taylor,to,2
d003018,c_chris,cc,3
d003019,c_noah,to,0
d003019,c_elena,to,1
d003019,c_taylor,to,2
d003019,c_chris,cc,3
d003020,c_priya,to,0
d003020,c_quinn,cc,1
d003021,c_priya,to,0
d003021,c_quinn,cc,1
d003022,c_elena,to,0
d003022,c_taylor,to,1
d003022,c_lena,to,2
d003023,c_avery,to,0
d003023,c_devon,to,1
d003024,c_maya,to,0
d003025,c_hana,to,0
d003026,c_alex_chan,to,0
d003027,c_jamie_lee,to,0
d003028,c_jamie_lee,to,0
d003029,c_morgan_shaw,to,0
d003030,c_morgan_shaw,to,0
d003031,c_lee,to,0
d003032,c_pat,to,0
d003033,c_pat,to,0
d003034,c_ren,to,0
d003035,c_fac_003,to,0
d003036,c_fac_008,to,0
d003037,c_fac_013,to,0
d003038,c_noah,to,0
d003038,c_elena,to,1
d003038,c_taylor,to,2
d003038,c_chris,cc,3
d003039,c_noah,to,0
d003039,c_elena,to,1
d003039,c_taylor,to,2
d003039,c_chris,cc,3
d003040,c_noah,to,0
d003040,c_elena,to,1
d003040,c_taylor,to,2
d003040,c_chris,cc,3
d003041,c_noah,to,0
d003041,c_elena,to,1
d003041,c_taylor,to,2
d003041,c_chris,cc,3
d003042,c_noah,to,0
d003042,c_elena,to,1
d003042,c_taylor,to,2
d003042,c_chris,cc,3
d003043,c_noah,to,0
d003043,c_elena,to,1
d003043,c_taylor,to,2
d003043,c_chris,cc,3
d003044,c_priya,to,0
d003044,c_quinn,cc,1
d003045,c_priya,to,0
d003045,c_quinn,cc,1
d003046,c_elena,to,0
d003046,c_taylor,to,1
d003046,c_lena,to,2
d003047,c_marcus,to,0
d003048,c_alex_chan,to,0
d003049,c_alex_chan,to,0
d003050,c_jamie_lee,to,0
d003051,c_morgan_shaw,to,0
d003052,c_morgan_shaw,to,0
d003053,c_lee,to,0
d003054,c_pat,to,0
d003055,c_pat,to,0
d003056,c_ren,to,0
d003057,c_ren,to,0
d003058,c_fac_004,to,0
d003059,c_fac_009,to,0
d003060,c_fac_014,to,0
d003061,c_noah,to,0
d003061,c_elena,to,1
d003061,c_taylor,to,2
d003061,c_chris,cc,3
d003062,c_noah,to,0
d003062,c_elena,to,1
d003062,c_taylor,to,2
d003062,c_chris,cc,3
d003063,c_noah,to,0
d003063,c_elena,to,1
d003063,c_taylor,to,2
d003063,c_chris,cc,3
d003064,c_noah,to,0
d003064,c_elena,to,1
d003064,c_taylor,to,2
d003064,c_chris,cc,3
d003065,c_noah,to,0
d003065,c_elena,to,1
d003065,c_taylor,to,2
d003065,c_chris,cc,3
d003066,c_noah,to,0
d003066,c_elena,to,1
d003066,c_taylor,to,2
d003066,c_chris,cc,3
d003067,c_noah,to,0
d003067,c_elena,to,1
d003067,c_taylor,to,2
d003067,c_chris,cc,3
d003067,c_lena,bcc,4
d003068,c_noah,to,0
d003068,c_elena,to,1
d003068,c_taylor,to,2
d003068,c_chris,cc,3
d003068,c_lena,bcc,4
d003069,c_chris,to,0
d003069,c_noah,to,1
d003069,c_elena,to,2
d003069,c_marcus,cc,3
d003070,c_noah,to,0
d003070,c_taylor,to,1
d003070,c_chris,cc,2
d003071,c_noah,to,0
d003071,c_taylor,to,1
d003071,c_chris,cc,2
d003072,c_avery,to,0
d003072,c_devon,to,1
d003073,c_alex_chen,to,0
d003074,c_jamie_li,to,0
d003075,c_jamie_li,to,0
d003076,c_morgan_zhao,to,0
d003077,c_hana,to,0
d003078,c_fac_005,to,0
d003079,c_fac_010,to,0
d003080,c_fac_015,to,0
d003081,c_noah,to,0
d003081,c_elena,to,1
d003081,c_taylor,to,2
d003081,c_chris,cc,3
d003082,c_noah,to,0
d003082,c_elena,to,1
d003082,c_taylor,to,2
d003082,c_chris,cc,3
d003083,c_noah,to,0
d003083,c_elena,to,1
d003083,c_taylor,to,2
d003083,c_chris,cc,3
d003084,c_noah,to,0
d003084,c_elena,to,1
d003084,c_taylor,to,2
d003084,c_chris,cc,3
d003085,c_noah,to,0
d003085,c_elena,to,1
d003085,c_taylor,to,2
d003085,c_chris,cc,3
d003086,c_noah,to,0
d003086,c_elena,to,1
d003086,c_taylor,to,2
d003086,c_chris,cc,3
d003087,c_priya,to,0
d003087,c_quinn,cc,1
d003088,c_priya,to,0
d003088,c_quinn,cc,1
d003089,c_elena,to,0
d003089,c_taylor,to,1
d003089,c_lena,to,2
d003090,c_noah,to,0
d003091,c_noah,to,0
d003092,c_alex_chan,to,0
d003093,c_jamie_lee,to,0
d003094,c_jamie_lee,to,0
d003095,c_morgan_shaw,to,0
d003096,c_morgan_shaw,to,0
d003097,c_lee,to,0
d003098,c_pat,to,0
d003099,c_pat,to,0
d003100,c_ren,to,0
d003101,c_fac_001,to,0
d003102,c_fac_006,to,0
d003103,c_fac_011,to,0
d003104,c_noah,to,0
d003104,c_elena,to,1
d003104,c_taylor,to,2
d003104,c_chris,cc,3
d003105,c_noah,to,0
d003105,c_elena,to,1
d003105,c_taylor,to,2
d003105,c_chris,cc,3
d003106,c_noah,to,0
d003106,c_elena,to,1
d003106,c_taylor,to,2
d003106,c_chris,cc,3
d003107,c_noah,to,0
d003107,c_elena,to,1
d003107,c_taylor,to,2
d003107,c_chris,cc,3
d003108,c_noah,to,0
d003108,c_elena,to,1
d003108,c_taylor,to,2
d003108,c_chris,cc,3
d003109,c_noah,to,0
d003109,c_elena,to,1
d003109,c_taylor,to,2
d003109,c_chris,cc,3
d003110,c_noah,to,0
d003110,c_elena,to,1
d003110,c_taylor,to,2
d003110,c_chris,cc,3
d003111,c_noah,to,0
d003111,c_elena,to,1
d003111,c_taylor,to,2
d003111,c_chris,cc,3
d003111,c_lena,bcc,4
d003112,c_chris,to,0
d003112,c_noah,to,1
d003112,c_elena,to,2
d003112,c_marcus,cc,3
d003113,c_chris,to,0
d003113,c_noah,to,1
d003113,c_elena,to,2
d003113,c_marcus,cc,3
d003114,c_noah,to,0
d003114,c_taylor,to,1
d003114,c_chris,cc,2
d003115,c_noah,to,0
d003115,c_taylor,to,1
d003115,c_chris,cc,2
d003116,c_marcus,to,0
d003117,c_alex_chen,to,0
d003118,c_alex_chen,to,0
d003119,c_jamie_li,to,0
d003120,c_morgan_zhao,to,0
d003121,c_morgan_zhao,to,0
d003122,c_fac_002,to,0
d003123,c_fac_007,to,0
d003124,c_fac_017,to,0
d003125,c_noah,to,0
d003125,c_elena,to,1
d003125,c_taylor,to,2
d003125,c_chris,cc,3
d003126,c_noah,to,0
d003126,c_elena,to,1
d003126,c_taylor,to,2
d003126,c_chris,cc,3
d003127,c_noah,to,0
d003127,c_elena,to,1
d003127,c_taylor,to,2
d003127,c_chris,cc,3
d003128,c_noah,to,0
d003128,c_elena,to,1
d003128,c_taylor,to,2
d003128,c_chris,cc,3
d003129,c_noah,to,0
d003129,c_elena,to,1
d003129,c_taylor,to,2
d003129,c_chris,cc,3
d003130,c_noah,to,0
d003130,c_elena,to,1
d003130,c_taylor,to,2
d003130,c_chris,cc,3
d003131,c_priya,to,0
d003131,c_quinn,cc,1
d003132,c_priya,to,0
d003132,c_quinn,cc,1
d003133,c_elena,to,0
d003133,c_taylor,to,1
d003133,c_lena,to,2
d003134,c_elena,to,0
d003134,c_taylor,to,1
d003134,c_lena,to,2
d003135,c_maya,to,0
d003136,c_hana,to,0
d003137,c_alex_chan,to,0
d003138,c_alex_chan,to,0
d003139,c_jamie_lee,to,0
d003140,c_morgan_shaw,to,0
d003141,c_morgan_shaw,to,0
d003142,c_lee,to,0
d003143,c_pat,to,0
d003144,c_pat,to,0
d003145,c_ren,to,0
d003146,c_ren,to,0
d003147,c_fac_008,to,0
d003148,c_fac_013,to,0
d003149,c_noah,to,0
d003149,c_elena,to,1
d003149,c_taylor,to,2
d003149,c_chris,cc,3
d003150,c_noah,to,0
d003150,c_elena,to,1
d003150,c_taylor,to,2
d003150,c_chris,cc,3
d003151,c_noah,to,0
d003151,c_elena,to,1
d003151,c_taylor,to,2
d003151,c_chris,cc,3
d003152,c_noah,to,0
d003152,c_elena,to,1
d003152,c_taylor,to,2
d003152,c_chris,cc,3
d003153,c_noah,to,0
d003153,c_elena,to,1
d003153,c_taylor,to,2
d003153,c_chris,cc,3
d003154,c_priya,to,0
d003154,c_quinn,cc,1
d003155,c_elena,to,0
d003155,c_taylor,to,1
d003155,c_lena,to,2
d003156,c_elena,to,0
d003156,c_taylor,to,1
d003156,c_lena,to,2
d003157,c_marcus,to,0
d003158,c_jamie_lee,to,0
d003159,c_morgan_shaw,to,0
d003160,c_lee,to,0
d003161,c_lee,to,0
d003162,c_pat,to,0
d003163,c_ren,to,0
d003164,c_ren,to,0
d003165,c_sam,to,0
d003166,c_fac_009,to,0
d003167,c_fac_014,to,0
d003168,c_noah,to,0
d003168,c_elena,to,1
d003168,c_taylor,to,2
d003168,c_chris,cc,3
d003169,c_noah,to,0
d003169,c_elena,to,1
d003169,c_taylor,to,2
d003169,c_chris,cc,3
d003170,c_noah,to,0
d003170,c_elena,to,1
d003170,c_taylor,to,2
d003170,c_chris,cc,3
d003171,c_noah,to,0
d003171,c_elena,to,1
d003171,c_taylor,to,2
d003171,c_chris,cc,3
d003172,c_noah,to,0
d003172,c_elena,to,1
d003172,c_taylor,to,2
d003172,c_chris,cc,3
d003173,c_noah,to,0
d003173,c_elena,to,1
d003173,c_taylor,to,2
d003173,c_chris,cc,3
d003174,c_noah,to,0
d003174,c_elena,to,1
d003174,c_taylor,to,2
d003174,c_chris,cc,3
d003174,c_lena,bcc,4
d003175,c_chris,to,0
d003175,c_noah,to,1
d003175,c_elena,to,2
d003175,c_marcus,cc,3
d003176,c_chris,to,0
d003176,c_noah,to,1
d003176,c_elena,to,2
d003176,c_marcus,cc,3
d003177,c_noah,to,0
d003177,c_taylor,to,1
d003177,c_chris,cc,2
d003178,c_avery,to,0
d003178,c_devon,to,1
d003179,c_alex_chen,to,0
d003180,c_alex_chen,to,0
d003181,c_jamie_li,to,0
d003182,c_morgan_zhao,to,0
d003183,c_morgan_zhao,to,0
d003184,c_hana,to,0
d003185,c_fac_010,to,0
d003186,c_fac_015,to,0
d003187,c_noah,to,0
d003187,c_elena,to,1
d003187,c_taylor,to,2
d003187,c_chris,cc,3
d003188,c_noah,to,0
d003188,c_elena,to,1
d003188,c_taylor,to,2
d003188,c_chris,cc,3
d003189,c_noah,to,0
d003189,c_elena,to,1
d003189,c_taylor,to,2
d003189,c_chris,cc,3
d003190,c_noah,to,0
d003190,c_elena,to,1
d003190,c_taylor,to,2
d003190,c_chris,cc,3
d003191,c_noah,to,0
d003191,c_elena,to,1
d003191,c_taylor,to,2
d003191,c_chris,cc,3
d003192,c_noah,to,0
d003192,c_elena,to,1
d003192,c_taylor,to,2
d003192,c_chris,cc,3
d003193,c_priya,to,0
d003193,c_quinn,cc,1
d003194,c_priya,to,0
d003194,c_quinn,cc,1
d003195,c_elena,to,0
d003195,c_taylor,to,1
d003195,c_lena,to,2
d003196,c_elena,to,0
d003196,c_taylor,to,1
d003196,c_lena,to,2
d003197,c_noah,to,0
d003198,c_alex_chan,to,0
d003199,c_alex_chan,to,0
d003200,c_jamie_lee,to,0
d003201,c_morgan_shaw,to,0
d003202,c_morgan_shaw,to,0
d003203,c_lee,to,0
d003204,c_lee,to,0
d003205,c_pat,to,0
d003206,c_ren,to,0
d003207,c_ren,to,0
d003208,c_fac_006,to,0
d003209,c_fac_011,to,0
d003210,c_fac_016,to,0
d003211,c_noah,to,0
d003211,c_elena,to,1
d003211,c_taylor,to,2
d003211,c_chris,cc,3
d003212,c_noah,to,0
d003212,c_elena,to,1
d003212,c_taylor,to,2
d003212,c_chris,cc,3
d003213,c_noah,to,0
d003213,c_elena,to,1
d003213,c_taylor,to,2
d003213,c_chris,cc,3
d003214,c_noah,to,0
d003214,c_elena,to,1
d003214,c_taylor,to,2
d003214,c_chris,cc,3
d003215,c_noah,to,0
d003215,c_elena,to,1
d003215,c_taylor,to,2
d003215,c_chris,cc,3
d003216,c_noah,to,0
d003216,c_elena,to,1
d003216,c_taylor,to,2
d003216,c_chris,cc,3
d003217,c_noah,to,0
d003217,c_elena,to,1
d003217,c_taylor,to,2
d003217,c_chris,cc,3
d003217,c_lena,bcc,4
d003218,c_noah,to,0
d003218,c_elena,to,1
d003218,c_taylor,to,2
d003218,c_chris,cc,3
d003218,c_lena,bcc,4
d003219,c_chris,to,0
d003219,c_noah,to,1
d003219,c_elena,to,2
d003219,c_marcus,cc,3
d003220,c_noah,to,0
d003220,c_taylor,to,1
d003220,c_chris,cc,2
d003221,c_noah,to,0
d003221,c_taylor,to,1
d003221,c_chris,cc,2
d003222,c_quinn,to,0
d003223,c_marcus,to,0
d003224,c_alex_chen,to,0
d003225,c_jamie_li,to,0
d003226,c_jamie_li,to,0
d003227,c_morgan_zhao,to,0
d003228,c_fac_002,to,0
d003229,c_fac_007,to,0
d003230,c_fac_012,to,0
d003231,c_fac_017,to,0
d003232,c_noah,to,0
d003232,c_elena,to,1
d003232,c_taylor,to,2
d003232,c_chris,cc,3
d003233,c_noah,to,0
d003233,c_elena,to,1
d003233,c_taylor,to,2
d003233,c_chris,cc,3
d003234,c_noah,to,0
d003234,c_elena,to,1
d003234,c_taylor,to,2
d003234,c_chris,cc,3
d003235,c_noah,to,0
d003235,c_elena,to,1
d003235,c_taylor,to,2
d003235,c_chris,cc,3
d003236,c_noah,to,0
d003236,c_elena,to,1
d003236,c_taylor,to,2
d003236,c_chris,cc,3
d003237,c_noah,to,0
d003237,c_elena,to,1
d003237,c_taylor,to,2
d003237,c_chris,cc,3
d003238,c_priya,to,0
d003238,c_quinn,cc,1
d003239,c_elena,to,0
d003239,c_taylor,to,1
d003239,c_lena,to,2
d003240,c_elena,to,0
d003240,c_taylor,to,1
d003240,c_lena,to,2
d003241,c_avery,to,0
d003241,c_devon,to,1
d003242,c_maya,to,0
d003243,c_alex_chan,to,0
d003244,c_alex_chan,to,0
d003245,c_jamie_lee,to,0
d003246,c_jamie_lee,to,0
d003247,c_morgan_shaw,to,0
d003248,c_lee,to,0
d003249,c_lee,to,0
d003250,c_pat,to,0
d003251,c_ren,to,0
d003252,c_ren,to,0
d003253,c_fac_003,to,0
d003254,c_fac_008,to,0
d003255,c_noah,to,0
d003255,c_elena,to,1
d003255,c_taylor,to,2
d003255,c_chris,cc,3
d003256,c_noah,to,0
d003256,c_elena,to,1
d003256,c_taylor,to,2
d003256,c_chris,cc,3
d003257,c_noah,to,0
d003257,c_elena,to,1
d003257,c_taylor,to,2
d003257,c_chris,cc,3
d003258,c_noah,to,0
d003258,c_elena,to,1
d003258,c_taylor,to,2
d003258,c_chris,cc,3
d003259,c_noah,to,0
d003259,c_elena,to,1
d003259,c_taylor,to,2
d003259,c_chris,cc,3
d003260,c_noah,to,0
d003260,c_elena,to,1
d003260,c_taylor,to,2
d003260,c_chris,cc,3
d003261,c_noah,to,0
d003261,c_elena,to,1
d003261,c_taylor,to,2
d003261,c_chris,cc,3
d003262,c_priya,to,0
d003262,c_quinn,cc,1
d003263,c_elena,to,0
d003263,c_taylor,to,1
d003263,c_lena,to,2
d003264,c_elena,to,0
d003264,c_taylor,to,1
d003264,c_lena,to,2
d003265,c_marcus,to,0
d003266,c_alex_chan,to,0
d003267,c_jamie_lee,to,0
d003268,c_jamie_lee,to,0
d003269,c_morgan_shaw,to,0
d003270,c_lee,to,0
d003271,c_lee,to,0
d003272,c_pat,to,0
d003273,c_pat,to,0
d003274,c_ren,to,0
d003275,c_sam,to,0
d003276,c_fac_004,to,0
d003277,c_fac_009,to,0
d003278,c_noah,to,0
d003278,c_elena,to,1
d003278,c_taylor,to,2
d003278,c_chris,cc,3
d003279,c_noah,to,0
d003279,c_elena,to,1
d003279,c_taylor,to,2
d003279,c_chris,cc,3
d003280,c_noah,to,0
d003280,c_elena,to,1
d003280,c_taylor,to,2
d003280,c_chris,cc,3
d003281,c_noah,to,0
d003281,c_elena,to,1
d003281,c_taylor,to,2
d003281,c_chris,cc,3
d003282,c_noah,to,0
d003282,c_elena,to,1
d003282,c_taylor,to,2
d003282,c_chris,cc,3
d003283,c_noah,to,0
d003283,c_elena,to,1
d003283,c_taylor,to,2
d003283,c_chris,cc,3
d003284,c_noah,to,0
d003284,c_elena,to,1
d003284,c_taylor,to,2
d003284,c_chris,cc,3
d003284,c_lena,bcc,4
d003285,c_chris,to,0
d003285,c_noah,to,1
d003285,c_elena,to,2
d003285,c_marcus,cc,3
d003286,c_noah,to,0
d003286,c_taylor,to,1
d003286,c_chris,cc,2
d003287,c_noah,to,0
d003287,c_taylor,to,1
d003287,c_chris,cc,2
d003288,c_avery,to,0
d003288,c_devon,to,1
d003289,c_alex_chen,to,0
d003290,c_jamie_li,to,0
d003291,c_jamie_li,to,0
d003292,c_morgan_zhao,to,0
d003293,c_hana,to,0
d003294,c_fac_005,to,0
d003295,c_fac_010,to,0
d003296,c_fac_015,to,0
d003297,c_noah,to,0
d003297,c_elena,to,1
d003297,c_taylor,to,2
d003297,c_chris,cc,3
d003298,c_noah,to,0
d003298,c_elena,to,1
d003298,c_taylor,to,2
d003298,c_chris,cc,3
d003299,c_noah,to,0
d003299,c_elena,to,1
d003299,c_taylor,to,2
d003299,c_chris,cc,3
d003300,c_noah,to,0
d003300,c_elena,to,1
d003300,c_taylor,to,2
d003300,c_chris,cc,3
d003301,c_noah,to,0
d003301,c_elena,to,1
d003301,c_taylor,to,2
d003301,c_chris,cc,3
d003302,c_noah,to,0
d003302,c_elena,to,1
d003302,c_taylor,to,2
d003302,c_chris,cc,3
d003303,c_priya,to,0
d003303,c_quinn,cc,1
d003304,c_priya,to,0
d003304,c_quinn,cc,1
d003305,c_elena,to,0
d003305,c_taylor,to,1
d003305,c_lena,to,2
d003306,c_noah,to,0
d003307,c_noah,to,0
d003308,c_alex_chan,to,0
d003309,c_jamie_lee,to,0
d003310,c_jamie_lee,to,0
d003311,c_morgan_shaw,to,0
d003312,c_lee,to,0
d003313,c_lee,to,0
d003314,c_pat,to,0
d003315,c_pat,to,0
d003316,c_ren,to,0
d003317,c_fac_001,to,0
d003318,c_fac_006,to,0
d003319,c_fac_011,to,0
d003320,c_noah,to,0
d003320,c_elena,to,1
d003320,c_taylor,to,2
d003320,c_chris,cc,3
d003321,c_noah,to,0
d003321,c_elena,to,1
d003321,c_taylor,to,2
d003321,c_chris,cc,3
d003322,c_noah,to,0
d003322,c_elena,to,1
d003322,c_taylor,to,2
d003322,c_chris,cc,3
d003323,c_noah,to,0
d003323,c_elena,to,1
d003323,c_taylor,to,2
d003323,c_chris,cc,3
d003324,c_noah,to,0
d003324,c_elena,to,1
d003324,c_taylor,to,2
d003324,c_chris,cc,3
d003325,c_noah,to,0
d003325,c_elena,to,1
d003325,c_taylor,to,2
d003325,c_chris,cc,3
d003326,c_noah,to,0
d003326,c_elena,to,1
d003326,c_taylor,to,2
d003326,c_chris,cc,3
d003327,c_noah,to,0
d003327,c_elena,to,1
d003327,c_taylor,to,2
d003327,c_chris,cc,3
d003327,c_lena,bcc,4
d003328,c_chris,to,0
d003328,c_noah,to,1
d003328,c_elena,to,2
d003328,c_marcus,cc,3
d003329,c_chris,to,0
d003329,c_noah,to,1
d003329,c_elena,to,2
d003329,c_marcus,cc,3
d003330,c_noah,to,0
d003330,c_taylor,to,1
d003330,c_chris,cc,2
d003331,c_noah,to,0
d003331,c_taylor,to,1
d003331,c_chris,cc,2
d003332,c_marcus,to,0
d003333,c_alex_chen,to,0
d003334,c_alex_chen,to,0
d003335,c_jamie_li,to,0
d003336,c_morgan_zhao,to,0
d003337,c_morgan_zhao,to,0
d003338,c_fac_002,to,0
d003339,c_fac_012,to,0
d003340,c_fac_017,to,0
d003341,c_noah,to,0
d003341,c_elena,to,1
d003341,c_taylor,to,2
d003341,c_chris,cc,3
d003342,c_noah,to,0
d003342,c_elena,to,1
d003342,c_taylor,to,2
d003342,c_chris,cc,3
d003343,c_noah,to,0
d003343,c_elena,to,1
d003343,c_taylor,to,2
d003343,c_chris,cc,3
d003344,c_noah,to,0
d003344,c_elena,to,1
d003344,c_taylor,to,2
d003344,c_chris,cc,3
d003345,c_noah,to,0
d003345,c_elena,to,1
d003345,c_taylor,to,2
d003345,c_chris,cc,3
d003346,c_noah,to,0
d003346,c_elena,to,1
d003346,c_taylor,to,2
d003346,c_chris,cc,3
d003347,c_priya,to,0
d003347,c_quinn,cc,1
d003348,c_elena,to,0
d003348,c_taylor,to,1
d003348,c_lena,to,2
d003349,c_elena,to,0
d003349,c_taylor,to,1
d003349,c_lena,to,2
d003350,c_avery,to,0
d003350,c_devon,to,1
d003351,c_hana,to,0
d003352,c_alex_chan,to,0
d003353,c_alex_chan,to,0
d003354,c_jamie_lee,to,0
d003355,c_morgan_shaw,to,0
d003356,c_morgan_shaw,to,0
d003357,c_lee,to,0
d003358,c_pat,to,0
d003359,c_ren,to,0
d003360,c_ren,to,0
d003361,c_fac_003,to,0
d003362,c_fac_008,to,0
d003363,c_noah,to,0
d003363,c_elena,to,1
d003363,c_taylor,to,2
d003363,c_chris,cc,3
d003364,c_noah,to,0
d003364,c_elena,to,1
d003364,c_taylor,to,2
d003364,c_chris,cc,3
d003365,c_noah,to,0
d003365,c_elena,to,1
d003365,c_taylor,to,2
d003365,c_chris,cc,3
d003366,c_noah,to,0
d003366,c_elena,to,1
d003366,c_taylor,to,2
d003366,c_chris,cc,3
d003367,c_noah,to,0
d003367,c_elena,to,1
d003367,c_taylor,to,2
d003367,c_chris,cc,3
d003368,c_noah,to,0
d003368,c_elena,to,1
d003368,c_taylor,to,2
d003368,c_chris,cc,3
d003369,c_noah,to,0
d003369,c_elena,to,1
d003369,c_taylor,to,2
d003369,c_chris,cc,3
d003370,c_priya,to,0
d003370,c_quinn,cc,1
d003371,c_elena,to,0
d003371,c_taylor,to,1
d003371,c_lena,to,2
d003372,c_elena,to,0
d003372,c_taylor,to,1
d003372,c_lena,to,2
d003373,c_marcus,to,0
d003374,c_alex_chan,to,0
d003375,c_jamie_lee,to,0
d003376,c_jamie_lee,to,0
d003377,c_morgan_shaw,to,0
d003378,c_lee,to,0
d003379,c_lee,to,0
d003380,c_pat,to,0
d003381,c_pat,to,0
d003382,c_ren,to,0
d003383,c_sam,to,0
d003384,c_fac_004,to,0
d003385,c_fac_009,to,0
d003386,c_noah,to,0
d003386,c_elena,to,1
d003386,c_taylor,to,2
d003386,c_chris,cc,3
d003387,c_noah,to,0
d003387,c_elena,to,1
d003387,c_taylor,to,2
d003387,c_chris,cc,3
d003388,c_noah,to,0
d003388,c_elena,to,1
d003388,c_taylor,to,2
d003388,c_chris,cc,3
d003389,c_noah,to,0
d003389,c_elena,to,1
d003389,c_taylor,to,2
d003389,c_chris,cc,3
d003390,c_noah,to,0
d003390,c_elena,to,1
d003390,c_taylor,to,2
d003390,c_chris,cc,3
d003391,c_noah,to,0
d003391,c_elena,to,1
d003391,c_taylor,to,2
d003391,c_chris,cc,3
d003392,c_noah,to,0
d003392,c_elena,to,1
d003392,c_taylor,to,2
d003392,c_chris,cc,3
d003393,c_chris,to,0
d003393,c_noah,to,1
d003393,c_elena,to,2
d003393,c_marcus,cc,3
d003394,c_chris,to,0
d003394,c_noah,to,1
d003394,c_elena,to,2
d003394,c_marcus,cc,3
d003395,c_noah,to,0
d003395,c_taylor,to,1
d003395,c_chris,cc,2
d003396,c_noah,to,0
d003396,c_taylor,to,1
d003396,c_chris,cc,2
d003397,c_alex_chen,to,0
d003398,c_alex_chen,to,0
d003399,c_jamie_li,to,0
d003400,c_jamie_li,to,0
d003401,c_morgan_zhao,to,0
d003402,c_hana,to,0
d003403,c_fac_005,to,0
d003404,c_fac_010,to,0
d003405,c_noah,to,0
d003405,c_elena,to,1
d003405,c_taylor,to,2
d003405,c_chris,cc,3
d003406,c_noah,to,0
d003406,c_elena,to,1
d003406,c_taylor,to,2
d003406,c_chris,cc,3
d003407,c_noah,to,0
d003407,c_elena,to,1
d003407,c_taylor,to,2
d003407,c_chris,cc,3
d003408,c_noah,to,0
d003408,c_elena,to,1
d003408,c_taylor,to,2
d003408,c_chris,cc,3
d003409,c_noah,to,0
d003409,c_elena,to,1
d003409,c_taylor,to,2
d003409,c_chris,cc,3
d003410,c_noah,to,0
d003410,c_elena,to,1
d003410,c_taylor,to,2
d003410,c_chris,cc,3
d003411,c_priya,to,0
d003411,c_quinn,cc,1
d003412,c_priya,to,0
d003412,c_quinn,cc,1
d003413,c_elena,to,0
d003413,c_taylor,to,1
d003413,c_lena,to,2
d003414,c_noah,to,0
d003415,c_noah,to,0
d003416,c_alex_chan,to,0
d003417,c_jamie_lee,to,0
d003418,c_jamie_lee,to,0
d003419,c_morgan_shaw,to,0
d003420,c_lee,to,0
d003421,c_lee,to,0
d003422,c_pat,to,0
d003423,c_pat,to,0
d003424,c_ren,to,0
d003425,c_fac_001,to,0
d003426,c_fac_006,to,0
d003427,c_fac_011,to,0
d003428,c_noah,to,0
d003428,c_elena,to,1
d003428,c_taylor,to,2
d003428,c_chris,cc,3
d003429,c_noah,to,0
d003429,c_elena,to,1
d003429,c_taylor,to,2
d003429,c_chris,cc,3
d003430,c_noah,to,0
d003430,c_elena,to,1
d003430,c_taylor,to,2
d003430,c_chris,cc,3
d003431,c_noah,to,0
d003431,c_elena,to,1
d003431,c_taylor,to,2
d003431,c_chris,cc,3
d003432,c_noah,to,0
d003432,c_elena,to,1
d003432,c_taylor,to,2
d003432,c_chris,cc,3
d003433,c_noah,to,0
d003433,c_elena,to,1
d003433,c_taylor,to,2
d003433,c_chris,cc,3
d003434,c_noah,to,0
d003434,c_elena,to,1
d003434,c_taylor,to,2
d003434,c_chris,cc,3
d003435,c_noah,to,0
d003435,c_elena,to,1
d003435,c_taylor,to,2
d003435,c_chris,cc,3
d003435,c_lena,bcc,4
d003436,c_chris,to,0
d003436,c_noah,to,1
d003436,c_elena,to,2
d003436,c_marcus,cc,3
d003437,c_chris,to,0
d003437,c_noah,to,1
d003437,c_elena,to,2
d003437,c_marcus,cc,3
d003438,c_noah,to,0
d003438,c_taylor,to,1
d003438,c_chris,cc,2
d003439,c_noah,to,0
d003439,c_taylor,to,1
d003439,c_chris,cc,2
d003440,c_marcus,to,0
d003441,c_alex_chen,to,0
d003442,c_alex_chen,to,0
d003443,c_jamie_li,to,0
d003444,c_morgan_zhao,to,0
d003445,c_morgan_zhao,to,0
d003446,c_fac_002,to,0
d003447,c_fac_012,to,0
d003448,c_fac_017,to,0
d003449,c_noah,to,0
d003449,c_elena,to,1
d003449,c_taylor,to,2
d003449,c_chris,cc,3
d003450,c_noah,to,0
d003450,c_elena,to,1
d003450,c_taylor,to,2
d003450,c_chris,cc,3
d003451,c_noah,to,0
d003451,c_elena,to,1
d003451,c_taylor,to,2
d003451,c_chris,cc,3
d003452,c_noah,to,0
d003452,c_elena,to,1
d003452,c_taylor,to,2
d003452,c_chris,cc,3
d003453,c_noah,to,0
d003453,c_elena,to,1
d003453,c_taylor,to,2
d003453,c_chris,cc,3
d003454,c_noah,to,0
d003454,c_elena,to,1
d003454,c_taylor,to,2
d003454,c_chris,cc,3
d003455,c_priya,to,0
d003455,c_quinn,cc,1
d003456,c_priya,to,0
d003456,c_quinn,cc,1
d003457,c_elena,to,0
d003457,c_taylor,to,1
d003457,c_lena,to,2
d003458,c_elena,to,0
d003458,c_taylor,to,1
d003458,c_lena,to,2
d003459,c_maya,to,0
d003460,c_hana,to,0
d003461,c_alex_chan,to,0
d003462,c_alex_chan,to,0
d003463,c_jamie_lee,to,0
d003464,c_morgan_shaw,to,0
d003465,c_morgan_shaw,to,0
d003466,c_lee,to,0
d003467,c_pat,to,0
d003468,c_pat,to,0
d003469,c_ren,to,0
d003470,c_fac_003,to,0
d003471,c_fac_008,to,0
d003472,c_fac_013,to,0
d003473,c_noah,to,0
d003473,c_elena,to,1
d003473,c_taylor,to,2
d003473,c_chris,cc,3
d003474,c_noah,to,0
d003474,c_elena,to,1
d003474,c_taylor,to,2
d003474,c_chris,cc,3
d003475,c_noah,to,0
d003475,c_elena,to,1
d003475,c_taylor,to,2
d003475,c_chris,cc,3
d003476,c_noah,to,0
d003476,c_elena,to,1
d003476,c_taylor,to,2
d003476,c_chris,cc,3
d003477,c_noah,to,0
d003477,c_elena,to,1
d003477,c_taylor,to,2
d003477,c_chris,cc,3
d003478,c_noah,to,0
d003478,c_elena,to,1
d003478,c_taylor,to,2
d003478,c_chris,cc,3
d003479,c_priya,to,0
d003479,c_quinn,cc,1
d003480,c_elena,to,0
d003480,c_taylor,to,1
d003480,c_lena,to,2
d003481,c_elena,to,0
d003481,c_taylor,to,1
d003481,c_lena,to,2
d003482,c_alex_chan,to,0
d003483,c_jamie_lee,to,0
d003484,c_jamie_lee,to,0
d003485,c_morgan_shaw,to,0
d003486,c_lee,to,0
d003487,c_lee,to,0
d003488,c_pat,to,0
d003489,c_pat,to,0
d003490,c_ren,to,0
d003491,c_sam,to,0
d003492,c_fac_004,to,0
d003493,c_fac_009,to,0
d003494,c_noah,to,0
d003494,c_elena,to,1
d003494,c_taylor,to,2
d003494,c_chris,cc,3
d003495,c_noah,to,0
d003495,c_elena,to,1
d003495,c_taylor,to,2
d003495,c_chris,cc,3
d003496,c_noah,to,0
d003496,c_elena,to,1
d003496,c_taylor,to,2
d003496,c_chris,cc,3
d003497,c_noah,to,0
d003497,c_elena,to,1
d003497,c_taylor,to,2
d003497,c_chris,cc,3
d003498,c_noah,to,0
d003498,c_elena,to,1
d003498,c_taylor,to,2
d003498,c_chris,cc,3
d003499,c_noah,to,0
d003499,c_elena,to,1
d003499,c_taylor,to,2
d003499,c_chris,cc,3
d003500,c_noah,to,0
d003500,c_elena,to,1
d003500,c_taylor,to,2
d003500,c_chris,cc,3
d003501,c_noah,to,0
d003501,c_elena,to,1
d003501,c_taylor,to,2
d003501,c_chris,cc,3
d003501,c_lena,bcc,4
d003502,c_chris,to,0
d003502,c_noah,to,1
d003502,c_elena,to,2
d003502,c_marcus,cc,3
d003503,c_chris,to,0
d003503,c_noah,to,1
d003503,c_elena,to,2
d003503,c_marcus,cc,3
d003504,c_noah,to,0
d003504,c_taylor,to,1
d003504,c_chris,cc,2
d003505,c_avery,to,0
d003505,c_devon,to,1
d003506,c_alex_chen,to,0
d003507,c_alex_chen,to,0
d003508,c_jamie_li,to,0
d003509,c_morgan_zhao,to,0
d003510,c_morgan_zhao,to,0
d003511,c_hana,to,0
d003512,c_fac_005,to,0
d003513,c_fac_015,to,0
d003514,c_noah,to,0
d003514,c_elena,to,1
d003514,c_taylor,to,2
d003514,c_chris,cc,3
d003515,c_noah,to,0
d003515,c_elena,to,1
d003515,c_taylor,to,2
d003515,c_chris,cc,3
d003516,c_noah,to,0
d003516,c_elena,to,1
d003516,c_taylor,to,2
d003516,c_chris,cc,3
d003517,c_noah,to,0
d003517,c_elena,to,1
d003517,c_taylor,to,2
d003517,c_chris,cc,3
d003518,c_noah,to,0
d003518,c_elena,to,1
d003518,c_taylor,to,2
d003518,c_chris,cc,3
d003519,c_noah,to,0
d003519,c_elena,to,1
d003519,c_taylor,to,2
d003519,c_chris,cc,3
d003520,c_noah,to,0
d003520,c_elena,to,1
d003520,c_taylor,to,2
d003520,c_chris,cc,3
d003521,c_priya,to,0
d003521,c_quinn,cc,1
d003522,c_elena,to,0
d003522,c_taylor,to,1
d003522,c_lena,to,2
d003523,c_elena,to,0
d003523,c_taylor,to,1
d003523,c_lena,to,2
d003524,c_noah,to,0
d003525,c_alex_chan,to,0
d003526,c_alex_chan,to,0
d003527,c_jamie_lee,to,0
d003528,c_morgan_shaw,to,0
d003529,c_morgan_shaw,to,0
d003530,c_lee,to,0
d003531,c_lee,to,0
d003532,c_pat,to,0
d003533,c_ren,to,0
d003534,c_ren,to,0
d003535,c_fac_001,to,0
d003536,c_fac_011,to,0
d003537,c_fac_016,to,0
d003538,c_noah,to,0
d003538,c_elena,to,1
d003538,c_taylor,to,2
d003538,c_chris,cc,3
d003539,c_noah,to,0
d003539,c_elena,to,1
d003539,c_taylor,to,2
d003539,c_chris,cc,3
d003540,c_noah,to,0
d003540,c_elena,to,1
d003540,c_taylor,to,2
d003540,c_chris,cc,3
d003541,c_noah,to,0
d003541,c_elena,to,1
d003541,c_taylor,to,2
d003541,c_chris,cc,3
d003542,c_noah,to,0
d003542,c_elena,to,1
d003542,c_taylor,to,2
d003542,c_chris,cc,3
d003543,c_noah,to,0
d003543,c_elena,to,1
d003543,c_taylor,to,2
d003543,c_chris,cc,3
d003544,c_noah,to,0
d003544,c_elena,to,1
d003544,c_taylor,to,2
d003544,c_chris,cc,3
d003544,c_lena,bcc,4
d003545,c_noah,to,0
d003545,c_elena,to,1
d003545,c_taylor,to,2
d003545,c_chris,cc,3
d003545,c_lena,bcc,4
d003546,c_chris,to,0
d003546,c_noah,to,1
d003546,c_elena,to,2
d003546,c_marcus,cc,3
d003547,c_noah,to,0
d003547,c_taylor,to,1
d003547,c_chris,cc,2
d003548,c_quinn,to,0
d003549,c_marcus,to,0
d003550,c_alex_chen,to,0
d003551,c_jamie_li,to,0
d003552,c_jamie_li,to,0
d003553,c_morgan_zhao,to,0
d003554,c_morgan_zhao,to,0
d003555,c_fac_007,to,0
d003556,c_fac_012,to,0
d003557,c_fac_017,to,0
d003558,c_noah,to,0
d003558,c_elena,to,1
d003558,c_taylor,to,2
d003558,c_chris,cc,3
d003559,c_noah,to,0
d003559,c_elena,to,1
d003559,c_taylor,to,2
d003559,c_chris,cc,3
d003560,c_noah,to,0
d003560,c_elena,to,1
d003560,c_taylor,to,2
d003560,c_chris,cc,3
d003561,c_noah,to,0
d003561,c_elena,to,1
d003561,c_taylor,to,2
d003561,c_chris,cc,3
d003562,c_noah,to,0
d003562,c_elena,to,1
d003562,c_taylor,to,2
d003562,c_chris,cc,3
d003563,c_priya,to,0
d003563,c_quinn,cc,1
d003564,c_priya,to,0
d003564,c_quinn,cc,1
d003565,c_elena,to,0
d003565,c_taylor,to,1
d003565,c_lena,to,2
d003566,c_elena,to,0
d003566,c_taylor,to,1
d003566,c_lena,to,2
d003567,c_maya,to,0
d003568,c_hana,to,0
d003569,c_alex_chan,to,0
d003570,c_alex_chan,to,0
d003571,c_jamie_lee,to,0
d003572,c_morgan_shaw,to,0
d003573,c_morgan_shaw,to,0
d003574,c_lee,to,0
d003575,c_pat,to,0
d003576,c_pat,to,0
d003577,c_ren,to,0
d003578,c_fac_003,to,0
d003579,c_fac_008,to,0
d003580,c_fac_013,to,0
d003581,c_noah,to,0
d003581,c_elena,to,1
d003581,c_taylor,to,2
d003581,c_chris,cc,3
d003582,c_noah,to,0
d003582,c_elena,to,1
d003582,c_taylor,to,2
d003582,c_chris,cc,3
d003583,c_noah,to,0
d003583,c_elena,to,1
d003583,c_taylor,to,2
d003583,c_chris,cc,3
d003584,c_noah,to,0
d003584,c_elena,to,1
d003584,c_taylor,to,2
d003584,c_chris,cc,3
d003585,c_noah,to,0
d003585,c_elena,to,1
d003585,c_taylor,to,2
d003585,c_chris,cc,3
d003586,c_noah,to,0
d003586,c_elena,to,1
d003586,c_taylor,to,2
d003586,c_chris,cc,3
d003587,c_priya,to,0
d003587,c_quinn,cc,1
d003588,c_priya,to,0
d003588,c_quinn,cc,1
d003589,c_elena,to,0
d003589,c_taylor,to,1
d003589,c_lena,to,2
d003590,c_marcus,to,0
d003591,c_alex_chan,to,0
d003592,c_alex_chan,to,0
d003593,c_jamie_lee,to,0
d003594,c_morgan_shaw,to,0
d003595,c_morgan_shaw,to,0
d003596,c_lee,to,0
d003597,c_lee,to,0
d003598,c_pat,to,0
d003599,c_ren,to,0
d003600,c_ren,to,0
d003601,c_fac_004,to,0
d003602,c_fac_009,to,0
d003603,c_fac_014,to,0
d003604,c_noah,to,0
d003604,c_elena,to,1
d003604,c_taylor,to,2
d003604,c_chris,cc,3
d003605,c_noah,to,0
d003605,c_elena,to,1
d003605,c_taylor,to,2
d003605,c_chris,cc,3
d003606,c_noah,to,0
d003606,c_elena,to,1
d003606,c_taylor,to,2
d003606,c_chris,cc,3
d003607,c_noah,to,0
d003607,c_elena,to,1
d003607,c_taylor,to,2
d003607,c_chris,cc,3
d003608,c_noah,to,0
d003608,c_elena,to,1
d003608,c_taylor,to,2
d003608,c_chris,cc,3
d003609,c_noah,to,0
d003609,c_elena,to,1
d003609,c_taylor,to,2
d003609,c_chris,cc,3
d003610,c_noah,to,0
d003610,c_elena,to,1
d003610,c_taylor,to,2
d003610,c_chris,cc,3
d003610,c_lena,bcc,4
d003611,c_noah,to,0
d003611,c_elena,to,1
d003611,c_taylor,to,2
d003611,c_chris,cc,3
d003611,c_lena,bcc,4
d003612,c_chris,to,0
d003612,c_noah,to,1
d003612,c_elena,to,2
d003612,c_marcus,cc,3
d003613,c_noah,to,0
d003613,c_taylor,to,1
d003613,c_chris,cc,2
d003614,c_noah,to,0
d003614,c_taylor,to,1
d003614,c_chris,cc,2
d003615,c_avery,to,0
d003615,c_devon,to,1
d003616,c_alex_chen,to,0
d003617,c_jamie_li,to,0
d003618,c_jamie_li,to,0
d003619,c_morgan_zhao,to,0
d003620,c_morgan_zhao,to,0
d003621,c_fac_005,to,0
d003622,c_fac_010,to,0
d003623,c_fac_015,to,0
d003624,c_noah,to,0
d003624,c_elena,to,1
d003624,c_taylor,to,2
d003624,c_chris,cc,3
d003625,c_noah,to,0
d003625,c_elena,to,1
d003625,c_taylor,to,2
d003625,c_chris,cc,3
d003626,c_noah,to,0
d003626,c_elena,to,1
d003626,c_taylor,to,2
d003626,c_chris,cc,3
d003627,c_noah,to,0
d003627,c_elena,to,1
d003627,c_taylor,to,2
d003627,c_chris,cc,3
d003628,c_noah,to,0
d003628,c_elena,to,1
d003628,c_taylor,to,2
d003628,c_chris,cc,3
d003629,c_noah,to,0
d003629,c_elena,to,1
d003629,c_taylor,to,2
d003629,c_chris,cc,3
d003630,c_priya,to,0
d003630,c_quinn,cc,1
d003631,c_priya,to,0
d003631,c_quinn,cc,1
d003632,c_elena,to,0
d003632,c_taylor,to,1
d003632,c_lena,to,2
d003633,c_noah,to,0
d003634,c_noah,to,0
d003635,c_alex_chan,to,0
d003636,c_jamie_lee,to,0
d003637,c_jamie_lee,to,0
d003638,c_morgan_shaw,to,0
d003639,c_morgan_shaw,to,0
d003640,c_lee,to,0
d003641,c_pat,to,0
d003642,c_pat,to,0
d003643,c_ren,to,0
d003644,c_fac_001,to,0
d003645,c_fac_006,to,0
d003646,c_fac_011,to,0
d003647,c_fac_016,to,0
d003648,c_noah,to,0
d003648,c_elena,to,1
d003648,c_taylor,to,2
d003648,c_chris,cc,3
d003649,c_noah,to,0
d003649,c_elena,to,1
d003649,c_taylor,to,2
d003649,c_chris,cc,3
d003650,c_noah,to,0
d003650,c_elena,to,1
d003650,c_taylor,to,2
d003650,c_chris,cc,3
d003651,c_noah,to,0
d003651,c_elena,to,1
d003651,c_taylor,to,2
d003651,c_chris,cc,3
d003652,c_noah,to,0
d003652,c_elena,to,1
d003652,c_taylor,to,2
d003652,c_chris,cc,3
d003653,c_noah,to,0
d003653,c_elena,to,1
d003653,c_taylor,to,2
d003653,c_chris,cc,3
d003654,c_noah,to,0
d003654,c_elena,to,1
d003654,c_taylor,to,2
d003654,c_chris,cc,3
d003654,c_lena,bcc,4
d003655,c_chris,to,0
d003655,c_noah,to,1
d003655,c_elena,to,2
d003655,c_marcus,cc,3
d003656,c_noah,to,0
d003656,c_taylor,to,1
d003656,c_chris,cc,2
d003657,c_noah,to,0
d003657,c_taylor,to,1
d003657,c_chris,cc,2
d003658,c_quinn,to,0
d003659,c_alex_chen,to,0
d003660,c_alex_chen,to,0
d003661,c_jamie_li,to,0
d003662,c_jamie_li,to,0
d003663,c_morgan_zhao,to,0
d003664,c_fac_002,to,0
d003665,c_fac_007,to,0
d003666,c_fac_012,to,0
d003667,c_noah,to,0
d003667,c_elena,to,1
d003667,c_taylor,to,2
d003667,c_chris,cc,3
d003668,c_noah,to,0
d003668,c_elena,to,1
d003668,c_taylor,to,2
d003668,c_chris,cc,3
d003669,c_noah,to,0
d003669,c_elena,to,1
d003669,c_taylor,to,2
d003669,c_chris,cc,3
d003670,c_noah,to,0
d003670,c_elena,to,1
d003670,c_taylor,to,2
d003670,c_chris,cc,3
d003671,c_noah,to,0
d003671,c_elena,to,1
d003671,c_taylor,to,2
d003671,c_chris,cc,3
d003672,c_noah,to,0
d003672,c_elena,to,1
d003672,c_taylor,to,2
d003672,c_chris,cc,3
d003673,c_noah,to,0
d003673,c_elena,to,1
d003673,c_taylor,to,2
d003673,c_chris,cc,3
d003674,c_priya,to,0
d003674,c_quinn,cc,1
d003675,c_elena,to,0
d003675,c_taylor,to,1
d003675,c_lena,to,2
d003676,c_elena,to,0
d003676,c_taylor,to,1
d003676,c_lena,to,2
d003677,c_avery,to,0
d003677,c_devon,to,1
d003678,c_maya,to,0
d003679,c_alex_chan,to,0
d003680,c_alex_chan,to,0
d003681,c_jamie_lee,to,0
d003682,c_morgan_shaw,to,0
d003683,c_morgan_shaw,to,0
d003684,c_lee,to,0
d003685,c_lee,to,0
d003686,c_pat,to,0
d003687,c_ren,to,0
d003688,c_ren,to,0
d003689,c_fac_003,to,0
d003690,c_fac_013,to,0
d003691,c_noah,to,0
d003691,c_elena,to,1
d003691,c_taylor,to,2
d003691,c_chris,cc,3
d003692,c_noah,to,0
d003692,c_elena,to,1
d003692,c_taylor,to,2
d003692,c_chris,cc,3
d003693,c_noah,to,0
d003693,c_elena,to,1
d003693,c_taylor,to,2
d003693,c_chris,cc,3
d003694,c_noah,to,0
d003694,c_elena,to,1
d003694,c_taylor,to,2
d003694,c_chris,cc,3
d003695,c_noah,to,0
d003695,c_elena,to,1
d003695,c_taylor,to,2
d003695,c_chris,cc,3
d003696,c_noah,to,0
d003696,c_elena,to,1
d003696,c_taylor,to,2
d003696,c_chris,cc,3
d003697,c_priya,to,0
d003697,c_quinn,cc,1
d003698,c_elena,to,0
d003698,c_taylor,to,1
d003698,c_lena,to,2
d003699,c_elena,to,0
d003699,c_taylor,to,1
d003699,c_lena,to,2
d003700,c_marcus,to,0
d003701,c_alex_chan,to,0
d003702,c_jamie_lee,to,0
d003703,c_jamie_lee,to,0
d003704,c_morgan_shaw,to,0
d003705,c_morgan_shaw,to,0
d003706,c_lee,to,0
d003707,c_pat,to,0
d003708,c_pat,to,0
d003709,c_ren,to,0
d003710,c_sam,to,0
d003711,c_fac_004,to,0
d003712,c_fac_009,to,0
d003713,c_noah,to,0
d003713,c_elena,to,1
d003713,c_taylor,to,2
d003713,c_chris,cc,3
d003714,c_noah,to,0
d003714,c_elena,to,1
d003714,c_taylor,to,2
d003714,c_chris,cc,3
d003715,c_noah,to,0
d003715,c_elena,to,1
d003715,c_taylor,to,2
d003715,c_chris,cc,3
d003716,c_noah,to,0
d003716,c_elena,to,1
d003716,c_taylor,to,2
d003716,c_chris,cc,3
d003717,c_noah,to,0
d003717,c_elena,to,1
d003717,c_taylor,to,2
d003717,c_chris,cc,3
d003718,c_noah,to,0
d003718,c_elena,to,1
d003718,c_taylor,to,2
d003718,c_chris,cc,3
d003719,c_noah,to,0
d003719,c_elena,to,1
d003719,c_taylor,to,2
d003719,c_chris,cc,3
d003720,c_noah,to,0
d003720,c_elena,to,1
d003720,c_taylor,to,2
d003720,c_chris,cc,3
d003720,c_lena,bcc,4
d003721,c_chris,to,0
d003721,c_noah,to,1
d003721,c_elena,to,2
d003721,c_marcus,cc,3
d003722,c_chris,to,0
d003722,c_noah,to,1
d003722,c_elena,to,2
d003722,c_marcus,cc,3
d003723,c_noah,to,0
d003723,c_taylor,to,1
d003723,c_chris,cc,2
d003724,c_noah,to,0
d003724,c_taylor,to,1
d003724,c_chris,cc,2
d003725,c_alex_chen,to,0
d003726,c_alex_chen,to,0
d003727,c_jamie_li,to,0
d003728,c_jamie_li,to,0
d003729,c_morgan_zhao,to,0
d003730,c_hana,to,0
d003731,c_fac_005,to,0
d003732,c_fac_010,to,0
d003733,c_noah,to,0
d003733,c_elena,to,1
d003733,c_taylor,to,2
d003733,c_chris,cc,3
d003734,c_noah,to,0
d003734,c_elena,to,1
d003734,c_taylor,to,2
d003734,c_chris,cc,3
d003735,c_noah,to,0
d003735,c_elena,to,1
d003735,c_taylor,to,2
d003735,c_chris,cc,3
d003736,c_noah,to,0
d003736,c_elena,to,1
d003736,c_taylor,to,2
d003736,c_chris,cc,3
d003737,c_noah,to,0
d003737,c_elena,to,1
d003737,c_taylor,to,2
d003737,c_chris,cc,3
d003738,c_noah,to,0
d003738,c_elena,to,1
d003738,c_taylor,to,2
d003738,c_chris,cc,3
d003739,c_priya,to,0
d003739,c_quinn,cc,1
d003740,c_elena,to,0
d003740,c_taylor,to,1
d003740,c_lena,to,2
d003741,c_elena,to,0
d003741,c_taylor,to,1
d003741,c_lena,to,2
d003742,c_noah,to,0
d003743,c_noah,to,0
d003744,c_alex_chan,to,0
d003745,c_jamie_lee,to,0
d003746,c_jamie_lee,to,0
d003747,c_morgan_shaw,to,0
d003748,c_lee,to,0
d003749,c_pat,to,0
d003750,c_pat,to,0
d003751,c_ren,to,0
d003752,c_fac_001,to,0
d003753,c_fac_006,to,0
d003754,c_fac_011,to,0
d003755,c_fac_016,to,0
d003756,c_noah,to,0
d003756,c_elena,to,1
d003756,c_taylor,to,2
d003756,c_chris,cc,3
d003757,c_noah,to,0
d003757,c_elena,to,1
d003757,c_taylor,to,2
d003757,c_chris,cc,3
d003758,c_noah,to,0
d003758,c_elena,to,1
d003758,c_taylor,to,2
d003758,c_chris,cc,3
d003759,c_noah,to,0
d003759,c_elena,to,1
d003759,c_taylor,to,2
d003759,c_chris,cc,3
d003760,c_noah,to,0
d003760,c_elena,to,1
d003760,c_taylor,to,2
d003760,c_chris,cc,3
d003761,c_noah,to,0
d003761,c_elena,to,1
d003761,c_taylor,to,2
d003761,c_chris,cc,3
d003762,c_noah,to,0
d003762,c_elena,to,1
d003762,c_taylor,to,2
d003762,c_chris,cc,3
d003762,c_lena,bcc,4
d003763,c_chris,to,0
d003763,c_noah,to,1
d003763,c_elena,to,2
d003763,c_marcus,cc,3
d003764,c_chris,to,0
d003764,c_noah,to,1
d003764,c_elena,to,2
d003764,c_marcus,cc,3
d003765,c_noah,to,0
d003765,c_taylor,to,1
d003765,c_chris,cc,2
d003766,c_noah,to,0
d003766,c_taylor,to,1
d003766,c_chris,cc,2
d003767,c_marcus,to,0
d003768,c_alex_chen,to,0
d003769,c_alex_chen,to,0
d003770,c_jamie_li,to,0
d003771,c_morgan_zhao,to,0
d003772,c_morgan_zhao,to,0
d003773,c_fac_002,to,0
d003774,c_fac_007,to,0
d003775,c_fac_017,to,0
d003776,c_noah,to,0
d003776,c_elena,to,1
d003776,c_taylor,to,2
d003776,c_chris,cc,3
d003777,c_noah,to,0
d003777,c_elena,to,1
d003777,c_taylor,to,2
d003777,c_chris,cc,3
d003778,c_noah,to,0
d003778,c_elena,to,1
d003778,c_taylor,to,2
d003778,c_chris,cc,3
d003779,c_noah,to,0
d003779,c_elena,to,1
d003779,c_taylor,to,2
d003779,c_chris,cc,3
d003780,c_noah,to,0
d003780,c_elena,to,1
d003780,c_taylor,to,2
d003780,c_chris,cc,3
d003781,c_noah,to,0
d003781,c_elena,to,1
d003781,c_taylor,to,2
d003781,c_chris,cc,3
d003782,c_noah,to,0
d003782,c_elena,to,1
d003782,c_taylor,to,2
d003782,c_chris,cc,3
d003783,c_priya,to,0
d003783,c_quinn,cc,1
d003784,c_elena,to,0
d003784,c_taylor,to,1
d003784,c_lena,to,2
d003785,c_elena,to,0
d003785,c_taylor,to,1
d003785,c_lena,to,2
d003786,c_maya,to,0
d003787,c_hana,to,0
d003788,c_alex_chan,to,0
d003789,c_alex_chan,to,0
d003790,c_jamie_lee,to,0
d003791,c_morgan_shaw,to,0
d003792,c_morgan_shaw,to,0
d003793,c_lee,to,0
d003794,c_pat,to,0
d003795,c_pat,to,0
d003796,c_ren,to,0
d003797,c_ren,to,0
d003798,c_fac_008,to,0
d003799,c_fac_013,to,0
d003800,c_noah,to,0
d003800,c_elena,to,1
d003800,c_taylor,to,2
d003800,c_chris,cc,3
d003801,c_noah,to,0
d003801,c_elena,to,1
d003801,c_taylor,to,2
d003801,c_chris,cc,3
d003802,c_noah,to,0
d003802,c_elena,to,1
d003802,c_taylor,to,2
d003802,c_chris,cc,3
d003803,c_noah,to,0
d003803,c_elena,to,1
d003803,c_taylor,to,2
d003803,c_chris,cc,3
d003804,c_noah,to,0
d003804,c_elena,to,1
d003804,c_taylor,to,2
d003804,c_chris,cc,3
d003805,c_noah,to,0
d003805,c_elena,to,1
d003805,c_taylor,to,2
d003805,c_chris,cc,3
d003806,c_priya,to,0
d003806,c_quinn,cc,1
d003807,c_elena,to,0
d003807,c_taylor,to,1
d003807,c_lena,to,2
d003808,c_elena,to,0
d003808,c_taylor,to,1
d003808,c_lena,to,2
d003809,c_marcus,to,0
d003810,c_alex_chan,to,0
d003811,c_jamie_lee,to,0
d003812,c_jamie_lee,to,0
d003813,c_morgan_shaw,to,0
d003814,c_lee,to,0
d003815,c_lee,to,0
d003816,c_pat,to,0
d003817,c_ren,to,0
d003818,c_ren,to,0
d003819,c_sam,to,0
d003820,c_fac_004,to,0
d003821,c_fac_014,to,0
d003822,c_noah,to,0
d003822,c_elena,to,1
d003822,c_taylor,to,2
d003822,c_chris,cc,3
d003823,c_noah,to,0
d003823,c_elena,to,1
d003823,c_taylor,to,2
d003823,c_chris,cc,3
d003824,c_noah,to,0
d003824,c_elena,to,1
d003824,c_taylor,to,2
d003824,c_chris,cc,3
d003825,c_noah,to,0
d003825,c_elena,to,1
d003825,c_taylor,to,2
d003825,c_chris,cc,3
d003826,c_noah,to,0
d003826,c_elena,to,1
d003826,c_taylor,to,2
d003826,c_chris,cc,3
d003827,c_noah,to,0
d003827,c_elena,to,1
d003827,c_taylor,to,2
d003827,c_chris,cc,3
d003828,c_noah,to,0
d003828,c_elena,to,1
d003828,c_taylor,to,2
d003828,c_chris,cc,3
d003829,c_noah,to,0
d003829,c_elena,to,1
d003829,c_taylor,to,2
d003829,c_chris,cc,3
d003829,c_lena,bcc,4
d003830,c_chris,to,0
d003830,c_noah,to,1
d003830,c_elena,to,2
d003830,c_marcus,cc,3
d003831,c_noah,to,0
d003831,c_taylor,to,1
d003831,c_chris,cc,2
d003832,c_noah,to,0
d003832,c_taylor,to,1
d003832,c_chris,cc,2
d003833,c_alex_chen,to,0
d003834,c_alex_chen,to,0
d003835,c_jamie_li,to,0
d003836,c_jamie_li,to,0
d003837,c_morgan_zhao,to,0
d003838,c_hana,to,0
d003839,c_fac_005,to,0
d003840,c_fac_015,to,0
d003841,c_noah,to,0
d003841,c_elena,to,1
d003841,c_taylor,to,2
d003841,c_chris,cc,3
d003842,c_noah,to,0
d003842,c_elena,to,1
d003842,c_taylor,to,2
d003842,c_chris,cc,3
d003843,c_noah,to,0
d003843,c_elena,to,1
d003843,c_taylor,to,2
d003843,c_chris,cc,3
d003844,c_noah,to,0
d003844,c_elena,to,1
d003844,c_taylor,to,2
d003844,c_chris,cc,3
d003845,c_noah,to,0
d003845,c_elena,to,1
d003845,c_taylor,to,2
d003845,c_chris,cc,3
d003846,c_noah,to,0
d003846,c_elena,to,1
d003846,c_taylor,to,2
d003846,c_chris,cc,3
d003847,c_priya,to,0
d003847,c_quinn,cc,1
d003848,c_elena,to,0
d003848,c_taylor,to,1
d003848,c_lena,to,2
d003849,c_elena,to,0
d003849,c_taylor,to,1
d003849,c_lena,to,2
d003850,c_noah,to,0
d003851,c_noah,to,0
d003852,c_alex_chan,to,0
d003853,c_jamie_lee,to,0
d003854,c_jamie_lee,to,0
d003855,c_morgan_shaw,to,0
d003856,c_lee,to,0
d003857,c_lee,to,0
d003858,c_pat,to,0
d003859,c_pat,to,0
d003860,c_ren,to,0
d003861,c_fac_001,to,0
d003862,c_fac_006,to,0
d003863,c_fac_011,to,0
d003864,c_noah,to,0
d003864,c_elena,to,1
d003864,c_taylor,to,2
d003864,c_chris,cc,3
d003865,c_noah,to,0
d003865,c_elena,to,1
d003865,c_taylor,to,2
d003865,c_chris,cc,3
d003866,c_noah,to,0
d003866,c_elena,to,1
d003866,c_taylor,to,2
d003866,c_chris,cc,3
d003867,c_noah,to,0
d003867,c_elena,to,1
d003867,c_taylor,to,2
d003867,c_chris,cc,3
d003868,c_noah,to,0
d003868,c_elena,to,1
d003868,c_taylor,to,2
d003868,c_chris,cc,3
d003869,c_noah,to,0
d003869,c_elena,to,1
d003869,c_taylor,to,2
d003869,c_chris,cc,3
d003870,c_noah,to,0
d003870,c_elena,to,1
d003870,c_taylor,to,2
d003870,c_chris,cc,3
d003871,c_chris,to,0
d003871,c_noah,to,1
d003871,c_elena,to,2
d003871,c_marcus,cc,3
d003872,c_chris,to,0
d003872,c_noah,to,1
d003872,c_elena,to,2
d003872,c_marcus,cc,3
d003873,c_noah,to,0
d003873,c_taylor,to,1
d003873,c_chris,cc,2
d003874,c_noah,to,0
d003874,c_taylor,to,1
d003874,c_chris,cc,2
d003875,c_marcus,to,0
d003876,c_alex_chen,to,0
d003877,c_alex_chen,to,0
d003878,c_jamie_li,to,0
d003879,c_morgan_zhao,to,0
d003880,c_morgan_zhao,to,0
d003881,c_fac_002,to,0
d003882,c_fac_007,to,0
d003883,c_fac_017,to,0
d003884,c_noah,to,0
d003884,c_elena,to,1
d003884,c_taylor,to,2
d003884,c_chris,cc,3
d003885,c_noah,to,0
d003885,c_elena,to,1
d003885,c_taylor,to,2
d003885,c_chris,cc,3
d003886,c_noah,to,0
d003886,c_elena,to,1
d003886,c_taylor,to,2
d003886,c_chris,cc,3
d003887,c_noah,to,0
d003887,c_elena,to,1
d003887,c_taylor,to,2
d003887,c_chris,cc,3
d003888,c_noah,to,0
d003888,c_elena,to,1
d003888,c_taylor,to,2
d003888,c_chris,cc,3
d003889,c_noah,to,0
d003889,c_elena,to,1
d003889,c_taylor,to,2
d003889,c_chris,cc,3
d003890,c_noah,to,0
d003890,c_elena,to,1
d003890,c_taylor,to,2
d003890,c_chris,cc,3
d003891,c_priya,to,0
d003891,c_quinn,cc,1
d003892,c_elena,to,0
d003892,c_taylor,to,1
d003892,c_lena,to,2
d003893,c_elena,to,0
d003893,c_taylor,to,1
d003893,c_lena,to,2
d003894,c_maya,to,0
d003895,c_hana,to,0
d003896,c_alex_chan,to,0
d003897,c_alex_chan,to,0
d003898,c_jamie_lee,to,0
d003899,c_morgan_shaw,to,0
d003900,c_morgan_shaw,to,0
d003901,c_lee,to,0
d003902,c_pat,to,0
d003903,c_pat,to,0
d003904,c_ren,to,0
d003905,c_ren,to,0
d003906,c_fac_008,to,0
d003907,c_fac_013,to,0
d003908,c_noah,to,0
d003908,c_elena,to,1
d003908,c_taylor,to,2
d003908,c_chris,cc,3
d003909,c_noah,to,0
d003909,c_elena,to,1
d003909,c_taylor,to,2
d003909,c_chris,cc,3
d003910,c_noah,to,0
d003910,c_elena,to,1
d003910,c_taylor,to,2
d003910,c_chris,cc,3
d003911,c_noah,to,0
d003911,c_elena,to,1
d003911,c_taylor,to,2
d003911,c_chris,cc,3
d003912,c_noah,to,0
d003912,c_elena,to,1
d003912,c_taylor,to,2
d003912,c_chris,cc,3
d003913,c_noah,to,0
d003913,c_elena,to,1
d003913,c_taylor,to,2
d003913,c_chris,cc,3
d003914,c_priya,to,0
d003914,c_quinn,cc,1
d003915,c_priya,to,0
d003915,c_quinn,cc,1
d003916,c_elena,to,0
d003916,c_taylor,to,1
d003916,c_lena,to,2
d003917,c_elena,to,0
d003917,c_taylor,to,1
d003917,c_lena,to,2
d003918,c_alex_chan,to,0
d003919,c_alex_chan,to,0
d003920,c_jamie_lee,to,0
d003921,c_morgan_shaw,to,0
d003922,c_morgan_shaw,to,0
d003923,c_lee,to,0
d003924,c_lee,to,0
d003925,c_pat,to,0
d003926,c_ren,to,0
d003927,c_ren,to,0
d003928,c_sam,to,0
d003929,c_fac_009,to,0
d003930,c_fac_014,to,0
d003931,c_noah,to,0
d003931,c_elena,to,1
d003931,c_taylor,to,2
d003931,c_chris,cc,3
d003932,c_noah,to,0
d003932,c_elena,to,1
d003932,c_taylor,to,2
d003932,c_chris,cc,3
d003933,c_noah,to,0
d003933,c_elena,to,1
d003933,c_taylor,to,2
d003933,c_chris,cc,3
d003934,c_noah,to,0
d003934,c_elena,to,1
d003934,c_taylor,to,2
d003934,c_chris,cc,3
d003935,c_noah,to,0
d003935,c_elena,to,1
d003935,c_taylor,to,2
d003935,c_chris,cc,3
d003936,c_noah,to,0
d003936,c_elena,to,1
d003936,c_taylor,to,2
d003936,c_chris,cc,3
d003937,c_noah,to,0
d003937,c_elena,to,1
d003937,c_taylor,to,2
d003937,c_chris,cc,3
d003937,c_lena,bcc,4
d003938,c_noah,to,0
d003938,c_elena,to,1
d003938,c_taylor,to,2
d003938,c_chris,cc,3
d003938,c_lena,bcc,4
d003939,c_chris,to,0
d003939,c_noah,to,1
d003939,c_elena,to,2
d003939,c_marcus,cc,3
d003940,c_chris,to,0
d003940,c_noah,to,1
d003940,c_elena,to,2
d003940,c_marcus,cc,3
d003941,c_noah,to,0
d003941,c_taylor,to,1
d003941,c_chris,cc,2
d003942,c_avery,to,0
d003942,c_devon,to,1
d003943,c_alex_chen,to,0
d003944,c_alex_chen,to,0
d003945,c_jamie_li,to,0
d003946,c_morgan_zhao,to,0
d003947,c_morgan_zhao,to,0
d003948,c_fac_005,to,0
d003949,c_fac_010,to,0
d003950,c_fac_015,to,0
d003951,c_noah,to,0
d003951,c_elena,to,1
d003951,c_taylor,to,2
d003951,c_chris,cc,3
d003952,c_noah,to,0
d003952,c_elena,to,1
d003952,c_taylor,to,2
d003952,c_chris,cc,3
d003953,c_noah,to,0
d003953,c_elena,to,1
d003953,c_taylor,to,2
d003953,c_chris,cc,3
d003954,c_noah,to,0
d003954,c_elena,to,1
d003954,c_taylor,to,2
d003954,c_chris,cc,3
d003955,c_noah,to,0
d003955,c_elena,to,1
d003955,c_taylor,to,2
d003955,c_chris,cc,3
d003956,c_noah,to,0
d003956,c_elena,to,1
d003956,c_taylor,to,2
d003956,c_chris,cc,3
d003957,c_priya,to,0
d003957,c_quinn,cc,1
d003958,c_priya,to,0
d003958,c_quinn,cc,1
d003959,c_elena,to,0
d003959,c_taylor,to,1
d003959,c_lena,to,2
d003960,c_noah,to,0
d003961,c_noah,to,0
d003962,c_alex_chan,to,0
d003963,c_alex_chan,to,0
d003964,c_jamie_lee,to,0
d003965,c_morgan_shaw,to,0
d003966,c_morgan_shaw,to,0
d003967,c_lee,to,0
d003968,c_pat,to,0
d003969,c_pat,to,0
d003970,c_ren,to,0
d003971,c_fac_001,to,0
d003972,c_fac_006,to,0
d003973,c_fac_011,to,0
d003974,c_fac_016,to,0
d003975,c_noah,to,0
d003975,c_elena,to,1
d003975,c_taylor,to,2
d003975,c_chris,cc,3
d003976,c_noah,to,0
d003976,c_elena,to,1
d003976,c_taylor,to,2
d003976,c_chris,cc,3
d003977,c_noah,to,0
d003977,c_elena,to,1
d003977,c_taylor,to,2
d003977,c_chris,cc,3
d003978,c_noah,to,0
d003978,c_elena,to,1
d003978,c_taylor,to,2
d003978,c_chris,cc,3
d003979,c_noah,to,0
d003979,c_elena,to,1
d003979,c_taylor,to,2
d003979,c_chris,cc,3
d003980,c_noah,to,0
d003980,c_elena,to,1
d003980,c_taylor,to,2
d003980,c_chris,cc,3
d003980,c_lena,bcc,4
d003981,c_noah,to,0
d003981,c_elena,to,1
d003981,c_taylor,to,2
d003981,c_chris,cc,3
d003981,c_lena,bcc,4
d003982,c_chris,to,0
d003982,c_noah,to,1
d003982,c_elena,to,2
d003982,c_marcus,cc,3
d003983,c_noah,to,0
d003983,c_taylor,to,1
d003983,c_chris,cc,2
d003984,c_noah,to,0
d003984,c_taylor,to,1
d003984,c_chris,cc,2
d003985,c_quinn,to,0
d003986,c_marcus,to,0
d003987,c_alex_chen,to,0
d003988,c_jamie_li,to,0
d003989,c_jamie_li,to,0
d003990,c_morgan_zhao,to,0
d003991,c_fac_002,to,0
d003992,c_fac_007,to,0
d003993,c_fac_012,to,0
d003994,c_fac_017,to,0
d003995,c_noah,to,0
d003995,c_elena,to,1
d003995,c_taylor,to,2
d003995,c_chris,cc,3
d003996,c_noah,to,0
d003996,c_elena,to,1
d003996,c_taylor,to,2
d003996,c_chris,cc,3
d003997,c_noah,to,0
d003997,c_elena,to,1
d003997,c_taylor,to,2
d003997,c_chris,cc,3
d003998,c_noah,to,0
d003998,c_elena,to,1
d003998,c_taylor,to,2
d003998,c_chris,cc,3
d003999,c_noah,to,0
d003999,c_elena,to,1
d003999,c_taylor,to,2
d003999,c_chris,cc,3
d004000,c_noah,to,0
d004000,c_elena,to,1
d004000,c_taylor,to,2
d004000,c_chris,cc,3
d004001,c_priya,to,0
d004001,c_quinn,cc,1
d004002,c_elena,to,0
d004002,c_taylor,to,1
d004002,c_lena,to,2
d004003,c_elena,to,0
d004003,c_taylor,to,1
d004003,c_lena,to,2
d004004,c_avery,to,0
d004004,c_devon,to,1
d004005,c_maya,to,0
d004006,c_alex_chan,to,0
d004007,c_alex_chan,to,0
d004008,c_jamie_lee,to,0
d004009,c_jamie_lee,to,0
d004010,c_morgan_shaw,to,0
d004011,c_lee,to,0
d004012,c_lee,to,0
d004013,c_pat,to,0
d004014,c_ren,to,0
d004015,c_ren,to,0
d004016,c_fac_003,to,0
d004017,c_fac_008,to,0
d004018,c_noah,to,0
d004018,c_elena,to,1
d004018,c_taylor,to,2
d004018,c_chris,cc,3
d004019,c_noah,to,0
d004019,c_elena,to,1
d004019,c_taylor,to,2
d004019,c_chris,cc,3
d004020,c_noah,to,0
d004020,c_elena,to,1
d004020,c_taylor,to,2
d004020,c_chris,cc,3
d004021,c_noah,to,0
d004021,c_elena,to,1
d004021,c_taylor,to,2
d004021,c_chris,cc,3
d004022,c_noah,to,0
d004022,c_elena,to,1
d004022,c_taylor,to,2
d004022,c_chris,cc,3
d004023,c_noah,to,0
d004023,c_elena,to,1
d004023,c_taylor,to,2
d004023,c_chris,cc,3
d004024,c_noah,to,0
d004024,c_elena,to,1
d004024,c_taylor,to,2
d004024,c_chris,cc,3
d004025,c_priya,to,0
d004025,c_quinn,cc,1
d004026,c_elena,to,0
d004026,c_taylor,to,1
d004026,c_lena,to,2
d004027,c_elena,to,0
d004027,c_taylor,to,1
d004027,c_lena,to,2
d004028,c_marcus,to,0
d004029,c_alex_chan,to,0
d004030,c_jamie_lee,to,0
d004031,c_jamie_lee,to,0
d004032,c_morgan_shaw,to,0
d004033,c_lee,to,0
d004034,c_lee,to,0
d004035,c_pat,to,0
d004036,c_pat,to,0
d004037,c_ren,to,0
d004038,c_sam,to,0
d004039,c_fac_004,to,0
d004040,c_fac_009,to,0
d004041,c_noah,to,0
d004041,c_elena,to,1
d004041,c_taylor,to,2
d004041,c_chris,cc,3
d004042,c_noah,to,0
d004042,c_elena,to,1
d004042,c_taylor,to,2
d004042,c_chris,cc,3
d004043,c_noah,to,0
d004043,c_elena,to,1
d004043,c_taylor,to,2
d004043,c_chris,cc,3
d004044,c_noah,to,0
d004044,c_elena,to,1
d004044,c_taylor,to,2
d004044,c_chris,cc,3
d004045,c_noah,to,0
d004045,c_elena,to,1
d004045,c_taylor,to,2
d004045,c_chris,cc,3
d004046,c_noah,to,0
d004046,c_elena,to,1
d004046,c_taylor,to,2
d004046,c_chris,cc,3
d004047,c_noah,to,0
d004047,c_elena,to,1
d004047,c_taylor,to,2
d004047,c_chris,cc,3
d004048,c_noah,to,0
d004048,c_elena,to,1
d004048,c_taylor,to,2
d004048,c_chris,cc,3
d004048,c_lena,bcc,4
d004049,c_chris,to,0
d004049,c_noah,to,1
d004049,c_elena,to,2
d004049,c_marcus,cc,3
d004050,c_chris,to,0
d004050,c_noah,to,1
d004050,c_elena,to,2
d004050,c_marcus,cc,3
d004051,c_noah,to,0
d004051,c_taylor,to,1
d004051,c_chris,cc,2
d004052,c_avery,to,0
d004052,c_devon,to,1
d004053,c_alex_chen,to,0
d004054,c_alex_chen,to,0
d004055,c_jamie_li,to,0
d004056,c_morgan_zhao,to,0
d004057,c_morgan_zhao,to,0
d004058,c_hana,to,0
d004059,c_fac_005,to,0
d004060,c_fac_015,to,0
d004061,c_noah,to,0
d004061,c_elena,to,1
d004061,c_taylor,to,2
d004061,c_chris,cc,3
d004062,c_noah,to,0
d004062,c_elena,to,1
d004062,c_taylor,to,2
d004062,c_chris,cc,3
d004063,c_noah,to,0
d004063,c_elena,to,1
d004063,c_taylor,to,2
d004063,c_chris,cc,3
d004064,c_noah,to,0
d004064,c_elena,to,1
d004064,c_taylor,to,2
d004064,c_chris,cc,3
d004065,c_noah,to,0
d004065,c_elena,to,1
d004065,c_taylor,to,2
d004065,c_chris,cc,3
d004066,c_noah,to,0
d004066,c_elena,to,1
d004066,c_taylor,to,2
d004066,c_chris,cc,3
d004067,c_noah,to,0
d004067,c_elena,to,1
d004067,c_taylor,to,2
d004067,c_chris,cc,3
d004068,c_priya,to,0
d004068,c_quinn,cc,1
d004069,c_elena,to,0
d004069,c_taylor,to,1
d004069,c_lena,to,2
d004070,c_elena,to,0
d004070,c_taylor,to,1
d004070,c_lena,to,2
d004071,c_noah,to,0
d004072,c_alex_chan,to,0
d004073,c_alex_chan,to,0
d004074,c_jamie_lee,to,0
d004075,c_jamie_lee,to,0
d004076,c_morgan_shaw,to,0
d004077,c_lee,to,0
d004078,c_lee,to,0
d004079,c_pat,to,0
d004080,c_ren,to,0
d004081,c_ren,to,0
d004082,c_fac_001,to,0
d004083,c_fac_011,to,0
d004084,c_fac_016,to,0
d004085,c_noah,to,0
d004085,c_elena,to,1
d004085,c_taylor,to,2
d004085,c_chris,cc,3
d004086,c_noah,to,0
d004086,c_elena,to,1
d004086,c_taylor,to,2
d004086,c_chris,cc,3
d004087,c_noah,to,0
d004087,c_elena,to,1
d004087,c_taylor,to,2
d004087,c_chris,cc,3
d004088,c_noah,to,0
d004088,c_elena,to,1
d004088,c_taylor,to,2
d004088,c_chris,cc,3
d004089,c_noah,to,0
d004089,c_elena,to,1
d004089,c_taylor,to,2
d004089,c_chris,cc,3
d004090,c_noah,to,0
d004090,c_elena,to,1
d004090,c_taylor,to,2
d004090,c_chris,cc,3
d004091,c_noah,to,0
d004091,c_elena,to,1
d004091,c_taylor,to,2
d004091,c_chris,cc,3
d004091,c_lena,bcc,4
d004092,c_noah,to,0
d004092,c_elena,to,1
d004092,c_taylor,to,2
d004092,c_chris,cc,3
d004092,c_lena,bcc,4
d004093,c_chris,to,0
d004093,c_noah,to,1
d004093,c_elena,to,2
d004093,c_marcus,cc,3
d004094,c_chris,to,0
d004094,c_noah,to,1
d004094,c_elena,to,2
d004094,c_marcus,cc,3
d004095,c_noah,to,0
d004095,c_taylor,to,1
d004095,c_chris,cc,2
d004096,c_quinn,to,0
d004097,c_marcus,to,0
d004098,c_alex_chen,to,0
d004099,c_jamie_li,to,0
d004100,c_jamie_li,to,0
d004101,c_morgan_zhao,to,0
d004102,c_morgan_zhao,to,0
d004103,c_fac_007,to,0
d004104,c_fac_012,to,0
d004105,c_fac_017,to,0
d004106,c_noah,to,0
d004106,c_elena,to,1
d004106,c_taylor,to,2
d004106,c_chris,cc,3
d004107,c_noah,to,0
d004107,c_elena,to,1
d004107,c_taylor,to,2
d004107,c_chris,cc,3
d004108,c_noah,to,0
d004108,c_elena,to,1
d004108,c_taylor,to,2
d004108,c_chris,cc,3
d004109,c_noah,to,0
d004109,c_elena,to,1
d004109,c_taylor,to,2
d004109,c_chris,cc,3
d004110,c_noah,to,0
d004110,c_elena,to,1
d004110,c_taylor,to,2
d004110,c_chris,cc,3
d004111,c_noah,to,0
d004111,c_elena,to,1
d004111,c_taylor,to,2
d004111,c_chris,cc,3
d004112,c_priya,to,0
d004112,c_quinn,cc,1
d004113,c_priya,to,0
d004113,c_quinn,cc,1
d004114,c_elena,to,0
d004114,c_taylor,to,1
d004114,c_lena,to,2
d004115,c_avery,to,0
d004115,c_devon,to,1
d004116,c_maya,to,0
d004117,c_hana,to,0
d004118,c_alex_chan,to,0
d004119,c_jamie_lee,to,0
d004120,c_jamie_lee,to,0
d004121,c_morgan_shaw,to,0
d004122,c_lee,to,0
d004123,c_lee,to,0
d004124,c_pat,to,0
d004125,c_pat,to,0
d004126,c_ren,to,0
d004127,c_fac_003,to,0
d004128,c_fac_008,to,0
d004129,c_noah,to,0
d004129,c_elena,to,1
d004129,c_taylor,to,2
d004129,c_chris,cc,3
d004130,c_lee,to,0
d004131,c_alex_chen,to,0
d004132,c_noah,to,0
d004132,c_elena,to,1
d004132,c_taylor,to,2
d004132,c_lee,cc,3
d004132,c_chris,cc,4
d004133,c_jordan,to,0
d004134,c_rina,to,0
d004135,c_sam,to,0
d004136,c_sam,to,0
d004137,c_noah,to,0
d004137,c_elena,to,1
d004137,c_taylor,to,2
d004137,c_chris,cc,3
d004137,c_lena,bcc,4
d004138,c_noah,to,0
d004138,c_elena,to,1
d004138,c_taylor,to,2
d004138,c_chris,cc,3
d004138,c_lena,bcc,4
d004138,c_alex_chen,cc,5
d004139,c_noah,to,0
d004139,c_elena,to,1
d004139,c_taylor,to,2
d004139,c_chris,cc,3
d004139,c_lena,bcc,4
d004139,c_lee,bcc,5
d004140,c_noah,to,0
d004140,c_elena,to,1
d004140,c_taylor,to,2
d004140,c_chris,cc,3
d004140,c_lena,bcc,4
d004140,c_alex_chen,cc,5
d004140,c_lee,bcc,6
d004141,c_maya,to,0
d004141,c_noah,to,1
d004142,c_noah,to,0
d004143,c_alex_chen,to,0
