dataset_version,draft_id,family_id,split,subset,sent_at,scenario_id,scenario_variant,is_misdirected_email,is_walkthrough,frozen
med-synth-v2,d000069,fam_m007001,train,train,2024-07-01T09:00:00Z,S08,unintended_cc,true,false,false
med-synth-v2,d000121,fam_m007003,train,train,2024-07-01T09:01:00Z,S05,internal_project,false,false,false
med-synth-v2,d000139,fam_m007005,train,train,2024-07-01T09:02:00Z,S05,internal_project,false,false,false
med-synth-v2,d000049,fam_m007097,train,train,2024-07-01T09:30:00Z,S04,familiar_topic_mismatch,true,false,false
med-synth-v2,d000140,fam_m007099,train,train,2024-07-01T09:31:00Z,routine,established_contact,false,false,false
med-synth-v2,d000001,fam_m007147,train,train,2024-07-01T11:00:00Z,S01,lookalike_replacement,true,false,false
med-synth-v2,d000095,fam_m007149,train,train,2024-07-01T11:01:00Z,S09,little_text_unintended,true,false,false
med-synth-v2,d000002,fam_m007159,train,train,2024-07-01T11:10:00Z,S01,lookalike_replacement,true,false,false
med-synth-v2,d000096,fam_m007161,train,train,2024-07-01T11:11:00Z,S09,little_text_unintended,true,false,false
med-synth-v2,d000003,fam_m007171,train,train,2024-07-01T11:20:00Z,S01,lookalike_replacement,true,false,false
med-synth-v2,d000097,fam_m007173,train,train,2024-07-01T11:21:00Z,S09,little_text_unintended,true,false,false
med-synth-v2,d000126,fam_m007207,train,train,2024-07-01T12:00:00Z,S05,external_purchase,false,false,false
med-synth-v2,d000141,fam_m007221,train,train,2024-07-01T12:11:00Z,S05,external_purchase,false,false,false
med-synth-v2,d000142,fam_m007273,train,train,2024-07-01T15:00:00Z,routine,established_contact,false,false,false
med-synth-v2,d000143,fam_m007027,train,train,2024-07-02T09:05:00Z,S05,internal_project,false,false,false
med-synth-v2,d000131,fam_m007081,train,train,2024-07-02T09:10:00Z,S05,internal_project,false,false,false
med-synth-v2,d000025,fam_m007089,train,train,2024-07-02T09:20:00Z,S02,added_external,true,false,false
med-synth-v2,d000144,fam_m007123,train,train,2024-07-02T09:51:00Z,routine,established_contact,false,false,false
med-synth-v2,d000145,fam_m007201,train,train,2024-07-02T11:51:00Z,routine,established_contact,false,false,false
med-synth-v2,d000146,fam_m007035,train,train,2024-07-03T09:01:00Z,S05,internal_project,false,false,false
med-synth-v2,d000147,fam_m007047,train,train,2024-07-03T09:07:00Z,S05,internal_project,false,false,false
med-synth-v2,d000148,fam_m007131,train,train,2024-07-03T10:01:00Z,routine,established_contact,false,false,false
med-synth-v2,d000149,fam_m007177,train,train,2024-07-03T11:21:00Z,routine,established_contact,false,false,false
med-synth-v2,d000150,fam_m007247,train,train,2024-07-03T12:50:00Z,routine,established_contact,false,false,false
med-synth-v2,d000151,fam_m007053,train,train,2024-07-04T09:02:00Z,S05,internal_project,false,false,false
med-synth-v2,d000152,fam_m007085,train,train,2024-07-04T09:10:00Z,S05,internal_project,false,false,false
med-synth-v2,d000153,fam_m007139,train,train,2024-07-04T10:30:00Z,routine,established_contact,false,false,false
med-synth-v2,d000154,fam_m007203,train,train,2024-07-04T11:50:00Z,routine,established_contact,false,false,false
med-synth-v2,d000155,fam_m007067,train,train,2024-07-05T09:01:00Z,S05,internal_project,false,false,false
med-synth-v2,d000156,fam_m007079,train,train,2024-07-05T09:07:00Z,S05,internal_project,false,false,false
med-synth-v2,d000157,fam_m007137,train,train,2024-07-05T10:20:00Z,routine,established_contact,false,false,false
med-synth-v2,d000158,fam_m007179,train,train,2024-07-05T11:20:00Z,routine,established_contact,false,false,false
med-synth-v2,d000159,fam_m007239,train,train,2024-07-05T12:20:00Z,S05,external_purchase,false,false,false
med-synth-v2,d000160,fam_m007285,train,train,2024-07-08T09:02:00Z,S05,internal_project,false,false,false
med-synth-v2,d000161,fam_m007377,train,train,2024-07-08T09:30:00Z,routine,established_contact,false,false,false
med-synth-v2,d000162,fam_m007429,train,train,2024-07-08T11:01:00Z,routine,established_contact,false,false,false
med-synth-v2,d000163,fam_m007489,train,train,2024-07-08T12:01:00Z,S05,external_purchase,false,false,false
med-synth-v2,d000164,fam_m007533,train,train,2024-07-08T13:20:00Z,routine,established_contact,false,false,false
med-synth-v2,d000165,fam_m007305,train,train,2024-07-09T09:04:00Z,S05,internal_project,false,false,false
med-synth-v2,d000166,fam_m007369,train,train,2024-07-09T09:20:00Z,routine,established_contact,false,false,false
med-synth-v2,d000167,fam_m007465,train,train,2024-07-09T11:31:00Z,routine,established_contact,false,false,false
med-synth-v2,d000168,fam_m007535,train,train,2024-07-09T13:30:00Z,routine,established_contact,false,false,false
med-synth-v2,d000169,fam_m007319,train,train,2024-07-10T09:03:00Z,S05,internal_project,false,false,false
med-synth-v2,d000070,fam_m007321,train,train,2024-07-10T09:04:00Z,S08,unintended_cc,true,false,false
med-synth-v2,d000170,fam_m007395,train,train,2024-07-10T09:41:00Z,routine,established_contact,false,false,false
med-synth-v2,d000171,fam_m007445,train,train,2024-07-10T11:11:00Z,routine,established_contact,false,false,false
med-synth-v2,d000172,fam_m007505,train,train,2024-07-10T12:11:00Z,S05,external_purchase,false,false,false
med-synth-v2,d000173,fam_m007557,train,train,2024-07-10T15:20:00Z,routine,established_contact,false,false,false
med-synth-v2,d000101,fam_m029121,train,train,2024-07-10T18:00:00Z,S03,legitimate_first_contact,false,false,false
med-synth-v2,d000105,fam_m029129,train,train,2024-07-10T19:00:00Z,S06,legitimate_new_domain,false,false,false
med-synth-v2,d000109,fam_m029137,train,train,2024-07-10T20:00:00Z,S07,legitimate_topic_change,false,false,false
med-synth-v2,d000113,fam_m029145,train,train,2024-07-10T21:00:00Z,S09,cold_start_legitimate,false,false,false
med-synth-v2,d000117,fam_m029153,train,train,2024-07-10T21:30:00Z,S09,little_text_legitimate,false,false,false
med-synth-v2,d000174,fam_m007339,train,train,2024-07-11T09:05:00Z,S05,internal_project,false,false,false
med-synth-v2,d000026,fam_m007373,train,train,2024-07-11T09:20:00Z,S02,added_external,true,false,false
med-synth-v2,d000175,fam_m007407,train,train,2024-07-11T09:51:00Z,routine,established_contact,false,false,false
med-synth-v2,d000176,fam_m007477,train,train,2024-07-11T11:41:00Z,routine,established_contact,false,false,false
med-synth-v2,d000177,fam_m007559,train,train,2024-07-11T15:30:00Z,routine,established_contact,false,false,false
med-synth-v2,d000178,fam_m007355,train,train,2024-07-12T09:05:00Z,S05,internal_project,false,false,false
med-synth-v2,d000050,fam_m007387,train,train,2024-07-12T09:31:00Z,S04,familiar_topic_mismatch,true,false,false
med-synth-v2,d000179,fam_m007415,train,train,2024-07-12T10:10:00Z,routine,established_contact,false,false,false
med-synth-v2,d000180,fam_m007459,train,train,2024-07-12T11:20:00Z,routine,established_contact,false,false,false
med-synth-v2,d000181,fam_m007519,train,train,2024-07-12T12:20:00Z,S05,external_purchase,false,false,false
med-synth-v2,d000182,fam_m007563,train,train,2024-07-15T09:01:00Z,S05,internal_project,false,false,false
med-synth-v2,d000183,fam_m007575,train,train,2024-07-15T09:07:00Z,S05,internal_project,false,false,false
med-synth-v2,d000184,fam_m007707,train,train,2024-07-15T11:00:00Z,routine,established_contact,false,false,false
med-synth-v2,d000185,fam_m007769,train,train,2024-07-15T12:01:00Z,S05,external_purchase,false,false,false
med-synth-v2,d000186,fam_m007813,train,train,2024-07-15T13:20:00Z,routine,established_contact,false,false,false
med-synth-v2,d000187,fam_m007583,train,train,2024-07-16T09:03:00Z,S05,internal_project,false,false,false
med-synth-v2,d000188,fam_m007643,train,train,2024-07-16T09:11:00Z,S05,internal_project,false,false,false
med-synth-v2,d000189,fam_m007743,train,train,2024-07-16T11:30:00Z,routine,established_contact,false,false,false
med-synth-v2,d000190,fam_m007815,train,train,2024-07-16T13:30:00Z,routine,established_contact,false,false,false
med-synth-v2,d000191,fam_m007599,train,train,2024-07-17T09:03:00Z,S05,internal_project,false,false,false
med-synth-v2,d000192,fam_m007663,train,train,2024-07-17T09:31:00Z,routine,established_contact,false,false,false
med-synth-v2,d000193,fam_m007713,train,train,2024-07-17T11:01:00Z,routine,established_contact,false,false,false
med-synth-v2,d000194,fam_m007773,train,train,2024-07-17T12:01:00Z,S05,external_purchase,false,false,false
med-synth-v2,d000195,fam_m007827,train,train,2024-07-17T14:30:00Z,routine,established_contact,false,false,false
med-synth-v2,d000196,fam_m007617,train,train,2024-07-18T09:04:00Z,S05,internal_project,false,false,false
med-synth-v2,d000197,fam_m007653,train,train,2024-07-18T09:20:00Z,routine,established_contact,false,false,false
med-synth-v2,d000198,fam_m007747,train,train,2024-07-18T11:30:00Z,routine,established_contact,false,false,false
med-synth-v2,d000199,fam_m007809,train,train,2024-07-18T13:00:00Z,routine,established_contact,false,false,false
med-synth-v2,d000200,fam_m007631,train,train,2024-07-19T09:03:00Z,S05,internal_project,false,false,false
med-synth-v2,d000201,fam_m007667,train,train,2024-07-19T09:31:00Z,routine,established_contact,false,false,false
med-synth-v2,d000202,fam_m007715,train,train,2024-07-19T11:00:00Z,routine,established_contact,false,false,false
med-synth-v2,d000203,fam_m007775,train,train,2024-07-19T12:00:00Z,S05,external_purchase,false,false,false
med-synth-v2,d000204,fam_m007811,train,train,2024-07-19T13:10:00Z,routine,established_contact,false,false,false
med-synth-v2,d000071,fam_m007841,train,train,2024-07-22T09:00:00Z,S08,unintended_cc,true,false,false
med-synth-v2,d000205,fam_m007851,train,train,2024-07-22T09:05:00Z,S05,internal_project,false,false,false
med-synth-v2,d000206,fam_m007951,train,train,2024-07-22T09:41:00Z,routine,established_contact,false,false,false
med-synth-v2,d000207,fam_m008011,train,train,2024-07-22T11:20:00Z,routine,established_contact,false,false,false
med-synth-v2,d000208,fam_m008071,train,train,2024-07-22T12:20:00Z,S05,external_purchase,false,false,false
med-synth-v2,d000209,fam_m007857,train,train,2024-07-23T09:00:00Z,S05,internal_project,false,false,false
med-synth-v2,d000210,fam_m007871,train,train,2024-07-23T09:07:00Z,S05,internal_project,false,false,false
med-synth-v2,d000027,fam_m007931,train,train,2024-07-23T09:21:00Z,S02,added_external,true,false,false
med-synth-v2,d000211,fam_m007973,train,train,2024-07-23T10:10:00Z,routine,established_contact,false,false,false
med-synth-v2,d000212,fam_m008041,train,train,2024-07-23T11:51:00Z,routine,established_contact,false,false,false
med-synth-v2,d000213,fam_m007875,train,train,2024-07-24T09:01:00Z,S05,internal_project,false,false,false
med-synth-v2,d000214,fam_m007887,train,train,2024-07-24T09:07:00Z,S05,internal_project,false,false,false
med-synth-v2,d000215,fam_m007971,train,train,2024-07-24T10:01:00Z,routine,established_contact,false,false,false
med-synth-v2,d000216,fam_m008051,train,train,2024-07-24T12:00:00Z,S05,external_purchase,false,false,false
med-synth-v2,d000217,fam_m008087,train,train,2024-07-24T12:50:00Z,routine,established_contact,false,false,false
med-synth-v2,d000218,fam_m007893,train,train,2024-07-25T09:02:00Z,S05,internal_project,false,false,false
med-synth-v2,d000219,fam_m007925,train,train,2024-07-25T09:10:00Z,S05,internal_project,false,false,false
med-synth-v2,d000220,fam_m007979,train,train,2024-07-25T10:30:00Z,routine,established_contact,false,false,false
med-synth-v2,d000221,fam_m008045,train,train,2024-07-25T11:51:00Z,routine,established_contact,false,false,false
med-synth-v2,d000222,fam_m007907,train,train,2024-07-26T09:01:00Z,S05,internal_project,false,false,false
med-synth-v2,d000223,fam_m007919,train,train,2024-07-26T09:07:00Z,S05,internal_project,false,false,false
med-synth-v2,d000051,fam_m007947,train,train,2024-07-26T09:31:00Z,S04,familiar_topic_mismatch,true,false,false
med-synth-v2,d000224,fam_m007985,train,train,2024-07-26T10:50:00Z,routine,established_contact,false,false,false
med-synth-v2,d000225,fam_m008021,train,train,2024-07-26T11:21:00Z,routine,established_contact,false,false,false
med-synth-v2,d000226,fam_m008091,train,train,2024-07-26T13:10:00Z,routine,established_contact,false,false,false
med-synth-v2,d000227,fam_m008127,train,train,2024-07-29T09:03:00Z,S05,internal_project,false,false,false
med-synth-v2,d000228,fam_m008219,train,train,2024-07-29T09:31:00Z,routine,established_contact,false,false,false
med-synth-v2,d000229,fam_m008279,train,train,2024-07-29T11:10:00Z,routine,established_contact,false,false,false
med-synth-v2,d000230,fam_m008339,train,train,2024-07-29T12:10:00Z,S05,external_purchase,false,false,false
med-synth-v2,d000231,fam_m008393,train,train,2024-07-29T15:00:00Z,routine,established_contact,false,false,false
med-synth-v2,d000232,fam_m008147,train,train,2024-07-30T09:05:00Z,S05,internal_project,false,false,false
med-synth-v2,d000233,fam_m008211,train,train,2024-07-30T09:21:00Z,routine,established_contact,false,false,false
med-synth-v2,d000234,fam_m008311,train,train,2024-07-30T11:40:00Z,routine,established_contact,false,false,false
med-synth-v2,d000235,fam_m008385,train,train,2024-07-30T14:20:00Z,routine,established_contact,false,false,false
med-synth-v2,d000072,fam_m008161,train,train,2024-07-31T09:04:00Z,S08,unintended_cc,true,false,false
med-synth-v2,d000236,fam_m008165,train,train,2024-07-31T09:06:00Z,S05,internal_project,false,false,false
med-synth-v2,d000237,fam_m008249,train,train,2024-07-31T10:00:00Z,routine,established_contact,false,false,false
med-synth-v2,d000238,fam_m008295,train,train,2024-07-31T11:20:00Z,routine,established_contact,false,false,false
med-synth-v2,d000239,fam_m008355,train,train,2024-07-31T12:20:00Z,S05,external_purchase,false,false,false
med-synth-v2,d000240,fam_m008169,train,train,2024-08-01T09:00:00Z,S05,internal_project,false,false,false
med-synth-v2,d000241,fam_m008183,train,train,2024-08-01T09:07:00Z,S05,internal_project,false,false,false
med-synth-v2,d000132,fam_m008207,train,train,2024-08-01T09:11:00Z,S05,internal_project,false,false,false
med-synth-v2,d000028,fam_m008215,train,train,2024-08-01T09:21:00Z,S02,added_external,true,false,false
med-synth-v2,d000242,fam_m008263,train,train,2024-08-01T10:40:00Z,routine,established_contact,false,false,false
med-synth-v2,d000243,fam_m008325,train,train,2024-08-01T11:51:00Z,routine,established_contact,false,false,false
med-synth-v2,d000244,fam_m008187,train,train,2024-08-02T09:01:00Z,S05,internal_project,false,false,false
med-synth-v2,d000245,fam_m008199,train,train,2024-08-02T09:07:00Z,S05,internal_project,false,false,false
med-synth-v2,d000246,fam_m008265,train,train,2024-08-02T10:50:00Z,routine,established_contact,false,false,false
med-synth-v2,d000004,fam_m008277,train,train,2024-08-02T11:01:00Z,S01,lookalike_replacement,true,false,false
med-synth-v2,d000005,fam_m008289,train,train,2024-08-02T11:11:00Z,S01,lookalike_replacement,true,false,false
med-synth-v2,d000006,fam_m008301,train,train,2024-08-02T11:21:00Z,S01,lookalike_replacement,true,false,false
med-synth-v2,d000247,fam_m008347,train,train,2024-08-02T12:10:00Z,S05,external_purchase,false,false,false
med-synth-v2,d000248,fam_m008391,train,train,2024-08-02T14:50:00Z,routine,established_contact,false,false,false
med-synth-v2,d000249,fam_m008411,train,train,2024-08-05T09:05:00Z,S05,internal_project,false,false,false
med-synth-v2,d000250,fam_m008511,train,train,2024-08-05T09:41:00Z,routine,established_contact,false,false,false
med-synth-v2,d000251,fam_m008573,train,train,2024-08-05T11:21:00Z,routine,established_contact,false,false,false
med-synth-v2,d000252,fam_m008633,train,train,2024-08-05T12:21:00Z,S05,external_purchase,false,false,false
med-synth-v2,d000253,fam_m008419,train,train,2024-08-06T09:01:00Z,S05,internal_project,false,false,false
med-synth-v2,d000254,fam_m008431,train,train,2024-08-06T09:07:00Z,S05,internal_project,false,false,false
med-synth-v2,d000255,fam_m008523,train,train,2024-08-06T09:51:00Z,routine,established_contact,false,false,false
med-synth-v2,d000256,fam_m008601,train,train,2024-08-06T11:51:00Z,routine,established_contact,false,false,false
med-synth-v2,d000257,fam_m008435,train,train,2024-08-07T09:01:00Z,S05,internal_project,false,false,false
med-synth-v2,d000258,fam_m008447,train,train,2024-08-07T09:07:00Z,S05,internal_project,false,false,false
med-synth-v2,d000259,fam_m008531,train,train,2024-08-07T10:01:00Z,routine,established_contact,false,false,false
med-synth-v2,d000260,fam_m008577,train,train,2024-08-07T11:21:00Z,routine,established_contact,false,false,false
med-synth-v2,d000261,fam_m008647,train,train,2024-08-07T12:50:00Z,routine,established_contact,false,false,false
med-synth-v2,d000262,fam_m008453,train,train,2024-08-08T09:02:00Z,S05,internal_project,false,false,false
med-synth-v2,d000263,fam_m008485,train,train,2024-08-08T09:10:00Z,S05,internal_project,false,false,false
med-synth-v2,d000264,fam_m008539,train,train,2024-08-08T10:30:00Z,routine,established_contact,false,false,false
med-synth-v2,d000265,fam_m008603,train,train,2024-08-08T11:50:00Z,routine,established_contact,false,false,false
med-synth-v2,d000266,fam_m008467,train,train,2024-08-09T09:01:00Z,S05,internal_project,false,false,false
med-synth-v2,d000267,fam_m008479,train,train,2024-08-09T09:07:00Z,S05,internal_project,false,false,false
med-synth-v2,d000052,fam_m008507,train,train,2024-08-09T09:31:00Z,S04,familiar_topic_mismatch,true,false,false
med-synth-v2,d000268,fam_m008545,train,train,2024-08-09T10:50:00Z,routine,established_contact,false,false,false
med-synth-v2,d000269,fam_m008581,train,train,2024-08-09T11:21:00Z,routine,established_contact,false,false,false
med-synth-v2,d000270,fam_m008641,train,train,2024-08-09T12:21:00Z,S05,external_purchase,false,false,false
med-synth-v2,d000073,fam_m008681,train,train,2024-08-12T09:00:00Z,S08,unintended_cc,true,false,false
med-synth-v2,d000271,fam_m008689,train,train,2024-08-12T09:04:00Z,S05,internal_project,false,false,false
med-synth-v2,d000272,fam_m008789,train,train,2024-08-12T09:40:00Z,routine,established_contact,false,false,false
med-synth-v2,d000273,fam_m008841,train,train,2024-08-12T11:11:00Z,routine,established_contact,false,false,false
med-synth-v2,d000274,fam_m008901,train,train,2024-08-12T12:11:00Z,S05,external_purchase,false,false,false
med-synth-v2,d000275,fam_m008953,train,train,2024-08-12T15:00:00Z,routine,established_contact,false,false,false
med-synth-v2,d000276,fam_m008709,train,train,2024-08-13T09:06:00Z,S05,internal_project,false,false,false
med-synth-v2,d000277,fam_m008801,train,train,2024-08-13T09:50:00Z,routine,established_contact,false,false,false
med-synth-v2,d000278,fam_m008873,train,train,2024-08-13T11:41:00Z,routine,established_contact,false,false,false
med-synth-v2,d000279,fam_m008955,train,train,2024-08-13T15:10:00Z,routine,established_contact,false,false,false
med-synth-v2,d000280,fam_m008723,train,train,2024-08-14T09:05:00Z,S05,internal_project,false,false,false
med-synth-v2,d000281,fam_m008809,train,train,2024-08-14T10:00:00Z,routine,established_contact,false,false,false
med-synth-v2,d000282,fam_m008855,train,train,2024-08-14T11:20:00Z,routine,established_contact,false,false,false
med-synth-v2,d000283,fam_m008915,train,train,2024-08-14T12:20:00Z,S05,external_purchase,false,false,false
med-synth-v2,d000284,fam_m008729,train,train,2024-08-15T09:00:00Z,S05,internal_project,false,false,false
med-synth-v2,d000285,fam_m008741,train,train,2024-08-15T09:06:00Z,S05,internal_project,false,false,false
med-synth-v2,d000029,fam_m008773,train,train,2024-08-15T09:20:00Z,S02,added_external,true,false,false
med-synth-v2,d000286,fam_m008807,train,train,2024-08-15T09:51:00Z,routine,established_contact,false,false,false
med-synth-v2,d000287,fam_m008883,train,train,2024-08-15T11:50:00Z,routine,established_contact,false,false,false
med-synth-v2,d000288,fam_m008745,train,train,2024-08-16T09:00:00Z,S05,internal_project,false,false,false
med-synth-v2,d000289,fam_m008757,train,train,2024-08-16T09:06:00Z,S05,internal_project,false,false,false
med-synth-v2,d000290,fam_m008815,train,train,2024-08-16T10:10:00Z,routine,established_contact,false,false,false
med-synth-v2,d000291,fam_m008849,train,train,2024-08-16T11:11:00Z,routine,established_contact,false,false,false
med-synth-v2,d000292,fam_m008919,train,train,2024-08-16T12:20:00Z,S05,external_purchase,false,false,false
med-synth-v2,d000293,fam_m008963,train,train,2024-08-19T09:01:00Z,S05,internal_project,false,false,false
med-synth-v2,d000294,fam_m008975,train,train,2024-08-19T09:07:00Z,S05,internal_project,false,false,false
med-synth-v2,d000295,fam_m009107,train,train,2024-08-19T11:00:00Z,routine,established_contact,false,false,false
med-synth-v2,d000296,fam_m009167,train,train,2024-08-19T12:00:00Z,S05,external_purchase,false,false,false
med-synth-v2,d000297,fam_m009213,train,train,2024-08-19T13:20:00Z,routine,established_contact,false,false,false
med-synth-v2,d000298,fam_m008983,train,train,2024-08-20T09:03:00Z,S05,internal_project,false,false,false
med-synth-v2,d000299,fam_m009043,train,train,2024-08-20T09:11:00Z,S05,internal_project,false,false,false
med-synth-v2,d000300,fam_m009143,train,train,2024-08-20T11:30:00Z,routine,established_contact,false,false,false
med-synth-v2,d000301,fam_m009205,train,train,2024-08-20T12:40:00Z,routine,established_contact,false,false,false
med-synth-v2,d000302,fam_m008999,train,train,2024-08-21T09:03:00Z,S05,internal_project,false,false,false
med-synth-v2,d000074,fam_m009001,train,train,2024-08-21T09:04:00Z,S08,unintended_cc,true,false,false
med-synth-v2,d000303,fam_m009073,train,train,2024-08-21T09:40:00Z,routine,established_contact,false,false,false
med-synth-v2,d000304,fam_m009123,train,train,2024-08-21T11:10:00Z,routine,established_contact,false,false,false
med-synth-v2,d000305,fam_m009183,train,train,2024-08-21T12:10:00Z,S05,external_purchase,false,false,false
med-synth-v2,d000306,fam_m009227,train,train,2024-08-21T14:30:00Z,routine,established_contact,false,false,false
med-synth-v2,d000307,fam_m009019,train,train,2024-08-22T09:05:00Z,S05,internal_project,false,false,false
med-synth-v2,d000308,fam_m009055,train,train,2024-08-22T09:21:00Z,routine,established_contact,false,false,false
med-synth-v2,d000309,fam_m009149,train,train,2024-08-22T11:31:00Z,routine,established_contact,false,false,false
med-synth-v2,d000310,fam_m009219,train,train,2024-08-22T13:50:00Z,routine,established_contact,false,false,false
med-synth-v2,d000122,fam_m009025,train,train,2024-08-23T09:00:00Z,S05,internal_project,false,false,false
med-synth-v2,d000311,fam_m009033,train,train,2024-08-23T09:04:00Z,S05,internal_project,false,false,false
med-synth-v2,d000053,fam_m009065,train,train,2024-08-23T09:30:00Z,S04,familiar_topic_mismatch,true,false,false
med-synth-v2,d000312,fam_m009095,train,train,2024-08-23T10:10:00Z,routine,established_contact,false,false,false
med-synth-v2,d000313,fam_m009129,train,train,2024-08-23T11:11:00Z,routine,established_contact,false,false,false
med-synth-v2,d000127,fam_m009175,train,train,2024-08-23T12:00:00Z,S05,external_purchase,false,false,false
med-synth-v2,d000314,fam_m009199,train,train,2024-08-23T12:20:00Z,S05,external_purchase,false,false,false
med-synth-v2,d000315,fam_m009243,train,train,2024-08-26T09:01:00Z,S05,internal_project,false,false,false
med-synth-v2,d000316,fam_m009255,train,train,2024-08-26T09:07:00Z,S05,internal_project,false,false,false
med-synth-v2,d000317,fam_m009389,train,train,2024-08-26T11:01:00Z,routine,established_contact,false,false,false
med-synth-v2,d000318,fam_m009449,train,train,2024-08-26T12:01:00Z,S05,external_purchase,false,false,false
med-synth-v2,d000319,fam_m009493,train,train,2024-08-26T13:20:00Z,routine,established_contact,false,false,false
med-synth-v2,d000320,fam_m009263,train,train,2024-08-27T09:03:00Z,S05,internal_project,false,false,false
med-synth-v2,d000321,fam_m009323,train,train,2024-08-27T09:11:00Z,S05,internal_project,false,false,false
med-synth-v2,d000030,fam_m009329,train,train,2024-08-27T09:20:00Z,S02,added_external,true,false,false
med-synth-v2,d000322,fam_m009431,train,train,2024-08-27T11:40:00Z,routine,established_contact,false,false,false
med-synth-v2,d000323,fam_m009505,train,train,2024-08-27T14:20:00Z,routine,established_contact,false,false,false
med-synth-v2,d000324,fam_m009281,train,train,2024-08-28T09:04:00Z,S05,internal_project,false,false,false
med-synth-v2,d000325,fam_m009353,train,train,2024-08-28T09:40:00Z,routine,established_contact,false,false,false
med-synth-v2,d000326,fam_m009403,train,train,2024-08-28T11:10:00Z,routine,established_contact,false,false,false
med-synth-v2,d000327,fam_m009465,train,train,2024-08-28T12:11:00Z,S05,external_purchase,false,false,false
med-synth-v2,d000328,fam_m009517,train,train,2024-08-28T15:20:00Z,routine,established_contact,false,false,false
med-synth-v2,d000329,fam_m009299,train,train,2024-08-29T09:05:00Z,S05,internal_project,false,false,false
med-synth-v2,d000330,fam_m009335,train,train,2024-08-29T09:21:00Z,routine,established_contact,false,false,false
med-synth-v2,d000331,fam_m009429,train,train,2024-08-29T11:31:00Z,routine,established_contact,false,false,false
med-synth-v2,d000332,fam_m009509,train,train,2024-08-29T14:40:00Z,routine,established_contact,false,false,false
med-synth-v2,d000333,fam_m009313,train,train,2024-08-30T09:04:00Z,S05,internal_project,false,false,false
med-synth-v2,d000334,fam_m009357,train,train,2024-08-30T09:40:00Z,routine,established_contact,false,false,false
med-synth-v2,d000335,fam_m009397,train,train,2024-08-30T11:01:00Z,routine,established_contact,false,false,false
med-synth-v2,d000336,fam_m009457,train,train,2024-08-30T12:01:00Z,S05,external_purchase,false,false,false
med-synth-v2,d000337,fam_m009511,train,train,2024-08-30T14:50:00Z,routine,established_contact,false,false,false
med-synth-v2,d000075,fam_m009521,train,train,2024-09-02T09:00:00Z,S08,unintended_cc,true,false,false
med-synth-v2,d000338,fam_m009533,train,train,2024-09-02T09:06:00Z,S05,internal_project,false,false,false
med-synth-v2,d000339,fam_m009661,train,train,2024-09-02T10:40:00Z,routine,established_contact,false,false,false
med-synth-v2,d000340,fam_m009693,train,train,2024-09-02T11:21:00Z,routine,established_contact,false,false,false
med-synth-v2,d000341,fam_m009753,train,train,2024-09-02T12:21:00Z,S05,external_purchase,false,false,false
med-synth-v2,d000342,fam_m009541,train,train,2024-09-03T09:02:00Z,S05,internal_project,false,false,false
med-synth-v2,d000343,fam_m009601,train,train,2024-09-03T09:10:00Z,S05,internal_project,false,false,false
med-synth-v2,d000344,fam_m009653,train,train,2024-09-03T10:10:00Z,routine,established_contact,false,false,false
med-synth-v2,d000345,fam_m009721,train,train,2024-09-03T11:51:00Z,routine,established_contact,false,false,false
med-synth-v2,d000346,fam_m009555,train,train,2024-09-04T09:01:00Z,S05,internal_project,false,false,false
med-synth-v2,d000347,fam_m009621,train,train,2024-09-04T09:30:00Z,routine,established_contact,false,false,false
med-synth-v2,d000348,fam_m009671,train,train,2024-09-04T11:00:00Z,routine,established_contact,false,false,false
med-synth-v2,d000349,fam_m009731,train,train,2024-09-04T12:00:00Z,S05,external_purchase,false,false,false
med-synth-v2,d000350,fam_m009767,train,train,2024-09-04T12:50:00Z,routine,established_contact,false,false,false
med-synth-v2,d000351,fam_m009573,train,train,2024-09-05T09:02:00Z,S05,internal_project,false,false,false
med-synth-v2,d000133,fam_m009607,train,train,2024-09-05T09:11:00Z,S05,internal_project,false,false,false
med-synth-v2,d000352,fam_m009613,train,train,2024-09-05T09:20:00Z,routine,established_contact,false,false,false
med-synth-v2,d000031,fam_m009615,train,train,2024-09-05T09:21:00Z,S02,added_external,true,false,false
med-synth-v2,d000353,fam_m009709,train,train,2024-09-05T11:31:00Z,routine,established_contact,false,false,false
med-synth-v2,d000354,fam_m009779,train,train,2024-09-05T13:50:00Z,routine,established_contact,false,false,false
med-synth-v2,d000355,fam_m009591,train,train,2024-09-06T09:03:00Z,S05,internal_project,false,false,false
med-synth-v2,d000054,fam_m009625,train,train,2024-09-06T09:30:00Z,S04,familiar_topic_mismatch,true,false,false
med-synth-v2,d000356,fam_m009637,train,train,2024-09-06T09:40:00Z,routine,established_contact,false,false,false
med-synth-v2,d000007,fam_m009675,train,train,2024-09-06T11:00:00Z,S01,lookalike_replacement,true,false,false
med-synth-v2,d000008,fam_m009687,train,train,2024-09-06T11:10:00Z,S01,lookalike_replacement,true,false,false
med-synth-v2,d000357,fam_m009689,train,train,2024-09-06T11:11:00Z,routine,established_contact,false,false,false
med-synth-v2,d000009,fam_m009699,train,train,2024-09-06T11:20:00Z,S01,lookalike_replacement,true,false,false
med-synth-v2,d000358,fam_m009761,train,train,2024-09-06T12:21:00Z,S05,external_purchase,false,false,false
med-synth-v2,d000359,fam_m009805,train,train,2024-09-09T09:02:00Z,S05,internal_project,false,false,false
med-synth-v2,d000360,fam_m009897,train,train,2024-09-09T09:30:00Z,routine,established_contact,false,false,false
med-synth-v2,d000361,fam_m009949,train,train,2024-09-09T11:01:00Z,routine,established_contact,false,false,false
med-synth-v2,d000362,fam_m010009,train,train,2024-09-09T12:01:00Z,S05,external_purchase,false,false,false
med-synth-v2,d000363,fam_m010063,train,train,2024-09-09T14:10:00Z,routine,established_contact,false,false,false
med-synth-v2,d000364,fam_m009825,train,train,2024-09-10T09:04:00Z,S05,internal_project,false,false,false
med-synth-v2,d000365,fam_m009889,train,train,2024-09-10T09:20:00Z,routine,established_contact,false,false,false
med-synth-v2,d000366,fam_m009985,train,train,2024-09-10T11:31:00Z,routine,established_contact,false,false,false
med-synth-v2,d000367,fam_m010055,train,train,2024-09-10T13:30:00Z,routine,established_contact,false,false,false
med-synth-v2,d000076,fam_m009841,train,train,2024-09-11T09:04:00Z,S08,unintended_cc,true,false,false
med-synth-v2,d000368,fam_m009843,train,train,2024-09-11T09:05:00Z,S05,internal_project,false,false,false
med-synth-v2,d000369,fam_m009915,train,train,2024-09-11T09:41:00Z,routine,established_contact,false,false,false
med-synth-v2,d000370,fam_m009965,train,train,2024-09-11T11:11:00Z,routine,established_contact,false,false,false
med-synth-v2,d000371,fam_m010025,train,train,2024-09-11T12:11:00Z,S05,external_purchase,false,false,false
med-synth-v2,d000372,fam_m010077,train,train,2024-09-11T15:20:00Z,routine,established_contact,false,false,false
med-synth-v2,d000102,fam_m029123,train,train,2024-09-11T18:01:00Z,S03,legitimate_first_contact,false,false,false
med-synth-v2,d000106,fam_m029131,train,train,2024-09-11T19:01:00Z,S06,legitimate_new_domain,false,false,false
med-synth-v2,d000110,fam_m029139,train,train,2024-09-11T20:01:00Z,S07,legitimate_topic_change,false,false,false
med-synth-v2,d000114,fam_m029147,train,train,2024-09-11T21:01:00Z,S09,cold_start_legitimate,false,false,false
med-synth-v2,d000118,fam_m029154,train,train,2024-09-11T21:31:00Z,S09,little_text_legitimate,false,false,false
med-synth-v2,d000373,fam_m009861,train,train,2024-09-12T09:06:00Z,S05,internal_project,false,false,false
med-synth-v2,d000374,fam_m009925,train,train,2024-09-12T09:50:00Z,routine,established_contact,false,false,false
med-synth-v2,d000375,fam_m009995,train,train,2024-09-12T11:40:00Z,routine,established_contact,false,false,false
med-synth-v2,d000376,fam_m010069,train,train,2024-09-12T14:40:00Z,routine,established_contact,false,false,false
med-synth-v2,d000377,fam_m009873,train,train,2024-09-13T09:04:00Z,S05,internal_project,false,false,false
med-synth-v2,d000378,fam_m009919,train,train,2024-09-13T09:41:00Z,routine,established_contact,false,false,false
med-synth-v2,d000379,fam_m009967,train,train,2024-09-13T11:10:00Z,routine,established_contact,false,false,false
med-synth-v2,d000380,fam_m010027,train,train,2024-09-13T12:10:00Z,S05,external_purchase,false,false,false
med-synth-v2,d000381,fam_m010071,train,train,2024-09-13T14:50:00Z,routine,established_contact,false,false,false
med-synth-v2,d000382,fam_m010091,train,train,2024-09-16T09:05:00Z,S05,internal_project,false,false,false
med-synth-v2,d000383,fam_m010221,train,train,2024-09-16T10:40:00Z,routine,established_contact,false,false,false
med-synth-v2,d000384,fam_m010253,train,train,2024-09-16T11:21:00Z,routine,established_contact,false,false,false
med-synth-v2,d000385,fam_m010313,train,train,2024-09-16T12:21:00Z,S05,external_purchase,false,false,false
med-synth-v2,d000386,fam_m010099,train,train,2024-09-17T09:01:00Z,S05,internal_project,false,false,false
med-synth-v2,d000387,fam_m010111,train,train,2024-09-17T09:07:00Z,S05,internal_project,false,false,false
med-synth-v2,d000032,fam_m010171,train,train,2024-09-17T09:21:00Z,S02,added_external,true,false,false
med-synth-v2,d000388,fam_m010263,train,train,2024-09-17T11:30:00Z,routine,established_contact,false,false,false
med-synth-v2,d000389,fam_m010325,train,train,2024-09-17T12:40:00Z,routine,established_contact,false,false,false
med-synth-v2,d000390,fam_m010117,train,train,2024-09-18T09:02:00Z,S05,internal_project,false,false,false
med-synth-v2,d000391,fam_m010181,train,train,2024-09-18T09:30:00Z,routine,established_contact,false,false,false
med-synth-v2,d000392,fam_m010231,train,train,2024-09-18T11:00:00Z,routine,established_contact,false,false,false
med-synth-v2,d000393,fam_m010293,train,train,2024-09-18T12:01:00Z,S05,external_purchase,false,false,false
med-synth-v2,d000394,fam_m010337,train,train,2024-09-18T13:40:00Z,routine,established_contact,false,false,false
med-synth-v2,d000395,fam_m010135,train,train,2024-09-19T09:03:00Z,S05,internal_project,false,false,false
med-synth-v2,d000396,fam_m010167,train,train,2024-09-19T09:11:00Z,S05,internal_project,false,false,false
med-synth-v2,d000397,fam_m010223,train,train,2024-09-19T10:40:00Z,routine,established_contact,false,false,false
med-synth-v2,d000398,fam_m010329,train,train,2024-09-19T13:00:00Z,routine,established_contact,false,false,false
med-synth-v2,d000399,fam_m010149,train,train,2024-09-20T09:02:00Z,S05,internal_project,false,false,false
med-synth-v2,d000055,fam_m010185,train,train,2024-09-20T09:30:00Z,S04,familiar_topic_mismatch,true,false,false
med-synth-v2,d000400,fam_m010187,train,train,2024-09-20T09:31:00Z,routine,established_contact,false,false,false
med-synth-v2,d000401,fam_m010235,train,train,2024-09-20T11:00:00Z,routine,established_contact,false,false,false
med-synth-v2,d000402,fam_m010295,train,train,2024-09-20T12:00:00Z,S05,external_purchase,false,false,false
med-synth-v2,d000403,fam_m010341,train,train,2024-09-20T14:00:00Z,routine,established_contact,false,false,false
med-synth-v2,d000077,fam_m010361,train,train,2024-09-23T09:00:00Z,S08,unintended_cc,true,false,false
med-synth-v2,d000404,fam_m010371,train,train,2024-09-23T09:05:00Z,S05,internal_project,false,false,false
med-synth-v2,d000405,fam_m010471,train,train,2024-09-23T09:41:00Z,routine,established_contact,false,false,false
med-synth-v2,d000406,fam_m010531,train,train,2024-09-23T11:20:00Z,routine,established_contact,false,false,false
med-synth-v2,d000407,fam_m010591,train,train,2024-09-23T12:20:00Z,S05,external_purchase,false,false,false
med-synth-v2,d000408,fam_m010379,train,train,2024-09-24T09:01:00Z,S05,internal_project,false,false,false
med-synth-v2,d000409,fam_m010391,train,train,2024-09-24T09:07:00Z,S05,internal_project,false,false,false
med-synth-v2,d000410,fam_m010483,train,train,2024-09-24T09:51:00Z,routine,established_contact,false,false,false
med-synth-v2,d000411,fam_m010559,train,train,2024-09-24T11:50:00Z,routine,established_contact,false,false,false
med-synth-v2,d000412,fam_m010393,train,train,2024-09-25T09:00:00Z,S05,internal_project,false,false,false
med-synth-v2,d000413,fam_m010407,train,train,2024-09-25T09:07:00Z,S05,internal_project,false,false,false
med-synth-v2,d000414,fam_m010491,train,train,2024-09-25T10:01:00Z,routine,established_contact,false,false,false
med-synth-v2,d000415,fam_m010537,train,train,2024-09-25T11:21:00Z,routine,established_contact,false,false,false
med-synth-v2,d000416,fam_m010597,train,train,2024-09-25T12:21:00Z,S05,external_purchase,false,false,false
med-synth-v2,d000417,fam_m010411,train,train,2024-09-26T09:01:00Z,S05,internal_project,false,false,false
med-synth-v2,d000418,fam_m010445,train,train,2024-09-26T09:10:00Z,S05,internal_project,false,false,false
med-synth-v2,d000419,fam_m010499,train,train,2024-09-26T10:30:00Z,routine,established_contact,false,false,false
med-synth-v2,d000420,fam_m010563,train,train,2024-09-26T11:50:00Z,routine,established_contact,false,false,false
med-synth-v2,d000421,fam_m010425,train,train,2024-09-27T09:00:00Z,S05,internal_project,false,false,false
med-synth-v2,d000422,fam_m010437,train,train,2024-09-27T09:06:00Z,S05,internal_project,false,false,false
med-synth-v2,d000423,fam_m010497,train,train,2024-09-27T10:20:00Z,routine,established_contact,false,false,false
med-synth-v2,d000424,fam_m010539,train,train,2024-09-27T11:20:00Z,routine,established_contact,false,false,false
med-synth-v2,d000425,fam_m010599,train,train,2024-09-27T12:20:00Z,S05,external_purchase,false,false,false
med-synth-v2,d000426,fam_m010643,train,train,2024-09-30T09:01:00Z,S05,internal_project,false,false,false
med-synth-v2,d000427,fam_m010655,train,train,2024-09-30T09:07:00Z,S05,internal_project,false,false,false
med-synth-v2,d000428,fam_m010787,train,train,2024-09-30T11:00:00Z,routine,established_contact,false,false,false
med-synth-v2,d000429,fam_m010849,train,train,2024-09-30T12:01:00Z,S05,external_purchase,false,false,false
med-synth-v2,d000430,fam_m010893,train,train,2024-09-30T13:20:00Z,routine,established_contact,false,false,false
med-synth-v2,d000431,fam_m010663,train,train,2024-10-01T09:03:00Z,S05,internal_project,false,false,false
med-synth-v2,d000432,fam_m010723,train,train,2024-10-01T09:11:00Z,S05,internal_project,false,false,false
med-synth-v2,d000033,fam_m010729,train,train,2024-10-01T09:20:00Z,S02,added_external,true,false,false
med-synth-v2,d000433,fam_m010825,train,train,2024-10-01T11:31:00Z,routine,established_contact,false,false,false
med-synth-v2,d000434,fam_m010905,train,train,2024-10-01T14:20:00Z,routine,established_contact,false,false,false
med-synth-v2,d000078,fam_m010681,train,train,2024-10-02T09:04:00Z,S08,unintended_cc,true,false,false
med-synth-v2,d000435,fam_m010683,train,train,2024-10-02T09:05:00Z,S05,internal_project,false,false,false
med-synth-v2,d000056,fam_m010743,train,train,2024-10-02T09:31:00Z,S04,familiar_topic_mismatch,true,false,false
med-synth-v2,d000436,fam_m010769,train,train,2024-10-02T10:00:00Z,routine,established_contact,false,false,false
med-synth-v2,d000437,fam_m010815,train,train,2024-10-02T11:20:00Z,routine,established_contact,false,false,false
med-synth-v2,d000438,fam_m010875,train,train,2024-10-02T12:20:00Z,S05,external_purchase,false,false,false
med-synth-v2,d000439,fam_m010691,train,train,2024-10-03T09:01:00Z,S05,internal_project,false,false,false
med-synth-v2,d000440,fam_m010703,train,train,2024-10-03T09:07:00Z,S05,internal_project,false,false,false
med-synth-v2,d000441,fam_m010767,train,train,2024-10-03T09:51:00Z,routine,established_contact,false,false,false
med-synth-v2,d000442,fam_m010837,train,train,2024-10-03T11:41:00Z,routine,established_contact,false,false,false
med-synth-v2,d000443,fam_m010919,train,train,2024-10-03T15:30:00Z,routine,established_contact,false,false,false
med-synth-v2,d000444,fam_m010717,train,train,2024-10-04T09:06:00Z,S05,internal_project,false,false,false
med-synth-v2,d000445,fam_m010775,train,train,2024-10-04T10:10:00Z,routine,established_contact,false,false,false
med-synth-v2,d000446,fam_m010809,train,train,2024-10-04T11:11:00Z,routine,established_contact,false,false,false
med-synth-v2,d000447,fam_m010869,train,train,2024-10-04T12:11:00Z,S05,external_purchase,false,false,false
med-synth-v2,d000448,fam_m010921,train,train,2024-10-07T09:00:00Z,S05,internal_project,false,false,false
med-synth-v2,d000449,fam_m010935,train,train,2024-10-07T09:07:00Z,S05,internal_project,false,false,false
med-synth-v2,d000450,fam_m011067,train,train,2024-10-07T11:00:00Z,routine,established_contact,false,false,false
med-synth-v2,d000451,fam_m011127,train,train,2024-10-07T12:00:00Z,S05,external_purchase,false,false,false
med-synth-v2,d000452,fam_m011163,train,train,2024-10-07T12:30:00Z,routine,established_contact,false,false,false
med-synth-v2,d000453,fam_m010941,train,train,2024-10-08T09:02:00Z,S05,internal_project,false,false,false
med-synth-v2,d000454,fam_m011003,train,train,2024-10-08T09:11:00Z,S05,internal_project,false,false,false
med-synth-v2,d000455,fam_m011103,train,train,2024-10-08T11:30:00Z,routine,established_contact,false,false,false
med-synth-v2,d000456,fam_m011165,train,train,2024-10-08T12:40:00Z,routine,established_contact,false,false,false
med-synth-v2,d000457,fam_m010957,train,train,2024-10-09T09:02:00Z,S05,internal_project,false,false,false
med-synth-v2,d000458,fam_m011021,train,train,2024-10-09T09:30:00Z,routine,established_contact,false,false,false
med-synth-v2,d000010,fam_m011073,train,train,2024-10-09T11:01:00Z,S01,lookalike_replacement,true,false,false
med-synth-v2,d000459,fam_m011083,train,train,2024-10-09T11:10:00Z,routine,established_contact,false,false,false
med-synth-v2,d000011,fam_m011085,train,train,2024-10-09T11:11:00Z,S01,lookalike_replacement,true,false,false
med-synth-v2,d000012,fam_m011097,train,train,2024-10-09T11:21:00Z,S01,lookalike_replacement,true,false,false
med-synth-v2,d000460,fam_m011155,train,train,2024-10-09T12:20:00Z,S05,external_purchase,false,false,false
med-synth-v2,d000461,fam_m010969,train,train,2024-10-10T09:00:00Z,S05,internal_project,false,false,false
med-synth-v2,d000462,fam_m010981,train,train,2024-10-10T09:06:00Z,S05,internal_project,false,false,false
med-synth-v2,d000134,fam_m011005,train,train,2024-10-10T09:10:00Z,S05,internal_project,false,false,false
med-synth-v2,d000034,fam_m011013,train,train,2024-10-10T09:20:00Z,S02,added_external,true,false,false
med-synth-v2,d000463,fam_m011059,train,train,2024-10-10T10:30:00Z,routine,established_contact,false,false,false
med-synth-v2,d000464,fam_m011125,train,train,2024-10-10T11:51:00Z,routine,established_contact,false,false,false
med-synth-v2,d000465,fam_m010987,train,train,2024-10-11T09:01:00Z,S05,internal_project,false,false,false
med-synth-v2,d000466,fam_m010999,train,train,2024-10-11T09:07:00Z,S05,internal_project,false,false,false
med-synth-v2,d000467,fam_m011057,train,train,2024-10-11T10:20:00Z,routine,established_contact,false,false,false
med-synth-v2,d000468,fam_m011099,train,train,2024-10-11T11:20:00Z,routine,established_contact,false,false,false
med-synth-v2,d000469,fam_m011161,train,train,2024-10-11T12:21:00Z,S05,external_purchase,false,false,false
med-synth-v2,d000079,fam_m011201,train,train,2024-10-14T09:00:00Z,S08,unintended_bcc,true,false,false
med-synth-v2,d000470,fam_m011207,train,train,2024-10-14T09:03:00Z,S05,internal_project,false,false,false
med-synth-v2,d000471,fam_m011299,train,train,2024-10-14T09:31:00Z,routine,established_contact,false,false,false
med-synth-v2,d000472,fam_m011359,train,train,2024-10-14T11:10:00Z,routine,established_contact,false,false,false
med-synth-v2,d000473,fam_m011419,train,train,2024-10-14T12:10:00Z,S05,external_purchase,false,false,false
med-synth-v2,d000474,fam_m011473,train,train,2024-10-14T15:00:00Z,routine,established_contact,false,false,false
med-synth-v2,d000475,fam_m011227,train,train,2024-10-15T09:05:00Z,S05,internal_project,false,false,false
med-synth-v2,d000476,fam_m011291,train,train,2024-10-15T09:21:00Z,routine,established_contact,false,false,false
med-synth-v2,d000477,fam_m011391,train,train,2024-10-15T11:40:00Z,routine,established_contact,false,false,false
med-synth-v2,d000478,fam_m011465,train,train,2024-10-15T14:20:00Z,routine,established_contact,false,false,false
med-synth-v2,d000479,fam_m011243,train,train,2024-10-16T09:05:00Z,S05,internal_project,false,false,false
med-synth-v2,d000057,fam_m011303,train,train,2024-10-16T09:31:00Z,S04,familiar_topic_mismatch,true,false,false
med-synth-v2,d000480,fam_m011329,train,train,2024-10-16T10:00:00Z,routine,established_contact,false,false,false
med-synth-v2,d000481,fam_m011375,train,train,2024-10-16T11:20:00Z,routine,established_contact,false,false,false
med-synth-v2,d000128,fam_m011413,train,train,2024-10-16T12:01:00Z,S05,external_purchase,false,false,false
med-synth-v2,d000482,fam_m011437,train,train,2024-10-16T12:21:00Z,S05,external_purchase,false,false,false
med-synth-v2,d000123,fam_m011251,train,train,2024-10-17T09:01:00Z,S05,internal_project,false,false,false
med-synth-v2,d000483,fam_m011253,train,train,2024-10-17T09:02:00Z,S05,internal_project,false,false,false
med-synth-v2,d000484,fam_m011287,train,train,2024-10-17T09:11:00Z,S05,internal_project,false,false,false
med-synth-v2,d000485,fam_m011343,train,train,2024-10-17T10:40:00Z,routine,established_contact,false,false,false
med-synth-v2,d000486,fam_m011405,train,train,2024-10-17T11:51:00Z,routine,established_contact,false,false,false
med-synth-v2,d000487,fam_m011267,train,train,2024-10-18T09:01:00Z,S05,internal_project,false,false,false
med-synth-v2,d000488,fam_m011279,train,train,2024-10-18T09:07:00Z,S05,internal_project,false,false,false
med-synth-v2,d000489,fam_m011345,train,train,2024-10-18T10:50:00Z,routine,established_contact,false,false,false
med-synth-v2,d000490,fam_m011381,train,train,2024-10-18T11:21:00Z,routine,established_contact,false,false,false
med-synth-v2,d000491,fam_m011441,train,train,2024-10-18T12:21:00Z,S05,external_purchase,false,false,false
med-synth-v2,d000492,fam_m011485,train,train,2024-10-21T09:02:00Z,S05,internal_project,false,false,false
med-synth-v2,d000493,fam_m011577,train,train,2024-10-21T09:30:00Z,routine,established_contact,false,false,false
med-synth-v2,d000494,fam_m011639,train,train,2024-10-21T11:10:00Z,routine,established_contact,false,false,false
med-synth-v2,d000495,fam_m011699,train,train,2024-10-21T12:10:00Z,S05,external_purchase,false,false,false
med-synth-v2,d000496,fam_m011743,train,train,2024-10-21T14:10:00Z,routine,established_contact,false,false,false
med-synth-v2,d000497,fam_m011505,train,train,2024-10-22T09:04:00Z,S05,internal_project,false,false,false
med-synth-v2,d000498,fam_m011569,train,train,2024-10-22T09:20:00Z,routine,established_contact,false,false,false
med-synth-v2,d000035,fam_m011571,train,train,2024-10-22T09:21:00Z,S02,added_external,true,false,false
med-synth-v2,d000499,fam_m011671,train,train,2024-10-22T11:40:00Z,routine,established_contact,false,false,false
med-synth-v2,d000500,fam_m011755,train,train,2024-10-22T15:10:00Z,routine,established_contact,false,false,false
med-synth-v2,d000080,fam_m011521,train,train,2024-10-23T09:04:00Z,S08,unintended_bcc,true,false,false
med-synth-v2,d000501,fam_m011525,train,train,2024-10-23T09:06:00Z,S05,internal_project,false,false,false
med-synth-v2,d000502,fam_m011609,train,train,2024-10-23T10:00:00Z,routine,established_contact,false,false,false
med-synth-v2,d000503,fam_m011655,train,train,2024-10-23T11:20:00Z,routine,established_contact,false,false,false
med-synth-v2,d000504,fam_m011715,train,train,2024-10-23T12:20:00Z,S05,external_purchase,false,false,false
med-synth-v2,d000505,fam_m011531,train,train,2024-10-24T09:01:00Z,S05,internal_project,false,false,false
med-synth-v2,d000506,fam_m011543,train,train,2024-10-24T09:07:00Z,S05,internal_project,false,false,false
med-synth-v2,d000507,fam_m011607,train,train,2024-10-24T09:51:00Z,routine,established_contact,false,false,false
med-synth-v2,d000508,fam_m011677,train,train,2024-10-24T11:41:00Z,routine,established_contact,false,false,false
med-synth-v2,d000509,fam_m011759,train,train,2024-10-24T15:30:00Z,routine,established_contact,false,false,false
med-synth-v2,d000510,fam_m011557,train,train,2024-10-25T09:06:00Z,S05,internal_project,false,false,false
med-synth-v2,d000511,fam_m011615,train,train,2024-10-25T10:10:00Z,routine,established_contact,false,false,false
med-synth-v2,d000512,fam_m011649,train,train,2024-10-25T11:11:00Z,routine,established_contact,false,false,false
med-synth-v2,d000513,fam_m011709,train,train,2024-10-25T12:11:00Z,S05,external_purchase,false,false,false
med-synth-v2,d000514,fam_m011761,train,train,2024-10-28T09:00:00Z,S05,internal_project,false,false,false
med-synth-v2,d000515,fam_m011775,train,train,2024-10-28T09:07:00Z,S05,internal_project,false,false,false
med-synth-v2,d000516,fam_m011907,train,train,2024-10-28T11:00:00Z,routine,established_contact,false,false,false
med-synth-v2,d000517,fam_m011967,train,train,2024-10-28T12:00:00Z,S05,external_purchase,false,false,false
med-synth-v2,d000518,fam_m012003,train,train,2024-10-28T12:30:00Z,routine,established_contact,false,false,false
med-synth-v2,d000519,fam_m011781,train,train,2024-10-29T09:02:00Z,S05,internal_project,false,false,false
med-synth-v2,d000520,fam_m011843,train,train,2024-10-29T09:11:00Z,S05,internal_project,false,false,false
med-synth-v2,d000521,fam_m011943,train,train,2024-10-29T11:30:00Z,routine,established_contact,false,false,false
med-synth-v2,d000522,fam_m012005,train,train,2024-10-29T12:40:00Z,routine,established_contact,false,false,false
med-synth-v2,d000523,fam_m011797,train,train,2024-10-30T09:02:00Z,S05,internal_project,false,false,false
med-synth-v2,d000524,fam_m011861,train,train,2024-10-30T09:30:00Z,routine,established_contact,false,false,false
med-synth-v2,d000058,fam_m011863,train,train,2024-10-30T09:31:00Z,S04,familiar_topic_mismatch,true,false,false
med-synth-v2,d000525,fam_m011923,train,train,2024-10-30T11:10:00Z,routine,established_contact,false,false,false
med-synth-v2,d000526,fam_m011983,train,train,2024-10-30T12:10:00Z,S05,external_purchase,false,false,false
med-synth-v2,d000527,fam_m012027,train,train,2024-10-30T14:30:00Z,routine,established_contact,false,false,false
med-synth-v2,d000528,fam_m011817,train,train,2024-10-31T09:04:00Z,S05,internal_project,false,false,false
med-synth-v2,d000529,fam_m011853,train,train,2024-10-31T09:20:00Z,routine,established_contact,false,false,false
med-synth-v2,d000036,fam_m011855,train,train,2024-10-31T09:21:00Z,S02,added_external,true,false,false
med-synth-v2,d000530,fam_m011955,train,train,2024-10-31T11:40:00Z,routine,established_contact,false,false,false
med-synth-v2,d000531,fam_m012029,train,train,2024-10-31T14:40:00Z,routine,established_contact,false,false,false
med-synth-v2,d000532,fam_m011833,train,train,2024-11-01T09:04:00Z,S05,internal_project,false,false,false
med-synth-v2,d000533,fam_m011877,train,train,2024-11-01T09:40:00Z,routine,established_contact,false,false,false
med-synth-v2,d000534,fam_m011917,train,train,2024-11-01T11:01:00Z,routine,established_contact,false,false,false
med-synth-v2,d000535,fam_m011987,train,train,2024-11-01T12:10:00Z,S05,external_purchase,false,false,false
med-synth-v2,d000536,fam_m012031,train,train,2024-11-01T14:50:00Z,routine,established_contact,false,false,false
med-synth-v2,d000081,fam_m012041,train,train,2024-11-04T09:00:00Z,S08,unintended_bcc,true,false,false
med-synth-v2,d000537,fam_m012053,train,train,2024-11-04T09:06:00Z,S05,internal_project,false,false,false
med-synth-v2,d000538,fam_m012181,train,train,2024-11-04T10:40:00Z,routine,established_contact,false,false,false
med-synth-v2,d000539,fam_m012213,train,train,2024-11-04T11:21:00Z,routine,established_contact,false,false,false
med-synth-v2,d000540,fam_m012283,train,train,2024-11-04T12:30:00Z,routine,established_contact,false,false,false
med-synth-v2,d000541,fam_m012061,train,train,2024-11-05T09:02:00Z,S05,internal_project,false,false,false
med-synth-v2,d000542,fam_m012121,train,train,2024-11-05T09:10:00Z,S05,internal_project,false,false,false
med-synth-v2,d000543,fam_m012173,train,train,2024-11-05T10:10:00Z,routine,established_contact,false,false,false
med-synth-v2,d000544,fam_m012241,train,train,2024-11-05T11:51:00Z,routine,established_contact,false,false,false
med-synth-v2,d000545,fam_m012077,train,train,2024-11-06T09:02:00Z,S05,internal_project,false,false,false
med-synth-v2,d000546,fam_m012141,train,train,2024-11-06T09:30:00Z,routine,established_contact,false,false,false
med-synth-v2,d000547,fam_m012191,train,train,2024-11-06T11:00:00Z,routine,established_contact,false,false,false
med-synth-v2,d000548,fam_m012251,train,train,2024-11-06T12:00:00Z,S05,external_purchase,false,false,false
med-synth-v2,d000549,fam_m012287,train,train,2024-11-06T12:50:00Z,routine,established_contact,false,false,false
med-synth-v2,d000550,fam_m012095,train,train,2024-11-07T09:03:00Z,S05,internal_project,false,false,false
med-synth-v2,d000551,fam_m012127,train,train,2024-11-07T09:11:00Z,S05,internal_project,false,false,false
med-synth-v2,d000552,fam_m012183,train,train,2024-11-07T10:40:00Z,routine,established_contact,false,false,false
med-synth-v2,d000553,fam_m012245,train,train,2024-11-07T11:51:00Z,routine,established_contact,false,false,false
med-synth-v2,d000554,fam_m012107,train,train,2024-11-08T09:01:00Z,S05,internal_project,false,false,false
med-synth-v2,d000555,fam_m012145,train,train,2024-11-08T09:30:00Z,routine,established_contact,false,false,false
med-synth-v2,d000556,fam_m012185,train,train,2024-11-08T10:50:00Z,routine,established_contact,false,false,false
med-synth-v2,d000557,fam_m012221,train,train,2024-11-08T11:21:00Z,routine,established_contact,false,false,false
med-synth-v2,d000558,fam_m012281,train,train,2024-11-08T12:21:00Z,S05,external_purchase,false,false,false
med-synth-v2,d000559,fam_m012325,train,train,2024-11-11T09:02:00Z,S05,internal_project,false,false,false
med-synth-v2,d000560,fam_m012419,train,train,2024-11-11T09:31:00Z,routine,established_contact,false,false,false
med-synth-v2,d000561,fam_m012479,train,train,2024-11-11T11:10:00Z,routine,established_contact,false,false,false
med-synth-v2,d000562,fam_m012539,train,train,2024-11-11T12:10:00Z,S05,external_purchase,false,false,false
med-synth-v2,d000563,fam_m012583,train,train,2024-11-11T14:10:00Z,routine,established_contact,false,false,false
med-synth-v2,d000564,fam_m012345,train,train,2024-11-12T09:04:00Z,S05,internal_project,false,false,false
med-synth-v2,d000565,fam_m012411,train,train,2024-11-12T09:21:00Z,routine,established_contact,false,false,false
med-synth-v2,d000566,fam_m012511,train,train,2024-11-12T11:40:00Z,routine,established_contact,false,false,false
med-synth-v2,d000567,fam_m012585,train,train,2024-11-12T14:20:00Z,routine,established_contact,false,false,false
med-synth-v2,d000082,fam_m012361,train,train,2024-11-13T09:04:00Z,S08,unintended_bcc,true,false,false
med-synth-v2,d000568,fam_m012363,train,train,2024-11-13T09:05:00Z,S05,internal_project,false,false,false
med-synth-v2,d000059,fam_m012423,train,train,2024-11-13T09:31:00Z,S04,familiar_topic_mismatch,true,false,false
med-synth-v2,d000569,fam_m012449,train,train,2024-11-13T10:00:00Z,routine,established_contact,false,false,false
med-synth-v2,d000013,fam_m012473,train,train,2024-11-13T11:01:00Z,S01,lookalike_replacement,true,false,false
med-synth-v2,d000014,fam_m012485,train,train,2024-11-13T11:11:00Z,S01,lookalike_replacement,true,false,false
med-synth-v2,d000015,fam_m012497,train,train,2024-11-13T11:21:00Z,S01,lookalike_replacement,true,false,false
med-synth-v2,d000570,fam_m012543,train,train,2024-11-13T12:10:00Z,S05,external_purchase,false,false,false
med-synth-v2,d000571,fam_m012587,train,train,2024-11-13T14:30:00Z,routine,established_contact,false,false,false
med-synth-v2,d000572,fam_m012377,train,train,2024-11-14T09:04:00Z,S05,internal_project,false,false,false
med-synth-v2,d000135,fam_m012405,train,train,2024-11-14T09:10:00Z,S05,internal_project,false,false,false
med-synth-v2,d000037,fam_m012413,train,train,2024-11-14T09:20:00Z,S02,added_external,true,false,false
med-synth-v2,d000573,fam_m012445,train,train,2024-11-14T09:50:00Z,routine,established_contact,false,false,false
med-synth-v2,d000574,fam_m012515,train,train,2024-11-14T11:40:00Z,routine,established_contact,false,false,false
med-synth-v2,d000575,fam_m012589,train,train,2024-11-14T14:40:00Z,routine,established_contact,false,false,false
med-synth-v2,d000576,fam_m012395,train,train,2024-11-15T09:05:00Z,S05,internal_project,false,false,false
med-synth-v2,d000577,fam_m012439,train,train,2024-11-15T09:41:00Z,routine,established_contact,false,false,false
med-synth-v2,d000098,fam_m012475,train,train,2024-11-15T11:00:00Z,S09,little_text_unintended,true,false,false
med-synth-v2,d000099,fam_m012487,train,train,2024-11-15T11:10:00Z,S09,little_text_unintended,true,false,false
med-synth-v2,d000100,fam_m012499,train,train,2024-11-15T11:20:00Z,S09,little_text_unintended,true,false,false
med-synth-v2,d000578,fam_m012501,train,train,2024-11-15T11:21:00Z,routine,established_contact,false,false,false
med-synth-v2,d000579,fam_m012561,train,train,2024-11-15T12:21:00Z,S05,external_purchase,false,false,false
med-synth-v2,d000580,fam_m012605,train,train,2024-11-18T09:02:00Z,S05,internal_project,false,false,false
med-synth-v2,d000581,fam_m012699,train,train,2024-11-18T09:31:00Z,routine,established_contact,false,false,false
med-synth-v2,d000582,fam_m012759,train,train,2024-11-18T11:10:00Z,routine,established_contact,false,false,false
med-synth-v2,d000583,fam_m012819,train,train,2024-11-18T12:10:00Z,S05,external_purchase,false,false,false
med-synth-v2,d000584,fam_m012863,train,train,2024-11-18T14:10:00Z,routine,established_contact,false,false,false
med-synth-v2,d000585,fam_m012625,train,train,2024-11-19T09:04:00Z,S05,internal_project,false,false,false
med-synth-v2,d000586,fam_m012691,train,train,2024-11-19T09:21:00Z,routine,established_contact,false,false,false
med-synth-v2,d000587,fam_m012791,train,train,2024-11-19T11:40:00Z,routine,established_contact,false,false,false
med-synth-v2,d000588,fam_m012865,train,train,2024-11-19T14:20:00Z,routine,established_contact,false,false,false
med-synth-v2,d000589,fam_m012641,train,train,2024-11-20T09:04:00Z,S05,internal_project,false,false,false
med-synth-v2,d000590,fam_m012713,train,train,2024-11-20T09:40:00Z,routine,established_contact,false,false,false
med-synth-v2,d000591,fam_m012765,train,train,2024-11-20T11:11:00Z,routine,established_contact,false,false,false
med-synth-v2,d000592,fam_m012825,train,train,2024-11-20T12:11:00Z,S05,external_purchase,false,false,false
med-synth-v2,d000593,fam_m012877,train,train,2024-11-20T15:20:00Z,routine,established_contact,false,false,false
med-synth-v2,d000103,fam_m029125,train,train,2024-11-20T18:02:00Z,S03,legitimate_first_contact,false,false,false
med-synth-v2,d000107,fam_m029133,train,train,2024-11-20T19:02:00Z,S06,legitimate_new_domain,false,false,false
med-synth-v2,d000111,fam_m029141,train,train,2024-11-20T20:02:00Z,S07,legitimate_topic_change,false,false,false
med-synth-v2,d000115,fam_m029149,train,train,2024-11-20T21:02:00Z,S09,cold_start_legitimate,false,false,false
med-synth-v2,d000119,fam_m029155,train,train,2024-11-20T21:32:00Z,S09,little_text_legitimate,false,false,false
med-synth-v2,d000594,fam_m012659,train,train,2024-11-21T09:05:00Z,S05,internal_project,false,false,false
med-synth-v2,d000595,fam_m012695,train,train,2024-11-21T09:21:00Z,routine,established_contact,false,false,false
med-synth-v2,d000596,fam_m012795,train,train,2024-11-21T11:40:00Z,routine,established_contact,false,false,false
med-synth-v2,d000597,fam_m012869,train,train,2024-11-21T14:40:00Z,routine,established_contact,false,false,false
med-synth-v2,d000598,fam_m012673,train,train,2024-11-22T09:04:00Z,S05,internal_project,false,false,false
med-synth-v2,d000599,fam_m012717,train,train,2024-11-22T09:40:00Z,routine,established_contact,false,false,false
med-synth-v2,d000600,fam_m012757,train,train,2024-11-22T11:01:00Z,routine,established_contact,false,false,false
med-synth-v2,d000601,fam_m012827,train,train,2024-11-22T12:10:00Z,S05,external_purchase,false,false,false
med-synth-v2,d000602,fam_m012871,train,train,2024-11-22T14:50:00Z,routine,established_contact,false,false,false
med-synth-v2,d000083,fam_m012881,train,train,2024-11-25T09:00:00Z,S08,unintended_bcc,true,false,false
med-synth-v2,d000603,fam_m012893,train,train,2024-11-25T09:06:00Z,S05,internal_project,false,false,false
med-synth-v2,d000604,fam_m013021,train,train,2024-11-25T10:40:00Z,routine,established_contact,false,false,false
med-synth-v2,d000605,fam_m013053,train,train,2024-11-25T11:21:00Z,routine,established_contact,false,false,false
med-synth-v2,d000606,fam_m013123,train,train,2024-11-25T12:30:00Z,routine,established_contact,false,false,false
med-synth-v2,d000607,fam_m012901,train,train,2024-11-26T09:02:00Z,S05,internal_project,false,false,false
med-synth-v2,d000608,fam_m012961,train,train,2024-11-26T09:10:00Z,S05,internal_project,false,false,false
med-synth-v2,d000038,fam_m012969,train,train,2024-11-26T09:20:00Z,S02,added_external,true,false,false
med-synth-v2,d000609,fam_m013063,train,train,2024-11-26T11:30:00Z,routine,established_contact,false,false,false
med-synth-v2,d000610,fam_m013125,train,train,2024-11-26T12:40:00Z,routine,established_contact,false,false,false
med-synth-v2,d000611,fam_m012919,train,train,2024-11-27T09:03:00Z,S05,internal_project,false,false,false
med-synth-v2,d000060,fam_m012981,train,train,2024-11-27T09:30:00Z,S04,familiar_topic_mismatch,true,false,false
med-synth-v2,d000612,fam_m012993,train,train,2024-11-27T09:40:00Z,routine,established_contact,false,false,false
med-synth-v2,d000613,fam_m013043,train,train,2024-11-27T11:10:00Z,routine,established_contact,false,false,false
med-synth-v2,d000614,fam_m013103,train,train,2024-11-27T12:10:00Z,S05,external_purchase,false,false,false
med-synth-v2,d000615,fam_m013147,train,train,2024-11-27T14:30:00Z,routine,established_contact,false,false,false
med-synth-v2,d000616,fam_m012939,train,train,2024-11-28T09:05:00Z,S05,internal_project,false,false,false
med-synth-v2,d000617,fam_m012975,train,train,2024-11-28T09:21:00Z,routine,established_contact,false,false,false
med-synth-v2,d000618,fam_m013069,train,train,2024-11-28T11:31:00Z,routine,established_contact,false,false,false
med-synth-v2,d000619,fam_m013139,train,train,2024-11-28T13:50:00Z,routine,established_contact,false,false,false
med-synth-v2,d000620,fam_m012951,train,train,2024-11-29T09:03:00Z,S05,internal_project,false,false,false
med-synth-v2,d000621,fam_m012997,train,train,2024-11-29T09:40:00Z,routine,established_contact,false,false,false
med-synth-v2,d000622,fam_m013037,train,train,2024-11-29T11:01:00Z,routine,established_contact,false,false,false
med-synth-v2,d000623,fam_m013097,train,train,2024-11-29T12:01:00Z,S05,external_purchase,false,false,false
med-synth-v2,d000624,fam_m013141,train,train,2024-11-29T14:00:00Z,routine,established_contact,false,false,false
med-synth-v2,d000625,fam_m013169,train,train,2024-12-02T09:04:00Z,S05,internal_project,false,false,false
med-synth-v2,d000626,fam_m013271,train,train,2024-12-02T09:41:00Z,routine,established_contact,false,false,false
med-synth-v2,d000627,fam_m013331,train,train,2024-12-02T11:20:00Z,routine,established_contact,false,false,false
med-synth-v2,d000628,fam_m013391,train,train,2024-12-02T12:20:00Z,S05,external_purchase,false,false,false
med-synth-v2,d000629,fam_m013177,train,train,2024-12-03T09:00:00Z,S05,internal_project,false,false,false
med-synth-v2,d000630,fam_m013189,train,train,2024-12-03T09:06:00Z,S05,internal_project,false,false,false
med-synth-v2,d000631,fam_m013283,train,train,2024-12-03T09:51:00Z,routine,established_contact,false,false,false
med-synth-v2,d000632,fam_m013359,train,train,2024-12-03T11:50:00Z,routine,established_contact,false,false,false
med-synth-v2,d000633,fam_m013193,train,train,2024-12-04T09:00:00Z,S05,internal_project,false,false,false
med-synth-v2,d000084,fam_m013201,train,train,2024-12-04T09:04:00Z,S08,unintended_bcc,true,false,false
med-synth-v2,d000634,fam_m013207,train,train,2024-12-04T09:07:00Z,S05,internal_project,false,false,false
med-synth-v2,d000635,fam_m013291,train,train,2024-12-04T10:01:00Z,routine,established_contact,false,false,false
med-synth-v2,d000636,fam_m013371,train,train,2024-12-04T12:00:00Z,S05,external_purchase,false,false,false
med-synth-v2,d000637,fam_m013407,train,train,2024-12-04T12:50:00Z,routine,established_contact,false,false,false
med-synth-v2,d000638,fam_m013213,train,train,2024-12-05T09:02:00Z,S05,internal_project,false,false,false
med-synth-v2,d000639,fam_m013245,train,train,2024-12-05T09:10:00Z,S05,internal_project,false,false,false
med-synth-v2,d000039,fam_m013255,train,train,2024-12-05T09:21:00Z,S02,added_external,true,false,false
med-synth-v2,d000640,fam_m013303,train,train,2024-12-05T10:40:00Z,routine,established_contact,false,false,false
med-synth-v2,d000641,fam_m013409,train,train,2024-12-05T13:00:00Z,routine,established_contact,false,false,false
med-synth-v2,d000642,fam_m013229,train,train,2024-12-06T09:02:00Z,S05,internal_project,false,false,false
med-synth-v2,d000643,fam_m013265,train,train,2024-12-06T09:30:00Z,routine,established_contact,false,false,false
med-synth-v2,d000644,fam_m013305,train,train,2024-12-06T10:50:00Z,routine,established_contact,false,false,false
med-synth-v2,d000645,fam_m013341,train,train,2024-12-06T11:21:00Z,routine,established_contact,false,false,false
med-synth-v2,d000646,fam_m013401,train,train,2024-12-06T12:21:00Z,S05,external_purchase,false,false,false
med-synth-v2,d000647,fam_m013447,train,train,2024-12-09T09:03:00Z,S05,internal_project,false,false,false
med-synth-v2,d000648,fam_m013539,train,train,2024-12-09T09:31:00Z,routine,established_contact,false,false,false
med-synth-v2,d000649,fam_m013599,train,train,2024-12-09T11:10:00Z,routine,established_contact,false,false,false
med-synth-v2,d000650,fam_m013659,train,train,2024-12-09T12:10:00Z,S05,external_purchase,false,false,false
med-synth-v2,d000651,fam_m013703,train,train,2024-12-09T14:10:00Z,routine,established_contact,false,false,false
med-synth-v2,d000652,fam_m013467,train,train,2024-12-10T09:05:00Z,S05,internal_project,false,false,false
med-synth-v2,d000653,fam_m013531,train,train,2024-12-10T09:21:00Z,routine,established_contact,false,false,false
med-synth-v2,d000654,fam_m013631,train,train,2024-12-10T11:40:00Z,routine,established_contact,false,false,false
med-synth-v2,d000655,fam_m013705,train,train,2024-12-10T14:20:00Z,routine,established_contact,false,false,false
med-synth-v2,d000124,fam_m013473,train,train,2024-12-11T09:00:00Z,S05,internal_project,false,false,false
med-synth-v2,d000656,fam_m013483,train,train,2024-12-11T09:05:00Z,S05,internal_project,false,false,false
med-synth-v2,d000061,fam_m013541,train,train,2024-12-11T09:30:00Z,S04,familiar_topic_mismatch,true,false,false
med-synth-v2,d000657,fam_m013571,train,train,2024-12-11T10:01:00Z,routine,established_contact,false,false,false
med-synth-v2,d000658,fam_m013617,train,train,2024-12-11T11:21:00Z,routine,established_contact,false,false,false
med-synth-v2,d000129,fam_m013651,train,train,2024-12-11T12:00:00Z,S05,external_purchase,false,false,false
med-synth-v2,d000659,fam_m013687,train,train,2024-12-11T12:50:00Z,routine,established_contact,false,false,false
med-synth-v2,d000660,fam_m013493,train,train,2024-12-12T09:02:00Z,S05,internal_project,false,false,false
med-synth-v2,d000661,fam_m013525,train,train,2024-12-12T09:10:00Z,S05,internal_project,false,false,false
med-synth-v2,d000662,fam_m013583,train,train,2024-12-12T10:40:00Z,routine,established_contact,false,false,false
med-synth-v2,d000663,fam_m013645,train,train,2024-12-12T11:51:00Z,routine,established_contact,false,false,false
med-synth-v2,d000664,fam_m013507,train,train,2024-12-13T09:01:00Z,S05,internal_project,false,false,false
med-synth-v2,d000665,fam_m013519,train,train,2024-12-13T09:07:00Z,S05,internal_project,false,false,false
med-synth-v2,d000666,fam_m013577,train,train,2024-12-13T10:20:00Z,routine,established_contact,false,false,false
med-synth-v2,d000667,fam_m013621,train,train,2024-12-13T11:21:00Z,routine,established_contact,false,false,false
med-synth-v2,d000668,fam_m013681,train,train,2024-12-13T12:21:00Z,S05,external_purchase,false,false,false
med-synth-v2,d000085,fam_m013721,train,train,2024-12-16T09:00:00Z,S08,unintended_bcc,true,false,false
med-synth-v2,d000669,fam_m013727,train,train,2024-12-16T09:03:00Z,S05,internal_project,false,false,false
med-synth-v2,d000670,fam_m013819,train,train,2024-12-16T09:31:00Z,routine,established_contact,false,false,false
med-synth-v2,d000671,fam_m013879,train,train,2024-12-16T11:10:00Z,routine,established_contact,false,false,false
med-synth-v2,d000672,fam_m013941,train,train,2024-12-16T12:11:00Z,S05,external_purchase,false,false,false
med-synth-v2,d000673,fam_m013993,train,train,2024-12-16T15:00:00Z,routine,established_contact,false,false,false
med-synth-v2,d000674,fam_m013747,train,train,2024-12-17T09:05:00Z,S05,internal_project,false,false,false
med-synth-v2,d000136,fam_m013803,train,train,2024-12-17T09:11:00Z,S05,internal_project,false,false,false
med-synth-v2,d000040,fam_m013811,train,train,2024-12-17T09:21:00Z,S02,added_external,true,false,false
med-synth-v2,d000675,fam_m013843,train,train,2024-12-17T09:51:00Z,routine,established_contact,false,false,false
med-synth-v2,d000676,fam_m013919,train,train,2024-12-17T11:50:00Z,routine,established_contact,false,false,false
med-synth-v2,d000677,fam_m013755,train,train,2024-12-18T09:01:00Z,S05,internal_project,false,false,false
med-synth-v2,d000678,fam_m013767,train,train,2024-12-18T09:07:00Z,S05,internal_project,false,false,false
med-synth-v2,d000679,fam_m013851,train,train,2024-12-18T10:01:00Z,routine,established_contact,false,false,false
med-synth-v2,d000016,fam_m013871,train,train,2024-12-18T11:00:00Z,S01,lookalike_replacement,true,false,false
med-synth-v2,d000017,fam_m013883,train,train,2024-12-18T11:10:00Z,S01,lookalike_replacement,true,false,false
med-synth-v2,d000018,fam_m013895,train,train,2024-12-18T11:20:00Z,S01,lookalike_replacement,true,false,false
med-synth-v2,d000680,fam_m013943,train,train,2024-12-18T12:10:00Z,S05,external_purchase,false,false,false
med-synth-v2,d000681,fam_m013987,train,train,2024-12-18T14:30:00Z,routine,established_contact,false,false,false
med-synth-v2,d000682,fam_m013779,train,train,2024-12-19T09:05:00Z,S05,internal_project,false,false,false
med-synth-v2,d000683,fam_m013815,train,train,2024-12-19T09:21:00Z,routine,established_contact,false,false,false
med-synth-v2,d000684,fam_m013909,train,train,2024-12-19T11:31:00Z,routine,established_contact,false,false,false
med-synth-v2,d000685,fam_m013979,train,train,2024-12-19T13:50:00Z,routine,established_contact,false,false,false
med-synth-v2,d000686,fam_m013791,train,train,2024-12-20T09:03:00Z,S05,internal_project,false,false,false
med-synth-v2,d000687,fam_m013837,train,train,2024-12-20T09:40:00Z,routine,established_contact,false,false,false
med-synth-v2,d000688,fam_m013877,train,train,2024-12-20T11:01:00Z,routine,established_contact,false,false,false
med-synth-v2,d000689,fam_m013937,train,train,2024-12-20T12:01:00Z,S05,external_purchase,false,false,false
med-synth-v2,d000690,fam_m013981,train,train,2024-12-20T14:00:00Z,routine,established_contact,false,false,false
med-synth-v2,d000691,fam_m014009,train,train,2024-12-23T09:04:00Z,S05,internal_project,false,false,false
med-synth-v2,d000692,fam_m014111,train,train,2024-12-23T09:41:00Z,routine,established_contact,false,false,false
med-synth-v2,d000693,fam_m014171,train,train,2024-12-23T11:20:00Z,routine,established_contact,false,false,false
med-synth-v2,d000694,fam_m014231,train,train,2024-12-23T12:20:00Z,S05,external_purchase,false,false,false
med-synth-v2,d000695,fam_m014017,train,train,2024-12-24T09:00:00Z,S05,internal_project,false,false,false
med-synth-v2,d000696,fam_m014029,train,train,2024-12-24T09:06:00Z,S05,internal_project,false,false,false
med-synth-v2,d000697,fam_m014123,train,train,2024-12-24T09:51:00Z,routine,established_contact,false,false,false
med-synth-v2,d000698,fam_m014199,train,train,2024-12-24T11:50:00Z,routine,established_contact,false,false,false
med-synth-v2,d000699,fam_m014033,train,train,2024-12-25T09:00:00Z,S05,internal_project,false,false,false
med-synth-v2,d000086,fam_m014041,train,train,2024-12-25T09:04:00Z,S08,unintended_bcc,true,false,false
med-synth-v2,d000700,fam_m014047,train,train,2024-12-25T09:07:00Z,S05,internal_project,false,false,false
med-synth-v2,d000062,fam_m014101,train,train,2024-12-25T09:30:00Z,S04,familiar_topic_mismatch,true,false,false
med-synth-v2,d000701,fam_m014151,train,train,2024-12-25T11:00:00Z,routine,established_contact,false,false,false
med-synth-v2,d000702,fam_m014213,train,train,2024-12-25T12:01:00Z,S05,external_purchase,false,false,false
med-synth-v2,d000703,fam_m014257,train,train,2024-12-25T13:40:00Z,routine,established_contact,false,false,false
med-synth-v2,d000704,fam_m014055,train,train,2024-12-26T09:03:00Z,S05,internal_project,false,false,false
med-synth-v2,d000705,fam_m014087,train,train,2024-12-26T09:11:00Z,S05,internal_project,false,false,false
med-synth-v2,d000706,fam_m014143,train,train,2024-12-26T10:40:00Z,routine,established_contact,false,false,false
med-synth-v2,d000707,fam_m014249,train,train,2024-12-26T13:00:00Z,routine,established_contact,false,false,false
med-synth-v2,d000708,fam_m014069,train,train,2024-12-27T09:02:00Z,S05,internal_project,false,false,false
med-synth-v2,d000709,fam_m014105,train,train,2024-12-27T09:30:00Z,routine,established_contact,false,false,false
med-synth-v2,d000710,fam_m014145,train,train,2024-12-27T10:50:00Z,routine,established_contact,false,false,false
med-synth-v2,d000711,fam_m014181,train,train,2024-12-27T11:21:00Z,routine,established_contact,false,false,false
med-synth-v2,d000712,fam_m014251,train,train,2024-12-27T13:10:00Z,routine,established_contact,false,false,false
med-synth-v2,d000713,fam_m014287,train,train,2024-12-30T09:03:00Z,S05,internal_project,false,false,false
med-synth-v2,d000714,fam_m014379,train,train,2024-12-30T09:31:00Z,routine,established_contact,false,false,false
med-synth-v2,d000715,fam_m014439,train,train,2024-12-30T11:10:00Z,routine,established_contact,false,false,false
med-synth-v2,d000716,fam_m014499,train,train,2024-12-30T12:10:00Z,S05,external_purchase,false,false,false
med-synth-v2,d000717,fam_m014543,train,train,2024-12-30T14:10:00Z,routine,established_contact,false,false,false
med-synth-v2,d000718,fam_m014307,train,train,2024-12-31T09:05:00Z,S05,internal_project,false,false,false
med-synth-v2,d000041,fam_m014369,train,train,2024-12-31T09:20:00Z,S02,added_external,true,false,false
med-synth-v2,d000719,fam_m014401,train,train,2024-12-31T09:50:00Z,routine,established_contact,false,false,false
med-synth-v2,d000720,fam_m014473,train,train,2024-12-31T11:41:00Z,routine,established_contact,false,false,false
med-synth-v2,d000721,fam_m014555,train,train,2024-12-31T15:10:00Z,routine,established_contact,false,false,false
med-synth-v2,d000722,fam_m014323,train,train,2025-01-01T09:05:00Z,S05,internal_project,false,false,false
med-synth-v2,d000723,fam_m014409,train,train,2025-01-01T10:00:00Z,routine,established_contact,false,false,false
med-synth-v2,d000724,fam_m014455,train,train,2025-01-01T11:20:00Z,routine,established_contact,false,false,false
med-synth-v2,d000725,fam_m014515,train,train,2025-01-01T12:20:00Z,S05,external_purchase,false,false,false
med-synth-v2,d000726,fam_m014329,train,train,2025-01-02T09:00:00Z,S05,internal_project,false,false,false
med-synth-v2,d000727,fam_m014341,train,train,2025-01-02T09:06:00Z,S05,internal_project,false,false,false
med-synth-v2,d000728,fam_m014407,train,train,2025-01-02T09:51:00Z,routine,established_contact,false,false,false
med-synth-v2,d000729,fam_m014477,train,train,2025-01-02T11:41:00Z,routine,established_contact,false,false,false
med-synth-v2,d000730,fam_m014559,train,train,2025-01-02T15:30:00Z,routine,established_contact,false,false,false
med-synth-v2,d000731,fam_m014355,train,train,2025-01-03T09:05:00Z,S05,internal_project,false,false,false
med-synth-v2,d000732,fam_m014399,train,train,2025-01-03T09:41:00Z,routine,established_contact,false,false,false
med-synth-v2,d000733,fam_m014449,train,train,2025-01-03T11:11:00Z,routine,established_contact,false,false,false
med-synth-v2,d000734,fam_m014509,train,train,2025-01-03T12:11:00Z,S05,external_purchase,false,false,false
med-synth-v2,d000087,fam_m014561,train,train,2025-01-06T09:00:00Z,S08,two_unintended,true,false,false
med-synth-v2,d000735,fam_m014563,train,train,2025-01-06T09:01:00Z,S05,internal_project,false,false,false
med-synth-v2,d000736,fam_m014575,train,train,2025-01-06T09:07:00Z,S05,internal_project,false,false,false
med-synth-v2,d000063,fam_m014659,train,train,2025-01-06T09:31:00Z,S04,familiar_topic_mismatch,true,false,false
med-synth-v2,d000737,fam_m014709,train,train,2025-01-06T11:01:00Z,routine,established_contact,false,false,false
med-synth-v2,d000738,fam_m014779,train,train,2025-01-06T12:10:00Z,S05,external_purchase,false,false,false
med-synth-v2,d000739,fam_m014823,train,train,2025-01-06T14:10:00Z,routine,established_contact,false,false,false
med-synth-v2,d000740,fam_m014585,train,train,2025-01-07T09:04:00Z,S05,internal_project,false,false,false
med-synth-v2,d000741,fam_m014649,train,train,2025-01-07T09:20:00Z,routine,established_contact,false,false,false
med-synth-v2,d000742,fam_m014745,train,train,2025-01-07T11:31:00Z,routine,established_contact,false,false,false
med-synth-v2,d000743,fam_m014825,train,train,2025-01-07T14:20:00Z,routine,established_contact,false,false,false
med-synth-v2,d000744,fam_m014601,train,train,2025-01-08T09:04:00Z,S05,internal_project,false,false,false
med-synth-v2,d000745,fam_m014673,train,train,2025-01-08T09:40:00Z,routine,established_contact,false,false,false
med-synth-v2,d000746,fam_m014723,train,train,2025-01-08T11:10:00Z,routine,established_contact,false,false,false
med-synth-v2,d000747,fam_m014783,train,train,2025-01-08T12:10:00Z,S05,external_purchase,false,false,false
med-synth-v2,d000748,fam_m014837,train,train,2025-01-08T15:20:00Z,routine,established_contact,false,false,false
med-synth-v2,d000749,fam_m014619,train,train,2025-01-09T09:05:00Z,S05,internal_project,false,false,false
med-synth-v2,d000042,fam_m014653,train,train,2025-01-09T09:20:00Z,S02,added_external,true,false,false
med-synth-v2,d000750,fam_m014685,train,train,2025-01-09T09:50:00Z,routine,established_contact,false,false,false
med-synth-v2,d000751,fam_m014755,train,train,2025-01-09T11:40:00Z,routine,established_contact,false,false,false
med-synth-v2,d000752,fam_m014829,train,train,2025-01-09T14:40:00Z,routine,established_contact,false,false,false
med-synth-v2,d000753,fam_m014635,train,train,2025-01-10T09:05:00Z,S05,internal_project,false,false,false
med-synth-v2,d000754,fam_m014679,train,train,2025-01-10T09:41:00Z,routine,established_contact,false,false,false
med-synth-v2,d000755,fam_m014727,train,train,2025-01-10T11:10:00Z,routine,established_contact,false,false,false
med-synth-v2,d000756,fam_m014787,train,train,2025-01-10T12:10:00Z,S05,external_purchase,false,false,false
med-synth-v2,d000757,fam_m014831,train,train,2025-01-10T14:50:00Z,routine,established_contact,false,false,false
med-synth-v2,d000758,fam_m014853,train,train,2025-01-13T09:06:00Z,S05,internal_project,false,false,false
med-synth-v2,d000759,fam_m014981,train,train,2025-01-13T10:40:00Z,routine,established_contact,false,false,false
med-synth-v2,d000760,fam_m015013,train,train,2025-01-13T11:21:00Z,routine,established_contact,false,false,false
med-synth-v2,d000761,fam_m015073,train,train,2025-01-13T12:21:00Z,S05,external_purchase,false,false,false
med-synth-v2,d000762,fam_m014859,train,train,2025-01-14T09:01:00Z,S05,internal_project,false,false,false
med-synth-v2,d000763,fam_m014921,train,train,2025-01-14T09:10:00Z,S05,internal_project,false,false,false
med-synth-v2,d000764,fam_m014973,train,train,2025-01-14T10:10:00Z,routine,established_contact,false,false,false
med-synth-v2,d000765,fam_m015041,train,train,2025-01-14T11:51:00Z,routine,established_contact,false,false,false
med-synth-v2,d000766,fam_m014875,train,train,2025-01-15T09:01:00Z,S05,internal_project,false,false,false
med-synth-v2,d000088,fam_m014881,train,train,2025-01-15T09:04:00Z,S08,two_unintended,true,false,false
med-synth-v2,d000767,fam_m014941,train,train,2025-01-15T09:30:00Z,routine,established_contact,false,false,false
med-synth-v2,d000768,fam_m014993,train,train,2025-01-15T11:01:00Z,routine,established_contact,false,false,false
med-synth-v2,d000769,fam_m015053,train,train,2025-01-15T12:01:00Z,S05,external_purchase,false,false,false
med-synth-v2,d000770,fam_m015097,train,train,2025-01-15T13:40:00Z,routine,established_contact,false,false,false
med-synth-v2,d000771,fam_m014895,train,train,2025-01-16T09:03:00Z,S05,internal_project,false,false,false
med-synth-v2,d000772,fam_m014927,train,train,2025-01-16T09:11:00Z,S05,internal_project,false,false,false
med-synth-v2,d000773,fam_m015027,train,train,2025-01-16T11:30:00Z,routine,established_contact,false,false,false
med-synth-v2,d000774,fam_m015089,train,train,2025-01-16T13:00:00Z,routine,established_contact,false,false,false
med-synth-v2,d000775,fam_m014909,train,train,2025-01-17T09:02:00Z,S05,internal_project,false,false,false
med-synth-v2,d000776,fam_m014945,train,train,2025-01-17T09:30:00Z,routine,established_contact,false,false,false
med-synth-v2,d000777,fam_m014985,train,train,2025-01-17T10:50:00Z,routine,established_contact,false,false,false
med-synth-v2,d000778,fam_m015055,train,train,2025-01-17T12:00:00Z,S05,external_purchase,false,false,false
med-synth-v2,d000779,fam_m015091,train,train,2025-01-17T13:10:00Z,routine,established_contact,false,false,false
med-synth-v2,d000780,fam_m015127,train,train,2025-01-20T09:03:00Z,S05,internal_project,false,false,false
med-synth-v2,d000064,fam_m015219,train,train,2025-01-20T09:31:00Z,S04,familiar_topic_mismatch,true,false,false
med-synth-v2,d000781,fam_m015229,train,train,2025-01-20T09:40:00Z,routine,established_contact,false,false,false
med-synth-v2,d000019,fam_m015269,train,train,2025-01-20T11:01:00Z,S01,lookalike_replacement,true,false,false
med-synth-v2,d000020,fam_m015281,train,train,2025-01-20T11:11:00Z,S01,lookalike_replacement,true,false,false
med-synth-v2,d000021,fam_m015293,train,train,2025-01-20T11:21:00Z,S01,lookalike_replacement,true,false,false
med-synth-v2,d000782,fam_m015327,train,train,2025-01-20T12:00:00Z,S05,external_purchase,false,false,false
med-synth-v2,d000783,fam_m015373,train,train,2025-01-20T13:20:00Z,routine,established_contact,false,false,false
med-synth-v2,d000784,fam_m015143,train,train,2025-01-21T09:03:00Z,S05,internal_project,false,false,false
med-synth-v2,d000137,fam_m015203,train,train,2025-01-21T09:11:00Z,S05,internal_project,false,false,false
med-synth-v2,d000785,fam_m015209,train,train,2025-01-21T09:20:00Z,routine,established_contact,false,false,false
med-synth-v2,d000043,fam_m015211,train,train,2025-01-21T09:21:00Z,S02,added_external,true,false,false
med-synth-v2,d000786,fam_m015311,train,train,2025-01-21T11:40:00Z,routine,established_contact,false,false,false
med-synth-v2,d000787,fam_m015385,train,train,2025-01-21T14:20:00Z,routine,established_contact,false,false,false
med-synth-v2,d000788,fam_m015161,train,train,2025-01-22T09:04:00Z,S05,internal_project,false,false,false
med-synth-v2,d000789,fam_m015235,train,train,2025-01-22T09:41:00Z,routine,established_contact,false,false,false
med-synth-v2,d000790,fam_m015285,train,train,2025-01-22T11:11:00Z,routine,established_contact,false,false,false
med-synth-v2,d000791,fam_m015345,train,train,2025-01-22T12:11:00Z,S05,external_purchase,false,false,false
med-synth-v2,d000792,fam_m015397,train,train,2025-01-22T15:20:00Z,routine,established_contact,false,false,false
med-synth-v2,d000104,fam_m029127,train,train,2025-01-22T18:03:00Z,S03,legitimate_first_contact,false,false,false
med-synth-v2,d000108,fam_m029135,train,train,2025-01-22T19:03:00Z,S06,legitimate_new_domain,false,false,false
med-synth-v2,d000112,fam_m029143,train,train,2025-01-22T20:03:00Z,S07,legitimate_topic_change,false,false,false
med-synth-v2,d000116,fam_m029151,train,train,2025-01-22T21:03:00Z,S09,cold_start_legitimate,false,false,false
med-synth-v2,d000120,fam_m029156,train,train,2025-01-22T21:33:00Z,S09,little_text_legitimate,false,false,false
med-synth-v2,d000793,fam_m015179,train,train,2025-01-23T09:05:00Z,S05,internal_project,false,false,false
med-synth-v2,d000794,fam_m015245,train,train,2025-01-23T09:50:00Z,routine,established_contact,false,false,false
med-synth-v2,d000795,fam_m015315,train,train,2025-01-23T11:40:00Z,routine,established_contact,false,false,false
med-synth-v2,d000796,fam_m015389,train,train,2025-01-23T14:40:00Z,routine,established_contact,false,false,false
med-synth-v2,d000797,fam_m015193,train,train,2025-01-24T09:04:00Z,S05,internal_project,false,false,false
med-synth-v2,d000798,fam_m015237,train,train,2025-01-24T09:40:00Z,routine,established_contact,false,false,false
med-synth-v2,d000799,fam_m015287,train,train,2025-01-24T11:10:00Z,routine,established_contact,false,false,false
med-synth-v2,d000800,fam_m015347,train,train,2025-01-24T12:10:00Z,S05,external_purchase,false,false,false
med-synth-v2,d000801,fam_m015391,train,train,2025-01-24T14:50:00Z,routine,established_contact,false,false,false
med-synth-v2,d000089,fam_m015401,train,train,2025-01-27T09:00:00Z,S08,two_unintended,true,false,false
med-synth-v2,d000802,fam_m015413,train,train,2025-01-27T09:06:00Z,S05,internal_project,false,false,false
med-synth-v2,d000803,fam_m015541,train,train,2025-01-27T10:40:00Z,routine,established_contact,false,false,false
med-synth-v2,d000804,fam_m015607,train,train,2025-01-27T12:00:00Z,S05,external_purchase,false,false,false
med-synth-v2,d000805,fam_m015643,train,train,2025-01-27T12:30:00Z,routine,established_contact,false,false,false
med-synth-v2,d000806,fam_m015421,train,train,2025-01-28T09:02:00Z,S05,internal_project,false,false,false
med-synth-v2,d000807,fam_m015481,train,train,2025-01-28T09:10:00Z,S05,internal_project,false,false,false
med-synth-v2,d000808,fam_m015533,train,train,2025-01-28T10:10:00Z,routine,established_contact,false,false,false
med-synth-v2,d000809,fam_m015645,train,train,2025-01-28T12:40:00Z,routine,established_contact,false,false,false
med-synth-v2,d000810,fam_m015437,train,train,2025-01-29T09:02:00Z,S05,internal_project,false,false,false
med-synth-v2,d000811,fam_m015501,train,train,2025-01-29T09:30:00Z,routine,established_contact,false,false,false
med-synth-v2,d000812,fam_m015551,train,train,2025-01-29T11:00:00Z,routine,established_contact,false,false,false
med-synth-v2,d000813,fam_m015611,train,train,2025-01-29T12:00:00Z,S05,external_purchase,false,false,false
med-synth-v2,d000814,fam_m015657,train,train,2025-01-29T13:40:00Z,routine,established_contact,false,false,false
med-synth-v2,d000815,fam_m015455,train,train,2025-01-30T09:03:00Z,S05,internal_project,false,false,false
med-synth-v2,d000816,fam_m015487,train,train,2025-01-30T09:11:00Z,S05,internal_project,false,false,false
med-synth-v2,d000044,fam_m015495,train,train,2025-01-30T09:21:00Z,S02,added_external,true,false,false
med-synth-v2,d000817,fam_m015587,train,train,2025-01-30T11:30:00Z,routine,established_contact,false,false,false
med-synth-v2,d000818,fam_m015649,train,train,2025-01-30T13:00:00Z,routine,established_contact,false,false,false
med-synth-v2,d000819,fam_m015471,train,train,2025-01-31T09:03:00Z,S05,internal_project,false,false,false
med-synth-v2,d000820,fam_m015507,train,train,2025-01-31T09:31:00Z,routine,established_contact,false,false,false
med-synth-v2,d000821,fam_m015555,train,train,2025-01-31T11:00:00Z,routine,established_contact,false,false,false
med-synth-v2,d000822,fam_m015615,train,train,2025-01-31T12:00:00Z,S05,external_purchase,false,false,false
med-synth-v2,d000823,fam_m015651,train,train,2025-01-31T13:10:00Z,routine,established_contact,false,false,false
med-synth-v2,d000824,fam_m015689,train,train,2025-02-03T09:04:00Z,S05,internal_project,false,false,false
med-synth-v2,d000065,fam_m015779,train,train,2025-02-03T09:31:00Z,S04,familiar_topic_mismatch,true,false,false
med-synth-v2,d000825,fam_m015791,train,train,2025-02-03T09:41:00Z,routine,established_contact,false,false,false
med-synth-v2,d000826,fam_m015851,train,train,2025-02-03T11:20:00Z,routine,established_contact,false,false,false
med-synth-v2,d000130,fam_m015889,train,train,2025-02-03T12:01:00Z,S05,external_purchase,false,false,false
med-synth-v2,d000827,fam_m015913,train,train,2025-02-03T12:21:00Z,S05,external_purchase,false,false,false
med-synth-v2,d000125,fam_m015699,train,train,2025-02-04T09:01:00Z,S05,internal_project,false,false,false
med-synth-v2,d000828,fam_m015701,train,train,2025-02-04T09:02:00Z,S05,internal_project,false,false,false
med-synth-v2,d000829,fam_m015763,train,train,2025-02-04T09:11:00Z,S05,internal_project,false,false,false
med-synth-v2,d000830,fam_m015863,train,train,2025-02-04T11:30:00Z,routine,established_contact,false,false,false
med-synth-v2,d000831,fam_m015925,train,train,2025-02-04T12:40:00Z,routine,established_contact,false,false,false
med-synth-v2,d000832,fam_m015717,train,train,2025-02-05T09:02:00Z,S05,internal_project,false,false,false
med-synth-v2,d000090,fam_m015721,train,train,2025-02-05T09:04:00Z,S08,two_unintended,true,false,false
med-synth-v2,d000833,fam_m015783,train,train,2025-02-05T09:31:00Z,routine,established_contact,false,false,false
med-synth-v2,d000834,fam_m015843,train,train,2025-02-05T11:10:00Z,routine,established_contact,false,false,false
med-synth-v2,d000835,fam_m015903,train,train,2025-02-05T12:10:00Z,S05,external_purchase,false,false,false
med-synth-v2,d000836,fam_m015947,train,train,2025-02-05T14:30:00Z,routine,established_contact,false,false,false
med-synth-v2,d000837,fam_m015737,train,train,2025-02-06T09:04:00Z,S05,internal_project,false,false,false
med-synth-v2,d000838,fam_m015773,train,train,2025-02-06T09:20:00Z,routine,established_contact,false,false,false
med-synth-v2,d000839,fam_m015869,train,train,2025-02-06T11:31:00Z,routine,established_contact,false,false,false
med-synth-v2,d000840,fam_m015939,train,train,2025-02-06T13:50:00Z,routine,established_contact,false,false,false
med-synth-v2,d000841,fam_m015751,train,train,2025-02-07T09:03:00Z,S05,internal_project,false,false,false
med-synth-v2,d000842,fam_m015787,train,train,2025-02-07T09:31:00Z,routine,established_contact,false,false,false
med-synth-v2,d000843,fam_m015835,train,train,2025-02-07T11:00:00Z,routine,established_contact,false,false,false
med-synth-v2,d000844,fam_m015897,train,train,2025-02-07T12:01:00Z,S05,external_purchase,false,false,false
med-synth-v2,d000845,fam_m015941,train,train,2025-02-07T14:00:00Z,routine,established_contact,false,false,false
med-synth-v2,d000846,fam_m015969,train,train,2025-02-10T09:04:00Z,S05,internal_project,false,false,false
med-synth-v2,d000847,fam_m016069,train,train,2025-02-10T09:40:00Z,routine,established_contact,false,false,false
med-synth-v2,d000848,fam_m016121,train,train,2025-02-10T11:11:00Z,routine,established_contact,false,false,false
med-synth-v2,d000849,fam_m016191,train,train,2025-02-10T12:20:00Z,S05,external_purchase,false,false,false
med-synth-v2,d000850,fam_m015977,train,train,2025-02-11T09:00:00Z,S05,internal_project,false,false,false
med-synth-v2,d000851,fam_m015989,train,train,2025-02-11T09:06:00Z,S05,internal_project,false,false,false
med-synth-v2,d000852,fam_m016081,train,train,2025-02-11T09:50:00Z,routine,established_contact,false,false,false
med-synth-v2,d000853,fam_m016153,train,train,2025-02-11T11:41:00Z,routine,established_contact,false,false,false
med-synth-v2,d000854,fam_m015993,train,train,2025-02-12T09:00:00Z,S05,internal_project,false,false,false
med-synth-v2,d000855,fam_m016005,train,train,2025-02-12T09:06:00Z,S05,internal_project,false,false,false
med-synth-v2,d000856,fam_m016089,train,train,2025-02-12T10:00:00Z,routine,established_contact,false,false,false
med-synth-v2,d000857,fam_m016135,train,train,2025-02-12T11:20:00Z,routine,established_contact,false,false,false
med-synth-v2,d000858,fam_m016195,train,train,2025-02-12T12:20:00Z,S05,external_purchase,false,false,false
med-synth-v2,d000859,fam_m016009,train,train,2025-02-13T09:00:00Z,S05,internal_project,false,false,false
med-synth-v2,d000860,fam_m016023,train,train,2025-02-13T09:07:00Z,S05,internal_project,false,false,false
med-synth-v2,d000045,fam_m016053,train,train,2025-02-13T09:20:00Z,S02,added_external,true,false,false
med-synth-v2,d000861,fam_m016099,train,train,2025-02-13T10:30:00Z,routine,established_contact,false,false,false
med-synth-v2,d000862,fam_m016163,train,train,2025-02-13T11:50:00Z,routine,established_contact,false,false,false
med-synth-v2,d000863,fam_m016025,train,train,2025-02-14T09:00:00Z,S05,internal_project,false,false,false
med-synth-v2,d000864,fam_m016037,train,train,2025-02-14T09:06:00Z,S05,internal_project,false,false,false
med-synth-v2,d000865,fam_m016097,train,train,2025-02-14T10:20:00Z,routine,established_contact,false,false,false
med-synth-v2,d000866,fam_m016139,train,train,2025-02-14T11:20:00Z,routine,established_contact,false,false,false
med-synth-v2,d000867,fam_m016199,train,train,2025-02-14T12:20:00Z,S05,external_purchase,false,false,false
med-synth-v2,d000091,fam_m016241,train,train,2025-02-17T09:00:00Z,S08,two_unintended,true,false,false
med-synth-v2,d000868,fam_m016245,train,train,2025-02-17T09:02:00Z,S05,internal_project,false,false,false
med-synth-v2,d000066,fam_m016337,train,train,2025-02-17T09:30:00Z,S04,familiar_topic_mismatch,true,false,false
med-synth-v2,d000869,fam_m016339,train,train,2025-02-17T09:31:00Z,routine,established_contact,false,false,false
med-synth-v2,d000870,fam_m016401,train,train,2025-02-17T11:11:00Z,routine,established_contact,false,false,false
med-synth-v2,d000871,fam_m016461,train,train,2025-02-17T12:11:00Z,S05,external_purchase,false,false,false
med-synth-v2,d000872,fam_m016513,train,train,2025-02-17T15:00:00Z,routine,established_contact,false,false,false
med-synth-v2,d000873,fam_m016267,train,train,2025-02-18T09:05:00Z,S05,internal_project,false,false,false
med-synth-v2,d000874,fam_m016331,train,train,2025-02-18T09:21:00Z,routine,established_contact,false,false,false
med-synth-v2,d000875,fam_m016433,train,train,2025-02-18T11:41:00Z,routine,established_contact,false,false,false
med-synth-v2,d000876,fam_m016515,train,train,2025-02-18T15:10:00Z,routine,established_contact,false,false,false
med-synth-v2,d000877,fam_m016283,train,train,2025-02-19T09:05:00Z,S05,internal_project,false,false,false
med-synth-v2,d000878,fam_m016355,train,train,2025-02-19T09:41:00Z,routine,established_contact,false,false,false
med-synth-v2,d000879,fam_m016405,train,train,2025-02-19T11:11:00Z,routine,established_contact,false,false,false
med-synth-v2,d000880,fam_m016475,train,train,2025-02-19T12:20:00Z,S05,external_purchase,false,false,false
med-synth-v2,d000881,fam_m016289,train,train,2025-02-20T09:00:00Z,S05,internal_project,false,false,false
med-synth-v2,d000882,fam_m016301,train,train,2025-02-20T09:06:00Z,S05,internal_project,false,false,false
med-synth-v2,d000883,fam_m016365,train,train,2025-02-20T09:50:00Z,routine,established_contact,false,false,false
med-synth-v2,d000884,fam_m016435,train,train,2025-02-20T11:40:00Z,routine,established_contact,false,false,false
med-synth-v2,d000885,fam_m016519,train,train,2025-02-20T15:30:00Z,routine,established_contact,false,false,false
med-synth-v2,d000886,fam_m016315,train,train,2025-02-21T09:05:00Z,S05,internal_project,false,false,false
med-synth-v2,d000887,fam_m016359,train,train,2025-02-21T09:41:00Z,routine,established_contact,false,false,false
med-synth-v2,d000888,fam_m016407,train,train,2025-02-21T11:10:00Z,routine,established_contact,false,false,false
med-synth-v2,d000889,fam_m016467,train,train,2025-02-21T12:10:00Z,S05,external_purchase,false,false,false
med-synth-v2,d000890,fam_m016521,train,train,2025-02-24T09:00:00Z,S05,internal_project,false,false,false
med-synth-v2,d000891,fam_m016533,train,train,2025-02-24T09:06:00Z,S05,internal_project,false,false,false
med-synth-v2,d000892,fam_m016661,train,train,2025-02-24T10:40:00Z,routine,established_contact,false,false,false
med-synth-v2,d000022,fam_m016667,train,train,2025-02-24T11:00:00Z,S01,lookalike_replacement,true,false,false
med-synth-v2,d000023,fam_m016679,train,train,2025-02-24T11:10:00Z,S01,lookalike_replacement,true,false,false
med-synth-v2,d000024,fam_m016691,train,train,2025-02-24T11:20:00Z,S01,lookalike_replacement,true,false,false
med-synth-v2,d000893,fam_m016739,train,train,2025-02-24T12:10:00Z,S05,external_purchase,false,false,false
med-synth-v2,d000894,fam_m016783,train,train,2025-02-24T14:10:00Z,routine,established_contact,false,false,false
med-synth-v2,d000895,fam_m016547,train,train,2025-02-25T09:05:00Z,S05,internal_project,false,false,false
med-synth-v2,d000138,fam_m016601,train,train,2025-02-25T09:10:00Z,S05,internal_project,false,false,false
med-synth-v2,d000046,fam_m016609,train,train,2025-02-25T09:20:00Z,S02,added_external,true,false,false
med-synth-v2,d000896,fam_m016643,train,train,2025-02-25T09:51:00Z,routine,established_contact,false,false,false
med-synth-v2,d000897,fam_m016719,train,train,2025-02-25T11:50:00Z,routine,established_contact,false,false,false
med-synth-v2,d000898,fam_m016553,train,train,2025-02-26T09:00:00Z,S05,internal_project,false,false,false
med-synth-v2,d000092,fam_m016561,train,train,2025-02-26T09:04:00Z,S08,two_unintended,true,false,false
med-synth-v2,d000899,fam_m016567,train,train,2025-02-26T09:07:00Z,S05,internal_project,false,false,false
med-synth-v2,d000900,fam_m016671,train,train,2025-02-26T11:00:00Z,routine,established_contact,false,false,false
med-synth-v2,d000901,fam_m016731,train,train,2025-02-26T12:00:00Z,S05,external_purchase,false,false,false
med-synth-v2,d000902,fam_m016767,train,train,2025-02-26T12:50:00Z,routine,established_contact,false,false,false
med-synth-v2,d000903,fam_m016573,train,train,2025-02-27T09:02:00Z,S05,internal_project,false,false,false
med-synth-v2,d000904,fam_m016605,train,train,2025-02-27T09:10:00Z,S05,internal_project,false,false,false
med-synth-v2,d000905,fam_m016663,train,train,2025-02-27T10:40:00Z,routine,established_contact,false,false,false
med-synth-v2,d000906,fam_m016725,train,train,2025-02-27T11:51:00Z,routine,established_contact,false,false,false
med-synth-v2,d000907,fam_m016587,train,train,2025-02-28T09:01:00Z,S05,internal_project,false,false,false
med-synth-v2,d000908,fam_m016599,train,train,2025-02-28T09:07:00Z,S05,internal_project,false,false,false
med-synth-v2,d000909,fam_m016657,train,train,2025-02-28T10:20:00Z,routine,established_contact,false,false,false
med-synth-v2,d000910,fam_m016701,train,train,2025-02-28T11:21:00Z,routine,established_contact,false,false,false
med-synth-v2,d000911,fam_m016761,train,train,2025-02-28T12:21:00Z,S05,external_purchase,false,false,false
med-synth-v2,d000912,fam_m016805,train,train,2025-03-03T09:02:00Z,S05,internal_project,false,false,false
med-synth-v2,d000067,fam_m016897,train,train,2025-03-03T09:30:00Z,S04,familiar_topic_mismatch,true,false,false
med-synth-v2,d000913,fam_m016899,train,train,2025-03-03T09:31:00Z,routine,established_contact,false,false,false
med-synth-v2,d000914,fam_m016959,train,train,2025-03-03T11:10:00Z,routine,established_contact,false,false,false
med-synth-v2,d000915,fam_m017021,train,train,2025-03-03T12:11:00Z,S05,external_purchase,false,false,false
med-synth-v2,d000916,fam_m017073,train,train,2025-03-03T15:00:00Z,routine,established_contact,false,false,false
med-synth-v2,d000917,fam_m016827,train,train,2025-03-04T09:05:00Z,S05,internal_project,false,false,false
med-synth-v2,d000918,fam_m016891,train,train,2025-03-04T09:21:00Z,routine,established_contact,false,false,false
med-synth-v2,d000919,fam_m016991,train,train,2025-03-04T11:40:00Z,routine,established_contact,false,false,false
med-synth-v2,d000920,fam_m017075,train,train,2025-03-04T15:10:00Z,routine,established_contact,false,false,false
med-synth-v2,d000921,fam_m016843,train,train,2025-03-05T09:05:00Z,S05,internal_project,false,false,false
med-synth-v2,d000922,fam_m016915,train,train,2025-03-05T09:41:00Z,routine,established_contact,false,false,false
med-synth-v2,d000923,fam_m016965,train,train,2025-03-05T11:11:00Z,routine,established_contact,false,false,false
med-synth-v2,d000924,fam_m017025,train,train,2025-03-05T12:11:00Z,S05,external_purchase,false,false,false
med-synth-v2,d000925,fam_m016849,train,train,2025-03-06T09:00:00Z,S05,internal_project,false,false,false
med-synth-v2,d000926,fam_m016861,train,train,2025-03-06T09:06:00Z,S05,internal_project,false,false,false
med-synth-v2,d000047,fam_m016895,train,train,2025-03-06T09:21:00Z,S02,added_external,true,false,false
med-synth-v2,d000927,fam_m016927,train,train,2025-03-06T09:51:00Z,routine,established_contact,false,false,false
med-synth-v2,d000928,fam_m016997,train,train,2025-03-06T11:41:00Z,routine,established_contact,false,false,false
med-synth-v2,d000929,fam_m017079,train,train,2025-03-06T15:30:00Z,routine,established_contact,false,false,false
med-synth-v2,d000930,fam_m016875,train,train,2025-03-07T09:05:00Z,S05,internal_project,false,false,false
med-synth-v2,d000931,fam_m016935,train,train,2025-03-07T10:10:00Z,routine,established_contact,false,false,false
med-synth-v2,d000932,fam_m016969,train,train,2025-03-07T11:11:00Z,routine,established_contact,false,false,false
med-synth-v2,d000933,fam_m017029,train,train,2025-03-07T12:11:00Z,S05,external_purchase,false,false,false
med-synth-v2,d000093,fam_m017081,train,train,2025-03-10T09:00:00Z,S08,two_unintended,true,false,false
med-synth-v2,d000934,fam_m017083,train,train,2025-03-10T09:01:00Z,S05,internal_project,false,false,false
med-synth-v2,d000935,fam_m017095,train,train,2025-03-10T09:07:00Z,S05,internal_project,false,false,false
med-synth-v2,d000936,fam_m017229,train,train,2025-03-10T11:01:00Z,routine,established_contact,false,false,false
med-synth-v2,d000937,fam_m017289,train,train,2025-03-10T12:01:00Z,S05,external_purchase,false,false,false
med-synth-v2,d000938,fam_m017333,train,train,2025-03-10T13:20:00Z,routine,established_contact,false,false,false
med-synth-v2,d000939,fam_m017103,train,train,2025-03-11T09:03:00Z,S05,internal_project,false,false,false
med-synth-v2,d000940,fam_m017163,train,train,2025-03-11T09:11:00Z,S05,internal_project,false,false,false
med-synth-v2,d000941,fam_m017265,train,train,2025-03-11T11:31:00Z,routine,established_contact,false,false,false
med-synth-v2,d000942,fam_m017335,train,train,2025-03-11T13:30:00Z,routine,established_contact,false,false,false
med-synth-v2,d000943,fam_m017119,train,train,2025-03-12T09:03:00Z,S05,internal_project,false,false,false
med-synth-v2,d000944,fam_m017183,train,train,2025-03-12T09:31:00Z,routine,established_contact,false,false,false
med-synth-v2,d000945,fam_m017233,train,train,2025-03-12T11:01:00Z,routine,established_contact,false,false,false
med-synth-v2,d000946,fam_m017303,train,train,2025-03-12T12:10:00Z,S05,external_purchase,false,false,false
med-synth-v2,d000947,fam_m017347,train,train,2025-03-12T14:30:00Z,routine,established_contact,false,false,false
med-synth-v2,d000948,fam_m017137,train,train,2025-03-13T09:04:00Z,S05,internal_project,false,false,false
med-synth-v2,d000949,fam_m017173,train,train,2025-03-13T09:20:00Z,routine,established_contact,false,false,false
med-synth-v2,d000950,fam_m017267,train,train,2025-03-13T11:30:00Z,routine,established_contact,false,false,false
med-synth-v2,d000951,fam_m017339,train,train,2025-03-13T13:50:00Z,routine,established_contact,false,false,false
med-synth-v2,d000952,fam_m017151,train,train,2025-03-14T09:03:00Z,S05,internal_project,false,false,false
med-synth-v2,d000953,fam_m017187,train,train,2025-03-14T09:31:00Z,routine,established_contact,false,false,false
med-synth-v2,d000954,fam_m017235,train,train,2025-03-14T11:00:00Z,routine,established_contact,false,false,false
med-synth-v2,d000955,fam_m017295,train,train,2025-03-14T12:00:00Z,S05,external_purchase,false,false,false
med-synth-v2,d000956,fam_m017341,train,train,2025-03-14T14:00:00Z,routine,established_contact,false,false,false
med-synth-v2,d000957,fam_m017369,train,train,2025-03-17T09:04:00Z,S05,internal_project,false,false,false
med-synth-v2,d000068,fam_m017457,train,train,2025-03-17T09:30:00Z,S04,familiar_topic_mismatch,true,false,false
med-synth-v2,d000958,fam_m017471,train,train,2025-03-17T09:41:00Z,routine,established_contact,false,false,false
med-synth-v2,d000959,fam_m017531,train,train,2025-03-17T11:20:00Z,routine,established_contact,false,false,false
med-synth-v2,d000960,fam_m017591,train,train,2025-03-17T12:20:00Z,S05,external_purchase,false,false,false
med-synth-v2,d000961,fam_m017379,train,train,2025-03-18T09:01:00Z,S05,internal_project,false,false,false
med-synth-v2,d000962,fam_m017391,train,train,2025-03-18T09:07:00Z,S05,internal_project,false,false,false
med-synth-v2,d000048,fam_m017451,train,train,2025-03-18T09:21:00Z,S02,added_external,true,false,false
med-synth-v2,d000963,fam_m017493,train,train,2025-03-18T10:10:00Z,routine,established_contact,false,false,false
med-synth-v2,d000964,fam_m017561,train,train,2025-03-18T11:51:00Z,routine,established_contact,false,false,false
med-synth-v2,d000965,fam_m017395,train,train,2025-03-19T09:01:00Z,S05,internal_project,false,false,false
med-synth-v2,d000094,fam_m017401,train,train,2025-03-19T09:04:00Z,S08,two_unintended,true,false,false
med-synth-v2,d000966,fam_m017463,train,train,2025-03-19T09:31:00Z,routine,established_contact,false,false,false
med-synth-v2,d000967,fam_m017513,train,train,2025-03-19T11:01:00Z,routine,established_contact,false,false,false
med-synth-v2,d000968,fam_m017573,train,train,2025-03-19T12:01:00Z,S05,external_purchase,false,false,false
med-synth-v2,d000969,fam_m017617,train,train,2025-03-19T13:40:00Z,routine,established_contact,false,false,false
med-synth-v2,d000970,fam_m017415,train,train,2025-03-20T09:03:00Z,S05,internal_project,false,false,false
med-synth-v2,d000971,fam_m017453,train,train,2025-03-20T09:20:00Z,routine,established_contact,false,false,false
med-synth-v2,d000972,fam_m017547,train,train,2025-03-20T11:30:00Z,routine,established_contact,false,false,false
med-synth-v2,d000973,fam_m017609,train,train,2025-03-20T13:00:00Z,routine,established_contact,false,false,false
med-synth-v2,d000974,fam_m017429,train,train,2025-03-21T09:02:00Z,S05,internal_project,false,false,false
med-synth-v2,d000975,fam_m017465,train,train,2025-03-21T09:30:00Z,routine,established_contact,false,false,false
med-synth-v2,d000976,fam_m017515,train,train,2025-03-21T11:00:00Z,routine,established_contact,false,false,false
med-synth-v2,d000977,fam_m017575,train,train,2025-03-21T12:00:00Z,S05,external_purchase,false,false,false
med-synth-v2,d000978,fam_m017611,train,train,2025-03-21T13:10:00Z,routine,established_contact,false,false,false
med-synth-v2,d000979,fam_m017647,train,train,2025-03-24T09:03:00Z,S05,internal_project,false,false,false
med-synth-v2,d000980,fam_m017739,train,train,2025-03-24T09:31:00Z,routine,established_contact,false,false,false
med-synth-v2,d000981,fam_m017801,train,train,2025-03-24T11:11:00Z,routine,established_contact,false,false,false
med-synth-v2,d000982,fam_m017861,train,train,2025-03-24T12:11:00Z,S05,external_purchase,false,false,false
med-synth-v2,d000983,fam_m017913,train,train,2025-03-24T15:00:00Z,routine,established_contact,false,false,false
med-synth-v2,d000984,fam_m017667,train,train,2025-03-25T09:05:00Z,S05,internal_project,false,false,false
med-synth-v2,d000985,fam_m017731,train,train,2025-03-25T09:21:00Z,routine,established_contact,false,false,false
med-synth-v2,d000986,fam_m017833,train,train,2025-03-25T11:41:00Z,routine,established_contact,false,false,false
med-synth-v2,d000987,fam_m017915,train,train,2025-03-25T15:10:00Z,routine,established_contact,false,false,false
med-synth-v2,d000988,fam_m017683,train,train,2025-03-26T09:05:00Z,S05,internal_project,false,false,false
med-synth-v2,d000989,fam_m017755,train,train,2025-03-26T09:41:00Z,routine,established_contact,false,false,false
med-synth-v2,d000990,fam_m017805,train,train,2025-03-26T11:11:00Z,routine,established_contact,false,false,false
med-synth-v2,d000991,fam_m017875,train,train,2025-03-26T12:20:00Z,S05,external_purchase,false,false,false
med-synth-v2,d000992,fam_m017689,train,train,2025-03-27T09:00:00Z,S05,internal_project,false,false,false
med-synth-v2,d000993,fam_m017701,train,train,2025-03-27T09:06:00Z,S05,internal_project,false,false,false
med-synth-v2,d000994,fam_m017765,train,train,2025-03-27T09:50:00Z,routine,established_contact,false,false,false
med-synth-v2,d000995,fam_m017835,train,train,2025-03-27T11:40:00Z,routine,established_contact,false,false,false
med-synth-v2,d000996,fam_m017919,train,train,2025-03-27T15:30:00Z,routine,established_contact,false,false,false
med-synth-v2,d000997,fam_m017715,train,train,2025-03-28T09:05:00Z,S05,internal_project,false,false,false
med-synth-v2,d000998,fam_m017759,train,train,2025-03-28T09:41:00Z,routine,established_contact,false,false,false
med-synth-v2,d000999,fam_m017807,train,train,2025-03-28T11:10:00Z,routine,established_contact,false,false,false
med-synth-v2,d001000,fam_m017867,train,train,2025-03-28T12:10:00Z,S05,external_purchase,false,false,false
med-synth-v2,d001028,fam_m017921,validation,validation_product_like,2025-03-31T09:00:00Z,S08,unintended_cc,true,false,false
med-synth-v2,d001063,fam_m017923,validation,validation_diagnostic,2025-03-31T09:01:00Z,S05,internal_project,false,false,false
med-synth-v2,d001083,fam_m017925,validation,validation_product_like,2025-03-31T09:02:00Z,S05,internal_project,false,false,false
med-synth-v2,d001101,fam_m017927,validation,validation_product_like,2025-03-31T09:03:00Z,S05,internal_project,false,false,false
med-synth-v2,d001102,fam_m017933,validation,validation_product_like,2025-03-31T09:06:00Z,S05,internal_project,false,false,false
med-synth-v2,d001019,fam_m018017,validation,validation_product_like,2025-03-31T09:30:00Z,S04,familiar_topic_mismatch,true,false,false
med-synth-v2,d001103,fam_m018029,validation,validation_product_like,2025-03-31T09:40:00Z,routine,established_contact,false,false,false
med-synth-v2,d001001,fam_m018067,validation,validation_product_like,2025-03-31T11:00:00Z,S01,lookalike_replacement,true,false,false
med-synth-v2,d001055,fam_m018069,validation,validation_diagnostic,2025-03-31T11:01:00Z,S09,little_text_unintended,true,false,false
med-synth-v2,d001056,fam_m018069,validation,validation_diagnostic,2025-03-31T11:01:00Z,S09,clean_twin,false,false,false
med-synth-v2,d001002,fam_m018079,validation,validation_diagnostic,2025-03-31T11:10:00Z,S01,lookalike_replacement,true,false,false
med-synth-v2,d001003,fam_m018079,validation,validation_diagnostic,2025-03-31T11:10:00Z,S01,clean_twin,false,false,false
med-synth-v2,d001057,fam_m018081,validation,validation_diagnostic,2025-03-31T11:11:00Z,S09,little_text_unintended,true,false,false
med-synth-v2,d001058,fam_m018081,validation,validation_diagnostic,2025-03-31T11:11:00Z,S09,clean_twin,false,false,false
med-synth-v2,d001004,fam_m018091,validation,validation_diagnostic,2025-03-31T11:20:00Z,S01,lookalike_replacement,true,false,false
med-synth-v2,d001005,fam_m018091,validation,validation_diagnostic,2025-03-31T11:20:00Z,S01,clean_twin,false,false,false
med-synth-v2,d001059,fam_m018093,validation,validation_diagnostic,2025-03-31T11:21:00Z,S09,little_text_unintended,true,false,false
med-synth-v2,d001060,fam_m018093,validation,validation_diagnostic,2025-03-31T11:21:00Z,S09,clean_twin,false,false,false
med-synth-v2,d001064,fam_m018127,validation,validation_diagnostic,2025-03-31T12:00:00Z,S05,external_purchase,false,false,false
med-synth-v2,d001088,fam_m018129,validation,validation_product_like,2025-03-31T12:01:00Z,S05,external_purchase,false,false,false
med-synth-v2,d001104,fam_m018139,validation,validation_product_like,2025-03-31T12:10:00Z,S05,external_purchase,false,false,false
med-synth-v2,d001105,fam_m018153,validation,validation_product_like,2025-03-31T12:21:00Z,S05,external_purchase,false,false,false
med-synth-v2,d001106,fam_m018183,validation,validation_product_like,2025-03-31T14:10:00Z,routine,established_contact,false,false,false
med-synth-v2,d001107,fam_m017939,validation,validation_product_like,2025-04-01T09:01:00Z,S05,internal_project,false,false,false
med-synth-v2,d001108,fam_m017945,validation,validation_product_like,2025-04-01T09:04:00Z,S05,internal_project,false,false,false
med-synth-v2,d001054,fam_m018001,validation,validation_diagnostic,2025-04-01T09:10:00Z,S08,all_intended,false,false,false
med-synth-v2,d001093,fam_m018003,validation,validation_product_like,2025-04-01T09:11:00Z,S05,internal_project,false,false,false
med-synth-v2,d001010,fam_m018009,validation,validation_product_like,2025-04-01T09:20:00Z,S02,added_external,true,false,false
med-synth-v2,d001109,fam_m018011,validation,validation_product_like,2025-04-01T09:21:00Z,routine,established_contact,false,false,false
med-synth-v2,d001110,fam_m018053,validation,validation_product_like,2025-04-01T10:10:00Z,routine,established_contact,false,false,false
med-synth-v2,d001111,fam_m018111,validation,validation_product_like,2025-04-01T11:40:00Z,routine,established_contact,false,false,false
med-synth-v2,d001112,fam_m018121,validation,validation_product_like,2025-04-01T11:51:00Z,routine,established_contact,false,false,false
med-synth-v2,d001113,fam_m018185,validation,validation_product_like,2025-04-01T14:20:00Z,routine,established_contact,false,false,false
med-synth-v2,d001114,fam_m017955,validation,validation_product_like,2025-04-02T09:01:00Z,S05,internal_project,false,false,false
med-synth-v2,d001115,fam_m017961,validation,validation_product_like,2025-04-02T09:04:00Z,S05,internal_project,false,false,false
med-synth-v2,d001116,fam_m018021,validation,validation_product_like,2025-04-02T09:30:00Z,routine,established_contact,false,false,false
med-synth-v2,d001117,fam_m018035,validation,validation_product_like,2025-04-02T09:41:00Z,routine,established_contact,false,false,false
med-synth-v2,d001118,fam_m018071,validation,validation_product_like,2025-04-02T11:00:00Z,routine,established_contact,false,false,false
med-synth-v2,d001119,fam_m018085,validation,validation_product_like,2025-04-02T11:11:00Z,routine,established_contact,false,false,false
med-synth-v2,d001120,fam_m018131,validation,validation_product_like,2025-04-02T12:00:00Z,S05,external_purchase,false,false,false
med-synth-v2,d001121,fam_m018145,validation,validation_product_like,2025-04-02T12:11:00Z,S05,external_purchase,false,false,false
med-synth-v2,d001122,fam_m018167,validation,validation_product_like,2025-04-02T12:50:00Z,routine,established_contact,false,false,false
med-synth-v2,d001123,fam_m017969,validation,validation_product_like,2025-04-03T09:00:00Z,S05,internal_project,false,false,false
med-synth-v2,d001124,fam_m017975,validation,validation_product_like,2025-04-03T09:03:00Z,S05,internal_project,false,false,false
med-synth-v2,d001125,fam_m017981,validation,validation_product_like,2025-04-03T09:06:00Z,S05,internal_project,false,false,false
med-synth-v2,d001126,fam_m018007,validation,validation_product_like,2025-04-03T09:11:00Z,S05,internal_project,false,false,false
med-synth-v2,d001127,fam_m018045,validation,validation_product_like,2025-04-03T09:50:00Z,routine,established_contact,false,false,false
med-synth-v2,d001128,fam_m018063,validation,validation_product_like,2025-04-03T10:40:00Z,routine,established_contact,false,false,false
med-synth-v2,d001129,fam_m018115,validation,validation_product_like,2025-04-03T11:40:00Z,routine,established_contact,false,false,false
med-synth-v2,d001130,fam_m018169,validation,validation_product_like,2025-04-03T13:00:00Z,routine,established_contact,false,false,false
med-synth-v2,d001131,fam_m018199,validation,validation_product_like,2025-04-03T15:30:00Z,routine,established_contact,false,false,false
med-synth-v2,d001132,fam_m017989,validation,validation_product_like,2025-04-04T09:02:00Z,S05,internal_project,false,false,false
med-synth-v2,d001133,fam_m017995,validation,validation_product_like,2025-04-04T09:05:00Z,S05,internal_project,false,false,false
med-synth-v2,d001134,fam_m018025,validation,validation_product_like,2025-04-04T09:30:00Z,routine,established_contact,false,false,false
med-synth-v2,d001135,fam_m018039,validation,validation_product_like,2025-04-04T09:41:00Z,routine,established_contact,false,false,false
med-synth-v2,d001136,fam_m018065,validation,validation_product_like,2025-04-04T10:50:00Z,routine,established_contact,false,false,false
med-synth-v2,d001137,fam_m018089,validation,validation_product_like,2025-04-04T11:11:00Z,routine,established_contact,false,false,false
med-synth-v2,d001138,fam_m018135,validation,validation_product_like,2025-04-04T12:00:00Z,S05,external_purchase,false,false,false
med-synth-v2,d001139,fam_m018149,validation,validation_product_like,2025-04-04T12:11:00Z,S05,external_purchase,false,false,false
med-synth-v2,d001140,fam_m018171,validation,validation_product_like,2025-04-04T13:10:00Z,routine,established_contact,false,false,false
med-synth-v2,d001141,fam_m018201,validation,validation_product_like,2025-04-07T09:00:00Z,S05,internal_project,false,false,false
med-synth-v2,d001142,fam_m018207,validation,validation_product_like,2025-04-07T09:03:00Z,S05,internal_project,false,false,false
med-synth-v2,d001143,fam_m018213,validation,validation_product_like,2025-04-07T09:06:00Z,S05,internal_project,false,false,false
med-synth-v2,d001144,fam_m018299,validation,validation_product_like,2025-04-07T09:31:00Z,routine,established_contact,false,false,false
med-synth-v2,d001145,fam_m018347,validation,validation_product_like,2025-04-07T11:00:00Z,routine,established_contact,false,false,false
med-synth-v2,d001146,fam_m018361,validation,validation_product_like,2025-04-07T11:11:00Z,routine,established_contact,false,false,false
med-synth-v2,d001147,fam_m018407,validation,validation_product_like,2025-04-07T12:00:00Z,S05,external_purchase,false,false,false
med-synth-v2,d001148,fam_m018421,validation,validation_product_like,2025-04-07T12:11:00Z,S05,external_purchase,false,false,false
med-synth-v2,d001149,fam_m018443,validation,validation_product_like,2025-04-07T12:30:00Z,routine,established_contact,false,false,false
med-synth-v2,d001150,fam_m018473,validation,validation_product_like,2025-04-07T15:00:00Z,routine,established_contact,false,false,false
med-synth-v2,d001151,fam_m018221,validation,validation_product_like,2025-04-08T09:02:00Z,S05,internal_project,false,false,false
med-synth-v2,d001152,fam_m018229,validation,validation_product_like,2025-04-08T09:06:00Z,S05,internal_project,false,false,false
med-synth-v2,d001153,fam_m018283,validation,validation_product_like,2025-04-08T09:11:00Z,S05,internal_project,false,false,false
med-synth-v2,d001154,fam_m018321,validation,validation_product_like,2025-04-08T09:50:00Z,routine,established_contact,false,false,false
med-synth-v2,d001155,fam_m018383,validation,validation_product_like,2025-04-08T11:30:00Z,routine,established_contact,false,false,false
med-synth-v2,d001156,fam_m018393,validation,validation_product_like,2025-04-08T11:41:00Z,routine,established_contact,false,false,false
med-synth-v2,d001157,fam_m018445,validation,validation_product_like,2025-04-08T12:40:00Z,routine,established_contact,false,false,false
med-synth-v2,d001158,fam_m018475,validation,validation_product_like,2025-04-08T15:10:00Z,routine,established_contact,false,false,false
med-synth-v2,d001159,fam_m018239,validation,validation_product_like,2025-04-09T09:03:00Z,S05,internal_project,false,false,false
med-synth-v2,d001160,fam_m018245,validation,validation_product_like,2025-04-09T09:06:00Z,S05,internal_project,false,false,false
med-synth-v2,d001161,fam_m018303,validation,validation_product_like,2025-04-09T09:31:00Z,routine,established_contact,false,false,false
med-synth-v2,d001162,fam_m018329,validation,validation_product_like,2025-04-09T10:00:00Z,routine,established_contact,false,false,false
med-synth-v2,d001163,fam_m018353,validation,validation_product_like,2025-04-09T11:01:00Z,routine,established_contact,false,false,false
med-synth-v2,d001164,fam_m018375,validation,validation_product_like,2025-04-09T11:20:00Z,routine,established_contact,false,false,false
med-synth-v2,d001165,fam_m018413,validation,validation_product_like,2025-04-09T12:01:00Z,S05,external_purchase,false,false,false
med-synth-v2,d001166,fam_m018437,validation,validation_product_like,2025-04-09T12:21:00Z,S05,external_purchase,false,false,false
med-synth-v2,d001167,fam_m018467,validation,validation_product_like,2025-04-09T14:30:00Z,routine,established_contact,false,false,false
med-synth-v2,d001065,fam_m029157,validation,validation_product_like,2025-04-09T18:00:00Z,S03,legitimate_first_contact,false,false,false
med-synth-v2,d001069,fam_m029165,validation,validation_product_like,2025-04-09T19:00:00Z,S06,legitimate_new_domain,false,false,false
med-synth-v2,d001073,fam_m029173,validation,validation_product_like,2025-04-09T20:00:00Z,S07,legitimate_topic_change,false,false,false
med-synth-v2,d001077,fam_m029181,validation,validation_product_like,2025-04-09T21:00:00Z,S09,cold_start_legitimate,false,false,false
med-synth-v2,d001080,fam_m029187,validation,validation_product_like,2025-04-09T21:30:00Z,S09,little_text_legitimate,false,false,false
med-synth-v2,d001029,fam_m018249,validation,validation_diagnostic,2025-04-10T09:00:00Z,S08,unintended_cc,true,false,false
med-synth-v2,d001030,fam_m018249,validation,validation_diagnostic,2025-04-10T09:00:00Z,S08,clean_twin,false,false,false
med-synth-v2,d001168,fam_m018253,validation,validation_product_like,2025-04-10T09:02:00Z,S05,internal_project,false,false,false
med-synth-v2,d001169,fam_m018259,validation,validation_product_like,2025-04-10T09:05:00Z,S05,internal_project,false,false,false
med-synth-v2,d001170,fam_m018285,validation,validation_product_like,2025-04-10T09:10:00Z,S05,internal_project,false,false,false
med-synth-v2,d001171,fam_m018295,validation,validation_product_like,2025-04-10T09:21:00Z,routine,established_contact,false,false,false
med-synth-v2,d001172,fam_m018339,validation,validation_product_like,2025-04-10T10:30:00Z,routine,established_contact,false,false,false
med-synth-v2,d001173,fam_m018395,validation,validation_product_like,2025-04-10T11:40:00Z,routine,established_contact,false,false,false
med-synth-v2,d001174,fam_m018405,validation,validation_product_like,2025-04-10T11:51:00Z,routine,established_contact,false,false,false
med-synth-v2,d001175,fam_m018469,validation,validation_product_like,2025-04-10T14:40:00Z,routine,established_contact,false,false,false
med-synth-v2,d001176,fam_m018267,validation,validation_product_like,2025-04-11T09:01:00Z,S05,internal_project,false,false,false
med-synth-v2,d001177,fam_m018273,validation,validation_product_like,2025-04-11T09:04:00Z,S05,internal_project,false,false,false
med-synth-v2,d001178,fam_m018279,validation,validation_product_like,2025-04-11T09:07:00Z,S05,internal_project,false,false,false
med-synth-v2,d001179,fam_m018317,validation,validation_product_like,2025-04-11T09:40:00Z,routine,established_contact,false,false,false
med-synth-v2,d001180,fam_m018337,validation,validation_product_like,2025-04-11T10:20:00Z,routine,established_contact,false,false,false
med-synth-v2,d001181,fam_m018367,validation,validation_product_like,2025-04-11T11:10:00Z,routine,established_contact,false,false,false
med-synth-v2,d001182,fam_m018381,validation,validation_product_like,2025-04-11T11:21:00Z,routine,established_contact,false,false,false
med-synth-v2,d001183,fam_m018427,validation,validation_product_like,2025-04-11T12:10:00Z,S05,external_purchase,false,false,false
med-synth-v2,d001184,fam_m018441,validation,validation_product_like,2025-04-11T12:21:00Z,S05,external_purchase,false,false,false
med-synth-v2,d001185,fam_m018471,validation,validation_product_like,2025-04-11T14:50:00Z,routine,established_contact,false,false,false
med-synth-v2,d001186,fam_m018485,validation,validation_product_like,2025-04-14T09:02:00Z,S05,internal_project,false,false,false
med-synth-v2,d001187,fam_m018491,validation,validation_product_like,2025-04-14T09:05:00Z,S05,internal_project,false,false,false
med-synth-v2,d001188,fam_m018579,validation,validation_product_like,2025-04-14T09:31:00Z,routine,established_contact,false,false,false
med-synth-v2,d001189,fam_m018621,validation,validation_product_like,2025-04-14T10:40:00Z,routine,established_contact,false,false,false
med-synth-v2,d001190,fam_m018639,validation,validation_product_like,2025-04-14T11:10:00Z,routine,established_contact,false,false,false
med-synth-v2,d001191,fam_m018653,validation,validation_product_like,2025-04-14T11:21:00Z,routine,established_contact,false,false,false
med-synth-v2,d001192,fam_m018699,validation,validation_product_like,2025-04-14T12:10:00Z,S05,external_purchase,false,false,false
med-synth-v2,d001193,fam_m018713,validation,validation_product_like,2025-04-14T12:21:00Z,S05,external_purchase,false,false,false
med-synth-v2,d001194,fam_m018743,validation,validation_product_like,2025-04-14T14:10:00Z,routine,established_contact,false,false,false
med-synth-v2,d001195,fam_m018501,validation,validation_product_like,2025-04-15T09:02:00Z,S05,internal_project,false,false,false
med-synth-v2,d001196,fam_m018507,validation,validation_product_like,2025-04-15T09:05:00Z,S05,internal_project,false,false,false
med-synth-v2,d001197,fam_m018561,validation,validation_product_like,2025-04-15T09:10:00Z,S05,internal_project,false,false,false
med-synth-v2,d001198,fam_m018571,validation,validation_product_like,2025-04-15T09:21:00Z,routine,established_contact,false,false,false
med-synth-v2,d001199,fam_m018613,validation,validation_product_like,2025-04-15T10:10:00Z,routine,established_contact,false,false,false
med-synth-v2,d001200,fam_m018671,validation,validation_product_like,2025-04-15T11:40:00Z,routine,established_contact,false,false,false
med-synth-v2,d001201,fam_m018681,validation,validation_product_like,2025-04-15T11:51:00Z,routine,established_contact,false,false,false
med-synth-v2,d001202,fam_m018755,validation,validation_product_like,2025-04-15T15:10:00Z,routine,established_contact,false,false,false
med-synth-v2,d001203,fam_m018517,validation,validation_product_like,2025-04-16T09:02:00Z,S05,internal_project,false,false,false
med-synth-v2,d001204,fam_m018523,validation,validation_product_like,2025-04-16T09:05:00Z,S05,internal_project,false,false,false
med-synth-v2,d001205,fam_m018581,validation,validation_product_like,2025-04-16T09:30:00Z,routine,established_contact,false,false,false
med-synth-v2,d001206,fam_m018595,validation,validation_product_like,2025-04-16T09:41:00Z,routine,established_contact,false,false,false
med-synth-v2,d001207,fam_m018631,validation,validation_product_like,2025-04-16T11:00:00Z,routine,established_contact,false,false,false
med-synth-v2,d001208,fam_m018645,validation,validation_product_like,2025-04-16T11:11:00Z,routine,established_contact,false,false,false
med-synth-v2,d001209,fam_m018693,validation,validation_product_like,2025-04-16T12:01:00Z,S05,external_purchase,false,false,false
med-synth-v2,d001210,fam_m018715,validation,validation_product_like,2025-04-16T12:20:00Z,S05,external_purchase,false,false,false
med-synth-v2,d001211,fam_m018737,validation,validation_product_like,2025-04-16T13:40:00Z,routine,established_contact,false,false,false
med-synth-v2,d001212,fam_m018529,validation,validation_product_like,2025-04-17T09:00:00Z,S05,internal_project,false,false,false
med-synth-v2,d001213,fam_m018535,validation,validation_product_like,2025-04-17T09:03:00Z,S05,internal_project,false,false,false
med-synth-v2,d001214,fam_m018541,validation,validation_product_like,2025-04-17T09:06:00Z,S05,internal_project,false,false,false
med-synth-v2,d001094,fam_m018567,validation,validation_product_like,2025-04-17T09:11:00Z,S05,internal_project,false,false,false
med-synth-v2,d001215,fam_m018573,validation,validation_product_like,2025-04-17T09:20:00Z,routine,established_contact,false,false,false
med-synth-v2,d001216,fam_m018607,validation,validation_product_like,2025-04-17T09:51:00Z,routine,established_contact,false,false,false
med-synth-v2,d001217,fam_m018669,validation,validation_product_like,2025-04-17T11:31:00Z,routine,established_contact,false,false,false
med-synth-v2,d001218,fam_m018683,validation,validation_product_like,2025-04-17T11:50:00Z,routine,established_contact,false,false,false
med-synth-v2,d001219,fam_m018739,validation,validation_product_like,2025-04-17T13:50:00Z,routine,established_contact,false,false,false
med-synth-v2,d001220,fam_m018545,validation,validation_product_like,2025-04-18T09:00:00Z,S05,internal_project,false,false,false
med-synth-v2,d001221,fam_m018551,validation,validation_product_like,2025-04-18T09:03:00Z,S05,internal_project,false,false,false
med-synth-v2,d001222,fam_m018557,validation,validation_product_like,2025-04-18T09:06:00Z,S05,internal_project,false,false,false
med-synth-v2,d001223,fam_m018587,validation,validation_product_like,2025-04-18T09:31:00Z,routine,established_contact,false,false,false
med-synth-v2,d001224,fam_m018617,validation,validation_product_like,2025-04-18T10:20:00Z,routine,established_contact,false,false,false
med-synth-v2,d001225,fam_m018637,validation,validation_product_like,2025-04-18T11:01:00Z,routine,established_contact,false,false,false
med-synth-v2,d001226,fam_m018659,validation,validation_product_like,2025-04-18T11:20:00Z,routine,established_contact,false,false,false
med-synth-v2,d001227,fam_m018697,validation,validation_product_like,2025-04-18T12:01:00Z,S05,external_purchase,false,false,false
med-synth-v2,d001228,fam_m018719,validation,validation_product_like,2025-04-18T12:20:00Z,S05,external_purchase,false,false,false
med-synth-v2,d001229,fam_m018741,validation,validation_product_like,2025-04-18T14:00:00Z,routine,established_contact,false,false,false
med-synth-v2,d001230,fam_m018763,validation,validation_product_like,2025-04-21T09:01:00Z,S05,internal_project,false,false,false
med-synth-v2,d001231,fam_m018771,validation,validation_product_like,2025-04-21T09:05:00Z,S05,internal_project,false,false,false
med-synth-v2,d001031,fam_m018775,validation,validation_diagnostic,2025-04-21T09:07:00Z,S08,unintended_cc,true,false,false
med-synth-v2,d001032,fam_m018775,validation,validation_diagnostic,2025-04-21T09:07:00Z,S08,clean_twin,false,false,false
med-synth-v2,d001232,fam_m018859,validation,validation_product_like,2025-04-21T09:31:00Z,routine,established_contact,false,false,false
med-synth-v2,d001233,fam_m018901,validation,validation_product_like,2025-04-21T10:40:00Z,routine,established_contact,false,false,false
med-synth-v2,d001234,fam_m018919,validation,validation_product_like,2025-04-21T11:10:00Z,routine,established_contact,false,false,false
med-synth-v2,d001235,fam_m018933,validation,validation_product_like,2025-04-21T11:21:00Z,routine,established_contact,false,false,false
med-synth-v2,d001236,fam_m018979,validation,validation_product_like,2025-04-21T12:10:00Z,S05,external_purchase,false,false,false
med-synth-v2,d001237,fam_m018993,validation,validation_product_like,2025-04-21T12:21:00Z,S05,external_purchase,false,false,false
med-synth-v2,d001238,fam_m019033,validation,validation_product_like,2025-04-21T15:00:00Z,routine,established_contact,false,false,false
med-synth-v2,d001239,fam_m018781,validation,validation_product_like,2025-04-22T09:02:00Z,S05,internal_project,false,false,false
med-synth-v2,d001240,fam_m018787,validation,validation_product_like,2025-04-22T09:05:00Z,S05,internal_project,false,false,false
med-synth-v2,d001241,fam_m018841,validation,validation_product_like,2025-04-22T09:10:00Z,S05,internal_project,false,false,false
med-synth-v2,d001242,fam_m018851,validation,validation_product_like,2025-04-22T09:21:00Z,routine,established_contact,false,false,false
med-synth-v2,d001243,fam_m018893,validation,validation_product_like,2025-04-22T10:10:00Z,routine,established_contact,false,false,false
med-synth-v2,d001244,fam_m018951,validation,validation_product_like,2025-04-22T11:40:00Z,routine,established_contact,false,false,false
med-synth-v2,d001245,fam_m019005,validation,validation_product_like,2025-04-22T12:40:00Z,routine,established_contact,false,false,false
med-synth-v2,d001246,fam_m019035,validation,validation_product_like,2025-04-22T15:10:00Z,routine,established_contact,false,false,false
med-synth-v2,d001247,fam_m018797,validation,validation_product_like,2025-04-23T09:02:00Z,S05,internal_project,false,false,false
med-synth-v2,d001248,fam_m018803,validation,validation_product_like,2025-04-23T09:05:00Z,S05,internal_project,false,false,false
med-synth-v2,d001249,fam_m018861,validation,validation_product_like,2025-04-23T09:30:00Z,routine,established_contact,false,false,false
med-synth-v2,d001250,fam_m018875,validation,validation_product_like,2025-04-23T09:41:00Z,routine,established_contact,false,false,false
med-synth-v2,d001251,fam_m018911,validation,validation_product_like,2025-04-23T11:00:00Z,routine,established_contact,false,false,false
med-synth-v2,d001252,fam_m018925,validation,validation_product_like,2025-04-23T11:11:00Z,routine,established_contact,false,false,false
med-synth-v2,d001253,fam_m018973,validation,validation_product_like,2025-04-23T12:01:00Z,S05,external_purchase,false,false,false
med-synth-v2,d001254,fam_m018995,validation,validation_product_like,2025-04-23T12:20:00Z,S05,external_purchase,false,false,false
med-synth-v2,d001255,fam_m019017,validation,validation_product_like,2025-04-23T13:40:00Z,routine,established_contact,false,false,false
med-synth-v2,d001256,fam_m018809,validation,validation_product_like,2025-04-24T09:00:00Z,S05,internal_project,false,false,false
med-synth-v2,d001257,fam_m018815,validation,validation_product_like,2025-04-24T09:03:00Z,S05,internal_project,false,false,false
med-synth-v2,d001258,fam_m018821,validation,validation_product_like,2025-04-24T09:06:00Z,S05,internal_project,false,false,false
med-synth-v2,d001259,fam_m018847,validation,validation_product_like,2025-04-24T09:11:00Z,S05,internal_project,false,false,false
med-synth-v2,d001260,fam_m018887,validation,validation_product_like,2025-04-24T09:51:00Z,routine,established_contact,false,false,false
med-synth-v2,d001261,fam_m018947,validation,validation_product_like,2025-04-24T11:30:00Z,routine,established_contact,false,false,false
med-synth-v2,d001262,fam_m018957,validation,validation_product_like,2025-04-24T11:41:00Z,routine,established_contact,false,false,false
med-synth-v2,d001263,fam_m019009,validation,validation_product_like,2025-04-24T13:00:00Z,routine,established_contact,false,false,false
med-synth-v2,d001264,fam_m019039,validation,validation_product_like,2025-04-24T15:30:00Z,routine,established_contact,false,false,false
med-synth-v2,d001265,fam_m018829,validation,validation_product_like,2025-04-25T09:02:00Z,S05,internal_project,false,false,false
med-synth-v2,d001266,fam_m018835,validation,validation_product_like,2025-04-25T09:05:00Z,S05,internal_project,false,false,false
med-synth-v2,d001267,fam_m018867,validation,validation_product_like,2025-04-25T09:31:00Z,routine,established_contact,false,false,false
med-synth-v2,d001268,fam_m018895,validation,validation_product_like,2025-04-25T10:10:00Z,routine,established_contact,false,false,false
med-synth-v2,d001269,fam_m018915,validation,validation_product_like,2025-04-25T11:00:00Z,routine,established_contact,false,false,false
med-synth-v2,d001270,fam_m018929,validation,validation_product_like,2025-04-25T11:11:00Z,routine,established_contact,false,false,false
med-synth-v2,d001271,fam_m018975,validation,validation_product_like,2025-04-25T12:00:00Z,S05,external_purchase,false,false,false
med-synth-v2,d001272,fam_m018989,validation,validation_product_like,2025-04-25T12:11:00Z,S05,external_purchase,false,false,false
med-synth-v2,d001273,fam_m019011,validation,validation_product_like,2025-04-25T13:10:00Z,routine,established_contact,false,false,false
med-synth-v2,d001274,fam_m019043,validation,validation_product_like,2025-04-28T09:01:00Z,S05,internal_project,false,false,false
med-synth-v2,d001275,fam_m019049,validation,validation_product_like,2025-04-28T09:04:00Z,S05,internal_project,false,false,false
med-synth-v2,d001276,fam_m019055,validation,validation_product_like,2025-04-28T09:07:00Z,S05,internal_project,false,false,false
med-synth-v2,d001277,fam_m019149,validation,validation_product_like,2025-04-28T09:40:00Z,routine,established_contact,false,false,false
med-synth-v2,d001278,fam_m019187,validation,validation_product_like,2025-04-28T11:00:00Z,routine,established_contact,false,false,false
med-synth-v2,d001279,fam_m019201,validation,validation_product_like,2025-04-28T11:11:00Z,routine,established_contact,false,false,false
med-synth-v2,d001280,fam_m019247,validation,validation_product_like,2025-04-28T12:00:00Z,S05,external_purchase,false,false,false
med-synth-v2,d001281,fam_m019271,validation,validation_product_like,2025-04-28T12:20:00Z,S05,external_purchase,false,false,false
med-synth-v2,d001282,fam_m019293,validation,validation_product_like,2025-04-28T13:20:00Z,routine,established_contact,false,false,false
med-synth-v2,d001283,fam_m019057,validation,validation_product_like,2025-04-29T09:00:00Z,S05,internal_project,false,false,false
med-synth-v2,d001284,fam_m019063,validation,validation_product_like,2025-04-29T09:03:00Z,S05,internal_project,false,false,false
med-synth-v2,d001285,fam_m019069,validation,validation_product_like,2025-04-29T09:06:00Z,S05,internal_project,false,false,false
med-synth-v2,d001286,fam_m019123,validation,validation_product_like,2025-04-29T09:11:00Z,S05,internal_project,false,false,false
med-synth-v2,d001011,fam_m019131,validation,validation_diagnostic,2025-04-29T09:21:00Z,S02,added_external,true,false,false
med-synth-v2,d001012,fam_m019131,validation,validation_diagnostic,2025-04-29T09:21:00Z,S02,clean_twin,false,false,false
med-synth-v2,d001287,fam_m019163,validation,validation_product_like,2025-04-29T09:51:00Z,routine,established_contact,false,false,false
med-synth-v2,d001288,fam_m019225,validation,validation_product_like,2025-04-29T11:31:00Z,routine,established_contact,false,false,false
med-synth-v2,d001289,fam_m019241,validation,validation_product_like,2025-04-29T11:51:00Z,routine,established_contact,false,false,false
med-synth-v2,d001290,fam_m019305,validation,validation_product_like,2025-04-29T14:20:00Z,routine,established_contact,false,false,false
med-synth-v2,d001084,fam_m019075,validation,validation_product_like,2025-04-30T09:01:00Z,S05,internal_project,false,false,false
med-synth-v2,d001291,fam_m019077,validation,validation_product_like,2025-04-30T09:02:00Z,S05,internal_project,false,false,false
med-synth-v2,d001292,fam_m019083,validation,validation_product_like,2025-04-30T09:05:00Z,S05,internal_project,false,false,false
med-synth-v2,d001020,fam_m019141,validation,validation_diagnostic,2025-04-30T09:30:00Z,S04,familiar_topic_mismatch,true,false,false
med-synth-v2,d001021,fam_m019141,validation,validation_diagnostic,2025-04-30T09:30:00Z,S04,clean_twin,false,false,false
med-synth-v2,d001293,fam_m019143,validation,validation_product_like,2025-04-30T09:31:00Z,routine,established_contact,false,false,false
med-synth-v2,d001294,fam_m019169,validation,validation_product_like,2025-04-30T10:00:00Z,routine,established_contact,false,false,false
med-synth-v2,d001295,fam_m019193,validation,validation_product_like,2025-04-30T11:01:00Z,routine,established_contact,false,false,false
med-synth-v2,d001296,fam_m019217,validation,validation_product_like,2025-04-30T11:21:00Z,routine,established_contact,false,false,false
med-synth-v2,d001089,fam_m019253,validation,validation_product_like,2025-04-30T12:01:00Z,S05,external_purchase,false,false,false
med-synth-v2,d001297,fam_m019265,validation,validation_product_like,2025-04-30T12:11:00Z,S05,external_purchase,false,false,false
med-synth-v2,d001298,fam_m019287,validation,validation_product_like,2025-04-30T12:50:00Z,routine,established_contact,false,false,false
med-synth-v2,d001299,fam_m019317,validation,validation_product_like,2025-04-30T15:20:00Z,routine,established_contact,false,false,false
med-synth-v2,d001300,fam_m019093,validation,validation_product_like,2025-05-01T09:02:00Z,S05,internal_project,false,false,false
med-synth-v2,d001301,fam_m019099,validation,validation_product_like,2025-05-01T09:05:00Z,S05,internal_project,false,false,false
med-synth-v2,d001033,fam_m019101,validation,validation_diagnostic,2025-05-01T09:06:00Z,S08,unintended_cc,true,false,false
med-synth-v2,d001034,fam_m019101,validation,validation_diagnostic,2025-05-01T09:06:00Z,S08,clean_twin,false,false,false
med-synth-v2,d001302,fam_m019127,validation,validation_product_like,2025-05-01T09:11:00Z,S05,internal_project,false,false,false
med-synth-v2,d001303,fam_m019167,validation,validation_product_like,2025-05-01T09:51:00Z,routine,established_contact,false,false,false
med-synth-v2,d001304,fam_m019227,validation,validation_product_like,2025-05-01T11:30:00Z,routine,established_contact,false,false,false
med-synth-v2,d001305,fam_m019237,validation,validation_product_like,2025-05-01T11:41:00Z,routine,established_contact,false,false,false
med-synth-v2,d001306,fam_m019289,validation,validation_product_like,2025-05-01T13:00:00Z,routine,established_contact,false,false,false
med-synth-v2,d001307,fam_m019319,validation,validation_product_like,2025-05-01T15:30:00Z,routine,established_contact,false,false,false
med-synth-v2,d001308,fam_m019109,validation,validation_product_like,2025-05-02T09:02:00Z,S05,internal_project,false,false,false
med-synth-v2,d001309,fam_m019115,validation,validation_product_like,2025-05-02T09:05:00Z,S05,internal_project,false,false,false
med-synth-v2,d001310,fam_m019147,validation,validation_product_like,2025-05-02T09:31:00Z,routine,established_contact,false,false,false
med-synth-v2,d001311,fam_m019175,validation,validation_product_like,2025-05-02T10:10:00Z,routine,established_contact,false,false,false
med-synth-v2,d001312,fam_m019195,validation,validation_product_like,2025-05-02T11:00:00Z,routine,established_contact,false,false,false
med-synth-v2,d001313,fam_m019209,validation,validation_product_like,2025-05-02T11:11:00Z,routine,established_contact,false,false,false
med-synth-v2,d001314,fam_m019255,validation,validation_product_like,2025-05-02T12:00:00Z,S05,external_purchase,false,false,false
med-synth-v2,d001315,fam_m019269,validation,validation_product_like,2025-05-02T12:11:00Z,S05,external_purchase,false,false,false
med-synth-v2,d001316,fam_m019291,validation,validation_product_like,2025-05-02T13:10:00Z,routine,established_contact,false,false,false
med-synth-v2,d001317,fam_m019323,validation,validation_product_like,2025-05-05T09:01:00Z,S05,internal_project,false,false,false
med-synth-v2,d001318,fam_m019329,validation,validation_product_like,2025-05-05T09:04:00Z,S05,internal_project,false,false,false
med-synth-v2,d001319,fam_m019335,validation,validation_product_like,2025-05-05T09:07:00Z,S05,internal_project,false,false,false
med-synth-v2,d001320,fam_m019429,validation,validation_product_like,2025-05-05T09:40:00Z,routine,established_contact,false,false,false
med-synth-v2,d001321,fam_m019467,validation,validation_product_like,2025-05-05T11:00:00Z,routine,established_contact,false,false,false
med-synth-v2,d001322,fam_m019481,validation,validation_product_like,2025-05-05T11:11:00Z,routine,established_contact,false,false,false
med-synth-v2,d001323,fam_m019527,validation,validation_product_like,2025-05-05T12:00:00Z,S05,external_purchase,false,false,false
med-synth-v2,d001324,fam_m019541,validation,validation_product_like,2025-05-05T12:11:00Z,S05,external_purchase,false,false,false
med-synth-v2,d001325,fam_m019573,validation,validation_product_like,2025-05-05T13:20:00Z,routine,established_contact,false,false,false
med-synth-v2,d001326,fam_m019337,validation,validation_product_like,2025-05-06T09:00:00Z,S05,internal_project,false,false,false
med-synth-v2,d001327,fam_m019343,validation,validation_product_like,2025-05-06T09:03:00Z,S05,internal_project,false,false,false
med-synth-v2,d001328,fam_m019349,validation,validation_product_like,2025-05-06T09:06:00Z,S05,internal_project,false,false,false
med-synth-v2,d001329,fam_m019403,validation,validation_product_like,2025-05-06T09:11:00Z,S05,internal_project,false,false,false
med-synth-v2,d001330,fam_m019441,validation,validation_product_like,2025-05-06T09:50:00Z,routine,established_contact,false,false,false
med-synth-v2,d001331,fam_m019503,validation,validation_product_like,2025-05-06T11:30:00Z,routine,established_contact,false,false,false
med-synth-v2,d001332,fam_m019519,validation,validation_product_like,2025-05-06T11:50:00Z,routine,established_contact,false,false,false
med-synth-v2,d001333,fam_m019575,validation,validation_product_like,2025-05-06T13:30:00Z,routine,established_contact,false,false,false
med-synth-v2,d001334,fam_m019353,validation,validation_product_like,2025-05-07T09:00:00Z,S05,internal_project,false,false,false
med-synth-v2,d001335,fam_m019359,validation,validation_product_like,2025-05-07T09:03:00Z,S05,internal_project,false,false,false
med-synth-v2,d001336,fam_m019365,validation,validation_product_like,2025-05-07T09:06:00Z,S05,internal_project,false,false,false
med-synth-v2,d001337,fam_m019423,validation,validation_product_like,2025-05-07T09:31:00Z,routine,established_contact,false,false,false
med-synth-v2,d001338,fam_m019449,validation,validation_product_like,2025-05-07T10:00:00Z,routine,established_contact,false,false,false
med-synth-v2,d001339,fam_m019483,validation,validation_product_like,2025-05-07T11:10:00Z,routine,established_contact,false,false,false
med-synth-v2,d001340,fam_m019497,validation,validation_product_like,2025-05-07T11:21:00Z,routine,established_contact,false,false,false
med-synth-v2,d001341,fam_m019543,validation,validation_product_like,2025-05-07T12:10:00Z,S05,external_purchase,false,false,false
med-synth-v2,d001342,fam_m019557,validation,validation_product_like,2025-05-07T12:21:00Z,S05,external_purchase,false,false,false
med-synth-v2,d001343,fam_m019587,validation,validation_product_like,2025-05-07T14:30:00Z,routine,established_contact,false,false,false
med-synth-v2,d001344,fam_m019371,validation,validation_product_like,2025-05-08T09:01:00Z,S05,internal_project,false,false,false
med-synth-v2,d001345,fam_m019377,validation,validation_product_like,2025-05-08T09:04:00Z,S05,internal_project,false,false,false
med-synth-v2,d001095,fam_m019405,validation,validation_product_like,2025-05-08T09:10:00Z,S05,internal_project,false,false,false
med-synth-v2,d001346,fam_m019407,validation,validation_product_like,2025-05-08T09:11:00Z,S05,internal_project,false,false,false
med-synth-v2,d001347,fam_m019445,validation,validation_product_like,2025-05-08T09:50:00Z,routine,established_contact,false,false,false
med-synth-v2,d001348,fam_m019463,validation,validation_product_like,2025-05-08T10:40:00Z,routine,established_contact,false,false,false
med-synth-v2,d001349,fam_m019515,validation,validation_product_like,2025-05-08T11:40:00Z,routine,established_contact,false,false,false
med-synth-v2,d001350,fam_m019525,validation,validation_product_like,2025-05-08T11:51:00Z,routine,established_contact,false,false,false
med-synth-v2,d001351,fam_m019589,validation,validation_product_like,2025-05-08T14:40:00Z,routine,established_contact,false,false,false
med-synth-v2,d001352,fam_m019387,validation,validation_product_like,2025-05-09T09:01:00Z,S05,internal_project,false,false,false
med-synth-v2,d001353,fam_m019395,validation,validation_product_like,2025-05-09T09:05:00Z,S05,internal_project,false,false,false
med-synth-v2,d001354,fam_m019425,validation,validation_product_like,2025-05-09T09:30:00Z,routine,established_contact,false,false,false
med-synth-v2,d001355,fam_m019439,validation,validation_product_like,2025-05-09T09:41:00Z,routine,established_contact,false,false,false
med-synth-v2,d001356,fam_m019465,validation,validation_product_like,2025-05-09T10:50:00Z,routine,established_contact,false,false,false
med-synth-v2,d001357,fam_m019487,validation,validation_product_like,2025-05-09T11:10:00Z,routine,established_contact,false,false,false
med-synth-v2,d001358,fam_m019501,validation,validation_product_like,2025-05-09T11:21:00Z,routine,established_contact,false,false,false
med-synth-v2,d001359,fam_m019547,validation,validation_product_like,2025-05-09T12:10:00Z,S05,external_purchase,false,false,false
med-synth-v2,d001360,fam_m019571,validation,validation_product_like,2025-05-09T13:10:00Z,routine,established_contact,false,false,false
med-synth-v2,d001361,fam_m019601,validation,validation_product_like,2025-05-12T09:00:00Z,S05,internal_project,false,false,false
med-synth-v2,d001362,fam_m019607,validation,validation_product_like,2025-05-12T09:03:00Z,S05,internal_project,false,false,false
med-synth-v2,d001363,fam_m019613,validation,validation_product_like,2025-05-12T09:06:00Z,S05,internal_project,false,false,false
med-synth-v2,d001364,fam_m019699,validation,validation_product_like,2025-05-12T09:31:00Z,routine,established_contact,false,false,false
med-synth-v2,d001365,fam_m019741,validation,validation_product_like,2025-05-12T10:40:00Z,routine,established_contact,false,false,false
med-synth-v2,d001366,fam_m019759,validation,validation_product_like,2025-05-12T11:10:00Z,routine,established_contact,false,false,false
med-synth-v2,d001367,fam_m019773,validation,validation_product_like,2025-05-12T11:21:00Z,routine,established_contact,false,false,false
med-synth-v2,d001368,fam_m019821,validation,validation_product_like,2025-05-12T12:11:00Z,S05,external_purchase,false,false,false
med-synth-v2,d001369,fam_m019843,validation,validation_product_like,2025-05-12T12:30:00Z,routine,established_contact,false,false,false
med-synth-v2,d001370,fam_m019873,validation,validation_product_like,2025-05-12T15:00:00Z,routine,established_contact,false,false,false
med-synth-v2,d001371,fam_m019621,validation,validation_product_like,2025-05-13T09:02:00Z,S05,internal_project,false,false,false
med-synth-v2,d001035,fam_m019627,validation,validation_diagnostic,2025-05-13T09:05:00Z,S08,unintended_cc,true,false,false
med-synth-v2,d001036,fam_m019627,validation,validation_diagnostic,2025-05-13T09:05:00Z,S08,clean_twin,false,false,false
med-synth-v2,d001372,fam_m019629,validation,validation_product_like,2025-05-13T09:06:00Z,S05,internal_project,false,false,false
med-synth-v2,d001373,fam_m019683,validation,validation_product_like,2025-05-13T09:11:00Z,S05,internal_project,false,false,false
med-synth-v2,d001374,fam_m019721,validation,validation_product_like,2025-05-13T09:50:00Z,routine,established_contact,false,false,false
med-synth-v2,d001375,fam_m019785,validation,validation_product_like,2025-05-13T11:31:00Z,routine,established_contact,false,false,false
med-synth-v2,d001376,fam_m019799,validation,validation_product_like,2025-05-13T11:50:00Z,routine,established_contact,false,false,false
med-synth-v2,d001377,fam_m019855,validation,validation_product_like,2025-05-13T13:30:00Z,routine,established_contact,false,false,false
med-synth-v2,d001378,fam_m019633,validation,validation_product_like,2025-05-14T09:00:00Z,S05,internal_project,false,false,false
med-synth-v2,d001379,fam_m019639,validation,validation_product_like,2025-05-14T09:03:00Z,S05,internal_project,false,false,false
med-synth-v2,d001380,fam_m019645,validation,validation_product_like,2025-05-14T09:06:00Z,S05,internal_project,false,false,false
med-synth-v2,d001381,fam_m019703,validation,validation_product_like,2025-05-14T09:31:00Z,routine,established_contact,false,false,false
med-synth-v2,d001382,fam_m019731,validation,validation_product_like,2025-05-14T10:01:00Z,routine,established_contact,false,false,false
med-synth-v2,d001383,fam_m019763,validation,validation_product_like,2025-05-14T11:10:00Z,routine,established_contact,false,false,false
med-synth-v2,d001384,fam_m019777,validation,validation_product_like,2025-05-14T11:21:00Z,routine,established_contact,false,false,false
med-synth-v2,d001385,fam_m019823,validation,validation_product_like,2025-05-14T12:10:00Z,S05,external_purchase,false,false,false
med-synth-v2,d001386,fam_m019837,validation,validation_product_like,2025-05-14T12:21:00Z,S05,external_purchase,false,false,false
med-synth-v2,d001387,fam_m019867,validation,validation_product_like,2025-05-14T14:30:00Z,routine,established_contact,false,false,false
med-synth-v2,d001066,fam_m029159,validation,validation_product_like,2025-05-14T18:01:00Z,S03,legitimate_first_contact,false,false,false
med-synth-v2,d001070,fam_m029167,validation,validation_product_like,2025-05-14T19:01:00Z,S06,legitimate_new_domain,false,false,false
med-synth-v2,d001074,fam_m029175,validation,validation_product_like,2025-05-14T20:01:00Z,S07,legitimate_topic_change,false,false,false
med-synth-v2,d001388,fam_m019651,validation,validation_product_like,2025-05-15T09:01:00Z,S05,internal_project,false,false,false
med-synth-v2,d001389,fam_m019659,validation,validation_product_like,2025-05-15T09:05:00Z,S05,internal_project,false,false,false
med-synth-v2,d001390,fam_m019685,validation,validation_product_like,2025-05-15T09:10:00Z,S05,internal_project,false,false,false
med-synth-v2,d001391,fam_m019695,validation,validation_product_like,2025-05-15T09:21:00Z,routine,established_contact,false,false,false
med-synth-v2,d001392,fam_m019739,validation,validation_product_like,2025-05-15T10:30:00Z,routine,established_contact,false,false,false
med-synth-v2,d001393,fam_m019789,validation,validation_product_like,2025-05-15T11:31:00Z,routine,established_contact,false,false,false
med-synth-v2,d001394,fam_m019803,validation,validation_product_like,2025-05-15T11:50:00Z,routine,established_contact,false,false,false
med-synth-v2,d001395,fam_m019859,validation,validation_product_like,2025-05-15T13:50:00Z,routine,established_contact,false,false,false
med-synth-v2,d001396,fam_m019667,validation,validation_product_like,2025-05-16T09:01:00Z,S05,internal_project,false,false,false
med-synth-v2,d001397,fam_m019673,validation,validation_product_like,2025-05-16T09:04:00Z,S05,internal_project,false,false,false
med-synth-v2,d001398,fam_m019679,validation,validation_product_like,2025-05-16T09:07:00Z,S05,internal_project,false,false,false
med-synth-v2,d001399,fam_m019717,validation,validation_product_like,2025-05-16T09:40:00Z,routine,established_contact,false,false,false
med-synth-v2,d001400,fam_m019737,validation,validation_product_like,2025-05-16T10:20:00Z,routine,established_contact,false,false,false
med-synth-v2,d001401,fam_m019757,validation,validation_product_like,2025-05-16T11:01:00Z,routine,established_contact,false,false,false
med-synth-v2,d001402,fam_m019779,validation,validation_product_like,2025-05-16T11:20:00Z,routine,established_contact,false,false,false
med-synth-v2,d001403,fam_m019817,validation,validation_product_like,2025-05-16T12:01:00Z,S05,external_purchase,false,false,false
med-synth-v2,d001404,fam_m019841,validation,validation_product_like,2025-05-16T12:21:00Z,S05,external_purchase,false,false,false
med-synth-v2,d001405,fam_m019871,validation,validation_product_like,2025-05-16T14:50:00Z,routine,established_contact,false,false,false
med-synth-v2,d001406,fam_m019885,validation,validation_product_like,2025-05-19T09:02:00Z,S05,internal_project,false,false,false
med-synth-v2,d001407,fam_m019891,validation,validation_product_like,2025-05-19T09:05:00Z,S05,internal_project,false,false,false
med-synth-v2,d001408,fam_m019977,validation,validation_product_like,2025-05-19T09:30:00Z,routine,established_contact,false,false,false
med-synth-v2,d001409,fam_m019991,validation,validation_product_like,2025-05-19T09:41:00Z,routine,established_contact,false,false,false
med-synth-v2,d001410,fam_m020029,validation,validation_product_like,2025-05-19T11:01:00Z,routine,established_contact,false,false,false
med-synth-v2,d001411,fam_m020053,validation,validation_product_like,2025-05-19T11:21:00Z,routine,established_contact,false,false,false
med-synth-v2,d001412,fam_m020099,validation,validation_product_like,2025-05-19T12:10:00Z,S05,external_purchase,false,false,false
med-synth-v2,d001413,fam_m020113,validation,validation_product_like,2025-05-19T12:21:00Z,S05,external_purchase,false,false,false
med-synth-v2,d001414,fam_m020143,validation,validation_product_like,2025-05-19T14:10:00Z,routine,established_contact,false,false,false
med-synth-v2,d001415,fam_m019899,validation,validation_product_like,2025-05-20T09:01:00Z,S05,internal_project,false,false,false
med-synth-v2,d001416,fam_m019905,validation,validation_product_like,2025-05-20T09:04:00Z,S05,internal_project,false,false,false
med-synth-v2,d001417,fam_m019911,validation,validation_product_like,2025-05-20T09:07:00Z,S05,internal_project,false,false,false
med-synth-v2,d001418,fam_m019971,validation,validation_product_like,2025-05-20T09:21:00Z,routine,established_contact,false,false,false
med-synth-v2,d001419,fam_m020013,validation,validation_product_like,2025-05-20T10:10:00Z,routine,established_contact,false,false,false
med-synth-v2,d001420,fam_m020071,validation,validation_product_like,2025-05-20T11:40:00Z,routine,established_contact,false,false,false
med-synth-v2,d001421,fam_m020081,validation,validation_product_like,2025-05-20T11:51:00Z,routine,established_contact,false,false,false
med-synth-v2,d001422,fam_m020145,validation,validation_product_like,2025-05-20T14:20:00Z,routine,established_contact,false,false,false
med-synth-v2,d001423,fam_m019915,validation,validation_product_like,2025-05-21T09:01:00Z,S05,internal_project,false,false,false
med-synth-v2,d001424,fam_m019921,validation,validation_product_like,2025-05-21T09:04:00Z,S05,internal_project,false,false,false
med-synth-v2,d001425,fam_m019981,validation,validation_product_like,2025-05-21T09:30:00Z,routine,established_contact,false,false,false
med-synth-v2,d001426,fam_m019995,validation,validation_product_like,2025-05-21T09:41:00Z,routine,established_contact,false,false,false
med-synth-v2,d001427,fam_m020031,validation,validation_product_like,2025-05-21T11:00:00Z,routine,established_contact,false,false,false
med-synth-v2,d001428,fam_m020045,validation,validation_product_like,2025-05-21T11:11:00Z,routine,established_contact,false,false,false
med-synth-v2,d001429,fam_m020091,validation,validation_product_like,2025-05-21T12:00:00Z,S05,external_purchase,false,false,false
med-synth-v2,d001430,fam_m020105,validation,validation_product_like,2025-05-21T12:11:00Z,S05,external_purchase,false,false,false
med-synth-v2,d001431,fam_m020127,validation,validation_product_like,2025-05-21T12:50:00Z,routine,established_contact,false,false,false
med-synth-v2,d001432,fam_m019929,validation,validation_product_like,2025-05-22T09:00:00Z,S05,internal_project,false,false,false
med-synth-v2,d001433,fam_m019935,validation,validation_product_like,2025-05-22T09:03:00Z,S05,internal_project,false,false,false
med-synth-v2,d001434,fam_m019941,validation,validation_product_like,2025-05-22T09:06:00Z,S05,internal_project,false,false,false
med-synth-v2,d001435,fam_m019967,validation,validation_product_like,2025-05-22T09:11:00Z,S05,internal_project,false,false,false
med-synth-v2,d001436,fam_m020005,validation,validation_product_like,2025-05-22T09:50:00Z,routine,established_contact,false,false,false
med-synth-v2,d001437,fam_m020023,validation,validation_product_like,2025-05-22T10:40:00Z,routine,established_contact,false,false,false
med-synth-v2,d001438,fam_m020075,validation,validation_product_like,2025-05-22T11:40:00Z,routine,established_contact,false,false,false
med-synth-v2,d001439,fam_m020085,validation,validation_product_like,2025-05-22T11:51:00Z,routine,established_contact,false,false,false
med-synth-v2,d001440,fam_m020159,validation,validation_product_like,2025-05-22T15:30:00Z,routine,established_contact,false,false,false
med-synth-v2,d001037,fam_m019949,validation,validation_diagnostic,2025-05-23T09:02:00Z,S08,unintended_bcc,true,false,false
med-synth-v2,d001038,fam_m019949,validation,validation_diagnostic,2025-05-23T09:02:00Z,S08,clean_twin,false,false,false
med-synth-v2,d001441,fam_m019951,validation,validation_product_like,2025-05-23T09:03:00Z,S05,internal_project,false,false,false
med-synth-v2,d001442,fam_m019957,validation,validation_product_like,2025-05-23T09:06:00Z,S05,internal_project,false,false,false
med-synth-v2,d001443,fam_m019987,validation,validation_product_like,2025-05-23T09:31:00Z,routine,established_contact,false,false,false
med-synth-v2,d001444,fam_m020015,validation,validation_product_like,2025-05-23T10:10:00Z,routine,established_contact,false,false,false
med-synth-v2,d001445,fam_m020035,validation,validation_product_like,2025-05-23T11:00:00Z,routine,established_contact,false,false,false
med-synth-v2,d001446,fam_m020049,validation,validation_product_like,2025-05-23T11:11:00Z,routine,established_contact,false,false,false
med-synth-v2,d001447,fam_m020097,validation,validation_product_like,2025-05-23T12:01:00Z,S05,external_purchase,false,false,false
med-synth-v2,d001448,fam_m020119,validation,validation_product_like,2025-05-23T12:20:00Z,S05,external_purchase,false,false,false
med-synth-v2,d001449,fam_m020141,validation,validation_product_like,2025-05-23T14:00:00Z,routine,established_contact,false,false,false
med-synth-v2,d001450,fam_m020163,validation,validation_product_like,2025-05-26T09:01:00Z,S05,internal_project,false,false,false
med-synth-v2,d001451,fam_m020169,validation,validation_product_like,2025-05-26T09:04:00Z,S05,internal_project,false,false,false
med-synth-v2,d001452,fam_m020175,validation,validation_product_like,2025-05-26T09:07:00Z,S05,internal_project,false,false,false
med-synth-v2,d001453,fam_m020269,validation,validation_product_like,2025-05-26T09:40:00Z,routine,established_contact,false,false,false
med-synth-v2,d001454,fam_m020309,validation,validation_product_like,2025-05-26T11:01:00Z,routine,established_contact,false,false,false
med-synth-v2,d001455,fam_m020331,validation,validation_product_like,2025-05-26T11:20:00Z,routine,established_contact,false,false,false
med-synth-v2,d001456,fam_m020369,validation,validation_product_like,2025-05-26T12:01:00Z,S05,external_purchase,false,false,false
med-synth-v2,d001457,fam_m020391,validation,validation_product_like,2025-05-26T12:20:00Z,S05,external_purchase,false,false,false
med-synth-v2,d001458,fam_m020413,validation,validation_product_like,2025-05-26T13:20:00Z,routine,established_contact,false,false,false
med-synth-v2,d001459,fam_m020177,validation,validation_product_like,2025-05-27T09:00:00Z,S05,internal_project,false,false,false
med-synth-v2,d001460,fam_m020183,validation,validation_product_like,2025-05-27T09:03:00Z,S05,internal_project,false,false,false
med-synth-v2,d001461,fam_m020191,validation,validation_product_like,2025-05-27T09:07:00Z,S05,internal_project,false,false,false
med-synth-v2,d001096,fam_m020243,validation,validation_product_like,2025-05-27T09:11:00Z,S05,internal_project,false,false,false
med-synth-v2,d001462,fam_m020251,validation,validation_product_like,2025-05-27T09:21:00Z,routine,established_contact,false,false,false
med-synth-v2,d001463,fam_m020293,validation,validation_product_like,2025-05-27T10:10:00Z,routine,established_contact,false,false,false
med-synth-v2,d001464,fam_m020351,validation,validation_product_like,2025-05-27T11:40:00Z,routine,established_contact,false,false,false
med-synth-v2,d001465,fam_m020361,validation,validation_product_like,2025-05-27T11:51:00Z,routine,established_contact,false,false,false
med-synth-v2,d001466,fam_m020425,validation,validation_product_like,2025-05-27T14:20:00Z,routine,established_contact,false,false,false
med-synth-v2,d001467,fam_m020195,validation,validation_product_like,2025-05-28T09:01:00Z,S05,internal_project,false,false,false
med-synth-v2,d001468,fam_m020203,validation,validation_product_like,2025-05-28T09:05:00Z,S05,internal_project,false,false,false
med-synth-v2,d001469,fam_m020261,validation,validation_product_like,2025-05-28T09:30:00Z,routine,established_contact,false,false,false
med-synth-v2,d001470,fam_m020275,validation,validation_product_like,2025-05-28T09:41:00Z,routine,established_contact,false,false,false
med-synth-v2,d001471,fam_m020311,validation,validation_product_like,2025-05-28T11:00:00Z,routine,established_contact,false,false,false
med-synth-v2,d001472,fam_m020325,validation,validation_product_like,2025-05-28T11:11:00Z,routine,established_contact,false,false,false
med-synth-v2,d001473,fam_m020371,validation,validation_product_like,2025-05-28T12:00:00Z,S05,external_purchase,false,false,false
med-synth-v2,d001474,fam_m020385,validation,validation_product_like,2025-05-28T12:11:00Z,S05,external_purchase,false,false,false
med-synth-v2,d001475,fam_m020407,validation,validation_product_like,2025-05-28T12:50:00Z,routine,established_contact,false,false,false
med-synth-v2,d001078,fam_m029183,validation,validation_product_like,2025-05-28T21:01:00Z,S09,cold_start_legitimate,false,false,false
med-synth-v2,d001081,fam_m029188,validation,validation_product_like,2025-05-28T21:31:00Z,S09,little_text_legitimate,false,false,false
med-synth-v2,d001476,fam_m020209,validation,validation_product_like,2025-05-29T09:00:00Z,S05,internal_project,false,false,false
med-synth-v2,d001477,fam_m020215,validation,validation_product_like,2025-05-29T09:03:00Z,S05,internal_project,false,false,false
med-synth-v2,d001478,fam_m020221,validation,validation_product_like,2025-05-29T09:06:00Z,S05,internal_project,false,false,false
med-synth-v2,d001479,fam_m020247,validation,validation_product_like,2025-05-29T09:11:00Z,S05,internal_project,false,false,false
med-synth-v2,d001013,fam_m020255,validation,validation_diagnostic,2025-05-29T09:21:00Z,S02,added_external,true,false,false
med-synth-v2,d001014,fam_m020255,validation,validation_diagnostic,2025-05-29T09:21:00Z,S02,clean_twin,false,false,false
med-synth-v2,d001480,fam_m020287,validation,validation_product_like,2025-05-29T09:51:00Z,routine,established_contact,false,false,false
med-synth-v2,d001481,fam_m020347,validation,validation_product_like,2025-05-29T11:30:00Z,routine,established_contact,false,false,false
med-synth-v2,d001482,fam_m020357,validation,validation_product_like,2025-05-29T11:41:00Z,routine,established_contact,false,false,false
med-synth-v2,d001483,fam_m020419,validation,validation_product_like,2025-05-29T13:50:00Z,routine,established_contact,false,false,false
med-synth-v2,d001085,fam_m020225,validation,validation_product_like,2025-05-30T09:00:00Z,S05,internal_project,false,false,false
med-synth-v2,d001484,fam_m020227,validation,validation_product_like,2025-05-30T09:01:00Z,S05,internal_project,false,false,false
med-synth-v2,d001485,fam_m020233,validation,validation_product_like,2025-05-30T09:04:00Z,S05,internal_project,false,false,false
med-synth-v2,d001486,fam_m020239,validation,validation_product_like,2025-05-30T09:07:00Z,S05,internal_project,false,false,false
med-synth-v2,d001022,fam_m020265,validation,validation_diagnostic,2025-05-30T09:30:00Z,S04,familiar_topic_mismatch,true,false,false
med-synth-v2,d001023,fam_m020265,validation,validation_diagnostic,2025-05-30T09:30:00Z,S04,clean_twin,false,false,false
med-synth-v2,d001487,fam_m020279,validation,validation_product_like,2025-05-30T09:41:00Z,routine,established_contact,false,false,false
med-synth-v2,d001488,fam_m020305,validation,validation_product_like,2025-05-30T10:50:00Z,routine,established_contact,false,false,false
med-synth-v2,d001489,fam_m020327,validation,validation_product_like,2025-05-30T11:10:00Z,routine,established_contact,false,false,false
med-synth-v2,d001490,fam_m020375,validation,validation_product_like,2025-05-30T12:00:00Z,S05,external_purchase,false,false,false
med-synth-v2,d001090,fam_m020377,validation,validation_product_like,2025-05-30T12:01:00Z,S05,external_purchase,false,false,false
med-synth-v2,d001491,fam_m020399,validation,validation_product_like,2025-05-30T12:20:00Z,S05,external_purchase,false,false,false
med-synth-v2,d001492,fam_m020421,validation,validation_product_like,2025-05-30T14:00:00Z,routine,established_contact,false,false,false
med-synth-v2,d001493,fam_m020443,validation,validation_product_like,2025-06-02T09:01:00Z,S05,internal_project,false,false,false
med-synth-v2,d001494,fam_m020449,validation,validation_product_like,2025-06-02T09:04:00Z,S05,internal_project,false,false,false
med-synth-v2,d001495,fam_m020455,validation,validation_product_like,2025-06-02T09:07:00Z,S05,internal_project,false,false,false
med-synth-v2,d001496,fam_m020549,validation,validation_product_like,2025-06-02T09:40:00Z,routine,established_contact,false,false,false
med-synth-v2,d001497,fam_m020589,validation,validation_product_like,2025-06-02T11:01:00Z,routine,established_contact,false,false,false
med-synth-v2,d001498,fam_m020611,validation,validation_product_like,2025-06-02T11:20:00Z,routine,established_contact,false,false,false
med-synth-v2,d001499,fam_m020649,validation,validation_product_like,2025-06-02T12:01:00Z,S05,external_purchase,false,false,false
med-synth-v2,d001500,fam_m020671,validation,validation_product_like,2025-06-02T12:20:00Z,S05,external_purchase,false,false,false
med-synth-v2,d001501,fam_m020693,validation,validation_product_like,2025-06-02T13:20:00Z,routine,established_contact,false,false,false
med-synth-v2,d001502,fam_m020457,validation,validation_product_like,2025-06-03T09:00:00Z,S05,internal_project,false,false,false
med-synth-v2,d001503,fam_m020463,validation,validation_product_like,2025-06-03T09:03:00Z,S05,internal_project,false,false,false
med-synth-v2,d001504,fam_m020471,validation,validation_product_like,2025-06-03T09:07:00Z,S05,internal_project,false,false,false
med-synth-v2,d001505,fam_m020529,validation,validation_product_like,2025-06-03T09:20:00Z,routine,established_contact,false,false,false
med-synth-v2,d001506,fam_m020563,validation,validation_product_like,2025-06-03T09:51:00Z,routine,established_contact,false,false,false
med-synth-v2,d001507,fam_m020625,validation,validation_product_like,2025-06-03T11:31:00Z,routine,established_contact,false,false,false
med-synth-v2,d001508,fam_m020639,validation,validation_product_like,2025-06-03T11:50:00Z,routine,established_contact,false,false,false
med-synth-v2,d001509,fam_m020695,validation,validation_product_like,2025-06-03T13:30:00Z,routine,established_contact,false,false,false
med-synth-v2,d001510,fam_m020473,validation,validation_product_like,2025-06-04T09:00:00Z,S05,internal_project,false,false,false
med-synth-v2,d001039,fam_m020475,validation,validation_diagnostic,2025-06-04T09:01:00Z,S08,unintended_bcc,true,false,false
med-synth-v2,d001040,fam_m020475,validation,validation_diagnostic,2025-06-04T09:01:00Z,S08,clean_twin,false,false,false
med-synth-v2,d001511,fam_m020481,validation,validation_product_like,2025-06-04T09:04:00Z,S05,internal_project,false,false,false
med-synth-v2,d001512,fam_m020541,validation,validation_product_like,2025-06-04T09:30:00Z,routine,established_contact,false,false,false
med-synth-v2,d001513,fam_m020555,validation,validation_product_like,2025-06-04T09:41:00Z,routine,established_contact,false,false,false
med-synth-v2,d001514,fam_m020591,validation,validation_product_like,2025-06-04T11:00:00Z,routine,established_contact,false,false,false
med-synth-v2,d001515,fam_m020605,validation,validation_product_like,2025-06-04T11:11:00Z,routine,established_contact,false,false,false
med-synth-v2,d001516,fam_m020651,validation,validation_product_like,2025-06-04T12:00:00Z,S05,external_purchase,false,false,false
med-synth-v2,d001517,fam_m020665,validation,validation_product_like,2025-06-04T12:11:00Z,S05,external_purchase,false,false,false
med-synth-v2,d001518,fam_m020687,validation,validation_product_like,2025-06-04T12:50:00Z,routine,established_contact,false,false,false
med-synth-v2,d001519,fam_m020489,validation,validation_product_like,2025-06-05T09:00:00Z,S05,internal_project,false,false,false
med-synth-v2,d001520,fam_m020495,validation,validation_product_like,2025-06-05T09:03:00Z,S05,internal_project,false,false,false
med-synth-v2,d001521,fam_m020501,validation,validation_product_like,2025-06-05T09:06:00Z,S05,internal_project,false,false,false
med-synth-v2,d001522,fam_m020527,validation,validation_product_like,2025-06-05T09:11:00Z,S05,internal_project,false,false,false
med-synth-v2,d001523,fam_m020565,validation,validation_product_like,2025-06-05T09:50:00Z,routine,established_contact,false,false,false
med-synth-v2,d001524,fam_m020583,validation,validation_product_like,2025-06-05T10:40:00Z,routine,established_contact,false,false,false
med-synth-v2,d001525,fam_m020635,validation,validation_product_like,2025-06-05T11:40:00Z,routine,established_contact,false,false,false
med-synth-v2,d001526,fam_m020689,validation,validation_product_like,2025-06-05T13:00:00Z,routine,established_contact,false,false,false
med-synth-v2,d001527,fam_m020719,validation,validation_product_like,2025-06-05T15:30:00Z,routine,established_contact,false,false,false
med-synth-v2,d001528,fam_m020509,validation,validation_product_like,2025-06-06T09:02:00Z,S05,internal_project,false,false,false
med-synth-v2,d001529,fam_m020515,validation,validation_product_like,2025-06-06T09:05:00Z,S05,internal_project,false,false,false
med-synth-v2,d001530,fam_m020545,validation,validation_product_like,2025-06-06T09:30:00Z,routine,established_contact,false,false,false
med-synth-v2,d001531,fam_m020559,validation,validation_product_like,2025-06-06T09:41:00Z,routine,established_contact,false,false,false
med-synth-v2,d001532,fam_m020585,validation,validation_product_like,2025-06-06T10:50:00Z,routine,established_contact,false,false,false
med-synth-v2,d001533,fam_m020609,validation,validation_product_like,2025-06-06T11:11:00Z,routine,established_contact,false,false,false
med-synth-v2,d001534,fam_m020655,validation,validation_product_like,2025-06-06T12:00:00Z,S05,external_purchase,false,false,false
med-synth-v2,d001535,fam_m020669,validation,validation_product_like,2025-06-06T12:11:00Z,S05,external_purchase,false,false,false
med-synth-v2,d001536,fam_m020691,validation,validation_product_like,2025-06-06T13:10:00Z,routine,established_contact,false,false,false
med-synth-v2,d001537,fam_m020721,validation,validation_product_like,2025-06-09T09:00:00Z,S05,internal_project,false,false,false
med-synth-v2,d001538,fam_m020727,validation,validation_product_like,2025-06-09T09:03:00Z,S05,internal_project,false,false,false
med-synth-v2,d001539,fam_m020733,validation,validation_product_like,2025-06-09T09:06:00Z,S05,internal_project,false,false,false
med-synth-v2,d001540,fam_m020829,validation,validation_product_like,2025-06-09T09:40:00Z,routine,established_contact,false,false,false
med-synth-v2,d001541,fam_m020867,validation,validation_product_like,2025-06-09T11:00:00Z,routine,established_contact,false,false,false
med-synth-v2,d001542,fam_m020881,validation,validation_product_like,2025-06-09T11:11:00Z,routine,established_contact,false,false,false
med-synth-v2,d001543,fam_m020927,validation,validation_product_like,2025-06-09T12:00:00Z,S05,external_purchase,false,false,false
med-synth-v2,d001544,fam_m020941,validation,validation_product_like,2025-06-09T12:11:00Z,S05,external_purchase,false,false,false
med-synth-v2,d001545,fam_m020963,validation,validation_product_like,2025-06-09T12:30:00Z,routine,established_contact,false,false,false
med-synth-v2,d001546,fam_m020993,validation,validation_product_like,2025-06-09T15:00:00Z,routine,established_contact,false,false,false
med-synth-v2,d001547,fam_m020741,validation,validation_product_like,2025-06-10T09:02:00Z,S05,internal_project,false,false,false
med-synth-v2,d001548,fam_m020749,validation,validation_product_like,2025-06-10T09:06:00Z,S05,internal_project,false,false,false
med-synth-v2,d001549,fam_m020803,validation,validation_product_like,2025-06-10T09:11:00Z,S05,internal_project,false,false,false
med-synth-v2,d001550,fam_m020841,validation,validation_product_like,2025-06-10T09:50:00Z,routine,established_contact,false,false,false
med-synth-v2,d001551,fam_m020903,validation,validation_product_like,2025-06-10T11:30:00Z,routine,established_contact,false,false,false
med-synth-v2,d001552,fam_m020913,validation,validation_product_like,2025-06-10T11:41:00Z,routine,established_contact,false,false,false
med-synth-v2,d001553,fam_m020965,validation,validation_product_like,2025-06-10T12:40:00Z,routine,established_contact,false,false,false
med-synth-v2,d001554,fam_m020995,validation,validation_product_like,2025-06-10T15:10:00Z,routine,established_contact,false,false,false
med-synth-v2,d001555,fam_m020759,validation,validation_product_like,2025-06-11T09:03:00Z,S05,internal_project,false,false,false
med-synth-v2,d001556,fam_m020765,validation,validation_product_like,2025-06-11T09:06:00Z,S05,internal_project,false,false,false
med-synth-v2,d001557,fam_m020823,validation,validation_product_like,2025-06-11T09:31:00Z,routine,established_contact,false,false,false
med-synth-v2,d001558,fam_m020849,validation,validation_product_like,2025-06-11T10:00:00Z,routine,established_contact,false,false,false
med-synth-v2,d001559,fam_m020873,validation,validation_product_like,2025-06-11T11:01:00Z,routine,established_contact,false,false,false
med-synth-v2,d001560,fam_m020895,validation,validation_product_like,2025-06-11T11:20:00Z,routine,established_contact,false,false,false
med-synth-v2,d001561,fam_m020933,validation,validation_product_like,2025-06-11T12:01:00Z,S05,external_purchase,false,false,false
med-synth-v2,d001562,fam_m020957,validation,validation_product_like,2025-06-11T12:21:00Z,S05,external_purchase,false,false,false
med-synth-v2,d001563,fam_m020987,validation,validation_product_like,2025-06-11T14:30:00Z,routine,established_contact,false,false,false
med-synth-v2,d001564,fam_m020771,validation,validation_product_like,2025-06-12T09:01:00Z,S05,internal_project,false,false,false
med-synth-v2,d001565,fam_m020777,validation,validation_product_like,2025-06-12T09:04:00Z,S05,internal_project,false,false,false
med-synth-v2,d001566,fam_m020783,validation,validation_product_like,2025-06-12T09:07:00Z,S05,internal_project,false,false,false
med-synth-v2,d001567,fam_m020813,validation,validation_product_like,2025-06-12T09:20:00Z,routine,established_contact,false,false,false
med-synth-v2,d001568,fam_m020847,validation,validation_product_like,2025-06-12T09:51:00Z,routine,established_contact,false,false,false
med-synth-v2,d001569,fam_m020909,validation,validation_product_like,2025-06-12T11:31:00Z,routine,established_contact,false,false,false
med-synth-v2,d001570,fam_m020923,validation,validation_product_like,2025-06-12T11:50:00Z,routine,established_contact,false,false,false
med-synth-v2,d001571,fam_m020979,validation,validation_product_like,2025-06-12T13:50:00Z,routine,established_contact,false,false,false
med-synth-v2,d001572,fam_m020785,validation,validation_product_like,2025-06-13T09:00:00Z,S05,internal_project,false,false,false
med-synth-v2,d001573,fam_m020791,validation,validation_product_like,2025-06-13T09:03:00Z,S05,internal_project,false,false,false
med-synth-v2,d001574,fam_m020797,validation,validation_product_like,2025-06-13T09:06:00Z,S05,internal_project,false,false,false
med-synth-v2,d001575,fam_m020827,validation,validation_product_like,2025-06-13T09:31:00Z,routine,established_contact,false,false,false
med-synth-v2,d001576,fam_m020857,validation,validation_product_like,2025-06-13T10:20:00Z,routine,established_contact,false,false,false
med-synth-v2,d001577,fam_m020877,validation,validation_product_like,2025-06-13T11:01:00Z,routine,established_contact,false,false,false
med-synth-v2,d001578,fam_m020899,validation,validation_product_like,2025-06-13T11:20:00Z,routine,established_contact,false,false,false
med-synth-v2,d001579,fam_m020937,validation,validation_product_like,2025-06-13T12:01:00Z,S05,external_purchase,false,false,false
med-synth-v2,d001580,fam_m020959,validation,validation_product_like,2025-06-13T12:20:00Z,S05,external_purchase,false,false,false
med-synth-v2,d001581,fam_m020981,validation,validation_product_like,2025-06-13T14:00:00Z,routine,established_contact,false,false,false
med-synth-v2,d001041,fam_m021001,validation,validation_diagnostic,2025-06-16T09:00:00Z,S08,unintended_bcc,true,false,false
med-synth-v2,d001042,fam_m021001,validation,validation_diagnostic,2025-06-16T09:00:00Z,S08,clean_twin,false,false,false
med-synth-v2,d001582,fam_m021005,validation,validation_product_like,2025-06-16T09:02:00Z,S05,internal_project,false,false,false
med-synth-v2,d001583,fam_m021013,validation,validation_product_like,2025-06-16T09:06:00Z,S05,internal_project,false,false,false
med-synth-v2,d001584,fam_m021099,validation,validation_product_like,2025-06-16T09:31:00Z,routine,established_contact,false,false,false
med-synth-v2,d001585,fam_m021141,validation,validation_product_like,2025-06-16T10:40:00Z,routine,established_contact,false,false,false
med-synth-v2,d001006,fam_m021147,validation,validation_diagnostic,2025-06-16T11:00:00Z,S01,lookalike_replacement,true,false,false
med-synth-v2,d001007,fam_m021147,validation,validation_diagnostic,2025-06-16T11:00:00Z,S01,clean_twin,false,false,false
med-synth-v2,d001061,fam_m021149,validation,validation_diagnostic,2025-06-16T11:01:00Z,S09,little_text_unintended,true,false,false
med-synth-v2,d001062,fam_m021149,validation,validation_diagnostic,2025-06-16T11:01:00Z,S09,clean_twin,false,false,false
med-synth-v2,d001008,fam_m021159,validation,validation_diagnostic,2025-06-16T11:10:00Z,S01,lookalike_replacement,true,false,false
med-synth-v2,d001009,fam_m021159,validation,validation_diagnostic,2025-06-16T11:10:00Z,S01,clean_twin,false,false,false
med-synth-v2,d001586,fam_m021173,validation,validation_product_like,2025-06-16T11:21:00Z,routine,established_contact,false,false,false
med-synth-v2,d001587,fam_m021219,validation,validation_product_like,2025-06-16T12:10:00Z,S05,external_purchase,false,false,false
med-synth-v2,d001588,fam_m021233,validation,validation_product_like,2025-06-16T12:21:00Z,S05,external_purchase,false,false,false
med-synth-v2,d001589,fam_m021263,validation,validation_product_like,2025-06-16T14:10:00Z,routine,established_contact,false,false,false
med-synth-v2,d001590,fam_m021019,validation,validation_product_like,2025-06-17T09:01:00Z,S05,internal_project,false,false,false
med-synth-v2,d001591,fam_m021027,validation,validation_product_like,2025-06-17T09:05:00Z,S05,internal_project,false,false,false
med-synth-v2,d001097,fam_m021081,validation,validation_product_like,2025-06-17T09:10:00Z,S05,internal_project,false,false,false
med-synth-v2,d001592,fam_m021083,validation,validation_product_like,2025-06-17T09:11:00Z,S05,internal_project,false,false,false
med-synth-v2,d001593,fam_m021121,validation,validation_product_like,2025-06-17T09:50:00Z,routine,established_contact,false,false,false
med-synth-v2,d001594,fam_m021183,validation,validation_product_like,2025-06-17T11:30:00Z,routine,established_contact,false,false,false
med-synth-v2,d001595,fam_m021193,validation,validation_product_like,2025-06-17T11:41:00Z,routine,established_contact,false,false,false
med-synth-v2,d001596,fam_m021245,validation,validation_product_like,2025-06-17T12:40:00Z,routine,established_contact,false,false,false
med-synth-v2,d001597,fam_m021275,validation,validation_product_like,2025-06-17T15:10:00Z,routine,established_contact,false,false,false
med-synth-v2,d001598,fam_m021039,validation,validation_product_like,2025-06-18T09:03:00Z,S05,internal_project,false,false,false
med-synth-v2,d001599,fam_m021045,validation,validation_product_like,2025-06-18T09:06:00Z,S05,internal_project,false,false,false
med-synth-v2,d001600,fam_m021103,validation,validation_product_like,2025-06-18T09:31:00Z,routine,established_contact,false,false,false
med-synth-v2,d001601,fam_m021129,validation,validation_product_like,2025-06-18T10:00:00Z,routine,established_contact,false,false,false
med-synth-v2,d001602,fam_m021153,validation,validation_product_like,2025-06-18T11:01:00Z,routine,established_contact,false,false,false
med-synth-v2,d001603,fam_m021175,validation,validation_product_like,2025-06-18T11:20:00Z,routine,established_contact,false,false,false
med-synth-v2,d001604,fam_m021213,validation,validation_product_like,2025-06-18T12:01:00Z,S05,external_purchase,false,false,false
med-synth-v2,d001605,fam_m021237,validation,validation_product_like,2025-06-18T12:21:00Z,S05,external_purchase,false,false,false
med-synth-v2,d001606,fam_m021267,validation,validation_product_like,2025-06-18T14:30:00Z,routine,established_contact,false,false,false
med-synth-v2,d001067,fam_m029161,validation,validation_product_like,2025-06-18T18:02:00Z,S03,legitimate_first_contact,false,false,false
med-synth-v2,d001071,fam_m029169,validation,validation_product_like,2025-06-18T19:02:00Z,S06,legitimate_new_domain,false,false,false
med-synth-v2,d001075,fam_m029177,validation,validation_product_like,2025-06-18T20:02:00Z,S07,legitimate_topic_change,false,false,false
med-synth-v2,d001607,fam_m021051,validation,validation_product_like,2025-06-19T09:01:00Z,S05,internal_project,false,false,false
med-synth-v2,d001608,fam_m021057,validation,validation_product_like,2025-06-19T09:04:00Z,S05,internal_project,false,false,false
med-synth-v2,d001609,fam_m021063,validation,validation_product_like,2025-06-19T09:07:00Z,S05,internal_project,false,false,false
med-synth-v2,d001610,fam_m021093,validation,validation_product_like,2025-06-19T09:20:00Z,routine,established_contact,false,false,false
med-synth-v2,d001611,fam_m021127,validation,validation_product_like,2025-06-19T09:51:00Z,routine,established_contact,false,false,false
med-synth-v2,d001612,fam_m021189,validation,validation_product_like,2025-06-19T11:31:00Z,routine,established_contact,false,false,false
med-synth-v2,d001613,fam_m021203,validation,validation_product_like,2025-06-19T11:50:00Z,routine,established_contact,false,false,false
med-synth-v2,d001614,fam_m021259,validation,validation_product_like,2025-06-19T13:50:00Z,routine,established_contact,false,false,false
med-synth-v2,d001615,fam_m021065,validation,validation_product_like,2025-06-20T09:00:00Z,S05,internal_project,false,false,false
med-synth-v2,d001616,fam_m021071,validation,validation_product_like,2025-06-20T09:03:00Z,S05,internal_project,false,false,false
med-synth-v2,d001617,fam_m021077,validation,validation_product_like,2025-06-20T09:06:00Z,S05,internal_project,false,false,false
med-synth-v2,d001618,fam_m021107,validation,validation_product_like,2025-06-20T09:31:00Z,routine,established_contact,false,false,false
med-synth-v2,d001619,fam_m021137,validation,validation_product_like,2025-06-20T10:20:00Z,routine,established_contact,false,false,false
med-synth-v2,d001620,fam_m021157,validation,validation_product_like,2025-06-20T11:01:00Z,routine,established_contact,false,false,false
med-synth-v2,d001621,fam_m021179,validation,validation_product_like,2025-06-20T11:20:00Z,routine,established_contact,false,false,false
med-synth-v2,d001622,fam_m021217,validation,validation_product_like,2025-06-20T12:01:00Z,S05,external_purchase,false,false,false
med-synth-v2,d001623,fam_m021239,validation,validation_product_like,2025-06-20T12:20:00Z,S05,external_purchase,false,false,false
med-synth-v2,d001624,fam_m021261,validation,validation_product_like,2025-06-20T14:00:00Z,routine,established_contact,false,false,false
med-synth-v2,d001625,fam_m021283,validation,validation_product_like,2025-06-23T09:01:00Z,S05,internal_project,false,false,false
med-synth-v2,d001626,fam_m021289,validation,validation_product_like,2025-06-23T09:04:00Z,S05,internal_project,false,false,false
med-synth-v2,d001627,fam_m021377,validation,validation_product_like,2025-06-23T09:30:00Z,routine,established_contact,false,false,false
med-synth-v2,d001628,fam_m021391,validation,validation_product_like,2025-06-23T09:41:00Z,routine,established_contact,false,false,false
med-synth-v2,d001629,fam_m021429,validation,validation_product_like,2025-06-23T11:01:00Z,routine,established_contact,false,false,false
med-synth-v2,d001630,fam_m021451,validation,validation_product_like,2025-06-23T11:20:00Z,routine,established_contact,false,false,false
med-synth-v2,d001631,fam_m021489,validation,validation_product_like,2025-06-23T12:01:00Z,S05,external_purchase,false,false,false
med-synth-v2,d001632,fam_m021511,validation,validation_product_like,2025-06-23T12:20:00Z,S05,external_purchase,false,false,false
med-synth-v2,d001633,fam_m021533,validation,validation_product_like,2025-06-23T13:20:00Z,routine,established_contact,false,false,false
med-synth-v2,d001634,fam_m021299,validation,validation_product_like,2025-06-24T09:01:00Z,S05,internal_project,false,false,false
med-synth-v2,d001635,fam_m021305,validation,validation_product_like,2025-06-24T09:04:00Z,S05,internal_project,false,false,false
med-synth-v2,d001636,fam_m021311,validation,validation_product_like,2025-06-24T09:07:00Z,S05,internal_project,false,false,false
med-synth-v2,d001637,fam_m021369,validation,validation_product_like,2025-06-24T09:20:00Z,routine,established_contact,false,false,false
med-synth-v2,d001638,fam_m021403,validation,validation_product_like,2025-06-24T09:51:00Z,routine,established_contact,false,false,false
med-synth-v2,d001639,fam_m021465,validation,validation_product_like,2025-06-24T11:31:00Z,routine,established_contact,false,false,false
med-synth-v2,d001640,fam_m021479,validation,validation_product_like,2025-06-24T11:50:00Z,routine,established_contact,false,false,false
med-synth-v2,d001641,fam_m021545,validation,validation_product_like,2025-06-24T14:20:00Z,routine,established_contact,false,false,false
med-synth-v2,d001642,fam_m021315,validation,validation_product_like,2025-06-25T09:01:00Z,S05,internal_project,false,false,false
med-synth-v2,d001643,fam_m021321,validation,validation_product_like,2025-06-25T09:04:00Z,S05,internal_project,false,false,false
med-synth-v2,d001043,fam_m021327,validation,validation_diagnostic,2025-06-25T09:07:00Z,S08,unintended_bcc,true,false,false
med-synth-v2,d001044,fam_m021327,validation,validation_diagnostic,2025-06-25T09:07:00Z,S08,clean_twin,false,false,false
med-synth-v2,d001644,fam_m021381,validation,validation_product_like,2025-06-25T09:30:00Z,routine,established_contact,false,false,false
med-synth-v2,d001645,fam_m021395,validation,validation_product_like,2025-06-25T09:41:00Z,routine,established_contact,false,false,false
med-synth-v2,d001646,fam_m021431,validation,validation_product_like,2025-06-25T11:00:00Z,routine,established_contact,false,false,false
med-synth-v2,d001647,fam_m021445,validation,validation_product_like,2025-06-25T11:11:00Z,routine,established_contact,false,false,false
med-synth-v2,d001648,fam_m021493,validation,validation_product_like,2025-06-25T12:01:00Z,S05,external_purchase,false,false,false
med-synth-v2,d001649,fam_m021515,validation,validation_product_like,2025-06-25T12:20:00Z,S05,external_purchase,false,false,false
med-synth-v2,d001650,fam_m021537,validation,validation_product_like,2025-06-25T13:40:00Z,routine,established_contact,false,false,false
med-synth-v2,d001651,fam_m021329,validation,validation_product_like,2025-06-26T09:00:00Z,S05,internal_project,false,false,false
med-synth-v2,d001652,fam_m021335,validation,validation_product_like,2025-06-26T09:03:00Z,S05,internal_project,false,false,false
med-synth-v2,d001653,fam_m021341,validation,validation_product_like,2025-06-26T09:06:00Z,S05,internal_project,false,false,false
med-synth-v2,d001654,fam_m021367,validation,validation_product_like,2025-06-26T09:11:00Z,S05,internal_project,false,false,false
med-synth-v2,d001655,fam_m021407,validation,validation_product_like,2025-06-26T09:51:00Z,routine,established_contact,false,false,false
med-synth-v2,d001656,fam_m021467,validation,validation_product_like,2025-06-26T11:30:00Z,routine,established_contact,false,false,false
med-synth-v2,d001657,fam_m021477,validation,validation_product_like,2025-06-26T11:41:00Z,routine,established_contact,false,false,false
med-synth-v2,d001658,fam_m021529,validation,validation_product_like,2025-06-26T13:00:00Z,routine,established_contact,false,false,false
med-synth-v2,d001659,fam_m021559,validation,validation_product_like,2025-06-26T15:30:00Z,routine,established_contact,false,false,false
med-synth-v2,d001660,fam_m021349,validation,validation_product_like,2025-06-27T09:02:00Z,S05,internal_project,false,false,false
med-synth-v2,d001661,fam_m021355,validation,validation_product_like,2025-06-27T09:05:00Z,S05,internal_project,false,false,false
med-synth-v2,d001662,fam_m021385,validation,validation_product_like,2025-06-27T09:30:00Z,routine,established_contact,false,false,false
med-synth-v2,d001663,fam_m021415,validation,validation_product_like,2025-06-27T10:10:00Z,routine,established_contact,false,false,false
med-synth-v2,d001664,fam_m021435,validation,validation_product_like,2025-06-27T11:00:00Z,routine,established_contact,false,false,false
med-synth-v2,d001665,fam_m021449,validation,validation_product_like,2025-06-27T11:11:00Z,routine,established_contact,false,false,false
med-synth-v2,d001666,fam_m021495,validation,validation_product_like,2025-06-27T12:00:00Z,S05,external_purchase,false,false,false
med-synth-v2,d001667,fam_m021509,validation,validation_product_like,2025-06-27T12:11:00Z,S05,external_purchase,false,false,false
med-synth-v2,d001668,fam_m021531,validation,validation_product_like,2025-06-27T13:10:00Z,routine,established_contact,false,false,false
med-synth-v2,d001669,fam_m021561,validation,validation_product_like,2025-06-30T09:00:00Z,S05,internal_project,false,false,false
med-synth-v2,d001670,fam_m021569,validation,validation_product_like,2025-06-30T09:04:00Z,S05,internal_project,false,false,false
med-synth-v2,d001671,fam_m021575,validation,validation_product_like,2025-06-30T09:07:00Z,S05,internal_project,false,false,false
med-synth-v2,d001024,fam_m021659,validation,validation_diagnostic,2025-06-30T09:31:00Z,S04,familiar_topic_mismatch,true,false,false
med-synth-v2,d001025,fam_m021659,validation,validation_diagnostic,2025-06-30T09:31:00Z,S04,clean_twin,false,false,false
med-synth-v2,d001672,fam_m021671,validation,validation_product_like,2025-06-30T09:41:00Z,routine,established_contact,false,false,false
med-synth-v2,d001673,fam_m021709,validation,validation_product_like,2025-06-30T11:01:00Z,routine,established_contact,false,false,false
med-synth-v2,d001674,fam_m021731,validation,validation_product_like,2025-06-30T11:20:00Z,routine,established_contact,false,false,false
med-synth-v2,d001091,fam_m021769,validation,validation_product_like,2025-06-30T12:01:00Z,S05,external_purchase,false,false,false
med-synth-v2,d001675,fam_m021779,validation,validation_product_like,2025-06-30T12:10:00Z,S05,external_purchase,false,false,false
med-synth-v2,d001676,fam_m021793,validation,validation_product_like,2025-06-30T12:21:00Z,S05,external_purchase,false,false,false
med-synth-v2,d001677,fam_m021833,validation,validation_product_like,2025-06-30T15:00:00Z,routine,established_contact,false,false,false
med-synth-v2,d001086,fam_m021581,validation,validation_product_like,2025-07-01T09:02:00Z,S05,internal_project,false,false,false
med-synth-v2,d001678,fam_m021583,validation,validation_product_like,2025-07-01T09:03:00Z,S05,internal_project,false,false,false
med-synth-v2,d001679,fam_m021589,validation,validation_product_like,2025-07-01T09:06:00Z,S05,internal_project,false,false,false
med-synth-v2,d001680,fam_m021643,validation,validation_product_like,2025-07-01T09:11:00Z,S05,internal_project,false,false,false
med-synth-v2,d001015,fam_m021649,validation,validation_diagnostic,2025-07-01T09:20:00Z,S02,added_external,true,false,false
med-synth-v2,d001016,fam_m021649,validation,validation_diagnostic,2025-07-01T09:20:00Z,S02,clean_twin,false,false,false
med-synth-v2,d001681,fam_m021683,validation,validation_product_like,2025-07-01T09:51:00Z,routine,established_contact,false,false,false
med-synth-v2,d001682,fam_m021745,validation,validation_product_like,2025-07-01T11:31:00Z,routine,established_contact,false,false,false
med-synth-v2,d001683,fam_m021759,validation,validation_product_like,2025-07-01T11:50:00Z,routine,established_contact,false,false,false
med-synth-v2,d001684,fam_m021825,validation,validation_product_like,2025-07-01T14:20:00Z,routine,established_contact,false,false,false
med-synth-v2,d001685,fam_m021595,validation,validation_product_like,2025-07-02T09:01:00Z,S05,internal_project,false,false,false
med-synth-v2,d001686,fam_m021601,validation,validation_product_like,2025-07-02T09:04:00Z,S05,internal_project,false,false,false
med-synth-v2,d001687,fam_m021607,validation,validation_product_like,2025-07-02T09:07:00Z,S05,internal_project,false,false,false
med-synth-v2,d001688,fam_m021673,validation,validation_product_like,2025-07-02T09:40:00Z,routine,established_contact,false,false,false
med-synth-v2,d001689,fam_m021691,validation,validation_product_like,2025-07-02T10:01:00Z,routine,established_contact,false,false,false
med-synth-v2,d001690,fam_m021723,validation,validation_product_like,2025-07-02T11:10:00Z,routine,established_contact,false,false,false
med-synth-v2,d001691,fam_m021771,validation,validation_product_like,2025-07-02T12:00:00Z,S05,external_purchase,false,false,false
med-synth-v2,d001692,fam_m021785,validation,validation_product_like,2025-07-02T12:11:00Z,S05,external_purchase,false,false,false
med-synth-v2,d001693,fam_m021807,validation,validation_product_like,2025-07-02T12:50:00Z,routine,established_contact,false,false,false
med-synth-v2,d001694,fam_m021837,validation,validation_product_like,2025-07-02T15:20:00Z,routine,established_contact,false,false,false
med-synth-v2,d001695,fam_m021613,validation,validation_product_like,2025-07-03T09:02:00Z,S05,internal_project,false,false,false
med-synth-v2,d001696,fam_m021619,validation,validation_product_like,2025-07-03T09:05:00Z,S05,internal_project,false,false,false
med-synth-v2,d001697,fam_m021645,validation,validation_product_like,2025-07-03T09:10:00Z,S05,internal_project,false,false,false
med-synth-v2,d001098,fam_m021647,validation,validation_product_like,2025-07-03T09:11:00Z,S05,internal_project,false,false,false
med-synth-v2,d001698,fam_m021685,validation,validation_product_like,2025-07-03T09:50:00Z,routine,established_contact,false,false,false
med-synth-v2,d001699,fam_m021747,validation,validation_product_like,2025-07-03T11:30:00Z,routine,established_contact,false,false,false
med-synth-v2,d001700,fam_m021757,validation,validation_product_like,2025-07-03T11:41:00Z,routine,established_contact,false,false,false
med-synth-v2,d001701,fam_m021809,validation,validation_product_like,2025-07-03T13:00:00Z,routine,established_contact,false,false,false
med-synth-v2,d001702,fam_m021839,validation,validation_product_like,2025-07-03T15:30:00Z,routine,established_contact,false,false,false
med-synth-v2,d001703,fam_m021629,validation,validation_product_like,2025-07-04T09:02:00Z,S05,internal_project,false,false,false
med-synth-v2,d001704,fam_m021635,validation,validation_product_like,2025-07-04T09:05:00Z,S05,internal_project,false,false,false
med-synth-v2,d001705,fam_m021665,validation,validation_product_like,2025-07-04T09:30:00Z,routine,established_contact,false,false,false
med-synth-v2,d001706,fam_m021695,validation,validation_product_like,2025-07-04T10:10:00Z,routine,established_contact,false,false,false
med-synth-v2,d001707,fam_m021715,validation,validation_product_like,2025-07-04T11:00:00Z,routine,established_contact,false,false,false
med-synth-v2,d001708,fam_m021729,validation,validation_product_like,2025-07-04T11:11:00Z,routine,established_contact,false,false,false
med-synth-v2,d001709,fam_m021775,validation,validation_product_like,2025-07-04T12:00:00Z,S05,external_purchase,false,false,false
med-synth-v2,d001710,fam_m021789,validation,validation_product_like,2025-07-04T12:11:00Z,S05,external_purchase,false,false,false
med-synth-v2,d001711,fam_m021811,validation,validation_product_like,2025-07-04T13:10:00Z,routine,established_contact,false,false,false
med-synth-v2,d001712,fam_m021841,validation,validation_product_like,2025-07-07T09:00:00Z,S05,internal_project,false,false,false
med-synth-v2,d001713,fam_m021849,validation,validation_product_like,2025-07-07T09:04:00Z,S05,internal_project,false,false,false
med-synth-v2,d001045,fam_m021853,validation,validation_product_like,2025-07-07T09:06:00Z,S08,two_unintended,true,false,false
med-synth-v2,d001714,fam_m021937,validation,validation_product_like,2025-07-07T09:30:00Z,routine,established_contact,false,false,false
med-synth-v2,d001715,fam_m021951,validation,validation_product_like,2025-07-07T09:41:00Z,routine,established_contact,false,false,false
med-synth-v2,d001716,fam_m021989,validation,validation_product_like,2025-07-07T11:01:00Z,routine,established_contact,false,false,false
med-synth-v2,d001717,fam_m022011,validation,validation_product_like,2025-07-07T11:20:00Z,routine,established_contact,false,false,false
med-synth-v2,d001718,fam_m022049,validation,validation_product_like,2025-07-07T12:01:00Z,S05,external_purchase,false,false,false
med-synth-v2,d001719,fam_m022071,validation,validation_product_like,2025-07-07T12:20:00Z,S05,external_purchase,false,false,false
med-synth-v2,d001720,fam_m022103,validation,validation_product_like,2025-07-07T14:10:00Z,routine,established_contact,false,false,false
med-synth-v2,d001721,fam_m021859,validation,validation_product_like,2025-07-08T09:01:00Z,S05,internal_project,false,false,false
med-synth-v2,d001722,fam_m021865,validation,validation_product_like,2025-07-08T09:04:00Z,S05,internal_project,false,false,false
med-synth-v2,d001723,fam_m021871,validation,validation_product_like,2025-07-08T09:07:00Z,S05,internal_project,false,false,false
med-synth-v2,d001724,fam_m021929,validation,validation_product_like,2025-07-08T09:20:00Z,routine,established_contact,false,false,false
med-synth-v2,d001725,fam_m021963,validation,validation_product_like,2025-07-08T09:51:00Z,routine,established_contact,false,false,false
med-synth-v2,d001726,fam_m022025,validation,validation_product_like,2025-07-08T11:31:00Z,routine,established_contact,false,false,false
med-synth-v2,d001727,fam_m022041,validation,validation_product_like,2025-07-08T11:51:00Z,routine,established_contact,false,false,false
med-synth-v2,d001728,fam_m022105,validation,validation_product_like,2025-07-08T14:20:00Z,routine,established_contact,false,false,false
med-synth-v2,d001729,fam_m021875,validation,validation_product_like,2025-07-09T09:01:00Z,S05,internal_project,false,false,false
med-synth-v2,d001730,fam_m021881,validation,validation_product_like,2025-07-09T09:04:00Z,S05,internal_project,false,false,false
med-synth-v2,d001731,fam_m021887,validation,validation_product_like,2025-07-09T09:07:00Z,S05,internal_project,false,false,false
med-synth-v2,d001732,fam_m021953,validation,validation_product_like,2025-07-09T09:40:00Z,routine,established_contact,false,false,false
med-synth-v2,d001733,fam_m021971,validation,validation_product_like,2025-07-09T10:01:00Z,routine,established_contact,false,false,false
med-synth-v2,d001734,fam_m022003,validation,validation_product_like,2025-07-09T11:10:00Z,routine,established_contact,false,false,false
med-synth-v2,d001735,fam_m022051,validation,validation_product_like,2025-07-09T12:00:00Z,S05,external_purchase,false,false,false
med-synth-v2,d001736,fam_m022065,validation,validation_product_like,2025-07-09T12:11:00Z,S05,external_purchase,false,false,false
med-synth-v2,d001737,fam_m022087,validation,validation_product_like,2025-07-09T12:50:00Z,routine,established_contact,false,false,false
med-synth-v2,d001738,fam_m022117,validation,validation_product_like,2025-07-09T15:20:00Z,routine,established_contact,false,false,false
med-synth-v2,d001739,fam_m021893,validation,validation_product_like,2025-07-10T09:02:00Z,S05,internal_project,false,false,false
med-synth-v2,d001740,fam_m021899,validation,validation_product_like,2025-07-10T09:05:00Z,S05,internal_project,false,false,false
med-synth-v2,d001741,fam_m021925,validation,validation_product_like,2025-07-10T09:10:00Z,S05,internal_project,false,false,false
med-synth-v2,d001742,fam_m021965,validation,validation_product_like,2025-07-10T09:50:00Z,routine,established_contact,false,false,false
med-synth-v2,d001743,fam_m021983,validation,validation_product_like,2025-07-10T10:40:00Z,routine,established_contact,false,false,false
med-synth-v2,d001744,fam_m022035,validation,validation_product_like,2025-07-10T11:40:00Z,routine,established_contact,false,false,false
med-synth-v2,d001745,fam_m022045,validation,validation_product_like,2025-07-10T11:51:00Z,routine,established_contact,false,false,false
med-synth-v2,d001746,fam_m022109,validation,validation_product_like,2025-07-10T14:40:00Z,routine,established_contact,false,false,false
med-synth-v2,d001747,fam_m021907,validation,validation_product_like,2025-07-11T09:01:00Z,S05,internal_project,false,false,false
med-synth-v2,d001748,fam_m021913,validation,validation_product_like,2025-07-11T09:04:00Z,S05,internal_project,false,false,false
med-synth-v2,d001749,fam_m021945,validation,validation_product_like,2025-07-11T09:30:00Z,routine,established_contact,false,false,false
med-synth-v2,d001750,fam_m021959,validation,validation_product_like,2025-07-11T09:41:00Z,routine,established_contact,false,false,false
med-synth-v2,d001751,fam_m021985,validation,validation_product_like,2025-07-11T10:50:00Z,routine,established_contact,false,false,false
med-synth-v2,d001752,fam_m022007,validation,validation_product_like,2025-07-11T11:10:00Z,routine,established_contact,false,false,false
med-synth-v2,d001753,fam_m022021,validation,validation_product_like,2025-07-11T11:21:00Z,routine,established_contact,false,false,false
med-synth-v2,d001754,fam_m022067,validation,validation_product_like,2025-07-11T12:10:00Z,S05,external_purchase,false,false,false
med-synth-v2,d001755,fam_m022081,validation,validation_product_like,2025-07-11T12:21:00Z,S05,external_purchase,false,false,false
med-synth-v2,d001756,fam_m022121,validation,validation_product_like,2025-07-14T09:00:00Z,S05,internal_project,false,false,false
med-synth-v2,d001757,fam_m022127,validation,validation_product_like,2025-07-14T09:03:00Z,S05,internal_project,false,false,false
med-synth-v2,d001758,fam_m022133,validation,validation_product_like,2025-07-14T09:06:00Z,S05,internal_project,false,false,false
med-synth-v2,d001759,fam_m022219,validation,validation_product_like,2025-07-14T09:31:00Z,routine,established_contact,false,false,false
med-synth-v2,d001760,fam_m022261,validation,validation_product_like,2025-07-14T10:40:00Z,routine,established_contact,false,false,false
med-synth-v2,d001761,fam_m022279,validation,validation_product_like,2025-07-14T11:10:00Z,routine,established_contact,false,false,false
med-synth-v2,d001762,fam_m022293,validation,validation_product_like,2025-07-14T11:21:00Z,routine,established_contact,false,false,false
med-synth-v2,d001763,fam_m022341,validation,validation_product_like,2025-07-14T12:11:00Z,S05,external_purchase,false,false,false
med-synth-v2,d001764,fam_m022363,validation,validation_product_like,2025-07-14T12:30:00Z,routine,established_contact,false,false,false
med-synth-v2,d001765,fam_m022393,validation,validation_product_like,2025-07-14T15:00:00Z,routine,established_contact,false,false,false
med-synth-v2,d001766,fam_m022141,validation,validation_product_like,2025-07-15T09:02:00Z,S05,internal_project,false,false,false
med-synth-v2,d001767,fam_m022147,validation,validation_product_like,2025-07-15T09:05:00Z,S05,internal_project,false,false,false
med-synth-v2,d001768,fam_m022201,validation,validation_product_like,2025-07-15T09:10:00Z,S05,internal_project,false,false,false
med-synth-v2,d001769,fam_m022211,validation,validation_product_like,2025-07-15T09:21:00Z,routine,established_contact,false,false,false
med-synth-v2,d001770,fam_m022253,validation,validation_product_like,2025-07-15T10:10:00Z,routine,established_contact,false,false,false
med-synth-v2,d001771,fam_m022313,validation,validation_product_like,2025-07-15T11:41:00Z,routine,established_contact,false,false,false
med-synth-v2,d001772,fam_m022365,validation,validation_product_like,2025-07-15T12:40:00Z,routine,established_contact,false,false,false
med-synth-v2,d001773,fam_m022395,validation,validation_product_like,2025-07-15T15:10:00Z,routine,established_contact,false,false,false
med-synth-v2,d001774,fam_m022157,validation,validation_product_like,2025-07-16T09:02:00Z,S05,internal_project,false,false,false
med-synth-v2,d001775,fam_m022163,validation,validation_product_like,2025-07-16T09:05:00Z,S05,internal_project,false,false,false
med-synth-v2,d001776,fam_m022221,validation,validation_product_like,2025-07-16T09:30:00Z,routine,established_contact,false,false,false
med-synth-v2,d001777,fam_m022235,validation,validation_product_like,2025-07-16T09:41:00Z,routine,established_contact,false,false,false
med-synth-v2,d001778,fam_m022273,validation,validation_product_like,2025-07-16T11:01:00Z,routine,established_contact,false,false,false
med-synth-v2,d001779,fam_m022295,validation,validation_product_like,2025-07-16T11:20:00Z,routine,established_contact,false,false,false
med-synth-v2,d001780,fam_m022333,validation,validation_product_like,2025-07-16T12:01:00Z,S05,external_purchase,false,false,false
med-synth-v2,d001781,fam_m022355,validation,validation_product_like,2025-07-16T12:20:00Z,S05,external_purchase,false,false,false
med-synth-v2,d001782,fam_m022377,validation,validation_product_like,2025-07-16T13:40:00Z,routine,established_contact,false,false,false
med-synth-v2,d001079,fam_m029185,validation,validation_diagnostic,2025-07-16T21:02:00Z,S09,cold_start_legitimate,false,false,false
med-synth-v2,d001082,fam_m029189,validation,validation_diagnostic,2025-07-16T21:32:00Z,S09,little_text_legitimate,false,false,false
med-synth-v2,d001783,fam_m022169,validation,validation_product_like,2025-07-17T09:00:00Z,S05,internal_project,false,false,false
med-synth-v2,d001784,fam_m022175,validation,validation_product_like,2025-07-17T09:03:00Z,S05,internal_project,false,false,false
med-synth-v2,d001046,fam_m022179,validation,validation_diagnostic,2025-07-17T09:05:00Z,S08,two_unintended,true,false,false
med-synth-v2,d001047,fam_m022179,validation,validation_diagnostic,2025-07-17T09:05:00Z,S08,clean_twin,false,false,false
med-synth-v2,d001785,fam_m022205,validation,validation_product_like,2025-07-17T09:10:00Z,S05,internal_project,false,false,false
med-synth-v2,d001786,fam_m022215,validation,validation_product_like,2025-07-17T09:21:00Z,routine,established_contact,false,false,false
med-synth-v2,d001787,fam_m022259,validation,validation_product_like,2025-07-17T10:30:00Z,routine,established_contact,false,false,false
med-synth-v2,d001788,fam_m022309,validation,validation_product_like,2025-07-17T11:31:00Z,routine,established_contact,false,false,false
med-synth-v2,d001789,fam_m022323,validation,validation_product_like,2025-07-17T11:50:00Z,routine,established_contact,false,false,false
med-synth-v2,d001790,fam_m022379,validation,validation_product_like,2025-07-17T13:50:00Z,routine,established_contact,false,false,false
med-synth-v2,d001791,fam_m022185,validation,validation_product_like,2025-07-18T09:00:00Z,S05,internal_project,false,false,false
med-synth-v2,d001792,fam_m022193,validation,validation_product_like,2025-07-18T09:04:00Z,S05,internal_project,false,false,false
med-synth-v2,d001793,fam_m022199,validation,validation_product_like,2025-07-18T09:07:00Z,S05,internal_project,false,false,false
med-synth-v2,d001794,fam_m022237,validation,validation_product_like,2025-07-18T09:40:00Z,routine,established_contact,false,false,false
med-synth-v2,d001795,fam_m022257,validation,validation_product_like,2025-07-18T10:20:00Z,routine,established_contact,false,false,false
med-synth-v2,d001796,fam_m022277,validation,validation_product_like,2025-07-18T11:01:00Z,routine,established_contact,false,false,false
med-synth-v2,d001797,fam_m022299,validation,validation_product_like,2025-07-18T11:20:00Z,routine,established_contact,false,false,false
med-synth-v2,d001798,fam_m022337,validation,validation_product_like,2025-07-18T12:01:00Z,S05,external_purchase,false,false,false
med-synth-v2,d001799,fam_m022361,validation,validation_product_like,2025-07-18T12:21:00Z,S05,external_purchase,false,false,false
med-synth-v2,d001800,fam_m022391,validation,validation_product_like,2025-07-18T14:50:00Z,routine,established_contact,false,false,false
med-synth-v2,d001801,fam_m022405,validation,validation_product_like,2025-07-21T09:02:00Z,S05,internal_project,false,false,false
med-synth-v2,d001802,fam_m022411,validation,validation_product_like,2025-07-21T09:05:00Z,S05,internal_project,false,false,false
med-synth-v2,d001803,fam_m022497,validation,validation_product_like,2025-07-21T09:30:00Z,routine,established_contact,false,false,false
med-synth-v2,d001804,fam_m022511,validation,validation_product_like,2025-07-21T09:41:00Z,routine,established_contact,false,false,false
med-synth-v2,d001805,fam_m022549,validation,validation_product_like,2025-07-21T11:01:00Z,routine,established_contact,false,false,false
med-synth-v2,d001806,fam_m022571,validation,validation_product_like,2025-07-21T11:20:00Z,routine,established_contact,false,false,false
med-synth-v2,d001807,fam_m022619,validation,validation_product_like,2025-07-21T12:10:00Z,S05,external_purchase,false,false,false
med-synth-v2,d001808,fam_m022633,validation,validation_product_like,2025-07-21T12:21:00Z,S05,external_purchase,false,false,false
med-synth-v2,d001809,fam_m022663,validation,validation_product_like,2025-07-21T14:10:00Z,routine,established_contact,false,false,false
med-synth-v2,d001810,fam_m022419,validation,validation_product_like,2025-07-22T09:01:00Z,S05,internal_project,false,false,false
med-synth-v2,d001811,fam_m022425,validation,validation_product_like,2025-07-22T09:04:00Z,S05,internal_project,false,false,false
med-synth-v2,d001812,fam_m022431,validation,validation_product_like,2025-07-22T09:07:00Z,S05,internal_project,false,false,false
med-synth-v2,d001813,fam_m022489,validation,validation_product_like,2025-07-22T09:20:00Z,routine,established_contact,false,false,false
med-synth-v2,d001814,fam_m022533,validation,validation_product_like,2025-07-22T10:10:00Z,routine,established_contact,false,false,false
med-synth-v2,d001815,fam_m022591,validation,validation_product_like,2025-07-22T11:40:00Z,routine,established_contact,false,false,false
med-synth-v2,d001816,fam_m022601,validation,validation_product_like,2025-07-22T11:51:00Z,routine,established_contact,false,false,false
med-synth-v2,d001817,fam_m022665,validation,validation_product_like,2025-07-22T14:20:00Z,routine,established_contact,false,false,false
med-synth-v2,d001818,fam_m022435,validation,validation_product_like,2025-07-23T09:01:00Z,S05,internal_project,false,false,false
med-synth-v2,d001819,fam_m022441,validation,validation_product_like,2025-07-23T09:04:00Z,S05,internal_project,false,false,false
med-synth-v2,d001820,fam_m022447,validation,validation_product_like,2025-07-23T09:07:00Z,S05,internal_project,false,false,false
med-synth-v2,d001821,fam_m022515,validation,validation_product_like,2025-07-23T09:41:00Z,routine,established_contact,false,false,false
med-synth-v2,d001822,fam_m022551,validation,validation_product_like,2025-07-23T11:00:00Z,routine,established_contact,false,false,false
med-synth-v2,d001823,fam_m022565,validation,validation_product_like,2025-07-23T11:11:00Z,routine,established_contact,false,false,false
med-synth-v2,d001824,fam_m022611,validation,validation_product_like,2025-07-23T12:00:00Z,S05,external_purchase,false,false,false
med-synth-v2,d001825,fam_m022625,validation,validation_product_like,2025-07-23T12:11:00Z,S05,external_purchase,false,false,false
med-synth-v2,d001826,fam_m022647,validation,validation_product_like,2025-07-23T12:50:00Z,routine,established_contact,false,false,false
med-synth-v2,d001827,fam_m022677,validation,validation_product_like,2025-07-23T15:20:00Z,routine,established_contact,false,false,false
med-synth-v2,d001068,fam_m029163,validation,validation_diagnostic,2025-07-23T18:03:00Z,S03,legitimate_first_contact,false,false,false
med-synth-v2,d001072,fam_m029171,validation,validation_diagnostic,2025-07-23T19:03:00Z,S06,legitimate_new_domain,false,false,false
med-synth-v2,d001076,fam_m029179,validation,validation_diagnostic,2025-07-23T20:03:00Z,S07,legitimate_topic_change,false,false,false
med-synth-v2,d001828,fam_m022455,validation,validation_product_like,2025-07-24T09:03:00Z,S05,internal_project,false,false,false
med-synth-v2,d001829,fam_m022461,validation,validation_product_like,2025-07-24T09:06:00Z,S05,internal_project,false,false,false
med-synth-v2,d001099,fam_m022485,validation,validation_product_like,2025-07-24T09:10:00Z,S05,internal_project,false,false,false
med-synth-v2,d001830,fam_m022493,validation,validation_product_like,2025-07-24T09:20:00Z,routine,established_contact,false,false,false
med-synth-v2,d001831,fam_m022527,validation,validation_product_like,2025-07-24T09:51:00Z,routine,established_contact,false,false,false
med-synth-v2,d001832,fam_m022587,validation,validation_product_like,2025-07-24T11:30:00Z,routine,established_contact,false,false,false
med-synth-v2,d001833,fam_m022597,validation,validation_product_like,2025-07-24T11:41:00Z,routine,established_contact,false,false,false
med-synth-v2,d001834,fam_m022649,validation,validation_product_like,2025-07-24T13:00:00Z,routine,established_contact,false,false,false
med-synth-v2,d001835,fam_m022465,validation,validation_product_like,2025-07-25T09:00:00Z,S05,internal_project,false,false,false
med-synth-v2,d001836,fam_m022471,validation,validation_product_like,2025-07-25T09:03:00Z,S05,internal_project,false,false,false
med-synth-v2,d001837,fam_m022477,validation,validation_product_like,2025-07-25T09:06:00Z,S05,internal_project,false,false,false
med-synth-v2,d001838,fam_m022507,validation,validation_product_like,2025-07-25T09:31:00Z,routine,established_contact,false,false,false
med-synth-v2,d001839,fam_m022535,validation,validation_product_like,2025-07-25T10:10:00Z,routine,established_contact,false,false,false
med-synth-v2,d001840,fam_m022555,validation,validation_product_like,2025-07-25T11:00:00Z,routine,established_contact,false,false,false
med-synth-v2,d001841,fam_m022569,validation,validation_product_like,2025-07-25T11:11:00Z,routine,established_contact,false,false,false
med-synth-v2,d001842,fam_m022617,validation,validation_product_like,2025-07-25T12:01:00Z,S05,external_purchase,false,false,false
med-synth-v2,d001843,fam_m022639,validation,validation_product_like,2025-07-25T12:20:00Z,S05,external_purchase,false,false,false
med-synth-v2,d001844,fam_m022661,validation,validation_product_like,2025-07-25T14:00:00Z,routine,established_contact,false,false,false
med-synth-v2,d001845,fam_m022683,validation,validation_product_like,2025-07-28T09:01:00Z,S05,internal_project,false,false,false
med-synth-v2,d001846,fam_m022689,validation,validation_product_like,2025-07-28T09:04:00Z,S05,internal_project,false,false,false
med-synth-v2,d001847,fam_m022695,validation,validation_product_like,2025-07-28T09:07:00Z,S05,internal_project,false,false,false
med-synth-v2,d001848,fam_m022789,validation,validation_product_like,2025-07-28T09:40:00Z,routine,established_contact,false,false,false
med-synth-v2,d001849,fam_m022827,validation,validation_product_like,2025-07-28T11:00:00Z,routine,established_contact,false,false,false
med-synth-v2,d001850,fam_m022851,validation,validation_product_like,2025-07-28T11:20:00Z,routine,established_contact,false,false,false
med-synth-v2,d001851,fam_m022889,validation,validation_product_like,2025-07-28T12:01:00Z,S05,external_purchase,false,false,false
med-synth-v2,d001852,fam_m022911,validation,validation_product_like,2025-07-28T12:20:00Z,S05,external_purchase,false,false,false
med-synth-v2,d001853,fam_m022933,validation,validation_product_like,2025-07-28T13:20:00Z,routine,established_contact,false,false,false
med-synth-v2,d001854,fam_m022697,validation,validation_product_like,2025-07-29T09:00:00Z,S05,internal_project,false,false,false
med-synth-v2,d001855,fam_m022703,validation,validation_product_like,2025-07-29T09:03:00Z,S05,internal_project,false,false,false
med-synth-v2,d001048,fam_m022705,validation,validation_diagnostic,2025-07-29T09:04:00Z,S08,two_unintended,true,false,false
med-synth-v2,d001049,fam_m022705,validation,validation_diagnostic,2025-07-29T09:04:00Z,S08,clean_twin,false,false,false
med-synth-v2,d001856,fam_m022711,validation,validation_product_like,2025-07-29T09:07:00Z,S05,internal_project,false,false,false
med-synth-v2,d001857,fam_m022771,validation,validation_product_like,2025-07-29T09:21:00Z,routine,established_contact,false,false,false
med-synth-v2,d001858,fam_m022813,validation,validation_product_like,2025-07-29T10:10:00Z,routine,established_contact,false,false,false
med-synth-v2,d001859,fam_m022871,validation,validation_product_like,2025-07-29T11:40:00Z,routine,established_contact,false,false,false
med-synth-v2,d001860,fam_m022881,validation,validation_product_like,2025-07-29T11:51:00Z,routine,established_contact,false,false,false
med-synth-v2,d001861,fam_m022945,validation,validation_product_like,2025-07-29T14:20:00Z,routine,established_contact,false,false,false
med-synth-v2,d001862,fam_m022715,validation,validation_product_like,2025-07-30T09:01:00Z,S05,internal_project,false,false,false
med-synth-v2,d001863,fam_m022721,validation,validation_product_like,2025-07-30T09:04:00Z,S05,internal_project,false,false,false
med-synth-v2,d001864,fam_m022781,validation,validation_product_like,2025-07-30T09:30:00Z,routine,established_contact,false,false,false
med-synth-v2,d001026,fam_m022783,validation,validation_diagnostic,2025-07-30T09:31:00Z,S04,familiar_topic_mismatch,true,false,false
med-synth-v2,d001027,fam_m022783,validation,validation_diagnostic,2025-07-30T09:31:00Z,S04,clean_twin,false,false,false
med-synth-v2,d001865,fam_m022809,validation,validation_product_like,2025-07-30T10:00:00Z,routine,established_contact,false,false,false
med-synth-v2,d001866,fam_m022833,validation,validation_product_like,2025-07-30T11:01:00Z,routine,established_contact,false,false,false
med-synth-v2,d001867,fam_m022855,validation,validation_product_like,2025-07-30T11:20:00Z,routine,established_contact,false,false,false
med-synth-v2,d001092,fam_m022893,validation,validation_product_like,2025-07-30T12:01:00Z,S05,external_purchase,false,false,false
med-synth-v2,d001868,fam_m022903,validation,validation_product_like,2025-07-30T12:10:00Z,S05,external_purchase,false,false,false
med-synth-v2,d001869,fam_m022917,validation,validation_product_like,2025-07-30T12:21:00Z,S05,external_purchase,false,false,false
med-synth-v2,d001870,fam_m022947,validation,validation_product_like,2025-07-30T14:30:00Z,routine,established_contact,false,false,false
med-synth-v2,d001087,fam_m022731,validation,validation_product_like,2025-07-31T09:01:00Z,S05,internal_project,false,false,false
med-synth-v2,d001871,fam_m022735,validation,validation_product_like,2025-07-31T09:03:00Z,S05,internal_project,false,false,false
med-synth-v2,d001872,fam_m022741,validation,validation_product_like,2025-07-31T09:06:00Z,S05,internal_project,false,false,false
med-synth-v2,d001873,fam_m022767,validation,validation_product_like,2025-07-31T09:11:00Z,S05,internal_project,false,false,false
med-synth-v2,d001017,fam_m022773,validation,validation_diagnostic,2025-07-31T09:20:00Z,S02,added_external,true,false,false
med-synth-v2,d001018,fam_m022773,validation,validation_diagnostic,2025-07-31T09:20:00Z,S02,clean_twin,false,false,false
med-synth-v2,d001874,fam_m022807,validation,validation_product_like,2025-07-31T09:51:00Z,routine,established_contact,false,false,false
med-synth-v2,d001875,fam_m022867,validation,validation_product_like,2025-07-31T11:30:00Z,routine,established_contact,false,false,false
med-synth-v2,d001876,fam_m022877,validation,validation_product_like,2025-07-31T11:41:00Z,routine,established_contact,false,false,false
med-synth-v2,d001877,fam_m022929,validation,validation_product_like,2025-07-31T13:00:00Z,routine,established_contact,false,false,false
med-synth-v2,d001878,fam_m022745,validation,validation_product_like,2025-08-01T09:00:00Z,S05,internal_project,false,false,false
med-synth-v2,d001879,fam_m022751,validation,validation_product_like,2025-08-01T09:03:00Z,S05,internal_project,false,false,false
med-synth-v2,d001880,fam_m022757,validation,validation_product_like,2025-08-01T09:06:00Z,S05,internal_project,false,false,false
med-synth-v2,d001881,fam_m022787,validation,validation_product_like,2025-08-01T09:31:00Z,routine,established_contact,false,false,false
med-synth-v2,d001882,fam_m022815,validation,validation_product_like,2025-08-01T10:10:00Z,routine,established_contact,false,false,false
med-synth-v2,d001883,fam_m022835,validation,validation_product_like,2025-08-01T11:00:00Z,routine,established_contact,false,false,false
med-synth-v2,d001884,fam_m022849,validation,validation_product_like,2025-08-01T11:11:00Z,routine,established_contact,false,false,false
med-synth-v2,d001885,fam_m022895,validation,validation_product_like,2025-08-01T12:00:00Z,S05,external_purchase,false,false,false
med-synth-v2,d001886,fam_m022919,validation,validation_product_like,2025-08-01T12:20:00Z,S05,external_purchase,false,false,false
med-synth-v2,d001887,fam_m022941,validation,validation_product_like,2025-08-01T14:00:00Z,routine,established_contact,false,false,false
med-synth-v2,d001888,fam_m022963,validation,validation_product_like,2025-08-04T09:01:00Z,S05,internal_project,false,false,false
med-synth-v2,d001889,fam_m022969,validation,validation_product_like,2025-08-04T09:04:00Z,S05,internal_project,false,false,false
med-synth-v2,d001890,fam_m022975,validation,validation_product_like,2025-08-04T09:07:00Z,S05,internal_project,false,false,false
med-synth-v2,d001891,fam_m023069,validation,validation_product_like,2025-08-04T09:40:00Z,routine,established_contact,false,false,false
med-synth-v2,d001892,fam_m023107,validation,validation_product_like,2025-08-04T11:00:00Z,routine,established_contact,false,false,false
med-synth-v2,d001893,fam_m023131,validation,validation_product_like,2025-08-04T11:20:00Z,routine,established_contact,false,false,false
med-synth-v2,d001894,fam_m023169,validation,validation_product_like,2025-08-04T12:01:00Z,S05,external_purchase,false,false,false
med-synth-v2,d001895,fam_m023191,validation,validation_product_like,2025-08-04T12:20:00Z,S05,external_purchase,false,false,false
med-synth-v2,d001896,fam_m023213,validation,validation_product_like,2025-08-04T13:20:00Z,routine,established_contact,false,false,false
med-synth-v2,d001897,fam_m022977,validation,validation_product_like,2025-08-05T09:00:00Z,S05,internal_project,false,false,false
med-synth-v2,d001898,fam_m022983,validation,validation_product_like,2025-08-05T09:03:00Z,S05,internal_project,false,false,false
med-synth-v2,d001899,fam_m022989,validation,validation_product_like,2025-08-05T09:06:00Z,S05,internal_project,false,false,false
med-synth-v2,d001900,fam_m023049,validation,validation_product_like,2025-08-05T09:20:00Z,routine,established_contact,false,false,false
med-synth-v2,d001901,fam_m023083,validation,validation_product_like,2025-08-05T09:51:00Z,routine,established_contact,false,false,false
med-synth-v2,d001902,fam_m023145,validation,validation_product_like,2025-08-05T11:31:00Z,routine,established_contact,false,false,false
med-synth-v2,d001903,fam_m023159,validation,validation_product_like,2025-08-05T11:50:00Z,routine,established_contact,false,false,false
med-synth-v2,d001904,fam_m023215,validation,validation_product_like,2025-08-05T13:30:00Z,routine,established_contact,false,false,false
med-synth-v2,d001905,fam_m022993,validation,validation_product_like,2025-08-06T09:00:00Z,S05,internal_project,false,false,false
med-synth-v2,d001906,fam_m022999,validation,validation_product_like,2025-08-06T09:03:00Z,S05,internal_project,false,false,false
med-synth-v2,d001907,fam_m023007,validation,validation_product_like,2025-08-06T09:07:00Z,S05,internal_project,false,false,false
med-synth-v2,d001908,fam_m023073,validation,validation_product_like,2025-08-06T09:40:00Z,routine,established_contact,false,false,false
med-synth-v2,d001909,fam_m023091,validation,validation_product_like,2025-08-06T10:01:00Z,routine,established_contact,false,false,false
med-synth-v2,d001910,fam_m023123,validation,validation_product_like,2025-08-06T11:10:00Z,routine,established_contact,false,false,false
med-synth-v2,d001911,fam_m023137,validation,validation_product_like,2025-08-06T11:21:00Z,routine,established_contact,false,false,false
med-synth-v2,d001912,fam_m023183,validation,validation_product_like,2025-08-06T12:10:00Z,S05,external_purchase,false,false,false
med-synth-v2,d001913,fam_m023197,validation,validation_product_like,2025-08-06T12:21:00Z,S05,external_purchase,false,false,false
med-synth-v2,d001914,fam_m023237,validation,validation_product_like,2025-08-06T15:20:00Z,routine,established_contact,false,false,false
med-synth-v2,d001915,fam_m023013,validation,validation_product_like,2025-08-07T09:02:00Z,S05,internal_project,false,false,false
med-synth-v2,d001916,fam_m023019,validation,validation_product_like,2025-08-07T09:05:00Z,S05,internal_project,false,false,false
med-synth-v2,d001917,fam_m023045,validation,validation_product_like,2025-08-07T09:10:00Z,S05,internal_project,false,false,false
med-synth-v2,d001918,fam_m023055,validation,validation_product_like,2025-08-07T09:21:00Z,routine,established_contact,false,false,false
med-synth-v2,d001919,fam_m023099,validation,validation_product_like,2025-08-07T10:30:00Z,routine,established_contact,false,false,false
med-synth-v2,d001920,fam_m023149,validation,validation_product_like,2025-08-07T11:31:00Z,routine,established_contact,false,false,false
med-synth-v2,d001921,fam_m023163,validation,validation_product_like,2025-08-07T11:50:00Z,routine,established_contact,false,false,false
med-synth-v2,d001922,fam_m023229,validation,validation_product_like,2025-08-07T14:40:00Z,routine,established_contact,false,false,false
med-synth-v2,d001050,fam_m023027,validation,validation_diagnostic,2025-08-08T09:01:00Z,S08,two_unintended,true,false,false
med-synth-v2,d001051,fam_m023027,validation,validation_diagnostic,2025-08-08T09:01:00Z,S08,clean_twin,false,false,false
med-synth-v2,d001923,fam_m023029,validation,validation_product_like,2025-08-08T09:02:00Z,S05,internal_project,false,false,false
med-synth-v2,d001924,fam_m023035,validation,validation_product_like,2025-08-08T09:05:00Z,S05,internal_project,false,false,false
med-synth-v2,d001925,fam_m023065,validation,validation_product_like,2025-08-08T09:30:00Z,routine,established_contact,false,false,false
med-synth-v2,d001926,fam_m023079,validation,validation_product_like,2025-08-08T09:41:00Z,routine,established_contact,false,false,false
med-synth-v2,d001927,fam_m023105,validation,validation_product_like,2025-08-08T10:50:00Z,routine,established_contact,false,false,false
med-synth-v2,d001928,fam_m023127,validation,validation_product_like,2025-08-08T11:10:00Z,routine,established_contact,false,false,false
med-synth-v2,d001929,fam_m023175,validation,validation_product_like,2025-08-08T12:00:00Z,S05,external_purchase,false,false,false
med-synth-v2,d001930,fam_m023189,validation,validation_product_like,2025-08-08T12:11:00Z,S05,external_purchase,false,false,false
med-synth-v2,d001931,fam_m023211,validation,validation_product_like,2025-08-08T13:10:00Z,routine,established_contact,false,false,false
med-synth-v2,d001932,fam_m023241,validation,validation_product_like,2025-08-11T09:00:00Z,S05,internal_project,false,false,false
med-synth-v2,d001933,fam_m023247,validation,validation_product_like,2025-08-11T09:03:00Z,S05,internal_project,false,false,false
med-synth-v2,d001934,fam_m023253,validation,validation_product_like,2025-08-11T09:06:00Z,S05,internal_project,false,false,false
med-synth-v2,d001935,fam_m023339,validation,validation_product_like,2025-08-11T09:31:00Z,routine,established_contact,false,false,false
med-synth-v2,d001936,fam_m023387,validation,validation_product_like,2025-08-11T11:00:00Z,routine,established_contact,false,false,false
med-synth-v2,d001937,fam_m023401,validation,validation_product_like,2025-08-11T11:11:00Z,routine,established_contact,false,false,false
med-synth-v2,d001938,fam_m023447,validation,validation_product_like,2025-08-11T12:00:00Z,S05,external_purchase,false,false,false
med-synth-v2,d001939,fam_m023461,validation,validation_product_like,2025-08-11T12:11:00Z,S05,external_purchase,false,false,false
med-synth-v2,d001940,fam_m023483,validation,validation_product_like,2025-08-11T12:30:00Z,routine,established_contact,false,false,false
med-synth-v2,d001941,fam_m023513,validation,validation_product_like,2025-08-11T15:00:00Z,routine,established_contact,false,false,false
med-synth-v2,d001942,fam_m023261,validation,validation_product_like,2025-08-12T09:02:00Z,S05,internal_project,false,false,false
med-synth-v2,d001943,fam_m023269,validation,validation_product_like,2025-08-12T09:06:00Z,S05,internal_project,false,false,false
med-synth-v2,d001100,fam_m023323,validation,validation_product_like,2025-08-12T09:11:00Z,S05,internal_project,false,false,false
med-synth-v2,d001944,fam_m023329,validation,validation_product_like,2025-08-12T09:20:00Z,routine,established_contact,false,false,false
med-synth-v2,d001945,fam_m023363,validation,validation_product_like,2025-08-12T09:51:00Z,routine,established_contact,false,false,false
med-synth-v2,d001946,fam_m023425,validation,validation_product_like,2025-08-12T11:31:00Z,routine,established_contact,false,false,false
med-synth-v2,d001947,fam_m023439,validation,validation_product_like,2025-08-12T11:50:00Z,routine,established_contact,false,false,false
med-synth-v2,d001948,fam_m023495,validation,validation_product_like,2025-08-12T13:30:00Z,routine,established_contact,false,false,false
med-synth-v2,d001949,fam_m023273,validation,validation_product_like,2025-08-13T09:00:00Z,S05,internal_project,false,false,false
med-synth-v2,d001950,fam_m023281,validation,validation_product_like,2025-08-13T09:04:00Z,S05,internal_project,false,false,false
med-synth-v2,d001951,fam_m023287,validation,validation_product_like,2025-08-13T09:07:00Z,S05,internal_project,false,false,false
med-synth-v2,d001952,fam_m023353,validation,validation_product_like,2025-08-13T09:40:00Z,routine,established_contact,false,false,false
med-synth-v2,d001953,fam_m023371,validation,validation_product_like,2025-08-13T10:01:00Z,routine,established_contact,false,false,false
med-synth-v2,d001954,fam_m023403,validation,validation_product_like,2025-08-13T11:10:00Z,routine,established_contact,false,false,false
med-synth-v2,d001955,fam_m023417,validation,validation_product_like,2025-08-13T11:21:00Z,routine,established_contact,false,false,false
med-synth-v2,d001956,fam_m023463,validation,validation_product_like,2025-08-13T12:10:00Z,S05,external_purchase,false,false,false
med-synth-v2,d001957,fam_m023477,validation,validation_product_like,2025-08-13T12:21:00Z,S05,external_purchase,false,false,false
med-synth-v2,d001958,fam_m023517,validation,validation_product_like,2025-08-13T15:20:00Z,routine,established_contact,false,false,false
med-synth-v2,d001959,fam_m023293,validation,validation_product_like,2025-08-14T09:02:00Z,S05,internal_project,false,false,false
med-synth-v2,d001960,fam_m023299,validation,validation_product_like,2025-08-14T09:05:00Z,S05,internal_project,false,false,false
med-synth-v2,d001961,fam_m023325,validation,validation_product_like,2025-08-14T09:10:00Z,S05,internal_project,false,false,false
med-synth-v2,d001962,fam_m023335,validation,validation_product_like,2025-08-14T09:21:00Z,routine,established_contact,false,false,false
med-synth-v2,d001963,fam_m023379,validation,validation_product_like,2025-08-14T10:30:00Z,routine,established_contact,false,false,false
med-synth-v2,d001964,fam_m023429,validation,validation_product_like,2025-08-14T11:31:00Z,routine,established_contact,false,false,false
med-synth-v2,d001965,fam_m023445,validation,validation_product_like,2025-08-14T11:51:00Z,routine,established_contact,false,false,false
med-synth-v2,d001966,fam_m023509,validation,validation_product_like,2025-08-14T14:40:00Z,routine,established_contact,false,false,false
med-synth-v2,d001967,fam_m023307,validation,validation_product_like,2025-08-15T09:01:00Z,S05,internal_project,false,false,false
med-synth-v2,d001968,fam_m023313,validation,validation_product_like,2025-08-15T09:04:00Z,S05,internal_project,false,false,false
med-synth-v2,d001969,fam_m023319,validation,validation_product_like,2025-08-15T09:07:00Z,S05,internal_project,false,false,false
med-synth-v2,d001970,fam_m023357,validation,validation_product_like,2025-08-15T09:40:00Z,routine,established_contact,false,false,false
med-synth-v2,d001971,fam_m023377,validation,validation_product_like,2025-08-15T10:20:00Z,routine,established_contact,false,false,false
med-synth-v2,d001972,fam_m023407,validation,validation_product_like,2025-08-15T11:10:00Z,routine,established_contact,false,false,false
med-synth-v2,d001973,fam_m023421,validation,validation_product_like,2025-08-15T11:21:00Z,routine,established_contact,false,false,false
med-synth-v2,d001974,fam_m023467,validation,validation_product_like,2025-08-15T12:10:00Z,S05,external_purchase,false,false,false
med-synth-v2,d001975,fam_m023481,validation,validation_product_like,2025-08-15T12:21:00Z,S05,external_purchase,false,false,false
med-synth-v2,d001976,fam_m023511,validation,validation_product_like,2025-08-15T14:50:00Z,routine,established_contact,false,false,false
med-synth-v2,d001977,fam_m023525,validation,validation_product_like,2025-08-18T09:02:00Z,S05,internal_project,false,false,false
med-synth-v2,d001978,fam_m023531,validation,validation_product_like,2025-08-18T09:05:00Z,S05,internal_project,false,false,false
med-synth-v2,d001979,fam_m023619,validation,validation_product_like,2025-08-18T09:31:00Z,routine,established_contact,false,false,false
med-synth-v2,d001980,fam_m023661,validation,validation_product_like,2025-08-18T10:40:00Z,routine,established_contact,false,false,false
med-synth-v2,d001981,fam_m023679,validation,validation_product_like,2025-08-18T11:10:00Z,routine,established_contact,false,false,false
med-synth-v2,d001982,fam_m023693,validation,validation_product_like,2025-08-18T11:21:00Z,routine,established_contact,false,false,false
med-synth-v2,d001983,fam_m023739,validation,validation_product_like,2025-08-18T12:10:00Z,S05,external_purchase,false,false,false
med-synth-v2,d001984,fam_m023753,validation,validation_product_like,2025-08-18T12:21:00Z,S05,external_purchase,false,false,false
med-synth-v2,d001985,fam_m023783,validation,validation_product_like,2025-08-18T14:10:00Z,routine,established_contact,false,false,false
med-synth-v2,d001986,fam_m023541,validation,validation_product_like,2025-08-19T09:02:00Z,S05,internal_project,false,false,false
med-synth-v2,d001987,fam_m023547,validation,validation_product_like,2025-08-19T09:05:00Z,S05,internal_project,false,false,false
med-synth-v2,d001988,fam_m023601,validation,validation_product_like,2025-08-19T09:10:00Z,S05,internal_project,false,false,false
med-synth-v2,d001989,fam_m023611,validation,validation_product_like,2025-08-19T09:21:00Z,routine,established_contact,false,false,false
med-synth-v2,d001990,fam_m023653,validation,validation_product_like,2025-08-19T10:10:00Z,routine,established_contact,false,false,false
med-synth-v2,d001991,fam_m023711,validation,validation_product_like,2025-08-19T11:40:00Z,routine,established_contact,false,false,false
med-synth-v2,d001992,fam_m023721,validation,validation_product_like,2025-08-19T11:51:00Z,routine,established_contact,false,false,false
med-synth-v2,d001993,fam_m023785,validation,validation_product_like,2025-08-19T14:20:00Z,routine,established_contact,false,false,false
med-synth-v2,d001052,fam_m023553,validation,validation_diagnostic,2025-08-20T09:00:00Z,S08,two_unintended,true,false,false
med-synth-v2,d001053,fam_m023553,validation,validation_diagnostic,2025-08-20T09:00:00Z,S08,clean_twin,false,false,false
med-synth-v2,d001994,fam_m023559,validation,validation_product_like,2025-08-20T09:03:00Z,S05,internal_project,false,false,false
med-synth-v2,d001995,fam_m023565,validation,validation_product_like,2025-08-20T09:06:00Z,S05,internal_project,false,false,false
med-synth-v2,d001996,fam_m023623,validation,validation_product_like,2025-08-20T09:31:00Z,routine,established_contact,false,false,false
med-synth-v2,d001997,fam_m023649,validation,validation_product_like,2025-08-20T10:00:00Z,routine,established_contact,false,false,false
med-synth-v2,d001998,fam_m023673,validation,validation_product_like,2025-08-20T11:01:00Z,routine,established_contact,false,false,false
med-synth-v2,d001999,fam_m023695,validation,validation_product_like,2025-08-20T11:20:00Z,routine,established_contact,false,false,false
med-synth-v2,d002000,fam_m023733,validation,validation_product_like,2025-08-20T12:01:00Z,S05,external_purchase,false,false,false
med-synth-v2,d002001,fam_m023757,validation,validation_product_like,2025-08-20T12:21:00Z,S05,external_purchase,false,false,false
med-synth-v2,d002002,fam_m023787,validation,validation_product_like,2025-08-20T14:30:00Z,routine,established_contact,false,false,false
med-synth-v2,d002003,fam_m023571,validation,validation_product_like,2025-08-21T09:01:00Z,S05,internal_project,false,false,false
med-synth-v2,d002004,fam_m023577,validation,validation_product_like,2025-08-21T09:04:00Z,S05,internal_project,false,false,false
med-synth-v2,d002005,fam_m023583,validation,validation_product_like,2025-08-21T09:07:00Z,S05,internal_project,false,false,false
med-synth-v2,d002006,fam_m023613,validation,validation_product_like,2025-08-21T09:20:00Z,routine,established_contact,false,false,false
med-synth-v2,d002007,fam_m023647,validation,validation_product_like,2025-08-21T09:51:00Z,routine,established_contact,false,false,false
med-synth-v2,d002008,fam_m023709,validation,validation_product_like,2025-08-21T11:31:00Z,routine,established_contact,false,false,false
med-synth-v2,d002009,fam_m023723,validation,validation_product_like,2025-08-21T11:50:00Z,routine,established_contact,false,false,false
med-synth-v2,d002010,fam_m023779,validation,validation_product_like,2025-08-21T13:50:00Z,routine,established_contact,false,false,false
med-synth-v2,d002011,fam_m023585,validation,validation_product_like,2025-08-22T09:00:00Z,S05,internal_project,false,false,false
med-synth-v2,d002012,fam_m023591,validation,validation_product_like,2025-08-22T09:03:00Z,S05,internal_project,false,false,false
med-synth-v2,d002013,fam_m023597,validation,validation_product_like,2025-08-22T09:06:00Z,S05,internal_project,false,false,false
med-synth-v2,d002014,fam_m023627,validation,validation_product_like,2025-08-22T09:31:00Z,routine,established_contact,false,false,false
med-synth-v2,d002015,fam_m023657,validation,validation_product_like,2025-08-22T10:20:00Z,routine,established_contact,false,false,false
med-synth-v2,d002016,fam_m023677,validation,validation_product_like,2025-08-22T11:01:00Z,routine,established_contact,false,false,false
med-synth-v2,d002017,fam_m023699,validation,validation_product_like,2025-08-22T11:20:00Z,routine,established_contact,false,false,false
med-synth-v2,d002018,fam_m023737,validation,validation_product_like,2025-08-22T12:01:00Z,S05,external_purchase,false,false,false
med-synth-v2,d002019,fam_m023759,validation,validation_product_like,2025-08-22T12:20:00Z,S05,external_purchase,false,false,false
med-synth-v2,d002020,fam_m023781,validation,validation_product_like,2025-08-22T14:00:00Z,routine,established_contact,false,false,false
med-synth-v2,d002021,fam_m023803,validation,validation_product_like,2025-08-25T09:01:00Z,S05,internal_project,false,false,false
med-synth-v2,d002022,fam_m023811,validation,validation_product_like,2025-08-25T09:05:00Z,S05,internal_project,false,false,false
med-synth-v2,d002023,fam_m023897,validation,validation_product_like,2025-08-25T09:30:00Z,routine,established_contact,false,false,false
med-synth-v2,d002024,fam_m023911,validation,validation_product_like,2025-08-25T09:41:00Z,routine,established_contact,false,false,false
med-synth-v2,d002025,fam_m023949,validation,validation_product_like,2025-08-25T11:01:00Z,routine,established_contact,false,false,false
med-synth-v2,d002026,fam_m023971,validation,validation_product_like,2025-08-25T11:20:00Z,routine,established_contact,false,false,false
med-synth-v2,d002027,fam_m024009,validation,validation_product_like,2025-08-25T12:01:00Z,S05,external_purchase,false,false,false
med-synth-v2,d002028,fam_m024031,validation,validation_product_like,2025-08-25T12:20:00Z,S05,external_purchase,false,false,false
med-synth-v2,d002029,fam_m024053,validation,validation_product_like,2025-08-25T13:20:00Z,routine,established_contact,false,false,false
med-synth-v2,d002030,fam_m023819,validation,validation_product_like,2025-08-26T09:01:00Z,S05,internal_project,false,false,false
med-synth-v2,d002031,fam_m023825,validation,validation_product_like,2025-08-26T09:04:00Z,S05,internal_project,false,false,false
med-synth-v2,d002032,fam_m023831,validation,validation_product_like,2025-08-26T09:07:00Z,S05,internal_project,false,false,false
med-synth-v2,d002033,fam_m023889,validation,validation_product_like,2025-08-26T09:20:00Z,routine,established_contact,false,false,false
med-synth-v2,d002034,fam_m023923,validation,validation_product_like,2025-08-26T09:51:00Z,routine,established_contact,false,false,false
med-synth-v2,d002035,fam_m023985,validation,validation_product_like,2025-08-26T11:31:00Z,routine,established_contact,false,false,false
med-synth-v2,d002036,fam_m023999,validation,validation_product_like,2025-08-26T11:50:00Z,routine,established_contact,false,false,false
med-synth-v2,d002037,fam_m024065,validation,validation_product_like,2025-08-26T14:20:00Z,routine,established_contact,false,false,false
med-synth-v2,d002038,fam_m023835,validation,validation_product_like,2025-08-27T09:01:00Z,S05,internal_project,false,false,false
med-synth-v2,d002039,fam_m023841,validation,validation_product_like,2025-08-27T09:04:00Z,S05,internal_project,false,false,false
med-synth-v2,d002040,fam_m023847,validation,validation_product_like,2025-08-27T09:07:00Z,S05,internal_project,false,false,false
med-synth-v2,d002041,fam_m023913,validation,validation_product_like,2025-08-27T09:40:00Z,routine,established_contact,false,false,false
med-synth-v2,d002042,fam_m023931,validation,validation_product_like,2025-08-27T10:01:00Z,routine,established_contact,false,false,false
med-synth-v2,d002043,fam_m023963,validation,validation_product_like,2025-08-27T11:10:00Z,routine,established_contact,false,false,false
med-synth-v2,d002044,fam_m024011,validation,validation_product_like,2025-08-27T12:00:00Z,S05,external_purchase,false,false,false
med-synth-v2,d002045,fam_m024025,validation,validation_product_like,2025-08-27T12:11:00Z,S05,external_purchase,false,false,false
med-synth-v2,d002046,fam_m024047,validation,validation_product_like,2025-08-27T12:50:00Z,routine,established_contact,false,false,false
med-synth-v2,d002047,fam_m024077,validation,validation_product_like,2025-08-27T15:20:00Z,routine,established_contact,false,false,false
med-synth-v2,d002048,fam_m023853,validation,validation_product_like,2025-08-28T09:02:00Z,S05,internal_project,false,false,false
med-synth-v2,d002049,fam_m023859,validation,validation_product_like,2025-08-28T09:05:00Z,S05,internal_project,false,false,false
med-synth-v2,d002050,fam_m023885,validation,validation_product_like,2025-08-28T09:10:00Z,S05,internal_project,false,false,false
med-synth-v2,d002051,fam_m023925,validation,validation_product_like,2025-08-28T09:50:00Z,routine,established_contact,false,false,false
med-synth-v2,d002052,fam_m023943,validation,validation_product_like,2025-08-28T10:40:00Z,routine,established_contact,false,false,false
med-synth-v2,d002053,fam_m023995,validation,validation_product_like,2025-08-28T11:40:00Z,routine,established_contact,false,false,false
med-synth-v2,d002054,fam_m024005,validation,validation_product_like,2025-08-28T11:51:00Z,routine,established_contact,false,false,false
med-synth-v2,d002055,fam_m024069,validation,validation_product_like,2025-08-28T14:40:00Z,routine,established_contact,false,false,false
med-synth-v2,d002056,fam_m023867,validation,validation_product_like,2025-08-29T09:01:00Z,S05,internal_project,false,false,false
med-synth-v2,d002057,fam_m023873,validation,validation_product_like,2025-08-29T09:04:00Z,S05,internal_project,false,false,false
med-synth-v2,d002058,fam_m023905,validation,validation_product_like,2025-08-29T09:30:00Z,routine,established_contact,false,false,false
med-synth-v2,d002059,fam_m023919,validation,validation_product_like,2025-08-29T09:41:00Z,routine,established_contact,false,false,false
med-synth-v2,d002060,fam_m023945,validation,validation_product_like,2025-08-29T10:50:00Z,routine,established_contact,false,false,false
med-synth-v2,d002061,fam_m023967,validation,validation_product_like,2025-08-29T11:10:00Z,routine,established_contact,false,false,false
med-synth-v2,d002062,fam_m023981,validation,validation_product_like,2025-08-29T11:21:00Z,routine,established_contact,false,false,false
med-synth-v2,d002063,fam_m024027,validation,validation_product_like,2025-08-29T12:10:00Z,S05,external_purchase,false,false,false
med-synth-v2,d002064,fam_m024041,validation,validation_product_like,2025-08-29T12:21:00Z,S05,external_purchase,false,false,false
med-synth-v2,d002097,fam_m024081,test,test_product_like,2025-09-01T09:00:00Z,S08,unintended_cc,true,false,true
med-synth-v2,d002132,fam_m024083,test,test_diagnostic,2025-09-01T09:01:00Z,S05,internal_project,false,false,true
med-synth-v2,d002157,fam_m024085,test,test_product_like,2025-09-01T09:02:00Z,S05,internal_project,false,false,true
med-synth-v2,d002175,fam_m024087,test,test_product_like,2025-09-01T09:03:00Z,S05,internal_project,false,false,true
med-synth-v2,d002176,fam_m024089,test,test_product_like,2025-09-01T09:04:00Z,S05,internal_project,false,false,true
med-synth-v2,d002177,fam_m024091,test,test_product_like,2025-09-01T09:05:00Z,S05,internal_project,false,false,true
med-synth-v2,d002178,fam_m024093,test,test_product_like,2025-09-01T09:06:00Z,S05,internal_project,false,false,true
med-synth-v2,d002087,fam_m024177,test,test_product_like,2025-09-01T09:30:00Z,S04,familiar_topic_mismatch,true,false,true
med-synth-v2,d002179,fam_m024179,test,test_product_like,2025-09-01T09:31:00Z,routine,established_contact,false,false,true
med-synth-v2,d002180,fam_m024189,test,test_product_like,2025-09-01T09:40:00Z,routine,established_contact,false,false,true
med-synth-v2,d002181,fam_m024191,test,test_product_like,2025-09-01T09:41:00Z,routine,established_contact,false,false,true
med-synth-v2,d002182,fam_m024221,test,test_product_like,2025-09-01T10:40:00Z,routine,established_contact,false,false,true
med-synth-v2,d002065,fam_m024227,test,test_product_like,2025-09-01T11:00:00Z,S01,lookalike_replacement,true,false,true
med-synth-v2,d002124,fam_m024229,test,test_diagnostic,2025-09-01T11:01:00Z,S09,little_text_unintended,true,false,true
med-synth-v2,d002125,fam_m024229,test,test_diagnostic,2025-09-01T11:01:00Z,S09,clean_twin,false,false,true
med-synth-v2,d002066,fam_m024239,test,test_product_like,2025-09-01T11:10:00Z,S01,lookalike_replacement,true,false,true
med-synth-v2,d002126,fam_m024241,test,test_diagnostic,2025-09-01T11:11:00Z,S09,little_text_unintended,true,false,true
med-synth-v2,d002127,fam_m024241,test,test_diagnostic,2025-09-01T11:11:00Z,S09,clean_twin,false,false,true
med-synth-v2,d002067,fam_m024251,test,test_product_like,2025-09-01T11:20:00Z,S01,lookalike_replacement,true,false,true
med-synth-v2,d002128,fam_m024253,test,test_diagnostic,2025-09-01T11:21:00Z,S09,little_text_unintended,true,false,true
med-synth-v2,d002129,fam_m024253,test,test_diagnostic,2025-09-01T11:21:00Z,S09,clean_twin,false,false,true
med-synth-v2,d002133,fam_m024287,test,test_diagnostic,2025-09-01T12:00:00Z,S05,external_purchase,false,false,true
med-synth-v2,d002162,fam_m024289,test,test_product_like,2025-09-01T12:01:00Z,S05,external_purchase,false,false,true
med-synth-v2,d002183,fam_m024301,test,test_product_like,2025-09-01T12:11:00Z,S05,external_purchase,false,false,true
med-synth-v2,d002184,fam_m024311,test,test_product_like,2025-09-01T12:20:00Z,S05,external_purchase,false,false,true
med-synth-v2,d002185,fam_m024313,test,test_product_like,2025-09-01T12:21:00Z,S05,external_purchase,false,false,true
med-synth-v2,d002186,fam_m024323,test,test_product_like,2025-09-01T12:30:00Z,routine,established_contact,false,false,true
med-synth-v2,d002187,fam_m024343,test,test_product_like,2025-09-01T14:10:00Z,routine,established_contact,false,false,true
med-synth-v2,d002188,fam_m024353,test,test_product_like,2025-09-01T15:00:00Z,routine,established_contact,false,false,true
med-synth-v2,d002189,fam_m024097,test,test_product_like,2025-09-02T09:00:00Z,S05,internal_project,false,false,true
med-synth-v2,d002190,fam_m024099,test,test_product_like,2025-09-02T09:01:00Z,S05,internal_project,false,false,true
med-synth-v2,d002191,fam_m024103,test,test_product_like,2025-09-02T09:03:00Z,S05,internal_project,false,false,true
med-synth-v2,d002192,fam_m024105,test,test_product_like,2025-09-02T09:04:00Z,S05,internal_project,false,false,true
med-synth-v2,d002193,fam_m024107,test,test_product_like,2025-09-02T09:05:00Z,S05,internal_project,false,false,true
med-synth-v2,d002194,fam_m024109,test,test_product_like,2025-09-02T09:06:00Z,S05,internal_project,false,false,true
med-synth-v2,d002123,fam_m024161,test,test_diagnostic,2025-09-02T09:10:00Z,S08,all_intended,false,false,true
med-synth-v2,d002167,fam_m024163,test,test_product_like,2025-09-02T09:11:00Z,S05,internal_project,false,false,true
med-synth-v2,d002076,fam_m024169,test,test_product_like,2025-09-02T09:20:00Z,S02,added_external,true,false,true
med-synth-v2,d002195,fam_m024171,test,test_product_like,2025-09-02T09:21:00Z,routine,established_contact,false,false,true
med-synth-v2,d002196,fam_m024201,test,test_product_like,2025-09-02T09:50:00Z,routine,established_contact,false,false,true
med-synth-v2,d002197,fam_m024203,test,test_product_like,2025-09-02T09:51:00Z,routine,established_contact,false,false,true
med-synth-v2,d002198,fam_m024213,test,test_product_like,2025-09-02T10:10:00Z,routine,established_contact,false,false,true
med-synth-v2,d002199,fam_m024265,test,test_product_like,2025-09-02T11:31:00Z,routine,established_contact,false,false,true
med-synth-v2,d002200,fam_m024271,test,test_product_like,2025-09-02T11:40:00Z,routine,established_contact,false,false,true
med-synth-v2,d002201,fam_m024273,test,test_product_like,2025-09-02T11:41:00Z,routine,established_contact,false,false,true
med-synth-v2,d002202,fam_m024281,test,test_product_like,2025-09-02T11:51:00Z,routine,established_contact,false,false,true
med-synth-v2,d002203,fam_m024325,test,test_product_like,2025-09-02T12:40:00Z,routine,established_contact,false,false,true
med-synth-v2,d002204,fam_m024335,test,test_product_like,2025-09-02T13:30:00Z,routine,established_contact,false,false,true
med-synth-v2,d002205,fam_m024345,test,test_product_like,2025-09-02T14:20:00Z,routine,established_contact,false,false,true
med-synth-v2,d002206,fam_m024113,test,test_product_like,2025-09-03T09:00:00Z,S05,internal_project,false,false,true
med-synth-v2,d002207,fam_m024115,test,test_product_like,2025-09-03T09:01:00Z,S05,internal_project,false,false,true
med-synth-v2,d002208,fam_m024117,test,test_product_like,2025-09-03T09:02:00Z,S05,internal_project,false,false,true
med-synth-v2,d002209,fam_m024119,test,test_product_like,2025-09-03T09:03:00Z,S05,internal_project,false,false,true
med-synth-v2,d002210,fam_m024123,test,test_product_like,2025-09-03T09:05:00Z,S05,internal_project,false,false,true
med-synth-v2,d002211,fam_m024125,test,test_product_like,2025-09-03T09:06:00Z,S05,internal_project,false,false,true
med-synth-v2,d002212,fam_m024127,test,test_product_like,2025-09-03T09:07:00Z,S05,internal_project,false,false,true
med-synth-v2,d002213,fam_m024181,test,test_product_like,2025-09-03T09:30:00Z,routine,established_contact,false,false,true
med-synth-v2,d002214,fam_m024193,test,test_product_like,2025-09-03T09:40:00Z,routine,established_contact,false,false,true
med-synth-v2,d002215,fam_m024195,test,test_product_like,2025-09-03T09:41:00Z,routine,established_contact,false,false,true
med-synth-v2,d002216,fam_m024209,test,test_product_like,2025-09-03T10:00:00Z,routine,established_contact,false,false,true
med-synth-v2,d002217,fam_m024211,test,test_product_like,2025-09-03T10:01:00Z,routine,established_contact,false,false,true
med-synth-v2,d002218,fam_m024233,test,test_product_like,2025-09-03T11:01:00Z,routine,established_contact,false,false,true
med-synth-v2,d002219,fam_m024243,test,test_product_like,2025-09-03T11:10:00Z,routine,established_contact,false,false,true
med-synth-v2,d002220,fam_m024245,test,test_product_like,2025-09-03T11:11:00Z,routine,established_contact,false,false,true
med-synth-v2,d002221,fam_m024255,test,test_product_like,2025-09-03T11:20:00Z,routine,established_contact,false,false,true
med-synth-v2,d002222,fam_m024291,test,test_product_like,2025-09-03T12:00:00Z,S05,external_purchase,false,false,true
med-synth-v2,d002223,fam_m024293,test,test_product_like,2025-09-03T12:01:00Z,S05,external_purchase,false,false,true
med-synth-v2,d002224,fam_m024303,test,test_product_like,2025-09-03T12:10:00Z,S05,external_purchase,false,false,true
med-synth-v2,d002225,fam_m024305,test,test_product_like,2025-09-03T12:11:00Z,S05,external_purchase,false,false,true
med-synth-v2,d002226,fam_m024317,test,test_product_like,2025-09-03T12:21:00Z,S05,external_purchase,false,false,true
med-synth-v2,d002227,fam_m024327,test,test_product_like,2025-09-03T12:50:00Z,routine,established_contact,false,false,true
med-synth-v2,d002228,fam_m024337,test,test_product_like,2025-09-03T13:40:00Z,routine,established_contact,false,false,true
med-synth-v2,d002229,fam_m024357,test,test_product_like,2025-09-03T15:20:00Z,routine,established_contact,false,false,true
med-synth-v2,d002230,fam_m024129,test,test_product_like,2025-09-04T09:00:00Z,S05,internal_project,false,false,true
med-synth-v2,d002231,fam_m024131,test,test_product_like,2025-09-04T09:01:00Z,S05,internal_project,false,false,true
med-synth-v2,d002232,fam_m024133,test,test_product_like,2025-09-04T09:02:00Z,S05,internal_project,false,false,true
med-synth-v2,d002233,fam_m024137,test,test_product_like,2025-09-04T09:04:00Z,S05,internal_project,false,false,true
med-synth-v2,d002234,fam_m024139,test,test_product_like,2025-09-04T09:05:00Z,S05,internal_project,false,false,true
med-synth-v2,d002235,fam_m024141,test,test_product_like,2025-09-04T09:06:00Z,S05,internal_project,false,false,true
med-synth-v2,d002236,fam_m024143,test,test_product_like,2025-09-04T09:07:00Z,S05,internal_project,false,false,true
med-synth-v2,d002237,fam_m024167,test,test_product_like,2025-09-04T09:11:00Z,S05,internal_project,false,false,true
med-synth-v2,d002238,fam_m024173,test,test_product_like,2025-09-04T09:20:00Z,routine,established_contact,false,false,true
med-synth-v2,d002239,fam_m024175,test,test_product_like,2025-09-04T09:21:00Z,routine,established_contact,false,false,true
med-synth-v2,d002240,fam_m024205,test,test_product_like,2025-09-04T09:50:00Z,routine,established_contact,false,false,true
med-synth-v2,d002241,fam_m024219,test,test_product_like,2025-09-04T10:30:00Z,routine,established_contact,false,false,true
med-synth-v2,d002242,fam_m024223,test,test_product_like,2025-09-04T10:40:00Z,routine,established_contact,false,false,true
med-synth-v2,d002243,fam_m024267,test,test_product_like,2025-09-04T11:30:00Z,routine,established_contact,false,false,true
med-synth-v2,d002244,fam_m024269,test,test_product_like,2025-09-04T11:31:00Z,routine,established_contact,false,false,true
med-synth-v2,d002245,fam_m024277,test,test_product_like,2025-09-04T11:41:00Z,routine,established_contact,false,false,true
med-synth-v2,d002246,fam_m024283,test,test_product_like,2025-09-04T11:50:00Z,routine,established_contact,false,false,true
med-synth-v2,d002247,fam_m024285,test,test_product_like,2025-09-04T11:51:00Z,routine,established_contact,false,false,true
med-synth-v2,d002248,fam_m024329,test,test_product_like,2025-09-04T13:00:00Z,routine,established_contact,false,false,true
med-synth-v2,d002249,fam_m024349,test,test_product_like,2025-09-04T14:40:00Z,routine,established_contact,false,false,true
med-synth-v2,d002250,fam_m024359,test,test_product_like,2025-09-04T15:30:00Z,routine,established_contact,false,false,true
med-synth-v2,d002251,fam_m024145,test,test_product_like,2025-09-05T09:00:00Z,S05,internal_project,false,false,true
med-synth-v2,d002252,fam_m024147,test,test_product_like,2025-09-05T09:01:00Z,S05,internal_project,false,false,true
med-synth-v2,d002253,fam_m024151,test,test_product_like,2025-09-05T09:03:00Z,S05,internal_project,false,false,true
med-synth-v2,d002254,fam_m024153,test,test_product_like,2025-09-05T09:04:00Z,S05,internal_project,false,false,true
med-synth-v2,d002255,fam_m024155,test,test_product_like,2025-09-05T09:05:00Z,S05,internal_project,false,false,true
med-synth-v2,d002256,fam_m024159,test,test_product_like,2025-09-05T09:07:00Z,S05,internal_project,false,false,true
med-synth-v2,d002257,fam_m024185,test,test_product_like,2025-09-05T09:30:00Z,routine,established_contact,false,false,true
med-synth-v2,d002258,fam_m024187,test,test_product_like,2025-09-05T09:31:00Z,routine,established_contact,false,false,true
med-synth-v2,d002259,fam_m024197,test,test_product_like,2025-09-05T09:40:00Z,routine,established_contact,false,false,true
med-synth-v2,d002260,fam_m024215,test,test_product_like,2025-09-05T10:10:00Z,routine,established_contact,false,false,true
med-synth-v2,d002261,fam_m024217,test,test_product_like,2025-09-05T10:20:00Z,routine,established_contact,false,false,true
med-synth-v2,d002262,fam_m024225,test,test_product_like,2025-09-05T10:50:00Z,routine,established_contact,false,false,true
med-synth-v2,d002263,fam_m024235,test,test_product_like,2025-09-05T11:00:00Z,routine,established_contact,false,false,true
med-synth-v2,d002264,fam_m024247,test,test_product_like,2025-09-05T11:10:00Z,routine,established_contact,false,false,true
med-synth-v2,d002265,fam_m024249,test,test_product_like,2025-09-05T11:11:00Z,routine,established_contact,false,false,true
med-synth-v2,d002266,fam_m024259,test,test_product_like,2025-09-05T11:20:00Z,routine,established_contact,false,false,true
med-synth-v2,d002267,fam_m024261,test,test_product_like,2025-09-05T11:21:00Z,routine,established_contact,false,false,true
med-synth-v2,d002268,fam_m024297,test,test_product_like,2025-09-05T12:01:00Z,S05,external_purchase,false,false,true
med-synth-v2,d002269,fam_m024307,test,test_product_like,2025-09-05T12:10:00Z,S05,external_purchase,false,false,true
med-synth-v2,d002270,fam_m024309,test,test_product_like,2025-09-05T12:11:00Z,S05,external_purchase,false,false,true
med-synth-v2,d002271,fam_m024319,test,test_product_like,2025-09-05T12:20:00Z,S05,external_purchase,false,false,true
med-synth-v2,d002272,fam_m024331,test,test_product_like,2025-09-05T13:10:00Z,routine,established_contact,false,false,true
med-synth-v2,d002273,fam_m024341,test,test_product_like,2025-09-05T14:00:00Z,routine,established_contact,false,false,true
med-synth-v2,d002274,fam_m024351,test,test_product_like,2025-09-05T14:50:00Z,routine,established_contact,false,false,true
med-synth-v2,d002275,fam_m024361,test,test_product_like,2025-09-08T09:00:00Z,S05,internal_project,false,false,true
med-synth-v2,d002276,fam_m024365,test,test_product_like,2025-09-08T09:02:00Z,S05,internal_project,false,false,true
med-synth-v2,d002277,fam_m024367,test,test_product_like,2025-09-08T09:03:00Z,S05,internal_project,false,false,true
med-synth-v2,d002278,fam_m024369,test,test_product_like,2025-09-08T09:04:00Z,S05,internal_project,false,false,true
med-synth-v2,d002279,fam_m024371,test,test_product_like,2025-09-08T09:05:00Z,S05,internal_project,false,false,true
med-synth-v2,d002280,fam_m024375,test,test_product_like,2025-09-08T09:07:00Z,S05,internal_project,false,false,true
med-synth-v2,d002281,fam_m024457,test,test_product_like,2025-09-08T09:30:00Z,routine,established_contact,false,false,true
med-synth-v2,d002282,fam_m024459,test,test_product_like,2025-09-08T09:31:00Z,routine,established_contact,false,false,true
med-synth-v2,d002283,fam_m024471,test,test_product_like,2025-09-08T09:41:00Z,routine,established_contact,false,false,true
med-synth-v2,d002284,fam_m024501,test,test_product_like,2025-09-08T10:40:00Z,routine,established_contact,false,false,true
med-synth-v2,d002285,fam_m024507,test,test_product_like,2025-09-08T11:00:00Z,routine,established_contact,false,false,true
med-synth-v2,d002286,fam_m024509,test,test_product_like,2025-09-08T11:01:00Z,routine,established_contact,false,false,true
med-synth-v2,d002287,fam_m024521,test,test_product_like,2025-09-08T11:11:00Z,routine,established_contact,false,false,true
med-synth-v2,d002288,fam_m024531,test,test_product_like,2025-09-08T11:20:00Z,routine,established_contact,false,false,true
med-synth-v2,d002289,fam_m024533,test,test_product_like,2025-09-08T11:21:00Z,routine,established_contact,false,false,true
med-synth-v2,d002290,fam_m024567,test,test_product_like,2025-09-08T12:00:00Z,S05,external_purchase,false,false,true
med-synth-v2,d002291,fam_m024579,test,test_product_like,2025-09-08T12:10:00Z,S05,external_purchase,false,false,true
med-synth-v2,d002292,fam_m024581,test,test_product_like,2025-09-08T12:11:00Z,S05,external_purchase,false,false,true
med-synth-v2,d002293,fam_m024591,test,test_product_like,2025-09-08T12:20:00Z,S05,external_purchase,false,false,true
med-synth-v2,d002294,fam_m024593,test,test_product_like,2025-09-08T12:21:00Z,S05,external_purchase,false,false,true
med-synth-v2,d002295,fam_m024613,test,test_product_like,2025-09-08T13:20:00Z,routine,established_contact,false,false,true
med-synth-v2,d002296,fam_m024623,test,test_product_like,2025-09-08T14:10:00Z,routine,established_contact,false,false,true
med-synth-v2,d002297,fam_m024633,test,test_product_like,2025-09-08T15:00:00Z,routine,established_contact,false,false,true
med-synth-v2,d002298,fam_m024377,test,test_product_like,2025-09-09T09:00:00Z,S05,internal_project,false,false,true
med-synth-v2,d002299,fam_m024381,test,test_product_like,2025-09-09T09:02:00Z,S05,internal_project,false,false,true
med-synth-v2,d002300,fam_m024383,test,test_product_like,2025-09-09T09:03:00Z,S05,internal_project,false,false,true
med-synth-v2,d002301,fam_m024385,test,test_product_like,2025-09-09T09:04:00Z,S05,internal_project,false,false,true
med-synth-v2,d002098,fam_m024387,test,test_diagnostic,2025-09-09T09:05:00Z,S08,unintended_cc,true,false,true
med-synth-v2,d002099,fam_m024387,test,test_diagnostic,2025-09-09T09:05:00Z,S08,clean_twin,false,false,true
med-synth-v2,d002302,fam_m024389,test,test_product_like,2025-09-09T09:06:00Z,S05,internal_project,false,false,true
med-synth-v2,d002303,fam_m024441,test,test_product_like,2025-09-09T09:10:00Z,S05,internal_project,false,false,true
med-synth-v2,d002304,fam_m024443,test,test_product_like,2025-09-09T09:11:00Z,S05,internal_project,false,false,true
med-synth-v2,d002305,fam_m024449,test,test_product_like,2025-09-09T09:20:00Z,routine,established_contact,false,false,true
med-synth-v2,d002306,fam_m024451,test,test_product_like,2025-09-09T09:21:00Z,routine,established_contact,false,false,true
med-synth-v2,d002307,fam_m024483,test,test_product_like,2025-09-09T09:51:00Z,routine,established_contact,false,false,true
med-synth-v2,d002308,fam_m024493,test,test_product_like,2025-09-09T10:10:00Z,routine,established_contact,false,false,true
med-synth-v2,d002309,fam_m024543,test,test_product_like,2025-09-09T11:30:00Z,routine,established_contact,false,false,true
med-synth-v2,d002310,fam_m024551,test,test_product_like,2025-09-09T11:40:00Z,routine,established_contact,false,false,true
med-synth-v2,d002311,fam_m024553,test,test_product_like,2025-09-09T11:41:00Z,routine,established_contact,false,false,true
med-synth-v2,d002312,fam_m024559,test,test_product_like,2025-09-09T11:50:00Z,routine,established_contact,false,false,true
med-synth-v2,d002313,fam_m024561,test,test_product_like,2025-09-09T11:51:00Z,routine,established_contact,false,false,true
med-synth-v2,d002314,fam_m024615,test,test_product_like,2025-09-09T13:30:00Z,routine,established_contact,false,false,true
med-synth-v2,d002315,fam_m024625,test,test_product_like,2025-09-09T14:20:00Z,routine,established_contact,false,false,true
med-synth-v2,d002316,fam_m024635,test,test_product_like,2025-09-09T15:10:00Z,routine,established_contact,false,false,true
med-synth-v2,d002317,fam_m024393,test,test_product_like,2025-09-10T09:00:00Z,S05,internal_project,false,false,true
med-synth-v2,d002318,fam_m024397,test,test_product_like,2025-09-10T09:02:00Z,S05,internal_project,false,false,true
med-synth-v2,d002319,fam_m024399,test,test_product_like,2025-09-10T09:03:00Z,S05,internal_project,false,false,true
med-synth-v2,d002320,fam_m024401,test,test_product_like,2025-09-10T09:04:00Z,S05,internal_project,false,false,true
med-synth-v2,d002321,fam_m024403,test,test_product_like,2025-09-10T09:05:00Z,S05,internal_project,false,false,true
med-synth-v2,d002322,fam_m024407,test,test_product_like,2025-09-10T09:07:00Z,S05,internal_project,false,false,true
med-synth-v2,d002323,fam_m024461,test,test_product_like,2025-09-10T09:30:00Z,routine,established_contact,false,false,true
med-synth-v2,d002324,fam_m024463,test,test_product_like,2025-09-10T09:31:00Z,routine,established_contact,false,false,true
med-synth-v2,d002325,fam_m024473,test,test_product_like,2025-09-10T09:40:00Z,routine,established_contact,false,false,true
med-synth-v2,d002326,fam_m024489,test,test_product_like,2025-09-10T10:00:00Z,routine,established_contact,false,false,true
med-synth-v2,d002327,fam_m024491,test,test_product_like,2025-09-10T10:01:00Z,routine,established_contact,false,false,true
med-synth-v2,d002328,fam_m024511,test,test_product_like,2025-09-10T11:00:00Z,routine,established_contact,false,false,true
med-synth-v2,d002329,fam_m024513,test,test_product_like,2025-09-10T11:01:00Z,routine,established_contact,false,false,true
med-synth-v2,d002330,fam_m024525,test,test_product_like,2025-09-10T11:11:00Z,routine,established_contact,false,false,true
med-synth-v2,d002331,fam_m024535,test,test_product_like,2025-09-10T11:20:00Z,routine,established_contact,false,false,true
med-synth-v2,d002332,fam_m024537,test,test_product_like,2025-09-10T11:21:00Z,routine,established_contact,false,false,true
med-synth-v2,d002333,fam_m024571,test,test_product_like,2025-09-10T12:00:00Z,S05,external_purchase,false,false,true
med-synth-v2,d002334,fam_m024583,test,test_product_like,2025-09-10T12:10:00Z,S05,external_purchase,false,false,true
med-synth-v2,d002335,fam_m024585,test,test_product_like,2025-09-10T12:11:00Z,S05,external_purchase,false,false,true
med-synth-v2,d002336,fam_m024595,test,test_product_like,2025-09-10T12:20:00Z,S05,external_purchase,false,false,true
med-synth-v2,d002337,fam_m024607,test,test_product_like,2025-09-10T12:50:00Z,routine,established_contact,false,false,true
med-synth-v2,d002338,fam_m024617,test,test_product_like,2025-09-10T13:40:00Z,routine,established_contact,false,false,true
med-synth-v2,d002339,fam_m024627,test,test_product_like,2025-09-10T14:30:00Z,routine,established_contact,false,false,true
med-synth-v2,d002340,fam_m024637,test,test_product_like,2025-09-10T15:20:00Z,routine,established_contact,false,false,true
med-synth-v2,d002134,fam_m029190,test,test_product_like,2025-09-10T18:00:00Z,S03,legitimate_first_contact,false,false,true
med-synth-v2,d002139,fam_m029200,test,test_product_like,2025-09-10T19:00:00Z,S06,legitimate_new_domain,false,false,true
med-synth-v2,d002144,fam_m029210,test,test_product_like,2025-09-10T20:00:00Z,S07,legitimate_topic_change,false,false,true
med-synth-v2,d002149,fam_m029220,test,test_product_like,2025-09-10T21:00:00Z,S09,cold_start_legitimate,false,false,true
med-synth-v2,d002153,fam_m029228,test,test_product_like,2025-09-10T21:30:00Z,S09,little_text_legitimate,false,false,true
med-synth-v2,d002341,fam_m024411,test,test_product_like,2025-09-11T09:01:00Z,S05,internal_project,false,false,true
med-synth-v2,d002342,fam_m024413,test,test_product_like,2025-09-11T09:02:00Z,S05,internal_project,false,false,true
med-synth-v2,d002343,fam_m024415,test,test_product_like,2025-09-11T09:03:00Z,S05,internal_project,false,false,true
med-synth-v2,d002344,fam_m024417,test,test_product_like,2025-09-11T09:04:00Z,S05,internal_project,false,false,true
med-synth-v2,d002345,fam_m024421,test,test_product_like,2025-09-11T09:06:00Z,S05,internal_project,false,false,true
med-synth-v2,d002346,fam_m024423,test,test_product_like,2025-09-11T09:07:00Z,S05,internal_project,false,false,true
med-synth-v2,d002347,fam_m024445,test,test_product_like,2025-09-11T09:10:00Z,S05,internal_project,false,false,true
med-synth-v2,d002348,fam_m024447,test,test_product_like,2025-09-11T09:11:00Z,S05,internal_project,false,false,true
med-synth-v2,d002349,fam_m024455,test,test_product_like,2025-09-11T09:21:00Z,routine,established_contact,false,false,true
med-synth-v2,d002350,fam_m024485,test,test_product_like,2025-09-11T09:50:00Z,routine,established_contact,false,false,true
med-synth-v2,d002351,fam_m024487,test,test_product_like,2025-09-11T09:51:00Z,routine,established_contact,false,false,true
med-synth-v2,d002352,fam_m024499,test,test_product_like,2025-09-11T10:30:00Z,routine,established_contact,false,false,true
med-synth-v2,d002353,fam_m024547,test,test_product_like,2025-09-11T11:30:00Z,routine,established_contact,false,false,true
med-synth-v2,d002354,fam_m024549,test,test_product_like,2025-09-11T11:31:00Z,routine,established_contact,false,false,true
med-synth-v2,d002355,fam_m024555,test,test_product_like,2025-09-11T11:40:00Z,routine,established_contact,false,false,true
med-synth-v2,d002356,fam_m024557,test,test_product_like,2025-09-11T11:41:00Z,routine,established_contact,false,false,true
med-synth-v2,d002357,fam_m024565,test,test_product_like,2025-09-11T11:51:00Z,routine,established_contact,false,false,true
med-synth-v2,d002358,fam_m024609,test,test_product_like,2025-09-11T13:00:00Z,routine,established_contact,false,false,true
med-synth-v2,d002359,fam_m024619,test,test_product_like,2025-09-11T13:50:00Z,routine,established_contact,false,false,true
med-synth-v2,d002360,fam_m024639,test,test_product_like,2025-09-11T15:30:00Z,routine,established_contact,false,false,true
med-synth-v2,d002361,fam_m024425,test,test_product_like,2025-09-12T09:00:00Z,S05,internal_project,false,false,true
med-synth-v2,d002362,fam_m024427,test,test_product_like,2025-09-12T09:01:00Z,S05,internal_project,false,false,true
med-synth-v2,d002363,fam_m024429,test,test_product_like,2025-09-12T09:02:00Z,S05,internal_project,false,false,true
med-synth-v2,d002364,fam_m024433,test,test_product_like,2025-09-12T09:04:00Z,S05,internal_project,false,false,true
med-synth-v2,d002365,fam_m024435,test,test_product_like,2025-09-12T09:05:00Z,S05,internal_project,false,false,true
med-synth-v2,d002366,fam_m024437,test,test_product_like,2025-09-12T09:06:00Z,S05,internal_project,false,false,true
med-synth-v2,d002367,fam_m024439,test,test_product_like,2025-09-12T09:07:00Z,S05,internal_project,false,false,true
med-synth-v2,d002368,fam_m024467,test,test_product_like,2025-09-12T09:31:00Z,routine,established_contact,false,false,true
med-synth-v2,d002369,fam_m024477,test,test_product_like,2025-09-12T09:40:00Z,routine,established_contact,false,false,true
med-synth-v2,d002370,fam_m024479,test,test_product_like,2025-09-12T09:41:00Z,routine,established_contact,false,false,true
med-synth-v2,d002371,fam_m024495,test,test_product_like,2025-09-12T10:10:00Z,routine,established_contact,false,false,true
med-synth-v2,d002372,fam_m024505,test,test_product_like,2025-09-12T10:50:00Z,routine,established_contact,false,false,true
med-synth-v2,d002373,fam_m024515,test,test_product_like,2025-09-12T11:00:00Z,routine,established_contact,false,false,true
med-synth-v2,d002374,fam_m024517,test,test_product_like,2025-09-12T11:01:00Z,routine,established_contact,false,false,true
med-synth-v2,d002375,fam_m024527,test,test_product_like,2025-09-12T11:10:00Z,routine,established_contact,false,false,true
med-synth-v2,d002376,fam_m024539,test,test_product_like,2025-09-12T11:20:00Z,routine,established_contact,false,false,true
med-synth-v2,d002377,fam_m024541,test,test_product_like,2025-09-12T11:21:00Z,routine,established_contact,false,false,true
med-synth-v2,d002378,fam_m024575,test,test_product_like,2025-09-12T12:00:00Z,S05,external_purchase,false,false,true
med-synth-v2,d002379,fam_m024577,test,test_product_like,2025-09-12T12:01:00Z,S05,external_purchase,false,false,true
med-synth-v2,d002380,fam_m024589,test,test_product_like,2025-09-12T12:11:00Z,S05,external_purchase,false,false,true
med-synth-v2,d002381,fam_m024599,test,test_product_like,2025-09-12T12:20:00Z,S05,external_purchase,false,false,true
med-synth-v2,d002382,fam_m024601,test,test_product_like,2025-09-12T12:21:00Z,S05,external_purchase,false,false,true
med-synth-v2,d002383,fam_m024611,test,test_product_like,2025-09-12T13:10:00Z,routine,established_contact,false,false,true
med-synth-v2,d002384,fam_m024631,test,test_product_like,2025-09-12T14:50:00Z,routine,established_contact,false,false,true
med-synth-v2,d002385,fam_m024641,test,test_product_like,2025-09-15T09:00:00Z,S05,internal_project,false,false,true
med-synth-v2,d002386,fam_m024643,test,test_product_like,2025-09-15T09:01:00Z,S05,internal_project,false,false,true
med-synth-v2,d002387,fam_m024647,test,test_product_like,2025-09-15T09:03:00Z,S05,internal_project,false,false,true
med-synth-v2,d002388,fam_m024649,test,test_product_like,2025-09-15T09:04:00Z,S05,internal_project,false,false,true
med-synth-v2,d002389,fam_m024651,test,test_product_like,2025-09-15T09:05:00Z,S05,internal_project,false,false,true
med-synth-v2,d002390,fam_m024653,test,test_product_like,2025-09-15T09:06:00Z,S05,internal_project,false,false,true
med-synth-v2,d002391,fam_m024737,test,test_product_like,2025-09-15T09:30:00Z,routine,established_contact,false,false,true
med-synth-v2,d002392,fam_m024739,test,test_product_like,2025-09-15T09:31:00Z,routine,established_contact,false,false,true
med-synth-v2,d002393,fam_m024749,test,test_product_like,2025-09-15T09:40:00Z,routine,established_contact,false,false,true
med-synth-v2,d002394,fam_m024751,test,test_product_like,2025-09-15T09:41:00Z,routine,established_contact,false,false,true
med-synth-v2,d002395,fam_m024787,test,test_product_like,2025-09-15T11:00:00Z,routine,established_contact,false,false,true
med-synth-v2,d002396,fam_m024789,test,test_product_like,2025-09-15T11:01:00Z,routine,established_contact,false,false,true
med-synth-v2,d002397,fam_m024799,test,test_product_like,2025-09-15T11:10:00Z,routine,established_contact,false,false,true
med-synth-v2,d002398,fam_m024801,test,test_product_like,2025-09-15T11:11:00Z,routine,established_contact,false,false,true
med-synth-v2,d002399,fam_m024813,test,test_product_like,2025-09-15T11:21:00Z,routine,established_contact,false,false,true
med-synth-v2,d002400,fam_m024847,test,test_product_like,2025-09-15T12:00:00Z,S05,external_purchase,false,false,true
med-synth-v2,d002401,fam_m024849,test,test_product_like,2025-09-15T12:01:00Z,S05,external_purchase,false,false,true
med-synth-v2,d002402,fam_m024859,test,test_product_like,2025-09-15T12:10:00Z,S05,external_purchase,false,false,true
med-synth-v2,d002403,fam_m024871,test,test_product_like,2025-09-15T12:20:00Z,S05,external_purchase,false,false,true
med-synth-v2,d002404,fam_m024873,test,test_product_like,2025-09-15T12:21:00Z,S05,external_purchase,false,false,true
med-synth-v2,d002405,fam_m024883,test,test_product_like,2025-09-15T12:30:00Z,routine,established_contact,false,false,true
med-synth-v2,d002406,fam_m024893,test,test_product_like,2025-09-15T13:20:00Z,routine,established_contact,false,false,true
med-synth-v2,d002407,fam_m024913,test,test_product_like,2025-09-15T15:00:00Z,routine,established_contact,false,false,true
med-synth-v2,d002408,fam_m024657,test,test_product_like,2025-09-16T09:00:00Z,S05,internal_project,false,false,true
med-synth-v2,d002409,fam_m024659,test,test_product_like,2025-09-16T09:01:00Z,S05,internal_project,false,false,true
med-synth-v2,d002410,fam_m024661,test,test_product_like,2025-09-16T09:02:00Z,S05,internal_project,false,false,true
med-synth-v2,d002411,fam_m024665,test,test_product_like,2025-09-16T09:04:00Z,S05,internal_project,false,false,true
med-synth-v2,d002412,fam_m024667,test,test_product_like,2025-09-16T09:05:00Z,S05,internal_project,false,false,true
med-synth-v2,d002413,fam_m024669,test,test_product_like,2025-09-16T09:06:00Z,S05,internal_project,false,false,true
med-synth-v2,d002414,fam_m024721,test,test_product_like,2025-09-16T09:10:00Z,S05,internal_project,false,false,true
med-synth-v2,d002168,fam_m024723,test,test_product_like,2025-09-16T09:11:00Z,S05,internal_project,false,false,true
med-synth-v2,d002415,fam_m024729,test,test_product_like,2025-09-16T09:20:00Z,routine,established_contact,false,false,true
med-synth-v2,d002416,fam_m024731,test,test_product_like,2025-09-16T09:21:00Z,routine,established_contact,false,false,true
med-synth-v2,d002417,fam_m024761,test,test_product_like,2025-09-16T09:50:00Z,routine,established_contact,false,false,true
med-synth-v2,d002418,fam_m024773,test,test_product_like,2025-09-16T10:10:00Z,routine,established_contact,false,false,true
med-synth-v2,d002419,fam_m024823,test,test_product_like,2025-09-16T11:30:00Z,routine,established_contact,false,false,true
med-synth-v2,d002420,fam_m024825,test,test_product_like,2025-09-16T11:31:00Z,routine,established_contact,false,false,true
med-synth-v2,d002421,fam_m024831,test,test_product_like,2025-09-16T11:40:00Z,routine,established_contact,false,false,true
med-synth-v2,d002422,fam_m024839,test,test_product_like,2025-09-16T11:50:00Z,routine,established_contact,false,false,true
med-synth-v2,d002423,fam_m024841,test,test_product_like,2025-09-16T11:51:00Z,routine,established_contact,false,false,true
med-synth-v2,d002424,fam_m024885,test,test_product_like,2025-09-16T12:40:00Z,routine,established_contact,false,false,true
med-synth-v2,d002425,fam_m024895,test,test_product_like,2025-09-16T13:30:00Z,routine,established_contact,false,false,true
med-synth-v2,d002426,fam_m024915,test,test_product_like,2025-09-16T15:10:00Z,routine,established_contact,false,false,true
med-synth-v2,d002427,fam_m024673,test,test_product_like,2025-09-17T09:00:00Z,S05,internal_project,false,false,true
med-synth-v2,d002428,fam_m024675,test,test_product_like,2025-09-17T09:01:00Z,S05,internal_project,false,false,true
med-synth-v2,d002429,fam_m024677,test,test_product_like,2025-09-17T09:02:00Z,S05,internal_project,false,false,true
med-synth-v2,d002430,fam_m024681,test,test_product_like,2025-09-17T09:04:00Z,S05,internal_project,false,false,true
med-synth-v2,d002431,fam_m024683,test,test_product_like,2025-09-17T09:05:00Z,S05,internal_project,false,false,true
med-synth-v2,d002432,fam_m024685,test,test_product_like,2025-09-17T09:06:00Z,S05,internal_project,false,false,true
med-synth-v2,d002433,fam_m024687,test,test_product_like,2025-09-17T09:07:00Z,S05,internal_project,false,false,true
med-synth-v2,d002434,fam_m024743,test,test_product_like,2025-09-17T09:31:00Z,routine,established_contact,false,false,true
med-synth-v2,d002435,fam_m024753,test,test_product_like,2025-09-17T09:40:00Z,routine,established_contact,false,false,true
med-synth-v2,d002436,fam_m024755,test,test_product_like,2025-09-17T09:41:00Z,routine,established_contact,false,false,true
med-synth-v2,d002437,fam_m024769,test,test_product_like,2025-09-17T10:00:00Z,routine,established_contact,false,false,true
med-synth-v2,d002438,fam_m024791,test,test_product_like,2025-09-17T11:00:00Z,routine,established_contact,false,false,true
med-synth-v2,d002439,fam_m024793,test,test_product_like,2025-09-17T11:01:00Z,routine,established_contact,false,false,true
med-synth-v2,d002440,fam_m024803,test,test_product_like,2025-09-17T11:10:00Z,routine,established_contact,false,false,true
med-synth-v2,d002441,fam_m024815,test,test_product_like,2025-09-17T11:20:00Z,routine,established_contact,false,false,true
med-synth-v2,d002442,fam_m024817,test,test_product_like,2025-09-17T11:21:00Z,routine,established_contact,false,false,true
med-synth-v2,d002443,fam_m024851,test,test_product_like,2025-09-17T12:00:00Z,S05,external_purchase,false,false,true
med-synth-v2,d002444,fam_m024853,test,test_product_like,2025-09-17T12:01:00Z,S05,external_purchase,false,false,true
med-synth-v2,d002445,fam_m024865,test,test_product_like,2025-09-17T12:11:00Z,S05,external_purchase,false,false,true
med-synth-v2,d002446,fam_m024875,test,test_product_like,2025-09-17T12:20:00Z,S05,external_purchase,false,false,true
med-synth-v2,d002447,fam_m024877,test,test_product_like,2025-09-17T12:21:00Z,S05,external_purchase,false,false,true
med-synth-v2,d002448,fam_m024887,test,test_product_like,2025-09-17T12:50:00Z,routine,established_contact,false,false,true
med-synth-v2,d002449,fam_m024907,test,test_product_like,2025-09-17T14:30:00Z,routine,established_contact,false,false,true
med-synth-v2,d002450,fam_m024917,test,test_product_like,2025-09-17T15:20:00Z,routine,established_contact,false,false,true
med-synth-v2,d002100,fam_m024689,test,test_diagnostic,2025-09-18T09:00:00Z,S08,unintended_cc,true,false,true
med-synth-v2,d002101,fam_m024689,test,test_diagnostic,2025-09-18T09:00:00Z,S08,clean_twin,false,false,true
med-synth-v2,d002451,fam_m024691,test,test_product_like,2025-09-18T09:01:00Z,S05,internal_project,false,false,true
med-synth-v2,d002452,fam_m024693,test,test_product_like,2025-09-18T09:02:00Z,S05,internal_project,false,false,true
med-synth-v2,d002453,fam_m024697,test,test_product_like,2025-09-18T09:04:00Z,S05,internal_project,false,false,true
med-synth-v2,d002454,fam_m024699,test,test_product_like,2025-09-18T09:05:00Z,S05,internal_project,false,false,true
med-synth-v2,d002455,fam_m024701,test,test_product_like,2025-09-18T09:06:00Z,S05,internal_project,false,false,true
med-synth-v2,d002456,fam_m024703,test,test_product_like,2025-09-18T09:07:00Z,S05,internal_project,false,false,true
med-synth-v2,d002457,fam_m024727,test,test_product_like,2025-09-18T09:11:00Z,S05,internal_project,false,false,true
med-synth-v2,d002077,fam_m024733,test,test_product_like,2025-09-18T09:20:00Z,S02,added_external,true,false,true
med-synth-v2,d002458,fam_m024735,test,test_product_like,2025-09-18T09:21:00Z,routine,established_contact,false,false,true
med-synth-v2,d002459,fam_m024765,test,test_product_like,2025-09-18T09:50:00Z,routine,established_contact,false,false,true
med-synth-v2,d002460,fam_m024767,test,test_product_like,2025-09-18T09:51:00Z,routine,established_contact,false,false,true
med-synth-v2,d002461,fam_m024783,test,test_product_like,2025-09-18T10:40:00Z,routine,established_contact,false,false,true
med-synth-v2,d002462,fam_m024827,test,test_product_like,2025-09-18T11:30:00Z,routine,established_contact,false,false,true
med-synth-v2,d002463,fam_m024829,test,test_product_like,2025-09-18T11:31:00Z,routine,established_contact,false,false,true
med-synth-v2,d002464,fam_m024835,test,test_product_like,2025-09-18T11:40:00Z,routine,established_contact,false,false,true
med-synth-v2,d002465,fam_m024843,test,test_product_like,2025-09-18T11:50:00Z,routine,established_contact,false,false,true
med-synth-v2,d002466,fam_m024845,test,test_product_like,2025-09-18T11:51:00Z,routine,established_contact,false,false,true
med-synth-v2,d002467,fam_m024889,test,test_product_like,2025-09-18T13:00:00Z,routine,established_contact,false,false,true
med-synth-v2,d002468,fam_m024909,test,test_product_like,2025-09-18T14:40:00Z,routine,established_contact,false,false,true
med-synth-v2,d002469,fam_m024919,test,test_product_like,2025-09-18T15:30:00Z,routine,established_contact,false,false,true
med-synth-v2,d002470,fam_m024705,test,test_product_like,2025-09-19T09:00:00Z,S05,internal_project,false,false,true
med-synth-v2,d002471,fam_m024707,test,test_product_like,2025-09-19T09:01:00Z,S05,internal_project,false,false,true
med-synth-v2,d002472,fam_m024711,test,test_product_like,2025-09-19T09:03:00Z,S05,internal_project,false,false,true
med-synth-v2,d002473,fam_m024713,test,test_product_like,2025-09-19T09:04:00Z,S05,internal_project,false,false,true
med-synth-v2,d002474,fam_m024715,test,test_product_like,2025-09-19T09:05:00Z,S05,internal_project,false,false,true
med-synth-v2,d002475,fam_m024717,test,test_product_like,2025-09-19T09:06:00Z,S05,internal_project,false,false,true
med-synth-v2,d002476,fam_m024745,test,test_product_like,2025-09-19T09:30:00Z,routine,established_contact,false,false,true
med-synth-v2,d002477,fam_m024747,test,test_product_like,2025-09-19T09:31:00Z,routine,established_contact,false,false,true
med-synth-v2,d002478,fam_m024757,test,test_product_like,2025-09-19T09:40:00Z,routine,established_contact,false,false,true
med-synth-v2,d002479,fam_m024759,test,test_product_like,2025-09-19T09:41:00Z,routine,established_contact,false,false,true
med-synth-v2,d002480,fam_m024777,test,test_product_like,2025-09-19T10:20:00Z,routine,established_contact,false,false,true
med-synth-v2,d002481,fam_m024785,test,test_product_like,2025-09-19T10:50:00Z,routine,established_contact,false,false,true
med-synth-v2,d002482,fam_m024795,test,test_product_like,2025-09-19T11:00:00Z,routine,established_contact,false,false,true
med-synth-v2,d002483,fam_m024797,test,test_product_like,2025-09-19T11:01:00Z,routine,established_contact,false,false,true
med-synth-v2,d002484,fam_m024809,test,test_product_like,2025-09-19T11:11:00Z,routine,established_contact,false,false,true
med-synth-v2,d002485,fam_m024819,test,test_product_like,2025-09-19T11:20:00Z,routine,established_contact,false,false,true
med-synth-v2,d002486,fam_m024821,test,test_product_like,2025-09-19T11:21:00Z,routine,established_contact,false,false,true
med-synth-v2,d002487,fam_m024855,test,test_product_like,2025-09-19T12:00:00Z,S05,external_purchase,false,false,true
med-synth-v2,d002488,fam_m024867,test,test_product_like,2025-09-19T12:10:00Z,S05,external_purchase,false,false,true
med-synth-v2,d002489,fam_m024869,test,test_product_like,2025-09-19T12:11:00Z,S05,external_purchase,false,false,true
med-synth-v2,d002490,fam_m024879,test,test_product_like,2025-09-19T12:20:00Z,S05,external_purchase,false,false,true
med-synth-v2,d002491,fam_m024881,test,test_product_like,2025-09-19T12:21:00Z,S05,external_purchase,false,false,true
med-synth-v2,d002492,fam_m024901,test,test_product_like,2025-09-19T14:00:00Z,routine,established_contact,false,false,true
med-synth-v2,d002493,fam_m024911,test,test_product_like,2025-09-19T14:50:00Z,routine,established_contact,false,false,true
med-synth-v2,d002494,fam_m024921,test,test_product_like,2025-09-22T09:00:00Z,S05,internal_project,false,false,true
med-synth-v2,d002495,fam_m024925,test,test_product_like,2025-09-22T09:02:00Z,S05,internal_project,false,false,true
med-synth-v2,d002496,fam_m024927,test,test_product_like,2025-09-22T09:03:00Z,S05,internal_project,false,false,true
med-synth-v2,d002497,fam_m024929,test,test_product_like,2025-09-22T09:04:00Z,S05,internal_project,false,false,true
med-synth-v2,d002498,fam_m024931,test,test_product_like,2025-09-22T09:05:00Z,S05,internal_project,false,false,true
med-synth-v2,d002499,fam_m024935,test,test_product_like,2025-09-22T09:07:00Z,S05,internal_project,false,false,true
med-synth-v2,d002088,fam_m025017,test,test_product_like,2025-09-22T09:30:00Z,S04,familiar_topic_mismatch,true,false,true
med-synth-v2,d002500,fam_m025019,test,test_product_like,2025-09-22T09:31:00Z,routine,established_contact,false,false,true
med-synth-v2,d002501,fam_m025029,test,test_product_like,2025-09-22T09:40:00Z,routine,established_contact,false,false,true
med-synth-v2,d002502,fam_m025031,test,test_product_like,2025-09-22T09:41:00Z,routine,established_contact,false,false,true
med-synth-v2,d002503,fam_m025067,test,test_product_like,2025-09-22T11:00:00Z,routine,established_contact,false,false,true
med-synth-v2,d002504,fam_m025069,test,test_product_like,2025-09-22T11:01:00Z,routine,established_contact,false,false,true
med-synth-v2,d002505,fam_m025079,test,test_product_like,2025-09-22T11:10:00Z,routine,established_contact,false,false,true
med-synth-v2,d002506,fam_m025081,test,test_product_like,2025-09-22T11:11:00Z,routine,established_contact,false,false,true
med-synth-v2,d002507,fam_m025093,test,test_product_like,2025-09-22T11:21:00Z,routine,established_contact,false,false,true
med-synth-v2,d002508,fam_m025127,test,test_product_like,2025-09-22T12:00:00Z,S05,external_purchase,false,false,true
med-synth-v2,d002509,fam_m025129,test,test_product_like,2025-09-22T12:01:00Z,S05,external_purchase,false,false,true
med-synth-v2,d002510,fam_m025139,test,test_product_like,2025-09-22T12:10:00Z,S05,external_purchase,false,false,true
med-synth-v2,d002511,fam_m025151,test,test_product_like,2025-09-22T12:20:00Z,S05,external_purchase,false,false,true
med-synth-v2,d002512,fam_m025153,test,test_product_like,2025-09-22T12:21:00Z,S05,external_purchase,false,false,true
med-synth-v2,d002513,fam_m025163,test,test_product_like,2025-09-22T12:30:00Z,routine,established_contact,false,false,true
med-synth-v2,d002514,fam_m025173,test,test_product_like,2025-09-22T13:20:00Z,routine,established_contact,false,false,true
med-synth-v2,d002515,fam_m025193,test,test_product_like,2025-09-22T15:00:00Z,routine,established_contact,false,false,true
med-synth-v2,d002516,fam_m024937,test,test_product_like,2025-09-23T09:00:00Z,S05,internal_project,false,false,true
med-synth-v2,d002517,fam_m024939,test,test_product_like,2025-09-23T09:01:00Z,S05,internal_project,false,false,true
med-synth-v2,d002518,fam_m024941,test,test_product_like,2025-09-23T09:02:00Z,S05,internal_project,false,false,true
med-synth-v2,d002519,fam_m024945,test,test_product_like,2025-09-23T09:04:00Z,S05,internal_project,false,false,true
med-synth-v2,d002520,fam_m024947,test,test_product_like,2025-09-23T09:05:00Z,S05,internal_project,false,false,true
med-synth-v2,d002521,fam_m024949,test,test_product_like,2025-09-23T09:06:00Z,S05,internal_project,false,false,true
med-synth-v2,d002522,fam_m025001,test,test_product_like,2025-09-23T09:10:00Z,S05,internal_project,false,false,true
med-synth-v2,d002523,fam_m025003,test,test_product_like,2025-09-23T09:11:00Z,S05,internal_project,false,false,true
med-synth-v2,d002524,fam_m025009,test,test_product_like,2025-09-23T09:20:00Z,routine,established_contact,false,false,true
med-synth-v2,d002525,fam_m025011,test,test_product_like,2025-09-23T09:21:00Z,routine,established_contact,false,false,true
med-synth-v2,d002526,fam_m025043,test,test_product_like,2025-09-23T09:51:00Z,routine,established_contact,false,false,true
med-synth-v2,d002527,fam_m025053,test,test_product_like,2025-09-23T10:10:00Z,routine,established_contact,false,false,true
med-synth-v2,d002528,fam_m025103,test,test_product_like,2025-09-23T11:30:00Z,routine,established_contact,false,false,true
med-synth-v2,d002529,fam_m025105,test,test_product_like,2025-09-23T11:31:00Z,routine,established_contact,false,false,true
med-synth-v2,d002530,fam_m025113,test,test_product_like,2025-09-23T11:41:00Z,routine,established_contact,false,false,true
med-synth-v2,d002531,fam_m025119,test,test_product_like,2025-09-23T11:50:00Z,routine,established_contact,false,false,true
med-synth-v2,d002532,fam_m025121,test,test_product_like,2025-09-23T11:51:00Z,routine,established_contact,false,false,true
med-synth-v2,d002533,fam_m025165,test,test_product_like,2025-09-23T12:40:00Z,routine,established_contact,false,false,true
med-synth-v2,d002534,fam_m025185,test,test_product_like,2025-09-23T14:20:00Z,routine,established_contact,false,false,true
med-synth-v2,d002535,fam_m025195,test,test_product_like,2025-09-23T15:10:00Z,routine,established_contact,false,false,true
med-synth-v2,d002536,fam_m024953,test,test_product_like,2025-09-24T09:00:00Z,S05,internal_project,false,false,true
med-synth-v2,d002537,fam_m024955,test,test_product_like,2025-09-24T09:01:00Z,S05,internal_project,false,false,true
med-synth-v2,d002538,fam_m024959,test,test_product_like,2025-09-24T09:03:00Z,S05,internal_project,false,false,true
med-synth-v2,d002539,fam_m024961,test,test_product_like,2025-09-24T09:04:00Z,S05,internal_project,false,false,true
med-synth-v2,d002540,fam_m024963,test,test_product_like,2025-09-24T09:05:00Z,S05,internal_project,false,false,true
med-synth-v2,d002541,fam_m024965,test,test_product_like,2025-09-24T09:06:00Z,S05,internal_project,false,false,true
med-synth-v2,d002542,fam_m025021,test,test_product_like,2025-09-24T09:30:00Z,routine,established_contact,false,false,true
med-synth-v2,d002543,fam_m025023,test,test_product_like,2025-09-24T09:31:00Z,routine,established_contact,false,false,true
med-synth-v2,d002544,fam_m025033,test,test_product_like,2025-09-24T09:40:00Z,routine,established_contact,false,false,true
med-synth-v2,d002545,fam_m025049,test,test_product_like,2025-09-24T10:00:00Z,routine,established_contact,false,false,true
med-synth-v2,d002546,fam_m025051,test,test_product_like,2025-09-24T10:01:00Z,routine,established_contact,false,false,true
med-synth-v2,d002547,fam_m025071,test,test_product_like,2025-09-24T11:00:00Z,routine,established_contact,false,false,true
med-synth-v2,d002548,fam_m025073,test,test_product_like,2025-09-24T11:01:00Z,routine,established_contact,false,false,true
med-synth-v2,d002549,fam_m025085,test,test_product_like,2025-09-24T11:11:00Z,routine,established_contact,false,false,true
med-synth-v2,d002550,fam_m025095,test,test_product_like,2025-09-24T11:20:00Z,routine,established_contact,false,false,true
med-synth-v2,d002551,fam_m025097,test,test_product_like,2025-09-24T11:21:00Z,routine,established_contact,false,false,true
med-synth-v2,d002552,fam_m025131,test,test_product_like,2025-09-24T12:00:00Z,S05,external_purchase,false,false,true
med-synth-v2,d002553,fam_m025143,test,test_product_like,2025-09-24T12:10:00Z,S05,external_purchase,false,false,true
med-synth-v2,d002554,fam_m025145,test,test_product_like,2025-09-24T12:11:00Z,S05,external_purchase,false,false,true
med-synth-v2,d002555,fam_m025155,test,test_product_like,2025-09-24T12:20:00Z,S05,external_purchase,false,false,true
med-synth-v2,d002556,fam_m025157,test,test_product_like,2025-09-24T12:21:00Z,S05,external_purchase,false,false,true
med-synth-v2,d002557,fam_m025177,test,test_product_like,2025-09-24T13:40:00Z,routine,established_contact,false,false,true
med-synth-v2,d002558,fam_m025187,test,test_product_like,2025-09-24T14:30:00Z,routine,established_contact,false,false,true
med-synth-v2,d002559,fam_m025197,test,test_product_like,2025-09-24T15:20:00Z,routine,established_contact,false,false,true
med-synth-v2,d002560,fam_m024969,test,test_product_like,2025-09-25T09:00:00Z,S05,internal_project,false,false,true
med-synth-v2,d002158,fam_m024973,test,test_product_like,2025-09-25T09:02:00Z,S05,internal_project,false,false,true
med-synth-v2,d002561,fam_m024975,test,test_product_like,2025-09-25T09:03:00Z,S05,internal_project,false,false,true
med-synth-v2,d002562,fam_m024977,test,test_product_like,2025-09-25T09:04:00Z,S05,internal_project,false,false,true
med-synth-v2,d002563,fam_m024979,test,test_product_like,2025-09-25T09:05:00Z,S05,internal_project,false,false,true
med-synth-v2,d002564,fam_m024981,test,test_product_like,2025-09-25T09:06:00Z,S05,internal_project,false,false,true
med-synth-v2,d002565,fam_m025005,test,test_product_like,2025-09-25T09:10:00Z,S05,internal_project,false,false,true
med-synth-v2,d002566,fam_m025007,test,test_product_like,2025-09-25T09:11:00Z,S05,internal_project,false,false,true
med-synth-v2,d002567,fam_m025013,test,test_product_like,2025-09-25T09:20:00Z,routine,established_contact,false,false,true
med-synth-v2,d002568,fam_m025015,test,test_product_like,2025-09-25T09:21:00Z,routine,established_contact,false,false,true
med-synth-v2,d002569,fam_m025047,test,test_product_like,2025-09-25T09:51:00Z,routine,established_contact,false,false,true
med-synth-v2,d002570,fam_m025059,test,test_product_like,2025-09-25T10:30:00Z,routine,established_contact,false,false,true
med-synth-v2,d002571,fam_m025063,test,test_product_like,2025-09-25T10:40:00Z,routine,established_contact,false,false,true
med-synth-v2,d002572,fam_m025109,test,test_product_like,2025-09-25T11:31:00Z,routine,established_contact,false,false,true
med-synth-v2,d002573,fam_m025115,test,test_product_like,2025-09-25T11:40:00Z,routine,established_contact,false,false,true
med-synth-v2,d002574,fam_m025117,test,test_product_like,2025-09-25T11:41:00Z,routine,established_contact,false,false,true
med-synth-v2,d002575,fam_m025123,test,test_product_like,2025-09-25T11:50:00Z,routine,established_contact,false,false,true
med-synth-v2,d002576,fam_m025169,test,test_product_like,2025-09-25T13:00:00Z,routine,established_contact,false,false,true
med-synth-v2,d002577,fam_m025179,test,test_product_like,2025-09-25T13:50:00Z,routine,established_contact,false,false,true
med-synth-v2,d002578,fam_m025189,test,test_product_like,2025-09-25T14:40:00Z,routine,established_contact,false,false,true
med-synth-v2,d002579,fam_m025199,test,test_product_like,2025-09-25T15:30:00Z,routine,established_contact,false,false,true
med-synth-v2,d002580,fam_m024987,test,test_product_like,2025-09-26T09:01:00Z,S05,internal_project,false,false,true
med-synth-v2,d002102,fam_m024989,test,test_diagnostic,2025-09-26T09:02:00Z,S08,unintended_cc,true,false,true
med-synth-v2,d002103,fam_m024989,test,test_diagnostic,2025-09-26T09:02:00Z,S08,clean_twin,false,false,true
med-synth-v2,d002581,fam_m024991,test,test_product_like,2025-09-26T09:03:00Z,S05,internal_project,false,false,true
med-synth-v2,d002582,fam_m024993,test,test_product_like,2025-09-26T09:04:00Z,S05,internal_project,false,false,true
med-synth-v2,d002583,fam_m024995,test,test_product_like,2025-09-26T09:05:00Z,S05,internal_project,false,false,true
med-synth-v2,d002584,fam_m024999,test,test_product_like,2025-09-26T09:07:00Z,S05,internal_project,false,false,true
med-synth-v2,d002585,fam_m025025,test,test_product_like,2025-09-26T09:30:00Z,routine,established_contact,false,false,true
med-synth-v2,d002586,fam_m025027,test,test_product_like,2025-09-26T09:31:00Z,routine,established_contact,false,false,true
med-synth-v2,d002587,fam_m025037,test,test_product_like,2025-09-26T09:40:00Z,routine,established_contact,false,false,true
med-synth-v2,d002588,fam_m025055,test,test_product_like,2025-09-26T10:10:00Z,routine,established_contact,false,false,true
med-synth-v2,d002589,fam_m025057,test,test_product_like,2025-09-26T10:20:00Z,routine,established_contact,false,false,true
med-synth-v2,d002590,fam_m025065,test,test_product_like,2025-09-26T10:50:00Z,routine,established_contact,false,false,true
med-synth-v2,d002591,fam_m025075,test,test_product_like,2025-09-26T11:00:00Z,routine,established_contact,false,false,true
med-synth-v2,d002592,fam_m025087,test,test_product_like,2025-09-26T11:10:00Z,routine,established_contact,false,false,true
med-synth-v2,d002593,fam_m025089,test,test_product_like,2025-09-26T11:11:00Z,routine,established_contact,false,false,true
med-synth-v2,d002594,fam_m025099,test,test_product_like,2025-09-26T11:20:00Z,routine,established_contact,false,false,true
med-synth-v2,d002595,fam_m025101,test,test_product_like,2025-09-26T11:21:00Z,routine,established_contact,false,false,true
med-synth-v2,d002163,fam_m025135,test,test_product_like,2025-09-26T12:00:00Z,S05,external_purchase,false,false,true
med-synth-v2,d002596,fam_m025147,test,test_product_like,2025-09-26T12:10:00Z,S05,external_purchase,false,false,true
med-synth-v2,d002597,fam_m025149,test,test_product_like,2025-09-26T12:11:00Z,S05,external_purchase,false,false,true
med-synth-v2,d002598,fam_m025159,test,test_product_like,2025-09-26T12:20:00Z,S05,external_purchase,false,false,true
med-synth-v2,d002599,fam_m025171,test,test_product_like,2025-09-26T13:10:00Z,routine,established_contact,false,false,true
med-synth-v2,d002600,fam_m025181,test,test_product_like,2025-09-26T14:00:00Z,routine,established_contact,false,false,true
med-synth-v2,d002601,fam_m025191,test,test_product_like,2025-09-26T14:50:00Z,routine,established_contact,false,false,true
med-synth-v2,d002602,fam_m025201,test,test_product_like,2025-09-29T09:00:00Z,S05,internal_project,false,false,true
med-synth-v2,d002603,fam_m025205,test,test_product_like,2025-09-29T09:02:00Z,S05,internal_project,false,false,true
med-synth-v2,d002604,fam_m025207,test,test_product_like,2025-09-29T09:03:00Z,S05,internal_project,false,false,true
med-synth-v2,d002605,fam_m025209,test,test_product_like,2025-09-29T09:04:00Z,S05,internal_project,false,false,true
med-synth-v2,d002606,fam_m025211,test,test_product_like,2025-09-29T09:05:00Z,S05,internal_project,false,false,true
med-synth-v2,d002607,fam_m025215,test,test_product_like,2025-09-29T09:07:00Z,S05,internal_project,false,false,true
med-synth-v2,d002608,fam_m025297,test,test_product_like,2025-09-29T09:30:00Z,routine,established_contact,false,false,true
med-synth-v2,d002609,fam_m025299,test,test_product_like,2025-09-29T09:31:00Z,routine,established_contact,false,false,true
med-synth-v2,d002610,fam_m025309,test,test_product_like,2025-09-29T09:40:00Z,routine,established_contact,false,false,true
med-synth-v2,d002611,fam_m025341,test,test_product_like,2025-09-29T10:40:00Z,routine,established_contact,false,false,true
med-synth-v2,d002612,fam_m025347,test,test_product_like,2025-09-29T11:00:00Z,routine,established_contact,false,false,true
med-synth-v2,d002613,fam_m025349,test,test_product_like,2025-09-29T11:01:00Z,routine,established_contact,false,false,true
med-synth-v2,d002614,fam_m025359,test,test_product_like,2025-09-29T11:10:00Z,routine,established_contact,false,false,true
med-synth-v2,d002615,fam_m025371,test,test_product_like,2025-09-29T11:20:00Z,routine,established_contact,false,false,true
med-synth-v2,d002616,fam_m025373,test,test_product_like,2025-09-29T11:21:00Z,routine,established_contact,false,false,true
med-synth-v2,d002617,fam_m025407,test,test_product_like,2025-09-29T12:00:00Z,S05,external_purchase,false,false,true
med-synth-v2,d002618,fam_m025409,test,test_product_like,2025-09-29T12:01:00Z,S05,external_purchase,false,false,true
med-synth-v2,d002619,fam_m025421,test,test_product_like,2025-09-29T12:11:00Z,S05,external_purchase,false,false,true
med-synth-v2,d002620,fam_m025431,test,test_product_like,2025-09-29T12:20:00Z,S05,external_purchase,false,false,true
med-synth-v2,d002621,fam_m025433,test,test_product_like,2025-09-29T12:21:00Z,S05,external_purchase,false,false,true
med-synth-v2,d002622,fam_m025443,test,test_product_like,2025-09-29T12:30:00Z,routine,established_contact,false,false,true
med-synth-v2,d002623,fam_m025463,test,test_product_like,2025-09-29T14:10:00Z,routine,established_contact,false,false,true
med-synth-v2,d002624,fam_m025473,test,test_product_like,2025-09-29T15:00:00Z,routine,established_contact,false,false,true
med-synth-v2,d002625,fam_m025217,test,test_product_like,2025-09-30T09:00:00Z,S05,internal_project,false,false,true
med-synth-v2,d002626,fam_m025221,test,test_product_like,2025-09-30T09:02:00Z,S05,internal_project,false,false,true
med-synth-v2,d002627,fam_m025223,test,test_product_like,2025-09-30T09:03:00Z,S05,internal_project,false,false,true
med-synth-v2,d002628,fam_m025225,test,test_product_like,2025-09-30T09:04:00Z,S05,internal_project,false,false,true
med-synth-v2,d002629,fam_m025227,test,test_product_like,2025-09-30T09:05:00Z,S05,internal_project,false,false,true
med-synth-v2,d002630,fam_m025231,test,test_product_like,2025-09-30T09:07:00Z,S05,internal_project,false,false,true
med-synth-v2,d002631,fam_m025281,test,test_product_like,2025-09-30T09:10:00Z,S05,internal_project,false,false,true
med-synth-v2,d002632,fam_m025283,test,test_product_like,2025-09-30T09:11:00Z,S05,internal_project,false,false,true
med-synth-v2,d002633,fam_m025289,test,test_product_like,2025-09-30T09:20:00Z,routine,established_contact,false,false,true
med-synth-v2,d002634,fam_m025321,test,test_product_like,2025-09-30T09:50:00Z,routine,established_contact,false,false,true
med-synth-v2,d002635,fam_m025323,test,test_product_like,2025-09-30T09:51:00Z,routine,established_contact,false,false,true
med-synth-v2,d002636,fam_m025333,test,test_product_like,2025-09-30T10:10:00Z,routine,established_contact,false,false,true
med-synth-v2,d002637,fam_m025383,test,test_product_like,2025-09-30T11:30:00Z,routine,established_contact,false,false,true
med-synth-v2,d002638,fam_m025391,test,test_product_like,2025-09-30T11:40:00Z,routine,established_contact,false,false,true
med-synth-v2,d002639,fam_m025393,test,test_product_like,2025-09-30T11:41:00Z,routine,established_contact,false,false,true
med-synth-v2,d002640,fam_m025399,test,test_product_like,2025-09-30T11:50:00Z,routine,established_contact,false,false,true
med-synth-v2,d002641,fam_m025401,test,test_product_like,2025-09-30T11:51:00Z,routine,established_contact,false,false,true
med-synth-v2,d002642,fam_m025455,test,test_product_like,2025-09-30T13:30:00Z,routine,established_contact,false,false,true
med-synth-v2,d002643,fam_m025465,test,test_product_like,2025-09-30T14:20:00Z,routine,established_contact,false,false,true
med-synth-v2,d002644,fam_m025475,test,test_product_like,2025-09-30T15:10:00Z,routine,established_contact,false,false,true
med-synth-v2,d002645,fam_m025233,test,test_product_like,2025-10-01T09:00:00Z,S05,internal_project,false,false,true
med-synth-v2,d002646,fam_m025237,test,test_product_like,2025-10-01T09:02:00Z,S05,internal_project,false,false,true
med-synth-v2,d002647,fam_m025239,test,test_product_like,2025-10-01T09:03:00Z,S05,internal_project,false,false,true
med-synth-v2,d002648,fam_m025241,test,test_product_like,2025-10-01T09:04:00Z,S05,internal_project,false,false,true
med-synth-v2,d002649,fam_m025243,test,test_product_like,2025-10-01T09:05:00Z,S05,internal_project,false,false,true
med-synth-v2,d002650,fam_m025247,test,test_product_like,2025-10-01T09:07:00Z,S05,internal_project,false,false,true
med-synth-v2,d002651,fam_m025301,test,test_product_like,2025-10-01T09:30:00Z,routine,established_contact,false,false,true
med-synth-v2,d002652,fam_m025303,test,test_product_like,2025-10-01T09:31:00Z,routine,established_contact,false,false,true
med-synth-v2,d002653,fam_m025315,test,test_product_like,2025-10-01T09:41:00Z,routine,established_contact,false,false,true
med-synth-v2,d002654,fam_m025329,test,test_product_like,2025-10-01T10:00:00Z,routine,established_contact,false,false,true
med-synth-v2,d002655,fam_m025331,test,test_product_like,2025-10-01T10:01:00Z,routine,established_contact,false,false,true
med-synth-v2,d002656,fam_m025351,test,test_product_like,2025-10-01T11:00:00Z,routine,established_contact,false,false,true
med-synth-v2,d002657,fam_m025363,test,test_product_like,2025-10-01T11:10:00Z,routine,established_contact,false,false,true
med-synth-v2,d002658,fam_m025365,test,test_product_like,2025-10-01T11:11:00Z,routine,established_contact,false,false,true
med-synth-v2,d002659,fam_m025375,test,test_product_like,2025-10-01T11:20:00Z,routine,established_contact,false,false,true
med-synth-v2,d002660,fam_m025377,test,test_product_like,2025-10-01T11:21:00Z,routine,established_contact,false,false,true
med-synth-v2,d002661,fam_m025413,test,test_product_like,2025-10-01T12:01:00Z,S05,external_purchase,false,false,true
med-synth-v2,d002662,fam_m025423,test,test_product_like,2025-10-01T12:10:00Z,S05,external_purchase,false,false,true
med-synth-v2,d002663,fam_m025425,test,test_product_like,2025-10-01T12:11:00Z,S05,external_purchase,false,false,true
med-synth-v2,d002664,fam_m025435,test,test_product_like,2025-10-01T12:20:00Z,S05,external_purchase,false,false,true
med-synth-v2,d002665,fam_m025447,test,test_product_like,2025-10-01T12:50:00Z,routine,established_contact,false,false,true
med-synth-v2,d002666,fam_m025457,test,test_product_like,2025-10-01T13:40:00Z,routine,established_contact,false,false,true
med-synth-v2,d002667,fam_m025467,test,test_product_like,2025-10-01T14:30:00Z,routine,established_contact,false,false,true
med-synth-v2,d002668,fam_m025477,test,test_product_like,2025-10-01T15:20:00Z,routine,established_contact,false,false,true
med-synth-v2,d002135,fam_m029192,test,test_product_like,2025-10-01T18:01:00Z,S03,legitimate_first_contact,false,false,true
med-synth-v2,d002140,fam_m029202,test,test_product_like,2025-10-01T19:01:00Z,S06,legitimate_new_domain,false,false,true
med-synth-v2,d002145,fam_m029212,test,test_product_like,2025-10-01T20:01:00Z,S07,legitimate_topic_change,false,false,true
med-synth-v2,d002669,fam_m025251,test,test_product_like,2025-10-02T09:01:00Z,S05,internal_project,false,false,true
med-synth-v2,d002670,fam_m025253,test,test_product_like,2025-10-02T09:02:00Z,S05,internal_project,false,false,true
med-synth-v2,d002671,fam_m025255,test,test_product_like,2025-10-02T09:03:00Z,S05,internal_project,false,false,true
med-synth-v2,d002672,fam_m025257,test,test_product_like,2025-10-02T09:04:00Z,S05,internal_project,false,false,true
med-synth-v2,d002673,fam_m025261,test,test_product_like,2025-10-02T09:06:00Z,S05,internal_project,false,false,true
med-synth-v2,d002674,fam_m025263,test,test_product_like,2025-10-02T09:07:00Z,S05,internal_project,false,false,true
med-synth-v2,d002169,fam_m025285,test,test_product_like,2025-10-02T09:10:00Z,S05,internal_project,false,false,true
med-synth-v2,d002675,fam_m025287,test,test_product_like,2025-10-02T09:11:00Z,S05,internal_project,false,false,true
med-synth-v2,d002676,fam_m025293,test,test_product_like,2025-10-02T09:20:00Z,routine,established_contact,false,false,true
med-synth-v2,d002677,fam_m025325,test,test_product_like,2025-10-02T09:50:00Z,routine,established_contact,false,false,true
med-synth-v2,d002678,fam_m025327,test,test_product_like,2025-10-02T09:51:00Z,routine,established_contact,false,false,true
med-synth-v2,d002679,fam_m025339,test,test_product_like,2025-10-02T10:30:00Z,routine,established_contact,false,false,true
med-synth-v2,d002680,fam_m025387,test,test_product_like,2025-10-02T11:30:00Z,routine,established_contact,false,false,true
med-synth-v2,d002681,fam_m025389,test,test_product_like,2025-10-02T11:31:00Z,routine,established_contact,false,false,true
med-synth-v2,d002682,fam_m025395,test,test_product_like,2025-10-02T11:40:00Z,routine,established_contact,false,false,true
med-synth-v2,d002683,fam_m025397,test,test_product_like,2025-10-02T11:41:00Z,routine,established_contact,false,false,true
med-synth-v2,d002684,fam_m025405,test,test_product_like,2025-10-02T11:51:00Z,routine,established_contact,false,false,true
med-synth-v2,d002685,fam_m025449,test,test_product_like,2025-10-02T13:00:00Z,routine,established_contact,false,false,true
med-synth-v2,d002686,fam_m025459,test,test_product_like,2025-10-02T13:50:00Z,routine,established_contact,false,false,true
med-synth-v2,d002687,fam_m025469,test,test_product_like,2025-10-02T14:40:00Z,routine,established_contact,false,false,true
med-synth-v2,d002688,fam_m025265,test,test_product_like,2025-10-03T09:00:00Z,S05,internal_project,false,false,true
med-synth-v2,d002689,fam_m025267,test,test_product_like,2025-10-03T09:01:00Z,S05,internal_project,false,false,true
med-synth-v2,d002690,fam_m025269,test,test_product_like,2025-10-03T09:02:00Z,S05,internal_project,false,false,true
med-synth-v2,d002691,fam_m025271,test,test_product_like,2025-10-03T09:03:00Z,S05,internal_project,false,false,true
med-synth-v2,d002692,fam_m025275,test,test_product_like,2025-10-03T09:05:00Z,S05,internal_project,false,false,true
med-synth-v2,d002693,fam_m025277,test,test_product_like,2025-10-03T09:06:00Z,S05,internal_project,false,false,true
med-synth-v2,d002694,fam_m025279,test,test_product_like,2025-10-03T09:07:00Z,S05,internal_project,false,false,true
med-synth-v2,d002695,fam_m025305,test,test_product_like,2025-10-03T09:30:00Z,routine,established_contact,false,false,true
med-synth-v2,d002696,fam_m025317,test,test_product_like,2025-10-03T09:40:00Z,routine,established_contact,false,false,true
med-synth-v2,d002697,fam_m025319,test,test_product_like,2025-10-03T09:41:00Z,routine,established_contact,false,false,true
med-synth-v2,d002698,fam_m025335,test,test_product_like,2025-10-03T10:10:00Z,routine,established_contact,false,false,true
med-synth-v2,d002699,fam_m025337,test,test_product_like,2025-10-03T10:20:00Z,routine,established_contact,false,false,true
med-synth-v2,d002700,fam_m025355,test,test_product_like,2025-10-03T11:00:00Z,routine,established_contact,false,false,true
med-synth-v2,d002701,fam_m025357,test,test_product_like,2025-10-03T11:01:00Z,routine,established_contact,false,false,true
med-synth-v2,d002702,fam_m025367,test,test_product_like,2025-10-03T11:10:00Z,routine,established_contact,false,false,true
med-synth-v2,d002703,fam_m025369,test,test_product_like,2025-10-03T11:11:00Z,routine,established_contact,false,false,true
med-synth-v2,d002704,fam_m025381,test,test_product_like,2025-10-03T11:21:00Z,routine,established_contact,false,false,true
med-synth-v2,d002705,fam_m025415,test,test_product_like,2025-10-03T12:00:00Z,S05,external_purchase,false,false,true
med-synth-v2,d002706,fam_m025417,test,test_product_like,2025-10-03T12:01:00Z,S05,external_purchase,false,false,true
med-synth-v2,d002707,fam_m025429,test,test_product_like,2025-10-03T12:11:00Z,S05,external_purchase,false,false,true
med-synth-v2,d002708,fam_m025439,test,test_product_like,2025-10-03T12:20:00Z,S05,external_purchase,false,false,true
med-synth-v2,d002709,fam_m025441,test,test_product_like,2025-10-03T12:21:00Z,S05,external_purchase,false,false,true
med-synth-v2,d002710,fam_m025451,test,test_product_like,2025-10-03T13:10:00Z,routine,established_contact,false,false,true
med-synth-v2,d002711,fam_m025471,test,test_product_like,2025-10-03T14:50:00Z,routine,established_contact,false,false,true
med-synth-v2,d002712,fam_m025481,test,test_product_like,2025-10-06T09:00:00Z,S05,internal_project,false,false,true
med-synth-v2,d002713,fam_m025483,test,test_product_like,2025-10-06T09:01:00Z,S05,internal_project,false,false,true
med-synth-v2,d002714,fam_m025485,test,test_product_like,2025-10-06T09:02:00Z,S05,internal_project,false,false,true
med-synth-v2,d002715,fam_m025489,test,test_product_like,2025-10-06T09:04:00Z,S05,internal_project,false,false,true
med-synth-v2,d002716,fam_m025491,test,test_product_like,2025-10-06T09:05:00Z,S05,internal_project,false,false,true
med-synth-v2,d002717,fam_m025493,test,test_product_like,2025-10-06T09:06:00Z,S05,internal_project,false,false,true
med-synth-v2,d002104,fam_m025495,test,test_diagnostic,2025-10-06T09:07:00Z,S08,unintended_cc,true,false,true
med-synth-v2,d002105,fam_m025495,test,test_diagnostic,2025-10-06T09:07:00Z,S08,clean_twin,false,false,true
med-synth-v2,d002718,fam_m025577,test,test_product_like,2025-10-06T09:30:00Z,routine,established_contact,false,false,true
med-synth-v2,d002719,fam_m025589,test,test_product_like,2025-10-06T09:40:00Z,routine,established_contact,false,false,true
med-synth-v2,d002720,fam_m025591,test,test_product_like,2025-10-06T09:41:00Z,routine,established_contact,false,false,true
med-synth-v2,d002721,fam_m025621,test,test_product_like,2025-10-06T10:40:00Z,routine,established_contact,false,false,true
med-synth-v2,d002722,fam_m025627,test,test_product_like,2025-10-06T11:00:00Z,routine,established_contact,false,false,true
med-synth-v2,d002723,fam_m025639,test,test_product_like,2025-10-06T11:10:00Z,routine,established_contact,false,false,true
med-synth-v2,d002724,fam_m025641,test,test_product_like,2025-10-06T11:11:00Z,routine,established_contact,false,false,true
med-synth-v2,d002725,fam_m025651,test,test_product_like,2025-10-06T11:20:00Z,routine,established_contact,false,false,true
med-synth-v2,d002726,fam_m025653,test,test_product_like,2025-10-06T11:21:00Z,routine,established_contact,false,false,true
med-synth-v2,d002727,fam_m025689,test,test_product_like,2025-10-06T12:01:00Z,S05,external_purchase,false,false,true
med-synth-v2,d002728,fam_m025699,test,test_product_like,2025-10-06T12:10:00Z,S05,external_purchase,false,false,true
med-synth-v2,d002729,fam_m025701,test,test_product_like,2025-10-06T12:11:00Z,S05,external_purchase,false,false,true
med-synth-v2,d002730,fam_m025713,test,test_product_like,2025-10-06T12:21:00Z,S05,external_purchase,false,false,true
med-synth-v2,d002731,fam_m025723,test,test_product_like,2025-10-06T12:30:00Z,routine,established_contact,false,false,true
med-synth-v2,d002732,fam_m025733,test,test_product_like,2025-10-06T13:20:00Z,routine,established_contact,false,false,true
med-synth-v2,d002733,fam_m025743,test,test_product_like,2025-10-06T14:10:00Z,routine,established_contact,false,false,true
med-synth-v2,d002734,fam_m025497,test,test_product_like,2025-10-07T09:00:00Z,S05,internal_project,false,false,true
med-synth-v2,d002735,fam_m025499,test,test_product_like,2025-10-07T09:01:00Z,S05,internal_project,false,false,true
med-synth-v2,d002736,fam_m025501,test,test_product_like,2025-10-07T09:02:00Z,S05,internal_project,false,false,true
med-synth-v2,d002737,fam_m025503,test,test_product_like,2025-10-07T09:03:00Z,S05,internal_project,false,false,true
med-synth-v2,d002738,fam_m025507,test,test_product_like,2025-10-07T09:05:00Z,S05,internal_project,false,false,true
med-synth-v2,d002739,fam_m025509,test,test_product_like,2025-10-07T09:06:00Z,S05,internal_project,false,false,true
med-synth-v2,d002740,fam_m025511,test,test_product_like,2025-10-07T09:07:00Z,S05,internal_project,false,false,true
med-synth-v2,d002741,fam_m025561,test,test_product_like,2025-10-07T09:10:00Z,S05,internal_project,false,false,true
med-synth-v2,d002078,fam_m025569,test,test_product_like,2025-10-07T09:20:00Z,S02,added_external,true,false,true
med-synth-v2,d002742,fam_m025571,test,test_product_like,2025-10-07T09:21:00Z,routine,established_contact,false,false,true
med-synth-v2,d002743,fam_m025601,test,test_product_like,2025-10-07T09:50:00Z,routine,established_contact,false,false,true
med-synth-v2,d002744,fam_m025603,test,test_product_like,2025-10-07T09:51:00Z,routine,established_contact,false,false,true
med-synth-v2,d002745,fam_m025613,test,test_product_like,2025-10-07T10:10:00Z,routine,established_contact,false,false,true
med-synth-v2,d002746,fam_m025665,test,test_product_like,2025-10-07T11:31:00Z,routine,established_contact,false,false,true
med-synth-v2,d002747,fam_m025671,test,test_product_like,2025-10-07T11:40:00Z,routine,established_contact,false,false,true
med-synth-v2,d002748,fam_m025673,test,test_product_like,2025-10-07T11:41:00Z,routine,established_contact,false,false,true
med-synth-v2,d002749,fam_m025679,test,test_product_like,2025-10-07T11:50:00Z,routine,established_contact,false,false,true
med-synth-v2,d002750,fam_m025725,test,test_product_like,2025-10-07T12:40:00Z,routine,established_contact,false,false,true
med-synth-v2,d002751,fam_m025735,test,test_product_like,2025-10-07T13:30:00Z,routine,established_contact,false,false,true
med-synth-v2,d002752,fam_m025745,test,test_product_like,2025-10-07T14:20:00Z,routine,established_contact,false,false,true
med-synth-v2,d002753,fam_m025755,test,test_product_like,2025-10-07T15:10:00Z,routine,established_contact,false,false,true
med-synth-v2,d002754,fam_m025515,test,test_product_like,2025-10-08T09:01:00Z,S05,internal_project,false,false,true
med-synth-v2,d002755,fam_m025517,test,test_product_like,2025-10-08T09:02:00Z,S05,internal_project,false,false,true
med-synth-v2,d002756,fam_m025519,test,test_product_like,2025-10-08T09:03:00Z,S05,internal_project,false,false,true
med-synth-v2,d002757,fam_m025523,test,test_product_like,2025-10-08T09:05:00Z,S05,internal_project,false,false,true
med-synth-v2,d002758,fam_m025525,test,test_product_like,2025-10-08T09:06:00Z,S05,internal_project,false,false,true
med-synth-v2,d002759,fam_m025527,test,test_product_like,2025-10-08T09:07:00Z,S05,internal_project,false,false,true
med-synth-v2,d002760,fam_m025581,test,test_product_like,2025-10-08T09:30:00Z,routine,established_contact,false,false,true
med-synth-v2,d002761,fam_m025593,test,test_product_like,2025-10-08T09:40:00Z,routine,established_contact,false,false,true
med-synth-v2,d002762,fam_m025595,test,test_product_like,2025-10-08T09:41:00Z,routine,established_contact,false,false,true
med-synth-v2,d002763,fam_m025609,test,test_product_like,2025-10-08T10:00:00Z,routine,established_contact,false,false,true
med-synth-v2,d002764,fam_m025611,test,test_product_like,2025-10-08T10:01:00Z,routine,established_contact,false,false,true
med-synth-v2,d002765,fam_m025633,test,test_product_like,2025-10-08T11:01:00Z,routine,established_contact,false,false,true
med-synth-v2,d002766,fam_m025643,test,test_product_like,2025-10-08T11:10:00Z,routine,established_contact,false,false,true
med-synth-v2,d002767,fam_m025645,test,test_product_like,2025-10-08T11:11:00Z,routine,established_contact,false,false,true
med-synth-v2,d002768,fam_m025655,test,test_product_like,2025-10-08T11:20:00Z,routine,established_contact,false,false,true
med-synth-v2,d002769,fam_m025691,test,test_product_like,2025-10-08T12:00:00Z,S05,external_purchase,false,false,true
med-synth-v2,d002770,fam_m025693,test,test_product_like,2025-10-08T12:01:00Z,S05,external_purchase,false,false,true
med-synth-v2,d002771,fam_m025703,test,test_product_like,2025-10-08T12:10:00Z,S05,external_purchase,false,false,true
med-synth-v2,d002772,fam_m025705,test,test_product_like,2025-10-08T12:11:00Z,S05,external_purchase,false,false,true
med-synth-v2,d002773,fam_m025717,test,test_product_like,2025-10-08T12:21:00Z,S05,external_purchase,false,false,true
med-synth-v2,d002774,fam_m025727,test,test_product_like,2025-10-08T12:50:00Z,routine,established_contact,false,false,true
med-synth-v2,d002775,fam_m025737,test,test_product_like,2025-10-08T13:40:00Z,routine,established_contact,false,false,true
med-synth-v2,d002776,fam_m025747,test,test_product_like,2025-10-08T14:30:00Z,routine,established_contact,false,false,true
med-synth-v2,d002150,fam_m029222,test,test_product_like,2025-10-08T21:01:00Z,S09,cold_start_legitimate,false,false,true
med-synth-v2,d002154,fam_m029229,test,test_product_like,2025-10-08T21:31:00Z,S09,little_text_legitimate,false,false,true
med-synth-v2,d002777,fam_m025529,test,test_product_like,2025-10-09T09:00:00Z,S05,internal_project,false,false,true
med-synth-v2,d002778,fam_m025531,test,test_product_like,2025-10-09T09:01:00Z,S05,internal_project,false,false,true
med-synth-v2,d002779,fam_m025533,test,test_product_like,2025-10-09T09:02:00Z,S05,internal_project,false,false,true
med-synth-v2,d002780,fam_m025535,test,test_product_like,2025-10-09T09:03:00Z,S05,internal_project,false,false,true
med-synth-v2,d002781,fam_m025539,test,test_product_like,2025-10-09T09:05:00Z,S05,internal_project,false,false,true
med-synth-v2,d002782,fam_m025541,test,test_product_like,2025-10-09T09:06:00Z,S05,internal_project,false,false,true
med-synth-v2,d002783,fam_m025543,test,test_product_like,2025-10-09T09:07:00Z,S05,internal_project,false,false,true
med-synth-v2,d002784,fam_m025567,test,test_product_like,2025-10-09T09:11:00Z,S05,internal_project,false,false,true
med-synth-v2,d002785,fam_m025573,test,test_product_like,2025-10-09T09:20:00Z,routine,established_contact,false,false,true
med-synth-v2,d002786,fam_m025575,test,test_product_like,2025-10-09T09:21:00Z,routine,established_contact,false,false,true
med-synth-v2,d002787,fam_m025605,test,test_product_like,2025-10-09T09:50:00Z,routine,established_contact,false,false,true
med-synth-v2,d002788,fam_m025619,test,test_product_like,2025-10-09T10:30:00Z,routine,established_contact,false,false,true
med-synth-v2,d002789,fam_m025623,test,test_product_like,2025-10-09T10:40:00Z,routine,established_contact,false,false,true
med-synth-v2,d002790,fam_m025667,test,test_product_like,2025-10-09T11:30:00Z,routine,established_contact,false,false,true
med-synth-v2,d002791,fam_m025669,test,test_product_like,2025-10-09T11:31:00Z,routine,established_contact,false,false,true
med-synth-v2,d002792,fam_m025677,test,test_product_like,2025-10-09T11:41:00Z,routine,established_contact,false,false,true
med-synth-v2,d002793,fam_m025683,test,test_product_like,2025-10-09T11:50:00Z,routine,established_contact,false,false,true
med-synth-v2,d002794,fam_m025685,test,test_product_like,2025-10-09T11:51:00Z,routine,established_contact,false,false,true
med-synth-v2,d002795,fam_m025729,test,test_product_like,2025-10-09T13:00:00Z,routine,established_contact,false,false,true
med-synth-v2,d002796,fam_m025749,test,test_product_like,2025-10-09T14:40:00Z,routine,established_contact,false,false,true
med-synth-v2,d002797,fam_m025759,test,test_product_like,2025-10-09T15:30:00Z,routine,established_contact,false,false,true
med-synth-v2,d002798,fam_m025545,test,test_product_like,2025-10-10T09:00:00Z,S05,internal_project,false,false,true
med-synth-v2,d002799,fam_m025547,test,test_product_like,2025-10-10T09:01:00Z,S05,internal_project,false,false,true
med-synth-v2,d002800,fam_m025551,test,test_product_like,2025-10-10T09:03:00Z,S05,internal_project,false,false,true
med-synth-v2,d002801,fam_m025553,test,test_product_like,2025-10-10T09:04:00Z,S05,internal_project,false,false,true
med-synth-v2,d002802,fam_m025555,test,test_product_like,2025-10-10T09:05:00Z,S05,internal_project,false,false,true
med-synth-v2,d002803,fam_m025557,test,test_product_like,2025-10-10T09:06:00Z,S05,internal_project,false,false,true
med-synth-v2,d002804,fam_m025585,test,test_product_like,2025-10-10T09:30:00Z,routine,established_contact,false,false,true
med-synth-v2,d002805,fam_m025587,test,test_product_like,2025-10-10T09:31:00Z,routine,established_contact,false,false,true
med-synth-v2,d002806,fam_m025597,test,test_product_like,2025-10-10T09:40:00Z,routine,established_contact,false,false,true
med-synth-v2,d002807,fam_m025599,test,test_product_like,2025-10-10T09:41:00Z,routine,established_contact,false,false,true
med-synth-v2,d002808,fam_m025617,test,test_product_like,2025-10-10T10:20:00Z,routine,established_contact,false,false,true
med-synth-v2,d002809,fam_m025625,test,test_product_like,2025-10-10T10:50:00Z,routine,established_contact,false,false,true
med-synth-v2,d002810,fam_m025635,test,test_product_like,2025-10-10T11:00:00Z,routine,established_contact,false,false,true
med-synth-v2,d002811,fam_m025647,test,test_product_like,2025-10-10T11:10:00Z,routine,established_contact,false,false,true
med-synth-v2,d002812,fam_m025649,test,test_product_like,2025-10-10T11:11:00Z,routine,established_contact,false,false,true
med-synth-v2,d002813,fam_m025659,test,test_product_like,2025-10-10T11:20:00Z,routine,established_contact,false,false,true
med-synth-v2,d002814,fam_m025661,test,test_product_like,2025-10-10T11:21:00Z,routine,established_contact,false,false,true
med-synth-v2,d002815,fam_m025697,test,test_product_like,2025-10-10T12:01:00Z,S05,external_purchase,false,false,true
med-synth-v2,d002816,fam_m025707,test,test_product_like,2025-10-10T12:10:00Z,S05,external_purchase,false,false,true
med-synth-v2,d002817,fam_m025709,test,test_product_like,2025-10-10T12:11:00Z,S05,external_purchase,false,false,true
med-synth-v2,d002818,fam_m025719,test,test_product_like,2025-10-10T12:20:00Z,S05,external_purchase,false,false,true
med-synth-v2,d002819,fam_m025731,test,test_product_like,2025-10-10T13:10:00Z,routine,established_contact,false,false,true
med-synth-v2,d002820,fam_m025741,test,test_product_like,2025-10-10T14:00:00Z,routine,established_contact,false,false,true
med-synth-v2,d002821,fam_m025751,test,test_product_like,2025-10-10T14:50:00Z,routine,established_contact,false,false,true
med-synth-v2,d002822,fam_m025761,test,test_product_like,2025-10-13T09:00:00Z,S05,internal_project,false,false,true
med-synth-v2,d002823,fam_m025765,test,test_product_like,2025-10-13T09:02:00Z,S05,internal_project,false,false,true
med-synth-v2,d002824,fam_m025767,test,test_product_like,2025-10-13T09:03:00Z,S05,internal_project,false,false,true
med-synth-v2,d002825,fam_m025769,test,test_product_like,2025-10-13T09:04:00Z,S05,internal_project,false,false,true
med-synth-v2,d002826,fam_m025771,test,test_product_like,2025-10-13T09:05:00Z,S05,internal_project,false,false,true
med-synth-v2,d002827,fam_m025775,test,test_product_like,2025-10-13T09:07:00Z,S05,internal_project,false,false,true
med-synth-v2,d002089,fam_m025857,test,test_diagnostic,2025-10-13T09:30:00Z,S04,familiar_topic_mismatch,true,false,true
med-synth-v2,d002090,fam_m025857,test,test_diagnostic,2025-10-13T09:30:00Z,S04,clean_twin,false,false,true
med-synth-v2,d002828,fam_m025859,test,test_product_like,2025-10-13T09:31:00Z,routine,established_contact,false,false,true
med-synth-v2,d002829,fam_m025869,test,test_product_like,2025-10-13T09:40:00Z,routine,established_contact,false,false,true
med-synth-v2,d002830,fam_m025871,test,test_product_like,2025-10-13T09:41:00Z,routine,established_contact,false,false,true
med-synth-v2,d002068,fam_m025907,test,test_diagnostic,2025-10-13T11:00:00Z,S01,lookalike_replacement,true,false,true
med-synth-v2,d002069,fam_m025907,test,test_diagnostic,2025-10-13T11:00:00Z,S01,clean_twin,false,false,true
med-synth-v2,d002831,fam_m025909,test,test_product_like,2025-10-13T11:01:00Z,routine,established_contact,false,false,true
med-synth-v2,d002832,fam_m025919,test,test_product_like,2025-10-13T11:10:00Z,routine,established_contact,false,false,true
med-synth-v2,d002833,fam_m025921,test,test_product_like,2025-10-13T11:11:00Z,routine,established_contact,false,false,true
med-synth-v2,d002834,fam_m025931,test,test_product_like,2025-10-13T11:20:00Z,routine,established_contact,false,false,true
med-synth-v2,d002835,fam_m025967,test,test_product_like,2025-10-13T12:00:00Z,S05,external_purchase,false,false,true
med-synth-v2,d002836,fam_m025969,test,test_product_like,2025-10-13T12:01:00Z,S05,external_purchase,false,false,true
med-synth-v2,d002837,fam_m025979,test,test_product_like,2025-10-13T12:10:00Z,S05,external_purchase,false,false,true
med-synth-v2,d002838,fam_m025991,test,test_product_like,2025-10-13T12:20:00Z,S05,external_purchase,false,false,true
med-synth-v2,d002839,fam_m025993,test,test_product_like,2025-10-13T12:21:00Z,S05,external_purchase,false,false,true
med-synth-v2,d002840,fam_m026003,test,test_product_like,2025-10-13T12:30:00Z,routine,established_contact,false,false,true
med-synth-v2,d002841,fam_m026013,test,test_product_like,2025-10-13T13:20:00Z,routine,established_contact,false,false,true
med-synth-v2,d002842,fam_m026033,test,test_product_like,2025-10-13T15:00:00Z,routine,established_contact,false,false,true
med-synth-v2,d002843,fam_m025777,test,test_product_like,2025-10-14T09:00:00Z,S05,internal_project,false,false,true
med-synth-v2,d002844,fam_m025779,test,test_product_like,2025-10-14T09:01:00Z,S05,internal_project,false,false,true
med-synth-v2,d002845,fam_m025781,test,test_product_like,2025-10-14T09:02:00Z,S05,internal_project,false,false,true
med-synth-v2,d002846,fam_m025785,test,test_product_like,2025-10-14T09:04:00Z,S05,internal_project,false,false,true
med-synth-v2,d002847,fam_m025787,test,test_product_like,2025-10-14T09:05:00Z,S05,internal_project,false,false,true
med-synth-v2,d002848,fam_m025789,test,test_product_like,2025-10-14T09:06:00Z,S05,internal_project,false,false,true
med-synth-v2,d002849,fam_m025791,test,test_product_like,2025-10-14T09:07:00Z,S05,internal_project,false,false,true
med-synth-v2,d002850,fam_m025843,test,test_product_like,2025-10-14T09:11:00Z,S05,internal_project,false,false,true
med-synth-v2,d002851,fam_m025849,test,test_product_like,2025-10-14T09:20:00Z,routine,established_contact,false,false,true
med-synth-v2,d002852,fam_m025851,test,test_product_like,2025-10-14T09:21:00Z,routine,established_contact,false,false,true
med-synth-v2,d002853,fam_m025881,test,test_product_like,2025-10-14T09:50:00Z,routine,established_contact,false,false,true
med-synth-v2,d002854,fam_m025893,test,test_product_like,2025-10-14T10:10:00Z,routine,established_contact,false,false,true
med-synth-v2,d002855,fam_m025943,test,test_product_like,2025-10-14T11:30:00Z,routine,established_contact,false,false,true
med-synth-v2,d002856,fam_m025945,test,test_product_like,2025-10-14T11:31:00Z,routine,established_contact,false,false,true
med-synth-v2,d002857,fam_m025951,test,test_product_like,2025-10-14T11:40:00Z,routine,established_contact,false,false,true
med-synth-v2,d002858,fam_m025959,test,test_product_like,2025-10-14T11:50:00Z,routine,established_contact,false,false,true
med-synth-v2,d002859,fam_m025961,test,test_product_like,2025-10-14T11:51:00Z,routine,established_contact,false,false,true
med-synth-v2,d002860,fam_m026005,test,test_product_like,2025-10-14T12:40:00Z,routine,established_contact,false,false,true
med-synth-v2,d002861,fam_m026015,test,test_product_like,2025-10-14T13:30:00Z,routine,established_contact,false,false,true
med-synth-v2,d002862,fam_m026035,test,test_product_like,2025-10-14T15:10:00Z,routine,established_contact,false,false,true
med-synth-v2,d002863,fam_m025793,test,test_product_like,2025-10-15T09:00:00Z,S05,internal_project,false,false,true
med-synth-v2,d002106,fam_m025795,test,test_diagnostic,2025-10-15T09:01:00Z,S08,unintended_bcc,true,false,true
med-synth-v2,d002107,fam_m025795,test,test_diagnostic,2025-10-15T09:01:00Z,S08,clean_twin,false,false,true
med-synth-v2,d002864,fam_m025797,test,test_product_like,2025-10-15T09:02:00Z,S05,internal_project,false,false,true
med-synth-v2,d002865,fam_m025801,test,test_product_like,2025-10-15T09:04:00Z,S05,internal_project,false,false,true
med-synth-v2,d002866,fam_m025803,test,test_product_like,2025-10-15T09:05:00Z,S05,internal_project,false,false,true
med-synth-v2,d002867,fam_m025805,test,test_product_like,2025-10-15T09:06:00Z,S05,internal_project,false,false,true
med-synth-v2,d002868,fam_m025807,test,test_product_like,2025-10-15T09:07:00Z,S05,internal_project,false,false,true
med-synth-v2,d002869,fam_m025863,test,test_product_like,2025-10-15T09:31:00Z,routine,established_contact,false,false,true
med-synth-v2,d002870,fam_m025873,test,test_product_like,2025-10-15T09:40:00Z,routine,established_contact,false,false,true
med-synth-v2,d002871,fam_m025875,test,test_product_like,2025-10-15T09:41:00Z,routine,established_contact,false,false,true
med-synth-v2,d002872,fam_m025889,test,test_product_like,2025-10-15T10:00:00Z,routine,established_contact,false,false,true
med-synth-v2,d002873,fam_m025911,test,test_product_like,2025-10-15T11:00:00Z,routine,established_contact,false,false,true
med-synth-v2,d002874,fam_m025913,test,test_product_like,2025-10-15T11:01:00Z,routine,established_contact,false,false,true
med-synth-v2,d002875,fam_m025923,test,test_product_like,2025-10-15T11:10:00Z,routine,established_contact,false,false,true
med-synth-v2,d002876,fam_m025925,test,test_product_like,2025-10-15T11:11:00Z,routine,established_contact,false,false,true
med-synth-v2,d002877,fam_m025937,test,test_product_like,2025-10-15T11:21:00Z,routine,established_contact,false,false,true
med-synth-v2,d002878,fam_m025971,test,test_product_like,2025-10-15T12:00:00Z,S05,external_purchase,false,false,true
med-synth-v2,d002879,fam_m025973,test,test_product_like,2025-10-15T12:01:00Z,S05,external_purchase,false,false,true
med-synth-v2,d002880,fam_m025983,test,test_product_like,2025-10-15T12:10:00Z,S05,external_purchase,false,false,true
med-synth-v2,d002881,fam_m025995,test,test_product_like,2025-10-15T12:20:00Z,S05,external_purchase,false,false,true
med-synth-v2,d002882,fam_m025997,test,test_product_like,2025-10-15T12:21:00Z,S05,external_purchase,false,false,true
med-synth-v2,d002883,fam_m026007,test,test_product_like,2025-10-15T12:50:00Z,routine,established_contact,false,false,true
med-synth-v2,d002884,fam_m026017,test,test_product_like,2025-10-15T13:40:00Z,routine,established_contact,false,false,true
med-synth-v2,d002885,fam_m026037,test,test_product_like,2025-10-15T15:20:00Z,routine,established_contact,false,false,true
med-synth-v2,d002886,fam_m025809,test,test_product_like,2025-10-16T09:00:00Z,S05,internal_project,false,false,true
med-synth-v2,d002887,fam_m025811,test,test_product_like,2025-10-16T09:01:00Z,S05,internal_project,false,false,true
med-synth-v2,d002888,fam_m025815,test,test_product_like,2025-10-16T09:03:00Z,S05,internal_project,false,false,true
med-synth-v2,d002889,fam_m025817,test,test_product_like,2025-10-16T09:04:00Z,S05,internal_project,false,false,true
med-synth-v2,d002890,fam_m025819,test,test_product_like,2025-10-16T09:05:00Z,S05,internal_project,false,false,true
med-synth-v2,d002891,fam_m025821,test,test_product_like,2025-10-16T09:06:00Z,S05,internal_project,false,false,true
med-synth-v2,d002892,fam_m025845,test,test_product_like,2025-10-16T09:10:00Z,S05,internal_project,false,false,true
med-synth-v2,d002170,fam_m025847,test,test_product_like,2025-10-16T09:11:00Z,S05,internal_project,false,false,true
med-synth-v2,d002893,fam_m025853,test,test_product_like,2025-10-16T09:20:00Z,routine,established_contact,false,false,true
med-synth-v2,d002894,fam_m025855,test,test_product_like,2025-10-16T09:21:00Z,routine,established_contact,false,false,true
med-synth-v2,d002895,fam_m025885,test,test_product_like,2025-10-16T09:50:00Z,routine,established_contact,false,false,true
med-synth-v2,d002896,fam_m025899,test,test_product_like,2025-10-16T10:30:00Z,routine,established_contact,false,false,true
med-synth-v2,d002897,fam_m025903,test,test_product_like,2025-10-16T10:40:00Z,routine,established_contact,false,false,true
med-synth-v2,d002898,fam_m025947,test,test_product_like,2025-10-16T11:30:00Z,routine,established_contact,false,false,true
med-synth-v2,d002899,fam_m025949,test,test_product_like,2025-10-16T11:31:00Z,routine,established_contact,false,false,true
med-synth-v2,d002900,fam_m025957,test,test_product_like,2025-10-16T11:41:00Z,routine,established_contact,false,false,true
med-synth-v2,d002901,fam_m025963,test,test_product_like,2025-10-16T11:50:00Z,routine,established_contact,false,false,true
med-synth-v2,d002902,fam_m025965,test,test_product_like,2025-10-16T11:51:00Z,routine,established_contact,false,false,true
med-synth-v2,d002903,fam_m026009,test,test_product_like,2025-10-16T13:00:00Z,routine,established_contact,false,false,true
med-synth-v2,d002904,fam_m026029,test,test_product_like,2025-10-16T14:40:00Z,routine,established_contact,false,false,true
med-synth-v2,d002905,fam_m026039,test,test_product_like,2025-10-16T15:30:00Z,routine,established_contact,false,false,true
med-synth-v2,d002906,fam_m025825,test,test_product_like,2025-10-17T09:00:00Z,S05,internal_project,false,false,true
med-synth-v2,d002907,fam_m025827,test,test_product_like,2025-10-17T09:01:00Z,S05,internal_project,false,false,true
med-synth-v2,d002908,fam_m025831,test,test_product_like,2025-10-17T09:03:00Z,S05,internal_project,false,false,true
med-synth-v2,d002909,fam_m025833,test,test_product_like,2025-10-17T09:04:00Z,S05,internal_project,false,false,true
med-synth-v2,d002910,fam_m025835,test,test_product_like,2025-10-17T09:05:00Z,S05,internal_project,false,false,true
med-synth-v2,d002911,fam_m025837,test,test_product_like,2025-10-17T09:06:00Z,S05,internal_project,false,false,true
med-synth-v2,d002912,fam_m025865,test,test_product_like,2025-10-17T09:30:00Z,routine,established_contact,false,false,true
med-synth-v2,d002913,fam_m025867,test,test_product_like,2025-10-17T09:31:00Z,routine,established_contact,false,false,true
med-synth-v2,d002914,fam_m025877,test,test_product_like,2025-10-17T09:40:00Z,routine,established_contact,false,false,true
med-synth-v2,d002915,fam_m025895,test,test_product_like,2025-10-17T10:10:00Z,routine,established_contact,false,false,true
med-synth-v2,d002916,fam_m025897,test,test_product_like,2025-10-17T10:20:00Z,routine,established_contact,false,false,true
med-synth-v2,d002917,fam_m025905,test,test_product_like,2025-10-17T10:50:00Z,routine,established_contact,false,false,true
med-synth-v2,d002918,fam_m025915,test,test_product_like,2025-10-17T11:00:00Z,routine,established_contact,false,false,true
med-synth-v2,d002919,fam_m025927,test,test_product_like,2025-10-17T11:10:00Z,routine,established_contact,false,false,true
med-synth-v2,d002920,fam_m025929,test,test_product_like,2025-10-17T11:11:00Z,routine,established_contact,false,false,true
med-synth-v2,d002921,fam_m025939,test,test_product_like,2025-10-17T11:20:00Z,routine,established_contact,false,false,true
med-synth-v2,d002922,fam_m025941,test,test_product_like,2025-10-17T11:21:00Z,routine,established_contact,false,false,true
med-synth-v2,d002923,fam_m025977,test,test_product_like,2025-10-17T12:01:00Z,S05,external_purchase,false,false,true
med-synth-v2,d002924,fam_m025987,test,test_product_like,2025-10-17T12:10:00Z,S05,external_purchase,false,false,true
med-synth-v2,d002925,fam_m025989,test,test_product_like,2025-10-17T12:11:00Z,S05,external_purchase,false,false,true
med-synth-v2,d002926,fam_m025999,test,test_product_like,2025-10-17T12:20:00Z,S05,external_purchase,false,false,true
med-synth-v2,d002927,fam_m026011,test,test_product_like,2025-10-17T13:10:00Z,routine,established_contact,false,false,true
med-synth-v2,d002928,fam_m026021,test,test_product_like,2025-10-17T14:00:00Z,routine,established_contact,false,false,true
med-synth-v2,d002929,fam_m026031,test,test_product_like,2025-10-17T14:50:00Z,routine,established_contact,false,false,true
med-synth-v2,d002930,fam_m026041,test,test_product_like,2025-10-20T09:00:00Z,S05,internal_project,false,false,true
med-synth-v2,d002931,fam_m026045,test,test_product_like,2025-10-20T09:02:00Z,S05,internal_project,false,false,true
med-synth-v2,d002932,fam_m026047,test,test_product_like,2025-10-20T09:03:00Z,S05,internal_project,false,false,true
med-synth-v2,d002933,fam_m026049,test,test_product_like,2025-10-20T09:04:00Z,S05,internal_project,false,false,true
med-synth-v2,d002934,fam_m026051,test,test_product_like,2025-10-20T09:05:00Z,S05,internal_project,false,false,true
med-synth-v2,d002935,fam_m026055,test,test_product_like,2025-10-20T09:07:00Z,S05,internal_project,false,false,true
med-synth-v2,d002936,fam_m026137,test,test_product_like,2025-10-20T09:30:00Z,routine,established_contact,false,false,true
med-synth-v2,d002937,fam_m026139,test,test_product_like,2025-10-20T09:31:00Z,routine,established_contact,false,false,true
med-synth-v2,d002938,fam_m026149,test,test_product_like,2025-10-20T09:40:00Z,routine,established_contact,false,false,true
med-synth-v2,d002939,fam_m026181,test,test_product_like,2025-10-20T10:40:00Z,routine,established_contact,false,false,true
med-synth-v2,d002940,fam_m026187,test,test_product_like,2025-10-20T11:00:00Z,routine,established_contact,false,false,true
med-synth-v2,d002941,fam_m026189,test,test_product_like,2025-10-20T11:01:00Z,routine,established_contact,false,false,true
med-synth-v2,d002942,fam_m026201,test,test_product_like,2025-10-20T11:11:00Z,routine,established_contact,false,false,true
med-synth-v2,d002943,fam_m026211,test,test_product_like,2025-10-20T11:20:00Z,routine,established_contact,false,false,true
med-synth-v2,d002944,fam_m026213,test,test_product_like,2025-10-20T11:21:00Z,routine,established_contact,false,false,true
med-synth-v2,d002945,fam_m026247,test,test_product_like,2025-10-20T12:00:00Z,S05,external_purchase,false,false,true
med-synth-v2,d002164,fam_m026249,test,test_product_like,2025-10-20T12:01:00Z,S05,external_purchase,false,false,true
med-synth-v2,d002946,fam_m026261,test,test_product_like,2025-10-20T12:11:00Z,S05,external_purchase,false,false,true
med-synth-v2,d002947,fam_m026271,test,test_product_like,2025-10-20T12:20:00Z,S05,external_purchase,false,false,true
med-synth-v2,d002948,fam_m026273,test,test_product_like,2025-10-20T12:21:00Z,S05,external_purchase,false,false,true
med-synth-v2,d002949,fam_m026283,test,test_product_like,2025-10-20T12:30:00Z,routine,established_contact,false,false,true
med-synth-v2,d002950,fam_m026303,test,test_product_like,2025-10-20T14:10:00Z,routine,established_contact,false,false,true
med-synth-v2,d002951,fam_m026313,test,test_product_like,2025-10-20T15:00:00Z,routine,established_contact,false,false,true
med-synth-v2,d002952,fam_m026057,test,test_product_like,2025-10-21T09:00:00Z,S05,internal_project,false,false,true
med-synth-v2,d002953,fam_m026059,test,test_product_like,2025-10-21T09:01:00Z,S05,internal_project,false,false,true
med-synth-v2,d002159,fam_m026061,test,test_product_like,2025-10-21T09:02:00Z,S05,internal_project,false,false,true
med-synth-v2,d002954,fam_m026065,test,test_product_like,2025-10-21T09:04:00Z,S05,internal_project,false,false,true
med-synth-v2,d002955,fam_m026067,test,test_product_like,2025-10-21T09:05:00Z,S05,internal_project,false,false,true
med-synth-v2,d002956,fam_m026069,test,test_product_like,2025-10-21T09:06:00Z,S05,internal_project,false,false,true
med-synth-v2,d002957,fam_m026071,test,test_product_like,2025-10-21T09:07:00Z,S05,internal_project,false,false,true
med-synth-v2,d002958,fam_m026123,test,test_product_like,2025-10-21T09:11:00Z,S05,internal_project,false,false,true
med-synth-v2,d002959,fam_m026129,test,test_product_like,2025-10-21T09:20:00Z,routine,established_contact,false,false,true
med-synth-v2,d002960,fam_m026131,test,test_product_like,2025-10-21T09:21:00Z,routine,established_contact,false,false,true
med-synth-v2,d002961,fam_m026161,test,test_product_like,2025-10-21T09:50:00Z,routine,established_contact,false,false,true
med-synth-v2,d002962,fam_m026173,test,test_product_like,2025-10-21T10:10:00Z,routine,established_contact,false,false,true
med-synth-v2,d002963,fam_m026223,test,test_product_like,2025-10-21T11:30:00Z,routine,established_contact,false,false,true
med-synth-v2,d002964,fam_m026225,test,test_product_like,2025-10-21T11:31:00Z,routine,established_contact,false,false,true
med-synth-v2,d002965,fam_m026231,test,test_product_like,2025-10-21T11:40:00Z,routine,established_contact,false,false,true
med-synth-v2,d002966,fam_m026239,test,test_product_like,2025-10-21T11:50:00Z,routine,established_contact,false,false,true
med-synth-v2,d002967,fam_m026241,test,test_product_like,2025-10-21T11:51:00Z,routine,established_contact,false,false,true
med-synth-v2,d002968,fam_m026285,test,test_product_like,2025-10-21T12:40:00Z,routine,established_contact,false,false,true
med-synth-v2,d002969,fam_m026305,test,test_product_like,2025-10-21T14:20:00Z,routine,established_contact,false,false,true
med-synth-v2,d002970,fam_m026315,test,test_product_like,2025-10-21T15:10:00Z,routine,established_contact,false,false,true
med-synth-v2,d002971,fam_m026073,test,test_product_like,2025-10-22T09:00:00Z,S05,internal_project,false,false,true
med-synth-v2,d002972,fam_m026075,test,test_product_like,2025-10-22T09:01:00Z,S05,internal_project,false,false,true
med-synth-v2,d002973,fam_m026079,test,test_product_like,2025-10-22T09:03:00Z,S05,internal_project,false,false,true
med-synth-v2,d002974,fam_m026081,test,test_product_like,2025-10-22T09:04:00Z,S05,internal_project,false,false,true
med-synth-v2,d002975,fam_m026083,test,test_product_like,2025-10-22T09:05:00Z,S05,internal_project,false,false,true
med-synth-v2,d002976,fam_m026085,test,test_product_like,2025-10-22T09:06:00Z,S05,internal_project,false,false,true
med-synth-v2,d002977,fam_m026141,test,test_product_like,2025-10-22T09:30:00Z,routine,established_contact,false,false,true
med-synth-v2,d002978,fam_m026143,test,test_product_like,2025-10-22T09:31:00Z,routine,established_contact,false,false,true
med-synth-v2,d002979,fam_m026153,test,test_product_like,2025-10-22T09:40:00Z,routine,established_contact,false,false,true
med-synth-v2,d002980,fam_m026155,test,test_product_like,2025-10-22T09:41:00Z,routine,established_contact,false,false,true
med-synth-v2,d002981,fam_m026171,test,test_product_like,2025-10-22T10:01:00Z,routine,established_contact,false,false,true
med-synth-v2,d002982,fam_m026191,test,test_product_like,2025-10-22T11:00:00Z,routine,established_contact,false,false,true
med-synth-v2,d002983,fam_m026193,test,test_product_like,2025-10-22T11:01:00Z,routine,established_contact,false,false,true
med-synth-v2,d002984,fam_m026203,test,test_product_like,2025-10-22T11:10:00Z,routine,established_contact,false,false,true
med-synth-v2,d002985,fam_m026215,test,test_product_like,2025-10-22T11:20:00Z,routine,established_contact,false,false,true
med-synth-v2,d002986,fam_m026217,test,test_product_like,2025-10-22T11:21:00Z,routine,established_contact,false,false,true
med-synth-v2,d002987,fam_m026251,test,test_product_like,2025-10-22T12:00:00Z,S05,external_purchase,false,false,true
med-synth-v2,d002988,fam_m026253,test,test_product_like,2025-10-22T12:01:00Z,S05,external_purchase,false,false,true
med-synth-v2,d002989,fam_m026265,test,test_product_like,2025-10-22T12:11:00Z,S05,external_purchase,false,false,true
med-synth-v2,d002990,fam_m026275,test,test_product_like,2025-10-22T12:20:00Z,S05,external_purchase,false,false,true
med-synth-v2,d002991,fam_m026277,test,test_product_like,2025-10-22T12:21:00Z,S05,external_purchase,false,false,true
med-synth-v2,d002992,fam_m026287,test,test_product_like,2025-10-22T12:50:00Z,routine,established_contact,false,false,true
med-synth-v2,d002993,fam_m026307,test,test_product_like,2025-10-22T14:30:00Z,routine,established_contact,false,false,true
med-synth-v2,d002994,fam_m026317,test,test_product_like,2025-10-22T15:20:00Z,routine,established_contact,false,false,true
med-synth-v2,d002136,fam_m029194,test,test_product_like,2025-10-22T18:02:00Z,S03,legitimate_first_contact,false,false,true
med-synth-v2,d002141,fam_m029204,test,test_product_like,2025-10-22T19:02:00Z,S06,legitimate_new_domain,false,false,true
med-synth-v2,d002146,fam_m029214,test,test_product_like,2025-10-22T20:02:00Z,S07,legitimate_topic_change,false,false,true
med-synth-v2,d002995,fam_m026089,test,test_product_like,2025-10-23T09:00:00Z,S05,internal_project,false,false,true
med-synth-v2,d002996,fam_m026093,test,test_product_like,2025-10-23T09:02:00Z,S05,internal_project,false,false,true
med-synth-v2,d002997,fam_m026095,test,test_product_like,2025-10-23T09:03:00Z,S05,internal_project,false,false,true
med-synth-v2,d002998,fam_m026097,test,test_product_like,2025-10-23T09:04:00Z,S05,internal_project,false,false,true
med-synth-v2,d002999,fam_m026099,test,test_product_like,2025-10-23T09:05:00Z,S05,internal_project,false,false,true
med-synth-v2,d002108,fam_m026101,test,test_diagnostic,2025-10-23T09:06:00Z,S08,unintended_bcc,true,false,true
med-synth-v2,d002109,fam_m026101,test,test_diagnostic,2025-10-23T09:06:00Z,S08,clean_twin,false,false,true
med-synth-v2,d003000,fam_m026125,test,test_product_like,2025-10-23T09:10:00Z,S05,internal_project,false,false,true
med-synth-v2,d003001,fam_m026127,test,test_product_like,2025-10-23T09:11:00Z,S05,internal_project,false,false,true
med-synth-v2,d002079,fam_m026133,test,test_diagnostic,2025-10-23T09:20:00Z,S02,added_external,true,false,true
med-synth-v2,d002080,fam_m026133,test,test_diagnostic,2025-10-23T09:20:00Z,S02,clean_twin,false,false,true
med-synth-v2,d003002,fam_m026135,test,test_product_like,2025-10-23T09:21:00Z,routine,established_contact,false,false,true
med-synth-v2,d003003,fam_m026165,test,test_product_like,2025-10-23T09:50:00Z,routine,established_contact,false,false,true
med-synth-v2,d003004,fam_m026179,test,test_product_like,2025-10-23T10:30:00Z,routine,established_contact,false,false,true
med-synth-v2,d003005,fam_m026183,test,test_product_like,2025-10-23T10:40:00Z,routine,established_contact,false,false,true
med-synth-v2,d003006,fam_m026227,test,test_product_like,2025-10-23T11:30:00Z,routine,established_contact,false,false,true
med-synth-v2,d003007,fam_m026229,test,test_product_like,2025-10-23T11:31:00Z,routine,established_contact,false,false,true
med-synth-v2,d003008,fam_m026237,test,test_product_like,2025-10-23T11:41:00Z,routine,established_contact,false,false,true
med-synth-v2,d003009,fam_m026243,test,test_product_like,2025-10-23T11:50:00Z,routine,established_contact,false,false,true
med-synth-v2,d003010,fam_m026245,test,test_product_like,2025-10-23T11:51:00Z,routine,established_contact,false,false,true
med-synth-v2,d003011,fam_m026289,test,test_product_like,2025-10-23T13:00:00Z,routine,established_contact,false,false,true
med-synth-v2,d003012,fam_m026309,test,test_product_like,2025-10-23T14:40:00Z,routine,established_contact,false,false,true
med-synth-v2,d003013,fam_m026319,test,test_product_like,2025-10-23T15:30:00Z,routine,established_contact,false,false,true
med-synth-v2,d003014,fam_m026105,test,test_product_like,2025-10-24T09:00:00Z,S05,internal_project,false,false,true
med-synth-v2,d003015,fam_m026107,test,test_product_like,2025-10-24T09:01:00Z,S05,internal_project,false,false,true
med-synth-v2,d003016,fam_m026111,test,test_product_like,2025-10-24T09:03:00Z,S05,internal_project,false,false,true
med-synth-v2,d003017,fam_m026113,test,test_product_like,2025-10-24T09:04:00Z,S05,internal_project,false,false,true
med-synth-v2,d003018,fam_m026115,test,test_product_like,2025-10-24T09:05:00Z,S05,internal_project,false,false,true
med-synth-v2,d003019,fam_m026117,test,test_product_like,2025-10-24T09:06:00Z,S05,internal_project,false,false,true
med-synth-v2,d003020,fam_m026145,test,test_product_like,2025-10-24T09:30:00Z,routine,established_contact,false,false,true
med-synth-v2,d003021,fam_m026147,test,test_product_like,2025-10-24T09:31:00Z,routine,established_contact,false,false,true
med-synth-v2,d003022,fam_m026157,test,test_product_like,2025-10-24T09:40:00Z,routine,established_contact,false,false,true
med-synth-v2,d003023,fam_m026175,test,test_product_like,2025-10-24T10:10:00Z,routine,established_contact,false,false,true
med-synth-v2,d003024,fam_m026177,test,test_product_like,2025-10-24T10:20:00Z,routine,established_contact,false,false,true
med-synth-v2,d003025,fam_m026185,test,test_product_like,2025-10-24T10:50:00Z,routine,established_contact,false,false,true
med-synth-v2,d003026,fam_m026195,test,test_product_like,2025-10-24T11:00:00Z,routine,established_contact,false,false,true
med-synth-v2,d003027,fam_m026207,test,test_product_like,2025-10-24T11:10:00Z,routine,established_contact,false,false,true
med-synth-v2,d003028,fam_m026209,test,test_product_like,2025-10-24T11:11:00Z,routine,established_contact,false,false,true
med-synth-v2,d003029,fam_m026219,test,test_product_like,2025-10-24T11:20:00Z,routine,established_contact,false,false,true
med-synth-v2,d003030,fam_m026221,test,test_product_like,2025-10-24T11:21:00Z,routine,established_contact,false,false,true
med-synth-v2,d003031,fam_m026257,test,test_product_like,2025-10-24T12:01:00Z,S05,external_purchase,false,false,true
med-synth-v2,d003032,fam_m026267,test,test_product_like,2025-10-24T12:10:00Z,S05,external_purchase,false,false,true
med-synth-v2,d003033,fam_m026269,test,test_product_like,2025-10-24T12:11:00Z,S05,external_purchase,false,false,true
med-synth-v2,d003034,fam_m026279,test,test_product_like,2025-10-24T12:20:00Z,S05,external_purchase,false,false,true
med-synth-v2,d003035,fam_m026291,test,test_product_like,2025-10-24T13:10:00Z,routine,established_contact,false,false,true
med-synth-v2,d003036,fam_m026301,test,test_product_like,2025-10-24T14:00:00Z,routine,established_contact,false,false,true
med-synth-v2,d003037,fam_m026311,test,test_product_like,2025-10-24T14:50:00Z,routine,established_contact,false,false,true
med-synth-v2,d003038,fam_m026321,test,test_product_like,2025-10-27T09:00:00Z,S05,internal_project,false,false,true
med-synth-v2,d003039,fam_m026325,test,test_product_like,2025-10-27T09:02:00Z,S05,internal_project,false,false,true
med-synth-v2,d003040,fam_m026327,test,test_product_like,2025-10-27T09:03:00Z,S05,internal_project,false,false,true
med-synth-v2,d003041,fam_m026329,test,test_product_like,2025-10-27T09:04:00Z,S05,internal_project,false,false,true
med-synth-v2,d003042,fam_m026331,test,test_product_like,2025-10-27T09:05:00Z,S05,internal_project,false,false,true
med-synth-v2,d003043,fam_m026335,test,test_product_like,2025-10-27T09:07:00Z,S05,internal_project,false,false,true
med-synth-v2,d003044,fam_m026417,test,test_product_like,2025-10-27T09:30:00Z,routine,established_contact,false,false,true
med-synth-v2,d003045,fam_m026419,test,test_product_like,2025-10-27T09:31:00Z,routine,established_contact,false,false,true
med-synth-v2,d003046,fam_m026429,test,test_product_like,2025-10-27T09:40:00Z,routine,established_contact,false,false,true
med-synth-v2,d003047,fam_m026461,test,test_product_like,2025-10-27T10:40:00Z,routine,established_contact,false,false,true
med-synth-v2,d003048,fam_m026467,test,test_product_like,2025-10-27T11:00:00Z,routine,established_contact,false,false,true
med-synth-v2,d003049,fam_m026469,test,test_product_like,2025-10-27T11:01:00Z,routine,established_contact,false,false,true
med-synth-v2,d003050,fam_m026481,test,test_product_like,2025-10-27T11:11:00Z,routine,established_contact,false,false,true
med-synth-v2,d003051,fam_m026491,test,test_product_like,2025-10-27T11:20:00Z,routine,established_contact,false,false,true
med-synth-v2,d003052,fam_m026493,test,test_product_like,2025-10-27T11:21:00Z,routine,established_contact,false,false,true
med-synth-v2,d003053,fam_m026527,test,test_product_like,2025-10-27T12:00:00Z,S05,external_purchase,false,false,true
med-synth-v2,d003054,fam_m026539,test,test_product_like,2025-10-27T12:10:00Z,S05,external_purchase,false,false,true
med-synth-v2,d003055,fam_m026541,test,test_product_like,2025-10-27T12:11:00Z,S05,external_purchase,false,false,true
med-synth-v2,d003056,fam_m026551,test,test_product_like,2025-10-27T12:20:00Z,S05,external_purchase,false,false,true
med-synth-v2,d003057,fam_m026553,test,test_product_like,2025-10-27T12:21:00Z,S05,external_purchase,false,false,true
med-synth-v2,d003058,fam_m026573,test,test_product_like,2025-10-27T13:20:00Z,routine,established_contact,false,false,true
med-synth-v2,d003059,fam_m026583,test,test_product_like,2025-10-27T14:10:00Z,routine,established_contact,false,false,true
med-synth-v2,d003060,fam_m026593,test,test_product_like,2025-10-27T15:00:00Z,routine,established_contact,false,false,true
med-synth-v2,d003061,fam_m026337,test,test_product_like,2025-10-28T09:00:00Z,S05,internal_project,false,false,true
med-synth-v2,d003062,fam_m026341,test,test_product_like,2025-10-28T09:02:00Z,S05,internal_project,false,false,true
med-synth-v2,d003063,fam_m026343,test,test_product_like,2025-10-28T09:03:00Z,S05,internal_project,false,false,true
med-synth-v2,d003064,fam_m026345,test,test_product_like,2025-10-28T09:04:00Z,S05,internal_project,false,false,true
med-synth-v2,d003065,fam_m026347,test,test_product_like,2025-10-28T09:05:00Z,S05,internal_project,false,false,true
med-synth-v2,d003066,fam_m026351,test,test_product_like,2025-10-28T09:07:00Z,S05,internal_project,false,false,true
med-synth-v2,d003067,fam_m026401,test,test_product_like,2025-10-28T09:10:00Z,S05,internal_project,false,false,true
med-synth-v2,d003068,fam_m026403,test,test_product_like,2025-10-28T09:11:00Z,S05,internal_project,false,false,true
med-synth-v2,d003069,fam_m026409,test,test_product_like,2025-10-28T09:20:00Z,routine,established_contact,false,false,true
med-synth-v2,d003070,fam_m026441,test,test_product_like,2025-10-28T09:50:00Z,routine,established_contact,false,false,true
med-synth-v2,d003071,fam_m026443,test,test_product_like,2025-10-28T09:51:00Z,routine,established_contact,false,false,true
med-synth-v2,d003072,fam_m026453,test,test_product_like,2025-10-28T10:10:00Z,routine,established_contact,false,false,true
med-synth-v2,d003073,fam_m026505,test,test_product_like,2025-10-28T11:31:00Z,routine,established_contact,false,false,true
med-synth-v2,d003074,fam_m026511,test,test_product_like,2025-10-28T11:40:00Z,routine,established_contact,false,false,true
med-synth-v2,d003075,fam_m026513,test,test_product_like,2025-10-28T11:41:00Z,routine,established_contact,false,false,true
med-synth-v2,d003076,fam_m026519,test,test_product_like,2025-10-28T11:50:00Z,routine,established_contact,false,false,true
med-synth-v2,d003077,fam_m026565,test,test_product_like,2025-10-28T12:40:00Z,routine,established_contact,false,false,true
med-synth-v2,d003078,fam_m026575,test,test_product_like,2025-10-28T13:30:00Z,routine,established_contact,false,false,true
med-synth-v2,d003079,fam_m026585,test,test_product_like,2025-10-28T14:20:00Z,routine,established_contact,false,false,true
med-synth-v2,d003080,fam_m026595,test,test_product_like,2025-10-28T15:10:00Z,routine,established_contact,false,false,true
med-synth-v2,d003081,fam_m026355,test,test_product_like,2025-10-29T09:01:00Z,S05,internal_project,false,false,true
med-synth-v2,d003082,fam_m026357,test,test_product_like,2025-10-29T09:02:00Z,S05,internal_project,false,false,true
med-synth-v2,d003083,fam_m026359,test,test_product_like,2025-10-29T09:03:00Z,S05,internal_project,false,false,true
med-synth-v2,d003084,fam_m026361,test,test_product_like,2025-10-29T09:04:00Z,S05,internal_project,false,false,true
med-synth-v2,d003085,fam_m026365,test,test_product_like,2025-10-29T09:06:00Z,S05,internal_project,false,false,true
med-synth-v2,d003086,fam_m026367,test,test_product_like,2025-10-29T09:07:00Z,S05,internal_project,false,false,true
med-synth-v2,d003087,fam_m026421,test,test_product_like,2025-10-29T09:30:00Z,routine,established_contact,false,false,true
med-synth-v2,d003088,fam_m026423,test,test_product_like,2025-10-29T09:31:00Z,routine,established_contact,false,false,true
med-synth-v2,d003089,fam_m026435,test,test_product_like,2025-10-29T09:41:00Z,routine,established_contact,false,false,true
med-synth-v2,d003090,fam_m026449,test,test_product_like,2025-10-29T10:00:00Z,routine,established_contact,false,false,true
med-synth-v2,d003091,fam_m026451,test,test_product_like,2025-10-29T10:01:00Z,routine,established_contact,false,false,true
med-synth-v2,d003092,fam_m026471,test,test_product_like,2025-10-29T11:00:00Z,routine,established_contact,false,false,true
med-synth-v2,d003093,fam_m026483,test,test_product_like,2025-10-29T11:10:00Z,routine,established_contact,false,false,true
med-synth-v2,d003094,fam_m026485,test,test_product_like,2025-10-29T11:11:00Z,routine,established_contact,false,false,true
med-synth-v2,d003095,fam_m026495,test,test_product_like,2025-10-29T11:20:00Z,routine,established_contact,false,false,true
med-synth-v2,d003096,fam_m026497,test,test_product_like,2025-10-29T11:21:00Z,routine,established_contact,false,false,true
med-synth-v2,d003097,fam_m026533,test,test_product_like,2025-10-29T12:01:00Z,S05,external_purchase,false,false,true
med-synth-v2,d003098,fam_m026543,test,test_product_like,2025-10-29T12:10:00Z,S05,external_purchase,false,false,true
med-synth-v2,d003099,fam_m026545,test,test_product_like,2025-10-29T12:11:00Z,S05,external_purchase,false,false,true
med-synth-v2,d003100,fam_m026557,test,test_product_like,2025-10-29T12:21:00Z,S05,external_purchase,false,false,true
med-synth-v2,d003101,fam_m026567,test,test_product_like,2025-10-29T12:50:00Z,routine,established_contact,false,false,true
med-synth-v2,d003102,fam_m026577,test,test_product_like,2025-10-29T13:40:00Z,routine,established_contact,false,false,true
med-synth-v2,d003103,fam_m026587,test,test_product_like,2025-10-29T14:30:00Z,routine,established_contact,false,false,true
med-synth-v2,d003104,fam_m026369,test,test_product_like,2025-10-30T09:00:00Z,S05,internal_project,false,false,true
med-synth-v2,d003105,fam_m026371,test,test_product_like,2025-10-30T09:01:00Z,S05,internal_project,false,false,true
med-synth-v2,d003106,fam_m026373,test,test_product_like,2025-10-30T09:02:00Z,S05,internal_project,false,false,true
med-synth-v2,d003107,fam_m026375,test,test_product_like,2025-10-30T09:03:00Z,S05,internal_project,false,false,true
med-synth-v2,d003108,fam_m026379,test,test_product_like,2025-10-30T09:05:00Z,S05,internal_project,false,false,true
med-synth-v2,d003109,fam_m026381,test,test_product_like,2025-10-30T09:06:00Z,S05,internal_project,false,false,true
med-synth-v2,d003110,fam_m026383,test,test_product_like,2025-10-30T09:07:00Z,S05,internal_project,false,false,true
med-synth-v2,d003111,fam_m026405,test,test_product_like,2025-10-30T09:10:00Z,S05,internal_project,false,false,true
med-synth-v2,d003112,fam_m026413,test,test_product_like,2025-10-30T09:20:00Z,routine,established_contact,false,false,true
med-synth-v2,d003113,fam_m026415,test,test_product_like,2025-10-30T09:21:00Z,routine,established_contact,false,false,true
med-synth-v2,d003114,fam_m026445,test,test_product_like,2025-10-30T09:50:00Z,routine,established_contact,false,false,true
med-synth-v2,d003115,fam_m026447,test,test_product_like,2025-10-30T09:51:00Z,routine,established_contact,false,false,true
med-synth-v2,d003116,fam_m026463,test,test_product_like,2025-10-30T10:40:00Z,routine,established_contact,false,false,true
med-synth-v2,d003117,fam_m026507,test,test_product_like,2025-10-30T11:30:00Z,routine,established_contact,false,false,true
med-synth-v2,d003118,fam_m026509,test,test_product_like,2025-10-30T11:31:00Z,routine,established_contact,false,false,true
med-synth-v2,d003119,fam_m026515,test,test_product_like,2025-10-30T11:40:00Z,routine,established_contact,false,false,true
med-synth-v2,d003120,fam_m026523,test,test_product_like,2025-10-30T11:50:00Z,routine,established_contact,false,false,true
med-synth-v2,d003121,fam_m026525,test,test_product_like,2025-10-30T11:51:00Z,routine,established_contact,false,false,true
med-synth-v2,d003122,fam_m026569,test,test_product_like,2025-10-30T13:00:00Z,routine,established_contact,false,false,true
med-synth-v2,d003123,fam_m026579,test,test_product_like,2025-10-30T13:50:00Z,routine,established_contact,false,false,true
med-synth-v2,d003124,fam_m026599,test,test_product_like,2025-10-30T15:30:00Z,routine,established_contact,false,false,true
med-synth-v2,d003125,fam_m026385,test,test_product_like,2025-10-31T09:00:00Z,S05,internal_project,false,false,true
med-synth-v2,d003126,fam_m026387,test,test_product_like,2025-10-31T09:01:00Z,S05,internal_project,false,false,true
med-synth-v2,d003127,fam_m026391,test,test_product_like,2025-10-31T09:03:00Z,S05,internal_project,false,false,true
med-synth-v2,d003128,fam_m026393,test,test_product_like,2025-10-31T09:04:00Z,S05,internal_project,false,false,true
med-synth-v2,d003129,fam_m026395,test,test_product_like,2025-10-31T09:05:00Z,S05,internal_project,false,false,true
med-synth-v2,d003130,fam_m026397,test,test_product_like,2025-10-31T09:06:00Z,S05,internal_project,false,false,true
med-synth-v2,d003131,fam_m026425,test,test_product_like,2025-10-31T09:30:00Z,routine,established_contact,false,false,true
med-synth-v2,d003132,fam_m026427,test,test_product_like,2025-10-31T09:31:00Z,routine,established_contact,false,false,true
med-synth-v2,d003133,fam_m026437,test,test_product_like,2025-10-31T09:40:00Z,routine,established_contact,false,false,true
med-synth-v2,d003134,fam_m026439,test,test_product_like,2025-10-31T09:41:00Z,routine,established_contact,false,false,true
med-synth-v2,d003135,fam_m026457,test,test_product_like,2025-10-31T10:20:00Z,routine,established_contact,false,false,true
med-synth-v2,d003136,fam_m026465,test,test_product_like,2025-10-31T10:50:00Z,routine,established_contact,false,false,true
med-synth-v2,d003137,fam_m026475,test,test_product_like,2025-10-31T11:00:00Z,routine,established_contact,false,false,true
med-synth-v2,d003138,fam_m026477,test,test_product_like,2025-10-31T11:01:00Z,routine,established_contact,false,false,true
med-synth-v2,d003139,fam_m026489,test,test_product_like,2025-10-31T11:11:00Z,routine,established_contact,false,false,true
med-synth-v2,d003140,fam_m026499,test,test_product_like,2025-10-31T11:20:00Z,routine,established_contact,false,false,true
med-synth-v2,d003141,fam_m026501,test,test_product_like,2025-10-31T11:21:00Z,routine,established_contact,false,false,true
med-synth-v2,d003142,fam_m026535,test,test_product_like,2025-10-31T12:00:00Z,S05,external_purchase,false,false,true
med-synth-v2,d003143,fam_m026547,test,test_product_like,2025-10-31T12:10:00Z,S05,external_purchase,false,false,true
med-synth-v2,d003144,fam_m026549,test,test_product_like,2025-10-31T12:11:00Z,S05,external_purchase,false,false,true
med-synth-v2,d003145,fam_m026559,test,test_product_like,2025-10-31T12:20:00Z,S05,external_purchase,false,false,true
med-synth-v2,d003146,fam_m026561,test,test_product_like,2025-10-31T12:21:00Z,S05,external_purchase,false,false,true
med-synth-v2,d003147,fam_m026581,test,test_product_like,2025-10-31T14:00:00Z,routine,established_contact,false,false,true
med-synth-v2,d003148,fam_m026591,test,test_product_like,2025-10-31T14:50:00Z,routine,established_contact,false,false,true
med-synth-v2,d002110,fam_m026601,test,test_diagnostic,2025-11-03T09:00:00Z,S08,unintended_bcc,true,false,true
med-synth-v2,d002111,fam_m026601,test,test_diagnostic,2025-11-03T09:00:00Z,S08,clean_twin,false,false,true
med-synth-v2,d003149,fam_m026603,test,test_product_like,2025-11-03T09:01:00Z,S05,internal_project,false,false,true
med-synth-v2,d003150,fam_m026605,test,test_product_like,2025-11-03T09:02:00Z,S05,internal_project,false,false,true
med-synth-v2,d003151,fam_m026609,test,test_product_like,2025-11-03T09:04:00Z,S05,internal_project,false,false,true
med-synth-v2,d003152,fam_m026611,test,test_product_like,2025-11-03T09:05:00Z,S05,internal_project,false,false,true
med-synth-v2,d003153,fam_m026613,test,test_product_like,2025-11-03T09:06:00Z,S05,internal_project,false,false,true
med-synth-v2,d002091,fam_m026697,test,test_diagnostic,2025-11-03T09:30:00Z,S04,familiar_topic_mismatch,true,false,true
med-synth-v2,d002092,fam_m026697,test,test_diagnostic,2025-11-03T09:30:00Z,S04,clean_twin,false,false,true
med-synth-v2,d003154,fam_m026699,test,test_product_like,2025-11-03T09:31:00Z,routine,established_contact,false,false,true
med-synth-v2,d003155,fam_m026709,test,test_product_like,2025-11-03T09:40:00Z,routine,established_contact,false,false,true
med-synth-v2,d003156,fam_m026711,test,test_product_like,2025-11-03T09:41:00Z,routine,established_contact,false,false,true
med-synth-v2,d003157,fam_m026741,test,test_product_like,2025-11-03T10:40:00Z,routine,established_contact,false,false,true
med-synth-v2,d002130,fam_m026747,test,test_diagnostic,2025-11-03T11:00:00Z,S09,little_text_unintended,true,false,true
med-synth-v2,d002131,fam_m026747,test,test_diagnostic,2025-11-03T11:00:00Z,S09,clean_twin,false,false,true
med-synth-v2,d002070,fam_m026759,test,test_diagnostic,2025-11-03T11:10:00Z,S01,lookalike_replacement,true,false,true
med-synth-v2,d002071,fam_m026759,test,test_diagnostic,2025-11-03T11:10:00Z,S01,clean_twin,false,false,true
med-synth-v2,d003158,fam_m026761,test,test_product_like,2025-11-03T11:11:00Z,routine,established_contact,false,false,true
med-synth-v2,d002072,fam_m026771,test,test_diagnostic,2025-11-03T11:20:00Z,S01,lookalike_replacement,true,false,true
med-synth-v2,d002073,fam_m026771,test,test_diagnostic,2025-11-03T11:20:00Z,S01,clean_twin,false,false,true
med-synth-v2,d003159,fam_m026773,test,test_product_like,2025-11-03T11:21:00Z,routine,established_contact,false,false,true
med-synth-v2,d003160,fam_m026807,test,test_product_like,2025-11-03T12:00:00Z,S05,external_purchase,false,false,true
med-synth-v2,d003161,fam_m026809,test,test_product_like,2025-11-03T12:01:00Z,S05,external_purchase,false,false,true
med-synth-v2,d003162,fam_m026821,test,test_product_like,2025-11-03T12:11:00Z,S05,external_purchase,false,false,true
med-synth-v2,d003163,fam_m026831,test,test_product_like,2025-11-03T12:20:00Z,S05,external_purchase,false,false,true
med-synth-v2,d003164,fam_m026833,test,test_product_like,2025-11-03T12:21:00Z,S05,external_purchase,false,false,true
med-synth-v2,d003165,fam_m026843,test,test_product_like,2025-11-03T12:30:00Z,routine,established_contact,false,false,true
med-synth-v2,d003166,fam_m026863,test,test_product_like,2025-11-03T14:10:00Z,routine,established_contact,false,false,true
med-synth-v2,d003167,fam_m026873,test,test_product_like,2025-11-03T15:00:00Z,routine,established_contact,false,false,true
med-synth-v2,d003168,fam_m026617,test,test_product_like,2025-11-04T09:00:00Z,S05,internal_project,false,false,true
med-synth-v2,d003169,fam_m026619,test,test_product_like,2025-11-04T09:01:00Z,S05,internal_project,false,false,true
med-synth-v2,d003170,fam_m026623,test,test_product_like,2025-11-04T09:03:00Z,S05,internal_project,false,false,true
med-synth-v2,d003171,fam_m026625,test,test_product_like,2025-11-04T09:04:00Z,S05,internal_project,false,false,true
med-synth-v2,d003172,fam_m026627,test,test_product_like,2025-11-04T09:05:00Z,S05,internal_project,false,false,true
med-synth-v2,d003173,fam_m026629,test,test_product_like,2025-11-04T09:06:00Z,S05,internal_project,false,false,true
med-synth-v2,d002171,fam_m026681,test,test_product_like,2025-11-04T09:10:00Z,S05,internal_project,false,false,true
med-synth-v2,d003174,fam_m026683,test,test_product_like,2025-11-04T09:11:00Z,S05,internal_project,false,false,true
med-synth-v2,d003175,fam_m026689,test,test_product_like,2025-11-04T09:20:00Z,routine,established_contact,false,false,true
med-synth-v2,d003176,fam_m026691,test,test_product_like,2025-11-04T09:21:00Z,routine,established_contact,false,false,true
med-synth-v2,d003177,fam_m026721,test,test_product_like,2025-11-04T09:50:00Z,routine,established_contact,false,false,true
med-synth-v2,d003178,fam_m026733,test,test_product_like,2025-11-04T10:10:00Z,routine,established_contact,false,false,true
med-synth-v2,d003179,fam_m026783,test,test_product_like,2025-11-04T11:30:00Z,routine,established_contact,false,false,true
med-synth-v2,d003180,fam_m026785,test,test_product_like,2025-11-04T11:31:00Z,routine,established_contact,false,false,true
med-synth-v2,d003181,fam_m026793,test,test_product_like,2025-11-04T11:41:00Z,routine,established_contact,false,false,true
med-synth-v2,d003182,fam_m026799,test,test_product_like,2025-11-04T11:50:00Z,routine,established_contact,false,false,true
med-synth-v2,d003183,fam_m026801,test,test_product_like,2025-11-04T11:51:00Z,routine,established_contact,false,false,true
med-synth-v2,d003184,fam_m026845,test,test_product_like,2025-11-04T12:40:00Z,routine,established_contact,false,false,true
med-synth-v2,d003185,fam_m026865,test,test_product_like,2025-11-04T14:20:00Z,routine,established_contact,false,false,true
med-synth-v2,d003186,fam_m026875,test,test_product_like,2025-11-04T15:10:00Z,routine,established_contact,false,false,true
med-synth-v2,d003187,fam_m026633,test,test_product_like,2025-11-05T09:00:00Z,S05,internal_project,false,false,true
med-synth-v2,d003188,fam_m026635,test,test_product_like,2025-11-05T09:01:00Z,S05,internal_project,false,false,true
med-synth-v2,d003189,fam_m026639,test,test_product_like,2025-11-05T09:03:00Z,S05,internal_project,false,false,true
med-synth-v2,d003190,fam_m026641,test,test_product_like,2025-11-05T09:04:00Z,S05,internal_project,false,false,true
med-synth-v2,d003191,fam_m026643,test,test_product_like,2025-11-05T09:05:00Z,S05,internal_project,false,false,true
med-synth-v2,d003192,fam_m026645,test,test_product_like,2025-11-05T09:06:00Z,S05,internal_project,false,false,true
med-synth-v2,d003193,fam_m026701,test,test_product_like,2025-11-05T09:30:00Z,routine,established_contact,false,false,true
med-synth-v2,d003194,fam_m026703,test,test_product_like,2025-11-05T09:31:00Z,routine,established_contact,false,false,true
med-synth-v2,d003195,fam_m026713,test,test_product_like,2025-11-05T09:40:00Z,routine,established_contact,false,false,true
med-synth-v2,d003196,fam_m026715,test,test_product_like,2025-11-05T09:41:00Z,routine,established_contact,false,false,true
med-synth-v2,d003197,fam_m026731,test,test_product_like,2025-11-05T10:01:00Z,routine,established_contact,false,false,true
med-synth-v2,d003198,fam_m026751,test,test_product_like,2025-11-05T11:00:00Z,routine,established_contact,false,false,true
med-synth-v2,d003199,fam_m026753,test,test_product_like,2025-11-05T11:01:00Z,routine,established_contact,false,false,true
med-synth-v2,d003200,fam_m026763,test,test_product_like,2025-11-05T11:10:00Z,routine,established_contact,false,false,true
med-synth-v2,d003201,fam_m026775,test,test_product_like,2025-11-05T11:20:00Z,routine,established_contact,false,false,true
med-synth-v2,d003202,fam_m026777,test,test_product_like,2025-11-05T11:21:00Z,routine,established_contact,false,false,true
med-synth-v2,d003203,fam_m026811,test,test_product_like,2025-11-05T12:00:00Z,S05,external_purchase,false,false,true
med-synth-v2,d003204,fam_m026813,test,test_product_like,2025-11-05T12:01:00Z,S05,external_purchase,false,false,true
med-synth-v2,d003205,fam_m026825,test,test_product_like,2025-11-05T12:11:00Z,S05,external_purchase,false,false,true
med-synth-v2,d003206,fam_m026835,test,test_product_like,2025-11-05T12:20:00Z,S05,external_purchase,false,false,true
med-synth-v2,d003207,fam_m026837,test,test_product_like,2025-11-05T12:21:00Z,S05,external_purchase,false,false,true
med-synth-v2,d003208,fam_m026857,test,test_product_like,2025-11-05T13:40:00Z,routine,established_contact,false,false,true
med-synth-v2,d003209,fam_m026867,test,test_product_like,2025-11-05T14:30:00Z,routine,established_contact,false,false,true
med-synth-v2,d003210,fam_m026877,test,test_product_like,2025-11-05T15:20:00Z,routine,established_contact,false,false,true
med-synth-v2,d002151,fam_m029224,test,test_product_like,2025-11-05T21:02:00Z,S09,cold_start_legitimate,false,false,true
med-synth-v2,d002155,fam_m029230,test,test_product_like,2025-11-05T21:32:00Z,S09,little_text_legitimate,false,false,true
med-synth-v2,d003211,fam_m026649,test,test_product_like,2025-11-06T09:00:00Z,S05,internal_project,false,false,true
med-synth-v2,d003212,fam_m026653,test,test_product_like,2025-11-06T09:02:00Z,S05,internal_project,false,false,true
med-synth-v2,d003213,fam_m026655,test,test_product_like,2025-11-06T09:03:00Z,S05,internal_project,false,false,true
med-synth-v2,d003214,fam_m026657,test,test_product_like,2025-11-06T09:04:00Z,S05,internal_project,false,false,true
med-synth-v2,d003215,fam_m026659,test,test_product_like,2025-11-06T09:05:00Z,S05,internal_project,false,false,true
med-synth-v2,d003216,fam_m026663,test,test_product_like,2025-11-06T09:07:00Z,S05,internal_project,false,false,true
med-synth-v2,d003217,fam_m026685,test,test_product_like,2025-11-06T09:10:00Z,S05,internal_project,false,false,true
med-synth-v2,d003218,fam_m026687,test,test_product_like,2025-11-06T09:11:00Z,S05,internal_project,false,false,true
med-synth-v2,d003219,fam_m026693,test,test_product_like,2025-11-06T09:20:00Z,routine,established_contact,false,false,true
med-synth-v2,d003220,fam_m026725,test,test_product_like,2025-11-06T09:50:00Z,routine,established_contact,false,false,true
med-synth-v2,d003221,fam_m026727,test,test_product_like,2025-11-06T09:51:00Z,routine,established_contact,false,false,true
med-synth-v2,d003222,fam_m026739,test,test_product_like,2025-11-06T10:30:00Z,routine,established_contact,false,false,true
med-synth-v2,d003223,fam_m026743,test,test_product_like,2025-11-06T10:40:00Z,routine,established_contact,false,false,true
med-synth-v2,d003224,fam_m026789,test,test_product_like,2025-11-06T11:31:00Z,routine,established_contact,false,false,true
med-synth-v2,d003225,fam_m026795,test,test_product_like,2025-11-06T11:40:00Z,routine,established_contact,false,false,true
med-synth-v2,d003226,fam_m026797,test,test_product_like,2025-11-06T11:41:00Z,routine,established_contact,false,false,true
med-synth-v2,d003227,fam_m026803,test,test_product_like,2025-11-06T11:50:00Z,routine,established_contact,false,false,true
med-synth-v2,d003228,fam_m026849,test,test_product_like,2025-11-06T13:00:00Z,routine,established_contact,false,false,true
med-synth-v2,d003229,fam_m026859,test,test_product_like,2025-11-06T13:50:00Z,routine,established_contact,false,false,true
med-synth-v2,d003230,fam_m026869,test,test_product_like,2025-11-06T14:40:00Z,routine,established_contact,false,false,true
med-synth-v2,d003231,fam_m026879,test,test_product_like,2025-11-06T15:30:00Z,routine,established_contact,false,false,true
med-synth-v2,d003232,fam_m026667,test,test_product_like,2025-11-07T09:01:00Z,S05,internal_project,false,false,true
med-synth-v2,d003233,fam_m026669,test,test_product_like,2025-11-07T09:02:00Z,S05,internal_project,false,false,true
med-synth-v2,d003234,fam_m026671,test,test_product_like,2025-11-07T09:03:00Z,S05,internal_project,false,false,true
med-synth-v2,d003235,fam_m026675,test,test_product_like,2025-11-07T09:05:00Z,S05,internal_project,false,false,true
med-synth-v2,d003236,fam_m026677,test,test_product_like,2025-11-07T09:06:00Z,S05,internal_project,false,false,true
med-synth-v2,d003237,fam_m026679,test,test_product_like,2025-11-07T09:07:00Z,S05,internal_project,false,false,true
med-synth-v2,d003238,fam_m026705,test,test_product_like,2025-11-07T09:30:00Z,routine,established_contact,false,false,true
med-synth-v2,d003239,fam_m026717,test,test_product_like,2025-11-07T09:40:00Z,routine,established_contact,false,false,true
med-synth-v2,d003240,fam_m026719,test,test_product_like,2025-11-07T09:41:00Z,routine,established_contact,false,false,true
med-synth-v2,d003241,fam_m026735,test,test_product_like,2025-11-07T10:10:00Z,routine,established_contact,false,false,true
med-synth-v2,d003242,fam_m026737,test,test_product_like,2025-11-07T10:20:00Z,routine,established_contact,false,false,true
med-synth-v2,d003243,fam_m026755,test,test_product_like,2025-11-07T11:00:00Z,routine,established_contact,false,false,true
med-synth-v2,d003244,fam_m026757,test,test_product_like,2025-11-07T11:01:00Z,routine,established_contact,false,false,true
med-synth-v2,d003245,fam_m026767,test,test_product_like,2025-11-07T11:10:00Z,routine,established_contact,false,false,true
med-synth-v2,d003246,fam_m026769,test,test_product_like,2025-11-07T11:11:00Z,routine,established_contact,false,false,true
med-synth-v2,d003247,fam_m026781,test,test_product_like,2025-11-07T11:21:00Z,routine,established_contact,false,false,true
med-synth-v2,d003248,fam_m026815,test,test_product_like,2025-11-07T12:00:00Z,S05,external_purchase,false,false,true
med-synth-v2,d003249,fam_m026817,test,test_product_like,2025-11-07T12:01:00Z,S05,external_purchase,false,false,true
med-synth-v2,d003250,fam_m026827,test,test_product_like,2025-11-07T12:10:00Z,S05,external_purchase,false,false,true
med-synth-v2,d003251,fam_m026839,test,test_product_like,2025-11-07T12:20:00Z,S05,external_purchase,false,false,true
med-synth-v2,d003252,fam_m026841,test,test_product_like,2025-11-07T12:21:00Z,S05,external_purchase,false,false,true
med-synth-v2,d003253,fam_m026851,test,test_product_like,2025-11-07T13:10:00Z,routine,established_contact,false,false,true
med-synth-v2,d003254,fam_m026861,test,test_product_like,2025-11-07T14:00:00Z,routine,established_contact,false,false,true
med-synth-v2,d003255,fam_m026881,test,test_product_like,2025-11-10T09:00:00Z,S05,internal_project,false,false,true
med-synth-v2,d003256,fam_m026883,test,test_product_like,2025-11-10T09:01:00Z,S05,internal_project,false,false,true
med-synth-v2,d003257,fam_m026885,test,test_product_like,2025-11-10T09:02:00Z,S05,internal_project,false,false,true
med-synth-v2,d003258,fam_m026889,test,test_product_like,2025-11-10T09:04:00Z,S05,internal_project,false,false,true
med-synth-v2,d003259,fam_m026891,test,test_product_like,2025-11-10T09:05:00Z,S05,internal_project,false,false,true
med-synth-v2,d003260,fam_m026893,test,test_product_like,2025-11-10T09:06:00Z,S05,internal_project,false,false,true
med-synth-v2,d003261,fam_m026895,test,test_product_like,2025-11-10T09:07:00Z,S05,internal_project,false,false,true
med-synth-v2,d003262,fam_m026979,test,test_product_like,2025-11-10T09:31:00Z,routine,established_contact,false,false,true
med-synth-v2,d003263,fam_m026989,test,test_product_like,2025-11-10T09:40:00Z,routine,established_contact,false,false,true
med-synth-v2,d003264,fam_m026991,test,test_product_like,2025-11-10T09:41:00Z,routine,established_contact,false,false,true
med-synth-v2,d003265,fam_m027021,test,test_product_like,2025-11-10T10:40:00Z,routine,established_contact,false,false,true
med-synth-v2,d003266,fam_m027029,test,test_product_like,2025-11-10T11:01:00Z,routine,established_contact,false,false,true
med-synth-v2,d003267,fam_m027039,test,test_product_like,2025-11-10T11:10:00Z,routine,established_contact,false,false,true
med-synth-v2,d003268,fam_m027041,test,test_product_like,2025-11-10T11:11:00Z,routine,established_contact,false,false,true
med-synth-v2,d003269,fam_m027051,test,test_product_like,2025-11-10T11:20:00Z,routine,established_contact,false,false,true
med-synth-v2,d003270,fam_m027087,test,test_product_like,2025-11-10T12:00:00Z,S05,external_purchase,false,false,true
med-synth-v2,d003271,fam_m027089,test,test_product_like,2025-11-10T12:01:00Z,S05,external_purchase,false,false,true
med-synth-v2,d003272,fam_m027099,test,test_product_like,2025-11-10T12:10:00Z,S05,external_purchase,false,false,true
med-synth-v2,d003273,fam_m027101,test,test_product_like,2025-11-10T12:11:00Z,S05,external_purchase,false,false,true
med-synth-v2,d003274,fam_m027113,test,test_product_like,2025-11-10T12:21:00Z,S05,external_purchase,false,false,true
med-synth-v2,d003275,fam_m027123,test,test_product_like,2025-11-10T12:30:00Z,routine,established_contact,false,false,true
med-synth-v2,d003276,fam_m027133,test,test_product_like,2025-11-10T13:20:00Z,routine,established_contact,false,false,true
med-synth-v2,d003277,fam_m027143,test,test_product_like,2025-11-10T14:10:00Z,routine,established_contact,false,false,true
med-synth-v2,d003278,fam_m026897,test,test_product_like,2025-11-11T09:00:00Z,S05,internal_project,false,false,true
med-synth-v2,d003279,fam_m026899,test,test_product_like,2025-11-11T09:01:00Z,S05,internal_project,false,false,true
med-synth-v2,d003280,fam_m026901,test,test_product_like,2025-11-11T09:02:00Z,S05,internal_project,false,false,true
med-synth-v2,d003281,fam_m026903,test,test_product_like,2025-11-11T09:03:00Z,S05,internal_project,false,false,true
med-synth-v2,d002112,fam_m026907,test,test_diagnostic,2025-11-11T09:05:00Z,S08,unintended_bcc,true,false,true
med-synth-v2,d002113,fam_m026907,test,test_diagnostic,2025-11-11T09:05:00Z,S08,clean_twin,false,false,true
med-synth-v2,d003282,fam_m026909,test,test_product_like,2025-11-11T09:06:00Z,S05,internal_project,false,false,true
med-synth-v2,d003283,fam_m026911,test,test_product_like,2025-11-11T09:07:00Z,S05,internal_project,false,false,true
med-synth-v2,d003284,fam_m026961,test,test_product_like,2025-11-11T09:10:00Z,S05,internal_project,false,false,true
med-synth-v2,d003285,fam_m026969,test,test_product_like,2025-11-11T09:20:00Z,routine,established_contact,false,false,true
med-synth-v2,d002081,fam_m026971,test,test_diagnostic,2025-11-11T09:21:00Z,S02,added_external,true,false,true
med-synth-v2,d002082,fam_m026971,test,test_diagnostic,2025-11-11T09:21:00Z,S02,clean_twin,false,false,true
med-synth-v2,d003286,fam_m027001,test,test_product_like,2025-11-11T09:50:00Z,routine,established_contact,false,false,true
med-synth-v2,d003287,fam_m027003,test,test_product_like,2025-11-11T09:51:00Z,routine,established_contact,false,false,true
med-synth-v2,d003288,fam_m027013,test,test_product_like,2025-11-11T10:10:00Z,routine,established_contact,false,false,true
med-synth-v2,d003289,fam_m027065,test,test_product_like,2025-11-11T11:31:00Z,routine,established_contact,false,false,true
med-synth-v2,d003290,fam_m027071,test,test_product_like,2025-11-11T11:40:00Z,routine,established_contact,false,false,true
med-synth-v2,d003291,fam_m027073,test,test_product_like,2025-11-11T11:41:00Z,routine,established_contact,false,false,true
med-synth-v2,d003292,fam_m027079,test,test_product_like,2025-11-11T11:50:00Z,routine,established_contact,false,false,true
med-synth-v2,d003293,fam_m027125,test,test_product_like,2025-11-11T12:40:00Z,routine,established_contact,false,false,true
med-synth-v2,d003294,fam_m027135,test,test_product_like,2025-11-11T13:30:00Z,routine,established_contact,false,false,true
med-synth-v2,d003295,fam_m027145,test,test_product_like,2025-11-11T14:20:00Z,routine,established_contact,false,false,true
med-synth-v2,d003296,fam_m027155,test,test_product_like,2025-11-11T15:10:00Z,routine,established_contact,false,false,true
med-synth-v2,d003297,fam_m026915,test,test_product_like,2025-11-12T09:01:00Z,S05,internal_project,false,false,true
med-synth-v2,d003298,fam_m026917,test,test_product_like,2025-11-12T09:02:00Z,S05,internal_project,false,false,true
med-synth-v2,d003299,fam_m026919,test,test_product_like,2025-11-12T09:03:00Z,S05,internal_project,false,false,true
med-synth-v2,d003300,fam_m026921,test,test_product_like,2025-11-12T09:04:00Z,S05,internal_project,false,false,true
med-synth-v2,d003301,fam_m026925,test,test_product_like,2025-11-12T09:06:00Z,S05,internal_project,false,false,true
med-synth-v2,d003302,fam_m026927,test,test_product_like,2025-11-12T09:07:00Z,S05,internal_project,false,false,true
med-synth-v2,d003303,fam_m026981,test,test_product_like,2025-11-12T09:30:00Z,routine,established_contact,false,false,true
med-synth-v2,d003304,fam_m026983,test,test_product_like,2025-11-12T09:31:00Z,routine,established_contact,false,false,true
med-synth-v2,d003305,fam_m026995,test,test_product_like,2025-11-12T09:41:00Z,routine,established_contact,false,false,true
med-synth-v2,d003306,fam_m027009,test,test_product_like,2025-11-12T10:00:00Z,routine,established_contact,false,false,true
med-synth-v2,d003307,fam_m027011,test,test_product_like,2025-11-12T10:01:00Z,routine,established_contact,false,false,true
med-synth-v2,d003308,fam_m027031,test,test_product_like,2025-11-12T11:00:00Z,routine,established_contact,false,false,true
med-synth-v2,d003309,fam_m027043,test,test_product_like,2025-11-12T11:10:00Z,routine,established_contact,false,false,true
med-synth-v2,d003310,fam_m027045,test,test_product_like,2025-11-12T11:11:00Z,routine,established_contact,false,false,true
med-synth-v2,d003311,fam_m027055,test,test_product_like,2025-11-12T11:20:00Z,routine,established_contact,false,false,true
med-synth-v2,d003312,fam_m027091,test,test_product_like,2025-11-12T12:00:00Z,S05,external_purchase,false,false,true
med-synth-v2,d003313,fam_m027093,test,test_product_like,2025-11-12T12:01:00Z,S05,external_purchase,false,false,true
med-synth-v2,d003314,fam_m027103,test,test_product_like,2025-11-12T12:10:00Z,S05,external_purchase,false,false,true
med-synth-v2,d003315,fam_m027105,test,test_product_like,2025-11-12T12:11:00Z,S05,external_purchase,false,false,true
med-synth-v2,d003316,fam_m027117,test,test_product_like,2025-11-12T12:21:00Z,S05,external_purchase,false,false,true
med-synth-v2,d003317,fam_m027127,test,test_product_like,2025-11-12T12:50:00Z,routine,established_contact,false,false,true
med-synth-v2,d003318,fam_m027137,test,test_product_like,2025-11-12T13:40:00Z,routine,established_contact,false,false,true
med-synth-v2,d003319,fam_m027147,test,test_product_like,2025-11-12T14:30:00Z,routine,established_contact,false,false,true
med-synth-v2,d002137,fam_m029196,test,test_product_like,2025-11-12T18:03:00Z,S03,legitimate_first_contact,false,false,true
med-synth-v2,d002142,fam_m029206,test,test_product_like,2025-11-12T19:03:00Z,S06,legitimate_new_domain,false,false,true
med-synth-v2,d002147,fam_m029216,test,test_product_like,2025-11-12T20:03:00Z,S07,legitimate_topic_change,false,false,true
med-synth-v2,d003320,fam_m026929,test,test_product_like,2025-11-13T09:00:00Z,S05,internal_project,false,false,true
med-synth-v2,d003321,fam_m026931,test,test_product_like,2025-11-13T09:01:00Z,S05,internal_project,false,false,true
med-synth-v2,d003322,fam_m026933,test,test_product_like,2025-11-13T09:02:00Z,S05,internal_project,false,false,true
med-synth-v2,d003323,fam_m026935,test,test_product_like,2025-11-13T09:03:00Z,S05,internal_project,false,false,true
med-synth-v2,d003324,fam_m026939,test,test_product_like,2025-11-13T09:05:00Z,S05,internal_project,false,false,true
med-synth-v2,d003325,fam_m026941,test,test_product_like,2025-11-13T09:06:00Z,S05,internal_project,false,false,true
med-synth-v2,d003326,fam_m026943,test,test_product_like,2025-11-13T09:07:00Z,S05,internal_project,false,false,true
med-synth-v2,d003327,fam_m026965,test,test_product_like,2025-11-13T09:10:00Z,S05,internal_project,false,false,true
med-synth-v2,d003328,fam_m026973,test,test_product_like,2025-11-13T09:20:00Z,routine,established_contact,false,false,true
med-synth-v2,d003329,fam_m026975,test,test_product_like,2025-11-13T09:21:00Z,routine,established_contact,false,false,true
med-synth-v2,d003330,fam_m027005,test,test_product_like,2025-11-13T09:50:00Z,routine,established_contact,false,false,true
med-synth-v2,d003331,fam_m027007,test,test_product_like,2025-11-13T09:51:00Z,routine,established_contact,false,false,true
med-synth-v2,d003332,fam_m027023,test,test_product_like,2025-11-13T10:40:00Z,routine,established_contact,false,false,true
med-synth-v2,d003333,fam_m027067,test,test_product_like,2025-11-13T11:30:00Z,routine,established_contact,false,false,true
med-synth-v2,d003334,fam_m027069,test,test_product_like,2025-11-13T11:31:00Z,routine,established_contact,false,false,true
med-synth-v2,d003335,fam_m027075,test,test_product_like,2025-11-13T11:40:00Z,routine,established_contact,false,false,true
med-synth-v2,d003336,fam_m027083,test,test_product_like,2025-11-13T11:50:00Z,routine,established_contact,false,false,true
med-synth-v2,d003337,fam_m027085,test,test_product_like,2025-11-13T11:51:00Z,routine,established_contact,false,false,true
med-synth-v2,d003338,fam_m027129,test,test_product_like,2025-11-13T13:00:00Z,routine,established_contact,false,false,true
med-synth-v2,d003339,fam_m027149,test,test_product_like,2025-11-13T14:40:00Z,routine,established_contact,false,false,true
med-synth-v2,d003340,fam_m027159,test,test_product_like,2025-11-13T15:30:00Z,routine,established_contact,false,false,true
med-synth-v2,d002160,fam_m026945,test,test_product_like,2025-11-14T09:00:00Z,S05,internal_project,false,false,true
med-synth-v2,d003341,fam_m026947,test,test_product_like,2025-11-14T09:01:00Z,S05,internal_project,false,false,true
med-synth-v2,d003342,fam_m026949,test,test_product_like,2025-11-14T09:02:00Z,S05,internal_project,false,false,true
med-synth-v2,d003343,fam_m026953,test,test_product_like,2025-11-14T09:04:00Z,S05,internal_project,false,false,true
med-synth-v2,d003344,fam_m026955,test,test_product_like,2025-11-14T09:05:00Z,S05,internal_project,false,false,true
med-synth-v2,d003345,fam_m026957,test,test_product_like,2025-11-14T09:06:00Z,S05,internal_project,false,false,true
med-synth-v2,d003346,fam_m026959,test,test_product_like,2025-11-14T09:07:00Z,S05,internal_project,false,false,true
med-synth-v2,d003347,fam_m026987,test,test_product_like,2025-11-14T09:31:00Z,routine,established_contact,false,false,true
med-synth-v2,d003348,fam_m026997,test,test_product_like,2025-11-14T09:40:00Z,routine,established_contact,false,false,true
med-synth-v2,d003349,fam_m026999,test,test_product_like,2025-11-14T09:41:00Z,routine,established_contact,false,false,true
med-synth-v2,d003350,fam_m027015,test,test_product_like,2025-11-14T10:10:00Z,routine,established_contact,false,false,true
med-synth-v2,d003351,fam_m027025,test,test_product_like,2025-11-14T10:50:00Z,routine,established_contact,false,false,true
med-synth-v2,d003352,fam_m027035,test,test_product_like,2025-11-14T11:00:00Z,routine,established_contact,false,false,true
med-synth-v2,d003353,fam_m027037,test,test_product_like,2025-11-14T11:01:00Z,routine,established_contact,false,false,true
med-synth-v2,d003354,fam_m027047,test,test_product_like,2025-11-14T11:10:00Z,routine,established_contact,false,false,true
med-synth-v2,d003355,fam_m027059,test,test_product_like,2025-11-14T11:20:00Z,routine,established_contact,false,false,true
med-synth-v2,d003356,fam_m027061,test,test_product_like,2025-11-14T11:21:00Z,routine,established_contact,false,false,true
med-synth-v2,d003357,fam_m027095,test,test_product_like,2025-11-14T12:00:00Z,S05,external_purchase,false,false,true
med-synth-v2,d002165,fam_m027097,test,test_product_like,2025-11-14T12:01:00Z,S05,external_purchase,false,false,true
med-synth-v2,d003358,fam_m027107,test,test_product_like,2025-11-14T12:10:00Z,S05,external_purchase,false,false,true
med-synth-v2,d003359,fam_m027119,test,test_product_like,2025-11-14T12:20:00Z,S05,external_purchase,false,false,true
med-synth-v2,d003360,fam_m027121,test,test_product_like,2025-11-14T12:21:00Z,S05,external_purchase,false,false,true
med-synth-v2,d003361,fam_m027131,test,test_product_like,2025-11-14T13:10:00Z,routine,established_contact,false,false,true
med-synth-v2,d003362,fam_m027141,test,test_product_like,2025-11-14T14:00:00Z,routine,established_contact,false,false,true
med-synth-v2,d003363,fam_m027161,test,test_product_like,2025-11-17T09:00:00Z,S05,internal_project,false,false,true
med-synth-v2,d003364,fam_m027163,test,test_product_like,2025-11-17T09:01:00Z,S05,internal_project,false,false,true
med-synth-v2,d003365,fam_m027165,test,test_product_like,2025-11-17T09:02:00Z,S05,internal_project,false,false,true
med-synth-v2,d003366,fam_m027169,test,test_product_like,2025-11-17T09:04:00Z,S05,internal_project,false,false,true
med-synth-v2,d003367,fam_m027171,test,test_product_like,2025-11-17T09:05:00Z,S05,internal_project,false,false,true
med-synth-v2,d003368,fam_m027173,test,test_product_like,2025-11-17T09:06:00Z,S05,internal_project,false,false,true
med-synth-v2,d003369,fam_m027175,test,test_product_like,2025-11-17T09:07:00Z,S05,internal_project,false,false,true
med-synth-v2,d003370,fam_m027259,test,test_product_like,2025-11-17T09:31:00Z,routine,established_contact,false,false,true
med-synth-v2,d003371,fam_m027269,test,test_product_like,2025-11-17T09:40:00Z,routine,established_contact,false,false,true
med-synth-v2,d003372,fam_m027271,test,test_product_like,2025-11-17T09:41:00Z,routine,established_contact,false,false,true
med-synth-v2,d003373,fam_m027301,test,test_product_like,2025-11-17T10:40:00Z,routine,established_contact,false,false,true
med-synth-v2,d003374,fam_m027309,test,test_product_like,2025-11-17T11:01:00Z,routine,established_contact,false,false,true
med-synth-v2,d003375,fam_m027319,test,test_product_like,2025-11-17T11:10:00Z,routine,established_contact,false,false,true
med-synth-v2,d003376,fam_m027321,test,test_product_like,2025-11-17T11:11:00Z,routine,established_contact,false,false,true
med-synth-v2,d003377,fam_m027331,test,test_product_like,2025-11-17T11:20:00Z,routine,established_contact,false,false,true
med-synth-v2,d003378,fam_m027367,test,test_product_like,2025-11-17T12:00:00Z,S05,external_purchase,false,false,true
med-synth-v2,d003379,fam_m027369,test,test_product_like,2025-11-17T12:01:00Z,S05,external_purchase,false,false,true
med-synth-v2,d003380,fam_m027379,test,test_product_like,2025-11-17T12:10:00Z,S05,external_purchase,false,false,true
med-synth-v2,d003381,fam_m027381,test,test_product_like,2025-11-17T12:11:00Z,S05,external_purchase,false,false,true
med-synth-v2,d003382,fam_m027393,test,test_product_like,2025-11-17T12:21:00Z,S05,external_purchase,false,false,true
med-synth-v2,d003383,fam_m027403,test,test_product_like,2025-11-17T12:30:00Z,routine,established_contact,false,false,true
med-synth-v2,d003384,fam_m027413,test,test_product_like,2025-11-17T13:20:00Z,routine,established_contact,false,false,true
med-synth-v2,d003385,fam_m027423,test,test_product_like,2025-11-17T14:10:00Z,routine,established_contact,false,false,true
med-synth-v2,d003386,fam_m027177,test,test_product_like,2025-11-18T09:00:00Z,S05,internal_project,false,false,true
med-synth-v2,d003387,fam_m027179,test,test_product_like,2025-11-18T09:01:00Z,S05,internal_project,false,false,true
med-synth-v2,d003388,fam_m027181,test,test_product_like,2025-11-18T09:02:00Z,S05,internal_project,false,false,true
med-synth-v2,d003389,fam_m027183,test,test_product_like,2025-11-18T09:03:00Z,S05,internal_project,false,false,true
med-synth-v2,d003390,fam_m027187,test,test_product_like,2025-11-18T09:05:00Z,S05,internal_project,false,false,true
med-synth-v2,d003391,fam_m027189,test,test_product_like,2025-11-18T09:06:00Z,S05,internal_project,false,false,true
med-synth-v2,d003392,fam_m027191,test,test_product_like,2025-11-18T09:07:00Z,S05,internal_project,false,false,true
med-synth-v2,d002172,fam_m027243,test,test_product_like,2025-11-18T09:11:00Z,S05,internal_project,false,false,true
med-synth-v2,d003393,fam_m027249,test,test_product_like,2025-11-18T09:20:00Z,routine,established_contact,false,false,true
med-synth-v2,d003394,fam_m027251,test,test_product_like,2025-11-18T09:21:00Z,routine,established_contact,false,false,true
med-synth-v2,d003395,fam_m027281,test,test_product_like,2025-11-18T09:50:00Z,routine,established_contact,false,false,true
med-synth-v2,d003396,fam_m027283,test,test_product_like,2025-11-18T09:51:00Z,routine,established_contact,false,false,true
med-synth-v2,d003397,fam_m027343,test,test_product_like,2025-11-18T11:30:00Z,routine,established_contact,false,false,true
med-synth-v2,d003398,fam_m027345,test,test_product_like,2025-11-18T11:31:00Z,routine,established_contact,false,false,true
med-synth-v2,d003399,fam_m027351,test,test_product_like,2025-11-18T11:40:00Z,routine,established_contact,false,false,true
med-synth-v2,d003400,fam_m027353,test,test_product_like,2025-11-18T11:41:00Z,routine,established_contact,false,false,true
med-synth-v2,d003401,fam_m027361,test,test_product_like,2025-11-18T11:51:00Z,routine,established_contact,false,false,true
med-synth-v2,d003402,fam_m027405,test,test_product_like,2025-11-18T12:40:00Z,routine,established_contact,false,false,true
med-synth-v2,d003403,fam_m027415,test,test_product_like,2025-11-18T13:30:00Z,routine,established_contact,false,false,true
med-synth-v2,d003404,fam_m027425,test,test_product_like,2025-11-18T14:20:00Z,routine,established_contact,false,false,true
med-synth-v2,d003405,fam_m027193,test,test_product_like,2025-11-19T09:00:00Z,S05,internal_project,false,false,true
med-synth-v2,d003406,fam_m027195,test,test_product_like,2025-11-19T09:01:00Z,S05,internal_project,false,false,true
med-synth-v2,d003407,fam_m027197,test,test_product_like,2025-11-19T09:02:00Z,S05,internal_project,false,false,true
med-synth-v2,d003408,fam_m027199,test,test_product_like,2025-11-19T09:03:00Z,S05,internal_project,false,false,true
med-synth-v2,d003409,fam_m027203,test,test_product_like,2025-11-19T09:05:00Z,S05,internal_project,false,false,true
med-synth-v2,d003410,fam_m027205,test,test_product_like,2025-11-19T09:06:00Z,S05,internal_project,false,false,true
med-synth-v2,d002114,fam_m027207,test,test_product_like,2025-11-19T09:07:00Z,S08,two_unintended,true,false,true
med-synth-v2,d003411,fam_m027261,test,test_product_like,2025-11-19T09:30:00Z,routine,established_contact,false,false,true
med-synth-v2,d003412,fam_m027263,test,test_product_like,2025-11-19T09:31:00Z,routine,established_contact,false,false,true
med-synth-v2,d003413,fam_m027275,test,test_product_like,2025-11-19T09:41:00Z,routine,established_contact,false,false,true
med-synth-v2,d003414,fam_m027289,test,test_product_like,2025-11-19T10:00:00Z,routine,established_contact,false,false,true
med-synth-v2,d003415,fam_m027291,test,test_product_like,2025-11-19T10:01:00Z,routine,established_contact,false,false,true
med-synth-v2,d003416,fam_m027311,test,test_product_like,2025-11-19T11:00:00Z,routine,established_contact,false,false,true
med-synth-v2,d003417,fam_m027323,test,test_product_like,2025-11-19T11:10:00Z,routine,established_contact,false,false,true
med-synth-v2,d003418,fam_m027325,test,test_product_like,2025-11-19T11:11:00Z,routine,established_contact,false,false,true
med-synth-v2,d003419,fam_m027335,test,test_product_like,2025-11-19T11:20:00Z,routine,established_contact,false,false,true
med-synth-v2,d003420,fam_m027371,test,test_product_like,2025-11-19T12:00:00Z,S05,external_purchase,false,false,true
med-synth-v2,d003421,fam_m027373,test,test_product_like,2025-11-19T12:01:00Z,S05,external_purchase,false,false,true
med-synth-v2,d003422,fam_m027383,test,test_product_like,2025-11-19T12:10:00Z,S05,external_purchase,false,false,true
med-synth-v2,d003423,fam_m027385,test,test_product_like,2025-11-19T12:11:00Z,S05,external_purchase,false,false,true
med-synth-v2,d003424,fam_m027397,test,test_product_like,2025-11-19T12:21:00Z,S05,external_purchase,false,false,true
med-synth-v2,d003425,fam_m027407,test,test_product_like,2025-11-19T12:50:00Z,routine,established_contact,false,false,true
med-synth-v2,d003426,fam_m027417,test,test_product_like,2025-11-19T13:40:00Z,routine,established_contact,false,false,true
med-synth-v2,d003427,fam_m027427,test,test_product_like,2025-11-19T14:30:00Z,routine,established_contact,false,false,true
med-synth-v2,d003428,fam_m027209,test,test_product_like,2025-11-20T09:00:00Z,S05,internal_project,false,false,true
med-synth-v2,d003429,fam_m027211,test,test_product_like,2025-11-20T09:01:00Z,S05,internal_project,false,false,true
med-synth-v2,d003430,fam_m027213,test,test_product_like,2025-11-20T09:02:00Z,S05,internal_project,false,false,true
med-synth-v2,d003431,fam_m027215,test,test_product_like,2025-11-20T09:03:00Z,S05,internal_project,false,false,true
med-synth-v2,d003432,fam_m027219,test,test_product_like,2025-11-20T09:05:00Z,S05,internal_project,false,false,true
med-synth-v2,d003433,fam_m027221,test,test_product_like,2025-11-20T09:06:00Z,S05,internal_project,false,false,true
med-synth-v2,d003434,fam_m027223,test,test_product_like,2025-11-20T09:07:00Z,S05,internal_project,false,false,true
med-synth-v2,d003435,fam_m027245,test,test_product_like,2025-11-20T09:10:00Z,S05,internal_project,false,false,true
med-synth-v2,d003436,fam_m027253,test,test_product_like,2025-11-20T09:20:00Z,routine,established_contact,false,false,true
med-synth-v2,d003437,fam_m027255,test,test_product_like,2025-11-20T09:21:00Z,routine,established_contact,false,false,true
med-synth-v2,d003438,fam_m027285,test,test_product_like,2025-11-20T09:50:00Z,routine,established_contact,false,false,true
med-synth-v2,d003439,fam_m027287,test,test_product_like,2025-11-20T09:51:00Z,routine,established_contact,false,false,true
med-synth-v2,d003440,fam_m027303,test,test_product_like,2025-11-20T10:40:00Z,routine,established_contact,false,false,true
med-synth-v2,d003441,fam_m027347,test,test_product_like,2025-11-20T11:30:00Z,routine,established_contact,false,false,true
med-synth-v2,d003442,fam_m027349,test,test_product_like,2025-11-20T11:31:00Z,routine,established_contact,false,false,true
med-synth-v2,d003443,fam_m027357,test,test_product_like,2025-11-20T11:41:00Z,routine,established_contact,false,false,true
med-synth-v2,d003444,fam_m027363,test,test_product_like,2025-11-20T11:50:00Z,routine,established_contact,false,false,true
med-synth-v2,d003445,fam_m027365,test,test_product_like,2025-11-20T11:51:00Z,routine,established_contact,false,false,true
med-synth-v2,d003446,fam_m027409,test,test_product_like,2025-11-20T13:00:00Z,routine,established_contact,false,false,true
med-synth-v2,d003447,fam_m027429,test,test_product_like,2025-11-20T14:40:00Z,routine,established_contact,false,false,true
med-synth-v2,d003448,fam_m027439,test,test_product_like,2025-11-20T15:30:00Z,routine,established_contact,false,false,true
med-synth-v2,d003449,fam_m027225,test,test_product_like,2025-11-21T09:00:00Z,S05,internal_project,false,false,true
med-synth-v2,d003450,fam_m027227,test,test_product_like,2025-11-21T09:01:00Z,S05,internal_project,false,false,true
med-synth-v2,d003451,fam_m027231,test,test_product_like,2025-11-21T09:03:00Z,S05,internal_project,false,false,true
med-synth-v2,d003452,fam_m027233,test,test_product_like,2025-11-21T09:04:00Z,S05,internal_project,false,false,true
med-synth-v2,d003453,fam_m027235,test,test_product_like,2025-11-21T09:05:00Z,S05,internal_project,false,false,true
med-synth-v2,d003454,fam_m027237,test,test_product_like,2025-11-21T09:06:00Z,S05,internal_project,false,false,true
med-synth-v2,d003455,fam_m027265,test,test_product_like,2025-11-21T09:30:00Z,routine,established_contact,false,false,true
med-synth-v2,d003456,fam_m027267,test,test_product_like,2025-11-21T09:31:00Z,routine,established_contact,false,false,true
med-synth-v2,d003457,fam_m027277,test,test_product_like,2025-11-21T09:40:00Z,routine,established_contact,false,false,true
med-synth-v2,d003458,fam_m027279,test,test_product_like,2025-11-21T09:41:00Z,routine,established_contact,false,false,true
med-synth-v2,d003459,fam_m027297,test,test_product_like,2025-11-21T10:20:00Z,routine,established_contact,false,false,true
med-synth-v2,d003460,fam_m027305,test,test_product_like,2025-11-21T10:50:00Z,routine,established_contact,false,false,true
med-synth-v2,d003461,fam_m027315,test,test_product_like,2025-11-21T11:00:00Z,routine,established_contact,false,false,true
med-synth-v2,d003462,fam_m027317,test,test_product_like,2025-11-21T11:01:00Z,routine,established_contact,false,false,true
med-synth-v2,d003463,fam_m027329,test,test_product_like,2025-11-21T11:11:00Z,routine,established_contact,false,false,true
med-synth-v2,d003464,fam_m027339,test,test_product_like,2025-11-21T11:20:00Z,routine,established_contact,false,false,true
med-synth-v2,d003465,fam_m027341,test,test_product_like,2025-11-21T11:21:00Z,routine,established_contact,false,false,true
med-synth-v2,d003466,fam_m027375,test,test_product_like,2025-11-21T12:00:00Z,S05,external_purchase,false,false,true
med-synth-v2,d003467,fam_m027387,test,test_product_like,2025-11-21T12:10:00Z,S05,external_purchase,false,false,true
med-synth-v2,d003468,fam_m027389,test,test_product_like,2025-11-21T12:11:00Z,S05,external_purchase,false,false,true
med-synth-v2,d003469,fam_m027399,test,test_product_like,2025-11-21T12:20:00Z,S05,external_purchase,false,false,true
med-synth-v2,d003470,fam_m027411,test,test_product_like,2025-11-21T13:10:00Z,routine,established_contact,false,false,true
med-synth-v2,d003471,fam_m027421,test,test_product_like,2025-11-21T14:00:00Z,routine,established_contact,false,false,true
med-synth-v2,d003472,fam_m027431,test,test_product_like,2025-11-21T14:50:00Z,routine,established_contact,false,false,true
med-synth-v2,d003473,fam_m027441,test,test_product_like,2025-11-24T09:00:00Z,S05,internal_project,false,false,true
med-synth-v2,d003474,fam_m027445,test,test_product_like,2025-11-24T09:02:00Z,S05,internal_project,false,false,true
med-synth-v2,d003475,fam_m027447,test,test_product_like,2025-11-24T09:03:00Z,S05,internal_project,false,false,true
med-synth-v2,d003476,fam_m027449,test,test_product_like,2025-11-24T09:04:00Z,S05,internal_project,false,false,true
med-synth-v2,d003477,fam_m027451,test,test_product_like,2025-11-24T09:05:00Z,S05,internal_project,false,false,true
med-synth-v2,d003478,fam_m027455,test,test_product_like,2025-11-24T09:07:00Z,S05,internal_project,false,false,true
med-synth-v2,d002093,fam_m027537,test,test_diagnostic,2025-11-24T09:30:00Z,S04,familiar_topic_mismatch,true,false,true
med-synth-v2,d002094,fam_m027537,test,test_diagnostic,2025-11-24T09:30:00Z,S04,clean_twin,false,false,true
med-synth-v2,d003479,fam_m027539,test,test_product_like,2025-11-24T09:31:00Z,routine,established_contact,false,false,true
med-synth-v2,d003480,fam_m027549,test,test_product_like,2025-11-24T09:40:00Z,routine,established_contact,false,false,true
med-synth-v2,d003481,fam_m027551,test,test_product_like,2025-11-24T09:41:00Z,routine,established_contact,false,false,true
med-synth-v2,d002074,fam_m027587,test,test_diagnostic,2025-11-24T11:00:00Z,S01,lookalike_replacement,true,false,true
med-synth-v2,d002075,fam_m027587,test,test_diagnostic,2025-11-24T11:00:00Z,S01,clean_twin,false,false,true
med-synth-v2,d003482,fam_m027589,test,test_product_like,2025-11-24T11:01:00Z,routine,established_contact,false,false,true
med-synth-v2,d003483,fam_m027599,test,test_product_like,2025-11-24T11:10:00Z,routine,established_contact,false,false,true
med-synth-v2,d003484,fam_m027601,test,test_product_like,2025-11-24T11:11:00Z,routine,established_contact,false,false,true
med-synth-v2,d003485,fam_m027611,test,test_product_like,2025-11-24T11:20:00Z,routine,established_contact,false,false,true
med-synth-v2,d003486,fam_m027647,test,test_product_like,2025-11-24T12:00:00Z,S05,external_purchase,false,false,true
med-synth-v2,d003487,fam_m027649,test,test_product_like,2025-11-24T12:01:00Z,S05,external_purchase,false,false,true
med-synth-v2,d003488,fam_m027659,test,test_product_like,2025-11-24T12:10:00Z,S05,external_purchase,false,false,true
med-synth-v2,d003489,fam_m027661,test,test_product_like,2025-11-24T12:11:00Z,S05,external_purchase,false,false,true
med-synth-v2,d003490,fam_m027673,test,test_product_like,2025-11-24T12:21:00Z,S05,external_purchase,false,false,true
med-synth-v2,d003491,fam_m027683,test,test_product_like,2025-11-24T12:30:00Z,routine,established_contact,false,false,true
med-synth-v2,d003492,fam_m027693,test,test_product_like,2025-11-24T13:20:00Z,routine,established_contact,false,false,true
med-synth-v2,d003493,fam_m027703,test,test_product_like,2025-11-24T14:10:00Z,routine,established_contact,false,false,true
med-synth-v2,d003494,fam_m027457,test,test_product_like,2025-11-25T09:00:00Z,S05,internal_project,false,false,true
med-synth-v2,d003495,fam_m027459,test,test_product_like,2025-11-25T09:01:00Z,S05,internal_project,false,false,true
med-synth-v2,d003496,fam_m027461,test,test_product_like,2025-11-25T09:02:00Z,S05,internal_project,false,false,true
med-synth-v2,d003497,fam_m027465,test,test_product_like,2025-11-25T09:04:00Z,S05,internal_project,false,false,true
med-synth-v2,d003498,fam_m027467,test,test_product_like,2025-11-25T09:05:00Z,S05,internal_project,false,false,true
med-synth-v2,d003499,fam_m027469,test,test_product_like,2025-11-25T09:06:00Z,S05,internal_project,false,false,true
med-synth-v2,d003500,fam_m027471,test,test_product_like,2025-11-25T09:07:00Z,S05,internal_project,false,false,true
med-synth-v2,d003501,fam_m027523,test,test_product_like,2025-11-25T09:11:00Z,S05,internal_project,false,false,true
med-synth-v2,d003502,fam_m027529,test,test_product_like,2025-11-25T09:20:00Z,routine,established_contact,false,false,true
med-synth-v2,d003503,fam_m027531,test,test_product_like,2025-11-25T09:21:00Z,routine,established_contact,false,false,true
med-synth-v2,d003504,fam_m027561,test,test_product_like,2025-11-25T09:50:00Z,routine,established_contact,false,false,true
med-synth-v2,d003505,fam_m027573,test,test_product_like,2025-11-25T10:10:00Z,routine,established_contact,false,false,true
med-synth-v2,d003506,fam_m027623,test,test_product_like,2025-11-25T11:30:00Z,routine,established_contact,false,false,true
med-synth-v2,d003507,fam_m027625,test,test_product_like,2025-11-25T11:31:00Z,routine,established_contact,false,false,true
med-synth-v2,d003508,fam_m027631,test,test_product_like,2025-11-25T11:40:00Z,routine,established_contact,false,false,true
med-synth-v2,d003509,fam_m027639,test,test_product_like,2025-11-25T11:50:00Z,routine,established_contact,false,false,true
med-synth-v2,d003510,fam_m027641,test,test_product_like,2025-11-25T11:51:00Z,routine,established_contact,false,false,true
med-synth-v2,d003511,fam_m027685,test,test_product_like,2025-11-25T12:40:00Z,routine,established_contact,false,false,true
med-synth-v2,d003512,fam_m027695,test,test_product_like,2025-11-25T13:30:00Z,routine,established_contact,false,false,true
med-synth-v2,d003513,fam_m027715,test,test_product_like,2025-11-25T15:10:00Z,routine,established_contact,false,false,true
med-synth-v2,d003514,fam_m027473,test,test_product_like,2025-11-26T09:00:00Z,S05,internal_project,false,false,true
med-synth-v2,d003515,fam_m027475,test,test_product_like,2025-11-26T09:01:00Z,S05,internal_project,false,false,true
med-synth-v2,d003516,fam_m027477,test,test_product_like,2025-11-26T09:02:00Z,S05,internal_project,false,false,true
med-synth-v2,d003517,fam_m027481,test,test_product_like,2025-11-26T09:04:00Z,S05,internal_project,false,false,true
med-synth-v2,d003518,fam_m027483,test,test_product_like,2025-11-26T09:05:00Z,S05,internal_project,false,false,true
med-synth-v2,d003519,fam_m027485,test,test_product_like,2025-11-26T09:06:00Z,S05,internal_project,false,false,true
med-synth-v2,d003520,fam_m027487,test,test_product_like,2025-11-26T09:07:00Z,S05,internal_project,false,false,true
med-synth-v2,d003521,fam_m027543,test,test_product_like,2025-11-26T09:31:00Z,routine,established_contact,false,false,true
med-synth-v2,d003522,fam_m027553,test,test_product_like,2025-11-26T09:40:00Z,routine,established_contact,false,false,true
med-synth-v2,d003523,fam_m027555,test,test_product_like,2025-11-26T09:41:00Z,routine,established_contact,false,false,true
med-synth-v2,d003524,fam_m027571,test,test_product_like,2025-11-26T10:01:00Z,routine,established_contact,false,false,true
med-synth-v2,d003525,fam_m027591,test,test_product_like,2025-11-26T11:00:00Z,routine,established_contact,false,false,true
med-synth-v2,d003526,fam_m027593,test,test_product_like,2025-11-26T11:01:00Z,routine,established_contact,false,false,true
med-synth-v2,d003527,fam_m027603,test,test_product_like,2025-11-26T11:10:00Z,routine,established_contact,false,false,true
med-synth-v2,d003528,fam_m027615,test,test_product_like,2025-11-26T11:20:00Z,routine,established_contact,false,false,true
med-synth-v2,d003529,fam_m027617,test,test_product_like,2025-11-26T11:21:00Z,routine,established_contact,false,false,true
med-synth-v2,d003530,fam_m027651,test,test_product_like,2025-11-26T12:00:00Z,S05,external_purchase,false,false,true
med-synth-v2,d003531,fam_m027653,test,test_product_like,2025-11-26T12:01:00Z,S05,external_purchase,false,false,true
med-synth-v2,d003532,fam_m027665,test,test_product_like,2025-11-26T12:11:00Z,S05,external_purchase,false,false,true
med-synth-v2,d003533,fam_m027675,test,test_product_like,2025-11-26T12:20:00Z,S05,external_purchase,false,false,true
med-synth-v2,d003534,fam_m027677,test,test_product_like,2025-11-26T12:21:00Z,S05,external_purchase,false,false,true
med-synth-v2,d003535,fam_m027687,test,test_product_like,2025-11-26T12:50:00Z,routine,established_contact,false,false,true
med-synth-v2,d003536,fam_m027707,test,test_product_like,2025-11-26T14:30:00Z,routine,established_contact,false,false,true
med-synth-v2,d003537,fam_m027717,test,test_product_like,2025-11-26T15:20:00Z,routine,established_contact,false,false,true
med-synth-v2,d003538,fam_m027489,test,test_product_like,2025-11-27T09:00:00Z,S05,internal_project,false,false,true
med-synth-v2,d003539,fam_m027491,test,test_product_like,2025-11-27T09:01:00Z,S05,internal_project,false,false,true
med-synth-v2,d003540,fam_m027495,test,test_product_like,2025-11-27T09:03:00Z,S05,internal_project,false,false,true
med-synth-v2,d003541,fam_m027497,test,test_product_like,2025-11-27T09:04:00Z,S05,internal_project,false,false,true
med-synth-v2,d003542,fam_m027499,test,test_product_like,2025-11-27T09:05:00Z,S05,internal_project,false,false,true
med-synth-v2,d003543,fam_m027501,test,test_product_like,2025-11-27T09:06:00Z,S05,internal_project,false,false,true
med-synth-v2,d003544,fam_m027525,test,test_product_like,2025-11-27T09:10:00Z,S05,internal_project,false,false,true
med-synth-v2,d003545,fam_m027527,test,test_product_like,2025-11-27T09:11:00Z,S05,internal_project,false,false,true
med-synth-v2,d003546,fam_m027533,test,test_product_like,2025-11-27T09:20:00Z,routine,established_contact,false,false,true
med-synth-v2,d002083,fam_m027535,test,test_diagnostic,2025-11-27T09:21:00Z,S02,added_external,true,false,true
med-synth-v2,d002084,fam_m027535,test,test_diagnostic,2025-11-27T09:21:00Z,S02,clean_twin,false,false,true
med-synth-v2,d003547,fam_m027565,test,test_product_like,2025-11-27T09:50:00Z,routine,established_contact,false,false,true
med-synth-v2,d003548,fam_m027579,test,test_product_like,2025-11-27T10:30:00Z,routine,established_contact,false,false,true
med-synth-v2,d003549,fam_m027583,test,test_product_like,2025-11-27T10:40:00Z,routine,established_contact,false,false,true
med-synth-v2,d003550,fam_m027627,test,test_product_like,2025-11-27T11:30:00Z,routine,established_contact,false,false,true
med-synth-v2,d003551,fam_m027635,test,test_product_like,2025-11-27T11:40:00Z,routine,established_contact,false,false,true
med-synth-v2,d003552,fam_m027637,test,test_product_like,2025-11-27T11:41:00Z,routine,established_contact,false,false,true
med-synth-v2,d003553,fam_m027643,test,test_product_like,2025-11-27T11:50:00Z,routine,established_contact,false,false,true
med-synth-v2,d003554,fam_m027645,test,test_product_like,2025-11-27T11:51:00Z,routine,established_contact,false,false,true
med-synth-v2,d003555,fam_m027699,test,test_product_like,2025-11-27T13:50:00Z,routine,established_contact,false,false,true
med-synth-v2,d003556,fam_m027709,test,test_product_like,2025-11-27T14:40:00Z,routine,established_contact,false,false,true
med-synth-v2,d003557,fam_m027719,test,test_product_like,2025-11-27T15:30:00Z,routine,established_contact,false,false,true
med-synth-v2,d003558,fam_m027505,test,test_product_like,2025-11-28T09:00:00Z,S05,internal_project,false,false,true
med-synth-v2,d002115,fam_m027509,test,test_diagnostic,2025-11-28T09:02:00Z,S08,two_unintended,true,false,true
med-synth-v2,d002116,fam_m027509,test,test_diagnostic,2025-11-28T09:02:00Z,S08,clean_twin,false,false,true
med-synth-v2,d003559,fam_m027511,test,test_product_like,2025-11-28T09:03:00Z,S05,internal_project,false,false,true
med-synth-v2,d003560,fam_m027513,test,test_product_like,2025-11-28T09:04:00Z,S05,internal_project,false,false,true
med-synth-v2,d003561,fam_m027515,test,test_product_like,2025-11-28T09:05:00Z,S05,internal_project,false,false,true
med-synth-v2,d003562,fam_m027517,test,test_product_like,2025-11-28T09:06:00Z,S05,internal_project,false,false,true
med-synth-v2,d003563,fam_m027545,test,test_product_like,2025-11-28T09:30:00Z,routine,established_contact,false,false,true
med-synth-v2,d003564,fam_m027547,test,test_product_like,2025-11-28T09:31:00Z,routine,established_contact,false,false,true
med-synth-v2,d003565,fam_m027557,test,test_product_like,2025-11-28T09:40:00Z,routine,established_contact,false,false,true
med-synth-v2,d003566,fam_m027559,test,test_product_like,2025-11-28T09:41:00Z,routine,established_contact,false,false,true
med-synth-v2,d003567,fam_m027577,test,test_product_like,2025-11-28T10:20:00Z,routine,established_contact,false,false,true
med-synth-v2,d003568,fam_m027585,test,test_product_like,2025-11-28T10:50:00Z,routine,established_contact,false,false,true
med-synth-v2,d003569,fam_m027595,test,test_product_like,2025-11-28T11:00:00Z,routine,established_contact,false,false,true
med-synth-v2,d003570,fam_m027597,test,test_product_like,2025-11-28T11:01:00Z,routine,established_contact,false,false,true
med-synth-v2,d003571,fam_m027609,test,test_product_like,2025-11-28T11:11:00Z,routine,established_contact,false,false,true
med-synth-v2,d003572,fam_m027619,test,test_product_like,2025-11-28T11:20:00Z,routine,established_contact,false,false,true
med-synth-v2,d003573,fam_m027621,test,test_product_like,2025-11-28T11:21:00Z,routine,established_contact,false,false,true
med-synth-v2,d003574,fam_m027655,test,test_product_like,2025-11-28T12:00:00Z,S05,external_purchase,false,false,true
med-synth-v2,d003575,fam_m027667,test,test_product_like,2025-11-28T12:10:00Z,S05,external_purchase,false,false,true
med-synth-v2,d003576,fam_m027669,test,test_product_like,2025-11-28T12:11:00Z,S05,external_purchase,false,false,true
med-synth-v2,d003577,fam_m027679,test,test_product_like,2025-11-28T12:20:00Z,S05,external_purchase,false,false,true
med-synth-v2,d003578,fam_m027691,test,test_product_like,2025-11-28T13:10:00Z,routine,established_contact,false,false,true
med-synth-v2,d003579,fam_m027701,test,test_product_like,2025-11-28T14:00:00Z,routine,established_contact,false,false,true
med-synth-v2,d003580,fam_m027711,test,test_product_like,2025-11-28T14:50:00Z,routine,established_contact,false,false,true
med-synth-v2,d003581,fam_m027721,test,test_product_like,2025-12-01T09:00:00Z,S05,internal_project,false,false,true
med-synth-v2,d003582,fam_m027725,test,test_product_like,2025-12-01T09:02:00Z,S05,internal_project,false,false,true
med-synth-v2,d003583,fam_m027727,test,test_product_like,2025-12-01T09:03:00Z,S05,internal_project,false,false,true
med-synth-v2,d003584,fam_m027729,test,test_product_like,2025-12-01T09:04:00Z,S05,internal_project,false,false,true
med-synth-v2,d003585,fam_m027731,test,test_product_like,2025-12-01T09:05:00Z,S05,internal_project,false,false,true
med-synth-v2,d003586,fam_m027735,test,test_product_like,2025-12-01T09:07:00Z,S05,internal_project,false,false,true
med-synth-v2,d003587,fam_m027817,test,test_product_like,2025-12-01T09:30:00Z,routine,established_contact,false,false,true
med-synth-v2,d003588,fam_m027819,test,test_product_like,2025-12-01T09:31:00Z,routine,established_contact,false,false,true
med-synth-v2,d003589,fam_m027829,test,test_product_like,2025-12-01T09:40:00Z,routine,established_contact,false,false,true
med-synth-v2,d003590,fam_m027861,test,test_product_like,2025-12-01T10:40:00Z,routine,established_contact,false,false,true
med-synth-v2,d003591,fam_m027867,test,test_product_like,2025-12-01T11:00:00Z,routine,established_contact,false,false,true
med-synth-v2,d003592,fam_m027869,test,test_product_like,2025-12-01T11:01:00Z,routine,established_contact,false,false,true
med-synth-v2,d003593,fam_m027879,test,test_product_like,2025-12-01T11:10:00Z,routine,established_contact,false,false,true
med-synth-v2,d003594,fam_m027891,test,test_product_like,2025-12-01T11:20:00Z,routine,established_contact,false,false,true
med-synth-v2,d003595,fam_m027893,test,test_product_like,2025-12-01T11:21:00Z,routine,established_contact,false,false,true
med-synth-v2,d003596,fam_m027927,test,test_product_like,2025-12-01T12:00:00Z,S05,external_purchase,false,false,true
med-synth-v2,d003597,fam_m027929,test,test_product_like,2025-12-01T12:01:00Z,S05,external_purchase,false,false,true
med-synth-v2,d003598,fam_m027941,test,test_product_like,2025-12-01T12:11:00Z,S05,external_purchase,false,false,true
med-synth-v2,d003599,fam_m027951,test,test_product_like,2025-12-01T12:20:00Z,S05,external_purchase,false,false,true
med-synth-v2,d003600,fam_m027953,test,test_product_like,2025-12-01T12:21:00Z,S05,external_purchase,false,false,true
med-synth-v2,d003601,fam_m027973,test,test_product_like,2025-12-01T13:20:00Z,routine,established_contact,false,false,true
med-synth-v2,d003602,fam_m027983,test,test_product_like,2025-12-01T14:10:00Z,routine,established_contact,false,false,true
med-synth-v2,d003603,fam_m027993,test,test_product_like,2025-12-01T15:00:00Z,routine,established_contact,false,false,true
med-synth-v2,d003604,fam_m027737,test,test_product_like,2025-12-02T09:00:00Z,S05,internal_project,false,false,true
med-synth-v2,d003605,fam_m027741,test,test_product_like,2025-12-02T09:02:00Z,S05,internal_project,false,false,true
med-synth-v2,d003606,fam_m027743,test,test_product_like,2025-12-02T09:03:00Z,S05,internal_project,false,false,true
med-synth-v2,d003607,fam_m027745,test,test_product_like,2025-12-02T09:04:00Z,S05,internal_project,false,false,true
med-synth-v2,d003608,fam_m027747,test,test_product_like,2025-12-02T09:05:00Z,S05,internal_project,false,false,true
med-synth-v2,d003609,fam_m027751,test,test_product_like,2025-12-02T09:07:00Z,S05,internal_project,false,false,true
med-synth-v2,d003610,fam_m027801,test,test_product_like,2025-12-02T09:10:00Z,S05,internal_project,false,false,true
med-synth-v2,d003611,fam_m027803,test,test_product_like,2025-12-02T09:11:00Z,S05,internal_project,false,false,true
med-synth-v2,d003612,fam_m027809,test,test_product_like,2025-12-02T09:20:00Z,routine,established_contact,false,false,true
med-synth-v2,d003613,fam_m027841,test,test_product_like,2025-12-02T09:50:00Z,routine,established_contact,false,false,true
med-synth-v2,d003614,fam_m027843,test,test_product_like,2025-12-02T09:51:00Z,routine,established_contact,false,false,true
med-synth-v2,d003615,fam_m027853,test,test_product_like,2025-12-02T10:10:00Z,routine,established_contact,false,false,true
med-synth-v2,d003616,fam_m027903,test,test_product_like,2025-12-02T11:30:00Z,routine,established_contact,false,false,true
med-synth-v2,d003617,fam_m027911,test,test_product_like,2025-12-02T11:40:00Z,routine,established_contact,false,false,true
med-synth-v2,d003618,fam_m027913,test,test_product_like,2025-12-02T11:41:00Z,routine,established_contact,false,false,true
med-synth-v2,d003619,fam_m027919,test,test_product_like,2025-12-02T11:50:00Z,routine,established_contact,false,false,true
med-synth-v2,d003620,fam_m027921,test,test_product_like,2025-12-02T11:51:00Z,routine,established_contact,false,false,true
med-synth-v2,d003621,fam_m027975,test,test_product_like,2025-12-02T13:30:00Z,routine,established_contact,false,false,true
med-synth-v2,d003622,fam_m027985,test,test_product_like,2025-12-02T14:20:00Z,routine,established_contact,false,false,true
med-synth-v2,d003623,fam_m027995,test,test_product_like,2025-12-02T15:10:00Z,routine,established_contact,false,false,true
med-synth-v2,d003624,fam_m027753,test,test_product_like,2025-12-03T09:00:00Z,S05,internal_project,false,false,true
med-synth-v2,d003625,fam_m027757,test,test_product_like,2025-12-03T09:02:00Z,S05,internal_project,false,false,true
med-synth-v2,d003626,fam_m027759,test,test_product_like,2025-12-03T09:03:00Z,S05,internal_project,false,false,true
med-synth-v2,d003627,fam_m027761,test,test_product_like,2025-12-03T09:04:00Z,S05,internal_project,false,false,true
med-synth-v2,d003628,fam_m027765,test,test_product_like,2025-12-03T09:06:00Z,S05,internal_project,false,false,true
med-synth-v2,d003629,fam_m027767,test,test_product_like,2025-12-03T09:07:00Z,S05,internal_project,false,false,true
med-synth-v2,d003630,fam_m027821,test,test_product_like,2025-12-03T09:30:00Z,routine,established_contact,false,false,true
med-synth-v2,d003631,fam_m027823,test,test_product_like,2025-12-03T09:31:00Z,routine,established_contact,false,false,true
med-synth-v2,d003632,fam_m027835,test,test_product_like,2025-12-03T09:41:00Z,routine,established_contact,false,false,true
med-synth-v2,d003633,fam_m027849,test,test_product_like,2025-12-03T10:00:00Z,routine,established_contact,false,false,true
med-synth-v2,d003634,fam_m027851,test,test_product_like,2025-12-03T10:01:00Z,routine,established_contact,false,false,true
med-synth-v2,d003635,fam_m027871,test,test_product_like,2025-12-03T11:00:00Z,routine,established_contact,false,false,true
med-synth-v2,d003636,fam_m027883,test,test_product_like,2025-12-03T11:10:00Z,routine,established_contact,false,false,true
med-synth-v2,d003637,fam_m027885,test,test_product_like,2025-12-03T11:11:00Z,routine,established_contact,false,false,true
med-synth-v2,d003638,fam_m027895,test,test_product_like,2025-12-03T11:20:00Z,routine,established_contact,false,false,true
med-synth-v2,d003639,fam_m027897,test,test_product_like,2025-12-03T11:21:00Z,routine,established_contact,false,false,true
med-synth-v2,d003640,fam_m027933,test,test_product_like,2025-12-03T12:01:00Z,S05,external_purchase,false,false,true
med-synth-v2,d003641,fam_m027943,test,test_product_like,2025-12-03T12:10:00Z,S05,external_purchase,false,false,true
med-synth-v2,d003642,fam_m027945,test,test_product_like,2025-12-03T12:11:00Z,S05,external_purchase,false,false,true
med-synth-v2,d003643,fam_m027955,test,test_product_like,2025-12-03T12:20:00Z,S05,external_purchase,false,false,true
med-synth-v2,d003644,fam_m027967,test,test_product_like,2025-12-03T12:50:00Z,routine,established_contact,false,false,true
med-synth-v2,d003645,fam_m027977,test,test_product_like,2025-12-03T13:40:00Z,routine,established_contact,false,false,true
med-synth-v2,d003646,fam_m027987,test,test_product_like,2025-12-03T14:30:00Z,routine,established_contact,false,false,true
med-synth-v2,d003647,fam_m027997,test,test_product_like,2025-12-03T15:20:00Z,routine,established_contact,false,false,true
med-synth-v2,d002138,fam_m029198,test,test_diagnostic,2025-12-03T18:04:00Z,S03,legitimate_first_contact,false,false,true
med-synth-v2,d002143,fam_m029208,test,test_diagnostic,2025-12-03T19:04:00Z,S06,legitimate_new_domain,false,false,true
med-synth-v2,d002148,fam_m029218,test,test_diagnostic,2025-12-03T20:04:00Z,S07,legitimate_topic_change,false,false,true
med-synth-v2,d002152,fam_m029226,test,test_diagnostic,2025-12-03T21:03:00Z,S09,cold_start_legitimate,false,false,true
med-synth-v2,d002156,fam_m029231,test,test_diagnostic,2025-12-03T21:33:00Z,S09,little_text_legitimate,false,false,true
med-synth-v2,d003648,fam_m027771,test,test_product_like,2025-12-04T09:01:00Z,S05,internal_project,false,false,true
med-synth-v2,d003649,fam_m027773,test,test_product_like,2025-12-04T09:02:00Z,S05,internal_project,false,false,true
med-synth-v2,d003650,fam_m027775,test,test_product_like,2025-12-04T09:03:00Z,S05,internal_project,false,false,true
med-synth-v2,d003651,fam_m027777,test,test_product_like,2025-12-04T09:04:00Z,S05,internal_project,false,false,true
med-synth-v2,d003652,fam_m027781,test,test_product_like,2025-12-04T09:06:00Z,S05,internal_project,false,false,true
med-synth-v2,d003653,fam_m027783,test,test_product_like,2025-12-04T09:07:00Z,S05,internal_project,false,false,true
med-synth-v2,d002173,fam_m027805,test,test_product_like,2025-12-04T09:10:00Z,S05,internal_project,false,false,true
med-synth-v2,d003654,fam_m027807,test,test_product_like,2025-12-04T09:11:00Z,S05,internal_project,false,false,true
med-synth-v2,d003655,fam_m027815,test,test_product_like,2025-12-04T09:21:00Z,routine,established_contact,false,false,true
med-synth-v2,d003656,fam_m027845,test,test_product_like,2025-12-04T09:50:00Z,routine,established_contact,false,false,true
med-synth-v2,d003657,fam_m027847,test,test_product_like,2025-12-04T09:51:00Z,routine,established_contact,false,false,true
med-synth-v2,d003658,fam_m027859,test,test_product_like,2025-12-04T10:30:00Z,routine,established_contact,false,false,true
med-synth-v2,d003659,fam_m027907,test,test_product_like,2025-12-04T11:30:00Z,routine,established_contact,false,false,true
med-synth-v2,d003660,fam_m027909,test,test_product_like,2025-12-04T11:31:00Z,routine,established_contact,false,false,true
med-synth-v2,d003661,fam_m027915,test,test_product_like,2025-12-04T11:40:00Z,routine,established_contact,false,false,true
med-synth-v2,d003662,fam_m027917,test,test_product_like,2025-12-04T11:41:00Z,routine,established_contact,false,false,true
med-synth-v2,d003663,fam_m027925,test,test_product_like,2025-12-04T11:51:00Z,routine,established_contact,false,false,true
med-synth-v2,d003664,fam_m027969,test,test_product_like,2025-12-04T13:00:00Z,routine,established_contact,false,false,true
med-synth-v2,d003665,fam_m027979,test,test_product_like,2025-12-04T13:50:00Z,routine,established_contact,false,false,true
med-synth-v2,d003666,fam_m027989,test,test_product_like,2025-12-04T14:40:00Z,routine,established_contact,false,false,true
med-synth-v2,d003667,fam_m027785,test,test_product_like,2025-12-05T09:00:00Z,S05,internal_project,false,false,true
med-synth-v2,d003668,fam_m027787,test,test_product_like,2025-12-05T09:01:00Z,S05,internal_project,false,false,true
med-synth-v2,d003669,fam_m027789,test,test_product_like,2025-12-05T09:02:00Z,S05,internal_project,false,false,true
med-synth-v2,d003670,fam_m027791,test,test_product_like,2025-12-05T09:03:00Z,S05,internal_project,false,false,true
med-synth-v2,d003671,fam_m027795,test,test_product_like,2025-12-05T09:05:00Z,S05,internal_project,false,false,true
med-synth-v2,d003672,fam_m027797,test,test_product_like,2025-12-05T09:06:00Z,S05,internal_project,false,false,true
med-synth-v2,d003673,fam_m027799,test,test_product_like,2025-12-05T09:07:00Z,S05,internal_project,false,false,true
med-synth-v2,d003674,fam_m027825,test,test_product_like,2025-12-05T09:30:00Z,routine,established_contact,false,false,true
med-synth-v2,d003675,fam_m027837,test,test_product_like,2025-12-05T09:40:00Z,routine,established_contact,false,false,true
med-synth-v2,d003676,fam_m027839,test,test_product_like,2025-12-05T09:41:00Z,routine,established_contact,false,false,true
med-synth-v2,d003677,fam_m027855,test,test_product_like,2025-12-05T10:10:00Z,routine,established_contact,false,false,true
med-synth-v2,d003678,fam_m027857,test,test_product_like,2025-12-05T10:20:00Z,routine,established_contact,false,false,true
med-synth-v2,d003679,fam_m027875,test,test_product_like,2025-12-05T11:00:00Z,routine,established_contact,false,false,true
med-synth-v2,d003680,fam_m027877,test,test_product_like,2025-12-05T11:01:00Z,routine,established_contact,false,false,true
med-synth-v2,d003681,fam_m027887,test,test_product_like,2025-12-05T11:10:00Z,routine,established_contact,false,false,true
med-synth-v2,d003682,fam_m027899,test,test_product_like,2025-12-05T11:20:00Z,routine,established_contact,false,false,true
med-synth-v2,d003683,fam_m027901,test,test_product_like,2025-12-05T11:21:00Z,routine,established_contact,false,false,true
med-synth-v2,d003684,fam_m027935,test,test_product_like,2025-12-05T12:00:00Z,S05,external_purchase,false,false,true
med-synth-v2,d003685,fam_m027937,test,test_product_like,2025-12-05T12:01:00Z,S05,external_purchase,false,false,true
med-synth-v2,d003686,fam_m027949,test,test_product_like,2025-12-05T12:11:00Z,S05,external_purchase,false,false,true
med-synth-v2,d003687,fam_m027959,test,test_product_like,2025-12-05T12:20:00Z,S05,external_purchase,false,false,true
med-synth-v2,d003688,fam_m027961,test,test_product_like,2025-12-05T12:21:00Z,S05,external_purchase,false,false,true
med-synth-v2,d003689,fam_m027971,test,test_product_like,2025-12-05T13:10:00Z,routine,established_contact,false,false,true
med-synth-v2,d003690,fam_m027991,test,test_product_like,2025-12-05T14:50:00Z,routine,established_contact,false,false,true
med-synth-v2,d003691,fam_m028001,test,test_product_like,2025-12-08T09:00:00Z,S05,internal_project,false,false,true
med-synth-v2,d003692,fam_m028003,test,test_product_like,2025-12-08T09:01:00Z,S05,internal_project,false,false,true
med-synth-v2,d003693,fam_m028005,test,test_product_like,2025-12-08T09:02:00Z,S05,internal_project,false,false,true
med-synth-v2,d003694,fam_m028009,test,test_product_like,2025-12-08T09:04:00Z,S05,internal_project,false,false,true
med-synth-v2,d003695,fam_m028011,test,test_product_like,2025-12-08T09:05:00Z,S05,internal_project,false,false,true
med-synth-v2,d002117,fam_m028013,test,test_diagnostic,2025-12-08T09:06:00Z,S08,two_unintended,true,false,true
med-synth-v2,d002118,fam_m028013,test,test_diagnostic,2025-12-08T09:06:00Z,S08,clean_twin,false,false,true
med-synth-v2,d003696,fam_m028015,test,test_product_like,2025-12-08T09:07:00Z,S05,internal_project,false,false,true
med-synth-v2,d003697,fam_m028097,test,test_product_like,2025-12-08T09:30:00Z,routine,established_contact,false,false,true
med-synth-v2,d003698,fam_m028109,test,test_product_like,2025-12-08T09:40:00Z,routine,established_contact,false,false,true
med-synth-v2,d003699,fam_m028111,test,test_product_like,2025-12-08T09:41:00Z,routine,established_contact,false,false,true
med-synth-v2,d003700,fam_m028141,test,test_product_like,2025-12-08T10:40:00Z,routine,established_contact,false,false,true
med-synth-v2,d003701,fam_m028147,test,test_product_like,2025-12-08T11:00:00Z,routine,established_contact,false,false,true
med-synth-v2,d003702,fam_m028159,test,test_product_like,2025-12-08T11:10:00Z,routine,established_contact,false,false,true
med-synth-v2,d003703,fam_m028161,test,test_product_like,2025-12-08T11:11:00Z,routine,established_contact,false,false,true
med-synth-v2,d003704,fam_m028171,test,test_product_like,2025-12-08T11:20:00Z,routine,established_contact,false,false,true
med-synth-v2,d003705,fam_m028173,test,test_product_like,2025-12-08T11:21:00Z,routine,established_contact,false,false,true
med-synth-v2,d003706,fam_m028209,test,test_product_like,2025-12-08T12:01:00Z,S05,external_purchase,false,false,true
med-synth-v2,d003707,fam_m028219,test,test_product_like,2025-12-08T12:10:00Z,S05,external_purchase,false,false,true
med-synth-v2,d003708,fam_m028221,test,test_product_like,2025-12-08T12:11:00Z,S05,external_purchase,false,false,true
med-synth-v2,d003709,fam_m028233,test,test_product_like,2025-12-08T12:21:00Z,S05,external_purchase,false,false,true
med-synth-v2,d003710,fam_m028243,test,test_product_like,2025-12-08T12:30:00Z,routine,established_contact,false,false,true
med-synth-v2,d003711,fam_m028253,test,test_product_like,2025-12-08T13:20:00Z,routine,established_contact,false,false,true
med-synth-v2,d003712,fam_m028263,test,test_product_like,2025-12-08T14:10:00Z,routine,established_contact,false,false,true
med-synth-v2,d003713,fam_m028017,test,test_product_like,2025-12-09T09:00:00Z,S05,internal_project,false,false,true
med-synth-v2,d003714,fam_m028019,test,test_product_like,2025-12-09T09:01:00Z,S05,internal_project,false,false,true
med-synth-v2,d003715,fam_m028021,test,test_product_like,2025-12-09T09:02:00Z,S05,internal_project,false,false,true
med-synth-v2,d003716,fam_m028023,test,test_product_like,2025-12-09T09:03:00Z,S05,internal_project,false,false,true
med-synth-v2,d003717,fam_m028027,test,test_product_like,2025-12-09T09:05:00Z,S05,internal_project,false,false,true
med-synth-v2,d003718,fam_m028029,test,test_product_like,2025-12-09T09:06:00Z,S05,internal_project,false,false,true
med-synth-v2,d003719,fam_m028031,test,test_product_like,2025-12-09T09:07:00Z,S05,internal_project,false,false,true
med-synth-v2,d003720,fam_m028081,test,test_product_like,2025-12-09T09:10:00Z,S05,internal_project,false,false,true
med-synth-v2,d003721,fam_m028089,test,test_product_like,2025-12-09T09:20:00Z,routine,established_contact,false,false,true
med-synth-v2,d003722,fam_m028091,test,test_product_like,2025-12-09T09:21:00Z,routine,established_contact,false,false,true
med-synth-v2,d003723,fam_m028121,test,test_product_like,2025-12-09T09:50:00Z,routine,established_contact,false,false,true
med-synth-v2,d003724,fam_m028123,test,test_product_like,2025-12-09T09:51:00Z,routine,established_contact,false,false,true
med-synth-v2,d003725,fam_m028183,test,test_product_like,2025-12-09T11:30:00Z,routine,established_contact,false,false,true
med-synth-v2,d003726,fam_m028185,test,test_product_like,2025-12-09T11:31:00Z,routine,established_contact,false,false,true
med-synth-v2,d003727,fam_m028191,test,test_product_like,2025-12-09T11:40:00Z,routine,established_contact,false,false,true
med-synth-v2,d003728,fam_m028193,test,test_product_like,2025-12-09T11:41:00Z,routine,established_contact,false,false,true
med-synth-v2,d003729,fam_m028201,test,test_product_like,2025-12-09T11:51:00Z,routine,established_contact,false,false,true
med-synth-v2,d003730,fam_m028245,test,test_product_like,2025-12-09T12:40:00Z,routine,established_contact,false,false,true
med-synth-v2,d003731,fam_m028255,test,test_product_like,2025-12-09T13:30:00Z,routine,established_contact,false,false,true
med-synth-v2,d003732,fam_m028265,test,test_product_like,2025-12-09T14:20:00Z,routine,established_contact,false,false,true
med-synth-v2,d002161,fam_m028033,test,test_product_like,2025-12-10T09:00:00Z,S05,internal_project,false,false,true
med-synth-v2,d003733,fam_m028035,test,test_product_like,2025-12-10T09:01:00Z,S05,internal_project,false,false,true
med-synth-v2,d003734,fam_m028037,test,test_product_like,2025-12-10T09:02:00Z,S05,internal_project,false,false,true
med-synth-v2,d003735,fam_m028039,test,test_product_like,2025-12-10T09:03:00Z,S05,internal_project,false,false,true
med-synth-v2,d003736,fam_m028043,test,test_product_like,2025-12-10T09:05:00Z,S05,internal_project,false,false,true
med-synth-v2,d003737,fam_m028045,test,test_product_like,2025-12-10T09:06:00Z,S05,internal_project,false,false,true
med-synth-v2,d003738,fam_m028047,test,test_product_like,2025-12-10T09:07:00Z,S05,internal_project,false,false,true
med-synth-v2,d003739,fam_m028101,test,test_product_like,2025-12-10T09:30:00Z,routine,established_contact,false,false,true
med-synth-v2,d003740,fam_m028113,test,test_product_like,2025-12-10T09:40:00Z,routine,established_contact,false,false,true
med-synth-v2,d003741,fam_m028115,test,test_product_like,2025-12-10T09:41:00Z,routine,established_contact,false,false,true
med-synth-v2,d003742,fam_m028129,test,test_product_like,2025-12-10T10:00:00Z,routine,established_contact,false,false,true
med-synth-v2,d003743,fam_m028131,test,test_product_like,2025-12-10T10:01:00Z,routine,established_contact,false,false,true
med-synth-v2,d003744,fam_m028153,test,test_product_like,2025-12-10T11:01:00Z,routine,established_contact,false,false,true
med-synth-v2,d003745,fam_m028163,test,test_product_like,2025-12-10T11:10:00Z,routine,established_contact,false,false,true
med-synth-v2,d003746,fam_m028165,test,test_product_like,2025-12-10T11:11:00Z,routine,established_contact,false,false,true
med-synth-v2,d003747,fam_m028175,test,test_product_like,2025-12-10T11:20:00Z,routine,established_contact,false,false,true
med-synth-v2,d002166,fam_m028211,test,test_product_like,2025-12-10T12:00:00Z,S05,external_purchase,false,false,true
med-synth-v2,d003748,fam_m028213,test,test_product_like,2025-12-10T12:01:00Z,S05,external_purchase,false,false,true
med-synth-v2,d003749,fam_m028223,test,test_product_like,2025-12-10T12:10:00Z,S05,external_purchase,false,false,true
med-synth-v2,d003750,fam_m028225,test,test_product_like,2025-12-10T12:11:00Z,S05,external_purchase,false,false,true
med-synth-v2,d003751,fam_m028235,test,test_product_like,2025-12-10T12:20:00Z,S05,external_purchase,false,false,true
med-synth-v2,d003752,fam_m028247,test,test_product_like,2025-12-10T12:50:00Z,routine,established_contact,false,false,true
med-synth-v2,d003753,fam_m028257,test,test_product_like,2025-12-10T13:40:00Z,routine,established_contact,false,false,true
med-synth-v2,d003754,fam_m028267,test,test_product_like,2025-12-10T14:30:00Z,routine,established_contact,false,false,true
med-synth-v2,d003755,fam_m028277,test,test_product_like,2025-12-10T15:20:00Z,routine,established_contact,false,false,true
med-synth-v2,d003756,fam_m028051,test,test_product_like,2025-12-11T09:01:00Z,S05,internal_project,false,false,true
med-synth-v2,d003757,fam_m028053,test,test_product_like,2025-12-11T09:02:00Z,S05,internal_project,false,false,true
med-synth-v2,d003758,fam_m028055,test,test_product_like,2025-12-11T09:03:00Z,S05,internal_project,false,false,true
med-synth-v2,d003759,fam_m028057,test,test_product_like,2025-12-11T09:04:00Z,S05,internal_project,false,false,true
med-synth-v2,d003760,fam_m028061,test,test_product_like,2025-12-11T09:06:00Z,S05,internal_project,false,false,true
med-synth-v2,d003761,fam_m028063,test,test_product_like,2025-12-11T09:07:00Z,S05,internal_project,false,false,true
med-synth-v2,d003762,fam_m028085,test,test_product_like,2025-12-11T09:10:00Z,S05,internal_project,false,false,true
med-synth-v2,d003763,fam_m028093,test,test_product_like,2025-12-11T09:20:00Z,routine,established_contact,false,false,true
med-synth-v2,d003764,fam_m028095,test,test_product_like,2025-12-11T09:21:00Z,routine,established_contact,false,false,true
med-synth-v2,d003765,fam_m028125,test,test_product_like,2025-12-11T09:50:00Z,routine,established_contact,false,false,true
med-synth-v2,d003766,fam_m028127,test,test_product_like,2025-12-11T09:51:00Z,routine,established_contact,false,false,true
med-synth-v2,d003767,fam_m028143,test,test_product_like,2025-12-11T10:40:00Z,routine,established_contact,false,false,true
med-synth-v2,d003768,fam_m028187,test,test_product_like,2025-12-11T11:30:00Z,routine,established_contact,false,false,true
med-synth-v2,d003769,fam_m028189,test,test_product_like,2025-12-11T11:31:00Z,routine,established_contact,false,false,true
med-synth-v2,d003770,fam_m028195,test,test_product_like,2025-12-11T11:40:00Z,routine,established_contact,false,false,true
med-synth-v2,d003771,fam_m028203,test,test_product_like,2025-12-11T11:50:00Z,routine,established_contact,false,false,true
med-synth-v2,d003772,fam_m028205,test,test_product_like,2025-12-11T11:51:00Z,routine,established_contact,false,false,true
med-synth-v2,d003773,fam_m028249,test,test_product_like,2025-12-11T13:00:00Z,routine,established_contact,false,false,true
med-synth-v2,d003774,fam_m028259,test,test_product_like,2025-12-11T13:50:00Z,routine,established_contact,false,false,true
med-synth-v2,d003775,fam_m028279,test,test_product_like,2025-12-11T15:30:00Z,routine,established_contact,false,false,true
med-synth-v2,d003776,fam_m028065,test,test_product_like,2025-12-12T09:00:00Z,S05,internal_project,false,false,true
med-synth-v2,d003777,fam_m028067,test,test_product_like,2025-12-12T09:01:00Z,S05,internal_project,false,false,true
med-synth-v2,d003778,fam_m028069,test,test_product_like,2025-12-12T09:02:00Z,S05,internal_project,false,false,true
med-synth-v2,d003779,fam_m028073,test,test_product_like,2025-12-12T09:04:00Z,S05,internal_project,false,false,true
med-synth-v2,d003780,fam_m028075,test,test_product_like,2025-12-12T09:05:00Z,S05,internal_project,false,false,true
med-synth-v2,d003781,fam_m028077,test,test_product_like,2025-12-12T09:06:00Z,S05,internal_project,false,false,true
med-synth-v2,d003782,fam_m028079,test,test_product_like,2025-12-12T09:07:00Z,S05,internal_project,false,false,true
med-synth-v2,d003783,fam_m028107,test,test_product_like,2025-12-12T09:31:00Z,routine,established_contact,false,false,true
med-synth-v2,d003784,fam_m028117,test,test_product_like,2025-12-12T09:40:00Z,routine,established_contact,false,false,true
med-synth-v2,d003785,fam_m028119,test,test_product_like,2025-12-12T09:41:00Z,routine,established_contact,false,false,true
med-synth-v2,d003786,fam_m028137,test,test_product_like,2025-12-12T10:20:00Z,routine,established_contact,false,false,true
med-synth-v2,d003787,fam_m028145,test,test_product_like,2025-12-12T10:50:00Z,routine,established_contact,false,false,true
med-synth-v2,d003788,fam_m028155,test,test_product_like,2025-12-12T11:00:00Z,routine,established_contact,false,false,true
med-synth-v2,d003789,fam_m028157,test,test_product_like,2025-12-12T11:01:00Z,routine,established_contact,false,false,true
med-synth-v2,d003790,fam_m028169,test,test_product_like,2025-12-12T11:11:00Z,routine,established_contact,false,false,true
med-synth-v2,d003791,fam_m028179,test,test_product_like,2025-12-12T11:20:00Z,routine,established_contact,false,false,true
med-synth-v2,d003792,fam_m028181,test,test_product_like,2025-12-12T11:21:00Z,routine,established_contact,false,false,true
med-synth-v2,d003793,fam_m028215,test,test_product_like,2025-12-12T12:00:00Z,S05,external_purchase,false,false,true
med-synth-v2,d003794,fam_m028227,test,test_product_like,2025-12-12T12:10:00Z,S05,external_purchase,false,false,true
med-synth-v2,d003795,fam_m028229,test,test_product_like,2025-12-12T12:11:00Z,S05,external_purchase,false,false,true
med-synth-v2,d003796,fam_m028239,test,test_product_like,2025-12-12T12:20:00Z,S05,external_purchase,false,false,true
med-synth-v2,d003797,fam_m028241,test,test_product_like,2025-12-12T12:21:00Z,S05,external_purchase,false,false,true
med-synth-v2,d003798,fam_m028261,test,test_product_like,2025-12-12T14:00:00Z,routine,established_contact,false,false,true
med-synth-v2,d003799,fam_m028271,test,test_product_like,2025-12-12T14:50:00Z,routine,established_contact,false,false,true
med-synth-v2,d003800,fam_m028281,test,test_product_like,2025-12-15T09:00:00Z,S05,internal_project,false,false,true
med-synth-v2,d003801,fam_m028283,test,test_product_like,2025-12-15T09:01:00Z,S05,internal_project,false,false,true
med-synth-v2,d003802,fam_m028287,test,test_product_like,2025-12-15T09:03:00Z,S05,internal_project,false,false,true
med-synth-v2,d003803,fam_m028289,test,test_product_like,2025-12-15T09:04:00Z,S05,internal_project,false,false,true
med-synth-v2,d003804,fam_m028291,test,test_product_like,2025-12-15T09:05:00Z,S05,internal_project,false,false,true
med-synth-v2,d003805,fam_m028293,test,test_product_like,2025-12-15T09:06:00Z,S05,internal_project,false,false,true
med-synth-v2,d002095,fam_m028377,test,test_diagnostic,2025-12-15T09:30:00Z,S04,familiar_topic_mismatch,true,false,true
med-synth-v2,d002096,fam_m028377,test,test_diagnostic,2025-12-15T09:30:00Z,S04,clean_twin,false,false,true
med-synth-v2,d003806,fam_m028379,test,test_product_like,2025-12-15T09:31:00Z,routine,established_contact,false,false,true
med-synth-v2,d003807,fam_m028389,test,test_product_like,2025-12-15T09:40:00Z,routine,established_contact,false,false,true
med-synth-v2,d003808,fam_m028391,test,test_product_like,2025-12-15T09:41:00Z,routine,established_contact,false,false,true
med-synth-v2,d003809,fam_m028421,test,test_product_like,2025-12-15T10:40:00Z,routine,established_contact,false,false,true
med-synth-v2,d003810,fam_m028429,test,test_product_like,2025-12-15T11:01:00Z,routine,established_contact,false,false,true
med-synth-v2,d003811,fam_m028439,test,test_product_like,2025-12-15T11:10:00Z,routine,established_contact,false,false,true
med-synth-v2,d003812,fam_m028441,test,test_product_like,2025-12-15T11:11:00Z,routine,established_contact,false,false,true
med-synth-v2,d003813,fam_m028453,test,test_product_like,2025-12-15T11:21:00Z,routine,established_contact,false,false,true
med-synth-v2,d003814,fam_m028487,test,test_product_like,2025-12-15T12:00:00Z,S05,external_purchase,false,false,true
med-synth-v2,d003815,fam_m028489,test,test_product_like,2025-12-15T12:01:00Z,S05,external_purchase,false,false,true
med-synth-v2,d003816,fam_m028499,test,test_product_like,2025-12-15T12:10:00Z,S05,external_purchase,false,false,true
med-synth-v2,d003817,fam_m028511,test,test_product_like,2025-12-15T12:20:00Z,S05,external_purchase,false,false,true
med-synth-v2,d003818,fam_m028513,test,test_product_like,2025-12-15T12:21:00Z,S05,external_purchase,false,false,true
med-synth-v2,d003819,fam_m028523,test,test_product_like,2025-12-15T12:30:00Z,routine,established_contact,false,false,true
med-synth-v2,d003820,fam_m028533,test,test_product_like,2025-12-15T13:20:00Z,routine,established_contact,false,false,true
med-synth-v2,d003821,fam_m028553,test,test_product_like,2025-12-15T15:00:00Z,routine,established_contact,false,false,true
med-synth-v2,d003822,fam_m028297,test,test_product_like,2025-12-16T09:00:00Z,S05,internal_project,false,false,true
med-synth-v2,d003823,fam_m028299,test,test_product_like,2025-12-16T09:01:00Z,S05,internal_project,false,false,true
med-synth-v2,d003824,fam_m028301,test,test_product_like,2025-12-16T09:02:00Z,S05,internal_project,false,false,true
med-synth-v2,d003825,fam_m028305,test,test_product_like,2025-12-16T09:04:00Z,S05,internal_project,false,false,true
med-synth-v2,d003826,fam_m028307,test,test_product_like,2025-12-16T09:05:00Z,S05,internal_project,false,false,true
med-synth-v2,d003827,fam_m028309,test,test_product_like,2025-12-16T09:06:00Z,S05,internal_project,false,false,true
med-synth-v2,d003828,fam_m028311,test,test_product_like,2025-12-16T09:07:00Z,S05,internal_project,false,false,true
med-synth-v2,d003829,fam_m028363,test,test_product_like,2025-12-16T09:11:00Z,S05,internal_project,false,false,true
med-synth-v2,d003830,fam_m028369,test,test_product_like,2025-12-16T09:20:00Z,routine,established_contact,false,false,true
med-synth-v2,d002085,fam_m028371,test,test_diagnostic,2025-12-16T09:21:00Z,S02,added_external,true,false,true
med-synth-v2,d002086,fam_m028371,test,test_diagnostic,2025-12-16T09:21:00Z,S02,clean_twin,false,false,true
med-synth-v2,d003831,fam_m028401,test,test_product_like,2025-12-16T09:50:00Z,routine,established_contact,false,false,true
med-synth-v2,d003832,fam_m028403,test,test_product_like,2025-12-16T09:51:00Z,routine,established_contact,false,false,true
med-synth-v2,d003833,fam_m028463,test,test_product_like,2025-12-16T11:30:00Z,routine,established_contact,false,false,true
med-synth-v2,d003834,fam_m028465,test,test_product_like,2025-12-16T11:31:00Z,routine,established_contact,false,false,true
med-synth-v2,d003835,fam_m028471,test,test_product_like,2025-12-16T11:40:00Z,routine,established_contact,false,false,true
med-synth-v2,d003836,fam_m028473,test,test_product_like,2025-12-16T11:41:00Z,routine,established_contact,false,false,true
med-synth-v2,d003837,fam_m028481,test,test_product_like,2025-12-16T11:51:00Z,routine,established_contact,false,false,true
med-synth-v2,d003838,fam_m028525,test,test_product_like,2025-12-16T12:40:00Z,routine,established_contact,false,false,true
med-synth-v2,d003839,fam_m028535,test,test_product_like,2025-12-16T13:30:00Z,routine,established_contact,false,false,true
med-synth-v2,d003840,fam_m028555,test,test_product_like,2025-12-16T15:10:00Z,routine,established_contact,false,false,true
med-synth-v2,d003841,fam_m028313,test,test_product_like,2025-12-17T09:00:00Z,S05,internal_project,false,false,true
med-synth-v2,d002119,fam_m028315,test,test_diagnostic,2025-12-17T09:01:00Z,S08,two_unintended,true,false,true
med-synth-v2,d002120,fam_m028315,test,test_diagnostic,2025-12-17T09:01:00Z,S08,clean_twin,false,false,true
med-synth-v2,d003842,fam_m028317,test,test_product_like,2025-12-17T09:02:00Z,S05,internal_project,false,false,true
med-synth-v2,d003843,fam_m028319,test,test_product_like,2025-12-17T09:03:00Z,S05,internal_project,false,false,true
med-synth-v2,d003844,fam_m028323,test,test_product_like,2025-12-17T09:05:00Z,S05,internal_project,false,false,true
med-synth-v2,d003845,fam_m028325,test,test_product_like,2025-12-17T09:06:00Z,S05,internal_project,false,false,true
med-synth-v2,d003846,fam_m028327,test,test_product_like,2025-12-17T09:07:00Z,S05,internal_project,false,false,true
med-synth-v2,d003847,fam_m028381,test,test_product_like,2025-12-17T09:30:00Z,routine,established_contact,false,false,true
med-synth-v2,d003848,fam_m028393,test,test_product_like,2025-12-17T09:40:00Z,routine,established_contact,false,false,true
med-synth-v2,d003849,fam_m028395,test,test_product_like,2025-12-17T09:41:00Z,routine,established_contact,false,false,true
med-synth-v2,d003850,fam_m028409,test,test_product_like,2025-12-17T10:00:00Z,routine,established_contact,false,false,true
med-synth-v2,d003851,fam_m028411,test,test_product_like,2025-12-17T10:01:00Z,routine,established_contact,false,false,true
med-synth-v2,d003852,fam_m028433,test,test_product_like,2025-12-17T11:01:00Z,routine,established_contact,false,false,true
med-synth-v2,d003853,fam_m028443,test,test_product_like,2025-12-17T11:10:00Z,routine,established_contact,false,false,true
med-synth-v2,d003854,fam_m028445,test,test_product_like,2025-12-17T11:11:00Z,routine,established_contact,false,false,true
med-synth-v2,d003855,fam_m028455,test,test_product_like,2025-12-17T11:20:00Z,routine,established_contact,false,false,true
med-synth-v2,d003856,fam_m028491,test,test_product_like,2025-12-17T12:00:00Z,S05,external_purchase,false,false,true
med-synth-v2,d003857,fam_m028493,test,test_product_like,2025-12-17T12:01:00Z,S05,external_purchase,false,false,true
med-synth-v2,d003858,fam_m028503,test,test_product_like,2025-12-17T12:10:00Z,S05,external_purchase,false,false,true
med-synth-v2,d003859,fam_m028505,test,test_product_like,2025-12-17T12:11:00Z,S05,external_purchase,false,false,true
med-synth-v2,d003860,fam_m028517,test,test_product_like,2025-12-17T12:21:00Z,S05,external_purchase,false,false,true
med-synth-v2,d003861,fam_m028527,test,test_product_like,2025-12-17T12:50:00Z,routine,established_contact,false,false,true
med-synth-v2,d003862,fam_m028537,test,test_product_like,2025-12-17T13:40:00Z,routine,established_contact,false,false,true
med-synth-v2,d003863,fam_m028547,test,test_product_like,2025-12-17T14:30:00Z,routine,established_contact,false,false,true
med-synth-v2,d003864,fam_m028329,test,test_product_like,2025-12-18T09:00:00Z,S05,internal_project,false,false,true
med-synth-v2,d003865,fam_m028331,test,test_product_like,2025-12-18T09:01:00Z,S05,internal_project,false,false,true
med-synth-v2,d003866,fam_m028333,test,test_product_like,2025-12-18T09:02:00Z,S05,internal_project,false,false,true
med-synth-v2,d003867,fam_m028337,test,test_product_like,2025-12-18T09:04:00Z,S05,internal_project,false,false,true
med-synth-v2,d003868,fam_m028339,test,test_product_like,2025-12-18T09:05:00Z,S05,internal_project,false,false,true
med-synth-v2,d003869,fam_m028341,test,test_product_like,2025-12-18T09:06:00Z,S05,internal_project,false,false,true
med-synth-v2,d003870,fam_m028343,test,test_product_like,2025-12-18T09:07:00Z,S05,internal_project,false,false,true
med-synth-v2,d002174,fam_m028367,test,test_product_like,2025-12-18T09:11:00Z,S05,internal_project,false,false,true
med-synth-v2,d003871,fam_m028373,test,test_product_like,2025-12-18T09:20:00Z,routine,established_contact,false,false,true
med-synth-v2,d003872,fam_m028375,test,test_product_like,2025-12-18T09:21:00Z,routine,established_contact,false,false,true
med-synth-v2,d003873,fam_m028405,test,test_product_like,2025-12-18T09:50:00Z,routine,established_contact,false,false,true
med-synth-v2,d003874,fam_m028407,test,test_product_like,2025-12-18T09:51:00Z,routine,established_contact,false,false,true
med-synth-v2,d003875,fam_m028423,test,test_product_like,2025-12-18T10:40:00Z,routine,established_contact,false,false,true
med-synth-v2,d003876,fam_m028467,test,test_product_like,2025-12-18T11:30:00Z,routine,established_contact,false,false,true
med-synth-v2,d003877,fam_m028469,test,test_product_like,2025-12-18T11:31:00Z,routine,established_contact,false,false,true
med-synth-v2,d003878,fam_m028475,test,test_product_like,2025-12-18T11:40:00Z,routine,established_contact,false,false,true
med-synth-v2,d003879,fam_m028483,test,test_product_like,2025-12-18T11:50:00Z,routine,established_contact,false,false,true
med-synth-v2,d003880,fam_m028485,test,test_product_like,2025-12-18T11:51:00Z,routine,established_contact,false,false,true
med-synth-v2,d003881,fam_m028529,test,test_product_like,2025-12-18T13:00:00Z,routine,established_contact,false,false,true
med-synth-v2,d003882,fam_m028539,test,test_product_like,2025-12-18T13:50:00Z,routine,established_contact,false,false,true
med-synth-v2,d003883,fam_m028559,test,test_product_like,2025-12-18T15:30:00Z,routine,established_contact,false,false,true
med-synth-v2,d003884,fam_m028345,test,test_product_like,2025-12-19T09:00:00Z,S05,internal_project,false,false,true
med-synth-v2,d003885,fam_m028347,test,test_product_like,2025-12-19T09:01:00Z,S05,internal_project,false,false,true
med-synth-v2,d003886,fam_m028349,test,test_product_like,2025-12-19T09:02:00Z,S05,internal_project,false,false,true
med-synth-v2,d003887,fam_m028353,test,test_product_like,2025-12-19T09:04:00Z,S05,internal_project,false,false,true
med-synth-v2,d003888,fam_m028355,test,test_product_like,2025-12-19T09:05:00Z,S05,internal_project,false,false,true
med-synth-v2,d003889,fam_m028357,test,test_product_like,2025-12-19T09:06:00Z,S05,internal_project,false,false,true
med-synth-v2,d003890,fam_m028359,test,test_product_like,2025-12-19T09:07:00Z,S05,internal_project,false,false,true
med-synth-v2,d003891,fam_m028387,test,test_product_like,2025-12-19T09:31:00Z,routine,established_contact,false,false,true
med-synth-v2,d003892,fam_m028397,test,test_product_like,2025-12-19T09:40:00Z,routine,established_contact,false,false,true
med-synth-v2,d003893,fam_m028399,test,test_product_like,2025-12-19T09:41:00Z,routine,established_contact,false,false,true
med-synth-v2,d003894,fam_m028417,test,test_product_like,2025-12-19T10:20:00Z,routine,established_contact,false,false,true
med-synth-v2,d003895,fam_m028425,test,test_product_like,2025-12-19T10:50:00Z,routine,established_contact,false,false,true
med-synth-v2,d003896,fam_m028435,test,test_product_like,2025-12-19T11:00:00Z,routine,established_contact,false,false,true
med-synth-v2,d003897,fam_m028437,test,test_product_like,2025-12-19T11:01:00Z,routine,established_contact,false,false,true
med-synth-v2,d003898,fam_m028449,test,test_product_like,2025-12-19T11:11:00Z,routine,established_contact,false,false,true
med-synth-v2,d003899,fam_m028459,test,test_product_like,2025-12-19T11:20:00Z,routine,established_contact,false,false,true
med-synth-v2,d003900,fam_m028461,test,test_product_like,2025-12-19T11:21:00Z,routine,established_contact,false,false,true
med-synth-v2,d003901,fam_m028495,test,test_product_like,2025-12-19T12:00:00Z,S05,external_purchase,false,false,true
med-synth-v2,d003902,fam_m028507,test,test_product_like,2025-12-19T12:10:00Z,S05,external_purchase,false,false,true
med-synth-v2,d003903,fam_m028509,test,test_product_like,2025-12-19T12:11:00Z,S05,external_purchase,false,false,true
med-synth-v2,d003904,fam_m028519,test,test_product_like,2025-12-19T12:20:00Z,S05,external_purchase,false,false,true
med-synth-v2,d003905,fam_m028521,test,test_product_like,2025-12-19T12:21:00Z,S05,external_purchase,false,false,true
med-synth-v2,d003906,fam_m028541,test,test_product_like,2025-12-19T14:00:00Z,routine,established_contact,false,false,true
med-synth-v2,d003907,fam_m028551,test,test_product_like,2025-12-19T14:50:00Z,routine,established_contact,false,false,true
med-synth-v2,d003908,fam_m028561,test,test_product_like,2025-12-22T09:00:00Z,S05,internal_project,false,false,true
med-synth-v2,d003909,fam_m028563,test,test_product_like,2025-12-22T09:01:00Z,S05,internal_project,false,false,true
med-synth-v2,d003910,fam_m028567,test,test_product_like,2025-12-22T09:03:00Z,S05,internal_project,false,false,true
med-synth-v2,d003911,fam_m028569,test,test_product_like,2025-12-22T09:04:00Z,S05,internal_project,false,false,true
med-synth-v2,d003912,fam_m028571,test,test_product_like,2025-12-22T09:05:00Z,S05,internal_project,false,false,true
med-synth-v2,d003913,fam_m028573,test,test_product_like,2025-12-22T09:06:00Z,S05,internal_project,false,false,true
med-synth-v2,d003914,fam_m028657,test,test_product_like,2025-12-22T09:30:00Z,routine,established_contact,false,false,true
med-synth-v2,d003915,fam_m028659,test,test_product_like,2025-12-22T09:31:00Z,routine,established_contact,false,false,true
med-synth-v2,d003916,fam_m028669,test,test_product_like,2025-12-22T09:40:00Z,routine,established_contact,false,false,true
med-synth-v2,d003917,fam_m028671,test,test_product_like,2025-12-22T09:41:00Z,routine,established_contact,false,false,true
med-synth-v2,d003918,fam_m028707,test,test_product_like,2025-12-22T11:00:00Z,routine,established_contact,false,false,true
med-synth-v2,d003919,fam_m028709,test,test_product_like,2025-12-22T11:01:00Z,routine,established_contact,false,false,true
med-synth-v2,d003920,fam_m028719,test,test_product_like,2025-12-22T11:10:00Z,routine,established_contact,false,false,true
med-synth-v2,d003921,fam_m028731,test,test_product_like,2025-12-22T11:20:00Z,routine,established_contact,false,false,true
med-synth-v2,d003922,fam_m028733,test,test_product_like,2025-12-22T11:21:00Z,routine,established_contact,false,false,true
med-synth-v2,d003923,fam_m028767,test,test_product_like,2025-12-22T12:00:00Z,S05,external_purchase,false,false,true
med-synth-v2,d003924,fam_m028769,test,test_product_like,2025-12-22T12:01:00Z,S05,external_purchase,false,false,true
med-synth-v2,d003925,fam_m028781,test,test_product_like,2025-12-22T12:11:00Z,S05,external_purchase,false,false,true
med-synth-v2,d003926,fam_m028791,test,test_product_like,2025-12-22T12:20:00Z,S05,external_purchase,false,false,true
med-synth-v2,d003927,fam_m028793,test,test_product_like,2025-12-22T12:21:00Z,S05,external_purchase,false,false,true
med-synth-v2,d003928,fam_m028803,test,test_product_like,2025-12-22T12:30:00Z,routine,established_contact,false,false,true
med-synth-v2,d003929,fam_m028823,test,test_product_like,2025-12-22T14:10:00Z,routine,established_contact,false,false,true
med-synth-v2,d003930,fam_m028833,test,test_product_like,2025-12-22T15:00:00Z,routine,established_contact,false,false,true
med-synth-v2,d003931,fam_m028577,test,test_product_like,2025-12-23T09:00:00Z,S05,internal_project,false,false,true
med-synth-v2,d003932,fam_m028579,test,test_product_like,2025-12-23T09:01:00Z,S05,internal_project,false,false,true
med-synth-v2,d003933,fam_m028583,test,test_product_like,2025-12-23T09:03:00Z,S05,internal_project,false,false,true
med-synth-v2,d003934,fam_m028585,test,test_product_like,2025-12-23T09:04:00Z,S05,internal_project,false,false,true
med-synth-v2,d003935,fam_m028587,test,test_product_like,2025-12-23T09:05:00Z,S05,internal_project,false,false,true
med-synth-v2,d003936,fam_m028589,test,test_product_like,2025-12-23T09:06:00Z,S05,internal_project,false,false,true
med-synth-v2,d003937,fam_m028641,test,test_product_like,2025-12-23T09:10:00Z,S05,internal_project,false,false,true
med-synth-v2,d003938,fam_m028643,test,test_product_like,2025-12-23T09:11:00Z,S05,internal_project,false,false,true
med-synth-v2,d003939,fam_m028649,test,test_product_like,2025-12-23T09:20:00Z,routine,established_contact,false,false,true
med-synth-v2,d003940,fam_m028651,test,test_product_like,2025-12-23T09:21:00Z,routine,established_contact,false,false,true
med-synth-v2,d003941,fam_m028683,test,test_product_like,2025-12-23T09:51:00Z,routine,established_contact,false,false,true
med-synth-v2,d003942,fam_m028693,test,test_product_like,2025-12-23T10:10:00Z,routine,established_contact,false,false,true
med-synth-v2,d003943,fam_m028743,test,test_product_like,2025-12-23T11:30:00Z,routine,established_contact,false,false,true
med-synth-v2,d003944,fam_m028745,test,test_product_like,2025-12-23T11:31:00Z,routine,established_contact,false,false,true
med-synth-v2,d003945,fam_m028753,test,test_product_like,2025-12-23T11:41:00Z,routine,established_contact,false,false,true
med-synth-v2,d003946,fam_m028759,test,test_product_like,2025-12-23T11:50:00Z,routine,established_contact,false,false,true
med-synth-v2,d003947,fam_m028761,test,test_product_like,2025-12-23T11:51:00Z,routine,established_contact,false,false,true
med-synth-v2,d003948,fam_m028815,test,test_product_like,2025-12-23T13:30:00Z,routine,established_contact,false,false,true
med-synth-v2,d003949,fam_m028825,test,test_product_like,2025-12-23T14:20:00Z,routine,established_contact,false,false,true
med-synth-v2,d003950,fam_m028835,test,test_product_like,2025-12-23T15:10:00Z,routine,established_contact,false,false,true
med-synth-v2,d003951,fam_m028593,test,test_product_like,2025-12-24T09:00:00Z,S05,internal_project,false,false,true
med-synth-v2,d003952,fam_m028597,test,test_product_like,2025-12-24T09:02:00Z,S05,internal_project,false,false,true
med-synth-v2,d003953,fam_m028599,test,test_product_like,2025-12-24T09:03:00Z,S05,internal_project,false,false,true
med-synth-v2,d003954,fam_m028601,test,test_product_like,2025-12-24T09:04:00Z,S05,internal_project,false,false,true
med-synth-v2,d003955,fam_m028603,test,test_product_like,2025-12-24T09:05:00Z,S05,internal_project,false,false,true
med-synth-v2,d003956,fam_m028607,test,test_product_like,2025-12-24T09:07:00Z,S05,internal_project,false,false,true
med-synth-v2,d003957,fam_m028661,test,test_product_like,2025-12-24T09:30:00Z,routine,established_contact,false,false,true
med-synth-v2,d003958,fam_m028663,test,test_product_like,2025-12-24T09:31:00Z,routine,established_contact,false,false,true
med-synth-v2,d003959,fam_m028673,test,test_product_like,2025-12-24T09:40:00Z,routine,established_contact,false,false,true
med-synth-v2,d003960,fam_m028689,test,test_product_like,2025-12-24T10:00:00Z,routine,established_contact,false,false,true
med-synth-v2,d003961,fam_m028691,test,test_product_like,2025-12-24T10:01:00Z,routine,established_contact,false,false,true
med-synth-v2,d003962,fam_m028711,test,test_product_like,2025-12-24T11:00:00Z,routine,established_contact,false,false,true
med-synth-v2,d003963,fam_m028713,test,test_product_like,2025-12-24T11:01:00Z,routine,established_contact,false,false,true
med-synth-v2,d003964,fam_m028725,test,test_product_like,2025-12-24T11:11:00Z,routine,established_contact,false,false,true
med-synth-v2,d003965,fam_m028735,test,test_product_like,2025-12-24T11:20:00Z,routine,established_contact,false,false,true
med-synth-v2,d003966,fam_m028737,test,test_product_like,2025-12-24T11:21:00Z,routine,established_contact,false,false,true
med-synth-v2,d003967,fam_m028771,test,test_product_like,2025-12-24T12:00:00Z,S05,external_purchase,false,false,true
med-synth-v2,d003968,fam_m028783,test,test_product_like,2025-12-24T12:10:00Z,S05,external_purchase,false,false,true
med-synth-v2,d003969,fam_m028785,test,test_product_like,2025-12-24T12:11:00Z,S05,external_purchase,false,false,true
med-synth-v2,d003970,fam_m028795,test,test_product_like,2025-12-24T12:20:00Z,S05,external_purchase,false,false,true
med-synth-v2,d003971,fam_m028807,test,test_product_like,2025-12-24T12:50:00Z,routine,established_contact,false,false,true
med-synth-v2,d003972,fam_m028817,test,test_product_like,2025-12-24T13:40:00Z,routine,established_contact,false,false,true
med-synth-v2,d003973,fam_m028827,test,test_product_like,2025-12-24T14:30:00Z,routine,established_contact,false,false,true
med-synth-v2,d003974,fam_m028837,test,test_product_like,2025-12-24T15:20:00Z,routine,established_contact,false,false,true
med-synth-v2,d003975,fam_m028611,test,test_product_like,2025-12-25T09:01:00Z,S05,internal_project,false,false,true
med-synth-v2,d003976,fam_m028613,test,test_product_like,2025-12-25T09:02:00Z,S05,internal_project,false,false,true
med-synth-v2,d003977,fam_m028615,test,test_product_like,2025-12-25T09:03:00Z,S05,internal_project,false,false,true
med-synth-v2,d003978,fam_m028617,test,test_product_like,2025-12-25T09:04:00Z,S05,internal_project,false,false,true
med-synth-v2,d002121,fam_m028619,test,test_diagnostic,2025-12-25T09:05:00Z,S08,two_unintended,true,false,true
med-synth-v2,d002122,fam_m028619,test,test_diagnostic,2025-12-25T09:05:00Z,S08,clean_twin,false,false,true
med-synth-v2,d003979,fam_m028623,test,test_product_like,2025-12-25T09:07:00Z,S05,internal_project,false,false,true
med-synth-v2,d003980,fam_m028645,test,test_product_like,2025-12-25T09:10:00Z,S05,internal_project,false,false,true
med-synth-v2,d003981,fam_m028647,test,test_product_like,2025-12-25T09:11:00Z,S05,internal_project,false,false,true
med-synth-v2,d003982,fam_m028653,test,test_product_like,2025-12-25T09:20:00Z,routine,established_contact,false,false,true
med-synth-v2,d003983,fam_m028685,test,test_product_like,2025-12-25T09:50:00Z,routine,established_contact,false,false,true
med-synth-v2,d003984,fam_m028687,test,test_product_like,2025-12-25T09:51:00Z,routine,established_contact,false,false,true
med-synth-v2,d003985,fam_m028699,test,test_product_like,2025-12-25T10:30:00Z,routine,established_contact,false,false,true
med-synth-v2,d003986,fam_m028703,test,test_product_like,2025-12-25T10:40:00Z,routine,established_contact,false,false,true
med-synth-v2,d003987,fam_m028749,test,test_product_like,2025-12-25T11:31:00Z,routine,established_contact,false,false,true
med-synth-v2,d003988,fam_m028755,test,test_product_like,2025-12-25T11:40:00Z,routine,established_contact,false,false,true
med-synth-v2,d003989,fam_m028757,test,test_product_like,2025-12-25T11:41:00Z,routine,established_contact,false,false,true
med-synth-v2,d003990,fam_m028763,test,test_product_like,2025-12-25T11:50:00Z,routine,established_contact,false,false,true
med-synth-v2,d003991,fam_m028809,test,test_product_like,2025-12-25T13:00:00Z,routine,established_contact,false,false,true
med-synth-v2,d003992,fam_m028819,test,test_product_like,2025-12-25T13:50:00Z,routine,established_contact,false,false,true
med-synth-v2,d003993,fam_m028829,test,test_product_like,2025-12-25T14:40:00Z,routine,established_contact,false,false,true
med-synth-v2,d003994,fam_m028839,test,test_product_like,2025-12-25T15:30:00Z,routine,established_contact,false,false,true
med-synth-v2,d003995,fam_m028627,test,test_product_like,2025-12-26T09:01:00Z,S05,internal_project,false,false,true
med-synth-v2,d003996,fam_m028629,test,test_product_like,2025-12-26T09:02:00Z,S05,internal_project,false,false,true
med-synth-v2,d003997,fam_m028631,test,test_product_like,2025-12-26T09:03:00Z,S05,internal_project,false,false,true
med-synth-v2,d003998,fam_m028635,test,test_product_like,2025-12-26T09:05:00Z,S05,internal_project,false,false,true
med-synth-v2,d003999,fam_m028637,test,test_product_like,2025-12-26T09:06:00Z,S05,internal_project,false,false,true
med-synth-v2,d004000,fam_m028639,test,test_product_like,2025-12-26T09:07:00Z,S05,internal_project,false,false,true
med-synth-v2,d004001,fam_m028665,test,test_product_like,2025-12-26T09:30:00Z,routine,established_contact,false,false,true
med-synth-v2,d004002,fam_m028677,test,test_product_like,2025-12-26T09:40:00Z,routine,established_contact,false,false,true
med-synth-v2,d004003,fam_m028679,test,test_product_like,2025-12-26T09:41:00Z,routine,established_contact,false,false,true
med-synth-v2,d004004,fam_m028695,test,test_product_like,2025-12-26T10:10:00Z,routine,established_contact,false,false,true
med-synth-v2,d004005,fam_m028697,test,test_product_like,2025-12-26T10:20:00Z,routine,established_contact,false,false,true
med-synth-v2,d004006,fam_m028715,test,test_product_like,2025-12-26T11:00:00Z,routine,established_contact,false,false,true
med-synth-v2,d004007,fam_m028717,test,test_product_like,2025-12-26T11:01:00Z,routine,established_contact,false,false,true
med-synth-v2,d004008,fam_m028727,test,test_product_like,2025-12-26T11:10:00Z,routine,established_contact,false,false,true
med-synth-v2,d004009,fam_m028729,test,test_product_like,2025-12-26T11:11:00Z,routine,established_contact,false,false,true
med-synth-v2,d004010,fam_m028741,test,test_product_like,2025-12-26T11:21:00Z,routine,established_contact,false,false,true
med-synth-v2,d004011,fam_m028775,test,test_product_like,2025-12-26T12:00:00Z,S05,external_purchase,false,false,true
med-synth-v2,d004012,fam_m028777,test,test_product_like,2025-12-26T12:01:00Z,S05,external_purchase,false,false,true
med-synth-v2,d004013,fam_m028787,test,test_product_like,2025-12-26T12:10:00Z,S05,external_purchase,false,false,true
med-synth-v2,d004014,fam_m028799,test,test_product_like,2025-12-26T12:20:00Z,S05,external_purchase,false,false,true
med-synth-v2,d004015,fam_m028801,test,test_product_like,2025-12-26T12:21:00Z,S05,external_purchase,false,false,true
med-synth-v2,d004016,fam_m028811,test,test_product_like,2025-12-26T13:10:00Z,routine,established_contact,false,false,true
med-synth-v2,d004017,fam_m028821,test,test_product_like,2025-12-26T14:00:00Z,routine,established_contact,false,false,true
med-synth-v2,d004018,fam_m028841,test,test_product_like,2025-12-29T09:00:00Z,S05,internal_project,false,false,true
med-synth-v2,d004019,fam_m028843,test,test_product_like,2025-12-29T09:01:00Z,S05,internal_project,false,false,true
med-synth-v2,d004020,fam_m028845,test,test_product_like,2025-12-29T09:02:00Z,S05,internal_project,false,false,true
med-synth-v2,d004021,fam_m028847,test,test_product_like,2025-12-29T09:03:00Z,S05,internal_project,false,false,true
med-synth-v2,d004022,fam_m028851,test,test_product_like,2025-12-29T09:05:00Z,S05,internal_project,false,false,true
med-synth-v2,d004023,fam_m028853,test,test_product_like,2025-12-29T09:06:00Z,S05,internal_project,false,false,true
med-synth-v2,d004024,fam_m028855,test,test_product_like,2025-12-29T09:07:00Z,S05,internal_project,false,false,true
med-synth-v2,d004025,fam_m028939,test,test_product_like,2025-12-29T09:31:00Z,routine,established_contact,false,false,true
med-synth-v2,d004026,fam_m028949,test,test_product_like,2025-12-29T09:40:00Z,routine,established_contact,false,false,true
med-synth-v2,d004027,fam_m028951,test,test_product_like,2025-12-29T09:41:00Z,routine,established_contact,false,false,true
med-synth-v2,d004028,fam_m028981,test,test_product_like,2025-12-29T10:40:00Z,routine,established_contact,false,false,true
med-synth-v2,d004029,fam_m028989,test,test_product_like,2025-12-29T11:01:00Z,routine,established_contact,false,false,true
med-synth-v2,d004030,fam_m028999,test,test_product_like,2025-12-29T11:10:00Z,routine,established_contact,false,false,true
med-synth-v2,d004031,fam_m029001,test,test_product_like,2025-12-29T11:11:00Z,routine,established_contact,false,false,true
med-synth-v2,d004032,fam_m029011,test,test_product_like,2025-12-29T11:20:00Z,routine,established_contact,false,false,true
med-synth-v2,d004033,fam_m029047,test,test_product_like,2025-12-29T12:00:00Z,S05,external_purchase,false,false,true
med-synth-v2,d004034,fam_m029049,test,test_product_like,2025-12-29T12:01:00Z,S05,external_purchase,false,false,true
med-synth-v2,d004035,fam_m029059,test,test_product_like,2025-12-29T12:10:00Z,S05,external_purchase,false,false,true
med-synth-v2,d004036,fam_m029061,test,test_product_like,2025-12-29T12:11:00Z,S05,external_purchase,false,false,true
med-synth-v2,d004037,fam_m029073,test,test_product_like,2025-12-29T12:21:00Z,S05,external_purchase,false,false,true
med-synth-v2,d004038,fam_m029083,test,test_product_like,2025-12-29T12:30:00Z,routine,established_contact,false,false,true
med-synth-v2,d004039,fam_m029093,test,test_product_like,2025-12-29T13:20:00Z,routine,established_contact,false,false,true
med-synth-v2,d004040,fam_m029103,test,test_product_like,2025-12-29T14:10:00Z,routine,established_contact,false,false,true
med-synth-v2,d004129,fam_m029232,test,test_diagnostic,2025-12-29T17:00:00Z,S05,internal_project,false,true,true
med-synth-v2,d004130,fam_m029234,test,test_diagnostic,2025-12-29T17:10:00Z,S05,external_purchase,false,true,true
med-synth-v2,d004041,fam_m028857,test,test_product_like,2025-12-30T09:00:00Z,S05,internal_project,false,false,true
med-synth-v2,d004042,fam_m028859,test,test_product_like,2025-12-30T09:01:00Z,S05,internal_project,false,false,true
med-synth-v2,d004043,fam_m028861,test,test_product_like,2025-12-30T09:02:00Z,S05,internal_project,false,false,true
med-synth-v2,d004044,fam_m028863,test,test_product_like,2025-12-30T09:03:00Z,S05,internal_project,false,false,true
med-synth-v2,d004045,fam_m028867,test,test_product_like,2025-12-30T09:05:00Z,S05,internal_project,false,false,true
med-synth-v2,d004046,fam_m028869,test,test_product_like,2025-12-30T09:06:00Z,S05,internal_project,false,false,true
med-synth-v2,d004047,fam_m028871,test,test_product_like,2025-12-30T09:07:00Z,S05,internal_project,false,false,true
med-synth-v2,d004048,fam_m028921,test,test_product_like,2025-12-30T09:10:00Z,S05,internal_project,false,false,true
med-synth-v2,d004049,fam_m028929,test,test_product_like,2025-12-30T09:20:00Z,routine,established_contact,false,false,true
med-synth-v2,d004050,fam_m028931,test,test_product_like,2025-12-30T09:21:00Z,routine,established_contact,false,false,true
med-synth-v2,d004051,fam_m028961,test,test_product_like,2025-12-30T09:50:00Z,routine,established_contact,false,false,true
med-synth-v2,d004052,fam_m028973,test,test_product_like,2025-12-30T10:10:00Z,routine,established_contact,false,false,true
med-synth-v2,d004053,fam_m029023,test,test_product_like,2025-12-30T11:30:00Z,routine,established_contact,false,false,true
med-synth-v2,d004054,fam_m029025,test,test_product_like,2025-12-30T11:31:00Z,routine,established_contact,false,false,true
med-synth-v2,d004055,fam_m029031,test,test_product_like,2025-12-30T11:40:00Z,routine,established_contact,false,false,true
med-synth-v2,d004056,fam_m029039,test,test_product_like,2025-12-30T11:50:00Z,routine,established_contact,false,false,true
med-synth-v2,d004057,fam_m029041,test,test_product_like,2025-12-30T11:51:00Z,routine,established_contact,false,false,true
med-synth-v2,d004058,fam_m029085,test,test_product_like,2025-12-30T12:40:00Z,routine,established_contact,false,false,true
med-synth-v2,d004059,fam_m029095,test,test_product_like,2025-12-30T13:30:00Z,routine,established_contact,false,false,true
med-synth-v2,d004060,fam_m029115,test,test_product_like,2025-12-30T15:10:00Z,routine,established_contact,false,false,true
med-synth-v2,d004131,fam_m029236,test,test_diagnostic,2025-12-30T17:00:00Z,S01,lookalike_replacement,true,true,true
med-synth-v2,d004132,fam_m029237,test,test_diagnostic,2025-12-30T17:10:00Z,S02,added_external,true,true,true
med-synth-v2,d004061,fam_m028873,test,test_product_like,2025-12-31T09:00:00Z,S05,internal_project,false,false,true
med-synth-v2,d004062,fam_m028875,test,test_product_like,2025-12-31T09:01:00Z,S05,internal_project,false,false,true
med-synth-v2,d004063,fam_m028877,test,test_product_like,2025-12-31T09:02:00Z,S05,internal_project,false,false,true
med-synth-v2,d004064,fam_m028881,test,test_product_like,2025-12-31T09:04:00Z,S05,internal_project,false,false,true
med-synth-v2,d004065,fam_m028883,test,test_product_like,2025-12-31T09:05:00Z,S05,internal_project,false,false,true
med-synth-v2,d004066,fam_m028885,test,test_product_like,2025-12-31T09:06:00Z,S05,internal_project,false,false,true
med-synth-v2,d004067,fam_m028887,test,test_product_like,2025-12-31T09:07:00Z,S05,internal_project,false,false,true
med-synth-v2,d004068,fam_m028943,test,test_product_like,2025-12-31T09:31:00Z,routine,established_contact,false,false,true
med-synth-v2,d004069,fam_m028953,test,test_product_like,2025-12-31T09:40:00Z,routine,established_contact,false,false,true
med-synth-v2,d004070,fam_m028955,test,test_product_like,2025-12-31T09:41:00Z,routine,established_contact,false,false,true
med-synth-v2,d004071,fam_m028969,test,test_product_like,2025-12-31T10:00:00Z,routine,established_contact,false,false,true
med-synth-v2,d004072,fam_m028991,test,test_product_like,2025-12-31T11:00:00Z,routine,established_contact,false,false,true
med-synth-v2,d004073,fam_m028993,test,test_product_like,2025-12-31T11:01:00Z,routine,established_contact,false,false,true
med-synth-v2,d004074,fam_m029003,test,test_product_like,2025-12-31T11:10:00Z,routine,established_contact,false,false,true
med-synth-v2,d004075,fam_m029005,test,test_product_like,2025-12-31T11:11:00Z,routine,established_contact,false,false,true
med-synth-v2,d004076,fam_m029017,test,test_product_like,2025-12-31T11:21:00Z,routine,established_contact,false,false,true
med-synth-v2,d004077,fam_m029051,test,test_product_like,2025-12-31T12:00:00Z,S05,external_purchase,false,false,true
med-synth-v2,d004078,fam_m029053,test,test_product_like,2025-12-31T12:01:00Z,S05,external_purchase,false,false,true
med-synth-v2,d004079,fam_m029065,test,test_product_like,2025-12-31T12:11:00Z,S05,external_purchase,false,false,true
med-synth-v2,d004080,fam_m029075,test,test_product_like,2025-12-31T12:20:00Z,S05,external_purchase,false,false,true
med-synth-v2,d004081,fam_m029077,test,test_product_like,2025-12-31T12:21:00Z,S05,external_purchase,false,false,true
med-synth-v2,d004082,fam_m029087,test,test_product_like,2025-12-31T12:50:00Z,routine,established_contact,false,false,true
med-synth-v2,d004083,fam_m029107,test,test_product_like,2025-12-31T14:30:00Z,routine,established_contact,false,false,true
med-synth-v2,d004084,fam_m029117,test,test_product_like,2025-12-31T15:20:00Z,routine,established_contact,false,false,true
med-synth-v2,d004133,fam_m029238,test,test_diagnostic,2025-12-31T17:00:00Z,S03,legitimate_first_contact,false,true,true
med-synth-v2,d004134,fam_m029240,test,test_diagnostic,2025-12-31T17:10:00Z,S06,legitimate_new_domain,false,true,true
med-synth-v2,d004085,fam_m028889,test,test_product_like,2026-01-01T09:00:00Z,S05,internal_project,false,false,true
med-synth-v2,d004086,fam_m028891,test,test_product_like,2026-01-01T09:01:00Z,S05,internal_project,false,false,true
med-synth-v2,d004087,fam_m028895,test,test_product_like,2026-01-01T09:03:00Z,S05,internal_project,false,false,true
med-synth-v2,d004088,fam_m028897,test,test_product_like,2026-01-01T09:04:00Z,S05,internal_project,false,false,true
med-synth-v2,d004089,fam_m028899,test,test_product_like,2026-01-01T09:05:00Z,S05,internal_project,false,false,true
med-synth-v2,d004090,fam_m028901,test,test_product_like,2026-01-01T09:06:00Z,S05,internal_project,false,false,true
med-synth-v2,d004091,fam_m028925,test,test_product_like,2026-01-01T09:10:00Z,S05,internal_project,false,false,true
med-synth-v2,d004092,fam_m028927,test,test_product_like,2026-01-01T09:11:00Z,S05,internal_project,false,false,true
med-synth-v2,d004093,fam_m028933,test,test_product_like,2026-01-01T09:20:00Z,routine,established_contact,false,false,true
med-synth-v2,d004094,fam_m028935,test,test_product_like,2026-01-01T09:21:00Z,routine,established_contact,false,false,true
med-synth-v2,d004095,fam_m028967,test,test_product_like,2026-01-01T09:51:00Z,routine,established_contact,false,false,true
med-synth-v2,d004096,fam_m028979,test,test_product_like,2026-01-01T10:30:00Z,routine,established_contact,false,false,true
med-synth-v2,d004097,fam_m028983,test,test_product_like,2026-01-01T10:40:00Z,routine,established_contact,false,false,true
med-synth-v2,d004098,fam_m029027,test,test_product_like,2026-01-01T11:30:00Z,routine,established_contact,false,false,true
med-synth-v2,d004099,fam_m029035,test,test_product_like,2026-01-01T11:40:00Z,routine,established_contact,false,false,true
med-synth-v2,d004100,fam_m029037,test,test_product_like,2026-01-01T11:41:00Z,routine,established_contact,false,false,true
med-synth-v2,d004101,fam_m029043,test,test_product_like,2026-01-01T11:50:00Z,routine,established_contact,false,false,true
med-synth-v2,d004102,fam_m029045,test,test_product_like,2026-01-01T11:51:00Z,routine,established_contact,false,false,true
med-synth-v2,d004103,fam_m029099,test,test_product_like,2026-01-01T13:50:00Z,routine,established_contact,false,false,true
med-synth-v2,d004104,fam_m029109,test,test_product_like,2026-01-01T14:40:00Z,routine,established_contact,false,false,true
med-synth-v2,d004105,fam_m029119,test,test_product_like,2026-01-01T15:30:00Z,routine,established_contact,false,false,true
med-synth-v2,d004135,fam_m029242,test,test_diagnostic,2026-01-01T17:00:00Z,S04,familiar_topic_mismatch,true,true,true
med-synth-v2,d004136,fam_m029243,test,test_diagnostic,2026-01-01T17:00:00Z,S07,legitimate_topic_change,false,true,true
med-synth-v2,d004137,fam_m029245,test,test_diagnostic,2026-01-01T17:50:00Z,S08,all_intended,false,true,true
med-synth-v2,d004138,fam_m029245,test,test_diagnostic,2026-01-01T17:50:00Z,S08,unintended_cc,true,true,true
med-synth-v2,d004139,fam_m029245,test,test_diagnostic,2026-01-01T17:50:00Z,S08,unintended_bcc,true,true,true
med-synth-v2,d004140,fam_m029245,test,test_diagnostic,2026-01-01T17:50:00Z,S08,two_unintended,true,true,true
med-synth-v2,d004106,fam_m028907,test,test_product_like,2026-01-02T09:01:00Z,S05,internal_project,false,false,true
med-synth-v2,d004107,fam_m028909,test,test_product_like,2026-01-02T09:02:00Z,S05,internal_project,false,false,true
med-synth-v2,d004108,fam_m028911,test,test_product_like,2026-01-02T09:03:00Z,S05,internal_project,false,false,true
med-synth-v2,d004109,fam_m028913,test,test_product_like,2026-01-02T09:04:00Z,S05,internal_project,false,false,true
med-synth-v2,d004110,fam_m028917,test,test_product_like,2026-01-02T09:06:00Z,S05,internal_project,false,false,true
med-synth-v2,d004111,fam_m028919,test,test_product_like,2026-01-02T09:07:00Z,S05,internal_project,false,false,true
med-synth-v2,d004112,fam_m028945,test,test_product_like,2026-01-02T09:30:00Z,routine,established_contact,false,false,true
med-synth-v2,d004113,fam_m028947,test,test_product_like,2026-01-02T09:31:00Z,routine,established_contact,false,false,true
med-synth-v2,d004114,fam_m028959,test,test_product_like,2026-01-02T09:41:00Z,routine,established_contact,false,false,true
med-synth-v2,d004115,fam_m028975,test,test_product_like,2026-01-02T10:10:00Z,routine,established_contact,false,false,true
med-synth-v2,d004116,fam_m028977,test,test_product_like,2026-01-02T10:20:00Z,routine,established_contact,false,false,true
med-synth-v2,d004117,fam_m028985,test,test_product_like,2026-01-02T10:50:00Z,routine,established_contact,false,false,true
med-synth-v2,d004118,fam_m028997,test,test_product_like,2026-01-02T11:01:00Z,routine,established_contact,false,false,true
med-synth-v2,d004119,fam_m029007,test,test_product_like,2026-01-02T11:10:00Z,routine,established_contact,false,false,true
med-synth-v2,d004120,fam_m029009,test,test_product_like,2026-01-02T11:11:00Z,routine,established_contact,false,false,true
med-synth-v2,d004121,fam_m029019,test,test_product_like,2026-01-02T11:20:00Z,routine,established_contact,false,false,true
med-synth-v2,d004122,fam_m029055,test,test_product_like,2026-01-02T12:00:00Z,S05,external_purchase,false,false,true
med-synth-v2,d004123,fam_m029057,test,test_product_like,2026-01-02T12:01:00Z,S05,external_purchase,false,false,true
med-synth-v2,d004124,fam_m029067,test,test_product_like,2026-01-02T12:10:00Z,S05,external_purchase,false,false,true
med-synth-v2,d004125,fam_m029069,test,test_product_like,2026-01-02T12:11:00Z,S05,external_purchase,false,false,true
med-synth-v2,d004126,fam_m029081,test,test_product_like,2026-01-02T12:21:00Z,S05,external_purchase,false,false,true
med-synth-v2,d004127,fam_m029091,test,test_product_like,2026-01-02T13:10:00Z,routine,established_contact,false,false,true
med-synth-v2,d004128,fam_m029101,test,test_product_like,2026-01-02T14:00:00Z,routine,established_contact,false,false,true
med-synth-v2,d004141,fam_m029247,test,test_diagnostic,2026-01-02T17:00:00Z,S09,cold_start_legitimate,false,true,true
med-synth-v2,d004142,fam_m029249,test,test_diagnostic,2026-01-02T17:10:00Z,S09,little_text_legitimate,false,true,true
med-synth-v2,d004143,fam_m029250,test,test_diagnostic,2026-01-02T17:20:00Z,S09,little_text_unintended,true,true,true
