draft_id,contact_id,recipient_order,feature_spec_version,sender_outbound_count,sender_history_available,sender_history_span_days,pair_outbound_count,pair_inbound_count,pair_outbound_count_28d,pair_inbound_count_28d,pair_outbound_rate_per_day,pair_recency_days,pair_recency_observed,recipient_novel_to_sender,domain_outbound_count,domain_novel_to_sender,domain_seen_in_history,recipient_is_internal,addressed_recipient_count,co_support_applicable,co_joint_message_count,co_partner_fraction,co_focus_conditional_fraction,co_focus_history_available,name_similarity_max,address_similarity_max,contact_similarity_observed,near_name_count,content_cosine,content_similarity_observed,pair_text_message_count,draft_raw_token_count,draft_text_empty,draft_text_short,draft_text_oov,draft_subject_blank,draft_body_blank
d000069,c_noah,0,med-features-v1,3050,1,175.0,1200,1100,192,176,6.857142857142857,2.9947916666666665,1,0,2600,0,1,1,5,1,1200,0.75,1.0,1,0.2727272727272727,0.2727272727272727,1,0,0.657248039821842,1,2300,17,0,0,0,0,0
d000069,c_elena,1,med-features-v1,3050,1,175.0,1200,0,192,0,6.857142857142857,2.995138888888889,1,0,2600,0,1,1,5,1,1200,0.75,1.0,1,0.4545454545454546,0.8,1,0,0.819696418718139,1,1200,17,0,0,0,0,0
d000069,c_taylor,2,med-features-v1,3050,1,175.0,1100,0,176,0,6.285714285714286,2.995138888888889,1,0,2600,0,1,1,5,1,1100,0.75,1.0,1,0.3846153846153846,0.33333333333333337,1,0,0.8230270890397767,1,1100,17,0,0,0,0,0
d000069,c_chris,3,med-features-v1,3050,1,175.0,1200,100,192,16,6.857142857142857,2.995138888888889,1,0,2600,0,1,1,5,1,1200,0.75,1.0,1,0.33333333333333337,0.33333333333333337,1,0,0.8116626505991495,1,1300,17,0,0,0,0,0
d000069,c_alex_chen,4,med-features-v1,3050,1,175.0,125,125,20,20,0.7142857142857143,2.944097222222222,1,0,2600,0,1,1,5,1,0,0.0,0.0,1,0.8888888888888888,0.8888888888888888,1,1,0.019665015806524477,1,250,17,0,0,0,0,0
d000121,c_noah,0,med-features-v1,3051,1,175.00069444444443,1201,1101,192,176,6.8628299094051215,0.00034722222222222224,1,0,2601,0,1,1,4,1,1201,1.0,1.0,1,0.2727272727272727,0.2727272727272727,1,0,0.6915564773369017,1,2302,17,0,0,0,0,0
d000121,c_elena,1,med-features-v1,3051,1,175.00069444444443,1201,0,192,0,6.8628299094051215,0.0006944444444444445,1,0,2601,0,1,1,4,1,1201,1.0,1.0,1,0.4545454545454546,0.8,1,0,0.8224120339117497,1,1201,17,0,0,0,0,0
d000121,c_taylor,2,med-features-v1,3051,1,175.00069444444443,1101,0,176,0,6.291403605541248,0.0006944444444444445,1,0,2601,0,1,1,4,1,1101,1.0,1.0,1,0.3846153846153846,0.33333333333333337,1,0,0.8254995110983645,1,1101,17,0,0,0,0,0
d000121,c_chris,3,med-features-v1,3051,1,175.00069444444443,1201,100,192,16,6.8628299094051215,0.0006944444444444445,1,0,2601,0,1,1,4,1,1201,1.0,1.0,1,0.33333333333333337,0.33333333333333337,1,0,0.8143658024106308,1,1301,17,0,0,0,0,0
d000139,c_noah,0,med-features-v1,3052,1,175.0013888888889,1202,1102,192,176,6.868516916532408,0.00034722222222222224,1,0,2602,0,1,1,4,1,1202,1.0,1.0,1,0.2727272727272727,0.2727272727272727,1,0,0.6572498595367698,1,2304,17,0,0,0,0,0
d000139,c_elena,1,med-features-v1,3052,1,175.0013888888889,1202,0,192,0,6.868516916532408,0.0006944444444444445,1,0,2602,0,1,1,4,1,1202,1.0,1.0,1,0.4545454545454546,0.8,1,0,0.819710636292739,1,1202,17,0,0,0,0,0
d000139,c_taylor,2,med-features-v1,3052,1,175.0013888888889,1102,0,176,0,6.297092880215236,0.0006944444444444445,1,0,2602,0,1,1,4,1,1102,1.0,1.0,1,0.3846153846153846,0.33333333333333337,1,0,0.8230296622552624,1,1102,17,0,0,0,0,0
d000139,c_chris,3,med-features-v1,3052,1,175.0013888888889,1202,100,192,16,6.868516916532408,0.0006944444444444445,1,0,2602,0,1,1,4,1,1202,1.0,1.0,1,0.33333333333333337,0.33333333333333337,1,0,0.8117049496337674,1,1302,17,0,0,0,0,0
d000049,c_fac_001,0,med-features-v1,3058,1,175.02083333333334,25,25,4,4,0.14284013807880014,4.860763888888889,1,0,2608,0,1,1,1,0,0,0.0,0.0,1,0.6666666666666667,0.6666666666666667,1,0,0.016700964175489337,1,50,14,0,0,0,0,0
d000140,c_priya,0,med-features-v1,3059,1,175.02152777777778,151,151,24,24,0.8627510107883554,0.00034722222222222224,1,0,2609,0,1,1,2,1,151,1.0,1.0,1,0.4545454545454546,0.4,1,0,0.6592011877982603,1,302,14,0,0,0,0,0
d000140,c_quinn,1,med-features-v1,3059,1,175.02152777777778,151,0,24,0,0.8627510107883554,0.0006944444444444445,1,0,2609,0,1,1,2,1,151,1.0,1.0,1,0.2727272727272727,0.19999999999999996,1,0,0.8098313546021372,1,151,14,0,0,0,0,0
d000001,c_alex_chen,0,med-features-v1,3060,1,175.08333333333334,125,125,20,20,0.7139457401237506,3.0274305555555556,1,0,2610,0,1,1,1,0,0,0.0,0.0,1,0.8888888888888888,0.8888888888888888,1,1,0.046531627324130916,1,250,18,0,0,0,0,0
d000095,c_alex_chen,0,med-features-v1,3061,1,175.08402777777778,125,125,20,20,0.7139429083654277,3.028125,1,0,2611,0,1,1,1,0,0,0.0,0.0,1,0.8888888888888888,0.8888888888888888,1,1,0.0,1,250,2,0,1,0,0,1
d000002,c_jamie_li,0,med-features-v1,3062,1,175.09027777777777,100,100,16,16,0.5711339388410741,3.978125,1,0,2612,0,1,1,1,0,0,0.0,0.0,1,0.7777777777777778,0.7777777777777778,1,0,0.05141071209192725,1,200,18,0,0,0,0,0
d000096,c_jamie_li,0,med-features-v1,3063,1,175.09097222222223,100,100,16,16,0.5711316736141132,3.9788194444444445,1,0,2613,0,1,1,1,0,0,0.0,0.0,1,0.7777777777777778,0.7777777777777778,1,0,0.0,1,200,2,0,1,0,0,1
d000003,c_morgan_zhao,0,med-features-v1,3064,1,175.09722222222223,100,100,16,16,0.5711112873800269,3.978125,1,0,2614,0,1,1,1,0,0,0.0,0.0,1,0.8181818181818181,0.8181818181818181,1,1,0.05932060422509423,1,200,17,0,0,0,0,0
d000097,c_morgan_zhao,0,med-features-v1,3065,1,175.09791666666666,100,100,16,16,0.5711090223327424,3.9788194444444445,1,0,2615,0,1,1,1,0,0,0.0,0.0,1,0.8181818181818181,0.8181818181818181,1,1,0.0,1,200,2,0,1,0,0,1
d000126,c_lee,0,med-features-v1,3066,1,175.125,150,150,24,24,0.8565310492505354,2.9989583333333334,1,0,150,0,1,0,1,0,0,0.0,0.0,1,0.4545454545454546,0.5,1,0,0.7366786564237032,1,300,14,0,0,0,0,0
d000141,c_pat,0,med-features-v1,3069,1,175.1326388888889,151,151,24,24,0.8622036472356269,0.00034722222222222224,1,0,151,0,1,0,1,0,0,0.0,0.0,1,0.33333333333333337,0.33333333333333337,1,0,0.6383226835592712,1,302,16,0,0,0,0,0
d000142,c_fac_014,0,med-features-v1,3075,1,175.25,25,25,4,4,0.14265335235378032,6.9996527777777775,1,0,2619,0,1,1,1,0,0,0.0,0.0,1,0.7692307692307692,0.7692307692307692,1,0,0.6551314938074804,1,50,18,0,0,0,0,0
d000143,c_noah,0,med-features-v1,3081,1,176.00347222222223,1213,1113,192,176,6.891909487265481,0.00034722222222222224,1,0,2625,0,1,1,4,1,1213,1.0,1.0,1,0.2727272727272727,0.2727272727272727,1,0,0.6578679535762341,1,2326,17,0,0,0,0,0
d000143,c_elena,1,med-features-v1,3081,1,176.00347222222223,1213,0,192,0,6.891909487265481,0.0006944444444444445,1,0,2625,0,1,1,4,1,1213,1.0,1.0,1,0.4545454545454546,0.8,1,0,0.8208237422426679,1,1213,17,0,0,0,0,0
d000143,c_taylor,2,med-features-v1,3081,1,176.00347222222223,1113,0,176,0,6.32373887825761,0.0006944444444444445,1,0,2625,0,1,1,4,1,1113,1.0,1.0,1,0.3846153846153846,0.33333333333333337,1,0,0.8240931635075244,1,1113,17,0,0,0,0,0
d000143,c_chris,3,med-features-v1,3081,1,176.00347222222223,1213,100,192,16,6.891909487265481,0.0006944444444444445,1,0,2625,0,1,1,4,1,1213,1.0,1.0,1,0.33333333333333337,0.33333333333333337,1,0,0.8129599500201632,1,1313,17,0,0,0,0,0
d000131,c_noah,0,med-features-v1,3084,1,176.00694444444446,1216,1116,192,176,6.908818307358453,0.001736111111111111,1,0,2628,0,1,1,5,1,1216,1.0,1.0,1,0.2727272727272727,0.2727272727272727,1,0,0.658070997292394,1,2332,17,0,0,0,0,0
d000131,c_elena,1,med-features-v1,3084,1,176.00694444444446,1216,0,192,0,6.908818307358453,0.0020833333333333333,1,0,2628,0,1,1,5,1,1216,1.0,1.0,1,0.4545454545454546,0.8,1,0,0.8211854873690284,1,1216,17,0,0,0,0,0
d000131,c_taylor,2,med-features-v1,3084,1,176.00694444444446,1116,0,176,0,6.340658907082264,0.0020833333333333333,1,0,2628,0,1,1,5,1,1116,1.0,1.0,1,0.3846153846153846,0.33333333333333337,1,0,0.8244423756612826,1,1116,17,0,0,0,0,0
d000131,c_chris,3,med-features-v1,3084,1,176.00694444444446,1216,100,192,16,6.908818307358453,0.0020833333333333333,1,0,2628,0,1,1,5,1,1216,1.0,1.0,1,0.33333333333333337,0.33333333333333337,1,0,0.8133591673262277,1,1316,17,0,0,0,0,0
d000131,c_lena,4,med-features-v1,3084,1,176.00694444444446,100,0,16,0,0.5681594002761886,4.999305555555556,1,0,2628,0,1,1,5,1,100,1.0,1.0,1,0.4545454545454546,0.8,1,0,0.8244423756612828,1,100,17,0,0,0,0,0
d000025,c_chris,0,med-features-v1,3086,1,176.01388888888889,1218,100,192,16,6.919908466819222,0.00625,1,0,2630,0,1,1,5,1,1218,0.75,1.0,1,0.33333333333333337,0.33333333333333337,1,0,0.19612192141434423,1,1318,21,0,0,0,0,0
d000025,c_noah,1,med-features-v1,3086,1,176.01388888888889,1218,1118,192,176,6.919908466819222,0.005902777777777778,1,0,2630,0,1,1,5,1,1218,0.75,1.0,1,0.2727272727272727,0.2727272727272727,1,0,0.10445868044998616,1,2336,21,0,0,0,0,0
d000025,c_elena,2,med-features-v1,3086,1,176.01388888888889,1218,0,192,0,6.919908466819222,0.00625,1,0,2630,0,1,1,5,1,1218,0.75,1.0,1,0.4545454545454546,0.8,1,0,0.1505259206293914,1,1218,21,0,0,0,0,0
d000025,c_marcus,3,med-features-v1,3086,1,176.01388888888889,100,0,16,0,0.5681369841395092,4.999305555555556,1,0,2630,0,1,1,5,1,100,0.75,1.0,1,0.3076923076923077,0.33333333333333337,1,0,0.852608153983866,1,100,21,0,0,0,0,0
d000025,c_lee,4,med-features-v1,3086,1,176.01388888888889,152,152,24,24,0.863568215892054,0.8878472222222222,1,0,152,0,1,0,5,1,0,0.0,0.0,1,0.4545454545454546,0.5,1,0,0.005658944341691122,1,304,21,0,0,0,0,0
d000144,c_noah,0,med-features-v1,253,1,176.00729166666667,253,253,40,40,1.4374404469511797,0.00034722222222222224,1,0,253,0,1,1,3,1,101,1.0,0.39920948616600793,1,0.2727272727272727,0.2727272727272727,1,0,0.5640680248680233,1,506,16,0,0,0,0,0
d000144,c_taylor,1,med-features-v1,253,1,176.00729166666667,101,0,16,0,0.5738398622216172,0.0006944444444444445,1,0,253,0,1,1,3,1,101,1.0,1.0,1,0.3846153846153846,0.33333333333333337,1,0,0.777045080474315,1,101,16,0,0,0,0,0
d000144,c_chris,2,med-features-v1,253,1,176.00729166666667,101,0,16,0,0.5738398622216172,0.0006944444444444445,1,0,253,0,1,1,3,1,101,1.0,1.0,1,0.33333333333333337,0.33333333333333337,1,0,0.777045080474315,1,101,16,0,0,0,0,0
d000145,c_morgan_zhao,0,med-features-v1,3093,1,176.11875,101,101,16,16,0.5734767025089605,0.00034722222222222224,1,0,2637,0,1,1,1,0,0,0.0,0.0,1,0.8181818181818181,0.8181818181818181,1,1,0.6013887339910062,1,202,15,0,0,0,0,0
d000146,c_noah,0,med-features-v1,3099,1,177.00069444444443,1221,1119,192,176,6.898278019938717,0.00034722222222222224,1,0,2643,0,1,1,4,1,1221,1.0,1.0,1,0.2727272727272727,0.2727272727272727,1,0,0.6907571173544045,1,2340,17,0,0,0,0,0
d000146,c_elena,1,med-features-v1,3099,1,177.00069444444443,1221,0,192,0,6.898278019938717,0.0006944444444444445,1,0,2643,0,1,1,4,1,1221,1.0,1.0,1,0.4545454545454546,0.8,1,0,0.8209813664141177,1,1221,17,0,0,0,0,0
d000146,c_taylor,2,med-features-v1,3099,1,177.00069444444443,1119,0,176,0,6.322009094440151,0.0006944444444444445,1,0,2643,0,1,1,4,1,1119,1.0,1.0,1,0.3846153846153846,0.33333333333333337,1,0,0.8240950367943337,1,1119,17,0,0,0,0,0
d000146,c_chris,3,med-features-v1,3099,1,177.00069444444443,1221,102,192,16,6.898278019938717,0.0006944444444444445,1,0,2643,0,1,1,4,1,1221,1.0,1.0,1,0.33333333333333337,0.33333333333333337,1,0,0.8128796498007326,1,1323,17,0,0,0,0,0
d000147,c_noah,0,med-features-v1,3105,1,177.0048611111111,1227,1125,192,176,6.932013009686646,0.00034722222222222224,1,0,2649,0,1,1,4,1,1227,1.0,1.0,1,0.2727272727272727,0.2727272727272727,1,0,0.6911456866086093,1,2352,17,0,0,0,0,0
d000147,c_elena,1,med-features-v1,3105,1,177.0048611111111,1227,0,192,0,6.932013009686646,0.0006944444444444445,1,0,2649,0,1,1,4,1,1227,1.0,1.0,1,0.4545454545454546,0.8,1,0,0.8216978298132016,1,1227,17,0,0,0,0,0
d000147,c_taylor,2,med-features-v1,3105,1,177.0048611111111,1125,0,176,0,6.355757649468196,0.0006944444444444445,1,0,2649,0,1,1,4,1,1125,1.0,1.0,1,0.3846153846153846,0.33333333333333337,1,0,0.8247875542701854,1,1125,17,0,0,0,0,0
d000147,c_chris,3,med-features-v1,3105,1,177.0048611111111,1227,102,192,16,6.932013009686646,0.0006944444444444445,1,0,2649,0,1,1,4,1,1227,1.0,1.0,1,0.33333333333333337,0.33333333333333337,1,0,0.8136726079048718,1,1329,17,0,0,0,0,0
d000148,c_noah,0,med-features-v1,51,1,175.00069444444443,51,205,8,32,0.2914274149705755,0.00034722222222222224,1,0,51,0,1,1,1,0,0,0.0,0.0,1,0.2727272727272727,0.2727272727272727,1,0,0.6215941252751531,1,256,15,0,0,0,0,0
d000149,c_morgan_shaw,0,med-features-v1,3113,1,177.09791666666666,153,153,24,24,0.863928852917995,0.00034722222222222224,1,0,2657,0,1,1,1,0,0,0.0,0.0,1,0.8181818181818181,0.8181818181818181,1,1,0.6014844081896559,1,306,18,0,0,0,0,0
d000150,c_fac_001,0,med-features-v1,3120,1,177.15972222222223,25,25,4,4,0.14111559719336755,6.9996527777777775,1,0,2658,0,1,1,1,0,0,0.0,0.0,1,0.6666666666666667,0.6666666666666667,1,0,0.4894091999604385,1,50,16,0,0,0,0,0
d000151,c_noah,0,med-features-v1,3126,1,178.0013888888889,1230,1128,192,176,6.910058442115776,0.00034722222222222224,1,0,2664,0,1,1,4,1,1230,1.0,1.0,1,0.2727272727272727,0.2727272727272727,1,0,0.6917227650582826,1,2358,17,0,0,0,0,0
d000151,c_elena,1,med-features-v1,3126,1,178.0013888888889,1230,0,192,0,6.910058442115776,0.0006944444444444445,1,0,2664,0,1,1,4,1,1230,1.0,1.0,1,0.4545454545454546,0.8,1,0,0.8227305477509868,1,1230,17,0,0,0,0,0
d000151,c_taylor,2,med-features-v1,3126,1,178.0013888888889,1128,0,176,0,6.337029205452517,0.0006944444444444445,1,0,2664,0,1,1,4,1,1128,1.0,1.0,1,0.3846153846153846,0.33333333333333337,1,0,0.8258175838100795,1,1128,17,0,0,0,0,0
d000151,c_chris,3,med-features-v1,3126,1,178.0013888888889,1230,102,192,16,6.910058442115776,0.0006944444444444445,1,0,2664,0,1,1,4,1,1230,1.0,1.0,1,0.33333333333333337,0.33333333333333337,1,0,0.8147366406724065,1,1332,17,0,0,0,0,0
d000152,c_noah,0,med-features-v1,3132,1,178.00694444444446,1236,1134,192,176,6.943549330940584,0.001736111111111111,1,0,2670,0,1,1,5,1,1236,1.0,1.0,1,0.2727272727272727,0.2727272727272727,1,0,0.6568805550401843,1,2370,17,0,0,0,0,0
d000152,c_elena,1,med-features-v1,3132,1,178.00694444444446,1236,0,192,0,6.943549330940584,0.0020833333333333333,1,0,2670,0,1,1,5,1,1236,1.0,1.0,1,0.4545454545454546,0.8,1,0,0.8191365074074266,1,1236,17,0,0,0,0,0
d000152,c_taylor,2,med-features-v1,3132,1,178.00694444444446,1134,0,176,0,6.370537978387235,0.0020833333333333333,1,0,2670,0,1,1,5,1,1134,1.0,1.0,1,0.3846153846153846,0.33333333333333337,1,0,0.8223814027777534,1,1134,17,0,0,0,0,0
d000152,c_chris,3,med-features-v1,3132,1,178.00694444444446,1236,102,192,16,6.943549330940584,0.0020833333333333333,1,0,2670,0,1,1,5,1,1236,1.0,1.0,1,0.33333333333333337,0.33333333333333337,1,0,0.8112589823050562,1,1338,17,0,0,0,0,0
d000152,c_lena,4,med-features-v1,3132,1,178.00694444444446,102,0,16,0,0.5730113525533491,1.9993055555555554,1,0,2670,0,1,1,5,1,102,1.0,1.0,1,0.4545454545454546,0.8,1,0,0.8244423756612831,1,102,17,0,0,0,0,0
d000153,c_quinn,0,med-features-v1,179,1,178.04131944444444,25,25,4,4,0.1404168430003179,6.9996527777777775,1,0,179,0,1,1,1,0,0,0.0,0.0,1,0.2727272727272727,0.19999999999999996,1,0,0.7242815864560579,1,50,18,0,0,0,0,0
d000154,c_morgan_zhao,0,med-features-v1,3140,1,178.11805555555554,102,102,16,16,0.5726539046356584,1.9989583333333334,1,0,2678,0,1,1,1,0,0,0.0,0.0,1,0.8181818181818181,0.8181818181818181,1,1,0.6053220514981669,1,204,15,0,0,0,0,0
d000155,c_noah,0,med-features-v1,3147,1,179.00069444444443,1241,1137,192,176,6.932933996997218,0.00034722222222222224,1,0,2685,0,1,1,4,1,1241,1.0,1.0,1,0.2727272727272727,0.2727272727272727,1,0,0.6919057758916844,1,2378,17,0,0,0,0,0
d000155,c_elena,1,med-features-v1,3147,1,179.00069444444443,1241,0,192,0,6.932933996997218,0.0006944444444444445,1,0,2685,0,1,1,4,1,1241,1.0,1.0,1,0.4545454545454546,0.8,1,0,0.8229867955616201,1,1241,17,0,0,0,0,0
d000155,c_taylor,2,med-features-v1,3147,1,179.00069444444443,1137,0,176,0,6.35193066445273,0.0006944444444444445,1,0,2685,0,1,1,4,1,1137,1.0,1.0,1,0.3846153846153846,0.33333333333333337,1,0,0.8261470488818596,1,1137,17,0,0,0,0,0
d000155,c_chris,3,med-features-v1,3147,1,179.00069444444443,1241,104,192,16,6.932933996997218,0.0006944444444444445,1,0,2685,0,1,1,4,1,1241,1.0,1.0,1,0.33333333333333337,0.33333333333333337,1,0,0.814812551069172,1,1345,17,0,0,0,0,0
d000156,c_noah,0,med-features-v1,3153,1,179.0048611111111,1247,1143,192,176,6.966291263039878,0.00034722222222222224,1,0,2691,0,1,1,4,1,1247,1.0,1.0,1,0.2727272727272727,0.2727272727272727,1,0,0.6566897231727895,1,2390,17,0,0,0,0,0
d000156,c_elena,1,med-features-v1,3153,1,179.0048611111111,1247,0,192,0,6.966291263039878,0.0006944444444444445,1,0,2691,0,1,1,4,1,1247,1.0,1.0,1,0.4545454545454546,0.8,1,0,0.8187407141539874,1,1247,17,0,0,0,0,0
d000156,c_taylor,2,med-features-v1,3153,1,179.0048611111111,1143,0,176,0,6.385301454414258,0.0006944444444444445,1,0,2691,0,1,1,4,1,1143,1.0,1.0,1,0.3846153846153846,0.33333333333333337,1,0,0.8220558542519415,1,1143,17,0,0,0,0,0
d000156,c_chris,3,med-features-v1,3153,1,179.0048611111111,1247,104,192,16,6.966291263039878,0.0006944444444444445,1,0,2691,0,1,1,4,1,1247,1.0,1.0,1,0.33333333333333337,0.33333333333333337,1,0,0.8106911828898518,1,1351,17,0,0,0,0,0
d000157,c_maya,0,med-features-v1,129,1,177.95104166666667,129,129,20,20,0.7249184876458296,0.9503472222222222,1,0,129,0,1,1,1,0,0,0.0,0.0,1,0.33333333333333337,0.5,1,0,0.47409775479911814,1,258,14,0,0,0,0,0
d000158,c_morgan_shaw,0,med-features-v1,3161,1,179.09722222222223,154,154,24,24,0.8598681659557967,1.9989583333333334,1,0,2699,0,1,1,1,0,0,0.0,0.0,1,0.8181818181818181,0.8181818181818181,1,1,0.5641081019537365,1,308,17,0,0,0,0,0
d000159,c_ren,0,med-features-v1,3167,1,179.13888888888889,154,154,24,24,0.8596681656070709,1.9989583333333334,1,0,154,0,1,0,1,0,0,0.0,0.0,1,0.4545454545454546,0.5,1,0,0.7399731790048968,1,308,14,0,0,0,0,0
d000160,c_noah,0,med-features-v1,3174,1,182.0013888888889,1250,1146,192,176,6.868079456048107,0.00034722222222222224,1,0,2706,0,1,1,4,1,1250,1.0,1.0,1,0.2727272727272727,0.2727272727272727,1,0,0.6564965099802512,1,2396,17,0,0,0,0,0
d000160,c_elena,1,med-features-v1,3174,1,182.0013888888889,1250,0,192,0,6.868079456048107,0.0006944444444444445,1,0,2706,0,1,1,4,1,1250,1.0,1.0,1,0.4545454545454546,0.8,1,0,0.8184269333710418,1,1250,17,0,0,0,0,0
d000160,c_taylor,2,med-features-v1,3174,1,182.0013888888889,1146,0,176,0,6.296655245304905,0.0006944444444444445,1,0,2706,0,1,1,4,1,1146,1.0,1.0,1,0.3846153846153846,0.33333333333333337,1,0,0.821720908256462,1,1146,17,0,0,0,0,0
d000160,c_chris,3,med-features-v1,3174,1,182.0013888888889,1250,104,192,16,6.868079456048107,0.0006944444444444445,1,0,2706,0,1,1,4,1,1250,1.0,1.0,1,0.33333333333333337,0.33333333333333337,1,0,0.8104212822310333,1,1354,17,0,0,0,0,0
d000161,c_priya,0,med-features-v1,3180,1,182.02083333333334,156,156,24,24,0.8570447522032734,2.9989583333333334,1,0,2712,0,1,1,2,1,156,1.0,1.0,1,0.4545454545454546,0.4,1,0,0.6983031237899912,1,312,18,0,0,0,0,0
d000161,c_quinn,1,med-features-v1,3180,1,182.02083333333334,156,0,24,0,0.8570447522032734,2.9993055555555554,1,0,2712,0,1,1,2,1,156,1.0,1.0,1,0.2727272727272727,0.19999999999999996,1,0,0.777520669367644,1,156,18,0,0,0,0,0
d000162,c_alex_chan,0,med-features-v1,3183,1,182.08402777777778,157,157,24,24,0.8622392744497542,0.00034722222222222224,1,0,2715,0,1,1,1,0,0,0.0,0.0,1,0.8888888888888888,0.8888888888888888,1,1,0.5623158732070204,1,314,18,0,0,0,0,0
d000163,c_lee,0,med-features-v1,3189,1,182.12569444444443,157,157,24,24,0.8620420115838803,0.00034722222222222224,1,0,157,0,1,0,1,0,0,0.0,0.0,1,0.4545454545454546,0.5,1,0,0.5745193503709327,1,314,16,0,0,0,0,0
d000164,c_fac_004,0,med-features-v1,3195,1,182.18055555555554,26,26,4,4,0.14271555996035679,6.9996527777777775,1,0,2721,0,1,1,1,0,0,0.0,0.0,1,0.6666666666666667,0.6666666666666667,1,0,0.6669382461223632,1,52,18,0,0,0,0,0
d000165,c_noah,0,med-features-v1,3202,1,183.00277777777777,1260,1156,192,176,6.885141391296429,0.00034722222222222224,1,0,2728,0,1,1,4,1,1260,1.0,1.0,1,0.2727272727272727,0.2727272727272727,1,0,0.6572935275207431,1,2416,17,0,0,0,0,0
d000165,c_elena,1,med-features-v1,3202,1,183.00277777777777,1260,0,192,0,6.885141391296429,0.0006944444444444445,1,0,2728,0,1,1,4,1,1260,1.0,1.0,1,0.4545454545454546,0.8,1,0,0.8198392550257567,1,1260,17,0,0,0,0,0
d000165,c_taylor,2,med-features-v1,3202,1,183.00277777777777,1156,0,176,0,6.316844006617994,0.0006944444444444445,1,0,2728,0,1,1,4,1,1156,1.0,1.0,1,0.3846153846153846,0.33333333333333337,1,0,0.8230957676418799,1,1156,17,0,0,0,0,0
d000165,c_chris,3,med-features-v1,3202,1,183.00277777777777,1260,104,192,16,6.885141391296429,0.0006944444444444445,1,0,2728,0,1,1,4,1,1260,1.0,1.0,1,0.33333333333333337,0.33333333333333337,1,0,0.811953525175288,1,1364,17,0,0,0,0,0
d000166,c_chris,0,med-features-v1,3208,1,183.01388888888889,1266,104,192,16,6.91750777870532,0.00625,1,0,2734,0,1,1,4,1,1266,1.0,1.0,1,0.33333333333333337,0.33333333333333337,1,0,0.1978716463731552,1,1370,16,0,0,0,0,0
d000166,c_noah,1,med-features-v1,3208,1,183.01388888888889,1266,1162,192,176,6.91750777870532,0.005902777777777778,1,0,2734,0,1,1,4,1,1266,1.0,1.0,1,0.2727272727272727,0.2727272727272727,1,0,0.11563048110427983,1,2428,16,0,0,0,0,0
d000166,c_elena,2,med-features-v1,3208,1,183.01388888888889,1266,0,192,0,6.91750777870532,0.00625,1,0,2734,0,1,1,4,1,1266,1.0,1.0,1,0.4545454545454546,0.8,1,0,0.1614652872586144,1,1266,16,0,0,0,0,0
d000166,c_marcus,3,med-features-v1,3208,1,183.01388888888889,104,0,16,0,0.5682628822949078,4.999305555555556,1,0,2734,0,1,1,4,1,104,1.0,1.0,1,0.3076923076923077,0.33333333333333337,1,0,0.7624396716743336,1,104,16,0,0,0,0,0
d000167,c_alex_chen,0,med-features-v1,3211,1,183.10486111111112,131,131,20,20,0.7154370408577355,0.00034722222222222224,1,0,2737,0,1,1,1,0,0,0.0,0.0,1,0.8888888888888888,0.8888888888888888,1,1,0.5667175183047245,1,262,14,0,0,0,0,0
d000168,c_fac_005,0,med-features-v1,3217,1,183.1875,26,26,4,4,0.1419310815421358,6.9996527777777775,1,0,2743,0,1,1,1,0,0,0.0,0.0,1,0.7692307692307692,0.7692307692307692,1,0,0.6670340527596728,1,52,18,0,0,0,0,0
d000169,c_noah,0,med-features-v1,3223,1,184.00208333333333,1271,1165,192,176,6.907530485388526,0.00034722222222222224,1,0,2749,0,1,1,4,1,1271,1.0,1.0,1,0.2727272727272727,0.2727272727272727,1,0,0.691885972231752,1,2436,17,0,0,0,0,0
d000169,c_elena,1,med-features-v1,3223,1,184.00208333333333,1271,0,192,0,6.907530485388526,0.0006944444444444445,1,0,2749,0,1,1,4,1,1271,1.0,1.0,1,0.4545454545454546,0.8,1,0,0.8229825505717332,1,1271,17,0,0,0,0,0
d000169,c_taylor,2,med-features-v1,3223,1,184.00208333333333,1165,0,176,0,6.331450051516627,0.0006944444444444445,1,0,2749,0,1,1,4,1,1165,1.0,1.0,1,0.3846153846153846,0.33333333333333337,1,0,0.826106166668116,1,1165,17,0,0,0,0,0
d000169,c_chris,3,med-features-v1,3223,1,184.00208333333333,1271,106,192,16,6.907530485388526,0.0006944444444444445,1,0,2749,0,1,1,4,1,1271,1.0,1.0,1,0.33333333333333337,0.33333333333333337,1,0,0.8148931901607446,1,1377,17,0,0,0,0,0
d000070,c_noah,0,med-features-v1,3224,1,184.00277777777777,1272,1166,192,176,6.912939116257303,0.00034722222222222224,1,0,2750,0,1,1,5,1,1272,0.75,1.0,1,0.2727272727272727,0.2727272727272727,1,0,0.6569104675650462,1,2438,17,0,0,0,0,0
d000070,c_elena,1,med-features-v1,3224,1,184.00277777777777,1272,0,192,0,6.912939116257303,0.0006944444444444445,1,0,2750,0,1,1,5,1,1272,0.75,1.0,1,0.4545454545454546,0.8,1,0,0.8191224571699341,1,1272,17,0,0,0,0,0
d000070,c_taylor,2,med-features-v1,3224,1,184.00277777777777,1166,0,176,0,6.336860856569195,0.0006944444444444445,1,0,2750,0,1,1,5,1,1166,0.75,1.0,1,0.3846153846153846,0.33333333333333337,1,0,0.8224381090676806,1,1166,17,0,0,0,0,0
d000070,c_chris,3,med-features-v1,3224,1,184.00277777777777,1272,106,192,16,6.912939116257303,0.0006944444444444445,1,0,2750,0,1,1,5,1,1272,0.75,1.0,1,0.33333333333333337,0.33333333333333337,1,0,0.8110844400252565,1,1378,17,0,0,0,0,0
d000070,c_jamie_li,4,med-features-v1,3224,1,184.00277777777777,106,106,16,16,0.5760782596881087,0.890625,1,0,2750,0,1,1,5,1,0,0.0,0.0,1,0.7777777777777778,0.7777777777777778,1,0,0.016736698284929383,1,212,17,0,0,0,0,0
d000170,c_elena,0,med-features-v1,1487,1,184.028125,265,265,40,40,1.4399972830239944,0.00034722222222222224,1,0,1487,0,1,1,3,1,159,1.0,0.6,1,0.4545454545454546,0.8,1,0,0.6728961242231611,1,530,17,0,0,0,0,0
d000170,c_taylor,1,med-features-v1,1487,1,184.028125,211,52,32,8,1.1465638744077842,0.0006944444444444445,1,0,1487,0,1,1,3,1,159,1.0,0.7535545023696683,1,0.3846153846153846,0.33333333333333337,1,0,0.8008272780052903,1,263,17,0,0,0,0,0
d000170,c_lena,2,med-features-v1,1487,1,184.028125,159,0,24,0,0.8639983698143966,0.0006944444444444445,1,0,1487,0,1,1,3,1,159,1.0,1.0,1,0.4545454545454546,0.8,1,0,0.8547125994729349,1,159,17,0,0,0,0,0
d000171,c_jamie_lee,0,med-features-v1,3233,1,184.09097222222223,159,159,24,24,0.8637034075091194,0.00034722222222222224,1,0,2759,0,1,1,1,0,0,0.0,0.0,1,0.7777777777777778,0.7777777777777778,1,0,0.6061214409813438,1,318,18,0,0,0,0,0
d000172,c_pat,0,med-features-v1,3239,1,184.1326388888889,159,159,24,24,0.8635079633869003,0.00034722222222222224,1,0,159,0,1,0,1,0,0,0.0,0.0,1,0.33333333333333337,0.33333333333333337,1,0,0.6703258523703175,1,318,14,0,0,0,0,0
d000173,c_fac_016,0,med-features-v1,3245,1,184.26388888888889,26,26,4,4,0.14110198236225222,6.9996527777777775,1,0,2765,0,1,1,1,0,0,0.0,0.0,1,0.6666666666666667,0.6666666666666667,1,0,0.7075739562252616,1,52,16,0,0,0,0,0
d000101,c_new_018,0,med-features-v1,3246,1,184.375,0,0,0,0,0.0,3650.0,0,1,2766,0,1,1,1,0,0,0.0,0.0,0,0.6666666666666667,0.6666666666666667,1,0,0.0,0,0,14,0,0,0,0,0
d000105,c_new_022,0,med-features-v1,3247,1,184.41666666666666,0,0,0,0,0.0,3650.0,0,1,0,1,0,0,1,0,0,0.0,0.0,0,0.75,0.75,1,0,0.0,0,0,13,0,0,0,0,0
d000109,c_fac_005,0,med-features-v1,3248,1,184.45833333333334,27,27,4,4,0.14637451999096454,1.2704861111111112,1,0,2767,0,1,1,1,0,0,0.0,0.0,1,0.7692307692307692,0.7692307692307692,1,0,0.08336182853050374,1,54,17,0,0,0,0,0
d000113,c_maya,0,med-features-v1,0,0,0.0,0,0,0,0,0.0,3650.0,0,1,0,1,1,1,2,1,0,0.0,0.0,0,0.33333333333333337,0.5,1,0,0.0,0,0,14,0,0,0,0,0
d000113,c_noah,1,med-features-v1,0,0,0.0,0,0,0,0,0.0,3650.0,0,1,0,1,1,1,2,1,0,0.0,0.0,0,0.2727272727272727,0.2727272727272727,1,0,0.0,0,0,14,0,0,0,0,0
d000117,c_noah,0,med-features-v1,3250,1,184.52083333333334,1276,1170,192,176,6.915208309811448,0.515625,1,0,2769,0,1,1,1,0,0,0.0,0.0,1,0.2727272727272727,0.2727272727272727,1,0,0.0,0,2446,0,0,1,1,1,0
d000174,c_noah,0,med-features-v1,3256,1,185.00347222222223,1282,1175,193,176,6.929599669675869,0.00034722222222222224,1,0,2775,0,1,1,4,1,1281,1.0,0.999219968798752,1,0.2727272727272727,0.2727272727272727,1,0,0.6563434291203792,1,2456,17,0,0,0,0,0
d000174,c_elena,1,med-features-v1,3256,1,185.00347222222223,1281,0,192,0,6.924194365721364,0.0006944444444444445,1,0,2775,0,1,1,4,1,1281,1.0,1.0,1,0.4545454545454546,0.8,1,0,0.8182013479305525,1,1281,17,0,0,0,0,0
d000174,c_taylor,2,med-features-v1,3256,1,185.00347222222223,1175,0,176,0,6.351232146543796,0.0006944444444444445,1,0,2775,0,1,1,4,1,1175,1.0,1.0,1,0.3846153846153846,0.33333333333333337,1,0,0.8214552860813961,1,1175,17,0,0,0,0,0
d000174,c_chris,3,med-features-v1,3256,1,185.00347222222223,1281,106,192,16,6.924194365721364,0.0006944444444444445,1,0,2775,0,1,1,4,1,1281,1.0,1.0,1,0.33333333333333337,0.33333333333333337,1,0,0.8102912121837528,1,1387,17,0,0,0,0,0
d000026,c_chris,0,med-features-v1,3261,1,185.01388888888889,1286,106,192,16,6.9508295173035055,0.00625,1,0,2780,0,1,1,5,1,1286,0.75,1.0,1,0.33333333333333337,0.33333333333333337,1,0,0.19715951399115977,1,1392,21,0,0,0,0,0
d000026,c_noah,1,med-features-v1,3261,1,185.01388888888889,1287,1180,193,176,6.956234516928158,0.005902777777777778,1,0,2780,0,1,1,5,1,1286,0.75,0.9992229992229992,1,0.2727272727272727,0.2727272727272727,1,0,0.10484636443930492,1,2466,21,0,0,0,0,0
d000026,c_elena,2,med-features-v1,3261,1,185.01388888888889,1286,0,192,0,6.9508295173035055,0.00625,1,0,2780,0,1,1,5,1,1286,0.75,1.0,1,0.4545454545454546,0.8,1,0,0.15126439633052757,1,1286,21,0,0,0,0,0
d000026,c_marcus,3,med-features-v1,3261,1,185.01388888888889,106,0,16,0,0.5729299602131972,1.9993055555555554,1,0,2780,0,1,1,5,1,106,0.75,1.0,1,0.3076923076923077,0.33333333333333337,1,0,0.8574825158239298,1,106,21,0,0,0,0,0
d000026,c_pat,4,med-features-v1,3261,1,185.01388888888889,160,160,24,24,0.8647999399444486,0.8809027777777778,1,0,160,0,1,0,5,1,0,0.0,0.0,1,0.33333333333333337,0.33333333333333337,1,0,0.005713582048965548,1,320,21,0,0,0,0,0
d000175,c_noah,0,med-features-v1,267,1,185.00729166666667,267,267,40,40,1.4431863608979376,0.00034722222222222224,1,0,267,0,1,1,3,1,107,1.0,0.40074906367041196,1,0.2727272727272727,0.2727272727272727,1,0,0.6201020137988713,1,534,16,0,0,0,0,0
d000175,c_taylor,1,med-features-v1,267,1,185.00729166666667,107,0,16,0,0.5783555828317577,0.0006944444444444445,1,0,267,0,1,1,3,1,107,1.0,1.0,1,0.3846153846153846,0.33333333333333337,1,0,0.8538772517508134,1,107,16,0,0,0,0,0
d000175,c_chris,2,med-features-v1,267,1,185.00729166666667,107,0,16,0,0.5783555828317577,0.0006944444444444445,1,0,267,0,1,1,3,1,107,1.0,1.0,1,0.33333333333333337,0.33333333333333337,1,0,0.8538772517508134,1,107,16,0,0,0,0,0
d000176,c_jamie_li,0,med-features-v1,3266,1,185.11180555555555,107,107,16,16,0.5780290440086885,0.00034722222222222224,1,0,2785,0,1,1,1,0,0,0.0,0.0,1,0.7777777777777778,0.7777777777777778,1,0,0.6862349760815802,1,214,15,0,0,0,0,0
d000177,c_fac_017,0,med-features-v1,3272,1,185.27083333333334,26,26,4,4,0.1403350950185539,6.9996527777777775,1,0,2791,0,1,1,1,0,0,0.0,0.0,1,0.8181818181818181,0.8181818181818181,1,1,0.7329487561894421,1,52,16,0,0,0,0,0
d000178,c_noah,0,med-features-v1,3278,1,186.00347222222223,1294,1185,193,176,6.956859377625118,0.00034722222222222224,1,0,2797,0,1,1,4,1,1293,1.0,0.999227202472952,1,0.2727272727272727,0.2727272727272727,1,0,0.6918575533054814,1,2478,17,0,0,0,0,0
d000178,c_elena,1,med-features-v1,3278,1,186.00347222222223,1293,0,192,0,6.95148313390207,0.0006944444444444445,1,0,2797,0,1,1,4,1,1293,1.0,1.0,1,0.4545454545454546,0.8,1,0,0.8229224950051237,1,1293,17,0,0,0,0,0
d000178,c_taylor,2,med-features-v1,3278,1,186.00347222222223,1185,0,176,0,6.370848811812802,0.0006944444444444445,1,0,2797,0,1,1,4,1,1185,1.0,1.0,1,0.3846153846153846,0.33333333333333337,1,0,0.8260781454141997,1,1185,17,0,0,0,0,0
d000178,c_chris,3,med-features-v1,3278,1,186.00347222222223,1293,108,192,16,6.95148313390207,0.0006944444444444445,1,0,2797,0,1,1,4,1,1293,1.0,1.0,1,0.33333333333333337,0.33333333333333337,1,0,0.8147944141539019,1,1401,17,0,0,0,0,0
d000050,c_fac_002,0,med-features-v1,3282,1,186.02152777777778,27,27,4,4,0.14514449119165568,0.8545138888888889,1,0,2801,0,1,1,1,0,0,0.0,0.0,1,0.7692307692307692,0.7692307692307692,1,0,0.014010616168937626,1,54,14,0,0,0,0,0
d000179,c_avery,0,med-features-v1,213,1,185.96493055555555,53,53,8,8,0.28499997199292726,2.999652777777778,1,0,213,0,1,1,2,1,53,1.0,1.0,1,0.41666666666666663,0.25,1,0,0.582206672270348,1,106,18,0,0,0,0,0
d000179,c_devon,1,med-features-v1,213,1,185.96493055555555,53,0,8,0,0.28499997199292726,3.0,1,0,213,0,1,1,2,1,53,1.0,1.0,1,0.4545454545454546,0.4,1,0,0.7475020843464084,1,53,18,0,0,0,0,0
d000180,c_morgan_shaw,0,med-features-v1,3288,1,186.09722222222223,160,160,24,24,0.859765654153295,1.9989583333333334,1,0,2807,0,1,1,1,0,0,0.0,0.0,1,0.8181818181818181,0.8181818181818181,1,1,0.6140582383397976,1,320,18,0,0,0,0,0
d000181,c_ren,0,med-features-v1,3294,1,186.13888888888889,160,160,24,24,0.8595731980301448,1.9989583333333334,1,0,160,0,1,0,1,0,0,0.0,0.0,1,0.4545454545454546,0.5,1,0,0.554077482270749,1,320,16,0,0,0,0,0
d000182,c_noah,0,med-features-v1,3300,1,189.00069444444443,1298,1189,193,176,6.867699633672716,0.00034722222222222224,1,0,2813,0,1,1,4,1,1297,1.0,0.9992295839753467,1,0.2727272727272727,0.2727272727272727,1,0,0.6922197203444717,1,2486,17,0,0,0,0,0
d000182,c_elena,1,med-features-v1,3300,1,189.00069444444443,1297,0,192,0,6.862408647822429,0.0006944444444444445,1,0,2813,0,1,1,4,1,1297,1.0,1.0,1,0.4545454545454546,0.8,1,0,0.8235797427796839,1,1297,17,0,0,0,0,0
d000182,c_taylor,2,med-features-v1,3300,1,189.00069444444443,1189,0,176,0,6.2909821759914175,0.0006944444444444445,1,0,2813,0,1,1,4,1,1189,1.0,1.0,1,0.3846153846153846,0.33333333333333337,1,0,0.8267228326623245,1,1189,17,0,0,0,0,0
d000182,c_chris,3,med-features-v1,3300,1,189.00069444444443,1297,108,192,16,6.862408647822429,0.0006944444444444445,1,0,2813,0,1,1,4,1,1297,1.0,1.0,1,0.33333333333333337,0.33333333333333337,1,0,0.8154981572711526,1,1405,17,0,0,0,0,0
d000183,c_noah,0,med-features-v1,3306,1,189.0048611111111,1304,1195,193,176,6.899293448507718,0.00034722222222222224,1,0,2819,0,1,1,4,1,1303,1.0,0.9992331288343558,1,0.2727272727272727,0.2727272727272727,1,0,0.6925768578899292,1,2498,17,0,0,0,0,0
d000183,c_elena,1,med-features-v1,3306,1,189.0048611111111,1303,0,192,0,6.89400257929874,0.0006944444444444445,1,0,2819,0,1,1,4,1,1303,1.0,1.0,1,0.4545454545454546,0.8,1,0,0.8242371821326169,1,1303,17,0,0,0,0,0
d000183,c_taylor,2,med-features-v1,3306,1,189.0048611111111,1195,0,176,0,6.322588704729082,0.0006944444444444445,1,0,2819,0,1,1,4,1,1195,1.0,1.0,1,0.3846153846153846,0.33333333333333337,1,0,0.8273572500591131,1,1195,17,0,0,0,0,0
d000183,c_chris,3,med-features-v1,3306,1,189.0048611111111,1303,108,192,16,6.89400257929874,0.0006944444444444445,1,0,2819,0,1,1,4,1,1303,1.0,1.0,1,0.33333333333333337,0.33333333333333337,1,0,0.8162277176739371,1,1411,17,0,0,0,0,0
d000184,c_alex_chan,0,med-features-v1,3309,1,189.08333333333334,162,162,24,24,0.8567650947553989,2.9989583333333334,1,0,2822,0,1,1,1,0,0,0.0,0.0,1,0.8888888888888888,0.8888888888888888,1,1,0.5941180174138413,1,324,17,0,0,0,0,0
d000185,c_lee,0,med-features-v1,3316,1,189.12569444444443,163,163,24,24,0.8618606820126239,0.00034722222222222224,1,0,163,0,1,0,1,0,0,0.0,0.0,1,0.4545454545454546,0.5,1,0,0.7290296195738358,1,326,14,0,0,0,0,0
d000186,c_fac_004,0,med-features-v1,3322,1,189.18055555555554,27,27,4,4,0.1427207987666104,6.9996527777777775,1,0,2829,0,1,1,1,0,0,0.0,0.0,1,0.6666666666666667,0.6666666666666667,1,0,0.6788182297105921,1,54,18,0,0,0,0,0
d000187,c_noah,0,med-features-v1,3328,1,190.00208333333333,1308,1199,193,176,6.884135042378921,0.00034722222222222224,1,0,2835,0,1,1,4,1,1307,1.0,0.9992354740061162,1,0.2727272727272727,0.2727272727272727,1,0,0.6563823534134052,1,2506,17,0,0,0,0,0
d000187,c_elena,1,med-features-v1,3328,1,190.00208333333333,1307,0,192,0,6.878871942193617,0.0006944444444444445,1,0,2835,0,1,1,4,1,1307,1.0,1.0,1,0.4545454545454546,0.8,1,0,0.8182786271125163,1,1307,17,0,0,0,0,0
d000187,c_taylor,2,med-features-v1,3328,1,190.00208333333333,1199,0,176,0,6.310457122180678,0.0006944444444444445,1,0,2835,0,1,1,4,1,1199,1.0,1.0,1,0.3846153846153846,0.33333333333333337,1,0,0.821515299640673,1,1199,17,0,0,0,0,0
d000187,c_chris,3,med-features-v1,3328,1,190.00208333333333,1307,108,192,16,6.878871942193617,0.0006944444444444445,1,0,2835,0,1,1,4,1,1307,1.0,1.0,1,0.33333333333333337,0.33333333333333337,1,0,0.8103783865556974,1,1415,17,0,0,0,0,0
d000188,c_noah,0,med-features-v1,3334,1,190.0076388888889,1314,1205,193,176,6.915511437771142,0.00034722222222222224,1,0,2841,0,1,1,5,1,1313,1.0,0.9992389649923896,1,0.2727272727272727,0.2727272727272727,1,0,0.657141928073549,1,2518,17,0,0,0,0,0
d000188,c_elena,1,med-features-v1,3334,1,190.0076388888889,1313,0,192,0,6.910248491471468,0.0006944444444444445,1,0,2841,0,1,1,5,1,1313,1.0,1.0,1,0.4545454545454546,0.8,1,0,0.8196048416718781,1,1313,17,0,0,0,0,0
d000188,c_taylor,2,med-features-v1,3334,1,190.0076388888889,1205,0,176,0,6.341850291106717,0.0006944444444444445,1,0,2841,0,1,1,5,1,1205,1.0,1.0,1,0.3846153846153846,0.33333333333333337,1,0,0.8228270100748724,1,1205,17,0,0,0,0,0
d000188,c_chris,3,med-features-v1,3334,1,190.0076388888889,1313,108,192,16,6.910248491471468,0.0006944444444444445,1,0,2841,0,1,1,5,1,1313,1.0,1.0,1,0.33333333333333337,0.33333333333333337,1,0,0.8117678401810192,1,1421,17,0,0,0,0,0
d000188,c_lena,4,med-features-v1,3334,1,190.0076388888889,109,0,16,0,0.573661146664425,0.0006944444444444445,1,0,2841,0,1,1,5,1,109,1.0,1.0,1,0.4545454545454546,0.8,1,0,0.8136045527086626,1,109,17,0,0,0,0,0
d000189,c_alex_chen,0,med-features-v1,3337,1,190.10416666666666,135,135,20,20,0.7101369863013699,4.048263888888889,1,0,2844,0,1,1,1,0,0,0.0,0.0,1,0.8888888888888888,0.8888888888888888,1,1,0.5735268284606297,1,270,14,0,0,0,0,0
d000190,c_fac_005,0,med-features-v1,3344,1,190.1875,28,28,5,5,0.1472231350640815,5.7288194444444445,1,0,2851,0,1,1,1,0,0,0.0,0.0,1,0.7692307692307692,0.7692307692307692,1,0,0.6763335527465488,1,56,18,0,0,0,0,0
d000191,c_noah,0,med-features-v1,3350,1,191.00208333333333,1320,1209,193,176,6.910919383514578,0.00034722222222222224,1,0,2857,0,1,1,4,1,1319,1.0,0.9992424242424243,1,0.2727272727272727,0.2727272727272727,1,0,0.6578928411426468,1,2528,17,0,0,0,0,0
d000191,c_elena,1,med-features-v1,3350,1,191.00208333333333,1319,0,192,0,6.905683838527067,0.0006944444444444445,1,0,2857,0,1,1,4,1,1319,1.0,1.0,1,0.4545454545454546,0.8,1,0,0.8207936636435692,1,1319,17,0,0,0,0,0
d000191,c_taylor,2,med-features-v1,3350,1,191.00208333333333,1209,0,176,0,6.329773889900852,0.0006944444444444445,1,0,2857,0,1,1,4,1,1209,1.0,1.0,1,0.3846153846153846,0.33333333333333337,1,0,0.8241209039655576,1,1209,17,0,0,0,0,0
d000191,c_chris,3,med-features-v1,3350,1,191.00208333333333,1319,110,192,16,6.905683838527067,0.0006944444444444445,1,0,2857,0,1,1,4,1,1319,1.0,1.0,1,0.33333333333333337,0.33333333333333337,1,0,0.8127000073949462,1,1429,17,0,0,0,0,0
d000192,c_priya,0,med-features-v1,3356,1,191.02152777777778,165,165,24,24,0.8637769884866089,0.00034722222222222224,1,0,2863,0,1,1,2,1,165,1.0,1.0,1,0.4545454545454546,0.4,1,0,0.7005982188283711,1,330,18,0,0,0,0,0
d000192,c_quinn,1,med-features-v1,3356,1,191.02152777777778,165,0,24,0,0.8637769884866089,0.0006944444444444445,1,0,2863,0,1,1,2,1,165,1.0,1.0,1,0.2727272727272727,0.19999999999999996,1,0,0.7816612788496974,1,165,18,0,0,0,0,0
d000193,c_alex_chan,0,med-features-v1,3358,1,191.08402777777778,165,165,24,24,0.8634944632415205,0.00034722222222222224,1,0,2865,0,1,1,1,0,0,0.0,0.0,1,0.8888888888888888,0.8888888888888888,1,1,0.5745706147646364,1,330,18,0,0,0,0,0
d000194,c_lee,0,med-features-v1,3364,1,191.12569444444443,165,165,24,24,0.8633062157320844,0.00034722222222222224,1,0,165,0,1,0,1,0,0,0.0,0.0,1,0.4545454545454546,0.5,1,0,0.5710835879920438,1,330,16,0,0,0,0,0
d000195,c_fac_011,0,med-features-v1,3371,1,191.22916666666666,27,27,4,4,0.14119185096415732,6.9996527777777775,1,0,2872,0,1,1,1,0,0,0.0,0.0,1,0.6666666666666667,0.6666666666666667,1,0,0.5698983993919862,1,54,16,0,0,0,0,0
d000196,c_noah,0,med-features-v1,3377,1,192.00277777777777,1329,1218,193,176,6.921774858581329,0.00034722222222222224,1,0,2878,0,1,1,4,1,1328,1.0,0.999247554552295,1,0.2727272727272727,0.2727272727272727,1,0,0.6916455080108368,1,2546,17,0,0,0,0,0
d000196,c_elena,1,med-features-v1,3377,1,192.00277777777777,1328,0,192,0,6.91656660059895,0.0006944444444444445,1,0,2878,0,1,1,4,1,1328,1.0,1.0,1,0.4545454545454546,0.8,1,0,0.8226005487118717,1,1328,17,0,0,0,0,0
d000196,c_taylor,2,med-features-v1,3377,1,192.00277777777777,1218,0,176,0,6.34365822253729,0.0006944444444444445,1,0,2878,0,1,1,4,1,1218,1.0,1.0,1,0.3846153846153846,0.33333333333333337,1,0,0.8257161351349378,1,1218,17,0,0,0,0,0
d000196,c_chris,3,med-features-v1,3377,1,192.00277777777777,1328,110,192,16,6.91656660059895,0.0006944444444444445,1,0,2878,0,1,1,4,1,1328,1.0,1.0,1,0.33333333333333337,0.33333333333333337,1,0,0.8146048263589113,1,1438,17,0,0,0,0,0
d000197,c_chris,0,med-features-v1,3383,1,192.01388888888889,1334,110,192,16,6.947414104882459,0.00625,1,0,2884,0,1,1,4,1,1334,1.0,1.0,1,0.33333333333333337,0.33333333333333337,1,0,0.19869176939184122,1,1444,21,0,0,0,0,0
d000197,c_noah,1,med-features-v1,3383,1,192.01388888888889,1335,1224,193,176,6.952622061482821,0.005902777777777778,1,0,2884,0,1,1,4,1,1334,1.0,0.9992509363295881,1,0.2727272727272727,0.2727272727272727,1,0,0.10551442047843983,1,2558,21,0,0,0,0,0
d000197,c_elena,2,med-features-v1,3383,1,192.01388888888889,1334,0,192,0,6.947414104882459,0.00625,1,0,2884,0,1,1,4,1,1334,1.0,1.0,1,0.4545454545454546,0.8,1,0,0.15248894929095036,1,1334,21,0,0,0,0,0
d000197,c_marcus,3,med-features-v1,3383,1,192.01388888888889,110,0,16,0,0.572875226039783,1.9993055555555554,1,0,2884,0,1,1,4,1,110,1.0,1.0,1,0.3076923076923077,0.33333333333333337,1,0,0.8690330222931385,1,110,21,0,0,0,0,0
d000198,c_alex_chen,0,med-features-v1,3385,1,192.10416666666666,137,137,20,20,0.7131547554495175,1.9989583333333334,1,0,2886,0,1,1,1,0,0,0.0,0.0,1,0.8888888888888888,0.8888888888888888,1,1,0.6511553020506726,1,274,15,0,0,0,0,0
d000199,c_fac_002,0,med-features-v1,3391,1,192.16666666666666,27,27,4,4,0.14050303555941024,6.9996527777777775,1,0,2892,0,1,1,1,0,0,0.0,0.0,1,0.7692307692307692,0.7692307692307692,1,0,0.6253404875135545,1,54,18,0,0,0,0,0
d000200,c_noah,0,med-features-v1,3398,1,193.00208333333333,1340,1227,193,176,6.9429302360725815,0.00034722222222222224,1,0,2899,0,1,1,4,1,1339,1.0,0.9992537313432835,1,0.2727272727272727,0.2727272727272727,1,0,0.6567904773695983,1,2566,17,0,0,0,0,0
d000200,c_elena,1,med-features-v1,3398,1,193.00208333333333,1339,0,192,0,6.937748944851632,0.0006944444444444445,1,0,2899,0,1,1,4,1,1339,1.0,1.0,1,0.4545454545454546,0.8,1,0,0.8188951786881408,1,1339,17,0,0,0,0,0
d000200,c_taylor,2,med-features-v1,3398,1,193.00208333333333,1227,0,176,0,6.357444328105267,0.0006944444444444445,1,0,2899,0,1,1,4,1,1227,1.0,1.0,1,0.3846153846153846,0.33333333333333337,1,0,0.8222196967054061,1,1227,17,0,0,0,0,0
d000200,c_chris,3,med-features-v1,3398,1,193.00208333333333,1339,112,192,16,6.937748944851632,0.0006944444444444445,1,0,2899,0,1,1,4,1,1339,1.0,1.0,1,0.33333333333333337,0.33333333333333337,1,0,0.8107717628479272,1,1451,17,0,0,0,0,0
d000201,c_priya,0,med-features-v1,3404,1,193.02152777777778,167,167,24,24,0.8651884684710615,0.00034722222222222224,1,0,2905,0,1,1,2,1,167,1.0,1.0,1,0.4545454545454546,0.4,1,0,0.7038107308951826,1,334,18,0,0,0,0,0
d000201,c_quinn,1,med-features-v1,3404,1,193.02152777777778,167,0,24,0,0.8651884684710615,0.0006944444444444445,1,0,2905,0,1,1,2,1,167,1.0,1.0,1,0.2727272727272727,0.19999999999999996,1,0,0.7874417859540814,1,167,18,0,0,0,0,0
d000202,c_alex_chan,0,med-features-v1,3406,1,193.08333333333334,166,166,24,24,0.8597324126025032,1.9989583333333334,1,0,2907,0,1,1,1,0,0,0.0,0.0,1,0.8888888888888888,0.8888888888888888,1,1,0.5885624952513372,1,332,17,0,0,0,0,0
d000203,c_lee,0,med-features-v1,3412,1,193.125,166,166,24,24,0.859546925566343,1.9989583333333334,1,0,166,0,1,0,1,0,0,0.0,0.0,1,0.4545454545454546,0.5,1,0,0.7305958805317591,1,332,14,0,0,0,0,0
d000204,c_fac_003,0,med-features-v1,3418,1,193.17361111111111,27,27,4,4,0.13977064385088256,6.9996527777777775,1,0,2913,0,1,1,1,0,0,0.0,0.0,1,0.7272727272727273,0.7272727272727273,1,0,0.4087821269990815,1,54,18,0,0,0,0,0
d000071,c_noah,0,med-features-v1,3421,1,196.0,1345,1232,193,176,6.862244897959184,2.9947916666666665,1,0,2916,0,1,1,5,1,1344,0.75,0.9992565055762082,1,0.2727272727272727,0.2727272727272727,1,0,0.656612947200704,1,2576,17,0,0,0,0,0
d000071,c_elena,1,med-features-v1,3421,1,196.0,1344,0,192,0,6.857142857142857,2.995138888888889,1,0,2916,0,1,1,5,1,1344,0.75,1.0,1,0.4545454545454546,0.8,1,0,0.8186172181263487,1,1344,17,0,0,0,0,0
d000071,c_taylor,2,med-features-v1,3421,1,196.0,1232,0,176,0,6.285714285714286,2.995138888888889,1,0,2916,0,1,1,5,1,1232,0.75,1.0,1,0.3846153846153846,0.33333333333333337,1,0,0.8219114915423561,1,1232,17,0,0,0,0,0
d000071,c_chris,3,med-features-v1,3421,1,196.0,1344,112,192,16,6.857142857142857,2.995138888888889,1,0,2916,0,1,1,5,1,1344,0.75,1.0,1,0.33333333333333337,0.33333333333333337,1,0,0.8105603043587621,1,1456,17,0,0,0,0,0
d000071,c_morgan_zhao,4,med-features-v1,3421,1,196.0,112,112,16,16,0.5714285714285714,3.8809027777777776,1,0,2916,0,1,1,5,1,0,0.0,0.0,1,0.8181818181818181,0.8181818181818181,1,1,0.018715256420698274,1,224,17,0,0,0,0,0
d000205,c_noah,0,med-features-v1,3426,1,196.00347222222223,1350,1237,193,176,6.88763308473135,0.00034722222222222224,1,0,2921,0,1,1,4,1,1349,1.0,0.9992592592592593,1,0.2727272727272727,0.2727272727272727,1,0,0.692860633456906,1,2586,17,0,0,0,0,0
d000205,c_elena,1,med-features-v1,3426,1,196.00347222222223,1349,0,192,0,6.882531134298216,0.0006944444444444445,1,0,2921,0,1,1,4,1,1349,1.0,1.0,1,0.4545454545454546,0.8,1,0,0.824725165460939,1,1349,17,0,0,0,0,0
d000205,c_taylor,2,med-features-v1,3426,1,196.00347222222223,1237,0,176,0,6.311112685787171,0.0006944444444444445,1,0,2921,0,1,1,4,1,1237,1.0,1.0,1,0.3846153846153846,0.33333333333333337,1,0,0.827881668606879,1,1237,17,0,0,0,0,0
d000205,c_chris,3,med-features-v1,3426,1,196.00347222222223,1349,112,192,16,6.882531134298216,0.0006944444444444445,1,0,2921,0,1,1,4,1,1349,1.0,1.0,1,0.33333333333333337,0.33333333333333337,1,0,0.816671712039258,1,1461,17,0,0,0,0,0
d000206,c_elena,0,med-features-v1,1577,1,196.028125,281,281,40,40,1.4334677740757864,0.00034722222222222224,1,0,1577,0,1,1,3,1,169,1.0,0.6014234875444839,1,0.4545454545454546,0.8,1,0,0.6724755288498154,1,562,17,0,0,0,0,0
d000206,c_taylor,1,med-features-v1,1577,1,196.028125,225,56,32,8,1.1477944810215372,0.0006944444444444445,1,0,1577,0,1,1,3,1,169,1.0,0.7511111111111111,1,0.3846153846153846,0.33333333333333337,1,0,0.8019790322774636,1,281,17,0,0,0,0,0
d000206,c_lena,2,med-features-v1,1577,1,196.028125,169,0,24,0,0.8621211879672879,0.0006944444444444445,1,0,1577,0,1,1,3,1,169,1.0,1.0,1,0.4545454545454546,0.8,1,0,0.8538371052024972,1,169,17,0,0,0,0,0
d000207,c_morgan_shaw,0,med-features-v1,3435,1,196.09722222222223,168,168,24,24,0.8567178978681209,2.9989583333333334,1,0,2930,0,1,1,1,0,0,0.0,0.0,1,0.8181818181818181,0.8181818181818181,1,1,0.5594653564252027,1,336,17,0,0,0,0,0
d000208,c_ren,0,med-features-v1,3441,1,196.13888888888889,168,168,24,24,0.8565359014303923,2.9989583333333334,1,0,168,0,1,0,1,0,0,0.0,0.0,1,0.4545454545454546,0.5,1,0,0.7448266046554729,1,336,14,0,0,0,0,0
d000209,c_noah,0,med-features-v1,3447,1,197.0,1353,1240,193,176,6.868020304568528,0.9947916666666666,1,0,2936,0,1,1,4,1,1352,1.0,0.9992609016999261,1,0.2727272727272727,0.2727272727272727,1,0,0.6930309311713226,1,2592,17,0,0,0,0,0
d000209,c_elena,1,med-features-v1,3447,1,197.0,1352,0,192,0,6.862944162436548,0.9951388888888889,1,0,2936,0,1,1,4,1,1352,1.0,1.0,1,0.4545454545454546,0.8,1,0,0.8250384596513824,1,1352,17,0,0,0,0,0
d000209,c_taylor,2,med-features-v1,3447,1,197.0,1240,0,176,0,6.2944162436548226,0.9951388888888889,1,0,2936,0,1,1,4,1,1240,1.0,1.0,1,0.3846153846153846,0.33333333333333337,1,0,0.8281837659619808,1,1240,17,0,0,0,0,0
d000209,c_chris,3,med-features-v1,3447,1,197.0,1352,112,192,16,6.862944162436548,0.9951388888888889,1,0,2936,0,1,1,4,1,1352,1.0,1.0,1,0.33333333333333337,0.33333333333333337,1,0,0.8170197232015324,1,1464,17,0,0,0,0,0
d000210,c_noah,0,med-features-v1,3454,1,197.0048611111111,1360,1247,193,176,6.903382953748322,0.00034722222222222224,1,0,2943,0,1,1,4,1,1359,1.0,0.9992647058823529,1,0.2727272727272727,0.2727272727272727,1,0,0.6928475474239129,1,2606,17,0,0,0,0,0
d000210,c_elena,1,med-features-v1,3454,1,197.0048611111111,1359,0,192,0,6.898306936870566,0.0006944444444444445,1,0,2943,0,1,1,4,1,1359,1.0,1.0,1,0.4545454545454546,0.8,1,0,0.8247482339175677,1,1359,17,0,0,0,0,0
d000210,c_taylor,2,med-features-v1,3454,1,197.0048611111111,1247,0,176,0,6.32979304656188,0.0006944444444444445,1,0,2943,0,1,1,4,1,1247,1.0,1.0,1,0.3846153846153846,0.33333333333333337,1,0,0.8278542112716282,1,1247,17,0,0,0,0,0
d000210,c_chris,3,med-features-v1,3454,1,197.0048611111111,1359,112,192,16,6.898306936870566,0.0006944444444444445,1,0,2943,0,1,1,4,1,1359,1.0,1.0,1,0.33333333333333337,0.33333333333333337,1,0,0.8168192307132376,1,1471,17,0,0,0,0,0
d000027,c_chris,0,med-features-v1,3458,1,197.01458333333332,1363,113,192,16,6.918269586642276,0.00034722222222222224,1,0,2947,0,1,1,5,1,1363,0.75,1.0,1,0.33333333333333337,0.33333333333333337,1,0,0.19955408061420196,1,1476,21,0,0,0,0,0
d000027,c_noah,1,med-features-v1,3458,1,197.01458333333332,1364,1250,193,176,6.923345353030127,0.0006944444444444445,1,0,2947,0,1,1,5,1,1363,0.75,0.999266862170088,1,0.2727272727272727,0.2727272727272727,1,0,0.10581245688639604,1,2613,21,0,0,0,0,0
d000027,c_elena,2,med-features-v1,3458,1,197.01458333333332,1363,0,192,0,6.918269586642276,0.0006944444444444445,1,0,2947,0,1,1,5,1,1363,0.75,1.0,1,0.4545454545454546,0.8,1,0,0.15305658598397545,1,1363,21,0,0,0,0,0
d000027,c_marcus,3,med-features-v1,3458,1,197.01458333333332,113,0,16,0,0.5735616018272759,0.0006944444444444445,1,0,2947,0,1,1,5,1,113,0.75,1.0,1,0.3076923076923077,0.33333333333333337,1,0,0.8707746569058191,1,113,21,0,0,0,0,0
d000027,c_ren,4,med-features-v1,3458,1,197.01458333333332,170,170,24,24,0.8628802859348399,0.8746527777777777,1,0,170,0,1,0,5,1,0,0.0,0.0,1,0.4545454545454546,0.5,1,0,0.005645741352805497,1,340,21,0,0,0,0,0
d000211,c_avery,0,med-features-v1,226,1,196.96493055555555,56,56,8,8,0.28431457235583746,3.999652777777778,1,0,226,0,1,1,2,1,56,1.0,1.0,1,0.41666666666666663,0.25,1,0,0.6506378702147074,1,112,19,0,0,0,0,0
d000211,c_devon,1,med-features-v1,226,1,196.96493055555555,56,0,8,0,0.28431457235583746,4.0,1,0,226,0,1,1,2,1,56,1.0,1.0,1,0.4545454545454546,0.4,1,0,0.8121802250208169,1,56,19,0,0,0,0,0
d000212,c_morgan_zhao,0,med-features-v1,3464,1,197.11875,113,113,16,16,0.5732585053425917,0.00034722222222222224,1,0,2953,0,1,1,1,0,0,0.0,0.0,1,0.8181818181818181,0.8181818181818181,1,1,0.632724117192418,1,226,14,0,0,0,0,0
d000213,c_noah,0,med-features-v1,3470,1,198.00069444444443,1366,1251,193,176,6.898965702280786,0.00034722222222222224,1,0,2959,0,1,1,4,1,1365,1.0,0.9992679355783309,1,0.2727272727272727,0.2727272727272727,1,0,0.6931709452065842,1,2616,17,0,0,0,0,0
d000213,c_elena,1,med-features-v1,3470,1,198.00069444444443,1365,0,192,0,6.893915214943831,0.0006944444444444445,1,0,2959,0,1,1,4,1,1365,1.0,1.0,1,0.4545454545454546,0.8,1,0,0.8252321049911772,1,1365,17,0,0,0,0,0
d000213,c_taylor,2,med-features-v1,3470,1,198.00069444444443,1251,0,176,0,6.31815965853094,0.0006944444444444445,1,0,2959,0,1,1,4,1,1251,1.0,1.0,1,0.3846153846153846,0.33333333333333337,1,0,0.828458453792965,1,1251,17,0,0,0,0,0
d000213,c_chris,3,med-features-v1,3470,1,198.00069444444443,1365,114,192,16,6.893915214943831,0.0006944444444444445,1,0,2959,0,1,1,4,1,1365,1.0,1.0,1,0.33333333333333337,0.33333333333333337,1,0,0.817059406512912,1,1479,17,0,0,0,0,0
d000214,c_noah,0,med-features-v1,3476,1,198.0048611111111,1372,1257,193,176,6.929122811939943,0.00034722222222222224,1,0,2965,0,1,1,4,1,1371,1.0,0.999271137026239,1,0.2727272727272727,0.2727272727272727,1,0,0.6557457854584267,1,2628,17,0,0,0,0,0
d000214,c_elena,1,med-features-v1,3476,1,198.0048611111111,1371,0,192,0,6.924072430881678,0.0006944444444444445,1,0,2965,0,1,1,4,1,1371,1.0,1.0,1,0.4545454545454546,0.8,1,0,0.8171508349637622,1,1371,17,0,0,0,0,0
d000214,c_taylor,2,med-features-v1,3476,1,198.0048611111111,1257,0,176,0,6.3483289902394375,0.0006944444444444445,1,0,2965,0,1,1,4,1,1257,1.0,1.0,1,0.3846153846153846,0.33333333333333337,1,0,0.820403814997656,1,1257,17,0,0,0,0,0
d000214,c_chris,3,med-features-v1,3476,1,198.0048611111111,1371,114,192,16,6.924072430881678,0.0006944444444444445,1,0,2965,0,1,1,4,1,1371,1.0,1.0,1,0.33333333333333337,0.33333333333333337,1,0,0.8091328178687003,1,1485,17,0,0,0,0,0
d000215,c_noah,0,med-features-v1,57,1,196.00069444444443,57,229,8,32,0.29081529614761853,0.00034722222222222224,1,0,57,0,1,1,1,0,0,0.0,0.0,1,0.2727272727272727,0.2727272727272727,1,0,0.6155130546899192,1,286,15,0,0,0,0,0
d000216,c_lee,0,med-features-v1,3485,1,198.125,170,170,24,24,0.8580441640378549,1.9989583333333334,1,0,170,0,1,0,1,0,0,0.0,0.0,1,0.4545454545454546,0.5,1,0,0.7301549583592292,1,340,14,0,0,0,0,0
d000217,c_fac_001,0,med-features-v1,3491,1,198.15972222222223,28,28,4,4,0.14130015770106885,6.9996527777777775,1,0,2974,0,1,1,1,0,0,0.0,0.0,1,0.6666666666666667,0.6666666666666667,1,0,0.7122693832607836,1,56,18,0,0,0,0,0
d000218,c_noah,0,med-features-v1,3497,1,199.0013888888889,1375,1260,193,176,6.909499514939175,0.00034722222222222224,1,0,2980,0,1,1,4,1,1374,1.0,0.9992727272727273,1,0.2727272727272727,0.2727272727272727,1,0,0.6555719528428918,1,2634,17,0,0,0,0,0
d000218,c_elena,1,med-features-v1,3497,1,199.0013888888889,1374,0,192,0,6.9044744243828555,0.0006944444444444445,1,0,2980,0,1,1,4,1,1374,1.0,1.0,1,0.4545454545454546,0.8,1,0,0.8168679729495597,1,1374,17,0,0,0,0,0
d000218,c_taylor,2,med-features-v1,3497,1,199.0013888888889,1260,0,176,0,6.331614100962444,0.0006944444444444445,1,0,2980,0,1,1,4,1,1260,1.0,1.0,1,0.3846153846153846,0.33333333333333337,1,0,0.8201018689390689,1,1260,17,0,0,0,0,0
d000218,c_chris,3,med-features-v1,3497,1,199.0013888888889,1374,114,192,16,6.9044744243828555,0.0006944444444444445,1,0,2980,0,1,1,4,1,1374,1.0,1.0,1,0.33333333333333337,0.33333333333333337,1,0,0.8088897215256755,1,1488,17,0,0,0,0,0
d000219,c_noah,0,med-features-v1,3503,1,199.00694444444446,1381,1266,193,176,6.9394563282967505,0.001736111111111111,1,0,2986,0,1,1,5,1,1380,1.0,0.999275887038378,1,0.2727272727272727,0.2727272727272727,1,0,0.6555846049212857,1,2646,17,0,0,0,0,0
d000219,c_elena,1,med-features-v1,3503,1,199.00694444444446,1380,0,192,0,6.934431378022821,0.0020833333333333333,1,0,2986,0,1,1,5,1,1380,1.0,1.0,1,0.4545454545454546,0.8,1,0,0.8169183159872376,1,1380,17,0,0,0,0,0
d000219,c_taylor,2,med-features-v1,3503,1,199.00694444444446,1266,0,176,0,6.361587046794849,0.0020833333333333333,1,0,2986,0,1,1,5,1,1266,1.0,1.0,1,0.3846153846153846,0.33333333333333337,1,0,0.8201225519818909,1,1266,17,0,0,0,0,0
d000219,c_chris,3,med-features-v1,3503,1,199.00694444444446,1380,114,192,16,6.934431378022821,0.0020833333333333333,1,0,2986,0,1,1,5,1,1380,1.0,1.0,1,0.33333333333333337,0.33333333333333337,1,0,0.8090126756427681,1,1494,17,0,0,0,0,0
d000219,c_lena,4,med-features-v1,3503,1,199.00694444444446,114,0,16,0,0.5728443312279722,1.9993055555555554,1,0,2986,0,1,1,5,1,114,1.0,1.0,1,0.4545454545454546,0.8,1,0,0.810575750017662,1,114,17,0,0,0,0,0
d000220,c_quinn,0,med-features-v1,200,1,199.04131944444444,28,28,4,4,0.14067430862170927,6.9996527777777775,1,0,200,0,1,1,1,0,0,0.0,0.0,1,0.2727272727272727,0.19999999999999996,1,0,0.666445229416709,1,56,14,0,0,0,0,0
d000221,c_morgan_zhao,0,med-features-v1,3512,1,199.11875,115,115,16,16,0.5775448068049844,0.00034722222222222224,1,0,2995,0,1,1,1,0,0,0.0,0.0,1,0.8181818181818181,0.8181818181818181,1,1,0.6045563575695783,1,230,15,0,0,0,0,0
d000222,c_noah,0,med-features-v1,3518,1,200.00069444444443,1386,1269,193,176,6.92997593758355,0.00034722222222222224,1,0,3001,0,1,1,4,1,1385,1.0,0.9992784992784993,1,0.2727272727272727,0.2727272727272727,1,0,0.6934668794621828,1,2654,17,0,0,0,0,0
d000222,c_elena,1,med-features-v1,3518,1,200.00069444444443,1385,0,192,0,6.9249759549446015,0.0006944444444444445,1,0,3001,0,1,1,4,1,1385,1.0,1.0,1,0.4545454545454546,0.8,1,0,0.8257322123572692,1,1385,17,0,0,0,0,0
d000222,c_taylor,2,med-features-v1,3518,1,200.00069444444443,1269,0,176,0,6.344977968826497,0.0006944444444444445,1,0,3001,0,1,1,4,1,1269,1.0,1.0,1,0.3846153846153846,0.33333333333333337,1,0,0.82900726817414,1,1269,17,0,0,0,0,0
d000222,c_chris,3,med-features-v1,3518,1,200.00069444444443,1385,116,192,16,6.9249759549446015,0.0006944444444444445,1,0,3001,0,1,1,4,1,1385,1.0,1.0,1,0.33333333333333337,0.33333333333333337,1,0,0.8174919913982911,1,1501,17,0,0,0,0,0
d000223,c_noah,0,med-features-v1,3524,1,200.0048611111111,1392,1275,193,176,6.959830837444923,0.00034722222222222224,1,0,3007,0,1,1,4,1,1391,1.0,0.9992816091954023,1,0.2727272727272727,0.2727272727272727,1,0,0.6934564836609605,1,2666,17,0,0,0,0,0
d000223,c_elena,1,med-features-v1,3524,1,200.0048611111111,1391,0,192,0,6.9548309589697475,0.0006944444444444445,1,0,3007,0,1,1,4,1,1391,1.0,1.0,1,0.4545454545454546,0.8,1,0,0.8257415455682877,1,1391,17,0,0,0,0,0
d000223,c_taylor,2,med-features-v1,3524,1,200.0048611111111,1275,0,176,0,6.374845055849337,0.0006944444444444445,1,0,3007,0,1,1,4,1,1275,1.0,1.0,1,0.3846153846153846,0.33333333333333337,1,0,0.828985914840176,1,1275,17,0,0,0,0,0
d000223,c_chris,3,med-features-v1,3524,1,200.0048611111111,1391,116,192,16,6.9548309589697475,0.0006944444444444445,1,0,3007,0,1,1,4,1,1391,1.0,1.0,1,0.33333333333333337,0.33333333333333337,1,0,0.8175761552538233,1,1507,17,0,0,0,0,0
d000051,c_fac_003,0,med-features-v1,3526,1,200.02152777777778,28,28,4,4,0.13998493217743924,6.847569444444445,1,0,3009,0,1,1,1,0,0,0.0,0.0,1,0.7272727272727273,0.7272727272727273,1,0,0.01789717316026576,1,56,18,0,0,0,0,0
d000224,c_hana,0,med-features-v1,57,1,199.93020833333333,28,28,4,4,0.14004887122068638,6.9996527777777775,1,0,57,0,1,1,1,0,0,0.0,0.0,1,0.3846153846153846,0.5,1,0,0.7292324323251816,1,56,18,0,0,0,0,0
d000225,c_morgan_shaw,0,med-features-v1,3533,1,200.09791666666666,173,173,24,24,0.8645767176486512,0.00034722222222222224,1,0,3016,0,1,1,1,0,0,0.0,0.0,1,0.8181818181818181,0.8181818181818181,1,1,0.5964015451406433,1,346,18,0,0,0,0,0
d000226,c_fac_003,0,med-features-v1,3540,1,200.17361111111111,28,28,4,4,0.13987857762359063,6.9996527777777775,1,0,3017,0,1,1,1,0,0,0.0,0.0,1,0.7272727272727273,0.7272727272727273,1,0,0.8057013005382352,1,56,16,0,0,0,0,0
d000227,c_noah,0,med-features-v1,3546,1,203.00208333333333,1396,1279,193,176,6.876776716166706,0.00034722222222222224,1,0,3023,0,1,1,4,1,1395,1.0,0.9992836676217765,1,0.2727272727272727,0.2727272727272727,1,0,0.6934495872126147,1,2674,17,0,0,0,0,0
d000227,c_elena,1,med-features-v1,3546,1,203.00208333333333,1395,0,192,0,6.871850658347102,0.0006944444444444445,1,0,3023,0,1,1,4,1,1395,1.0,1.0,1,0.4545454545454546,0.8,1,0,0.8257476414746804,1,1395,17,0,0,0,0,0
d000227,c_taylor,2,med-features-v1,3546,1,203.00208333333333,1279,0,176,0,6.300427951273078,0.0006944444444444445,1,0,3023,0,1,1,4,1,1279,1.0,1.0,1,0.3846153846153846,0.33333333333333337,1,0,0.8289717899151179,1,1279,17,0,0,0,0,0
d000227,c_chris,3,med-features-v1,3546,1,203.00208333333333,1395,116,192,16,6.871850658347102,0.0006944444444444445,1,0,3023,0,1,1,4,1,1395,1.0,1.0,1,0.33333333333333337,0.33333333333333337,1,0,0.8176315784756515,1,1511,17,0,0,0,0,0
d000228,c_priya,0,med-features-v1,3552,1,203.02152777777778,175,175,24,24,0.8619775543781276,0.00034722222222222224,1,0,3029,0,1,1,2,1,175,1.0,1.0,1,0.4545454545454546,0.4,1,0,0.7012240815599173,1,350,18,0,0,0,0,0
d000228,c_quinn,1,med-features-v1,3552,1,203.02152777777778,175,0,24,0,0.8619775543781276,0.0006944444444444445,1,0,3029,0,1,1,2,1,175,1.0,1.0,1,0.2727272727272727,0.19999999999999996,1,0,0.7827888667014468,1,175,18,0,0,0,0,0
d000229,c_jamie_lee,0,med-features-v1,3555,1,203.09027777777777,174,174,24,24,0.8567618396307062,2.9989583333333334,1,0,3032,0,1,1,1,0,0,0.0,0.0,1,0.7777777777777778,0.7777777777777778,1,0,0.5602791844403525,1,348,17,0,0,0,0,0
d000230,c_pat,0,med-features-v1,3561,1,203.13194444444446,174,174,24,24,0.8565860996205258,2.9989583333333334,1,0,174,0,1,0,1,0,0,0.0,0.0,1,0.33333333333333337,0.33333333333333337,1,0,0.6346915763464883,1,348,16,0,0,0,0,0
d000231,c_fac_014,0,med-features-v1,3568,1,203.25,29,29,4,4,0.14268142681426815,6.9996527777777775,1,0,3039,0,1,1,1,0,0,0.0,0.0,1,0.7692307692307692,0.7692307692307692,1,0,0.6627471297150039,1,58,16,0,0,0,0,0
d000232,c_noah,0,med-features-v1,3574,1,204.00347222222223,1406,1289,193,176,6.8920395554269565,0.00034722222222222224,1,0,3045,0,1,1,4,1,1405,1.0,0.9992887624466572,1,0.2727272727272727,0.2727272727272727,1,0,0.6937671071494985,1,2694,17,0,0,0,0,0
d000232,c_elena,1,med-features-v1,3574,1,204.00347222222223,1405,0,192,0,6.887137678076013,0.0006944444444444445,1,0,3045,0,1,1,4,1,1405,1.0,1.0,1,0.4545454545454546,0.8,1,0,0.8263499702221966,1,1405,17,0,0,0,0,0
d000232,c_taylor,2,med-features-v1,3574,1,204.00347222222223,1289,0,176,0,6.318519905366534,0.0006944444444444445,1,0,3045,0,1,1,4,1,1289,1.0,1.0,1,0.3846153846153846,0.33333333333333337,1,0,0.8295321024586879,1,1289,17,0,0,0,0,0
d000232,c_chris,3,med-features-v1,3574,1,204.00347222222223,1405,116,192,16,6.887137678076013,0.0006944444444444445,1,0,3045,0,1,1,4,1,1405,1.0,1.0,1,0.33333333333333337,0.33333333333333337,1,0,0.8183497579555915,1,1521,17,0,0,0,0,0
d000233,c_chris,0,med-features-v1,3580,1,204.01458333333332,1411,117,192,16,6.916172250758218,0.00034722222222222224,1,0,3051,0,1,1,4,1,1411,1.0,1.0,1,0.33333333333333337,0.33333333333333337,1,0,0.19623286647371013,1,1528,16,0,0,0,0,0
d000233,c_noah,1,med-features-v1,3580,1,204.01458333333332,1412,1294,193,176,6.921073861141463,0.0006944444444444445,1,0,3051,0,1,1,4,1,1411,1.0,0.9992917847025495,1,0.2727272727272727,0.2727272727272727,1,0,0.11476307709821339,1,2705,16,0,0,0,0,0
d000233,c_elena,2,med-features-v1,3580,1,204.01458333333332,1411,0,192,0,6.916172250758218,0.0006944444444444445,1,0,3051,0,1,1,4,1,1411,1.0,1.0,1,0.4545454545454546,0.8,1,0,0.15990253668690282,1,1411,16,0,0,0,0,0
d000233,c_marcus,3,med-features-v1,3580,1,204.01458333333332,117,0,16,0,0.5734884148396254,0.0006944444444444445,1,0,3051,0,1,1,4,1,117,1.0,1.0,1,0.3076923076923077,0.33333333333333337,1,0,0.732303434011025,1,117,16,0,0,0,0,0
d000234,c_jamie_li,0,med-features-v1,3583,1,204.11111111111111,116,116,16,16,0.5683179096352748,4.998958333333333,1,0,3054,0,1,1,1,0,0,0.0,0.0,1,0.7777777777777778,0.7777777777777778,1,0,0.5456976739785203,1,232,14,0,0,0,0,0
d000235,c_fac_010,0,med-features-v1,3589,1,204.22222222222223,29,29,4,4,0.14200217627856365,6.9996527777777775,1,0,3060,0,1,1,1,0,0,0.0,0.0,1,0.6428571428571428,0.6428571428571428,1,0,0.6000049529636153,1,58,18,0,0,0,0,0
d000072,c_noah,0,med-features-v1,3595,1,205.00277777777777,1417,1298,193,176,6.91210146203981,0.00034722222222222224,1,0,3066,0,1,1,5,1,1416,0.75,0.9992942836979535,1,0.2727272727272727,0.2727272727272727,1,0,0.6939124224221307,1,2714,17,0,0,0,0,0
d000072,c_elena,1,med-features-v1,3595,1,205.00277777777777,1416,0,192,0,6.907223479356649,0.0006944444444444445,1,0,3066,0,1,1,5,1,1416,0.75,1.0,1,0.4545454545454546,0.8,1,0,0.8265466835487185,1,1416,17,0,0,0,0,0
d000072,c_taylor,2,med-features-v1,3595,1,205.00277777777777,1298,0,176,0,6.331621522743594,0.0006944444444444445,1,0,3066,0,1,1,5,1,1298,0.75,1.0,1,0.3846153846153846,0.33333333333333337,1,0,0.829792279418825,1,1298,17,0,0,0,0,0
d000072,c_chris,3,med-features-v1,3595,1,205.00277777777777,1416,118,192,16,6.907223479356649,0.0006944444444444445,1,0,3066,0,1,1,5,1,1416,0.75,1.0,1,0.33333333333333337,0.33333333333333337,1,0,0.8183886423979291,1,1534,17,0,0,0,0,0
d000072,c_alex_chen,4,med-features-v1,3595,1,205.00277777777777,147,147,20,20,0.7170634544247368,0.8975694444444444,1,0,3066,0,1,1,5,1,0,0.0,0.0,1,0.8888888888888888,0.8888888888888888,1,1,0.013774776908973376,1,294,17,0,0,0,0,0
d000236,c_noah,0,med-features-v1,3597,1,205.00416666666666,1419,1300,193,176,6.921810532306254,0.00034722222222222224,1,0,3068,0,1,1,4,1,1418,1.0,0.9992952783650458,1,0.2727272727272727,0.2727272727272727,1,0,0.6939083372402126,1,2718,17,0,0,0,0,0
d000236,c_elena,1,med-features-v1,3597,1,205.00416666666666,1418,0,192,0,6.916932582671084,0.0006944444444444445,1,0,3068,0,1,1,4,1,1418,1.0,1.0,1,0.4545454545454546,0.8,1,0,0.8265484780279382,1,1418,17,0,0,0,0,0
d000236,c_taylor,2,med-features-v1,3597,1,205.00416666666666,1300,0,176,0,6.341334525721022,0.0006944444444444445,1,0,3068,0,1,1,4,1,1300,1.0,1.0,1,0.3846153846153846,0.33333333333333337,1,0,0.8297841069169144,1,1300,17,0,0,0,0,0
d000236,c_chris,3,med-features-v1,3597,1,205.00416666666666,1418,118,192,16,6.916932582671084,0.0006944444444444445,1,0,3068,0,1,1,4,1,1418,1.0,1.0,1,0.33333333333333337,0.33333333333333337,1,0,0.8184147096925952,1,1536,17,0,0,0,0,0
d000237,c_noah,0,med-features-v1,58,1,203.0,58,236,8,32,0.2857142857142857,0.013194444444444444,1,0,58,0,1,1,1,0,0,0.0,0.0,1,0.2727272727272727,0.2727272727272727,1,0,0.634470162803242,1,294,15,0,0,0,0,0
d000238,c_morgan_shaw,0,med-features-v1,3605,1,205.09722222222223,176,176,24,24,0.8581296133270129,1.9989583333333334,1,0,3076,0,1,1,1,0,0,0.0,0.0,1,0.8181818181818181,0.8181818181818181,1,1,0.6034643175865968,1,352,18,0,0,0,0,0
d000239,c_ren,0,med-features-v1,3611,1,205.13888888888889,176,176,24,24,0.8579553148273528,1.9989583333333334,1,0,176,0,1,0,1,0,0,0.0,0.0,1,0.4545454545454546,0.5,1,0,0.736527302335319,1,352,14,0,0,0,0,0
d000240,c_noah,0,med-features-v1,3617,1,206.0,1421,1302,193,176,6.898058252427185,0.9947916666666666,1,0,3082,0,1,1,4,1,1420,1.0,0.9992962702322308,1,0.2727272727272727,0.2727272727272727,1,0,0.6942351326410826,1,2722,17,0,0,0,0,0
d000240,c_elena,1,med-features-v1,3617,1,206.0,1420,0,192,0,6.893203883495145,0.9951388888888889,1,0,3082,0,1,1,4,1,1420,1.0,1.0,1,0.4545454545454546,0.8,1,0,0.8271305462967407,1,1420,17,0,0,0,0,0
d000240,c_taylor,2,med-features-v1,3617,1,206.0,1302,0,176,0,6.320388349514563,0.9951388888888889,1,0,3082,0,1,1,4,1,1302,1.0,1.0,1,0.3846153846153846,0.33333333333333337,1,0,0.8303639342563924,1,1302,17,0,0,0,0,0
d000240,c_chris,3,med-features-v1,3617,1,206.0,1420,118,192,16,6.893203883495145,0.9951388888888889,1,0,3082,0,1,1,4,1,1420,1.0,1.0,1,0.33333333333333337,0.33333333333333337,1,0,0.8190154166777064,1,1538,17,0,0,0,0,0
d000241,c_noah,0,med-features-v1,3624,1,206.0048611111111,1428,1309,193,176,6.931875259146393,0.00034722222222222224,1,0,3089,0,1,1,4,1,1427,1.0,0.9992997198879552,1,0.2727272727272727,0.2727272727272727,1,0,0.6544563101137265,1,2736,17,0,0,0,0,0
d000241,c_elena,1,med-features-v1,3624,1,206.0048611111111,1427,0,192,0,6.927021004763238,0.0006944444444444445,1,0,3089,0,1,1,4,1,1427,1.0,1.0,1,0.4545454545454546,0.8,1,0,0.8149791820388841,1,1427,17,0,0,0,0,0
d000241,c_taylor,2,med-features-v1,3624,1,206.0048611111111,1309,0,176,0,6.35421898755086,0.0006944444444444445,1,0,3089,0,1,1,4,1,1309,1.0,1.0,1,0.3846153846153846,0.33333333333333337,1,0,0.8181601649701983,1,1309,17,0,0,0,0,0
d000241,c_chris,3,med-features-v1,3624,1,206.0048611111111,1427,118,192,16,6.927021004763238,0.0006944444444444445,1,0,3089,0,1,1,4,1,1427,1.0,1.0,1,0.33333333333333337,0.33333333333333337,1,0,0.8070659850069969,1,1545,17,0,0,0,0,0
d000132,c_noah,0,med-features-v1,3626,1,206.0076388888889,1430,1311,193,176,6.941490168581936,0.00034722222222222224,1,0,3091,0,1,1,5,1,1429,1.0,0.9993006993006993,1,0.2727272727272727,0.2727272727272727,1,0,0.694378864444098,1,2740,17,0,0,0,0,0
d000132,c_elena,1,med-features-v1,3626,1,206.0076388888889,1429,0,192,0,6.936635979652858,0.0006944444444444445,1,0,3091,0,1,1,5,1,1429,1.0,1.0,1,0.4545454545454546,0.8,1,0,0.8274223034342949,1,1429,17,0,0,0,0,0
d000132,c_taylor,2,med-features-v1,3626,1,206.0076388888889,1311,0,176,0,6.363841686021622,0.0006944444444444445,1,0,3091,0,1,1,5,1,1311,1.0,1.0,1,0.3846153846153846,0.33333333333333337,1,0,0.8306152531863814,1,1311,17,0,0,0,0,0
d000132,c_chris,3,med-features-v1,3626,1,206.0076388888889,1429,118,192,16,6.936635979652858,0.0006944444444444445,1,0,3091,0,1,1,5,1,1429,1.0,1.0,1,0.33333333333333337,0.33333333333333337,1,0,0.8194120180875335,1,1547,17,0,0,0,0,0
d000132,c_lena,4,med-features-v1,3626,1,206.0076388888889,119,0,16,0,0.577648482560315,0.0006944444444444445,1,0,3091,0,1,1,5,1,119,1.0,1.0,1,0.4545454545454546,0.8,1,0,0.8404163474486203,1,119,17,0,0,0,0,0
d000028,c_chris,0,med-features-v1,3628,1,206.01458333333332,1431,119,192,16,6.946110206599452,0.00034722222222222224,1,0,3093,0,1,1,5,1,1431,0.75,1.0,1,0.33333333333333337,0.33333333333333337,1,0,0.19743685166416589,1,1550,16,0,0,0,0,0
d000028,c_noah,1,med-features-v1,3628,1,206.01458333333332,1432,1312,193,176,6.950964231901059,0.0006944444444444445,1,0,3093,0,1,1,5,1,1431,0.75,0.9993016759776536,1,0.2727272727272727,0.2727272727272727,1,0,0.11528308312400042,1,2743,16,0,0,0,0,0
d000028,c_elena,2,med-features-v1,3628,1,206.01458333333332,1431,0,192,0,6.946110206599452,0.0006944444444444445,1,0,3093,0,1,1,5,1,1431,0.75,1.0,1,0.4545454545454546,0.8,1,0,0.16087701142533103,1,1431,16,0,0,0,0,0
d000028,c_marcus,3,med-features-v1,3628,1,206.01458333333332,119,0,16,0,0.5776290108912193,0.0006944444444444445,1,0,3093,0,1,1,5,1,119,0.75,1.0,1,0.3076923076923077,0.33333333333333337,1,0,0.7417549008467892,1,119,16,0,0,0,0,0
d000028,c_lee,4,med-features-v1,3628,1,206.01458333333332,178,178,24,24,0.8640165036860256,0.8885416666666667,1,0,178,0,1,0,5,1,0,0.0,0.0,1,0.4545454545454546,0.5,1,0,0.006976030374763716,1,356,16,0,0,0,0,0
d000242,c_marcus,0,med-features-v1,179,1,206.0,59,59,8,8,0.28640776699029125,2.999652777777778,1,0,179,0,1,1,1,0,0,0.0,0.0,1,0.3076923076923077,0.33333333333333337,1,0,0.7348357829312792,1,118,19,0,0,0,0,0
d000243,c_morgan_zhao,0,med-features-v1,3634,1,206.11875,119,119,16,16,0.577337093301798,0.00034722222222222224,1,0,3099,0,1,1,1,0,0,0.0,0.0,1,0.8181818181818181,0.8181818181818181,1,1,0.6252323421923599,1,238,14,0,0,0,0,0
d000244,c_noah,0,med-features-v1,3640,1,207.00069444444443,1434,1313,193,176,6.927512991435214,0.00034722222222222224,1,0,3105,0,1,1,4,1,1433,1.0,0.999302649930265,1,0.2727272727272727,0.2727272727272727,1,0,0.6947113525833011,1,2746,17,0,0,0,0,0
d000244,c_elena,1,med-features-v1,3640,1,207.00069444444443,1433,0,192,0,6.922682089767547,0.0006944444444444445,1,0,3105,0,1,1,4,1,1433,1.0,1.0,1,0.4545454545454546,0.8,1,0,0.8279177496759685,1,1433,17,0,0,0,0,0
d000244,c_taylor,2,med-features-v1,3640,1,207.00069444444443,1313,0,176,0,6.342973889647445,0.0006944444444444445,1,0,3105,0,1,1,4,1,1313,1.0,1.0,1,0.3846153846153846,0.33333333333333337,1,0,0.831187668966572,1,1313,17,0,0,0,0,0
d000244,c_chris,3,med-features-v1,3640,1,207.00069444444443,1433,120,192,16,6.922682089767547,0.0006944444444444445,1,0,3105,0,1,1,4,1,1433,1.0,1.0,1,0.33333333333333337,0.33333333333333337,1,0,0.8196797276084042,1,1553,17,0,0,0,0,0
d000245,c_noah,0,med-features-v1,3646,1,207.0048611111111,1440,1319,193,176,6.956358378594169,0.00034722222222222224,1,0,3111,0,1,1,4,1,1439,1.0,0.9993055555555556,1,0.2727272727272727,0.2727272727272727,1,0,0.694369510053214,1,2758,17,0,0,0,0,0
d000245,c_elena,1,med-features-v1,3646,1,207.0048611111111,1439,0,192,0,6.95152757416459,0.0006944444444444445,1,0,3111,0,1,1,4,1,1439,1.0,1.0,1,0.4545454545454546,0.8,1,0,0.8273455580240775,1,1439,17,0,0,0,0,0
d000245,c_taylor,2,med-features-v1,3646,1,207.0048611111111,1319,0,176,0,6.371831042615076,0.0006944444444444445,1,0,3111,0,1,1,4,1,1319,1.0,1.0,1,0.3846153846153846,0.33333333333333337,1,0,0.8305781183505294,1,1319,17,0,0,0,0,0
d000245,c_chris,3,med-features-v1,3646,1,207.0048611111111,1439,120,192,16,6.95152757416459,0.0006944444444444445,1,0,3111,0,1,1,4,1,1439,1.0,1.0,1,0.33333333333333337,0.33333333333333337,1,0,0.8191853978526727,1,1559,17,0,0,0,0,0
d000246,c_hana,0,med-features-v1,59,1,206.93020833333333,29,29,4,4,0.14014386895742828,6.9996527777777775,1,0,59,0,1,1,1,0,0,0.0,0.0,1,0.3846153846153846,0.5,1,0,0.5114444776157178,1,58,16,0,0,0,0,0
d000004,c_alex_chen,0,med-features-v1,3651,1,207.08402777777778,150,150,20,20,0.724343647405609,0.028125,1,0,3116,0,1,1,1,0,0,0.0,0.0,1,0.8888888888888888,0.8888888888888888,1,1,0.046816636166817666,1,300,18,0,0,0,0,0
d000005,c_jamie_li,0,med-features-v1,3653,1,207.09097222222223,120,120,16,16,0.5794554862161355,0.9788194444444445,1,0,3118,0,1,1,1,0,0,0.0,0.0,1,0.7777777777777778,0.7777777777777778,1,0,0.05772054667699833,1,240,17,0,0,0,0,0
d000006,c_morgan_zhao,0,med-features-v1,3655,1,207.09791666666666,120,120,16,16,0.579436055810959,0.9788194444444445,1,0,3120,0,1,1,1,0,0,0.0,0.0,1,0.8181818181818181,0.8181818181818181,1,1,0.052247034858975895,1,240,18,0,0,0,0,0
d000247,c_pat,0,med-features-v1,3658,1,207.13194444444446,178,178,24,24,0.8593556173936366,1.9989583333333334,1,0,178,0,1,0,1,0,0,0.0,0.0,1,0.33333333333333337,0.33333333333333337,1,0,0.6688448224916569,1,356,14,0,0,0,0,0
d000248,c_fac_013,0,med-features-v1,3664,1,207.24305555555554,29,29,4,4,0.13993231243507692,6.9996527777777775,1,0,3123,0,1,1,1,0,0,0.0,0.0,1,0.7692307692307692,0.7692307692307692,1,0,0.6519176346016193,1,58,18,0,0,0,0,0
d000249,c_noah,0,med-features-v1,3670,1,210.00347222222223,1446,1325,193,176,6.885600436500719,0.00034722222222222224,1,0,3129,0,1,1,4,1,1445,1.0,0.9993084370677732,1,0.2727272727272727,0.2727272727272727,1,0,0.694680173983775,1,2770,17,0,0,0,0,0
d000249,c_elena,1,med-features-v1,3670,1,210.00347222222223,1445,0,192,0,6.88083861047271,0.0006944444444444445,1,0,3129,0,1,1,4,1,1445,1.0,1.0,1,0.4545454545454546,0.8,1,0,0.8279162967657463,1,1445,17,0,0,0,0,0
d000249,c_taylor,2,med-features-v1,3670,1,210.00347222222223,1325,0,176,0,6.309419487111655,0.0006944444444444445,1,0,3129,0,1,1,4,1,1325,1.0,1.0,1,0.3846153846153846,0.33333333333333337,1,0,0.8311271230684398,1,1325,17,0,0,0,0,0
d000249,c_chris,3,med-features-v1,3670,1,210.00347222222223,1445,120,192,16,6.88083861047271,0.0006944444444444445,1,0,3129,0,1,1,4,1,1445,1.0,1.0,1,0.33333333333333337,0.33333333333333337,1,0,0.8198221609367596,1,1565,17,0,0,0,0,0
d000250,c_elena,0,med-features-v1,1689,1,210.028125,301,301,40,40,1.4331413947536789,0.00034722222222222224,1,0,1689,0,1,1,3,1,181,1.0,0.6013289036544851,1,0.4545454545454546,0.8,1,0,0.6693011479791846,1,602,17,0,0,0,0,0
d000250,c_taylor,1,med-features-v1,1689,1,210.028125,241,60,32,8,1.147465369221384,0.0006944444444444445,1,0,1689,0,1,1,3,1,181,1.0,0.7510373443983402,1,0.3846153846153846,0.33333333333333337,1,0,0.8009864224981424,1,301,17,0,0,0,0,0
d000250,c_lena,2,med-features-v1,1689,1,210.028125,181,0,24,0,0.8617893436890893,0.0006944444444444445,1,0,1689,0,1,1,3,1,181,1.0,1.0,1,0.4545454545454546,0.8,1,0,0.8491591124752648,1,181,17,0,0,0,0,0
d000251,c_morgan_shaw,0,med-features-v1,3680,1,210.09791666666666,181,181,24,24,0.8615030690055232,0.00034722222222222224,1,0,3139,0,1,1,1,0,0,0.0,0.0,1,0.8181818181818181,0.8181818181818181,1,1,0.6100804128184201,1,362,18,0,0,0,0,0
d000252,c_ren,0,med-features-v1,3686,1,210.13958333333332,181,181,24,24,0.8613322493977218,0.00034722222222222224,1,0,181,0,1,0,1,0,0,0.0,0.0,1,0.4545454545454546,0.5,1,0,0.7341629971562089,1,362,14,0,0,0,0,0
d000253,c_noah,0,med-features-v1,3692,1,211.00069444444443,1450,1329,193,176,6.872015297474666,0.00034722222222222224,1,0,3145,0,1,1,4,1,1449,1.0,0.9993103448275862,1,0.2727272727272727,0.2727272727272727,1,0,0.6943460928120004,1,2778,17,0,0,0,0,0
d000253,c_elena,1,med-features-v1,3692,1,211.00069444444443,1449,0,192,0,6.867275976579856,0.0006944444444444445,1,0,3145,0,1,1,4,1,1449,1.0,1.0,1,0.4545454545454546,0.8,1,0,0.8273483285951908,1,1449,17,0,0,0,0,0
d000253,c_taylor,2,med-features-v1,3692,1,211.00069444444443,1329,0,176,0,6.298557469202643,0.0006944444444444445,1,0,3145,0,1,1,4,1,1329,1.0,1.0,1,0.3846153846153846,0.33333333333333337,1,0,0.8305323233398637,1,1329,17,0,0,0,0,0
d000253,c_chris,3,med-features-v1,3692,1,211.00069444444443,1449,120,192,16,6.867275976579856,0.0006944444444444445,1,0,3145,0,1,1,4,1,1449,1.0,1.0,1,0.33333333333333337,0.33333333333333337,1,0,0.8193066562866146,1,1569,17,0,0,0,0,0
d000254,c_noah,0,med-features-v1,3698,1,211.0048611111111,1456,1335,193,176,6.90031496114821,0.00034722222222222224,1,0,3151,0,1,1,4,1,1455,1.0,0.9993131868131868,1,0.2727272727272727,0.2727272727272727,1,0,0.6943321665474183,1,2790,17,0,0,0,0,0
d000254,c_elena,1,med-features-v1,3698,1,211.0048611111111,1455,0,192,0,6.895575733839729,0.0006944444444444445,1,0,3151,0,1,1,4,1,1455,1.0,1.0,1,0.4545454545454546,0.8,1,0,0.8273497997924812,1,1455,17,0,0,0,0,0
d000254,c_taylor,2,med-features-v1,3698,1,211.0048611111111,1335,0,176,0,6.3268684568220195,0.0006944444444444445,1,0,3151,0,1,1,4,1,1335,1.0,1.0,1,0.3846153846153846,0.33333333333333337,1,0,0.8305051729561443,1,1335,17,0,0,0,0,0
d000254,c_chris,3,med-features-v1,3698,1,211.0048611111111,1455,120,192,16,6.895575733839729,0.0006944444444444445,1,0,3151,0,1,1,4,1,1455,1.0,1.0,1,0.33333333333333337,0.33333333333333337,1,0,0.8193779965006973,1,1575,17,0,0,0,0,0
d000255,c_noah,0,med-features-v1,303,1,211.00729166666667,303,303,40,40,1.435969333603203,0.00034722222222222224,1,0,303,0,1,1,3,1,121,1.0,0.39933993399339934,1,0.2727272727272727,0.2727272727272727,1,0,0.6171912014614188,1,606,16,0,0,0,0,0
d000255,c_taylor,1,med-features-v1,303,1,211.00729166666667,121,0,16,0,0.5734398988976487,0.0006944444444444445,1,0,303,0,1,1,3,1,121,1.0,1.0,1,0.3846153846153846,0.33333333333333337,1,0,0.8503616025215361,1,121,16,0,0,0,0,0
d000255,c_chris,2,med-features-v1,303,1,211.00729166666667,121,0,16,0,0.5734398988976487,0.0006944444444444445,1,0,303,0,1,1,3,1,121,1.0,1.0,1,0.33333333333333337,0.33333333333333337,1,0,0.8503616025215361,1,121,16,0,0,0,0,0
d000256,c_morgan_zhao,0,med-features-v1,3708,1,211.11875,121,121,16,16,0.5731371562213209,0.00034722222222222224,1,0,3161,0,1,1,1,0,0,0.0,0.0,1,0.8181818181818181,0.8181818181818181,1,1,0.6311939072882666,1,242,14,0,0,0,0,0
d000257,c_noah,0,med-features-v1,3714,1,212.00069444444443,1462,1339,193,176,6.896203825328141,0.00034722222222222224,1,0,3167,0,1,1,4,1,1461,1.0,0.9993160054719562,1,0.2727272727272727,0.2727272727272727,1,0,0.6541885200915876,1,2800,17,0,0,0,0,0
d000257,c_elena,1,med-features-v1,3714,1,212.00069444444443,1461,0,192,0,6.891486859647341,0.0006944444444444445,1,0,3167,0,1,1,4,1,1461,1.0,1.0,1,0.4545454545454546,0.8,1,0,0.8144535234117675,1,1461,17,0,0,0,0,0
d000257,c_taylor,2,med-features-v1,3714,1,212.00069444444443,1339,0,176,0,6.316017046589863,0.0006944444444444445,1,0,3167,0,1,1,4,1,1339,1.0,1.0,1,0.3846153846153846,0.33333333333333337,1,0,0.8177122915316777,1,1339,17,0,0,0,0,0
d000257,c_chris,3,med-features-v1,3714,1,212.00069444444443,1461,122,192,16,6.891486859647341,0.0006944444444444445,1,0,3167,0,1,1,4,1,1461,1.0,1.0,1,0.33333333333333337,0.33333333333333337,1,0,0.8064134170637792,1,1583,17,0,0,0,0,0
d000258,c_noah,0,med-features-v1,3720,1,212.0048611111111,1468,1345,193,176,6.924369527690338,0.00034722222222222224,1,0,3173,0,1,1,4,1,1467,1.0,0.9993188010899182,1,0.2727272727272727,0.2727272727272727,1,0,0.6542066308696649,1,2812,17,0,0,0,0,0
d000258,c_elena,1,med-features-v1,3720,1,212.0048611111111,1467,0,192,0,6.919652654715072,0.0006944444444444445,1,0,3173,0,1,1,4,1,1467,1.0,1.0,1,0.4545454545454546,0.8,1,0,0.8145117718841445,1,1467,17,0,0,0,0,0
d000258,c_taylor,2,med-features-v1,3720,1,212.0048611111111,1345,0,176,0,6.344194151732633,0.0006944444444444445,1,0,3173,0,1,1,4,1,1345,1.0,1.0,1,0.3846153846153846,0.33333333333333337,1,0,0.8177425645534913,1,1345,17,0,0,0,0,0
d000258,c_chris,3,med-features-v1,3720,1,212.0048611111111,1467,122,192,16,6.919652654715072,0.0006944444444444445,1,0,3173,0,1,1,4,1,1467,1.0,1.0,1,0.33333333333333337,0.33333333333333337,1,0,0.8065404141144604,1,1589,17,0,0,0,0,0
d000259,c_noah,0,med-features-v1,61,1,210.00069444444443,61,245,8,32,0.290475229909954,0.00034722222222222224,1,0,61,0,1,1,1,0,0,0.0,0.0,1,0.2727272727272727,0.2727272727272727,1,0,0.6166223206685882,1,306,15,0,0,0,0,0
d000260,c_morgan_shaw,0,med-features-v1,3728,1,212.09791666666666,183,183,24,24,0.8628090406357127,0.00034722222222222224,1,0,3181,0,1,1,1,0,0,0.0,0.0,1,0.8181818181818181,0.8181818181818181,1,1,0.6099583236541836,1,366,18,0,0,0,0,0
d000261,c_fac_001,0,med-features-v1,3735,1,212.15972222222223,30,30,4,4,0.1414029000687375,6.9996527777777775,1,0,3182,0,1,1,1,0,0,0.0,0.0,1,0.6666666666666667,0.6666666666666667,1,0,0.5333040108907839,1,60,16,0,0,0,0,0
d000262,c_noah,0,med-features-v1,3741,1,213.0013888888889,1471,1348,192,176,6.906058254706216,0.00034722222222222224,1,0,3188,0,1,1,4,1,1470,1.0,0.9993201903467029,1,0.2727272727272727,0.2727272727272727,1,0,0.6547209717436037,1,2818,17,0,0,0,0,0
d000262,c_elena,1,med-features-v1,3741,1,213.0013888888889,1470,0,192,0,6.901363449638435,0.0006944444444444445,1,0,3188,0,1,1,4,1,1470,1.0,1.0,1,0.4545454545454546,0.8,1,0,0.8154073767476696,1,1470,17,0,0,0,0,0
d000262,c_taylor,2,med-features-v1,3741,1,213.0013888888889,1348,0,176,0,6.328597231369122,0.0006944444444444445,1,0,3188,0,1,1,4,1,1348,1.0,1.0,1,0.3846153846153846,0.33333333333333337,1,0,0.818635842446803,1,1348,17,0,0,0,0,0
d000262,c_chris,3,med-features-v1,3741,1,213.0013888888889,1470,122,192,16,6.901363449638435,0.0006944444444444445,1,0,3188,0,1,1,4,1,1470,1.0,1.0,1,0.33333333333333337,0.33333333333333337,1,0,0.8074613608580901,1,1592,17,0,0,0,0,0
d000263,c_noah,0,med-features-v1,3747,1,213.00694444444446,1477,1354,192,176,6.9340462295830205,0.001736111111111111,1,0,3194,0,1,1,5,1,1476,1.0,0.999322951929587,1,0.2727272727272727,0.2727272727272727,1,0,0.6935022334184152,1,2830,17,0,0,0,0,0
d000263,c_elena,1,med-features-v1,3747,1,213.00694444444446,1476,0,192,0,6.929351546963127,0.0020833333333333333,1,0,3194,0,1,1,5,1,1476,1.0,1.0,1,0.4545454545454546,0.8,1,0,0.8258809192434835,1,1476,17,0,0,0,0,0
d000263,c_taylor,2,med-features-v1,3747,1,213.00694444444446,1354,0,176,0,6.356600267336093,0.0020833333333333333,1,0,3194,0,1,1,5,1,1354,1.0,1.0,1,0.3846153846153846,0.33333333333333337,1,0,0.8290059277127495,1,1354,17,0,0,0,0,0
d000263,c_chris,3,med-features-v1,3747,1,213.00694444444446,1476,122,192,16,6.929351546963127,0.0020833333333333333,1,0,3194,0,1,1,5,1,1476,1.0,1.0,1,0.33333333333333337,0.33333333333333337,1,0,0.8179015048930078,1,1598,17,0,0,0,0,0
d000263,c_lena,4,med-features-v1,3747,1,213.00694444444446,122,0,16,0,0.5727512796270335,1.9993055555555554,1,0,3194,0,1,1,5,1,122,1.0,1.0,1,0.4545454545454546,0.8,1,0,0.8430685581842732,1,122,17,0,0,0,0,0
d000264,c_quinn,0,med-features-v1,214,1,213.04131944444444,30,30,4,4,0.14081775346788167,6.9996527777777775,1,0,214,0,1,1,1,0,0,0.0,0.0,1,0.2727272727272727,0.19999999999999996,1,0,0.6836217718275523,1,60,14,0,0,0,0,0
d000265,c_morgan_zhao,0,med-features-v1,3755,1,213.11805555555554,122,122,16,16,0.5724526703379061,1.9989583333333334,1,0,3202,0,1,1,1,0,0,0.0,0.0,1,0.8181818181818181,0.8181818181818181,1,1,0.6340750884393992,1,244,14,0,0,0,0,0
d000266,c_noah,0,med-features-v1,3762,1,214.00069444444443,1482,1357,192,176,6.925211172082126,0.00034722222222222224,1,0,3209,0,1,1,4,1,1481,1.0,0.9993252361673415,1,0.2727272727272727,0.2727272727272727,1,0,0.6939826980345094,1,2838,17,0,0,0,0,0
d000266,c_elena,1,med-features-v1,3762,1,214.00069444444443,1481,0,192,0,6.920538290049683,0.0006944444444444445,1,0,3209,0,1,1,4,1,1481,1.0,1.0,1,0.4545454545454546,0.8,1,0,0.8266431519979572,1,1481,17,0,0,0,0,0
d000266,c_taylor,2,med-features-v1,3762,1,214.00069444444443,1357,0,176,0,6.3411009180266165,0.0006944444444444445,1,0,3209,0,1,1,4,1,1357,1.0,1.0,1,0.3846153846153846,0.33333333333333337,1,0,0.8298436001898246,1,1357,17,0,0,0,0,0
d000266,c_chris,3,med-features-v1,3762,1,214.00069444444443,1481,124,192,16,6.920538290049683,0.0006944444444444445,1,0,3209,0,1,1,4,1,1481,1.0,1.0,1,0.33333333333333337,0.33333333333333337,1,0,0.8184509831972714,1,1605,17,0,0,0,0,0
d000267,c_noah,0,med-features-v1,3768,1,214.0048611111111,1488,1363,192,176,6.953113084788443,0.00034722222222222224,1,0,3215,0,1,1,4,1,1487,1.0,0.9993279569892473,1,0.2727272727272727,0.2727272727272727,1,0,0.6545862093539907,1,2850,17,0,0,0,0,0
d000267,c_elena,1,med-features-v1,3768,1,214.0048611111111,1487,0,192,0,6.948440293736838,0.0006944444444444445,1,0,3215,0,1,1,4,1,1487,1.0,1.0,1,0.4545454545454546,0.8,1,0,0.8151430887441647,1,1487,17,0,0,0,0,0
d000267,c_taylor,2,med-features-v1,3768,1,214.0048611111111,1363,0,176,0,6.369014203337801,0.0006944444444444445,1,0,3215,0,1,1,4,1,1363,1.0,1.0,1,0.3846153846153846,0.33333333333333337,1,0,0.8184109301973643,1,1363,17,0,0,0,0,0
d000267,c_chris,3,med-features-v1,3768,1,214.0048611111111,1487,124,192,16,6.948440293736838,0.0006944444444444445,1,0,3215,0,1,1,4,1,1487,1.0,1.0,1,0.33333333333333337,0.33333333333333337,1,0,0.8071337700721385,1,1611,17,0,0,0,0,0
d000052,c_fac_004,0,med-features-v1,3770,1,214.02152777777778,31,31,4,4,0.14484524207390873,3.840625,1,0,3217,0,1,1,1,0,0,0.0,0.0,1,0.6666666666666667,0.6666666666666667,1,0,0.018773670857169047,1,62,18,0,0,0,0,0
d000268,c_hana,0,med-features-v1,61,1,213.93020833333333,30,30,4,4,0.14023264986147158,6.9996527777777775,1,0,61,0,1,1,1,0,0,0.0,0.0,1,0.3846153846153846,0.5,1,0,0.5315258098021876,1,60,16,0,0,0,0,0
d000269,c_morgan_shaw,0,med-features-v1,3777,1,214.09791666666666,185,185,24,24,0.8640906127453366,0.00034722222222222224,1,0,3224,0,1,1,1,0,0,0.0,0.0,1,0.8181818181818181,0.8181818181818181,1,1,0.609838846575621,1,370,18,0,0,0,0,0
d000270,c_ren,0,med-features-v1,3783,1,214.13958333333332,185,185,24,24,0.8639224804693201,0.00034722222222222224,1,0,185,0,1,0,1,0,0,0.0,0.0,1,0.4545454545454546,0.5,1,0,0.5657839114927931,1,370,16,0,0,0,0,0
d000073,c_noah,0,med-features-v1,3787,1,217.0,1489,1364,192,176,6.861751152073733,2.9947916666666665,1,0,3228,0,1,1,5,1,1488,0.75,0.9993284083277367,1,0.2727272727272727,0.2727272727272727,1,0,0.6941266358726439,1,2852,17,0,0,0,0,0
d000073,c_elena,1,med-features-v1,3787,1,217.0,1488,0,192,0,6.857142857142857,2.995138888888889,1,0,3228,0,1,1,5,1,1488,0.75,1.0,1,0.4545454545454546,0.8,1,0,0.8269256103228462,1,1488,17,0,0,0,0,0
d000073,c_taylor,2,med-features-v1,3787,1,217.0,1364,0,176,0,6.285714285714286,2.995138888888889,1,0,3228,0,1,1,5,1,1364,0.75,1.0,1,0.3846153846153846,0.33333333333333337,1,0,0.8300967888687999,1,1364,17,0,0,0,0,0
d000073,c_chris,3,med-features-v1,3787,1,217.0,1488,124,192,16,6.857142857142857,2.995138888888889,1,0,3228,0,1,1,5,1,1488,0.75,1.0,1,0.33333333333333337,0.33333333333333337,1,0,0.8188119711489442,1,1612,17,0,0,0,0,0
d000073,c_jamie_li,4,med-features-v1,3787,1,217.0,124,124,16,16,0.5714285714285714,3.8878472222222222,1,0,3228,0,1,1,5,1,0,0.0,0.0,1,0.7777777777777778,0.7777777777777778,1,0,0.01134189974935732,1,248,17,0,0,0,0,0
d000271,c_noah,0,med-features-v1,3791,1,217.00277777777777,1493,1368,192,176,6.88009626092856,0.00034722222222222224,1,0,3232,0,1,1,4,1,1492,1.0,0.999330207635633,1,0.2727272727272727,0.2727272727272727,1,0,0.6544336094436869,1,2860,17,0,0,0,0,0
d000271,c_elena,1,med-features-v1,3791,1,217.00277777777777,1492,0,192,0,6.87548802498688,0.0006944444444444445,1,0,3232,0,1,1,4,1,1492,1.0,1.0,1,0.4545454545454546,0.8,1,0,0.8149036251721867,1,1492,17,0,0,0,0,0
d000271,c_taylor,2,med-features-v1,3791,1,217.00277777777777,1368,0,176,0,6.304066768218533,0.0006944444444444445,1,0,3232,0,1,1,4,1,1368,1.0,1.0,1,0.3846153846153846,0.33333333333333337,1,0,0.8181447372060718,1,1368,17,0,0,0,0,0
d000271,c_chris,3,med-features-v1,3791,1,217.00277777777777,1492,124,192,16,6.87548802498688,0.0006944444444444445,1,0,3232,0,1,1,4,1,1492,1.0,1.0,1,0.33333333333333337,0.33333333333333337,1,0,0.8069533315449522,1,1616,17,0,0,0,0,0
d000272,c_elena,0,med-features-v1,1744,1,217.02743055555555,310,310,40,40,1.4283908684098112,2.9989583333333334,1,0,1744,0,1,1,3,1,186,1.0,0.6,1,0.4545454545454546,0.8,1,0,0.6252750834867049,1,620,17,0,0,0,0,0
d000272,c_taylor,1,med-features-v1,1744,1,217.02743055555555,248,62,32,8,1.142712694727849,2.9993055555555554,1,0,1744,0,1,1,3,1,186,1.0,0.75,1,0.3846153846153846,0.33333333333333337,1,0,0.7786235501430732,1,310,17,0,0,0,0,0
d000272,c_lena,2,med-features-v1,1744,1,217.02743055555555,186,0,24,0,0.8570345210458867,2.9993055555555554,1,0,1744,0,1,1,3,1,186,1.0,1.0,1,0.4545454545454546,0.8,1,0,0.8319461666528124,1,186,17,0,0,0,0,0
d000273,c_jamie_lee,0,med-features-v1,3800,1,217.09097222222223,187,187,24,24,0.8613900342598309,0.00034722222222222224,1,0,3241,0,1,1,1,0,0,0.0,0.0,1,0.7777777777777778,0.7777777777777778,1,0,0.5632614909705997,1,374,17,0,0,0,0,0
d000274,c_pat,0,med-features-v1,3806,1,217.1326388888889,187,187,24,24,0.861224737823463,0.00034722222222222224,1,0,187,0,1,0,1,0,0,0.0,0.0,1,0.33333333333333337,0.33333333333333337,1,0,0.6729163970119098,1,374,14,0,0,0,0,0
d000275,c_fac_014,0,med-features-v1,3812,1,217.25,31,31,4,4,0.142692750287687,6.9996527777777775,1,0,3247,0,1,1,1,0,0,0.0,0.0,1,0.7692307692307692,0.7692307692307692,1,0,0.6618730937492847,1,62,16,0,0,0,0,0
d000276,c_noah,0,med-features-v1,3819,1,218.00416666666666,1503,1378,192,176,6.894363639838688,0.00034722222222222224,1,0,3254,0,1,1,4,1,1502,1.0,0.9993346640053227,1,0.2727272727272727,0.2727272727272727,1,0,0.6940973729675075,1,2880,17,0,0,0,0,0
d000276,c_elena,1,med-features-v1,3819,1,218.00416666666666,1502,0,192,0,6.889776571548709,0.0006944444444444445,1,0,3254,0,1,1,4,1,1502,1.0,1.0,1,0.4545454545454546,0.8,1,0,0.8269331777151353,1,1502,17,0,0,0,0,0
d000276,c_taylor,2,med-features-v1,3819,1,218.00416666666666,1378,0,176,0,6.3209801035912925,0.0006944444444444445,1,0,3254,0,1,1,4,1,1378,1.0,1.0,1,0.3846153846153846,0.33333333333333337,1,0,0.8300397676648289,1,1378,17,0,0,0,0,0
d000276,c_chris,3,med-features-v1,3819,1,218.00416666666666,1502,124,192,16,6.889776571548709,0.0006944444444444445,1,0,3254,0,1,1,4,1,1502,1.0,1.0,1,0.33333333333333337,0.33333333333333337,1,0,0.818978406123902,1,1626,17,0,0,0,0,0
d000277,c_noah,0,med-features-v1,312,1,218.0065972222222,312,312,40,40,1.4311493504114778,1.0059027777777778,1,0,312,0,1,1,3,1,124,1.0,0.3974358974358974,1,0.2727272727272727,0.2727272727272727,1,0,0.5668861456149357,1,624,16,0,0,0,0,0
d000277,c_taylor,1,med-features-v1,312,1,218.0065972222222,124,0,16,0,0.5687901264455874,4.999305555555556,1,0,312,0,1,1,3,1,124,1.0,1.0,1,0.3846153846153846,0.33333333333333337,1,0,0.7822803119649289,1,124,16,0,0,0,0,0
d000277,c_chris,2,med-features-v1,312,1,218.0065972222222,124,0,16,0,0.5687901264455874,4.999305555555556,1,0,312,0,1,1,3,1,124,1.0,1.0,1,0.33333333333333337,0.33333333333333337,1,0,0.7822803119649289,1,124,16,0,0,0,0,0
d000278,c_jamie_li,0,med-features-v1,3828,1,218.11180555555555,125,125,16,16,0.5731005695982884,0.00034722222222222224,1,0,3263,0,1,1,1,0,0,0.0,0.0,1,0.7777777777777778,0.7777777777777778,1,0,0.5738065896134011,1,250,14,0,0,0,0,0
d000279,c_fac_015,0,med-features-v1,3834,1,218.25694444444446,31,31,4,4,0.14203442680327086,6.9996527777777775,1,0,3269,0,1,1,1,0,0,0.0,0.0,1,0.6923076923076923,0.6923076923076923,1,0,0.6619766231076286,1,62,16,0,0,0,0,0
d000280,c_noah,0,med-features-v1,3840,1,219.00347222222223,1514,1387,192,176,6.913132402137206,0.00034722222222222224,1,0,3275,0,1,1,4,1,1513,1.0,0.9993394980184941,1,0.2727272727272727,0.2727272727272727,1,0,0.654973711735413,1,2900,17,0,0,0,0,0
d000280,c_elena,1,med-features-v1,3840,1,219.00347222222223,1513,0,192,0,6.908566264487181,0.0006944444444444445,1,0,3275,0,1,1,4,1,1513,1.0,1.0,1,0.4545454545454546,0.8,1,0,0.8158158496482477,1,1513,17,0,0,0,0,0
d000280,c_taylor,2,med-features-v1,3840,1,219.00347222222223,1387,0,176,0,6.333232920584085,0.0006944444444444445,1,0,3275,0,1,1,4,1,1387,1.0,1.0,1,0.3846153846153846,0.33333333333333337,1,0,0.8190842623594604,1,1387,17,0,0,0,0,0
d000280,c_chris,3,med-features-v1,3840,1,219.00347222222223,1513,126,192,16,6.908566264487181,0.0006944444444444445,1,0,3275,0,1,1,4,1,1513,1.0,1.0,1,0.33333333333333337,0.33333333333333337,1,0,0.8078236564934143,1,1639,17,0,0,0,0,0
d000281,c_noah,0,med-features-v1,62,1,217.0,62,252,8,32,0.2857142857142857,0.013194444444444444,1,0,62,0,1,1,1,0,0,0.0,0.0,1,0.2727272727272727,0.2727272727272727,1,0,0.6320679957351957,1,314,15,0,0,0,0,0
d000282,c_morgan_shaw,0,med-features-v1,3849,1,219.09722222222223,188,188,24,24,0.858066561014263,1.9989583333333334,1,0,3284,0,1,1,1,0,0,0.0,0.0,1,0.8181818181818181,0.8181818181818181,1,1,0.5605546091687664,1,376,17,0,0,0,0,0
d000283,c_ren,0,med-features-v1,3855,1,219.13888888888889,188,188,24,24,0.8579034098111294,1.9989583333333334,1,0,188,0,1,0,1,0,0,0.0,0.0,1,0.4545454545454546,0.5,1,0,0.7349748301210859,1,376,14,0,0,0,0,0
d000284,c_noah,0,med-features-v1,3861,1,220.0,1517,1390,192,176,6.8954545454545455,0.9947916666666666,1,0,3290,0,1,1,4,1,1516,1.0,0.999340804218853,1,0.2727272727272727,0.2727272727272727,1,0,0.6937596249811498,1,2906,17,0,0,0,0,0
d000284,c_elena,1,med-features-v1,3861,1,220.0,1516,0,192,0,6.890909090909091,0.9951388888888889,1,0,3290,0,1,1,4,1,1516,1.0,1.0,1,0.4545454545454546,0.8,1,0,0.8262984847979096,1,1516,17,0,0,0,0,0
d000284,c_taylor,2,med-features-v1,3861,1,220.0,1390,0,176,0,6.318181818181818,0.9951388888888889,1,0,3290,0,1,1,4,1,1390,1.0,1.0,1,0.3846153846153846,0.33333333333333337,1,0,0.829440522611155,1,1390,17,0,0,0,0,0
d000284,c_chris,3,med-features-v1,3861,1,220.0,1516,126,192,16,6.890909090909091,0.9951388888888889,1,0,3290,0,1,1,4,1,1516,1.0,1.0,1,0.33333333333333337,0.33333333333333337,1,0,0.818237334427617,1,1642,17,0,0,0,0,0
d000285,c_noah,0,med-features-v1,3867,1,220.00416666666666,1523,1396,192,176,6.922596162951459,0.00034722222222222224,1,0,3296,0,1,1,4,1,1522,1.0,0.9993434011818779,1,0.2727272727272727,0.2727272727272727,1,0,0.6551572405318388,1,2918,17,0,0,0,0,0
d000285,c_elena,1,med-features-v1,3867,1,220.00416666666666,1522,0,192,0,6.918050794492529,0.0006944444444444445,1,0,3296,0,1,1,4,1,1522,1.0,1.0,1,0.4545454545454546,0.8,1,0,0.8161693504580677,1,1522,17,0,0,0,0,0
d000285,c_taylor,2,med-features-v1,3867,1,220.00416666666666,1396,0,176,0,6.3453343686672605,0.0006944444444444445,1,0,3296,0,1,1,4,1,1396,1.0,1.0,1,0.3846153846153846,0.33333333333333337,1,0,0.8194009836716987,1,1396,17,0,0,0,0,0
d000285,c_chris,3,med-features-v1,3867,1,220.00416666666666,1522,126,192,16,6.918050794492529,0.0006944444444444445,1,0,3296,0,1,1,4,1,1522,1.0,1.0,1,0.33333333333333337,0.33333333333333337,1,0,0.8082731858845368,1,1648,17,0,0,0,0,0
d000029,c_chris,0,med-features-v1,3871,1,220.01388888888889,1526,126,192,16,6.9359257622624835,0.00625,1,0,3300,0,1,1,5,1,1526,0.75,1.0,1,0.33333333333333337,0.33333333333333337,1,0,0.1972537251056628,1,1652,21,0,0,0,0,0
d000029,c_noah,1,med-features-v1,3871,1,220.01388888888889,1527,1400,192,176,6.940470929865539,0.005902777777777778,1,0,3300,0,1,1,5,1,1526,0.75,0.9993451211525868,1,0.2727272727272727,0.2727272727272727,1,0,0.10485904152643524,1,2926,21,0,0,0,0,0
d000029,c_elena,2,med-features-v1,3871,1,220.01388888888889,1526,0,192,0,6.9359257622624835,0.00625,1,0,3300,0,1,1,5,1,1526,0.75,1.0,1,0.4545454545454546,0.8,1,0,0.15129826462865037,1,1526,21,0,0,0,0,0
d000029,c_marcus,3,med-features-v1,3871,1,220.01388888888889,126,0,16,0,0.5726911179849757,1.9993055555555554,1,0,3300,0,1,1,5,1,126,0.75,1.0,1,0.3076923076923077,0.33333333333333337,1,0,0.8567143264307947,1,126,21,0,0,0,0,0
d000029,c_pat,4,med-features-v1,3871,1,220.01388888888889,190,190,24,24,0.8635818445805189,0.8809027777777778,1,0,190,0,1,0,5,1,0,0.0,0.0,1,0.33333333333333337,0.33333333333333337,1,0,0.005711562153384744,1,380,21,0,0,0,0,0
d000286,c_noah,0,med-features-v1,317,1,220.00729166666667,317,317,40,40,1.4408613350883257,0.00034722222222222224,1,0,317,0,1,1,3,1,127,1.0,0.40063091482649843,1,0.2727272727272727,0.2727272727272727,1,0,0.569736527507992,1,634,16,0,0,0,0,0
d000286,c_taylor,1,med-features-v1,317,1,220.00729166666667,127,0,16,0,0.5772535948145658,0.0006944444444444445,1,0,317,0,1,1,3,1,127,1.0,1.0,1,0.3846153846153846,0.33333333333333337,1,0,0.7866253437422319,1,127,16,0,0,0,0,0
d000286,c_chris,2,med-features-v1,317,1,220.00729166666667,127,0,16,0,0.5772535948145658,0.0006944444444444445,1,0,317,0,1,1,3,1,127,1.0,1.0,1,0.33333333333333337,0.33333333333333337,1,0,0.7866253437422319,1,127,16,0,0,0,0,0
d000287,c_morgan_zhao,0,med-features-v1,3877,1,220.11805555555554,126,126,16,16,0.57242010284885,1.9989583333333334,1,0,3306,0,1,1,1,0,0,0.0,0.0,1,0.8181818181818181,0.8181818181818181,1,1,0.6391767907174577,1,252,14,0,0,0,0,0
d000288,c_noah,0,med-features-v1,3883,1,221.0,1529,1400,192,176,6.918552036199095,0.9854166666666667,1,0,3312,0,1,1,4,1,1528,1.0,0.999345977763244,1,0.2727272727272727,0.2727272727272727,1,0,0.6931220656260645,1,2928,17,0,0,0,0,0
d000288,c_elena,1,med-features-v1,3883,1,221.0,1528,0,192,0,6.914027149321267,0.9854166666666667,1,0,3312,0,1,1,4,1,1528,1.0,1.0,1,0.4545454545454546,0.8,1,0,0.8251290658972533,1,1528,17,0,0,0,0,0
d000288,c_taylor,2,med-features-v1,3883,1,221.0,1400,0,176,0,6.334841628959276,0.9923611111111111,1,0,3312,0,1,1,4,1,1400,1.0,1.0,1,0.3846153846153846,0.33333333333333337,1,0,0.8283078466156975,1,1400,17,0,0,0,0,0
d000288,c_chris,3,med-features-v1,3883,1,221.0,1528,128,192,16,6.914027149321267,0.9850694444444444,1,0,3312,0,1,1,4,1,1528,1.0,1.0,1,0.33333333333333337,0.33333333333333337,1,0,0.8169455209514264,1,1656,17,0,0,0,0,0
d000289,c_noah,0,med-features-v1,3889,1,221.00416666666666,1535,1406,192,176,6.945570407797741,0.00034722222222222224,1,0,3318,0,1,1,4,1,1534,1.0,0.9993485342019544,1,0.2727272727272727,0.2727272727272727,1,0,0.6558208605332675,1,2940,17,0,0,0,0,0
d000289,c_elena,1,med-features-v1,3889,1,221.00416666666666,1534,0,192,0,6.941045606229143,0.0006944444444444445,1,0,3318,0,1,1,4,1,1534,1.0,1.0,1,0.4545454545454546,0.8,1,0,0.8172524762964661,1,1534,17,0,0,0,0,0
d000289,c_taylor,2,med-features-v1,3889,1,221.00416666666666,1406,0,176,0,6.361871005448616,0.0006944444444444445,1,0,3318,0,1,1,4,1,1406,1.0,1.0,1,0.3846153846153846,0.33333333333333337,1,0,0.8205547993599811,1,1406,17,0,0,0,0,0
d000289,c_chris,3,med-features-v1,3889,1,221.00416666666666,1534,128,192,16,6.941045606229143,0.0006944444444444445,1,0,3318,0,1,1,4,1,1534,1.0,1.0,1,0.33333333333333337,0.33333333333333337,1,0,0.8092139018421466,1,1662,17,0,0,0,0,0
d000290,c_avery,0,med-features-v1,253,1,220.96493055555555,63,63,8,8,0.28511311655475746,2.999652777777778,1,0,253,0,1,1,2,1,63,1.0,1.0,1,0.41666666666666663,0.25,1,0,0.5610764883608877,1,126,18,0,0,0,0,0
d000290,c_devon,1,med-features-v1,253,1,220.96493055555555,63,0,8,0,0.28511311655475746,3.0,1,0,253,0,1,1,2,1,63,1.0,1.0,1,0.4545454545454546,0.4,1,0,0.7176085583735352,1,63,18,0,0,0,0,0
d000291,c_jamie_lee,0,med-features-v1,3897,1,221.09097222222223,191,191,24,24,0.8638977796344516,0.00034722222222222224,1,0,3326,0,1,1,1,0,0,0.0,0.0,1,0.7777777777777778,0.7777777777777778,1,0,0.6005422624363727,1,382,18,0,0,0,0,0
d000292,c_ren,0,med-features-v1,3904,1,221.13888888888889,190,190,24,24,0.8591885441527446,1.9989583333333334,1,0,190,0,1,0,1,0,0,0.0,0.0,1,0.4545454545454546,0.5,1,0,0.7379467355769697,1,380,14,0,0,0,0,0
d000293,c_noah,0,med-features-v1,3910,1,224.00069444444443,1538,1409,192,176,6.866050142453676,0.00034722222222222224,1,0,3333,0,1,1,4,1,1537,1.0,0.9993498049414824,1,0.2727272727272727,0.2727272727272727,1,0,0.6926499976615942,1,2946,17,0,0,0,0,0
d000293,c_elena,1,med-features-v1,3910,1,224.00069444444443,1537,0,192,0,6.8615858705795185,0.0006944444444444445,1,0,3333,0,1,1,4,1,1537,1.0,1.0,1,0.4545454545454546,0.8,1,0,0.824336425015722,1,1537,17,0,0,0,0,0
d000293,c_taylor,2,med-features-v1,3910,1,224.00069444444443,1409,0,176,0,6.290159070687405,0.0006944444444444445,1,0,3333,0,1,1,4,1,1409,1.0,1.0,1,0.3846153846153846,0.33333333333333337,1,0,0.8274634849193045,1,1409,17,0,0,0,0,0
d000293,c_chris,3,med-features-v1,3910,1,224.00069444444443,1537,128,192,16,6.8615858705795185,0.0006944444444444445,1,0,3333,0,1,1,4,1,1537,1.0,1.0,1,0.33333333333333337,0.33333333333333337,1,0,0.8162614344457277,1,1665,17,0,0,0,0,0
d000294,c_noah,0,med-features-v1,3916,1,224.0048611111111,1544,1415,192,176,6.892707561529853,0.00034722222222222224,1,0,3339,0,1,1,4,1,1543,1.0,0.9993523316062176,1,0.2727272727272727,0.2727272727272727,1,0,0.655676213738404,1,2958,17,0,0,0,0,0
d000294,c_elena,1,med-features-v1,3916,1,224.0048611111111,1543,0,192,0,6.8882433726946655,0.0006944444444444445,1,0,3339,0,1,1,4,1,1543,1.0,1.0,1,0.4545454545454546,0.8,1,0,0.8170439276009884,1,1543,17,0,0,0,0,0
d000294,c_taylor,2,med-features-v1,3916,1,224.0048611111111,1415,0,176,0,6.316827201790636,0.0006944444444444445,1,0,3339,0,1,1,4,1,1415,1.0,1.0,1,0.3846153846153846,0.33333333333333337,1,0,0.8203022963047513,1,1415,17,0,0,0,0,0
d000294,c_chris,3,med-features-v1,3916,1,224.0048611111111,1543,128,192,16,6.8882433726946655,0.0006944444444444445,1,0,3339,0,1,1,4,1,1543,1.0,1.0,1,0.33333333333333337,0.33333333333333337,1,0,0.8091061812405839,1,1671,17,0,0,0,0,0
d000295,c_alex_chan,0,med-features-v1,3919,1,224.08333333333334,192,192,24,24,0.8568240981777612,2.9989583333333334,1,0,3342,0,1,1,1,0,0,0.0,0.0,1,0.8888888888888888,0.8888888888888888,1,1,0.5771691150675412,1,384,17,0,0,0,0,0
d000296,c_lee,0,med-features-v1,3925,1,224.125,192,192,24,24,0.856664807585053,2.9989583333333334,1,0,192,0,1,0,1,0,0,0.0,0.0,1,0.4545454545454546,0.5,1,0,0.5802489145215829,1,384,16,0,0,0,0,0
d000297,c_fac_004,0,med-features-v1,3932,1,224.18055555555554,32,32,4,4,0.1427420853726535,6.9996527777777775,1,0,3349,0,1,1,1,0,0,0.0,0.0,1,0.6666666666666667,0.6666666666666667,1,0,0.6389496715305348,1,64,18,0,0,0,0,0
d000298,c_noah,0,med-features-v1,3938,1,225.00208333333333,1548,1419,192,176,6.87993629688614,0.00034722222222222224,1,0,3355,0,1,1,4,1,1547,1.0,0.9993540051679587,1,0.2727272727272727,0.2727272727272727,1,0,0.6926399841332264,1,2966,17,0,0,0,0,0
d000298,c_elena,1,med-features-v1,3938,1,225.00208333333333,1547,0,192,0,6.875491893593578,0.0006944444444444445,1,0,3355,0,1,1,4,1,1547,1.0,1.0,1,0.4545454545454546,0.8,1,0,0.8243594344265543,1,1547,17,0,0,0,0,0
d000298,c_taylor,2,med-features-v1,3938,1,225.00208333333333,1419,0,176,0,6.3066082721456285,0.0006944444444444445,1,0,3355,0,1,1,4,1,1419,1.0,1.0,1,0.3846153846153846,0.33333333333333337,1,0,0.8274422779563486,1,1419,17,0,0,0,0,0
d000298,c_chris,3,med-features-v1,3938,1,225.00208333333333,1547,128,192,16,6.875491893593578,0.0006944444444444445,1,0,3355,0,1,1,4,1,1547,1.0,1.0,1,0.33333333333333337,0.33333333333333337,1,0,0.8163941091016248,1,1675,17,0,0,0,0,0
d000299,c_noah,0,med-features-v1,3944,1,225.0076388888889,1554,1425,192,176,6.906432189030619,0.00034722222222222224,1,0,3361,0,1,1,5,1,1553,1.0,0.9993564993564994,1,0.2727272727272727,0.2727272727272727,1,0,0.6566470700027588,1,2978,17,0,0,0,0,0
d000299,c_elena,1,med-features-v1,3944,1,225.0076388888889,1553,0,192,0,6.9019878954726845,0.0006944444444444445,1,0,3361,0,1,1,5,1,1553,1.0,1.0,1,0.4545454545454546,0.8,1,0,0.8187453431325714,1,1553,17,0,0,0,0,0
d000299,c_taylor,2,med-features-v1,3944,1,225.0076388888889,1425,0,176,0,6.333118320057035,0.0006944444444444445,1,0,3361,0,1,1,5,1,1425,1.0,1.0,1,0.3846153846153846,0.33333333333333337,1,0,0.8219809745490461,1,1425,17,0,0,0,0,0
d000299,c_chris,3,med-features-v1,3944,1,225.0076388888889,1553,128,192,16,6.9019878954726845,0.0006944444444444445,1,0,3361,0,1,1,5,1,1553,1.0,1.0,1,0.33333333333333337,0.33333333333333337,1,0,0.8108986176852246,1,1681,17,0,0,0,0,0
d000299,c_lena,4,med-features-v1,3944,1,225.0076388888889,129,0,16,0,0.5733138689735843,0.0006944444444444445,1,0,3361,0,1,1,5,1,129,1.0,1.0,1,0.4545454545454546,0.8,1,0,0.8153036375063183,1,129,17,0,0,0,0,0
d000300,c_alex_chen,0,med-features-v1,3947,1,225.10416666666666,160,160,20,20,0.7107820453493753,4.048263888888889,1,0,3364,0,1,1,1,0,0,0.0,0.0,1,0.8888888888888888,0.8888888888888888,1,1,0.5781804736260192,1,320,14,0,0,0,0,0
d000301,c_hana,0,med-features-v1,3953,1,225.15277777777777,32,32,4,4,0.14212571710566899,6.9996527777777775,1,0,3370,0,1,1,1,0,0,0.0,0.0,1,0.3846153846153846,0.5,1,0,0.6113648911329376,1,64,18,0,0,0,0,0
d000302,c_noah,0,med-features-v1,3960,1,226.00208333333333,1560,1429,192,176,6.902591237175174,0.00034722222222222224,1,0,3377,0,1,1,4,1,1559,1.0,0.9993589743589744,1,0.2727272727272727,0.2727272727272727,1,0,0.6923356632526111,1,2988,17,0,0,0,0,0
d000302,c_elena,1,med-features-v1,3960,1,226.00208333333333,1559,0,192,0,6.898166499202626,0.0006944444444444445,1,0,3377,0,1,1,4,1,1559,1.0,1.0,1,0.4545454545454546,0.8,1,0,0.823774926977236,1,1559,17,0,0,0,0,0
d000302,c_taylor,2,med-features-v1,3960,1,226.00208333333333,1429,0,176,0,6.322950562771361,0.0006944444444444445,1,0,3377,0,1,1,4,1,1429,1.0,1.0,1,0.3846153846153846,0.33333333333333337,1,0,0.8268814553696147,1,1429,17,0,0,0,0,0
d000302,c_chris,3,med-features-v1,3960,1,226.00208333333333,1559,130,192,16,6.898166499202626,0.0006944444444444445,1,0,3377,0,1,1,4,1,1559,1.0,1.0,1,0.33333333333333337,0.33333333333333337,1,0,0.8156959539674467,1,1689,17,0,0,0,0,0
d000074,c_noah,0,med-features-v1,3961,1,226.00277777777777,1561,1430,192,176,6.906994751785254,0.00034722222222222224,1,0,3378,0,1,1,5,1,1560,0.75,0.9993593850096092,1,0.2727272727272727,0.2727272727272727,1,0,0.65648748932032,1,2990,17,0,0,0,0,0
d000074,c_elena,1,med-features-v1,3961,1,226.00277777777777,1560,0,192,0,6.90257002740871,0.0006944444444444445,1,0,3378,0,1,1,5,1,1560,0.75,1.0,1,0.4545454545454546,0.8,1,0,0.8183978820149036,1,1560,17,0,0,0,0,0
d000074,c_taylor,2,med-features-v1,3961,1,226.00277777777777,1430,0,176,0,6.327355858457984,0.0006944444444444445,1,0,3378,0,1,1,5,1,1430,0.75,1.0,1,0.3846153846153846,0.33333333333333337,1,0,0.8217161339783059,1,1430,17,0,0,0,0,0
d000074,c_chris,3,med-features-v1,3961,1,226.00277777777777,1560,130,192,16,6.90257002740871,0.0006944444444444445,1,0,3378,0,1,1,5,1,1560,0.75,1.0,1,0.33333333333333337,0.33333333333333337,1,0,0.8103825470389074,1,1690,17,0,0,0,0,0
d000074,c_morgan_zhao,4,med-features-v1,3961,1,226.00277777777777,130,130,16,16,0.5752141689507259,0.8836805555555556,1,0,3378,0,1,1,5,1,0,0.0,0.0,1,0.8181818181818181,0.8181818181818181,1,1,0.01894945403431692,1,260,17,0,0,0,0,0
d000303,c_elena,0,med-features-v1,1822,1,226.02743055555555,324,324,40,40,1.4334543342975519,0.9920138888888889,1,0,1822,0,1,1,3,1,194,1.0,0.5987654320987654,1,0.4545454545454546,0.8,1,0,0.6674027531629602,1,648,17,0,0,0,0,0
d000303,c_taylor,1,med-features-v1,1822,1,226.02743055555555,258,64,32,8,1.1414543773110135,1.9993055555555554,1,0,1822,0,1,1,3,1,194,1.0,0.751937984496124,1,0.3846153846153846,0.33333333333333337,1,0,0.797140767355571,1,322,17,0,0,0,0,0
d000303,c_lena,2,med-features-v1,1822,1,226.02743055555555,194,0,24,0,0.8583029038695218,1.9993055555555554,1,0,1822,0,1,1,3,1,194,1.0,1.0,1,0.4545454545454546,0.8,1,0,0.8431901154294805,1,194,17,0,0,0,0,0
d000304,c_jamie_lee,0,med-features-v1,3969,1,226.09027777777777,194,194,24,24,0.8580643179654145,1.9989583333333334,1,0,3386,0,1,1,1,0,0,0.0,0.0,1,0.7777777777777778,0.7777777777777778,1,0,0.5983845903615495,1,388,18,0,0,0,0,0
d000305,c_pat,0,med-features-v1,3975,1,226.13194444444446,194,194,24,24,0.8579062125725516,1.9989583333333334,1,0,194,0,1,0,1,0,0,0.0,0.0,1,0.33333333333333337,0.33333333333333337,1,0,0.6341755761232032,1,388,16,0,0,0,0,0
d000306,c_fac_011,0,med-features-v1,3981,1,226.22916666666666,32,32,4,4,0.14144948890321393,6.9996527777777775,1,0,3392,0,1,1,1,0,0,0.0,0.0,1,0.6666666666666667,0.6666666666666667,1,0,0.6234582003783804,1,64,16,0,0,0,0,0
d000307,c_noah,0,med-features-v1,3988,1,227.00347222222223,1570,1439,192,176,6.916193768450678,0.00034722222222222224,1,0,3399,0,1,1,4,1,1569,1.0,0.9993630573248408,1,0.2727272727272727,0.2727272727272727,1,0,0.6920270633203538,1,3008,17,0,0,0,0,0
d000307,c_elena,1,med-features-v1,3988,1,227.00347222222223,1569,0,192,0,6.911788549489882,0.0006944444444444445,1,0,3399,0,1,1,4,1,1569,1.0,1.0,1,0.4545454545454546,0.8,1,0,0.823271689012808,1,1569,17,0,0,0,0,0
d000307,c_taylor,2,med-features-v1,3988,1,227.00347222222223,1439,0,176,0,6.339110084586323,0.0006944444444444445,1,0,3399,0,1,1,4,1,1439,1.0,1.0,1,0.3846153846153846,0.33333333333333337,1,0,0.8263276162034788,1,1439,17,0,0,0,0,0
d000307,c_chris,3,med-features-v1,3988,1,227.00347222222223,1569,130,192,16,6.911788549489882,0.0006944444444444445,1,0,3399,0,1,1,4,1,1569,1.0,1.0,1,0.33333333333333337,0.33333333333333337,1,0,0.8153059393532907,1,1699,17,0,0,0,0,0
d000308,c_chris,0,med-features-v1,3994,1,227.01458333333332,1575,131,192,16,6.9378802756797935,0.00034722222222222224,1,0,3405,0,1,1,4,1,1575,1.0,1.0,1,0.33333333333333337,0.33333333333333337,1,0,0.1999175470014546,1,1706,16,0,0,0,0,0
d000308,c_noah,1,med-features-v1,3994,1,227.01458333333332,1576,1444,192,176,6.942285279029432,0.0006944444444444445,1,0,3405,0,1,1,4,1,1575,1.0,0.9993654822335025,1,0.2727272727272727,0.2727272727272727,1,0,0.1164441385444954,1,3019,16,0,0,0,0,0
d000308,c_elena,2,med-features-v1,3994,1,227.01458333333332,1575,0,192,0,6.9378802756797935,0.0006944444444444445,1,0,3405,0,1,1,4,1,1575,1.0,1.0,1,0.4545454545454546,0.8,1,0,0.16295918352657532,1,1575,16,0,0,0,0,0
d000308,c_marcus,3,med-features-v1,3994,1,227.01458333333332,131,0,16,0,0.5770554388025733,0.0006944444444444445,1,0,3405,0,1,1,4,1,131,1.0,1.0,1,0.3076923076923077,0.33333333333333337,1,0,0.7698252404031584,1,131,16,0,0,0,0,0
d000309,c_alex_chen,0,med-features-v1,3996,1,227.10486111111112,163,163,20,20,0.7177301234439548,0.00034722222222222224,1,0,3407,0,1,1,1,0,0,0.0,0.0,1,0.8888888888888888,0.8888888888888888,1,1,0.5762397604523046,1,326,14,0,0,0,0,0
d000310,c_fac_007,0,med-features-v1,4002,1,227.20138888888889,32,32,4,4,0.14084420943240517,6.9996527777777775,1,0,3413,0,1,1,1,0,0,0.0,0.0,1,0.6923076923076923,0.6923076923076923,1,0,0.6493785030389955,1,64,16,0,0,0,0,0
d000122,c_noah,0,med-features-v1,4005,1,228.0,1577,1444,192,176,6.916666666666667,0.9854166666666667,1,0,3416,0,1,1,4,1,1576,1.0,0.9993658845909955,1,0.2727272727272727,0.2727272727272727,1,0,0.6918714075564617,1,3020,17,0,0,0,0,0
d000122,c_elena,1,med-features-v1,4005,1,228.0,1576,0,192,0,6.912280701754386,0.9854166666666667,1,0,3416,0,1,1,4,1,1576,1.0,1.0,1,0.4545454545454546,0.8,1,0,0.8229295041114627,1,1576,17,0,0,0,0,0
d000122,c_taylor,2,med-features-v1,4005,1,228.0,1444,0,176,0,6.333333333333333,0.9923611111111111,1,0,3416,0,1,1,4,1,1444,1.0,1.0,1,0.3846153846153846,0.33333333333333337,1,0,0.8260532758042164,1,1444,17,0,0,0,0,0
d000122,c_chris,3,med-features-v1,4005,1,228.0,1576,132,192,16,6.912280701754386,0.9850694444444444,1,0,3416,0,1,1,4,1,1576,1.0,1.0,1,0.33333333333333337,0.33333333333333337,1,0,0.8147839677801113,1,1708,17,0,0,0,0,0
d000311,c_noah,0,med-features-v1,4009,1,228.00277777777777,1581,1448,192,176,6.934126046222634,0.00034722222222222224,1,0,3420,0,1,1,4,1,1580,1.0,0.9993674889310563,1,0.2727272727272727,0.2727272727272727,1,0,0.6918696450992692,1,3028,17,0,0,0,0,0
d000311,c_elena,1,med-features-v1,4009,1,228.00277777777777,1580,0,192,0,6.929740134744947,0.0006944444444444445,1,0,3420,0,1,1,4,1,1580,1.0,1.0,1,0.4545454545454546,0.8,1,0,0.8229424459048784,1,1580,17,0,0,0,0,0
d000311,c_taylor,2,med-features-v1,4009,1,228.00277777777777,1448,0,176,0,6.350799819690306,0.0006944444444444445,1,0,3420,0,1,1,4,1,1448,1.0,1.0,1,0.3846153846153846,0.33333333333333337,1,0,0.8260488350786324,1,1448,17,0,0,0,0,0
d000311,c_chris,3,med-features-v1,4009,1,228.00277777777777,1580,132,192,16,6.929740134744947,0.0006944444444444445,1,0,3420,0,1,1,4,1,1580,1.0,1.0,1,0.33333333333333337,0.33333333333333337,1,0,0.8148403031111584,1,1712,17,0,0,0,0,0
d000053,c_fac_001,0,med-features-v1,4013,1,228.02083333333334,33,33,4,4,0.14472361809045226,1.8607638888888889,1,0,3424,0,1,1,1,0,0,0.0,0.0,1,0.6666666666666667,0.6666666666666667,1,0,0.015842499008821228,1,66,14,0,0,0,0,0
d000312,c_avery,0,med-features-v1,261,1,227.96493055555555,65,65,8,8,0.2851315763419995,2.999652777777778,1,0,261,0,1,1,2,1,65,1.0,1.0,1,0.41666666666666663,0.25,1,0,0.5624191809069019,1,130,18,0,0,0,0,0
d000312,c_devon,1,med-features-v1,261,1,227.96493055555555,65,0,8,0,0.2851315763419995,3.0,1,0,261,0,1,1,2,1,65,1.0,1.0,1,0.4545454545454546,0.4,1,0,0.7195190083397605,1,65,18,0,0,0,0,0
d000313,c_jamie_lee,0,med-features-v1,4019,1,228.09097222222223,197,197,24,24,0.8636904743782177,0.00034722222222222224,1,0,3430,0,1,1,1,0,0,0.0,0.0,1,0.7777777777777778,0.7777777777777778,1,0,0.6004766679286484,1,394,18,0,0,0,0,0
d000127,c_lee,0,med-features-v1,4022,1,228.125,196,196,24,24,0.8591780821917808,1.9989583333333334,1,0,196,0,1,0,1,0,0,0.0,0.0,1,0.4545454545454546,0.5,1,0,0.5842710163438412,1,392,16,0,0,0,0,0
d000314,c_ren,0,med-features-v1,4026,1,228.13888888888889,196,196,24,24,0.85912577620845,1.9989583333333334,1,0,196,0,1,0,1,0,0,0.0,0.0,1,0.4545454545454546,0.5,1,0,0.5579886400346952,1,392,16,0,0,0,0,0
d000315,c_noah,0,med-features-v1,4032,1,231.00069444444443,1586,1453,192,176,6.865780225528423,0.00034722222222222224,1,0,3437,0,1,1,4,1,1585,1.0,0.9993694829760403,1,0.2727272727272727,0.2727272727272727,1,0,0.6917182967596871,1,3038,17,0,0,0,0,0
d000315,c_elena,1,med-features-v1,4032,1,231.00069444444443,1585,0,192,0,6.861451234213462,0.0006944444444444445,1,0,3437,0,1,1,4,1,1585,1.0,1.0,1,0.4545454545454546,0.8,1,0,0.8226956940550022,1,1585,17,0,0,0,0,0
d000315,c_taylor,2,med-features-v1,4032,1,231.00069444444443,1453,0,176,0,6.290024380638586,0.0006944444444444445,1,0,3437,0,1,1,4,1,1453,1.0,1.0,1,0.3846153846153846,0.33333333333333337,1,0,0.8257769563561759,1,1453,17,0,0,0,0,0
d000315,c_chris,3,med-features-v1,4032,1,231.00069444444443,1585,132,192,16,6.861451234213462,0.0006944444444444445,1,0,3437,0,1,1,4,1,1585,1.0,1.0,1,0.33333333333333337,0.33333333333333337,1,0,0.814649860599099,1,1717,17,0,0,0,0,0
d000316,c_noah,0,med-features-v1,4038,1,231.0048611111111,1592,1459,192,176,6.891629865893876,0.00034722222222222224,1,0,3443,0,1,1,4,1,1591,1.0,0.9993718592964824,1,0.2727272727272727,0.2727272727272727,1,0,0.6917162527759563,1,3050,17,0,0,0,0,0
d000316,c_elena,1,med-features-v1,4038,1,231.0048611111111,1591,0,192,0,6.887300952661531,0.0006944444444444445,1,0,3443,0,1,1,4,1,1591,1.0,1.0,1,0.4545454545454546,0.8,1,0,0.822715726761273,1,1591,17,0,0,0,0,0
d000316,c_taylor,2,med-features-v1,4038,1,231.0048611111111,1459,0,176,0,6.3158844059919375,0.0006944444444444445,1,0,3443,0,1,1,4,1,1459,1.0,1.0,1,0.3846153846153846,0.33333333333333337,1,0,0.8257714774697268,1,1459,17,0,0,0,0,0
d000316,c_chris,3,med-features-v1,4038,1,231.0048611111111,1591,132,192,16,6.887300952661531,0.0006944444444444445,1,0,3443,0,1,1,4,1,1591,1.0,1.0,1,0.33333333333333337,0.33333333333333337,1,0,0.8147336783091582,1,1723,17,0,0,0,0,0
d000317,c_alex_chan,0,med-features-v1,4042,1,231.08402777777778,199,199,24,24,0.8611586093322234,0.00034722222222222224,1,0,3447,0,1,1,1,0,0,0.0,0.0,1,0.8888888888888888,0.8888888888888888,1,1,0.5789707285793438,1,398,17,0,0,0,0,0
d000318,c_lee,0,med-features-v1,4048,1,231.12569444444443,199,199,24,24,0.8610033621676517,0.00034722222222222224,1,0,199,0,1,0,1,0,0,0.0,0.0,1,0.4545454545454546,0.5,1,0,0.7194946929893239,1,398,14,0,0,0,0,0
d000319,c_fac_004,0,med-features-v1,4054,1,231.18055555555554,33,33,4,4,0.14274556924001203,6.9996527777777775,1,0,3453,0,1,1,1,0,0,0.0,0.0,1,0.6666666666666667,0.6666666666666667,1,0,0.6375474909679147,1,66,16,0,0,0,0,0
d000320,c_noah,0,med-features-v1,4060,1,232.00208333333333,1596,1463,192,176,6.879248569966146,0.00034722222222222224,1,0,3459,0,1,1,4,1,1595,1.0,0.9993734335839599,1,0.2727272727272727,0.2727272727272727,1,0,0.6572963732364745,1,3058,17,0,0,0,0,0
d000320,c_elena,1,med-features-v1,4060,1,232.00208333333333,1595,0,192,0,6.874938263844614,0.0006944444444444445,1,0,3459,0,1,1,4,1,1595,1.0,1.0,1,0.4545454545454546,0.8,1,0,0.8198234585261066,1,1595,17,0,0,0,0,0
d000320,c_taylor,2,med-features-v1,4060,1,232.00208333333333,1463,0,176,0,6.3059778558023005,0.0006944444444444445,1,0,3459,0,1,1,4,1,1463,1.0,1.0,1,0.3846153846153846,0.33333333333333337,1,0,0.8231123637856468,1,1463,17,0,0,0,0,0
d000320,c_chris,3,med-features-v1,4060,1,232.00208333333333,1595,132,192,16,6.874938263844614,0.0006944444444444445,1,0,3459,0,1,1,4,1,1595,1.0,1.0,1,0.33333333333333337,0.33333333333333337,1,0,0.8119115566542894,1,1727,17,0,0,0,0,0
d000321,c_noah,0,med-features-v1,4066,1,232.0076388888889,1602,1469,192,176,6.904945059878895,0.00034722222222222224,1,0,3465,0,1,1,5,1,1601,1.0,0.9993757802746567,1,0.2727272727272727,0.2727272727272727,1,0,0.6917128250980445,1,3070,17,0,0,0,0,0
d000321,c_elena,1,med-features-v1,4066,1,232.0076388888889,1601,0,192,0,6.900634856970107,0.0006944444444444445,1,0,3465,0,1,1,5,1,1601,1.0,1.0,1,0.4545454545454546,0.8,1,0,0.8227485271544992,1,1601,17,0,0,0,0,0
d000321,c_taylor,2,med-features-v1,4066,1,232.0076388888889,1469,0,176,0,6.331688073010048,0.0006944444444444445,1,0,3465,0,1,1,5,1,1469,1.0,1.0,1,0.3846153846153846,0.33333333333333337,1,0,0.8257624452795378,1,1469,17,0,0,0,0,0
d000321,c_chris,3,med-features-v1,4066,1,232.0076388888889,1601,132,192,16,6.900634856970107,0.0006944444444444445,1,0,3465,0,1,1,5,1,1601,1.0,1.0,1,0.33333333333333337,0.33333333333333337,1,0,0.8148711286730492,1,1733,17,0,0,0,0,0
d000321,c_lena,4,med-features-v1,4066,1,232.0076388888889,133,0,16,0,0.5732569868688471,0.0006944444444444445,1,0,3465,0,1,1,5,1,133,1.0,1.0,1,0.4545454545454546,0.8,1,0,0.8215103907671661,1,133,17,0,0,0,0,0
d000030,c_chris,0,med-features-v1,4067,1,232.01388888888889,1602,132,192,16,6.904759054175397,0.00625,1,0,3466,0,1,1,5,1,1602,0.75,1.0,1,0.33333333333333337,0.33333333333333337,1,0,0.19926456455937483,1,1734,16,0,0,0,0,0
d000030,c_noah,1,med-features-v1,4067,1,232.01388888888889,1603,1470,192,176,6.909069140975756,0.005902777777777778,1,0,3466,0,1,1,5,1,1602,0.75,0.9993761696818465,1,0.2727272727272727,0.2727272727272727,1,0,0.11623918533236385,1,3072,16,0,0,0,0,0
d000030,c_elena,2,med-features-v1,4067,1,232.01388888888889,1602,0,192,0,6.904759054175397,0.00625,1,0,3466,0,1,1,5,1,1602,0.75,1.0,1,0.4545454545454546,0.8,1,0,0.16259453992099623,1,1602,16,0,0,0,0,0
d000030,c_marcus,3,med-features-v1,4067,1,232.01388888888889,132,0,16,0,0.5689314576474109,4.999305555555556,1,0,3466,0,1,1,5,1,132,0.75,1.0,1,0.3076923076923077,0.33333333333333337,1,0,0.7735990973924687,1,132,16,0,0,0,0,0
d000030,c_ren,4,med-features-v1,4067,1,232.01388888888889,200,200,24,24,0.8620173600718348,0.8739583333333333,1,0,200,0,1,0,5,1,0,0.0,0.0,1,0.4545454545454546,0.5,1,0,0.006957323342146411,1,400,16,0,0,0,0,0
d000322,c_jamie_li,0,med-features-v1,4071,1,232.11111111111111,132,132,16,16,0.5686931546194351,4.998958333333333,1,0,3470,0,1,1,1,0,0,0.0,0.0,1,0.7777777777777778,0.7777777777777778,1,0,0.5849970711992656,1,264,14,0,0,0,0,0
d000323,c_fac_010,0,med-features-v1,4077,1,232.22222222222223,33,33,4,4,0.14210526315789473,6.9996527777777775,1,0,3476,0,1,1,1,0,0,0.0,0.0,1,0.6428571428571428,0.6428571428571428,1,0,0.5806107917107431,1,66,18,0,0,0,0,0
d000324,c_noah,0,med-features-v1,4083,1,233.00277777777777,1609,1474,192,176,6.905497073234702,0.00034722222222222224,1,0,3482,0,1,1,4,1,1608,1.0,0.9993784959602238,1,0.2727272727272727,0.2727272727272727,1,0,0.6921493654827342,1,3082,17,0,0,0,0,0
d000324,c_elena,1,med-features-v1,4083,1,233.00277777777777,1608,0,192,0,6.901205278907024,0.0006944444444444445,1,0,3482,0,1,1,4,1,1608,1.0,1.0,1,0.4545454545454546,0.8,1,0,0.823450933453123,1,1608,17,0,0,0,0,0
d000324,c_taylor,2,med-features-v1,4083,1,233.00277777777777,1474,0,176,0,6.326104838998105,0.0006944444444444445,1,0,3482,0,1,1,4,1,1474,1.0,1.0,1,0.3846153846153846,0.33333333333333337,1,0,0.8265451800984829,1,1474,17,0,0,0,0,0
d000324,c_chris,3,med-features-v1,4083,1,233.00277777777777,1608,134,192,16,6.901205278907024,0.0006944444444444445,1,0,3482,0,1,1,4,1,1608,1.0,1.0,1,0.33333333333333337,0.33333333333333337,1,0,0.8153880034929759,1,1742,17,0,0,0,0,0
d000325,c_elena,0,med-features-v1,1878,1,233.02743055555555,334,334,40,40,1.4333076548272363,0.9920138888888889,1,0,1878,0,1,1,3,1,200,1.0,0.5988023952095808,1,0.4545454545454546,0.8,1,0,0.6681872004622309,1,668,17,0,0,0,0,0
d000325,c_taylor,1,med-features-v1,1878,1,233.02743055555555,266,66,32,8,1.1414965155210923,1.9993055555555554,1,0,1878,0,1,1,3,1,200,1.0,0.7518796992481203,1,0.3846153846153846,0.33333333333333337,1,0,0.7950441019880117,1,332,17,0,0,0,0,0
d000325,c_lena,2,med-features-v1,1878,1,233.02743055555555,200,0,24,0,0.8582680567827762,1.9993055555555554,1,0,1878,0,1,1,3,1,200,1.0,1.0,1,0.4545454545454546,0.8,1,0,0.8430825214986826,1,200,17,0,0,0,0,0
d000326,c_jamie_lee,0,med-features-v1,4091,1,233.09027777777777,200,200,24,24,0.8580366453150604,1.9989583333333334,1,0,3490,0,1,1,1,0,0,0.0,0.0,1,0.7777777777777778,0.7777777777777778,1,0,0.5658460732907823,1,400,17,0,0,0,0,0
d000327,c_pat,0,med-features-v1,4098,1,233.1326388888889,201,201,24,24,0.8621701403886081,0.00034722222222222224,1,0,201,0,1,0,1,0,0,0.0,0.0,1,0.33333333333333337,0.33333333333333337,1,0,0.6311759341634259,1,402,16,0,0,0,0,0
d000328,c_fac_016,0,med-features-v1,4104,1,233.26388888888889,33,33,4,4,0.14147067579636796,6.9996527777777775,1,0,3497,0,1,1,1,0,0,0.0,0.0,1,0.6666666666666667,0.6666666666666667,1,0,0.6615188283513145,1,66,16,0,0,0,0,0
d000329,c_noah,0,med-features-v1,4110,1,234.00347222222223,1618,1483,192,176,6.914427314409508,0.00034722222222222224,1,0,3503,0,1,1,4,1,1617,1.0,0.9993819530284301,1,0.2727272727272727,0.2727272727272727,1,0,0.6566967926576107,1,3100,17,0,0,0,0,0
d000329,c_elena,1,med-features-v1,4110,1,234.00347222222223,1617,0,192,0,6.9101538735476975,0.0006944444444444445,1,0,3503,0,1,1,4,1,1617,1.0,1.0,1,0.4545454545454546,0.8,1,0,0.8187917955986015,1,1617,17,0,0,0,0,0
d000329,c_taylor,2,med-features-v1,4110,1,234.00347222222223,1483,0,176,0,6.337512798065081,0.0006944444444444445,1,0,3503,0,1,1,4,1,1483,1.0,1.0,1,0.3846153846153846,0.33333333333333337,1,0,0.8220775292089129,1,1483,17,0,0,0,0,0
d000329,c_chris,3,med-features-v1,4110,1,234.00347222222223,1617,134,192,16,6.9101538735476975,0.0006944444444444445,1,0,3503,0,1,1,4,1,1617,1.0,1.0,1,0.33333333333333337,0.33333333333333337,1,0,0.8108685112734116,1,1751,17,0,0,0,0,0
d000330,c_chris,0,med-features-v1,4116,1,234.01458333333332,1623,135,192,16,6.935465204269677,0.00034722222222222224,1,0,3509,0,1,1,4,1,1623,1.0,1.0,1,0.33333333333333337,0.33333333333333337,1,0,0.20067069759000364,1,1758,16,0,0,0,0,0
d000330,c_noah,1,med-features-v1,4116,1,234.01458333333332,1624,1488,192,176,6.939738442226713,0.0006944444444444445,1,0,3509,0,1,1,4,1,1623,1.0,0.999384236453202,1,0.2727272727272727,0.2727272727272727,1,0,0.11679393035008644,1,3111,16,0,0,0,0,0
d000330,c_elena,2,med-features-v1,4116,1,234.01458333333332,1623,0,192,0,6.935465204269677,0.0006944444444444445,1,0,3509,0,1,1,4,1,1623,1.0,1.0,1,0.4545454545454546,0.8,1,0,0.16359648709438623,1,1623,16,0,0,0,0,0
d000330,c_marcus,3,med-features-v1,4116,1,234.01458333333332,135,0,16,0,0.5768871241998808,0.0006944444444444445,1,0,3509,0,1,1,4,1,135,1.0,1.0,1,0.3076923076923077,0.33333333333333337,1,0,0.7778420584386005,1,135,16,0,0,0,0,0
d000331,c_alex_chen,0,med-features-v1,4118,1,234.10486111111112,168,168,20,20,0.7176271317162596,0.00034722222222222224,1,0,3511,0,1,1,1,0,0,0.0,0.0,1,0.8888888888888888,0.8888888888888888,1,1,0.57524261383731,1,336,14,0,0,0,0,0
d000332,c_fac_012,0,med-features-v1,4125,1,234.23611111111111,33,33,4,4,0.14088348651052476,6.9996527777777775,1,0,3518,0,1,1,1,0,0,0.0,0.0,1,0.6923076923076923,0.6923076923076923,1,0,0.7460007422076328,1,66,18,0,0,0,0,0
d000333,c_noah,0,med-features-v1,4131,1,235.00277777777777,1629,1492,192,176,6.931832957057246,0.00034722222222222224,1,0,3524,0,1,1,4,1,1628,1.0,0.9993861264579497,1,0.2727272727272727,0.2727272727272727,1,0,0.6918556149725603,1,3120,17,0,0,0,0,0
d000333,c_elena,1,med-features-v1,4131,1,235.00277777777777,1628,0,192,0,6.927577688206996,0.0006944444444444445,1,0,3524,0,1,1,4,1,1628,1.0,1.0,1,0.4545454545454546,0.8,1,0,0.8229172820954558,1,1628,17,0,0,0,0,0
d000333,c_taylor,2,med-features-v1,4131,1,235.00277777777777,1492,0,176,0,6.348861124572996,0.0006944444444444445,1,0,3524,0,1,1,4,1,1492,1.0,1.0,1,0.3846153846153846,0.33333333333333337,1,0,0.8260015554225821,1,1492,17,0,0,0,0,0
d000333,c_chris,3,med-features-v1,4131,1,235.00277777777777,1628,136,192,16,6.927577688206996,0.0006944444444444445,1,0,3524,0,1,1,4,1,1628,1.0,1.0,1,0.33333333333333337,0.33333333333333337,1,0,0.8148287390457989,1,1764,17,0,0,0,0,0
d000334,c_elena,0,med-features-v1,1902,1,235.02743055555555,338,338,40,40,1.4381300055105861,0.9920138888888889,1,0,1902,0,1,1,3,1,202,1.0,0.5976331360946746,1,0.4545454545454546,0.8,1,0,0.6270663221043482,1,676,17,0,0,0,0,0
d000334,c_taylor,1,med-features-v1,1902,1,235.02743055555555,270,68,32,8,1.1488020754078647,1.9850694444444446,1,0,1902,0,1,1,3,1,202,1.0,0.7481481481481481,1,0.3846153846153846,0.33333333333333337,1,0,0.7828960383255934,1,338,17,0,0,0,0,0
d000334,c_lena,2,med-features-v1,1902,1,235.02743055555555,202,0,24,0,0.8594741453051432,1.9993055555555554,1,0,1902,0,1,1,3,1,202,1.0,1.0,1,0.4545454545454546,0.8,1,0,0.836088238382208,1,202,17,0,0,0,0,0
d000335,c_alex_chan,0,med-features-v1,4139,1,235.08402777777778,203,203,24,24,0.8635210223294862,0.00034722222222222224,1,0,3532,0,1,1,1,0,0,0.0,0.0,1,0.8888888888888888,0.8888888888888888,1,1,0.5873122438150769,1,406,18,0,0,0,0,0
d000336,c_lee,0,med-features-v1,4145,1,235.12569444444443,203,203,24,24,0.8633679976135696,0.00034722222222222224,1,0,203,0,1,0,1,0,0,0.0,0.0,1,0.4545454545454546,0.5,1,0,0.7193355515521157,1,406,14,0,0,0,0,0
d000337,c_fac_013,0,med-features-v1,4152,1,235.24305555555554,33,33,4,4,0.14028044280442806,6.9996527777777775,1,0,3539,0,1,1,1,0,0,0.0,0.0,1,0.7692307692307692,0.7692307692307692,1,0,0.6503897290717248,1,66,18,0,0,0,0,0
d000075,c_noah,0,med-features-v1,4153,1,238.0,1633,1496,192,176,6.861344537815126,2.9947916666666665,1,0,3540,0,1,1,5,1,1632,0.75,0.9993876301285977,1,0.2727272727272727,0.2727272727272727,1,0,0.691853935859912,1,3128,17,0,0,0,0,0
d000075,c_elena,1,med-features-v1,4153,1,238.0,1632,0,192,0,6.857142857142857,2.995138888888889,1,0,3540,0,1,1,5,1,1632,0.75,1.0,1,0.4545454545454546,0.8,1,0,0.8229297807484615,1,1632,17,0,0,0,0,0
d000075,c_taylor,2,med-features-v1,4153,1,238.0,1496,0,176,0,6.285714285714286,2.995138888888889,1,0,3540,0,1,1,5,1,1496,0.75,1.0,1,0.3846153846153846,0.33333333333333337,1,0,0.8259973949013322,1,1496,17,0,0,0,0,0
d000075,c_chris,3,med-features-v1,4153,1,238.0,1632,136,192,16,6.857142857142857,2.995138888888889,1,0,3540,0,1,1,5,1,1632,0.75,1.0,1,0.33333333333333337,0.33333333333333337,1,0,0.8148829540186006,1,1768,17,0,0,0,0,0
d000075,c_alex_chen,4,med-features-v1,4153,1,238.0,170,170,20,20,0.7142857142857143,2.944097222222222,1,0,3540,0,1,1,5,1,0,0.0,0.0,1,0.8888888888888888,0.8888888888888888,1,1,0.013807954392954054,1,340,17,0,0,0,0,0
d000338,c_noah,0,med-features-v1,4159,1,238.00416666666666,1639,1502,192,176,6.886434061028344,0.00034722222222222224,1,0,3546,0,1,1,4,1,1638,1.0,0.9993898718730934,1,0.2727272727272727,0.2727272727272727,1,0,0.6571606903827102,1,3140,17,0,0,0,0,0
d000338,c_elena,1,med-features-v1,4159,1,238.00416666666666,1638,0,192,0,6.882232453913622,0.0006944444444444445,1,0,3546,0,1,1,4,1,1638,1.0,1.0,1,0.4545454545454546,0.8,1,0,0.8195676753515402,1,1638,17,0,0,0,0,0
d000338,c_taylor,2,med-features-v1,4159,1,238.00416666666666,1502,0,176,0,6.310813886311514,0.0006944444444444445,1,0,3546,0,1,1,4,1,1502,1.0,1.0,1,0.3846153846153846,0.33333333333333337,1,0,0.8228873563361289,1,1502,17,0,0,0,0,0
d000338,c_chris,3,med-features-v1,4159,1,238.00416666666666,1638,136,192,16,6.882232453913622,0.0006944444444444445,1,0,3546,0,1,1,4,1,1638,1.0,1.0,1,0.33333333333333337,0.33333333333333337,1,0,0.8116156274708456,1,1774,17,0,0,0,0,0
d000339,c_marcus,0,med-features-v1,204,1,238.0,68,68,8,8,0.2857142857142857,3.999652777777778,1,0,204,0,1,1,1,0,0,0.0,0.0,1,0.3076923076923077,0.33333333333333337,1,0,0.6364779783331748,1,136,14,0,0,0,0,0
d000340,c_morgan_shaw,0,med-features-v1,4168,1,238.09791666666666,205,205,24,24,0.8609903138589691,0.00034722222222222224,1,0,3555,0,1,1,1,0,0,0.0,0.0,1,0.8181818181818181,0.8181818181818181,1,1,0.5717058340359351,1,410,17,0,0,0,0,0
d000341,c_ren,0,med-features-v1,4174,1,238.13958333333332,205,205,24,24,0.8608396686117211,0.00034722222222222224,1,0,205,0,1,0,1,0,0,0.0,0.0,1,0.4545454545454546,0.5,1,0,0.5650998070611674,1,410,16,0,0,0,0,0
d000342,c_noah,0,med-features-v1,4181,1,239.0013888888889,1643,1506,192,176,6.874437038371465,0.00034722222222222224,1,0,3562,0,1,1,4,1,1642,1.0,0.9993913572732805,1,0.2727272727272727,0.2727272727272727,1,0,0.6915618624474819,1,3148,17,0,0,0,0,0
d000342,c_elena,1,med-features-v1,4181,1,239.0013888888889,1642,0,192,0,6.870252962267769,0.0006944444444444445,1,0,3562,0,1,1,4,1,1642,1.0,1.0,1,0.4545454545454546,0.8,1,0,0.822453257152092,1,1642,17,0,0,0,0,0
d000342,c_taylor,2,med-features-v1,4181,1,239.0013888888889,1506,0,176,0,6.301218612165201,0.0006944444444444445,1,0,3562,0,1,1,4,1,1506,1.0,1.0,1,0.3846153846153846,0.33333333333333337,1,0,0.8254728725920204,1,1506,17,0,0,0,0,0
d000342,c_chris,3,med-features-v1,4181,1,239.0013888888889,1642,136,192,16,6.870252962267769,0.0006944444444444445,1,0,3562,0,1,1,4,1,1642,1.0,1.0,1,0.33333333333333337,0.33333333333333337,1,0,0.8145141937382872,1,1778,17,0,0,0,0,0
d000343,c_noah,0,med-features-v1,4187,1,239.00694444444446,1649,1512,192,176,6.89938111979545,0.001736111111111111,1,0,3568,0,1,1,5,1,1648,1.0,0.9993935718617344,1,0.2727272727272727,0.2727272727272727,1,0,0.6571678223095982,1,3160,17,0,0,0,0,0
d000343,c_elena,1,med-features-v1,4187,1,239.00694444444446,1648,0,192,0,6.895197140947787,0.0020833333333333333,1,0,3568,0,1,1,5,1,1648,1.0,1.0,1,0.4545454545454546,0.8,1,0,0.8196200226132884,1,1648,17,0,0,0,0,0
d000343,c_taylor,2,med-features-v1,4187,1,239.00694444444446,1512,0,176,0,6.326176017665688,0.0020833333333333333,1,0,3568,0,1,1,5,1,1512,1.0,1.0,1,0.3846153846153846,0.33333333333333337,1,0,0.8228976611439106,1,1512,17,0,0,0,0,0
d000343,c_chris,3,med-features-v1,4187,1,239.00694444444446,1648,136,192,16,6.895197140947787,0.0020833333333333333,1,0,3568,0,1,1,5,1,1648,1.0,1.0,1,0.33333333333333337,0.33333333333333337,1,0,0.8117690747691794,1,1784,17,0,0,0,0,0
d000343,c_lena,4,med-features-v1,4187,1,239.00694444444446,136,0,16,0,0.569021123282099,4.999305555555556,1,0,3568,0,1,1,5,1,136,1.0,1.0,1,0.4545454545454546,0.8,1,0,0.8301132946260227,1,136,17,0,0,0,0,0
d000344,c_avery,0,med-features-v1,274,1,238.96493055555555,68,68,8,8,0.28456058318645666,3.999652777777778,1,0,274,0,1,1,2,1,68,1.0,1.0,1,0.41666666666666663,0.25,1,0,0.6563042904859002,1,136,19,0,0,0,0,0
d000344,c_devon,1,med-features-v1,274,1,238.96493055555555,68,0,8,0,0.28456058318645666,4.0,1,0,274,0,1,1,2,1,68,1.0,1.0,1,0.4545454545454546,0.4,1,0,0.8200125651643202,1,68,19,0,0,0,0,0
d000345,c_morgan_zhao,0,med-features-v1,4196,1,239.11875,137,137,16,16,0.5729370866985546,0.00034722222222222224,1,0,3577,0,1,1,1,0,0,0.0,0.0,1,0.8181818181818181,0.8181818181818181,1,1,0.5916874869399898,1,274,15,0,0,0,0,0
d000346,c_noah,0,med-features-v1,4202,1,240.00069444444443,1654,1515,192,176,6.8916467255592435,0.00034722222222222224,1,0,3583,0,1,1,4,1,1653,1.0,0.9993954050785974,1,0.2727272727272727,0.2727272727272727,1,0,0.6919759823132344,1,3168,17,0,0,0,0,0
d000346,c_elena,1,med-features-v1,4202,1,240.00069444444443,1653,0,192,0,6.887480070948869,0.0006944444444444445,1,0,3583,0,1,1,4,1,1653,1.0,1.0,1,0.4545454545454546,0.8,1,0,0.8231340949539128,1,1653,17,0,0,0,0,0
d000346,c_taylor,2,med-features-v1,4202,1,240.00069444444443,1515,0,176,0,6.312481734717203,0.0006944444444444445,1,0,3583,0,1,1,4,1,1515,1.0,1.0,1,0.3846153846153846,0.33333333333333337,1,0,0.826233263073937,1,1515,17,0,0,0,0,0
d000346,c_chris,3,med-features-v1,4202,1,240.00069444444443,1653,138,192,16,6.887480070948869,0.0006944444444444445,1,0,3583,0,1,1,4,1,1653,1.0,1.0,1,0.33333333333333337,0.33333333333333337,1,0,0.8150451357065791,1,1791,17,0,0,0,0,0
d000347,c_priya,0,med-features-v1,4209,1,240.02083333333334,206,206,24,24,0.8582588316986373,1.9989583333333334,1,0,3590,0,1,1,2,1,206,1.0,1.0,1,0.4545454545454546,0.4,1,0,0.7114076083190726,1,412,18,0,0,0,0,0
d000347,c_quinn,1,med-features-v1,4209,1,240.02083333333334,206,0,24,0,0.8582588316986373,1.9993055555555554,1,0,3590,0,1,1,2,1,206,1.0,1.0,1,0.2727272727272727,0.19999999999999996,1,0,0.801032748640403,1,206,18,0,0,0,0,0
d000348,c_alex_chan,0,med-features-v1,4211,1,240.08333333333334,206,206,24,24,0.8580354043734814,1.9989583333333334,1,0,3592,0,1,1,1,0,0,0.0,0.0,1,0.8888888888888888,0.8888888888888888,1,1,0.5765737020626154,1,412,17,0,0,0,0,0
d000349,c_lee,0,med-features-v1,4217,1,240.125,206,206,24,24,0.8578865174388339,1.9989583333333334,1,0,206,0,1,0,1,0,0,0.0,0.0,1,0.4545454545454546,0.5,1,0,0.7207779896917639,1,412,14,0,0,0,0,0
d000350,c_fac_001,0,med-features-v1,4223,1,240.15972222222223,34,34,4,4,0.14157244889107365,6.9996527777777775,1,0,3598,0,1,1,1,0,0,0.0,0.0,1,0.6666666666666667,0.6666666666666667,1,0,0.7186571337885048,1,68,18,0,0,0,0,0
d000351,c_noah,0,med-features-v1,4229,1,241.0013888888889,1663,1524,192,176,6.900375170728615,0.00034722222222222224,1,0,3604,0,1,1,4,1,1662,1.0,0.9993986770895971,1,0.2727272727272727,0.2727272727272727,1,0,0.6562874606651764,1,3186,17,0,0,0,0,0
d000351,c_elena,1,med-features-v1,4229,1,241.0013888888889,1662,0,192,0,6.89622581704808,0.0006944444444444445,1,0,3604,0,1,1,4,1,1662,1.0,1.0,1,0.4545454545454546,0.8,1,0,0.8180794692691116,1,1662,17,0,0,0,0,0
d000351,c_taylor,2,med-features-v1,4229,1,241.0013888888889,1524,0,176,0,6.323615009134341,0.0006944444444444445,1,0,3604,0,1,1,4,1,1524,1.0,1.0,1,0.3846153846153846,0.33333333333333337,1,0,0.8213713324556674,1,1524,17,0,0,0,0,0
d000351,c_chris,3,med-features-v1,4229,1,241.0013888888889,1662,138,192,16,6.89622581704808,0.0006944444444444445,1,0,3604,0,1,1,4,1,1662,1.0,1.0,1,0.33333333333333337,0.33333333333333337,1,0,0.8101320531395841,1,1800,17,0,0,0,0,0
d000133,c_noah,0,med-features-v1,4236,1,241.0076388888889,1670,1531,192,176,6.929240947295931,0.00034722222222222224,1,0,3611,0,1,1,5,1,1669,1.0,0.9994011976047904,1,0.2727272727272727,0.2727272727272727,1,0,0.6928160808537114,1,3200,17,0,0,0,0,0
d000133,c_elena,1,med-features-v1,4236,1,241.0076388888889,1669,0,192,0,6.9250917012197055,0.0006944444444444445,1,0,3611,0,1,1,5,1,1669,1.0,1.0,1,0.4545454545454546,0.8,1,0,0.824672829231806,1,1669,17,0,0,0,0,0
d000133,c_taylor,2,med-features-v1,4236,1,241.0076388888889,1531,0,176,0,6.352495742700641,0.0006944444444444445,1,0,3611,0,1,1,5,1,1531,1.0,1.0,1,0.3846153846153846,0.33333333333333337,1,0,0.8277271276020809,1,1531,17,0,0,0,0,0
d000133,c_chris,3,med-features-v1,4236,1,241.0076388888889,1669,138,192,16,6.9250917012197055,0.0006944444444444445,1,0,3611,0,1,1,5,1,1669,1.0,1.0,1,0.33333333333333337,0.33333333333333337,1,0,0.816732225324813,1,1807,17,0,0,0,0,0
d000133,c_lena,4,med-features-v1,4236,1,241.0076388888889,139,0,16,0,0.57674520459529,0.0006944444444444445,1,0,3611,0,1,1,5,1,139,1.0,1.0,1,0.4545454545454546,0.8,1,0,0.8216374016502919,1,139,17,0,0,0,0,0
d000352,c_chris,0,med-features-v1,4237,1,241.01388888888889,1670,138,192,16,6.929061257419466,0.00625,1,0,3612,0,1,1,4,1,1670,1.0,1.0,1,0.33333333333333337,0.33333333333333337,1,0,0.19625834654102364,1,1808,21,0,0,0,0,0
d000352,c_noah,1,med-features-v1,4237,1,241.01388888888889,1671,1532,192,176,6.933210395896963,0.005902777777777778,1,0,3612,0,1,1,4,1,1670,1.0,0.9994015559545183,1,0.2727272727272727,0.2727272727272727,1,0,0.10442043914068293,1,3202,21,0,0,0,0,0
d000352,c_elena,2,med-features-v1,4237,1,241.01388888888889,1670,0,192,0,6.929061257419466,0.00625,1,0,3612,0,1,1,4,1,1670,1.0,1.0,1,0.4545454545454546,0.8,1,0,0.15048392719635287,1,1670,21,0,0,0,0,0
d000352,c_marcus,3,med-features-v1,4237,1,241.01388888888889,138,0,16,0,0.5725811098945427,1.9993055555555554,1,0,3612,0,1,1,4,1,138,1.0,1.0,1,0.3076923076923077,0.33333333333333337,1,0,0.8477138009165309,1,138,21,0,0,0,0,0
d000031,c_chris,0,med-features-v1,4238,1,241.01458333333332,1671,139,192,16,6.933190418975339,0.00034722222222222224,1,0,3613,0,1,1,5,1,1671,0.75,1.0,1,0.33333333333333337,0.33333333333333337,1,0,0.19738595181215451,1,1810,21,0,0,0,0,0
d000031,c_noah,1,med-features-v1,4238,1,241.01458333333332,1672,1532,192,176,6.937339545497766,0.0006944444444444445,1,0,3613,0,1,1,5,1,1671,0.75,0.9994019138755981,1,0.2727272727272727,0.2727272727272727,1,0,0.10483939165699802,1,3203,21,0,0,0,0,0
d000031,c_elena,2,med-features-v1,4238,1,241.01458333333332,1671,0,192,0,6.933190418975339,0.0006944444444444445,1,0,3613,0,1,1,5,1,1671,0.75,1.0,1,0.4545454545454546,0.8,1,0,0.15124747157530685,1,1671,21,0,0,0,0,0
d000031,c_marcus,3,med-features-v1,4238,1,241.01458333333332,139,0,16,0,0.5767285866173382,0.0006944444444444445,1,0,3613,0,1,1,5,1,139,0.75,1.0,1,0.3076923076923077,0.33333333333333337,1,0,0.8501885271335808,1,139,21,0,0,0,0,0
d000031,c_lee,4,med-features-v1,4238,1,241.01458333333332,208,208,24,24,0.8630183166647939,0.8885416666666667,1,0,208,0,1,0,5,1,0,0.0,0.0,1,0.4545454545454546,0.5,1,0,0.005679892070760354,1,416,21,0,0,0,0,0
d000353,c_alex_chen,0,med-features-v1,4240,1,241.10486111111112,173,173,20,20,0.7175301203084181,0.00034722222222222224,1,0,3615,0,1,1,1,0,0,0.0,0.0,1,0.8888888888888888,0.8888888888888888,1,1,0.6530341657346072,1,346,15,0,0,0,0,0
d000354,c_fac_007,0,med-features-v1,4246,1,241.20138888888889,34,34,4,4,0.14096104569141737,6.9996527777777775,1,0,3621,0,1,1,1,0,0,0.0,0.0,1,0.6923076923076923,0.6923076923076923,1,0,0.6493785030389954,1,68,16,0,0,0,0,0
d000355,c_noah,0,med-features-v1,4252,1,242.00208333333333,1676,1535,192,176,6.925560213841134,0.00034722222222222224,1,0,3627,0,1,1,4,1,1675,1.0,0.9994033412887828,1,0.2727272727272727,0.2727272727272727,1,0,0.6564497831489817,1,3210,17,0,0,0,0,0
d000355,c_elena,1,med-features-v1,4252,1,242.00208333333333,1675,0,192,0,6.921428018009487,0.0006944444444444445,1,0,3627,0,1,1,4,1,1675,1.0,1.0,1,0.4545454545454546,0.8,1,0,0.8183146777041623,1,1675,17,0,0,0,0,0
d000355,c_taylor,2,med-features-v1,4252,1,242.00208333333333,1535,0,176,0,6.342920601578843,0.0006944444444444445,1,0,3627,0,1,1,4,1,1535,1.0,1.0,1,0.3846153846153846,0.33333333333333337,1,0,0.8216484045956685,1,1535,17,0,0,0,0,0
d000355,c_chris,3,med-features-v1,4252,1,242.00208333333333,1675,140,192,16,6.921428018009487,0.0006944444444444445,1,0,3627,0,1,1,4,1,1675,1.0,1.0,1,0.33333333333333337,0.33333333333333337,1,0,0.8102439222767945,1,1815,17,0,0,0,0,0
d000054,c_fac_002,0,med-features-v1,4257,1,242.02083333333334,35,35,4,4,0.1446156494792115,0.8538194444444445,1,0,3632,0,1,1,1,0,0,0.0,0.0,1,0.7692307692307692,0.7692307692307692,1,0,0.014078394355959234,1,70,14,0,0,0,0,0
d000356,c_elena,0,med-features-v1,1958,1,242.02743055555555,348,348,40,40,1.437853549084054,0.9920138888888889,1,0,1958,0,1,1,3,1,208,1.0,0.5977011494252874,1,0.4545454545454546,0.8,1,0,0.6273034763585822,1,696,17,0,0,0,0,0
d000356,c_taylor,1,med-features-v1,1958,1,242.02743055555555,278,70,32,8,1.148630134038411,1.9850694444444446,1,0,1958,0,1,1,3,1,208,1.0,0.7482014388489209,1,0.3846153846153846,0.33333333333333337,1,0,0.782928899045157,1,348,17,0,0,0,0,0
d000356,c_lena,2,med-features-v1,1958,1,242.02743055555555,208,0,24,0,0.859406718992768,1.9993055555555554,1,0,1958,0,1,1,3,1,208,1.0,1.0,1,0.4545454545454546,0.8,1,0,0.8361895961365082,1,208,17,0,0,0,0,0
d000007,c_alex_chen,0,med-features-v1,4260,1,242.08333333333334,175,175,20,20,0.7228915662650602,0.027430555555555555,1,0,3635,0,1,1,1,0,0,0.0,0.0,1,0.8888888888888888,0.8888888888888888,1,1,0.046755681403686584,1,350,18,0,0,0,0,0
d000008,c_jamie_li,0,med-features-v1,4262,1,242.09027777777777,140,140,16,16,0.5782966638937495,0.978125,1,0,3637,0,1,1,1,0,0,0.0,0.0,1,0.7777777777777778,0.7777777777777778,1,0,0.05198715108492767,1,280,18,0,0,0,0,0
d000357,c_jamie_lee,0,med-features-v1,4263,1,242.09097222222223,209,209,24,24,0.8633118289440092,0.00034722222222222224,1,0,3638,0,1,1,1,0,0,0.0,0.0,1,0.7777777777777778,0.7777777777777778,1,0,0.5680691208830807,1,418,17,0,0,0,0,0
d000009,c_morgan_zhao,0,med-features-v1,4264,1,242.09722222222223,140,140,16,16,0.5782800757271528,0.978125,1,0,3639,0,1,1,1,0,0,0.0,0.0,1,0.8181818181818181,0.8181818181818181,1,1,0.05226324727810793,1,280,18,0,0,0,0,0
d000358,c_ren,0,med-features-v1,4271,1,242.13958333333332,209,209,24,24,0.8631385134263123,0.00034722222222222224,1,0,209,0,1,0,1,0,0,0.0,0.0,1,0.4545454545454546,0.5,1,0,0.569227633072672,1,418,16,0,0,0,0,0
d000359,c_noah,0,med-features-v1,4277,1,245.0013888888889,1683,1542,192,176,6.869348813215344,0.00034722222222222224,1,0,3646,0,1,1,4,1,1682,1.0,0.9994058229352347,1,0.2727272727272727,0.2727272727272727,1,0,0.6566046041688739,1,3224,17,0,0,0,0,0
d000359,c_elena,1,med-features-v1,4277,1,245.0013888888889,1682,0,192,0,6.865267203700659,0.0006944444444444445,1,0,3646,0,1,1,4,1,1682,1.0,1.0,1,0.4545454545454546,0.8,1,0,0.8186068541510584,1,1682,17,0,0,0,0,0
d000359,c_taylor,2,med-features-v1,4277,1,245.0013888888889,1542,0,176,0,6.293841871644719,0.0006944444444444445,1,0,3646,0,1,1,4,1,1542,1.0,1.0,1,0.3846153846153846,0.33333333333333337,1,0,0.8219147846860002,1,1542,17,0,0,0,0,0
d000359,c_chris,3,med-features-v1,4277,1,245.0013888888889,1682,140,192,16,6.865267203700659,0.0006944444444444445,1,0,3646,0,1,1,4,1,1682,1.0,1.0,1,0.33333333333333337,0.33333333333333337,1,0,0.8106040221100149,1,1822,17,0,0,0,0,0
d000360,c_priya,0,med-features-v1,4283,1,245.02083333333334,210,210,24,24,0.8570699770427684,2.9989583333333334,1,0,3652,0,1,1,2,1,210,1.0,1.0,1,0.4545454545454546,0.4,1,0,0.656331865927524,1,420,14,0,0,0,0,0
d000360,c_quinn,1,med-features-v1,4283,1,245.02083333333334,210,0,24,0,0.8570699770427684,2.9993055555555554,1,0,3652,0,1,1,2,1,210,1.0,1.0,1,0.2727272727272727,0.19999999999999996,1,0,0.8052728833825223,1,210,14,0,0,0,0,0
d000361,c_alex_chan,0,med-features-v1,4286,1,245.08402777777778,211,211,24,24,0.8609292164535406,0.00034722222222222224,1,0,3655,0,1,1,1,0,0,0.0,0.0,1,0.8888888888888888,0.8888888888888888,1,1,0.5743823814869942,1,422,17,0,0,0,0,0
d000362,c_lee,0,med-features-v1,4292,1,245.12569444444443,211,211,24,24,0.8607828749989377,0.00034722222222222224,1,0,211,0,1,0,1,0,0,0.0,0.0,1,0.4545454545454546,0.5,1,0,0.5833401666423683,1,422,16,0,0,0,0,0
d000363,c_fac_009,0,med-features-v1,4299,1,245.21527777777777,35,35,4,4,0.14273172665741554,6.9996527777777775,1,0,3662,0,1,1,1,0,0,0.0,0.0,1,0.6923076923076923,0.6923076923076923,1,0,0.6696738621772618,1,70,18,0,0,0,0,0
d000364,c_noah,0,med-features-v1,4305,1,246.00277777777777,1693,1552,192,176,6.882036110703357,0.00034722222222222224,1,0,3668,0,1,1,4,1,1692,1.0,0.9994093325457767,1,0.2727272727272727,0.2727272727272727,1,0,0.6563237001527259,1,3244,17,0,0,0,0,0
d000364,c_elena,1,med-features-v1,4305,1,246.00277777777777,1692,0,192,0,6.877971115953976,0.0006944444444444445,1,0,3668,0,1,1,4,1,1692,1.0,1.0,1,0.4545454545454546,0.8,1,0,0.8181664429110443,1,1692,17,0,0,0,0,0
d000364,c_taylor,2,med-features-v1,4305,1,246.00277777777777,1552,0,176,0,6.308871851040526,0.0006944444444444445,1,0,3668,0,1,1,4,1,1552,1.0,1.0,1,0.3846153846153846,0.33333333333333337,1,0,0.8214269496509269,1,1552,17,0,0,0,0,0
d000364,c_chris,3,med-features-v1,4305,1,246.00277777777777,1692,140,192,16,6.877971115953976,0.0006944444444444445,1,0,3668,0,1,1,4,1,1692,1.0,1.0,1,0.33333333333333337,0.33333333333333337,1,0,0.8102675359142346,1,1832,17,0,0,0,0,0
d000365,c_chris,0,med-features-v1,4311,1,246.01388888888889,1698,140,192,16,6.902049342290973,0.00625,1,0,3674,0,1,1,4,1,1698,1.0,1.0,1,0.33333333333333337,0.33333333333333337,1,0,0.19898859811790462,1,1838,16,0,0,0,0,0
d000365,c_noah,1,med-features-v1,4311,1,246.01388888888889,1699,1558,192,176,6.906114153446621,0.005902777777777778,1,0,3674,0,1,1,4,1,1698,1.0,0.9994114184814596,1,0.2727272727272727,0.2727272727272727,1,0,0.1160996198754047,1,3256,16,0,0,0,0,0
d000365,c_elena,2,med-features-v1,4311,1,246.01388888888889,1698,0,192,0,6.902049342290973,0.00625,1,0,3674,0,1,1,4,1,1698,1.0,1.0,1,0.4545454545454546,0.8,1,0,0.1623537461814275,1,1698,16,0,0,0,0,0
d000365,c_marcus,3,med-features-v1,4311,1,246.01388888888889,140,0,16,0,0.5690735617907752,4.999305555555556,1,0,3674,0,1,1,4,1,140,1.0,1.0,1,0.3076923076923077,0.33333333333333337,1,0,0.7694781009326866,1,140,16,0,0,0,0,0
d000366,c_alex_chen,0,med-features-v1,4314,1,246.10486111111112,176,176,20,20,0.7151423145621644,0.00034722222222222224,1,0,3677,0,1,1,1,0,0,0.0,0.0,1,0.8888888888888888,0.8888888888888888,1,1,0.6580103178390625,1,352,15,0,0,0,0,0
d000367,c_fac_005,0,med-features-v1,4320,1,246.1875,36,36,4,4,0.14623000761614624,6.9996527777777775,1,0,3683,0,1,1,1,0,0,0.0,0.0,1,0.7692307692307692,0.7692307692307692,1,0,0.6478803217053608,1,72,18,0,0,0,0,0
d000076,c_noah,0,med-features-v1,4327,1,247.00277777777777,1705,1562,192,176,6.902756379257993,0.00034722222222222224,1,0,3690,0,1,1,5,1,1704,0.75,0.9994134897360704,1,0.2727272727272727,0.2727272727272727,1,0,0.6563294375600077,1,3266,17,0,0,0,0,0
d000076,c_elena,1,med-features-v1,4327,1,247.00277777777777,1704,0,192,0,6.898707841792153,0.0006944444444444445,1,0,3690,0,1,1,5,1,1704,0.75,1.0,1,0.4545454545454546,0.8,1,0,0.8181267353210712,1,1704,17,0,0,0,0,0
d000076,c_taylor,2,med-features-v1,4327,1,247.00277777777777,1562,0,176,0,6.323815521642807,0.0006944444444444445,1,0,3690,0,1,1,5,1,1562,0.75,1.0,1,0.3846153846153846,0.33333333333333337,1,0,0.8214463278837918,1,1562,17,0,0,0,0,0
d000076,c_chris,3,med-features-v1,4327,1,247.00277777777777,1704,142,192,16,6.898707841792153,0.0006944444444444445,1,0,3690,0,1,1,5,1,1704,0.75,1.0,1,0.33333333333333337,0.33333333333333337,1,0,0.8101195830745722,1,1846,17,0,0,0,0,0
d000076,c_jamie_li,4,med-features-v1,4327,1,247.00277777777777,142,142,16,16,0.5748923201493461,0.890625,1,0,3690,0,1,1,5,1,0,0.0,0.0,1,0.7777777777777778,0.7777777777777778,1,0,0.01769591345628009,1,284,17,0,0,0,0,0
d000368,c_noah,0,med-features-v1,4328,1,247.00347222222223,1706,1563,192,176,6.906785498404487,0.00034722222222222224,1,0,3691,0,1,1,4,1,1705,1.0,0.9994138335287222,1,0.2727272727272727,0.2727272727272727,1,0,0.6564753793299447,1,3268,17,0,0,0,0,0
d000368,c_elena,1,med-features-v1,4328,1,247.00347222222223,1705,0,192,0,6.902736972321014,0.0006944444444444445,1,0,3691,0,1,1,4,1,1705,1.0,1.0,1,0.4545454545454546,0.8,1,0,0.8183798722815173,1,1705,17,0,0,0,0,0
d000368,c_taylor,2,med-features-v1,4328,1,247.00347222222223,1563,0,176,0,6.327846268467885,0.0006944444444444445,1,0,3691,0,1,1,4,1,1563,1.0,1.0,1,0.3846153846153846,0.33333333333333337,1,0,0.8216986308563362,1,1563,17,0,0,0,0,0
d000368,c_chris,3,med-features-v1,4328,1,247.00347222222223,1705,142,192,16,6.902736972321014,0.0006944444444444445,1,0,3691,0,1,1,4,1,1705,1.0,1.0,1,0.33333333333333337,0.33333333333333337,1,0,0.8103801303178138,1,1847,17,0,0,0,0,0
d000369,c_elena,0,med-features-v1,1991,1,247.028125,355,355,40,40,1.4370833280623412,0.00034722222222222224,1,0,1991,0,1,1,3,1,213,1.0,0.6,1,0.4545454545454546,0.8,1,0,0.6295005576759598,1,710,17,0,0,0,0,0
d000369,c_taylor,1,med-features-v1,1991,1,247.028125,283,70,32,8,1.1456185403989931,0.0006944444444444445,1,0,1991,0,1,1,3,1,213,1.0,0.7526501766784452,1,0.3846153846153846,0.33333333333333337,1,0,0.7858211317559092,1,353,17,0,0,0,0,0
d000369,c_lena,2,med-features-v1,1991,1,247.028125,213,0,24,0,0.8622499968374047,0.0006944444444444445,1,0,1991,0,1,1,3,1,213,1.0,1.0,1,0.4545454545454546,0.8,1,0,0.8379313806342187,1,213,17,0,0,0,0,0
d000370,c_jamie_lee,0,med-features-v1,4336,1,247.09097222222223,213,213,24,24,0.8620306848298676,0.00034722222222222224,1,0,3699,0,1,1,1,0,0,0.0,0.0,1,0.7777777777777778,0.7777777777777778,1,0,0.5720914341602693,1,426,17,0,0,0,0,0
d000371,c_pat,0,med-features-v1,4342,1,247.1326388888889,213,213,24,24,0.8618853460945117,0.00034722222222222224,1,0,213,0,1,0,1,0,0,0.0,0.0,1,0.33333333333333337,0.33333333333333337,1,0,0.6744643675491091,1,426,14,0,0,0,0,0
d000372,c_fac_016,0,med-features-v1,4348,1,247.26388888888889,35,35,4,4,0.1415491771049823,6.9996527777777775,1,0,3705,0,1,1,1,0,0,0.0,0.0,1,0.6666666666666667,0.6666666666666667,1,0,0.6067528223558999,1,70,18,0,0,0,0,0
d000102,c_new_019,0,med-features-v1,4349,1,247.37569444444443,0,0,0,0,0.0,3650.0,0,1,3706,0,1,1,1,0,0,0.0,0.0,0,0.75,0.75,1,0,0.0,0,0,14,0,0,0,0,0
d000106,c_new_023,0,med-features-v1,4350,1,247.41736111111112,0,0,0,0,0.0,3650.0,0,1,0,1,0,0,1,0,0,0.0,0.0,0,0.8461538461538461,0.8461538461538461,1,1,0.0,0,0,14,0,0,0,0,0
d000110,c_fac_006,0,med-features-v1,4351,1,247.45902777777778,36,36,4,4,0.14547862861697083,0.2642361111111111,1,0,3707,0,1,1,1,0,0,0.0,0.0,1,0.8181818181818181,0.8181818181818181,1,1,0.08734812456941986,1,72,17,0,0,0,0,0
d000114,c_maya,0,med-features-v1,0,0,0.0,0,0,0,0,0.0,3650.0,0,1,0,1,1,1,2,1,0,0.0,0.0,0,0.33333333333333337,0.5,1,0,0.0,0,0,14,0,0,0,0,0
d000114,c_noah,1,med-features-v1,0,0,0.0,0,0,0,0,0.0,3650.0,0,1,0,1,1,1,2,1,0,0.0,0.0,0,0.2727272727272727,0.2727272727272727,1,0,0.0,0,0,14,0,0,0,0,0
d000118,c_noah,0,med-features-v1,4353,1,247.52152777777778,1709,1566,192,176,6.904449949639622,0.5163194444444444,1,0,3709,0,1,1,1,0,0,0.0,0.0,1,0.2727272727272727,0.2727272727272727,1,0,0.0,1,3274,1,0,1,0,0,1
d000373,c_noah,0,med-features-v1,4360,1,248.00416666666666,1716,1572,193,176,6.919238588061357,0.00034722222222222224,1,0,3716,0,1,1,4,1,1714,1.0,0.9988344988344988,1,0.2727272727272727,0.2727272727272727,1,0,0.6563415503557392,1,3287,17,0,0,0,0,0
d000373,c_elena,1,med-features-v1,4360,1,248.00416666666666,1714,0,192,0,6.91117420742259,0.0006944444444444445,1,0,3716,0,1,1,4,1,1714,1.0,1.0,1,0.4545454545454546,0.8,1,0,0.8181863248815796,1,1714,17,0,0,0,0,0
d000373,c_taylor,2,med-features-v1,4360,1,248.00416666666666,1572,0,176,0,6.338603182070194,0.0006944444444444445,1,0,3716,0,1,1,4,1,1572,1.0,1.0,1,0.3846153846153846,0.33333333333333337,1,0,0.8214654586506694,1,1572,17,0,0,0,0,0
d000373,c_chris,3,med-features-v1,4360,1,248.00416666666666,1714,142,192,16,6.91117420742259,0.0006944444444444445,1,0,3716,0,1,1,4,1,1714,1.0,1.0,1,0.33333333333333337,0.33333333333333337,1,0,0.8102769846736677,1,1856,17,0,0,0,0,0
d000374,c_noah,0,med-features-v1,356,1,248.0065972222222,356,356,40,40,1.4354456856686442,1.0059027777777778,1,0,356,0,1,1,3,1,142,1.0,0.398876404494382,1,0.2727272727272727,0.2727272727272727,1,0,0.6134612984927738,1,712,16,0,0,0,0,0
d000374,c_taylor,1,med-features-v1,356,1,248.0065972222222,142,0,16,0,0.5725654139464816,1.9993055555555554,1,0,356,0,1,1,3,1,142,1.0,1.0,1,0.3846153846153846,0.33333333333333337,1,0,0.8489202148275956,1,142,16,0,0,0,0,0
d000374,c_chris,2,med-features-v1,356,1,248.0065972222222,142,0,16,0,0.5725654139464816,1.9993055555555554,1,0,356,0,1,1,3,1,142,1.0,1.0,1,0.33333333333333337,0.33333333333333337,1,0,0.8489202148275956,1,142,16,0,0,0,0,0
d000375,c_jamie_li,0,med-features-v1,4368,1,248.11111111111111,142,142,16,16,0.5723242274966412,1.9989583333333334,1,0,3724,0,1,1,1,0,0,0.0,0.0,1,0.7777777777777778,0.7777777777777778,1,0,0.581006563493701,1,284,14,0,0,0,0,0
d000376,c_fac_012,0,med-features-v1,4374,1,248.23611111111111,35,35,4,4,0.1409947966206009,6.9996527777777775,1,0,3730,0,1,1,1,0,0,0.0,0.0,1,0.6923076923076923,0.6923076923076923,1,0,0.48439687319108143,1,70,16,0,0,0,0,0
d000377,c_noah,0,med-features-v1,4380,1,249.00277777777777,1726,1580,193,176,6.931649579991299,0.00034722222222222224,1,0,3736,0,1,1,4,1,1724,1.0,0.9988412514484357,1,0.2727272727272727,0.2727272727272727,1,0,0.656924485344633,1,3305,17,0,0,0,0,0
d000377,c_elena,1,med-features-v1,4380,1,249.00277777777777,1724,0,192,0,6.9236175410805325,0.0006944444444444445,1,0,3736,0,1,1,4,1,1724,1.0,1.0,1,0.4545454545454546,0.8,1,0,0.8191289366023069,1,1724,17,0,0,0,0,0
d000377,c_taylor,2,med-features-v1,4380,1,249.00277777777777,1580,0,176,0,6.3453107395053605,0.0006944444444444445,1,0,3736,0,1,1,4,1,1580,1.0,1.0,1,0.3846153846153846,0.33333333333333337,1,0,0.8224703257436106,1,1580,17,0,0,0,0,0
d000377,c_chris,3,med-features-v1,4380,1,249.00277777777777,1724,144,192,16,6.9236175410805325,0.0006944444444444445,1,0,3736,0,1,1,4,1,1724,1.0,1.0,1,0.33333333333333337,0.33333333333333337,1,0,0.811063405146327,1,1868,17,0,0,0,0,0
d000378,c_elena,0,med-features-v1,2015,1,249.028125,359,359,40,40,1.4416042364692743,0.00034722222222222224,1,0,2015,0,1,1,3,1,215,1.0,0.5988857938718662,1,0.4545454545454546,0.8,1,0,0.6650571534731902,1,718,17,0,0,0,0,0
d000378,c_taylor,1,med-features-v1,2015,1,249.028125,287,72,32,8,1.1524802670381107,0.0006944444444444445,1,0,2015,0,1,1,3,1,215,1.0,0.7491289198606271,1,0.3846153846153846,0.33333333333333337,1,0,0.7925225237030316,1,359,17,0,0,0,0,0
d000378,c_lena,2,med-features-v1,2015,1,249.028125,215,0,24,0,0.8633562976069471,0.0006944444444444445,1,0,2015,0,1,1,3,1,215,1.0,1.0,1,0.4545454545454546,0.8,1,0,0.8379468022448041,1,215,17,0,0,0,0,0
d000379,c_jamie_lee,0,med-features-v1,4389,1,249.09027777777777,214,214,24,24,0.8591262650199337,1.9989583333333334,1,0,3745,0,1,1,1,0,0,0.0,0.0,1,0.7777777777777778,0.7777777777777778,1,0,0.5740561078776422,1,428,17,0,0,0,0,0
d000380,c_pat,0,med-features-v1,4395,1,249.13194444444446,214,214,24,24,0.8589825783972125,1.9989583333333334,1,0,214,0,1,0,1,0,0,0.0,0.0,1,0.33333333333333337,0.33333333333333337,1,0,0.6306113817704522,1,428,16,0,0,0,0,0
d000381,c_fac_013,0,med-features-v1,4401,1,249.24305555555554,35,35,4,4,0.14042517622802375,6.9996527777777775,1,0,3751,0,1,1,1,0,0,0.0,0.0,1,0.7692307692307692,0.7692307692307692,1,0,0.6142522686361894,1,70,16,0,0,0,0,0
d000382,c_noah,0,med-features-v1,4407,1,252.00347222222223,1735,1589,193,176,6.884825771249845,0.00034722222222222224,1,0,3757,0,1,1,4,1,1733,1.0,0.9988472622478386,1,0.2727272727272727,0.2727272727272727,1,0,0.6919232267899111,1,3323,17,0,0,0,0,0
d000382,c_elena,1,med-features-v1,4407,1,252.00347222222223,1733,0,192,0,6.876889372666271,0.0006944444444444445,1,0,3757,0,1,1,4,1,1733,1.0,1.0,1,0.4545454545454546,0.8,1,0,0.8230711843298247,1,1733,17,0,0,0,0,0
d000382,c_taylor,2,med-features-v1,4407,1,252.00347222222223,1589,0,176,0,6.305468674648993,0.0006944444444444445,1,0,3757,0,1,1,4,1,1589,1.0,1.0,1,0.3846153846153846,0.33333333333333337,1,0,0.8261500460529833,1,1589,17,0,0,0,0,0
d000382,c_chris,3,med-features-v1,4407,1,252.00347222222223,1733,144,192,16,6.876889372666271,0.0006944444444444445,1,0,3757,0,1,1,4,1,1733,1.0,1.0,1,0.33333333333333337,0.33333333333333337,1,0,0.8150554935678105,1,1877,17,0,0,0,0,0
d000383,c_marcus,0,med-features-v1,216,1,252.0,72,72,8,8,0.2857142857142857,3.999652777777778,1,0,216,0,1,1,1,0,0,0.0,0.0,1,0.3076923076923077,0.33333333333333337,1,0,0.6299459126849221,1,144,14,0,0,0,0,0
d000384,c_morgan_shaw,0,med-features-v1,4417,1,252.09791666666666,217,217,24,24,0.8607766492847522,0.00034722222222222224,1,0,3767,0,1,1,1,0,0,0.0,0.0,1,0.8181818181818181,0.8181818181818181,1,1,0.5597958157343715,1,434,17,0,0,0,0,0
d000385,c_ren,0,med-features-v1,4423,1,252.13958333333332,217,217,24,24,0.8606344038933461,0.00034722222222222224,1,0,217,0,1,0,1,0,0,0.0,0.0,1,0.4545454545454546,0.5,1,0,0.7361597437084858,1,434,14,0,0,0,0,0
d000386,c_noah,0,med-features-v1,4429,1,253.00069444444443,1739,1593,193,176,6.873498919908543,0.00034722222222222224,1,0,3773,0,1,1,4,1,1737,1.0,0.9988499137435307,1,0.2727272727272727,0.2727272727272727,1,0,0.6570771078533755,1,3331,17,0,0,0,0,0
d000386,c_elena,1,med-features-v1,4429,1,253.00069444444443,1737,0,192,0,6.8655938032669,0.0006944444444444445,1,0,3773,0,1,1,4,1,1737,1.0,1.0,1,0.4545454545454546,0.8,1,0,0.8194392750025586,1,1737,17,0,0,0,0,0
d000386,c_taylor,2,med-features-v1,4429,1,253.00069444444443,1593,0,176,0,6.296425405068607,0.0006944444444444445,1,0,3773,0,1,1,4,1,1593,1.0,1.0,1,0.3846153846153846,0.33333333333333337,1,0,0.8227314821727405,1,1593,17,0,0,0,0,0
d000386,c_chris,3,med-features-v1,4429,1,253.00069444444443,1737,144,192,16,6.8655938032669,0.0006944444444444445,1,0,3773,0,1,1,4,1,1737,1.0,1.0,1,0.33333333333333337,0.33333333333333337,1,0,0.8114977336196996,1,1881,17,0,0,0,0,0
d000387,c_noah,0,med-features-v1,4435,1,253.0048611111111,1745,1599,193,176,6.8971006815306035,0.00034722222222222224,1,0,3779,0,1,1,4,1,1743,1.0,0.9988538681948425,1,0.2727272727272727,0.2727272727272727,1,0,0.6921896945703739,1,3343,17,0,0,0,0,0
d000387,c_elena,1,med-features-v1,4435,1,253.0048611111111,1743,0,192,0,6.889195695076127,0.0006944444444444445,1,0,3779,0,1,1,4,1,1743,1.0,1.0,1,0.4545454545454546,0.8,1,0,0.8235762734562757,1,1743,17,0,0,0,0,0
d000387,c_taylor,2,med-features-v1,4435,1,253.0048611111111,1599,0,176,0,6.320036670353831,0.0006944444444444445,1,0,3779,0,1,1,4,1,1599,1.0,1.0,1,0.3846153846153846,0.33333333333333337,1,0,0.8266228772556377,1,1599,17,0,0,0,0,0
d000387,c_chris,3,med-features-v1,4435,1,253.0048611111111,1743,144,192,16,6.889195695076127,0.0006944444444444445,1,0,3779,0,1,1,4,1,1743,1.0,1.0,1,0.33333333333333337,0.33333333333333337,1,0,0.8156526224085467,1,1887,17,0,0,0,0,0
d000032,c_chris,0,med-features-v1,4439,1,253.01458333333332,1747,145,192,16,6.904740339407314,0.00034722222222222224,1,0,3783,0,1,1,5,1,1747,0.75,1.0,1,0.33333333333333337,0.33333333333333337,1,0,0.20012755682934305,1,1892,16,0,0,0,0,0
d000032,c_noah,1,med-features-v1,4439,1,253.01458333333332,1749,1602,193,176,6.91264502210841,0.0006944444444444445,1,0,3783,0,1,1,5,1,1747,0.75,0.9988564894225271,1,0.2727272727272727,0.2727272727272727,1,0,0.11655971066936469,1,3350,16,0,0,0,0,0
d000032,c_elena,2,med-features-v1,4439,1,253.01458333333332,1747,0,192,0,6.904740339407314,0.0006944444444444445,1,0,3783,0,1,1,5,1,1747,0.75,1.0,1,0.4545454545454546,0.8,1,0,0.1631852862804446,1,1747,16,0,0,0,0,0
d000032,c_marcus,3,med-features-v1,4439,1,253.01458333333332,145,0,16,0,0.5730894958294565,0.0006944444444444445,1,0,3783,0,1,1,5,1,145,0.75,1.0,1,0.3076923076923077,0.33333333333333337,1,0,0.7741652463053809,1,145,16,0,0,0,0,0
d000032,c_pat,4,med-features-v1,4439,1,253.01458333333332,218,218,24,24,0.8616104144194587,0.8815972222222223,1,0,218,0,1,0,5,1,0,0.0,0.0,1,0.33333333333333337,0.33333333333333337,1,0,0.007023547221811798,1,436,16,0,0,0,0,0
d000388,c_alex_chen,0,med-features-v1,4440,1,253.10416666666666,180,180,20,20,0.7111696435920652,4.048263888888889,1,0,3784,0,1,1,1,0,0,0.0,0.0,1,0.8888888888888888,0.8888888888888888,1,1,0.6606553426993534,1,360,15,0,0,0,0,0
d000389,c_hana,0,med-features-v1,4446,1,253.15277777777777,36,36,4,4,0.14220661655785374,6.9996527777777775,1,0,3790,0,1,1,1,0,0,0.0,0.0,1,0.3846153846153846,0.5,1,0,0.6900542519403643,1,72,16,0,0,0,0,0
d000390,c_noah,0,med-features-v1,4452,1,254.0013888888889,1752,1604,193,176,6.8976000787397265,0.00034722222222222224,1,0,3796,0,1,1,4,1,1750,1.0,0.9988584474885844,1,0.2727272727272727,0.2727272727272727,1,0,0.6923289361551397,1,3355,17,0,0,0,0,0
d000390,c_elena,1,med-features-v1,4452,1,254.0013888888889,1750,0,192,0,6.889726106047101,0.0006944444444444445,1,0,3796,0,1,1,4,1,1750,1.0,1.0,1,0.4545454545454546,0.8,1,0,0.8237595835421063,1,1750,17,0,0,0,0,0
d000390,c_taylor,2,med-features-v1,4452,1,254.0013888888889,1604,0,176,0,6.314926099485458,0.0006944444444444445,1,0,3796,0,1,1,4,1,1604,1.0,1.0,1,0.3846153846153846,0.33333333333333337,1,0,0.8268568650720604,1,1604,17,0,0,0,0,0
d000390,c_chris,3,med-features-v1,4452,1,254.0013888888889,1750,146,192,16,6.889726106047101,0.0006944444444444445,1,0,3796,0,1,1,4,1,1750,1.0,1.0,1,0.33333333333333337,0.33333333333333337,1,0,0.8156793535297917,1,1896,17,0,0,0,0,0
d000391,c_priya,0,med-features-v1,4458,1,254.02083333333334,218,218,24,24,0.8581973263347822,1.9989583333333334,1,0,3802,0,1,1,2,1,218,1.0,1.0,1,0.4545454545454546,0.4,1,0,0.6613147364299085,1,436,14,0,0,0,0,0
d000391,c_quinn,1,med-features-v1,4458,1,254.02083333333334,218,0,24,0,0.8581973263347822,1.9993055555555554,1,0,3802,0,1,1,2,1,218,1.0,1.0,1,0.2727272727272727,0.19999999999999996,1,0,0.8131733013132133,1,218,14,0,0,0,0,0
d000392,c_alex_chan,0,med-features-v1,4460,1,254.08333333333334,218,218,24,24,0.8579862249918006,1.9989583333333334,1,0,3804,0,1,1,1,0,0,0.0,0.0,1,0.8888888888888888,0.8888888888888888,1,1,0.5761238457478004,1,436,17,0,0,0,0,0
d000393,c_lee,0,med-features-v1,4467,1,254.12569444444443,219,219,24,24,0.8617782648022496,0.00034722222222222224,1,0,219,0,1,0,1,0,0,0.0,0.0,1,0.4545454545454546,0.5,1,0,0.587090426488466,1,438,16,0,0,0,0,0
d000394,c_fac_006,0,med-features-v1,4473,1,254.19444444444446,37,37,5,5,0.14555786252868538,6.735069444444444,1,0,3811,0,1,1,1,0,0,0.0,0.0,1,0.8181818181818181,0.8181818181818181,1,1,0.5955811436806147,1,74,18,0,0,0,0,0
d000395,c_noah,0,med-features-v1,4479,1,255.00208333333333,1761,1613,193,176,6.9058259327946665,0.00034722222222222224,1,0,3817,0,1,1,4,1,1759,1.0,0.9988642816581488,1,0.2727272727272727,0.2727272727272727,1,0,0.6927250767922585,1,3373,17,0,0,0,0,0
d000395,c_elena,1,med-features-v1,4479,1,255.00208333333333,1759,0,192,0,6.89798285961716,0.0006944444444444445,1,0,3817,0,1,1,4,1,1759,1.0,1.0,1,0.4545454545454546,0.8,1,0,0.8244887449229186,1,1759,17,0,0,0,0,0
d000395,c_taylor,2,med-features-v1,4479,1,255.00208333333333,1613,0,176,0,6.32543851765917,0.0006944444444444445,1,0,3817,0,1,1,4,1,1613,1.0,1.0,1,0.3846153846153846,0.33333333333333337,1,0,0.8275608218507762,1,1613,17,0,0,0,0,0
d000395,c_chris,3,med-features-v1,4479,1,255.00208333333333,1759,146,192,16,6.89798285961716,0.0006944444444444445,1,0,3817,0,1,1,4,1,1759,1.0,1.0,1,0.33333333333333337,0.33333333333333337,1,0,0.8164886525091394,1,1905,17,0,0,0,0,0
d000396,c_noah,0,med-features-v1,4485,1,255.0076388888889,1767,1619,193,176,6.929204190506276,0.00034722222222222224,1,0,3823,0,1,1,5,1,1765,1.0,0.9988681380871534,1,0.2727272727272727,0.2727272727272727,1,0,0.692719516481707,1,3385,17,0,0,0,0,0
d000396,c_elena,1,med-features-v1,4485,1,255.0076388888889,1765,0,192,0,6.921361288196704,0.0006944444444444445,1,0,3823,0,1,1,5,1,1765,1.0,1.0,1,0.4545454545454546,0.8,1,0,0.8245002163709457,1,1765,17,0,0,0,0,0
d000396,c_taylor,2,med-features-v1,4485,1,255.0076388888889,1619,0,176,0,6.348829419597997,0.0006944444444444445,1,0,3823,0,1,1,5,1,1619,1.0,1.0,1,0.3846153846153846,0.33333333333333337,1,0,0.8275493118536656,1,1619,17,0,0,0,0,0
d000396,c_chris,3,med-features-v1,4485,1,255.0076388888889,1765,146,192,16,6.921361288196704,0.0006944444444444445,1,0,3823,0,1,1,5,1,1765,1.0,1.0,1,0.33333333333333337,0.33333333333333337,1,0,0.8165573626121693,1,1911,17,0,0,0,0,0
d000396,c_lena,4,med-features-v1,4485,1,255.0076388888889,147,0,16,0,0.5764533197534932,0.0006944444444444445,1,0,3823,0,1,1,5,1,147,1.0,1.0,1,0.4545454545454546,0.8,1,0,0.8217905672265615,1,147,17,0,0,0,0,0
d000397,c_marcus,0,med-features-v1,221,1,255.0,73,73,8,8,0.28627450980392155,2.999652777777778,1,0,221,0,1,1,1,0,0,0.0,0.0,1,0.3076923076923077,0.33333333333333337,1,0,0.744685843635867,1,146,19,0,0,0,0,0
d000398,c_fac_002,0,med-features-v1,4494,1,255.16666666666666,36,36,4,4,0.14108425865447421,6.9996527777777775,1,0,3832,0,1,1,1,0,0,0.0,0.0,1,0.7692307692307692,0.7692307692307692,1,0,0.6495802141231392,1,72,16,0,0,0,0,0
d000399,c_noah,0,med-features-v1,4500,1,256.00138888888887,1772,1622,193,176,6.9218374466284365,0.00034722222222222224,1,0,3838,0,1,1,4,1,1770,1.0,0.9988713318284425,1,0.2727272727272727,0.2727272727272727,1,0,0.6928474294782031,1,3393,17,0,0,0,0,0
d000399,c_elena,1,med-features-v1,4500,1,256.00138888888887,1770,0,192,0,6.914024989013732,0.0006944444444444445,1,0,3838,0,1,1,4,1,1770,1.0,1.0,1,0.4545454545454546,0.8,1,0,0.8246573593622123,1,1770,17,0,0,0,0,0
d000399,c_taylor,2,med-features-v1,4500,1,256.00138888888887,1622,0,176,0,6.335903125525578,0.0006944444444444445,1,0,3838,0,1,1,4,1,1622,1.0,1.0,1,0.3846153846153846,0.33333333333333337,1,0,0.8277811017919353,1,1622,17,0,0,0,0,0
d000399,c_chris,3,med-features-v1,4500,1,256.00138888888887,1770,148,192,16,6.914024989013732,0.0006944444444444445,1,0,3838,0,1,1,4,1,1770,1.0,1.0,1,0.33333333333333337,0.33333333333333337,1,0,0.8165308183095512,1,1918,17,0,0,0,0,0
d000055,c_fac_003,0,med-features-v1,4506,1,256.0208333333333,36,36,4,4,0.14061355683944993,6.846875,1,0,3844,0,1,1,1,0,0,0.0,0.0,1,0.75,0.75,1,0,0.01770574746369609,1,72,18,0,0,0,0,0
d000400,c_priya,0,med-features-v1,4507,1,256.0215277777778,221,221,24,24,0.8632086602960362,0.00034722222222222224,1,0,3845,0,1,1,2,1,221,1.0,1.0,1,0.4545454545454546,0.4,1,0,0.6599633156332614,1,442,14,0,0,0,0,0
d000400,c_quinn,1,med-features-v1,4507,1,256.0215277777778,221,0,24,0,0.8632086602960362,0.0006944444444444445,1,0,3845,0,1,1,2,1,221,1.0,1.0,1,0.2727272727272727,0.19999999999999996,1,0,0.8110380028221977,1,221,14,0,0,0,0,0
d000401,c_alex_chan,0,med-features-v1,4509,1,256.0833333333333,220,220,24,24,0.8590953465668728,1.9989583333333334,1,0,3847,0,1,1,1,0,0,0.0,0.0,1,0.8888888888888888,0.8888888888888888,1,1,0.5760536122223613,1,440,17,0,0,0,0,0
d000402,c_lee,0,med-features-v1,4515,1,256.125,220,220,24,24,0.8589555880917521,1.9989583333333334,1,0,220,0,1,0,1,0,0,0.0,0.0,1,0.4545454545454546,0.5,1,0,0.5887702791096667,1,440,16,0,0,0,0,0
d000403,c_fac_008,0,med-features-v1,4522,1,256.2083333333333,36,36,4,4,0.14051065213855912,6.9996527777777775,1,0,3854,0,1,1,1,0,0,0.0,0.0,1,0.7692307692307692,0.7692307692307692,1,0,0.6395416573148797,1,72,18,0,0,0,0,0
d000077,c_noah,0,med-features-v1,4524,1,259.0,1778,1628,193,176,6.864864864864865,2.9947916666666665,1,0,3856,0,1,1,5,1,1776,0.75,0.9988751406074241,1,0.2727272727272727,0.2727272727272727,1,0,0.692841500297688,1,3405,17,0,0,0,0,0
d000077,c_elena,1,med-features-v1,4524,1,259.0,1776,0,192,0,6.857142857142857,2.995138888888889,1,0,3856,0,1,1,5,1,1776,0.75,1.0,1,0.4545454545454546,0.8,1,0,0.8246683450017216,1,1776,17,0,0,0,0,0
d000077,c_taylor,2,med-features-v1,4524,1,259.0,1628,0,176,0,6.285714285714286,2.995138888888889,1,0,3856,0,1,1,5,1,1628,0.75,1.0,1,0.3846153846153846,0.33333333333333337,1,0,0.827768850469979,1,1628,17,0,0,0,0,0
d000077,c_chris,3,med-features-v1,4524,1,259.0,1776,148,192,16,6.857142857142857,2.995138888888889,1,0,3856,0,1,1,5,1,1776,0.75,1.0,1,0.33333333333333337,0.33333333333333337,1,0,0.816599605653854,1,1924,17,0,0,0,0,0
d000077,c_morgan_zhao,4,med-features-v1,4524,1,259.0,148,148,16,16,0.5714285714285714,3.8809027777777776,1,0,3856,0,1,1,5,1,0,0.0,0.0,1,0.8181818181818181,0.8181818181818181,1,1,0.011377578447618822,1,296,17,0,0,0,0,0
d000404,c_noah,0,med-features-v1,4529,1,259.00347222222223,1783,1633,193,176,6.884077594412344,0.00034722222222222224,1,0,3861,0,1,1,4,1,1781,1.0,0.9988782950084127,1,0.2727272727272727,0.2727272727272727,1,0,0.6559888334882321,1,3415,17,0,0,0,0,0
d000404,c_elena,1,med-features-v1,4529,1,259.00347222222223,1781,0,192,0,6.876355690212218,0.0006944444444444445,1,0,3861,0,1,1,4,1,1781,1.0,1.0,1,0.4545454545454546,0.8,1,0,0.8175629446026146,1,1781,17,0,0,0,0,0
d000404,c_taylor,2,med-features-v1,4529,1,259.00347222222223,1633,0,176,0,6.304934779402893,0.0006944444444444445,1,0,3861,0,1,1,4,1,1633,1.0,1.0,1,0.3846153846153846,0.33333333333333337,1,0,0.8208574841996888,1,1633,17,0,0,0,0,0
d000404,c_chris,3,med-features-v1,4529,1,259.00347222222223,1781,148,192,16,6.876355690212218,0.0006944444444444445,1,0,3861,0,1,1,4,1,1781,1.0,1.0,1,0.33333333333333337,0.33333333333333337,1,0,0.8096111454727026,1,1929,17,0,0,0,0,0
d000405,c_elena,0,med-features-v1,2081,1,259.028125,371,371,40,40,1.4322769004331095,0.00034722222222222224,1,0,2081,0,1,1,3,1,223,1.0,0.601078167115903,1,0.4545454545454546,0.8,1,0,0.6311426779291923,1,742,17,0,0,0,0,0
d000405,c_taylor,1,med-features-v1,2081,1,259.028125,297,74,32,8,1.1465936372739447,0.0006944444444444445,1,0,2081,0,1,1,3,1,223,1.0,0.7508417508417509,1,0.3846153846153846,0.33333333333333337,1,0,0.7854730157632797,1,371,17,0,0,0,0,0
d000405,c_lena,2,med-features-v1,2081,1,259.028125,223,0,24,0,0.86091037411478,0.0006944444444444445,1,0,2081,0,1,1,3,1,223,1.0,1.0,1,0.4545454545454546,0.8,1,0,0.8411579785062752,1,223,17,0,0,0,0,0
d000406,c_morgan_shaw,0,med-features-v1,4538,1,259.09722222222223,222,222,24,24,0.8568212275529349,2.9989583333333334,1,0,3870,0,1,1,1,0,0,0.0,0.0,1,0.8181818181818181,0.8181818181818181,1,1,0.5619535441632708,1,444,17,0,0,0,0,0
d000407,c_ren,0,med-features-v1,4544,1,259.1388888888889,222,222,24,24,0.8566834601779397,2.9989583333333334,1,0,222,0,1,0,1,0,0,0.0,0.0,1,0.4545454545454546,0.5,1,0,0.56911622157762,1,444,16,0,0,0,0,0
d000408,c_noah,0,med-features-v1,4551,1,260.00069444444443,1787,1637,193,176,6.873058565548703,0.00034722222222222224,1,0,3877,0,1,1,4,1,1785,1.0,0.9988808058198098,1,0.2727272727272727,0.2727272727272727,1,0,0.6927006022783858,1,3423,17,0,0,0,0,0
d000408,c_elena,1,med-features-v1,4551,1,260.00069444444443,1785,0,192,0,6.865366278402035,0.0006944444444444445,1,0,3877,0,1,1,4,1,1785,1.0,1.0,1,0.4545454545454546,0.8,1,0,0.8244523117411667,1,1785,17,0,0,0,0,0
d000408,c_taylor,2,med-features-v1,4551,1,260.00069444444443,1637,0,176,0,6.296137029548532,0.0006944444444444445,1,0,3877,0,1,1,4,1,1637,1.0,1.0,1,0.3846153846153846,0.33333333333333337,1,0,0.8275152860561338,1,1637,17,0,0,0,0,0
d000408,c_chris,3,med-features-v1,4551,1,260.00069444444443,1785,148,192,16,6.865366278402035,0.0006944444444444445,1,0,3877,0,1,1,4,1,1785,1.0,1.0,1,0.33333333333333337,0.33333333333333337,1,0,0.816471345336721,1,1933,17,0,0,0,0,0
d000409,c_noah,0,med-features-v1,4557,1,260.0048611111111,1793,1643,193,176,6.896024914064107,0.00034722222222222224,1,0,3883,0,1,1,4,1,1791,1.0,0.9988845510317903,1,0.2727272727272727,0.2727272727272727,1,0,0.6929582958210573,1,3435,17,0,0,0,0,0
d000409,c_elena,1,med-features-v1,4557,1,260.0048611111111,1791,0,192,0,6.888332750188966,0.0006944444444444445,1,0,3883,0,1,1,4,1,1791,1.0,1.0,1,0.4545454545454546,0.8,1,0,0.8249263339183803,1,1791,17,0,0,0,0,0
d000409,c_taylor,2,med-features-v1,4557,1,260.0048611111111,1643,0,176,0,6.3191126234285155,0.0006944444444444445,1,0,3883,0,1,1,4,1,1643,1.0,1.0,1,0.3846153846153846,0.33333333333333337,1,0,0.8279729691151074,1,1643,17,0,0,0,0,0
d000409,c_chris,3,med-features-v1,4557,1,260.0048611111111,1791,148,192,16,6.888332750188966,0.0006944444444444445,1,0,3883,0,1,1,4,1,1791,1.0,1.0,1,0.33333333333333337,0.33333333333333337,1,0,0.8169972703436805,1,1939,17,0,0,0,0,0
d000410,c_noah,0,med-features-v1,373,1,260.0072916666667,373,373,40,40,1.4345751521391628,0.00034722222222222224,1,0,373,0,1,1,3,1,149,1.0,0.39946380697050937,1,0.2727272727272727,0.2727272727272727,1,0,0.6130467527752168,1,746,16,0,0,0,0,0
d000410,c_taylor,1,med-features-v1,373,1,260.0072916666667,149,0,16,0,0.5730608516588076,0.0006944444444444445,1,0,373,0,1,1,3,1,149,1.0,1.0,1,0.3846153846153846,0.33333333333333337,1,0,0.8501599984448656,1,149,16,0,0,0,0,0
d000410,c_chris,2,med-features-v1,373,1,260.0072916666667,149,0,16,0,0.5730608516588076,0.0006944444444444445,1,0,373,0,1,1,3,1,149,1.0,1.0,1,0.33333333333333337,0.33333333333333337,1,0,0.8501599984448656,1,149,16,0,0,0,0,0
d000411,c_morgan_zhao,0,med-features-v1,4566,1,260.11805555555554,148,148,16,16,0.5689724217102278,4.998958333333333,1,0,3892,0,1,1,1,0,0,0.0,0.0,1,0.8181818181818181,0.8181818181818181,1,1,0.6297708624101064,1,296,14,0,0,0,0,0
d000412,c_noah,0,med-features-v1,4572,1,261.0,1798,1646,193,176,6.888888888888889,0.9854166666666667,1,0,3898,0,1,1,4,1,1796,1.0,0.9988876529477196,1,0.2727272727272727,0.2727272727272727,1,0,0.6928117700226547,1,3443,17,0,0,0,0,0
d000412,c_elena,1,med-features-v1,4572,1,261.0,1796,0,192,0,6.881226053639847,0.9854166666666667,1,0,3898,0,1,1,4,1,1796,1.0,1.0,1,0.4545454545454546,0.8,1,0,0.8246025514924786,1,1796,17,0,0,0,0,0
d000412,c_taylor,2,med-features-v1,4572,1,261.0,1646,0,176,0,6.306513409961686,0.9923611111111111,1,0,3898,0,1,1,4,1,1646,1.0,1.0,1,0.3846153846153846,0.33333333333333337,1,0,0.827732630079914,1,1646,17,0,0,0,0,0
d000412,c_chris,3,med-features-v1,4572,1,261.0,1796,150,192,16,6.881226053639847,0.9850694444444444,1,0,3898,0,1,1,4,1,1796,1.0,1.0,1,0.33333333333333337,0.33333333333333337,1,0,0.8164877377725028,1,1946,17,0,0,0,0,0
d000413,c_noah,0,med-features-v1,4579,1,261.0048611111111,1805,1653,193,176,6.915580009950858,0.00034722222222222224,1,0,3905,0,1,1,4,1,1803,1.0,0.9988919667590028,1,0.2727272727272727,0.2727272727272727,1,0,0.6931971468314333,1,3457,17,0,0,0,0,0
d000413,c_elena,1,med-features-v1,4579,1,261.0048611111111,1803,0,192,0,6.907917317419057,0.0006944444444444445,1,0,3905,0,1,1,4,1,1803,1.0,1.0,1,0.4545454545454546,0.8,1,0,0.8253044464857267,1,1803,17,0,0,0,0,0
d000413,c_taylor,2,med-features-v1,4579,1,261.0048611111111,1653,0,176,0,6.333215377533944,0.0006944444444444445,1,0,3905,0,1,1,4,1,1653,1.0,1.0,1,0.3846153846153846,0.33333333333333337,1,0,0.8284171807551942,1,1653,17,0,0,0,0,0
d000413,c_chris,3,med-features-v1,4579,1,261.0048611111111,1803,150,192,16,6.907917317419057,0.0006944444444444445,1,0,3905,0,1,1,4,1,1803,1.0,1.0,1,0.33333333333333337,0.33333333333333337,1,0,0.8172493413916224,1,1953,17,0,0,0,0,0
d000414,c_noah,0,med-features-v1,75,1,259.00069444444443,75,301,8,32,0.28957451315284977,0.00034722222222222224,1,0,75,0,1,1,1,0,0,0.0,0.0,1,0.2727272727272727,0.2727272727272727,1,0,0.6259435770728905,1,376,15,0,0,0,0,0
d000415,c_morgan_shaw,0,med-features-v1,4587,1,261.09791666666666,225,225,24,24,0.8617456733185985,0.00034722222222222224,1,0,3913,0,1,1,1,0,0,0.0,0.0,1,0.8181818181818181,0.8181818181818181,1,1,0.5677515743506975,1,450,17,0,0,0,0,0
d000416,c_ren,0,med-features-v1,4593,1,261.13958333333335,225,225,24,24,0.861608175704245,0.00034722222222222224,1,0,225,0,1,0,1,0,0,0.0,0.0,1,0.4545454545454546,0.5,1,0,0.5711101136249445,1,450,16,0,0,0,0,0
d000417,c_noah,0,med-features-v1,4599,1,262.00069444444443,1807,1655,193,176,6.896928284223166,0.00034722222222222224,1,0,3919,0,1,1,4,1,1805,1.0,0.9988931931377975,1,0.2727272727272727,0.2727272727272727,1,0,0.6934556050336268,1,3461,17,0,0,0,0,0
d000417,c_elena,1,med-features-v1,4599,1,262.00069444444443,1805,0,192,0,6.889294716670069,0.0006944444444444445,1,0,3919,0,1,1,4,1,1805,1.0,1.0,1,0.4545454545454546,0.8,1,0,0.8257654021094718,1,1805,17,0,0,0,0,0
d000417,c_taylor,2,med-features-v1,4599,1,262.00069444444443,1655,0,176,0,6.316777150187791,0.0006944444444444445,1,0,3919,0,1,1,4,1,1655,1.0,1.0,1,0.3846153846153846,0.33333333333333337,1,0,0.8288767421593681,1,1655,17,0,0,0,0,0
d000417,c_chris,3,med-features-v1,4599,1,262.00069444444443,1805,150,192,16,6.889294716670069,0.0006944444444444445,1,0,3919,0,1,1,4,1,1805,1.0,1.0,1,0.33333333333333337,0.33333333333333337,1,0,0.8177247542462689,1,1955,17,0,0,0,0,0
d000418,c_noah,0,med-features-v1,4606,1,262.00694444444446,1814,1662,193,176,6.923480611731029,0.001736111111111111,1,0,3926,0,1,1,5,1,1812,1.0,0.9988974641675854,1,0.2727272727272727,0.2727272727272727,1,0,0.694094827853268,1,3475,17,0,0,0,0,0
d000418,c_elena,1,med-features-v1,4606,1,262.00694444444446,1812,0,192,0,6.915847226271568,0.0020833333333333333,1,0,3926,0,1,1,5,1,1812,1.0,1.0,1,0.4545454545454546,0.8,1,0,0.8269114867528793,1,1812,17,0,0,0,0,0
d000418,c_taylor,2,med-features-v1,4606,1,262.00694444444446,1662,0,176,0,6.3433433168120015,0.0020833333333333333,1,0,3926,0,1,1,5,1,1662,1.0,1.0,1,0.3846153846153846,0.33333333333333337,1,0,0.8300116861219661,1,1662,17,0,0,0,0,0
d000418,c_chris,3,med-features-v1,4606,1,262.00694444444446,1812,150,192,16,6.915847226271568,0.0020833333333333333,1,0,3926,0,1,1,5,1,1812,1.0,1.0,1,0.33333333333333337,0.33333333333333337,1,0,0.8189255439200959,1,1962,17,0,0,0,0,0
d000418,c_lena,4,med-features-v1,4606,1,262.00694444444446,150,0,16,0,0.5725039094595669,1.9993055555555554,1,0,3926,0,1,1,5,1,150,1.0,1.0,1,0.4545454545454546,0.8,1,0,0.8192280792628703,1,150,17,0,0,0,0,0
d000419,c_quinn,0,med-features-v1,263,1,262.04131944444447,37,37,4,4,0.14119910584500164,6.9996527777777775,1,0,263,0,1,1,1,0,0,0.0,0.0,1,0.2727272727272727,0.19999999999999996,1,0,0.7083237671337828,1,74,18,0,0,0,0,0
d000420,c_morgan_zhao,0,med-features-v1,4614,1,262.11805555555554,150,150,16,16,0.5722612266525368,1.9989583333333334,1,0,3934,0,1,1,1,0,0,0.0,0.0,1,0.8181818181818181,0.8181818181818181,1,1,0.6344814249780718,1,300,14,0,0,0,0,0
d000421,c_noah,0,med-features-v1,4620,1,263.0,1818,1664,193,176,6.91254752851711,0.9854166666666667,1,0,3940,0,1,1,4,1,1816,1.0,0.9988998899889989,1,0.2727272727272727,0.2727272727272727,1,0,0.6548068763188114,1,3481,17,0,0,0,0,0
d000421,c_elena,1,med-features-v1,4620,1,263.0,1816,0,192,0,6.904942965779468,0.9854166666666667,1,0,3940,0,1,1,4,1,1816,1.0,1.0,1,0.4545454545454546,0.8,1,0,0.8154956782939089,1,1816,17,0,0,0,0,0
d000421,c_taylor,2,med-features-v1,4620,1,263.0,1664,0,176,0,6.326996197718631,0.9923611111111111,1,0,3940,0,1,1,4,1,1664,1.0,1.0,1,0.3846153846153846,0.33333333333333337,1,0,0.8187988982533934,1,1664,17,0,0,0,0,0
d000421,c_chris,3,med-features-v1,4620,1,263.0,1816,152,192,16,6.904942965779468,0.9850694444444444,1,0,3940,0,1,1,4,1,1816,1.0,1.0,1,0.33333333333333337,0.33333333333333337,1,0,0.8074253070269543,1,1968,17,0,0,0,0,0
d000422,c_noah,0,med-features-v1,4626,1,263.00416666666666,1824,1670,193,176,6.9352513426593365,0.00034722222222222224,1,0,3946,0,1,1,4,1,1822,1.0,0.9989035087719298,1,0.2727272727272727,0.2727272727272727,1,0,0.6548192477522907,1,3493,17,0,0,0,0,0
d000422,c_elena,1,med-features-v1,4626,1,263.00416666666666,1822,0,192,0,6.927646900397649,0.0006944444444444445,1,0,3946,0,1,1,4,1,1822,1.0,1.0,1,0.4545454545454546,0.8,1,0,0.8155388817743906,1,1822,17,0,0,0,0,0
d000422,c_taylor,2,med-features-v1,4626,1,263.00416666666666,1670,0,176,0,6.349709288509371,0.0006944444444444445,1,0,3946,0,1,1,4,1,1670,1.0,1.0,1,0.3846153846153846,0.33333333333333337,1,0,0.8188193168853144,1,1670,17,0,0,0,0,0
d000422,c_chris,3,med-features-v1,4626,1,263.00416666666666,1822,152,192,16,6.927646900397649,0.0006944444444444445,1,0,3946,0,1,1,4,1,1822,1.0,1.0,1,0.33333333333333337,0.33333333333333337,1,0,0.8075241426160098,1,1974,17,0,0,0,0,0
d000423,c_maya,0,med-features-v1,189,1,261.95104166666664,189,189,20,20,0.721508869739495,0.9503472222222222,1,0,189,0,1,1,1,0,0,0.0,0.0,1,0.33333333333333337,0.5,1,0,0.48664532697705276,1,378,14,0,0,0,0,0
d000424,c_morgan_shaw,0,med-features-v1,4635,1,263.09722222222223,226,226,24,24,0.8589980467718946,1.9989583333333334,1,0,3955,0,1,1,1,0,0,0.0,0.0,1,0.8181818181818181,0.8181818181818181,1,1,0.5696396197203548,1,452,17,0,0,0,0,0
d000425,c_ren,0,med-features-v1,4641,1,263.1388888888889,226,226,24,24,0.8588620289243111,1.9989583333333334,1,0,226,0,1,0,1,0,0,0.0,0.0,1,0.4545454545454546,0.5,1,0,0.7311126575449426,1,452,14,0,0,0,0,0
d000426,c_noah,0,med-features-v1,4647,1,266.00069444444443,1827,1673,193,176,6.868403121336881,0.00034722222222222224,1,0,3961,0,1,1,4,1,1825,1.0,0.9989053092501369,1,0.2727272727272727,0.2727272727272727,1,0,0.6939352275963772,1,3499,17,0,0,0,0,0
d000426,c_elena,1,med-features-v1,4647,1,266.00069444444443,1825,0,192,0,6.860884343973622,0.0006944444444444445,1,0,3961,0,1,1,4,1,1825,1.0,1.0,1,0.4545454545454546,0.8,1,0,0.8265934310663089,1,1825,17,0,0,0,0,0
d000426,c_taylor,2,med-features-v1,4647,1,266.00069444444443,1673,0,176,0,6.289457264365955,0.0006944444444444445,1,0,3961,0,1,1,4,1,1673,1.0,1.0,1,0.3846153846153846,0.33333333333333337,1,0,0.829746412942935,1,1673,17,0,0,0,0,0
d000426,c_chris,3,med-features-v1,4647,1,266.00069444444443,1825,152,192,16,6.860884343973622,0.0006944444444444445,1,0,3961,0,1,1,4,1,1825,1.0,1.0,1,0.33333333333333337,0.33333333333333337,1,0,0.818498179676238,1,1977,17,0,0,0,0,0
d000427,c_noah,0,med-features-v1,4653,1,266.0048611111111,1833,1679,193,176,6.890851514305034,0.00034722222222222224,1,0,3967,0,1,1,4,1,1831,1.0,0.9989088925259137,1,0.2727272727272727,0.2727272727272727,1,0,0.6544320079885424,1,3511,17,0,0,0,0,0
d000427,c_elena,1,med-features-v1,4653,1,266.0048611111111,1831,0,192,0,6.883332854714957,0.0006944444444444445,1,0,3967,0,1,1,4,1,1831,1.0,1.0,1,0.4545454545454546,0.8,1,0,0.8149075881374922,1,1831,17,0,0,0,0,0
d000427,c_taylor,2,med-features-v1,4653,1,266.0048611111111,1679,0,176,0,6.3119147258691495,0.0006944444444444445,1,0,3967,0,1,1,4,1,1679,1.0,1.0,1,0.3846153846153846,0.33333333333333337,1,0,0.8181450808683584,1,1679,17,0,0,0,0,0
d000427,c_chris,3,med-features-v1,4653,1,266.0048611111111,1831,152,192,16,6.883332854714957,0.0006944444444444445,1,0,3967,0,1,1,4,1,1831,1.0,1.0,1,0.33333333333333337,0.33333333333333337,1,0,0.8069821964579237,1,1983,17,0,0,0,0,0
d000428,c_alex_chan,0,med-features-v1,4656,1,266.0833333333333,228,228,24,24,0.8568744127779518,2.9989583333333334,1,0,3970,0,1,1,1,0,0,0.0,0.0,1,0.8888888888888888,0.8888888888888888,1,1,0.5939643628704848,1,456,18,0,0,0,0,0
d000429,c_lee,0,med-features-v1,4663,1,266.12569444444443,229,229,24,24,0.8604956408965062,0.00034722222222222224,1,0,229,0,1,0,1,0,0,0.0,0.0,1,0.4545454545454546,0.5,1,0,0.5937404959785837,1,458,16,0,0,0,0,0
d000430,c_fac_004,0,med-features-v1,4669,1,266.18055555555554,38,38,4,4,0.1427602400208714,6.9996527777777775,1,0,3977,0,1,1,1,0,0,0.0,0.0,1,0.75,0.75,1,0,0.649903883383174,1,76,16,0,0,0,0,0
d000431,c_noah,0,med-features-v1,4675,1,267.00208333333336,1837,1683,193,176,6.880096129087631,0.00034722222222222224,1,0,3983,0,1,1,4,1,1835,1.0,0.9989112683723462,1,0.2727272727272727,0.2727272727272727,1,0,0.6946867228698953,1,3519,17,0,0,0,0,0
d000431,c_elena,1,med-features-v1,4675,1,267.00208333333336,1835,0,192,0,6.872605550830595,0.0006944444444444445,1,0,3983,0,1,1,4,1,1835,1.0,1.0,1,0.4545454545454546,0.8,1,0,0.8279452410525452,1,1835,17,0,0,0,0,0
d000431,c_taylor,2,med-features-v1,4675,1,267.00208333333336,1683,0,176,0,6.303321603295854,0.0006944444444444445,1,0,3983,0,1,1,4,1,1683,1.0,1.0,1,0.3846153846153846,0.33333333333333337,1,0,0.8310785115350379,1,1683,17,0,0,0,0,0
d000431,c_chris,3,med-features-v1,4675,1,267.00208333333336,1835,152,192,16,6.872605550830595,0.0006944444444444445,1,0,3983,0,1,1,4,1,1835,1.0,1.0,1,0.33333333333333337,0.33333333333333337,1,0,0.8199302334501778,1,1987,17,0,0,0,0,0
d000432,c_noah,0,med-features-v1,4681,1,267.0076388888889,1843,1689,193,176,6.9024242440005095,0.00034722222222222224,1,0,3989,0,1,1,5,1,1841,1.0,0.9989148128052089,1,0.2727272727272727,0.2727272727272727,1,0,0.6951835030727367,1,3531,17,0,0,0,0,0
d000432,c_elena,1,med-features-v1,4681,1,267.0076388888889,1841,0,192,0,6.894933821597904,0.0006944444444444445,1,0,3989,0,1,1,5,1,1841,1.0,1.0,1,0.4545454545454546,0.8,1,0,0.8288354692149544,1,1841,17,0,0,0,0,0
d000432,c_taylor,2,med-features-v1,4681,1,267.0076388888889,1689,0,176,0,6.325661718999925,0.0006944444444444445,1,0,3989,0,1,1,5,1,1689,1.0,1.0,1,0.3846153846153846,0.33333333333333337,1,0,0.8319581103660081,1,1689,17,0,0,0,0,0
d000432,c_chris,3,med-features-v1,4681,1,267.0076388888889,1841,152,192,16,6.894933821597904,0.0006944444444444445,1,0,3989,0,1,1,5,1,1841,1.0,1.0,1,0.33333333333333337,0.33333333333333337,1,0,0.8208672997586186,1,1993,17,0,0,0,0,0
d000432,c_lena,4,med-features-v1,4681,1,267.0076388888889,153,0,16,0,0.5730173137992827,0.0006944444444444445,1,0,3989,0,1,1,5,1,153,1.0,1.0,1,0.4545454545454546,0.8,1,0,0.8218948962658182,1,153,17,0,0,0,0,0
d000033,c_chris,0,med-features-v1,4682,1,267.0138888888889,1842,152,192,16,6.898517555266579,0.00625,1,0,3990,0,1,1,5,1,1842,0.75,1.0,1,0.33333333333333337,0.33333333333333337,1,0,0.19682125575457757,1,1994,21,0,0,0,0,0
d000033,c_noah,1,med-features-v1,4682,1,267.0138888888889,1844,1690,193,176,6.906007802340701,0.005902777777777778,1,0,3990,0,1,1,5,1,1842,0.75,0.9989154013015185,1,0.2727272727272727,0.2727272727272727,1,0,0.1046482635271577,1,3533,21,0,0,0,0,0
d000033,c_elena,2,med-features-v1,4682,1,267.0138888888889,1842,0,192,0,6.898517555266579,0.00625,1,0,3990,0,1,1,5,1,1842,0.75,1.0,1,0.4545454545454546,0.8,1,0,0.15094844162080845,1,1842,21,0,0,0,0,0
d000033,c_marcus,3,med-features-v1,4682,1,267.0138888888889,152,0,16,0,0.5692587776332899,4.999305555555556,1,0,3990,0,1,1,5,1,152,0.75,1.0,1,0.3076923076923077,0.33333333333333337,1,0,0.8545604584747503,1,152,21,0,0,0,0,0
d000033,c_ren,4,med-features-v1,4682,1,267.0138888888889,230,230,24,24,0.8613784135240571,0.8739583333333333,1,0,230,0,1,0,5,1,0,0.0,0.0,1,0.4545454545454546,0.5,1,0,0.005659288542271727,1,460,21,0,0,0,0,0
d000433,c_alex_chen,0,med-features-v1,4685,1,267.1048611111111,191,191,20,20,0.715074967956301,0.00034722222222222224,1,0,3993,0,1,1,1,0,0,0.0,0.0,1,0.8888888888888888,0.8888888888888888,1,1,0.5763066906619113,1,382,14,0,0,0,0,0
d000434,c_fac_010,0,med-features-v1,4692,1,267.22222222222223,38,38,4,4,0.1422037422037422,6.9996527777777775,1,0,4000,0,1,1,1,0,0,0.0,0.0,1,0.6428571428571428,0.6428571428571428,1,0,0.7087987620286388,1,76,16,0,0,0,0,0
d000078,c_noah,0,med-features-v1,4698,1,268.0027777777778,1850,1694,193,176,6.902913527015682,0.00034722222222222224,1,0,4006,0,1,1,5,1,1848,0.75,0.9989189189189189,1,0.2727272727272727,0.2727272727272727,1,0,0.6952865784597,1,3543,17,0,0,0,0,0
d000078,c_elena,1,med-features-v1,4698,1,268.0027777777778,1848,0,192,0,6.8954509177972865,0.0006944444444444445,1,0,4006,0,1,1,5,1,1848,0.75,1.0,1,0.4545454545454546,0.8,1,0,0.8289572639691706,1,1848,17,0,0,0,0,0
d000078,c_taylor,2,med-features-v1,4698,1,268.0027777777778,1694,0,176,0,6.320830007980845,0.0006944444444444445,1,0,4006,0,1,1,5,1,1694,0.75,1.0,1,0.3846153846153846,0.33333333333333337,1,0,0.8321608897280404,1,1694,17,0,0,0,0,0
d000078,c_chris,3,med-features-v1,4698,1,268.0027777777778,1848,154,192,16,6.8954509177972865,0.0006944444444444445,1,0,4006,0,1,1,5,1,1848,0.75,1.0,1,0.33333333333333337,0.33333333333333337,1,0,0.8208212799742078,1,2002,17,0,0,0,0,0
d000078,c_alex_chen,4,med-features-v1,4698,1,268.0027777777778,192,192,20,20,0.7164104849659518,0.8975694444444444,1,0,4006,0,1,1,5,1,0,0.0,0.0,1,0.8888888888888888,0.8888888888888888,1,1,0.013788233776705726,1,384,17,0,0,0,0,0
d000435,c_noah,0,med-features-v1,4699,1,268.00347222222223,1851,1695,193,176,6.906626935285353,0.00034722222222222224,1,0,4007,0,1,1,4,1,1849,1.0,0.9989195029713668,1,0.2727272727272727,0.2727272727272727,1,0,0.6533960133813405,1,3545,17,0,0,0,0,0
d000435,c_elena,1,med-features-v1,4699,1,268.00347222222223,1849,0,192,0,6.8991643454039,0.0006944444444444445,1,0,4007,0,1,1,4,1,1849,1.0,1.0,1,0.4545454545454546,0.8,1,0,0.813108350221921,1,1849,17,0,0,0,0,0
d000435,c_taylor,2,med-features-v1,4699,1,268.00347222222223,1695,0,176,0,6.324544924531969,0.0006944444444444445,1,0,4007,0,1,1,4,1,1695,1.0,1.0,1,0.3846153846153846,0.33333333333333337,1,0,0.8163382734180911,1,1695,17,0,0,0,0,0
d000435,c_chris,3,med-features-v1,4699,1,268.00347222222223,1849,154,192,16,6.8991643454039,0.0006944444444444445,1,0,4007,0,1,1,4,1,1849,1.0,1.0,1,0.33333333333333337,0.33333333333333337,1,0,0.8051371226316374,1,2003,17,0,0,0,0,0
d000056,c_fac_004,0,med-features-v1,4703,1,268.0215277777778,39,39,4,4,0.14551069954476084,1.840625,1,0,4011,0,1,1,1,0,0,0.0,0.0,1,0.75,0.75,1,0,0.014114102953521461,1,78,14,0,0,0,0,0
d000436,c_noah,0,med-features-v1,76,1,266.0,76,308,8,32,0.2857142857142857,0.013194444444444444,1,0,76,0,1,1,1,0,0,0.0,0.0,1,0.2727272727272727,0.2727272727272727,1,0,0.6283842109001551,1,384,15,0,0,0,0,0
d000437,c_morgan_shaw,0,med-features-v1,4708,1,268.09722222222223,230,230,24,24,0.8578977361031964,1.9989583333333334,1,0,4016,0,1,1,1,0,0,0.0,0.0,1,0.8181818181818181,0.8181818181818181,1,1,0.5659407687647448,1,460,17,0,0,0,0,0
d000438,c_ren,0,med-features-v1,4714,1,268.1388888888889,230,230,24,24,0.8577644255671811,1.9989583333333334,1,0,230,0,1,0,1,0,0,0.0,0.0,1,0.4545454545454546,0.5,1,0,0.5668282843135832,1,460,16,0,0,0,0,0
d000439,c_noah,0,med-features-v1,4721,1,269.00069444444443,1855,1699,193,176,6.895892978384505,0.00034722222222222224,1,0,4023,0,1,1,4,1,1853,1.0,0.9989218328840971,1,0.2727272727272727,0.2727272727272727,1,0,0.6951483659425167,1,3553,17,0,0,0,0,0
d000439,c_elena,1,med-features-v1,4721,1,269.00069444444443,1853,0,192,0,6.8884580533404245,0.0006944444444444445,1,0,4023,0,1,1,4,1,1853,1.0,1.0,1,0.4545454545454546,0.8,1,0,0.8287326045712248,1,1853,17,0,0,0,0,0
d000439,c_taylor,2,med-features-v1,4721,1,269.00069444444443,1699,0,176,0,6.315968824946239,0.0006944444444444445,1,0,4023,0,1,1,4,1,1699,1.0,1.0,1,0.3846153846153846,0.33333333333333337,1,0,0.8319143158111572,1,1699,17,0,0,0,0,0
d000439,c_chris,3,med-features-v1,4721,1,269.00069444444443,1853,154,192,16,6.8884580533404245,0.0006944444444444445,1,0,4023,0,1,1,4,1,1853,1.0,1.0,1,0.33333333333333337,0.33333333333333337,1,0,0.8206450370079756,1,2007,17,0,0,0,0,0
d000440,c_noah,0,med-features-v1,4727,1,269.0048611111111,1861,1705,193,176,6.918090596256264,0.00034722222222222224,1,0,4029,0,1,1,4,1,1859,1.0,0.99892530897367,1,0.2727272727272727,0.2727272727272727,1,0,0.653424442359784,1,3565,17,0,0,0,0,0
d000440,c_elena,1,med-features-v1,4727,1,269.0048611111111,1859,0,192,0,6.9106557863731295,0.0006944444444444445,1,0,4029,0,1,1,4,1,1859,1.0,1.0,1,0.4545454545454546,0.8,1,0,0.8131926716784359,1,1859,17,0,0,0,0,0
d000440,c_taylor,2,med-features-v1,4727,1,269.0048611111111,1705,0,176,0,6.338175425371805,0.0006944444444444445,1,0,4029,0,1,1,4,1,1705,1.0,1.0,1,0.3846153846153846,0.33333333333333337,1,0,0.8163862781471489,1,1705,17,0,0,0,0,0
d000440,c_chris,3,med-features-v1,4727,1,269.0048611111111,1859,154,192,16,6.9106557863731295,0.0006944444444444445,1,0,4029,0,1,1,4,1,1859,1.0,1.0,1,0.33333333333333337,0.33333333333333337,1,0,0.8053109372876663,1,2013,17,0,0,0,0,0
d000441,c_noah,0,med-features-v1,387,1,269.0072916666667,387,387,40,40,1.438622713913424,0.00034722222222222224,1,0,387,0,1,1,3,1,155,1.0,0.4005167958656331,1,0.2727272727272727,0.2727272727272727,1,0,0.5742397213485289,1,774,16,0,0,0,0,0
d000441,c_taylor,1,med-features-v1,387,1,269.0072916666667,155,0,16,0,0.5761925598361258,0.0006944444444444445,1,0,387,0,1,1,3,1,155,1.0,1.0,1,0.3846153846153846,0.33333333333333337,1,0,0.7932479724070384,1,155,16,0,0,0,0,0
d000441,c_chris,2,med-features-v1,387,1,269.0072916666667,155,0,16,0,0.5761925598361258,0.0006944444444444445,1,0,387,0,1,1,3,1,155,1.0,1.0,1,0.33333333333333337,0.33333333333333337,1,0,0.7932479724070384,1,155,16,0,0,0,0,0
d000442,c_jamie_li,0,med-features-v1,4735,1,269.1118055555556,155,155,16,16,0.5759687862077152,0.00034722222222222224,1,0,4037,0,1,1,1,0,0,0.0,0.0,1,0.7777777777777778,0.7777777777777778,1,0,0.5963928823146125,1,310,14,0,0,0,0,0
d000443,c_fac_017,0,med-features-v1,4741,1,269.2708333333333,38,38,4,4,0.14112185686653772,6.9996527777777775,1,0,4043,0,1,1,1,0,0,0.0,0.0,1,0.8181818181818181,0.8181818181818181,1,1,0.7084276021007322,1,76,16,0,0,0,0,0
d000444,c_noah,0,med-features-v1,4748,1,270.00416666666666,1872,1714,193,176,6.933226339099705,0.00034722222222222224,1,0,4050,0,1,1,4,1,1870,1.0,0.9989316239316239,1,0.2727272727272727,0.2727272727272727,1,0,0.6954875224283679,1,3585,17,0,0,0,0,0
d000444,c_elena,1,med-features-v1,4748,1,270.00416666666666,1870,0,192,0,6.925819046002377,0.0006944444444444445,1,0,4050,0,1,1,4,1,1870,1.0,1.0,1,0.4545454545454546,0.8,1,0,0.829301902094231,1,1870,17,0,0,0,0,0
d000444,c_taylor,2,med-features-v1,4748,1,270.00416666666666,1714,0,176,0,6.348050184410734,0.0006944444444444445,1,0,4050,0,1,1,4,1,1714,1.0,1.0,1,0.3846153846153846,0.33333333333333337,1,0,0.8325156806122616,1,1714,17,0,0,0,0,0
d000444,c_chris,3,med-features-v1,4748,1,270.00416666666666,1870,156,192,16,6.925819046002377,0.0006944444444444445,1,0,4050,0,1,1,4,1,1870,1.0,1.0,1,0.33333333333333337,0.33333333333333337,1,0,0.8211454529539622,1,2026,17,0,0,0,0,0
d000445,c_avery,0,med-features-v1,309,1,269.96493055555555,77,77,8,8,0.2852222317970827,2.999652777777778,1,0,309,0,1,1,2,1,77,1.0,1.0,1,0.41666666666666663,0.25,1,0,0.57901671712938,1,154,18,0,0,0,0,0
d000445,c_devon,1,med-features-v1,309,1,269.96493055555555,77,0,8,0,0.2852222317970827,3.0,1,0,309,0,1,1,2,1,77,1.0,1.0,1,0.4545454545454546,0.4,1,0,0.7430144106563394,1,77,18,0,0,0,0,0
d000446,c_jamie_lee,0,med-features-v1,4756,1,270.0909722222222,233,233,24,24,0.862672299199601,0.00034722222222222224,1,0,4058,0,1,1,1,0,0,0.0,0.0,1,0.7777777777777778,0.7777777777777778,1,0,0.5930438163527848,1,466,18,0,0,0,0,0
d000447,c_pat,0,med-features-v1,4762,1,270.1326388888889,233,233,24,24,0.8625392361262857,0.00034722222222222224,1,0,233,0,1,0,1,0,0,0.0,0.0,1,0.33333333333333337,0.33333333333333337,1,0,0.6747095148464823,1,466,14,0,0,0,0,0
d000448,c_noah,0,med-features-v1,4768,1,273.0,1874,1716,193,176,6.864468864468864,2.9947916666666665,1,0,4064,0,1,1,4,1,1872,1.0,0.9989327641408752,1,0.2727272727272727,0.2727272727272727,1,0,0.6530551243992849,1,3589,17,0,0,0,0,0
d000448,c_elena,1,med-features-v1,4768,1,273.0,1872,0,192,0,6.857142857142857,2.995138888888889,1,0,4064,0,1,1,4,1,1872,1.0,1.0,1,0.4545454545454546,0.8,1,0,0.8125184180160503,1,1872,17,0,0,0,0,0
d000448,c_taylor,2,med-features-v1,4768,1,273.0,1716,0,176,0,6.285714285714286,2.995138888888889,1,0,4064,0,1,1,4,1,1716,1.0,1.0,1,0.3846153846153846,0.33333333333333337,1,0,0.8157450125594341,1,1716,17,0,0,0,0,0
d000448,c_chris,3,med-features-v1,4768,1,273.0,1872,156,192,16,6.857142857142857,2.995138888888889,1,0,4064,0,1,1,4,1,1872,1.0,1.0,1,0.33333333333333337,0.33333333333333337,1,0,0.8045452509501438,1,2028,17,0,0,0,0,0
d000449,c_noah,0,med-features-v1,4775,1,273.0048611111111,1881,1723,193,176,6.889987205152534,0.00034722222222222224,1,0,4071,0,1,1,4,1,1879,1.0,0.998936735778841,1,0.2727272727272727,0.2727272727272727,1,0,0.6953409449092797,1,3603,17,0,0,0,0,0
d000449,c_elena,1,med-features-v1,4775,1,273.0048611111111,1879,0,192,0,6.882661328273052,0.0006944444444444445,1,0,4071,0,1,1,4,1,1879,1.0,1.0,1,0.4545454545454546,0.8,1,0,0.829076066057734,1,1879,17,0,0,0,0,0
d000449,c_taylor,2,med-features-v1,4775,1,273.0048611111111,1723,0,176,0,6.31124293167348,0.0006944444444444445,1,0,4071,0,1,1,4,1,1723,1.0,1.0,1,0.3846153846153846,0.33333333333333337,1,0,0.8322531978448151,1,1723,17,0,0,0,0,0
d000449,c_chris,3,med-features-v1,4775,1,273.0048611111111,1879,156,192,16,6.882661328273052,0.0006944444444444445,1,0,4071,0,1,1,4,1,1879,1.0,1.0,1,0.33333333333333337,0.33333333333333337,1,0,0.8210040415993857,1,2035,17,0,0,0,0,0
d000450,c_alex_chan,0,med-features-v1,4778,1,273.0833333333333,234,234,24,24,0.8568812938663413,2.9989583333333334,1,0,4074,0,1,1,1,0,0,0.0,0.0,1,0.8888888888888888,0.8888888888888888,1,1,0.5940581812852629,1,468,18,0,0,0,0,0
d000451,c_lee,0,med-features-v1,4784,1,273.125,234,234,24,24,0.8567505720823798,2.9989583333333334,1,0,234,0,1,0,1,0,0,0.0,0.0,1,0.4545454545454546,0.5,1,0,0.708507480656739,1,468,14,0,0,0,0,0
d000452,c_sam,0,med-features-v1,4790,1,273.1458333333333,39,39,4,4,0.14278087102433074,6.9996527777777775,1,0,4080,0,1,1,1,0,0,0.0,0.0,1,0.33333333333333337,0.33333333333333337,1,0,0.7136661851594727,1,78,16,0,0,0,0,0
d000453,c_noah,0,med-features-v1,4796,1,274.00138888888887,1884,1726,193,176,6.87587755536519,0.00034722222222222224,1,0,4086,0,1,1,4,1,1882,1.0,0.9989384288747346,1,0.2727272727272727,0.2727272727272727,1,0,0.653348966767692,1,3609,17,0,0,0,0,0
d000453,c_elena,1,med-features-v1,4796,1,274.00138888888887,1882,0,192,0,6.868578322291554,0.0006944444444444445,1,0,4086,0,1,1,4,1,1882,1.0,1.0,1,0.4545454545454546,0.8,1,0,0.8130587815944492,1,1882,17,0,0,0,0,0
d000453,c_taylor,2,med-features-v1,4796,1,274.00138888888887,1726,0,176,0,6.29923814254794,0.0006944444444444445,1,0,4086,0,1,1,4,1,1726,1.0,1.0,1,0.3846153846153846,0.33333333333333337,1,0,0.8162556130302114,1,1726,17,0,0,0,0,0
d000453,c_chris,3,med-features-v1,4796,1,274.00138888888887,1882,156,192,16,6.868578322291554,0.0006944444444444445,1,0,4086,0,1,1,4,1,1882,1.0,1.0,1,0.33333333333333337,0.33333333333333337,1,0,0.8051694225101205,1,2038,17,0,0,0,0,0
d000454,c_noah,0,med-features-v1,4803,1,274.0076388888889,1891,1733,193,176,6.901267452499043,0.00034722222222222224,1,0,4093,0,1,1,5,1,1889,1.0,0.9989423585404548,1,0.2727272727272727,0.2727272727272727,1,0,0.6537625157357118,1,3623,17,0,0,0,0,0
d000454,c_elena,1,med-features-v1,4803,1,274.0076388888889,1889,0,192,0,6.89396838591787,0.0006944444444444445,1,0,4093,0,1,1,5,1,1889,1.0,1.0,1,0.4545454545454546,0.8,1,0,0.8137937173201796,1,1889,17,0,0,0,0,0
d000454,c_taylor,2,med-features-v1,4803,1,274.0076388888889,1733,0,176,0,6.324641192586379,0.0006944444444444445,1,0,4093,0,1,1,5,1,1733,1.0,1.0,1,0.3846153846153846,0.33333333333333337,1,0,0.8169747416304722,1,1733,17,0,0,0,0,0
d000454,c_chris,3,med-features-v1,4803,1,274.0076388888889,1889,156,192,16,6.89396838591787,0.0006944444444444445,1,0,4093,0,1,1,5,1,1889,1.0,1.0,1,0.33333333333333337,0.33333333333333337,1,0,0.8059586583544278,1,2045,17,0,0,0,0,0
d000454,c_lena,4,med-features-v1,4803,1,274.0076388888889,157,0,16,0,0.5729767266220781,0.0006944444444444445,1,0,4093,0,1,1,5,1,157,1.0,1.0,1,0.4545454545454546,0.8,1,0,0.8269089853472008,1,157,17,0,0,0,0,0
d000455,c_alex_chen,0,med-features-v1,4806,1,274.1041666666667,195,195,20,20,0.7114083757695523,4.048263888888889,1,0,4096,0,1,1,1,0,0,0.0,0.0,1,0.8888888888888888,0.8888888888888888,1,1,0.577453154916439,1,390,14,0,0,0,0,0
d000456,c_hana,0,med-features-v1,4812,1,274.15277777777777,39,39,4,4,0.14225644662850195,6.9996527777777775,1,0,4102,0,1,1,1,0,0,0.0,0.0,1,0.3846153846153846,0.5,1,0,0.605685576622796,1,78,18,0,0,0,0,0
d000457,c_noah,0,med-features-v1,4818,1,275.00138888888887,1896,1736,193,176,6.894510633784678,0.00034722222222222224,1,0,4108,0,1,1,4,1,1894,1.0,0.9989451476793249,1,0.2727272727272727,0.2727272727272727,1,0,0.694936650493508,1,3631,17,0,0,0,0,0
d000457,c_elena,1,med-features-v1,4818,1,275.00138888888887,1894,0,192,0,6.887237943242711,0.0006944444444444445,1,0,4108,0,1,1,4,1,1894,1.0,1.0,1,0.4545454545454546,0.8,1,0,0.8283381978242712,1,1894,17,0,0,0,0,0
d000457,c_taylor,2,med-features-v1,4818,1,275.00138888888887,1736,0,176,0,6.312695390427321,0.0006944444444444445,1,0,4108,0,1,1,4,1,1736,1.0,1.0,1,0.3846153846153846,0.33333333333333337,1,0,0.8315370737631271,1,1736,17,0,0,0,0,0
d000457,c_chris,3,med-features-v1,4818,1,275.00138888888887,1894,158,192,16,6.887237943242711,0.0006944444444444445,1,0,4108,0,1,1,4,1,1894,1.0,1.0,1,0.33333333333333337,0.33333333333333337,1,0,0.820192224386118,1,2052,17,0,0,0,0,0
d000458,c_priya,0,med-features-v1,4824,1,275.0208333333333,236,236,24,24,0.8581168093326264,1.9989583333333334,1,0,4114,0,1,1,2,1,236,1.0,1.0,1,0.4545454545454546,0.4,1,0,0.6630683034102406,1,472,14,0,0,0,0,0
d000458,c_quinn,1,med-features-v1,4824,1,275.0208333333333,236,0,24,0,0.8581168093326264,1.9993055555555554,1,0,4114,0,1,1,2,1,236,1.0,1.0,1,0.2727272727272727,0.19999999999999996,1,0,0.8159355803811122,1,236,14,0,0,0,0,0
d000010,c_alex_chen,0,med-features-v1,4827,1,275.0840277777778,197,197,20,20,0.7161448143370334,0.9788194444444445,1,0,4117,0,1,1,1,0,0,0.0,0.0,1,0.8888888888888888,0.8888888888888888,1,1,0.04681747094666542,1,394,18,0,0,0,0,0
d000459,c_jamie_lee,0,med-features-v1,4828,1,275.09027777777777,236,236,24,24,0.8579001842829375,1.9989583333333334,1,0,4118,0,1,1,1,0,0,0.0,0.0,1,0.7777777777777778,0.7777777777777778,1,0,0.5736885305753385,1,472,17,0,0,0,0,0
d000011,c_jamie_li,0,med-features-v1,4829,1,275.0909722222222,158,158,16,16,0.5743554531203062,0.9788194444444445,1,0,4119,0,1,1,1,0,0,0.0,0.0,1,0.7777777777777778,0.7777777777777778,1,0,0.052208285390095775,1,316,18,0,0,0,0,0
d000012,c_morgan_zhao,0,med-features-v1,4831,1,275.09791666666666,158,158,16,16,0.5743409543571607,0.9788194444444445,1,0,4121,0,1,1,1,0,0,0.0,0.0,1,0.8181818181818181,0.8181818181818181,1,1,0.05940489124435361,1,316,17,0,0,0,0,0
d000460,c_ren,0,med-features-v1,4836,1,275.1388888888889,236,236,24,24,0.857748611812216,1.9989583333333334,1,0,236,0,1,0,1,0,0,0.0,0.0,1,0.4545454545454546,0.5,1,0,0.73292295249752,1,472,14,0,0,0,0,0
d000461,c_noah,0,med-features-v1,4842,1,276.0,1902,1742,192,176,6.891304347826087,0.9947916666666666,1,0,4126,0,1,1,4,1,1900,1.0,0.9989484752891693,1,0.2727272727272727,0.2727272727272727,1,0,0.6536528682803179,1,3643,17,0,0,0,0,0
d000461,c_elena,1,med-features-v1,4842,1,276.0,1900,0,192,0,6.884057971014493,0.9951388888888889,1,0,4126,0,1,1,4,1,1900,1.0,1.0,1,0.4545454545454546,0.8,1,0,0.813559768483793,1,1900,17,0,0,0,0,0
d000461,c_taylor,2,med-features-v1,4842,1,276.0,1742,0,176,0,6.311594202898551,0.9951388888888889,1,0,4126,0,1,1,4,1,1742,1.0,1.0,1,0.3846153846153846,0.33333333333333337,1,0,0.8167864302149805,1,1742,17,0,0,0,0,0
d000461,c_chris,3,med-features-v1,4842,1,276.0,1900,158,192,16,6.884057971014493,0.9951388888888889,1,0,4126,0,1,1,4,1,1900,1.0,1.0,1,0.33333333333333337,0.33333333333333337,1,0,0.8056125722727772,1,2058,17,0,0,0,0,0
d000462,c_noah,0,med-features-v1,4848,1,276.00416666666666,1908,1748,192,176,6.912939116257303,0.00034722222222222224,1,0,4132,0,1,1,4,1,1906,1.0,0.9989517819706499,1,0.2727272727272727,0.2727272727272727,1,0,0.6949114348035946,1,3655,17,0,0,0,0,0
d000462,c_elena,1,med-features-v1,4848,1,276.00416666666666,1906,0,192,0,6.905692848839842,0.0006944444444444445,1,0,4132,0,1,1,4,1,1906,1.0,1.0,1,0.4545454545454546,0.8,1,0,0.8283340646432886,1,1906,17,0,0,0,0,0
d000462,c_taylor,2,med-features-v1,4848,1,276.00416666666666,1748,0,176,0,6.333237722860464,0.0006944444444444445,1,0,4132,0,1,1,4,1,1748,1.0,1.0,1,0.3846153846153846,0.33333333333333337,1,0,0.8314888263651617,1,1748,17,0,0,0,0,0
d000462,c_chris,3,med-features-v1,4848,1,276.00416666666666,1906,158,192,16,6.905692848839842,0.0006944444444444445,1,0,4132,0,1,1,4,1,1906,1.0,1.0,1,0.33333333333333337,0.33333333333333337,1,0,0.8202961021082508,1,2064,17,0,0,0,0,0
d000134,c_noah,0,med-features-v1,4850,1,276.00694444444446,1910,1750,192,176,6.920115737828658,0.001736111111111111,1,0,4134,0,1,1,5,1,1908,1.0,0.9989528795811519,1,0.2727272727272727,0.2727272727272727,1,0,0.6949072582267766,1,3659,17,0,0,0,0,0
d000134,c_elena,1,med-features-v1,4850,1,276.00694444444446,1908,0,192,0,6.912869543338784,0.0020833333333333333,1,0,4134,0,1,1,5,1,1908,1.0,1.0,1,0.4545454545454546,0.8,1,0,0.8283333519999804,1,1908,17,0,0,0,0,0
d000134,c_taylor,2,med-features-v1,4850,1,276.00694444444446,1750,0,176,0,6.340420178638822,0.0020833333333333333,1,0,4134,0,1,1,5,1,1750,1.0,1.0,1,0.3846153846153846,0.33333333333333337,1,0,0.831480848847617,1,1750,17,0,0,0,0,0
d000134,c_chris,3,med-features-v1,4850,1,276.00694444444446,1908,158,192,16,6.912869543338784,0.0020833333333333333,1,0,4134,0,1,1,5,1,1908,1.0,1.0,1,0.33333333333333337,0.33333333333333337,1,0,0.8203131841223261,1,2066,17,0,0,0,0,0
d000134,c_lena,4,med-features-v1,4850,1,276.00694444444446,158,0,16,0,0.5724493646999622,1.9993055555555554,1,0,4134,0,1,1,5,1,158,1.0,1.0,1,0.4545454545454546,0.8,1,0,0.8194937336289225,1,158,17,0,0,0,0,0
d000034,c_chris,0,med-features-v1,4852,1,276.0138888888889,1910,158,192,16,6.919941629346349,0.00625,1,0,4136,0,1,1,5,1,1910,0.75,1.0,1,0.33333333333333337,0.33333333333333337,1,0,0.19886452175053135,1,2068,16,0,0,0,0,0
d000034,c_noah,1,med-features-v1,4852,1,276.0138888888889,1912,1752,192,176,6.927187641523675,0.005902777777777778,1,0,4136,0,1,1,5,1,1910,0.75,0.9989539748953975,1,0.2727272727272727,0.2727272727272727,1,0,0.11599409061746781,1,3663,16,0,0,0,0,0
d000034,c_elena,2,med-features-v1,4852,1,276.0138888888889,1910,0,192,0,6.919941629346349,0.00625,1,0,4136,0,1,1,5,1,1910,0.75,1.0,1,0.4545454545454546,0.8,1,0,0.1622021997002732,1,1910,16,0,0,0,0,0
d000034,c_marcus,3,med-features-v1,4852,1,276.0138888888889,158,0,16,0,0.5724349620087555,1.9993055555555554,1,0,4136,0,1,1,5,1,158,0.75,1.0,1,0.3076923076923077,0.33333333333333337,1,0,0.7631112938065674,1,158,16,0,0,0,0,0
d000034,c_lee,4,med-features-v1,4852,1,276.0138888888889,238,238,24,24,0.8622754491017963,0.8878472222222222,1,0,238,0,1,0,5,1,0,0.0,0.0,1,0.4545454545454546,0.5,1,0,0.00699573893115987,1,476,16,0,0,0,0,0
d000463,c_quinn,0,med-features-v1,277,1,276.04131944444447,39,39,4,4,0.1412831965826372,6.9996527777777775,1,0,277,0,1,1,1,0,0,0.0,0.0,1,0.2727272727272727,0.19999999999999996,1,0,0.7086608936252392,1,78,18,0,0,0,0,0
d000464,c_morgan_zhao,0,med-features-v1,4859,1,276.11875,159,159,16,16,0.5758391996197288,0.00034722222222222224,1,0,4143,0,1,1,1,0,0,0.0,0.0,1,0.8181818181818181,0.8181818181818181,1,1,0.6354154304488334,1,318,14,0,0,0,0,0
d000465,c_noah,0,med-features-v1,4865,1,277.00069444444443,1915,1753,192,176,6.9133400688425874,0.00034722222222222224,1,0,4149,0,1,1,4,1,1913,1.0,0.9989556135770234,1,0.2727272727272727,0.2727272727272727,1,0,0.6538090853392807,1,3667,17,0,0,0,0,0
d000465,c_elena,1,med-features-v1,4865,1,277.00069444444443,1913,0,192,0,6.906119870337268,0.0006944444444444445,1,0,4149,0,1,1,4,1,1913,1.0,1.0,1,0.4545454545454546,0.8,1,0,0.8137897753840602,1,1913,17,0,0,0,0,0
d000465,c_taylor,2,med-features-v1,4865,1,277.00069444444443,1753,0,176,0,6.328503989911779,0.0006944444444444445,1,0,4149,0,1,1,4,1,1753,1.0,1.0,1,0.3846153846153846,0.33333333333333337,1,0,0.8170607199199783,1,1753,17,0,0,0,0,0
d000465,c_chris,3,med-features-v1,4865,1,277.00069444444443,1913,160,192,16,6.906119870337268,0.0006944444444444445,1,0,4149,0,1,1,4,1,1913,1.0,1.0,1,0.33333333333333337,0.33333333333333337,1,0,0.8057439787431955,1,2073,17,0,0,0,0,0
d000466,c_noah,0,med-features-v1,4871,1,277.0048611111111,1921,1759,192,176,6.934896349091347,0.00034722222222222224,1,0,4155,0,1,1,4,1,1919,1.0,0.9989588755856325,1,0.2727272727272727,0.2727272727272727,1,0,0.6540826741257332,1,3679,17,0,0,0,0,0
d000466,c_elena,1,med-features-v1,4871,1,277.0048611111111,1919,0,192,0,6.9276762591912,0.0006944444444444445,1,0,4155,0,1,1,4,1,1919,1.0,1.0,1,0.4545454545454546,0.8,1,0,0.8142803139171364,1,1919,17,0,0,0,0,0
d000466,c_taylor,2,med-features-v1,4871,1,277.0048611111111,1759,0,176,0,6.350069067179427,0.0006944444444444445,1,0,4155,0,1,1,4,1,1759,1.0,1.0,1,0.3846153846153846,0.33333333333333337,1,0,0.8175357862145775,1,1759,17,0,0,0,0,0
d000466,c_chris,3,med-features-v1,4871,1,277.0048611111111,1919,160,192,16,6.9276762591912,0.0006944444444444445,1,0,4155,0,1,1,4,1,1919,1.0,1.0,1,0.33333333333333337,0.33333333333333337,1,0,0.8062826080546568,1,2079,17,0,0,0,0,0
d000467,c_maya,0,med-features-v1,199,1,275.95104166666664,199,199,20,20,0.7211424127921243,0.9503472222222222,1,0,199,0,1,1,1,0,0,0.0,0.0,1,0.33333333333333337,0.5,1,0,0.5921833683791874,1,398,15,0,0,0,0,0
d000468,c_morgan_shaw,0,med-features-v1,4879,1,277.09722222222223,238,238,24,24,0.8589043155731542,1.9989583333333334,1,0,4163,0,1,1,1,0,0,0.0,0.0,1,0.8181818181818181,0.8181818181818181,1,1,0.6022511022360171,1,476,18,0,0,0,0,0
d000469,c_ren,0,med-features-v1,4886,1,277.13958333333335,239,239,24,24,0.8623813210851932,0.00034722222222222224,1,0,239,0,1,0,1,0,0,0.0,0.0,1,0.4545454545454546,0.5,1,0,0.5694641315965552,1,478,16,0,0,0,0,0
d000079,c_noah,0,med-features-v1,4890,1,280.0,1922,1760,192,176,6.864285714285714,2.9947916666666665,1,0,4168,0,1,1,5,1,1920,0.75,0.9989594172736732,1,0.2727272727272727,0.2727272727272727,1,0,0.654214137021404,1,3681,17,0,0,0,0,0
d000079,c_elena,1,med-features-v1,4890,1,280.0,1920,0,192,0,6.857142857142857,2.995138888888889,1,0,4168,0,1,1,5,1,1920,0.75,1.0,1,0.4545454545454546,0.8,1,0,0.8145093823494721,1,1920,17,0,0,0,0,0
d000079,c_taylor,2,med-features-v1,4890,1,280.0,1760,0,176,0,6.285714285714286,2.995138888888889,1,0,4168,0,1,1,5,1,1760,0.75,1.0,1,0.3846153846153846,0.33333333333333337,1,0,0.8177642595985222,1,1760,17,0,0,0,0,0
d000079,c_chris,3,med-features-v1,4890,1,280.0,1920,160,192,16,6.857142857142857,2.995138888888889,1,0,4168,0,1,1,5,1,1920,0.75,1.0,1,0.33333333333333337,0.33333333333333337,1,0,0.8065181550857756,1,2080,17,0,0,0,0,0
d000079,c_lee,4,med-features-v1,4890,1,280.0,240,240,24,24,0.8571428571428571,2.8739583333333334,1,0,240,0,1,0,5,1,0,0.0,0.0,1,0.4545454545454546,0.5,1,0,0.019293354188281625,1,480,17,0,0,0,0,0
d000470,c_noah,0,med-features-v1,4893,1,280.00208333333336,1925,1763,192,176,6.874948847106792,0.00034722222222222224,1,0,4171,0,1,1,4,1,1923,1.0,0.9989610389610389,1,0.2727272727272727,0.2727272727272727,1,0,0.6945119257517596,1,3687,17,0,0,0,0,0
d000470,c_elena,1,med-features-v1,4893,1,280.00208333333336,1923,0,192,0,6.867806043109797,0.0006944444444444445,1,0,4171,0,1,1,4,1,1923,1.0,1.0,1,0.4545454545454546,0.8,1,0,0.8276109576418147,1,1923,17,0,0,0,0,0
d000470,c_taylor,2,med-features-v1,4893,1,280.00208333333336,1763,0,176,0,6.296381723350272,0.0006944444444444445,1,0,4171,0,1,1,4,1,1763,1.0,1.0,1,0.3846153846153846,0.33333333333333337,1,0,0.830779919546627,1,1763,17,0,0,0,0,0
d000470,c_chris,3,med-features-v1,4893,1,280.00208333333336,1923,160,192,16,6.867806043109797,0.0006944444444444445,1,0,4171,0,1,1,4,1,1923,1.0,1.0,1,0.33333333333333337,0.33333333333333337,1,0,0.8195178590881184,1,2083,17,0,0,0,0,0
d000471,c_priya,0,med-features-v1,4899,1,280.0215277777778,241,241,24,24,0.8606481148522807,0.00034722222222222224,1,0,4177,0,1,1,2,1,241,1.0,1.0,1,0.4545454545454546,0.4,1,0,0.6640136512173713,1,482,14,0,0,0,0,0
d000471,c_quinn,1,med-features-v1,4899,1,280.0215277777778,241,0,24,0,0.8606481148522807,0.0006944444444444445,1,0,4177,0,1,1,2,1,241,1.0,1.0,1,0.2727272727272727,0.19999999999999996,1,0,0.8174207147440639,1,241,14,0,0,0,0,0
d000472,c_jamie_lee,0,med-features-v1,4902,1,280.09027777777777,240,240,24,24,0.8568665856742618,2.9989583333333334,1,0,4180,0,1,1,1,0,0,0.0,0.0,1,0.7777777777777778,0.7777777777777778,1,0,0.5701023271672455,1,480,17,0,0,0,0,0
d000473,c_pat,0,med-features-v1,4908,1,280.13194444444446,240,240,24,24,0.8567391358238925,2.9989583333333334,1,0,240,0,1,0,1,0,0,0.0,0.0,1,0.33333333333333337,0.33333333333333337,1,0,0.683208100804249,1,480,14,0,0,0,0,0
d000474,c_fac_014,0,med-features-v1,4915,1,280.25,40,40,4,4,0.14272970561998216,6.9996527777777775,1,0,4187,0,1,1,1,0,0,0.0,0.0,1,0.7692307692307692,0.7692307692307692,1,0,0.6016722920925917,1,80,18,0,0,0,0,0
d000475,c_noah,0,med-features-v1,4921,1,281.00347222222223,1935,1773,192,176,6.8860359080181395,0.00034722222222222224,1,0,4193,0,1,1,4,1,1933,1.0,0.9989664082687338,1,0.2727272727272727,0.2727272727272727,1,0,0.6949786626567831,1,3707,17,0,0,0,0,0
d000475,c_elena,1,med-features-v1,4921,1,281.00347222222223,1933,0,192,0,6.87891855824241,0.0006944444444444445,1,0,4193,0,1,1,4,1,1933,1.0,1.0,1,0.4545454545454546,0.8,1,0,0.8284611220412721,1,1933,17,0,0,0,0,0
d000475,c_taylor,2,med-features-v1,4921,1,281.00347222222223,1773,0,176,0,6.309530576184063,0.0006944444444444445,1,0,4193,0,1,1,4,1,1773,1.0,1.0,1,0.3846153846153846,0.33333333333333337,1,0,0.8316054405296145,1,1773,17,0,0,0,0,0
d000475,c_chris,3,med-features-v1,4921,1,281.00347222222223,1933,160,192,16,6.87891855824241,0.0006944444444444445,1,0,4193,0,1,1,4,1,1933,1.0,1.0,1,0.33333333333333337,0.33333333333333337,1,0,0.8204482868804573,1,2093,17,0,0,0,0,0
d000476,c_chris,0,med-features-v1,4927,1,281.01458333333335,1939,161,192,16,6.899997775916137,0.00034722222222222224,1,0,4199,0,1,1,4,1,1939,1.0,1.0,1,0.33333333333333337,0.33333333333333337,1,0,0.19762306364926077,1,2100,21,0,0,0,0,0
d000476,c_noah,1,med-features-v1,4927,1,281.01458333333335,1941,1778,192,176,6.907114844277062,0.0006944444444444445,1,0,4199,0,1,1,4,1,1939,1.0,0.9989696032972695,1,0.2727272727272727,0.2727272727272727,1,0,0.10493300563002811,1,3718,21,0,0,0,0,0
d000476,c_elena,2,med-features-v1,4927,1,281.01458333333335,1939,0,192,0,6.899997775916137,0.0006944444444444445,1,0,4199,0,1,1,4,1,1939,1.0,1.0,1,0.4545454545454546,0.8,1,0,0.15146128063956263,1,1939,21,0,0,0,0,0
d000476,c_marcus,3,med-features-v1,4927,1,281.01458333333335,161,0,16,0,0.5729240030544085,0.0006944444444444445,1,0,4199,0,1,1,4,1,161,1.0,1.0,1,0.3076923076923077,0.33333333333333337,1,0,0.8546812883598897,1,161,21,0,0,0,0,0
d000477,c_jamie_li,0,med-features-v1,4930,1,281.1111111111111,160,160,16,16,0.5691699604743083,4.998958333333333,1,0,4202,0,1,1,1,0,0,0.0,0.0,1,0.7777777777777778,0.7777777777777778,1,0,0.5992790029489252,1,320,14,0,0,0,0,0
d000478,c_fac_010,0,med-features-v1,4936,1,281.22222222222223,40,40,4,4,0.14223627024891347,6.9996527777777775,1,0,4208,0,1,1,1,0,0,0.0,0.0,1,0.6428571428571428,0.6428571428571428,1,0,0.7231948033446323,1,80,16,0,0,0,0,0
d000479,c_noah,0,med-features-v1,4943,1,282.00347222222223,1947,1783,192,176,6.904170309171725,0.00034722222222222224,1,0,4215,0,1,1,4,1,1945,1.0,0.9989727786337956,1,0.2727272727272727,0.2727272727272727,1,0,0.6951962890549005,1,3729,17,0,0,0,0,0
d000479,c_elena,1,med-features-v1,4943,1,282.00347222222223,1945,0,192,0,6.8970781979142295,0.0006944444444444445,1,0,4215,0,1,1,4,1,1945,1.0,1.0,1,0.4545454545454546,0.8,1,0,0.8288025961140577,1,1945,17,0,0,0,0,0
d000479,c_taylor,2,med-features-v1,4943,1,282.00347222222223,1783,0,176,0,6.322617186057106,0.0006944444444444445,1,0,4215,0,1,1,4,1,1783,1.0,1.0,1,0.3846153846153846,0.33333333333333337,1,0,0.8319930091495115,1,1783,17,0,0,0,0,0
d000479,c_chris,3,med-features-v1,4943,1,282.00347222222223,1945,162,192,16,6.8970781979142295,0.0006944444444444445,1,0,4215,0,1,1,4,1,1945,1.0,1.0,1,0.33333333333333337,0.33333333333333337,1,0,0.8206813968886764,1,2107,17,0,0,0,0,0
d000057,c_fac_001,0,med-features-v1,4947,1,282.0215277777778,40,40,4,4,0.1418331441403951,6.861458333333333,1,0,4219,0,1,1,1,0,0,0.0,0.0,1,0.6666666666666667,0.6666666666666667,1,0,0.018431334023567916,1,80,18,0,0,0,0,0
d000480,c_noah,0,med-features-v1,80,1,280.0,80,324,8,32,0.2857142857142857,0.013194444444444444,1,0,80,0,1,1,1,0,0,0.0,0.0,1,0.2727272727272727,0.2727272727272727,1,0,0.6351148474002948,1,404,15,0,0,0,0,0
d000481,c_morgan_shaw,0,med-features-v1,4952,1,282.09722222222223,242,242,24,24,0.8578602727586037,1.9989583333333334,1,0,4224,0,1,1,1,0,0,0.0,0.0,1,0.8181818181818181,0.8181818181818181,1,1,0.6089344780355558,1,484,18,0,0,0,0,0
d000128,c_lee,0,med-features-v1,4955,1,282.12569444444443,243,243,24,24,0.8613182166144425,0.00034722222222222224,1,0,243,0,1,0,1,0,0,0.0,0.0,1,0.4545454545454546,0.5,1,0,0.7153635793864344,1,486,14,0,0,0,0,0
d000482,c_ren,0,med-features-v1,4959,1,282.13958333333335,243,243,24,24,0.8612758164915415,0.00034722222222222224,1,0,243,0,1,0,1,0,0,0.0,0.0,1,0.4545454545454546,0.5,1,0,0.5668547732951997,1,486,16,0,0,0,0,0
d000123,c_noah,0,med-features-v1,4965,1,283.00069444444443,1951,1787,192,176,6.893976015959914,0.00034722222222222224,1,0,4231,0,1,1,4,1,1949,1.0,0.9989748846745259,1,0.2727272727272727,0.2727272727272727,1,0,0.6954277793467382,1,3737,17,0,0,0,0,0
d000123,c_elena,1,med-features-v1,4965,1,283.00069444444443,1949,0,192,0,6.886908895492502,0.0006944444444444445,1,0,4231,0,1,1,4,1,1949,1.0,1.0,1,0.4545454545454546,0.8,1,0,0.8292205809669966,1,1949,17,0,0,0,0,0
d000123,c_taylor,2,med-features-v1,4965,1,283.00069444444443,1787,0,176,0,6.314472137632172,0.0006944444444444445,1,0,4231,0,1,1,4,1,1787,1.0,1.0,1,0.3846153846153846,0.33333333333333337,1,0,0.8324022019531719,1,1787,17,0,0,0,0,0
d000123,c_chris,3,med-features-v1,4965,1,283.00069444444443,1949,162,192,16,6.886908895492502,0.0006944444444444445,1,0,4231,0,1,1,4,1,1949,1.0,1.0,1,0.33333333333333337,0.33333333333333337,1,0,0.8211306436596273,1,2111,17,0,0,0,0,0
d000483,c_noah,0,med-features-v1,4966,1,283.00138888888887,1952,1788,192,176,6.897492650703521,0.00034722222222222224,1,0,4232,0,1,1,4,1,1950,1.0,0.9989754098360656,1,0.2727272727272727,0.2727272727272727,1,0,0.6532575612097226,1,3739,17,0,0,0,0,0
d000483,c_elena,1,med-features-v1,4966,1,283.00138888888887,1950,0,192,0,6.8904255475778,0.0006944444444444445,1,0,4232,0,1,1,4,1,1950,1.0,1.0,1,0.4545454545454546,0.8,1,0,0.8128863919391935,1,1950,17,0,0,0,0,0
d000483,c_taylor,2,med-features-v1,4966,1,283.00138888888887,1788,0,176,0,6.3179901943944135,0.0006944444444444445,1,0,4232,0,1,1,4,1,1788,1.0,1.0,1,0.3846153846153846,0.33333333333333337,1,0,0.8160988461987524,1,1788,17,0,0,0,0,0
d000483,c_chris,3,med-features-v1,4966,1,283.00138888888887,1950,162,192,16,6.8904255475778,0.0006944444444444445,1,0,4232,0,1,1,4,1,1950,1.0,1.0,1,0.33333333333333337,0.33333333333333337,1,0,0.8049644866230296,1,2112,17,0,0,0,0,0
d000484,c_noah,0,med-features-v1,4973,1,283.0076388888889,1959,1795,192,176,6.922074639720659,0.00034722222222222224,1,0,4239,0,1,1,5,1,1957,1.0,0.9989790709545686,1,0.2727272727272727,0.2727272727272727,1,0,0.6536572627919243,1,3753,17,0,0,0,0,0
d000484,c_elena,1,med-features-v1,4973,1,283.0076388888889,1957,0,192,0,6.915007692666324,0.0006944444444444445,1,0,4239,0,1,1,5,1,1957,1.0,1.0,1,0.4545454545454546,0.8,1,0,0.8135969033714965,1,1957,17,0,0,0,0,0
d000484,c_taylor,2,med-features-v1,4973,1,283.0076388888889,1795,0,176,0,6.342584981265229,0.0006944444444444445,1,0,4239,0,1,1,5,1,1795,1.0,1.0,1,0.3846153846153846,0.33333333333333337,1,0,0.8167940282640759,1,1795,17,0,0,0,0,0
d000484,c_chris,3,med-features-v1,4973,1,283.0076388888889,1957,162,192,16,6.915007692666324,0.0006944444444444445,1,0,4239,0,1,1,5,1,1957,1.0,1.0,1,0.33333333333333337,0.33333333333333337,1,0,0.8057276169048253,1,2119,17,0,0,0,0,0
d000484,c_lena,4,med-features-v1,4973,1,283.0076388888889,163,0,16,0,0.5759561849282632,0.0006944444444444445,1,0,4239,0,1,1,5,1,163,1.0,1.0,1,0.4545454545454546,0.8,1,0,0.8361741543222079,1,163,17,0,0,0,0,0
d000485,c_marcus,0,med-features-v1,245,1,283.0,81,81,8,8,0.2862190812720848,2.999652777777778,1,0,245,0,1,1,1,0,0,0.0,0.0,1,0.3076923076923077,0.33333333333333337,1,0,0.6232392836335857,1,162,14,0,0,0,0,0
d000486,c_morgan_zhao,0,med-features-v1,4981,1,283.11875,163,163,16,16,0.5757301485684011,0.00034722222222222224,1,0,4247,0,1,1,1,0,0,0.0,0.0,1,0.8181818181818181,0.8181818181818181,1,1,0.6393200622030425,1,326,14,0,0,0,0,0
d000487,c_noah,0,med-features-v1,4987,1,284.00069444444443,1963,1797,192,176,6.911954929687672,0.00034722222222222224,1,0,4253,0,1,1,4,1,1961,1.0,0.9989811512990321,1,0.2727272727272727,0.2727272727272727,1,0,0.6951631337452968,1,3759,17,0,0,0,0,0
d000487,c_elena,1,med-features-v1,4987,1,284.00069444444443,1961,0,192,0,6.904912693386411,0.0006944444444444445,1,0,4253,0,1,1,4,1,1961,1.0,1.0,1,0.4545454545454546,0.8,1,0,0.8287185600610212,1,1961,17,0,0,0,0,0
d000487,c_taylor,2,med-features-v1,4987,1,284.00069444444443,1797,0,176,0,6.327449316683009,0.0006944444444444445,1,0,4253,0,1,1,4,1,1797,1.0,1.0,1,0.3846153846153846,0.33333333333333337,1,0,0.8319347729802379,1,1797,17,0,0,0,0,0
d000487,c_chris,3,med-features-v1,4987,1,284.00069444444443,1961,164,192,16,6.904912693386411,0.0006944444444444445,1,0,4253,0,1,1,4,1,1961,1.0,1.0,1,0.33333333333333337,0.33333333333333337,1,0,0.8205289394202144,1,2125,17,0,0,0,0,0
d000488,c_noah,0,med-features-v1,4993,1,284.0048611111111,1969,1803,192,176,6.932979922585441,0.00034722222222222224,1,0,4259,0,1,1,4,1,1967,1.0,0.9989842559674962,1,0.2727272727272727,0.2727272727272727,1,0,0.6536754135552915,1,3771,17,0,0,0,0,0
d000488,c_elena,1,med-features-v1,4993,1,284.0048611111111,1967,0,192,0,6.9259377896016066,0.0006944444444444445,1,0,4259,0,1,1,4,1,1967,1.0,1.0,1,0.4545454545454546,0.8,1,0,0.8135807301772077,1,1967,17,0,0,0,0,0
d000488,c_taylor,2,med-features-v1,4993,1,284.0048611111111,1803,0,176,0,6.348482884927146,0.0006944444444444445,1,0,4259,0,1,1,4,1,1803,1.0,1.0,1,0.3846153846153846,0.33333333333333337,1,0,0.8168282844823447,1,1803,17,0,0,0,0,0
d000488,c_chris,3,med-features-v1,4993,1,284.0048611111111,1967,164,192,16,6.9259377896016066,0.0006944444444444445,1,0,4259,0,1,1,4,1,1967,1.0,1.0,1,0.33333333333333337,0.33333333333333337,1,0,0.805592436274509,1,2131,17,0,0,0,0,0
d000489,c_hana,0,med-features-v1,81,1,283.9302083333333,40,40,4,4,0.140879690945178,6.9996527777777775,1,0,81,0,1,1,1,0,0,0.0,0.0,1,0.3846153846153846,0.5,1,0,0.6723105808124606,1,80,18,0,0,0,0,0
d000490,c_morgan_shaw,0,med-features-v1,5002,1,284.09791666666666,245,245,24,24,0.8623787279913763,0.00034722222222222224,1,0,4268,0,1,1,1,0,0,0.0,0.0,1,0.8181818181818181,0.8181818181818181,1,1,0.6104632382006896,1,490,18,0,0,0,0,0
d000491,c_ren,0,med-features-v1,5008,1,284.13958333333335,245,245,24,24,0.8622522674448444,0.00034722222222222224,1,0,245,0,1,0,1,0,0,0.0,0.0,1,0.4545454545454546,0.5,1,0,0.7359184201567124,1,490,14,0,0,0,0,0
d000492,c_noah,0,med-features-v1,5014,1,287.00138888888887,1972,1806,192,176,6.8710468880812625,0.00034722222222222224,1,0,4274,0,1,1,4,1,1970,1.0,0.9989858012170385,1,0.2727272727272727,0.2727272727272727,1,0,0.6952626565292701,1,3777,17,0,0,0,0,0
d000492,c_elena,1,med-features-v1,5014,1,287.00138888888887,1970,0,192,0,6.864078280689699,0.0006944444444444445,1,0,4274,0,1,1,4,1,1970,1.0,1.0,1,0.4545454545454546,0.8,1,0,0.8289218936253671,1,1970,17,0,0,0,0,0
d000492,c_taylor,2,med-features-v1,5014,1,287.00138888888887,1806,0,176,0,6.292652474581521,0.0006944444444444445,1,0,4274,0,1,1,4,1,1806,1.0,1.0,1,0.3846153846153846,0.33333333333333337,1,0,0.8321086368790556,1,1806,17,0,0,0,0,0
d000492,c_chris,3,med-features-v1,5014,1,287.00138888888887,1970,164,192,16,6.864078280689699,0.0006944444444444445,1,0,4274,0,1,1,4,1,1970,1.0,1.0,1,0.33333333333333337,0.33333333333333337,1,0,0.8208092147573266,1,2134,17,0,0,0,0,0
d000493,c_priya,0,med-features-v1,5020,1,287.0208333333333,246,246,24,24,0.8570806416491255,2.9989583333333334,1,0,4280,0,1,1,2,1,246,1.0,1.0,1,0.4545454545454546,0.4,1,0,0.7010562632152854,1,492,18,0,0,0,0,0
d000493,c_quinn,1,med-features-v1,5020,1,287.0208333333333,246,0,24,0,0.8570806416491255,2.9993055555555554,1,0,4280,0,1,1,2,1,246,1.0,1.0,1,0.2727272727272727,0.19999999999999996,1,0,0.7824865824063771,1,246,18,0,0,0,0,0
d000494,c_jamie_lee,0,med-features-v1,5024,1,287.09027777777777,246,246,24,24,0.8568733218838441,2.9989583333333334,1,0,4284,0,1,1,1,0,0,0.0,0.0,1,0.7777777777777778,0.7777777777777778,1,0,0.6017315857586764,1,492,18,0,0,0,0,0
d000495,c_pat,0,med-features-v1,5030,1,287.13194444444446,246,246,24,24,0.8567489781604469,2.9989583333333334,1,0,246,0,1,0,1,0,0,0.0,0.0,1,0.33333333333333337,0.33333333333333337,1,0,0.6233056151597219,1,492,16,0,0,0,0,0
d000496,c_fac_009,0,med-features-v1,5036,1,287.21527777777777,41,41,4,4,0.14275006649096933,6.9996527777777775,1,0,4290,0,1,1,1,0,0,0.0,0.0,1,0.6923076923076923,0.6923076923076923,1,0,0.5990200373040825,1,82,16,0,0,0,0,0
d000497,c_noah,0,med-features-v1,5042,1,288.0027777777778,1982,1816,192,176,6.881878068305668,0.00034722222222222224,1,0,4296,0,1,1,4,1,1980,1.0,0.9989909182643795,1,0.2727272727272727,0.2727272727272727,1,0,0.6952406498979159,1,3797,17,0,0,0,0,0
d000497,c_elena,1,med-features-v1,5042,1,288.0027777777778,1980,0,192,0,6.874933690840173,0.0006944444444444445,1,0,4296,0,1,1,4,1,1980,1.0,1.0,1,0.4545454545454546,0.8,1,0,0.8289154169488363,1,1980,17,0,0,0,0,0
d000497,c_taylor,2,med-features-v1,5042,1,288.0027777777778,1816,0,176,0,6.305494738669573,0.0006944444444444445,1,0,4296,0,1,1,4,1,1816,1.0,1.0,1,0.3846153846153846,0.33333333333333337,1,0,0.8320668522071464,1,1816,17,0,0,0,0,0
d000497,c_chris,3,med-features-v1,5042,1,288.0027777777778,1980,164,192,16,6.874933690840173,0.0006944444444444445,1,0,4296,0,1,1,4,1,1980,1.0,1.0,1,0.33333333333333337,0.33333333333333337,1,0,0.8208891138028016,1,2144,17,0,0,0,0,0
d000498,c_chris,0,med-features-v1,5048,1,288.0138888888889,1986,164,192,16,6.8955007956792205,0.00625,1,0,4302,0,1,1,4,1,1986,1.0,1.0,1,0.33333333333333337,0.33333333333333337,1,0,0.19712913190540007,1,2150,21,0,0,0,0,0
d000498,c_noah,1,med-features-v1,5048,1,288.0138888888889,1988,1822,192,176,6.902444905241838,0.005902777777777778,1,0,4302,0,1,1,4,1,1986,1.0,0.9989939637826962,1,0.2727272727272727,0.2727272727272727,1,0,0.10477850822880545,1,3809,21,0,0,0,0,0
d000498,c_elena,2,med-features-v1,5048,1,288.0138888888889,1986,0,192,0,6.8955007956792205,0.00625,1,0,4302,0,1,1,4,1,1986,1.0,1.0,1,0.4545454545454546,0.8,1,0,0.15118254501003914,1,1986,21,0,0,0,0,0
d000498,c_marcus,3,med-features-v1,5048,1,288.0138888888889,164,0,16,0,0.5694169841346385,4.999305555555556,1,0,4302,0,1,1,4,1,164,1.0,1.0,1,0.3076923076923077,0.33333333333333337,1,0,0.8562167026306723,1,164,21,0,0,0,0,0
d000035,c_chris,0,med-features-v1,5049,1,288.01458333333335,1987,165,192,16,6.898956216048087,0.00034722222222222224,1,0,4303,0,1,1,5,1,1987,0.75,1.0,1,0.33333333333333337,0.33333333333333337,1,0,0.19922437950540933,1,2152,16,0,0,0,0,0
d000035,c_noah,1,med-features-v1,5049,1,288.01458333333335,1989,1822,192,176,6.905900308867461,0.0006944444444444445,1,0,4303,0,1,1,5,1,1987,0.75,0.9989944695827049,1,0.2727272727272727,0.2727272727272727,1,0,0.11612042633296189,1,3810,16,0,0,0,0,0
d000035,c_elena,2,med-features-v1,5049,1,288.01458333333335,1987,0,192,0,6.898956216048087,0.0006944444444444445,1,0,4303,0,1,1,5,1,1987,0.75,1.0,1,0.4545454545454546,0.8,1,0,0.16243128560272235,1,1987,16,0,0,0,0,0
d000035,c_marcus,3,med-features-v1,5049,1,288.01458333333335,165,0,16,0,0.5728876575983566,0.0006944444444444445,1,0,4303,0,1,1,5,1,165,0.75,1.0,1,0.3076923076923077,0.33333333333333337,1,0,0.7625469073328892,1,165,16,0,0,0,0,0
d000035,c_pat,4,med-features-v1,5049,1,288.01458333333335,248,248,24,24,0.8610675096023783,0.8815972222222223,1,0,248,0,1,0,5,1,0,0.0,0.0,1,0.33333333333333337,0.33333333333333337,1,0,0.007021567798644592,1,496,16,0,0,0,0,0
d000499,c_jamie_li,0,med-features-v1,5052,1,288.1111111111111,164,164,16,16,0.5692248360971848,4.998958333333333,1,0,4306,0,1,1,1,0,0,0.0,0.0,1,0.7777777777777778,0.7777777777777778,1,0,0.599520866779372,1,328,14,0,0,0,0,0
d000500,c_fac_015,0,med-features-v1,5059,1,288.25694444444446,41,41,4,4,0.1422342142667855,6.9996527777777775,1,0,4313,0,1,1,1,0,0,0.0,0.0,1,0.7692307692307692,0.7692307692307692,1,0,0.6121314812967471,1,82,18,0,0,0,0,0
d000080,c_noah,0,med-features-v1,5064,1,289.0027777777778,1994,1826,192,176,6.899587662556107,0.00034722222222222224,1,0,4318,0,1,1,5,1,1992,0.75,0.9989969909729187,1,0.2727272727272727,0.2727272727272727,1,0,0.6952164209845888,1,3819,17,0,0,0,0,0
d000080,c_elena,1,med-features-v1,5064,1,289.0027777777778,1992,0,192,0,6.892667313847425,0.0006944444444444445,1,0,4318,0,1,1,5,1,1992,0.75,1.0,1,0.4545454545454546,0.8,1,0,0.8288345370482332,1,1992,17,0,0,0,0,0
d000080,c_taylor,2,med-features-v1,5064,1,289.0027777777778,1826,0,176,0,6.318278371026806,0.0006944444444444445,1,0,4318,0,1,1,5,1,1826,0.75,1.0,1,0.3846153846153846,0.33333333333333337,1,0,0.8320255204692867,1,1826,17,0,0,0,0,0
d000080,c_chris,3,med-features-v1,5064,1,289.0027777777778,1992,166,192,16,6.892667313847425,0.0006944444444444445,1,0,4318,0,1,1,5,1,1992,0.75,1.0,1,0.33333333333333337,0.33333333333333337,1,0,0.8207062654412594,1,2158,17,0,0,0,0,0
d000080,c_pat,4,med-features-v1,5064,1,289.0027777777778,248,248,24,24,0.8581232398765871,1.8697916666666667,1,0,248,0,1,0,5,1,0,0.0,0.0,1,0.33333333333333337,0.33333333333333337,1,0,0.011390424993733656,1,496,17,0,0,0,0,0
d000501,c_noah,0,med-features-v1,5066,1,289.00416666666666,1996,1828,192,176,6.906474820143885,0.00034722222222222224,1,0,4320,0,1,1,4,1,1994,1.0,0.998997995991984,1,0.2727272727272727,0.2727272727272727,1,0,0.6536112960822277,1,3823,17,0,0,0,0,0
d000501,c_elena,1,med-features-v1,5066,1,289.00416666666666,1994,0,192,0,6.899554504692839,0.0006944444444444445,1,0,4320,0,1,1,4,1,1994,1.0,1.0,1,0.4545454545454546,0.8,1,0,0.8134804045011792,1,1994,17,0,0,0,0,0
d000501,c_taylor,2,med-features-v1,5066,1,289.00416666666666,1828,0,176,0,6.325168322256023,0.0006944444444444445,1,0,4320,0,1,1,4,1,1828,1.0,1.0,1,0.3846153846153846,0.33333333333333337,1,0,0.8167167888133472,1,1828,17,0,0,0,0,0
d000501,c_chris,3,med-features-v1,5066,1,289.00416666666666,1994,166,192,16,6.899554504692839,0.0006944444444444445,1,0,4320,0,1,1,4,1,1994,1.0,1.0,1,0.33333333333333337,0.33333333333333337,1,0,0.8055196048548319,1,2160,17,0,0,0,0,0
d000502,c_noah,0,med-features-v1,82,1,287.0,82,332,8,32,0.2857142857142857,0.013194444444444444,1,0,82,0,1,1,1,0,0,0.0,0.0,1,0.2727272727272727,0.2727272727272727,1,0,0.6389561107089873,1,414,15,0,0,0,0,0
d000503,c_morgan_shaw,0,med-features-v1,5074,1,289.09722222222223,248,248,24,24,0.857842901753543,1.9989583333333334,1,0,4328,0,1,1,1,0,0,0.0,0.0,1,0.8181818181818181,0.8181818181818181,1,1,0.6119506855564835,1,496,18,0,0,0,0,0
d000504,c_ren,0,med-features-v1,5080,1,289.1388888888889,248,248,24,24,0.8577192813911038,1.9989583333333334,1,0,248,0,1,0,1,0,0,0.0,0.0,1,0.4545454545454546,0.5,1,0,0.7393093403871662,1,496,14,0,0,0,0,0
d000505,c_noah,0,med-features-v1,5087,1,290.00069444444443,1999,1831,192,176,6.893086941841615,0.00034722222222222224,1,0,4335,0,1,1,4,1,1997,1.0,0.9989994997498749,1,0.2727272727272727,0.2727272727272727,1,0,0.695322910231734,1,3829,17,0,0,0,0,0
d000505,c_elena,1,med-features-v1,5087,1,290.00069444444443,1997,0,192,0,6.886190406632168,0.0006944444444444445,1,0,4335,0,1,1,4,1,1997,1.0,1.0,1,0.4545454545454546,0.8,1,0,0.8290367537331418,1,1997,17,0,0,0,0,0
d000505,c_taylor,2,med-features-v1,5087,1,290.00069444444443,1831,0,176,0,6.313777984248122,0.0006944444444444445,1,0,4335,0,1,1,4,1,1831,1.0,1.0,1,0.3846153846153846,0.33333333333333337,1,0,0.8322129125062694,1,1831,17,0,0,0,0,0
d000505,c_chris,3,med-features-v1,5087,1,290.00069444444443,1997,166,192,16,6.886190406632168,0.0006944444444444445,1,0,4335,0,1,1,4,1,1997,1.0,1.0,1,0.33333333333333337,0.33333333333333337,1,0,0.820949526098697,1,2163,17,0,0,0,0,0
d000506,c_noah,0,med-features-v1,5093,1,290.0048611111111,2005,1837,192,176,6.913677213265103,0.00034722222222222224,1,0,4341,0,1,1,4,1,2003,1.0,0.999002493765586,1,0.2727272727272727,0.2727272727272727,1,0,0.6532623968151643,1,3841,17,0,0,0,0,0
d000506,c_elena,1,med-features-v1,5093,1,290.0048611111111,2003,0,192,0,6.906780777142146,0.0006944444444444445,1,0,4341,0,1,1,4,1,2003,1.0,1.0,1,0.4545454545454546,0.8,1,0,0.8129102798720951,1,2003,17,0,0,0,0,0
d000506,c_taylor,2,med-features-v1,5093,1,290.0048611111111,1837,0,176,0,6.334376578936656,0.0006944444444444445,1,0,4341,0,1,1,4,1,1837,1.0,1.0,1,0.3846153846153846,0.33333333333333337,1,0,0.8161077820218723,1,1837,17,0,0,0,0,0
d000506,c_chris,3,med-features-v1,5093,1,290.0048611111111,2003,166,192,16,6.906780777142146,0.0006944444444444445,1,0,4341,0,1,1,4,1,2003,1.0,1.0,1,0.33333333333333337,0.33333333333333337,1,0,0.8050306247987574,1,2169,17,0,0,0,0,0
d000507,c_noah,0,med-features-v1,417,1,290.0072916666667,417,417,40,40,1.4378948805166536,0.00034722222222222224,1,0,417,0,1,1,3,1,167,1.0,0.40047961630695444,1,0.2727272727272727,0.2727272727272727,1,0,0.5763024916332633,1,834,16,0,0,0,0,0
d000507,c_taylor,1,med-features-v1,417,1,290.0072916666667,167,0,16,0,0.5758475900390435,0.0006944444444444445,1,0,417,0,1,1,3,1,167,1.0,1.0,1,0.3846153846153846,0.33333333333333337,1,0,0.7953880365712074,1,167,16,0,0,0,0,0
d000507,c_chris,2,med-features-v1,417,1,290.0072916666667,167,0,16,0,0.5758475900390435,0.0006944444444444445,1,0,417,0,1,1,3,1,167,1.0,1.0,1,0.33333333333333337,0.33333333333333337,1,0,0.7953880365712074,1,167,16,0,0,0,0,0
d000508,c_jamie_li,0,med-features-v1,5101,1,290.1118055555556,167,167,16,16,0.5756401387396143,0.00034722222222222224,1,0,4349,0,1,1,1,0,0,0.0,0.0,1,0.7777777777777778,0.7777777777777778,1,0,0.6290135872541976,1,334,15,0,0,0,0,0
d000509,c_fac_017,0,med-features-v1,5107,1,290.2708333333333,41,41,4,4,0.14124739826311636,6.9996527777777775,1,0,4355,0,1,1,1,0,0,0.0,0.0,1,0.8181818181818181,0.8181818181818181,1,1,0.7128906954588429,1,82,16,0,0,0,0,0
d000510,c_noah,0,med-features-v1,5114,1,291.00416666666666,2016,1846,192,176,6.927735857161267,0.00034722222222222224,1,0,4362,0,1,1,4,1,2014,1.0,0.9990079365079365,1,0.2727272727272727,0.2727272727272727,1,0,0.6949296793335803,1,3861,17,0,0,0,0,0
d000510,c_elena,1,med-features-v1,5114,1,291.00416666666666,2014,0,192,0,6.920863103334717,0.0006944444444444445,1,0,4362,0,1,1,4,1,2014,1.0,1.0,1,0.4545454545454546,0.8,1,0,0.8283263317357155,1,2014,17,0,0,0,0,0
d000510,c_taylor,2,med-features-v1,5114,1,291.00416666666666,1846,0,176,0,6.343551781904612,0.0006944444444444445,1,0,4362,0,1,1,4,1,1846,1.0,1.0,1,0.3846153846153846,0.33333333333333337,1,0,0.8315313633394514,1,1846,17,0,0,0,0,0
d000510,c_chris,3,med-features-v1,5114,1,291.00416666666666,2014,168,192,16,6.920863103334717,0.0006944444444444445,1,0,4362,0,1,1,4,1,2014,1.0,1.0,1,0.33333333333333337,0.33333333333333337,1,0,0.8201775192773149,1,2182,17,0,0,0,0,0
d000511,c_avery,0,med-features-v1,333,1,290.96493055555555,83,83,8,8,0.28525774512249114,2.999652777777778,1,0,333,0,1,1,2,1,83,1.0,1.0,1,0.41666666666666663,0.25,1,0,0.5899755367860302,1,166,18,0,0,0,0,0
d000511,c_devon,1,med-features-v1,333,1,290.96493055555555,83,0,8,0,0.28525774512249114,3.0,1,0,333,0,1,1,2,1,83,1.0,1.0,1,0.4545454545454546,0.4,1,0,0.7583890737020034,1,83,18,0,0,0,0,0
d000512,c_jamie_lee,0,med-features-v1,5122,1,291.0909722222222,251,251,24,24,0.862273392004695,0.00034722222222222224,1,0,4370,0,1,1,1,0,0,0.0,0.0,1,0.7777777777777778,0.7777777777777778,1,0,0.6065497781239652,1,502,18,0,0,0,0,0
d000513,c_pat,0,med-features-v1,5128,1,291.1326388888889,251,251,24,24,0.8621499841376234,0.00034722222222222224,1,0,251,0,1,0,1,0,0,0.0,0.0,1,0.33333333333333337,0.33333333333333337,1,0,0.6802812875320794,1,502,14,0,0,0,0,0
d000514,c_noah,0,med-features-v1,5134,1,294.0,2018,1848,192,176,6.863945578231292,2.9947916666666665,1,0,4376,0,1,1,4,1,2016,1.0,0.9990089197224975,1,0.2727272727272727,0.2727272727272727,1,0,0.695158228097949,1,3865,17,0,0,0,0,0
d000514,c_elena,1,med-features-v1,5134,1,294.0,2016,0,192,0,6.857142857142857,2.995138888888889,1,0,4376,0,1,1,4,1,2016,1.0,1.0,1,0.4545454545454546,0.8,1,0,0.828732663565927,1,2016,17,0,0,0,0,0
d000514,c_taylor,2,med-features-v1,5134,1,294.0,1848,0,176,0,6.285714285714286,2.995138888888889,1,0,4376,0,1,1,4,1,1848,1.0,1.0,1,0.3846153846153846,0.33333333333333337,1,0,0.8319361491160864,1,1848,17,0,0,0,0,0
d000514,c_chris,3,med-features-v1,5134,1,294.0,2016,168,192,16,6.857142857142857,2.995138888888889,1,0,4376,0,1,1,4,1,2016,1.0,1.0,1,0.33333333333333337,0.33333333333333337,1,0,0.8205970862044389,1,2184,17,0,0,0,0,0
d000515,c_noah,0,med-features-v1,5141,1,294.0048611111111,2025,1855,192,176,6.887641219084152,0.00034722222222222224,1,0,4383,0,1,1,4,1,2023,1.0,0.9990123456790123,1,0.2727272727272727,0.2727272727272727,1,0,0.653066190537837,1,3879,17,0,0,0,0,0
d000515,c_elena,1,med-features-v1,5141,1,294.0048611111111,2023,0,192,0,6.88083861047271,0.0006944444444444445,1,0,4383,0,1,1,4,1,2023,1.0,1.0,1,0.4545454545454546,0.8,1,0,0.812560655412469,1,2023,17,0,0,0,0,0
d000515,c_taylor,2,med-features-v1,5141,1,294.0048611111111,1855,0,176,0,6.309419487111655,0.0006944444444444445,1,0,4383,0,1,1,4,1,1855,1.0,1.0,1,0.3846153846153846,0.33333333333333337,1,0,0.8157617229373507,1,1855,17,0,0,0,0,0
d000515,c_chris,3,med-features-v1,5141,1,294.0048611111111,2023,168,192,16,6.88083861047271,0.0006944444444444445,1,0,4383,0,1,1,4,1,2023,1.0,1.0,1,0.33333333333333337,0.33333333333333337,1,0,0.804642442650989,1,2191,17,0,0,0,0,0
d000516,c_alex_chan,0,med-features-v1,5144,1,294.0833333333333,252,252,24,24,0.8568999716633607,2.9989583333333334,1,0,4386,0,1,1,1,0,0,0.0,0.0,1,0.8888888888888888,0.8888888888888888,1,1,0.5615569936610993,1,504,17,0,0,0,0,0
d000517,c_lee,0,med-features-v1,5150,1,294.125,252,252,24,24,0.8567785805354866,2.9989583333333334,1,0,252,0,1,0,1,0,0,0.0,0.0,1,0.4545454545454546,0.5,1,0,0.7216157987690227,1,504,14,0,0,0,0,0
d000518,c_sam,0,med-features-v1,5156,1,294.1458333333333,42,42,4,4,0.1427863163113535,6.9996527777777775,1,0,4392,0,1,1,1,0,0,0.0,0.0,1,0.33333333333333337,0.33333333333333337,1,0,0.700727426270425,1,84,16,0,0,0,0,0
d000519,c_noah,0,med-features-v1,5162,1,295.00138888888887,2028,1858,192,176,6.874543905160523,0.00034722222222222224,1,0,4398,0,1,1,4,1,2026,1.0,0.9990138067061144,1,0.2727272727272727,0.2727272727272727,1,0,0.6955994154907984,1,3885,17,0,0,0,0,0
d000519,c_elena,1,med-features-v1,5162,1,295.00138888888887,2026,0,192,0,6.867764276062731,0.0006944444444444445,1,0,4398,0,1,1,4,1,2026,1.0,1.0,1,0.4545454545454546,0.8,1,0,0.8295357042835834,1,2026,17,0,0,0,0,0
d000519,c_taylor,2,med-features-v1,5162,1,295.00138888888887,1858,0,176,0,6.29827543184825,0.0006944444444444445,1,0,4398,0,1,1,4,1,1858,1.0,1.0,1,0.3846153846153846,0.33333333333333337,1,0,0.8327152505564037,1,1858,17,0,0,0,0,0
d000519,c_chris,3,med-features-v1,5162,1,295.00138888888887,2026,168,192,16,6.867764276062731,0.0006944444444444445,1,0,4398,0,1,1,4,1,2026,1.0,1.0,1,0.33333333333333337,0.33333333333333337,1,0,0.8214772506232833,1,2194,17,0,0,0,0,0
d000520,c_noah,0,med-features-v1,5169,1,295.0076388888889,2035,1865,192,176,6.898126460943808,0.00034722222222222224,1,0,4405,0,1,1,5,1,2033,1.0,0.999017199017199,1,0.2727272727272727,0.2727272727272727,1,0,0.6959281012134024,1,3899,17,0,0,0,0,0
d000520,c_elena,1,med-features-v1,5169,1,295.0076388888889,2033,0,192,0,6.891346975478507,0.0006944444444444445,1,0,4405,0,1,1,5,1,2033,1.0,1.0,1,0.4545454545454546,0.8,1,0,0.8301318922912806,1,2033,17,0,0,0,0,0
d000520,c_taylor,2,med-features-v1,5169,1,295.0076388888889,1865,0,176,0,6.32187019639322,0.0006944444444444445,1,0,4405,0,1,1,5,1,1865,1.0,1.0,1,0.3846153846153846,0.33333333333333337,1,0,0.8332953538420717,1,1865,17,0,0,0,0,0
d000520,c_chris,3,med-features-v1,5169,1,295.0076388888889,2033,168,192,16,6.891346975478507,0.0006944444444444445,1,0,4405,0,1,1,5,1,2033,1.0,1.0,1,0.33333333333333337,0.33333333333333337,1,0,0.8221264464492197,1,2201,17,0,0,0,0,0
d000520,c_lena,4,med-features-v1,5169,1,295.0076388888889,169,0,16,0,0.5728665218179378,0.0006944444444444445,1,0,4405,0,1,1,5,1,169,1.0,1.0,1,0.4545454545454546,0.8,1,0,0.8032165616808776,1,169,17,0,0,0,0,0
d000521,c_alex_chen,0,med-features-v1,5172,1,295.1041666666667,210,210,20,20,0.7116131309565831,4.048263888888889,1,0,4408,0,1,1,1,0,0,0.0,0.0,1,0.8888888888888888,0.8888888888888888,1,1,0.6607055005051655,1,420,15,0,0,0,0,0
d000522,c_hana,0,med-features-v1,5178,1,295.15277777777777,42,42,4,4,0.14229918592066257,6.9996527777777775,1,0,4414,0,1,1,1,0,0,0.0,0.0,1,0.3846153846153846,0.5,1,0,0.5984082017181265,1,84,18,0,0,0,0,0
d000523,c_noah,0,med-features-v1,5184,1,296.00138888888887,2040,1868,192,176,6.891859553962304,0.00034722222222222224,1,0,4420,0,1,1,4,1,2038,1.0,0.9990196078431373,1,0.2727272727272727,0.2727272727272727,1,0,0.6524873682791851,1,3907,17,0,0,0,0,0
d000523,c_elena,1,med-features-v1,5184,1,296.00138888888887,2038,0,192,0,6.8851028289094,0.0006944444444444445,1,0,4420,0,1,1,4,1,2038,1.0,1.0,1,0.4545454545454546,0.8,1,0,0.8115335368378876,1,2038,17,0,0,0,0,0
d000523,c_taylor,2,med-features-v1,5184,1,296.00138888888887,1868,0,176,0,6.310781199412541,0.0006944444444444445,1,0,4420,0,1,1,4,1,1868,1.0,1.0,1,0.3846153846153846,0.33333333333333337,1,0,0.8147590901343216,1,1868,17,0,0,0,0,0
d000523,c_chris,3,med-features-v1,5184,1,296.00138888888887,2038,170,192,16,6.8851028289094,0.0006944444444444445,1,0,4420,0,1,1,4,1,2038,1.0,1.0,1,0.33333333333333337,0.33333333333333337,1,0,0.8035611245886644,1,2208,17,0,0,0,0,0
d000524,c_priya,0,med-features-v1,5190,1,296.0208333333333,254,254,24,24,0.8580477162361884,1.9989583333333334,1,0,4426,0,1,1,2,1,254,1.0,1.0,1,0.4545454545454546,0.4,1,0,0.6624082650407905,1,508,14,0,0,0,0,0
d000524,c_quinn,1,med-features-v1,5190,1,296.0208333333333,254,0,24,0,0.8580477162361884,1.9993055555555554,1,0,4426,0,1,1,2,1,254,1.0,1.0,1,0.2727272727272727,0.19999999999999996,1,0,0.8148969927121,1,254,14,0,0,0,0,0
d000058,c_fac_002,0,med-features-v1,5191,1,296.0215277777778,42,42,4,4,0.14188157298995238,5.854513888888889,1,0,4427,0,1,1,1,0,0,0.0,0.0,1,0.7692307692307692,0.7692307692307692,1,0,0.013925340416148683,1,84,14,0,0,0,0,0
d000525,c_jamie_lee,0,med-features-v1,5194,1,296.09027777777777,254,254,24,24,0.8578464713746277,1.9989583333333334,1,0,4430,0,1,1,1,0,0,0.0,0.0,1,0.7777777777777778,0.7777777777777778,1,0,0.5633877770878577,1,508,17,0,0,0,0,0
d000526,c_pat,0,med-features-v1,5200,1,296.13194444444446,254,254,24,24,0.8577257697629154,1.9989583333333334,1,0,254,0,1,0,1,0,0,0.0,0.0,1,0.33333333333333337,0.33333333333333337,1,0,0.6820533624870254,1,508,14,0,0,0,0,0
d000527,c_fac_011,0,med-features-v1,5206,1,296.2291666666667,42,42,4,4,0.14178212251213165,6.9996527777777775,1,0,4436,0,1,1,1,0,0,0.0,0.0,1,0.6666666666666667,0.6666666666666667,1,0,0.6032722412359014,1,84,18,0,0,0,0,0
d000528,c_noah,0,med-features-v1,5212,1,297.0027777777778,2050,1878,192,176,6.90229234668587,0.00034722222222222224,1,0,4442,0,1,1,4,1,2048,1.0,0.9990243902439024,1,0.2727272727272727,0.2727272727272727,1,0,0.696472310296863,1,3927,17,0,0,0,0,0
d000528,c_elena,1,med-features-v1,5212,1,297.0027777777778,2048,0,192,0,6.895558402933006,0.0006944444444444445,1,0,4442,0,1,1,4,1,2048,1.0,1.0,1,0.4545454545454546,0.8,1,0,0.8310538127746369,1,2048,17,0,0,0,0,0
d000528,c_taylor,2,med-features-v1,5212,1,297.0027777777778,1878,0,176,0,6.323173183939544,0.0006944444444444445,1,0,4442,0,1,1,4,1,1878,1.0,1.0,1,0.3846153846153846,0.33333333333333337,1,0,0.8342436586460205,1,1878,17,0,0,0,0,0
d000528,c_chris,3,med-features-v1,5212,1,297.0027777777778,2048,170,192,16,6.895558402933006,0.0006944444444444445,1,0,4442,0,1,1,4,1,2048,1.0,1.0,1,0.33333333333333337,0.33333333333333337,1,0,0.8229738157206166,1,2218,17,0,0,0,0,0
d000529,c_chris,0,med-features-v1,5218,1,297.0138888888889,2054,170,192,16,6.915501519756838,0.00625,1,0,4448,0,1,1,4,1,2054,1.0,1.0,1,0.33333333333333337,0.33333333333333337,1,0,0.19935115454308736,1,2224,16,0,0,0,0,0
d000529,c_noah,1,med-features-v1,5218,1,297.0138888888889,2056,1884,192,176,6.922235211596913,0.005902777777777778,1,0,4448,0,1,1,4,1,2054,1.0,0.9990272373540856,1,0.2727272727272727,0.2727272727272727,1,0,0.11620395390414327,1,3939,16,0,0,0,0,0
d000529,c_elena,2,med-features-v1,5218,1,297.0138888888889,2054,0,192,0,6.915501519756838,0.00625,1,0,4448,0,1,1,4,1,2054,1.0,1.0,1,0.4545454545454546,0.8,1,0,0.16262267389359197,1,2054,16,0,0,0,0,0
d000529,c_marcus,3,med-features-v1,5218,1,297.0138888888889,170,0,16,0,0.5723638064063595,1.9993055555555554,1,0,4448,0,1,1,4,1,170,1.0,1.0,1,0.3076923076923077,0.33333333333333337,1,0,0.7667963889803112,1,170,16,0,0,0,0,0
d000036,c_chris,0,med-features-v1,5219,1,297.01458333333335,2055,171,192,16,6.9188521887954435,0.00034722222222222224,1,0,4449,0,1,1,5,1,2055,0.75,1.0,1,0.33333333333333337,0.33333333333333337,1,0,0.20020643814293432,1,2226,16,0,0,0,0,0
d000036,c_noah,1,med-features-v1,5219,1,297.01458333333335,2057,1884,192,176,6.925585864891595,0.0006944444444444445,1,0,4449,0,1,1,5,1,2055,0.75,0.9990277102576568,1,0.2727272727272727,0.2727272727272727,1,0,0.11654363475874982,1,3940,16,0,0,0,0,0
d000036,c_elena,2,med-features-v1,5219,1,297.01458333333335,2055,0,192,0,6.9188521887954435,0.0006944444444444445,1,0,4449,0,1,1,5,1,2055,0.75,1.0,1,0.4545454545454546,0.8,1,0,0.16324105887248924,1,2055,16,0,0,0,0,0
d000036,c_marcus,3,med-features-v1,5219,1,297.01458333333335,171,0,16,0,0.5757293062209347,0.0006944444444444445,1,0,4449,0,1,1,5,1,171,0.75,1.0,1,0.3076923076923077,0.33333333333333337,1,0,0.7697440561649085,1,171,16,0,0,0,0,0
d000036,c_ren,4,med-features-v1,5219,1,297.01458333333335,256,256,24,24,0.8619105403073642,0.8746527777777777,1,0,256,0,1,0,5,1,0,0.0,0.0,1,0.4545454545454546,0.5,1,0,0.00694438434387121,1,512,16,0,0,0,0,0
d000530,c_jamie_li,0,med-features-v1,5222,1,297.1111111111111,170,170,16,16,0.5721765145848916,1.9989583333333334,1,0,4452,0,1,1,1,0,0,0.0,0.0,1,0.7777777777777778,0.7777777777777778,1,0,0.6045076278855153,1,340,14,0,0,0,0,0
d000531,c_fac_012,0,med-features-v1,5228,1,297.2361111111111,42,42,4,4,0.1413018083267137,6.9996527777777775,1,0,4458,0,1,1,1,0,0,0.0,0.0,1,0.6923076923076923,0.6923076923076923,1,0,0.5248534023841417,1,84,16,0,0,0,0,0
d000532,c_noah,0,med-features-v1,5234,1,298.0027777777778,2062,1888,192,176,6.919398588752901,0.00034722222222222224,1,0,4464,0,1,1,4,1,2060,1.0,0.9990300678952473,1,0.2727272727272727,0.2727272727272727,1,0,0.6523017716819127,1,3949,17,0,0,0,0,0
d000532,c_elena,1,med-features-v1,5234,1,298.0027777777778,2060,0,192,0,6.912687241916089,0.0006944444444444445,1,0,4464,0,1,1,4,1,2060,1.0,1.0,1,0.4545454545454546,0.8,1,0,0.8112056680243752,1,2060,17,0,0,0,0,0
d000532,c_taylor,2,med-features-v1,5234,1,298.0027777777778,1888,0,176,0,6.33551141395028,0.0006944444444444445,1,0,4464,0,1,1,4,1,1888,1.0,1.0,1,0.3846153846153846,0.33333333333333337,1,0,0.8144412671151955,1,1888,17,0,0,0,0,0
d000532,c_chris,3,med-features-v1,5234,1,298.0027777777778,2060,172,192,16,6.912687241916089,0.0006944444444444445,1,0,4464,0,1,1,4,1,2060,1.0,1.0,1,0.33333333333333337,0.33333333333333337,1,0,0.8032298310248215,1,2232,17,0,0,0,0,0
d000533,c_elena,0,med-features-v1,2406,1,298.02743055555555,428,428,40,40,1.4361094185262122,0.9920138888888889,1,0,2406,0,1,1,3,1,256,1.0,0.5981308411214953,1,0.4545454545454546,0.8,1,0,0.6346991938527003,1,856,17,0,0,0,0,0
d000533,c_taylor,1,med-features-v1,2406,1,298.02743055555555,342,86,32,8,1.1475453764858985,1.9850694444444446,1,0,2406,0,1,1,3,1,256,1.0,0.7485380116959064,1,0.3846153846153846,0.33333333333333337,1,0,0.7955195941934745,1,428,17,0,0,0,0,0
d000533,c_lena,2,med-features-v1,2406,1,298.02743055555555,256,0,24,0,0.8589813344455849,1.9993055555555554,1,0,2406,0,1,1,3,1,256,1.0,1.0,1,0.4545454545454546,0.8,1,0,0.8477256967358172,1,256,17,0,0,0,0,0
d000534,c_alex_chan,0,med-features-v1,5242,1,298.0840277777778,257,257,24,24,0.8621729983855223,0.00034722222222222224,1,0,4472,0,1,1,1,0,0,0.0,0.0,1,0.8888888888888888,0.8888888888888888,1,1,0.6024305226522736,1,514,18,0,0,0,0,0
d000535,c_pat,0,med-features-v1,5249,1,298.13194444444446,256,256,24,24,0.8586802077752672,1.9989583333333334,1,0,256,0,1,0,1,0,0,0.0,0.0,1,0.33333333333333337,0.33333333333333337,1,0,0.6222183477339022,1,512,16,0,0,0,0,0
d000536,c_fac_013,0,med-features-v1,5255,1,298.24305555555554,42,42,4,4,0.14082473746711063,6.9996527777777775,1,0,4479,0,1,1,1,0,0,0.0,0.0,1,0.7692307692307692,0.7692307692307692,1,0,0.6101698136981549,1,84,16,0,0,0,0,0
d000081,c_noah,0,med-features-v1,5256,1,301.0,2066,1892,192,176,6.863787375415282,2.9947916666666665,1,0,4480,0,1,1,5,1,2064,0.75,0.9990319457889641,1,0.2727272727272727,0.2727272727272727,1,0,0.6962135388285471,1,3957,17,0,0,0,0,0
d000081,c_elena,1,med-features-v1,5256,1,301.0,2064,0,192,0,6.857142857142857,2.995138888888889,1,0,4480,0,1,1,5,1,2064,0.75,1.0,1,0.4545454545454546,0.8,1,0,0.8305769351808789,1,2064,17,0,0,0,0,0
d000081,c_taylor,2,med-features-v1,5256,1,301.0,1892,0,176,0,6.285714285714286,2.995138888888889,1,0,4480,0,1,1,5,1,1892,0.75,1.0,1,0.3846153846153846,0.33333333333333337,1,0,0.8337717883219188,1,1892,17,0,0,0,0,0
d000081,c_chris,3,med-features-v1,5256,1,301.0,2064,172,192,16,6.857142857142857,2.995138888888889,1,0,4480,0,1,1,5,1,2064,0.75,1.0,1,0.33333333333333337,0.33333333333333337,1,0,0.822443841031245,1,2236,17,0,0,0,0,0
d000081,c_ren,4,med-features-v1,5256,1,301.0,258,258,24,24,0.8571428571428571,2.8600694444444446,1,0,258,0,1,0,5,1,0,0.0,0.0,1,0.4545454545454546,0.5,1,0,0.011258065929525744,1,516,17,0,0,0,0,0
d000537,c_noah,0,med-features-v1,5262,1,301.00416666666666,2072,1898,192,176,6.883625641948478,0.00034722222222222224,1,0,4486,0,1,1,4,1,2070,1.0,0.999034749034749,1,0.2727272727272727,0.2727272727272727,1,0,0.6520927697612389,1,3969,17,0,0,0,0,0
d000537,c_elena,1,med-features-v1,5262,1,301.00416666666666,2070,0,192,0,6.876981215653161,0.0006944444444444445,1,0,4486,0,1,1,4,1,2070,1.0,1.0,1,0.4545454545454546,0.8,1,0,0.8108773373011136,1,2070,17,0,0,0,0,0
d000537,c_taylor,2,med-features-v1,5262,1,301.00416666666666,1898,0,176,0,6.3055605542558935,0.0006944444444444445,1,0,4486,0,1,1,4,1,1898,1.0,1.0,1,0.3846153846153846,0.33333333333333337,1,0,0.8140748540171988,1,1898,17,0,0,0,0,0
d000537,c_chris,3,med-features-v1,5262,1,301.00416666666666,2070,172,192,16,6.876981215653161,0.0006944444444444445,1,0,4486,0,1,1,4,1,2070,1.0,1.0,1,0.33333333333333337,0.33333333333333337,1,0,0.8029860704977207,1,2242,17,0,0,0,0,0
d000538,c_marcus,0,med-features-v1,258,1,301.0,86,86,8,8,0.2857142857142857,3.999652777777778,1,0,258,0,1,1,1,0,0,0.0,0.0,1,0.3076923076923077,0.33333333333333337,1,0,0.6152295205222656,1,172,14,0,0,0,0,0
d000539,c_morgan_shaw,0,med-features-v1,5271,1,301.09791666666666,259,259,24,24,0.8601852940972967,0.00034722222222222224,1,0,4495,0,1,1,1,0,0,0.0,0.0,1,0.8181818181818181,0.8181818181818181,1,1,0.6160487753299126,1,518,18,0,0,0,0,0
d000540,c_sam,0,med-features-v1,5278,1,301.1458333333333,43,43,4,4,0.1427879626426842,6.9996527777777775,1,0,4496,0,1,1,1,0,0,0.0,0.0,1,0.33333333333333337,0.33333333333333337,1,0,0.5707323873578157,1,86,18,0,0,0,0,0
d000541,c_noah,0,med-features-v1,5284,1,302.00138888888887,2076,1902,192,176,6.874140571465364,0.00034722222222222224,1,0,4502,0,1,1,4,1,2074,1.0,0.9990366088631984,1,0.2727272727272727,0.2727272727272727,1,0,0.65258525504275,1,3977,17,0,0,0,0,0
d000541,c_elena,1,med-features-v1,5284,1,302.00138888888887,2074,0,192,0,6.867518085365686,0.0006944444444444445,1,0,4502,0,1,1,4,1,2074,1.0,1.0,1,0.4545454545454546,0.8,1,0,0.8117384862866787,1,2074,17,0,0,0,0,0
d000541,c_taylor,2,med-features-v1,5284,1,302.00138888888887,1902,0,176,0,6.297984280793411,0.0006944444444444445,1,0,4502,0,1,1,4,1,1902,1.0,1.0,1,0.3846153846153846,0.33333333333333337,1,0,0.8149342069481248,1,1902,17,0,0,0,0,0
d000541,c_chris,3,med-features-v1,5284,1,302.00138888888887,2074,172,192,16,6.867518085365686,0.0006944444444444445,1,0,4502,0,1,1,4,1,2074,1.0,1.0,1,0.33333333333333337,0.33333333333333337,1,0,0.8038706025541775,1,2246,17,0,0,0,0,0
d000542,c_noah,0,med-features-v1,5290,1,302.00694444444446,2082,1908,192,176,6.893881211340799,0.001736111111111111,1,0,4508,0,1,1,5,1,2080,1.0,0.9990393852065321,1,0.2727272727272727,0.2727272727272727,1,0,0.6961721840340328,1,3989,17,0,0,0,0,0
d000542,c_elena,1,med-features-v1,5290,1,302.00694444444446,2080,0,192,0,6.887258847064775,0.0020833333333333333,1,0,4508,0,1,1,5,1,2080,1.0,1.0,1,0.4545454545454546,0.8,1,0,0.8305536726723315,1,2080,17,0,0,0,0,0
d000542,c_taylor,2,med-features-v1,5290,1,302.00694444444446,1908,0,176,0,6.317735519326726,0.0020833333333333333,1,0,4508,0,1,1,5,1,1908,1.0,1.0,1,0.3846153846153846,0.33333333333333337,1,0,0.833694530248621,1,1908,17,0,0,0,0,0
d000542,c_chris,3,med-features-v1,5290,1,302.00694444444446,2080,172,192,16,6.887258847064775,0.0020833333333333333,1,0,4508,0,1,1,5,1,2080,1.0,1.0,1,0.33333333333333337,0.33333333333333337,1,0,0.8225523903213366,1,2252,17,0,0,0,0,0
d000542,c_lena,4,med-features-v1,5290,1,302.00694444444446,172,0,16,0,0.5695233277380487,4.999305555555556,1,0,4508,0,1,1,5,1,172,1.0,1.0,1,0.4545454545454546,0.8,1,0,0.8059619684810022,1,172,17,0,0,0,0,0
d000543,c_avery,0,med-features-v1,346,1,301.96493055555555,86,86,8,8,0.284801284181501,3.999652777777778,1,0,346,0,1,1,2,1,86,1.0,1.0,1,0.41666666666666663,0.25,1,0,0.5860505734280524,1,172,18,0,0,0,0,0
d000543,c_devon,1,med-features-v1,346,1,301.96493055555555,86,0,8,0,0.284801284181501,4.0,1,0,346,0,1,1,2,1,86,1.0,1.0,1,0.4545454545454546,0.4,1,0,0.7528965009325848,1,86,18,0,0,0,0,0
d000544,c_morgan_zhao,0,med-features-v1,5299,1,302.11875,173,173,16,16,0.572622520118331,0.00034722222222222224,1,0,4517,0,1,1,1,0,0,0.0,0.0,1,0.8181818181818181,0.8181818181818181,1,1,0.6290080336370772,1,346,14,0,0,0,0,0
d000545,c_noah,0,med-features-v1,5306,1,303.00138888888887,2088,1912,192,176,6.891057521738533,0.00034722222222222224,1,0,4524,0,1,1,4,1,2086,1.0,0.9990421455938697,1,0.2727272727272727,0.2727272727272727,1,0,0.6963835229388804,1,3999,17,0,0,0,0,0
d000545,c_elena,1,med-features-v1,5306,1,303.00138888888887,2086,0,192,0,6.884456891928439,0.0006944444444444445,1,0,4524,0,1,1,4,1,2086,1.0,1.0,1,0.4545454545454546,0.8,1,0,0.8308674891580177,1,2086,17,0,0,0,0,0
d000545,c_taylor,2,med-features-v1,5306,1,303.00138888888887,1912,0,176,0,6.310202098450228,0.0006944444444444445,1,0,4524,0,1,1,4,1,1912,1.0,1.0,1,0.3846153846153846,0.33333333333333337,1,0,0.834071635839564,1,1912,17,0,0,0,0,0
d000545,c_chris,3,med-features-v1,5306,1,303.00138888888887,2086,174,192,16,6.884456891928439,0.0006944444444444445,1,0,4524,0,1,1,4,1,2086,1.0,1.0,1,0.33333333333333337,0.33333333333333337,1,0,0.8227159803009806,1,2260,17,0,0,0,0,0
d000546,c_priya,0,med-features-v1,5312,1,303.0208333333333,260,260,24,24,0.8580268133379169,1.9989583333333334,1,0,4530,0,1,1,2,1,260,1.0,1.0,1,0.4545454545454546,0.4,1,0,0.699633446013586,1,520,18,0,0,0,0,0
d000546,c_quinn,1,med-features-v1,5312,1,303.0208333333333,260,0,24,0,0.8580268133379169,1.9993055555555554,1,0,4530,0,1,1,2,1,260,1.0,1.0,1,0.2727272727272727,0.19999999999999996,1,0,0.7799217859501087,1,260,18,0,0,0,0,0
d000547,c_alex_chan,0,med-features-v1,5314,1,303.0833333333333,260,260,24,24,0.8578498762716525,1.9989583333333334,1,0,4532,0,1,1,1,0,0,0.0,0.0,1,0.8888888888888888,0.8888888888888888,1,1,0.5617670595677537,1,520,17,0,0,0,0,0
d000548,c_lee,0,med-features-v1,5320,1,303.125,260,260,24,24,0.8577319587628865,1.9989583333333334,1,0,260,0,1,0,1,0,0,0.0,0.0,1,0.4545454545454546,0.5,1,0,0.7213036591493827,1,520,14,0,0,0,0,0
d000549,c_fac_001,0,med-features-v1,5326,1,303.15972222222223,43,43,4,4,0.14183942274653533,6.9996527777777775,1,0,4538,0,1,1,1,0,0,0.0,0.0,1,0.6666666666666667,0.6666666666666667,1,0,0.5166495490026937,1,86,16,0,0,0,0,0
d000550,c_noah,0,med-features-v1,5333,1,304.00208333333336,2097,1921,192,176,6.897979043455019,0.00034722222222222224,1,0,4545,0,1,1,4,1,2095,1.0,0.9990462565569862,1,0.2727272727272727,0.2727272727272727,1,0,0.6520457484290559,1,4017,17,0,0,0,0,0
d000550,c_elena,1,med-features-v1,5333,1,304.00208333333336,2095,0,192,0,6.891400141172277,0.0006944444444444445,1,0,4545,0,1,1,4,1,2095,1.0,1.0,1,0.4545454545454546,0.8,1,0,0.8107990165531566,1,2095,17,0,0,0,0,0
d000550,c_taylor,2,med-features-v1,5333,1,304.00208333333336,1921,0,176,0,6.319035642573721,0.0006944444444444445,1,0,4545,0,1,1,4,1,1921,1.0,1.0,1,0.3846153846153846,0.33333333333333337,1,0,0.8139930849490364,1,1921,17,0,0,0,0,0
d000550,c_chris,3,med-features-v1,5333,1,304.00208333333336,2095,174,192,16,6.891400141172277,0.0006944444444444445,1,0,4545,0,1,1,4,1,2095,1.0,1.0,1,0.33333333333333337,0.33333333333333337,1,0,0.8029167039615379,1,2269,17,0,0,0,0,0
d000551,c_noah,0,med-features-v1,5339,1,304.0076388888889,2103,1927,192,176,6.9175893332358696,0.00034722222222222224,1,0,4551,0,1,1,5,1,2101,1.0,0.9990489776509748,1,0.2727272727272727,0.2727272727272727,1,0,0.6968989554474727,1,4029,17,0,0,0,0,0
d000551,c_elena,1,med-features-v1,5339,1,304.0076388888889,2101,0,192,0,6.911010551178584,0.0006944444444444445,1,0,4551,0,1,1,5,1,2101,1.0,1.0,1,0.4545454545454546,0.8,1,0,0.8318121612074547,1,2101,17,0,0,0,0,0
d000551,c_taylor,2,med-features-v1,5339,1,304.0076388888889,1927,0,176,0,6.338656512194732,0.0006944444444444445,1,0,4551,0,1,1,5,1,1927,1.0,1.0,1,0.3846153846153846,0.33333333333333337,1,0,0.8349787939187108,1,1927,17,0,0,0,0,0
d000551,c_chris,3,med-features-v1,5339,1,304.0076388888889,2101,174,192,16,6.911010551178584,0.0006944444444444445,1,0,4551,0,1,1,5,1,2101,1.0,1.0,1,0.33333333333333337,0.33333333333333337,1,0,0.8237744723683197,1,2275,17,0,0,0,0,0
d000551,c_lena,4,med-features-v1,5339,1,304.0076388888889,175,0,16,0,0.5756434300124951,0.0006944444444444445,1,0,4551,0,1,1,5,1,175,1.0,1.0,1,0.4545454545454546,0.8,1,0,0.8085976603761883,1,175,17,0,0,0,0,0
d000552,c_marcus,0,med-features-v1,263,1,304.0,87,87,8,8,0.28618421052631576,2.999652777777778,1,0,263,0,1,1,1,0,0,0.0,0.0,1,0.3076923076923077,0.33333333333333337,1,0,0.7567459763449697,1,174,19,0,0,0,0,0
d000553,c_morgan_zhao,0,med-features-v1,5347,1,304.11875,175,175,16,16,0.5754331161758359,0.00034722222222222224,1,0,4559,0,1,1,1,0,0,0.0,0.0,1,0.8181818181818181,0.8181818181818181,1,1,0.603811622125732,1,350,15,0,0,0,0,0
d000554,c_noah,0,med-features-v1,5353,1,305.00069444444443,2107,1929,192,176,6.90818099230193,0.00034722222222222224,1,0,4565,0,1,1,4,1,2105,1.0,0.9990507831039392,1,0.2727272727272727,0.2727272727272727,1,0,0.6515930924947955,1,4035,17,0,0,0,0,0
d000554,c_elena,1,med-features-v1,5353,1,305.00069444444443,2105,0,192,0,6.901623630182992,0.0006944444444444445,1,0,4565,0,1,1,4,1,2105,1.0,1.0,1,0.4545454545454546,0.8,1,0,0.8099723660078373,1,2105,17,0,0,0,0,0
d000554,c_taylor,2,med-features-v1,5353,1,305.00069444444443,1929,0,176,0,6.3245757637163855,0.0006944444444444445,1,0,4565,0,1,1,4,1,1929,1.0,1.0,1,0.3846153846153846,0.33333333333333337,1,0,0.8132096830820291,1,1929,17,0,0,0,0,0
d000554,c_chris,3,med-features-v1,5353,1,305.00069444444443,2105,176,192,16,6.901623630182992,0.0006944444444444445,1,0,4565,0,1,1,4,1,2105,1.0,1.0,1,0.33333333333333337,0.33333333333333337,1,0,0.801995385827712,1,2281,17,0,0,0,0,0
d000555,c_priya,0,med-features-v1,5360,1,305.0208333333333,262,262,24,24,0.8589577214671129,1.9989583333333334,1,0,4572,0,1,1,2,1,262,1.0,1.0,1,0.4545454545454546,0.4,1,0,0.6997246825740671,1,524,18,0,0,0,0,0
d000555,c_quinn,1,med-features-v1,5360,1,305.0208333333333,262,0,24,0,0.8589577214671129,1.9993055555555554,1,0,4572,0,1,1,2,1,262,1.0,1.0,1,0.2727272727272727,0.19999999999999996,1,0,0.7800863531685771,1,262,18,0,0,0,0,0
d000556,c_hana,0,med-features-v1,87,1,304.9302083333333,43,43,4,4,0.14101587453413178,6.9996527777777775,1,0,87,0,1,1,1,0,0,0.0,0.0,1,0.3846153846153846,0.5,1,0,0.6777581702535896,1,86,18,0,0,0,0,0
d000557,c_morgan_shaw,0,med-features-v1,5368,1,305.09791666666666,263,263,24,24,0.8620183411063388,0.00034722222222222224,1,0,4580,0,1,1,1,0,0,0.0,0.0,1,0.8181818181818181,0.8181818181818181,1,1,0.6157905690397593,1,526,18,0,0,0,0,0
d000558,c_ren,0,med-features-v1,5374,1,305.13958333333335,263,263,24,24,0.8619006329070712,0.00034722222222222224,1,0,263,0,1,0,1,0,0,0.0,0.0,1,0.4545454545454546,0.5,1,0,0.5577568862043648,1,526,16,0,0,0,0,0
d000559,c_noah,0,med-features-v1,5380,1,308.00138888888887,2116,1938,192,176,6.870098890246707,0.00034722222222222224,1,0,4586,0,1,1,4,1,2114,1.0,0.999054820415879,1,0.2727272727272727,0.2727272727272727,1,0,0.6969830614945057,1,4053,17,0,0,0,0,0
d000559,c_elena,1,med-features-v1,5380,1,308.00138888888887,2114,0,192,0,6.863605413034754,0.0006944444444444445,1,0,4586,0,1,1,4,1,2114,1.0,1.0,1,0.4545454545454546,0.8,1,0,0.8319247282234767,1,2114,17,0,0,0,0,0
d000559,c_taylor,2,med-features-v1,5380,1,308.00138888888887,1938,0,176,0,6.292179418382854,0.0006944444444444445,1,0,4586,0,1,1,4,1,1938,1.0,1.0,1,0.3846153846153846,0.33333333333333337,1,0,0.8351146645527695,1,1938,17,0,0,0,0,0
d000559,c_chris,3,med-features-v1,5380,1,308.00138888888887,2114,176,192,16,6.863605413034754,0.0006944444444444445,1,0,4586,0,1,1,4,1,2114,1.0,1.0,1,0.33333333333333337,0.33333333333333337,1,0,0.823804954883712,1,2290,17,0,0,0,0,0
d000560,c_priya,0,med-features-v1,5387,1,308.0215277777778,265,265,24,24,0.8603294773318062,0.00034722222222222224,1,0,4593,0,1,1,2,1,265,1.0,1.0,1,0.4545454545454546,0.4,1,0,0.6651538551668567,1,530,14,0,0,0,0,0
d000560,c_quinn,1,med-features-v1,5387,1,308.0215277777778,265,0,24,0,0.8603294773318062,0.0006944444444444445,1,0,4593,0,1,1,2,1,265,1.0,1.0,1,0.2727272727272727,0.19999999999999996,1,0,0.8192081745976603,1,265,14,0,0,0,0,0
d000561,c_jamie_lee,0,med-features-v1,5390,1,308.09027777777777,264,264,24,24,0.8568916939028514,2.9989583333333334,1,0,4596,0,1,1,1,0,0,0.0,0.0,1,0.7777777777777778,0.7777777777777778,1,0,0.6046060868779086,1,528,18,0,0,0,0,0
d000562,c_pat,0,med-features-v1,5396,1,308.13194444444446,264,264,24,24,0.8567758220459308,2.9989583333333334,1,0,264,0,1,0,1,0,0,0.0,0.0,1,0.33333333333333337,0.33333333333333337,1,0,0.6240003639395614,1,528,16,0,0,0,0,0
d000563,c_fac_009,0,med-features-v1,5402,1,308.21527777777777,44,44,4,4,0.14275736205303832,6.9996527777777775,1,0,4602,0,1,1,1,0,0,0.0,0.0,1,0.6923076923076923,0.6923076923076923,1,0,0.6714886810547224,1,88,18,0,0,0,0,0
d000564,c_noah,0,med-features-v1,5408,1,309.0027777777778,2126,1948,192,176,6.88019704964896,0.00034722222222222224,1,0,4608,0,1,1,4,1,2124,1.0,0.9990592662276576,1,0.2727272727272727,0.2727272727272727,1,0,0.6976116286049556,1,4073,17,0,0,0,0,0
d000564,c_elena,1,med-features-v1,5408,1,309.0027777777778,2124,0,192,0,6.873724615923985,0.0006944444444444445,1,0,4608,0,1,1,4,1,2124,1.0,1.0,1,0.4545454545454546,0.8,1,0,0.8330496486339257,1,2124,17,0,0,0,0,0
d000564,c_taylor,2,med-features-v1,5408,1,309.0027777777778,1948,0,176,0,6.304150448126141,0.0006944444444444445,1,0,4608,0,1,1,4,1,1948,1.0,1.0,1,0.3846153846153846,0.33333333333333337,1,0,0.8362215593345463,1,1948,17,0,0,0,0,0
d000564,c_chris,3,med-features-v1,5408,1,309.0027777777778,2124,176,192,16,6.873724615923985,0.0006944444444444445,1,0,4608,0,1,1,4,1,2124,1.0,1.0,1,0.33333333333333337,0.33333333333333337,1,0,0.8250002059478494,1,2300,17,0,0,0,0,0
d000565,c_chris,0,med-features-v1,5415,1,309.01458333333335,2131,177,192,16,6.89611466556999,0.00034722222222222224,1,0,4615,0,1,1,4,1,2131,1.0,1.0,1,0.33333333333333337,0.33333333333333337,1,0,0.19659375861666753,1,2308,21,0,0,0,0,0
d000565,c_noah,1,med-features-v1,5415,1,309.01458333333335,2133,1954,192,176,6.902586852022895,0.0006944444444444445,1,0,4615,0,1,1,4,1,2131,1.0,0.9990623534927332,1,0.2727272727272727,0.2727272727272727,1,0,0.10445108339345954,1,4086,21,0,0,0,0,0
d000565,c_elena,2,med-features-v1,5415,1,309.01458333333335,2131,0,192,0,6.89611466556999,0.0006944444444444445,1,0,4615,0,1,1,4,1,2131,1.0,1.0,1,0.4545454545454546,0.8,1,0,0.1506106932345742,1,2131,21,0,0,0,0,0
d000565,c_marcus,3,med-features-v1,5415,1,309.01458333333335,177,0,16,0,0.5727885010820687,0.0006944444444444445,1,0,4615,0,1,1,4,1,177,1.0,1.0,1,0.3076923076923077,0.33333333333333337,1,0,0.8468763868156652,1,177,21,0,0,0,0,0
d000566,c_jamie_li,0,med-features-v1,5418,1,309.1111111111111,176,176,16,16,0.5693745506829619,4.998958333333333,1,0,4618,0,1,1,1,0,0,0.0,0.0,1,0.7777777777777778,0.7777777777777778,1,0,0.6091173095641808,1,352,14,0,0,0,0,0
d000567,c_fac_010,0,med-features-v1,5424,1,309.22222222222223,44,44,4,4,0.14229249011857706,6.9996527777777775,1,0,4624,0,1,1,1,0,0,0.0,0.0,1,0.6428571428571428,0.6428571428571428,1,0,0.7170590781937075,1,88,16,0,0,0,0,0
d000082,c_noah,0,med-features-v1,5430,1,310.0027777777778,2138,1958,192,176,6.896712395050224,0.00034722222222222224,1,0,4630,0,1,1,5,1,2136,0.75,0.9990645463049579,1,0.2727272727272727,0.2727272727272727,1,0,0.6975690598484184,1,4095,17,0,0,0,0,0
d000082,c_elena,1,med-features-v1,5430,1,310.0027777777778,2136,0,192,0,6.890260839956631,0.0006944444444444445,1,0,4630,0,1,1,5,1,2136,0.75,1.0,1,0.4545454545454546,0.8,1,0,0.8329399359117384,1,2136,17,0,0,0,0,0
d000082,c_taylor,2,med-features-v1,5430,1,310.0027777777778,1958,0,176,0,6.316072436626912,0.0006944444444444445,1,0,4630,0,1,1,5,1,1958,0.75,1.0,1,0.3846153846153846,0.33333333333333337,1,0,0.836162362599424,1,1958,17,0,0,0,0,0
d000082,c_chris,3,med-features-v1,5430,1,310.0027777777778,2136,178,192,16,6.890260839956631,0.0006944444444444445,1,0,4630,0,1,1,5,1,2136,0.75,1.0,1,0.33333333333333337,0.33333333333333337,1,0,0.8247872743945982,1,2314,17,0,0,0,0,0
d000082,c_lee,4,med-features-v1,5430,1,310.0027777777778,266,266,24,24,0.8580568274477827,1.8767361111111112,1,0,266,0,1,0,5,1,0,0.0,0.0,1,0.4545454545454546,0.5,1,0,0.01131641879789935,1,532,17,0,0,0,0,0
d000568,c_noah,0,med-features-v1,5431,1,310.00347222222223,2139,1959,192,176,6.8999227159194,0.00034722222222222224,1,0,4631,0,1,1,4,1,2137,1.0,0.9990649836372136,1,0.2727272727272727,0.2727272727272727,1,0,0.6976747726390423,1,4097,17,0,0,0,0,0
d000568,c_elena,1,med-features-v1,5431,1,310.00347222222223,2137,0,192,0,6.893471175278054,0.0006944444444444445,1,0,4631,0,1,1,4,1,2137,1.0,1.0,1,0.4545454545454546,0.8,1,0,0.8331269355161147,1,2137,17,0,0,0,0,0
d000568,c_taylor,2,med-features-v1,5431,1,310.00347222222223,1959,0,176,0,6.3192840581982725,0.0006944444444444445,1,0,4631,0,1,1,4,1,1959,1.0,1.0,1,0.3846153846153846,0.33333333333333337,1,0,0.8363485363351889,1,1959,17,0,0,0,0,0
d000568,c_chris,3,med-features-v1,5431,1,310.00347222222223,2137,178,192,16,6.893471175278054,0.0006944444444444445,1,0,4631,0,1,1,4,1,2137,1.0,1.0,1,0.33333333333333337,0.33333333333333337,1,0,0.8249806191613378,1,2315,17,0,0,0,0,0
d000059,c_fac_003,0,med-features-v1,5435,1,310.0215277777778,44,44,4,4,0.14192562792458407,4.847569444444445,1,0,4635,0,1,1,1,0,0,0.0,0.0,1,0.75,0.75,1,0,0.018178098846925537,1,88,18,0,0,0,0,0
d000569,c_noah,0,med-features-v1,88,1,308.0,88,356,8,32,0.2857142857142857,0.013194444444444444,1,0,88,0,1,1,1,0,0,0.0,0.0,1,0.2727272727272727,0.2727272727272727,1,0,0.6326190720720717,1,444,15,0,0,0,0,0
d000013,c_alex_chen,0,med-features-v1,5437,1,310.0840277777778,222,222,20,20,0.7159349728232266,0.9788194444444445,1,0,4637,0,1,1,1,0,0,0.0,0.0,1,0.8888888888888888,0.8888888888888888,1,1,0.0530967866012315,1,444,17,0,0,0,0,0
d000014,c_jamie_li,0,med-features-v1,5439,1,310.0909722222222,178,178,16,16,0.5740250956820467,0.9788194444444445,1,0,4639,0,1,1,1,0,0,0.0,0.0,1,0.7777777777777778,0.7777777777777778,1,0,0.05886916955301247,1,356,17,0,0,0,0,0
d000015,c_morgan_zhao,0,med-features-v1,5441,1,310.09791666666666,178,178,16,16,0.5740122407572877,0.9788194444444445,1,0,4641,0,1,1,1,0,0,0.0,0.0,1,0.8181818181818181,0.8181818181818181,1,1,0.05224246772255023,1,356,18,0,0,0,0,0
d000570,c_pat,0,med-features-v1,5444,1,310.13194444444446,266,266,24,24,0.8576994558767549,1.9989583333333334,1,0,266,0,1,0,1,0,0,0.0,0.0,1,0.33333333333333337,0.33333333333333337,1,0,0.6263497861190419,1,532,16,0,0,0,0,0
d000571,c_fac_011,0,med-features-v1,5450,1,310.2291666666667,44,44,4,4,0.14183063595460343,6.9996527777777775,1,0,4644,0,1,1,1,0,0,0.0,0.0,1,0.6666666666666667,0.6666666666666667,1,0,0.6227691454285644,1,88,18,0,0,0,0,0
d000572,c_noah,0,med-features-v1,5456,1,311.0027777777778,2146,1966,192,176,6.900259911933619,0.00034722222222222224,1,0,4650,0,1,1,4,1,2144,1.0,0.9990680335507922,1,0.2727272727272727,0.2727272727272727,1,0,0.6977606298954346,1,4111,17,0,0,0,0,0
d000572,c_elena,1,med-features-v1,5456,1,311.0027777777778,2144,0,192,0,6.893829101204884,0.0006944444444444445,1,0,4650,0,1,1,4,1,2144,1.0,1.0,1,0.4545454545454546,0.8,1,0,0.8332972457781651,1,2144,17,0,0,0,0,0
d000572,c_taylor,2,med-features-v1,5456,1,311.0027777777778,1966,0,176,0,6.321486946347388,0.0006944444444444445,1,0,4650,0,1,1,4,1,1966,1.0,1.0,1,0.3846153846153846,0.33333333333333337,1,0,0.8364981259951653,1,1966,17,0,0,0,0,0
d000572,c_chris,3,med-features-v1,5456,1,311.0027777777778,2144,178,192,16,6.893829101204884,0.0006944444444444445,1,0,4650,0,1,1,4,1,2144,1.0,1.0,1,0.33333333333333337,0.33333333333333337,1,0,0.8252054672487102,1,2322,17,0,0,0,0,0
d000135,c_noah,0,med-features-v1,5460,1,311.00694444444446,2150,1970,192,176,6.913028915931673,0.001736111111111111,1,0,4654,0,1,1,5,1,2148,1.0,0.9990697674418605,1,0.2727272727272727,0.2727272727272727,1,0,0.6506888109676874,1,4119,17,0,0,0,0,0
d000135,c_elena,1,med-features-v1,5460,1,311.00694444444446,2148,0,192,0,6.906598191358714,0.0020833333333333333,1,0,4654,0,1,1,5,1,2148,1.0,1.0,1,0.4545454545454546,0.8,1,0,0.8084707005810663,1,2148,17,0,0,0,0,0
d000135,c_taylor,2,med-features-v1,5460,1,311.00694444444446,1970,0,176,0,6.3342637043653,0.0020833333333333333,1,0,4654,0,1,1,5,1,1970,1.0,1.0,1,0.3846153846153846,0.33333333333333337,1,0,0.8116192971284454,1,1970,17,0,0,0,0,0
d000135,c_chris,3,med-features-v1,5460,1,311.00694444444446,2148,178,192,16,6.906598191358714,0.0020833333333333333,1,0,4654,0,1,1,5,1,2148,1.0,1.0,1,0.33333333333333337,0.33333333333333337,1,0,0.80065107688376,1,2326,17,0,0,0,0,0
d000135,c_lena,4,med-features-v1,5460,1,311.00694444444446,178,0,16,0,0.5723344869934129,1.9993055555555554,1,0,4654,0,1,1,5,1,178,1.0,1.0,1,0.4545454545454546,0.8,1,0,0.837313710779915,1,178,17,0,0,0,0,0
d000037,c_chris,0,med-features-v1,5462,1,311.0138888888889,2150,178,192,16,6.912874559013977,0.00625,1,0,4656,0,1,1,5,1,2150,0.75,1.0,1,0.33333333333333337,0.33333333333333337,1,0,0.20012770732310603,1,2328,16,0,0,0,0,0
d000037,c_noah,1,med-features-v1,5462,1,311.0138888888889,2152,1972,192,176,6.919305139999106,0.005902777777777778,1,0,4656,0,1,1,5,1,2150,0.75,0.9990706319702602,1,0.2727272727272727,0.2727272727272727,1,0,0.11655359372340617,1,4123,16,0,0,0,0,0
d000037,c_elena,2,med-features-v1,5462,1,311.0138888888889,2150,0,192,0,6.912874559013977,0.00625,1,0,4656,0,1,1,5,1,2150,0.75,1.0,1,0.4545454545454546,0.8,1,0,0.16328964980472913,1,2150,16,0,0,0,0,0
d000037,c_marcus,3,med-features-v1,5462,1,311.0138888888889,178,0,16,0,0.572321707676506,1.9993055555555554,1,0,4656,0,1,1,5,1,178,0.75,1.0,1,0.3076923076923077,0.33333333333333337,1,0,0.7740603278830983,1,178,16,0,0,0,0,0
d000037,c_lee,4,med-features-v1,5462,1,311.0138888888889,268,268,24,24,0.8616978520073236,0.8878472222222222,1,0,268,0,1,0,5,1,0,0.0,0.0,1,0.4545454545454546,0.5,1,0,0.006976112993145878,1,536,16,0,0,0,0,0
d000573,c_noah,0,med-features-v1,446,1,311.00659722222224,446,446,40,40,1.4340531808118575,1.0059027777777778,1,0,446,0,1,1,3,1,178,1.0,0.3991031390134529,1,0.2727272727272727,0.2727272727272727,1,0,0.6085834876321413,1,892,16,0,0,0,0,0
d000573,c_taylor,1,med-features-v1,446,1,311.00659722222224,178,0,16,0,0.5723351259742391,1.9993055555555554,1,0,446,0,1,1,3,1,178,1.0,1.0,1,0.3846153846153846,0.33333333333333337,1,0,0.8352315246790493,1,178,16,0,0,0,0,0
d000573,c_chris,2,med-features-v1,446,1,311.00659722222224,178,0,16,0,0.5723351259742391,1.9993055555555554,1,0,446,0,1,1,3,1,178,1.0,1.0,1,0.33333333333333337,0.33333333333333337,1,0,0.8352315246790493,1,178,16,0,0,0,0,0
d000574,c_jamie_li,0,med-features-v1,5466,1,311.1111111111111,178,178,16,16,0.5721428571428572,1.9989583333333334,1,0,4660,0,1,1,1,0,0,0.0,0.0,1,0.7777777777777778,0.7777777777777778,1,0,0.6268650108946072,1,356,15,0,0,0,0,0
d000575,c_fac_012,0,med-features-v1,5472,1,311.2361111111111,44,44,4,4,0.14137177027087333,6.9996527777777775,1,0,4666,0,1,1,1,0,0,0.0,0.0,1,0.6923076923076923,0.6923076923076923,1,0,0.7292850466952806,1,88,18,0,0,0,0,0
d000576,c_noah,0,med-features-v1,5479,1,312.00347222222223,2159,1977,192,176,6.919794785047353,0.00034722222222222224,1,0,4673,0,1,1,4,1,2157,1.0,0.999073645206114,1,0.2727272727272727,0.2727272727272727,1,0,0.6503635222680293,1,4135,17,0,0,0,0,0
d000576,c_elena,1,med-features-v1,5479,1,312.00347222222223,2157,0,192,0,6.913384599975516,0.0006944444444444445,1,0,4673,0,1,1,4,1,2157,1.0,1.0,1,0.4545454545454546,0.8,1,0,0.8078604205391515,1,2157,17,0,0,0,0,0
d000576,c_taylor,2,med-features-v1,5479,1,312.00347222222223,1977,0,176,0,6.336467943510244,0.0006944444444444445,1,0,4673,0,1,1,4,1,1977,1.0,1.0,1,0.3846153846153846,0.33333333333333337,1,0,0.8110568135867051,1,1977,17,0,0,0,0,0
d000576,c_chris,3,med-features-v1,5479,1,312.00347222222223,2157,180,192,16,6.913384599975516,0.0006944444444444445,1,0,4673,0,1,1,4,1,2157,1.0,1.0,1,0.33333333333333337,0.33333333333333337,1,0,0.7999390311614636,1,2337,17,0,0,0,0,0
d000577,c_elena,0,med-features-v1,2519,1,312.028125,449,449,40,40,1.438972849001993,0.00034722222222222224,1,0,2519,0,1,1,3,1,269,1.0,0.5991091314031181,1,0.4545454545454546,0.8,1,0,0.6609445573599103,1,898,17,0,0,0,0,0
d000577,c_taylor,1,med-features-v1,2519,1,312.028125,359,90,32,8,1.1505373113401236,0.0006944444444444445,1,0,2519,0,1,1,3,1,269,1.0,0.7493036211699164,1,0.3846153846153846,0.33333333333333337,1,0,0.7846083762258381,1,449,17,0,0,0,0,0
d000577,c_lena,2,med-features-v1,2519,1,312.028125,269,0,24,0,0.8621017736782542,0.0006944444444444445,1,0,2519,0,1,1,3,1,269,1.0,1.0,1,0.4545454545454546,0.8,1,0,0.8329920826031179,1,269,17,0,0,0,0,0
d000098,c_alex_chen,0,med-features-v1,5485,1,312.0833333333333,225,225,20,20,0.7209612817089454,0.027430555555555555,1,0,4679,0,1,1,1,0,0,0.0,0.0,1,0.8888888888888888,0.8888888888888888,1,1,0.0,1,450,2,0,1,0,0,1
d000099,c_jamie_li,0,med-features-v1,5487,1,312.09027777777777,180,180,16,16,0.5767561914510135,0.978125,1,0,4681,0,1,1,1,0,0,0.0,0.0,1,0.7777777777777778,0.7777777777777778,1,0,0.0,1,360,2,0,1,0,0,1
d000100,c_morgan_zhao,0,med-features-v1,5489,1,312.09722222222223,180,180,16,16,0.5767433581060033,0.978125,1,0,4683,0,1,1,1,0,0,0.0,0.0,1,0.8181818181818181,0.8181818181818181,1,1,0.0,1,360,2,0,1,0,0,1
d000578,c_morgan_shaw,0,med-features-v1,5490,1,312.09791666666666,269,269,24,24,0.8619089895665757,0.00034722222222222224,1,0,4684,0,1,1,1,0,0,0.0,0.0,1,0.8181818181818181,0.8181818181818181,1,1,0.5520778690217976,1,538,17,0,0,0,0,0
d000579,c_ren,0,med-features-v1,5496,1,312.13958333333335,269,269,24,24,0.8617939356724755,0.00034722222222222224,1,0,269,0,1,0,1,0,0,0.0,0.0,1,0.4545454545454546,0.5,1,0,0.7405838699402169,1,538,14,0,0,0,0,0
d000580,c_noah,0,med-features-v1,5502,1,315.00138888888887,2164,1982,192,176,6.869810979669403,0.00034722222222222224,1,0,4690,0,1,1,4,1,2162,1.0,0.9990757855822551,1,0.2727272727272727,0.2727272727272727,1,0,0.6981441953014347,1,4145,17,0,0,0,0,0
d000580,c_elena,1,med-features-v1,5502,1,315.00138888888887,2162,0,192,0,6.863461801314809,0.0006944444444444445,1,0,4690,0,1,1,4,1,2162,1.0,1.0,1,0.4545454545454546,0.8,1,0,0.833945769750307,1,2162,17,0,0,0,0,0
d000580,c_taylor,2,med-features-v1,5502,1,315.00138888888887,1982,0,176,0,6.2920357494014585,0.0006944444444444445,1,0,4690,0,1,1,4,1,1982,1.0,1.0,1,0.3846153846153846,0.33333333333333337,1,0,0.8371605724014067,1,1982,17,0,0,0,0,0
d000580,c_chris,3,med-features-v1,5502,1,315.00138888888887,2162,180,192,16,6.863461801314809,0.0006944444444444445,1,0,4690,0,1,1,4,1,2162,1.0,1.0,1,0.33333333333333337,0.33333333333333337,1,0,0.8258083682918237,1,2342,17,0,0,0,0,0
d000581,c_priya,0,med-features-v1,5509,1,315.0215277777778,271,271,24,24,0.8602586683890651,0.00034722222222222224,1,0,4697,0,1,1,2,1,271,1.0,1.0,1,0.4545454545454546,0.4,1,0,0.6628793639522206,1,542,14,0,0,0,0,0
d000581,c_quinn,1,med-features-v1,5509,1,315.0215277777778,271,0,24,0,0.8602586683890651,0.0006944444444444445,1,0,4697,0,1,1,2,1,271,1.0,1.0,1,0.2727272727272727,0.19999999999999996,1,0,0.8156384190657814,1,271,14,0,0,0,0,0
d000582,c_jamie_lee,0,med-features-v1,5512,1,315.09027777777777,270,270,24,24,0.856897273709034,2.9989583333333334,1,0,4700,0,1,1,1,0,0,0.0,0.0,1,0.7777777777777778,0.7777777777777778,1,0,0.6104853472285581,1,540,18,0,0,0,0,0
d000583,c_pat,0,med-features-v1,5518,1,315.13194444444446,270,270,24,24,0.8567839749663941,2.9989583333333334,1,0,270,0,1,0,1,0,0,0.0,0.0,1,0.33333333333333337,0.33333333333333337,1,0,0.6786291764680514,1,540,14,0,0,0,0,0
d000584,c_fac_009,0,med-features-v1,5524,1,315.21527777777777,45,45,4,4,0.14275957788989008,6.9996527777777775,1,0,4706,0,1,1,1,0,0,0.0,0.0,1,0.6923076923076923,0.6923076923076923,1,0,0.6784669360028993,1,90,18,0,0,0,0,0
d000585,c_noah,0,med-features-v1,5530,1,316.0027777777778,2174,1992,192,176,6.879686360000351,0.00034722222222222224,1,0,4712,0,1,1,4,1,2172,1.0,0.9990800367985281,1,0.2727272727272727,0.2727272727272727,1,0,0.6978959859348057,1,4165,17,0,0,0,0,0
d000585,c_elena,1,med-features-v1,5530,1,316.0027777777778,2172,0,192,0,6.873357301711483,0.0006944444444444445,1,0,4712,0,1,1,4,1,2172,1.0,1.0,1,0.4545454545454546,0.8,1,0,0.8335435648439108,1,2172,17,0,0,0,0,0
d000585,c_taylor,2,med-features-v1,5530,1,316.0027777777778,1992,0,176,0,6.303742055713293,0.0006944444444444445,1,0,4712,0,1,1,4,1,1992,1.0,1.0,1,0.3846153846153846,0.33333333333333337,1,0,0.8367207870533805,1,1992,17,0,0,0,0,0
d000585,c_chris,3,med-features-v1,5530,1,316.0027777777778,2172,180,192,16,6.873357301711483,0.0006944444444444445,1,0,4712,0,1,1,4,1,2172,1.0,1.0,1,0.33333333333333337,0.33333333333333337,1,0,0.8254887287877268,1,2352,17,0,0,0,0,0
d000586,c_chris,0,med-features-v1,5537,1,316.01458333333335,2179,181,192,16,6.895251405855478,0.00034722222222222224,1,0,4719,0,1,1,4,1,2179,1.0,1.0,1,0.33333333333333337,0.33333333333333337,1,0,0.19597454934965033,1,2360,21,0,0,0,0,0
d000586,c_noah,1,med-features-v1,5537,1,316.01458333333335,2181,1998,192,176,6.901580227705736,0.0006944444444444445,1,0,4719,0,1,1,4,1,2179,1.0,0.9990829894543787,1,0.2727272727272727,0.2727272727272727,1,0,0.10417292037023752,1,4178,21,0,0,0,0,0
d000586,c_elena,2,med-features-v1,5537,1,316.01458333333335,2179,0,192,0,6.895251405855478,0.0006944444444444445,1,0,4719,0,1,1,4,1,2179,1.0,1.0,1,0.4545454545454546,0.8,1,0,0.15010735684194398,1,2179,21,0,0,0,0,0
d000586,c_marcus,3,med-features-v1,5537,1,316.01458333333335,181,0,16,0,0.5727583774482982,0.0006944444444444445,1,0,4719,0,1,1,4,1,181,1.0,1.0,1,0.3076923076923077,0.33333333333333337,1,0,0.84193627383099,1,181,21,0,0,0,0,0
d000587,c_jamie_li,0,med-features-v1,5540,1,316.1111111111111,180,180,16,16,0.5694200351493849,4.998958333333333,1,0,4722,0,1,1,1,0,0,0.0,0.0,1,0.7777777777777778,0.7777777777777778,1,0,0.6308443572094672,1,360,15,0,0,0,0,0
d000588,c_fac_010,0,med-features-v1,5546,1,316.22222222222223,45,45,4,4,0.14230498945888967,6.9996527777777775,1,0,4728,0,1,1,1,0,0,0.0,0.0,1,0.6428571428571428,0.6428571428571428,1,0,0.5606396571441786,1,90,18,0,0,0,0,0
d000589,c_noah,0,med-features-v1,5552,1,317.0027777777778,2186,2002,192,176,6.895838627421771,0.00034722222222222224,1,0,4734,0,1,1,4,1,2184,1.0,0.9990850869167429,1,0.2727272727272727,0.2727272727272727,1,0,0.6498884968518579,1,4187,17,0,0,0,0,0
d000589,c_elena,1,med-features-v1,5552,1,317.0027777777778,2184,0,192,0,6.889529534441514,0.0006944444444444445,1,0,4734,0,1,1,4,1,2184,1.0,1.0,1,0.4545454545454546,0.8,1,0,0.8070472116294802,1,2184,17,0,0,0,0,0
d000589,c_taylor,2,med-features-v1,5552,1,317.0027777777778,2002,0,176,0,6.315402073238054,0.0006944444444444445,1,0,4734,0,1,1,4,1,2002,1.0,1.0,1,0.3846153846153846,0.33333333333333337,1,0,0.8102235217305409,1,2002,17,0,0,0,0,0
d000589,c_chris,3,med-features-v1,5552,1,317.0027777777778,2184,182,192,16,6.889529534441514,0.0006944444444444445,1,0,4734,0,1,1,4,1,2184,1.0,1.0,1,0.33333333333333337,0.33333333333333337,1,0,0.7991580967728863,1,2366,17,0,0,0,0,0
d000590,c_elena,0,med-features-v1,2550,1,317.02743055555555,454,454,40,40,1.43205273816343,0.9920138888888889,1,0,2550,0,1,1,3,1,272,1.0,0.5991189427312775,1,0.4545454545454546,0.8,1,0,0.6604789948031704,1,908,17,0,0,0,0,0
d000590,c_taylor,1,med-features-v1,2550,1,317.02743055555555,362,90,32,8,1.1418570291082857,1.9993055555555554,1,0,2550,0,1,1,3,1,272,1.0,0.7513812154696132,1,0.3846153846153846,0.33333333333333337,1,0,0.7844808243967057,1,452,17,0,0,0,0,0
d000590,c_lena,2,med-features-v1,2550,1,317.02743055555555,272,0,24,0,0.8579699224239052,1.9993055555555554,1,0,2550,0,1,1,3,1,272,1.0,1.0,1,0.4545454545454546,0.8,1,0,0.8317474637959946,1,272,17,0,0,0,0,0
d000591,c_jamie_lee,0,med-features-v1,5561,1,317.0909722222222,273,273,24,24,0.8609516634509462,0.00034722222222222224,1,0,4743,0,1,1,1,0,0,0.0,0.0,1,0.7777777777777778,0.7777777777777778,1,0,0.6118313071592675,1,546,18,0,0,0,0,0
d000592,c_pat,0,med-features-v1,5567,1,317.1326388888889,273,273,24,24,0.8608385467875123,0.00034722222222222224,1,0,273,0,1,0,1,0,0,0.0,0.0,1,0.33333333333333337,0.33333333333333337,1,0,0.6777038010899926,1,546,14,0,0,0,0,0
d000593,c_fac_016,0,med-features-v1,5573,1,317.2638888888889,45,45,4,4,0.14183776211530882,6.9996527777777775,1,0,4749,0,1,1,1,0,0,0.0,0.0,1,0.6666666666666667,0.6666666666666667,1,0,0.6922426026462796,1,90,16,0,0,0,0,0
d000103,c_new_020,0,med-features-v1,5574,1,317.37638888888887,0,0,0,0,0.0,3650.0,0,1,4750,0,1,1,1,0,0,0.0,0.0,0,0.8181818181818181,0.8181818181818181,1,1,0.0,0,0,14,0,0,0,0,0
d000107,c_new_024,0,med-features-v1,5575,1,317.41805555555555,0,0,0,0,0.0,3650.0,0,1,0,1,0,0,1,0,0,0.0,0.0,0,0.75,0.75,1,0,0.0,0,0,14,0,0,0,0,0
d000111,c_fac_007,0,med-features-v1,5576,1,317.45972222222224,45,45,4,4,0.14175026578174832,6.257986111111111,1,0,4751,0,1,1,1,0,0,0.0,0.0,1,0.8461538461538461,0.8461538461538461,1,1,0.08668988618126068,1,90,17,0,0,0,0,0
d000115,c_maya,0,med-features-v1,0,0,0.0,0,0,0,0,0.0,3650.0,0,1,0,1,1,1,2,1,0,0.0,0.0,0,0.33333333333333337,0.5,1,0,0.0,0,0,14,0,0,0,0,0
d000115,c_noah,1,med-features-v1,0,0,0.0,0,0,0,0,0.0,3650.0,0,1,0,1,1,1,2,1,0,0.0,0.0,0,0.2727272727272727,0.2727272727272727,1,0,0.0,0,0,14,0,0,0,0,0
d000119,c_noah,0,med-features-v1,5578,1,317.52222222222224,2190,2006,192,176,6.897155054764321,0.5170138888888889,1,0,4753,0,1,1,1,0,0,0.0,0.0,1,0.2727272727272727,0.2727272727272727,1,0,0.0,0,4195,0,0,1,1,1,0
d000594,c_noah,0,med-features-v1,5584,1,318.00347222222223,2196,2011,193,176,6.9055849757056285,0.00034722222222222224,1,0,4759,0,1,1,4,1,2193,1.0,0.9986338797814208,1,0.2727272727272727,0.2727272727272727,1,0,0.6985728862547691,1,4205,17,0,0,0,0,0
d000594,c_elena,1,med-features-v1,5584,1,318.00347222222223,2193,0,192,0,6.8961511164492,0.0006944444444444445,1,0,4759,0,1,1,4,1,2193,1.0,1.0,1,0.4545454545454546,0.8,1,0,0.834711063993625,1,2193,17,0,0,0,0,0
d000594,c_taylor,2,med-features-v1,5584,1,318.00347222222223,2011,0,176,0,6.323830321559207,0.0006944444444444445,1,0,4759,0,1,1,4,1,2011,1.0,1.0,1,0.3846153846153846,0.33333333333333337,1,0,0.83791258720226,1,2011,17,0,0,0,0,0
d000594,c_chris,3,med-features-v1,5584,1,318.00347222222223,2193,182,192,16,6.8961511164492,0.0006944444444444445,1,0,4759,0,1,1,4,1,2193,1.0,1.0,1,0.33333333333333337,0.33333333333333337,1,0,0.8266219524454275,1,2375,17,0,0,0,0,0
d000595,c_chris,0,med-features-v1,5590,1,318.01458333333335,2199,183,192,16,6.914777231128027,0.00034722222222222224,1,0,4765,0,1,1,4,1,2199,1.0,1.0,1,0.33333333333333337,0.33333333333333337,1,0,0.20151876603984686,1,2382,16,0,0,0,0,0
d000595,c_noah,1,med-features-v1,5590,1,318.01458333333335,2202,2016,193,176,6.9242107607748595,0.0006944444444444445,1,0,4765,0,1,1,4,1,2199,1.0,0.9986376021798365,1,0.2727272727272727,0.2727272727272727,1,0,0.11714111360266265,1,4216,16,0,0,0,0,0
d000595,c_elena,2,med-features-v1,5590,1,318.01458333333335,2199,0,192,0,6.914777231128027,0.0006944444444444445,1,0,4765,0,1,1,4,1,2199,1.0,1.0,1,0.4545454545454546,0.8,1,0,0.16437340323742464,1,2199,16,0,0,0,0,0
d000595,c_marcus,3,med-features-v1,5590,1,318.01458333333335,183,0,16,0,0.5754453084567662,0.0006944444444444445,1,0,4765,0,1,1,4,1,183,1.0,1.0,1,0.3076923076923077,0.33333333333333337,1,0,0.7825048712668584,1,183,16,0,0,0,0,0
d000596,c_jamie_li,0,med-features-v1,5593,1,318.1111111111111,182,182,16,16,0.5721271393643033,1.9989583333333334,1,0,4768,0,1,1,1,0,0,0.0,0.0,1,0.7777777777777778,0.7777777777777778,1,0,0.6347046672639015,1,364,15,0,0,0,0,0
d000597,c_fac_012,0,med-features-v1,5599,1,318.2361111111111,45,45,4,4,0.14140444289268103,6.9996527777777775,1,0,4774,0,1,1,1,0,0,0.0,0.0,1,0.6923076923076923,0.6923076923076923,1,0,0.5233693525194726,1,90,16,0,0,0,0,0
d000598,c_noah,0,med-features-v1,5605,1,319.0027777777778,2207,2020,193,176,6.918435053682917,0.00034722222222222224,1,0,4780,0,1,1,4,1,2204,1.0,0.9986406887177164,1,0.2727272727272727,0.2727272727272727,1,0,0.6501850191342746,1,4225,17,0,0,0,0,0
d000598,c_elena,1,med-features-v1,5605,1,319.0027777777778,2204,0,192,0,6.9090307468587,0.0006944444444444445,1,0,4780,0,1,1,4,1,2204,1.0,1.0,1,0.4545454545454546,0.8,1,0,0.8075463153212681,1,2204,17,0,0,0,0,0
d000598,c_taylor,2,med-features-v1,5605,1,319.0027777777778,2020,0,176,0,6.332233261640006,0.0006944444444444445,1,0,4780,0,1,1,4,1,2020,1.0,1.0,1,0.3846153846153846,0.33333333333333337,1,0,0.8107501900653312,1,2020,17,0,0,0,0,0
d000598,c_chris,3,med-features-v1,5605,1,319.0027777777778,2204,184,192,16,6.9090307468587,0.0006944444444444445,1,0,4780,0,1,1,4,1,2204,1.0,1.0,1,0.33333333333333337,0.33333333333333337,1,0,0.7996293209320606,1,2388,17,0,0,0,0,0
d000599,c_elena,0,med-features-v1,2574,1,319.02743055555555,458,458,40,40,1.4356132298794404,0.9920138888888889,1,0,2574,0,1,1,3,1,274,1.0,0.5982532751091703,1,0.4545454545454546,0.8,1,0,0.6345432876471989,1,916,17,0,0,0,0,0
d000599,c_taylor,1,med-features-v1,2574,1,319.02743055555555,366,92,32,8,1.147236773222435,1.9850694444444446,1,0,2574,0,1,1,3,1,274,1.0,0.7486338797814208,1,0.3846153846153846,0.33333333333333337,1,0,0.7900955381929204,1,458,17,0,0,0,0,0
d000599,c_lena,2,med-features-v1,2574,1,319.02743055555555,274,0,24,0,0.8588603165654295,1.9993055555555554,1,0,2574,0,1,1,3,1,274,1.0,1.0,1,0.4545454545454546,0.8,1,0,0.8446787779314087,1,274,17,0,0,0,0,0
d000600,c_alex_chan,0,med-features-v1,5613,1,319.0840277777778,275,275,24,24,0.8618419477628019,0.00034722222222222224,1,0,4788,0,1,1,1,0,0,0.0,0.0,1,0.8888888888888888,0.8888888888888888,1,1,0.6050990248540425,1,550,18,0,0,0,0,0
d000601,c_pat,0,med-features-v1,5620,1,319.13194444444446,274,274,24,24,0.8585790447176586,1.9989583333333334,1,0,274,0,1,0,1,0,0,0.0,0.0,1,0.33333333333333337,0.33333333333333337,1,0,0.6279342657208999,1,548,16,0,0,0,0,0
d000602,c_fac_013,0,med-features-v1,5626,1,319.24305555555554,45,45,4,4,0.14095843031476366,6.9996527777777775,1,0,4795,0,1,1,1,0,0,0.0,0.0,1,0.7692307692307692,0.7692307692307692,1,0,0.6635152885928404,1,90,18,0,0,0,0,0
d000083,c_noah,0,med-features-v1,5627,1,322.0,2211,2024,193,176,6.866459627329193,2.9947916666666665,1,0,4796,0,1,1,5,1,2208,0.75,0.9986431478968792,1,0.2727272727272727,0.2727272727272727,1,0,0.6504271793542501,1,4233,17,0,0,0,0,0
d000083,c_elena,1,med-features-v1,5627,1,322.0,2208,0,192,0,6.857142857142857,2.995138888888889,1,0,4796,0,1,1,5,1,2208,0.75,1.0,1,0.4545454545454546,0.8,1,0,0.8079771723911368,1,2208,17,0,0,0,0,0
d000083,c_taylor,2,med-features-v1,5627,1,322.0,2024,0,176,0,6.285714285714286,2.995138888888889,1,0,4796,0,1,1,5,1,2024,0.75,1.0,1,0.3846153846153846,0.33333333333333337,1,0,0.8111743475121606,1,2024,17,0,0,0,0,0
d000083,c_chris,3,med-features-v1,5627,1,322.0,2208,184,192,16,6.857142857142857,2.995138888888889,1,0,4796,0,1,1,5,1,2208,0.75,1.0,1,0.33333333333333337,0.33333333333333337,1,0,0.8000859892298592,1,2392,17,0,0,0,0,0
d000083,c_pat,4,med-features-v1,5627,1,322.0,276,276,24,24,0.8571428571428571,2.8670138888888888,1,0,276,0,1,0,5,1,0,0.0,0.0,1,0.33333333333333337,0.33333333333333337,1,0,0.020243326417196148,1,552,17,0,0,0,0,0
d000603,c_noah,0,med-features-v1,5633,1,322.00416666666666,2217,2030,193,176,6.885004076034213,0.00034722222222222224,1,0,4802,0,1,1,4,1,2214,1.0,0.9986468200270636,1,0.2727272727272727,0.2727272727272727,1,0,0.650901075504806,1,4245,17,0,0,0,0,0
d000603,c_elena,1,med-features-v1,5633,1,322.00416666666666,2214,0,192,0,6.875687426404938,0.0006944444444444445,1,0,4802,0,1,1,4,1,2214,1.0,1.0,1,0.4545454545454546,0.8,1,0,0.8088142364511546,1,2214,17,0,0,0,0,0
d000603,c_taylor,2,med-features-v1,5633,1,322.00416666666666,2030,0,176,0,6.304266249142739,0.0006944444444444445,1,0,4802,0,1,1,4,1,2030,1.0,1.0,1,0.3846153846153846,0.33333333333333337,1,0,0.8120040012100186,1,2030,17,0,0,0,0,0
d000603,c_chris,3,med-features-v1,5633,1,322.00416666666666,2214,184,192,16,6.875687426404938,0.0006944444444444445,1,0,4802,0,1,1,4,1,2214,1.0,1.0,1,0.33333333333333337,0.33333333333333337,1,0,0.8009595624302286,1,2398,17,0,0,0,0,0
d000604,c_marcus,0,med-features-v1,276,1,322.0,92,92,8,8,0.2857142857142857,3.999652777777778,1,0,276,0,1,1,1,0,0,0.0,0.0,1,0.3076923076923077,0.33333333333333337,1,0,0.7571051662460461,1,184,19,0,0,0,0,0
d000605,c_morgan_shaw,0,med-features-v1,5642,1,322.09791666666666,277,277,24,24,0.8599869346148622,0.00034722222222222224,1,0,4811,0,1,1,1,0,0,0.0,0.0,1,0.8181818181818181,0.8181818181818181,1,1,0.5588362420905456,1,554,17,0,0,0,0,0
d000606,c_sam,0,med-features-v1,5649,1,322.1458333333333,46,46,4,4,0.14279247235335965,6.9996527777777775,1,0,4812,0,1,1,1,0,0,0.0,0.0,1,0.33333333333333337,0.33333333333333337,1,0,0.6016987080690902,1,92,18,0,0,0,0,0
d000607,c_noah,0,med-features-v1,5655,1,323.00138888888887,2221,2034,193,176,6.87613142358349,0.00034722222222222224,1,0,4818,0,1,1,4,1,2218,1.0,0.9986492570914003,1,0.2727272727272727,0.2727272727272727,1,0,0.6977629154946827,1,4253,17,0,0,0,0,0
d000607,c_elena,1,med-features-v1,5655,1,323.00138888888887,2218,0,192,0,6.866843537824485,0.0006944444444444445,1,0,4818,0,1,1,4,1,2218,1.0,1.0,1,0.4545454545454546,0.8,1,0,0.8333045830185941,1,2218,17,0,0,0,0,0
d000607,c_taylor,2,med-features-v1,5655,1,323.00138888888887,2034,0,176,0,6.297186544605502,0.0006944444444444445,1,0,4818,0,1,1,4,1,2034,1.0,1.0,1,0.3846153846153846,0.33333333333333337,1,0,0.8364714224922762,1,2034,17,0,0,0,0,0
d000607,c_chris,3,med-features-v1,5655,1,323.00138888888887,2218,184,192,16,6.866843537824485,0.0006944444444444445,1,0,4818,0,1,1,4,1,2218,1.0,1.0,1,0.33333333333333337,0.33333333333333337,1,0,0.8252428671428165,1,2402,17,0,0,0,0,0
d000608,c_noah,0,med-features-v1,5661,1,323.00694444444446,2227,2040,193,176,6.894588609636015,0.001736111111111111,1,0,4824,0,1,1,5,1,2224,1.0,0.998652896273013,1,0.2727272727272727,0.2727272727272727,1,0,0.6509370921390533,1,4265,17,0,0,0,0,0
d000608,c_elena,1,med-features-v1,5661,1,323.00694444444446,2224,0,192,0,6.885300883623933,0.0020833333333333333,1,0,4824,0,1,1,5,1,2224,1.0,1.0,1,0.4545454545454546,0.8,1,0,0.8089057727996313,1,2224,17,0,0,0,0,0
d000608,c_taylor,2,med-features-v1,5661,1,323.00694444444446,2040,0,176,0,6.315653688216197,0.0020833333333333333,1,0,4824,0,1,1,5,1,2040,1.0,1.0,1,0.3846153846153846,0.33333333333333337,1,0,0.812065886560704,1,2040,17,0,0,0,0,0
d000608,c_chris,3,med-features-v1,5661,1,323.00694444444446,2224,184,192,16,6.885300883623933,0.0020833333333333333,1,0,4824,0,1,1,5,1,2224,1.0,1.0,1,0.33333333333333337,0.33333333333333337,1,0,0.8011246202848561,1,2408,17,0,0,0,0,0
d000608,c_lena,4,med-features-v1,5661,1,323.00694444444446,184,0,16,0,0.5696471954077355,4.999305555555556,1,0,4824,0,1,1,5,1,184,1.0,1.0,1,0.4545454545454546,0.8,1,0,0.8327952738229012,1,184,17,0,0,0,0,0
d000038,c_chris,0,med-features-v1,5663,1,323.0138888888889,2226,184,192,16,6.891344541428387,0.00625,1,0,4826,0,1,1,5,1,2226,0.75,1.0,1,0.33333333333333337,0.33333333333333337,1,0,0.19509375587276048,1,2410,21,0,0,0,0,0
d000038,c_noah,1,med-features-v1,5663,1,323.0138888888889,2229,2042,193,176,6.900632067764543,0.005902777777777778,1,0,4826,0,1,1,5,1,2226,0.75,0.9986541049798116,1,0.2727272727272727,0.2727272727272727,1,0,0.10384973728701692,1,4269,21,0,0,0,0,0
d000038,c_elena,2,med-features-v1,5663,1,323.0138888888889,2226,0,192,0,6.891344541428387,0.00625,1,0,4826,0,1,1,5,1,2226,0.75,1.0,1,0.4545454545454546,0.8,1,0,0.14950936323333203,1,2226,21,0,0,0,0,0
d000038,c_marcus,3,med-features-v1,5663,1,323.0138888888889,184,0,16,0,0.5696349486176204,4.999305555555556,1,0,4826,0,1,1,5,1,184,0.75,1.0,1,0.3076923076923077,0.33333333333333337,1,0,0.8393813900373043,1,184,21,0,0,0,0,0
d000038,c_pat,4,med-features-v1,5663,1,323.0138888888889,278,278,24,24,0.8606441071505353,0.8809027777777778,1,0,278,0,1,0,5,1,0,0.0,0.0,1,0.33333333333333337,0.33333333333333337,1,0,0.0057114006590865555,1,556,21,0,0,0,0,0
d000609,c_alex_chen,0,med-features-v1,5665,1,323.1041666666667,230,230,20,20,0.7118447353149784,4.048263888888889,1,0,4828,0,1,1,1,0,0,0.0,0.0,1,0.8888888888888888,0.8888888888888888,1,1,0.6509395860472196,1,460,15,0,0,0,0,0
d000610,c_hana,0,med-features-v1,5671,1,323.15277777777777,46,46,4,4,0.14234753083766707,6.9996527777777775,1,0,4834,0,1,1,1,0,0,0.0,0.0,1,0.3846153846153846,0.5,1,0,0.6354037978005845,1,92,18,0,0,0,0,0
d000611,c_noah,0,med-features-v1,5678,1,324.00208333333336,2234,2045,193,176,6.895017393149478,0.00034722222222222224,1,0,4841,0,1,1,4,1,2231,1.0,0.9986571172784243,1,0.2727272727272727,0.2727272727272727,1,0,0.6506208310178101,1,4277,17,0,0,0,0,0
d000611,c_elena,1,med-features-v1,5678,1,324.00208333333336,2231,0,192,0,6.885758193427254,0.0006944444444444445,1,0,4841,0,1,1,4,1,2231,1.0,1.0,1,0.4545454545454546,0.8,1,0,0.808311130845602,1,2231,17,0,0,0,0,0
d000611,c_taylor,2,med-features-v1,5678,1,324.00208333333336,2045,0,176,0,6.3116878106493655,0.0006944444444444445,1,0,4841,0,1,1,4,1,2045,1.0,1.0,1,0.3846153846153846,0.33333333333333337,1,0,0.8115088462989066,1,2045,17,0,0,0,0,0
d000611,c_chris,3,med-features-v1,5678,1,324.00208333333336,2231,186,192,16,6.885758193427254,0.0006944444444444445,1,0,4841,0,1,1,4,1,2231,1.0,1.0,1,0.33333333333333337,0.33333333333333337,1,0,0.8004024779910598,1,2417,17,0,0,0,0,0
d000060,c_fac_004,0,med-features-v1,5683,1,324.0208333333333,47,47,4,4,0.14505240146595513,1.8399305555555556,1,0,4846,0,1,1,1,0,0,0.0,0.0,1,0.75,0.75,1,0,0.018772975995843977,1,94,18,0,0,0,0,0
d000612,c_elena,0,med-features-v1,2606,1,324.02743055555555,464,464,40,40,1.4319775310517906,0.9920138888888889,1,0,2606,0,1,1,3,1,278,1.0,0.5991379310344828,1,0.4545454545454546,0.8,1,0,0.6597782094048117,1,928,17,0,0,0,0,0
d000612,c_taylor,1,med-features-v1,2606,1,324.02743055555555,370,92,32,8,1.1418786346749192,1.9993055555555554,1,0,2606,0,1,1,3,1,278,1.0,0.7513513513513513,1,0.3846153846153846,0.33333333333333337,1,0,0.7861828173542827,1,462,17,0,0,0,0,0
d000612,c_lena,2,med-features-v1,2606,1,324.02743055555555,278,0,24,0,0.8579520552422366,1.9993055555555554,1,0,2606,0,1,1,3,1,278,1.0,1.0,1,0.4545454545454546,0.8,1,0,0.8319183994706768,1,278,17,0,0,0,0,0
d000613,c_jamie_lee,0,med-features-v1,5687,1,324.09027777777777,278,278,24,24,0.8577856821444643,1.9989583333333334,1,0,4850,0,1,1,1,0,0,0.0,0.0,1,0.7777777777777778,0.7777777777777778,1,0,0.548410921331855,1,556,17,0,0,0,0,0
d000614,c_pat,0,med-features-v1,5693,1,324.13194444444446,278,278,24,24,0.8576754151044456,1.9989583333333334,1,0,278,0,1,0,1,0,0,0.0,0.0,1,0.33333333333333337,0.33333333333333337,1,0,0.6274710020214459,1,556,16,0,0,0,0,0
d000615,c_fac_011,0,med-features-v1,5699,1,324.2291666666667,46,46,4,4,0.14187495984064769,6.9996527777777775,1,0,4856,0,1,1,1,0,0,0.0,0.0,1,0.6666666666666667,0.6666666666666667,1,0,0.6664703041335013,1,92,16,0,0,0,0,0
d000616,c_noah,0,med-features-v1,5706,1,325.00347222222223,2244,2055,193,176,6.904541618145105,0.00034722222222222224,1,0,4863,0,1,1,4,1,2241,1.0,0.9986631016042781,1,0.2727272727272727,0.2727272727272727,1,0,0.6515478013150506,1,4297,17,0,0,0,0,0
d000616,c_elena,1,med-features-v1,5706,1,325.00347222222223,2241,0,192,0,6.895310947532612,0.0006944444444444445,1,0,4863,0,1,1,4,1,2241,1.0,1.0,1,0.4545454545454546,0.8,1,0,0.8099416457604212,1,2241,17,0,0,0,0,0
d000616,c_taylor,2,med-features-v1,5706,1,325.00347222222223,2055,0,176,0,6.323009369558018,0.0006944444444444445,1,0,4863,0,1,1,4,1,2055,1.0,1.0,1,0.3846153846153846,0.33333333333333337,1,0,0.8131304934933813,1,2055,17,0,0,0,0,0
d000616,c_chris,3,med-features-v1,5706,1,325.00347222222223,2241,186,192,16,6.895310947532612,0.0006944444444444445,1,0,4863,0,1,1,4,1,2241,1.0,1.0,1,0.33333333333333337,0.33333333333333337,1,0,0.8020906821948166,1,2427,17,0,0,0,0,0
d000617,c_chris,0,med-features-v1,5712,1,325.01458333333335,2247,187,192,16,6.913535931080015,0.00034722222222222224,1,0,4869,0,1,1,4,1,2247,1.0,1.0,1,0.33333333333333337,0.33333333333333337,1,0,0.196143446291315,1,2434,21,0,0,0,0,0
d000617,c_noah,1,med-features-v1,5712,1,325.01458333333335,2250,2060,193,176,6.922766286128186,0.0006944444444444445,1,0,4869,0,1,1,4,1,2247,1.0,0.9986666666666667,1,0.2727272727272727,0.2727272727272727,1,0,0.10423601390628952,1,4308,21,0,0,0,0,0
d000617,c_elena,2,med-features-v1,5712,1,325.01458333333335,2247,0,192,0,6.913535931080015,0.0006944444444444445,1,0,4869,0,1,1,4,1,2247,1.0,1.0,1,0.4545454545454546,0.8,1,0,0.1502085801047591,1,2247,21,0,0,0,0,0
d000617,c_marcus,3,med-features-v1,5712,1,325.01458333333335,187,0,16,0,0.5753587980026537,0.0006944444444444445,1,0,4869,0,1,1,4,1,187,1.0,1.0,1,0.3076923076923077,0.33333333333333337,1,0,0.8410472434466291,1,187,21,0,0,0,0,0
d000618,c_alex_chen,0,med-features-v1,5714,1,325.1048611111111,233,233,20,20,0.7166918366082738,0.00034722222222222224,1,0,4871,0,1,1,1,0,0,0.0,0.0,1,0.8888888888888888,0.8888888888888888,1,1,0.6522235085772866,1,466,15,0,0,0,0,0
d000619,c_fac_007,0,med-features-v1,5720,1,325.2013888888889,47,47,5,5,0.1445258280125563,6.9996527777777775,1,0,4877,0,1,1,1,0,0,0.0,0.0,1,0.8461538461538461,0.8461538461538461,1,1,0.6050841222911747,1,94,18,0,0,0,0,0
d000620,c_noah,0,med-features-v1,5726,1,326.00208333333336,2254,2063,193,176,6.914066244464183,0.00034722222222222224,1,0,4883,0,1,1,4,1,2251,1.0,0.9986690328305236,1,0.2727272727272727,0.2727272727272727,1,0,0.6513505678682451,1,4315,17,0,0,0,0,0
d000620,c_elena,1,med-features-v1,5726,1,326.00208333333336,2251,0,192,0,6.904863849285216,0.0006944444444444445,1,0,4883,0,1,1,4,1,2251,1.0,1.0,1,0.4545454545454546,0.8,1,0,0.8095601034044265,1,2251,17,0,0,0,0,0
d000620,c_taylor,2,med-features-v1,5726,1,326.00208333333336,2063,0,176,0,6.328180418069925,0.0006944444444444445,1,0,4883,0,1,1,4,1,2063,1.0,1.0,1,0.3846153846153846,0.33333333333333337,1,0,0.8127876034977417,1,2063,17,0,0,0,0,0
d000620,c_chris,3,med-features-v1,5726,1,326.00208333333336,2251,188,192,16,6.904863849285216,0.0006944444444444445,1,0,4883,0,1,1,4,1,2251,1.0,1.0,1,0.33333333333333337,0.33333333333333337,1,0,0.801609342810928,1,2439,17,0,0,0,0,0
d000621,c_elena,0,med-features-v1,2630,1,326.02743055555555,468,468,40,40,1.4354620382785617,0.9920138888888889,1,0,2630,0,1,1,3,1,280,1.0,0.5982905982905983,1,0.4545454545454546,0.8,1,0,0.6370426053983432,1,936,17,0,0,0,0,0
d000621,c_taylor,1,med-features-v1,2630,1,326.02743055555555,374,94,32,8,1.1471427399918421,1.9850694444444446,1,0,2630,0,1,1,3,1,280,1.0,0.7486631016042781,1,0.3846153846153846,0.33333333333333337,1,0,0.7902710232334964,1,468,17,0,0,0,0,0
d000621,c_lena,2,med-features-v1,2630,1,326.02743055555555,280,0,24,0,0.8588234417051224,1.9993055555555554,1,0,2630,0,1,1,3,1,280,1.0,1.0,1,0.4545454545454546,0.8,1,0,0.8470356591893092,1,280,17,0,0,0,0,0
d000622,c_alex_chan,0,med-features-v1,5735,1,326.0840277777778,281,281,24,24,0.8617410730448226,0.00034722222222222224,1,0,4892,0,1,1,1,0,0,0.0,0.0,1,0.8888888888888888,0.8888888888888888,1,1,0.5637890646708617,1,562,17,0,0,0,0,0
d000623,c_lee,0,med-features-v1,5741,1,326.12569444444443,281,281,24,24,0.8616309747647571,0.00034722222222222224,1,0,281,0,1,0,1,0,0,0.0,0.0,1,0.4545454545454546,0.5,1,0,0.728456230728933,1,562,14,0,0,0,0,0
d000624,c_fac_008,0,med-features-v1,5747,1,326.2083333333333,46,46,4,4,0.14101417805594585,6.9996527777777775,1,0,4898,0,1,1,1,0,0,0.0,0.0,1,0.7692307692307692,0.7692307692307692,1,0,0.6230129300432452,1,92,18,0,0,0,0,0
d000625,c_noah,0,med-features-v1,5753,1,329.0027777777778,2263,2072,193,176,6.878361378238954,0.00034722222222222224,1,0,4904,0,1,1,4,1,2260,1.0,0.9986743261157756,1,0.2727272727272727,0.2727272727272727,1,0,0.6974266444422103,1,4333,17,0,0,0,0,0
d000625,c_elena,1,med-features-v1,5753,1,329.0027777777778,2260,0,192,0,6.869242914193564,0.0006944444444444445,1,0,4904,0,1,1,4,1,2260,1.0,1.0,1,0.4545454545454546,0.8,1,0,0.8327024526912483,1,2260,17,0,0,0,0,0
d000625,c_taylor,2,med-features-v1,5753,1,329.0027777777778,2072,0,176,0,6.297819167349144,0.0006944444444444445,1,0,4904,0,1,1,4,1,2072,1.0,1.0,1,0.3846153846153846,0.33333333333333337,1,0,0.8358910137756796,1,2072,17,0,0,0,0,0
d000625,c_chris,3,med-features-v1,5753,1,329.0027777777778,2260,188,192,16,6.869242914193564,0.0006944444444444445,1,0,4904,0,1,1,4,1,2260,1.0,1.0,1,0.33333333333333337,0.33333333333333337,1,0,0.8245931580864282,1,2448,17,0,0,0,0,0
d000626,c_elena,0,med-features-v1,2641,1,329.028125,471,471,40,40,1.431488569556174,0.00034722222222222224,1,0,2641,0,1,1,3,1,283,1.0,0.6008492569002123,1,0.4545454545454546,0.8,1,0,0.6589132029314185,1,942,17,0,0,0,0,0
d000626,c_taylor,1,med-features-v1,2641,1,329.028125,377,94,32,8,1.1457987064175745,0.0006944444444444445,1,0,2641,0,1,1,3,1,283,1.0,0.7506631299734748,1,0.3846153846153846,0.33333333333333337,1,0,0.7866754789703326,1,471,17,0,0,0,0,0
d000626,c_lena,2,med-features-v1,2641,1,329.028125,283,0,24,0,0.8601088432789751,0.0006944444444444445,1,0,2641,0,1,1,3,1,283,1.0,1.0,1,0.4545454545454546,0.8,1,0,0.8307851747048457,1,283,17,0,0,0,0,0
d000627,c_morgan_shaw,0,med-features-v1,5763,1,329.09722222222223,282,282,24,24,0.8568896391643807,2.9989583333333334,1,0,4914,0,1,1,1,0,0,0.0,0.0,1,0.8181818181818181,0.8181818181818181,1,1,0.5635959014271882,1,564,17,0,0,0,0,0
d000628,c_ren,0,med-features-v1,5769,1,329.1388888888889,282,282,24,24,0.856781162967339,2.9989583333333334,1,0,282,0,1,0,1,0,0,0.0,0.0,1,0.4545454545454546,0.5,1,0,0.7403616851354933,1,564,14,0,0,0,0,0
d000629,c_noah,0,med-features-v1,5775,1,330.0,2267,2076,193,176,6.86969696969697,0.9947916666666666,1,0,4920,0,1,1,4,1,2264,1.0,0.9986766651962946,1,0.2727272727272727,0.2727272727272727,1,0,0.6512837374109213,1,4341,17,0,0,0,0,0
d000629,c_elena,1,med-features-v1,5775,1,330.0,2264,0,192,0,6.86060606060606,0.9951388888888889,1,0,4920,0,1,1,4,1,2264,1.0,1.0,1,0.4545454545454546,0.8,1,0,0.8094824863952041,1,2264,17,0,0,0,0,0
d000629,c_taylor,2,med-features-v1,5775,1,330.0,2076,0,176,0,6.290909090909091,0.9951388888888889,1,0,4920,0,1,1,4,1,2076,1.0,1.0,1,0.3846153846153846,0.33333333333333337,1,0,0.8126690502455055,1,2076,17,0,0,0,0,0
d000629,c_chris,3,med-features-v1,5775,1,330.0,2264,188,192,16,6.86060606060606,0.9951388888888889,1,0,4920,0,1,1,4,1,2264,1.0,1.0,1,0.33333333333333337,0.33333333333333337,1,0,0.801628709031031,1,2452,17,0,0,0,0,0
d000630,c_noah,0,med-features-v1,5781,1,330.00416666666666,2273,2082,193,176,6.887791820810343,0.00034722222222222224,1,0,4926,0,1,1,4,1,2270,1.0,0.9986801583809943,1,0.2727272727272727,0.2727272727272727,1,0,0.6515232452197478,1,4353,17,0,0,0,0,0
d000630,c_elena,1,med-features-v1,5781,1,330.00416666666666,2270,0,192,0,6.878701026502191,0.0006944444444444445,1,0,4926,0,1,1,4,1,2270,1.0,1.0,1,0.4545454545454546,0.8,1,0,0.809913191838219,1,2270,17,0,0,0,0,0
d000630,c_taylor,2,med-features-v1,5781,1,330.00416666666666,2082,0,176,0,6.3090112498579565,0.0006944444444444445,1,0,4926,0,1,1,4,1,2082,1.0,1.0,1,0.3846153846153846,0.33333333333333337,1,0,0.813087361356683,1,2082,17,0,0,0,0,0
d000630,c_chris,3,med-features-v1,5781,1,330.00416666666666,2270,188,192,16,6.878701026502191,0.0006944444444444445,1,0,4926,0,1,1,4,1,2270,1.0,1.0,1,0.33333333333333337,0.33333333333333337,1,0,0.8020988359225512,1,2458,17,0,0,0,0,0
d000631,c_noah,0,med-features-v1,473,1,330.0072916666667,473,473,40,40,1.4333016631576954,0.00034722222222222224,1,0,473,0,1,1,3,1,189,1.0,0.39957716701902746,1,0.2727272727272727,0.2727272727272727,1,0,0.6053810443996038,1,946,16,0,0,0,0,0
d000631,c_taylor,1,med-features-v1,473,1,330.0072916666667,189,0,16,0,0.5727146180482123,0.0006944444444444445,1,0,473,0,1,1,3,1,189,1.0,1.0,1,0.3846153846153846,0.33333333333333337,1,0,0.824253966216109,1,189,16,0,0,0,0,0
d000631,c_chris,2,med-features-v1,473,1,330.0072916666667,189,0,16,0,0.5727146180482123,0.0006944444444444445,1,0,473,0,1,1,3,1,189,1.0,1.0,1,0.33333333333333337,0.33333333333333337,1,0,0.824253966216109,1,189,16,0,0,0,0,0
d000632,c_morgan_zhao,0,med-features-v1,5791,1,330.11805555555554,188,188,16,16,0.5694932368470875,4.998958333333333,1,0,4936,0,1,1,1,0,0,0.0,0.0,1,0.8181818181818181,0.8181818181818181,1,1,0.613210217601112,1,376,14,0,0,0,0,0
d000633,c_noah,0,med-features-v1,5797,1,331.0,2279,2086,193,176,6.885196374622357,0.9854166666666667,1,0,4942,0,1,1,4,1,2276,1.0,0.998683633172444,1,0.2727272727272727,0.2727272727272727,1,0,0.6513183363280948,1,4363,17,0,0,0,0,0
d000633,c_elena,1,med-features-v1,5797,1,331.0,2276,0,192,0,6.876132930513595,0.9854166666666667,1,0,4942,0,1,1,4,1,2276,1.0,1.0,1,0.4545454545454546,0.8,1,0,0.8095092716405424,1,2276,17,0,0,0,0,0
d000633,c_taylor,2,med-features-v1,5797,1,331.0,2086,0,176,0,6.302114803625377,0.9923611111111111,1,0,4942,0,1,1,4,1,2086,1.0,1.0,1,0.3846153846153846,0.33333333333333337,1,0,0.8127262925760421,1,2086,17,0,0,0,0,0
d000633,c_chris,3,med-features-v1,5797,1,331.0,2276,190,192,16,6.876132930513595,0.9850694444444444,1,0,4942,0,1,1,4,1,2276,1.0,1.0,1,0.33333333333333337,0.33333333333333337,1,0,0.8015602343834716,1,2466,17,0,0,0,0,0
d000084,c_noah,0,med-features-v1,5801,1,331.0027777777778,2283,2090,193,176,6.897223084734099,0.00034722222222222224,1,0,4946,0,1,1,5,1,2280,0.75,0.9986859395532195,1,0.2727272727272727,0.2727272727272727,1,0,0.6971599016976007,1,4371,17,0,0,0,0,0
d000084,c_elena,1,med-features-v1,5801,1,331.0027777777778,2280,0,192,0,6.888159716685828,0.0006944444444444445,1,0,4946,0,1,1,5,1,2280,0.75,1.0,1,0.4545454545454546,0.8,1,0,0.8322271005488987,1,2280,17,0,0,0,0,0
d000084,c_taylor,2,med-features-v1,5801,1,331.0027777777778,2090,0,176,0,6.314146406962009,0.0006944444444444445,1,0,4946,0,1,1,5,1,2090,0.75,1.0,1,0.3846153846153846,0.33333333333333337,1,0,0.8354332372012022,1,2090,17,0,0,0,0,0
d000084,c_chris,3,med-features-v1,5801,1,331.0027777777778,2280,190,192,16,6.888159716685828,0.0006944444444444445,1,0,4946,0,1,1,5,1,2280,0.75,1.0,1,0.33333333333333337,0.33333333333333337,1,0,0.8240850315975604,1,2470,17,0,0,0,0,0
d000084,c_ren,4,med-features-v1,5801,1,331.0027777777778,284,284,24,24,0.8579988419029716,1.8628472222222223,1,0,284,0,1,0,5,1,0,0.0,0.0,1,0.4545454545454546,0.5,1,0,0.011275182324187678,1,568,17,0,0,0,0,0
d000634,c_noah,0,med-features-v1,5804,1,331.0048611111111,2286,2093,193,176,6.906242984850424,0.00034722222222222224,1,0,4949,0,1,1,4,1,2283,1.0,0.9986876640419947,1,0.2727272727272727,0.2727272727272727,1,0,0.6972535625274958,1,4377,17,0,0,0,0,0
d000634,c_elena,1,med-features-v1,5804,1,331.0048611111111,2283,0,192,0,6.897179673846684,0.0006944444444444445,1,0,4949,0,1,1,4,1,2283,1.0,1.0,1,0.4545454545454546,0.8,1,0,0.832398681526598,1,2283,17,0,0,0,0,0
d000634,c_taylor,2,med-features-v1,5804,1,331.0048611111111,2093,0,176,0,6.323169976943105,0.0006944444444444445,1,0,4949,0,1,1,4,1,2093,1.0,1.0,1,0.3846153846153846,0.33333333333333337,1,0,0.8355978648229394,1,2093,17,0,0,0,0,0
d000634,c_chris,3,med-features-v1,5804,1,331.0048611111111,2283,190,192,16,6.897179673846684,0.0006944444444444445,1,0,4949,0,1,1,4,1,2283,1.0,1.0,1,0.33333333333333337,0.33333333333333337,1,0,0.824277625225881,1,2473,17,0,0,0,0,0
d000635,c_noah,0,med-features-v1,95,1,329.00069444444443,95,381,8,32,0.2887531898995485,0.00034722222222222224,1,0,95,0,1,1,1,0,0,0.0,0.0,1,0.2727272727272727,0.2727272727272727,1,0,0.6273654590989147,1,476,15,0,0,0,0,0
d000636,c_lee,0,med-features-v1,5813,1,331.125,284,284,24,24,0.8576821442053605,1.9989583333333334,1,0,284,0,1,0,1,0,0,0.0,0.0,1,0.4545454545454546,0.5,1,0,0.7271753908474333,1,568,14,0,0,0,0,0
d000637,c_fac_001,0,med-features-v1,5819,1,331.15972222222223,47,47,4,4,0.14192547235095518,6.9996527777777775,1,0,4958,0,1,1,1,0,0,0.0,0.0,1,0.75,0.75,1,0,0.5483828490968218,1,94,16,0,0,0,0,0
d000638,c_noah,0,med-features-v1,5825,1,332.00138888888887,2289,2096,193,176,6.894549470592911,0.00034722222222222224,1,0,4964,0,1,1,4,1,2286,1.0,0.9986893840104849,1,0.2727272727272727,0.2727272727272727,1,0,0.6513514255711198,1,4383,17,0,0,0,0,0
d000638,c_elena,1,med-features-v1,5825,1,332.00138888888887,2286,0,192,0,6.88551336381625,0.0006944444444444445,1,0,4964,0,1,1,4,1,2286,1.0,1.0,1,0.4545454545454546,0.8,1,0,0.8095951667855737,1,2286,17,0,0,0,0,0
d000638,c_taylor,2,med-features-v1,5825,1,332.00138888888887,2096,0,176,0,6.313226601294339,0.0006944444444444445,1,0,4964,0,1,1,4,1,2096,1.0,1.0,1,0.3846153846153846,0.33333333333333337,1,0,0.8127829811956917,1,2096,17,0,0,0,0,0
d000638,c_chris,3,med-features-v1,5825,1,332.00138888888887,2286,190,192,16,6.88551336381625,0.0006944444444444445,1,0,4964,0,1,1,4,1,2286,1.0,1.0,1,0.33333333333333337,0.33333333333333337,1,0,0.8017185659729035,1,2476,17,0,0,0,0,0
d000639,c_noah,0,med-features-v1,5831,1,332.00694444444446,2295,2102,193,176,6.9125060135121,0.001736111111111111,1,0,4970,0,1,1,5,1,2292,1.0,0.9986928104575163,1,0.2727272727272727,0.2727272727272727,1,0,0.6969231409296263,1,4395,17,0,0,0,0,0
d000639,c_elena,1,med-features-v1,5831,1,332.00694444444446,2292,0,192,0,6.903470057938882,0.0020833333333333333,1,0,4970,0,1,1,5,1,2292,1.0,1.0,1,0.4545454545454546,0.8,1,0,0.8318479038555996,1,2292,17,0,0,0,0,0
d000639,c_taylor,2,med-features-v1,5831,1,332.00694444444446,2102,0,176,0,6.331192871635047,0.0020833333333333333,1,0,4970,0,1,1,5,1,2102,1.0,1.0,1,0.3846153846153846,0.33333333333333337,1,0,0.8350123532049069,1,2102,17,0,0,0,0,0
d000639,c_chris,3,med-features-v1,5831,1,332.00694444444446,2292,190,192,16,6.903470057938882,0.0020833333333333333,1,0,4970,0,1,1,5,1,2292,1.0,1.0,1,0.33333333333333337,0.33333333333333337,1,0,0.8237990857102471,1,2482,17,0,0,0,0,0
d000639,c_lena,4,med-features-v1,5831,1,332.00694444444446,190,0,16,0,0.572277186303834,1.9993055555555554,1,0,4970,0,1,1,5,1,190,1.0,1.0,1,0.4545454545454546,0.8,1,0,0.8244423756612831,1,190,17,0,0,0,0,0
d000039,c_chris,0,med-features-v1,5834,1,332.01458333333335,2295,191,192,16,6.912346972710787,0.00034722222222222224,1,0,4973,0,1,1,5,1,2295,0.75,1.0,1,0.33333333333333337,0.33333333333333337,1,0,0.20069136422138767,1,2486,16,0,0,0,0,0
d000039,c_noah,1,med-features-v1,5834,1,332.01458333333335,2298,2104,193,176,6.921382720387533,0.0006944444444444445,1,0,4973,0,1,1,5,1,2295,0.75,0.9986945169712794,1,0.2727272727272727,0.2727272727272727,1,0,0.11676404127484565,1,4400,16,0,0,0,0,0
d000039,c_elena,2,med-features-v1,5834,1,332.01458333333335,2295,0,192,0,6.912346972710787,0.0006944444444444445,1,0,4973,0,1,1,5,1,2295,0.75,1.0,1,0.4545454545454546,0.8,1,0,0.16365488422057772,1,2295,16,0,0,0,0,0
d000039,c_marcus,3,med-features-v1,5834,1,332.01458333333335,191,0,16,0,0.5752759354195034,0.0006944444444444445,1,0,4973,0,1,1,5,1,191,0.75,1.0,1,0.3076923076923077,0.33333333333333337,1,0,0.7744584774121773,1,191,16,0,0,0,0,0
d000039,c_ren,4,med-features-v1,5834,1,332.01458333333335,286,286,24,24,0.8614079451831307,0.8746527777777777,1,0,286,0,1,0,5,1,0,0.0,0.0,1,0.4545454545454546,0.5,1,0,0.006955053710527947,1,572,16,0,0,0,0,0
d000640,c_marcus,0,med-features-v1,287,1,332.0,95,95,8,8,0.286144578313253,2.999652777777778,1,0,287,0,1,1,1,0,0,0.0,0.0,1,0.3076923076923077,0.33333333333333337,1,0,0.6108218631875865,1,190,14,0,0,0,0,0
d000641,c_fac_002,0,med-features-v1,5841,1,332.1666666666667,47,47,4,4,0.14149523331660813,6.9996527777777775,1,0,4980,0,1,1,1,0,0,0.0,0.0,1,0.7692307692307692,0.7692307692307692,1,0,0.662726096482673,1,94,18,0,0,0,0,0
d000642,c_noah,0,med-features-v1,5847,1,333.00138888888887,2301,2106,193,176,6.909881089918711,0.00034722222222222224,1,0,4986,0,1,1,4,1,2298,1.0,0.9986962190352021,1,0.2727272727272727,0.2727272727272727,1,0,0.697113124063159,1,4405,17,0,0,0,0,0
d000642,c_elena,1,med-features-v1,5847,1,333.00138888888887,2298,0,192,0,6.900872118484658,0.0006944444444444445,1,0,4986,0,1,1,4,1,2298,1.0,1.0,1,0.4545454545454546,0.8,1,0,0.8321288174828405,1,2298,17,0,0,0,0,0
d000642,c_taylor,2,med-features-v1,5847,1,333.00138888888887,2106,0,176,0,6.324297946705261,0.0006944444444444445,1,0,4986,0,1,1,4,1,2106,1.0,1.0,1,0.3846153846153846,0.33333333333333337,1,0,0.8353509743800759,1,2106,17,0,0,0,0,0
d000642,c_chris,3,med-features-v1,5847,1,333.00138888888887,2298,192,192,16,6.900872118484658,0.0006944444444444445,1,0,4986,0,1,1,4,1,2298,1.0,1.0,1,0.33333333333333337,0.33333333333333337,1,0,0.8239432977220565,1,2490,17,0,0,0,0,0
d000643,c_priya,0,med-features-v1,5853,1,333.0208333333333,286,286,24,24,0.8588051298091962,1.9989583333333334,1,0,4992,0,1,1,2,1,286,1.0,1.0,1,0.4545454545454546,0.4,1,0,0.7043147893864966,1,572,18,0,0,0,0,0
d000643,c_quinn,1,med-features-v1,5853,1,333.0208333333333,286,0,24,0,0.8588051298091962,1.9993055555555554,1,0,4992,0,1,1,2,1,286,1.0,1.0,1,0.2727272727272727,0.19999999999999996,1,0,0.7883470807629407,1,286,18,0,0,0,0,0
d000644,c_hana,0,med-features-v1,95,1,332.9302083333333,47,47,4,4,0.1411707283495978,6.9996527777777775,1,0,95,0,1,1,1,0,0,0.0,0.0,1,0.3846153846153846,0.5,1,0,0.6744564105975086,1,94,18,0,0,0,0,0
d000645,c_morgan_shaw,0,med-features-v1,5861,1,333.09791666666666,287,287,24,24,0.8616085110109014,0.00034722222222222224,1,0,5000,0,1,1,1,0,0,0.0,0.0,1,0.8181818181818181,0.8181818181818181,1,1,0.6002292508987342,1,574,18,0,0,0,0,0
d000646,c_ren,0,med-features-v1,5867,1,333.13958333333335,287,287,24,24,0.8615007473093735,0.00034722222222222224,1,0,287,0,1,0,1,0,0,0.0,0.0,1,0.4545454545454546,0.5,1,0,0.7367083842290039,1,574,14,0,0,0,0,0
d000647,c_noah,0,med-features-v1,5874,1,336.00208333333336,2310,2115,193,176,6.874957372536132,0.00034722222222222224,1,0,5007,0,1,1,4,1,2307,1.0,0.9987012987012988,1,0.2727272727272727,0.2727272727272727,1,0,0.6971894293300025,1,4423,17,0,0,0,0,0
d000647,c_elena,1,med-features-v1,5874,1,336.00208333333336,2307,0,192,0,6.866028856467904,0.0006944444444444445,1,0,5007,0,1,1,4,1,2307,1.0,1.0,1,0.4545454545454546,0.8,1,0,0.832286819594474,1,2307,17,0,0,0,0,0
d000647,c_taylor,2,med-features-v1,5874,1,336.00208333333336,2115,0,176,0,6.2946038281012635,0.0006944444444444445,1,0,5007,0,1,1,4,1,2115,1.0,1.0,1,0.3846153846153846,0.33333333333333337,1,0,0.8354835699535391,1,2115,17,0,0,0,0,0
d000647,c_chris,3,med-features-v1,5874,1,336.00208333333336,2307,192,192,16,6.866028856467904,0.0006944444444444445,1,0,5007,0,1,1,4,1,2307,1.0,1.0,1,0.33333333333333337,0.33333333333333337,1,0,0.8241671699952303,1,2499,17,0,0,0,0,0
d000648,c_priya,0,med-features-v1,5880,1,336.0215277777778,289,289,24,24,0.8600639426624037,0.00034722222222222224,1,0,5013,0,1,1,2,1,289,1.0,1.0,1,0.4545454545454546,0.4,1,0,0.7035026238080525,1,578,18,0,0,0,0,0
d000648,c_quinn,1,med-features-v1,5880,1,336.0215277777778,289,0,24,0,0.8600639426624037,0.0006944444444444445,1,0,5013,0,1,1,2,1,289,1.0,1.0,1,0.2727272727272727,0.19999999999999996,1,0,0.7868881904108155,1,289,18,0,0,0,0,0
d000649,c_jamie_lee,0,med-features-v1,5883,1,336.09027777777777,288,288,24,24,0.8569126185507366,2.9989583333333334,1,0,5016,0,1,1,1,0,0,0.0,0.0,1,0.7777777777777778,0.7777777777777778,1,0,0.6153232205181183,1,576,18,0,0,0,0,0
d000650,c_pat,0,med-features-v1,5889,1,336.13194444444446,288,288,24,24,0.8568063962977501,2.9989583333333334,1,0,288,0,1,0,1,0,0,0.0,0.0,1,0.33333333333333337,0.33333333333333337,1,0,0.6807605663009098,1,576,14,0,0,0,0,0
d000651,c_fac_009,0,med-features-v1,5895,1,336.21527777777777,48,48,4,4,0.14276567179593103,6.9996527777777775,1,0,5022,0,1,1,1,0,0,0.0,0.0,1,0.6923076923076923,0.6923076923076923,1,0,0.5976874881776577,1,96,16,0,0,0,0,0
d000652,c_noah,0,med-features-v1,5902,1,337.00347222222223,2320,2125,193,176,6.88420206682671,0.00034722222222222224,1,0,5029,0,1,1,4,1,2317,1.0,0.9987068965517242,1,0.2727272727272727,0.2727272727272727,1,0,0.651121274538384,1,4443,17,0,0,0,0,0
d000652,c_elena,1,med-features-v1,5902,1,337.00347222222223,2317,0,192,0,6.875300081395468,0.0006944444444444445,1,0,5029,0,1,1,4,1,2317,1.0,1.0,1,0.4545454545454546,0.8,1,0,0.8092171016192194,1,2317,17,0,0,0,0,0
d000652,c_taylor,2,med-features-v1,5902,1,337.00347222222223,2125,0,176,0,6.305573013796017,0.0006944444444444445,1,0,5029,0,1,1,4,1,2125,1.0,1.0,1,0.3846153846153846,0.33333333333333337,1,0,0.8123798182665181,1,2125,17,0,0,0,0,0
d000652,c_chris,3,med-features-v1,5902,1,337.00347222222223,2317,192,192,16,6.875300081395468,0.0006944444444444445,1,0,5029,0,1,1,4,1,2317,1.0,1.0,1,0.33333333333333337,0.33333333333333337,1,0,0.8013947098152336,1,2509,17,0,0,0,0,0
d000653,c_chris,0,med-features-v1,5908,1,337.01458333333335,2323,193,192,16,6.892876791929132,0.00034722222222222224,1,0,5035,0,1,1,4,1,2323,1.0,1.0,1,0.33333333333333337,0.33333333333333337,1,0,0.19678778794809307,1,2516,21,0,0,0,0,0
d000653,c_noah,1,med-features-v1,5908,1,337.01458333333335,2326,2130,193,176,6.901778483868774,0.0006944444444444445,1,0,5035,0,1,1,4,1,2323,1.0,0.9987102321582115,1,0.2727272727272727,0.2727272727272727,1,0,0.1045341536210067,1,4454,21,0,0,0,0,0
d000653,c_elena,2,med-features-v1,5908,1,337.01458333333335,2323,0,192,0,6.892876791929132,0.0006944444444444445,1,0,5035,0,1,1,4,1,2323,1.0,1.0,1,0.4545454545454546,0.8,1,0,0.15076155415030468,1,2323,21,0,0,0,0,0
d000653,c_marcus,3,med-features-v1,5908,1,337.01458333333335,193,0,16,0,0.5726755147836085,0.0006944444444444445,1,0,5035,0,1,1,4,1,193,1.0,1.0,1,0.3076923076923077,0.33333333333333337,1,0,0.8481395896485417,1,193,21,0,0,0,0,0
d000654,c_jamie_li,0,med-features-v1,5911,1,337.1111111111111,192,192,16,16,0.5695451549110087,4.998958333333333,1,0,5038,0,1,1,1,0,0,0.0,0.0,1,0.7777777777777778,0.7777777777777778,1,0,0.6342995225612933,1,384,15,0,0,0,0,0
d000655,c_fac_010,0,med-features-v1,5917,1,337.22222222222223,48,48,4,4,0.14233937397034596,6.9996527777777775,1,0,5044,0,1,1,1,0,0,0.0,0.0,1,0.6428571428571428,0.6428571428571428,1,0,0.6970996835496295,1,96,16,0,0,0,0,0
d000124,c_noah,0,med-features-v1,5919,1,338.0,2327,2130,193,176,6.884615384615385,0.9854166666666667,1,0,5046,0,1,1,4,1,2324,1.0,0.9987107864202837,1,0.2727272727272727,0.2727272727272727,1,0,0.6974391438912992,1,4455,17,0,0,0,0,0
d000124,c_elena,1,med-features-v1,5919,1,338.0,2324,0,192,0,6.875739644970414,0.9854166666666667,1,0,5046,0,1,1,4,1,2324,1.0,1.0,1,0.4545454545454546,0.8,1,0,0.8327028124632064,1,2324,17,0,0,0,0,0
d000124,c_taylor,2,med-features-v1,5919,1,338.0,2130,0,176,0,6.3017751479289945,0.9923611111111111,1,0,5046,0,1,1,4,1,2130,1.0,1.0,1,0.3846153846153846,0.33333333333333337,1,0,0.8359377768778004,1,2130,17,0,0,0,0,0
d000124,c_chris,3,med-features-v1,5919,1,338.0,2324,194,192,16,6.875739644970414,0.9850694444444444,1,0,5046,0,1,1,4,1,2324,1.0,1.0,1,0.33333333333333337,0.33333333333333337,1,0,0.8245205586730473,1,2518,17,0,0,0,0,0
d000656,c_noah,0,med-features-v1,5924,1,338.00347222222223,2332,2135,193,176,6.899337408187375,0.00034722222222222224,1,0,5051,0,1,1,4,1,2329,1.0,0.9987135506003431,1,0.2727272727272727,0.2727272727272727,1,0,0.6513698596041355,1,4465,17,0,0,0,0,0
d000656,c_elena,1,med-features-v1,5924,1,338.00347222222223,2329,0,192,0,6.890461759720582,0.0006944444444444445,1,0,5051,0,1,1,4,1,2329,1.0,1.0,1,0.4545454545454546,0.8,1,0,0.8096139915767188,1,2329,17,0,0,0,0,0
d000656,c_taylor,2,med-features-v1,5924,1,338.00347222222223,2135,0,176,0,6.316503158867944,0.0006944444444444445,1,0,5051,0,1,1,4,1,2135,1.0,1.0,1,0.3846153846153846,0.33333333333333337,1,0,0.8128117441404977,1,2135,17,0,0,0,0,0
d000656,c_chris,3,med-features-v1,5924,1,338.00347222222223,2329,194,192,16,6.890461759720582,0.0006944444444444445,1,0,5051,0,1,1,4,1,2329,1.0,1.0,1,0.33333333333333337,0.33333333333333337,1,0,0.8016945444464543,1,2523,17,0,0,0,0,0
d000061,c_fac_001,0,med-features-v1,5927,1,338.0208333333333,48,48,4,4,0.1420030816640986,6.860763888888889,1,0,5054,0,1,1,1,0,0,0.0,0.0,1,0.75,0.75,1,0,0.018613319855025474,1,96,18,0,0,0,0,0
d000657,c_noah,0,med-features-v1,97,1,336.00069444444443,97,389,8,32,0.2886898795265387,0.00034722222222222224,1,0,97,0,1,1,1,0,0,0.0,0.0,1,0.2727272727272727,0.2727272727272727,1,0,0.6229747147111337,1,486,15,0,0,0,0,0
d000658,c_morgan_shaw,0,med-features-v1,5934,1,338.09791666666666,291,291,24,24,0.8606974064466039,0.00034722222222222224,1,0,5061,0,1,1,1,0,0,0.0,0.0,1,0.8181818181818181,0.8181818181818181,1,1,0.6002095292043399,1,582,18,0,0,0,0,0
d000129,c_lee,0,med-features-v1,5935,1,338.125,290,290,24,24,0.8576709796672828,1.9989583333333334,1,0,290,0,1,0,1,0,0,0.0,0.0,1,0.4545454545454546,0.5,1,0,0.5778350619850487,1,580,16,0,0,0,0,0
d000659,c_fac_001,0,med-features-v1,5941,1,338.15972222222223,48,48,4,4,0.14194475818872573,6.9996527777777775,1,0,5062,0,1,1,1,0,0,0.0,0.0,1,0.75,0.75,1,0,0.7104312374653677,1,96,18,0,0,0,0,0
d000660,c_noah,0,med-features-v1,5947,1,339.00138888888887,2337,2140,193,176,6.893777065810121,0.00034722222222222224,1,0,5068,0,1,1,4,1,2334,1.0,0.9987163029525032,1,0.2727272727272727,0.2727272727272727,1,0,0.6510655920307766,1,4475,17,0,0,0,0,0
d000660,c_elena,1,med-features-v1,5947,1,339.00138888888887,2334,0,192,0,6.884927544544639,0.0006944444444444445,1,0,5068,0,1,1,4,1,2334,1.0,1.0,1,0.4545454545454546,0.8,1,0,0.8091025855759149,1,2334,17,0,0,0,0,0
d000660,c_taylor,2,med-features-v1,5947,1,339.00138888888887,2140,0,176,0,6.312658502710166,0.0006944444444444445,1,0,5068,0,1,1,4,1,2140,1.0,1.0,1,0.3846153846153846,0.33333333333333337,1,0,0.812278622208011,1,2140,17,0,0,0,0,0
d000660,c_chris,3,med-features-v1,5947,1,339.00138888888887,2334,194,192,16,6.884927544544639,0.0006944444444444445,1,0,5068,0,1,1,4,1,2334,1.0,1.0,1,0.33333333333333337,0.33333333333333337,1,0,0.8012242150783492,1,2528,17,0,0,0,0,0
d000661,c_noah,0,med-features-v1,5953,1,339.00694444444446,2343,2146,193,176,6.911362844910585,0.001736111111111111,1,0,5074,0,1,1,5,1,2340,1.0,0.998719590268886,1,0.2727272727272727,0.2727272727272727,1,0,0.6515115670296623,1,4487,17,0,0,0,0,0
d000661,c_elena,1,med-features-v1,5953,1,339.00694444444446,2340,0,192,0,6.902513468668701,0.0020833333333333333,1,0,5074,0,1,1,5,1,2340,1.0,1.0,1,0.4545454545454546,0.8,1,0,0.8098893995499528,1,2340,17,0,0,0,0,0
d000661,c_taylor,2,med-features-v1,5953,1,339.00694444444446,2146,0,176,0,6.3302538050269375,0.0020833333333333333,1,0,5074,0,1,1,5,1,2146,1.0,1.0,1,0.3846153846153846,0.33333333333333337,1,0,0.8130583930828177,1,2146,17,0,0,0,0,0
d000661,c_chris,3,med-features-v1,5953,1,339.00694444444446,2340,194,192,16,6.902513468668701,0.0020833333333333333,1,0,5074,0,1,1,5,1,2340,1.0,1.0,1,0.33333333333333337,0.33333333333333337,1,0,0.8020456134749616,1,2534,17,0,0,0,0,0
d000661,c_lena,4,med-features-v1,5953,1,339.00694444444446,194,0,16,0,0.5722596636417642,1.9993055555555554,1,0,5074,0,1,1,5,1,194,1.0,1.0,1,0.4545454545454546,0.8,1,0,0.8204166907075521,1,194,17,0,0,0,0,0
d000662,c_marcus,0,med-features-v1,293,1,339.0,97,97,8,8,0.2861356932153392,2.999652777777778,1,0,293,0,1,1,1,0,0,0.0,0.0,1,0.3076923076923077,0.33333333333333337,1,0,0.612126879386468,1,194,14,0,0,0,0,0
d000663,c_morgan_zhao,0,med-features-v1,5962,1,339.11875,195,195,16,16,0.5750198123813561,0.00034722222222222224,1,0,5083,0,1,1,1,0,0,0.0,0.0,1,0.8181818181818181,0.8181818181818181,1,1,0.6213439391776356,1,390,15,0,0,0,0,0
d000664,c_noah,0,med-features-v1,5968,1,340.00069444444443,2348,2149,193,176,6.9058682478181215,0.00034722222222222224,1,0,5089,0,1,1,4,1,2345,1.0,0.9987223168654173,1,0.2727272727272727,0.2727272727272727,1,0,0.6518379691035207,1,4495,17,0,0,0,0,0
d000664,c_elena,1,med-features-v1,5968,1,340.00069444444443,2345,0,192,0,6.897044736428235,0.0006944444444444445,1,0,5089,0,1,1,4,1,2345,1.0,1.0,1,0.4545454545454546,0.8,1,0,0.8103990937257554,1,2345,17,0,0,0,0,0
d000664,c_taylor,2,med-features-v1,5968,1,340.00069444444443,2149,0,176,0,6.3205753256222925,0.0006944444444444445,1,0,5089,0,1,1,4,1,2149,1.0,1.0,1,0.3846153846153846,0.33333333333333337,1,0,0.8136318042944016,1,2149,17,0,0,0,0,0
d000664,c_chris,3,med-features-v1,5968,1,340.00069444444443,2345,196,192,16,6.897044736428235,0.0006944444444444445,1,0,5089,0,1,1,4,1,2345,1.0,1.0,1,0.33333333333333337,0.33333333333333337,1,0,0.8024148797332236,1,2541,17,0,0,0,0,0
d000665,c_noah,0,med-features-v1,5974,1,340.0048611111111,2354,2155,193,176,6.923430424810103,0.00034722222222222224,1,0,5095,0,1,1,4,1,2351,1.0,0.9987255734919286,1,0.2727272727272727,0.2727272727272727,1,0,0.6964731282716801,1,4507,17,0,0,0,0,0
d000665,c_elena,1,med-features-v1,5974,1,340.0048611111111,2351,0,192,0,6.914607021549937,0.0006944444444444445,1,0,5095,0,1,1,4,1,2351,1.0,1.0,1,0.4545454545454546,0.8,1,0,0.831027246598788,1,2351,17,0,0,0,0,0
d000665,c_taylor,2,med-features-v1,5974,1,340.0048611111111,2155,0,176,0,6.338144675219104,0.0006944444444444445,1,0,5095,0,1,1,4,1,2155,1.0,1.0,1,0.3846153846153846,0.33333333333333337,1,0,0.8342296336908571,1,2155,17,0,0,0,0,0
d000665,c_chris,3,med-features-v1,5974,1,340.0048611111111,2351,196,192,16,6.914607021549937,0.0006944444444444445,1,0,5095,0,1,1,4,1,2351,1.0,1.0,1,0.33333333333333337,0.33333333333333337,1,0,0.8228835133544861,1,2547,17,0,0,0,0,0
d000666,c_maya,0,med-features-v1,244,1,338.95104166666664,244,244,20,20,0.7198679750332675,0.9503472222222222,1,0,244,0,1,1,1,0,0,0.0,0.0,1,0.33333333333333337,0.5,1,0,0.4978879139652179,1,488,14,0,0,0,0,0
d000667,c_morgan_shaw,0,med-features-v1,5983,1,340.09791666666666,293,293,24,24,0.8615165975485002,0.00034722222222222224,1,0,5104,0,1,1,1,0,0,0.0,0.0,1,0.8181818181818181,0.8181818181818181,1,1,0.5681902192916788,1,586,17,0,0,0,0,0
d000668,c_ren,0,med-features-v1,5989,1,340.13958333333335,293,293,24,24,0.8614110628602227,0.00034722222222222224,1,0,293,0,1,0,1,0,0,0.0,0.0,1,0.4545454545454546,0.5,1,0,0.5692638077994924,1,586,16,0,0,0,0,0
d000085,c_noah,0,med-features-v1,5993,1,343.0,2355,2156,193,176,6.865889212827988,2.9947916666666665,1,0,5108,0,1,1,5,1,2352,0.75,0.9987261146496815,1,0.2727272727272727,0.2727272727272727,1,0,0.6521762805179095,1,4509,17,0,0,0,0,0
d000085,c_elena,1,med-features-v1,5993,1,343.0,2352,0,192,0,6.857142857142857,2.995138888888889,1,0,5108,0,1,1,5,1,2352,0.75,1.0,1,0.4545454545454546,0.8,1,0,0.8110020192097979,1,2352,17,0,0,0,0,0
d000085,c_taylor,2,med-features-v1,5993,1,343.0,2156,0,176,0,6.285714285714286,2.995138888888889,1,0,5108,0,1,1,5,1,2156,0.75,1.0,1,0.3846153846153846,0.33333333333333337,1,0,0.8142220855729129,1,2156,17,0,0,0,0,0
d000085,c_chris,3,med-features-v1,5993,1,343.0,2352,196,192,16,6.857142857142857,2.995138888888889,1,0,5108,0,1,1,5,1,2352,0.75,1.0,1,0.33333333333333337,0.33333333333333337,1,0,0.8030617488305952,1,2548,17,0,0,0,0,0
d000085,c_lee,4,med-features-v1,5993,1,343.0,294,294,24,24,0.8571428571428571,2.8739583333333334,1,0,294,0,1,0,5,1,0,0.0,0.0,1,0.4545454545454546,0.5,1,0,0.019050248499759198,1,588,17,0,0,0,0,0
d000669,c_noah,0,med-features-v1,5996,1,343.00208333333336,2358,2159,193,176,6.874593813205702,0.00034722222222222224,1,0,5111,0,1,1,4,1,2355,1.0,0.9987277353689568,1,0.2727272727272727,0.2727272727272727,1,0,0.6964635320154311,1,4515,17,0,0,0,0,0
d000669,c_elena,1,med-features-v1,5996,1,343.00208333333336,2355,0,192,0,6.865847510644371,0.0006944444444444445,1,0,5111,0,1,1,4,1,2355,1.0,1.0,1,0.4545454545454546,0.8,1,0,0.8310213532786109,1,2355,17,0,0,0,0,0
d000669,c_taylor,2,med-features-v1,5996,1,343.00208333333336,2159,0,176,0,6.294422409970784,0.0006944444444444445,1,0,5111,0,1,1,4,1,2159,1.0,1.0,1,0.3846153846153846,0.33333333333333337,1,0,0.834211740190542,1,2159,17,0,0,0,0,0
d000669,c_chris,3,med-features-v1,5996,1,343.00208333333336,2355,196,192,16,6.865847510644371,0.0006944444444444445,1,0,5111,0,1,1,4,1,2355,1.0,1.0,1,0.33333333333333337,0.33333333333333337,1,0,0.8229068708606405,1,2551,17,0,0,0,0,0
d000670,c_priya,0,med-features-v1,6002,1,343.0215277777778,295,295,24,24,0.8600043324135389,0.00034722222222222224,1,0,5117,0,1,1,2,1,295,1.0,1.0,1,0.4545454545454546,0.4,1,0,0.6602683042503108,1,590,14,0,0,0,0,0
d000670,c_quinn,1,med-features-v1,6002,1,343.0215277777778,295,0,24,0,0.8600043324135389,0.0006944444444444445,1,0,5117,0,1,1,2,1,295,1.0,1.0,1,0.2727272727272727,0.19999999999999996,1,0,0.8115203855611415,1,295,14,0,0,0,0,0
d000671,c_jamie_lee,0,med-features-v1,6005,1,343.09027777777777,294,294,24,24,0.8569173160611274,2.9989583333333334,1,0,5120,0,1,1,1,0,0,0.0,0.0,1,0.7777777777777778,0.7777777777777778,1,0,0.6176984531679233,1,588,18,0,0,0,0,0
d000672,c_pat,0,med-features-v1,6012,1,343.1326388888889,295,295,24,24,0.8597258510739489,0.00034722222222222224,1,0,295,0,1,0,1,0,0,0.0,0.0,1,0.33333333333333337,0.33333333333333337,1,0,0.6874585773354579,1,590,14,0,0,0,0,0
d000673,c_fac_014,0,med-features-v1,6018,1,343.25,49,49,4,4,0.14275309541150766,6.9996527777777775,1,0,5127,0,1,1,1,0,0,0.0,0.0,1,0.7692307692307692,0.7692307692307692,1,0,0.5844205433621295,1,98,18,0,0,0,0,0
d000674,c_noah,0,med-features-v1,6024,1,344.00347222222223,2368,2169,193,176,6.883651448931595,0.00034722222222222224,1,0,5133,0,1,1,4,1,2365,1.0,0.9987331081081081,1,0.2727272727272727,0.2727272727272727,1,0,0.6966369810238395,1,4535,17,0,0,0,0,0
d000674,c_elena,1,med-features-v1,6024,1,344.00347222222223,2365,0,192,0,6.874930606724335,0.0006944444444444445,1,0,5133,0,1,1,4,1,2365,1.0,1.0,1,0.4545454545454546,0.8,1,0,0.8313508811149245,1,2365,17,0,0,0,0,0
d000674,c_taylor,2,med-features-v1,6024,1,344.00347222222223,2169,0,176,0,6.3051689158499284,0.0006944444444444445,1,0,5133,0,1,1,4,1,2169,1.0,1.0,1,0.3846153846153846,0.33333333333333337,1,0,0.8345161064190425,1,2169,17,0,0,0,0,0
d000674,c_chris,3,med-features-v1,6024,1,344.00347222222223,2365,196,192,16,6.874930606724335,0.0006944444444444445,1,0,5133,0,1,1,4,1,2365,1.0,1.0,1,0.33333333333333337,0.33333333333333337,1,0,0.8233056901482235,1,2561,17,0,0,0,0,0
d000136,c_noah,0,med-features-v1,6028,1,344.0076388888889,2372,2173,193,176,6.895195721994223,0.00034722222222222224,1,0,5137,0,1,1,5,1,2369,1.0,0.9987352445193929,1,0.2727272727272727,0.2727272727272727,1,0,0.651908773268981,1,4543,17,0,0,0,0,0
d000136,c_elena,1,med-features-v1,6028,1,344.0076388888889,2369,0,192,0,6.886474985414972,0.0006944444444444445,1,0,5137,0,1,1,5,1,2369,1.0,1.0,1,0.4545454545454546,0.8,1,0,0.8105879297103299,1,2369,17,0,0,0,0,0
d000136,c_taylor,2,med-features-v1,6028,1,344.0076388888889,2173,0,176,0,6.316720195570593,0.0006944444444444445,1,0,5137,0,1,1,5,1,2173,1.0,1.0,1,0.3846153846153846,0.33333333333333337,1,0,0.81375276001579,1,2173,17,0,0,0,0,0
d000136,c_chris,3,med-features-v1,6028,1,344.0076388888889,2369,196,192,16,6.886474985414972,0.0006944444444444445,1,0,5137,0,1,1,5,1,2369,1.0,1.0,1,0.33333333333333337,0.33333333333333337,1,0,0.8027717909151384,1,2565,17,0,0,0,0,0
d000136,c_lena,4,med-features-v1,6028,1,344.0076388888889,197,0,16,0,0.5726617020374628,0.0006944444444444445,1,0,5137,0,1,1,5,1,197,1.0,1.0,1,0.4545454545454546,0.8,1,0,0.8264094329532492,1,197,17,0,0,0,0,0
d000040,c_chris,0,med-features-v1,6030,1,344.01458333333335,2371,197,192,16,6.892149678732127,0.00034722222222222224,1,0,5139,0,1,1,5,1,2371,0.75,1.0,1,0.33333333333333337,0.33333333333333337,1,0,0.20061124563656033,1,2568,16,0,0,0,0,0
d000040,c_noah,1,med-features-v1,6030,1,344.01458333333335,2374,2174,193,176,6.90087023927038,0.0006944444444444445,1,0,5139,0,1,1,5,1,2371,0.75,0.9987363100252739,1,0.2727272727272727,0.2727272727272727,1,0,0.11674595653135665,1,4546,16,0,0,0,0,0
d000040,c_elena,2,med-features-v1,6030,1,344.01458333333335,2371,0,192,0,6.892149678732127,0.0006944444444444445,1,0,5139,0,1,1,5,1,2371,0.75,1.0,1,0.4545454545454546,0.8,1,0,0.16361665769880965,1,2371,16,0,0,0,0,0
d000040,c_marcus,3,med-features-v1,6030,1,344.01458333333335,197,0,16,0,0.572650142011906,0.0006944444444444445,1,0,5139,0,1,1,5,1,197,0.75,1.0,1,0.3076923076923077,0.33333333333333337,1,0,0.7756799049358841,1,197,16,0,0,0,0,0
d000040,c_lee,4,med-features-v1,6030,1,344.01458333333335,296,296,24,24,0.8604286397742343,0.8885416666666667,1,0,296,0,1,0,5,1,0,0.0,0.0,1,0.4545454545454546,0.5,1,0,0.006981381067465673,1,592,16,0,0,0,0,0
d000675,c_noah,0,med-features-v1,493,1,344.0072916666667,493,493,40,40,1.4331091576910615,0.00034722222222222224,1,0,493,0,1,1,3,1,197,1.0,0.3995943204868154,1,0.2727272727272727,0.2727272727272727,1,0,0.580400215983716,1,986,16,0,0,0,0,0
d000675,c_taylor,1,med-features-v1,493,1,344.0072916666667,197,0,16,0,0.5726622800509922,0.0006944444444444445,1,0,493,0,1,1,3,1,197,1.0,1.0,1,0.3846153846153846,0.33333333333333337,1,0,0.8241697264378282,1,197,16,0,0,0,0,0
d000675,c_chris,2,med-features-v1,493,1,344.0072916666667,197,0,16,0,0.5726622800509922,0.0006944444444444445,1,0,493,0,1,1,3,1,197,1.0,1.0,1,0.33333333333333337,0.33333333333333337,1,0,0.8241697264378282,1,197,16,0,0,0,0,0
d000676,c_morgan_zhao,0,med-features-v1,6035,1,344.11805555555554,196,196,16,16,0.5695719734425767,4.998958333333333,1,0,5144,0,1,1,1,0,0,0.0,0.0,1,0.8181818181818181,0.8181818181818181,1,1,0.6130419622916619,1,392,14,0,0,0,0,0
d000677,c_noah,0,med-features-v1,6042,1,345.00069444444443,2376,2175,193,176,6.886942659133134,0.00034722222222222224,1,0,5151,0,1,1,4,1,2373,1.0,0.9987373737373737,1,0.2727272727272727,0.2727272727272727,1,0,0.6521199303255072,1,4549,17,0,0,0,0,0
d000677,c_elena,1,med-features-v1,6042,1,345.00069444444443,2373,0,192,0,6.878247024462511,0.0006944444444444445,1,0,5151,0,1,1,4,1,2373,1.0,1.0,1,0.4545454545454546,0.8,1,0,0.8108947263864273,1,2373,17,0,0,0,0,0
d000677,c_taylor,2,med-features-v1,6042,1,345.00069444444443,2175,0,176,0,6.304335136201417,0.0006944444444444445,1,0,5151,0,1,1,4,1,2175,1.0,1.0,1,0.3846153846153846,0.33333333333333337,1,0,0.8141292999087848,1,2175,17,0,0,0,0,0
d000677,c_chris,3,med-features-v1,6042,1,345.00069444444443,2373,198,192,16,6.878247024462511,0.0006944444444444445,1,0,5151,0,1,1,4,1,2373,1.0,1.0,1,0.33333333333333337,0.33333333333333337,1,0,0.8029419792134959,1,2571,17,0,0,0,0,0
d000678,c_noah,0,med-features-v1,6048,1,345.0048611111111,2382,2181,193,176,6.904250543973817,0.00034722222222222224,1,0,5157,0,1,1,4,1,2379,1.0,0.9987405541561712,1,0.2727272727272727,0.2727272727272727,1,0,0.6966125761245171,1,4561,17,0,0,0,0,0
d000678,c_elena,1,med-features-v1,6048,1,345.0048611111111,2379,0,192,0,6.895555014321457,0.0006944444444444445,1,0,5157,0,1,1,4,1,2379,1.0,1.0,1,0.4545454545454546,0.8,1,0,0.8312807816947025,1,2379,17,0,0,0,0,0
d000678,c_taylor,2,med-features-v1,6048,1,345.0048611111111,2181,0,176,0,6.321650057265699,0.0006944444444444445,1,0,5157,0,1,1,4,1,2181,1.0,1.0,1,0.3846153846153846,0.33333333333333337,1,0,0.8344614317417415,1,2181,17,0,0,0,0,0
d000678,c_chris,3,med-features-v1,6048,1,345.0048611111111,2379,198,192,16,6.895555014321457,0.0006944444444444445,1,0,5157,0,1,1,4,1,2379,1.0,1.0,1,0.33333333333333337,0.33333333333333337,1,0,0.8231714771118411,1,2577,17,0,0,0,0,0
d000679,c_noah,0,med-features-v1,99,1,343.00069444444443,99,397,8,32,0.2886291532451546,0.00034722222222222224,1,0,99,0,1,1,1,0,0,0.0,0.0,1,0.2727272727272727,0.2727272727272727,1,0,0.6287677378540601,1,496,15,0,0,0,0,0
d000016,c_alex_chen,0,med-features-v1,6051,1,345.0833333333333,247,247,20,20,0.7157691378893988,0.978125,1,0,5160,0,1,1,1,0,0,0.0,0.0,1,0.8888888888888888,0.8888888888888888,1,1,0.046859934641174265,1,494,18,0,0,0,0,0
d000017,c_jamie_li,0,med-features-v1,6053,1,345.09027777777777,198,198,16,16,0.5737629042319844,0.978125,1,0,5162,0,1,1,1,0,0,0.0,0.0,1,0.7777777777777778,0.7777777777777778,1,0,0.05864626890358722,1,396,17,0,0,0,0,0
d000018,c_morgan_zhao,0,med-features-v1,6055,1,345.09722222222223,198,198,16,16,0.5737513583128748,0.978125,1,0,5164,0,1,1,1,0,0,0.0,0.0,1,0.8181818181818181,0.8181818181818181,1,1,0.05219562778785536,1,396,18,0,0,0,0,0
d000680,c_pat,0,med-features-v1,6059,1,345.13194444444446,296,296,24,24,0.8576430109257731,1.9989583333333334,1,0,296,0,1,0,1,0,0,0.0,0.0,1,0.33333333333333337,0.33333333333333337,1,0,0.6887172936724552,1,592,14,0,0,0,0,0
d000681,c_fac_011,0,med-features-v1,6065,1,345.2291666666667,49,49,4,4,0.1419347052078933,6.9996527777777775,1,0,5168,0,1,1,1,0,0,0.0,0.0,1,0.6666666666666667,0.6666666666666667,1,0,0.6005660487454311,1,98,18,0,0,0,0,0
d000682,c_noah,0,med-features-v1,6072,1,346.00347222222223,2388,2187,192,176,6.90166484360104,0.00034722222222222224,1,0,5175,0,1,1,4,1,2385,1.0,0.9987437185929648,1,0.2727272727272727,0.2727272727272727,1,0,0.6964022736184465,1,4573,17,0,0,0,0,0
d000682,c_elena,1,med-features-v1,6072,1,346.00347222222223,2385,0,192,0,6.892994410380435,0.0006944444444444445,1,0,5175,0,1,1,4,1,2385,1.0,1.0,1,0.4545454545454546,0.8,1,0,0.8309298550862403,1,2385,17,0,0,0,0,0
d000682,c_taylor,2,med-features-v1,6072,1,346.00347222222223,2187,0,176,0,6.3207458178205504,0.0006944444444444445,1,0,5175,0,1,1,4,1,2187,1.0,1.0,1,0.3846153846153846,0.33333333333333337,1,0,0.8340882939267745,1,2187,17,0,0,0,0,0
d000682,c_chris,3,med-features-v1,6072,1,346.00347222222223,2385,198,192,16,6.892994410380435,0.0006944444444444445,1,0,5175,0,1,1,4,1,2385,1.0,1.0,1,0.33333333333333337,0.33333333333333337,1,0,0.8228668159336969,1,2583,17,0,0,0,0,0
d000683,c_chris,0,med-features-v1,6078,1,346.01458333333335,2391,199,192,16,6.910113374315871,0.00034722222222222224,1,0,5181,0,1,1,4,1,2391,1.0,1.0,1,0.33333333333333337,0.33333333333333337,1,0,0.1964598352199805,1,2590,21,0,0,0,0,0
d000683,c_noah,1,med-features-v1,6078,1,346.01458333333335,2394,2192,192,176,6.918783529114259,0.0006944444444444445,1,0,5181,0,1,1,4,1,2391,1.0,0.9987468671679198,1,0.2727272727272727,0.2727272727272727,1,0,0.10438207269053182,1,4584,21,0,0,0,0,0
d000683,c_elena,2,med-features-v1,6078,1,346.01458333333335,2391,0,192,0,6.910113374315871,0.0006944444444444445,1,0,5181,0,1,1,4,1,2391,1.0,1.0,1,0.4545454545454546,0.8,1,0,0.1504661905298783,1,2391,21,0,0,0,0,0
d000683,c_marcus,3,med-features-v1,6078,1,346.01458333333335,199,0,16,0,0.5751202682931235,0.0006944444444444445,1,0,5181,0,1,1,4,1,199,1.0,1.0,1,0.3076923076923077,0.33333333333333337,1,0,0.8433024561032199,1,199,21,0,0,0,0,0
d000684,c_alex_chen,0,med-features-v1,6080,1,346.1048611111111,248,248,20,20,0.7165458445276901,0.00034722222222222224,1,0,5183,0,1,1,1,0,0,0.0,0.0,1,0.8888888888888888,0.8888888888888888,1,1,0.6478486006516914,1,496,15,0,0,0,0,0
d000685,c_fac_007,0,med-features-v1,6086,1,346.2013888888889,50,50,4,4,0.1444246083485447,6.9996527777777775,1,0,5189,0,1,1,1,0,0,0.0,0.0,1,0.8461538461538461,0.8461538461538461,1,1,0.599196538991478,1,100,18,0,0,0,0,0
d000686,c_noah,0,med-features-v1,6092,1,347.00208333333336,2398,2195,192,176,6.910621333925708,0.00034722222222222224,1,0,5195,0,1,1,4,1,2395,1.0,0.9987489574645538,1,0.2727272727272727,0.2727272727272727,1,0,0.6967713681977734,1,4591,17,0,0,0,0,0
d000686,c_elena,1,med-features-v1,6092,1,347.00208333333336,2395,0,192,0,6.901975852690605,0.0006944444444444445,1,0,5195,0,1,1,4,1,2395,1.0,1.0,1,0.4545454545454546,0.8,1,0,0.8315362682950614,1,2395,17,0,0,0,0,0
d000686,c_taylor,2,med-features-v1,6092,1,347.00208333333336,2195,0,176,0,6.325610437017068,0.0006944444444444445,1,0,5195,0,1,1,4,1,2195,1.0,1.0,1,0.3846153846153846,0.33333333333333337,1,0,0.834742851247604,1,2195,17,0,0,0,0,0
d000686,c_chris,3,med-features-v1,6092,1,347.00208333333336,2395,200,192,16,6.901975852690605,0.0006944444444444445,1,0,5195,0,1,1,4,1,2395,1.0,1.0,1,0.33333333333333337,0.33333333333333337,1,0,0.8233675983862382,1,2595,17,0,0,0,0,0
d000687,c_elena,0,med-features-v1,2798,1,347.02743055555555,498,498,40,40,1.4350450602788165,0.9920138888888889,1,0,2798,0,1,1,3,1,298,1.0,0.5983935742971888,1,0.4545454545454546,0.8,1,0,0.658774846785827,1,996,17,0,0,0,0,0
d000687,c_taylor,1,med-features-v1,2798,1,347.02743055555555,398,100,32,8,1.146883401588291,1.9850694444444446,1,0,2798,0,1,1,3,1,298,1.0,0.7487437185929648,1,0.3846153846153846,0.33333333333333337,1,0,0.791886592741091,1,498,17,0,0,0,0,0
d000687,c_lena,2,med-features-v1,2798,1,347.02743055555555,298,0,24,0,0.8587217428977656,1.9993055555555554,1,0,2798,0,1,1,3,1,298,1.0,1.0,1,0.4545454545454546,0.8,1,0,0.8372185703420308,1,298,17,0,0,0,0,0
d000688,c_alex_chan,0,med-features-v1,6101,1,347.0840277777778,299,299,24,24,0.8614628622191631,0.00034722222222222224,1,0,5204,0,1,1,1,0,0,0.0,0.0,1,0.8888888888888888,0.8888888888888888,1,1,0.5989968895144879,1,598,18,0,0,0,0,0
d000689,c_lee,0,med-features-v1,6107,1,347.12569444444443,299,299,24,24,0.8613594579293044,0.00034722222222222224,1,0,299,0,1,0,1,0,0,0.0,0.0,1,0.4545454545454546,0.5,1,0,0.5844568015609306,1,598,16,0,0,0,0,0
d000690,c_fac_008,0,med-features-v1,6113,1,347.2083333333333,49,49,4,4,0.14112564502580105,6.9996527777777775,1,0,5210,0,1,1,1,0,0,0.0,0.0,1,0.7692307692307692,0.7692307692307692,1,0,0.657651494922799,1,98,16,0,0,0,0,0
d000691,c_noah,0,med-features-v1,6119,1,350.0027777777778,2407,2204,192,176,6.877088277077165,0.00034722222222222224,1,0,5216,0,1,1,4,1,2404,1.0,0.9987536352305775,1,0.2727272727272727,0.2727272727272727,1,0,0.6972338570468813,1,4609,17,0,0,0,0,0
d000691,c_elena,1,med-features-v1,6119,1,350.0027777777778,2404,0,192,0,6.868516916532408,0.0006944444444444445,1,0,5216,0,1,1,4,1,2404,1.0,1.0,1,0.4545454545454546,0.8,1,0,0.8323663504571469,1,2404,17,0,0,0,0,0
d000691,c_taylor,2,med-features-v1,6119,1,350.0027777777778,2204,0,176,0,6.297092880215236,0.0006944444444444445,1,0,5216,0,1,1,4,1,2204,1.0,1.0,1,0.3846153846153846,0.33333333333333337,1,0,0.8355576586803917,1,2204,17,0,0,0,0,0
d000691,c_chris,3,med-features-v1,6119,1,350.0027777777778,2404,200,192,16,6.868516916532408,0.0006944444444444445,1,0,5216,0,1,1,4,1,2404,1.0,1.0,1,0.33333333333333337,0.33333333333333337,1,0,0.8242545309872307,1,2604,17,0,0,0,0,0
d000692,c_elena,0,med-features-v1,2809,1,350.028125,501,501,40,40,1.431313555160746,0.00034722222222222224,1,0,2809,0,1,1,3,1,301,1.0,0.6007984031936128,1,0.4545454545454546,0.8,1,0,0.6363376935486759,1,1002,17,0,0,0,0,0
d000692,c_taylor,1,med-features-v1,2809,1,350.028125,401,100,32,8,1.1456222267853478,0.0006944444444444445,1,0,2809,0,1,1,3,1,301,1.0,0.7506234413965087,1,0.3846153846153846,0.33333333333333337,1,0,0.7834380885717135,1,501,17,0,0,0,0,0
d000692,c_lena,2,med-features-v1,2809,1,350.028125,301,0,24,0,0.8599308984099492,0.0006944444444444445,1,0,2809,0,1,1,3,1,301,1.0,1.0,1,0.4545454545454546,0.8,1,0,0.8384157409824067,1,301,17,0,0,0,0,0
d000693,c_morgan_shaw,0,med-features-v1,6129,1,350.09722222222223,300,300,24,24,0.8569048280239616,2.9989583333333334,1,0,5226,0,1,1,1,0,0,0.0,0.0,1,0.8181818181818181,0.8181818181818181,1,1,0.5932622546214968,1,600,18,0,0,0,0,0
d000694,c_ren,0,med-features-v1,6135,1,350.1388888888889,300,300,24,24,0.85680285600952,2.9989583333333334,1,0,300,0,1,0,1,0,0,0.0,0.0,1,0.4545454545454546,0.5,1,0,0.7305078486888439,1,600,14,0,0,0,0,0
d000695,c_noah,0,med-features-v1,6141,1,351.0,2411,2208,192,176,6.868945868945869,0.9947916666666666,1,0,5232,0,1,1,4,1,2408,1.0,0.9987557030277893,1,0.2727272727272727,0.2727272727272727,1,0,0.6974165270148903,1,4617,17,0,0,0,0,0
d000695,c_elena,1,med-features-v1,6141,1,351.0,2408,0,192,0,6.860398860398861,0.9951388888888889,1,0,5232,0,1,1,4,1,2408,1.0,1.0,1,0.4545454545454546,0.8,1,0,0.8326951144457623,1,2408,17,0,0,0,0,0
d000695,c_taylor,2,med-features-v1,6141,1,351.0,2208,0,176,0,6.2905982905982905,0.9951388888888889,1,0,5232,0,1,1,4,1,2208,1.0,1.0,1,0.3846153846153846,0.33333333333333337,1,0,0.8358791587621883,1,2208,17,0,0,0,0,0
d000695,c_chris,3,med-features-v1,6141,1,351.0,2408,200,192,16,6.860398860398861,0.9951388888888889,1,0,5232,0,1,1,4,1,2408,1.0,1.0,1,0.33333333333333337,0.33333333333333337,1,0,0.8246087351717084,1,2608,17,0,0,0,0,0
d000696,c_noah,0,med-features-v1,6147,1,351.00416666666666,2417,2214,192,176,6.885958143896677,0.00034722222222222224,1,0,5238,0,1,1,4,1,2414,1.0,0.9987587918907737,1,0.2727272727272727,0.2727272727272727,1,0,0.6973999680703277,1,4629,17,0,0,0,0,0
d000696,c_elena,1,med-features-v1,6147,1,351.00416666666666,2414,0,192,0,6.87741123680868,0.0006944444444444445,1,0,5238,0,1,1,4,1,2414,1.0,1.0,1,0.4545454545454546,0.8,1,0,0.8326820909770167,1,2414,17,0,0,0,0,0
d000696,c_taylor,2,med-features-v1,6147,1,351.00416666666666,2214,0,176,0,6.3076174309421775,0.0006944444444444445,1,0,5238,0,1,1,4,1,2214,1.0,1.0,1,0.3846153846153846,0.33333333333333337,1,0,0.8358486465925933,1,2214,17,0,0,0,0,0
d000696,c_chris,3,med-features-v1,6147,1,351.00416666666666,2414,200,192,16,6.87741123680868,0.0006944444444444445,1,0,5238,0,1,1,4,1,2414,1.0,1.0,1,0.33333333333333337,0.33333333333333337,1,0,0.8246382277858559,1,2614,17,0,0,0,0,0
d000697,c_noah,0,med-features-v1,503,1,351.0072916666667,503,503,40,40,1.4330186635486561,0.00034722222222222224,1,0,503,0,1,1,3,1,201,1.0,0.3996023856858847,1,0.2727272727272727,0.2727272727272727,1,0,0.6055989397724225,1,1006,16,0,0,0,0,0
d000697,c_taylor,1,med-features-v1,503,1,351.0072916666667,201,0,16,0,0.572637676686441,0.0006944444444444445,1,0,503,0,1,1,3,1,201,1.0,1.0,1,0.3846153846153846,0.33333333333333337,1,0,0.8162483801353275,1,201,16,0,0,0,0,0
d000697,c_chris,2,med-features-v1,503,1,351.0072916666667,201,0,16,0,0.572637676686441,0.0006944444444444445,1,0,503,0,1,1,3,1,201,1.0,1.0,1,0.33333333333333337,0.33333333333333337,1,0,0.8162483801353275,1,201,16,0,0,0,0,0
d000698,c_morgan_zhao,0,med-features-v1,6157,1,351.11805555555554,200,200,16,16,0.5696089871640198,4.998958333333333,1,0,5248,0,1,1,1,0,0,0.0,0.0,1,0.8181818181818181,0.8181818181818181,1,1,0.6090734407267153,1,400,14,0,0,0,0,0
d000699,c_noah,0,med-features-v1,6163,1,352.0,2423,2218,192,176,6.8835227272727275,0.9854166666666667,1,0,5254,0,1,1,4,1,2420,1.0,0.9987618654560462,1,0.2727272727272727,0.2727272727272727,1,0,0.6508968695752742,1,4639,17,0,0,0,0,0
d000699,c_elena,1,med-features-v1,6163,1,352.0,2420,0,192,0,6.875,0.9854166666666667,1,0,5254,0,1,1,4,1,2420,1.0,1.0,1,0.4545454545454546,0.8,1,0,0.8087810865762141,1,2420,17,0,0,0,0,0
d000699,c_taylor,2,med-features-v1,6163,1,352.0,2218,0,176,0,6.301136363636363,0.9923611111111111,1,0,5254,0,1,1,4,1,2218,1.0,1.0,1,0.3846153846153846,0.33333333333333337,1,0,0.8119908375739698,1,2218,17,0,0,0,0,0
d000699,c_chris,3,med-features-v1,6163,1,352.0,2420,202,192,16,6.875,0.9850694444444444,1,0,5254,0,1,1,4,1,2420,1.0,1.0,1,0.33333333333333337,0.33333333333333337,1,0,0.8008447674066291,1,2622,17,0,0,0,0,0
d000086,c_noah,0,med-features-v1,6167,1,352.0027777777778,2427,2222,192,176,6.894831953661981,0.00034722222222222224,1,0,5258,0,1,1,5,1,2424,0.75,0.9987639060568603,1,0.2727272727272727,0.2727272727272727,1,0,0.6511158858168884,1,4647,17,0,0,0,0,0
d000086,c_elena,1,med-features-v1,6167,1,352.0027777777778,2424,0,192,0,6.886309293645094,0.0006944444444444445,1,0,5258,0,1,1,5,1,2424,0.75,1.0,1,0.4545454545454546,0.8,1,0,0.8091703177713933,1,2424,17,0,0,0,0,0
d000086,c_taylor,2,med-features-v1,6167,1,352.0027777777778,2222,0,176,0,6.312450185841336,0.0006944444444444445,1,0,5258,0,1,1,5,1,2222,0.75,1.0,1,0.3846153846153846,0.33333333333333337,1,0,0.8123738864788052,1,2222,17,0,0,0,0,0
d000086,c_chris,3,med-features-v1,6167,1,352.0027777777778,2424,202,192,16,6.886309293645094,0.0006944444444444445,1,0,5258,0,1,1,5,1,2424,0.75,1.0,1,0.33333333333333337,0.33333333333333337,1,0,0.8012576277681049,1,2626,17,0,0,0,0,0
d000086,c_pat,4,med-features-v1,6167,1,352.0027777777778,302,302,24,24,0.857947775033341,1.8697916666666667,1,0,302,0,1,0,5,1,0,0.0,0.0,1,0.33333333333333337,0.33333333333333337,1,0,0.01987559660344223,1,604,17,0,0,0,0,0
d000700,c_noah,0,med-features-v1,6170,1,352.0048611111111,2430,2225,192,176,6.9033137563204425,0.00034722222222222224,1,0,5261,0,1,1,4,1,2427,1.0,0.9987654320987654,1,0.2727272727272727,0.2727272727272727,1,0,0.6510227786783582,1,4653,17,0,0,0,0,0
d000700,c_elena,1,med-features-v1,6170,1,352.0048611111111,2427,0,192,0,6.894791146744738,0.0006944444444444445,1,0,5261,0,1,1,4,1,2427,1.0,1.0,1,0.4545454545454546,0.8,1,0,0.8090175870576172,1,2427,17,0,0,0,0,0
d000700,c_taylor,2,med-features-v1,6170,1,352.0048611111111,2225,0,176,0,6.320935435313985,0.0006944444444444445,1,0,5261,0,1,1,4,1,2225,1.0,1.0,1,0.3846153846153846,0.33333333333333337,1,0,0.8122105351133581,1,2225,17,0,0,0,0,0
d000700,c_chris,3,med-features-v1,6170,1,352.0048611111111,2427,202,192,16,6.894791146744738,0.0006944444444444445,1,0,5261,0,1,1,4,1,2427,1.0,1.0,1,0.33333333333333337,0.33333333333333337,1,0,0.8011271320539824,1,2629,17,0,0,0,0,0
d000062,c_fac_002,0,med-features-v1,6171,1,352.0208333333333,50,50,4,4,0.14203704799668582,5.8538194444444445,1,0,5262,0,1,1,1,0,0,0.0,0.0,1,0.7692307692307692,0.7692307692307692,1,0,0.014612006660844381,1,100,14,0,0,0,0,0
d000701,c_alex_chan,0,med-features-v1,6173,1,352.0833333333333,302,302,24,24,0.8577514792899409,1.9989583333333334,1,0,5264,0,1,1,1,0,0,0.0,0.0,1,0.8888888888888888,0.8888888888888888,1,1,0.5976121541736019,1,604,18,0,0,0,0,0
d000702,c_lee,0,med-features-v1,6180,1,352.12569444444443,303,303,24,24,0.8604881858395735,0.00034722222222222224,1,0,303,0,1,0,1,0,0,0.0,0.0,1,0.4545454545454546,0.5,1,0,0.584600985958387,1,606,16,0,0,0,0,0
d000703,c_fac_006,0,med-features-v1,6186,1,352.19444444444446,51,51,4,4,0.14480637274232983,6.9996527777777775,1,0,5271,0,1,1,1,0,0,0.0,0.0,1,0.8181818181818181,0.8181818181818181,1,1,0.7084471824336525,1,102,16,0,0,0,0,0
d000704,c_noah,0,med-features-v1,6192,1,353.00208333333336,2434,2229,192,176,6.895143442260137,0.00034722222222222224,1,0,5277,0,1,1,4,1,2431,1.0,0.9987674609695973,1,0.2727272727272727,0.2727272727272727,1,0,0.6510357534593779,1,4661,17,0,0,0,0,0
d000704,c_elena,1,med-features-v1,6192,1,353.00208333333336,2431,0,192,0,6.886644908847327,0.0006944444444444445,1,0,5277,0,1,1,4,1,2431,1.0,1.0,1,0.4545454545454546,0.8,1,0,0.8090507665677383,1,2431,17,0,0,0,0,0
d000704,c_taylor,2,med-features-v1,6192,1,353.00208333333336,2229,0,176,0,6.314410325718096,0.0006944444444444445,1,0,5277,0,1,1,4,1,2229,1.0,1.0,1,0.3846153846153846,0.33333333333333337,1,0,0.8122328100046701,1,2229,17,0,0,0,0,0
d000704,c_chris,3,med-features-v1,6192,1,353.00208333333336,2431,202,192,16,6.886644908847327,0.0006944444444444445,1,0,5277,0,1,1,4,1,2431,1.0,1.0,1,0.33333333333333337,0.33333333333333337,1,0,0.8011873859246319,1,2633,17,0,0,0,0,0
d000705,c_noah,0,med-features-v1,6198,1,353.0076388888889,2440,2235,192,176,6.912031727358748,0.00034722222222222224,1,0,5283,0,1,1,5,1,2437,1.0,0.9987704918032787,1,0.2727272727272727,0.2727272727272727,1,0,0.6508505201124104,1,4673,17,0,0,0,0,0
d000705,c_elena,1,med-features-v1,6198,1,353.0076388888889,2437,0,192,0,6.903533327693963,0.0006944444444444445,1,0,5283,0,1,1,5,1,2437,1.0,1.0,1,0.4545454545454546,0.8,1,0,0.8087467394995844,1,2437,17,0,0,0,0,0
d000705,c_taylor,2,med-features-v1,6198,1,353.0076388888889,2235,0,176,0,6.331307750265083,0.0006944444444444445,1,0,5283,0,1,1,5,1,2235,1.0,1.0,1,0.3846153846153846,0.33333333333333337,1,0,0.8119077809994228,1,2235,17,0,0,0,0,0
d000705,c_chris,3,med-features-v1,6198,1,353.0076388888889,2437,202,192,16,6.903533327693963,0.0006944444444444445,1,0,5283,0,1,1,5,1,2437,1.0,1.0,1,0.33333333333333337,0.33333333333333337,1,0,0.8009273313162102,1,2639,17,0,0,0,0,0
d000705,c_lena,4,med-features-v1,6198,1,353.0076388888889,203,0,16,0,0.5750583773171418,0.0006944444444444445,1,0,5283,0,1,1,5,1,203,1.0,1.0,1,0.4545454545454546,0.8,1,0,0.8225238863153718,1,203,17,0,0,0,0,0
d000706,c_marcus,0,med-features-v1,305,1,353.0,101,101,8,8,0.28611898016997167,2.999652777777778,1,0,305,0,1,1,1,0,0,0.0,0.0,1,0.3076923076923077,0.33333333333333337,1,0,0.620795808574872,1,202,14,0,0,0,0,0
d000707,c_fac_002,0,med-features-v1,6207,1,353.1666666666667,50,50,4,4,0.1415762151958471,6.9996527777777775,1,0,5292,0,1,1,1,0,0,0.0,0.0,1,0.7692307692307692,0.7692307692307692,1,0,0.6541463115366541,1,100,18,0,0,0,0,0
d000708,c_noah,0,med-features-v1,6213,1,354.00138888888887,2445,2238,192,176,6.9067525629607545,0.00034722222222222224,1,0,5298,0,1,1,4,1,2442,1.0,0.9987730061349693,1,0.2727272727272727,0.2727272727272727,1,0,0.6975279467814429,1,4681,17,0,0,0,0,0
d000708,c_elena,1,med-features-v1,6213,1,354.00138888888887,2442,0,192,0,6.898278019938717,0.0006944444444444445,1,0,5298,0,1,1,4,1,2442,1.0,1.0,1,0.4545454545454546,0.8,1,0,0.832851285441586,1,2442,17,0,0,0,0,0
d000708,c_taylor,2,med-features-v1,6213,1,354.00138888888887,2238,0,176,0,6.322009094440151,0.0006944444444444445,1,0,5298,0,1,1,4,1,2238,1.0,1.0,1,0.3846153846153846,0.33333333333333337,1,0,0.8360647848205899,1,2238,17,0,0,0,0,0
d000708,c_chris,3,med-features-v1,6213,1,354.00138888888887,2442,204,192,16,6.898278019938717,0.0006944444444444445,1,0,5298,0,1,1,4,1,2442,1.0,1.0,1,0.33333333333333337,0.33333333333333337,1,0,0.8246718414611702,1,2646,17,0,0,0,0,0
d000709,c_priya,0,med-features-v1,6219,1,354.0208333333333,304,304,24,24,0.8587065262166775,1.9989583333333334,1,0,5304,0,1,1,2,1,304,1.0,1.0,1,0.4545454545454546,0.4,1,0,0.7030527839918539,1,608,18,0,0,0,0,0
d000709,c_quinn,1,med-features-v1,6219,1,354.0208333333333,304,0,24,0,0.8587065262166775,1.9993055555555554,1,0,5304,0,1,1,2,1,304,1.0,1.0,1,0.2727272727272727,0.19999999999999996,1,0,0.7860796221871998,1,304,18,0,0,0,0,0
d000710,c_hana,0,med-features-v1,101,1,353.9302083333333,50,50,4,4,0.14127078961541972,6.9996527777777775,1,0,101,0,1,1,1,0,0,0.0,0.0,1,0.3846153846153846,0.5,1,0,0.5793077549616831,1,100,16,0,0,0,0,0
d000711,c_morgan_shaw,0,med-features-v1,6227,1,354.09791666666666,305,305,24,24,0.8613436725952685,0.00034722222222222224,1,0,5312,0,1,1,1,0,0,0.0,0.0,1,0.8181818181818181,0.8181818181818181,1,1,0.5974376237719015,1,610,18,0,0,0,0,0
d000712,c_fac_003,0,med-features-v1,6234,1,354.1736111111111,50,50,4,4,0.14117370247642205,6.9996527777777775,1,0,5313,0,1,1,1,0,0,0.0,0.0,1,0.75,0.75,1,0,0.7712551838035847,1,100,16,0,0,0,0,0
d000713,c_noah,0,med-features-v1,6240,1,357.00208333333336,2454,2247,192,176,6.873909465981174,0.00034722222222222224,1,0,5319,0,1,1,4,1,2451,1.0,0.9987775061124694,1,0.2727272727272727,0.2727272727272727,1,0,0.6508856934457936,1,4699,17,0,0,0,0,0
d000713,c_elena,1,med-features-v1,6240,1,357.00208333333336,2451,0,192,0,6.8655061536755735,0.0006944444444444445,1,0,5319,0,1,1,4,1,2451,1.0,1.0,1,0.4545454545454546,0.8,1,0,0.8087786125500751,1,2451,17,0,0,0,0,0
d000713,c_taylor,2,med-features-v1,6240,1,357.00208333333336,2247,0,176,0,6.2940809168947425,0.0006944444444444445,1,0,5319,0,1,1,4,1,2247,1.0,1.0,1,0.3846153846153846,0.33333333333333337,1,0,0.8119757305421987,1,2247,17,0,0,0,0,0
d000713,c_chris,3,med-features-v1,6240,1,357.00208333333336,2451,204,192,16,6.8655061536755735,0.0006944444444444445,1,0,5319,0,1,1,4,1,2451,1.0,1.0,1,0.33333333333333337,0.33333333333333337,1,0,0.8008973696954969,1,2655,17,0,0,0,0,0
d000714,c_priya,0,med-features-v1,6246,1,357.0215277777778,307,307,24,24,0.859892124463394,0.00034722222222222224,1,0,5325,0,1,1,2,1,307,1.0,1.0,1,0.4545454545454546,0.4,1,0,0.7039706582327975,1,614,18,0,0,0,0,0
d000714,c_quinn,1,med-features-v1,6246,1,357.0215277777778,307,0,24,0,0.859892124463394,0.0006944444444444445,1,0,5325,0,1,1,2,1,307,1.0,1.0,1,0.2727272727272727,0.19999999999999996,1,0,0.7877290684297856,1,307,18,0,0,0,0,0
d000715,c_jamie_lee,0,med-features-v1,6249,1,357.09027777777777,306,306,24,24,0.8569261585733455,2.9989583333333334,1,0,5328,0,1,1,1,0,0,0.0,0.0,1,0.7777777777777778,0.7777777777777778,1,0,0.5504215882930727,1,612,17,0,0,0,0,0
d000716,c_pat,0,med-features-v1,6255,1,357.13194444444446,306,306,24,24,0.8568261807999689,2.9989583333333334,1,0,306,0,1,0,1,0,0,0.0,0.0,1,0.33333333333333337,0.33333333333333337,1,0,0.6155658617598017,1,612,16,0,0,0,0,0
d000717,c_fac_009,0,med-features-v1,6261,1,357.21527777777777,51,51,4,4,0.14277104920391143,6.9996527777777775,1,0,5334,0,1,1,1,0,0,0.0,0.0,1,0.6923076923076923,0.6923076923076923,1,0,0.6739660958645902,1,102,18,0,0,0,0,0
d000718,c_noah,0,med-features-v1,6268,1,358.00347222222223,2464,2257,192,176,6.8826148101449975,0.00034722222222222224,1,0,5341,0,1,1,4,1,2461,1.0,0.9987824675324676,1,0.2727272727272727,0.2727272727272727,1,0,0.6979481554683976,1,4719,17,0,0,0,0,0
d000718,c_elena,1,med-features-v1,6268,1,358.00347222222223,2461,0,192,0,6.874235003152126,0.0006944444444444445,1,0,5341,0,1,1,4,1,2461,1.0,1.0,1,0.4545454545454546,0.8,1,0,0.8336320786500795,1,2461,17,0,0,0,0,0
d000718,c_taylor,2,med-features-v1,6268,1,358.00347222222223,2257,0,176,0,6.304408127636875,0.0006944444444444445,1,0,5341,0,1,1,4,1,2257,1.0,1.0,1,0.3846153846153846,0.33333333333333337,1,0,0.8368016769850414,1,2257,17,0,0,0,0,0
d000718,c_chris,3,med-features-v1,6268,1,358.00347222222223,2461,204,192,16,6.874235003152126,0.0006944444444444445,1,0,5341,0,1,1,4,1,2461,1.0,1.0,1,0.33333333333333337,0.33333333333333337,1,0,0.8255784145875336,1,2665,17,0,0,0,0,0
d000041,c_chris,0,med-features-v1,6273,1,358.0138888888889,2466,204,192,16,6.8880009310625745,0.00625,1,0,5346,0,1,1,5,1,2466,0.75,1.0,1,0.33333333333333337,0.33333333333333337,1,0,0.19532391379061237,1,2670,21,0,0,0,0,0
d000041,c_noah,1,med-features-v1,6273,1,358.0138888888889,2469,2262,192,176,6.896380494239049,0.005902777777777778,1,0,5346,0,1,1,5,1,2466,0.75,0.9987849331713244,1,0.2727272727272727,0.2727272727272727,1,0,0.10393549968479794,1,4729,21,0,0,0,0,0
d000041,c_elena,2,med-features-v1,6273,1,358.0138888888889,2466,0,192,0,6.8880009310625745,0.00625,1,0,5346,0,1,1,5,1,2466,0.75,1.0,1,0.4545454545454546,0.8,1,0,0.14967368125675473,1,2466,21,0,0,0,0,0
d000041,c_marcus,3,med-features-v1,6273,1,358.0138888888889,204,0,16,0,0.5698102960003103,4.999305555555556,1,0,5346,0,1,1,5,1,204,0.75,1.0,1,0.3076923076923077,0.33333333333333337,1,0,0.8407027587990927,1,204,21,0,0,0,0,0
d000041,c_pat,4,med-features-v1,6273,1,358.0138888888889,308,308,24,24,0.8603018194514489,0.8809027777777778,1,0,308,0,1,0,5,1,0,0.0,0.0,1,0.33333333333333337,0.33333333333333337,1,0,0.005705416059539679,1,616,21,0,0,0,0,0
d000719,c_noah,0,med-features-v1,512,1,358.00659722222224,512,512,40,40,1.4301412431296365,1.0059027777777778,1,0,512,0,1,1,3,1,204,1.0,0.3984375,1,0.2727272727272727,0.2727272727272727,1,0,0.6044901168271151,1,1024,16,0,0,0,0,0
d000719,c_taylor,1,med-features-v1,512,1,358.00659722222224,204,0,16,0,0.5698219015594645,4.999305555555556,1,0,512,0,1,1,3,1,204,1.0,1.0,1,0.3846153846153846,0.33333333333333337,1,0,0.8182915397915449,1,204,16,0,0,0,0,0
d000719,c_chris,2,med-features-v1,512,1,358.00659722222224,204,0,16,0,0.5698219015594645,4.999305555555556,1,0,512,0,1,1,3,1,204,1.0,1.0,1,0.33333333333333337,0.33333333333333337,1,0,0.8182915397915449,1,204,16,0,0,0,0,0
d000720,c_jamie_li,0,med-features-v1,6278,1,358.1118055555556,205,205,16,16,0.5724469197042358,0.00034722222222222224,1,0,5351,0,1,1,1,0,0,0.0,0.0,1,0.7777777777777778,0.7777777777777778,1,0,0.6320993133378267,1,410,15,0,0,0,0,0
d000721,c_fac_015,0,med-features-v1,6284,1,358.25694444444446,51,51,4,4,0.14235592858942797,6.9996527777777775,1,0,5357,0,1,1,1,0,0,0.0,0.0,1,0.7692307692307692,0.7692307692307692,1,0,0.6023053543770772,1,102,18,0,0,0,0,0
d000722,c_noah,0,med-features-v1,6290,1,359.00347222222223,2476,2267,192,176,6.896869227123693,0.00034722222222222224,1,0,5363,0,1,1,4,1,2473,1.0,0.9987883683360258,1,0.2727272727272727,0.2727272727272727,1,0,0.6505455442047076,1,4741,17,0,0,0,0,0
d000722,c_elena,1,med-features-v1,6290,1,359.00347222222223,2473,0,192,0,6.888512761985821,0.0006944444444444445,1,0,5363,0,1,1,4,1,2473,1.0,1.0,1,0.4545454545454546,0.8,1,0,0.8081850878246895,1,2473,17,0,0,0,0,0
d000722,c_taylor,2,med-features-v1,6290,1,359.00347222222223,2267,0,176,0,6.314702155851943,0.0006944444444444445,1,0,5363,0,1,1,4,1,2267,1.0,1.0,1,0.3846153846153846,0.33333333333333337,1,0,0.8113803179733968,1,2267,17,0,0,0,0,0
d000722,c_chris,3,med-features-v1,6290,1,359.00347222222223,2473,206,192,16,6.888512761985821,0.0006944444444444445,1,0,5363,0,1,1,4,1,2473,1.0,1.0,1,0.33333333333333337,0.33333333333333337,1,0,0.8002967409200051,1,2679,17,0,0,0,0,0
d000723,c_noah,0,med-features-v1,102,1,357.0,102,412,8,32,0.2857142857142857,0.013194444444444444,1,0,102,0,1,1,1,0,0,0.0,0.0,1,0.2727272727272727,0.2727272727272727,1,0,0.6261018489134959,1,514,15,0,0,0,0,0
d000724,c_morgan_shaw,0,med-features-v1,6299,1,359.09722222222223,308,308,24,24,0.8577064397602011,1.9989583333333334,1,0,5372,0,1,1,1,0,0,0.0,0.0,1,0.8181818181818181,0.8181818181818181,1,1,0.5987927024610136,1,616,18,0,0,0,0,0
d000725,c_ren,0,med-features-v1,6305,1,359.1388888888889,308,308,24,24,0.8576069301570113,1.9989583333333334,1,0,308,0,1,0,1,0,0,0.0,0.0,1,0.4545454545454546,0.5,1,0,0.7279943109069651,1,616,14,0,0,0,0,0
d000726,c_noah,0,med-features-v1,6311,1,360.0,2479,2270,192,176,6.886111111111111,0.9947916666666666,1,0,5378,0,1,1,4,1,2476,1.0,0.9987898346107301,1,0.2727272727272727,0.2727272727272727,1,0,0.6980019581306632,1,4747,17,0,0,0,0,0
d000726,c_elena,1,med-features-v1,6311,1,360.0,2476,0,192,0,6.877777777777778,0.9951388888888889,1,0,5378,0,1,1,4,1,2476,1.0,1.0,1,0.4545454545454546,0.8,1,0,0.8337021307731425,1,2476,17,0,0,0,0,0
d000726,c_taylor,2,med-features-v1,6311,1,360.0,2270,0,176,0,6.305555555555555,0.9951388888888889,1,0,5378,0,1,1,4,1,2270,1.0,1.0,1,0.3846153846153846,0.33333333333333337,1,0,0.836897568471875,1,2270,17,0,0,0,0,0
d000726,c_chris,3,med-features-v1,6311,1,360.0,2476,206,192,16,6.877777777777778,0.9951388888888889,1,0,5378,0,1,1,4,1,2476,1.0,1.0,1,0.33333333333333337,0.33333333333333337,1,0,0.8255854257704058,1,2682,17,0,0,0,0,0
d000727,c_noah,0,med-features-v1,6317,1,360.00416666666666,2485,2276,192,176,6.902697885441141,0.00034722222222222224,1,0,5384,0,1,1,4,1,2482,1.0,0.9987927565392354,1,0.2727272727272727,0.2727272727272727,1,0,0.6506765502729916,1,4759,17,0,0,0,0,0
d000727,c_elena,1,med-features-v1,6317,1,360.00416666666666,2482,0,192,0,6.894364648557309,0.0006944444444444445,1,0,5384,0,1,1,4,1,2482,1.0,1.0,1,0.4545454545454546,0.8,1,0,0.8084353208286805,1,2482,17,0,0,0,0,0
d000727,c_taylor,2,med-features-v1,6317,1,360.00416666666666,2276,0,176,0,6.32214904920082,0.0006944444444444445,1,0,5384,0,1,1,4,1,2276,1.0,1.0,1,0.3846153846153846,0.33333333333333337,1,0,0.811608927217155,1,2276,17,0,0,0,0,0
d000727,c_chris,3,med-features-v1,6317,1,360.00416666666666,2482,206,192,16,6.894364648557309,0.0006944444444444445,1,0,5384,0,1,1,4,1,2482,1.0,1.0,1,0.33333333333333337,0.33333333333333337,1,0,0.8006047372384539,1,2688,17,0,0,0,0,0
d000728,c_noah,0,med-features-v1,517,1,360.0072916666667,517,517,40,40,1.4360820238016012,0.00034722222222222224,1,0,517,0,1,1,3,1,207,1.0,0.40038684719535783,1,0.2727272727272727,0.2727272727272727,1,0,0.5818861453465519,1,1034,16,0,0,0,0,0
d000728,c_taylor,1,med-features-v1,517,1,360.0072916666667,207,0,16,0,0.5749883538238519,0.0006944444444444445,1,0,517,0,1,1,3,1,207,1.0,1.0,1,0.3846153846153846,0.33333333333333337,1,0,0.8240735608190642,1,207,16,0,0,0,0,0
d000728,c_chris,2,med-features-v1,517,1,360.0072916666667,207,0,16,0,0.5749883538238519,0.0006944444444444445,1,0,517,0,1,1,3,1,207,1.0,1.0,1,0.33333333333333337,0.33333333333333337,1,0,0.8240735608190642,1,207,16,0,0,0,0,0
d000729,c_jamie_li,0,med-features-v1,6326,1,360.1118055555556,207,207,16,16,0.574821477126124,0.00034722222222222224,1,0,5393,0,1,1,1,0,0,0.0,0.0,1,0.7777777777777778,0.7777777777777778,1,0,0.6034335757440131,1,414,14,0,0,0,0,0
d000730,c_fac_017,0,med-features-v1,6332,1,360.2708333333333,51,51,4,4,0.14156016885444977,6.9996527777777775,1,0,5399,0,1,1,1,0,0,0.0,0.0,1,0.8181818181818181,0.8181818181818181,1,1,0.7526245028345041,1,102,16,0,0,0,0,0
d000731,c_noah,0,med-features-v1,6338,1,361.00347222222223,2496,2285,192,176,6.914060922005597,0.00034722222222222224,1,0,5405,0,1,1,4,1,2493,1.0,0.9987980769230769,1,0.2727272727272727,0.2727272727272727,1,0,0.6500008233567816,1,4779,17,0,0,0,0,0
d000731,c_elena,1,med-features-v1,6338,1,361.00347222222223,2493,0,192,0,6.905750752628187,0.0006944444444444445,1,0,5405,0,1,1,4,1,2493,1.0,1.0,1,0.4545454545454546,0.8,1,0,0.8072298624940195,1,2493,17,0,0,0,0,0
d000731,c_taylor,2,med-features-v1,6338,1,361.00347222222223,2285,0,176,0,6.329579009127721,0.0006944444444444445,1,0,5405,0,1,1,4,1,2285,1.0,1.0,1,0.3846153846153846,0.33333333333333337,1,0,0.8104307401792009,1,2285,17,0,0,0,0,0
d000731,c_chris,3,med-features-v1,6338,1,361.00347222222223,2493,208,192,16,6.905750752628187,0.0006944444444444445,1,0,5405,0,1,1,4,1,2493,1.0,1.0,1,0.33333333333333337,0.33333333333333337,1,0,0.7993310968296603,1,2701,17,0,0,0,0,0
d000732,c_elena,0,med-features-v1,2911,1,361.028125,519,519,40,40,1.437561131837028,0.00034722222222222224,1,0,2911,0,1,1,3,1,311,1.0,0.5992292870905588,1,0.4545454545454546,0.8,1,0,0.6584104492423083,1,1038,17,0,0,0,0,0
d000732,c_taylor,1,med-features-v1,2911,1,361.028125,415,104,32,8,1.1494949320084136,0.0006944444444444445,1,0,2911,0,1,1,3,1,311,1.0,0.7493975903614458,1,0.3846153846153846,0.33333333333333337,1,0,0.788520371664834,1,519,17,0,0,0,0,0
d000732,c_lena,2,med-features-v1,2911,1,361.028125,311,0,24,0,0.861428732179799,0.0006944444444444445,1,0,2911,0,1,1,3,1,311,1.0,1.0,1,0.4545454545454546,0.8,1,0,0.8338894832962089,1,311,17,0,0,0,0,0
d000733,c_jamie_lee,0,med-features-v1,6347,1,361.0909722222222,311,311,24,24,0.8612788020870396,0.00034722222222222224,1,0,5414,0,1,1,1,0,0,0.0,0.0,1,0.7777777777777778,0.7777777777777778,1,0,0.5577146004259684,1,622,17,0,0,0,0,0
d000734,c_pat,0,med-features-v1,6353,1,361.1326388888889,311,311,24,24,0.8611794296878456,0.00034722222222222224,1,0,311,0,1,0,1,0,0,0.0,0.0,1,0.33333333333333337,0.33333333333333337,1,0,0.6931771931569323,1,622,14,0,0,0,0,0
d000087,c_noah,0,med-features-v1,6359,1,364.0,2499,2288,192,176,6.865384615384615,2.9947916666666665,1,0,5420,0,1,1,6,1,2496,0.6,0.9987995198079231,1,0.2727272727272727,0.2727272727272727,1,0,0.6501117538182137,1,4785,17,0,0,0,0,0
d000087,c_elena,1,med-features-v1,6359,1,364.0,2496,0,192,0,6.857142857142857,2.995138888888889,1,0,5420,0,1,1,6,1,2496,0.6,1.0,1,0.4545454545454546,0.8,1,0,0.807429760928425,1,2496,17,0,0,0,0,0
d000087,c_taylor,2,med-features-v1,6359,1,364.0,2288,0,176,0,6.285714285714286,2.995138888888889,1,0,5420,0,1,1,6,1,2288,0.6,1.0,1,0.3846153846153846,0.33333333333333337,1,0,0.8106250394209099,1,2288,17,0,0,0,0,0
d000087,c_chris,3,med-features-v1,6359,1,364.0,2496,208,192,16,6.857142857142857,2.995138888888889,1,0,5420,0,1,1,6,1,2496,0.6,1.0,1,0.33333333333333337,0.33333333333333337,1,0,0.7995489711730372,1,2704,17,0,0,0,0,0
d000087,c_alex_chen,4,med-features-v1,6359,1,364.0,260,260,20,20,0.7142857142857143,2.944097222222222,1,0,5420,0,1,1,6,1,0,0.0,0.0,1,0.8888888888888888,0.8888888888888888,1,1,0.02038151200347438,1,520,17,0,0,0,0,0
d000087,c_lee,5,med-features-v1,6359,1,364.0,312,312,24,24,0.8571428571428571,2.8739583333333334,1,0,312,0,1,0,6,1,0,0.0,0.0,1,0.4545454545454546,0.5,1,0,0.019068955897208494,1,624,17,0,0,0,0,0
d000735,c_noah,0,med-features-v1,6360,1,364.00069444444443,2500,2289,192,176,6.868118765035934,0.00034722222222222224,1,0,5421,0,1,1,4,1,2497,1.0,0.9988,1,0.2727272727272727,0.2727272727272727,1,0,0.6984162865863771,1,4787,17,0,0,0,0,0
d000735,c_elena,1,med-features-v1,6360,1,364.00069444444443,2497,0,192,0,6.859877022517891,0.0006944444444444445,1,0,5421,0,1,1,4,1,2497,1.0,1.0,1,0.4545454545454546,0.8,1,0,0.8344136053952731,1,2497,17,0,0,0,0,0
d000735,c_taylor,2,med-features-v1,6360,1,364.00069444444443,2289,0,176,0,6.288449541266901,0.0006944444444444445,1,0,5421,0,1,1,4,1,2289,1.0,1.0,1,0.3846153846153846,0.33333333333333337,1,0,0.8376155446689809,1,2289,17,0,0,0,0,0
d000735,c_chris,3,med-features-v1,6360,1,364.00069444444443,2497,208,192,16,6.859877022517891,0.0006944444444444445,1,0,5421,0,1,1,4,1,2497,1.0,1.0,1,0.33333333333333337,0.33333333333333337,1,0,0.8262762181132889,1,2705,17,0,0,0,0,0
d000736,c_noah,0,med-features-v1,6366,1,364.0048611111111,2506,2295,192,176,6.884523443864265,0.00034722222222222224,1,0,5427,0,1,1,4,1,2503,1.0,0.9988028731045491,1,0.2727272727272727,0.2727272727272727,1,0,0.6987686347518404,1,4799,17,0,0,0,0,0
d000736,c_elena,1,med-features-v1,6366,1,364.0048611111111,2503,0,192,0,6.876281795687253,0.0006944444444444445,1,0,5427,0,1,1,4,1,2503,1.0,1.0,1,0.4545454545454546,0.8,1,0,0.8350409608542182,1,2503,17,0,0,0,0,0
d000736,c_taylor,2,med-features-v1,6366,1,364.0048611111111,2295,0,176,0,6.3048608554144,0.0006944444444444445,1,0,5427,0,1,1,4,1,2295,1.0,1.0,1,0.3846153846153846,0.33333333333333337,1,0,0.8382343757707759,1,2295,17,0,0,0,0,0
d000736,c_chris,3,med-features-v1,6366,1,364.0048611111111,2503,208,192,16,6.876281795687253,0.0006944444444444445,1,0,5427,0,1,1,4,1,2503,1.0,1.0,1,0.33333333333333337,0.33333333333333337,1,0,0.826939084612409,1,2711,17,0,0,0,0,0
d000063,c_fac_003,0,med-features-v1,6368,1,364.0215277777778,52,52,4,4,0.1428486944644223,2.8475694444444444,1,0,5429,0,1,1,1,0,0,0.0,0.0,1,0.75,0.75,1,0,0.018345596064908053,1,104,18,0,0,0,0,0
d000737,c_alex_chan,0,med-features-v1,6370,1,364.0840277777778,313,313,24,24,0.8596916539031549,0.00034722222222222224,1,0,5431,0,1,1,1,0,0,0.0,0.0,1,0.8888888888888888,0.8888888888888888,1,1,0.5697121512145576,1,626,17,0,0,0,0,0
d000738,c_pat,0,med-features-v1,6377,1,364.13194444444446,312,312,24,24,0.8568322685229331,2.9989583333333334,1,0,312,0,1,0,1,0,0,0.0,0.0,1,0.33333333333333337,0.33333333333333337,1,0,0.6943379100135185,1,624,14,0,0,0,0,0
d000739,c_fac_009,0,med-features-v1,6383,1,364.21527777777777,52,52,4,4,0.14277270387248078,6.9996527777777775,1,0,5438,0,1,1,1,0,0,0.0,0.0,1,0.6923076923076923,0.6923076923076923,1,0,0.6799267047313725,1,104,18,0,0,0,0,0
d000740,c_noah,0,med-features-v1,6389,1,365.0027777777778,2511,2300,192,176,6.879399700154488,0.00034722222222222224,1,0,5444,0,1,1,4,1,2508,1.0,0.998805256869773,1,0.2727272727272727,0.2727272727272727,1,0,0.6990297948043674,1,4809,17,0,0,0,0,0
d000740,c_elena,1,med-features-v1,6389,1,365.0027777777778,2508,0,192,0,6.8711805846226435,0.0006944444444444445,1,0,5444,0,1,1,4,1,2508,1.0,1.0,1,0.4545454545454546,0.8,1,0,0.8355070072411463,1,2508,17,0,0,0,0,0
d000740,c_taylor,2,med-features-v1,6389,1,365.0027777777778,2300,0,176,0,6.301321907748038,0.0006944444444444445,1,0,5444,0,1,1,4,1,2300,1.0,1.0,1,0.3846153846153846,0.33333333333333337,1,0,0.8386926172031258,1,2300,17,0,0,0,0,0
d000740,c_chris,3,med-features-v1,6389,1,365.0027777777778,2508,208,192,16,6.8711805846226435,0.0006944444444444445,1,0,5444,0,1,1,4,1,2508,1.0,1.0,1,0.33333333333333337,0.33333333333333337,1,0,0.827435052895839,1,2716,17,0,0,0,0,0
d000741,c_chris,0,med-features-v1,6395,1,365.0138888888889,2514,208,192,16,6.887409154902781,0.00625,1,0,5450,0,1,1,4,1,2514,1.0,1.0,1,0.33333333333333337,0.33333333333333337,1,0,0.20147258557108433,1,2722,16,0,0,0,0,0
d000741,c_noah,1,med-features-v1,6395,1,365.0138888888889,2517,2306,192,176,6.895628020242761,0.005902777777777778,1,0,5450,0,1,1,4,1,2514,1.0,0.99880810488677,1,0.2727272727272727,0.2727272727272727,1,0,0.11717835974767847,1,4821,16,0,0,0,0,0
d000741,c_elena,2,med-features-v1,6395,1,365.0138888888889,2514,0,192,0,6.887409154902781,0.00625,1,0,5450,0,1,1,4,1,2514,1.0,1.0,1,0.4545454545454546,0.8,1,0,0.16445651591145177,1,2514,16,0,0,0,0,0
d000741,c_marcus,3,med-features-v1,6395,1,365.0138888888889,208,0,16,0,0.5698413302385753,4.999305555555556,1,0,5450,0,1,1,4,1,208,1.0,1.0,1,0.3076923076923077,0.33333333333333337,1,0,0.7884053996948974,1,208,16,0,0,0,0,0
d000742,c_alex_chen,0,med-features-v1,6398,1,365.1048611111111,261,261,20,20,0.7148631196136574,0.00034722222222222224,1,0,5453,0,1,1,1,0,0,0.0,0.0,1,0.8888888888888888,0.8888888888888888,1,1,0.6487081830669884,1,522,15,0,0,0,0,0
d000743,c_fac_010,0,med-features-v1,6405,1,365.22222222222223,52,52,4,4,0.14237906905993306,6.9996527777777775,1,0,5460,0,1,1,1,0,0,0.0,0.0,1,0.6428571428571428,0.6428571428571428,1,0,0.7073800465856555,1,104,16,0,0,0,0,0
d000744,c_noah,0,med-features-v1,6411,1,366.0027777777778,2523,2310,192,176,6.893390305173761,0.00034722222222222224,1,0,5466,0,1,1,4,1,2520,1.0,0.9988109393579072,1,0.2727272727272727,0.2727272727272727,1,0,0.6499895664218376,1,4831,17,0,0,0,0,0
d000744,c_elena,1,med-features-v1,6411,1,366.0027777777778,2520,0,192,0,6.885193646071295,0.0006944444444444445,1,0,5466,0,1,1,4,1,2520,1.0,1.0,1,0.4545454545454546,0.8,1,0,0.8072181249569572,1,2520,17,0,0,0,0,0
d000744,c_taylor,2,med-features-v1,6411,1,366.0027777777778,2310,0,176,0,6.311427508898688,0.0006944444444444445,1,0,5466,0,1,1,4,1,2310,1.0,1.0,1,0.3846153846153846,0.33333333333333337,1,0,0.8104109423578558,1,2310,17,0,0,0,0,0
d000744,c_chris,3,med-features-v1,6411,1,366.0027777777778,2520,210,192,16,6.885193646071295,0.0006944444444444445,1,0,5466,0,1,1,4,1,2520,1.0,1.0,1,0.33333333333333337,0.33333333333333337,1,0,0.7993398742653584,1,2730,17,0,0,0,0,0
d000745,c_elena,0,med-features-v1,2942,1,366.02743055555555,524,524,40,40,1.4315866961245884,0.9920138888888889,1,0,2942,0,1,1,3,1,314,1.0,0.5992366412213741,1,0.4545454545454546,0.8,1,0,0.6596622731911097,1,1048,17,0,0,0,0,0
d000745,c_taylor,1,med-features-v1,2942,1,366.02743055555555,418,104,32,8,1.1419909140841182,1.9993055555555554,1,0,2942,0,1,1,3,1,314,1.0,0.7511961722488039,1,0.3846153846153846,0.33333333333333337,1,0,0.7915356031320953,1,522,17,0,0,0,0,0
d000745,c_lena,2,med-features-v1,2942,1,366.02743055555555,314,0,24,0,0.8578592034029022,1.9993055555555554,1,0,2942,0,1,1,3,1,314,1.0,1.0,1,0.4545454545454546,0.8,1,0,0.8373395528661691,1,314,17,0,0,0,0,0
d000746,c_jamie_lee,0,med-features-v1,6419,1,366.09027777777777,314,314,24,24,0.8577119335318778,1.9989583333333334,1,0,5474,0,1,1,1,0,0,0.0,0.0,1,0.7777777777777778,0.7777777777777778,1,0,0.5564579809203094,1,628,17,0,0,0,0,0
d000747,c_pat,0,med-features-v1,6425,1,366.13194444444446,314,314,24,24,0.8576143239193521,1.9989583333333334,1,0,314,0,1,0,1,0,0,0.0,0.0,1,0.33333333333333337,0.33333333333333337,1,0,0.6944499029614326,1,628,14,0,0,0,0,0
d000748,c_fac_016,0,med-features-v1,6432,1,366.2638888888889,52,52,4,4,0.14197413825793484,6.9996527777777775,1,0,5481,0,1,1,1,0,0,0.0,0.0,1,0.6666666666666667,0.6666666666666667,1,0,0.5793775357996109,1,104,18,0,0,0,0,0
d000749,c_noah,0,med-features-v1,6438,1,367.00347222222223,2532,2319,192,176,6.8991172880971074,0.00034722222222222224,1,0,5487,0,1,1,4,1,2529,1.0,0.9988151658767772,1,0.2727272727272727,0.2727272727272727,1,0,0.6981388239087636,1,4849,17,0,0,0,0,0
d000749,c_elena,1,med-features-v1,6438,1,367.00347222222223,2529,0,192,0,6.890942978514055,0.0006944444444444445,1,0,5487,0,1,1,4,1,2529,1.0,1.0,1,0.4545454545454546,0.8,1,0,0.8339515581294883,1,2529,17,0,0,0,0,0
d000749,c_taylor,2,med-features-v1,6438,1,367.00347222222223,2319,0,176,0,6.318741307700313,0.0006944444444444445,1,0,5487,0,1,1,4,1,2319,1.0,1.0,1,0.3846153846153846,0.33333333333333337,1,0,0.8371246461549549,1,2319,17,0,0,0,0,0
d000749,c_chris,3,med-features-v1,6438,1,367.00347222222223,2529,210,192,16,6.890942978514055,0.0006944444444444445,1,0,5487,0,1,1,4,1,2529,1.0,1.0,1,0.33333333333333337,0.33333333333333337,1,0,0.8258728988231485,1,2739,17,0,0,0,0,0
d000042,c_chris,0,med-features-v1,6443,1,367.0138888888889,2534,210,192,16,6.904370860927152,0.00625,1,0,5492,0,1,1,5,1,2534,0.75,1.0,1,0.33333333333333337,0.33333333333333337,1,0,0.19500953771949878,1,2744,21,0,0,0,0,0
d000042,c_noah,1,med-features-v1,6443,1,367.0138888888889,2537,2324,192,176,6.912544938505203,0.005902777777777778,1,0,5492,0,1,1,5,1,2534,0.75,0.9988175009854159,1,0.2727272727272727,0.2727272727272727,1,0,0.10377783256628888,1,4859,21,0,0,0,0,0
d000042,c_elena,2,med-features-v1,6443,1,367.0138888888889,2534,0,192,0,6.904370860927152,0.00625,1,0,5492,0,1,1,5,1,2534,0.75,1.0,1,0.4545454545454546,0.8,1,0,0.149382301788664,1,2534,21,0,0,0,0,0
d000042,c_marcus,3,med-features-v1,6443,1,367.0138888888889,210,0,16,0,0.5721854304635762,1.9993055555555554,1,0,5492,0,1,1,5,1,210,0.75,1.0,1,0.3076923076923077,0.33333333333333337,1,0,0.8362315547841036,1,210,21,0,0,0,0,0
d000042,c_ren,4,med-features-v1,6443,1,367.0138888888889,316,316,24,24,0.8610028382213812,0.8739583333333333,1,0,316,0,1,0,5,1,0,0.0,0.0,1,0.4545454545454546,0.5,1,0,0.00566602532499357,1,632,21,0,0,0,0,0
d000750,c_noah,0,med-features-v1,526,1,367.00659722222224,526,526,40,40,1.4332167431897889,1.0059027777777778,1,0,526,0,1,1,3,1,210,1.0,0.39923954372623577,1,0.2727272727272727,0.2727272727272727,1,0,0.6060255180509657,1,1052,16,0,0,0,0,0
d000750,c_taylor,1,med-features-v1,526,1,367.00659722222224,210,0,16,0,0.5721967986118929,1.9993055555555554,1,0,526,0,1,1,3,1,210,1.0,1.0,1,0.3846153846153846,0.33333333333333337,1,0,0.8184029949402251,1,210,16,0,0,0,0,0
d000750,c_chris,2,med-features-v1,526,1,367.00659722222224,210,0,16,0,0.5721967986118929,1.9993055555555554,1,0,526,0,1,1,3,1,210,1.0,1.0,1,0.33333333333333337,0.33333333333333337,1,0,0.8184029949402251,1,210,16,0,0,0,0,0
d000751,c_jamie_li,0,med-features-v1,6447,1,367.1111111111111,210,210,16,16,0.5720338983050848,1.9989583333333334,1,0,5496,0,1,1,1,0,0,0.0,0.0,1,0.7777777777777778,0.7777777777777778,1,0,0.6053884459724191,1,420,14,0,0,0,0,0
d000752,c_fac_012,0,med-features-v1,6453,1,367.2361111111111,52,52,4,4,0.14159827540562006,6.9996527777777775,1,0,5502,0,1,1,1,0,0,0.0,0.0,1,0.6923076923076923,0.6923076923076923,1,0,0.7050523454558708,1,104,18,0,0,0,0,0
d000753,c_noah,0,med-features-v1,6460,1,368.00347222222223,2544,2329,192,176,6.912978251639383,0.00034722222222222224,1,0,5509,0,1,1,4,1,2541,1.0,0.9988207547169812,1,0.2727272727272727,0.2727272727272727,1,0,0.6505469895409021,1,4871,17,0,0,0,0,0
d000753,c_elena,1,med-features-v1,6460,1,368.00347222222223,2541,0,192,0,6.904826154644525,0.0006944444444444445,1,0,5509,0,1,1,4,1,2541,1.0,1.0,1,0.4545454545454546,0.8,1,0,0.8081747622965373,1,2541,17,0,0,0,0,0
d000753,c_taylor,2,med-features-v1,6460,1,368.00347222222223,2329,0,176,0,6.328744633674576,0.0006944444444444445,1,0,5509,0,1,1,4,1,2329,1.0,1.0,1,0.3846153846153846,0.33333333333333337,1,0,0.8113891289002173,1,2329,17,0,0,0,0,0
d000753,c_chris,3,med-features-v1,6460,1,368.00347222222223,2541,212,192,16,6.904826154644525,0.0006944444444444445,1,0,5509,0,1,1,4,1,2541,1.0,1.0,1,0.33333333333333337,0.33333333333333337,1,0,0.8002672094999354,1,2753,17,0,0,0,0,0
d000754,c_elena,0,med-features-v1,2967,1,368.028125,529,529,40,40,1.4373901451145887,0.00034722222222222224,1,0,2967,0,1,1,3,1,317,1.0,0.5992438563327032,1,0.4545454545454546,0.8,1,0,0.6608864012863832,1,1058,17,0,0,0,0,0
d000754,c_taylor,1,med-features-v1,2967,1,368.028125,423,106,32,8,1.1493686793638394,0.0006944444444444445,1,0,2967,0,1,1,3,1,317,1.0,0.7494089834515366,1,0.3846153846153846,0.33333333333333337,1,0,0.7919872042275098,1,529,17,0,0,0,0,0
d000754,c_lena,2,med-features-v1,2967,1,368.028125,317,0,24,0,0.8613472136130901,0.0006944444444444445,1,0,2967,0,1,1,3,1,317,1.0,1.0,1,0.4545454545454546,0.8,1,0,0.8406923958460321,1,317,17,0,0,0,0,0
d000755,c_jamie_lee,0,med-features-v1,6468,1,368.09027777777777,316,316,24,24,0.8584850485803226,1.9989583333333334,1,0,5517,0,1,1,1,0,0,0.0,0.0,1,0.7777777777777778,0.7777777777777778,1,0,0.5592769043018794,1,632,17,0,0,0,0,0
d000756,c_pat,0,med-features-v1,6474,1,368.13194444444446,316,316,24,24,0.8583878817603893,1.9989583333333334,1,0,316,0,1,0,1,0,0,0.0,0.0,1,0.33333333333333337,0.33333333333333337,1,0,0.6967241376914496,1,632,14,0,0,0,0,0
d000757,c_fac_013,0,med-features-v1,6480,1,368.24305555555554,52,52,4,4,0.14121108114734005,6.9996527777777775,1,0,5523,0,1,1,1,0,0,0.0,0.0,1,0.7692307692307692,0.7692307692307692,1,0,0.6804816808616783,1,104,18,0,0,0,0,0
d000758,c_noah,0,med-features-v1,6487,1,371.00416666666666,2553,2338,192,176,6.881324333733898,0.00034722222222222224,1,0,5530,0,1,1,4,1,2550,1.0,0.9988249118683902,1,0.2727272727272727,0.2727272727272727,1,0,0.6979902083135604,1,4889,17,0,0,0,0,0
d000758,c_elena,1,med-features-v1,6487,1,371.00416666666666,2550,0,192,0,6.873238171179569,0.0006944444444444445,1,0,5530,0,1,1,4,1,2550,1.0,1.0,1,0.4545454545454546,0.8,1,0,0.8336853514943262,1,2550,17,0,0,0,0,0
d000758,c_taylor,2,med-features-v1,6487,1,371.00416666666666,2338,0,176,0,6.301816017340326,0.0006944444444444445,1,0,5530,0,1,1,4,1,2338,1.0,1.0,1,0.3846153846153846,0.33333333333333337,1,0,0.8368627518725879,1,2338,17,0,0,0,0,0
d000758,c_chris,3,med-features-v1,6487,1,371.00416666666666,2550,212,192,16,6.873238171179569,0.0006944444444444445,1,0,5530,0,1,1,4,1,2550,1.0,1.0,1,0.33333333333333337,0.33333333333333337,1,0,0.8255887766843216,1,2762,17,0,0,0,0,0
d000759,c_marcus,0,med-features-v1,318,1,371.0,106,106,8,8,0.2857142857142857,3.999652777777778,1,0,318,0,1,1,1,0,0,0.0,0.0,1,0.3076923076923077,0.33333333333333337,1,0,0.7561212204844567,1,212,19,0,0,0,0,0
d000760,c_morgan_shaw,0,med-features-v1,6496,1,371.09791666666666,319,319,24,24,0.8596114008544465,0.00034722222222222224,1,0,5539,0,1,1,1,0,0,0.0,0.0,1,0.8181818181818181,0.8181818181818181,1,1,0.5656384242291179,1,638,17,0,0,0,0,0
d000761,c_ren,0,med-features-v1,6502,1,371.13958333333335,319,319,24,24,0.8595148950024417,0.00034722222222222224,1,0,319,0,1,0,1,0,0,0.0,0.0,1,0.4545454545454546,0.5,1,0,0.7303713537198872,1,638,14,0,0,0,0,0
d000762,c_noah,0,med-features-v1,6508,1,372.00069444444443,2556,2341,192,176,6.870954915332073,0.00034722222222222224,1,0,5545,0,1,1,4,1,2553,1.0,0.9988262910798122,1,0.2727272727272727,0.2727272727272727,1,0,0.6507819412031576,1,4895,17,0,0,0,0,0
d000762,c_elena,1,med-features-v1,6508,1,372.00069444444443,2553,0,192,0,6.862890414257739,0.0006944444444444445,1,0,5545,0,1,1,4,1,2553,1.0,1.0,1,0.4545454545454546,0.8,1,0,0.8086117885825322,1,2553,17,0,0,0,0,0
d000762,c_taylor,2,med-features-v1,6508,1,372.00069444444443,2341,0,176,0,6.2929990050048445,0.0006944444444444445,1,0,5545,0,1,1,4,1,2341,1.0,1.0,1,0.3846153846153846,0.33333333333333337,1,0,0.811799516443083,1,2341,17,0,0,0,0,0
d000762,c_chris,3,med-features-v1,6508,1,372.00069444444443,2553,212,192,16,6.862890414257739,0.0006944444444444445,1,0,5545,0,1,1,4,1,2553,1.0,1.0,1,0.33333333333333337,0.33333333333333337,1,0,0.8007781009318536,1,2765,17,0,0,0,0,0
d000763,c_noah,0,med-features-v1,6515,1,372.00694444444446,2563,2348,192,176,6.889656331087009,0.001736111111111111,1,0,5552,0,1,1,5,1,2560,1.0,0.9988294966835739,1,0.2727272727272727,0.2727272727272727,1,0,0.6977801892246613,1,4909,17,0,0,0,0,0
d000763,c_elena,1,med-features-v1,6515,1,372.00694444444446,2560,0,192,0,6.881591965502436,0.0020833333333333333,1,0,5552,0,1,1,5,1,2560,1.0,1.0,1,0.4545454545454546,0.8,1,0,0.833344913633661,1,2560,17,0,0,0,0,0
d000763,c_taylor,2,med-features-v1,6515,1,372.00694444444446,2348,0,176,0,6.311710130859265,0.0020833333333333333,1,0,5552,0,1,1,5,1,2348,1.0,1.0,1,0.3846153846153846,0.33333333333333337,1,0,0.8364906326001218,1,2348,17,0,0,0,0,0
d000763,c_chris,3,med-features-v1,6515,1,372.00694444444446,2560,212,192,16,6.881591965502436,0.0020833333333333333,1,0,5552,0,1,1,5,1,2560,1.0,1.0,1,0.33333333333333337,0.33333333333333337,1,0,0.8253180667178525,1,2772,17,0,0,0,0,0
d000763,c_lena,4,med-features-v1,6515,1,372.00694444444446,212,0,16,0,0.5698818346431704,4.999305555555556,1,0,5552,0,1,1,5,1,212,1.0,1.0,1,0.4545454545454546,0.8,1,0,0.8317027807605274,1,212,17,0,0,0,0,0
d000764,c_avery,0,med-features-v1,426,1,371.96493055555555,106,106,8,8,0.2849731017429025,3.999652777777778,1,0,426,0,1,1,2,1,106,1.0,1.0,1,0.41666666666666663,0.25,1,0,0.5822066722703481,1,212,18,0,0,0,0,0
d000764,c_devon,1,med-features-v1,426,1,371.96493055555555,106,0,8,0,0.2849731017429025,4.0,1,0,426,0,1,1,2,1,106,1.0,1.0,1,0.4545454545454546,0.4,1,0,0.7475020843464084,1,106,18,0,0,0,0,0
d000765,c_morgan_zhao,0,med-features-v1,6524,1,372.11875,213,213,16,16,0.5723979240497825,0.00034722222222222224,1,0,5561,0,1,1,1,0,0,0.0,0.0,1,0.8181818181818181,0.8181818181818181,1,1,0.6285917350862186,1,426,15,0,0,0,0,0
d000766,c_noah,0,med-features-v1,6530,1,373.00069444444443,2568,2351,192,176,6.884705680842864,0.00034722222222222224,1,0,5567,0,1,1,4,1,2565,1.0,0.9988317757009346,1,0.2727272727272727,0.2727272727272727,1,0,0.6508122003081972,1,4917,17,0,0,0,0,0
d000766,c_elena,1,med-features-v1,6530,1,373.00069444444443,2565,0,192,0,6.87666280037459,0.0006944444444444445,1,0,5567,0,1,1,4,1,2565,1.0,1.0,1,0.4545454545454546,0.8,1,0,0.8086332123232141,1,2565,17,0,0,0,0,0
d000766,c_taylor,2,med-features-v1,6530,1,373.00069444444443,2351,0,176,0,6.302937326971018,0.0006944444444444445,1,0,5567,0,1,1,4,1,2351,1.0,1.0,1,0.3846153846153846,0.33333333333333337,1,0,0.8118541110740327,1,2351,17,0,0,0,0,0
d000766,c_chris,3,med-features-v1,6530,1,373.00069444444443,2565,214,192,16,6.87666280037459,0.0006944444444444445,1,0,5567,0,1,1,4,1,2565,1.0,1.0,1,0.33333333333333337,0.33333333333333337,1,0,0.8007214104910076,1,2779,17,0,0,0,0,0
d000088,c_noah,0,med-features-v1,6533,1,373.0027777777778,2571,2354,192,176,6.892710063225624,0.00034722222222222224,1,0,5570,0,1,1,6,1,2568,0.6,0.9988331388564761,1,0.2727272727272727,0.2727272727272727,1,0,0.6975804198916554,1,4923,17,0,0,0,0,0
d000088,c_elena,1,med-features-v1,6533,1,373.0027777777778,2568,0,192,0,6.8846672276792695,0.0006944444444444445,1,0,5570,0,1,1,6,1,2568,0.6,1.0,1,0.4545454545454546,0.8,1,0,0.8329572131888666,1,2568,17,0,0,0,0,0
d000088,c_taylor,2,med-features-v1,6533,1,373.0027777777778,2354,0,176,0,6.3109449587059965,0.0006944444444444445,1,0,5570,0,1,1,6,1,2354,0.6,1.0,1,0.3846153846153846,0.33333333333333337,1,0,0.8361408058627866,1,2354,17,0,0,0,0,0
d000088,c_chris,3,med-features-v1,6533,1,373.0027777777778,2568,214,192,16,6.8846672276792695,0.0006944444444444445,1,0,5570,0,1,1,6,1,2568,0.6,1.0,1,0.33333333333333337,0.33333333333333337,1,0,0.8248272222182387,1,2782,17,0,0,0,0,0
d000088,c_jamie_li,4,med-features-v1,6533,1,373.0027777777778,214,214,16,16,0.5737222689732724,0.890625,1,0,5570,0,1,1,6,1,0,0.0,0.0,1,0.7777777777777778,0.7777777777777778,1,0,0.011375808374501209,1,428,17,0,0,0,0,0
d000088,c_pat,5,med-features-v1,6533,1,373.0027777777778,320,320,24,24,0.8579024582777905,1.8697916666666667,1,0,320,0,1,0,6,1,0,0.0,0.0,1,0.33333333333333337,0.33333333333333337,1,0,0.011373337265484389,1,640,17,0,0,0,0,0
d000767,c_priya,0,med-features-v1,6537,1,373.0208333333333,320,320,24,24,0.8578609327003631,1.9989583333333334,1,0,5574,0,1,1,2,1,320,1.0,1.0,1,0.4545454545454546,0.4,1,0,0.6571590372956654,1,640,14,0,0,0,0,0
d000767,c_quinn,1,med-features-v1,6537,1,373.0208333333333,320,0,24,0,0.8578609327003631,1.9993055555555554,1,0,5574,0,1,1,2,1,320,1.0,1.0,1,0.2727272727272727,0.19999999999999996,1,0,0.8065895030774679,1,320,14,0,0,0,0,0
d000768,c_alex_chan,0,med-features-v1,6540,1,373.0840277777778,321,321,24,24,0.8603959861589119,0.00034722222222222224,1,0,5577,0,1,1,1,0,0,0.0,0.0,1,0.8888888888888888,0.8888888888888888,1,1,0.5937249267846798,1,642,18,0,0,0,0,0
d000769,c_lee,0,med-features-v1,6546,1,373.12569444444443,321,321,24,24,0.8602999063839449,0.00034722222222222224,1,0,321,0,1,0,1,0,0,0.0,0.0,1,0.4545454545454546,0.5,1,0,0.7184265173909529,1,642,14,0,0,0,0,0
d000770,c_fac_006,0,med-features-v1,6552,1,373.19444444444446,54,54,4,4,0.14469668775586156,6.9996527777777775,1,0,5583,0,1,1,1,0,0,0.0,0.0,1,0.8181818181818181,0.8181818181818181,1,1,0.5567728649958354,1,108,18,0,0,0,0,0
d000771,c_noah,0,med-features-v1,6558,1,374.00208333333336,2578,2361,192,176,6.89300973145203,0.00034722222222222224,1,0,5589,0,1,1,4,1,2575,1.0,0.9988363072148952,1,0.2727272727272727,0.2727272727272727,1,0,0.6508437246755722,1,4937,17,0,0,0,0,0
d000771,c_elena,1,med-features-v1,6558,1,374.00208333333336,2575,0,192,0,6.884988385759883,0.0006944444444444445,1,0,5589,0,1,1,4,1,2575,1.0,1.0,1,0.4545454545454546,0.8,1,0,0.8087131786761885,1,2575,17,0,0,0,0,0
d000771,c_taylor,2,med-features-v1,6558,1,374.00208333333336,2361,0,176,0,6.3127990597200325,0.0006944444444444445,1,0,5589,0,1,1,4,1,2361,1.0,1.0,1,0.3846153846153846,0.33333333333333337,1,0,0.8119082364477447,1,2361,17,0,0,0,0,0
d000771,c_chris,3,med-features-v1,6558,1,374.00208333333336,2575,214,192,16,6.884988385759883,0.0006944444444444445,1,0,5589,0,1,1,4,1,2575,1.0,1.0,1,0.33333333333333337,0.33333333333333337,1,0,0.8008653590295517,1,2789,17,0,0,0,0,0
d000772,c_noah,0,med-features-v1,6564,1,374.0076388888889,2584,2367,192,176,6.908949794920261,0.00034722222222222224,1,0,5595,0,1,1,5,1,2581,1.0,0.9988390092879257,1,0.2727272727272727,0.2727272727272727,1,0,0.6978163566459074,1,4949,17,0,0,0,0,0
d000772,c_elena,1,med-features-v1,6564,1,374.0076388888889,2581,0,192,0,6.900928568378171,0.0006944444444444445,1,0,5595,0,1,1,5,1,2581,1.0,1.0,1,0.4545454545454546,0.8,1,0,0.8334000419726362,1,2581,17,0,0,0,0,0
d000772,c_taylor,2,med-features-v1,6564,1,374.0076388888889,2367,0,176,0,6.328747741709078,0.0006944444444444445,1,0,5595,0,1,1,5,1,2367,1.0,1.0,1,0.3846153846153846,0.33333333333333337,1,0,0.8365543549781632,1,2367,17,0,0,0,0,0
d000772,c_chris,3,med-features-v1,6564,1,374.0076388888889,2581,214,192,16,6.900928568378171,0.0006944444444444445,1,0,5595,0,1,1,5,1,2581,1.0,1.0,1,0.33333333333333337,0.33333333333333337,1,0,0.8253523143337904,1,2795,17,0,0,0,0,0
d000772,c_lena,4,med-features-v1,6564,1,374.0076388888889,215,0,16,0,0.5748545688497896,0.0006944444444444445,1,0,5595,0,1,1,5,1,215,1.0,1.0,1,0.4545454545454546,0.8,1,0,0.8333710411114569,1,215,17,0,0,0,0,0
d000773,c_alex_chen,0,med-features-v1,6567,1,374.1041666666667,267,267,20,20,0.7137049618533162,1.9989583333333334,1,0,5598,0,1,1,1,0,0,0.0,0.0,1,0.8888888888888888,0.8888888888888888,1,1,0.5872527349697512,1,534,14,0,0,0,0,0
d000774,c_fac_002,0,med-features-v1,6573,1,374.1666666666667,53,53,4,4,0.14164810690423163,6.9996527777777775,1,0,5604,0,1,1,1,0,0,0.0,0.0,1,0.7692307692307692,0.7692307692307692,1,0,0.6601418600528651,1,106,18,0,0,0,0,0
d000775,c_noah,0,med-features-v1,6579,1,375.00138888888887,2589,2370,192,176,6.903974429724335,0.00034722222222222224,1,0,5610,0,1,1,4,1,2586,1.0,0.9988412514484357,1,0.2727272727272727,0.2727272727272727,1,0,0.6978896500677108,1,4957,17,0,0,0,0,0
d000775,c_elena,1,med-features-v1,6579,1,375.00138888888887,2586,0,192,0,6.895974459353854,0.0006944444444444445,1,0,5610,0,1,1,4,1,2586,1.0,1.0,1,0.4545454545454546,0.8,1,0,0.8334812559487342,1,2586,17,0,0,0,0,0
d000775,c_taylor,2,med-features-v1,6579,1,375.00138888888887,2370,0,176,0,6.319976592679287,0.0006944444444444445,1,0,5610,0,1,1,4,1,2370,1.0,1.0,1,0.3846153846153846,0.33333333333333337,1,0,0.8366978646825692,1,2370,17,0,0,0,0,0
d000775,c_chris,3,med-features-v1,6579,1,375.00138888888887,2586,216,192,16,6.895974459353854,0.0006944444444444445,1,0,5610,0,1,1,4,1,2586,1.0,1.0,1,0.33333333333333337,0.33333333333333337,1,0,0.825300907715697,1,2802,17,0,0,0,0,0
d000776,c_priya,0,med-features-v1,6585,1,375.0208333333333,322,322,24,24,0.8586189656130215,1.9989583333333334,1,0,5616,0,1,1,2,1,322,1.0,1.0,1,0.4545454545454546,0.4,1,0,0.6571374751243391,1,644,14,0,0,0,0,0
d000776,c_quinn,1,med-features-v1,6585,1,375.0208333333333,322,0,24,0,0.8586189656130215,1.9993055555555554,1,0,5616,0,1,1,2,1,322,1.0,1.0,1,0.2727272727272727,0.19999999999999996,1,0,0.8065552077652377,1,322,14,0,0,0,0,0
d000777,c_hana,0,med-features-v1,107,1,374.9302083333333,53,53,4,4,0.14135964193335981,6.9996527777777775,1,0,107,0,1,1,1,0,0,0.0,0.0,1,0.3846153846153846,0.5,1,0,0.575002204394759,1,106,16,0,0,0,0,0
d000778,c_lee,0,med-features-v1,6594,1,375.125,322,322,24,24,0.85838053982006,1.9989583333333334,1,0,322,0,1,0,1,0,0,0.0,0.0,1,0.4545454545454546,0.5,1,0,0.5863617458017611,1,644,16,0,0,0,0,0
d000779,c_fac_003,0,med-features-v1,6600,1,375.1736111111111,53,53,4,4,0.14126793151318834,6.9996527777777775,1,0,5625,0,1,1,1,0,0,0.0,0.0,1,0.75,0.75,1,0,0.5101750440930445,1,106,18,0,0,0,0,0
d000780,c_noah,0,med-features-v1,6606,1,378.00208333333336,2598,2379,192,176,6.872977992846159,0.00034722222222222224,1,0,5631,0,1,1,4,1,2595,1.0,0.9988452655889145,1,0.2727272727272727,0.2727272727272727,1,0,0.6981335732375783,1,4975,17,0,0,0,0,0
d000780,c_elena,1,med-features-v1,6606,1,378.00208333333336,2595,0,192,0,6.8650415286511866,0.0006944444444444445,1,0,5631,0,1,1,4,1,2595,1.0,1.0,1,0.4545454545454546,0.8,1,0,0.8339277690577233,1,2595,17,0,0,0,0,0
d000780,c_taylor,2,med-features-v1,6606,1,378.00208333333336,2379,0,176,0,6.293616106613168,0.0006944444444444445,1,0,5631,0,1,1,4,1,2379,1.0,1.0,1,0.3846153846153846,0.33333333333333337,1,0,0.837125870665686,1,2379,17,0,0,0,0,0
d000780,c_chris,3,med-features-v1,6606,1,378.00208333333336,2595,216,192,16,6.8650415286511866,0.0006944444444444445,1,0,5631,0,1,1,4,1,2595,1.0,1.0,1,0.33333333333333337,0.33333333333333337,1,0,0.8258031882689452,1,2811,17,0,0,0,0,0
d000064,c_fac_004,0,med-features-v1,6612,1,378.0215277777778,54,54,4,4,0.142849007350037,6.840625,1,0,5637,0,1,1,1,0,0,0.0,0.0,1,0.75,0.75,1,0,0.01875766038219895,1,108,18,0,0,0,0,0
d000781,c_elena,0,med-features-v1,3032,1,378.02743055555555,540,540,40,40,1.4284677680834081,2.9989583333333334,1,0,3032,0,1,1,3,1,324,1.0,0.6,1,0.4545454545454546,0.8,1,0,0.634896336539548,1,1080,17,0,0,0,0,0
d000781,c_taylor,1,med-features-v1,3032,1,378.02743055555555,432,108,32,8,1.1427742144667266,2.9993055555555554,1,0,3032,0,1,1,3,1,324,1.0,0.75,1,0.3846153846153846,0.33333333333333337,1,0,0.7835016549980229,1,540,17,0,0,0,0,0
d000781,c_lena,2,med-features-v1,3032,1,378.02743055555555,324,0,24,0,0.8570806608500449,2.9993055555555554,1,0,3032,0,1,1,3,1,324,1.0,1.0,1,0.4545454545454546,0.8,1,0,0.8352194922575832,1,324,17,0,0,0,0,0
d000019,c_alex_chen,0,med-features-v1,6614,1,378.0840277777778,270,270,20,20,0.7141269669257091,3.028125,1,0,5639,0,1,1,1,0,0,0.0,0.0,1,0.8888888888888888,0.8888888888888888,1,1,0.053388133539729404,1,540,17,0,0,0,0,0
d000020,c_jamie_li,0,med-features-v1,6616,1,378.0909722222222,216,216,16,16,0.5712910803727057,3.9788194444444445,1,0,5641,0,1,1,1,0,0,0.0,0.0,1,0.7777777777777778,0.7777777777777778,1,0,0.052215712110438434,1,432,18,0,0,0,0,0
d000021,c_morgan_zhao,0,med-features-v1,6618,1,378.09791666666666,216,216,16,16,0.5712805875902958,3.9788194444444445,1,0,5643,0,1,1,1,0,0,0.0,0.0,1,0.8181818181818181,0.8181818181818181,1,1,0.058811948931648046,1,432,17,0,0,0,0,0
d000782,c_lee,0,med-features-v1,6619,1,378.125,324,324,24,24,0.8568595041322314,2.9989583333333334,1,0,324,0,1,0,1,0,0,0.0,0.0,1,0.4545454545454546,0.5,1,0,0.5864172659610489,1,648,16,0,0,0,0,0
d000783,c_fac_004,0,med-features-v1,6626,1,378.18055555555554,54,54,4,4,0.14278893826435052,6.9996527777777775,1,0,5645,0,1,1,1,0,0,0.0,0.0,1,0.75,0.75,1,0,0.6659321024998979,1,108,18,0,0,0,0,0
d000784,c_noah,0,med-features-v1,6632,1,379.00208333333336,2606,2387,192,176,6.875951649342296,0.00034722222222222224,1,0,5651,0,1,1,4,1,2603,1.0,0.998848810437452,1,0.2727272727272727,0.2727272727272727,1,0,0.6981107581682924,1,4991,17,0,0,0,0,0
d000784,c_elena,1,med-features-v1,6632,1,379.00208333333336,2603,0,192,0,6.868036125570989,0.0006944444444444445,1,0,5651,0,1,1,4,1,2603,1.0,1.0,1,0.4545454545454546,0.8,1,0,0.8339077693730711,1,2603,17,0,0,0,0,0
d000784,c_taylor,2,med-features-v1,6632,1,379.00208333333336,2387,0,176,0,6.298118414036861,0.0006944444444444445,1,0,5651,0,1,1,4,1,2387,1.0,1.0,1,0.3846153846153846,0.33333333333333337,1,0,0.8370840990898328,1,2387,17,0,0,0,0,0
d000784,c_chris,3,med-features-v1,6632,1,379.00208333333336,2603,216,192,16,6.868036125570989,0.0006944444444444445,1,0,5651,0,1,1,4,1,2603,1.0,1.0,1,0.33333333333333337,0.33333333333333337,1,0,0.8258360278690526,1,2819,17,0,0,0,0,0
d000137,c_noah,0,med-features-v1,6638,1,379.0076388888889,2612,2393,192,176,6.891681676014299,0.00034722222222222224,1,0,5657,0,1,1,5,1,2609,1.0,0.9988514548238897,1,0.2727272727272727,0.2727272727272727,1,0,0.6984497232564647,1,5003,17,0,0,0,0,0
d000137,c_elena,1,med-features-v1,6638,1,379.0076388888889,2609,0,192,0,6.883766268270025,0.0006944444444444445,1,0,5657,0,1,1,5,1,2609,1.0,1.0,1,0.4545454545454546,0.8,1,0,0.8345115795634981,1,2609,17,0,0,0,0,0
d000137,c_taylor,2,med-features-v1,6638,1,379.0076388888889,2393,0,176,0,6.313856910682319,0.0006944444444444445,1,0,5657,0,1,1,5,1,2393,1.0,1.0,1,0.3846153846153846,0.33333333333333337,1,0,0.837679853322465,1,2393,17,0,0,0,0,0
d000137,c_chris,3,med-features-v1,6638,1,379.0076388888889,2609,216,192,16,6.883766268270025,0.0006944444444444445,1,0,5657,0,1,1,5,1,2609,1.0,1.0,1,0.33333333333333337,0.33333333333333337,1,0,0.826473589169002,1,2825,17,0,0,0,0,0
d000137,c_lena,4,med-features-v1,6638,1,379.0076388888889,217,0,16,0,0.5725478268357974,0.0006944444444444445,1,0,5657,0,1,1,5,1,217,1.0,1.0,1,0.4545454545454546,0.8,1,0,0.8367694612792435,1,217,17,0,0,0,0,0
d000785,c_chris,0,med-features-v1,6639,1,379.0138888888889,2610,216,192,16,6.886291179596173,0.00625,1,0,5658,0,1,1,4,1,2610,1.0,1.0,1,0.33333333333333337,0.33333333333333337,1,0,0.19518371998334033,1,2826,21,0,0,0,0,0
d000785,c_noah,1,med-features-v1,6639,1,379.0138888888889,2613,2394,192,176,6.894206456814101,0.005902777777777778,1,0,5658,0,1,1,4,1,2610,1.0,0.9988518943742825,1,0.2727272727272727,0.2727272727272727,1,0,0.10386659022239171,1,5005,21,0,0,0,0,0
d000785,c_elena,2,med-features-v1,6639,1,379.0138888888889,2610,0,192,0,6.886291179596173,0.00625,1,0,5658,0,1,1,4,1,2610,1.0,1.0,1,0.4545454545454546,0.8,1,0,0.1495503689226295,1,2610,21,0,0,0,0,0
d000785,c_marcus,3,med-features-v1,6639,1,379.0138888888889,216,0,16,0,0.5698999596907178,4.999305555555556,1,0,5658,0,1,1,4,1,216,1.0,1.0,1,0.3076923076923077,0.33333333333333337,1,0,0.839225046154049,1,216,21,0,0,0,0,0
d000043,c_chris,0,med-features-v1,6640,1,379.01458333333335,2611,217,192,16,6.888916983185563,0.00034722222222222224,1,0,5659,0,1,1,5,1,2611,0.75,1.0,1,0.33333333333333337,0.33333333333333337,1,0,0.2014606442850878,1,2828,16,0,0,0,0,0
d000043,c_noah,1,med-features-v1,6640,1,379.01458333333335,2614,2394,192,176,6.896832245900828,0.0006944444444444445,1,0,5659,0,1,1,5,1,2611,0.75,0.9988523335883703,1,0.2727272727272727,0.2727272727272727,1,0,0.11712755808527324,1,5006,16,0,0,0,0,0
d000043,c_elena,2,med-features-v1,6640,1,379.01458333333335,2611,0,192,0,6.888916983185563,0.0006944444444444445,1,0,5659,0,1,1,5,1,2611,0.75,1.0,1,0.4545454545454546,0.8,1,0,0.1643516543340244,1,2611,16,0,0,0,0,0
d000043,c_marcus,3,med-features-v1,6640,1,379.01458333333335,217,0,16,0,0.572537336404162,0.0006944444444444445,1,0,5659,0,1,1,5,1,217,0.75,1.0,1,0.3076923076923077,0.33333333333333337,1,0,0.7833550688765286,1,217,16,0,0,0,0,0
d000043,c_lee,4,med-features-v1,6640,1,379.01458333333335,326,326,24,24,0.8601252150587873,0.8885416666666667,1,0,326,0,1,0,5,1,0,0.0,0.0,1,0.4545454545454546,0.5,1,0,0.006985585602056076,1,652,16,0,0,0,0,0
d000786,c_jamie_li,0,med-features-v1,6643,1,379.1111111111111,216,216,16,16,0.5697538100820634,4.998958333333333,1,0,5662,0,1,1,1,0,0,0.0,0.0,1,0.7777777777777778,0.7777777777777778,1,0,0.6054923454956451,1,432,14,0,0,0,0,0
d000787,c_fac_010,0,med-features-v1,6649,1,379.22222222222223,54,54,4,4,0.14239671842953414,6.9996527777777775,1,0,5668,0,1,1,1,0,0,0.0,0.0,1,0.6428571428571428,0.6428571428571428,1,0,0.705373208327279,1,108,16,0,0,0,0,0
d000788,c_noah,0,med-features-v1,6655,1,380.0027777777778,2619,2398,192,176,6.892054882639746,0.00034722222222222224,1,0,5674,0,1,1,4,1,2616,1.0,0.9988545246277205,1,0.2727272727272727,0.2727272727272727,1,0,0.6504808389385129,1,5015,17,0,0,0,0,0
d000788,c_elena,1,med-features-v1,6655,1,380.0027777777778,2616,0,192,0,6.884160203507284,0.0006944444444444445,1,0,5674,0,1,1,4,1,2616,1.0,1.0,1,0.4545454545454546,0.8,1,0,0.8080697574603912,1,2616,17,0,0,0,0,0
d000788,c_taylor,2,med-features-v1,6655,1,380.0027777777778,2398,0,176,0,6.310480186548344,0.0006944444444444445,1,0,5674,0,1,1,4,1,2398,1.0,1.0,1,0.3846153846153846,0.33333333333333337,1,0,0.8112689088363875,1,2398,17,0,0,0,0,0
d000788,c_chris,3,med-features-v1,6655,1,380.0027777777778,2616,218,192,16,6.884160203507284,0.0006944444444444445,1,0,5674,0,1,1,4,1,2616,1.0,1.0,1,0.33333333333333337,0.33333333333333337,1,0,0.8001782458200387,1,2834,17,0,0,0,0,0
d000789,c_elena,0,med-features-v1,3055,1,380.028125,545,545,40,40,1.4341043837215997,0.00034722222222222224,1,0,3055,0,1,1,3,1,327,1.0,0.6,1,0.4545454545454546,0.8,1,0,0.6353094660470125,1,1090,17,0,0,0,0,0
d000789,c_taylor,1,med-features-v1,3055,1,380.028125,435,108,32,8,1.1446521227869648,0.0006944444444444445,1,0,3055,0,1,1,3,1,327,1.0,0.7517241379310344,1,0.3846153846153846,0.33333333333333337,1,0,0.7849326531067823,1,543,17,0,0,0,0,0
d000789,c_lena,2,med-features-v1,3055,1,380.028125,327,0,24,0,0.8604626302329598,0.0006944444444444445,1,0,3055,0,1,1,3,1,327,1.0,1.0,1,0.4545454545454546,0.8,1,0,0.8363460715835306,1,327,17,0,0,0,0,0
d000790,c_jamie_lee,0,med-features-v1,6664,1,380.0909722222222,327,327,24,24,0.8603203545934728,0.00034722222222222224,1,0,5683,0,1,1,1,0,0,0.0,0.0,1,0.7777777777777778,0.7777777777777778,1,0,0.5583256734070539,1,654,17,0,0,0,0,0
d000791,c_pat,0,med-features-v1,6670,1,380.1326388888889,327,327,24,24,0.8602260541368053,0.00034722222222222224,1,0,327,0,1,0,1,0,0,0.0,0.0,1,0.33333333333333337,0.33333333333333337,1,0,0.7003449026405879,1,654,14,0,0,0,0,0
d000792,c_fac_016,0,med-features-v1,6676,1,380.2638888888889,54,54,4,4,0.14200664743051242,6.9996527777777775,1,0,5689,0,1,1,1,0,0,0.0,0.0,1,0.6666666666666667,0.6666666666666667,1,0,0.5817004513340461,1,108,18,0,0,0,0,0
d000104,c_new_021,0,med-features-v1,6677,1,380.37708333333336,0,0,0,0,0.0,3650.0,0,1,5690,0,1,1,1,0,0,0.0,0.0,0,0.7692307692307692,0.7692307692307692,1,0,0.0,0,0,13,0,0,0,0,0
d000108,c_new_025,0,med-features-v1,6678,1,380.41875,0,0,0,0,0.0,3650.0,0,1,0,1,0,0,1,0,0,0.0,0.0,0,0.5833333333333333,0.5833333333333333,1,0,0.0,0,0,14,0,0,0,0,0
d000112,c_fac_008,0,med-features-v1,6679,1,380.4604166666667,54,54,4,4,0.1419332935423637,5.251736111111111,1,0,5691,0,1,1,1,0,0,0.0,0.0,1,0.7692307692307692,0.7692307692307692,1,0,0.08677856987840231,1,108,17,0,0,0,0,0
d000116,c_maya,0,med-features-v1,0,0,0.0,0,0,0,0,0.0,3650.0,0,1,0,1,1,1,2,1,0,0.0,0.0,0,0.33333333333333337,0.5,1,0,0.0,0,0,15,0,0,0,0,0
d000116,c_noah,1,med-features-v1,0,0,0.0,0,0,0,0,0.0,3650.0,0,1,0,1,1,1,2,1,0,0.0,0.0,0,0.2727272727272727,0.2727272727272727,1,0,0.0,0,0,15,0,0,0,0,0
d000120,c_noah,0,med-features-v1,6681,1,380.5229166666667,2623,2402,192,176,6.893145944998932,0.5177083333333333,1,0,5693,0,1,1,1,0,0,0.0,0.0,1,0.2727272727272727,0.2727272727272727,1,0,0.00027004585291615037,1,5023,1,0,1,0,0,1
d000793,c_noah,0,med-features-v1,6687,1,381.00347222222223,2629,2407,193,176,6.900199582608062,0.00034722222222222224,1,0,5699,0,1,1,4,1,2625,1.0,0.99847850893876,1,0.2727272727272727,0.2727272727272727,1,0,0.6980522639695688,1,5034,17,0,0,0,0,0
d000793,c_elena,1,med-features-v1,6687,1,381.00347222222223,2625,0,192,0,6.889700990622352,0.0006944444444444445,1,0,5699,0,1,1,4,1,2625,1.0,1.0,1,0.4545454545454546,0.8,1,0,0.8338010312692077,1,2625,17,0,0,0,0,0
d000793,c_taylor,2,med-features-v1,6687,1,381.00347222222223,2407,0,176,0,6.317527727401143,0.0006944444444444445,1,0,5699,0,1,1,4,1,2407,1.0,1.0,1,0.3846153846153846,0.33333333333333337,1,0,0.8369808633948744,1,2407,17,0,0,0,0,0
d000793,c_chris,3,med-features-v1,6687,1,381.00347222222223,2625,218,192,16,6.889700990622352,0.0006944444444444445,1,0,5699,0,1,1,4,1,2625,1.0,1.0,1,0.33333333333333337,0.33333333333333337,1,0,0.8257169812471613,1,2843,17,0,0,0,0,0
d000794,c_noah,0,med-features-v1,546,1,381.00659722222224,546,546,40,40,1.4330460521699189,1.0059027777777778,1,0,546,0,1,1,3,1,218,1.0,0.3992673992673993,1,0.2727272727272727,0.2727272727272727,1,0,0.5802604059427059,1,1092,16,0,0,0,0,0
d000794,c_taylor,1,med-features-v1,546,1,381.00659722222224,218,0,16,0,0.5721685702802973,1.9993055555555554,1,0,546,0,1,1,3,1,218,1.0,1.0,1,0.3846153846153846,0.33333333333333337,1,0,0.8293387544128243,1,218,16,0,0,0,0,0
d000794,c_chris,2,med-features-v1,546,1,381.00659722222224,218,0,16,0,0.5721685702802973,1.9993055555555554,1,0,546,0,1,1,3,1,218,1.0,1.0,1,0.33333333333333337,0.33333333333333337,1,0,0.8293387544128243,1,218,16,0,0,0,0,0
d000795,c_jamie_li,0,med-features-v1,6696,1,381.1111111111111,218,218,16,16,0.5720116618075802,1.9989583333333334,1,0,5708,0,1,1,1,0,0,0.0,0.0,1,0.7777777777777778,0.7777777777777778,1,0,0.6301530416298179,1,436,15,0,0,0,0,0
d000796,c_fac_012,0,med-features-v1,6702,1,381.2361111111111,54,54,4,4,0.14164450435352838,6.9996527777777775,1,0,5714,0,1,1,1,0,0,0.0,0.0,1,0.6923076923076923,0.6923076923076923,1,0,0.5710527634358438,1,108,16,0,0,0,0,0
d000797,c_noah,0,med-features-v1,6708,1,382.0027777777778,2640,2416,193,176,6.910944510292973,0.00034722222222222224,1,0,5720,0,1,1,4,1,2636,1.0,0.9984848484848485,1,0.2727272727272727,0.2727272727272727,1,0,0.6507292365892607,1,5054,17,0,0,0,0,0
d000797,c_elena,1,med-features-v1,6708,1,382.0027777777778,2636,0,192,0,6.900473382247075,0.0006944444444444445,1,0,5720,0,1,1,4,1,2636,1.0,1.0,1,0.4545454545454546,0.8,1,0,0.8084911491875992,1,2636,17,0,0,0,0,0
d000797,c_taylor,2,med-features-v1,6708,1,382.0027777777778,2416,0,176,0,6.32456133972266,0.0006944444444444445,1,0,5720,0,1,1,4,1,2416,1.0,1.0,1,0.3846153846153846,0.33333333333333337,1,0,0.8117004723804384,1,2416,17,0,0,0,0,0
d000797,c_chris,3,med-features-v1,6708,1,382.0027777777778,2636,220,192,16,6.900473382247075,0.0006944444444444445,1,0,5720,0,1,1,4,1,2636,1.0,1.0,1,0.33333333333333337,0.33333333333333337,1,0,0.8005644244178585,1,2856,17,0,0,0,0,0
d000798,c_elena,0,med-features-v1,3078,1,382.02743055555555,548,548,40,40,1.4344519690721744,0.9920138888888889,1,0,3078,0,1,1,3,1,328,1.0,0.5985401459854015,1,0.4545454545454546,0.8,1,0,0.6361283533132626,1,1096,17,0,0,0,0,0
d000798,c_taylor,1,med-features-v1,3078,1,382.02743055555555,438,110,32,8,1.14651453002484,1.9850694444444446,1,0,3078,0,1,1,3,1,328,1.0,0.7488584474885844,1,0.3846153846153846,0.33333333333333337,1,0,0.7845885849487724,1,548,17,0,0,0,0,0
d000798,c_lena,2,med-features-v1,3078,1,382.02743055555555,328,0,24,0,0.8585770909775058,1.9993055555555554,1,0,3078,0,1,1,3,1,328,1.0,1.0,1,0.4545454545454546,0.8,1,0,0.8374357011939311,1,328,17,0,0,0,0,0
d000799,c_jamie_lee,0,med-features-v1,6717,1,382.09027777777777,328,328,24,24,0.8584358699405682,1.9989583333333334,1,0,5729,0,1,1,1,0,0,0.0,0.0,1,0.7777777777777778,0.7777777777777778,1,0,0.6083652674458762,1,656,18,0,0,0,0,0
d000800,c_pat,0,med-features-v1,6723,1,382.13194444444446,328,328,24,24,0.8583422683409963,1.9989583333333334,1,0,328,0,1,0,1,0,0,0.0,0.0,1,0.33333333333333337,0.33333333333333337,1,0,0.6056660177216013,1,656,16,0,0,0,0,0
d000801,c_fac_013,0,med-features-v1,6729,1,382.24305555555554,54,54,4,4,0.14127136965645043,6.9996527777777775,1,0,5735,0,1,1,1,0,0,0.0,0.0,1,0.7692307692307692,0.7692307692307692,1,0,0.6033146076485092,1,108,16,0,0,0,0,0
d000089,c_noah,0,med-features-v1,6730,1,385.0,2644,2420,193,176,6.867532467532468,2.9947916666666665,1,0,5736,0,1,1,6,1,2640,0.6,0.9984871406959153,1,0.2727272727272727,0.2727272727272727,1,0,0.65093067569047,1,5062,17,0,0,0,0,0
d000089,c_elena,1,med-features-v1,6730,1,385.0,2640,0,192,0,6.857142857142857,2.995138888888889,1,0,5736,0,1,1,6,1,2640,0.6,1.0,1,0.4545454545454546,0.8,1,0,0.8088492457188386,1,2640,17,0,0,0,0,0
d000089,c_taylor,2,med-features-v1,6730,1,385.0,2420,0,176,0,6.285714285714286,2.995138888888889,1,0,5736,0,1,1,6,1,2420,0.6,1.0,1,0.3846153846153846,0.33333333333333337,1,0,0.8120529092709549,1,2420,17,0,0,0,0,0
d000089,c_chris,3,med-features-v1,6730,1,385.0,2640,220,192,16,6.857142857142857,2.995138888888889,1,0,5736,0,1,1,6,1,2640,0.6,1.0,1,0.33333333333333337,0.33333333333333337,1,0,0.8009441781777128,1,2860,17,0,0,0,0,0
d000089,c_morgan_zhao,4,med-features-v1,6730,1,385.0,220,220,16,16,0.5714285714285714,3.8809027777777776,1,0,5736,0,1,1,6,1,0,0.0,0.0,1,0.8181818181818181,0.8181818181818181,1,1,0.018090043218192443,1,440,17,0,0,0,0,0
d000089,c_ren,5,med-features-v1,6730,1,385.0,330,330,24,24,0.8571428571428571,2.8600694444444446,1,0,330,0,1,0,6,1,0,0.0,0.0,1,0.4545454545454546,0.5,1,0,0.018735105662972852,1,660,17,0,0,0,0,0
d000802,c_noah,0,med-features-v1,6736,1,385.00416666666666,2650,2426,193,176,6.883042391316112,0.00034722222222222224,1,0,5742,0,1,1,4,1,2646,1.0,0.9984905660377359,1,0.2727272727272727,0.2727272727272727,1,0,0.6975517458827941,1,5074,17,0,0,0,0,0
d000802,c_elena,1,med-features-v1,6736,1,385.00416666666666,2646,0,192,0,6.872652893366955,0.0006944444444444445,1,0,5742,0,1,1,4,1,2646,1.0,1.0,1,0.4545454545454546,0.8,1,0,0.8329234389680072,1,2646,17,0,0,0,0,0
d000802,c_taylor,2,med-features-v1,6736,1,385.00416666666666,2426,0,176,0,6.301230506163353,0.0006944444444444445,1,0,5742,0,1,1,4,1,2426,1.0,1.0,1,0.3846153846153846,0.33333333333333337,1,0,0.8361094339678048,1,2426,17,0,0,0,0,0
d000802,c_chris,3,med-features-v1,6736,1,385.00416666666666,2646,220,192,16,6.872652893366955,0.0006944444444444445,1,0,5742,0,1,1,4,1,2646,1.0,1.0,1,0.33333333333333337,0.33333333333333337,1,0,0.824821838983915,1,2866,17,0,0,0,0,0
d000803,c_marcus,0,med-features-v1,330,1,385.0,110,110,8,8,0.2857142857142857,3.999652777777778,1,0,330,0,1,1,1,0,0,0.0,0.0,1,0.3076923076923077,0.33333333333333337,1,0,0.750197133257095,1,220,19,0,0,0,0,0
d000804,c_lee,0,med-features-v1,6746,1,385.125,330,330,24,24,0.8568646543330087,2.9989583333333334,1,0,330,0,1,0,1,0,0,0.0,0.0,1,0.4545454545454546,0.5,1,0,0.7211545836016077,1,660,14,0,0,0,0,0
d000805,c_sam,0,med-features-v1,6752,1,385.1458333333333,55,55,4,4,0.14280305079244876,6.9996527777777775,1,0,5752,0,1,1,1,0,0,0.0,0.0,1,0.33333333333333337,0.33333333333333337,1,0,0.6145704691822742,1,110,18,0,0,0,0,0
d000806,c_noah,0,med-features-v1,6758,1,386.00138888888887,2654,2430,193,176,6.875622928817902,0.00034722222222222224,1,0,5758,0,1,1,4,1,2650,1.0,0.9984928409947249,1,0.2727272727272727,0.2727272727272727,1,0,0.6509608106989316,1,5082,17,0,0,0,0,0
d000806,c_elena,1,med-features-v1,6758,1,386.00138888888887,2650,0,192,0,6.865260271803859,0.0006944444444444445,1,0,5758,0,1,1,4,1,2650,1.0,1.0,1,0.4545454545454546,0.8,1,0,0.8089260299891297,1,2650,17,0,0,0,0,0
d000806,c_taylor,2,med-features-v1,6758,1,386.00138888888887,2430,0,176,0,6.295314136031463,0.0006944444444444445,1,0,5758,0,1,1,4,1,2430,1.0,1.0,1,0.3846153846153846,0.33333333333333337,1,0,0.812104655898354,1,2430,17,0,0,0,0,0
d000806,c_chris,3,med-features-v1,6758,1,386.00138888888887,2650,220,192,16,6.865260271803859,0.0006944444444444445,1,0,5758,0,1,1,4,1,2650,1.0,1.0,1,0.33333333333333337,0.33333333333333337,1,0,0.8010830916373214,1,2870,17,0,0,0,0,0
d000807,c_noah,0,med-features-v1,6764,1,386.00694444444446,2660,2436,193,176,6.891067734100926,0.001736111111111111,1,0,5764,0,1,1,5,1,2656,1.0,0.9984962406015038,1,0.2727272727272727,0.2727272727272727,1,0,0.6511664364370348,1,5094,17,0,0,0,0,0
d000807,c_elena,1,med-features-v1,6764,1,386.00694444444446,2656,0,192,0,6.880705226230098,0.0020833333333333333,1,0,5764,0,1,1,5,1,2656,1.0,1.0,1,0.4545454545454546,0.8,1,0,0.8092959689031171,1,2656,17,0,0,0,0,0
d000807,c_taylor,2,med-features-v1,6764,1,386.00694444444446,2436,0,176,0,6.310767293334533,0.0020833333333333333,1,0,5764,0,1,1,5,1,2436,1.0,1.0,1,0.3846153846153846,0.33333333333333337,1,0,0.8124640615812367,1,2436,17,0,0,0,0,0
d000807,c_chris,3,med-features-v1,6764,1,386.00694444444446,2656,220,192,16,6.880705226230098,0.0020833333333333333,1,0,5764,0,1,1,5,1,2656,1.0,1.0,1,0.33333333333333337,0.33333333333333337,1,0,0.8014866510820121,1,2876,17,0,0,0,0,0
d000807,c_lena,4,med-features-v1,6764,1,386.00694444444446,220,0,16,0,0.5699379328955654,4.999305555555556,1,0,5764,0,1,1,5,1,220,1.0,1.0,1,0.4545454545454546,0.8,1,0,0.8100628118666601,1,220,17,0,0,0,0,0
d000808,c_avery,0,med-features-v1,442,1,385.96493055555555,110,110,8,8,0.2849999865056825,3.999652777777778,1,0,442,0,1,1,2,1,110,1.0,1.0,1,0.41666666666666663,0.25,1,0,0.6321416920601094,1,220,19,0,0,0,0,0
d000808,c_devon,1,med-features-v1,442,1,385.96493055555555,110,0,8,0,0.2849999865056825,4.0,1,0,442,0,1,1,2,1,110,1.0,1.0,1,0.4545454545454546,0.4,1,0,0.7863157431422447,1,110,19,0,0,0,0,0
d000809,c_hana,0,med-features-v1,6774,1,386.15277777777777,55,55,4,4,0.14243067294896233,6.9996527777777775,1,0,5774,0,1,1,1,0,0,0.0,0.0,1,0.3846153846153846,0.5,1,0,0.6422091113354711,1,110,18,0,0,0,0,0
d000810,c_noah,0,med-features-v1,6780,1,387.00138888888887,2666,2440,193,176,6.888864165718613,0.00034722222222222224,1,0,5780,0,1,1,4,1,2662,1.0,0.9984996249062266,1,0.2727272727272727,0.2727272727272727,1,0,0.6513638636983227,1,5104,17,0,0,0,0,0
d000810,c_elena,1,med-features-v1,6780,1,387.00138888888887,2662,0,192,0,6.87852828549998,0.0006944444444444445,1,0,5780,0,1,1,4,1,2662,1.0,1.0,1,0.4545454545454546,0.8,1,0,0.8095923635707771,1,2662,17,0,0,0,0,0
d000810,c_taylor,2,med-features-v1,6780,1,387.00138888888887,2440,0,176,0,6.304886933365872,0.0006944444444444445,1,0,5780,0,1,1,4,1,2440,1.0,1.0,1,0.3846153846153846,0.33333333333333337,1,0,0.8128117441404982,1,2440,17,0,0,0,0,0
d000810,c_chris,3,med-features-v1,6780,1,387.00138888888887,2662,222,192,16,6.87852828549998,0.0006944444444444445,1,0,5780,0,1,1,4,1,2662,1.0,1.0,1,0.33333333333333337,0.33333333333333337,1,0,0.8016674760911644,1,2884,17,0,0,0,0,0
d000811,c_priya,0,med-features-v1,6786,1,387.0208333333333,332,332,24,24,0.8578349572051462,1.9989583333333334,1,0,5786,0,1,1,2,1,332,1.0,1.0,1,0.4545454545454546,0.4,1,0,0.7037645047339723,1,664,18,0,0,0,0,0
d000811,c_quinn,1,med-features-v1,6786,1,387.0208333333333,332,0,24,0,0.8578349572051462,1.9993055555555554,1,0,5786,0,1,1,2,1,332,1.0,1.0,1,0.2727272727272727,0.19999999999999996,1,0,0.787358739637921,1,332,18,0,0,0,0,0
d000812,c_alex_chan,0,med-features-v1,6788,1,387.0833333333333,332,332,24,24,0.8576964477933262,1.9989583333333334,1,0,5788,0,1,1,1,0,0,0.0,0.0,1,0.8888888888888888,0.8888888888888888,1,1,0.5657811976840389,1,664,17,0,0,0,0,0
d000813,c_lee,0,med-features-v1,6794,1,387.125,332,332,24,24,0.8576041330319664,1.9989583333333334,1,0,332,0,1,0,1,0,0,0.0,0.0,1,0.4545454545454546,0.5,1,0,0.5822605182771785,1,664,16,0,0,0,0,0
d000814,c_fac_006,0,med-features-v1,6801,1,387.19444444444446,56,56,4,4,0.1446301743310137,6.9996527777777775,1,0,5795,0,1,1,1,0,0,0.0,0.0,1,0.8181818181818181,0.8181818181818181,1,1,0.5749082137934074,1,112,18,0,0,0,0,0
d000815,c_noah,0,med-features-v1,6807,1,388.00208333333336,2675,2449,193,176,6.894292878582052,0.00034722222222222224,1,0,5801,0,1,1,4,1,2671,1.0,0.9985046728971962,1,0.2727272727272727,0.2727272727272727,1,0,0.6972296377407446,1,5122,17,0,0,0,0,0
d000815,c_elena,1,med-features-v1,6807,1,388.00208333333336,2671,0,192,0,6.883983655586041,0.0006944444444444445,1,0,5801,0,1,1,4,1,2671,1.0,1.0,1,0.4545454545454546,0.8,1,0,0.8323646988412822,1,2671,17,0,0,0,0,0
d000815,c_taylor,2,med-features-v1,6807,1,388.00208333333336,2449,0,176,0,6.311821779307456,0.0006944444444444445,1,0,5801,0,1,1,4,1,2449,1.0,1.0,1,0.3846153846153846,0.33333333333333337,1,0,0.8355400574125836,1,2449,17,0,0,0,0,0
d000815,c_chris,3,med-features-v1,6807,1,388.00208333333336,2671,222,192,16,6.883983655586041,0.0006944444444444445,1,0,5801,0,1,1,4,1,2671,1.0,1.0,1,0.33333333333333337,0.33333333333333337,1,0,0.8242746936460729,1,2893,17,0,0,0,0,0
d000816,c_noah,0,med-features-v1,6813,1,388.0076388888889,2681,2455,193,176,6.909657778072096,0.00034722222222222224,1,0,5807,0,1,1,5,1,2677,1.0,0.9985080193957478,1,0.2727272727272727,0.2727272727272727,1,0,0.6514989823575793,1,5134,17,0,0,0,0,0
d000816,c_elena,1,med-features-v1,6813,1,388.0076388888889,2677,0,192,0,6.899348702685192,0.0006944444444444445,1,0,5807,0,1,1,5,1,2677,1.0,1.0,1,0.4545454545454546,0.8,1,0,0.809862378126887,1,2677,17,0,0,0,0,0
d000816,c_taylor,2,med-features-v1,6813,1,388.0076388888889,2455,0,176,0,6.327195018712046,0.0006944444444444445,1,0,5807,0,1,1,5,1,2455,1.0,1.0,1,0.3846153846153846,0.33333333333333337,1,0,0.8130465639724606,1,2455,17,0,0,0,0,0
d000816,c_chris,3,med-features-v1,6813,1,388.0076388888889,2677,222,192,16,6.899348702685192,0.0006944444444444445,1,0,5807,0,1,1,5,1,2677,1.0,1.0,1,0.33333333333333337,0.33333333333333337,1,0,0.8020282959508304,1,2899,17,0,0,0,0,0
d000816,c_lena,4,med-features-v1,6813,1,388.0076388888889,223,0,16,0,0.5747309528198722,0.0006944444444444445,1,0,5807,0,1,1,5,1,223,1.0,1.0,1,0.4545454545454546,0.8,1,0,0.8120588451199351,1,223,17,0,0,0,0,0
d000044,c_chris,0,med-features-v1,6815,1,388.01458333333335,2679,223,192,16,6.904379667860422,0.00034722222222222224,1,0,5809,0,1,1,5,1,2679,0.75,1.0,1,0.33333333333333337,0.33333333333333337,1,0,0.20126188548334153,1,2902,16,0,0,0,0,0
d000044,c_noah,1,med-features-v1,6815,1,388.01458333333335,2683,2456,193,176,6.914688558741886,0.0006944444444444445,1,0,5809,0,1,1,5,1,2679,0.75,0.998509131569139,1,0.2727272727272727,0.2727272727272727,1,0,0.1170257835049398,1,5137,16,0,0,0,0,0
d000044,c_elena,2,med-features-v1,6815,1,388.01458333333335,2679,0,192,0,6.904379667860422,0.0006944444444444445,1,0,5809,0,1,1,5,1,2679,0.75,1.0,1,0.4545454545454546,0.8,1,0,0.1641369144188828,1,2679,16,0,0,0,0,0
d000044,c_marcus,3,med-features-v1,6815,1,388.01458333333335,223,0,16,0,0.5747206666416104,0.0006944444444444445,1,0,5809,0,1,1,5,1,223,0.75,1.0,1,0.3076923076923077,0.33333333333333337,1,0,0.7801903223648925,1,223,16,0,0,0,0,0
d000044,c_pat,4,med-features-v1,6815,1,388.01458333333335,334,334,24,24,0.8607923886022325,0.8815972222222223,1,0,334,0,1,0,5,1,0,0.0,0.0,1,0.33333333333333337,0.33333333333333337,1,0,0.007004789578483795,1,668,16,0,0,0,0,0
d000817,c_alex_chen,0,med-features-v1,6816,1,388.1041666666667,277,277,20,20,0.713725911213699,1.9989583333333334,1,0,5810,0,1,1,1,0,0,0.0,0.0,1,0.8888888888888888,0.8888888888888888,1,1,0.6419657557633832,1,554,15,0,0,0,0,0
d000818,c_fac_002,0,med-features-v1,6822,1,388.1666666666667,55,55,4,4,0.14169171318162302,6.9996527777777775,1,0,5816,0,1,1,1,0,0,0.0,0.0,1,0.7692307692307692,0.7692307692307692,1,0,0.6117257786185927,1,110,16,0,0,0,0,0
d000819,c_noah,0,med-features-v1,6829,1,389.00208333333336,2687,2459,193,176,6.907418019397925,0.00034722222222222224,1,0,5823,0,1,1,4,1,2683,1.0,0.9985113509490138,1,0.2727272727272727,0.2727272727272727,1,0,0.6518798382506683,1,5144,17,0,0,0,0,0
d000819,c_elena,1,med-features-v1,6829,1,389.00208333333336,2683,0,192,0,6.897135298118583,0.0006944444444444445,1,0,5823,0,1,1,4,1,2683,1.0,1.0,1,0.4545454545454546,0.8,1,0,0.810475196392013,1,2683,17,0,0,0,0,0
d000819,c_taylor,2,med-features-v1,6829,1,389.00208333333336,2459,0,176,0,6.321302906475436,0.0006944444444444445,1,0,5823,0,1,1,4,1,2459,1.0,1.0,1,0.3846153846153846,0.33333333333333337,1,0,0.8137146912284331,1,2459,17,0,0,0,0,0
d000819,c_chris,3,med-features-v1,6829,1,389.00208333333336,2683,224,192,16,6.897135298118583,0.0006944444444444445,1,0,5823,0,1,1,4,1,2683,1.0,1.0,1,0.33333333333333337,0.33333333333333337,1,0,0.8025229757590204,1,2907,17,0,0,0,0,0
d000820,c_priya,0,med-features-v1,6835,1,389.0215277777778,335,335,24,24,0.861134862930679,0.00034722222222222224,1,0,5829,0,1,1,2,1,335,1.0,1.0,1,0.4545454545454546,0.4,1,0,0.6611336122697362,1,670,14,0,0,0,0,0
d000820,c_quinn,1,med-features-v1,6835,1,389.0215277777778,335,0,24,0,0.861134862930679,0.0006944444444444445,1,0,5829,0,1,1,2,1,335,1.0,1.0,1,0.2727272727272727,0.19999999999999996,1,0,0.812887443562134,1,335,14,0,0,0,0,0
d000821,c_alex_chan,0,med-features-v1,6837,1,389.0833333333333,334,334,24,24,0.8584279288926966,1.9989583333333334,1,0,5831,0,1,1,1,0,0,0.0,0.0,1,0.8888888888888888,0.8888888888888888,1,1,0.5683524172063464,1,668,17,0,0,0,0,0
d000822,c_lee,0,med-features-v1,6843,1,389.125,334,334,24,24,0.8583360102794731,1.9989583333333334,1,0,334,0,1,0,1,0,0,0.0,0.0,1,0.4545454545454546,0.5,1,0,0.5845149388487615,1,668,16,0,0,0,0,0
d000823,c_fac_003,0,med-features-v1,6849,1,389.1736111111111,55,55,4,4,0.14132510126514516,6.9996527777777775,1,0,5837,0,1,1,1,0,0,0.0,0.0,1,0.75,0.75,1,0,0.7568521969455766,1,110,16,0,0,0,0,0
d000824,c_noah,0,med-features-v1,6856,1,392.0027777777778,2696,2468,193,176,6.8775022852729215,0.00034722222222222224,1,0,5844,0,1,1,4,1,2692,1.0,0.9985163204747775,1,0.2727272727272727,0.2727272727272727,1,0,0.6519955326596254,1,5162,17,0,0,0,0,0
d000824,c_elena,1,med-features-v1,6856,1,392.0027777777778,2692,0,192,0,6.867298275947591,0.0006944444444444445,1,0,5844,0,1,1,4,1,2692,1.0,1.0,1,0.4545454545454546,0.8,1,0,0.8106967305372419,1,2692,17,0,0,0,0,0
d000824,c_taylor,2,med-features-v1,6856,1,392.0027777777778,2468,0,176,0,6.295873753729069,0.0006944444444444445,1,0,5844,0,1,1,4,1,2468,1.0,1.0,1,0.3846153846153846,0.33333333333333337,1,0,0.8139158947267905,1,2468,17,0,0,0,0,0
d000824,c_chris,3,med-features-v1,6856,1,392.0027777777778,2692,224,192,16,6.867298275947591,0.0006944444444444445,1,0,5844,0,1,1,4,1,2692,1.0,1.0,1,0.33333333333333337,0.33333333333333337,1,0,0.8027983316017029,1,2916,17,0,0,0,0,0
d000065,c_fac_001,0,med-features-v1,6861,1,392.0215277777778,56,56,4,4,0.1428492978879065,4.861458333333333,1,0,5849,0,1,1,1,0,0,0.0,0.0,1,0.75,0.75,1,0,0.01873750851607161,1,112,18,0,0,0,0,0
d000825,c_elena,0,med-features-v1,3145,1,392.028125,561,561,40,40,1.4310197769611557,0.00034722222222222224,1,0,3145,0,1,1,3,1,337,1.0,0.6007130124777184,1,0.4545454545454546,0.8,1,0,0.6590195967219645,1,1122,17,0,0,0,0,0
d000825,c_taylor,1,med-features-v1,3145,1,392.028125,449,112,32,8,1.145325989047342,0.0006944444444444445,1,0,3145,0,1,1,3,1,337,1.0,0.7505567928730512,1,0.3846153846153846,0.33333333333333337,1,0,0.7883609281042214,1,561,17,0,0,0,0,0
d000825,c_lena,2,med-features-v1,3145,1,392.028125,337,0,24,0,0.8596322011335283,0.0006944444444444445,1,0,3145,0,1,1,3,1,337,1.0,1.0,1,0.4545454545454546,0.8,1,0,0.836442616175726,1,337,17,0,0,0,0,0
d000826,c_morgan_shaw,0,med-features-v1,6866,1,392.09722222222223,336,336,24,24,0.856930324820233,2.9989583333333334,1,0,5854,0,1,1,1,0,0,0.0,0.0,1,0.8181818181818181,0.8181818181818181,1,1,0.6012445999553161,1,672,18,0,0,0,0,0
d000130,c_lee,0,med-features-v1,6869,1,392.12569444444443,337,337,24,24,0.8594183058507672,0.00034722222222222224,1,0,337,0,1,0,1,0,0,0.0,0.0,1,0.4545454545454546,0.5,1,0,0.7219015236859614,1,674,14,0,0,0,0,0
d000827,c_ren,0,med-features-v1,6873,1,392.13958333333335,337,337,24,24,0.8593878667778798,0.00034722222222222224,1,0,337,0,1,0,1,0,0,0.0,0.0,1,0.4545454545454546,0.5,1,0,0.574892929164288,1,674,16,0,0,0,0,0
d000125,c_noah,0,med-features-v1,6879,1,393.00069444444443,2701,2473,193,176,6.872761392491178,0.00034722222222222224,1,0,5861,0,1,1,4,1,2697,1.0,0.9985190670122177,1,0.2727272727272727,0.2727272727272727,1,0,0.6964785217149367,1,5172,17,0,0,0,0,0
d000125,c_elena,1,med-features-v1,6879,1,393.00069444444443,2697,0,192,0,6.862583293427882,0.0006944444444444445,1,0,5861,0,1,1,4,1,2697,1.0,1.0,1,0.4545454545454546,0.8,1,0,0.8310596207450465,1,2697,17,0,0,0,0,0
d000125,c_taylor,2,med-features-v1,6879,1,393.00069444444443,2473,0,176,0,6.29260974588326,0.0006944444444444445,1,0,5861,0,1,1,4,1,2473,1.0,1.0,1,0.3846153846153846,0.33333333333333337,1,0,0.8342118819449562,1,2473,17,0,0,0,0,0
d000125,c_chris,3,med-features-v1,6879,1,393.00069444444443,2697,224,192,16,6.862583293427882,0.0006944444444444445,1,0,5861,0,1,1,4,1,2697,1.0,1.0,1,0.33333333333333337,0.33333333333333337,1,0,0.8229942725879168,1,2921,17,0,0,0,0,0
d000828,c_noah,0,med-features-v1,6880,1,393.00138888888887,2702,2474,193,176,6.875293768399179,0.00034722222222222224,1,0,5862,0,1,1,4,1,2698,1.0,0.9985196150999259,1,0.2727272727272727,0.2727272727272727,1,0,0.6965629201145671,1,5174,17,0,0,0,0,0
d000828,c_elena,1,med-features-v1,6880,1,393.00138888888887,2698,0,192,0,6.865115687320868,0.0006944444444444445,1,0,5862,0,1,1,4,1,2698,1.0,1.0,1,0.4545454545454546,0.8,1,0,0.831209232039166,1,2698,17,0,0,0,0,0
d000828,c_taylor,2,med-features-v1,6880,1,393.00138888888887,2474,0,176,0,6.295143146935444,0.0006944444444444445,1,0,5862,0,1,1,4,1,2474,1.0,1.0,1,0.3846153846153846,0.33333333333333337,1,0,0.8343609160382808,1,2474,17,0,0,0,0,0
d000828,c_chris,3,med-features-v1,6880,1,393.00138888888887,2698,224,192,16,6.865115687320868,0.0006944444444444445,1,0,5862,0,1,1,4,1,2698,1.0,1.0,1,0.33333333333333337,0.33333333333333337,1,0,0.8231488232044807,1,2922,17,0,0,0,0,0
d000829,c_noah,0,med-features-v1,6887,1,393.0076388888889,2709,2481,193,176,6.8929957892393245,0.00034722222222222224,1,0,5869,0,1,1,5,1,2705,1.0,0.9985234403839055,1,0.2727272727272727,0.2727272727272727,1,0,0.6521202311420212,1,5188,17,0,0,0,0,0
d000829,c_elena,1,med-features-v1,6887,1,393.0076388888889,2705,0,192,0,6.882817870023024,0.0006944444444444445,1,0,5869,0,1,1,5,1,2705,1.0,1.0,1,0.4545454545454546,0.8,1,0,0.8109431931825517,1,2705,17,0,0,0,0,0
d000829,c_taylor,2,med-features-v1,6887,1,393.0076388888889,2481,0,176,0,6.312854393910212,0.0006944444444444445,1,0,5869,0,1,1,5,1,2481,1.0,1.0,1,0.3846153846153846,0.33333333333333337,1,0,0.8141324014342577,1,2481,17,0,0,0,0,0
d000829,c_chris,3,med-features-v1,6887,1,393.0076388888889,2705,224,192,16,6.882817870023024,0.0006944444444444445,1,0,5869,0,1,1,5,1,2705,1.0,1.0,1,0.33333333333333337,0.33333333333333337,1,0,0.8031223058968425,1,2929,17,0,0,0,0,0
d000829,c_lena,4,med-features-v1,6887,1,393.0076388888889,225,0,16,0,0.5725079559168874,0.0006944444444444445,1,0,5869,0,1,1,5,1,225,1.0,1.0,1,0.4545454545454546,0.8,1,0,0.8121705557990219,1,225,17,0,0,0,0,0
d000830,c_alex_chen,0,med-features-v1,6890,1,393.1041666666667,280,280,20,20,0.7122794000741958,4.048263888888889,1,0,5872,0,1,1,1,0,0,0.0,0.0,1,0.8888888888888888,0.8888888888888888,1,1,0.5907909555230282,1,560,14,0,0,0,0,0
d000831,c_hana,0,med-features-v1,6896,1,393.15277777777777,56,56,4,4,0.1424382661532483,6.9996527777777775,1,0,5878,0,1,1,1,0,0,0.0,0.0,1,0.3846153846153846,0.5,1,0,0.6319664662857757,1,112,16,0,0,0,0,0
d000832,c_noah,0,med-features-v1,6902,1,394.00138888888887,2714,2484,193,176,6.888300591156969,0.00034722222222222224,1,0,5884,0,1,1,4,1,2710,1.0,0.9985261606484893,1,0.2727272727272727,0.2727272727272727,1,0,0.6522179501280898,1,5196,17,0,0,0,0,0
d000832,c_elena,1,med-features-v1,6902,1,394.00138888888887,2710,0,192,0,6.878148342680688,0.0006944444444444445,1,0,5884,0,1,1,4,1,2710,1.0,1.0,1,0.4545454545454546,0.8,1,0,0.8110653549142055,1,2710,17,0,0,0,0,0
d000832,c_taylor,2,med-features-v1,6902,1,394.00138888888887,2484,0,176,0,6.304546303770785,0.0006944444444444445,1,0,5884,0,1,1,4,1,2484,1.0,1.0,1,0.3846153846153846,0.33333333333333337,1,0,0.8143053949543649,1,2484,17,0,0,0,0,0
d000832,c_chris,3,med-features-v1,6902,1,394.00138888888887,2710,226,192,16,6.878148342680688,0.0006944444444444445,1,0,5884,0,1,1,4,1,2710,1.0,1.0,1,0.33333333333333337,0.33333333333333337,1,0,0.8031263538255818,1,2936,17,0,0,0,0,0
d000090,c_noah,0,med-features-v1,6904,1,394.0027777777778,2716,2486,193,176,6.893352415733109,0.00034722222222222224,1,0,5886,0,1,1,6,1,2712,0.6,0.9985272459499264,1,0.2727272727272727,0.2727272727272727,1,0,0.696535573197156,1,5200,17,0,0,0,0,0
d000090,c_elena,1,med-features-v1,6904,1,394.0027777777778,2712,0,192,0,6.883200203044254,0.0006944444444444445,1,0,5886,0,1,1,6,1,2712,0.6,1.0,1,0.4545454545454546,0.8,1,0,0.8311378305141152,1,2712,17,0,0,0,0,0
d000090,c_taylor,2,med-features-v1,6904,1,394.0027777777778,2486,0,176,0,6.309600186123899,0.0006944444444444445,1,0,5886,0,1,1,6,1,2486,0.6,1.0,1,0.3846153846153846,0.33333333333333337,1,0,0.834313678123995,1,2486,17,0,0,0,0,0
d000090,c_chris,3,med-features-v1,6904,1,394.0027777777778,2712,226,192,16,6.883200203044254,0.0006944444444444445,1,0,5886,0,1,1,6,1,2712,0.6,1.0,1,0.33333333333333337,0.33333333333333337,1,0,0.8230150223611169,1,2938,17,0,0,0,0,0
d000090,c_alex_chen,4,med-features-v1,6904,1,394.0027777777778,282,282,20,20,0.7157309945643361,0.8975694444444444,1,0,5886,0,1,1,6,1,0,0.0,0.0,1,0.8888888888888888,0.8888888888888888,1,1,0.013828232043799878,1,564,17,0,0,0,0,0
d000090,c_lee,5,med-features-v1,6904,1,394.0027777777778,338,338,24,24,0.8578619722083177,1.8767361111111112,1,0,338,0,1,0,6,1,0,0.0,0.0,1,0.4545454545454546,0.5,1,0,0.011323928426051039,1,676,17,0,0,0,0,0
d000833,c_priya,0,med-features-v1,6909,1,394.0215277777778,339,339,24,24,0.8603590821849483,0.00034722222222222224,1,0,5891,0,1,1,2,1,339,1.0,1.0,1,0.4545454545454546,0.4,1,0,0.6610462331904693,1,678,14,0,0,0,0,0
d000833,c_quinn,1,med-features-v1,6909,1,394.0215277777778,339,0,24,0,0.8603590821849483,0.0006944444444444445,1,0,5891,0,1,1,2,1,339,1.0,1.0,1,0.2727272727272727,0.19999999999999996,1,0,0.8127495020419269,1,339,14,0,0,0,0,0
d000834,c_jamie_lee,0,med-features-v1,6912,1,394.09027777777777,338,338,24,24,0.8576715008193977,1.9989583333333334,1,0,5894,0,1,1,1,0,0,0.0,0.0,1,0.7777777777777778,0.7777777777777778,1,0,0.6080726031464465,1,676,18,0,0,0,0,0
d000835,c_pat,0,med-features-v1,6918,1,394.13194444444446,338,338,24,24,0.8575808298828297,1.9989583333333334,1,0,338,0,1,0,1,0,0,0.0,0.0,1,0.33333333333333337,0.33333333333333337,1,0,0.7037012423711753,1,676,14,0,0,0,0,0
d000836,c_fac_011,0,med-features-v1,6924,1,394.2291666666667,56,56,4,4,0.1420493579242192,6.9996527777777775,1,0,5900,0,1,1,1,0,0,0.0,0.0,1,0.6666666666666667,0.6666666666666667,1,0,0.6634367736134298,1,112,16,0,0,0,0,0
d000837,c_noah,0,med-features-v1,6930,1,395.0027777777778,2724,2494,193,176,6.896154035484982,0.00034722222222222224,1,0,5906,0,1,1,4,1,2720,1.0,0.9985315712187959,1,0.2727272727272727,0.2727272727272727,1,0,0.6520592003220779,1,5216,17,0,0,0,0,0
d000837,c_elena,1,med-features-v1,6930,1,395.0027777777778,2720,0,192,0,6.886027524419659,0.0006944444444444445,1,0,5906,0,1,1,4,1,2720,1.0,1.0,1,0.4545454545454546,0.8,1,0,0.8108159300884893,1,2720,17,0,0,0,0,0
d000837,c_taylor,2,med-features-v1,6930,1,395.0027777777778,2494,0,176,0,6.313879649228908,0.0006944444444444445,1,0,5906,0,1,1,4,1,2494,1.0,1.0,1,0.3846153846153846,0.33333333333333337,1,0,0.8140270296340362,1,2494,17,0,0,0,0,0
d000837,c_chris,3,med-features-v1,6930,1,395.0027777777778,2720,226,192,16,6.886027524419659,0.0006944444444444445,1,0,5906,0,1,1,4,1,2720,1.0,1.0,1,0.33333333333333337,0.33333333333333337,1,0,0.8029410352981037,1,2946,17,0,0,0,0,0
d000838,c_chris,0,med-features-v1,6936,1,395.0138888888889,2726,226,192,16,6.901023170774586,0.00625,1,0,5912,0,1,1,4,1,2726,1.0,1.0,1,0.33333333333333337,0.33333333333333337,1,0,0.19576625736409908,1,2952,21,0,0,0,0,0
d000838,c_noah,1,med-features-v1,6936,1,395.0138888888889,2730,2500,193,176,6.911149396997292,0.005902777777777778,1,0,5912,0,1,1,4,1,2726,1.0,0.9985347985347985,1,0.2727272727272727,0.2727272727272727,1,0,0.10412278132606163,1,5228,21,0,0,0,0,0
d000838,c_elena,2,med-features-v1,6936,1,395.0138888888889,2726,0,192,0,6.901023170774586,0.00625,1,0,5912,0,1,1,4,1,2726,1.0,1.0,1,0.4545454545454546,0.8,1,0,0.1499930349613135,1,2726,21,0,0,0,0,0
d000838,c_marcus,3,med-features-v1,6936,1,395.0138888888889,226,0,16,0,0.572131781582926,1.9993055555555554,1,0,5912,0,1,1,4,1,226,1.0,1.0,1,0.3076923076923077,0.33333333333333337,1,0,0.8415404739201169,1,226,21,0,0,0,0,0
d000839,c_alex_chen,0,med-features-v1,6939,1,395.1048611111111,283,283,20,20,0.716265548351264,0.00034722222222222224,1,0,5915,0,1,1,1,0,0,0.0,0.0,1,0.8888888888888888,0.8888888888888888,1,1,0.5895520897396627,1,566,14,0,0,0,0,0
d000840,c_fac_007,0,med-features-v1,6945,1,395.2013888888889,57,57,4,4,0.1442302623486619,6.9996527777777775,1,0,5921,0,1,1,1,0,0,0.0,0.0,1,0.8461538461538461,0.8461538461538461,1,1,0.6899593666467607,1,114,16,0,0,0,0,0
d000841,c_noah,0,med-features-v1,6951,1,396.00208333333336,2735,2503,193,176,6.9065293217102175,0.00034722222222222224,1,0,5927,0,1,1,4,1,2731,1.0,0.9985374771480804,1,0.2727272727272727,0.2727272727272727,1,0,0.696754454583802,1,5236,17,0,0,0,0,0
d000841,c_elena,1,med-features-v1,6951,1,396.00208333333336,2731,0,192,0,6.896428364749764,0.0006944444444444445,1,0,5927,0,1,1,4,1,2731,1.0,1.0,1,0.4545454545454546,0.8,1,0,0.8315078546431551,1,2731,17,0,0,0,0,0
d000841,c_taylor,2,med-features-v1,6951,1,396.00208333333336,2503,0,176,0,6.320673818003903,0.0006944444444444445,1,0,5927,0,1,1,4,1,2503,1.0,1.0,1,0.3846153846153846,0.33333333333333337,1,0,0.8347007576219718,1,2503,17,0,0,0,0,0
d000841,c_chris,3,med-features-v1,6951,1,396.00208333333336,2731,228,192,16,6.896428364749764,0.0006944444444444445,1,0,5927,0,1,1,4,1,2731,1.0,1.0,1,0.33333333333333337,0.33333333333333337,1,0,0.8233505740978038,1,2959,17,0,0,0,0,0
d000842,c_priya,0,med-features-v1,6957,1,396.0215277777778,341,341,24,24,0.8610643010077664,0.00034722222222222224,1,0,5933,0,1,1,2,1,341,1.0,1.0,1,0.4545454545454546,0.4,1,0,0.6626177247629198,1,682,14,0,0,0,0,0
d000842,c_quinn,1,med-features-v1,6957,1,396.0215277777778,341,0,24,0,0.8610643010077664,0.0006944444444444445,1,0,5933,0,1,1,2,1,341,1.0,1.0,1,0.2727272727272727,0.19999999999999996,1,0,0.8152267312353583,1,341,14,0,0,0,0,0
d000843,c_alex_chan,0,med-features-v1,6959,1,396.0833333333333,340,340,24,24,0.858405217757206,1.9989583333333334,1,0,5935,0,1,1,1,0,0,0.0,0.0,1,0.8888888888888888,0.8888888888888888,1,1,0.5708538055957998,1,680,17,0,0,0,0,0
d000844,c_lee,0,med-features-v1,6966,1,396.12569444444443,341,341,24,24,0.8608378723784713,0.00034722222222222224,1,0,341,0,1,0,1,0,0,0.0,0.0,1,0.4545454545454546,0.5,1,0,0.7255037442083158,1,682,14,0,0,0,0,0
d000845,c_fac_008,0,med-features-v1,6972,1,396.2083333333333,57,57,5,5,0.1438637080660427,6.9996527777777775,1,0,5942,0,1,1,1,0,0,0.0,0.0,1,0.7692307692307692,0.7692307692307692,1,0,0.6629948051753597,1,114,16,0,0,0,0,0
d000846,c_noah,0,med-features-v1,6978,1,399.0027777777778,2744,2512,193,176,6.877145104809908,0.00034722222222222224,1,0,5948,0,1,1,4,1,2740,1.0,0.9985422740524781,1,0.2727272727272727,0.2727272727272727,1,0,0.651738656268724,1,5254,17,0,0,0,0,0
d000846,c_elena,1,med-features-v1,6978,1,399.0027777777778,2740,0,192,0,6.867120111945753,0.0006944444444444445,1,0,5948,0,1,1,4,1,2740,1.0,1.0,1,0.4545454545454546,0.8,1,0,0.8102532957877896,1,2740,17,0,0,0,0,0
d000846,c_taylor,2,med-features-v1,6978,1,399.0027777777778,2512,0,176,0,6.295695518688953,0.0006944444444444445,1,0,5948,0,1,1,4,1,2512,1.0,1.0,1,0.3846153846153846,0.33333333333333337,1,0,0.8134675592210624,1,2512,17,0,0,0,0,0
d000846,c_chris,3,med-features-v1,6978,1,399.0027777777778,2740,228,192,16,6.867120111945753,0.0006944444444444445,1,0,5948,0,1,1,4,1,2740,1.0,1.0,1,0.33333333333333337,0.33333333333333337,1,0,0.8023598190065981,1,2968,17,0,0,0,0,0
d000847,c_elena,0,med-features-v1,3200,1,399.02743055555555,570,570,40,40,1.4284732235235151,2.9989583333333334,1,0,3200,0,1,1,3,1,342,1.0,0.6,1,0.4545454545454546,0.8,1,0,0.638663846924239,1,1140,17,0,0,0,0,0
d000847,c_taylor,1,med-features-v1,3200,1,399.02743055555555,456,114,32,8,1.142778578818812,2.9993055555555554,1,0,3200,0,1,1,3,1,342,1.0,0.75,1,0.3846153846153846,0.33333333333333337,1,0,0.7893350599069587,1,570,17,0,0,0,0,0
d000847,c_lena,2,med-features-v1,3200,1,399.02743055555555,342,0,24,0,0.8570839341141091,2.9993055555555554,1,0,3200,0,1,1,3,1,342,1.0,1.0,1,0.4545454545454546,0.8,1,0,0.8436720866576883,1,342,17,0,0,0,0,0
d000848,c_jamie_lee,0,med-features-v1,6987,1,399.0909722222222,343,343,24,24,0.8594531670062695,0.00034722222222222224,1,0,5957,0,1,1,1,0,0,0.0,0.0,1,0.7777777777777778,0.7777777777777778,1,0,0.6114698713728127,1,686,18,0,0,0,0,0
d000849,c_ren,0,med-features-v1,6994,1,399.1388888888889,342,342,24,24,0.8568445960052891,2.9989583333333334,1,0,342,0,1,0,1,0,0,0.0,0.0,1,0.4545454545454546,0.5,1,0,0.7282084449052834,1,684,14,0,0,0,0,0
d000850,c_noah,0,med-features-v1,7000,1,400.0,2748,2516,193,176,6.87,0.9947916666666666,1,0,5964,0,1,1,4,1,2744,1.0,0.9985443959243085,1,0.2727272727272727,0.2727272727272727,1,0,0.6968112544385516,1,5262,17,0,0,0,0,0
d000850,c_elena,1,med-features-v1,7000,1,400.0,2744,0,192,0,6.86,0.9951388888888889,1,0,5964,0,1,1,4,1,2744,1.0,1.0,1,0.4545454545454546,0.8,1,0,0.8316372258959873,1,2744,17,0,0,0,0,0
d000850,c_taylor,2,med-features-v1,7000,1,400.0,2516,0,176,0,6.29,0.9951388888888889,1,0,5964,0,1,1,4,1,2516,1.0,1.0,1,0.3846153846153846,0.33333333333333337,1,0,0.8347986783795317,1,2516,17,0,0,0,0,0
d000850,c_chris,3,med-features-v1,7000,1,400.0,2744,228,192,16,6.86,0.9951388888888889,1,0,5964,0,1,1,4,1,2744,1.0,1.0,1,0.33333333333333337,0.33333333333333337,1,0,0.8235601921563039,1,2972,17,0,0,0,0,0
d000851,c_noah,0,med-features-v1,7006,1,400.00416666666666,2754,2522,193,176,6.8849282819970625,0.00034722222222222224,1,0,5970,0,1,1,4,1,2750,1.0,0.9985475671750181,1,0.2727272727272727,0.2727272727272727,1,0,0.6521263976432764,1,5274,17,0,0,0,0,0
d000851,c_elena,1,med-features-v1,7006,1,400.00416666666666,2750,0,192,0,6.874928386162644,0.0006944444444444445,1,0,5970,0,1,1,4,1,2750,1.0,1.0,1,0.4545454545454546,0.8,1,0,0.8109457479362018,1,2750,17,0,0,0,0,0
d000851,c_taylor,2,med-features-v1,7006,1,400.00416666666666,2522,0,176,0,6.304934323600796,0.0006944444444444445,1,0,5970,0,1,1,4,1,2522,1.0,1.0,1,0.3846153846153846,0.33333333333333337,1,0,0.8141441193532968,1,2522,17,0,0,0,0,0
d000851,c_chris,3,med-features-v1,7006,1,400.00416666666666,2750,228,192,16,6.874928386162644,0.0006944444444444445,1,0,5970,0,1,1,4,1,2750,1.0,1.0,1,0.33333333333333337,0.33333333333333337,1,0,0.8031057753566505,1,2978,17,0,0,0,0,0
d000852,c_noah,0,med-features-v1,572,1,400.00659722222224,572,572,40,40,1.429976415319539,1.0059027777777778,1,0,572,0,1,1,3,1,228,1.0,0.3986013986013986,1,0.2727272727272727,0.2727272727272727,1,0,0.6025018435355852,1,1144,16,0,0,0,0,0
d000852,c_taylor,1,med-features-v1,572,1,400.00659722222224,228,0,16,0,0.5699905991133827,4.999305555555556,1,0,572,0,1,1,3,1,228,1.0,1.0,1,0.3846153846153846,0.33333333333333337,1,0,0.8116681389509863,1,228,16,0,0,0,0,0
d000852,c_chris,2,med-features-v1,572,1,400.00659722222224,228,0,16,0,0.5699905991133827,4.999305555555556,1,0,572,0,1,1,3,1,228,1.0,1.0,1,0.33333333333333337,0.33333333333333337,1,0,0.8116681389509863,1,228,16,0,0,0,0,0
d000853,c_jamie_li,0,med-features-v1,7015,1,400.1118055555556,229,229,16,16,0.5723400230144005,0.00034722222222222224,1,0,5979,0,1,1,1,0,0,0.0,0.0,1,0.7777777777777778,0.7777777777777778,1,0,0.6142072813120023,1,458,14,0,0,0,0,0
d000854,c_noah,0,med-features-v1,7022,1,401.0,2760,2526,193,176,6.882793017456359,0.9854166666666667,1,0,5986,0,1,1,4,1,2756,1.0,0.9985507246376811,1,0.2727272727272727,0.2727272727272727,1,0,0.6962731757896468,1,5284,17,0,0,0,0,0
d000854,c_elena,1,med-features-v1,7022,1,401.0,2756,0,192,0,6.872817955112219,0.9854166666666667,1,0,5986,0,1,1,4,1,2756,1.0,1.0,1,0.4545454545454546,0.8,1,0,0.8306711503242232,1,2756,17,0,0,0,0,0
d000854,c_taylor,2,med-features-v1,7022,1,401.0,2526,0,176,0,6.2992518703241895,0.9923611111111111,1,0,5986,0,1,1,4,1,2526,1.0,1.0,1,0.3846153846153846,0.33333333333333337,1,0,0.8338596198861545,1,2526,17,0,0,0,0,0
d000854,c_chris,3,med-features-v1,7022,1,401.0,2756,230,192,16,6.872817955112219,0.9850694444444444,1,0,5986,0,1,1,4,1,2756,1.0,1.0,1,0.33333333333333337,0.33333333333333337,1,0,0.8225226803361265,1,2986,17,0,0,0,0,0
d000855,c_noah,0,med-features-v1,7028,1,401.00416666666666,2766,2532,193,176,6.897683939277439,0.00034722222222222224,1,0,5992,0,1,1,4,1,2762,1.0,0.9985538684020245,1,0.2727272727272727,0.2727272727272727,1,0,0.6965995025544365,1,5296,17,0,0,0,0,0
d000855,c_elena,1,med-features-v1,7028,1,401.00416666666666,2762,0,192,0,6.887708980580002,0.0006944444444444445,1,0,5992,0,1,1,4,1,2762,1.0,1.0,1,0.4545454545454546,0.8,1,0,0.8312544994456704,1,2762,17,0,0,0,0,0
d000855,c_taylor,2,med-features-v1,7028,1,401.00416666666666,2532,0,176,0,6.314148855477395,0.0006944444444444445,1,0,5992,0,1,1,4,1,2532,1.0,1.0,1,0.3846153846153846,0.33333333333333337,1,0,0.834435545619898,1,2532,17,0,0,0,0,0
d000855,c_chris,3,med-features-v1,7028,1,401.00416666666666,2762,230,192,16,6.887708980580002,0.0006944444444444445,1,0,5992,0,1,1,4,1,2762,1.0,1.0,1,0.33333333333333337,0.33333333333333337,1,0,0.8231379823094689,1,2992,17,0,0,0,0,0
d000856,c_noah,0,med-features-v1,114,1,399.0,114,460,8,32,0.2857142857142857,0.013194444444444444,1,0,114,0,1,1,1,0,0,0.0,0.0,1,0.2727272727272727,0.2727272727272727,1,0,0.6296331013663168,1,574,15,0,0,0,0,0
d000857,c_morgan_shaw,0,med-features-v1,7036,1,401.09722222222223,344,344,24,24,0.8576474254648706,1.9989583333333334,1,0,6000,0,1,1,1,0,0,0.0,0.0,1,0.8181818181818181,0.8181818181818181,1,1,0.5987927024610126,1,688,18,0,0,0,0,0
d000858,c_ren,0,med-features-v1,7042,1,401.1388888888889,344,344,24,24,0.8575583408351222,1.9989583333333334,1,0,344,0,1,0,1,0,0,0.0,0.0,1,0.4545454545454546,0.5,1,0,0.5742469272905582,1,688,16,0,0,0,0,0
d000859,c_noah,0,med-features-v1,7048,1,402.0,2768,2534,193,176,6.885572139303482,0.9947916666666666,1,0,6006,0,1,1,4,1,2764,1.0,0.9985549132947977,1,0.2727272727272727,0.2727272727272727,1,0,0.6967641357287092,1,5300,17,0,0,0,0,0
d000859,c_elena,1,med-features-v1,7048,1,402.0,2764,0,192,0,6.875621890547263,0.9951388888888889,1,0,6006,0,1,1,4,1,2764,1.0,1.0,1,0.4545454545454546,0.8,1,0,0.8315462609668802,1,2764,17,0,0,0,0,0
d000859,c_taylor,2,med-features-v1,7048,1,402.0,2534,0,176,0,6.303482587064677,0.9951388888888889,1,0,6006,0,1,1,4,1,2534,1.0,1.0,1,0.3846153846153846,0.33333333333333337,1,0,0.8347261388515725,1,2534,17,0,0,0,0,0
d000859,c_chris,3,med-features-v1,7048,1,402.0,2764,230,192,16,6.875621890547263,0.9951388888888889,1,0,6006,0,1,1,4,1,2764,1.0,1.0,1,0.33333333333333337,0.33333333333333337,1,0,0.8234394562602958,1,2994,17,0,0,0,0,0
d000860,c_noah,0,med-features-v1,7055,1,402.0048611111111,2775,2541,193,176,6.902901602558012,0.00034722222222222224,1,0,6013,0,1,1,4,1,2771,1.0,0.9985585585585586,1,0.2727272727272727,0.2727272727272727,1,0,0.6968332221893224,1,5314,17,0,0,0,0,0
d000860,c_elena,1,med-features-v1,7055,1,402.0048611111111,2771,0,192,0,6.892951474121893,0.0006944444444444445,1,0,6013,0,1,1,4,1,2771,1.0,1.0,1,0.4545454545454546,0.8,1,0,0.8316828222017264,1,2771,17,0,0,0,0,0
d000860,c_taylor,2,med-features-v1,7055,1,402.0048611111111,2541,0,176,0,6.320819089045012,0.0006944444444444445,1,0,6013,0,1,1,4,1,2541,1.0,1.0,1,0.3846153846153846,0.33333333333333337,1,0,0.834846896628101,1,2541,17,0,0,0,0,0
d000860,c_chris,3,med-features-v1,7055,1,402.0048611111111,2771,230,192,16,6.892951474121893,0.0006944444444444445,1,0,6013,0,1,1,4,1,2771,1.0,1.0,1,0.33333333333333337,0.33333333333333337,1,0,0.8236179694851695,1,3001,17,0,0,0,0,0
d000045,c_chris,0,med-features-v1,7058,1,402.0138888888889,2774,230,192,16,6.900259112109172,0.00625,1,0,6016,0,1,1,5,1,2774,0.75,1.0,1,0.33333333333333337,0.33333333333333337,1,0,0.200737061859332,1,3004,16,0,0,0,0,0
d000045,c_noah,1,med-features-v1,7058,1,402.0138888888889,2778,2544,193,176,6.910209017101399,0.005902777777777778,1,0,6016,0,1,1,5,1,2774,0.75,0.9985601151907847,1,0.2727272727272727,0.2727272727272727,1,0,0.1168248927190391,1,5320,16,0,0,0,0,0
d000045,c_elena,2,med-features-v1,7058,1,402.0138888888889,2774,0,192,0,6.900259112109172,0.00625,1,0,6016,0,1,1,5,1,2774,0.75,1.0,1,0.4545454545454546,0.8,1,0,0.16376848046130374,1,2774,16,0,0,0,0,0
d000045,c_marcus,3,med-features-v1,7058,1,402.0138888888889,230,0,16,0,0.5721195370530315,1.9993055555555554,1,0,6016,0,1,1,5,1,230,0.75,1.0,1,0.3076923076923077,0.33333333333333337,1,0,0.7792842460567184,1,230,16,0,0,0,0,0
d000045,c_ren,4,med-features-v1,7058,1,402.0138888888889,346,346,24,24,0.860666781827604,0.8739583333333333,1,0,346,0,1,0,5,1,0,0.0,0.0,1,0.4545454545454546,0.5,1,0,0.006972488150156927,1,692,16,0,0,0,0,0
d000861,c_quinn,0,med-features-v1,403,1,402.04131944444447,57,57,4,4,0.14177647232569204,6.9996527777777775,1,0,403,0,1,1,1,0,0,0.0,0.0,1,0.2727272727272727,0.19999999999999996,1,0,0.6429542951317763,1,114,14,0,0,0,0,0
d000862,c_morgan_zhao,0,med-features-v1,7064,1,402.11805555555554,230,230,16,16,0.571971332354719,1.9989583333333334,1,0,6022,0,1,1,1,0,0,0.0,0.0,1,0.8181818181818181,0.8181818181818181,1,1,0.6300233750772157,1,460,15,0,0,0,0,0
d000863,c_noah,0,med-features-v1,7070,1,403.0,2780,2544,193,176,6.898263027295285,0.9854166666666667,1,0,6028,0,1,1,4,1,2776,1.0,0.9985611510791367,1,0.2727272727272727,0.2727272727272727,1,0,0.6518175980389608,1,5322,17,0,0,0,0,0
d000863,c_elena,1,med-features-v1,7070,1,403.0,2776,0,192,0,6.88833746898263,0.9854166666666667,1,0,6028,0,1,1,4,1,2776,1.0,1.0,1,0.4545454545454546,0.8,1,0,0.8103606475012916,1,2776,17,0,0,0,0,0
d000863,c_taylor,2,med-features-v1,7070,1,403.0,2544,0,176,0,6.312655086848635,0.9923611111111111,1,0,6028,0,1,1,4,1,2544,1.0,1.0,1,0.3846153846153846,0.33333333333333337,1,0,0.8136074303290102,1,2544,17,0,0,0,0,0
d000863,c_chris,3,med-features-v1,7070,1,403.0,2776,232,192,16,6.88833746898263,0.9850694444444444,1,0,6028,0,1,1,4,1,2776,1.0,1.0,1,0.33333333333333337,0.33333333333333337,1,0,0.8023941277338625,1,3008,17,0,0,0,0,0
d000864,c_noah,0,med-features-v1,7076,1,403.00416666666666,2786,2550,193,176,6.913079889579305,0.00034722222222222224,1,0,6034,0,1,1,4,1,2782,1.0,0.9985642498205313,1,0.2727272727272727,0.2727272727272727,1,0,0.6523695011589872,1,5334,17,0,0,0,0,0
d000864,c_elena,1,med-features-v1,7076,1,403.00416666666666,2782,0,192,0,6.90315443388716,0.0006944444444444445,1,0,6034,0,1,1,4,1,2782,1.0,1.0,1,0.4545454545454546,0.8,1,0,0.8113262351710143,1,2782,17,0,0,0,0,0
d000864,c_taylor,2,med-features-v1,7076,1,403.00416666666666,2550,0,176,0,6.327478003742724,0.0006944444444444445,1,0,6034,0,1,1,4,1,2550,1.0,1.0,1,0.3846153846153846,0.33333333333333337,1,0,0.8145709348600421,1,2550,17,0,0,0,0,0
d000864,c_chris,3,med-features-v1,7076,1,403.00416666666666,2782,232,192,16,6.90315443388716,0.0006944444444444445,1,0,6034,0,1,1,4,1,2782,1.0,1.0,1,0.33333333333333337,0.33333333333333337,1,0,0.8033860695935059,1,3014,17,0,0,0,0,0
d000865,c_maya,0,med-features-v1,289,1,401.95104166666664,289,289,20,20,0.7189930365690267,0.9503472222222222,1,0,289,0,1,1,1,0,0,0.0,0.0,1,0.33333333333333337,0.5,1,0,0.580823504398005,1,578,15,0,0,0,0,0
d000866,c_morgan_shaw,0,med-features-v1,7085,1,403.09722222222223,346,346,24,24,0.8583537194638735,1.9989583333333334,1,0,6043,0,1,1,1,0,0,0.0,0.0,1,0.8181818181818181,0.8181818181818181,1,1,0.5987927024610131,1,692,18,0,0,0,0,0
d000867,c_ren,0,med-features-v1,7091,1,403.1388888888889,346,346,24,24,0.8582650037897057,1.9989583333333334,1,0,346,0,1,0,1,0,0,0.0,0.0,1,0.4545454545454546,0.5,1,0,0.5764903124387964,1,692,16,0,0,0,0,0
d000091,c_noah,0,med-features-v1,7096,1,406.0,2788,2552,193,176,6.8669950738916254,2.9947916666666665,1,0,6048,0,1,1,6,1,2784,0.6,0.9985652797704447,1,0.2727272727272727,0.2727272727272727,1,0,0.6525527635042403,1,5338,17,0,0,0,0,0
d000091,c_elena,1,med-features-v1,7096,1,406.0,2784,0,192,0,6.857142857142857,2.995138888888889,1,0,6048,0,1,1,6,1,2784,0.6,1.0,1,0.4545454545454546,0.8,1,0,0.8116466295829939,1,2784,17,0,0,0,0,0
d000091,c_taylor,2,med-features-v1,7096,1,406.0,2552,0,176,0,6.285714285714286,2.995138888888889,1,0,6048,0,1,1,6,1,2552,0.6,1.0,1,0.3846153846153846,0.33333333333333337,1,0,0.8148906124862508,1,2552,17,0,0,0,0,0
d000091,c_chris,3,med-features-v1,7096,1,406.0,2784,232,192,16,6.857142857142857,2.995138888888889,1,0,6048,0,1,1,6,1,2784,0.6,1.0,1,0.33333333333333337,0.33333333333333337,1,0,0.8037152380155094,1,3016,17,0,0,0,0,0
d000091,c_jamie_li,4,med-features-v1,7096,1,406.0,232,232,16,16,0.5714285714285714,3.8878472222222222,1,0,6048,0,1,1,6,1,0,0.0,0.0,1,0.7777777777777778,0.7777777777777778,1,0,0.01834369360937043,1,464,17,0,0,0,0,0
d000091,c_pat,5,med-features-v1,7096,1,406.0,348,348,24,24,0.8571428571428571,2.8670138888888888,1,0,348,0,1,0,6,1,0,0.0,0.0,1,0.33333333333333337,0.33333333333333337,1,0,0.019706938409406717,1,696,17,0,0,0,0,0
d000868,c_noah,0,med-features-v1,7098,1,406.00138888888887,2790,2554,193,176,6.871897674132204,0.00034722222222222224,1,0,6050,0,1,1,4,1,2786,1.0,0.9985663082437276,1,0.2727272727272727,0.2727272727272727,1,0,0.6527356746875533,1,5342,17,0,0,0,0,0
d000868,c_elena,1,med-features-v1,7098,1,406.00138888888887,2786,0,192,0,6.862045491086853,0.0006944444444444445,1,0,6050,0,1,1,4,1,2786,1.0,1.0,1,0.4545454545454546,0.8,1,0,0.8119662931598848,1,2786,17,0,0,0,0,0
d000868,c_taylor,2,med-features-v1,7098,1,406.00138888888887,2554,0,176,0,6.290618874456506,0.0006944444444444445,1,0,6050,0,1,1,4,1,2554,1.0,1.0,1,0.3846153846153846,0.33333333333333337,1,0,0.8152095481925805,1,2554,17,0,0,0,0,0
d000868,c_chris,3,med-features-v1,7098,1,406.00138888888887,2786,232,192,16,6.862045491086853,0.0006944444444444445,1,0,6050,0,1,1,4,1,2786,1.0,1.0,1,0.33333333333333337,0.33333333333333337,1,0,0.8040436701750096,1,3018,17,0,0,0,0,0
d000066,c_fac_002,0,med-features-v1,7104,1,406.0208333333333,58,58,4,4,0.1428498127148648,3.8538194444444445,1,0,6056,0,1,1,1,0,0,0.0,0.0,1,0.7692307692307692,0.7692307692307692,1,0,0.014828631400867705,1,116,14,0,0,0,0,0
d000869,c_priya,0,med-features-v1,7105,1,406.0215277777778,349,349,24,24,0.8595603339313904,0.00034722222222222224,1,0,6057,0,1,1,2,1,349,1.0,1.0,1,0.4545454545454546,0.4,1,0,0.7019330430937356,1,698,18,0,0,0,0,0
d000869,c_quinn,1,med-features-v1,7105,1,406.0215277777778,349,0,24,0,0.8595603339313904,0.0006944444444444445,1,0,6057,0,1,1,2,1,349,1.0,1.0,1,0.2727272727272727,0.19999999999999996,1,0,0.7840653483875034,1,349,18,0,0,0,0,0
d000870,c_jamie_lee,0,med-features-v1,7109,1,406.0909722222222,349,349,24,24,0.8594133430009354,0.00034722222222222224,1,0,6061,0,1,1,1,0,0,0.0,0.0,1,0.7777777777777778,0.7777777777777778,1,0,0.5541182665044389,1,698,17,0,0,0,0,0
d000871,c_pat,0,med-features-v1,7115,1,406.1326388888889,349,349,24,24,0.8593251725712214,0.00034722222222222224,1,0,349,0,1,0,1,0,0,0.0,0.0,1,0.33333333333333337,0.33333333333333337,1,0,0.606028855840114,1,698,16,0,0,0,0,0
d000872,c_fac_014,0,med-features-v1,7121,1,406.25,58,58,4,4,0.14276923076923076,6.9996527777777775,1,0,6067,0,1,1,1,0,0,0.0,0.0,1,0.7692307692307692,0.7692307692307692,1,0,0.5580394973265669,1,116,18,0,0,0,0,0
d000873,c_noah,0,med-features-v1,7127,1,407.00347222222223,2801,2565,193,176,6.882005169898564,0.00034722222222222224,1,0,6073,0,1,1,4,1,2797,1.0,0.9985719385933595,1,0.2727272727272727,0.2727272727272727,1,0,0.6528481098106635,1,5364,17,0,0,0,0,0
d000873,c_elena,1,med-features-v1,7127,1,407.00347222222223,2797,0,192,0,6.872177243915131,0.0006944444444444445,1,0,6073,0,1,1,4,1,2797,1.0,1.0,1,0.4545454545454546,0.8,1,0,0.8121856946356512,1,2797,17,0,0,0,0,0
d000873,c_taylor,2,med-features-v1,7127,1,407.00347222222223,2565,0,176,0,6.3021575368760505,0.0006944444444444445,1,0,6073,0,1,1,4,1,2565,1.0,1.0,1,0.3846153846153846,0.33333333333333337,1,0,0.8154045065479011,1,2565,17,0,0,0,0,0
d000873,c_chris,3,med-features-v1,7127,1,407.00347222222223,2797,232,192,16,6.872177243915131,0.0006944444444444445,1,0,6073,0,1,1,4,1,2797,1.0,1.0,1,0.33333333333333337,0.33333333333333337,1,0,0.8043265604956273,1,3029,17,0,0,0,0,0
d000874,c_chris,0,med-features-v1,7133,1,407.01458333333335,2803,233,192,16,6.886731126546448,0.00034722222222222224,1,0,6079,0,1,1,4,1,2803,1.0,1.0,1,0.33333333333333337,0.33333333333333337,1,0,0.1958296335317325,1,3036,21,0,0,0,0,0
d000874,c_noah,1,med-features-v1,7133,1,407.01458333333335,2807,2570,193,176,6.896558784236846,0.0006944444444444445,1,0,6079,0,1,1,4,1,2803,1.0,0.9985749910936943,1,0.2727272727272727,0.2727272727272727,1,0,0.1041300595186819,1,5375,21,0,0,0,0,0
d000874,c_elena,2,med-features-v1,7133,1,407.01458333333335,2803,0,192,0,6.886731126546448,0.0006944444444444445,1,0,6079,0,1,1,4,1,2803,1.0,1.0,1,0.4545454545454546,0.8,1,0,0.14999201281311797,1,2803,21,0,0,0,0,0
d000874,c_marcus,3,med-features-v1,7133,1,407.01458333333335,233,0,16,0,0.5724610604656877,0.0006944444444444445,1,0,6079,0,1,1,4,1,233,1.0,1.0,1,0.3076923076923077,0.33333333333333337,1,0,0.8390551988729159,1,233,21,0,0,0,0,0
d000875,c_jamie_li,0,med-features-v1,7137,1,407.1118055555556,233,233,16,16,0.5723243512480362,0.00034722222222222224,1,0,6083,0,1,1,1,0,0,0.0,0.0,1,0.7777777777777778,0.7777777777777778,1,0,0.619089528175633,1,466,15,0,0,0,0,0
d000876,c_fac_015,0,med-features-v1,7143,1,407.25694444444446,58,58,4,4,0.1424162332679683,6.9996527777777775,1,0,6089,0,1,1,1,0,0,0.0,0.0,1,0.7692307692307692,0.7692307692307692,1,0,0.6761885178145968,1,116,16,0,0,0,0,0
d000877,c_noah,0,med-features-v1,7149,1,408.00347222222223,2813,2575,193,176,6.8945491681205056,0.00034722222222222224,1,0,6095,0,1,1,4,1,2809,1.0,0.9985780305723427,1,0.2727272727272727,0.2727272727272727,1,0,0.6526906122533702,1,5386,17,0,0,0,0,0
d000877,c_elena,1,med-features-v1,7149,1,408.00347222222223,2809,0,192,0,6.884745329985958,0.0006944444444444445,1,0,6095,0,1,1,4,1,2809,1.0,1.0,1,0.4545454545454546,0.8,1,0,0.8118862106941822,1,2809,17,0,0,0,0,0
d000877,c_taylor,2,med-features-v1,7149,1,408.00347222222223,2575,0,176,0,6.311220799114931,0.0006944444444444445,1,0,6095,0,1,1,4,1,2575,1.0,1.0,1,0.3846153846153846,0.33333333333333337,1,0,0.8151313347678611,1,2575,17,0,0,0,0,0
d000877,c_chris,3,med-features-v1,7149,1,408.00347222222223,2809,234,192,16,6.884745329985958,0.0006944444444444445,1,0,6095,0,1,1,4,1,2809,1.0,1.0,1,0.33333333333333337,0.33333333333333337,1,0,0.803958720914059,1,3043,17,0,0,0,0,0
d000878,c_elena,0,med-features-v1,3279,1,408.028125,585,585,40,40,1.4337246972864923,0.00034722222222222224,1,0,3279,0,1,1,3,1,351,1.0,0.6,1,0.4545454545454546,0.8,1,0,0.6588419226138769,1,1170,17,0,0,0,0,0
d000878,c_taylor,1,med-features-v1,3279,1,408.028125,467,116,32,8,1.1445289463808408,0.0006944444444444445,1,0,3279,0,1,1,3,1,351,1.0,0.7516059957173448,1,0.3846153846153846,0.33333333333333337,1,0,0.7875354546411926,1,583,17,0,0,0,0,0
d000878,c_lena,2,med-features-v1,3279,1,408.028125,351,0,24,0,0.8602348183718953,0.0006944444444444445,1,0,3279,0,1,1,3,1,351,1.0,1.0,1,0.4545454545454546,0.8,1,0,0.8345431159161225,1,351,17,0,0,0,0,0
d000879,c_jamie_lee,0,med-features-v1,7157,1,408.0909722222222,351,351,24,24,0.8601023396539783,0.00034722222222222224,1,0,6103,0,1,1,1,0,0,0.0,0.0,1,0.7777777777777778,0.7777777777777778,1,0,0.6134679519441374,1,702,18,0,0,0,0,0
d000880,c_ren,0,med-features-v1,7164,1,408.1388888888889,350,350,24,24,0.857551214864221,1.9989583333333334,1,0,350,0,1,0,1,0,0,0.0,0.0,1,0.4545454545454546,0.5,1,0,0.576708082749046,1,700,16,0,0,0,0,0
d000881,c_noah,0,med-features-v1,7170,1,409.0,2816,2578,192,176,6.885085574572127,0.9947916666666666,1,0,6110,0,1,1,4,1,2812,1.0,0.9985795454545454,1,0.2727272727272727,0.2727272727272727,1,0,0.6960086973153522,1,5392,17,0,0,0,0,0
d000881,c_elena,1,med-features-v1,7170,1,409.0,2812,0,192,0,6.875305623471883,0.9951388888888889,1,0,6110,0,1,1,4,1,2812,1.0,1.0,1,0.4545454545454546,0.8,1,0,0.8302269458617203,1,2812,17,0,0,0,0,0
d000881,c_taylor,2,med-features-v1,7170,1,409.0,2578,0,176,0,6.30317848410758,0.9951388888888889,1,0,6110,0,1,1,4,1,2578,1.0,1.0,1,0.3846153846153846,0.33333333333333337,1,0,0.833377884620739,1,2578,17,0,0,0,0,0
d000881,c_chris,3,med-features-v1,7170,1,409.0,2812,234,192,16,6.875305623471883,0.9951388888888889,1,0,6110,0,1,1,4,1,2812,1.0,1.0,1,0.33333333333333337,0.33333333333333337,1,0,0.8221385643297064,1,3046,17,0,0,0,0,0
d000882,c_noah,0,med-features-v1,7176,1,409.00416666666666,2822,2584,192,176,6.8996852110308575,0.00034722222222222224,1,0,6116,0,1,1,4,1,2818,1.0,0.9985825655563431,1,0.2727272727272727,0.2727272727272727,1,0,0.6527981275711865,1,5404,17,0,0,0,0,0
d000882,c_elena,1,med-features-v1,7176,1,409.00416666666666,2818,0,192,0,6.889905359562352,0.0006944444444444445,1,0,6116,0,1,1,4,1,2818,1.0,1.0,1,0.4545454545454546,0.8,1,0,0.8120923165983974,1,2818,17,0,0,0,0,0
d000882,c_taylor,2,med-features-v1,7176,1,409.00416666666666,2584,0,176,0,6.317784048654761,0.0006944444444444445,1,0,6116,0,1,1,4,1,2584,1.0,1.0,1,0.3846153846153846,0.33333333333333337,1,0,0.8153179428864593,1,2584,17,0,0,0,0,0
d000882,c_chris,3,med-features-v1,7176,1,409.00416666666666,2818,234,192,16,6.889905359562352,0.0006944444444444445,1,0,6116,0,1,1,4,1,2818,1.0,1.0,1,0.33333333333333337,0.33333333333333337,1,0,0.8042161535379737,1,3052,17,0,0,0,0,0
d000883,c_noah,0,med-features-v1,586,1,409.00659722222224,586,586,40,40,1.432739725911104,1.0059027777777778,1,0,586,0,1,1,3,1,234,1.0,0.3993174061433447,1,0.2727272727272727,0.2727272727272727,1,0,0.5811601572407226,1,1172,16,0,0,0,0,0
d000883,c_taylor,1,med-features-v1,586,1,409.00659722222224,234,0,16,0,0.5721179110293487,1.9993055555555554,1,0,586,0,1,1,3,1,234,1.0,1.0,1,0.3846153846153846,0.33333333333333337,1,0,0.8255282758949767,1,234,16,0,0,0,0,0
d000883,c_chris,2,med-features-v1,586,1,409.00659722222224,234,0,16,0,0.5721179110293487,1.9993055555555554,1,0,586,0,1,1,3,1,234,1.0,1.0,1,0.33333333333333337,0.33333333333333337,1,0,0.8255282758949767,1,234,16,0,0,0,0,0
d000884,c_jamie_li,0,med-features-v1,7184,1,409.1111111111111,234,234,16,16,0.5719717544812603,1.9989583333333334,1,0,6124,0,1,1,1,0,0,0.0,0.0,1,0.7777777777777778,0.7777777777777778,1,0,0.620680654365208,1,468,15,0,0,0,0,0
d000885,c_fac_017,0,med-features-v1,7191,1,409.2708333333333,58,58,4,4,0.14171544922372106,6.9996527777777775,1,0,6131,0,1,1,1,0,0,0.0,0.0,1,0.8181818181818181,0.8181818181818181,1,1,0.5438441066124341,1,116,18,0,0,0,0,0
d000886,c_noah,0,med-features-v1,7197,1,410.00347222222223,2833,2593,192,176,6.90969758047442,0.00034722222222222224,1,0,6137,0,1,1,4,1,2829,1.0,0.99858806918461,1,0.2727272727272727,0.2727272727272727,1,0,0.6959027559387315,1,5424,17,0,0,0,0,0
d000886,c_elena,1,med-features-v1,7197,1,410.00347222222223,2829,0,192,0,6.8999415655355225,0.0006944444444444445,1,0,6137,0,1,1,4,1,2829,1.0,1.0,1,0.4545454545454546,0.8,1,0,0.8300252430665835,1,2829,17,0,0,0,0,0
d000886,c_taylor,2,med-features-v1,7197,1,410.00347222222223,2593,0,176,0,6.3243366841405475,0.0006944444444444445,1,0,6137,0,1,1,4,1,2593,1.0,1.0,1,0.3846153846153846,0.33333333333333337,1,0,0.8331804789672541,1,2593,17,0,0,0,0,0
d000886,c_chris,3,med-features-v1,7197,1,410.00347222222223,2829,236,192,16,6.8999415655355225,0.0006944444444444445,1,0,6137,0,1,1,4,1,2829,1.0,1.0,1,0.33333333333333337,0.33333333333333337,1,0,0.8219020821646867,1,3065,17,0,0,0,0,0
d000887,c_elena,0,med-features-v1,3303,1,410.028125,589,589,40,40,1.4364868263609967,0.00034722222222222224,1,0,3303,0,1,1,3,1,353,1.0,0.599320882852292,1,0.4545454545454546,0.8,1,0,0.6368586151419733,1,1178,17,0,0,0,0,0
d000887,c_taylor,1,med-features-v1,3303,1,410.028125,471,118,32,8,1.148701689670678,0.0006944444444444445,1,0,3303,0,1,1,3,1,353,1.0,0.7494692144373672,1,0.3846153846153846,0.33333333333333337,1,0,0.7882641936604262,1,589,17,0,0,0,0,0
d000887,c_lena,2,med-features-v1,3303,1,410.028125,353,0,24,0,0.8609165529803596,0.0006944444444444445,1,0,3303,0,1,1,3,1,353,1.0,1.0,1,0.4545454545454546,0.8,1,0,0.8425597147320897,1,353,17,0,0,0,0,0
d000888,c_jamie_lee,0,med-features-v1,7205,1,410.09027777777777,352,352,24,24,0.8583475860667537,1.9989583333333334,1,0,6145,0,1,1,1,0,0,0.0,0.0,1,0.7777777777777778,0.7777777777777778,1,0,0.6145650753261548,1,704,18,0,0,0,0,0
d000889,c_pat,0,med-features-v1,7211,1,410.13194444444446,352,352,24,24,0.8582603836841125,1.9989583333333334,1,0,352,0,1,0,1,0,0,0.0,0.0,1,0.33333333333333337,0.33333333333333337,1,0,0.7001921658581182,1,704,14,0,0,0,0,0
d000890,c_noah,0,med-features-v1,7218,1,413.0,2836,2596,192,176,6.86682808716707,2.9947916666666665,1,0,6152,0,1,1,4,1,2832,1.0,0.998589562764457,1,0.2727272727272727,0.2727272727272727,1,0,0.6528193415441307,1,5430,17,0,0,0,0,0
d000890,c_elena,1,med-features-v1,7218,1,413.0,2832,0,192,0,6.857142857142857,2.995138888888889,1,0,6152,0,1,1,4,1,2832,1.0,1.0,1,0.4545454545454546,0.8,1,0,0.8121035497114378,1,2832,17,0,0,0,0,0
d000890,c_taylor,2,med-features-v1,7218,1,413.0,2596,0,176,0,6.285714285714286,2.995138888888889,1,0,6152,0,1,1,4,1,2596,1.0,1.0,1,0.3846153846153846,0.33333333333333337,1,0,0.815360591633542,1,2596,17,0,0,0,0,0
d000890,c_chris,3,med-features-v1,7218,1,413.0,2832,236,192,16,6.857142857142857,2.995138888888889,1,0,6152,0,1,1,4,1,2832,1.0,1.0,1,0.33333333333333337,0.33333333333333337,1,0,0.804173624005748,1,3068,17,0,0,0,0,0
d000891,c_noah,0,med-features-v1,7224,1,413.00416666666666,2842,2602,192,176,6.881286508408914,0.00034722222222222224,1,0,6158,0,1,1,4,1,2838,1.0,0.9985925404644617,1,0.2727272727272727,0.2727272727272727,1,0,0.695969139200303,1,5442,17,0,0,0,0,0
d000891,c_elena,1,med-features-v1,7224,1,413.00416666666666,2838,0,192,0,6.8716013760958825,0.0006944444444444445,1,0,6158,0,1,1,4,1,2838,1.0,1.0,1,0.4545454545454546,0.8,1,0,0.8301614341207104,1,2838,17,0,0,0,0,0
d000891,c_taylor,2,med-features-v1,7224,1,413.00416666666666,2602,0,176,0,6.300178569627022,0.0006944444444444445,1,0,6158,0,1,1,4,1,2602,1.0,1.0,1,0.3846153846153846,0.33333333333333337,1,0,0.833296448395983,1,2602,17,0,0,0,0,0
d000891,c_chris,3,med-features-v1,7224,1,413.00416666666666,2838,236,192,16,6.8716013760958825,0.0006944444444444445,1,0,6158,0,1,1,4,1,2838,1.0,1.0,1,0.33333333333333337,0.33333333333333337,1,0,0.8220913429085276,1,3074,17,0,0,0,0,0
d000892,c_marcus,0,med-features-v1,354,1,413.0,118,118,8,8,0.2857142857142857,3.999652777777778,1,0,354,0,1,1,1,0,0,0.0,0.0,1,0.3076923076923077,0.33333333333333337,1,0,0.739208894004381,1,236,19,0,0,0,0,0
d000022,c_alex_chen,0,med-features-v1,7228,1,413.0833333333333,295,295,20,20,0.7141416179140609,3.0274305555555556,1,0,6162,0,1,1,1,0,0,0.0,0.0,1,0.8888888888888888,0.8888888888888888,1,1,0.0533451347583857,1,590,17,0,0,0,0,0
d000023,c_jamie_li,0,med-features-v1,7230,1,413.09027777777777,236,236,16,16,0.5713036900058839,3.978125,1,0,6164,0,1,1,1,0,0,0.0,0.0,1,0.7777777777777778,0.7777777777777778,1,0,0.058927403205617554,1,472,17,0,0,0,0,0
d000024,c_morgan_zhao,0,med-features-v1,7232,1,413.09722222222223,236,236,16,16,0.5712940860034293,3.978125,1,0,6166,0,1,1,1,0,0,0.0,0.0,1,0.8181818181818181,0.8181818181818181,1,1,0.05888565555470846,1,472,17,0,0,0,0,0
d000893,c_pat,0,med-features-v1,7236,1,413.13194444444446,354,354,24,24,0.8568691062513657,2.9989583333333334,1,0,354,0,1,0,1,0,0,0.0,0.0,1,0.33333333333333337,0.33333333333333337,1,0,0.7002572900806046,1,708,14,0,0,0,0,0
d000894,c_fac_009,0,med-features-v1,7242,1,413.21527777777777,59,59,4,4,0.1427827168378065,6.9996527777777775,1,0,6170,0,1,1,1,0,0,0.0,0.0,1,0.6923076923076923,0.6923076923076923,1,0,0.692371529375642,1,118,18,0,0,0,0,0
d000895,c_noah,0,med-features-v1,7249,1,414.00347222222223,2849,2609,192,176,6.881584796155427,0.00034722222222222224,1,0,6177,0,1,1,4,1,2845,1.0,0.9985959985959986,1,0.2727272727272727,0.2727272727272727,1,0,0.6960386864599493,1,5456,17,0,0,0,0,0
d000895,c_elena,1,med-features-v1,7249,1,414.00347222222223,2845,0,192,0,6.87192304143987,0.0006944444444444445,1,0,6177,0,1,1,4,1,2845,1.0,1.0,1,0.4545454545454546,0.8,1,0,0.8302985245466818,1,2845,17,0,0,0,0,0
d000895,c_taylor,2,med-features-v1,7249,1,414.00347222222223,2609,0,176,0,6.30187951322201,0.0006944444444444445,1,0,6177,0,1,1,4,1,2609,1.0,1.0,1,0.3846153846153846,0.33333333333333337,1,0,0.8334183738070007,1,2609,17,0,0,0,0,0
d000895,c_chris,3,med-features-v1,7249,1,414.00347222222223,2845,236,192,16,6.87192304143987,0.0006944444444444445,1,0,6177,0,1,1,4,1,2845,1.0,1.0,1,0.33333333333333337,0.33333333333333337,1,0,0.8222690617709527,1,3081,17,0,0,0,0,0
d000138,c_noah,0,med-features-v1,7252,1,414.00694444444446,2852,2612,192,176,6.888773336464431,0.001736111111111111,1,0,6180,0,1,1,5,1,2848,1.0,0.9985974754558204,1,0.2727272727272727,0.2727272727272727,1,0,0.6961152424967689,1,5462,17,0,0,0,0,0
d000138,c_elena,1,med-features-v1,7252,1,414.00694444444446,2848,0,192,0,6.87911166278075,0.0020833333333333333,1,0,6180,0,1,1,5,1,2848,1.0,1.0,1,0.4545454545454546,0.8,1,0,0.8304388881188309,1,2848,17,0,0,0,0,0
d000138,c_taylor,2,med-features-v1,7252,1,414.00694444444446,2612,0,176,0,6.309072915443581,0.0020833333333333333,1,0,6180,0,1,1,5,1,2612,1.0,1.0,1,0.3846153846153846,0.33333333333333337,1,0,0.8335533660810234,1,2612,17,0,0,0,0,0
d000138,c_chris,3,med-features-v1,7252,1,414.00694444444446,2848,236,192,16,6.87911166278075,0.0020833333333333333,1,0,6180,0,1,1,5,1,2848,1.0,1.0,1,0.33333333333333337,0.33333333333333337,1,0,0.8224259933348262,1,3084,17,0,0,0,0,0
d000138,c_lena,4,med-features-v1,7252,1,414.00694444444446,236,0,16,0,0.5700387473371689,4.999305555555556,1,0,6180,0,1,1,5,1,236,1.0,1.0,1,0.4545454545454546,0.8,1,0,0.8309708562193973,1,236,17,0,0,0,0,0
d000046,c_chris,0,med-features-v1,7254,1,414.0138888888889,2850,236,192,16,6.8838270321043975,0.00625,1,0,6182,0,1,1,5,1,2850,0.75,1.0,1,0.33333333333333337,0.33333333333333337,1,0,0.2013794468449466,1,3086,16,0,0,0,0,0
d000046,c_noah,1,med-features-v1,7254,1,414.0138888888889,2854,2614,192,176,6.893488543728404,0.005902777777777778,1,0,6182,0,1,1,5,1,2850,0.75,0.9985984583041345,1,0.2727272727272727,0.2727272727272727,1,0,0.11713829531651533,1,5466,16,0,0,0,0,0
d000046,c_elena,2,med-features-v1,7254,1,414.0138888888889,2850,0,192,0,6.8838270321043975,0.00625,1,0,6182,0,1,1,5,1,2850,0.75,1.0,1,0.4545454545454546,0.8,1,0,0.16433557427558487,1,2850,16,0,0,0,0,0
d000046,c_marcus,3,med-features-v1,7254,1,414.0138888888889,236,0,16,0,0.5700291858163642,4.999305555555556,1,0,6182,0,1,1,5,1,236,0.75,1.0,1,0.3076923076923077,0.33333333333333337,1,0,0.7876884236788964,1,236,16,0,0,0,0,0
d000046,c_lee,4,med-features-v1,7254,1,414.0138888888889,356,356,24,24,0.8598745345365493,0.8878472222222222,1,0,356,0,1,0,5,1,0,0.0,0.0,1,0.4545454545454546,0.5,1,0,0.006978761357691628,1,712,16,0,0,0,0,0
d000896,c_noah,0,med-features-v1,593,1,414.0072916666667,593,593,40,40,1.4323419223192022,0.00034722222222222224,1,0,593,0,1,1,3,1,237,1.0,0.3996627318718381,1,0.2727272727272727,0.2727272727272727,1,0,0.6060652432260363,1,1186,16,0,0,0,0,0
d000896,c_taylor,1,med-features-v1,593,1,414.0072916666667,237,0,16,0,0.5724536856486525,0.0006944444444444445,1,0,593,0,1,1,3,1,237,1.0,1.0,1,0.3846153846153846,0.33333333333333337,1,0,0.8205078180180879,1,237,16,0,0,0,0,0
d000896,c_chris,2,med-features-v1,593,1,414.0072916666667,237,0,16,0,0.5724536856486525,0.0006944444444444445,1,0,593,0,1,1,3,1,237,1.0,1.0,1,0.33333333333333337,0.33333333333333337,1,0,0.8205078180180879,1,237,16,0,0,0,0,0
d000897,c_morgan_zhao,0,med-features-v1,7260,1,414.11805555555554,236,236,16,16,0.5698858014857545,4.998958333333333,1,0,6188,0,1,1,1,0,0,0.0,0.0,1,0.8181818181818181,0.8181818181818181,1,1,0.6299443757341665,1,472,15,0,0,0,0,0
d000898,c_noah,0,med-features-v1,7266,1,415.0,2856,2614,192,176,6.881927710843374,0.9854166666666667,1,0,6194,0,1,1,4,1,2852,1.0,0.9985994397759104,1,0.2727272727272727,0.2727272727272727,1,0,0.6525065183787152,1,5468,17,0,0,0,0,0
d000898,c_elena,1,med-features-v1,7266,1,415.0,2852,0,192,0,6.872289156626506,0.9854166666666667,1,0,6194,0,1,1,4,1,2852,1.0,1.0,1,0.4545454545454546,0.8,1,0,0.8115555992262578,1,2852,17,0,0,0,0,0
d000898,c_taylor,2,med-features-v1,7266,1,415.0,2614,0,176,0,6.298795180722892,0.9923611111111111,1,0,6194,0,1,1,4,1,2614,1.0,1.0,1,0.3846153846153846,0.33333333333333337,1,0,0.8148154750778648,1,2614,17,0,0,0,0,0
d000898,c_chris,3,med-features-v1,7266,1,415.0,2852,238,192,16,6.872289156626506,0.9850694444444444,1,0,6194,0,1,1,4,1,2852,1.0,1.0,1,0.33333333333333337,0.33333333333333337,1,0,0.8036080678746614,1,3090,17,0,0,0,0,0
d000092,c_noah,0,med-features-v1,7270,1,415.0027777777778,2860,2618,192,176,6.891520137080742,0.00034722222222222224,1,0,6198,0,1,1,6,1,2856,0.6,0.9986013986013986,1,0.2727272727272727,0.2727272727272727,1,0,0.6961023926573088,1,5476,17,0,0,0,0,0
d000092,c_elena,1,med-features-v1,7270,1,415.0027777777778,2856,0,192,0,6.881881647378531,0.0006944444444444445,1,0,6198,0,1,1,6,1,2856,0.6,1.0,1,0.4545454545454546,0.8,1,0,0.8303806498921141,1,2856,17,0,0,0,0,0
d000092,c_taylor,2,med-features-v1,7270,1,415.0027777777778,2618,0,176,0,6.308391510096987,0.0006944444444444445,1,0,6198,0,1,1,6,1,2618,0.6,1.0,1,0.3846153846153846,0.33333333333333337,1,0,0.8335327409729284,1,2618,17,0,0,0,0,0
d000092,c_chris,3,med-features-v1,7270,1,415.0027777777778,2856,238,192,16,6.881881647378531,0.0006944444444444445,1,0,6198,0,1,1,6,1,2856,0.6,1.0,1,0.33333333333333337,0.33333333333333337,1,0,0.8222726715347967,1,3094,17,0,0,0,0,0
d000092,c_morgan_zhao,4,med-features-v1,7270,1,415.0027777777778,238,238,16,16,0.5734901372815443,0.8836805555555556,1,0,6198,0,1,1,6,1,0,0.0,0.0,1,0.8181818181818181,0.8181818181818181,1,1,0.0113743434969503,1,476,17,0,0,0,0,0
d000092,c_ren,5,med-features-v1,7270,1,415.0027777777778,356,356,24,24,0.8578255834967637,1.8628472222222223,1,0,356,0,1,0,6,1,0,0.0,0.0,1,0.4545454545454546,0.5,1,0,0.011316554686843389,1,712,17,0,0,0,0,0
d000899,c_noah,0,med-features-v1,7273,1,415.0048611111111,2863,2621,192,176,6.898714372488944,0.00034722222222222224,1,0,6201,0,1,1,4,1,2859,1.0,0.9986028641285365,1,0.2727272727272727,0.2727272727272727,1,0,0.6961786065981151,1,5482,17,0,0,0,0,0
d000899,c_elena,1,med-features-v1,7273,1,415.0048611111111,2859,0,192,0,6.889075931172158,0.0006944444444444445,1,0,6201,0,1,1,4,1,2859,1.0,1.0,1,0.4545454545454546,0.8,1,0,0.8305204210973473,1,2859,17,0,0,0,0,0
d000899,c_taylor,2,med-features-v1,7273,1,415.0048611111111,2621,0,176,0,6.315588672823444,0.0006944444444444445,1,0,6201,0,1,1,4,1,2621,1.0,1.0,1,0.3846153846153846,0.33333333333333337,1,0,0.833667096050948,1,2621,17,0,0,0,0,0
d000899,c_chris,3,med-features-v1,7273,1,415.0048611111111,2859,238,192,16,6.889075931172158,0.0006944444444444445,1,0,6201,0,1,1,4,1,2859,1.0,1.0,1,0.33333333333333337,0.33333333333333337,1,0,0.8224291124814971,1,3097,17,0,0,0,0,0
d000900,c_alex_chan,0,med-features-v1,7276,1,415.0833333333333,356,356,24,24,0.8576591045974704,1.9989583333333334,1,0,6204,0,1,1,1,0,0,0.0,0.0,1,0.8888888888888888,0.8888888888888888,1,1,0.5905833733467599,1,712,18,0,0,0,0,0
d000901,c_lee,0,med-features-v1,7282,1,415.125,356,356,24,24,0.8575730201746462,1.9989583333333334,1,0,356,0,1,0,1,0,0,0.0,0.0,1,0.4545454545454546,0.5,1,0,0.5811022213714673,1,712,16,0,0,0,0,0
d000902,c_fac_001,0,med-features-v1,7288,1,415.15972222222223,59,59,4,4,0.14211397889032,6.9996527777777775,1,0,6210,0,1,1,1,0,0,0.0,0.0,1,0.75,0.75,1,0,0.6812715700619422,1,118,18,0,0,0,0,0
d000903,c_noah,0,med-features-v1,7294,1,416.00138888888887,2866,2624,192,176,6.889400075453808,0.00034722222222222224,1,0,6216,0,1,1,4,1,2862,1.0,0.9986043265875785,1,0.2727272727272727,0.2727272727272727,1,0,0.6960913721662593,1,5488,17,0,0,0,0,0
d000903,c_elena,1,med-features-v1,7294,1,416.00138888888887,2862,0,192,0,6.879784722940963,0.0006944444444444445,1,0,6216,0,1,1,4,1,2862,1.0,1.0,1,0.4545454545454546,0.8,1,0,0.8303747620436654,1,2862,17,0,0,0,0,0
d000903,c_taylor,2,med-features-v1,7294,1,416.00138888888887,2624,0,176,0,6.307671248426655,0.0006944444444444445,1,0,6216,0,1,1,4,1,2624,1.0,1.0,1,0.3846153846153846,0.33333333333333337,1,0,0.8335122090082838,1,2624,17,0,0,0,0,0
d000903,c_chris,3,med-features-v1,7294,1,416.00138888888887,2862,238,192,16,6.879784722940963,0.0006944444444444445,1,0,6216,0,1,1,4,1,2862,1.0,1.0,1,0.33333333333333337,0.33333333333333337,1,0,0.8223027090531282,1,3100,17,0,0,0,0,0
d000904,c_noah,0,med-features-v1,7300,1,416.00694444444446,2872,2630,192,176,6.903730907269844,0.001736111111111111,1,0,6222,0,1,1,5,1,2868,1.0,0.9986072423398329,1,0.2727272727272727,0.2727272727272727,1,0,0.6525414286570407,1,5500,17,0,0,0,0,0
d000904,c_elena,1,med-features-v1,7300,1,416.00694444444446,2868,0,192,0,6.894115683165011,0.0020833333333333333,1,0,6222,0,1,1,5,1,2868,1.0,1.0,1,0.4545454545454546,0.8,1,0,0.8116525090388689,1,2868,17,0,0,0,0,0
d000904,c_taylor,2,med-features-v1,7300,1,416.00694444444446,2630,0,176,0,6.322009848927468,0.0020833333333333333,1,0,6222,0,1,1,5,1,2630,1.0,1.0,1,0.3846153846153846,0.33333333333333337,1,0,0.8148747292193336,1,2630,17,0,0,0,0,0
d000904,c_chris,3,med-features-v1,7300,1,416.00694444444446,2868,238,192,16,6.894115683165011,0.0020833333333333333,1,0,6222,0,1,1,5,1,2868,1.0,1.0,1,0.33333333333333337,0.33333333333333337,1,0,0.8037974152354922,1,3106,17,0,0,0,0,0
d000904,c_lena,4,med-features-v1,7300,1,416.00694444444446,238,0,16,0,0.5721058342375428,1.9993055555555554,1,0,6222,0,1,1,5,1,238,1.0,1.0,1,0.4545454545454546,0.8,1,0,0.8145263306092994,1,238,17,0,0,0,0,0
d000905,c_marcus,0,med-features-v1,359,1,416.0,119,119,8,8,0.2860576923076923,2.999652777777778,1,0,359,0,1,1,1,0,0,0.0,0.0,1,0.3076923076923077,0.33333333333333337,1,0,0.7411356975744777,1,238,19,0,0,0,0,0
d000906,c_morgan_zhao,0,med-features-v1,7309,1,416.11875,239,239,16,16,0.5743552771895042,0.00034722222222222224,1,0,6231,0,1,1,1,0,0,0.0,0.0,1,0.8181818181818181,0.8181818181818181,1,1,0.6041539793461734,1,478,14,0,0,0,0,0
d000907,c_noah,0,med-features-v1,7315,1,417.00069444444443,2877,2633,192,176,6.899269085949431,0.00034722222222222224,1,0,6237,0,1,1,4,1,2873,1.0,0.9986096628432395,1,0.2727272727272727,0.2727272727272727,1,0,0.6528035943081513,1,5508,17,0,0,0,0,0
d000907,c_elena,1,med-features-v1,7315,1,417.00069444444443,2873,0,192,0,6.889676775784746,0.0006944444444444445,1,0,6237,0,1,1,4,1,2873,1.0,1.0,1,0.4545454545454546,0.8,1,0,0.8120582259703548,1,2873,17,0,0,0,0,0
d000907,c_taylor,2,med-features-v1,7315,1,417.00069444444443,2633,0,176,0,6.3141381659036675,0.0006944444444444445,1,0,6237,0,1,1,4,1,2633,1.0,1.0,1,0.3846153846153846,0.33333333333333337,1,0,0.815338734533361,1,2633,17,0,0,0,0,0
d000907,c_chris,3,med-features-v1,7315,1,417.00069444444443,2873,240,192,16,6.889676775784746,0.0006944444444444445,1,0,6237,0,1,1,4,1,2873,1.0,1.0,1,0.33333333333333337,0.33333333333333337,1,0,0.8040935999660285,1,3113,17,0,0,0,0,0
d000908,c_noah,0,med-features-v1,7321,1,417.0048611111111,2883,2639,192,176,6.913588470691289,0.00034722222222222224,1,0,6243,0,1,1,4,1,2879,1.0,0.9986125563648977,1,0.2727272727272727,0.2727272727272727,1,0,0.6531611465970765,1,5520,17,0,0,0,0,0
d000908,c_elena,1,med-features-v1,7321,1,417.0048611111111,2879,0,192,0,6.9039962563719115,0.0006944444444444445,1,0,6243,0,1,1,4,1,2879,1.0,1.0,1,0.4545454545454546,0.8,1,0,0.8126872079816516,1,2879,17,0,0,0,0,0
d000908,c_taylor,2,med-features-v1,7321,1,417.0048611111111,2639,0,176,0,6.328463397209266,0.0006944444444444445,1,0,6243,0,1,1,4,1,2639,1.0,1.0,1,0.3846153846153846,0.33333333333333337,1,0,0.8159614734272668,1,2639,17,0,0,0,0,0
d000908,c_chris,3,med-features-v1,7321,1,417.0048611111111,2879,240,192,16,6.9039962563719115,0.0006944444444444445,1,0,6243,0,1,1,4,1,2879,1.0,1.0,1,0.33333333333333337,0.33333333333333337,1,0,0.804751221331245,1,3119,17,0,0,0,0,0
d000909,c_maya,0,med-features-v1,299,1,415.95104166666664,299,299,20,20,0.7188345984227912,0.9503472222222222,1,0,299,0,1,1,1,0,0,0.0,0.0,1,0.33333333333333337,0.5,1,0,0.5783788731328818,1,598,15,0,0,0,0,0
d000910,c_morgan_shaw,0,med-features-v1,7330,1,417.09791666666666,359,359,24,24,0.8607091660131764,0.00034722222222222224,1,0,6252,0,1,1,1,0,0,0.0,0.0,1,0.8181818181818181,0.8181818181818181,1,1,0.5708202688100064,1,718,17,0,0,0,0,0
d000911,c_ren,0,med-features-v1,7336,1,417.13958333333335,359,359,24,24,0.8606231926763124,0.00034722222222222224,1,0,359,0,1,0,1,0,0,0.0,0.0,1,0.4545454545454546,0.5,1,0,0.724793153742214,1,718,14,0,0,0,0,0
d000912,c_noah,0,med-features-v1,7342,1,420.00138888888887,2886,2642,192,176,6.871405848525633,0.00034722222222222224,1,0,6258,0,1,1,4,1,2882,1.0,0.9986139986139986,1,0.2727272727272727,0.2727272727272727,1,0,0.6954131853886892,1,5526,17,0,0,0,0,0
d000912,c_elena,1,med-features-v1,7342,1,420.00138888888887,2882,0,192,0,6.861882070495799,0.0006944444444444445,1,0,6258,0,1,1,4,1,2882,1.0,1.0,1,0.4545454545454546,0.8,1,0,0.8291796751052614,1,2882,17,0,0,0,0,0
d000912,c_taylor,2,med-features-v1,7342,1,420.00138888888887,2642,0,176,0,6.290455388705725,0.0006944444444444445,1,0,6258,0,1,1,4,1,2642,1.0,1.0,1,0.3846153846153846,0.33333333333333337,1,0,0.8323010057097824,1,2642,17,0,0,0,0,0
d000912,c_chris,3,med-features-v1,7342,1,420.00138888888887,2882,240,192,16,6.861882070495799,0.0006944444444444445,1,0,6258,0,1,1,4,1,2882,1.0,1.0,1,0.33333333333333337,0.33333333333333337,1,0,0.8211002568001826,1,3122,17,0,0,0,0,0
d000067,c_fac_003,0,med-features-v1,7348,1,420.0208333333333,60,60,4,4,0.1428500570408214,2.846875,1,0,6264,0,1,1,1,0,0,0.0,0.0,1,0.75,0.75,1,0,0.018452728242080493,1,120,18,0,0,0,0,0
d000913,c_priya,0,med-features-v1,7349,1,420.0215277777778,361,361,24,24,0.8594797555019501,0.00034722222222222224,1,0,6265,0,1,1,2,1,361,1.0,1.0,1,0.4545454545454546,0.4,1,0,0.7065049758471549,1,722,18,0,0,0,0,0
d000913,c_quinn,1,med-features-v1,7349,1,420.0215277777778,361,0,24,0,0.8594797555019501,0.0006944444444444445,1,0,6265,0,1,1,2,1,361,1.0,1.0,1,0.2727272727272727,0.19999999999999996,1,0,0.7922750842954499,1,361,18,0,0,0,0,0
d000914,c_jamie_lee,0,med-features-v1,7352,1,420.09027777777777,360,360,24,24,0.8569586563734647,2.9989583333333334,1,0,6268,0,1,1,1,0,0,0.0,0.0,1,0.7777777777777778,0.7777777777777778,1,0,0.614210881345882,1,720,18,0,0,0,0,0
d000915,c_pat,0,med-features-v1,7359,1,420.1326388888889,361,361,24,24,0.8592524516893639,0.00034722222222222224,1,0,361,0,1,0,1,0,0,0.0,0.0,1,0.33333333333333337,0.33333333333333337,1,0,0.6995423415113555,1,722,14,0,0,0,0,0
d000916,c_fac_014,0,med-features-v1,7365,1,420.25,60,60,4,4,0.14277215942891136,6.9996527777777775,1,0,6275,0,1,1,1,0,0,0.0,0.0,1,0.7692307692307692,0.7692307692307692,1,0,0.723013608350066,1,120,16,0,0,0,0,0
d000917,c_noah,0,med-features-v1,7371,1,421.00347222222223,2897,2653,192,176,6.881178401471352,0.00034722222222222224,1,0,6281,0,1,1,4,1,2893,1.0,0.9986192613047981,1,0.2727272727272727,0.2727272727272727,1,0,0.6537025419922775,1,5548,17,0,0,0,0,0
d000917,c_elena,1,med-features-v1,7371,1,421.00347222222223,2893,0,192,0,6.871677292183853,0.0006944444444444445,1,0,6281,0,1,1,4,1,2893,1.0,1.0,1,0.4545454545454546,0.8,1,0,0.8136497828348647,1,2893,17,0,0,0,0,0
d000917,c_taylor,2,med-features-v1,7371,1,421.00347222222223,2653,0,176,0,6.301610734933896,0.0006944444444444445,1,0,6281,0,1,1,4,1,2653,1.0,1.0,1,0.3846153846153846,0.33333333333333337,1,0,0.816902939355883,1,2653,17,0,0,0,0,0
d000917,c_chris,3,med-features-v1,7371,1,421.00347222222223,2893,240,192,16,6.871677292183853,0.0006944444444444445,1,0,6281,0,1,1,4,1,2893,1.0,1.0,1,0.33333333333333337,0.33333333333333337,1,0,0.8057850740280547,1,3133,17,0,0,0,0,0
d000918,c_chris,0,med-features-v1,7377,1,421.01458333333335,2899,241,192,16,6.885747227679167,0.00034722222222222224,1,0,6287,0,1,1,4,1,2899,1.0,1.0,1,0.33333333333333337,0.33333333333333337,1,0,0.20233614888315424,1,3140,16,0,0,0,0,0
d000918,c_noah,1,med-features-v1,7377,1,421.01458333333335,2903,2658,192,176,6.895248086220291,0.0006944444444444445,1,0,6287,0,1,1,4,1,2899,1.0,0.998622115053393,1,0.2727272727272727,0.2727272727272727,1,0,0.1175469925567843,1,5559,16,0,0,0,0,0
d000918,c_elena,2,med-features-v1,7377,1,421.01458333333335,2899,0,192,0,6.885747227679167,0.0006944444444444445,1,0,6287,0,1,1,4,1,2899,1.0,1.0,1,0.4545454545454546,0.8,1,0,0.1650591203720389,1,2899,16,0,0,0,0,0
d000918,c_marcus,3,med-features-v1,7377,1,421.01458333333335,241,0,16,0,0.5724267271026835,0.0006944444444444445,1,0,6287,0,1,1,4,1,241,1.0,1.0,1,0.3076923076923077,0.33333333333333337,1,0,0.79367500567082,1,241,16,0,0,0,0,0
d000919,c_jamie_li,0,med-features-v1,7380,1,421.1111111111111,240,240,16,16,0.5699208443271768,4.998958333333333,1,0,6290,0,1,1,1,0,0,0.0,0.0,1,0.7777777777777778,0.7777777777777778,1,0,0.6155848895554846,1,480,14,0,0,0,0,0
d000920,c_fac_015,0,med-features-v1,7387,1,421.25694444444446,60,60,4,4,0.14243088640147705,6.9996527777777775,1,0,6297,0,1,1,1,0,0,0.0,0.0,1,0.7692307692307692,0.7692307692307692,1,0,0.6878511798501308,1,120,16,0,0,0,0,0
d000921,c_noah,0,med-features-v1,7393,1,422.00347222222223,2909,2663,192,176,6.893308210668356,0.00034722222222222224,1,0,6303,0,1,1,4,1,2905,1.0,0.9986249570299072,1,0.2727272727272727,0.2727272727272727,1,0,0.6954649734580793,1,5570,17,0,0,0,0,0
d000921,c_elena,1,med-features-v1,7393,1,422.00347222222223,2905,0,192,0,6.883829615672593,0.0006944444444444445,1,0,6303,0,1,1,4,1,2905,1.0,1.0,1,0.4545454545454546,0.8,1,0,0.8292669381221432,1,2905,17,0,0,0,0,0
d000921,c_taylor,2,med-features-v1,7393,1,422.00347222222223,2663,0,176,0,6.3103746184289555,0.0006944444444444445,1,0,6303,0,1,1,4,1,2663,1.0,1.0,1,0.3846153846153846,0.33333333333333337,1,0,0.8323825401824512,1,2663,17,0,0,0,0,0
d000921,c_chris,3,med-features-v1,7393,1,422.00347222222223,2905,242,192,16,6.883829615672593,0.0006944444444444445,1,0,6303,0,1,1,4,1,2905,1.0,1.0,1,0.33333333333333337,0.33333333333333337,1,0,0.8211859386054638,1,3147,17,0,0,0,0,0
d000922,c_elena,0,med-features-v1,3391,1,422.028125,605,605,40,40,1.4335537471584388,0.00034722222222222224,1,0,3391,0,1,1,3,1,363,1.0,0.6,1,0.4545454545454546,0.8,1,0,0.6622908045769828,1,1210,17,0,0,0,0,0
d000922,c_taylor,1,med-features-v1,3391,1,422.028125,483,120,32,8,1.1444734874008693,0.0006944444444444445,1,0,3391,0,1,1,3,1,363,1.0,0.7515527950310559,1,0.3846153846153846,0.33333333333333337,1,0,0.7954094886931877,1,603,17,0,0,0,0,0
d000922,c_lena,2,med-features-v1,3391,1,422.028125,363,0,24,0,0.8601322482950633,0.0006944444444444445,1,0,3391,0,1,1,3,1,363,1.0,1.0,1,0.4545454545454546,0.8,1,0,0.8424781195717362,1,363,17,0,0,0,0,0
d000923,c_jamie_lee,0,med-features-v1,7401,1,422.0909722222222,363,363,24,24,0.8600041789306215,0.00034722222222222224,1,0,6311,0,1,1,1,0,0,0.0,0.0,1,0.7777777777777778,0.7777777777777778,1,0,0.6173850289711013,1,726,18,0,0,0,0,0
d000924,c_pat,0,med-features-v1,7407,1,422.1326388888889,363,363,24,24,0.8599192920866434,0.00034722222222222224,1,0,363,0,1,0,1,0,0,0.0,0.0,1,0.33333333333333337,0.33333333333333337,1,0,0.6056009579029666,1,726,16,0,0,0,0,0
d000925,c_noah,0,med-features-v1,7414,1,423.0,2912,2666,192,176,6.884160756501182,0.9947916666666666,1,0,6318,0,1,1,4,1,2908,1.0,0.9986263736263736,1,0.2727272727272727,0.2727272727272727,1,0,0.6534647012540815,1,5576,17,0,0,0,0,0
d000925,c_elena,1,med-features-v1,7414,1,423.0,2908,0,192,0,6.874704491725768,0.9951388888888889,1,0,6318,0,1,1,4,1,2908,1.0,1.0,1,0.4545454545454546,0.8,1,0,0.8132183788471106,1,2908,17,0,0,0,0,0
d000925,c_taylor,2,med-features-v1,7414,1,423.0,2666,0,176,0,6.302600472813239,0.9951388888888889,1,0,6318,0,1,1,4,1,2666,1.0,1.0,1,0.3846153846153846,0.33333333333333337,1,0,0.8164943881500261,1,2666,17,0,0,0,0,0
d000925,c_chris,3,med-features-v1,7414,1,423.0,2908,242,192,16,6.874704491725768,0.9951388888888889,1,0,6318,0,1,1,4,1,2908,1.0,1.0,1,0.33333333333333337,0.33333333333333337,1,0,0.8053109751366981,1,3150,17,0,0,0,0,0
d000926,c_noah,0,med-features-v1,7420,1,423.00416666666666,2918,2672,192,176,6.898277203731248,0.00034722222222222224,1,0,6324,0,1,1,4,1,2914,1.0,0.9986291980808774,1,0.2727272727272727,0.2727272727272727,1,0,0.6533050971111404,1,5588,17,0,0,0,0,0
d000926,c_elena,1,med-features-v1,7420,1,423.00416666666666,2914,0,192,0,6.888821032101733,0.0006944444444444445,1,0,6324,0,1,1,4,1,2914,1.0,1.0,1,0.4545454545454546,0.8,1,0,0.8129575690582033,1,2914,17,0,0,0,0,0
d000926,c_taylor,2,med-features-v1,7420,1,423.00416666666666,2672,0,176,0,6.316722648516071,0.0006944444444444445,1,0,6324,0,1,1,4,1,2672,1.0,1.0,1,0.3846153846153846,0.33333333333333337,1,0,0.8162157213240125,1,2672,17,0,0,0,0,0
d000926,c_chris,3,med-features-v1,7420,1,423.00416666666666,2914,242,192,16,6.888821032101733,0.0006944444444444445,1,0,6324,0,1,1,4,1,2914,1.0,1.0,1,0.33333333333333337,0.33333333333333337,1,0,0.8050871610585439,1,3156,17,0,0,0,0,0
d000047,c_chris,0,med-features-v1,7425,1,423.01458333333335,2919,243,192,16,6.900471319448206,0.00034722222222222224,1,0,6329,0,1,1,5,1,2919,0.75,1.0,1,0.33333333333333337,0.33333333333333337,1,0,0.19515499328693386,1,3162,21,0,0,0,0,0
d000047,c_noah,1,med-features-v1,7425,1,423.01458333333335,2923,2676,192,176,6.9099272582210025,0.0006944444444444445,1,0,6329,0,1,1,5,1,2919,0.75,0.9986315429353404,1,0.2727272727272727,0.2727272727272727,1,0,0.10382792602265062,1,5597,21,0,0,0,0,0
d000047,c_elena,2,med-features-v1,7425,1,423.01458333333335,2919,0,192,0,6.900471319448206,0.0006944444444444445,1,0,6329,0,1,1,5,1,2919,0.75,1.0,1,0.4545454545454546,0.8,1,0,0.14942319966220055,1,2919,21,0,0,0,0,0
d000047,c_marcus,3,med-features-v1,7425,1,423.01458333333335,243,0,16,0,0.574448280447384,0.0006944444444444445,1,0,6329,0,1,1,5,1,243,0.75,1.0,1,0.3076923076923077,0.33333333333333337,1,0,0.8315458039004323,1,243,21,0,0,0,0,0
d000047,c_pat,4,med-features-v1,7425,1,423.01458333333335,364,364,24,24,0.8604904283244765,0.8815972222222223,1,0,364,0,1,0,5,1,0,0.0,0.0,1,0.33333333333333337,0.33333333333333337,1,0,0.005699494036799439,1,728,21,0,0,0,0,0
d000927,c_noah,0,med-features-v1,607,1,423.0072916666667,607,607,40,40,1.4349634437940637,0.00034722222222222224,1,0,607,0,1,1,3,1,243,1.0,0.400329489291598,1,0.2727272727272727,0.2727272727272727,1,0,0.5777917483850288,1,1214,16,0,0,0,0,0
d000927,c_taylor,1,med-features-v1,607,1,423.0072916666667,243,0,16,0,0.5744581826061903,0.0006944444444444445,1,0,607,0,1,1,3,1,243,1.0,1.0,1,0.3846153846153846,0.33333333333333337,1,0,0.8205490484602608,1,243,16,0,0,0,0,0
d000927,c_chris,2,med-features-v1,607,1,423.0072916666667,243,0,16,0,0.5744581826061903,0.0006944444444444445,1,0,607,0,1,1,3,1,243,1.0,1.0,1,0.33333333333333337,0.33333333333333337,1,0,0.8205490484602608,1,243,16,0,0,0,0,0
d000928,c_jamie_li,0,med-features-v1,7429,1,423.1118055555556,243,243,16,16,0.5743162842760565,0.00034722222222222224,1,0,6333,0,1,1,1,0,0,0.0,0.0,1,0.7777777777777778,0.7777777777777778,1,0,0.6194118022076174,1,486,15,0,0,0,0,0
d000929,c_fac_017,0,med-features-v1,7435,1,423.2708333333333,60,60,4,4,0.14175321159620025,6.9996527777777775,1,0,6339,0,1,1,1,0,0,0.0,0.0,1,0.8181818181818181,0.8181818181818181,1,1,0.7337750775793322,1,120,16,0,0,0,0,0
d000930,c_noah,0,med-features-v1,7441,1,424.00347222222223,2929,2681,192,176,6.907962297216512,0.00034722222222222224,1,0,6345,0,1,1,4,1,2925,1.0,0.99863434619324,1,0.2727272727272727,0.2727272727272727,1,0,0.6955895987098083,1,5608,17,0,0,0,0,0
d000930,c_elena,1,med-features-v1,7441,1,424.00347222222223,2925,0,192,0,6.898528412208364,0.0006944444444444445,1,0,6345,0,1,1,4,1,2925,1.0,1.0,1,0.4545454545454546,0.8,1,0,0.829477091006883,1,2925,17,0,0,0,0,0
d000930,c_taylor,2,med-features-v1,7441,1,424.00347222222223,2681,0,176,0,6.323061426711325,0.0006944444444444445,1,0,6345,0,1,1,4,1,2681,1.0,1.0,1,0.3846153846153846,0.33333333333333337,1,0,0.8326134687992418,1,2681,17,0,0,0,0,0
d000930,c_chris,3,med-features-v1,7441,1,424.00347222222223,2925,244,192,16,6.898528412208364,0.0006944444444444445,1,0,6345,0,1,1,4,1,2925,1.0,1.0,1,0.33333333333333337,0.33333333333333337,1,0,0.8213659860112148,1,3169,17,0,0,0,0,0
d000931,c_avery,0,med-features-v1,485,1,423.96493055555555,121,121,8,8,0.28540096427655914,2.999652777777778,1,0,485,0,1,1,2,1,121,1.0,1.0,1,0.41666666666666663,0.25,1,0,0.6402794761206256,1,242,19,0,0,0,0,0
d000931,c_devon,1,med-features-v1,485,1,423.96493055555555,121,0,8,0,0.28540096427655914,3.0,1,0,485,0,1,1,2,1,121,1.0,1.0,1,0.4545454545454546,0.4,1,0,0.797747841229885,1,121,19,0,0,0,0,0
d000932,c_jamie_lee,0,med-features-v1,7450,1,424.0909722222222,365,365,24,24,0.8606643949231281,0.00034722222222222224,1,0,6354,0,1,1,1,0,0,0.0,0.0,1,0.7777777777777778,0.7777777777777778,1,0,0.5476700501475926,1,730,17,0,0,0,0,0
d000933,c_pat,0,med-features-v1,7456,1,424.1326388888889,365,365,24,24,0.8605798435041448,0.00034722222222222224,1,0,365,0,1,0,1,0,0,0.0,0.0,1,0.33333333333333337,0.33333333333333337,1,0,0.605542487738614,1,730,16,0,0,0,0,0
d000093,c_noah,0,med-features-v1,7462,1,427.0,2932,2684,192,176,6.866510538641686,2.9947916666666665,1,0,6360,0,1,1,6,1,2928,0.6,0.9986357435197817,1,0.2727272727272727,0.2727272727272727,1,0,0.6955048374406675,1,5614,17,0,0,0,0,0
d000093,c_elena,1,med-features-v1,7462,1,427.0,2928,0,192,0,6.857142857142857,2.995138888888889,1,0,6360,0,1,1,6,1,2928,0.6,1.0,1,0.4545454545454546,0.8,1,0,0.8293354306250307,1,2928,17,0,0,0,0,0
d000093,c_taylor,2,med-features-v1,7462,1,427.0,2684,0,176,0,6.285714285714286,2.995138888888889,1,0,6360,0,1,1,6,1,2684,0.6,1.0,1,0.3846153846153846,0.33333333333333337,1,0,0.8324627808564327,1,2684,17,0,0,0,0,0
d000093,c_chris,3,med-features-v1,7462,1,427.0,2928,244,192,16,6.857142857142857,2.995138888888889,1,0,6360,0,1,1,6,1,2928,0.6,1.0,1,0.33333333333333337,0.33333333333333337,1,0,0.8212431980964545,1,3172,17,0,0,0,0,0
d000093,c_alex_chen,4,med-features-v1,7462,1,427.0,305,305,20,20,0.7142857142857143,2.944097222222222,1,0,6360,0,1,1,6,1,0,0.0,0.0,1,0.8888888888888888,0.8888888888888888,1,1,0.013838085410633126,1,610,17,0,0,0,0,0
d000093,c_lee,5,med-features-v1,7462,1,427.0,366,366,24,24,0.8571428571428571,2.8739583333333334,1,0,366,0,1,0,6,1,0,0.0,0.0,1,0.4545454545454546,0.5,1,0,0.011321817451033889,1,732,17,0,0,0,0,0
d000934,c_noah,0,med-features-v1,7463,1,427.00069444444443,2933,2685,192,176,6.868841287989058,0.00034722222222222224,1,0,6361,0,1,1,4,1,2929,1.0,0.998636208660075,1,0.2727272727272727,0.2727272727272727,1,0,0.6955831709274137,1,5616,17,0,0,0,0,0
d000934,c_elena,1,med-features-v1,7463,1,427.00069444444443,2929,0,192,0,6.859473621725179,0.0006944444444444445,1,0,6361,0,1,1,4,1,2929,1.0,1.0,1,0.4545454545454546,0.8,1,0,0.8294745587244879,1,2929,17,0,0,0,0,0
d000934,c_taylor,2,med-features-v1,7463,1,427.00069444444443,2685,0,176,0,6.288045979628579,0.0006944444444444445,1,0,6361,0,1,1,4,1,2685,1.0,1.0,1,0.3846153846153846,0.33333333333333337,1,0,0.8326014290126389,1,2685,17,0,0,0,0,0
d000934,c_chris,3,med-features-v1,7463,1,427.00069444444443,2929,244,192,16,6.859473621725179,0.0006944444444444445,1,0,6361,0,1,1,4,1,2929,1.0,1.0,1,0.33333333333333337,0.33333333333333337,1,0,0.8213868643935137,1,3173,17,0,0,0,0,0
d000935,c_noah,0,med-features-v1,7469,1,427.0048611111111,2939,2691,192,176,6.882825624870912,0.00034722222222222224,1,0,6367,0,1,1,4,1,2935,1.0,0.9986389928547125,1,0.2727272727272727,0.2727272727272727,1,0,0.6955735581127364,1,5628,17,0,0,0,0,0
d000935,c_elena,1,med-features-v1,7469,1,427.0048611111111,2935,0,192,0,6.873458050015694,0.0006944444444444445,1,0,6367,0,1,1,4,1,2935,1.0,1.0,1,0.4545454545454546,0.8,1,0,0.8294707475106926,1,2935,17,0,0,0,0,0
d000935,c_taylor,2,med-features-v1,7469,1,427.0048611111111,2691,0,176,0,6.302035983847439,0.0006944444444444445,1,0,6367,0,1,1,4,1,2691,1.0,1.0,1,0.3846153846153846,0.33333333333333337,1,0,0.8325834356966274,1,2691,17,0,0,0,0,0
d000935,c_chris,3,med-features-v1,7469,1,427.0048611111111,2935,244,192,16,6.873458050015694,0.0006944444444444445,1,0,6367,0,1,1,4,1,2935,1.0,1.0,1,0.33333333333333337,0.33333333333333337,1,0,0.8214179812833708,1,3179,17,0,0,0,0,0
d000936,c_alex_chan,0,med-features-v1,7473,1,427.0840277777778,367,367,24,24,0.85931567590947,0.00034722222222222224,1,0,6371,0,1,1,1,0,0,0.0,0.0,1,0.8888888888888888,0.8888888888888888,1,1,0.5695122528575367,1,734,17,0,0,0,0,0
d000937,c_lee,0,med-features-v1,7479,1,427.12569444444443,367,367,24,24,0.8592318485483554,0.00034722222222222224,1,0,367,0,1,0,1,0,0,0.0,0.0,1,0.4545454545454546,0.5,1,0,0.5805387162695113,1,734,16,0,0,0,0,0
d000938,c_fac_004,0,med-features-v1,7485,1,427.18055555555554,61,61,4,4,0.14279676171278083,6.9996527777777775,1,0,6377,0,1,1,1,0,0,0.0,0.0,1,0.75,0.75,1,0,0.6158714874867799,1,122,16,0,0,0,0,0
d000939,c_noah,0,med-features-v1,7491,1,428.00208333333336,2943,2695,192,176,6.876134754016968,0.00034722222222222224,1,0,6383,0,1,1,4,1,2939,1.0,0.9986408426775399,1,0.2727272727272727,0.2727272727272727,1,0,0.695567168732857,1,5636,17,0,0,0,0,0
d000939,c_elena,1,med-features-v1,7491,1,428.00208333333336,2939,0,192,0,6.866789005115824,0.0006944444444444445,1,0,6383,0,1,1,4,1,2939,1.0,1.0,1,0.4545454545454546,0.8,1,0,0.8294681983090394,1,2939,17,0,0,0,0,0
d000939,c_taylor,2,med-features-v1,7491,1,428.00208333333336,2695,0,176,0,6.2966983221460175,0.0006944444444444445,1,0,6383,0,1,1,4,1,2695,1.0,1.0,1,0.3846153846153846,0.33333333333333337,1,0,0.8325714841679869,1,2695,17,0,0,0,0,0
d000939,c_chris,3,med-features-v1,7491,1,428.00208333333336,2939,244,192,16,6.866789005115824,0.0006944444444444445,1,0,6383,0,1,1,4,1,2939,1.0,1.0,1,0.33333333333333337,0.33333333333333337,1,0,0.8214385930472884,1,3183,17,0,0,0,0,0
d000940,c_noah,0,med-features-v1,7497,1,428.0076388888889,2949,2701,192,176,6.890063942913791,0.00034722222222222224,1,0,6389,0,1,1,5,1,2945,1.0,0.9986436080027128,1,0.2727272727272727,0.2727272727272727,1,0,0.6532748447429393,1,5648,17,0,0,0,0,0
d000940,c_elena,1,med-features-v1,7497,1,428.0076388888889,2945,0,192,0,6.880718315320826,0.0006944444444444445,1,0,6389,0,1,1,5,1,2945,1.0,1.0,1,0.4545454545454546,0.8,1,0,0.8129228864780369,1,2945,17,0,0,0,0,0
d000940,c_taylor,2,med-features-v1,7497,1,428.0076388888889,2701,0,176,0,6.310635032149932,0.0006944444444444445,1,0,6389,0,1,1,5,1,2701,1.0,1.0,1,0.3846153846153846,0.33333333333333337,1,0,0.8161581385183054,1,2701,17,0,0,0,0,0
d000940,c_chris,3,med-features-v1,7497,1,428.0076388888889,2945,244,192,16,6.880718315320826,0.0006944444444444445,1,0,6389,0,1,1,5,1,2945,1.0,1.0,1,0.33333333333333337,0.33333333333333337,1,0,0.8050872775465991,1,3189,17,0,0,0,0,0
d000940,c_lena,4,med-features-v1,7497,1,428.0076388888889,245,0,16,0,0.572419690069135,0.0006944444444444445,1,0,6389,0,1,1,5,1,245,1.0,1.0,1,0.4545454545454546,0.8,1,0,0.8228534368931519,1,245,17,0,0,0,0,0
d000941,c_alex_chen,0,med-features-v1,7501,1,428.1048611111111,306,306,20,20,0.7147781485260458,0.00034722222222222224,1,0,6393,0,1,1,1,0,0,0.0,0.0,1,0.8888888888888888,0.8888888888888888,1,1,0.6452605727718701,1,612,15,0,0,0,0,0
d000942,c_fac_005,0,med-features-v1,7507,1,428.1875,62,62,4,4,0.14479638009049775,6.9996527777777775,1,0,6399,0,1,1,1,0,0,0.0,0.0,1,0.7692307692307692,0.7692307692307692,1,0,0.6290080705877752,1,124,16,0,0,0,0,0
d000943,c_noah,0,med-features-v1,7513,1,429.00208333333336,2955,2705,192,176,6.888078437847524,0.00034722222222222224,1,0,6405,0,1,1,4,1,2951,1.0,0.9986463620981387,1,0.2727272727272727,0.2727272727272727,1,0,0.6955440279896232,1,5658,17,0,0,0,0,0
d000943,c_elena,1,med-features-v1,7513,1,429.00208333333336,2951,0,192,0,6.87875447380306,0.0006944444444444445,1,0,6405,0,1,1,4,1,2951,1.0,1.0,1,0.4545454545454546,0.8,1,0,0.8294026434924513,1,2951,17,0,0,0,0,0
d000943,c_taylor,2,med-features-v1,7513,1,429.00208333333336,2705,0,176,0,6.3053306850685455,0.0006944444444444445,1,0,6405,0,1,1,4,1,2705,1.0,1.0,1,0.3846153846153846,0.33333333333333337,1,0,0.8325417582740295,1,2705,17,0,0,0,0,0
d000943,c_chris,3,med-features-v1,7513,1,429.00208333333336,2951,246,192,16,6.87875447380306,0.0006944444444444445,1,0,6405,0,1,1,4,1,2951,1.0,1.0,1,0.33333333333333337,0.33333333333333337,1,0,0.8212991898377234,1,3197,17,0,0,0,0,0
d000944,c_priya,0,med-features-v1,7519,1,429.0215277777778,369,369,24,24,0.8600966993692041,0.00034722222222222224,1,0,6411,0,1,1,2,1,369,1.0,1.0,1,0.4545454545454546,0.4,1,0,0.6574505962499202,1,738,14,0,0,0,0,0
d000944,c_quinn,1,med-features-v1,7519,1,429.0215277777778,369,0,24,0,0.8600966993692041,0.0006944444444444445,1,0,6411,0,1,1,2,1,369,1.0,1.0,1,0.2727272727272727,0.19999999999999996,1,0,0.807053102247884,1,369,14,0,0,0,0,0
d000945,c_alex_chan,0,med-features-v1,7521,1,429.0840277777778,369,369,24,24,0.8599714184446519,0.00034722222222222224,1,0,6413,0,1,1,1,0,0,0.0,0.0,1,0.8888888888888888,0.8888888888888888,1,1,0.5942320490904516,1,738,18,0,0,0,0,0
d000946,c_pat,0,med-features-v1,7528,1,429.13194444444446,368,368,24,24,0.8575451088275751,1.9989583333333334,1,0,368,0,1,0,1,0,0,0.0,0.0,1,0.33333333333333337,0.33333333333333337,1,0,0.6083208930026489,1,736,16,0,0,0,0,0
d000947,c_fac_011,0,med-features-v1,7534,1,429.2291666666667,61,61,4,4,0.14211522593797019,6.9996527777777775,1,0,6420,0,1,1,1,0,0,0.0,0.0,1,0.6666666666666667,0.6666666666666667,1,0,0.6812146231262165,1,122,16,0,0,0,0,0
d000948,c_noah,0,med-features-v1,7540,1,430.0027777777778,2964,2714,192,176,6.892978727527599,0.00034722222222222224,1,0,6426,0,1,1,4,1,2960,1.0,0.9986504723346828,1,0.2727272727272727,0.2727272727272727,1,0,0.6530479800952341,1,5676,17,0,0,0,0,0
d000948,c_elena,1,med-features-v1,7540,1,430.0027777777778,2960,0,192,0,6.883676462038359,0.0006944444444444445,1,0,6426,0,1,1,4,1,2960,1.0,1.0,1,0.4545454545454546,0.8,1,0,0.812514253745995,1,2960,17,0,0,0,0,0
d000948,c_taylor,2,med-features-v1,7540,1,430.0027777777778,2714,0,176,0,6.311587134450035,0.0006944444444444445,1,0,6426,0,1,1,4,1,2714,1.0,1.0,1,0.3846153846153846,0.33333333333333337,1,0,0.8157596729335466,1,2714,17,0,0,0,0,0
d000948,c_chris,3,med-features-v1,7540,1,430.0027777777778,2960,246,192,16,6.883676462038359,0.0006944444444444445,1,0,6426,0,1,1,4,1,2960,1.0,1.0,1,0.33333333333333337,0.33333333333333337,1,0,0.804626886044603,1,3206,17,0,0,0,0,0
d000949,c_chris,0,med-features-v1,7546,1,430.0138888888889,2966,246,192,16,6.897451632699202,0.00625,1,0,6432,0,1,1,4,1,2966,1.0,1.0,1,0.33333333333333337,0.33333333333333337,1,0,0.19523025508769437,1,3212,21,0,0,0,0,0
d000949,c_noah,1,med-features-v1,7546,1,430.0138888888889,2970,2720,192,176,6.906753657827589,0.005902777777777778,1,0,6432,0,1,1,4,1,2966,1.0,0.9986531986531987,1,0.2727272727272727,0.2727272727272727,1,0,0.10389925504806795,1,5688,21,0,0,0,0,0
d000949,c_elena,2,med-features-v1,7546,1,430.0138888888889,2966,0,192,0,6.897451632699202,0.00625,1,0,6432,0,1,1,4,1,2966,1.0,1.0,1,0.4545454545454546,0.8,1,0,0.14956199131341552,1,2966,21,0,0,0,0,0
d000949,c_marcus,3,med-features-v1,7546,1,430.0138888888889,246,0,16,0,0.5720745453958205,1.9993055555555554,1,0,6432,0,1,1,4,1,246,1.0,1.0,1,0.3076923076923077,0.33333333333333337,1,0,0.83614050487953,1,246,21,0,0,0,0,0
d000950,c_alex_chen,0,med-features-v1,7548,1,430.1041666666667,307,307,20,20,0.7137805764107532,1.9989583333333334,1,0,6434,0,1,1,1,0,0,0.0,0.0,1,0.8888888888888888,0.8888888888888888,1,1,0.6463952117762543,1,614,15,0,0,0,0,0
d000951,c_fac_007,0,med-features-v1,7555,1,430.2013888888889,62,62,4,4,0.14411854912912234,6.9996527777777775,1,0,6441,0,1,1,1,0,0,0.0,0.0,1,0.8461538461538461,0.8461538461538461,1,1,0.6681934841857121,1,124,16,0,0,0,0,0
d000952,c_noah,0,med-features-v1,7561,1,431.00208333333336,2975,2723,192,176,6.902518839332756,0.00034722222222222224,1,0,6447,0,1,1,4,1,2971,1.0,0.998655462184874,1,0.2727272727272727,0.2727272727272727,1,0,0.6956660804539887,1,5696,17,0,0,0,0,0
d000952,c_elena,1,med-features-v1,7561,1,431.00208333333336,2971,0,192,0,6.8932381417336535,0.0006944444444444445,1,0,6447,0,1,1,4,1,2971,1.0,1.0,1,0.4545454545454546,0.8,1,0,0.8296081659387391,1,2971,17,0,0,0,0,0
d000952,c_taylor,2,med-features-v1,7561,1,431.00208333333336,2723,0,176,0,6.317834890589276,0.0006944444444444445,1,0,6447,0,1,1,4,1,2723,1.0,1.0,1,0.3846153846153846,0.33333333333333337,1,0,0.8327679744526612,1,2723,17,0,0,0,0,0
d000952,c_chris,3,med-features-v1,7561,1,431.00208333333336,2971,248,192,16,6.8932381417336535,0.0006944444444444445,1,0,6447,0,1,1,4,1,2971,1.0,1.0,1,0.33333333333333337,0.33333333333333337,1,0,0.8214748752206893,1,3219,17,0,0,0,0,0
d000953,c_priya,0,med-features-v1,7567,1,431.0215277777778,371,371,24,24,0.8607458701953208,0.00034722222222222224,1,0,6453,0,1,1,2,1,371,1.0,1.0,1,0.4545454545454546,0.4,1,0,0.7080069525554765,1,742,18,0,0,0,0,0
d000953,c_quinn,1,med-features-v1,7567,1,431.0215277777778,371,0,24,0,0.8607458701953208,0.0006944444444444445,1,0,6453,0,1,1,2,1,371,1.0,1.0,1,0.2727272727272727,0.19999999999999996,1,0,0.7949633784062778,1,371,18,0,0,0,0,0
d000954,c_alex_chan,0,med-features-v1,7569,1,431.0833333333333,370,370,24,24,0.8583027256910883,1.9989583333333334,1,0,6455,0,1,1,1,0,0,0.0,0.0,1,0.8888888888888888,0.8888888888888888,1,1,0.5953670323432596,1,740,18,0,0,0,0,0
d000955,c_lee,0,med-features-v1,7575,1,431.125,370,370,24,24,0.858219773847492,1.9989583333333334,1,0,370,0,1,0,1,0,0,0.0,0.0,1,0.4545454545454546,0.5,1,0,0.7252684148368637,1,740,14,0,0,0,0,0
d000956,c_fac_008,0,med-features-v1,7582,1,431.2083333333333,62,62,4,4,0.14378200792347087,6.9996527777777775,1,0,6462,0,1,1,1,0,0,0.0,0.0,1,0.7692307692307692,0.7692307692307692,1,0,0.6554517692341625,1,124,16,0,0,0,0,0
d000957,c_noah,0,med-features-v1,7588,1,434.0027777777778,2984,2732,192,176,6.8755320306449645,0.00034722222222222224,1,0,6468,0,1,1,4,1,2980,1.0,0.9986595174262735,1,0.2727272727272727,0.2727272727272727,1,0,0.69588708208571,1,5714,17,0,0,0,0,0
d000957,c_elena,1,med-features-v1,7588,1,434.0027777777778,2980,0,192,0,6.866315499772787,0.0006944444444444445,1,0,6468,0,1,1,4,1,2980,1.0,1.0,1,0.4545454545454546,0.8,1,0,0.8300136408130945,1,2980,17,0,0,0,0,0
d000957,c_taylor,2,med-features-v1,7588,1,434.0027777777778,2732,0,176,0,6.294890585697736,0.0006944444444444445,1,0,6468,0,1,1,4,1,2732,1.0,1.0,1,0.3846153846153846,0.33333333333333337,1,0,0.8331578701618704,1,2732,17,0,0,0,0,0
d000957,c_chris,3,med-features-v1,7588,1,434.0027777777778,2980,248,192,16,6.866315499772787,0.0006944444444444445,1,0,6468,0,1,1,4,1,2980,1.0,1.0,1,0.33333333333333337,0.33333333333333337,1,0,0.8219283919910279,1,3228,17,0,0,0,0,0
d000068,c_fac_004,0,med-features-v1,7592,1,434.0208333333333,62,62,4,4,0.14285028560456967,6.839930555555555,1,0,6472,0,1,1,1,0,0,0.0,0.0,1,0.75,0.75,1,0,0.014811169367091804,1,124,14,0,0,0,0,0
d000958,c_elena,0,med-features-v1,3481,1,434.028125,621,621,40,40,1.4307828553737156,0.00034722222222222224,1,0,3481,0,1,1,3,1,373,1.0,0.6006441223832528,1,0.4545454545454546,0.8,1,0,0.6322264723616271,1,1242,17,0,0,0,0,0
d000958,c_taylor,1,med-features-v1,3481,1,434.028125,497,124,32,8,1.1450870839303329,0.0006944444444444445,1,0,3481,0,1,1,3,1,373,1.0,0.7505030181086519,1,0.3846153846153846,0.33333333333333337,1,0,0.7783734067495578,1,621,17,0,0,0,0,0
d000958,c_lena,2,med-features-v1,3481,1,434.028125,373,0,24,0,0.85939131248695,0.0006944444444444445,1,0,3481,0,1,1,3,1,373,1.0,1.0,1,0.4545454545454546,0.8,1,0,0.8329278653362524,1,373,17,0,0,0,0,0
d000959,c_morgan_shaw,0,med-features-v1,7598,1,434.09722222222223,372,372,24,24,0.8569508878579427,2.9989583333333334,1,0,6478,0,1,1,1,0,0,0.0,0.0,1,0.8181818181818181,0.8181818181818181,1,1,0.5987927024610126,1,744,18,0,0,0,0,0
d000960,c_ren,0,med-features-v1,7604,1,434.1388888888889,372,372,24,24,0.8568686416277432,2.9989583333333334,1,0,372,0,1,0,1,0,0,0.0,0.0,1,0.4545454545454546,0.5,1,0,0.723477910488069,1,744,14,0,0,0,0,0
d000961,c_noah,0,med-features-v1,7611,1,435.00069444444443,2989,2737,192,176,6.871253398382187,0.00034722222222222224,1,0,6485,0,1,1,4,1,2985,1.0,0.9986617597858816,1,0.2727272727272727,0.2727272727272727,1,0,0.6528429322949931,1,5724,17,0,0,0,0,0
d000961,c_elena,1,med-features-v1,7611,1,435.00069444444443,2985,0,192,0,6.862058010763073,0.0006944444444444445,1,0,6485,0,1,1,4,1,2985,1.0,1.0,1,0.4545454545454546,0.8,1,0,0.8121651174803478,1,2985,17,0,0,0,0,0
d000961,c_taylor,2,med-features-v1,7611,1,435.00069444444443,2737,0,176,0,6.291943978378068,0.0006944444444444445,1,0,6485,0,1,1,4,1,2737,1.0,1.0,1,0.3846153846153846,0.33333333333333337,1,0,0.8153981683946916,1,2737,17,0,0,0,0,0
d000961,c_chris,3,med-features-v1,7611,1,435.00069444444443,2985,248,192,16,6.862058010763073,0.0006944444444444445,1,0,6485,0,1,1,4,1,2985,1.0,1.0,1,0.33333333333333337,0.33333333333333337,1,0,0.8042817631727724,1,3233,17,0,0,0,0,0
d000962,c_noah,0,med-features-v1,7617,1,435.0048611111111,2995,2743,192,176,6.884980531826752,0.00034722222222222224,1,0,6491,0,1,1,4,1,2991,1.0,0.9986644407345576,1,0.2727272727272727,0.2727272727272727,1,0,0.6528547374784116,1,5736,17,0,0,0,0,0
d000962,c_elena,1,med-features-v1,7617,1,435.0048611111111,2991,0,192,0,6.87578523228508,0.0006944444444444445,1,0,6491,0,1,1,4,1,2991,1.0,1.0,1,0.4545454545454546,0.8,1,0,0.8121985892458917,1,2991,17,0,0,0,0,0
d000962,c_taylor,2,med-features-v1,7617,1,435.0048611111111,2743,0,176,0,6.305676660701429,0.0006944444444444445,1,0,6491,0,1,1,4,1,2743,1.0,1.0,1,0.3846153846153846,0.33333333333333337,1,0,0.8154181712048858,1,2743,17,0,0,0,0,0
d000962,c_chris,3,med-features-v1,7617,1,435.0048611111111,2991,248,192,16,6.87578523228508,0.0006944444444444445,1,0,6491,0,1,1,4,1,2991,1.0,1.0,1,0.33333333333333337,0.33333333333333337,1,0,0.8043482805377279,1,3239,17,0,0,0,0,0
d000048,c_chris,0,med-features-v1,7621,1,435.01458333333335,2995,249,192,16,6.8848266581101205,0.00034722222222222224,1,0,6495,0,1,1,5,1,2995,0.75,1.0,1,0.33333333333333337,0.33333333333333337,1,0,0.2017644946594097,1,3244,16,0,0,0,0,0
d000048,c_noah,1,med-features-v1,7621,1,435.01458333333335,2999,2746,192,176,6.894021752144324,0.0006944444444444445,1,0,6495,0,1,1,5,1,2995,0.75,0.9986662220740247,1,0.2727272727272727,0.2727272727272727,1,0,0.11727641029912125,1,5743,16,0,0,0,0,0
d000048,c_elena,2,med-features-v1,7621,1,435.01458333333335,2995,0,192,0,6.8848266581101205,0.0006944444444444445,1,0,6495,0,1,1,5,1,2995,0.75,1.0,1,0.4545454545454546,0.8,1,0,0.1645795221413493,1,2995,16,0,0,0,0,0
d000048,c_marcus,3,med-features-v1,7621,1,435.01458333333335,249,0,16,0,0.5723946036291887,0.0006944444444444445,1,0,6495,0,1,1,5,1,249,0.75,1.0,1,0.3076923076923077,0.33333333333333337,1,0,0.7872837129308378,1,249,16,0,0,0,0,0
d000048,c_ren,4,med-features-v1,7621,1,435.01458333333335,374,374,24,24,0.8597412921980585,0.8746527777777777,1,0,374,0,1,0,5,1,0,0.0,0.0,1,0.4545454545454546,0.5,1,0,0.006979658057523967,1,748,16,0,0,0,0,0
d000963,c_avery,0,med-features-v1,498,1,434.96493055555555,124,124,8,8,0.2850804542831119,3.999652777777778,1,0,498,0,1,1,2,1,124,1.0,1.0,1,0.41666666666666663,0.25,1,0,0.6371097659703736,1,248,19,0,0,0,0,0
d000963,c_devon,1,med-features-v1,498,1,434.96493055555555,124,0,8,0,0.2850804542831119,4.0,1,0,498,0,1,1,2,1,124,1.0,1.0,1,0.4545454545454546,0.4,1,0,0.7933042048338316,1,124,19,0,0,0,0,0
d000964,c_morgan_zhao,0,med-features-v1,7627,1,435.11875,249,249,16,16,0.5722575733635933,0.00034722222222222224,1,0,6501,0,1,1,1,0,0,0.0,0.0,1,0.8181818181818181,0.8181818181818181,1,1,0.6075039595942702,1,498,14,0,0,0,0,0
d000965,c_noah,0,med-features-v1,7633,1,436.00069444444443,3001,2747,192,176,6.8830165599252044,0.00034722222222222224,1,0,6507,0,1,1,4,1,2997,1.0,0.9986671109630123,1,0.2727272727272727,0.2727272727272727,1,0,0.6528588219393179,1,5746,17,0,0,0,0,0
d000965,c_elena,1,med-features-v1,7633,1,436.00069444444443,2997,0,192,0,6.873842262611075,0.0006944444444444445,1,0,6507,0,1,1,4,1,2997,1.0,1.0,1,0.4545454545454546,0.8,1,0,0.8121641372933313,1,2997,17,0,0,0,0,0
d000965,c_taylor,2,med-features-v1,7633,1,436.00069444444443,2747,0,176,0,6.300448680478019,0.0006944444444444445,1,0,6507,0,1,1,4,1,2747,1.0,1.0,1,0.3846153846153846,0.33333333333333337,1,0,0.8154314573409754,1,2747,17,0,0,0,0,0
d000965,c_chris,3,med-features-v1,7633,1,436.00069444444443,2997,250,192,16,6.873842262611075,0.0006944444444444445,1,0,6507,0,1,1,4,1,2997,1.0,1.0,1,0.33333333333333337,0.33333333333333337,1,0,0.8042188670613672,1,3247,17,0,0,0,0,0
d000094,c_noah,0,med-features-v1,7636,1,436.0027777777778,3004,2750,192,176,6.889864361210746,0.00034722222222222224,1,0,6510,0,1,1,6,1,3000,0.6,0.9986684420772304,1,0.2727272727272727,0.2727272727272727,1,0,0.6529475235137299,1,5752,17,0,0,0,0,0
d000094,c_elena,1,med-features-v1,7636,1,436.0027777777778,3000,0,192,0,6.880690107733768,0.0006944444444444445,1,0,6510,0,1,1,6,1,3000,0.6,1.0,1,0.4545454545454546,0.8,1,0,0.8123233857591982,1,3000,17,0,0,0,0,0
d000094,c_taylor,2,med-features-v1,7636,1,436.0027777777778,2750,0,176,0,6.30729926542262,0.0006944444444444445,1,0,6510,0,1,1,6,1,2750,0.6,1.0,1,0.3846153846153846,0.33333333333333337,1,0,0.815585826545445,1,2750,17,0,0,0,0,0
d000094,c_chris,3,med-features-v1,7636,1,436.0027777777778,3000,250,192,16,6.880690107733768,0.0006944444444444445,1,0,6510,0,1,1,6,1,3000,0.6,1.0,1,0.33333333333333337,0.33333333333333337,1,0,0.804393277608134,1,3250,17,0,0,0,0,0
d000094,c_jamie_li,4,med-features-v1,7636,1,436.0027777777778,250,250,16,16,0.5733908423111473,0.890625,1,0,6510,0,1,1,6,1,0,0.0,0.0,1,0.7777777777777778,0.7777777777777778,1,0,0.018278192634201856,1,500,17,0,0,0,0,0
d000094,c_pat,5,med-features-v1,7636,1,436.0027777777778,374,374,24,24,0.8577927000974764,1.8697916666666667,1,0,374,0,1,0,6,1,0,0.0,0.0,1,0.33333333333333337,0.33333333333333337,1,0,0.01973398675812958,1,748,17,0,0,0,0,0
d000966,c_priya,0,med-features-v1,7641,1,436.0215277777778,375,375,24,24,0.8600492776382409,0.00034722222222222224,1,0,6515,0,1,1,2,1,375,1.0,1.0,1,0.4545454545454546,0.4,1,0,0.7080433908964113,1,750,18,0,0,0,0,0
d000966,c_quinn,1,med-features-v1,7641,1,436.0215277777778,375,0,24,0,0.8600492776382409,0.0006944444444444445,1,0,6515,0,1,1,2,1,375,1.0,1.0,1,0.2727272727272727,0.19999999999999996,1,0,0.7950285405728239,1,375,18,0,0,0,0,0
d000967,c_alex_chan,0,med-features-v1,7643,1,436.0840277777778,375,375,24,24,0.8599260145136401,0.00034722222222222224,1,0,6517,0,1,1,1,0,0,0.0,0.0,1,0.8888888888888888,0.8888888888888888,1,1,0.596505651269212,1,750,18,0,0,0,0,0
d000968,c_lee,0,med-features-v1,7649,1,436.12569444444443,375,375,24,24,0.8598438587244694,0.00034722222222222224,1,0,375,0,1,0,1,0,0,0.0,0.0,1,0.4545454545454546,0.5,1,0,0.5827980814270571,1,750,16,0,0,0,0,0
d000969,c_fac_006,0,med-features-v1,7655,1,436.19444444444446,63,63,4,4,0.1444310004457747,6.9996527777777775,1,0,6523,0,1,1,1,0,0,0.0,0.0,1,0.8181818181818181,0.8181818181818181,1,1,0.7091121692766131,1,126,16,0,0,0,0,0
d000970,c_noah,0,med-features-v1,7661,1,437.00208333333336,3011,2757,192,176,6.890127335395998,0.00034722222222222224,1,0,6529,0,1,1,4,1,3007,1.0,0.9986715376951179,1,0.2727272727272727,0.2727272727272727,1,0,0.695615744107782,1,5766,17,0,0,0,0,0
d000970,c_elena,1,med-features-v1,7661,1,437.00208333333336,3007,0,192,0,6.8809740609550865,0.0006944444444444445,1,0,6529,0,1,1,4,1,3007,1.0,1.0,1,0.4545454545454546,0.8,1,0,0.8295448848980849,1,3007,17,0,0,0,0,0
d000970,c_taylor,2,med-features-v1,7661,1,437.00208333333336,2757,0,176,0,6.308894408398129,0.0006944444444444445,1,0,6529,0,1,1,4,1,2757,1.0,1.0,1,0.3846153846153846,0.33333333333333337,1,0,0.8326664338787326,1,2757,17,0,0,0,0,0
d000970,c_chris,3,med-features-v1,7661,1,437.00208333333336,3007,250,192,16,6.8809740609550865,0.0006944444444444445,1,0,6529,0,1,1,4,1,3007,1.0,1.0,1,0.33333333333333337,0.33333333333333337,1,0,0.8214862546178778,1,3257,17,0,0,0,0,0
d000971,c_chris,0,med-features-v1,7668,1,437.0138888888889,3014,250,192,16,6.896805974892738,0.00625,1,0,6536,0,1,1,4,1,3014,1.0,1.0,1,0.33333333333333337,0.33333333333333337,1,0,0.19518027181650352,1,3264,21,0,0,0,0,0
d000971,c_noah,1,med-features-v1,7668,1,437.0138888888889,3018,2764,192,176,6.905959002065787,0.005902777777777778,1,0,6536,0,1,1,4,1,3014,1.0,0.998674618952949,1,0.2727272727272727,0.2727272727272727,1,0,0.10387173842709052,1,5780,21,0,0,0,0,0
d000971,c_elena,2,med-features-v1,7668,1,437.0138888888889,3014,0,192,0,6.896805974892738,0.00625,1,0,6536,0,1,1,4,1,3014,1.0,1.0,1,0.4545454545454546,0.8,1,0,0.14951749366299444,1,3014,21,0,0,0,0,0
d000971,c_marcus,3,med-features-v1,7668,1,437.0138888888889,250,0,16,0,0.5720641983155887,1.9993055555555554,1,0,6536,0,1,1,4,1,250,1.0,1.0,1,0.3076923076923077,0.33333333333333337,1,0,0.8357833552090808,1,250,21,0,0,0,0,0
d000972,c_alex_chen,0,med-features-v1,7670,1,437.1041666666667,312,312,20,20,0.7137886659358467,1.9989583333333334,1,0,6538,0,1,1,1,0,0,0.0,0.0,1,0.8888888888888888,0.8888888888888888,1,1,0.5877961923645664,1,624,14,0,0,0,0,0
d000973,c_fac_002,0,med-features-v1,7676,1,437.1666666666667,62,62,4,4,0.14182234083110942,6.9996527777777775,1,0,6544,0,1,1,1,0,0,0.0,0.0,1,0.7692307692307692,0.7692307692307692,1,0,0.6364177995026769,1,124,16,0,0,0,0,0
d000974,c_noah,0,med-features-v1,7682,1,438.00138888888887,3022,2766,192,176,6.8995215007562765,0.00034722222222222224,1,0,6550,0,1,1,4,1,3018,1.0,0.99867637326274,1,0.2727272727272727,0.2727272727272727,1,0,0.6961424297851552,1,5786,17,0,0,0,0,0
d000974,c_elena,1,med-features-v1,7682,1,438.00138888888887,3018,0,192,0,6.890389109623575,0.0006944444444444445,1,0,6550,0,1,1,4,1,3018,1.0,1.0,1,0.4545454545454546,0.8,1,0,0.8304375223621407,1,3018,17,0,0,0,0,0
d000974,c_taylor,2,med-features-v1,7682,1,438.00138888888887,2766,0,176,0,6.315048468263355,0.0006944444444444445,1,0,6550,0,1,1,4,1,2766,1.0,1.0,1,0.3846153846153846,0.33333333333333337,1,0,0.833600591101582,1,2766,17,0,0,0,0,0
d000974,c_chris,3,med-features-v1,7682,1,438.00138888888887,3018,252,192,16,6.890389109623575,0.0006944444444444445,1,0,6550,0,1,1,4,1,3018,1.0,1.0,1,0.33333333333333337,0.33333333333333337,1,0,0.8222969904910093,1,3270,17,0,0,0,0,0
d000975,c_priya,0,med-features-v1,7688,1,438.0208333333333,376,376,24,24,0.8584066587395958,1.9989583333333334,1,0,6556,0,1,1,2,1,376,1.0,1.0,1,0.4545454545454546,0.4,1,0,0.7087258577404449,1,752,18,0,0,0,0,0
d000975,c_quinn,1,med-features-v1,7688,1,438.0208333333333,376,0,24,0,0.8584066587395958,1.9993055555555554,1,0,6556,0,1,1,2,1,376,1.0,1.0,1,0.2727272727272727,0.19999999999999996,1,0,0.7962484830667094,1,376,18,0,0,0,0,0
d000976,c_alex_chan,0,med-features-v1,7691,1,438.0833333333333,376,376,24,24,0.8582841925052311,1.9989583333333334,1,0,6559,0,1,1,1,0,0,0.0,0.0,1,0.8888888888888888,0.8888888888888888,1,1,0.5683524172063456,1,752,17,0,0,0,0,0
d000977,c_lee,0,med-features-v1,7697,1,438.125,376,376,24,24,0.8582025677603423,1.9989583333333334,1,0,376,0,1,0,1,0,0,0.0,0.0,1,0.4545454545454546,0.5,1,0,0.5837980624275079,1,752,16,0,0,0,0,0
d000978,c_fac_003,0,med-features-v1,7703,1,438.1736111111111,62,62,4,4,0.14149642613753427,6.9996527777777775,1,0,6565,0,1,1,1,0,0,0.0,0.0,1,0.75,0.75,1,0,0.7512879497416267,1,124,16,0,0,0,0,0
d000979,c_noah,0,med-features-v1,7709,1,441.00208333333336,3031,2775,192,176,6.872983404273411,0.00034722222222222224,1,0,6571,0,1,1,4,1,3027,1.0,0.9986803035301881,1,0.2727272727272727,0.2727272727272727,1,0,0.6960494751142645,1,5804,17,0,0,0,0,0
d000979,c_elena,1,med-features-v1,7709,1,441.00208333333336,3027,0,192,0,6.863913152337715,0.0006944444444444445,1,0,6571,0,1,1,4,1,3027,1.0,1.0,1,0.4545454545454546,0.8,1,0,0.8302942008033253,1,3027,17,0,0,0,0,0
d000979,c_taylor,2,med-features-v1,7709,1,441.00208333333336,2775,0,176,0,6.292487280388887,0.0006944444444444445,1,0,6571,0,1,1,4,1,2775,1.0,1.0,1,0.3846153846153846,0.33333333333333337,1,0,0.83343461290476,1,2775,17,0,0,0,0,0
d000979,c_chris,3,med-features-v1,7709,1,441.00208333333336,3027,252,192,16,6.863913152337715,0.0006944444444444445,1,0,6571,0,1,1,4,1,3027,1.0,1.0,1,0.33333333333333337,0.33333333333333337,1,0,0.8222060529093334,1,3279,17,0,0,0,0,0
d000980,c_priya,0,med-features-v1,7715,1,441.0215277777778,379,379,24,24,0.8593684800597098,0.00034722222222222224,1,0,6577,0,1,1,2,1,379,1.0,1.0,1,0.4545454545454546,0.4,1,0,0.657351351569712,1,758,14,0,0,0,0,0
d000980,c_quinn,1,med-features-v1,7715,1,441.0215277777778,379,0,24,0,0.8593684800597098,0.0006944444444444445,1,0,6577,0,1,1,2,1,379,1.0,1.0,1,0.2727272727272727,0.19999999999999996,1,0,0.8068953243989899,1,379,14,0,0,0,0,0
d000981,c_jamie_lee,0,med-features-v1,7719,1,441.0909722222222,379,379,24,24,0.8592331828751628,0.00034722222222222224,1,0,6581,0,1,1,1,0,0,0.0,0.0,1,0.7777777777777778,0.7777777777777778,1,0,0.6186977507244575,1,758,18,0,0,0,0,0
d000982,c_pat,0,med-features-v1,7725,1,441.1326388888889,379,379,24,24,0.8591520250113738,0.00034722222222222224,1,0,379,0,1,0,1,0,0,0.0,0.0,1,0.33333333333333337,0.33333333333333337,1,0,0.6107049363103721,1,758,16,0,0,0,0,0
d000983,c_fac_014,0,med-features-v1,7731,1,441.25,63,63,4,4,0.14277620396600565,6.9996527777777775,1,0,6587,0,1,1,1,0,0,0.0,0.0,1,0.7692307692307692,0.7692307692307692,1,0,0.7144050089472271,1,126,16,0,0,0,0,0
d000984,c_noah,0,med-features-v1,7737,1,442.00347222222223,3041,2785,192,176,6.880036450191285,0.00034722222222222224,1,0,6593,0,1,1,4,1,3037,1.0,0.9986846432094706,1,0.2727272727272727,0.2727272727272727,1,0,0.6526036579986071,1,5824,17,0,0,0,0,0
d000984,c_elena,1,med-features-v1,7737,1,442.00347222222223,3037,0,192,0,6.870986747527436,0.0006944444444444445,1,0,6593,0,1,1,4,1,3037,1.0,1.0,1,0.4545454545454546,0.8,1,0,0.8117595670938315,1,3037,17,0,0,0,0,0
d000984,c_taylor,2,med-features-v1,7737,1,442.00347222222223,2785,0,176,0,6.300855479704942,0.0006944444444444445,1,0,6593,0,1,1,4,1,2785,1.0,1.0,1,0.3846153846153846,0.33333333333333337,1,0,0.8149849613039498,1,2785,17,0,0,0,0,0
d000984,c_chris,3,med-features-v1,7737,1,442.00347222222223,3037,252,192,16,6.870986747527436,0.0006944444444444445,1,0,6593,0,1,1,4,1,3037,1.0,1.0,1,0.33333333333333337,0.33333333333333337,1,0,0.8039069980850319,1,3289,17,0,0,0,0,0
d000985,c_chris,0,med-features-v1,7743,1,442.01458333333335,3043,253,192,16,6.884388241338191,0.00034722222222222224,1,0,6599,0,1,1,4,1,3043,1.0,1.0,1,0.33333333333333337,0.33333333333333337,1,0,0.20215304707112763,1,3296,16,0,0,0,0,0
d000985,c_noah,1,med-features-v1,7743,1,442.01458333333335,3047,2790,192,176,6.893437716515764,0.0006944444444444445,1,0,6599,0,1,1,4,1,3043,1.0,0.998687233344273,1,0.2727272727272727,0.2727272727272727,1,0,0.11745532753235641,1,5835,16,0,0,0,0,0
d000985,c_elena,2,med-features-v1,7743,1,442.01458333333335,3043,0,192,0,6.884388241338191,0.0006944444444444445,1,0,6599,0,1,1,4,1,3043,1.0,1.0,1,0.4545454545454546,0.8,1,0,0.1649105143153497,1,3043,16,0,0,0,0,0
d000985,c_marcus,3,med-features-v1,7743,1,442.01458333333335,253,0,16,0,0.5723793049814533,0.0006944444444444445,1,0,6599,0,1,1,4,1,253,1.0,1.0,1,0.3076923076923077,0.33333333333333337,1,0,0.7911714559315385,1,253,16,0,0,0,0,0
d000986,c_jamie_li,0,med-features-v1,7747,1,442.1118055555556,253,253,16,16,0.5722534363950798,0.00034722222222222224,1,0,6603,0,1,1,1,0,0,0.0,0.0,1,0.7777777777777778,0.7777777777777778,1,0,0.6075726435178073,1,506,14,0,0,0,0,0
d000987,c_fac_015,0,med-features-v1,7753,1,442.25694444444446,63,63,4,4,0.14245112663892595,6.9996527777777775,1,0,6609,0,1,1,1,0,0,0.0,0.0,1,0.7692307692307692,0.7692307692307692,1,0,0.7034035681565249,1,126,16,0,0,0,0,0
d000988,c_noah,0,med-features-v1,7759,1,443.00347222222223,3053,2795,192,176,6.8915938394011835,0.00034722222222222224,1,0,6615,0,1,1,4,1,3049,1.0,0.998689813298395,1,0.2727272727272727,0.2727272727272727,1,0,0.6529461410774551,1,5846,17,0,0,0,0,0
d000988,c_elena,1,med-features-v1,7759,1,443.00347222222223,3049,0,192,0,6.882564564799937,0.0006944444444444445,1,0,6615,0,1,1,4,1,3049,1.0,1.0,1,0.4545454545454546,0.8,1,0,0.8123211234819444,1,3049,17,0,0,0,0,0
d000988,c_taylor,2,med-features-v1,7759,1,443.00347222222223,2795,0,176,0,6.309205627620802,0.0006944444444444445,1,0,6615,0,1,1,4,1,2795,1.0,1.0,1,0.3846153846153846,0.33333333333333337,1,0,0.8155878931651299,1,2795,17,0,0,0,0,0
d000988,c_chris,3,med-features-v1,7759,1,443.00347222222223,3049,254,192,16,6.882564564799937,0.0006944444444444445,1,0,6615,0,1,1,4,1,3049,1.0,1.0,1,0.33333333333333337,0.33333333333333337,1,0,0.8044018188378986,1,3303,17,0,0,0,0,0
d000989,c_elena,0,med-features-v1,3559,1,443.028125,635,635,40,40,1.4333175800069127,0.00034722222222222224,1,0,3559,0,1,1,3,1,381,1.0,0.6,1,0.4545454545454546,0.8,1,0,0.6328976784138661,1,1270,17,0,0,0,0,0
d000989,c_taylor,1,med-features-v1,3559,1,443.028125,507,126,32,8,1.1443968709661492,0.0006944444444444445,1,0,3559,0,1,1,3,1,381,1.0,0.7514792899408284,1,0.3846153846153846,0.33333333333333337,1,0,0.7801924064568555,1,633,17,0,0,0,0,0
d000989,c_lena,2,med-features-v1,3559,1,443.028125,381,0,24,0,0.8599905480041476,0.0006944444444444445,1,0,3559,0,1,1,3,1,381,1.0,1.0,1,0.4545454545454546,0.8,1,0,0.8349427014601425,1,381,17,0,0,0,0,0
d000990,c_jamie_lee,0,med-features-v1,7767,1,443.0909722222222,381,381,24,24,0.8598685685000103,0.00034722222222222224,1,0,6623,0,1,1,1,0,0,0.0,0.0,1,0.7777777777777778,0.7777777777777778,1,0,0.6185931960093138,1,762,18,0,0,0,0,0
d000991,c_ren,0,med-features-v1,7774,1,443.1388888888889,380,380,24,24,0.8575189619507302,1.9989583333333334,1,0,380,0,1,0,1,0,0,0.0,0.0,1,0.4545454545454546,0.5,1,0,0.5820337979744656,1,760,16,0,0,0,0,0
d000992,c_noah,0,med-features-v1,7780,1,444.0,3056,2798,192,176,6.882882882882883,0.9947916666666666,1,0,6630,0,1,1,4,1,3052,1.0,0.9986910994764397,1,0.2727272727272727,0.2727272727272727,1,0,0.6956308367828491,1,5852,17,0,0,0,0,0
d000992,c_elena,1,med-features-v1,7780,1,444.0,3052,0,192,0,6.873873873873874,0.9951388888888889,1,0,6630,0,1,1,4,1,3052,1.0,1.0,1,0.4545454545454546,0.8,1,0,0.8295638098650173,1,3052,17,0,0,0,0,0
d000992,c_taylor,2,med-features-v1,7780,1,444.0,2798,0,176,0,6.301801801801802,0.9951388888888889,1,0,6630,0,1,1,4,1,2798,1.0,1.0,1,0.3846153846153846,0.33333333333333337,1,0,0.8326830862607093,1,2798,17,0,0,0,0,0
d000992,c_chris,3,med-features-v1,7780,1,444.0,3052,254,192,16,6.873873873873874,0.9951388888888889,1,0,6630,0,1,1,4,1,3052,1.0,1.0,1,0.33333333333333337,0.33333333333333337,1,0,0.8214930168044762,1,3306,17,0,0,0,0,0
d000993,c_noah,0,med-features-v1,7786,1,444.00416666666666,3062,2804,192,176,6.896331678569083,0.00034722222222222224,1,0,6636,0,1,1,4,1,3058,1.0,0.9986936642717178,1,0.2727272727272727,0.2727272727272727,1,0,0.6956215076067727,1,5864,17,0,0,0,0,0
d000993,c_elena,1,med-features-v1,7786,1,444.00416666666666,3058,0,192,0,6.887322754103284,0.0006944444444444445,1,0,6636,0,1,1,4,1,3058,1.0,1.0,1,0.4545454545454546,0.8,1,0,0.8295599541176509,1,3058,17,0,0,0,0,0
d000993,c_taylor,2,med-features-v1,7786,1,444.00416666666666,2804,0,176,0,6.3152560505250515,0.0006944444444444445,1,0,6636,0,1,1,4,1,2804,1.0,1.0,1,0.3846153846153846,0.33333333333333337,1,0,0.8326656472680697,1,2804,17,0,0,0,0,0
d000993,c_chris,3,med-features-v1,7786,1,444.00416666666666,3058,254,192,16,6.887322754103284,0.0006944444444444445,1,0,6636,0,1,1,4,1,3058,1.0,1.0,1,0.33333333333333337,0.33333333333333337,1,0,0.8215226165366568,1,3312,17,0,0,0,0,0
d000994,c_noah,0,med-features-v1,636,1,444.00659722222224,636,636,40,40,1.4324111487958058,1.0059027777777778,1,0,636,0,1,1,3,1,254,1.0,0.39937106918238996,1,0.2727272727272727,0.2727272727272727,1,0,0.5772544310556762,1,1272,16,0,0,0,0,0
d000994,c_taylor,1,med-features-v1,636,1,444.00659722222224,254,0,16,0,0.5720635720033564,1.9993055555555554,1,0,636,0,1,1,3,1,254,1.0,1.0,1,0.3846153846153846,0.33333333333333337,1,0,0.8190588203124382,1,254,16,0,0,0,0,0
d000994,c_chris,2,med-features-v1,636,1,444.00659722222224,254,0,16,0,0.5720635720033564,1.9993055555555554,1,0,636,0,1,1,3,1,254,1.0,1.0,1,0.33333333333333337,0.33333333333333337,1,0,0.8190588203124382,1,254,16,0,0,0,0,0
d000995,c_jamie_li,0,med-features-v1,7794,1,444.1111111111111,254,254,16,16,0.5719289467100326,1.9989583333333334,1,0,6644,0,1,1,1,0,0,0.0,0.0,1,0.7777777777777778,0.7777777777777778,1,0,0.6268650108946073,1,508,15,0,0,0,0,0
d000996,c_fac_017,0,med-features-v1,7801,1,444.2708333333333,63,63,4,4,0.14180539273153575,6.9996527777777775,1,0,6651,0,1,1,1,0,0,0.0,0.0,1,0.8181818181818181,0.8181818181818181,1,1,0.7353030170665767,1,126,16,0,0,0,0,0
d000997,c_noah,0,med-features-v1,7807,1,445.00347222222223,3073,2813,192,176,6.905564095161554,0.00034722222222222224,1,0,6657,0,1,1,4,1,3069,1.0,0.9986983403839896,1,0.2727272727272727,0.2727272727272727,1,0,0.6955296825358511,1,5884,17,0,0,0,0,0
d000997,c_elena,1,med-features-v1,7807,1,445.00347222222223,3069,0,192,0,6.896575401253111,0.0006944444444444445,1,0,6657,0,1,1,4,1,3069,1.0,1.0,1,0.4545454545454546,0.8,1,0,0.8293723588492072,1,3069,17,0,0,0,0,0
d000997,c_taylor,2,med-features-v1,7807,1,445.00347222222223,2813,0,176,0,6.321298991112741,0.0006944444444444445,1,0,6657,0,1,1,4,1,2813,1.0,1.0,1,0.3846153846153846,0.33333333333333337,1,0,0.832504482371812,1,2813,17,0,0,0,0,0
d000997,c_chris,3,med-features-v1,7807,1,445.00347222222223,3069,256,192,16,6.896575401253111,0.0006944444444444445,1,0,6657,0,1,1,4,1,3069,1.0,1.0,1,0.33333333333333337,0.33333333333333337,1,0,0.8212644598703707,1,3325,17,0,0,0,0,0
d000998,c_elena,0,med-features-v1,3583,1,445.028125,639,639,40,40,1.435864306328954,0.00034722222222222224,1,0,3583,0,1,1,3,1,383,1.0,0.5993740219092332,1,0.4545454545454546,0.8,1,0,0.6621329455514995,1,1278,17,0,0,0,0,0
d000998,c_taylor,1,med-features-v1,3583,1,445.028125,511,128,32,8,1.1482420352646252,0.0006944444444444445,1,0,3583,0,1,1,3,1,383,1.0,0.7495107632093934,1,0.3846153846153846,0.33333333333333337,1,0,0.7967166395433816,1,639,17,0,0,0,0,0
d000998,c_lena,2,med-features-v1,3583,1,445.028125,383,0,24,0,0.8606197642002964,0.0006944444444444445,1,0,3583,0,1,1,3,1,383,1.0,1.0,1,0.4545454545454546,0.8,1,0,0.8423276607817494,1,383,17,0,0,0,0,0
d000999,c_jamie_lee,0,med-features-v1,7815,1,445.09027777777777,382,382,24,24,0.8582528513254177,1.9989583333333334,1,0,6665,0,1,1,1,0,0,0.0,0.0,1,0.7777777777777778,0.7777777777777778,1,0,0.6195804946340833,1,764,18,0,0,0,0,0
d001000,c_pat,0,med-features-v1,7821,1,445.13194444444446,382,382,24,24,0.8581725143918002,1.9989583333333334,1,0,382,0,1,0,1,0,0,0.0,0.0,1,0.33333333333333337,0.33333333333333337,1,0,0.6939694757321012,1,764,14,0,0,0,0,0
