message_id,contact_id,role,recipient_order
m000001,c_noah,to,0
m000001,c_elena,to,1
m000001,c_taylor,to,2
m000001,c_chris,cc,3
m000002,c_maya,to,0
m000003,c_noah,to,0
m000003,c_elena,to,1
m000003,c_taylor,to,2
m000003,c_chris,cc,3
m000004,c_maya,to,0
m000005,c_noah,to,0
m000005,c_elena,to,1
m000005,c_taylor,to,2
m000005,c_chris,cc,3
m000006,c_maya,to,0
m000007,c_noah,to,0
m000007,c_elena,to,1
m000007,c_taylor,to,2
m000007,c_chris,cc,3
m000008,c_maya,to,0
m000009,c_noah,to,0
m000009,c_elena,to,1
m000009,c_taylor,to,2
m000009,c_chris,cc,3
m000010,c_maya,to,0
m000011,c_noah,to,0
m000011,c_elena,to,1
m000011,c_taylor,to,2
m000011,c_chris,cc,3
m000012,c_maya,to,0
m000013,c_noah,to,0
m000013,c_elena,to,1
m000013,c_taylor,to,2
m000013,c_chris,cc,3
m000014,c_maya,to,0
m000015,c_noah,to,0
m000015,c_elena,to,1
m000015,c_taylor,to,2
m000015,c_chris,cc,3
m000016,c_maya,to,0
m000017,c_noah,to,0
m000017,c_elena,to,1
m000017,c_taylor,to,2
m000017,c_chris,cc,3
m000018,c_maya,to,0
m000019,c_noah,to,0
m000019,c_elena,to,1
m000019,c_taylor,to,2
m000019,c_chris,cc,3
m000020,c_maya,to,0
m000021,c_noah,to,0
m000021,c_elena,to,1
m000021,c_taylor,to,2
m000021,c_chris,cc,3
m000022,c_maya,to,0
m000023,c_noah,to,0
m000023,c_elena,to,1
m000023,c_taylor,to,2
m000023,c_chris,cc,3
m000024,c_maya,to,0
m000025,c_noah,to,0
m000025,c_elena,to,1
m000025,c_taylor,to,2
m000025,c_chris,cc,3
m000026,c_maya,to,0
m000027,c_noah,to,0
m000027,c_elena,to,1
m000027,c_taylor,to,2
m000027,c_chris,cc,3
m000028,c_maya,to,0
m000029,c_noah,to,0
m000029,c_elena,to,1
m000029,c_taylor,to,2
m000029,c_chris,cc,3
m000030,c_maya,to,0
m000031,c_noah,to,0
m000031,c_elena,to,1
m000031,c_taylor,to,2
m000031,c_chris,cc,3
m000032,c_maya,to,0
m000033,c_noah,to,0
m000033,c_elena,to,1
m000033,c_taylor,to,2
m000033,c_chris,cc,3
m000034,c_maya,to,0
m000035,c_noah,to,0
m000035,c_elena,to,1
m000035,c_taylor,to,2
m000035,c_chris,cc,3
m000036,c_maya,to,0
m000037,c_noah,to,0
m000037,c_elena,to,1
m000037,c_taylor,to,2
m000037,c_chris,cc,3
m000038,c_maya,to,0
m000039,c_noah,to,0
m000039,c_elena,to,1
m000039,c_taylor,to,2
m000039,c_chris,cc,3
m000040,c_maya,to,0
m000041,c_noah,to,0
m000041,c_elena,to,1
m000041,c_taylor,to,2
m000041,c_chris,cc,3
m000042,c_maya,to,0
m000043,c_noah,to,0
m000043,c_elena,to,1
m000043,c_taylor,to,2
m000043,c_chris,cc,3
m000044,c_maya,to,0
m000045,c_noah,to,0
m000045,c_elena,to,1
m000045,c_taylor,to,2
m000045,c_chris,cc,3
m000046,c_maya,to,0
m000047,c_noah,to,0
m000047,c_elena,to,1
m000047,c_taylor,to,2
m000047,c_chris,cc,3
m000048,c_maya,to,0
m000049,c_noah,to,0
m000049,c_elena,to,1
m000049,c_taylor,to,2
m000049,c_chris,cc,3
m000050,c_maya,to,0
m000051,c_noah,to,0
m000051,c_elena,to,1
m000051,c_taylor,to,2
m000051,c_chris,cc,3
m000052,c_maya,to,0
m000053,c_noah,to,0
m000053,c_elena,to,1
m000053,c_taylor,to,2
m000053,c_chris,cc,3
m000054,c_maya,to,0
m000055,c_noah,to,0
m000055,c_elena,to,1
m000055,c_taylor,to,2
m000055,c_chris,cc,3
m000056,c_maya,to,0
m000057,c_noah,to,0
m000057,c_elena,to,1
m000057,c_taylor,to,2
m000057,c_chris,cc,3
m000058,c_maya,to,0
m000059,c_noah,to,0
m000059,c_elena,to,1
m000059,c_taylor,to,2
m000059,c_chris,cc,3
m000060,c_maya,to,0
m000061,c_noah,to,0
m000061,c_elena,to,1
m000061,c_taylor,to,2
m000061,c_chris,cc,3
m000062,c_maya,to,0
m000063,c_noah,to,0
m000063,c_elena,to,1
m000063,c_taylor,to,2
m000063,c_chris,cc,3
m000064,c_maya,to,0
m000065,c_noah,to,0
m000065,c_elena,to,1
m000065,c_taylor,to,2
m000065,c_chris,cc,3
m000066,c_maya,to,0
m000067,c_noah,to,0
m000067,c_elena,to,1
m000067,c_taylor,to,2
m000067,c_chris,cc,3
m000068,c_maya,to,0
m000069,c_noah,to,0
m000069,c_elena,to,1
m000069,c_taylor,to,2
m000069,c_chris,cc,3
m000070,c_maya,to,0
m000071,c_noah,to,0
m000071,c_elena,to,1
m000071,c_taylor,to,2
m000071,c_chris,cc,3
m000072,c_maya,to,0
m000073,c_noah,to,0
m000073,c_elena,to,1
m000073,c_taylor,to,2
m000073,c_chris,cc,3
m000074,c_maya,to,0
m000075,c_noah,to,0
m000075,c_elena,to,1
m000075,c_taylor,to,2
m000075,c_chris,cc,3
m000076,c_maya,to,0
m000077,c_noah,to,0
m000077,c_elena,to,1
m000077,c_taylor,to,2
m000077,c_chris,cc,3
m000078,c_maya,to,0
m000079,c_noah,to,0
m000079,c_elena,to,1
m000079,c_taylor,to,2
m000079,c_chris,cc,3
m000080,c_maya,to,0
m000081,c_chris,to,0
m000081,c_noah,to,1
m000081,c_elena,to,2
m000081,c_marcus,cc,3
m000082,c_maya,to,0
m000083,c_chris,to,0
m000083,c_noah,to,1
m000083,c_elena,to,2
m000083,c_marcus,cc,3
m000084,c_maya,to,0
m000085,c_chris,to,0
m000085,c_noah,to,1
m000085,c_elena,to,2
m000085,c_marcus,cc,3
m000086,c_maya,to,0
m000087,c_chris,to,0
m000087,c_noah,to,1
m000087,c_elena,to,2
m000087,c_marcus,cc,3
m000088,c_maya,to,0
m000089,c_priya,to,0
m000089,c_quinn,cc,1
m000090,c_maya,to,0
m000091,c_priya,to,0
m000091,c_quinn,cc,1
m000092,c_maya,to,0
m000093,c_priya,to,0
m000093,c_quinn,cc,1
m000094,c_maya,to,0
m000095,c_priya,to,0
m000095,c_quinn,cc,1
m000096,c_maya,to,0
m000097,c_priya,to,0
m000097,c_quinn,cc,1
m000098,c_maya,to,0
m000099,c_priya,to,0
m000099,c_quinn,cc,1
m000100,c_maya,to,0
m000101,c_elena,to,0
m000101,c_taylor,to,1
m000101,c_lena,to,2
m000102,c_noah,to,0
m000103,c_elena,to,0
m000103,c_taylor,to,1
m000103,c_lena,to,2
m000104,c_noah,to,0
m000105,c_elena,to,0
m000105,c_taylor,to,1
m000105,c_lena,to,2
m000106,c_noah,to,0
m000107,c_elena,to,0
m000107,c_taylor,to,1
m000107,c_lena,to,2
m000108,c_noah,to,0
m000109,c_elena,to,0
m000109,c_taylor,to,1
m000109,c_lena,to,2
m000110,c_noah,to,0
m000111,c_elena,to,0
m000111,c_taylor,to,1
m000111,c_lena,to,2
m000112,c_noah,to,0
m000113,c_noah,to,0
m000113,c_taylor,to,1
m000113,c_chris,cc,2
m000114,c_elena,to,0
m000115,c_noah,to,0
m000115,c_taylor,to,1
m000115,c_chris,cc,2
m000116,c_elena,to,0
m000117,c_noah,to,0
m000117,c_taylor,to,1
m000117,c_chris,cc,2
m000118,c_elena,to,0
m000119,c_noah,to,0
m000119,c_taylor,to,1
m000119,c_chris,cc,2
m000120,c_elena,to,0
m000121,c_noah,to,0
m000122,c_taylor,to,0
m000123,c_noah,to,0
m000124,c_taylor,to,0
m000125,c_avery,to,0
m000125,c_devon,to,1
m000126,c_alex_chan,to,0
m000127,c_avery,to,0
m000127,c_devon,to,1
m000128,c_alex_chan,to,0
m000129,c_maya,to,0
m000130,c_alex_chen,to,0
m000131,c_quinn,to,0
m000132,c_priya,to,0
m000133,c_marcus,to,0
m000134,c_chris,to,0
m000135,c_marcus,to,0
m000136,c_chris,to,0
m000137,c_hana,to,0
m000138,c_sam,to,0
m000139,c_alex_chan,to,0
m000140,c_maya,to,0
m000141,c_alex_chan,to,0
m000142,c_maya,to,0
m000143,c_alex_chan,to,0
m000144,c_maya,to,0
m000145,c_alex_chan,to,0
m000146,c_maya,to,0
m000147,c_alex_chan,to,0
m000148,c_maya,to,0
m000149,c_alex_chan,to,0
m000150,c_maya,to,0
m000151,c_jamie_lee,to,0
m000152,c_maya,to,0
m000153,c_jamie_lee,to,0
m000154,c_maya,to,0
m000155,c_jamie_lee,to,0
m000156,c_maya,to,0
m000157,c_jamie_lee,to,0
m000158,c_maya,to,0
m000159,c_jamie_lee,to,0
m000160,c_maya,to,0
m000161,c_jamie_lee,to,0
m000162,c_maya,to,0
m000163,c_morgan_shaw,to,0
m000164,c_maya,to,0
m000165,c_morgan_shaw,to,0
m000166,c_maya,to,0
m000167,c_morgan_shaw,to,0
m000168,c_maya,to,0
m000169,c_morgan_shaw,to,0
m000170,c_maya,to,0
m000171,c_morgan_shaw,to,0
m000172,c_maya,to,0
m000173,c_morgan_shaw,to,0
m000174,c_maya,to,0
m000175,c_alex_chen,to,0
m000176,c_maya,to,0
m000177,c_alex_chen,to,0
m000178,c_maya,to,0
m000179,c_alex_chen,to,0
m000180,c_maya,to,0
m000181,c_alex_chen,to,0
m000182,c_maya,to,0
m000183,c_jamie_li,to,0
m000184,c_maya,to,0
m000185,c_jamie_li,to,0
m000186,c_maya,to,0
m000187,c_jamie_li,to,0
m000188,c_maya,to,0
m000189,c_jamie_li,to,0
m000190,c_maya,to,0
m000191,c_morgan_zhao,to,0
m000192,c_maya,to,0
m000193,c_morgan_zhao,to,0
m000194,c_maya,to,0
m000195,c_morgan_zhao,to,0
m000196,c_maya,to,0
m000197,c_morgan_zhao,to,0
m000198,c_maya,to,0
m000199,c_lee,to,0
m000200,c_maya,to,0
m000201,c_lee,to,0
m000202,c_maya,to,0
m000203,c_lee,to,0
m000204,c_maya,to,0
m000205,c_lee,to,0
m000206,c_maya,to,0
m000207,c_lee,to,0
m000208,c_maya,to,0
m000209,c_lee,to,0
m000210,c_maya,to,0
m000211,c_pat,to,0
m000212,c_maya,to,0
m000213,c_pat,to,0
m000214,c_maya,to,0
m000215,c_pat,to,0
m000216,c_maya,to,0
m000217,c_pat,to,0
m000218,c_maya,to,0
m000219,c_pat,to,0
m000220,c_maya,to,0
m000221,c_pat,to,0
m000222,c_maya,to,0
m000223,c_ren,to,0
m000224,c_maya,to,0
m000225,c_ren,to,0
m000226,c_maya,to,0
m000227,c_ren,to,0
m000228,c_maya,to,0
m000229,c_ren,to,0
m000230,c_maya,to,0
m000231,c_ren,to,0
m000232,c_maya,to,0
m000233,c_ren,to,0
m000234,c_maya,to,0
m000235,c_sam,to,0
m000236,c_maya,to,0
m000237,c_hana,to,0
m000238,c_maya,to,0
m000239,c_fac_001,to,0
m000240,c_maya,to,0
m000241,c_fac_002,to,0
m000242,c_maya,to,0
m000243,c_fac_003,to,0
m000244,c_maya,to,0
m000245,c_fac_004,to,0
m000246,c_maya,to,0
m000247,c_fac_005,to,0
m000248,c_maya,to,0
m000249,c_fac_006,to,0
m000250,c_maya,to,0
m000251,c_fac_007,to,0
m000252,c_maya,to,0
m000253,c_fac_008,to,0
m000254,c_maya,to,0
m000255,c_fac_009,to,0
m000256,c_maya,to,0
m000257,c_fac_010,to,0
m000258,c_maya,to,0
m000259,c_fac_011,to,0
m000260,c_maya,to,0
m000261,c_fac_012,to,0
m000262,c_maya,to,0
m000263,c_fac_013,to,0
m000264,c_maya,to,0
m000265,c_fac_014,to,0
m000266,c_maya,to,0
m000267,c_fac_015,to,0
m000268,c_maya,to,0
m000269,c_fac_016,to,0
m000270,c_maya,to,0
m000271,c_fac_017,to,0
m000272,c_maya,to,0
m000273,c_noah,to,0
m000273,c_elena,to,1
m000273,c_taylor,to,2
m000273,c_chris,cc,3
m000274,c_maya,to,0
m000275,c_noah,to,0
m000275,c_elena,to,1
m000275,c_taylor,to,2
m000275,c_chris,cc,3
m000276,c_maya,to,0
m000277,c_noah,to,0
m000277,c_elena,to,1
m000277,c_taylor,to,2
m000277,c_chris,cc,3
m000278,c_maya,to,0
m000279,c_noah,to,0
m000279,c_elena,to,1
m000279,c_taylor,to,2
m000279,c_chris,cc,3
m000280,c_maya,to,0
m000281,c_noah,to,0
m000281,c_elena,to,1
m000281,c_taylor,to,2
m000281,c_chris,cc,3
m000282,c_maya,to,0
m000283,c_noah,to,0
m000283,c_elena,to,1
m000283,c_taylor,to,2
m000283,c_chris,cc,3
m000284,c_maya,to,0
m000285,c_noah,to,0
m000285,c_elena,to,1
m000285,c_taylor,to,2
m000285,c_chris,cc,3
m000286,c_maya,to,0
m000287,c_noah,to,0
m000287,c_elena,to,1
m000287,c_taylor,to,2
m000287,c_chris,cc,3
m000288,c_maya,to,0
m000289,c_noah,to,0
m000289,c_elena,to,1
m000289,c_taylor,to,2
m000289,c_chris,cc,3
m000290,c_maya,to,0
m000291,c_noah,to,0
m000291,c_elena,to,1
m000291,c_taylor,to,2
m000291,c_chris,cc,3
m000292,c_maya,to,0
m000293,c_noah,to,0
m000293,c_elena,to,1
m000293,c_taylor,to,2
m000293,c_chris,cc,3
m000294,c_maya,to,0
m000295,c_noah,to,0
m000295,c_elena,to,1
m000295,c_taylor,to,2
m000295,c_chris,cc,3
m000296,c_maya,to,0
m000297,c_noah,to,0
m000297,c_elena,to,1
m000297,c_taylor,to,2
m000297,c_chris,cc,3
m000298,c_maya,to,0
m000299,c_noah,to,0
m000299,c_elena,to,1
m000299,c_taylor,to,2
m000299,c_chris,cc,3
m000300,c_maya,to,0
m000301,c_noah,to,0
m000301,c_elena,to,1
m000301,c_taylor,to,2
m000301,c_chris,cc,3
m000302,c_maya,to,0
m000303,c_noah,to,0
m000303,c_elena,to,1
m000303,c_taylor,to,2
m000303,c_chris,cc,3
m000304,c_maya,to,0
m000305,c_noah,to,0
m000305,c_elena,to,1
m000305,c_taylor,to,2
m000305,c_chris,cc,3
m000306,c_maya,to,0
m000307,c_noah,to,0
m000307,c_elena,to,1
m000307,c_taylor,to,2
m000307,c_chris,cc,3
m000308,c_maya,to,0
m000309,c_noah,to,0
m000309,c_elena,to,1
m000309,c_taylor,to,2
m000309,c_chris,cc,3
m000310,c_maya,to,0
m000311,c_noah,to,0
m000311,c_elena,to,1
m000311,c_taylor,to,2
m000311,c_chris,cc,3
m000312,c_maya,to,0
m000313,c_noah,to,0
m000313,c_elena,to,1
m000313,c_taylor,to,2
m000313,c_chris,cc,3
m000314,c_maya,to,0
m000315,c_noah,to,0
m000315,c_elena,to,1
m000315,c_taylor,to,2
m000315,c_chris,cc,3
m000316,c_maya,to,0
m000317,c_noah,to,0
m000317,c_elena,to,1
m000317,c_taylor,to,2
m000317,c_chris,cc,3
m000318,c_maya,to,0
m000319,c_noah,to,0
m000319,c_elena,to,1
m000319,c_taylor,to,2
m000319,c_chris,cc,3
m000320,c_maya,to,0
m000321,c_noah,to,0
m000321,c_elena,to,1
m000321,c_taylor,to,2
m000321,c_chris,cc,3
m000322,c_maya,to,0
m000323,c_noah,to,0
m000323,c_elena,to,1
m000323,c_taylor,to,2
m000323,c_chris,cc,3
m000324,c_maya,to,0
m000325,c_noah,to,0
m000325,c_elena,to,1
m000325,c_taylor,to,2
m000325,c_chris,cc,3
m000326,c_maya,to,0
m000327,c_noah,to,0
m000327,c_elena,to,1
m000327,c_taylor,to,2
m000327,c_chris,cc,3
m000328,c_maya,to,0
m000329,c_noah,to,0
m000329,c_elena,to,1
m000329,c_taylor,to,2
m000329,c_chris,cc,3
m000330,c_maya,to,0
m000331,c_noah,to,0
m000331,c_elena,to,1
m000331,c_taylor,to,2
m000331,c_chris,cc,3
m000332,c_maya,to,0
m000333,c_noah,to,0
m000333,c_elena,to,1
m000333,c_taylor,to,2
m000333,c_chris,cc,3
m000334,c_maya,to,0
m000335,c_noah,to,0
m000335,c_elena,to,1
m000335,c_taylor,to,2
m000335,c_chris,cc,3
m000336,c_maya,to,0
m000337,c_noah,to,0
m000337,c_elena,to,1
m000337,c_taylor,to,2
m000337,c_chris,cc,3
m000338,c_maya,to,0
m000339,c_noah,to,0
m000339,c_elena,to,1
m000339,c_taylor,to,2
m000339,c_chris,cc,3
m000340,c_maya,to,0
m000341,c_noah,to,0
m000341,c_elena,to,1
m000341,c_taylor,to,2
m000341,c_chris,cc,3
m000342,c_maya,to,0
m000343,c_noah,to,0
m000343,c_elena,to,1
m000343,c_taylor,to,2
m000343,c_chris,cc,3
m000344,c_maya,to,0
m000345,c_noah,to,0
m000345,c_elena,to,1
m000345,c_taylor,to,2
m000345,c_chris,cc,3
m000346,c_maya,to,0
m000347,c_noah,to,0
m000347,c_elena,to,1
m000347,c_taylor,to,2
m000347,c_chris,cc,3
m000348,c_maya,to,0
m000349,c_noah,to,0
m000349,c_elena,to,1
m000349,c_taylor,to,2
m000349,c_chris,cc,3
m000350,c_maya,to,0
m000351,c_noah,to,0
m000351,c_elena,to,1
m000351,c_taylor,to,2
m000351,c_chris,cc,3
m000352,c_maya,to,0
m000353,c_chris,to,0
m000353,c_noah,to,1
m000353,c_elena,to,2
m000353,c_marcus,cc,3
m000354,c_maya,to,0
m000355,c_chris,to,0
m000355,c_noah,to,1
m000355,c_elena,to,2
m000355,c_marcus,cc,3
m000356,c_maya,to,0
m000357,c_chris,to,0
m000357,c_noah,to,1
m000357,c_elena,to,2
m000357,c_marcus,cc,3
m000358,c_maya,to,0
m000359,c_chris,to,0
m000359,c_noah,to,1
m000359,c_elena,to,2
m000359,c_marcus,cc,3
m000360,c_maya,to,0
m000361,c_priya,to,0
m000361,c_quinn,cc,1
m000362,c_maya,to,0
m000363,c_priya,to,0
m000363,c_quinn,cc,1
m000364,c_maya,to,0
m000365,c_priya,to,0
m000365,c_quinn,cc,1
m000366,c_maya,to,0
m000367,c_priya,to,0
m000367,c_quinn,cc,1
m000368,c_maya,to,0
m000369,c_priya,to,0
m000369,c_quinn,cc,1
m000370,c_maya,to,0
m000371,c_priya,to,0
m000371,c_quinn,cc,1
m000372,c_maya,to,0
m000373,c_elena,to,0
m000373,c_taylor,to,1
m000373,c_lena,to,2
m000374,c_noah,to,0
m000375,c_elena,to,0
m000375,c_taylor,to,1
m000375,c_lena,to,2
m000376,c_noah,to,0
m000377,c_elena,to,0
m000377,c_taylor,to,1
m000377,c_lena,to,2
m000378,c_noah,to,0
m000379,c_elena,to,0
m000379,c_taylor,to,1
m000379,c_lena,to,2
m000380,c_noah,to,0
m000381,c_elena,to,0
m000381,c_taylor,to,1
m000381,c_lena,to,2
m000382,c_noah,to,0
m000383,c_elena,to,0
m000383,c_taylor,to,1
m000383,c_lena,to,2
m000384,c_noah,to,0
m000385,c_noah,to,0
m000385,c_taylor,to,1
m000385,c_chris,cc,2
m000386,c_elena,to,0
m000387,c_noah,to,0
m000387,c_taylor,to,1
m000387,c_chris,cc,2
m000388,c_elena,to,0
m000389,c_noah,to,0
m000389,c_taylor,to,1
m000389,c_chris,cc,2
m000390,c_elena,to,0
m000391,c_noah,to,0
m000391,c_taylor,to,1
m000391,c_chris,cc,2
m000392,c_elena,to,0
m000393,c_noah,to,0
m000394,c_taylor,to,0
m000395,c_noah,to,0
m000396,c_taylor,to,0
m000397,c_avery,to,0
m000397,c_devon,to,1
m000398,c_alex_chan,to,0
m000399,c_avery,to,0
m000399,c_devon,to,1
m000400,c_alex_chan,to,0
m000401,c_maya,to,0
m000402,c_alex_chen,to,0
m000403,c_quinn,to,0
m000404,c_priya,to,0
m000405,c_marcus,to,0
m000406,c_chris,to,0
m000407,c_marcus,to,0
m000408,c_chris,to,0
m000409,c_hana,to,0
m000410,c_sam,to,0
m000411,c_alex_chan,to,0
m000412,c_maya,to,0
m000413,c_alex_chan,to,0
m000414,c_maya,to,0
m000415,c_alex_chan,to,0
m000416,c_maya,to,0
m000417,c_alex_chan,to,0
m000418,c_maya,to,0
m000419,c_alex_chan,to,0
m000420,c_maya,to,0
m000421,c_alex_chan,to,0
m000422,c_maya,to,0
m000423,c_jamie_lee,to,0
m000424,c_maya,to,0
m000425,c_jamie_lee,to,0
m000426,c_maya,to,0
m000427,c_jamie_lee,to,0
m000428,c_maya,to,0
m000429,c_jamie_lee,to,0
m000430,c_maya,to,0
m000431,c_jamie_lee,to,0
m000432,c_maya,to,0
m000433,c_jamie_lee,to,0
m000434,c_maya,to,0
m000435,c_morgan_shaw,to,0
m000436,c_maya,to,0
m000437,c_morgan_shaw,to,0
m000438,c_maya,to,0
m000439,c_morgan_shaw,to,0
m000440,c_maya,to,0
m000441,c_morgan_shaw,to,0
m000442,c_maya,to,0
m000443,c_morgan_shaw,to,0
m000444,c_maya,to,0
m000445,c_morgan_shaw,to,0
m000446,c_maya,to,0
m000447,c_alex_chen,to,0
m000448,c_maya,to,0
m000449,c_alex_chen,to,0
m000450,c_maya,to,0
m000451,c_alex_chen,to,0
m000452,c_maya,to,0
m000453,c_alex_chen,to,0
m000454,c_maya,to,0
m000455,c_jamie_li,to,0
m000456,c_maya,to,0
m000457,c_jamie_li,to,0
m000458,c_maya,to,0
m000459,c_jamie_li,to,0
m000460,c_maya,to,0
m000461,c_jamie_li,to,0
m000462,c_maya,to,0
m000463,c_morgan_zhao,to,0
m000464,c_maya,to,0
m000465,c_morgan_zhao,to,0
m000466,c_maya,to,0
m000467,c_morgan_zhao,to,0
m000468,c_maya,to,0
m000469,c_morgan_zhao,to,0
m000470,c_maya,to,0
m000471,c_lee,to,0
m000472,c_maya,to,0
m000473,c_lee,to,0
m000474,c_maya,to,0
m000475,c_lee,to,0
m000476,c_maya,to,0
m000477,c_lee,to,0
m000478,c_maya,to,0
m000479,c_lee,to,0
m000480,c_maya,to,0
m000481,c_lee,to,0
m000482,c_maya,to,0
m000483,c_pat,to,0
m000484,c_maya,to,0
m000485,c_pat,to,0
m000486,c_maya,to,0
m000487,c_pat,to,0
m000488,c_maya,to,0
m000489,c_pat,to,0
m000490,c_maya,to,0
m000491,c_pat,to,0
m000492,c_maya,to,0
m000493,c_pat,to,0
m000494,c_maya,to,0
m000495,c_ren,to,0
m000496,c_maya,to,0
m000497,c_ren,to,0
m000498,c_maya,to,0
m000499,c_ren,to,0
m000500,c_maya,to,0
m000501,c_ren,to,0
m000502,c_maya,to,0
m000503,c_ren,to,0
m000504,c_maya,to,0
m000505,c_ren,to,0
m000506,c_maya,to,0
m000507,c_sam,to,0
m000508,c_maya,to,0
m000509,c_hana,to,0
m000510,c_maya,to,0
m000511,c_fac_001,to,0
m000512,c_maya,to,0
m000513,c_fac_002,to,0
m000514,c_maya,to,0
m000515,c_fac_003,to,0
m000516,c_maya,to,0
m000517,c_fac_004,to,0
m000518,c_maya,to,0
m000519,c_fac_005,to,0
m000520,c_maya,to,0
m000521,c_fac_006,to,0
m000522,c_maya,to,0
m000523,c_fac_007,to,0
m000524,c_maya,to,0
m000525,c_fac_008,to,0
m000526,c_maya,to,0
m000527,c_fac_009,to,0
m000528,c_maya,to,0
m000529,c_fac_010,to,0
m000530,c_maya,to,0
m000531,c_fac_011,to,0
m000532,c_maya,to,0
m000533,c_fac_012,to,0
m000534,c_maya,to,0
m000535,c_fac_013,to,0
m000536,c_maya,to,0
m000537,c_fac_014,to,0
m000538,c_maya,to,0
m000539,c_fac_015,to,0
m000540,c_maya,to,0
m000541,c_fac_016,to,0
m000542,c_maya,to,0
m000543,c_fac_017,to,0
m000544,c_maya,to,0
m000545,c_noah,to,0
m000545,c_elena,to,1
m000545,c_taylor,to,2
m000545,c_chris,cc,3
m000546,c_maya,to,0
m000547,c_noah,to,0
m000547,c_elena,to,1
m000547,c_taylor,to,2
m000547,c_chris,cc,3
m000548,c_maya,to,0
m000549,c_noah,to,0
m000549,c_elena,to,1
m000549,c_taylor,to,2
m000549,c_chris,cc,3
m000550,c_maya,to,0
m000551,c_noah,to,0
m000551,c_elena,to,1
m000551,c_taylor,to,2
m000551,c_chris,cc,3
m000552,c_maya,to,0
m000553,c_noah,to,0
m000553,c_elena,to,1
m000553,c_taylor,to,2
m000553,c_chris,cc,3
m000554,c_maya,to,0
m000555,c_noah,to,0
m000555,c_elena,to,1
m000555,c_taylor,to,2
m000555,c_chris,cc,3
m000556,c_maya,to,0
m000557,c_noah,to,0
m000557,c_elena,to,1
m000557,c_taylor,to,2
m000557,c_chris,cc,3
m000558,c_maya,to,0
m000559,c_noah,to,0
m000559,c_elena,to,1
m000559,c_taylor,to,2
m000559,c_chris,cc,3
m000560,c_maya,to,0
m000561,c_noah,to,0
m000561,c_elena,to,1
m000561,c_taylor,to,2
m000561,c_chris,cc,3
m000562,c_maya,to,0
m000563,c_noah,to,0
m000563,c_elena,to,1
m000563,c_taylor,to,2
m000563,c_chris,cc,3
m000564,c_maya,to,0
m000565,c_noah,to,0
m000565,c_elena,to,1
m000565,c_taylor,to,2
m000565,c_chris,cc,3
m000566,c_maya,to,0
m000567,c_noah,to,0
m000567,c_elena,to,1
m000567,c_taylor,to,2
m000567,c_chris,cc,3
m000568,c_maya,to,0
m000569,c_noah,to,0
m000569,c_elena,to,1
m000569,c_taylor,to,2
m000569,c_chris,cc,3
m000570,c_maya,to,0
m000571,c_noah,to,0
m000571,c_elena,to,1
m000571,c_taylor,to,2
m000571,c_chris,cc,3
m000572,c_maya,to,0
m000573,c_noah,to,0
m000573,c_elena,to,1
m000573,c_taylor,to,2
m000573,c_chris,cc,3
m000574,c_maya,to,0
m000575,c_noah,to,0
m000575,c_elena,to,1
m000575,c_taylor,to,2
m000575,c_chris,cc,3
m000576,c_maya,to,0
m000577,c_noah,to,0
m000577,c_elena,to,1
m000577,c_taylor,to,2
m000577,c_chris,cc,3
m000578,c_maya,to,0
m000579,c_noah,to,0
m000579,c_elena,to,1
m000579,c_taylor,to,2
m000579,c_chris,cc,3
m000580,c_maya,to,0
m000581,c_noah,to,0
m000581,c_elena,to,1
m000581,c_taylor,to,2
m000581,c_chris,cc,3
m000582,c_maya,to,0
m000583,c_noah,to,0
m000583,c_elena,to,1
m000583,c_taylor,to,2
m000583,c_chris,cc,3
m000584,c_maya,to,0
m000585,c_noah,to,0
m000585,c_elena,to,1
m000585,c_taylor,to,2
m000585,c_chris,cc,3
m000586,c_maya,to,0
m000587,c_noah,to,0
m000587,c_elena,to,1
m000587,c_taylor,to,2
m000587,c_chris,cc,3
m000588,c_maya,to,0
m000589,c_noah,to,0
m000589,c_elena,to,1
m000589,c_taylor,to,2
m000589,c_chris,cc,3
m000590,c_maya,to,0
m000591,c_noah,to,0
m000591,c_elena,to,1
m000591,c_taylor,to,2
m000591,c_chris,cc,3
m000592,c_maya,to,0
m000593,c_noah,to,0
m000593,c_elena,to,1
m000593,c_taylor,to,2
m000593,c_chris,cc,3
m000594,c_maya,to,0
m000595,c_noah,to,0
m000595,c_elena,to,1
m000595,c_taylor,to,2
m000595,c_chris,cc,3
m000596,c_maya,to,0
m000597,c_noah,to,0
m000597,c_elena,to,1
m000597,c_taylor,to,2
m000597,c_chris,cc,3
m000598,c_maya,to,0
m000599,c_noah,to,0
m000599,c_elena,to,1
m000599,c_taylor,to,2
m000599,c_chris,cc,3
m000600,c_maya,to,0
m000601,c_noah,to,0
m000601,c_elena,to,1
m000601,c_taylor,to,2
m000601,c_chris,cc,3
m000602,c_maya,to,0
m000603,c_noah,to,0
m000603,c_elena,to,1
m000603,c_taylor,to,2
m000603,c_chris,cc,3
m000604,c_maya,to,0
m000605,c_noah,to,0
m000605,c_elena,to,1
m000605,c_taylor,to,2
m000605,c_chris,cc,3
m000606,c_maya,to,0
m000607,c_noah,to,0
m000607,c_elena,to,1
m000607,c_taylor,to,2
m000607,c_chris,cc,3
m000608,c_maya,to,0
m000609,c_noah,to,0
m000609,c_elena,to,1
m000609,c_taylor,to,2
m000609,c_chris,cc,3
m000610,c_maya,to,0
m000611,c_noah,to,0
m000611,c_elena,to,1
m000611,c_taylor,to,2
m000611,c_chris,cc,3
m000612,c_maya,to,0
m000613,c_noah,to,0
m000613,c_elena,to,1
m000613,c_taylor,to,2
m000613,c_chris,cc,3
m000614,c_maya,to,0
m000615,c_noah,to,0
m000615,c_elena,to,1
m000615,c_taylor,to,2
m000615,c_chris,cc,3
m000616,c_maya,to,0
m000617,c_noah,to,0
m000617,c_elena,to,1
m000617,c_taylor,to,2
m000617,c_chris,cc,3
m000618,c_maya,to,0
m000619,c_noah,to,0
m000619,c_elena,to,1
m000619,c_taylor,to,2
m000619,c_chris,cc,3
m000620,c_maya,to,0
m000621,c_noah,to,0
m000621,c_elena,to,1
m000621,c_taylor,to,2
m000621,c_chris,cc,3
m000622,c_maya,to,0
m000623,c_noah,to,0
m000623,c_elena,to,1
m000623,c_taylor,to,2
m000623,c_chris,cc,3
m000624,c_maya,to,0
m000625,c_chris,to,0
m000625,c_noah,to,1
m000625,c_elena,to,2
m000625,c_marcus,cc,3
m000626,c_maya,to,0
m000627,c_chris,to,0
m000627,c_noah,to,1
m000627,c_elena,to,2
m000627,c_marcus,cc,3
m000628,c_maya,to,0
m000629,c_chris,to,0
m000629,c_noah,to,1
m000629,c_elena,to,2
m000629,c_marcus,cc,3
m000630,c_maya,to,0
m000631,c_chris,to,0
m000631,c_noah,to,1
m000631,c_elena,to,2
m000631,c_marcus,cc,3
m000632,c_maya,to,0
m000633,c_priya,to,0
m000633,c_quinn,cc,1
m000634,c_maya,to,0
m000635,c_priya,to,0
m000635,c_quinn,cc,1
m000636,c_maya,to,0
m000637,c_priya,to,0
m000637,c_quinn,cc,1
m000638,c_maya,to,0
m000639,c_priya,to,0
m000639,c_quinn,cc,1
m000640,c_maya,to,0
m000641,c_priya,to,0
m000641,c_quinn,cc,1
m000642,c_maya,to,0
m000643,c_priya,to,0
m000643,c_quinn,cc,1
m000644,c_maya,to,0
m000645,c_elena,to,0
m000645,c_taylor,to,1
m000645,c_lena,to,2
m000646,c_noah,to,0
m000647,c_elena,to,0
m000647,c_taylor,to,1
m000647,c_lena,to,2
m000648,c_noah,to,0
m000649,c_elena,to,0
m000649,c_taylor,to,1
m000649,c_lena,to,2
m000650,c_noah,to,0
m000651,c_elena,to,0
m000651,c_taylor,to,1
m000651,c_lena,to,2
m000652,c_noah,to,0
m000653,c_elena,to,0
m000653,c_taylor,to,1
m000653,c_lena,to,2
m000654,c_noah,to,0
m000655,c_elena,to,0
m000655,c_taylor,to,1
m000655,c_lena,to,2
m000656,c_noah,to,0
m000657,c_noah,to,0
m000657,c_taylor,to,1
m000657,c_chris,cc,2
m000658,c_elena,to,0
m000659,c_noah,to,0
m000659,c_taylor,to,1
m000659,c_chris,cc,2
m000660,c_elena,to,0
m000661,c_noah,to,0
m000661,c_taylor,to,1
m000661,c_chris,cc,2
m000662,c_elena,to,0
m000663,c_noah,to,0
m000663,c_taylor,to,1
m000663,c_chris,cc,2
m000664,c_elena,to,0
m000665,c_noah,to,0
m000666,c_taylor,to,0
m000667,c_noah,to,0
m000668,c_taylor,to,0
m000669,c_avery,to,0
m000669,c_devon,to,1
m000670,c_alex_chan,to,0
m000671,c_avery,to,0
m000671,c_devon,to,1
m000672,c_alex_chan,to,0
m000673,c_maya,to,0
m000674,c_alex_chen,to,0
m000675,c_quinn,to,0
m000676,c_priya,to,0
m000677,c_marcus,to,0
m000678,c_chris,to,0
m000679,c_marcus,to,0
m000680,c_chris,to,0
m000681,c_hana,to,0
m000682,c_sam,to,0
m000683,c_alex_chan,to,0
m000684,c_maya,to,0
m000685,c_alex_chan,to,0
m000686,c_maya,to,0
m000687,c_alex_chan,to,0
m000688,c_maya,to,0
m000689,c_alex_chan,to,0
m000690,c_maya,to,0
m000691,c_alex_chan,to,0
m000692,c_maya,to,0
m000693,c_alex_chan,to,0
m000694,c_maya,to,0
m000695,c_jamie_lee,to,0
m000696,c_maya,to,0
m000697,c_jamie_lee,to,0
m000698,c_maya,to,0
m000699,c_jamie_lee,to,0
m000700,c_maya,to,0
m000701,c_jamie_lee,to,0
m000702,c_maya,to,0
m000703,c_jamie_lee,to,0
m000704,c_maya,to,0
m000705,c_jamie_lee,to,0
m000706,c_maya,to,0
m000707,c_morgan_shaw,to,0
m000708,c_maya,to,0
m000709,c_morgan_shaw,to,0
m000710,c_maya,to,0
m000711,c_morgan_shaw,to,0
m000712,c_maya,to,0
m000713,c_morgan_shaw,to,0
m000714,c_maya,to,0
m000715,c_morgan_shaw,to,0
m000716,c_maya,to,0
m000717,c_morgan_shaw,to,0
m000718,c_maya,to,0
m000719,c_alex_chen,to,0
m000720,c_maya,to,0
m000721,c_alex_chen,to,0
m000722,c_maya,to,0
m000723,c_alex_chen,to,0
m000724,c_maya,to,0
m000725,c_alex_chen,to,0
m000726,c_maya,to,0
m000727,c_jamie_li,to,0
m000728,c_maya,to,0
m000729,c_jamie_li,to,0
m000730,c_maya,to,0
m000731,c_jamie_li,to,0
m000732,c_maya,to,0
m000733,c_jamie_li,to,0
m000734,c_maya,to,0
m000735,c_morgan_zhao,to,0
m000736,c_maya,to,0
m000737,c_morgan_zhao,to,0
m000738,c_maya,to,0
m000739,c_morgan_zhao,to,0
m000740,c_maya,to,0
m000741,c_morgan_zhao,to,0
m000742,c_maya,to,0
m000743,c_lee,to,0
m000744,c_maya,to,0
m000745,c_lee,to,0
m000746,c_maya,to,0
m000747,c_lee,to,0
m000748,c_maya,to,0
m000749,c_lee,to,0
m000750,c_maya,to,0
m000751,c_lee,to,0
m000752,c_maya,to,0
m000753,c_lee,to,0
m000754,c_maya,to,0
m000755,c_pat,to,0
m000756,c_maya,to,0
m000757,c_pat,to,0
m000758,c_maya,to,0
m000759,c_pat,to,0
m000760,c_maya,to,0
m000761,c_pat,to,0
m000762,c_maya,to,0
m000763,c_pat,to,0
m000764,c_maya,to,0
m000765,c_pat,to,0
m000766,c_maya,to,0
m000767,c_ren,to,0
m000768,c_maya,to,0
m000769,c_ren,to,0
m000770,c_maya,to,0
m000771,c_ren,to,0
m000772,c_maya,to,0
m000773,c_ren,to,0
m000774,c_maya,to,0
m000775,c_ren,to,0
m000776,c_maya,to,0
m000777,c_ren,to,0
m000778,c_maya,to,0
m000779,c_sam,to,0
m000780,c_maya,to,0
m000781,c_hana,to,0
m000782,c_maya,to,0
m000783,c_fac_001,to,0
m000784,c_maya,to,0
m000785,c_fac_002,to,0
m000786,c_maya,to,0
m000787,c_fac_003,to,0
m000788,c_maya,to,0
m000789,c_fac_004,to,0
m000790,c_maya,to,0
m000791,c_fac_005,to,0
m000792,c_maya,to,0
m000793,c_fac_006,to,0
m000794,c_maya,to,0
m000795,c_fac_007,to,0
m000796,c_maya,to,0
m000797,c_fac_008,to,0
m000798,c_maya,to,0
m000799,c_fac_009,to,0
m000800,c_maya,to,0
m000801,c_fac_010,to,0
m000802,c_maya,to,0
m000803,c_fac_011,to,0
m000804,c_maya,to,0
m000805,c_fac_012,to,0
m000806,c_maya,to,0
m000807,c_fac_013,to,0
m000808,c_maya,to,0
m000809,c_fac_014,to,0
m000810,c_maya,to,0
m000811,c_fac_015,to,0
m000812,c_maya,to,0
m000813,c_fac_016,to,0
m000814,c_maya,to,0
m000815,c_fac_017,to,0
m000816,c_maya,to,0
m000817,c_noah,to,0
m000817,c_elena,to,1
m000817,c_taylor,to,2
m000817,c_chris,cc,3
m000818,c_maya,to,0
m000819,c_noah,to,0
m000819,c_elena,to,1
m000819,c_taylor,to,2
m000819,c_chris,cc,3
m000820,c_maya,to,0
m000821,c_noah,to,0
m000821,c_elena,to,1
m000821,c_taylor,to,2
m000821,c_chris,cc,3
m000822,c_maya,to,0
m000823,c_noah,to,0
m000823,c_elena,to,1
m000823,c_taylor,to,2
m000823,c_chris,cc,3
m000824,c_maya,to,0
m000825,c_noah,to,0
m000825,c_elena,to,1
m000825,c_taylor,to,2
m000825,c_chris,cc,3
m000826,c_maya,to,0
m000827,c_noah,to,0
m000827,c_elena,to,1
m000827,c_taylor,to,2
m000827,c_chris,cc,3
m000828,c_maya,to,0
m000829,c_noah,to,0
m000829,c_elena,to,1
m000829,c_taylor,to,2
m000829,c_chris,cc,3
m000830,c_maya,to,0
m000831,c_noah,to,0
m000831,c_elena,to,1
m000831,c_taylor,to,2
m000831,c_chris,cc,3
m000832,c_maya,to,0
m000833,c_noah,to,0
m000833,c_elena,to,1
m000833,c_taylor,to,2
m000833,c_chris,cc,3
m000834,c_maya,to,0
m000835,c_noah,to,0
m000835,c_elena,to,1
m000835,c_taylor,to,2
m000835,c_chris,cc,3
m000836,c_maya,to,0
m000837,c_noah,to,0
m000837,c_elena,to,1
m000837,c_taylor,to,2
m000837,c_chris,cc,3
m000838,c_maya,to,0
m000839,c_noah,to,0
m000839,c_elena,to,1
m000839,c_taylor,to,2
m000839,c_chris,cc,3
m000840,c_maya,to,0
m000841,c_noah,to,0
m000841,c_elena,to,1
m000841,c_taylor,to,2
m000841,c_chris,cc,3
m000842,c_maya,to,0
m000843,c_noah,to,0
m000843,c_elena,to,1
m000843,c_taylor,to,2
m000843,c_chris,cc,3
m000844,c_maya,to,0
m000845,c_noah,to,0
m000845,c_elena,to,1
m000845,c_taylor,to,2
m000845,c_chris,cc,3
m000846,c_maya,to,0
m000847,c_noah,to,0
m000847,c_elena,to,1
m000847,c_taylor,to,2
m000847,c_chris,cc,3
m000848,c_maya,to,0
m000849,c_noah,to,0
m000849,c_elena,to,1
m000849,c_taylor,to,2
m000849,c_chris,cc,3
m000850,c_maya,to,0
m000851,c_noah,to,0
m000851,c_elena,to,1
m000851,c_taylor,to,2
m000851,c_chris,cc,3
m000852,c_maya,to,0
m000853,c_noah,to,0
m000853,c_elena,to,1
m000853,c_taylor,to,2
m000853,c_chris,cc,3
m000854,c_maya,to,0
m000855,c_noah,to,0
m000855,c_elena,to,1
m000855,c_taylor,to,2
m000855,c_chris,cc,3
m000856,c_maya,to,0
m000857,c_noah,to,0
m000857,c_elena,to,1
m000857,c_taylor,to,2
m000857,c_chris,cc,3
m000858,c_maya,to,0
m000859,c_noah,to,0
m000859,c_elena,to,1
m000859,c_taylor,to,2
m000859,c_chris,cc,3
m000860,c_maya,to,0
m000861,c_noah,to,0
m000861,c_elena,to,1
m000861,c_taylor,to,2
m000861,c_chris,cc,3
m000862,c_maya,to,0
m000863,c_noah,to,0
m000863,c_elena,to,1
m000863,c_taylor,to,2
m000863,c_chris,cc,3
m000864,c_maya,to,0
m000865,c_noah,to,0
m000865,c_elena,to,1
m000865,c_taylor,to,2
m000865,c_chris,cc,3
m000866,c_maya,to,0
m000867,c_noah,to,0
m000867,c_elena,to,1
m000867,c_taylor,to,2
m000867,c_chris,cc,3
m000868,c_maya,to,0
m000869,c_noah,to,0
m000869,c_elena,to,1
m000869,c_taylor,to,2
m000869,c_chris,cc,3
m000870,c_maya,to,0
m000871,c_noah,to,0
m000871,c_elena,to,1
m000871,c_taylor,to,2
m000871,c_chris,cc,3
m000872,c_maya,to,0
m000873,c_noah,to,0
m000873,c_elena,to,1
m000873,c_taylor,to,2
m000873,c_chris,cc,3
m000874,c_maya,to,0
m000875,c_noah,to,0
m000875,c_elena,to,1
m000875,c_taylor,to,2
m000875,c_chris,cc,3
m000876,c_maya,to,0
m000877,c_noah,to,0
m000877,c_elena,to,1
m000877,c_taylor,to,2
m000877,c_chris,cc,3
m000878,c_maya,to,0
m000879,c_noah,to,0
m000879,c_elena,to,1
m000879,c_taylor,to,2
m000879,c_chris,cc,3
m000880,c_maya,to,0
m000881,c_noah,to,0
m000881,c_elena,to,1
m000881,c_taylor,to,2
m000881,c_chris,cc,3
m000882,c_maya,to,0
m000883,c_noah,to,0
m000883,c_elena,to,1
m000883,c_taylor,to,2
m000883,c_chris,cc,3
m000884,c_maya,to,0
m000885,c_noah,to,0
m000885,c_elena,to,1
m000885,c_taylor,to,2
m000885,c_chris,cc,3
m000886,c_maya,to,0
m000887,c_noah,to,0
m000887,c_elena,to,1
m000887,c_taylor,to,2
m000887,c_chris,cc,3
m000888,c_maya,to,0
m000889,c_noah,to,0
m000889,c_elena,to,1
m000889,c_taylor,to,2
m000889,c_chris,cc,3
m000890,c_maya,to,0
m000891,c_noah,to,0
m000891,c_elena,to,1
m000891,c_taylor,to,2
m000891,c_chris,cc,3
m000892,c_maya,to,0
m000893,c_noah,to,0
m000893,c_elena,to,1
m000893,c_taylor,to,2
m000893,c_chris,cc,3
m000894,c_maya,to,0
m000895,c_noah,to,0
m000895,c_elena,to,1
m000895,c_taylor,to,2
m000895,c_chris,cc,3
m000896,c_maya,to,0
m000897,c_chris,to,0
m000897,c_noah,to,1
m000897,c_elena,to,2
m000897,c_marcus,cc,3
m000898,c_maya,to,0
m000899,c_chris,to,0
m000899,c_noah,to,1
m000899,c_elena,to,2
m000899,c_marcus,cc,3
m000900,c_maya,to,0
m000901,c_chris,to,0
m000901,c_noah,to,1
m000901,c_elena,to,2
m000901,c_marcus,cc,3
m000902,c_maya,to,0
m000903,c_chris,to,0
m000903,c_noah,to,1
m000903,c_elena,to,2
m000903,c_marcus,cc,3
m000904,c_maya,to,0
m000905,c_priya,to,0
m000905,c_quinn,cc,1
m000906,c_maya,to,0
m000907,c_priya,to,0
m000907,c_quinn,cc,1
m000908,c_maya,to,0
m000909,c_priya,to,0
m000909,c_quinn,cc,1
m000910,c_maya,to,0
m000911,c_priya,to,0
m000911,c_quinn,cc,1
m000912,c_maya,to,0
m000913,c_priya,to,0
m000913,c_quinn,cc,1
m000914,c_maya,to,0
m000915,c_priya,to,0
m000915,c_quinn,cc,1
m000916,c_maya,to,0
m000917,c_elena,to,0
m000917,c_taylor,to,1
m000917,c_lena,to,2
m000918,c_noah,to,0
m000919,c_elena,to,0
m000919,c_taylor,to,1
m000919,c_lena,to,2
m000920,c_noah,to,0
m000921,c_elena,to,0
m000921,c_taylor,to,1
m000921,c_lena,to,2
m000922,c_noah,to,0
m000923,c_elena,to,0
m000923,c_taylor,to,1
m000923,c_lena,to,2
m000924,c_noah,to,0
m000925,c_elena,to,0
m000925,c_taylor,to,1
m000925,c_lena,to,2
m000926,c_noah,to,0
m000927,c_elena,to,0
m000927,c_taylor,to,1
m000927,c_lena,to,2
m000928,c_noah,to,0
m000929,c_noah,to,0
m000929,c_taylor,to,1
m000929,c_chris,cc,2
m000930,c_elena,to,0
m000931,c_noah,to,0
m000931,c_taylor,to,1
m000931,c_chris,cc,2
m000932,c_elena,to,0
m000933,c_noah,to,0
m000933,c_taylor,to,1
m000933,c_chris,cc,2
m000934,c_elena,to,0
m000935,c_noah,to,0
m000935,c_taylor,to,1
m000935,c_chris,cc,2
m000936,c_elena,to,0
m000937,c_noah,to,0
m000938,c_taylor,to,0
m000939,c_noah,to,0
m000940,c_taylor,to,0
m000941,c_avery,to,0
m000941,c_devon,to,1
m000942,c_alex_chan,to,0
m000943,c_avery,to,0
m000943,c_devon,to,1
m000944,c_alex_chan,to,0
m000945,c_maya,to,0
m000946,c_alex_chen,to,0
m000947,c_quinn,to,0
m000948,c_priya,to,0
m000949,c_marcus,to,0
m000950,c_chris,to,0
m000951,c_marcus,to,0
m000952,c_chris,to,0
m000953,c_hana,to,0
m000954,c_sam,to,0
m000955,c_alex_chan,to,0
m000956,c_maya,to,0
m000957,c_alex_chan,to,0
m000958,c_maya,to,0
m000959,c_alex_chan,to,0
m000960,c_maya,to,0
m000961,c_alex_chan,to,0
m000962,c_maya,to,0
m000963,c_alex_chan,to,0
m000964,c_maya,to,0
m000965,c_alex_chan,to,0
m000966,c_maya,to,0
m000967,c_jamie_lee,to,0
m000968,c_maya,to,0
m000969,c_jamie_lee,to,0
m000970,c_maya,to,0
m000971,c_jamie_lee,to,0
m000972,c_maya,to,0
m000973,c_jamie_lee,to,0
m000974,c_maya,to,0
m000975,c_jamie_lee,to,0
m000976,c_maya,to,0
m000977,c_jamie_lee,to,0
m000978,c_maya,to,0
m000979,c_morgan_shaw,to,0
m000980,c_maya,to,0
m000981,c_morgan_shaw,to,0
m000982,c_maya,to,0
m000983,c_morgan_shaw,to,0
m000984,c_maya,to,0
m000985,c_morgan_shaw,to,0
m000986,c_maya,to,0
m000987,c_morgan_shaw,to,0
m000988,c_maya,to,0
m000989,c_morgan_shaw,to,0
m000990,c_maya,to,0
m000991,c_alex_chen,to,0
m000992,c_maya,to,0
m000993,c_alex_chen,to,0
m000994,c_maya,to,0
m000995,c_alex_chen,to,0
m000996,c_maya,to,0
m000997,c_alex_chen,to,0
m000998,c_maya,to,0
m000999,c_jamie_li,to,0
m001000,c_maya,to,0
m001001,c_jamie_li,to,0
m001002,c_maya,to,0
m001003,c_jamie_li,to,0
m001004,c_maya,to,0
m001005,c_jamie_li,to,0
m001006,c_maya,to,0
m001007,c_morgan_zhao,to,0
m001008,c_maya,to,0
m001009,c_morgan_zhao,to,0
m001010,c_maya,to,0
m001011,c_morgan_zhao,to,0
m001012,c_maya,to,0
m001013,c_morgan_zhao,to,0
m001014,c_maya,to,0
m001015,c_lee,to,0
m001016,c_maya,to,0
m001017,c_lee,to,0
m001018,c_maya,to,0
m001019,c_lee,to,0
m001020,c_maya,to,0
m001021,c_lee,to,0
m001022,c_maya,to,0
m001023,c_lee,to,0
m001024,c_maya,to,0
m001025,c_lee,to,0
m001026,c_maya,to,0
m001027,c_pat,to,0
m001028,c_maya,to,0
m001029,c_pat,to,0
m001030,c_maya,to,0
m001031,c_pat,to,0
m001032,c_maya,to,0
m001033,c_pat,to,0
m001034,c_maya,to,0
m001035,c_pat,to,0
m001036,c_maya,to,0
m001037,c_pat,to,0
m001038,c_maya,to,0
m001039,c_ren,to,0
m001040,c_maya,to,0
m001041,c_ren,to,0
m001042,c_maya,to,0
m001043,c_ren,to,0
m001044,c_maya,to,0
m001045,c_ren,to,0
m001046,c_maya,to,0
m001047,c_ren,to,0
m001048,c_maya,to,0
m001049,c_ren,to,0
m001050,c_maya,to,0
m001051,c_sam,to,0
m001052,c_maya,to,0
m001053,c_hana,to,0
m001054,c_maya,to,0
m001055,c_fac_001,to,0
m001056,c_maya,to,0
m001057,c_fac_002,to,0
m001058,c_maya,to,0
m001059,c_fac_003,to,0
m001060,c_maya,to,0
m001061,c_fac_004,to,0
m001062,c_maya,to,0
m001063,c_fac_005,to,0
m001064,c_maya,to,0
m001065,c_fac_006,to,0
m001066,c_maya,to,0
m001067,c_fac_007,to,0
m001068,c_maya,to,0
m001069,c_fac_008,to,0
m001070,c_maya,to,0
m001071,c_fac_009,to,0
m001072,c_maya,to,0
m001073,c_fac_010,to,0
m001074,c_maya,to,0
m001075,c_fac_011,to,0
m001076,c_maya,to,0
m001077,c_fac_012,to,0
m001078,c_maya,to,0
m001079,c_fac_013,to,0
m001080,c_maya,to,0
m001081,c_fac_014,to,0
m001082,c_maya,to,0
m001083,c_fac_015,to,0
m001084,c_maya,to,0
m001085,c_fac_016,to,0
m001086,c_maya,to,0
m001087,c_fac_017,to,0
m001088,c_maya,to,0
m001089,c_noah,to,0
m001089,c_elena,to,1
m001089,c_taylor,to,2
m001089,c_chris,cc,3
m001090,c_maya,to,0
m001091,c_noah,to,0
m001091,c_elena,to,1
m001091,c_taylor,to,2
m001091,c_chris,cc,3
m001092,c_maya,to,0
m001093,c_noah,to,0
m001093,c_elena,to,1
m001093,c_taylor,to,2
m001093,c_chris,cc,3
m001094,c_maya,to,0
m001095,c_noah,to,0
m001095,c_elena,to,1
m001095,c_taylor,to,2
m001095,c_chris,cc,3
m001096,c_maya,to,0
m001097,c_noah,to,0
m001097,c_elena,to,1
m001097,c_taylor,to,2
m001097,c_chris,cc,3
m001098,c_maya,to,0
m001099,c_noah,to,0
m001099,c_elena,to,1
m001099,c_taylor,to,2
m001099,c_chris,cc,3
m001100,c_maya,to,0
m001101,c_noah,to,0
m001101,c_elena,to,1
m001101,c_taylor,to,2
m001101,c_chris,cc,3
m001102,c_maya,to,0
m001103,c_noah,to,0
m001103,c_elena,to,1
m001103,c_taylor,to,2
m001103,c_chris,cc,3
m001104,c_maya,to,0
m001105,c_noah,to,0
m001105,c_elena,to,1
m001105,c_taylor,to,2
m001105,c_chris,cc,3
m001106,c_maya,to,0
m001107,c_noah,to,0
m001107,c_elena,to,1
m001107,c_taylor,to,2
m001107,c_chris,cc,3
m001108,c_maya,to,0
m001109,c_noah,to,0
m001109,c_elena,to,1
m001109,c_taylor,to,2
m001109,c_chris,cc,3
m001110,c_maya,to,0
m001111,c_noah,to,0
m001111,c_elena,to,1
m001111,c_taylor,to,2
m001111,c_chris,cc,3
m001112,c_maya,to,0
m001113,c_noah,to,0
m001113,c_elena,to,1
m001113,c_taylor,to,2
m001113,c_chris,cc,3
m001114,c_maya,to,0
m001115,c_noah,to,0
m001115,c_elena,to,1
m001115,c_taylor,to,2
m001115,c_chris,cc,3
m001116,c_maya,to,0
m001117,c_noah,to,0
m001117,c_elena,to,1
m001117,c_taylor,to,2
m001117,c_chris,cc,3
m001118,c_maya,to,0
m001119,c_noah,to,0
m001119,c_elena,to,1
m001119,c_taylor,to,2
m001119,c_chris,cc,3
m001120,c_maya,to,0
m001121,c_noah,to,0
m001121,c_elena,to,1
m001121,c_taylor,to,2
m001121,c_chris,cc,3
m001122,c_maya,to,0
m001123,c_noah,to,0
m001123,c_elena,to,1
m001123,c_taylor,to,2
m001123,c_chris,cc,3
m001124,c_maya,to,0
m001125,c_noah,to,0
m001125,c_elena,to,1
m001125,c_taylor,to,2
m001125,c_chris,cc,3
m001126,c_maya,to,0
m001127,c_noah,to,0
m001127,c_elena,to,1
m001127,c_taylor,to,2
m001127,c_chris,cc,3
m001128,c_maya,to,0
m001129,c_noah,to,0
m001129,c_elena,to,1
m001129,c_taylor,to,2
m001129,c_chris,cc,3
m001130,c_maya,to,0
m001131,c_noah,to,0
m001131,c_elena,to,1
m001131,c_taylor,to,2
m001131,c_chris,cc,3
m001132,c_maya,to,0
m001133,c_noah,to,0
m001133,c_elena,to,1
m001133,c_taylor,to,2
m001133,c_chris,cc,3
m001134,c_maya,to,0
m001135,c_noah,to,0
m001135,c_elena,to,1
m001135,c_taylor,to,2
m001135,c_chris,cc,3
m001136,c_maya,to,0
m001137,c_noah,to,0
m001137,c_elena,to,1
m001137,c_taylor,to,2
m001137,c_chris,cc,3
m001138,c_maya,to,0
m001139,c_noah,to,0
m001139,c_elena,to,1
m001139,c_taylor,to,2
m001139,c_chris,cc,3
m001140,c_maya,to,0
m001141,c_noah,to,0
m001141,c_elena,to,1
m001141,c_taylor,to,2
m001141,c_chris,cc,3
m001142,c_maya,to,0
m001143,c_noah,to,0
m001143,c_elena,to,1
m001143,c_taylor,to,2
m001143,c_chris,cc,3
m001144,c_maya,to,0
m001145,c_noah,to,0
m001145,c_elena,to,1
m001145,c_taylor,to,2
m001145,c_chris,cc,3
m001146,c_maya,to,0
m001147,c_noah,to,0
m001147,c_elena,to,1
m001147,c_taylor,to,2
m001147,c_chris,cc,3
m001148,c_maya,to,0
m001149,c_noah,to,0
m001149,c_elena,to,1
m001149,c_taylor,to,2
m001149,c_chris,cc,3
m001150,c_maya,to,0
m001151,c_noah,to,0
m001151,c_elena,to,1
m001151,c_taylor,to,2
m001151,c_chris,cc,3
m001152,c_maya,to,0
m001153,c_noah,to,0
m001153,c_elena,to,1
m001153,c_taylor,to,2
m001153,c_chris,cc,3
m001154,c_maya,to,0
m001155,c_noah,to,0
m001155,c_elena,to,1
m001155,c_taylor,to,2
m001155,c_chris,cc,3
m001156,c_maya,to,0
m001157,c_noah,to,0
m001157,c_elena,to,1
m001157,c_taylor,to,2
m001157,c_chris,cc,3
m001158,c_maya,to,0
m001159,c_noah,to,0
m001159,c_elena,to,1
m001159,c_taylor,to,2
m001159,c_chris,cc,3
m001160,c_maya,to,0
m001161,c_noah,to,0
m001161,c_elena,to,1
m001161,c_taylor,to,2
m001161,c_chris,cc,3
m001162,c_maya,to,0
m001163,c_noah,to,0
m001163,c_elena,to,1
m001163,c_taylor,to,2
m001163,c_chris,cc,3
m001164,c_maya,to,0
m001165,c_noah,to,0
m001165,c_elena,to,1
m001165,c_taylor,to,2
m001165,c_chris,cc,3
m001166,c_maya,to,0
m001167,c_noah,to,0
m001167,c_elena,to,1
m001167,c_taylor,to,2
m001167,c_chris,cc,3
m001168,c_maya,to,0
m001169,c_chris,to,0
m001169,c_noah,to,1
m001169,c_elena,to,2
m001169,c_marcus,cc,3
m001170,c_maya,to,0
m001171,c_chris,to,0
m001171,c_noah,to,1
m001171,c_elena,to,2
m001171,c_marcus,cc,3
m001172,c_maya,to,0
m001173,c_chris,to,0
m001173,c_noah,to,1
m001173,c_elena,to,2
m001173,c_marcus,cc,3
m001174,c_maya,to,0
m001175,c_chris,to,0
m001175,c_noah,to,1
m001175,c_elena,to,2
m001175,c_marcus,cc,3
m001176,c_maya,to,0
m001177,c_priya,to,0
m001177,c_quinn,cc,1
m001178,c_maya,to,0
m001179,c_priya,to,0
m001179,c_quinn,cc,1
m001180,c_maya,to,0
m001181,c_priya,to,0
m001181,c_quinn,cc,1
m001182,c_maya,to,0
m001183,c_priya,to,0
m001183,c_quinn,cc,1
m001184,c_maya,to,0
m001185,c_priya,to,0
m001185,c_quinn,cc,1
m001186,c_maya,to,0
m001187,c_priya,to,0
m001187,c_quinn,cc,1
m001188,c_maya,to,0
m001189,c_elena,to,0
m001189,c_taylor,to,1
m001189,c_lena,to,2
m001190,c_noah,to,0
m001191,c_elena,to,0
m001191,c_taylor,to,1
m001191,c_lena,to,2
m001192,c_noah,to,0
m001193,c_elena,to,0
m001193,c_taylor,to,1
m001193,c_lena,to,2
m001194,c_noah,to,0
m001195,c_elena,to,0
m001195,c_taylor,to,1
m001195,c_lena,to,2
m001196,c_noah,to,0
m001197,c_elena,to,0
m001197,c_taylor,to,1
m001197,c_lena,to,2
m001198,c_noah,to,0
m001199,c_elena,to,0
m001199,c_taylor,to,1
m001199,c_lena,to,2
m001200,c_noah,to,0
m001201,c_noah,to,0
m001201,c_taylor,to,1
m001201,c_chris,cc,2
m001202,c_elena,to,0
m001203,c_noah,to,0
m001203,c_taylor,to,1
m001203,c_chris,cc,2
m001204,c_elena,to,0
m001205,c_noah,to,0
m001205,c_taylor,to,1
m001205,c_chris,cc,2
m001206,c_elena,to,0
m001207,c_noah,to,0
m001207,c_taylor,to,1
m001207,c_chris,cc,2
m001208,c_elena,to,0
m001209,c_noah,to,0
m001210,c_taylor,to,0
m001211,c_noah,to,0
m001212,c_taylor,to,0
m001213,c_avery,to,0
m001213,c_devon,to,1
m001214,c_alex_chan,to,0
m001215,c_avery,to,0
m001215,c_devon,to,1
m001216,c_alex_chan,to,0
m001217,c_maya,to,0
m001218,c_alex_chen,to,0
m001219,c_quinn,to,0
m001220,c_priya,to,0
m001221,c_marcus,to,0
m001222,c_chris,to,0
m001223,c_marcus,to,0
m001224,c_chris,to,0
m001225,c_hana,to,0
m001226,c_sam,to,0
m001227,c_alex_chan,to,0
m001228,c_maya,to,0
m001229,c_alex_chan,to,0
m001230,c_maya,to,0
m001231,c_alex_chan,to,0
m001232,c_maya,to,0
m001233,c_alex_chan,to,0
m001234,c_maya,to,0
m001235,c_alex_chan,to,0
m001236,c_maya,to,0
m001237,c_alex_chan,to,0
m001238,c_maya,to,0
m001239,c_jamie_lee,to,0
m001240,c_maya,to,0
m001241,c_jamie_lee,to,0
m001242,c_maya,to,0
m001243,c_jamie_lee,to,0
m001244,c_maya,to,0
m001245,c_jamie_lee,to,0
m001246,c_maya,to,0
m001247,c_jamie_lee,to,0
m001248,c_maya,to,0
m001249,c_jamie_lee,to,0
m001250,c_maya,to,0
m001251,c_morgan_shaw,to,0
m001252,c_maya,to,0
m001253,c_morgan_shaw,to,0
m001254,c_maya,to,0
m001255,c_morgan_shaw,to,0
m001256,c_maya,to,0
m001257,c_morgan_shaw,to,0
m001258,c_maya,to,0
m001259,c_morgan_shaw,to,0
m001260,c_maya,to,0
m001261,c_morgan_shaw,to,0
m001262,c_maya,to,0
m001263,c_alex_chen,to,0
m001264,c_maya,to,0
m001265,c_alex_chen,to,0
m001266,c_maya,to,0
m001267,c_alex_chen,to,0
m001268,c_maya,to,0
m001269,c_alex_chen,to,0
m001270,c_maya,to,0
m001271,c_jamie_li,to,0
m001272,c_maya,to,0
m001273,c_jamie_li,to,0
m001274,c_maya,to,0
m001275,c_jamie_li,to,0
m001276,c_maya,to,0
m001277,c_jamie_li,to,0
m001278,c_maya,to,0
m001279,c_morgan_zhao,to,0
m001280,c_maya,to,0
m001281,c_morgan_zhao,to,0
m001282,c_maya,to,0
m001283,c_morgan_zhao,to,0
m001284,c_maya,to,0
m001285,c_morgan_zhao,to,0
m001286,c_maya,to,0
m001287,c_lee,to,0
m001288,c_maya,to,0
m001289,c_lee,to,0
m001290,c_maya,to,0
m001291,c_lee,to,0
m001292,c_maya,to,0
m001293,c_lee,to,0
m001294,c_maya,to,0
m001295,c_lee,to,0
m001296,c_maya,to,0
m001297,c_lee,to,0
m001298,c_maya,to,0
m001299,c_pat,to,0
m001300,c_maya,to,0
m001301,c_pat,to,0
m001302,c_maya,to,0
m001303,c_pat,to,0
m001304,c_maya,to,0
m001305,c_pat,to,0
m001306,c_maya,to,0
m001307,c_pat,to,0
m001308,c_maya,to,0
m001309,c_pat,to,0
m001310,c_maya,to,0
m001311,c_ren,to,0
m001312,c_maya,to,0
m001313,c_ren,to,0
m001314,c_maya,to,0
m001315,c_ren,to,0
m001316,c_maya,to,0
m001317,c_ren,to,0
m001318,c_maya,to,0
m001319,c_ren,to,0
m001320,c_maya,to,0
m001321,c_ren,to,0
m001322,c_maya,to,0
m001323,c_sam,to,0
m001324,c_maya,to,0
m001325,c_hana,to,0
m001326,c_maya,to,0
m001327,c_fac_001,to,0
m001328,c_maya,to,0
m001329,c_fac_002,to,0
m001330,c_maya,to,0
m001331,c_fac_003,to,0
m001332,c_maya,to,0
m001333,c_fac_004,to,0
m001334,c_maya,to,0
m001335,c_fac_005,to,0
m001336,c_maya,to,0
m001337,c_fac_006,to,0
m001338,c_maya,to,0
m001339,c_fac_007,to,0
m001340,c_maya,to,0
m001341,c_fac_008,to,0
m001342,c_maya,to,0
m001343,c_fac_009,to,0
m001344,c_maya,to,0
m001345,c_fac_010,to,0
m001346,c_maya,to,0
m001347,c_fac_011,to,0
m001348,c_maya,to,0
m001349,c_fac_012,to,0
m001350,c_maya,to,0
m001351,c_fac_013,to,0
m001352,c_maya,to,0
m001353,c_fac_014,to,0
m001354,c_maya,to,0
m001355,c_fac_015,to,0
m001356,c_maya,to,0
m001357,c_fac_016,to,0
m001358,c_maya,to,0
m001359,c_fac_017,to,0
m001360,c_maya,to,0
m001361,c_noah,to,0
m001361,c_elena,to,1
m001361,c_taylor,to,2
m001361,c_chris,cc,3
m001362,c_maya,to,0
m001363,c_noah,to,0
m001363,c_elena,to,1
m001363,c_taylor,to,2
m001363,c_chris,cc,3
m001364,c_maya,to,0
m001365,c_noah,to,0
m001365,c_elena,to,1
m001365,c_taylor,to,2
m001365,c_chris,cc,3
m001366,c_maya,to,0
m001367,c_noah,to,0
m001367,c_elena,to,1
m001367,c_taylor,to,2
m001367,c_chris,cc,3
m001368,c_maya,to,0
m001369,c_noah,to,0
m001369,c_elena,to,1
m001369,c_taylor,to,2
m001369,c_chris,cc,3
m001370,c_maya,to,0
m001371,c_noah,to,0
m001371,c_elena,to,1
m001371,c_taylor,to,2
m001371,c_chris,cc,3
m001372,c_maya,to,0
m001373,c_noah,to,0
m001373,c_elena,to,1
m001373,c_taylor,to,2
m001373,c_chris,cc,3
m001374,c_maya,to,0
m001375,c_noah,to,0
m001375,c_elena,to,1
m001375,c_taylor,to,2
m001375,c_chris,cc,3
m001376,c_maya,to,0
m001377,c_noah,to,0
m001377,c_elena,to,1
m001377,c_taylor,to,2
m001377,c_chris,cc,3
m001378,c_maya,to,0
m001379,c_noah,to,0
m001379,c_elena,to,1
m001379,c_taylor,to,2
m001379,c_chris,cc,3
m001380,c_maya,to,0
m001381,c_noah,to,0
m001381,c_elena,to,1
m001381,c_taylor,to,2
m001381,c_chris,cc,3
m001382,c_maya,to,0
m001383,c_noah,to,0
m001383,c_elena,to,1
m001383,c_taylor,to,2
m001383,c_chris,cc,3
m001384,c_maya,to,0
m001385,c_noah,to,0
m001385,c_elena,to,1
m001385,c_taylor,to,2
m001385,c_chris,cc,3
m001386,c_maya,to,0
m001387,c_noah,to,0
m001387,c_elena,to,1
m001387,c_taylor,to,2
m001387,c_chris,cc,3
m001388,c_maya,to,0
m001389,c_noah,to,0
m001389,c_elena,to,1
m001389,c_taylor,to,2
m001389,c_chris,cc,3
m001390,c_maya,to,0
m001391,c_noah,to,0
m001391,c_elena,to,1
m001391,c_taylor,to,2
m001391,c_chris,cc,3
m001392,c_maya,to,0
m001393,c_noah,to,0
m001393,c_elena,to,1
m001393,c_taylor,to,2
m001393,c_chris,cc,3
m001394,c_maya,to,0
m001395,c_noah,to,0
m001395,c_elena,to,1
m001395,c_taylor,to,2
m001395,c_chris,cc,3
m001396,c_maya,to,0
m001397,c_noah,to,0
m001397,c_elena,to,1
m001397,c_taylor,to,2
m001397,c_chris,cc,3
m001398,c_maya,to,0
m001399,c_noah,to,0
m001399,c_elena,to,1
m001399,c_taylor,to,2
m001399,c_chris,cc,3
m001400,c_maya,to,0
m001401,c_noah,to,0
m001401,c_elena,to,1
m001401,c_taylor,to,2
m001401,c_chris,cc,3
m001402,c_maya,to,0
m001403,c_noah,to,0
m001403,c_elena,to,1
m001403,c_taylor,to,2
m001403,c_chris,cc,3
m001404,c_maya,to,0
m001405,c_noah,to,0
m001405,c_elena,to,1
m001405,c_taylor,to,2
m001405,c_chris,cc,3
m001406,c_maya,to,0
m001407,c_noah,to,0
m001407,c_elena,to,1
m001407,c_taylor,to,2
m001407,c_chris,cc,3
m001408,c_maya,to,0
m001409,c_noah,to,0
m001409,c_elena,to,1
m001409,c_taylor,to,2
m001409,c_chris,cc,3
m001410,c_maya,to,0
m001411,c_noah,to,0
m001411,c_elena,to,1
m001411,c_taylor,to,2
m001411,c_chris,cc,3
m001412,c_maya,to,0
m001413,c_noah,to,0
m001413,c_elena,to,1
m001413,c_taylor,to,2
m001413,c_chris,cc,3
m001414,c_maya,to,0
m001415,c_noah,to,0
m001415,c_elena,to,1
m001415,c_taylor,to,2
m001415,c_chris,cc,3
m001416,c_maya,to,0
m001417,c_noah,to,0
m001417,c_elena,to,1
m001417,c_taylor,to,2
m001417,c_chris,cc,3
m001418,c_maya,to,0
m001419,c_noah,to,0
m001419,c_elena,to,1
m001419,c_taylor,to,2
m001419,c_chris,cc,3
m001420,c_maya,to,0
m001421,c_noah,to,0
m001421,c_elena,to,1
m001421,c_taylor,to,2
m001421,c_chris,cc,3
m001422,c_maya,to,0
m001423,c_noah,to,0
m001423,c_elena,to,1
m001423,c_taylor,to,2
m001423,c_chris,cc,3
m001424,c_maya,to,0
m001425,c_noah,to,0
m001425,c_elena,to,1
m001425,c_taylor,to,2
m001425,c_chris,cc,3
m001426,c_maya,to,0
m001427,c_noah,to,0
m001427,c_elena,to,1
m001427,c_taylor,to,2
m001427,c_chris,cc,3
m001428,c_maya,to,0
m001429,c_noah,to,0
m001429,c_elena,to,1
m001429,c_taylor,to,2
m001429,c_chris,cc,3
m001430,c_maya,to,0
m001431,c_noah,to,0
m001431,c_elena,to,1
m001431,c_taylor,to,2
m001431,c_chris,cc,3
m001432,c_maya,to,0
m001433,c_noah,to,0
m001433,c_elena,to,1
m001433,c_taylor,to,2
m001433,c_chris,cc,3
m001434,c_maya,to,0
m001435,c_noah,to,0
m001435,c_elena,to,1
m001435,c_taylor,to,2
m001435,c_chris,cc,3
m001436,c_maya,to,0
m001437,c_noah,to,0
m001437,c_elena,to,1
m001437,c_taylor,to,2
m001437,c_chris,cc,3
m001438,c_maya,to,0
m001439,c_noah,to,0
m001439,c_elena,to,1
m001439,c_taylor,to,2
m001439,c_chris,cc,3
m001440,c_maya,to,0
m001441,c_chris,to,0
m001441,c_noah,to,1
m001441,c_elena,to,2
m001441,c_marcus,cc,3
m001442,c_maya,to,0
m001443,c_chris,to,0
m001443,c_noah,to,1
m001443,c_elena,to,2
m001443,c_marcus,cc,3
m001444,c_maya,to,0
m001445,c_chris,to,0
m001445,c_noah,to,1
m001445,c_elena,to,2
m001445,c_marcus,cc,3
m001446,c_maya,to,0
m001447,c_chris,to,0
m001447,c_noah,to,1
m001447,c_elena,to,2
m001447,c_marcus,cc,3
m001448,c_maya,to,0
m001449,c_priya,to,0
m001449,c_quinn,cc,1
m001450,c_maya,to,0
m001451,c_priya,to,0
m001451,c_quinn,cc,1
m001452,c_maya,to,0
m001453,c_priya,to,0
m001453,c_quinn,cc,1
m001454,c_maya,to,0
m001455,c_priya,to,0
m001455,c_quinn,cc,1
m001456,c_maya,to,0
m001457,c_priya,to,0
m001457,c_quinn,cc,1
m001458,c_maya,to,0
m001459,c_priya,to,0
m001459,c_quinn,cc,1
m001460,c_maya,to,0
m001461,c_elena,to,0
m001461,c_taylor,to,1
m001461,c_lena,to,2
m001462,c_noah,to,0
m001463,c_elena,to,0
m001463,c_taylor,to,1
m001463,c_lena,to,2
m001464,c_noah,to,0
m001465,c_elena,to,0
m001465,c_taylor,to,1
m001465,c_lena,to,2
m001466,c_noah,to,0
m001467,c_elena,to,0
m001467,c_taylor,to,1
m001467,c_lena,to,2
m001468,c_noah,to,0
m001469,c_elena,to,0
m001469,c_taylor,to,1
m001469,c_lena,to,2
m001470,c_noah,to,0
m001471,c_elena,to,0
m001471,c_taylor,to,1
m001471,c_lena,to,2
m001472,c_noah,to,0
m001473,c_noah,to,0
m001473,c_taylor,to,1
m001473,c_chris,cc,2
m001474,c_elena,to,0
m001475,c_noah,to,0
m001475,c_taylor,to,1
m001475,c_chris,cc,2
m001476,c_elena,to,0
m001477,c_noah,to,0
m001477,c_taylor,to,1
m001477,c_chris,cc,2
m001478,c_elena,to,0
m001479,c_noah,to,0
m001479,c_taylor,to,1
m001479,c_chris,cc,2
m001480,c_elena,to,0
m001481,c_noah,to,0
m001482,c_taylor,to,0
m001483,c_noah,to,0
m001484,c_taylor,to,0
m001485,c_avery,to,0
m001485,c_devon,to,1
m001486,c_alex_chan,to,0
m001487,c_avery,to,0
m001487,c_devon,to,1
m001488,c_alex_chan,to,0
m001489,c_maya,to,0
m001490,c_alex_chen,to,0
m001491,c_quinn,to,0
m001492,c_priya,to,0
m001493,c_marcus,to,0
m001494,c_chris,to,0
m001495,c_marcus,to,0
m001496,c_chris,to,0
m001497,c_hana,to,0
m001498,c_sam,to,0
m001499,c_alex_chan,to,0
m001500,c_maya,to,0
m001501,c_alex_chan,to,0
m001502,c_maya,to,0
m001503,c_alex_chan,to,0
m001504,c_maya,to,0
m001505,c_alex_chan,to,0
m001506,c_maya,to,0
m001507,c_alex_chan,to,0
m001508,c_maya,to,0
m001509,c_alex_chan,to,0
m001510,c_maya,to,0
m001511,c_jamie_lee,to,0
m001512,c_maya,to,0
m001513,c_jamie_lee,to,0
m001514,c_maya,to,0
m001515,c_jamie_lee,to,0
m001516,c_maya,to,0
m001517,c_jamie_lee,to,0
m001518,c_maya,to,0
m001519,c_jamie_lee,to,0
m001520,c_maya,to,0
m001521,c_jamie_lee,to,0
m001522,c_maya,to,0
m001523,c_morgan_shaw,to,0
m001524,c_maya,to,0
m001525,c_morgan_shaw,to,0
m001526,c_maya,to,0
m001527,c_morgan_shaw,to,0
m001528,c_maya,to,0
m001529,c_morgan_shaw,to,0
m001530,c_maya,to,0
m001531,c_morgan_shaw,to,0
m001532,c_maya,to,0
m001533,c_morgan_shaw,to,0
m001534,c_maya,to,0
m001535,c_alex_chen,to,0
m001536,c_maya,to,0
m001537,c_alex_chen,to,0
m001538,c_maya,to,0
m001539,c_alex_chen,to,0
m001540,c_maya,to,0
m001541,c_alex_chen,to,0
m001542,c_maya,to,0
m001543,c_jamie_li,to,0
m001544,c_maya,to,0
m001545,c_jamie_li,to,0
m001546,c_maya,to,0
m001547,c_jamie_li,to,0
m001548,c_maya,to,0
m001549,c_jamie_li,to,0
m001550,c_maya,to,0
m001551,c_morgan_zhao,to,0
m001552,c_maya,to,0
m001553,c_morgan_zhao,to,0
m001554,c_maya,to,0
m001555,c_morgan_zhao,to,0
m001556,c_maya,to,0
m001557,c_morgan_zhao,to,0
m001558,c_maya,to,0
m001559,c_lee,to,0
m001560,c_maya,to,0
m001561,c_lee,to,0
m001562,c_maya,to,0
m001563,c_lee,to,0
m001564,c_maya,to,0
m001565,c_lee,to,0
m001566,c_maya,to,0
m001567,c_lee,to,0
m001568,c_maya,to,0
m001569,c_lee,to,0
m001570,c_maya,to,0
m001571,c_pat,to,0
m001572,c_maya,to,0
m001573,c_pat,to,0
m001574,c_maya,to,0
m001575,c_pat,to,0
m001576,c_maya,to,0
m001577,c_pat,to,0
m001578,c_maya,to,0
m001579,c_pat,to,0
m001580,c_maya,to,0
m001581,c_pat,to,0
m001582,c_maya,to,0
m001583,c_ren,to,0
m001584,c_maya,to,0
m001585,c_ren,to,0
m001586,c_maya,to,0
m001587,c_ren,to,0
m001588,c_maya,to,0
m001589,c_ren,to,0
m001590,c_maya,to,0
m001591,c_ren,to,0
m001592,c_maya,to,0
m001593,c_ren,to,0
m001594,c_maya,to,0
m001595,c_sam,to,0
m001596,c_maya,to,0
m001597,c_hana,to,0
m001598,c_maya,to,0
m001599,c_fac_001,to,0
m001600,c_maya,to,0
m001601,c_fac_002,to,0
m001602,c_maya,to,0
m001603,c_fac_003,to,0
m001604,c_maya,to,0
m001605,c_fac_004,to,0
m001606,c_maya,to,0
m001607,c_fac_005,to,0
m001608,c_maya,to,0
m001609,c_fac_006,to,0
m001610,c_maya,to,0
m001611,c_fac_007,to,0
m001612,c_maya,to,0
m001613,c_fac_008,to,0
m001614,c_maya,to,0
m001615,c_fac_009,to,0
m001616,c_maya,to,0
m001617,c_fac_010,to,0
m001618,c_maya,to,0
m001619,c_fac_011,to,0
m001620,c_maya,to,0
m001621,c_fac_012,to,0
m001622,c_maya,to,0
m001623,c_fac_013,to,0
m001624,c_maya,to,0
m001625,c_fac_014,to,0
m001626,c_maya,to,0
m001627,c_fac_015,to,0
m001628,c_maya,to,0
m001629,c_fac_016,to,0
m001630,c_maya,to,0
m001631,c_fac_017,to,0
m001632,c_maya,to,0
m001633,c_noah,to,0
m001633,c_elena,to,1
m001633,c_taylor,to,2
m001633,c_chris,cc,3
m001634,c_maya,to,0
m001635,c_noah,to,0
m001635,c_elena,to,1
m001635,c_taylor,to,2
m001635,c_chris,cc,3
m001636,c_maya,to,0
m001637,c_noah,to,0
m001637,c_elena,to,1
m001637,c_taylor,to,2
m001637,c_chris,cc,3
m001638,c_maya,to,0
m001639,c_noah,to,0
m001639,c_elena,to,1
m001639,c_taylor,to,2
m001639,c_chris,cc,3
m001640,c_maya,to,0
m001641,c_noah,to,0
m001641,c_elena,to,1
m001641,c_taylor,to,2
m001641,c_chris,cc,3
m001642,c_maya,to,0
m001643,c_noah,to,0
m001643,c_elena,to,1
m001643,c_taylor,to,2
m001643,c_chris,cc,3
m001644,c_maya,to,0
m001645,c_noah,to,0
m001645,c_elena,to,1
m001645,c_taylor,to,2
m001645,c_chris,cc,3
m001646,c_maya,to,0
m001647,c_noah,to,0
m001647,c_elena,to,1
m001647,c_taylor,to,2
m001647,c_chris,cc,3
m001648,c_maya,to,0
m001649,c_noah,to,0
m001649,c_elena,to,1
m001649,c_taylor,to,2
m001649,c_chris,cc,3
m001650,c_maya,to,0
m001651,c_noah,to,0
m001651,c_elena,to,1
m001651,c_taylor,to,2
m001651,c_chris,cc,3
m001652,c_maya,to,0
m001653,c_noah,to,0
m001653,c_elena,to,1
m001653,c_taylor,to,2
m001653,c_chris,cc,3
m001654,c_maya,to,0
m001655,c_noah,to,0
m001655,c_elena,to,1
m001655,c_taylor,to,2
m001655,c_chris,cc,3
m001656,c_maya,to,0
m001657,c_noah,to,0
m001657,c_elena,to,1
m001657,c_taylor,to,2
m001657,c_chris,cc,3
m001658,c_maya,to,0
m001659,c_noah,to,0
m001659,c_elena,to,1
m001659,c_taylor,to,2
m001659,c_chris,cc,3
m001660,c_maya,to,0
m001661,c_noah,to,0
m001661,c_elena,to,1
m001661,c_taylor,to,2
m001661,c_chris,cc,3
m001662,c_maya,to,0
m001663,c_noah,to,0
m001663,c_elena,to,1
m001663,c_taylor,to,2
m001663,c_chris,cc,3
m001664,c_maya,to,0
m001665,c_noah,to,0
m001665,c_elena,to,1
m001665,c_taylor,to,2
m001665,c_chris,cc,3
m001666,c_maya,to,0
m001667,c_noah,to,0
m001667,c_elena,to,1
m001667,c_taylor,to,2
m001667,c_chris,cc,3
m001668,c_maya,to,0
m001669,c_noah,to,0
m001669,c_elena,to,1
m001669,c_taylor,to,2
m001669,c_chris,cc,3
m001670,c_maya,to,0
m001671,c_noah,to,0
m001671,c_elena,to,1
m001671,c_taylor,to,2
m001671,c_chris,cc,3
m001672,c_maya,to,0
m001673,c_noah,to,0
m001673,c_elena,to,1
m001673,c_taylor,to,2
m001673,c_chris,cc,3
m001674,c_maya,to,0
m001675,c_noah,to,0
m001675,c_elena,to,1
m001675,c_taylor,to,2
m001675,c_chris,cc,3
m001676,c_maya,to,0
m001677,c_noah,to,0
m001677,c_elena,to,1
m001677,c_taylor,to,2
m001677,c_chris,cc,3
m001678,c_maya,to,0
m001679,c_noah,to,0
m001679,c_elena,to,1
m001679,c_taylor,to,2
m001679,c_chris,cc,3
m001680,c_maya,to,0
m001681,c_noah,to,0
m001681,c_elena,to,1
m001681,c_taylor,to,2
m001681,c_chris,cc,3
m001682,c_maya,to,0
m001683,c_noah,to,0
m001683,c_elena,to,1
m001683,c_taylor,to,2
m001683,c_chris,cc,3
m001684,c_maya,to,0
m001685,c_noah,to,0
m001685,c_elena,to,1
m001685,c_taylor,to,2
m001685,c_chris,cc,3
m001686,c_maya,to,0
m001687,c_noah,to,0
m001687,c_elena,to,1
m001687,c_taylor,to,2
m001687,c_chris,cc,3
m001688,c_maya,to,0
m001689,c_noah,to,0
m001689,c_elena,to,1
m001689,c_taylor,to,2
m001689,c_chris,cc,3
m001690,c_maya,to,0
m001691,c_noah,to,0
m001691,c_elena,to,1
m001691,c_taylor,to,2
m001691,c_chris,cc,3
m001692,c_maya,to,0
m001693,c_noah,to,0
m001693,c_elena,to,1
m001693,c_taylor,to,2
m001693,c_chris,cc,3
m001694,c_maya,to,0
m001695,c_noah,to,0
m001695,c_elena,to,1
m001695,c_taylor,to,2
m001695,c_chris,cc,3
m001696,c_maya,to,0
m001697,c_noah,to,0
m001697,c_elena,to,1
m001697,c_taylor,to,2
m001697,c_chris,cc,3
m001698,c_maya,to,0
m001699,c_noah,to,0
m001699,c_elena,to,1
m001699,c_taylor,to,2
m001699,c_chris,cc,3
m001700,c_maya,to,0
m001701,c_noah,to,0
m001701,c_elena,to,1
m001701,c_taylor,to,2
m001701,c_chris,cc,3
m001702,c_maya,to,0
m001703,c_noah,to,0
m001703,c_elena,to,1
m001703,c_taylor,to,2
m001703,c_chris,cc,3
m001704,c_maya,to,0
m001705,c_noah,to,0
m001705,c_elena,to,1
m001705,c_taylor,to,2
m001705,c_chris,cc,3
m001706,c_maya,to,0
m001707,c_noah,to,0
m001707,c_elena,to,1
m001707,c_taylor,to,2
m001707,c_chris,cc,3
m001708,c_maya,to,0
m001709,c_noah,to,0
m001709,c_elena,to,1
m001709,c_taylor,to,2
m001709,c_chris,cc,3
m001710,c_maya,to,0
m001711,c_noah,to,0
m001711,c_elena,to,1
m001711,c_taylor,to,2
m001711,c_chris,cc,3
m001712,c_maya,to,0
m001713,c_chris,to,0
m001713,c_noah,to,1
m001713,c_elena,to,2
m001713,c_marcus,cc,3
m001714,c_maya,to,0
m001715,c_chris,to,0
m001715,c_noah,to,1
m001715,c_elena,to,2
m001715,c_marcus,cc,3
m001716,c_maya,to,0
m001717,c_chris,to,0
m001717,c_noah,to,1
m001717,c_elena,to,2
m001717,c_marcus,cc,3
m001718,c_maya,to,0
m001719,c_chris,to,0
m001719,c_noah,to,1
m001719,c_elena,to,2
m001719,c_marcus,cc,3
m001720,c_maya,to,0
m001721,c_priya,to,0
m001721,c_quinn,cc,1
m001722,c_maya,to,0
m001723,c_priya,to,0
m001723,c_quinn,cc,1
m001724,c_maya,to,0
m001725,c_priya,to,0
m001725,c_quinn,cc,1
m001726,c_maya,to,0
m001727,c_priya,to,0
m001727,c_quinn,cc,1
m001728,c_maya,to,0
m001729,c_priya,to,0
m001729,c_quinn,cc,1
m001730,c_maya,to,0
m001731,c_priya,to,0
m001731,c_quinn,cc,1
m001732,c_maya,to,0
m001733,c_elena,to,0
m001733,c_taylor,to,1
m001733,c_lena,to,2
m001734,c_noah,to,0
m001735,c_elena,to,0
m001735,c_taylor,to,1
m001735,c_lena,to,2
m001736,c_noah,to,0
m001737,c_elena,to,0
m001737,c_taylor,to,1
m001737,c_lena,to,2
m001738,c_noah,to,0
m001739,c_elena,to,0
m001739,c_taylor,to,1
m001739,c_lena,to,2
m001740,c_noah,to,0
m001741,c_elena,to,0
m001741,c_taylor,to,1
m001741,c_lena,to,2
m001742,c_noah,to,0
m001743,c_elena,to,0
m001743,c_taylor,to,1
m001743,c_lena,to,2
m001744,c_noah,to,0
m001745,c_noah,to,0
m001745,c_taylor,to,1
m001745,c_chris,cc,2
m001746,c_elena,to,0
m001747,c_noah,to,0
m001747,c_taylor,to,1
m001747,c_chris,cc,2
m001748,c_elena,to,0
m001749,c_noah,to,0
m001749,c_taylor,to,1
m001749,c_chris,cc,2
m001750,c_elena,to,0
m001751,c_noah,to,0
m001751,c_taylor,to,1
m001751,c_chris,cc,2
m001752,c_elena,to,0
m001753,c_noah,to,0
m001754,c_taylor,to,0
m001755,c_noah,to,0
m001756,c_taylor,to,0
m001757,c_avery,to,0
m001757,c_devon,to,1
m001758,c_alex_chan,to,0
m001759,c_avery,to,0
m001759,c_devon,to,1
m001760,c_alex_chan,to,0
m001761,c_maya,to,0
m001762,c_alex_chen,to,0
m001763,c_quinn,to,0
m001764,c_priya,to,0
m001765,c_marcus,to,0
m001766,c_chris,to,0
m001767,c_marcus,to,0
m001768,c_chris,to,0
m001769,c_hana,to,0
m001770,c_sam,to,0
m001771,c_alex_chan,to,0
m001772,c_maya,to,0
m001773,c_alex_chan,to,0
m001774,c_maya,to,0
m001775,c_alex_chan,to,0
m001776,c_maya,to,0
m001777,c_alex_chan,to,0
m001778,c_maya,to,0
m001779,c_alex_chan,to,0
m001780,c_maya,to,0
m001781,c_alex_chan,to,0
m001782,c_maya,to,0
m001783,c_jamie_lee,to,0
m001784,c_maya,to,0
m001785,c_jamie_lee,to,0
m001786,c_maya,to,0
m001787,c_jamie_lee,to,0
m001788,c_maya,to,0
m001789,c_jamie_lee,to,0
m001790,c_maya,to,0
m001791,c_jamie_lee,to,0
m001792,c_maya,to,0
m001793,c_jamie_lee,to,0
m001794,c_maya,to,0
m001795,c_morgan_shaw,to,0
m001796,c_maya,to,0
m001797,c_morgan_shaw,to,0
m001798,c_maya,to,0
m001799,c_morgan_shaw,to,0
m001800,c_maya,to,0
m001801,c_morgan_shaw,to,0
m001802,c_maya,to,0
m001803,c_morgan_shaw,to,0
m001804,c_maya,to,0
m001805,c_morgan_shaw,to,0
m001806,c_maya,to,0
m001807,c_alex_chen,to,0
m001808,c_maya,to,0
m001809,c_alex_chen,to,0
m001810,c_maya,to,0
m001811,c_alex_chen,to,0
m001812,c_maya,to,0
m001813,c_alex_chen,to,0
m001814,c_maya,to,0
m001815,c_jamie_li,to,0
m001816,c_maya,to,0
m001817,c_jamie_li,to,0
m001818,c_maya,to,0
m001819,c_jamie_li,to,0
m001820,c_maya,to,0
m001821,c_jamie_li,to,0
m001822,c_maya,to,0
m001823,c_morgan_zhao,to,0
m001824,c_maya,to,0
m001825,c_morgan_zhao,to,0
m001826,c_maya,to,0
m001827,c_morgan_zhao,to,0
m001828,c_maya,to,0
m001829,c_morgan_zhao,to,0
m001830,c_maya,to,0
m001831,c_lee,to,0
m001832,c_maya,to,0
m001833,c_lee,to,0
m001834,c_maya,to,0
m001835,c_lee,to,0
m001836,c_maya,to,0
m001837,c_lee,to,0
m001838,c_maya,to,0
m001839,c_lee,to,0
m001840,c_maya,to,0
m001841,c_lee,to,0
m001842,c_maya,to,0
m001843,c_pat,to,0
m001844,c_maya,to,0
m001845,c_pat,to,0
m001846,c_maya,to,0
m001847,c_pat,to,0
m001848,c_maya,to,0
m001849,c_pat,to,0
m001850,c_maya,to,0
m001851,c_pat,to,0
m001852,c_maya,to,0
m001853,c_pat,to,0
m001854,c_maya,to,0
m001855,c_ren,to,0
m001856,c_maya,to,0
m001857,c_ren,to,0
m001858,c_maya,to,0
m001859,c_ren,to,0
m001860,c_maya,to,0
m001861,c_ren,to,0
m001862,c_maya,to,0
m001863,c_ren,to,0
m001864,c_maya,to,0
m001865,c_ren,to,0
m001866,c_maya,to,0
m001867,c_sam,to,0
m001868,c_maya,to,0
m001869,c_hana,to,0
m001870,c_maya,to,0
m001871,c_fac_001,to,0
m001872,c_maya,to,0
m001873,c_fac_002,to,0
m001874,c_maya,to,0
m001875,c_fac_003,to,0
m001876,c_maya,to,0
m001877,c_fac_004,to,0
m001878,c_maya,to,0
m001879,c_fac_005,to,0
m001880,c_maya,to,0
m001881,c_fac_006,to,0
m001882,c_maya,to,0
m001883,c_fac_007,to,0
m001884,c_maya,to,0
m001885,c_fac_008,to,0
m001886,c_maya,to,0
m001887,c_fac_009,to,0
m001888,c_maya,to,0
m001889,c_fac_010,to,0
m001890,c_maya,to,0
m001891,c_fac_011,to,0
m001892,c_maya,to,0
m001893,c_fac_012,to,0
m001894,c_maya,to,0
m001895,c_fac_013,to,0
m001896,c_maya,to,0
m001897,c_fac_014,to,0
m001898,c_maya,to,0
m001899,c_fac_015,to,0
m001900,c_maya,to,0
m001901,c_fac_016,to,0
m001902,c_maya,to,0
m001903,c_fac_017,to,0
m001904,c_maya,to,0
m001905,c_noah,to,0
m001905,c_elena,to,1
m001905,c_taylor,to,2
m001905,c_chris,cc,3
m001906,c_maya,to,0
m001907,c_noah,to,0
m001907,c_elena,to,1
m001907,c_taylor,to,2
m001907,c_chris,cc,3
m001908,c_maya,to,0
m001909,c_noah,to,0
m001909,c_elena,to,1
m001909,c_taylor,to,2
m001909,c_chris,cc,3
m001910,c_maya,to,0
m001911,c_noah,to,0
m001911,c_elena,to,1
m001911,c_taylor,to,2
m001911,c_chris,cc,3
m001912,c_maya,to,0
m001913,c_noah,to,0
m001913,c_elena,to,1
m001913,c_taylor,to,2
m001913,c_chris,cc,3
m001914,c_maya,to,0
m001915,c_noah,to,0
m001915,c_elena,to,1
m001915,c_taylor,to,2
m001915,c_chris,cc,3
m001916,c_maya,to,0
m001917,c_noah,to,0
m001917,c_elena,to,1
m001917,c_taylor,to,2
m001917,c_chris,cc,3
m001918,c_maya,to,0
m001919,c_noah,to,0
m001919,c_elena,to,1
m001919,c_taylor,to,2
m001919,c_chris,cc,3
m001920,c_maya,to,0
m001921,c_noah,to,0
m001921,c_elena,to,1
m001921,c_taylor,to,2
m001921,c_chris,cc,3
m001922,c_maya,to,0
m001923,c_noah,to,0
m001923,c_elena,to,1
m001923,c_taylor,to,2
m001923,c_chris,cc,3
m001924,c_maya,to,0
m001925,c_noah,to,0
m001925,c_elena,to,1
m001925,c_taylor,to,2
m001925,c_chris,cc,3
m001926,c_maya,to,0
m001927,c_noah,to,0
m001927,c_elena,to,1
m001927,c_taylor,to,2
m001927,c_chris,cc,3
m001928,c_maya,to,0
m001929,c_noah,to,0
m001929,c_elena,to,1
m001929,c_taylor,to,2
m001929,c_chris,cc,3
m001930,c_maya,to,0
m001931,c_noah,to,0
m001931,c_elena,to,1
m001931,c_taylor,to,2
m001931,c_chris,cc,3
m001932,c_maya,to,0
m001933,c_noah,to,0
m001933,c_elena,to,1
m001933,c_taylor,to,2
m001933,c_chris,cc,3
m001934,c_maya,to,0
m001935,c_noah,to,0
m001935,c_elena,to,1
m001935,c_taylor,to,2
m001935,c_chris,cc,3
m001936,c_maya,to,0
m001937,c_noah,to,0
m001937,c_elena,to,1
m001937,c_taylor,to,2
m001937,c_chris,cc,3
m001938,c_maya,to,0
m001939,c_noah,to,0
m001939,c_elena,to,1
m001939,c_taylor,to,2
m001939,c_chris,cc,3
m001940,c_maya,to,0
m001941,c_noah,to,0
m001941,c_elena,to,1
m001941,c_taylor,to,2
m001941,c_chris,cc,3
m001942,c_maya,to,0
m001943,c_noah,to,0
m001943,c_elena,to,1
m001943,c_taylor,to,2
m001943,c_chris,cc,3
m001944,c_maya,to,0
m001945,c_noah,to,0
m001945,c_elena,to,1
m001945,c_taylor,to,2
m001945,c_chris,cc,3
m001946,c_maya,to,0
m001947,c_noah,to,0
m001947,c_elena,to,1
m001947,c_taylor,to,2
m001947,c_chris,cc,3
m001948,c_maya,to,0
m001949,c_noah,to,0
m001949,c_elena,to,1
m001949,c_taylor,to,2
m001949,c_chris,cc,3
m001950,c_maya,to,0
m001951,c_noah,to,0
m001951,c_elena,to,1
m001951,c_taylor,to,2
m001951,c_chris,cc,3
m001952,c_maya,to,0
m001953,c_noah,to,0
m001953,c_elena,to,1
m001953,c_taylor,to,2
m001953,c_chris,cc,3
m001954,c_maya,to,0
m001955,c_noah,to,0
m001955,c_elena,to,1
m001955,c_taylor,to,2
m001955,c_chris,cc,3
m001956,c_maya,to,0
m001957,c_noah,to,0
m001957,c_elena,to,1
m001957,c_taylor,to,2
m001957,c_chris,cc,3
m001958,c_maya,to,0
m001959,c_noah,to,0
m001959,c_elena,to,1
m001959,c_taylor,to,2
m001959,c_chris,cc,3
m001960,c_maya,to,0
m001961,c_noah,to,0
m001961,c_elena,to,1
m001961,c_taylor,to,2
m001961,c_chris,cc,3
m001962,c_maya,to,0
m001963,c_noah,to,0
m001963,c_elena,to,1
m001963,c_taylor,to,2
m001963,c_chris,cc,3
m001964,c_maya,to,0
m001965,c_noah,to,0
m001965,c_elena,to,1
m001965,c_taylor,to,2
m001965,c_chris,cc,3
m001966,c_maya,to,0
m001967,c_noah,to,0
m001967,c_elena,to,1
m001967,c_taylor,to,2
m001967,c_chris,cc,3
m001968,c_maya,to,0
m001969,c_noah,to,0
m001969,c_elena,to,1
m001969,c_taylor,to,2
m001969,c_chris,cc,3
m001970,c_maya,to,0
m001971,c_noah,to,0
m001971,c_elena,to,1
m001971,c_taylor,to,2
m001971,c_chris,cc,3
m001972,c_maya,to,0
m001973,c_noah,to,0
m001973,c_elena,to,1
m001973,c_taylor,to,2
m001973,c_chris,cc,3
m001974,c_maya,to,0
m001975,c_noah,to,0
m001975,c_elena,to,1
m001975,c_taylor,to,2
m001975,c_chris,cc,3
m001976,c_maya,to,0
m001977,c_noah,to,0
m001977,c_elena,to,1
m001977,c_taylor,to,2
m001977,c_chris,cc,3
m001978,c_maya,to,0
m001979,c_noah,to,0
m001979,c_elena,to,1
m001979,c_taylor,to,2
m001979,c_chris,cc,3
m001980,c_maya,to,0
m001981,c_noah,to,0
m001981,c_elena,to,1
m001981,c_taylor,to,2
m001981,c_chris,cc,3
m001982,c_maya,to,0
m001983,c_noah,to,0
m001983,c_elena,to,1
m001983,c_taylor,to,2
m001983,c_chris,cc,3
m001984,c_maya,to,0
m001985,c_chris,to,0
m001985,c_noah,to,1
m001985,c_elena,to,2
m001985,c_marcus,cc,3
m001986,c_maya,to,0
m001987,c_chris,to,0
m001987,c_noah,to,1
m001987,c_elena,to,2
m001987,c_marcus,cc,3
m001988,c_maya,to,0
m001989,c_chris,to,0
m001989,c_noah,to,1
m001989,c_elena,to,2
m001989,c_marcus,cc,3
m001990,c_maya,to,0
m001991,c_chris,to,0
m001991,c_noah,to,1
m001991,c_elena,to,2
m001991,c_marcus,cc,3
m001992,c_maya,to,0
m001993,c_priya,to,0
m001993,c_quinn,cc,1
m001994,c_maya,to,0
m001995,c_priya,to,0
m001995,c_quinn,cc,1
m001996,c_maya,to,0
m001997,c_priya,to,0
m001997,c_quinn,cc,1
m001998,c_maya,to,0
m001999,c_priya,to,0
m001999,c_quinn,cc,1
m002000,c_maya,to,0
m002001,c_priya,to,0
m002001,c_quinn,cc,1
m002002,c_maya,to,0
m002003,c_priya,to,0
m002003,c_quinn,cc,1
m002004,c_maya,to,0
m002005,c_elena,to,0
m002005,c_taylor,to,1
m002005,c_lena,to,2
m002006,c_noah,to,0
m002007,c_elena,to,0
m002007,c_taylor,to,1
m002007,c_lena,to,2
m002008,c_noah,to,0
m002009,c_elena,to,0
m002009,c_taylor,to,1
m002009,c_lena,to,2
m002010,c_noah,to,0
m002011,c_elena,to,0
m002011,c_taylor,to,1
m002011,c_lena,to,2
m002012,c_noah,to,0
m002013,c_elena,to,0
m002013,c_taylor,to,1
m002013,c_lena,to,2
m002014,c_noah,to,0
m002015,c_elena,to,0
m002015,c_taylor,to,1
m002015,c_lena,to,2
m002016,c_noah,to,0
m002017,c_noah,to,0
m002017,c_taylor,to,1
m002017,c_chris,cc,2
m002018,c_elena,to,0
m002019,c_noah,to,0
m002019,c_taylor,to,1
m002019,c_chris,cc,2
m002020,c_elena,to,0
m002021,c_noah,to,0
m002021,c_taylor,to,1
m002021,c_chris,cc,2
m002022,c_elena,to,0
m002023,c_noah,to,0
m002023,c_taylor,to,1
m002023,c_chris,cc,2
m002024,c_elena,to,0
m002025,c_noah,to,0
m002026,c_taylor,to,0
m002027,c_noah,to,0
m002028,c_taylor,to,0
m002029,c_avery,to,0
m002029,c_devon,to,1
m002030,c_alex_chan,to,0
m002031,c_avery,to,0
m002031,c_devon,to,1
m002032,c_alex_chan,to,0
m002033,c_maya,to,0
m002034,c_alex_chen,to,0
m002035,c_quinn,to,0
m002036,c_priya,to,0
m002037,c_marcus,to,0
m002038,c_chris,to,0
m002039,c_marcus,to,0
m002040,c_chris,to,0
m002041,c_hana,to,0
m002042,c_sam,to,0
m002043,c_alex_chan,to,0
m002044,c_maya,to,0
m002045,c_alex_chan,to,0
m002046,c_maya,to,0
m002047,c_alex_chan,to,0
m002048,c_maya,to,0
m002049,c_alex_chan,to,0
m002050,c_maya,to,0
m002051,c_alex_chan,to,0
m002052,c_maya,to,0
m002053,c_alex_chan,to,0
m002054,c_maya,to,0
m002055,c_jamie_lee,to,0
m002056,c_maya,to,0
m002057,c_jamie_lee,to,0
m002058,c_maya,to,0
m002059,c_jamie_lee,to,0
m002060,c_maya,to,0
m002061,c_jamie_lee,to,0
m002062,c_maya,to,0
m002063,c_jamie_lee,to,0
m002064,c_maya,to,0
m002065,c_jamie_lee,to,0
m002066,c_maya,to,0
m002067,c_morgan_shaw,to,0
m002068,c_maya,to,0
m002069,c_morgan_shaw,to,0
m002070,c_maya,to,0
m002071,c_morgan_shaw,to,0
m002072,c_maya,to,0
m002073,c_morgan_shaw,to,0
m002074,c_maya,to,0
m002075,c_morgan_shaw,to,0
m002076,c_maya,to,0
m002077,c_morgan_shaw,to,0
m002078,c_maya,to,0
m002079,c_alex_chen,to,0
m002080,c_maya,to,0
m002081,c_alex_chen,to,0
m002082,c_maya,to,0
m002083,c_alex_chen,to,0
m002084,c_maya,to,0
m002085,c_alex_chen,to,0
m002086,c_maya,to,0
m002087,c_jamie_li,to,0
m002088,c_maya,to,0
m002089,c_jamie_li,to,0
m002090,c_maya,to,0
m002091,c_jamie_li,to,0
m002092,c_maya,to,0
m002093,c_jamie_li,to,0
m002094,c_maya,to,0
m002095,c_morgan_zhao,to,0
m002096,c_maya,to,0
m002097,c_morgan_zhao,to,0
m002098,c_maya,to,0
m002099,c_morgan_zhao,to,0
m002100,c_maya,to,0
m002101,c_morgan_zhao,to,0
m002102,c_maya,to,0
m002103,c_lee,to,0
m002104,c_maya,to,0
m002105,c_lee,to,0
m002106,c_maya,to,0
m002107,c_lee,to,0
m002108,c_maya,to,0
m002109,c_lee,to,0
m002110,c_maya,to,0
m002111,c_lee,to,0
m002112,c_maya,to,0
m002113,c_lee,to,0
m002114,c_maya,to,0
m002115,c_pat,to,0
m002116,c_maya,to,0
m002117,c_pat,to,0
m002118,c_maya,to,0
m002119,c_pat,to,0
m002120,c_maya,to,0
m002121,c_pat,to,0
m002122,c_maya,to,0
m002123,c_pat,to,0
m002124,c_maya,to,0
m002125,c_pat,to,0
m002126,c_maya,to,0
m002127,c_ren,to,0
m002128,c_maya,to,0
m002129,c_ren,to,0
m002130,c_maya,to,0
m002131,c_ren,to,0
m002132,c_maya,to,0
m002133,c_ren,to,0
m002134,c_maya,to,0
m002135,c_ren,to,0
m002136,c_maya,to,0
m002137,c_ren,to,0
m002138,c_maya,to,0
m002139,c_sam,to,0
m002140,c_maya,to,0
m002141,c_hana,to,0
m002142,c_maya,to,0
m002143,c_fac_001,to,0
m002144,c_maya,to,0
m002145,c_fac_002,to,0
m002146,c_maya,to,0
m002147,c_fac_003,to,0
m002148,c_maya,to,0
m002149,c_fac_004,to,0
m002150,c_maya,to,0
m002151,c_fac_005,to,0
m002152,c_maya,to,0
m002153,c_fac_006,to,0
m002154,c_maya,to,0
m002155,c_fac_007,to,0
m002156,c_maya,to,0
m002157,c_fac_008,to,0
m002158,c_maya,to,0
m002159,c_fac_009,to,0
m002160,c_maya,to,0
m002161,c_fac_010,to,0
m002162,c_maya,to,0
m002163,c_fac_011,to,0
m002164,c_maya,to,0
m002165,c_fac_012,to,0
m002166,c_maya,to,0
m002167,c_fac_013,to,0
m002168,c_maya,to,0
m002169,c_fac_014,to,0
m002170,c_maya,to,0
m002171,c_fac_015,to,0
m002172,c_maya,to,0
m002173,c_fac_016,to,0
m002174,c_maya,to,0
m002175,c_fac_017,to,0
m002176,c_maya,to,0
m002177,c_noah,to,0
m002177,c_elena,to,1
m002177,c_taylor,to,2
m002177,c_chris,cc,3
m002178,c_maya,to,0
m002179,c_noah,to,0
m002179,c_elena,to,1
m002179,c_taylor,to,2
m002179,c_chris,cc,3
m002180,c_maya,to,0
m002181,c_noah,to,0
m002181,c_elena,to,1
m002181,c_taylor,to,2
m002181,c_chris,cc,3
m002182,c_maya,to,0
m002183,c_noah,to,0
m002183,c_elena,to,1
m002183,c_taylor,to,2
m002183,c_chris,cc,3
m002184,c_maya,to,0
m002185,c_noah,to,0
m002185,c_elena,to,1
m002185,c_taylor,to,2
m002185,c_chris,cc,3
m002186,c_maya,to,0
m002187,c_noah,to,0
m002187,c_elena,to,1
m002187,c_taylor,to,2
m002187,c_chris,cc,3
m002188,c_maya,to,0
m002189,c_noah,to,0
m002189,c_elena,to,1
m002189,c_taylor,to,2
m002189,c_chris,cc,3
m002190,c_maya,to,0
m002191,c_noah,to,0
m002191,c_elena,to,1
m002191,c_taylor,to,2
m002191,c_chris,cc,3
m002192,c_maya,to,0
m002193,c_noah,to,0
m002193,c_elena,to,1
m002193,c_taylor,to,2
m002193,c_chris,cc,3
m002194,c_maya,to,0
m002195,c_noah,to,0
m002195,c_elena,to,1
m002195,c_taylor,to,2
m002195,c_chris,cc,3
m002196,c_maya,to,0
m002197,c_noah,to,0
m002197,c_elena,to,1
m002197,c_taylor,to,2
m002197,c_chris,cc,3
m002198,c_maya,to,0
m002199,c_noah,to,0
m002199,c_elena,to,1
m002199,c_taylor,to,2
m002199,c_chris,cc,3
m002200,c_maya,to,0
m002201,c_noah,to,0
m002201,c_elena,to,1
m002201,c_taylor,to,2
m002201,c_chris,cc,3
m002202,c_maya,to,0
m002203,c_noah,to,0
m002203,c_elena,to,1
m002203,c_taylor,to,2
m002203,c_chris,cc,3
m002204,c_maya,to,0
m002205,c_noah,to,0
m002205,c_elena,to,1
m002205,c_taylor,to,2
m002205,c_chris,cc,3
m002206,c_maya,to,0
m002207,c_noah,to,0
m002207,c_elena,to,1
m002207,c_taylor,to,2
m002207,c_chris,cc,3
m002208,c_maya,to,0
m002209,c_noah,to,0
m002209,c_elena,to,1
m002209,c_taylor,to,2
m002209,c_chris,cc,3
m002210,c_maya,to,0
m002211,c_noah,to,0
m002211,c_elena,to,1
m002211,c_taylor,to,2
m002211,c_chris,cc,3
m002212,c_maya,to,0
m002213,c_noah,to,0
m002213,c_elena,to,1
m002213,c_taylor,to,2
m002213,c_chris,cc,3
m002214,c_maya,to,0
m002215,c_noah,to,0
m002215,c_elena,to,1
m002215,c_taylor,to,2
m002215,c_chris,cc,3
m002216,c_maya,to,0
m002217,c_noah,to,0
m002217,c_elena,to,1
m002217,c_taylor,to,2
m002217,c_chris,cc,3
m002218,c_maya,to,0
m002219,c_noah,to,0
m002219,c_elena,to,1
m002219,c_taylor,to,2
m002219,c_chris,cc,3
m002220,c_maya,to,0
m002221,c_noah,to,0
m002221,c_elena,to,1
m002221,c_taylor,to,2
m002221,c_chris,cc,3
m002222,c_maya,to,0
m002223,c_noah,to,0
m002223,c_elena,to,1
m002223,c_taylor,to,2
m002223,c_chris,cc,3
m002224,c_maya,to,0
m002225,c_noah,to,0
m002225,c_elena,to,1
m002225,c_taylor,to,2
m002225,c_chris,cc,3
m002226,c_maya,to,0
m002227,c_noah,to,0
m002227,c_elena,to,1
m002227,c_taylor,to,2
m002227,c_chris,cc,3
m002228,c_maya,to,0
m002229,c_noah,to,0
m002229,c_elena,to,1
m002229,c_taylor,to,2
m002229,c_chris,cc,3
m002230,c_maya,to,0
m002231,c_noah,to,0
m002231,c_elena,to,1
m002231,c_taylor,to,2
m002231,c_chris,cc,3
m002232,c_maya,to,0
m002233,c_noah,to,0
m002233,c_elena,to,1
m002233,c_taylor,to,2
m002233,c_chris,cc,3
m002234,c_maya,to,0
m002235,c_noah,to,0
m002235,c_elena,to,1
m002235,c_taylor,to,2
m002235,c_chris,cc,3
m002236,c_maya,to,0
m002237,c_noah,to,0
m002237,c_elena,to,1
m002237,c_taylor,to,2
m002237,c_chris,cc,3
m002238,c_maya,to,0
m002239,c_noah,to,0
m002239,c_elena,to,1
m002239,c_taylor,to,2
m002239,c_chris,cc,3
m002240,c_maya,to,0
m002241,c_noah,to,0
m002241,c_elena,to,1
m002241,c_taylor,to,2
m002241,c_chris,cc,3
m002242,c_maya,to,0
m002243,c_noah,to,0
m002243,c_elena,to,1
m002243,c_taylor,to,2
m002243,c_chris,cc,3
m002244,c_maya,to,0
m002245,c_noah,to,0
m002245,c_elena,to,1
m002245,c_taylor,to,2
m002245,c_chris,cc,3
m002246,c_maya,to,0
m002247,c_noah,to,0
m002247,c_elena,to,1
m002247,c_taylor,to,2
m002247,c_chris,cc,3
m002248,c_maya,to,0
m002249,c_noah,to,0
m002249,c_elena,to,1
m002249,c_taylor,to,2
m002249,c_chris,cc,3
m002250,c_maya,to,0
m002251,c_noah,to,0
m002251,c_elena,to,1
m002251,c_taylor,to,2
m002251,c_chris,cc,3
m002252,c_maya,to,0
m002253,c_noah,to,0
m002253,c_elena,to,1
m002253,c_taylor,to,2
m002253,c_chris,cc,3
m002254,c_maya,to,0
m002255,c_noah,to,0
m002255,c_elena,to,1
m002255,c_taylor,to,2
m002255,c_chris,cc,3
m002256,c_maya,to,0
m002257,c_chris,to,0
m002257,c_noah,to,1
m002257,c_elena,to,2
m002257,c_marcus,cc,3
m002258,c_maya,to,0
m002259,c_chris,to,0
m002259,c_noah,to,1
m002259,c_elena,to,2
m002259,c_marcus,cc,3
m002260,c_maya,to,0
m002261,c_chris,to,0
m002261,c_noah,to,1
m002261,c_elena,to,2
m002261,c_marcus,cc,3
m002262,c_maya,to,0
m002263,c_chris,to,0
m002263,c_noah,to,1
m002263,c_elena,to,2
m002263,c_marcus,cc,3
m002264,c_maya,to,0
m002265,c_priya,to,0
m002265,c_quinn,cc,1
m002266,c_maya,to,0
m002267,c_priya,to,0
m002267,c_quinn,cc,1
m002268,c_maya,to,0
m002269,c_priya,to,0
m002269,c_quinn,cc,1
m002270,c_maya,to,0
m002271,c_priya,to,0
m002271,c_quinn,cc,1
m002272,c_maya,to,0
m002273,c_priya,to,0
m002273,c_quinn,cc,1
m002274,c_maya,to,0
m002275,c_priya,to,0
m002275,c_quinn,cc,1
m002276,c_maya,to,0
m002277,c_elena,to,0
m002277,c_taylor,to,1
m002277,c_lena,to,2
m002278,c_noah,to,0
m002279,c_elena,to,0
m002279,c_taylor,to,1
m002279,c_lena,to,2
m002280,c_noah,to,0
m002281,c_elena,to,0
m002281,c_taylor,to,1
m002281,c_lena,to,2
m002282,c_noah,to,0
m002283,c_elena,to,0
m002283,c_taylor,to,1
m002283,c_lena,to,2
m002284,c_noah,to,0
m002285,c_elena,to,0
m002285,c_taylor,to,1
m002285,c_lena,to,2
m002286,c_noah,to,0
m002287,c_elena,to,0
m002287,c_taylor,to,1
m002287,c_lena,to,2
m002288,c_noah,to,0
m002289,c_noah,to,0
m002289,c_taylor,to,1
m002289,c_chris,cc,2
m002290,c_elena,to,0
m002291,c_noah,to,0
m002291,c_taylor,to,1
m002291,c_chris,cc,2
m002292,c_elena,to,0
m002293,c_noah,to,0
m002293,c_taylor,to,1
m002293,c_chris,cc,2
m002294,c_elena,to,0
m002295,c_noah,to,0
m002295,c_taylor,to,1
m002295,c_chris,cc,2
m002296,c_elena,to,0
m002297,c_noah,to,0
m002298,c_taylor,to,0
m002299,c_noah,to,0
m002300,c_taylor,to,0
m002301,c_avery,to,0
m002301,c_devon,to,1
m002302,c_alex_chan,to,0
m002303,c_avery,to,0
m002303,c_devon,to,1
m002304,c_alex_chan,to,0
m002305,c_maya,to,0
m002306,c_alex_chen,to,0
m002307,c_quinn,to,0
m002308,c_priya,to,0
m002309,c_marcus,to,0
m002310,c_chris,to,0
m002311,c_marcus,to,0
m002312,c_chris,to,0
m002313,c_hana,to,0
m002314,c_sam,to,0
m002315,c_alex_chan,to,0
m002316,c_maya,to,0
m002317,c_alex_chan,to,0
m002318,c_maya,to,0
m002319,c_alex_chan,to,0
m002320,c_maya,to,0
m002321,c_alex_chan,to,0
m002322,c_maya,to,0
m002323,c_alex_chan,to,0
m002324,c_maya,to,0
m002325,c_alex_chan,to,0
m002326,c_maya,to,0
m002327,c_jamie_lee,to,0
m002328,c_maya,to,0
m002329,c_jamie_lee,to,0
m002330,c_maya,to,0
m002331,c_jamie_lee,to,0
m002332,c_maya,to,0
m002333,c_jamie_lee,to,0
m002334,c_maya,to,0
m002335,c_jamie_lee,to,0
m002336,c_maya,to,0
m002337,c_jamie_lee,to,0
m002338,c_maya,to,0
m002339,c_morgan_shaw,to,0
m002340,c_maya,to,0
m002341,c_morgan_shaw,to,0
m002342,c_maya,to,0
m002343,c_morgan_shaw,to,0
m002344,c_maya,to,0
m002345,c_morgan_shaw,to,0
m002346,c_maya,to,0
m002347,c_morgan_shaw,to,0
m002348,c_maya,to,0
m002349,c_morgan_shaw,to,0
m002350,c_maya,to,0
m002351,c_alex_chen,to,0
m002352,c_maya,to,0
m002353,c_alex_chen,to,0
m002354,c_maya,to,0
m002355,c_alex_chen,to,0
m002356,c_maya,to,0
m002357,c_alex_chen,to,0
m002358,c_maya,to,0
m002359,c_jamie_li,to,0
m002360,c_maya,to,0
m002361,c_jamie_li,to,0
m002362,c_maya,to,0
m002363,c_jamie_li,to,0
m002364,c_maya,to,0
m002365,c_jamie_li,to,0
m002366,c_maya,to,0
m002367,c_morgan_zhao,to,0
m002368,c_maya,to,0
m002369,c_morgan_zhao,to,0
m002370,c_maya,to,0
m002371,c_morgan_zhao,to,0
m002372,c_maya,to,0
m002373,c_morgan_zhao,to,0
m002374,c_maya,to,0
m002375,c_lee,to,0
m002376,c_maya,to,0
m002377,c_lee,to,0
m002378,c_maya,to,0
m002379,c_lee,to,0
m002380,c_maya,to,0
m002381,c_lee,to,0
m002382,c_maya,to,0
m002383,c_lee,to,0
m002384,c_maya,to,0
m002385,c_lee,to,0
m002386,c_maya,to,0
m002387,c_pat,to,0
m002388,c_maya,to,0
m002389,c_pat,to,0
m002390,c_maya,to,0
m002391,c_pat,to,0
m002392,c_maya,to,0
m002393,c_pat,to,0
m002394,c_maya,to,0
m002395,c_pat,to,0
m002396,c_maya,to,0
m002397,c_pat,to,0
m002398,c_maya,to,0
m002399,c_ren,to,0
m002400,c_maya,to,0
m002401,c_ren,to,0
m002402,c_maya,to,0
m002403,c_ren,to,0
m002404,c_maya,to,0
m002405,c_ren,to,0
m002406,c_maya,to,0
m002407,c_ren,to,0
m002408,c_maya,to,0
m002409,c_ren,to,0
m002410,c_maya,to,0
m002411,c_sam,to,0
m002412,c_maya,to,0
m002413,c_hana,to,0
m002414,c_maya,to,0
m002415,c_fac_001,to,0
m002416,c_maya,to,0
m002417,c_fac_002,to,0
m002418,c_maya,to,0
m002419,c_fac_003,to,0
m002420,c_maya,to,0
m002421,c_fac_004,to,0
m002422,c_maya,to,0
m002423,c_fac_005,to,0
m002424,c_maya,to,0
m002425,c_fac_006,to,0
m002426,c_maya,to,0
m002427,c_fac_007,to,0
m002428,c_maya,to,0
m002429,c_fac_008,to,0
m002430,c_maya,to,0
m002431,c_fac_009,to,0
m002432,c_maya,to,0
m002433,c_fac_010,to,0
m002434,c_maya,to,0
m002435,c_fac_011,to,0
m002436,c_maya,to,0
m002437,c_fac_012,to,0
m002438,c_maya,to,0
m002439,c_fac_013,to,0
m002440,c_maya,to,0
m002441,c_fac_014,to,0
m002442,c_maya,to,0
m002443,c_fac_015,to,0
m002444,c_maya,to,0
m002445,c_fac_016,to,0
m002446,c_maya,to,0
m002447,c_fac_017,to,0
m002448,c_maya,to,0
m002449,c_noah,to,0
m002449,c_elena,to,1
m002449,c_taylor,to,2
m002449,c_chris,cc,3
m002450,c_maya,to,0
m002451,c_noah,to,0
m002451,c_elena,to,1
m002451,c_taylor,to,2
m002451,c_chris,cc,3
m002452,c_maya,to,0
m002453,c_noah,to,0
m002453,c_elena,to,1
m002453,c_taylor,to,2
m002453,c_chris,cc,3
m002454,c_maya,to,0
m002455,c_noah,to,0
m002455,c_elena,to,1
m002455,c_taylor,to,2
m002455,c_chris,cc,3
m002456,c_maya,to,0
m002457,c_noah,to,0
m002457,c_elena,to,1
m002457,c_taylor,to,2
m002457,c_chris,cc,3
m002458,c_maya,to,0
m002459,c_noah,to,0
m002459,c_elena,to,1
m002459,c_taylor,to,2
m002459,c_chris,cc,3
m002460,c_maya,to,0
m002461,c_noah,to,0
m002461,c_elena,to,1
m002461,c_taylor,to,2
m002461,c_chris,cc,3
m002462,c_maya,to,0
m002463,c_noah,to,0
m002463,c_elena,to,1
m002463,c_taylor,to,2
m002463,c_chris,cc,3
m002464,c_maya,to,0
m002465,c_noah,to,0
m002465,c_elena,to,1
m002465,c_taylor,to,2
m002465,c_chris,cc,3
m002466,c_maya,to,0
m002467,c_noah,to,0
m002467,c_elena,to,1
m002467,c_taylor,to,2
m002467,c_chris,cc,3
m002468,c_maya,to,0
m002469,c_noah,to,0
m002469,c_elena,to,1
m002469,c_taylor,to,2
m002469,c_chris,cc,3
m002470,c_maya,to,0
m002471,c_noah,to,0
m002471,c_elena,to,1
m002471,c_taylor,to,2
m002471,c_chris,cc,3
m002472,c_maya,to,0
m002473,c_noah,to,0
m002473,c_elena,to,1
m002473,c_taylor,to,2
m002473,c_chris,cc,3
m002474,c_maya,to,0
m002475,c_noah,to,0
m002475,c_elena,to,1
m002475,c_taylor,to,2
m002475,c_chris,cc,3
m002476,c_maya,to,0
m002477,c_noah,to,0
m002477,c_elena,to,1
m002477,c_taylor,to,2
m002477,c_chris,cc,3
m002478,c_maya,to,0
m002479,c_noah,to,0
m002479,c_elena,to,1
m002479,c_taylor,to,2
m002479,c_chris,cc,3
m002480,c_maya,to,0
m002481,c_noah,to,0
m002481,c_elena,to,1
m002481,c_taylor,to,2
m002481,c_chris,cc,3
m002482,c_maya,to,0
m002483,c_noah,to,0
m002483,c_elena,to,1
m002483,c_taylor,to,2
m002483,c_chris,cc,3
m002484,c_maya,to,0
m002485,c_noah,to,0
m002485,c_elena,to,1
m002485,c_taylor,to,2
m002485,c_chris,cc,3
m002486,c_maya,to,0
m002487,c_noah,to,0
m002487,c_elena,to,1
m002487,c_taylor,to,2
m002487,c_chris,cc,3
m002488,c_maya,to,0
m002489,c_noah,to,0
m002489,c_elena,to,1
m002489,c_taylor,to,2
m002489,c_chris,cc,3
m002490,c_maya,to,0
m002491,c_noah,to,0
m002491,c_elena,to,1
m002491,c_taylor,to,2
m002491,c_chris,cc,3
m002492,c_maya,to,0
m002493,c_noah,to,0
m002493,c_elena,to,1
m002493,c_taylor,to,2
m002493,c_chris,cc,3
m002494,c_maya,to,0
m002495,c_noah,to,0
m002495,c_elena,to,1
m002495,c_taylor,to,2
m002495,c_chris,cc,3
m002496,c_maya,to,0
m002497,c_noah,to,0
m002497,c_elena,to,1
m002497,c_taylor,to,2
m002497,c_chris,cc,3
m002498,c_maya,to,0
m002499,c_noah,to,0
m002499,c_elena,to,1
m002499,c_taylor,to,2
m002499,c_chris,cc,3
m002500,c_maya,to,0
m002501,c_noah,to,0
m002501,c_elena,to,1
m002501,c_taylor,to,2
m002501,c_chris,cc,3
m002502,c_maya,to,0
m002503,c_noah,to,0
m002503,c_elena,to,1
m002503,c_taylor,to,2
m002503,c_chris,cc,3
m002504,c_maya,to,0
m002505,c_noah,to,0
m002505,c_elena,to,1
m002505,c_taylor,to,2
m002505,c_chris,cc,3
m002506,c_maya,to,0
m002507,c_noah,to,0
m002507,c_elena,to,1
m002507,c_taylor,to,2
m002507,c_chris,cc,3
m002508,c_maya,to,0
m002509,c_noah,to,0
m002509,c_elena,to,1
m002509,c_taylor,to,2
m002509,c_chris,cc,3
m002510,c_maya,to,0
m002511,c_noah,to,0
m002511,c_elena,to,1
m002511,c_taylor,to,2
m002511,c_chris,cc,3
m002512,c_maya,to,0
m002513,c_noah,to,0
m002513,c_elena,to,1
m002513,c_taylor,to,2
m002513,c_chris,cc,3
m002514,c_maya,to,0
m002515,c_noah,to,0
m002515,c_elena,to,1
m002515,c_taylor,to,2
m002515,c_chris,cc,3
m002516,c_maya,to,0
m002517,c_noah,to,0
m002517,c_elena,to,1
m002517,c_taylor,to,2
m002517,c_chris,cc,3
m002518,c_maya,to,0
m002519,c_noah,to,0
m002519,c_elena,to,1
m002519,c_taylor,to,2
m002519,c_chris,cc,3
m002520,c_maya,to,0
m002521,c_noah,to,0
m002521,c_elena,to,1
m002521,c_taylor,to,2
m002521,c_chris,cc,3
m002522,c_maya,to,0
m002523,c_noah,to,0
m002523,c_elena,to,1
m002523,c_taylor,to,2
m002523,c_chris,cc,3
m002524,c_maya,to,0
m002525,c_noah,to,0
m002525,c_elena,to,1
m002525,c_taylor,to,2
m002525,c_chris,cc,3
m002526,c_maya,to,0
m002527,c_noah,to,0
m002527,c_elena,to,1
m002527,c_taylor,to,2
m002527,c_chris,cc,3
m002528,c_maya,to,0
m002529,c_chris,to,0
m002529,c_noah,to,1
m002529,c_elena,to,2
m002529,c_marcus,cc,3
m002530,c_maya,to,0
m002531,c_chris,to,0
m002531,c_noah,to,1
m002531,c_elena,to,2
m002531,c_marcus,cc,3
m002532,c_maya,to,0
m002533,c_chris,to,0
m002533,c_noah,to,1
m002533,c_elena,to,2
m002533,c_marcus,cc,3
m002534,c_maya,to,0
m002535,c_chris,to,0
m002535,c_noah,to,1
m002535,c_elena,to,2
m002535,c_marcus,cc,3
m002536,c_maya,to,0
m002537,c_priya,to,0
m002537,c_quinn,cc,1
m002538,c_maya,to,0
m002539,c_priya,to,0
m002539,c_quinn,cc,1
m002540,c_maya,to,0
m002541,c_priya,to,0
m002541,c_quinn,cc,1
m002542,c_maya,to,0
m002543,c_priya,to,0
m002543,c_quinn,cc,1
m002544,c_maya,to,0
m002545,c_priya,to,0
m002545,c_quinn,cc,1
m002546,c_maya,to,0
m002547,c_priya,to,0
m002547,c_quinn,cc,1
m002548,c_maya,to,0
m002549,c_elena,to,0
m002549,c_taylor,to,1
m002549,c_lena,to,2
m002550,c_noah,to,0
m002551,c_elena,to,0
m002551,c_taylor,to,1
m002551,c_lena,to,2
m002552,c_noah,to,0
m002553,c_elena,to,0
m002553,c_taylor,to,1
m002553,c_lena,to,2
m002554,c_noah,to,0
m002555,c_elena,to,0
m002555,c_taylor,to,1
m002555,c_lena,to,2
m002556,c_noah,to,0
m002557,c_elena,to,0
m002557,c_taylor,to,1
m002557,c_lena,to,2
m002558,c_noah,to,0
m002559,c_elena,to,0
m002559,c_taylor,to,1
m002559,c_lena,to,2
m002560,c_noah,to,0
m002561,c_noah,to,0
m002561,c_taylor,to,1
m002561,c_chris,cc,2
m002562,c_elena,to,0
m002563,c_noah,to,0
m002563,c_taylor,to,1
m002563,c_chris,cc,2
m002564,c_elena,to,0
m002565,c_noah,to,0
m002565,c_taylor,to,1
m002565,c_chris,cc,2
m002566,c_elena,to,0
m002567,c_noah,to,0
m002567,c_taylor,to,1
m002567,c_chris,cc,2
m002568,c_elena,to,0
m002569,c_noah,to,0
m002570,c_taylor,to,0
m002571,c_noah,to,0
m002572,c_taylor,to,0
m002573,c_avery,to,0
m002573,c_devon,to,1
m002574,c_alex_chan,to,0
m002575,c_avery,to,0
m002575,c_devon,to,1
m002576,c_alex_chan,to,0
m002577,c_maya,to,0
m002578,c_alex_chen,to,0
m002579,c_quinn,to,0
m002580,c_priya,to,0
m002581,c_marcus,to,0
m002582,c_chris,to,0
m002583,c_marcus,to,0
m002584,c_chris,to,0
m002585,c_hana,to,0
m002586,c_sam,to,0
m002587,c_alex_chan,to,0
m002588,c_maya,to,0
m002589,c_alex_chan,to,0
m002590,c_maya,to,0
m002591,c_alex_chan,to,0
m002592,c_maya,to,0
m002593,c_alex_chan,to,0
m002594,c_maya,to,0
m002595,c_alex_chan,to,0
m002596,c_maya,to,0
m002597,c_alex_chan,to,0
m002598,c_maya,to,0
m002599,c_jamie_lee,to,0
m002600,c_maya,to,0
m002601,c_jamie_lee,to,0
m002602,c_maya,to,0
m002603,c_jamie_lee,to,0
m002604,c_maya,to,0
m002605,c_jamie_lee,to,0
m002606,c_maya,to,0
m002607,c_jamie_lee,to,0
m002608,c_maya,to,0
m002609,c_jamie_lee,to,0
m002610,c_maya,to,0
m002611,c_morgan_shaw,to,0
m002612,c_maya,to,0
m002613,c_morgan_shaw,to,0
m002614,c_maya,to,0
m002615,c_morgan_shaw,to,0
m002616,c_maya,to,0
m002617,c_morgan_shaw,to,0
m002618,c_maya,to,0
m002619,c_morgan_shaw,to,0
m002620,c_maya,to,0
m002621,c_morgan_shaw,to,0
m002622,c_maya,to,0
m002623,c_alex_chen,to,0
m002624,c_maya,to,0
m002625,c_alex_chen,to,0
m002626,c_maya,to,0
m002627,c_alex_chen,to,0
m002628,c_maya,to,0
m002629,c_alex_chen,to,0
m002630,c_maya,to,0
m002631,c_jamie_li,to,0
m002632,c_maya,to,0
m002633,c_jamie_li,to,0
m002634,c_maya,to,0
m002635,c_jamie_li,to,0
m002636,c_maya,to,0
m002637,c_jamie_li,to,0
m002638,c_maya,to,0
m002639,c_morgan_zhao,to,0
m002640,c_maya,to,0
m002641,c_morgan_zhao,to,0
m002642,c_maya,to,0
m002643,c_morgan_zhao,to,0
m002644,c_maya,to,0
m002645,c_morgan_zhao,to,0
m002646,c_maya,to,0
m002647,c_lee,to,0
m002648,c_maya,to,0
m002649,c_lee,to,0
m002650,c_maya,to,0
m002651,c_lee,to,0
m002652,c_maya,to,0
m002653,c_lee,to,0
m002654,c_maya,to,0
m002655,c_lee,to,0
m002656,c_maya,to,0
m002657,c_lee,to,0
m002658,c_maya,to,0
m002659,c_pat,to,0
m002660,c_maya,to,0
m002661,c_pat,to,0
m002662,c_maya,to,0
m002663,c_pat,to,0
m002664,c_maya,to,0
m002665,c_pat,to,0
m002666,c_maya,to,0
m002667,c_pat,to,0
m002668,c_maya,to,0
m002669,c_pat,to,0
m002670,c_maya,to,0
m002671,c_ren,to,0
m002672,c_maya,to,0
m002673,c_ren,to,0
m002674,c_maya,to,0
m002675,c_ren,to,0
m002676,c_maya,to,0
m002677,c_ren,to,0
m002678,c_maya,to,0
m002679,c_ren,to,0
m002680,c_maya,to,0
m002681,c_ren,to,0
m002682,c_maya,to,0
m002683,c_sam,to,0
m002684,c_maya,to,0
m002685,c_hana,to,0
m002686,c_maya,to,0
m002687,c_fac_001,to,0
m002688,c_maya,to,0
m002689,c_fac_002,to,0
m002690,c_maya,to,0
m002691,c_fac_003,to,0
m002692,c_maya,to,0
m002693,c_fac_004,to,0
m002694,c_maya,to,0
m002695,c_fac_005,to,0
m002696,c_maya,to,0
m002697,c_fac_006,to,0
m002698,c_maya,to,0
m002699,c_fac_007,to,0
m002700,c_maya,to,0
m002701,c_fac_008,to,0
m002702,c_maya,to,0
m002703,c_fac_009,to,0
m002704,c_maya,to,0
m002705,c_fac_010,to,0
m002706,c_maya,to,0
m002707,c_fac_011,to,0
m002708,c_maya,to,0
m002709,c_fac_012,to,0
m002710,c_maya,to,0
m002711,c_fac_013,to,0
m002712,c_maya,to,0
m002713,c_fac_014,to,0
m002714,c_maya,to,0
m002715,c_fac_015,to,0
m002716,c_maya,to,0
m002717,c_fac_016,to,0
m002718,c_maya,to,0
m002719,c_fac_017,to,0
m002720,c_maya,to,0
m002721,c_noah,to,0
m002721,c_elena,to,1
m002721,c_taylor,to,2
m002721,c_chris,cc,3
m002722,c_maya,to,0
m002723,c_noah,to,0
m002723,c_elena,to,1
m002723,c_taylor,to,2
m002723,c_chris,cc,3
m002724,c_maya,to,0
m002725,c_noah,to,0
m002725,c_elena,to,1
m002725,c_taylor,to,2
m002725,c_chris,cc,3
m002726,c_maya,to,0
m002727,c_noah,to,0
m002727,c_elena,to,1
m002727,c_taylor,to,2
m002727,c_chris,cc,3
m002728,c_maya,to,0
m002729,c_noah,to,0
m002729,c_elena,to,1
m002729,c_taylor,to,2
m002729,c_chris,cc,3
m002730,c_maya,to,0
m002731,c_noah,to,0
m002731,c_elena,to,1
m002731,c_taylor,to,2
m002731,c_chris,cc,3
m002732,c_maya,to,0
m002733,c_noah,to,0
m002733,c_elena,to,1
m002733,c_taylor,to,2
m002733,c_chris,cc,3
m002734,c_maya,to,0
m002735,c_noah,to,0
m002735,c_elena,to,1
m002735,c_taylor,to,2
m002735,c_chris,cc,3
m002736,c_maya,to,0
m002737,c_noah,to,0
m002737,c_elena,to,1
m002737,c_taylor,to,2
m002737,c_chris,cc,3
m002738,c_maya,to,0
m002739,c_noah,to,0
m002739,c_elena,to,1
m002739,c_taylor,to,2
m002739,c_chris,cc,3
m002740,c_maya,to,0
m002741,c_noah,to,0
m002741,c_elena,to,1
m002741,c_taylor,to,2
m002741,c_chris,cc,3
m002742,c_maya,to,0
m002743,c_noah,to,0
m002743,c_elena,to,1
m002743,c_taylor,to,2
m002743,c_chris,cc,3
m002744,c_maya,to,0
m002745,c_noah,to,0
m002745,c_elena,to,1
m002745,c_taylor,to,2
m002745,c_chris,cc,3
m002746,c_maya,to,0
m002747,c_noah,to,0
m002747,c_elena,to,1
m002747,c_taylor,to,2
m002747,c_chris,cc,3
m002748,c_maya,to,0
m002749,c_noah,to,0
m002749,c_elena,to,1
m002749,c_taylor,to,2
m002749,c_chris,cc,3
m002750,c_maya,to,0
m002751,c_noah,to,0
m002751,c_elena,to,1
m002751,c_taylor,to,2
m002751,c_chris,cc,3
m002752,c_maya,to,0
m002753,c_noah,to,0
m002753,c_elena,to,1
m002753,c_taylor,to,2
m002753,c_chris,cc,3
m002754,c_maya,to,0
m002755,c_noah,to,0
m002755,c_elena,to,1
m002755,c_taylor,to,2
m002755,c_chris,cc,3
m002756,c_maya,to,0
m002757,c_noah,to,0
m002757,c_elena,to,1
m002757,c_taylor,to,2
m002757,c_chris,cc,3
m002758,c_maya,to,0
m002759,c_noah,to,0
m002759,c_elena,to,1
m002759,c_taylor,to,2
m002759,c_chris,cc,3
m002760,c_maya,to,0
m002761,c_noah,to,0
m002761,c_elena,to,1
m002761,c_taylor,to,2
m002761,c_chris,cc,3
m002762,c_maya,to,0
m002763,c_noah,to,0
m002763,c_elena,to,1
m002763,c_taylor,to,2
m002763,c_chris,cc,3
m002764,c_maya,to,0
m002765,c_noah,to,0
m002765,c_elena,to,1
m002765,c_taylor,to,2
m002765,c_chris,cc,3
m002766,c_maya,to,0
m002767,c_noah,to,0
m002767,c_elena,to,1
m002767,c_taylor,to,2
m002767,c_chris,cc,3
m002768,c_maya,to,0
m002769,c_noah,to,0
m002769,c_elena,to,1
m002769,c_taylor,to,2
m002769,c_chris,cc,3
m002770,c_maya,to,0
m002771,c_noah,to,0
m002771,c_elena,to,1
m002771,c_taylor,to,2
m002771,c_chris,cc,3
m002772,c_maya,to,0
m002773,c_noah,to,0
m002773,c_elena,to,1
m002773,c_taylor,to,2
m002773,c_chris,cc,3
m002774,c_maya,to,0
m002775,c_noah,to,0
m002775,c_elena,to,1
m002775,c_taylor,to,2
m002775,c_chris,cc,3
m002776,c_maya,to,0
m002777,c_noah,to,0
m002777,c_elena,to,1
m002777,c_taylor,to,2
m002777,c_chris,cc,3
m002778,c_maya,to,0
m002779,c_noah,to,0
m002779,c_elena,to,1
m002779,c_taylor,to,2
m002779,c_chris,cc,3
m002780,c_maya,to,0
m002781,c_noah,to,0
m002781,c_elena,to,1
m002781,c_taylor,to,2
m002781,c_chris,cc,3
m002782,c_maya,to,0
m002783,c_noah,to,0
m002783,c_elena,to,1
m002783,c_taylor,to,2
m002783,c_chris,cc,3
m002784,c_maya,to,0
m002785,c_noah,to,0
m002785,c_elena,to,1
m002785,c_taylor,to,2
m002785,c_chris,cc,3
m002786,c_maya,to,0
m002787,c_noah,to,0
m002787,c_elena,to,1
m002787,c_taylor,to,2
m002787,c_chris,cc,3
m002788,c_maya,to,0
m002789,c_noah,to,0
m002789,c_elena,to,1
m002789,c_taylor,to,2
m002789,c_chris,cc,3
m002790,c_maya,to,0
m002791,c_noah,to,0
m002791,c_elena,to,1
m002791,c_taylor,to,2
m002791,c_chris,cc,3
m002792,c_maya,to,0
m002793,c_noah,to,0
m002793,c_elena,to,1
m002793,c_taylor,to,2
m002793,c_chris,cc,3
m002794,c_maya,to,0
m002795,c_noah,to,0
m002795,c_elena,to,1
m002795,c_taylor,to,2
m002795,c_chris,cc,3
m002796,c_maya,to,0
m002797,c_noah,to,0
m002797,c_elena,to,1
m002797,c_taylor,to,2
m002797,c_chris,cc,3
m002798,c_maya,to,0
m002799,c_noah,to,0
m002799,c_elena,to,1
m002799,c_taylor,to,2
m002799,c_chris,cc,3
m002800,c_maya,to,0
m002801,c_chris,to,0
m002801,c_noah,to,1
m002801,c_elena,to,2
m002801,c_marcus,cc,3
m002802,c_maya,to,0
m002803,c_chris,to,0
m002803,c_noah,to,1
m002803,c_elena,to,2
m002803,c_marcus,cc,3
m002804,c_maya,to,0
m002805,c_chris,to,0
m002805,c_noah,to,1
m002805,c_elena,to,2
m002805,c_marcus,cc,3
m002806,c_maya,to,0
m002807,c_chris,to,0
m002807,c_noah,to,1
m002807,c_elena,to,2
m002807,c_marcus,cc,3
m002808,c_maya,to,0
m002809,c_priya,to,0
m002809,c_quinn,cc,1
m002810,c_maya,to,0
m002811,c_priya,to,0
m002811,c_quinn,cc,1
m002812,c_maya,to,0
m002813,c_priya,to,0
m002813,c_quinn,cc,1
m002814,c_maya,to,0
m002815,c_priya,to,0
m002815,c_quinn,cc,1
m002816,c_maya,to,0
m002817,c_priya,to,0
m002817,c_quinn,cc,1
m002818,c_maya,to,0
m002819,c_priya,to,0
m002819,c_quinn,cc,1
m002820,c_maya,to,0
m002821,c_elena,to,0
m002821,c_taylor,to,1
m002821,c_lena,to,2
m002822,c_noah,to,0
m002823,c_elena,to,0
m002823,c_taylor,to,1
m002823,c_lena,to,2
m002824,c_noah,to,0
m002825,c_elena,to,0
m002825,c_taylor,to,1
m002825,c_lena,to,2
m002826,c_noah,to,0
m002827,c_elena,to,0
m002827,c_taylor,to,1
m002827,c_lena,to,2
m002828,c_noah,to,0
m002829,c_elena,to,0
m002829,c_taylor,to,1
m002829,c_lena,to,2
m002830,c_noah,to,0
m002831,c_elena,to,0
m002831,c_taylor,to,1
m002831,c_lena,to,2
m002832,c_noah,to,0
m002833,c_noah,to,0
m002833,c_taylor,to,1
m002833,c_chris,cc,2
m002834,c_elena,to,0
m002835,c_noah,to,0
m002835,c_taylor,to,1
m002835,c_chris,cc,2
m002836,c_elena,to,0
m002837,c_noah,to,0
m002837,c_taylor,to,1
m002837,c_chris,cc,2
m002838,c_elena,to,0
m002839,c_noah,to,0
m002839,c_taylor,to,1
m002839,c_chris,cc,2
m002840,c_elena,to,0
m002841,c_noah,to,0
m002842,c_taylor,to,0
m002843,c_noah,to,0
m002844,c_taylor,to,0
m002845,c_avery,to,0
m002845,c_devon,to,1
m002846,c_alex_chan,to,0
m002847,c_avery,to,0
m002847,c_devon,to,1
m002848,c_alex_chan,to,0
m002849,c_maya,to,0
m002850,c_alex_chen,to,0
m002851,c_quinn,to,0
m002852,c_priya,to,0
m002853,c_marcus,to,0
m002854,c_chris,to,0
m002855,c_marcus,to,0
m002856,c_chris,to,0
m002857,c_hana,to,0
m002858,c_sam,to,0
m002859,c_alex_chan,to,0
m002860,c_maya,to,0
m002861,c_alex_chan,to,0
m002862,c_maya,to,0
m002863,c_alex_chan,to,0
m002864,c_maya,to,0
m002865,c_alex_chan,to,0
m002866,c_maya,to,0
m002867,c_alex_chan,to,0
m002868,c_maya,to,0
m002869,c_alex_chan,to,0
m002870,c_maya,to,0
m002871,c_jamie_lee,to,0
m002872,c_maya,to,0
m002873,c_jamie_lee,to,0
m002874,c_maya,to,0
m002875,c_jamie_lee,to,0
m002876,c_maya,to,0
m002877,c_jamie_lee,to,0
m002878,c_maya,to,0
m002879,c_jamie_lee,to,0
m002880,c_maya,to,0
m002881,c_jamie_lee,to,0
m002882,c_maya,to,0
m002883,c_morgan_shaw,to,0
m002884,c_maya,to,0
m002885,c_morgan_shaw,to,0
m002886,c_maya,to,0
m002887,c_morgan_shaw,to,0
m002888,c_maya,to,0
m002889,c_morgan_shaw,to,0
m002890,c_maya,to,0
m002891,c_morgan_shaw,to,0
m002892,c_maya,to,0
m002893,c_morgan_shaw,to,0
m002894,c_maya,to,0
m002895,c_alex_chen,to,0
m002896,c_maya,to,0
m002897,c_alex_chen,to,0
m002898,c_maya,to,0
m002899,c_alex_chen,to,0
m002900,c_maya,to,0
m002901,c_alex_chen,to,0
m002902,c_maya,to,0
m002903,c_jamie_li,to,0
m002904,c_maya,to,0
m002905,c_jamie_li,to,0
m002906,c_maya,to,0
m002907,c_jamie_li,to,0
m002908,c_maya,to,0
m002909,c_jamie_li,to,0
m002910,c_maya,to,0
m002911,c_morgan_zhao,to,0
m002912,c_maya,to,0
m002913,c_morgan_zhao,to,0
m002914,c_maya,to,0
m002915,c_morgan_zhao,to,0
m002916,c_maya,to,0
m002917,c_morgan_zhao,to,0
m002918,c_maya,to,0
m002919,c_lee,to,0
m002920,c_maya,to,0
m002921,c_lee,to,0
m002922,c_maya,to,0
m002923,c_lee,to,0
m002924,c_maya,to,0
m002925,c_lee,to,0
m002926,c_maya,to,0
m002927,c_lee,to,0
m002928,c_maya,to,0
m002929,c_lee,to,0
m002930,c_maya,to,0
m002931,c_pat,to,0
m002932,c_maya,to,0
m002933,c_pat,to,0
m002934,c_maya,to,0
m002935,c_pat,to,0
m002936,c_maya,to,0
m002937,c_pat,to,0
m002938,c_maya,to,0
m002939,c_pat,to,0
m002940,c_maya,to,0
m002941,c_pat,to,0
m002942,c_maya,to,0
m002943,c_ren,to,0
m002944,c_maya,to,0
m002945,c_ren,to,0
m002946,c_maya,to,0
m002947,c_ren,to,0
m002948,c_maya,to,0
m002949,c_ren,to,0
m002950,c_maya,to,0
m002951,c_ren,to,0
m002952,c_maya,to,0
m002953,c_ren,to,0
m002954,c_maya,to,0
m002955,c_sam,to,0
m002956,c_maya,to,0
m002957,c_hana,to,0
m002958,c_maya,to,0
m002959,c_fac_001,to,0
m002960,c_maya,to,0
m002961,c_fac_002,to,0
m002962,c_maya,to,0
m002963,c_fac_003,to,0
m002964,c_maya,to,0
m002965,c_fac_004,to,0
m002966,c_maya,to,0
m002967,c_fac_005,to,0
m002968,c_maya,to,0
m002969,c_fac_006,to,0
m002970,c_maya,to,0
m002971,c_fac_007,to,0
m002972,c_maya,to,0
m002973,c_fac_008,to,0
m002974,c_maya,to,0
m002975,c_fac_009,to,0
m002976,c_maya,to,0
m002977,c_fac_010,to,0
m002978,c_maya,to,0
m002979,c_fac_011,to,0
m002980,c_maya,to,0
m002981,c_fac_012,to,0
m002982,c_maya,to,0
m002983,c_fac_013,to,0
m002984,c_maya,to,0
m002985,c_fac_014,to,0
m002986,c_maya,to,0
m002987,c_fac_015,to,0
m002988,c_maya,to,0
m002989,c_fac_016,to,0
m002990,c_maya,to,0
m002991,c_fac_017,to,0
m002992,c_maya,to,0
m002993,c_noah,to,0
m002993,c_elena,to,1
m002993,c_taylor,to,2
m002993,c_chris,cc,3
m002994,c_maya,to,0
m002995,c_noah,to,0
m002995,c_elena,to,1
m002995,c_taylor,to,2
m002995,c_chris,cc,3
m002996,c_maya,to,0
m002997,c_noah,to,0
m002997,c_elena,to,1
m002997,c_taylor,to,2
m002997,c_chris,cc,3
m002998,c_maya,to,0
m002999,c_noah,to,0
m002999,c_elena,to,1
m002999,c_taylor,to,2
m002999,c_chris,cc,3
m003000,c_maya,to,0
m003001,c_noah,to,0
m003001,c_elena,to,1
m003001,c_taylor,to,2
m003001,c_chris,cc,3
m003002,c_maya,to,0
m003003,c_noah,to,0
m003003,c_elena,to,1
m003003,c_taylor,to,2
m003003,c_chris,cc,3
m003004,c_maya,to,0
m003005,c_noah,to,0
m003005,c_elena,to,1
m003005,c_taylor,to,2
m003005,c_chris,cc,3
m003006,c_maya,to,0
m003007,c_noah,to,0
m003007,c_elena,to,1
m003007,c_taylor,to,2
m003007,c_chris,cc,3
m003008,c_maya,to,0
m003009,c_noah,to,0
m003009,c_elena,to,1
m003009,c_taylor,to,2
m003009,c_chris,cc,3
m003010,c_maya,to,0
m003011,c_noah,to,0
m003011,c_elena,to,1
m003011,c_taylor,to,2
m003011,c_chris,cc,3
m003012,c_maya,to,0
m003013,c_noah,to,0
m003013,c_elena,to,1
m003013,c_taylor,to,2
m003013,c_chris,cc,3
m003014,c_maya,to,0
m003015,c_noah,to,0
m003015,c_elena,to,1
m003015,c_taylor,to,2
m003015,c_chris,cc,3
m003016,c_maya,to,0
m003017,c_noah,to,0
m003017,c_elena,to,1
m003017,c_taylor,to,2
m003017,c_chris,cc,3
m003018,c_maya,to,0
m003019,c_noah,to,0
m003019,c_elena,to,1
m003019,c_taylor,to,2
m003019,c_chris,cc,3
m003020,c_maya,to,0
m003021,c_noah,to,0
m003021,c_elena,to,1
m003021,c_taylor,to,2
m003021,c_chris,cc,3
m003022,c_maya,to,0
m003023,c_noah,to,0
m003023,c_elena,to,1
m003023,c_taylor,to,2
m003023,c_chris,cc,3
m003024,c_maya,to,0
m003025,c_noah,to,0
m003025,c_elena,to,1
m003025,c_taylor,to,2
m003025,c_chris,cc,3
m003026,c_maya,to,0
m003027,c_noah,to,0
m003027,c_elena,to,1
m003027,c_taylor,to,2
m003027,c_chris,cc,3
m003028,c_maya,to,0
m003029,c_noah,to,0
m003029,c_elena,to,1
m003029,c_taylor,to,2
m003029,c_chris,cc,3
m003030,c_maya,to,0
m003031,c_noah,to,0
m003031,c_elena,to,1
m003031,c_taylor,to,2
m003031,c_chris,cc,3
m003032,c_maya,to,0
m003033,c_noah,to,0
m003033,c_elena,to,1
m003033,c_taylor,to,2
m003033,c_chris,cc,3
m003034,c_maya,to,0
m003035,c_noah,to,0
m003035,c_elena,to,1
m003035,c_taylor,to,2
m003035,c_chris,cc,3
m003036,c_maya,to,0
m003037,c_noah,to,0
m003037,c_elena,to,1
m003037,c_taylor,to,2
m003037,c_chris,cc,3
m003038,c_maya,to,0
m003039,c_noah,to,0
m003039,c_elena,to,1
m003039,c_taylor,to,2
m003039,c_chris,cc,3
m003040,c_maya,to,0
m003041,c_noah,to,0
m003041,c_elena,to,1
m003041,c_taylor,to,2
m003041,c_chris,cc,3
m003042,c_maya,to,0
m003043,c_noah,to,0
m003043,c_elena,to,1
m003043,c_taylor,to,2
m003043,c_chris,cc,3
m003044,c_maya,to,0
m003045,c_noah,to,0
m003045,c_elena,to,1
m003045,c_taylor,to,2
m003045,c_chris,cc,3
m003046,c_maya,to,0
m003047,c_noah,to,0
m003047,c_elena,to,1
m003047,c_taylor,to,2
m003047,c_chris,cc,3
m003048,c_maya,to,0
m003049,c_noah,to,0
m003049,c_elena,to,1
m003049,c_taylor,to,2
m003049,c_chris,cc,3
m003050,c_maya,to,0
m003051,c_noah,to,0
m003051,c_elena,to,1
m003051,c_taylor,to,2
m003051,c_chris,cc,3
m003052,c_maya,to,0
m003053,c_noah,to,0
m003053,c_elena,to,1
m003053,c_taylor,to,2
m003053,c_chris,cc,3
m003054,c_maya,to,0
m003055,c_noah,to,0
m003055,c_elena,to,1
m003055,c_taylor,to,2
m003055,c_chris,cc,3
m003056,c_maya,to,0
m003057,c_noah,to,0
m003057,c_elena,to,1
m003057,c_taylor,to,2
m003057,c_chris,cc,3
m003058,c_maya,to,0
m003059,c_noah,to,0
m003059,c_elena,to,1
m003059,c_taylor,to,2
m003059,c_chris,cc,3
m003060,c_maya,to,0
m003061,c_noah,to,0
m003061,c_elena,to,1
m003061,c_taylor,to,2
m003061,c_chris,cc,3
m003062,c_maya,to,0
m003063,c_noah,to,0
m003063,c_elena,to,1
m003063,c_taylor,to,2
m003063,c_chris,cc,3
m003064,c_maya,to,0
m003065,c_noah,to,0
m003065,c_elena,to,1
m003065,c_taylor,to,2
m003065,c_chris,cc,3
m003066,c_maya,to,0
m003067,c_noah,to,0
m003067,c_elena,to,1
m003067,c_taylor,to,2
m003067,c_chris,cc,3
m003068,c_maya,to,0
m003069,c_noah,to,0
m003069,c_elena,to,1
m003069,c_taylor,to,2
m003069,c_chris,cc,3
m003070,c_maya,to,0
m003071,c_noah,to,0
m003071,c_elena,to,1
m003071,c_taylor,to,2
m003071,c_chris,cc,3
m003072,c_maya,to,0
m003073,c_chris,to,0
m003073,c_noah,to,1
m003073,c_elena,to,2
m003073,c_marcus,cc,3
m003074,c_maya,to,0
m003075,c_chris,to,0
m003075,c_noah,to,1
m003075,c_elena,to,2
m003075,c_marcus,cc,3
m003076,c_maya,to,0
m003077,c_chris,to,0
m003077,c_noah,to,1
m003077,c_elena,to,2
m003077,c_marcus,cc,3
m003078,c_maya,to,0
m003079,c_chris,to,0
m003079,c_noah,to,1
m003079,c_elena,to,2
m003079,c_marcus,cc,3
m003080,c_maya,to,0
m003081,c_priya,to,0
m003081,c_quinn,cc,1
m003082,c_maya,to,0
m003083,c_priya,to,0
m003083,c_quinn,cc,1
m003084,c_maya,to,0
m003085,c_priya,to,0
m003085,c_quinn,cc,1
m003086,c_maya,to,0
m003087,c_priya,to,0
m003087,c_quinn,cc,1
m003088,c_maya,to,0
m003089,c_priya,to,0
m003089,c_quinn,cc,1
m003090,c_maya,to,0
m003091,c_priya,to,0
m003091,c_quinn,cc,1
m003092,c_maya,to,0
m003093,c_elena,to,0
m003093,c_taylor,to,1
m003093,c_lena,to,2
m003094,c_noah,to,0
m003095,c_elena,to,0
m003095,c_taylor,to,1
m003095,c_lena,to,2
m003096,c_noah,to,0
m003097,c_elena,to,0
m003097,c_taylor,to,1
m003097,c_lena,to,2
m003098,c_noah,to,0
m003099,c_elena,to,0
m003099,c_taylor,to,1
m003099,c_lena,to,2
m003100,c_noah,to,0
m003101,c_elena,to,0
m003101,c_taylor,to,1
m003101,c_lena,to,2
m003102,c_noah,to,0
m003103,c_elena,to,0
m003103,c_taylor,to,1
m003103,c_lena,to,2
m003104,c_noah,to,0
m003105,c_noah,to,0
m003105,c_taylor,to,1
m003105,c_chris,cc,2
m003106,c_elena,to,0
m003107,c_noah,to,0
m003107,c_taylor,to,1
m003107,c_chris,cc,2
m003108,c_elena,to,0
m003109,c_noah,to,0
m003109,c_taylor,to,1
m003109,c_chris,cc,2
m003110,c_elena,to,0
m003111,c_noah,to,0
m003111,c_taylor,to,1
m003111,c_chris,cc,2
m003112,c_elena,to,0
m003113,c_noah,to,0
m003114,c_taylor,to,0
m003115,c_noah,to,0
m003116,c_taylor,to,0
m003117,c_avery,to,0
m003117,c_devon,to,1
m003118,c_alex_chan,to,0
m003119,c_avery,to,0
m003119,c_devon,to,1
m003120,c_alex_chan,to,0
m003121,c_maya,to,0
m003122,c_alex_chen,to,0
m003123,c_quinn,to,0
m003124,c_priya,to,0
m003125,c_marcus,to,0
m003126,c_chris,to,0
m003127,c_marcus,to,0
m003128,c_chris,to,0
m003129,c_hana,to,0
m003130,c_sam,to,0
m003131,c_alex_chan,to,0
m003132,c_maya,to,0
m003133,c_alex_chan,to,0
m003134,c_maya,to,0
m003135,c_alex_chan,to,0
m003136,c_maya,to,0
m003137,c_alex_chan,to,0
m003138,c_maya,to,0
m003139,c_alex_chan,to,0
m003140,c_maya,to,0
m003141,c_alex_chan,to,0
m003142,c_maya,to,0
m003143,c_jamie_lee,to,0
m003144,c_maya,to,0
m003145,c_jamie_lee,to,0
m003146,c_maya,to,0
m003147,c_jamie_lee,to,0
m003148,c_maya,to,0
m003149,c_jamie_lee,to,0
m003150,c_maya,to,0
m003151,c_jamie_lee,to,0
m003152,c_maya,to,0
m003153,c_jamie_lee,to,0
m003154,c_maya,to,0
m003155,c_morgan_shaw,to,0
m003156,c_maya,to,0
m003157,c_morgan_shaw,to,0
m003158,c_maya,to,0
m003159,c_morgan_shaw,to,0
m003160,c_maya,to,0
m003161,c_morgan_shaw,to,0
m003162,c_maya,to,0
m003163,c_morgan_shaw,to,0
m003164,c_maya,to,0
m003165,c_morgan_shaw,to,0
m003166,c_maya,to,0
m003167,c_alex_chen,to,0
m003168,c_maya,to,0
m003169,c_alex_chen,to,0
m003170,c_maya,to,0
m003171,c_alex_chen,to,0
m003172,c_maya,to,0
m003173,c_alex_chen,to,0
m003174,c_maya,to,0
m003175,c_jamie_li,to,0
m003176,c_maya,to,0
m003177,c_jamie_li,to,0
m003178,c_maya,to,0
m003179,c_jamie_li,to,0
m003180,c_maya,to,0
m003181,c_jamie_li,to,0
m003182,c_maya,to,0
m003183,c_morgan_zhao,to,0
m003184,c_maya,to,0
m003185,c_morgan_zhao,to,0
m003186,c_maya,to,0
m003187,c_morgan_zhao,to,0
m003188,c_maya,to,0
m003189,c_morgan_zhao,to,0
m003190,c_maya,to,0
m003191,c_lee,to,0
m003192,c_maya,to,0
m003193,c_lee,to,0
m003194,c_maya,to,0
m003195,c_lee,to,0
m003196,c_maya,to,0
m003197,c_lee,to,0
m003198,c_maya,to,0
m003199,c_lee,to,0
m003200,c_maya,to,0
m003201,c_lee,to,0
m003202,c_maya,to,0
m003203,c_pat,to,0
m003204,c_maya,to,0
m003205,c_pat,to,0
m003206,c_maya,to,0
m003207,c_pat,to,0
m003208,c_maya,to,0
m003209,c_pat,to,0
m003210,c_maya,to,0
m003211,c_pat,to,0
m003212,c_maya,to,0
m003213,c_pat,to,0
m003214,c_maya,to,0
m003215,c_ren,to,0
m003216,c_maya,to,0
m003217,c_ren,to,0
m003218,c_maya,to,0
m003219,c_ren,to,0
m003220,c_maya,to,0
m003221,c_ren,to,0
m003222,c_maya,to,0
m003223,c_ren,to,0
m003224,c_maya,to,0
m003225,c_ren,to,0
m003226,c_maya,to,0
m003227,c_sam,to,0
m003228,c_maya,to,0
m003229,c_hana,to,0
m003230,c_maya,to,0
m003231,c_fac_001,to,0
m003232,c_maya,to,0
m003233,c_fac_002,to,0
m003234,c_maya,to,0
m003235,c_fac_003,to,0
m003236,c_maya,to,0
m003237,c_fac_004,to,0
m003238,c_maya,to,0
m003239,c_fac_005,to,0
m003240,c_maya,to,0
m003241,c_fac_006,to,0
m003242,c_maya,to,0
m003243,c_fac_007,to,0
m003244,c_maya,to,0
m003245,c_fac_008,to,0
m003246,c_maya,to,0
m003247,c_fac_009,to,0
m003248,c_maya,to,0
m003249,c_fac_010,to,0
m003250,c_maya,to,0
m003251,c_fac_011,to,0
m003252,c_maya,to,0
m003253,c_fac_012,to,0
m003254,c_maya,to,0
m003255,c_fac_013,to,0
m003256,c_maya,to,0
m003257,c_fac_014,to,0
m003258,c_maya,to,0
m003259,c_fac_015,to,0
m003260,c_maya,to,0
m003261,c_fac_016,to,0
m003262,c_maya,to,0
m003263,c_fac_017,to,0
m003264,c_maya,to,0
m003265,c_noah,to,0
m003265,c_elena,to,1
m003265,c_taylor,to,2
m003265,c_chris,cc,3
m003266,c_maya,to,0
m003267,c_noah,to,0
m003267,c_elena,to,1
m003267,c_taylor,to,2
m003267,c_chris,cc,3
m003268,c_maya,to,0
m003269,c_noah,to,0
m003269,c_elena,to,1
m003269,c_taylor,to,2
m003269,c_chris,cc,3
m003270,c_maya,to,0
m003271,c_noah,to,0
m003271,c_elena,to,1
m003271,c_taylor,to,2
m003271,c_chris,cc,3
m003272,c_maya,to,0
m003273,c_noah,to,0
m003273,c_elena,to,1
m003273,c_taylor,to,2
m003273,c_chris,cc,3
m003274,c_maya,to,0
m003275,c_noah,to,0
m003275,c_elena,to,1
m003275,c_taylor,to,2
m003275,c_chris,cc,3
m003276,c_maya,to,0
m003277,c_noah,to,0
m003277,c_elena,to,1
m003277,c_taylor,to,2
m003277,c_chris,cc,3
m003278,c_maya,to,0
m003279,c_noah,to,0
m003279,c_elena,to,1
m003279,c_taylor,to,2
m003279,c_chris,cc,3
m003280,c_maya,to,0
m003281,c_noah,to,0
m003281,c_elena,to,1
m003281,c_taylor,to,2
m003281,c_chris,cc,3
m003282,c_maya,to,0
m003283,c_noah,to,0
m003283,c_elena,to,1
m003283,c_taylor,to,2
m003283,c_chris,cc,3
m003284,c_maya,to,0
m003285,c_noah,to,0
m003285,c_elena,to,1
m003285,c_taylor,to,2
m003285,c_chris,cc,3
m003286,c_maya,to,0
m003287,c_noah,to,0
m003287,c_elena,to,1
m003287,c_taylor,to,2
m003287,c_chris,cc,3
m003288,c_maya,to,0
m003289,c_noah,to,0
m003289,c_elena,to,1
m003289,c_taylor,to,2
m003289,c_chris,cc,3
m003290,c_maya,to,0
m003291,c_noah,to,0
m003291,c_elena,to,1
m003291,c_taylor,to,2
m003291,c_chris,cc,3
m003292,c_maya,to,0
m003293,c_noah,to,0
m003293,c_elena,to,1
m003293,c_taylor,to,2
m003293,c_chris,cc,3
m003294,c_maya,to,0
m003295,c_noah,to,0
m003295,c_elena,to,1
m003295,c_taylor,to,2
m003295,c_chris,cc,3
m003296,c_maya,to,0
m003297,c_noah,to,0
m003297,c_elena,to,1
m003297,c_taylor,to,2
m003297,c_chris,cc,3
m003298,c_maya,to,0
m003299,c_noah,to,0
m003299,c_elena,to,1
m003299,c_taylor,to,2
m003299,c_chris,cc,3
m003300,c_maya,to,0
m003301,c_noah,to,0
m003301,c_elena,to,1
m003301,c_taylor,to,2
m003301,c_chris,cc,3
m003302,c_maya,to,0
m003303,c_noah,to,0
m003303,c_elena,to,1
m003303,c_taylor,to,2
m003303,c_chris,cc,3
m003304,c_maya,to,0
m003305,c_noah,to,0
m003305,c_elena,to,1
m003305,c_taylor,to,2
m003305,c_chris,cc,3
m003306,c_maya,to,0
m003307,c_noah,to,0
m003307,c_elena,to,1
m003307,c_taylor,to,2
m003307,c_chris,cc,3
m003308,c_maya,to,0
m003309,c_noah,to,0
m003309,c_elena,to,1
m003309,c_taylor,to,2
m003309,c_chris,cc,3
m003310,c_maya,to,0
m003311,c_noah,to,0
m003311,c_elena,to,1
m003311,c_taylor,to,2
m003311,c_chris,cc,3
m003312,c_maya,to,0
m003313,c_noah,to,0
m003313,c_elena,to,1
m003313,c_taylor,to,2
m003313,c_chris,cc,3
m003314,c_maya,to,0
m003315,c_noah,to,0
m003315,c_elena,to,1
m003315,c_taylor,to,2
m003315,c_chris,cc,3
m003316,c_maya,to,0
m003317,c_noah,to,0
m003317,c_elena,to,1
m003317,c_taylor,to,2
m003317,c_chris,cc,3
m003318,c_maya,to,0
m003319,c_noah,to,0
m003319,c_elena,to,1
m003319,c_taylor,to,2
m003319,c_chris,cc,3
m003320,c_maya,to,0
m003321,c_noah,to,0
m003321,c_elena,to,1
m003321,c_taylor,to,2
m003321,c_chris,cc,3
m003322,c_maya,to,0
m003323,c_noah,to,0
m003323,c_elena,to,1
m003323,c_taylor,to,2
m003323,c_chris,cc,3
m003324,c_maya,to,0
m003325,c_noah,to,0
m003325,c_elena,to,1
m003325,c_taylor,to,2
m003325,c_chris,cc,3
m003326,c_maya,to,0
m003327,c_noah,to,0
m003327,c_elena,to,1
m003327,c_taylor,to,2
m003327,c_chris,cc,3
m003328,c_maya,to,0
m003329,c_noah,to,0
m003329,c_elena,to,1
m003329,c_taylor,to,2
m003329,c_chris,cc,3
m003330,c_maya,to,0
m003331,c_noah,to,0
m003331,c_elena,to,1
m003331,c_taylor,to,2
m003331,c_chris,cc,3
m003332,c_maya,to,0
m003333,c_noah,to,0
m003333,c_elena,to,1
m003333,c_taylor,to,2
m003333,c_chris,cc,3
m003334,c_maya,to,0
m003335,c_noah,to,0
m003335,c_elena,to,1
m003335,c_taylor,to,2
m003335,c_chris,cc,3
m003336,c_maya,to,0
m003337,c_noah,to,0
m003337,c_elena,to,1
m003337,c_taylor,to,2
m003337,c_chris,cc,3
m003338,c_maya,to,0
m003339,c_noah,to,0
m003339,c_elena,to,1
m003339,c_taylor,to,2
m003339,c_chris,cc,3
m003340,c_maya,to,0
m003341,c_noah,to,0
m003341,c_elena,to,1
m003341,c_taylor,to,2
m003341,c_chris,cc,3
m003342,c_maya,to,0
m003343,c_noah,to,0
m003343,c_elena,to,1
m003343,c_taylor,to,2
m003343,c_chris,cc,3
m003344,c_maya,to,0
m003345,c_chris,to,0
m003345,c_noah,to,1
m003345,c_elena,to,2
m003345,c_marcus,cc,3
m003346,c_maya,to,0
m003347,c_chris,to,0
m003347,c_noah,to,1
m003347,c_elena,to,2
m003347,c_marcus,cc,3
m003348,c_maya,to,0
m003349,c_chris,to,0
m003349,c_noah,to,1
m003349,c_elena,to,2
m003349,c_marcus,cc,3
m003350,c_maya,to,0
m003351,c_chris,to,0
m003351,c_noah,to,1
m003351,c_elena,to,2
m003351,c_marcus,cc,3
m003352,c_maya,to,0
m003353,c_priya,to,0
m003353,c_quinn,cc,1
m003354,c_maya,to,0
m003355,c_priya,to,0
m003355,c_quinn,cc,1
m003356,c_maya,to,0
m003357,c_priya,to,0
m003357,c_quinn,cc,1
m003358,c_maya,to,0
m003359,c_priya,to,0
m003359,c_quinn,cc,1
m003360,c_maya,to,0
m003361,c_priya,to,0
m003361,c_quinn,cc,1
m003362,c_maya,to,0
m003363,c_priya,to,0
m003363,c_quinn,cc,1
m003364,c_maya,to,0
m003365,c_elena,to,0
m003365,c_taylor,to,1
m003365,c_lena,to,2
m003366,c_noah,to,0
m003367,c_elena,to,0
m003367,c_taylor,to,1
m003367,c_lena,to,2
m003368,c_noah,to,0
m003369,c_elena,to,0
m003369,c_taylor,to,1
m003369,c_lena,to,2
m003370,c_noah,to,0
m003371,c_elena,to,0
m003371,c_taylor,to,1
m003371,c_lena,to,2
m003372,c_noah,to,0
m003373,c_elena,to,0
m003373,c_taylor,to,1
m003373,c_lena,to,2
m003374,c_noah,to,0
m003375,c_elena,to,0
m003375,c_taylor,to,1
m003375,c_lena,to,2
m003376,c_noah,to,0
m003377,c_noah,to,0
m003377,c_taylor,to,1
m003377,c_chris,cc,2
m003378,c_elena,to,0
m003379,c_noah,to,0
m003379,c_taylor,to,1
m003379,c_chris,cc,2
m003380,c_elena,to,0
m003381,c_noah,to,0
m003381,c_taylor,to,1
m003381,c_chris,cc,2
m003382,c_elena,to,0
m003383,c_noah,to,0
m003383,c_taylor,to,1
m003383,c_chris,cc,2
m003384,c_elena,to,0
m003385,c_noah,to,0
m003386,c_taylor,to,0
m003387,c_noah,to,0
m003388,c_taylor,to,0
m003389,c_avery,to,0
m003389,c_devon,to,1
m003390,c_alex_chan,to,0
m003391,c_avery,to,0
m003391,c_devon,to,1
m003392,c_alex_chan,to,0
m003393,c_maya,to,0
m003394,c_alex_chen,to,0
m003395,c_quinn,to,0
m003396,c_priya,to,0
m003397,c_marcus,to,0
m003398,c_chris,to,0
m003399,c_marcus,to,0
m003400,c_chris,to,0
m003401,c_hana,to,0
m003402,c_sam,to,0
m003403,c_alex_chan,to,0
m003404,c_maya,to,0
m003405,c_alex_chan,to,0
m003406,c_maya,to,0
m003407,c_alex_chan,to,0
m003408,c_maya,to,0
m003409,c_alex_chan,to,0
m003410,c_maya,to,0
m003411,c_alex_chan,to,0
m003412,c_maya,to,0
m003413,c_alex_chan,to,0
m003414,c_maya,to,0
m003415,c_jamie_lee,to,0
m003416,c_maya,to,0
m003417,c_jamie_lee,to,0
m003418,c_maya,to,0
m003419,c_jamie_lee,to,0
m003420,c_maya,to,0
m003421,c_jamie_lee,to,0
m003422,c_maya,to,0
m003423,c_jamie_lee,to,0
m003424,c_maya,to,0
m003425,c_jamie_lee,to,0
m003426,c_maya,to,0
m003427,c_morgan_shaw,to,0
m003428,c_maya,to,0
m003429,c_morgan_shaw,to,0
m003430,c_maya,to,0
m003431,c_morgan_shaw,to,0
m003432,c_maya,to,0
m003433,c_morgan_shaw,to,0
m003434,c_maya,to,0
m003435,c_morgan_shaw,to,0
m003436,c_maya,to,0
m003437,c_morgan_shaw,to,0
m003438,c_maya,to,0
m003439,c_alex_chen,to,0
m003440,c_maya,to,0
m003441,c_alex_chen,to,0
m003442,c_maya,to,0
m003443,c_alex_chen,to,0
m003444,c_maya,to,0
m003445,c_alex_chen,to,0
m003446,c_maya,to,0
m003447,c_jamie_li,to,0
m003448,c_maya,to,0
m003449,c_jamie_li,to,0
m003450,c_maya,to,0
m003451,c_jamie_li,to,0
m003452,c_maya,to,0
m003453,c_jamie_li,to,0
m003454,c_maya,to,0
m003455,c_morgan_zhao,to,0
m003456,c_maya,to,0
m003457,c_morgan_zhao,to,0
m003458,c_maya,to,0
m003459,c_morgan_zhao,to,0
m003460,c_maya,to,0
m003461,c_morgan_zhao,to,0
m003462,c_maya,to,0
m003463,c_lee,to,0
m003464,c_maya,to,0
m003465,c_lee,to,0
m003466,c_maya,to,0
m003467,c_lee,to,0
m003468,c_maya,to,0
m003469,c_lee,to,0
m003470,c_maya,to,0
m003471,c_lee,to,0
m003472,c_maya,to,0
m003473,c_lee,to,0
m003474,c_maya,to,0
m003475,c_pat,to,0
m003476,c_maya,to,0
m003477,c_pat,to,0
m003478,c_maya,to,0
m003479,c_pat,to,0
m003480,c_maya,to,0
m003481,c_pat,to,0
m003482,c_maya,to,0
m003483,c_pat,to,0
m003484,c_maya,to,0
m003485,c_pat,to,0
m003486,c_maya,to,0
m003487,c_ren,to,0
m003488,c_maya,to,0
m003489,c_ren,to,0
m003490,c_maya,to,0
m003491,c_ren,to,0
m003492,c_maya,to,0
m003493,c_ren,to,0
m003494,c_maya,to,0
m003495,c_ren,to,0
m003496,c_maya,to,0
m003497,c_ren,to,0
m003498,c_maya,to,0
m003499,c_sam,to,0
m003500,c_maya,to,0
m003501,c_hana,to,0
m003502,c_maya,to,0
m003503,c_fac_001,to,0
m003504,c_maya,to,0
m003505,c_fac_002,to,0
m003506,c_maya,to,0
m003507,c_fac_003,to,0
m003508,c_maya,to,0
m003509,c_fac_004,to,0
m003510,c_maya,to,0
m003511,c_fac_005,to,0
m003512,c_maya,to,0
m003513,c_fac_006,to,0
m003514,c_maya,to,0
m003515,c_fac_007,to,0
m003516,c_maya,to,0
m003517,c_fac_008,to,0
m003518,c_maya,to,0
m003519,c_fac_009,to,0
m003520,c_maya,to,0
m003521,c_fac_010,to,0
m003522,c_maya,to,0
m003523,c_fac_011,to,0
m003524,c_maya,to,0
m003525,c_fac_012,to,0
m003526,c_maya,to,0
m003527,c_fac_013,to,0
m003528,c_maya,to,0
m003529,c_fac_014,to,0
m003530,c_maya,to,0
m003531,c_fac_015,to,0
m003532,c_maya,to,0
m003533,c_fac_016,to,0
m003534,c_maya,to,0
m003535,c_fac_017,to,0
m003536,c_maya,to,0
m003537,c_noah,to,0
m003537,c_elena,to,1
m003537,c_taylor,to,2
m003537,c_chris,cc,3
m003538,c_maya,to,0
m003539,c_noah,to,0
m003539,c_elena,to,1
m003539,c_taylor,to,2
m003539,c_chris,cc,3
m003540,c_maya,to,0
m003541,c_noah,to,0
m003541,c_elena,to,1
m003541,c_taylor,to,2
m003541,c_chris,cc,3
m003542,c_maya,to,0
m003543,c_noah,to,0
m003543,c_elena,to,1
m003543,c_taylor,to,2
m003543,c_chris,cc,3
m003544,c_maya,to,0
m003545,c_noah,to,0
m003545,c_elena,to,1
m003545,c_taylor,to,2
m003545,c_chris,cc,3
m003546,c_maya,to,0
m003547,c_noah,to,0
m003547,c_elena,to,1
m003547,c_taylor,to,2
m003547,c_chris,cc,3
m003548,c_maya,to,0
m003549,c_noah,to,0
m003549,c_elena,to,1
m003549,c_taylor,to,2
m003549,c_chris,cc,3
m003550,c_maya,to,0
m003551,c_noah,to,0
m003551,c_elena,to,1
m003551,c_taylor,to,2
m003551,c_chris,cc,3
m003552,c_maya,to,0
m003553,c_noah,to,0
m003553,c_elena,to,1
m003553,c_taylor,to,2
m003553,c_chris,cc,3
m003554,c_maya,to,0
m003555,c_noah,to,0
m003555,c_elena,to,1
m003555,c_taylor,to,2
m003555,c_chris,cc,3
m003556,c_maya,to,0
m003557,c_noah,to,0
m003557,c_elena,to,1
m003557,c_taylor,to,2
m003557,c_chris,cc,3
m003558,c_maya,to,0
m003559,c_noah,to,0
m003559,c_elena,to,1
m003559,c_taylor,to,2
m003559,c_chris,cc,3
m003560,c_maya,to,0
m003561,c_noah,to,0
m003561,c_elena,to,1
m003561,c_taylor,to,2
m003561,c_chris,cc,3
m003562,c_maya,to,0
m003563,c_noah,to,0
m003563,c_elena,to,1
m003563,c_taylor,to,2
m003563,c_chris,cc,3
m003564,c_maya,to,0
m003565,c_noah,to,0
m003565,c_elena,to,1
m003565,c_taylor,to,2
m003565,c_chris,cc,3
m003566,c_maya,to,0
m003567,c_noah,to,0
m003567,c_elena,to,1
m003567,c_taylor,to,2
m003567,c_chris,cc,3
m003568,c_maya,to,0
m003569,c_noah,to,0
m003569,c_elena,to,1
m003569,c_taylor,to,2
m003569,c_chris,cc,3
m003570,c_maya,to,0
m003571,c_noah,to,0
m003571,c_elena,to,1
m003571,c_taylor,to,2
m003571,c_chris,cc,3
m003572,c_maya,to,0
m003573,c_noah,to,0
m003573,c_elena,to,1
m003573,c_taylor,to,2
m003573,c_chris,cc,3
m003574,c_maya,to,0
m003575,c_noah,to,0
m003575,c_elena,to,1
m003575,c_taylor,to,2
m003575,c_chris,cc,3
m003576,c_maya,to,0
m003577,c_noah,to,0
m003577,c_elena,to,1
m003577,c_taylor,to,2
m003577,c_chris,cc,3
m003578,c_maya,to,0
m003579,c_noah,to,0
m003579,c_elena,to,1
m003579,c_taylor,to,2
m003579,c_chris,cc,3
m003580,c_maya,to,0
m003581,c_noah,to,0
m003581,c_elena,to,1
m003581,c_taylor,to,2
m003581,c_chris,cc,3
m003582,c_maya,to,0
m003583,c_noah,to,0
m003583,c_elena,to,1
m003583,c_taylor,to,2
m003583,c_chris,cc,3
m003584,c_maya,to,0
m003585,c_noah,to,0
m003585,c_elena,to,1
m003585,c_taylor,to,2
m003585,c_chris,cc,3
m003586,c_maya,to,0
m003587,c_noah,to,0
m003587,c_elena,to,1
m003587,c_taylor,to,2
m003587,c_chris,cc,3
m003588,c_maya,to,0
m003589,c_noah,to,0
m003589,c_elena,to,1
m003589,c_taylor,to,2
m003589,c_chris,cc,3
m003590,c_maya,to,0
m003591,c_noah,to,0
m003591,c_elena,to,1
m003591,c_taylor,to,2
m003591,c_chris,cc,3
m003592,c_maya,to,0
m003593,c_noah,to,0
m003593,c_elena,to,1
m003593,c_taylor,to,2
m003593,c_chris,cc,3
m003594,c_maya,to,0
m003595,c_noah,to,0
m003595,c_elena,to,1
m003595,c_taylor,to,2
m003595,c_chris,cc,3
m003596,c_maya,to,0
m003597,c_noah,to,0
m003597,c_elena,to,1
m003597,c_taylor,to,2
m003597,c_chris,cc,3
m003598,c_maya,to,0
m003599,c_noah,to,0
m003599,c_elena,to,1
m003599,c_taylor,to,2
m003599,c_chris,cc,3
m003600,c_maya,to,0
m003601,c_noah,to,0
m003601,c_elena,to,1
m003601,c_taylor,to,2
m003601,c_chris,cc,3
m003602,c_maya,to,0
m003603,c_noah,to,0
m003603,c_elena,to,1
m003603,c_taylor,to,2
m003603,c_chris,cc,3
m003604,c_maya,to,0
m003605,c_noah,to,0
m003605,c_elena,to,1
m003605,c_taylor,to,2
m003605,c_chris,cc,3
m003606,c_maya,to,0
m003607,c_noah,to,0
m003607,c_elena,to,1
m003607,c_taylor,to,2
m003607,c_chris,cc,3
m003608,c_maya,to,0
m003609,c_noah,to,0
m003609,c_elena,to,1
m003609,c_taylor,to,2
m003609,c_chris,cc,3
m003610,c_maya,to,0
m003611,c_noah,to,0
m003611,c_elena,to,1
m003611,c_taylor,to,2
m003611,c_chris,cc,3
m003612,c_maya,to,0
m003613,c_noah,to,0
m003613,c_elena,to,1
m003613,c_taylor,to,2
m003613,c_chris,cc,3
m003614,c_maya,to,0
m003615,c_noah,to,0
m003615,c_elena,to,1
m003615,c_taylor,to,2
m003615,c_chris,cc,3
m003616,c_maya,to,0
m003617,c_chris,to,0
m003617,c_noah,to,1
m003617,c_elena,to,2
m003617,c_marcus,cc,3
m003618,c_maya,to,0
m003619,c_chris,to,0
m003619,c_noah,to,1
m003619,c_elena,to,2
m003619,c_marcus,cc,3
m003620,c_maya,to,0
m003621,c_chris,to,0
m003621,c_noah,to,1
m003621,c_elena,to,2
m003621,c_marcus,cc,3
m003622,c_maya,to,0
m003623,c_chris,to,0
m003623,c_noah,to,1
m003623,c_elena,to,2
m003623,c_marcus,cc,3
m003624,c_maya,to,0
m003625,c_priya,to,0
m003625,c_quinn,cc,1
m003626,c_maya,to,0
m003627,c_priya,to,0
m003627,c_quinn,cc,1
m003628,c_maya,to,0
m003629,c_priya,to,0
m003629,c_quinn,cc,1
m003630,c_maya,to,0
m003631,c_priya,to,0
m003631,c_quinn,cc,1
m003632,c_maya,to,0
m003633,c_priya,to,0
m003633,c_quinn,cc,1
m003634,c_maya,to,0
m003635,c_priya,to,0
m003635,c_quinn,cc,1
m003636,c_maya,to,0
m003637,c_elena,to,0
m003637,c_taylor,to,1
m003637,c_lena,to,2
m003638,c_noah,to,0
m003639,c_elena,to,0
m003639,c_taylor,to,1
m003639,c_lena,to,2
m003640,c_noah,to,0
m003641,c_elena,to,0
m003641,c_taylor,to,1
m003641,c_lena,to,2
m003642,c_noah,to,0
m003643,c_elena,to,0
m003643,c_taylor,to,1
m003643,c_lena,to,2
m003644,c_noah,to,0
m003645,c_elena,to,0
m003645,c_taylor,to,1
m003645,c_lena,to,2
m003646,c_noah,to,0
m003647,c_elena,to,0
m003647,c_taylor,to,1
m003647,c_lena,to,2
m003648,c_noah,to,0
m003649,c_noah,to,0
m003649,c_taylor,to,1
m003649,c_chris,cc,2
m003650,c_elena,to,0
m003651,c_noah,to,0
m003651,c_taylor,to,1
m003651,c_chris,cc,2
m003652,c_elena,to,0
m003653,c_noah,to,0
m003653,c_taylor,to,1
m003653,c_chris,cc,2
m003654,c_elena,to,0
m003655,c_noah,to,0
m003655,c_taylor,to,1
m003655,c_chris,cc,2
m003656,c_elena,to,0
m003657,c_noah,to,0
m003658,c_taylor,to,0
m003659,c_noah,to,0
m003660,c_taylor,to,0
m003661,c_avery,to,0
m003661,c_devon,to,1
m003662,c_alex_chan,to,0
m003663,c_avery,to,0
m003663,c_devon,to,1
m003664,c_alex_chan,to,0
m003665,c_maya,to,0
m003666,c_alex_chen,to,0
m003667,c_quinn,to,0
m003668,c_priya,to,0
m003669,c_marcus,to,0
m003670,c_chris,to,0
m003671,c_marcus,to,0
m003672,c_chris,to,0
m003673,c_hana,to,0
m003674,c_sam,to,0
m003675,c_alex_chan,to,0
m003676,c_maya,to,0
m003677,c_alex_chan,to,0
m003678,c_maya,to,0
m003679,c_alex_chan,to,0
m003680,c_maya,to,0
m003681,c_alex_chan,to,0
m003682,c_maya,to,0
m003683,c_alex_chan,to,0
m003684,c_maya,to,0
m003685,c_alex_chan,to,0
m003686,c_maya,to,0
m003687,c_jamie_lee,to,0
m003688,c_maya,to,0
m003689,c_jamie_lee,to,0
m003690,c_maya,to,0
m003691,c_jamie_lee,to,0
m003692,c_maya,to,0
m003693,c_jamie_lee,to,0
m003694,c_maya,to,0
m003695,c_jamie_lee,to,0
m003696,c_maya,to,0
m003697,c_jamie_lee,to,0
m003698,c_maya,to,0
m003699,c_morgan_shaw,to,0
m003700,c_maya,to,0
m003701,c_morgan_shaw,to,0
m003702,c_maya,to,0
m003703,c_morgan_shaw,to,0
m003704,c_maya,to,0
m003705,c_morgan_shaw,to,0
m003706,c_maya,to,0
m003707,c_morgan_shaw,to,0
m003708,c_maya,to,0
m003709,c_morgan_shaw,to,0
m003710,c_maya,to,0
m003711,c_alex_chen,to,0
m003712,c_maya,to,0
m003713,c_alex_chen,to,0
m003714,c_maya,to,0
m003715,c_alex_chen,to,0
m003716,c_maya,to,0
m003717,c_alex_chen,to,0
m003718,c_maya,to,0
m003719,c_jamie_li,to,0
m003720,c_maya,to,0
m003721,c_jamie_li,to,0
m003722,c_maya,to,0
m003723,c_jamie_li,to,0
m003724,c_maya,to,0
m003725,c_jamie_li,to,0
m003726,c_maya,to,0
m003727,c_morgan_zhao,to,0
m003728,c_maya,to,0
m003729,c_morgan_zhao,to,0
m003730,c_maya,to,0
m003731,c_morgan_zhao,to,0
m003732,c_maya,to,0
m003733,c_morgan_zhao,to,0
m003734,c_maya,to,0
m003735,c_lee,to,0
m003736,c_maya,to,0
m003737,c_lee,to,0
m003738,c_maya,to,0
m003739,c_lee,to,0
m003740,c_maya,to,0
m003741,c_lee,to,0
m003742,c_maya,to,0
m003743,c_lee,to,0
m003744,c_maya,to,0
m003745,c_lee,to,0
m003746,c_maya,to,0
m003747,c_pat,to,0
m003748,c_maya,to,0
m003749,c_pat,to,0
m003750,c_maya,to,0
m003751,c_pat,to,0
m003752,c_maya,to,0
m003753,c_pat,to,0
m003754,c_maya,to,0
m003755,c_pat,to,0
m003756,c_maya,to,0
m003757,c_pat,to,0
m003758,c_maya,to,0
m003759,c_ren,to,0
m003760,c_maya,to,0
m003761,c_ren,to,0
m003762,c_maya,to,0
m003763,c_ren,to,0
m003764,c_maya,to,0
m003765,c_ren,to,0
m003766,c_maya,to,0
m003767,c_ren,to,0
m003768,c_maya,to,0
m003769,c_ren,to,0
m003770,c_maya,to,0
m003771,c_sam,to,0
m003772,c_maya,to,0
m003773,c_hana,to,0
m003774,c_maya,to,0
m003775,c_fac_001,to,0
m003776,c_maya,to,0
m003777,c_fac_002,to,0
m003778,c_maya,to,0
m003779,c_fac_003,to,0
m003780,c_maya,to,0
m003781,c_fac_004,to,0
m003782,c_maya,to,0
m003783,c_fac_005,to,0
m003784,c_maya,to,0
m003785,c_fac_006,to,0
m003786,c_maya,to,0
m003787,c_fac_007,to,0
m003788,c_maya,to,0
m003789,c_fac_008,to,0
m003790,c_maya,to,0
m003791,c_fac_009,to,0
m003792,c_maya,to,0
m003793,c_fac_010,to,0
m003794,c_maya,to,0
m003795,c_fac_011,to,0
m003796,c_maya,to,0
m003797,c_fac_012,to,0
m003798,c_maya,to,0
m003799,c_fac_013,to,0
m003800,c_maya,to,0
m003801,c_fac_014,to,0
m003802,c_maya,to,0
m003803,c_fac_015,to,0
m003804,c_maya,to,0
m003805,c_fac_016,to,0
m003806,c_maya,to,0
m003807,c_fac_017,to,0
m003808,c_maya,to,0
m003809,c_noah,to,0
m003809,c_elena,to,1
m003809,c_taylor,to,2
m003809,c_chris,cc,3
m003810,c_maya,to,0
m003811,c_noah,to,0
m003811,c_elena,to,1
m003811,c_taylor,to,2
m003811,c_chris,cc,3
m003812,c_maya,to,0
m003813,c_noah,to,0
m003813,c_elena,to,1
m003813,c_taylor,to,2
m003813,c_chris,cc,3
m003814,c_maya,to,0
m003815,c_noah,to,0
m003815,c_elena,to,1
m003815,c_taylor,to,2
m003815,c_chris,cc,3
m003816,c_maya,to,0
m003817,c_noah,to,0
m003817,c_elena,to,1
m003817,c_taylor,to,2
m003817,c_chris,cc,3
m003818,c_maya,to,0
m003819,c_noah,to,0
m003819,c_elena,to,1
m003819,c_taylor,to,2
m003819,c_chris,cc,3
m003820,c_maya,to,0
m003821,c_noah,to,0
m003821,c_elena,to,1
m003821,c_taylor,to,2
m003821,c_chris,cc,3
m003822,c_maya,to,0
m003823,c_noah,to,0
m003823,c_elena,to,1
m003823,c_taylor,to,2
m003823,c_chris,cc,3
m003824,c_maya,to,0
m003825,c_noah,to,0
m003825,c_elena,to,1
m003825,c_taylor,to,2
m003825,c_chris,cc,3
m003826,c_maya,to,0
m003827,c_noah,to,0
m003827,c_elena,to,1
m003827,c_taylor,to,2
m003827,c_chris,cc,3
m003828,c_maya,to,0
m003829,c_noah,to,0
m003829,c_elena,to,1
m003829,c_taylor,to,2
m003829,c_chris,cc,3
m003830,c_maya,to,0
m003831,c_noah,to,0
m003831,c_elena,to,1
m003831,c_taylor,to,2
m003831,c_chris,cc,3
m003832,c_maya,to,0
m003833,c_noah,to,0
m003833,c_elena,to,1
m003833,c_taylor,to,2
m003833,c_chris,cc,3
m003834,c_maya,to,0
m003835,c_noah,to,0
m003835,c_elena,to,1
m003835,c_taylor,to,2
m003835,c_chris,cc,3
m003836,c_maya,to,0
m003837,c_noah,to,0
m003837,c_elena,to,1
m003837,c_taylor,to,2
m003837,c_chris,cc,3
m003838,c_maya,to,0
m003839,c_noah,to,0
m003839,c_elena,to,1
m003839,c_taylor,to,2
m003839,c_chris,cc,3
m003840,c_maya,to,0
m003841,c_noah,to,0
m003841,c_elena,to,1
m003841,c_taylor,to,2
m003841,c_chris,cc,3
m003842,c_maya,to,0
m003843,c_noah,to,0
m003843,c_elena,to,1
m003843,c_taylor,to,2
m003843,c_chris,cc,3
m003844,c_maya,to,0
m003845,c_noah,to,0
m003845,c_elena,to,1
m003845,c_taylor,to,2
m003845,c_chris,cc,3
m003846,c_maya,to,0
m003847,c_noah,to,0
m003847,c_elena,to,1
m003847,c_taylor,to,2
m003847,c_chris,cc,3
m003848,c_maya,to,0
m003849,c_noah,to,0
m003849,c_elena,to,1
m003849,c_taylor,to,2
m003849,c_chris,cc,3
m003850,c_maya,to,0
m003851,c_noah,to,0
m003851,c_elena,to,1
m003851,c_taylor,to,2
m003851,c_chris,cc,3
m003852,c_maya,to,0
m003853,c_noah,to,0
m003853,c_elena,to,1
m003853,c_taylor,to,2
m003853,c_chris,cc,3
m003854,c_maya,to,0
m003855,c_noah,to,0
m003855,c_elena,to,1
m003855,c_taylor,to,2
m003855,c_chris,cc,3
m003856,c_maya,to,0
m003857,c_noah,to,0
m003857,c_elena,to,1
m003857,c_taylor,to,2
m003857,c_chris,cc,3
m003858,c_maya,to,0
m003859,c_noah,to,0
m003859,c_elena,to,1
m003859,c_taylor,to,2
m003859,c_chris,cc,3
m003860,c_maya,to,0
m003861,c_noah,to,0
m003861,c_elena,to,1
m003861,c_taylor,to,2
m003861,c_chris,cc,3
m003862,c_maya,to,0
m003863,c_noah,to,0
m003863,c_elena,to,1
m003863,c_taylor,to,2
m003863,c_chris,cc,3
m003864,c_maya,to,0
m003865,c_noah,to,0
m003865,c_elena,to,1
m003865,c_taylor,to,2
m003865,c_chris,cc,3
m003866,c_maya,to,0
m003867,c_noah,to,0
m003867,c_elena,to,1
m003867,c_taylor,to,2
m003867,c_chris,cc,3
m003868,c_maya,to,0
m003869,c_noah,to,0
m003869,c_elena,to,1
m003869,c_taylor,to,2
m003869,c_chris,cc,3
m003870,c_maya,to,0
m003871,c_noah,to,0
m003871,c_elena,to,1
m003871,c_taylor,to,2
m003871,c_chris,cc,3
m003872,c_maya,to,0
m003873,c_noah,to,0
m003873,c_elena,to,1
m003873,c_taylor,to,2
m003873,c_chris,cc,3
m003874,c_maya,to,0
m003875,c_noah,to,0
m003875,c_elena,to,1
m003875,c_taylor,to,2
m003875,c_chris,cc,3
m003876,c_maya,to,0
m003877,c_noah,to,0
m003877,c_elena,to,1
m003877,c_taylor,to,2
m003877,c_chris,cc,3
m003878,c_maya,to,0
m003879,c_noah,to,0
m003879,c_elena,to,1
m003879,c_taylor,to,2
m003879,c_chris,cc,3
m003880,c_maya,to,0
m003881,c_noah,to,0
m003881,c_elena,to,1
m003881,c_taylor,to,2
m003881,c_chris,cc,3
m003882,c_maya,to,0
m003883,c_noah,to,0
m003883,c_elena,to,1
m003883,c_taylor,to,2
m003883,c_chris,cc,3
m003884,c_maya,to,0
m003885,c_noah,to,0
m003885,c_elena,to,1
m003885,c_taylor,to,2
m003885,c_chris,cc,3
m003886,c_maya,to,0
m003887,c_noah,to,0
m003887,c_elena,to,1
m003887,c_taylor,to,2
m003887,c_chris,cc,3
m003888,c_maya,to,0
m003889,c_chris,to,0
m003889,c_noah,to,1
m003889,c_elena,to,2
m003889,c_marcus,cc,3
m003890,c_maya,to,0
m003891,c_chris,to,0
m003891,c_noah,to,1
m003891,c_elena,to,2
m003891,c_marcus,cc,3
m003892,c_maya,to,0
m003893,c_chris,to,0
m003893,c_noah,to,1
m003893,c_elena,to,2
m003893,c_marcus,cc,3
m003894,c_maya,to,0
m003895,c_chris,to,0
m003895,c_noah,to,1
m003895,c_elena,to,2
m003895,c_marcus,cc,3
m003896,c_maya,to,0
m003897,c_priya,to,0
m003897,c_quinn,cc,1
m003898,c_maya,to,0
m003899,c_priya,to,0
m003899,c_quinn,cc,1
m003900,c_maya,to,0
m003901,c_priya,to,0
m003901,c_quinn,cc,1
m003902,c_maya,to,0
m003903,c_priya,to,0
m003903,c_quinn,cc,1
m003904,c_maya,to,0
m003905,c_priya,to,0
m003905,c_quinn,cc,1
m003906,c_maya,to,0
m003907,c_priya,to,0
m003907,c_quinn,cc,1
m003908,c_maya,to,0
m003909,c_elena,to,0
m003909,c_taylor,to,1
m003909,c_lena,to,2
m003910,c_noah,to,0
m003911,c_elena,to,0
m003911,c_taylor,to,1
m003911,c_lena,to,2
m003912,c_noah,to,0
m003913,c_elena,to,0
m003913,c_taylor,to,1
m003913,c_lena,to,2
m003914,c_noah,to,0
m003915,c_elena,to,0
m003915,c_taylor,to,1
m003915,c_lena,to,2
m003916,c_noah,to,0
m003917,c_elena,to,0
m003917,c_taylor,to,1
m003917,c_lena,to,2
m003918,c_noah,to,0
m003919,c_elena,to,0
m003919,c_taylor,to,1
m003919,c_lena,to,2
m003920,c_noah,to,0
m003921,c_noah,to,0
m003921,c_taylor,to,1
m003921,c_chris,cc,2
m003922,c_elena,to,0
m003923,c_noah,to,0
m003923,c_taylor,to,1
m003923,c_chris,cc,2
m003924,c_elena,to,0
m003925,c_noah,to,0
m003925,c_taylor,to,1
m003925,c_chris,cc,2
m003926,c_elena,to,0
m003927,c_noah,to,0
m003927,c_taylor,to,1
m003927,c_chris,cc,2
m003928,c_elena,to,0
m003929,c_noah,to,0
m003930,c_taylor,to,0
m003931,c_noah,to,0
m003932,c_taylor,to,0
m003933,c_avery,to,0
m003933,c_devon,to,1
m003934,c_alex_chan,to,0
m003935,c_avery,to,0
m003935,c_devon,to,1
m003936,c_alex_chan,to,0
m003937,c_maya,to,0
m003938,c_alex_chen,to,0
m003939,c_quinn,to,0
m003940,c_priya,to,0
m003941,c_marcus,to,0
m003942,c_chris,to,0
m003943,c_marcus,to,0
m003944,c_chris,to,0
m003945,c_hana,to,0
m003946,c_sam,to,0
m003947,c_alex_chan,to,0
m003948,c_maya,to,0
m003949,c_alex_chan,to,0
m003950,c_maya,to,0
m003951,c_alex_chan,to,0
m003952,c_maya,to,0
m003953,c_alex_chan,to,0
m003954,c_maya,to,0
m003955,c_alex_chan,to,0
m003956,c_maya,to,0
m003957,c_alex_chan,to,0
m003958,c_maya,to,0
m003959,c_jamie_lee,to,0
m003960,c_maya,to,0
m003961,c_jamie_lee,to,0
m003962,c_maya,to,0
m003963,c_jamie_lee,to,0
m003964,c_maya,to,0
m003965,c_jamie_lee,to,0
m003966,c_maya,to,0
m003967,c_jamie_lee,to,0
m003968,c_maya,to,0
m003969,c_jamie_lee,to,0
m003970,c_maya,to,0
m003971,c_morgan_shaw,to,0
m003972,c_maya,to,0
m003973,c_morgan_shaw,to,0
m003974,c_maya,to,0
m003975,c_morgan_shaw,to,0
m003976,c_maya,to,0
m003977,c_morgan_shaw,to,0
m003978,c_maya,to,0
m003979,c_morgan_shaw,to,0
m003980,c_maya,to,0
m003981,c_morgan_shaw,to,0
m003982,c_maya,to,0
m003983,c_alex_chen,to,0
m003984,c_maya,to,0
m003985,c_alex_chen,to,0
m003986,c_maya,to,0
m003987,c_alex_chen,to,0
m003988,c_maya,to,0
m003989,c_alex_chen,to,0
m003990,c_maya,to,0
m003991,c_jamie_li,to,0
m003992,c_maya,to,0
m003993,c_jamie_li,to,0
m003994,c_maya,to,0
m003995,c_jamie_li,to,0
m003996,c_maya,to,0
m003997,c_jamie_li,to,0
m003998,c_maya,to,0
m003999,c_morgan_zhao,to,0
m004000,c_maya,to,0
m004001,c_morgan_zhao,to,0
m004002,c_maya,to,0
m004003,c_morgan_zhao,to,0
m004004,c_maya,to,0
m004005,c_morgan_zhao,to,0
m004006,c_maya,to,0
m004007,c_lee,to,0
m004008,c_maya,to,0
m004009,c_lee,to,0
m004010,c_maya,to,0
m004011,c_lee,to,0
m004012,c_maya,to,0
m004013,c_lee,to,0
m004014,c_maya,to,0
m004015,c_lee,to,0
m004016,c_maya,to,0
m004017,c_lee,to,0
m004018,c_maya,to,0
m004019,c_pat,to,0
m004020,c_maya,to,0
m004021,c_pat,to,0
m004022,c_maya,to,0
m004023,c_pat,to,0
m004024,c_maya,to,0
m004025,c_pat,to,0
m004026,c_maya,to,0
m004027,c_pat,to,0
m004028,c_maya,to,0
m004029,c_pat,to,0
m004030,c_maya,to,0
m004031,c_ren,to,0
m004032,c_maya,to,0
m004033,c_ren,to,0
m004034,c_maya,to,0
m004035,c_ren,to,0
m004036,c_maya,to,0
m004037,c_ren,to,0
m004038,c_maya,to,0
m004039,c_ren,to,0
m004040,c_maya,to,0
m004041,c_ren,to,0
m004042,c_maya,to,0
m004043,c_sam,to,0
m004044,c_maya,to,0
m004045,c_hana,to,0
m004046,c_maya,to,0
m004047,c_fac_001,to,0
m004048,c_maya,to,0
m004049,c_fac_002,to,0
m004050,c_maya,to,0
m004051,c_fac_003,to,0
m004052,c_maya,to,0
m004053,c_fac_004,to,0
m004054,c_maya,to,0
m004055,c_fac_005,to,0
m004056,c_maya,to,0
m004057,c_fac_006,to,0
m004058,c_maya,to,0
m004059,c_fac_007,to,0
m004060,c_maya,to,0
m004061,c_fac_008,to,0
m004062,c_maya,to,0
m004063,c_fac_009,to,0
m004064,c_maya,to,0
m004065,c_fac_010,to,0
m004066,c_maya,to,0
m004067,c_fac_011,to,0
m004068,c_maya,to,0
m004069,c_fac_012,to,0
m004070,c_maya,to,0
m004071,c_fac_013,to,0
m004072,c_maya,to,0
m004073,c_fac_014,to,0
m004074,c_maya,to,0
m004075,c_fac_015,to,0
m004076,c_maya,to,0
m004077,c_fac_016,to,0
m004078,c_maya,to,0
m004079,c_fac_017,to,0
m004080,c_maya,to,0
m004081,c_noah,to,0
m004081,c_elena,to,1
m004081,c_taylor,to,2
m004081,c_chris,cc,3
m004082,c_maya,to,0
m004083,c_noah,to,0
m004083,c_elena,to,1
m004083,c_taylor,to,2
m004083,c_chris,cc,3
m004084,c_maya,to,0
m004085,c_noah,to,0
m004085,c_elena,to,1
m004085,c_taylor,to,2
m004085,c_chris,cc,3
m004086,c_maya,to,0
m004087,c_noah,to,0
m004087,c_elena,to,1
m004087,c_taylor,to,2
m004087,c_chris,cc,3
m004088,c_maya,to,0
m004089,c_noah,to,0
m004089,c_elena,to,1
m004089,c_taylor,to,2
m004089,c_chris,cc,3
m004090,c_maya,to,0
m004091,c_noah,to,0
m004091,c_elena,to,1
m004091,c_taylor,to,2
m004091,c_chris,cc,3
m004092,c_maya,to,0
m004093,c_noah,to,0
m004093,c_elena,to,1
m004093,c_taylor,to,2
m004093,c_chris,cc,3
m004094,c_maya,to,0
m004095,c_noah,to,0
m004095,c_elena,to,1
m004095,c_taylor,to,2
m004095,c_chris,cc,3
m004096,c_maya,to,0
m004097,c_noah,to,0
m004097,c_elena,to,1
m004097,c_taylor,to,2
m004097,c_chris,cc,3
m004098,c_maya,to,0
m004099,c_noah,to,0
m004099,c_elena,to,1
m004099,c_taylor,to,2
m004099,c_chris,cc,3
m004100,c_maya,to,0
m004101,c_noah,to,0
m004101,c_elena,to,1
m004101,c_taylor,to,2
m004101,c_chris,cc,3
m004102,c_maya,to,0
m004103,c_noah,to,0
m004103,c_elena,to,1
m004103,c_taylor,to,2
m004103,c_chris,cc,3
m004104,c_maya,to,0
m004105,c_noah,to,0
m004105,c_elena,to,1
m004105,c_taylor,to,2
m004105,c_chris,cc,3
m004106,c_maya,to,0
m004107,c_noah,to,0
m004107,c_elena,to,1
m004107,c_taylor,to,2
m004107,c_chris,cc,3
m004108,c_maya,to,0
m004109,c_noah,to,0
m004109,c_elena,to,1
m004109,c_taylor,to,2
m004109,c_chris,cc,3
m004110,c_maya,to,0
m004111,c_noah,to,0
m004111,c_elena,to,1
m004111,c_taylor,to,2
m004111,c_chris,cc,3
m004112,c_maya,to,0
m004113,c_noah,to,0
m004113,c_elena,to,1
m004113,c_taylor,to,2
m004113,c_chris,cc,3
m004114,c_maya,to,0
m004115,c_noah,to,0
m004115,c_elena,to,1
m004115,c_taylor,to,2
m004115,c_chris,cc,3
m004116,c_maya,to,0
m004117,c_noah,to,0
m004117,c_elena,to,1
m004117,c_taylor,to,2
m004117,c_chris,cc,3
m004118,c_maya,to,0
m004119,c_noah,to,0
m004119,c_elena,to,1
m004119,c_taylor,to,2
m004119,c_chris,cc,3
m004120,c_maya,to,0
m004121,c_noah,to,0
m004121,c_elena,to,1
m004121,c_taylor,to,2
m004121,c_chris,cc,3
m004122,c_maya,to,0
m004123,c_noah,to,0
m004123,c_elena,to,1
m004123,c_taylor,to,2
m004123,c_chris,cc,3
m004124,c_maya,to,0
m004125,c_noah,to,0
m004125,c_elena,to,1
m004125,c_taylor,to,2
m004125,c_chris,cc,3
m004126,c_maya,to,0
m004127,c_noah,to,0
m004127,c_elena,to,1
m004127,c_taylor,to,2
m004127,c_chris,cc,3
m004128,c_maya,to,0
m004129,c_noah,to,0
m004129,c_elena,to,1
m004129,c_taylor,to,2
m004129,c_chris,cc,3
m004130,c_maya,to,0
m004131,c_noah,to,0
m004131,c_elena,to,1
m004131,c_taylor,to,2
m004131,c_chris,cc,3
m004132,c_maya,to,0
m004133,c_noah,to,0
m004133,c_elena,to,1
m004133,c_taylor,to,2
m004133,c_chris,cc,3
m004134,c_maya,to,0
m004135,c_noah,to,0
m004135,c_elena,to,1
m004135,c_taylor,to,2
m004135,c_chris,cc,3
m004136,c_maya,to,0
m004137,c_noah,to,0
m004137,c_elena,to,1
m004137,c_taylor,to,2
m004137,c_chris,cc,3
m004138,c_maya,to,0
m004139,c_noah,to,0
m004139,c_elena,to,1
m004139,c_taylor,to,2
m004139,c_chris,cc,3
m004140,c_maya,to,0
m004141,c_noah,to,0
m004141,c_elena,to,1
m004141,c_taylor,to,2
m004141,c_chris,cc,3
m004142,c_maya,to,0
m004143,c_noah,to,0
m004143,c_elena,to,1
m004143,c_taylor,to,2
m004143,c_chris,cc,3
m004144,c_maya,to,0
m004145,c_noah,to,0
m004145,c_elena,to,1
m004145,c_taylor,to,2
m004145,c_chris,cc,3
m004146,c_maya,to,0
m004147,c_noah,to,0
m004147,c_elena,to,1
m004147,c_taylor,to,2
m004147,c_chris,cc,3
m004148,c_maya,to,0
m004149,c_noah,to,0
m004149,c_elena,to,1
m004149,c_taylor,to,2
m004149,c_chris,cc,3
m004150,c_maya,to,0
m004151,c_noah,to,0
m004151,c_elena,to,1
m004151,c_taylor,to,2
m004151,c_chris,cc,3
m004152,c_maya,to,0
m004153,c_noah,to,0
m004153,c_elena,to,1
m004153,c_taylor,to,2
m004153,c_chris,cc,3
m004154,c_maya,to,0
m004155,c_noah,to,0
m004155,c_elena,to,1
m004155,c_taylor,to,2
m004155,c_chris,cc,3
m004156,c_maya,to,0
m004157,c_noah,to,0
m004157,c_elena,to,1
m004157,c_taylor,to,2
m004157,c_chris,cc,3
m004158,c_maya,to,0
m004159,c_noah,to,0
m004159,c_elena,to,1
m004159,c_taylor,to,2
m004159,c_chris,cc,3
m004160,c_maya,to,0
m004161,c_chris,to,0
m004161,c_noah,to,1
m004161,c_elena,to,2
m004161,c_marcus,cc,3
m004162,c_maya,to,0
m004163,c_chris,to,0
m004163,c_noah,to,1
m004163,c_elena,to,2
m004163,c_marcus,cc,3
m004164,c_maya,to,0
m004165,c_chris,to,0
m004165,c_noah,to,1
m004165,c_elena,to,2
m004165,c_marcus,cc,3
m004166,c_maya,to,0
m004167,c_chris,to,0
m004167,c_noah,to,1
m004167,c_elena,to,2
m004167,c_marcus,cc,3
m004168,c_maya,to,0
m004169,c_priya,to,0
m004169,c_quinn,cc,1
m004170,c_maya,to,0
m004171,c_priya,to,0
m004171,c_quinn,cc,1
m004172,c_maya,to,0
m004173,c_priya,to,0
m004173,c_quinn,cc,1
m004174,c_maya,to,0
m004175,c_priya,to,0
m004175,c_quinn,cc,1
m004176,c_maya,to,0
m004177,c_priya,to,0
m004177,c_quinn,cc,1
m004178,c_maya,to,0
m004179,c_priya,to,0
m004179,c_quinn,cc,1
m004180,c_maya,to,0
m004181,c_elena,to,0
m004181,c_taylor,to,1
m004181,c_lena,to,2
m004182,c_noah,to,0
m004183,c_elena,to,0
m004183,c_taylor,to,1
m004183,c_lena,to,2
m004184,c_noah,to,0
m004185,c_elena,to,0
m004185,c_taylor,to,1
m004185,c_lena,to,2
m004186,c_noah,to,0
m004187,c_elena,to,0
m004187,c_taylor,to,1
m004187,c_lena,to,2
m004188,c_noah,to,0
m004189,c_elena,to,0
m004189,c_taylor,to,1
m004189,c_lena,to,2
m004190,c_noah,to,0
m004191,c_elena,to,0
m004191,c_taylor,to,1
m004191,c_lena,to,2
m004192,c_noah,to,0
m004193,c_noah,to,0
m004193,c_taylor,to,1
m004193,c_chris,cc,2
m004194,c_elena,to,0
m004195,c_noah,to,0
m004195,c_taylor,to,1
m004195,c_chris,cc,2
m004196,c_elena,to,0
m004197,c_noah,to,0
m004197,c_taylor,to,1
m004197,c_chris,cc,2
m004198,c_elena,to,0
m004199,c_noah,to,0
m004199,c_taylor,to,1
m004199,c_chris,cc,2
m004200,c_elena,to,0
m004201,c_noah,to,0
m004202,c_taylor,to,0
m004203,c_noah,to,0
m004204,c_taylor,to,0
m004205,c_avery,to,0
m004205,c_devon,to,1
m004206,c_alex_chan,to,0
m004207,c_avery,to,0
m004207,c_devon,to,1
m004208,c_alex_chan,to,0
m004209,c_maya,to,0
m004210,c_alex_chen,to,0
m004211,c_quinn,to,0
m004212,c_priya,to,0
m004213,c_marcus,to,0
m004214,c_chris,to,0
m004215,c_marcus,to,0
m004216,c_chris,to,0
m004217,c_hana,to,0
m004218,c_sam,to,0
m004219,c_alex_chan,to,0
m004220,c_maya,to,0
m004221,c_alex_chan,to,0
m004222,c_maya,to,0
m004223,c_alex_chan,to,0
m004224,c_maya,to,0
m004225,c_alex_chan,to,0
m004226,c_maya,to,0
m004227,c_alex_chan,to,0
m004228,c_maya,to,0
m004229,c_alex_chan,to,0
m004230,c_maya,to,0
m004231,c_jamie_lee,to,0
m004232,c_maya,to,0
m004233,c_jamie_lee,to,0
m004234,c_maya,to,0
m004235,c_jamie_lee,to,0
m004236,c_maya,to,0
m004237,c_jamie_lee,to,0
m004238,c_maya,to,0
m004239,c_jamie_lee,to,0
m004240,c_maya,to,0
m004241,c_jamie_lee,to,0
m004242,c_maya,to,0
m004243,c_morgan_shaw,to,0
m004244,c_maya,to,0
m004245,c_morgan_shaw,to,0
m004246,c_maya,to,0
m004247,c_morgan_shaw,to,0
m004248,c_maya,to,0
m004249,c_morgan_shaw,to,0
m004250,c_maya,to,0
m004251,c_morgan_shaw,to,0
m004252,c_maya,to,0
m004253,c_morgan_shaw,to,0
m004254,c_maya,to,0
m004255,c_alex_chen,to,0
m004256,c_maya,to,0
m004257,c_alex_chen,to,0
m004258,c_maya,to,0
m004259,c_alex_chen,to,0
m004260,c_maya,to,0
m004261,c_alex_chen,to,0
m004262,c_maya,to,0
m004263,c_jamie_li,to,0
m004264,c_maya,to,0
m004265,c_jamie_li,to,0
m004266,c_maya,to,0
m004267,c_jamie_li,to,0
m004268,c_maya,to,0
m004269,c_jamie_li,to,0
m004270,c_maya,to,0
m004271,c_morgan_zhao,to,0
m004272,c_maya,to,0
m004273,c_morgan_zhao,to,0
m004274,c_maya,to,0
m004275,c_morgan_zhao,to,0
m004276,c_maya,to,0
m004277,c_morgan_zhao,to,0
m004278,c_maya,to,0
m004279,c_lee,to,0
m004280,c_maya,to,0
m004281,c_lee,to,0
m004282,c_maya,to,0
m004283,c_lee,to,0
m004284,c_maya,to,0
m004285,c_lee,to,0
m004286,c_maya,to,0
m004287,c_lee,to,0
m004288,c_maya,to,0
m004289,c_lee,to,0
m004290,c_maya,to,0
m004291,c_pat,to,0
m004292,c_maya,to,0
m004293,c_pat,to,0
m004294,c_maya,to,0
m004295,c_pat,to,0
m004296,c_maya,to,0
m004297,c_pat,to,0
m004298,c_maya,to,0
m004299,c_pat,to,0
m004300,c_maya,to,0
m004301,c_pat,to,0
m004302,c_maya,to,0
m004303,c_ren,to,0
m004304,c_maya,to,0
m004305,c_ren,to,0
m004306,c_maya,to,0
m004307,c_ren,to,0
m004308,c_maya,to,0
m004309,c_ren,to,0
m004310,c_maya,to,0
m004311,c_ren,to,0
m004312,c_maya,to,0
m004313,c_ren,to,0
m004314,c_maya,to,0
m004315,c_sam,to,0
m004316,c_maya,to,0
m004317,c_hana,to,0
m004318,c_maya,to,0
m004319,c_fac_001,to,0
m004320,c_maya,to,0
m004321,c_fac_002,to,0
m004322,c_maya,to,0
m004323,c_fac_003,to,0
m004324,c_maya,to,0
m004325,c_fac_004,to,0
m004326,c_maya,to,0
m004327,c_fac_005,to,0
m004328,c_maya,to,0
m004329,c_fac_006,to,0
m004330,c_maya,to,0
m004331,c_fac_007,to,0
m004332,c_maya,to,0
m004333,c_fac_008,to,0
m004334,c_maya,to,0
m004335,c_fac_009,to,0
m004336,c_maya,to,0
m004337,c_fac_010,to,0
m004338,c_maya,to,0
m004339,c_fac_011,to,0
m004340,c_maya,to,0
m004341,c_fac_012,to,0
m004342,c_maya,to,0
m004343,c_fac_013,to,0
m004344,c_maya,to,0
m004345,c_fac_014,to,0
m004346,c_maya,to,0
m004347,c_fac_015,to,0
m004348,c_maya,to,0
m004349,c_fac_016,to,0
m004350,c_maya,to,0
m004351,c_fac_017,to,0
m004352,c_maya,to,0
m004353,c_noah,to,0
m004353,c_elena,to,1
m004353,c_taylor,to,2
m004353,c_chris,cc,3
m004354,c_maya,to,0
m004355,c_noah,to,0
m004355,c_elena,to,1
m004355,c_taylor,to,2
m004355,c_chris,cc,3
m004356,c_maya,to,0
m004357,c_noah,to,0
m004357,c_elena,to,1
m004357,c_taylor,to,2
m004357,c_chris,cc,3
m004358,c_maya,to,0
m004359,c_noah,to,0
m004359,c_elena,to,1
m004359,c_taylor,to,2
m004359,c_chris,cc,3
m004360,c_maya,to,0
m004361,c_noah,to,0
m004361,c_elena,to,1
m004361,c_taylor,to,2
m004361,c_chris,cc,3
m004362,c_maya,to,0
m004363,c_noah,to,0
m004363,c_elena,to,1
m004363,c_taylor,to,2
m004363,c_chris,cc,3
m004364,c_maya,to,0
m004365,c_noah,to,0
m004365,c_elena,to,1
m004365,c_taylor,to,2
m004365,c_chris,cc,3
m004366,c_maya,to,0
m004367,c_noah,to,0
m004367,c_elena,to,1
m004367,c_taylor,to,2
m004367,c_chris,cc,3
m004368,c_maya,to,0
m004369,c_noah,to,0
m004369,c_elena,to,1
m004369,c_taylor,to,2
m004369,c_chris,cc,3
m004370,c_maya,to,0
m004371,c_noah,to,0
m004371,c_elena,to,1
m004371,c_taylor,to,2
m004371,c_chris,cc,3
m004372,c_maya,to,0
m004373,c_noah,to,0
m004373,c_elena,to,1
m004373,c_taylor,to,2
m004373,c_chris,cc,3
m004374,c_maya,to,0
m004375,c_noah,to,0
m004375,c_elena,to,1
m004375,c_taylor,to,2
m004375,c_chris,cc,3
m004376,c_maya,to,0
m004377,c_noah,to,0
m004377,c_elena,to,1
m004377,c_taylor,to,2
m004377,c_chris,cc,3
m004378,c_maya,to,0
m004379,c_noah,to,0
m004379,c_elena,to,1
m004379,c_taylor,to,2
m004379,c_chris,cc,3
m004380,c_maya,to,0
m004381,c_noah,to,0
m004381,c_elena,to,1
m004381,c_taylor,to,2
m004381,c_chris,cc,3
m004382,c_maya,to,0
m004383,c_noah,to,0
m004383,c_elena,to,1
m004383,c_taylor,to,2
m004383,c_chris,cc,3
m004384,c_maya,to,0
m004385,c_noah,to,0
m004385,c_elena,to,1
m004385,c_taylor,to,2
m004385,c_chris,cc,3
m004386,c_maya,to,0
m004387,c_noah,to,0
m004387,c_elena,to,1
m004387,c_taylor,to,2
m004387,c_chris,cc,3
m004388,c_maya,to,0
m004389,c_noah,to,0
m004389,c_elena,to,1
m004389,c_taylor,to,2
m004389,c_chris,cc,3
m004390,c_maya,to,0
m004391,c_noah,to,0
m004391,c_elena,to,1
m004391,c_taylor,to,2
m004391,c_chris,cc,3
m004392,c_maya,to,0
m004393,c_noah,to,0
m004393,c_elena,to,1
m004393,c_taylor,to,2
m004393,c_chris,cc,3
m004394,c_maya,to,0
m004395,c_noah,to,0
m004395,c_elena,to,1
m004395,c_taylor,to,2
m004395,c_chris,cc,3
m004396,c_maya,to,0
m004397,c_noah,to,0
m004397,c_elena,to,1
m004397,c_taylor,to,2
m004397,c_chris,cc,3
m004398,c_maya,to,0
m004399,c_noah,to,0
m004399,c_elena,to,1
m004399,c_taylor,to,2
m004399,c_chris,cc,3
m004400,c_maya,to,0
m004401,c_noah,to,0
m004401,c_elena,to,1
m004401,c_taylor,to,2
m004401,c_chris,cc,3
m004402,c_maya,to,0
m004403,c_noah,to,0
m004403,c_elena,to,1
m004403,c_taylor,to,2
m004403,c_chris,cc,3
m004404,c_maya,to,0
m004405,c_noah,to,0
m004405,c_elena,to,1
m004405,c_taylor,to,2
m004405,c_chris,cc,3
m004406,c_maya,to,0
m004407,c_noah,to,0
m004407,c_elena,to,1
m004407,c_taylor,to,2
m004407,c_chris,cc,3
m004408,c_maya,to,0
m004409,c_noah,to,0
m004409,c_elena,to,1
m004409,c_taylor,to,2
m004409,c_chris,cc,3
m004410,c_maya,to,0
m004411,c_noah,to,0
m004411,c_elena,to,1
m004411,c_taylor,to,2
m004411,c_chris,cc,3
m004412,c_maya,to,0
m004413,c_noah,to,0
m004413,c_elena,to,1
m004413,c_taylor,to,2
m004413,c_chris,cc,3
m004414,c_maya,to,0
m004415,c_noah,to,0
m004415,c_elena,to,1
m004415,c_taylor,to,2
m004415,c_chris,cc,3
m004416,c_maya,to,0
m004417,c_noah,to,0
m004417,c_elena,to,1
m004417,c_taylor,to,2
m004417,c_chris,cc,3
m004418,c_maya,to,0
m004419,c_noah,to,0
m004419,c_elena,to,1
m004419,c_taylor,to,2
m004419,c_chris,cc,3
m004420,c_maya,to,0
m004421,c_noah,to,0
m004421,c_elena,to,1
m004421,c_taylor,to,2
m004421,c_chris,cc,3
m004422,c_maya,to,0
m004423,c_noah,to,0
m004423,c_elena,to,1
m004423,c_taylor,to,2
m004423,c_chris,cc,3
m004424,c_maya,to,0
m004425,c_noah,to,0
m004425,c_elena,to,1
m004425,c_taylor,to,2
m004425,c_chris,cc,3
m004426,c_maya,to,0
m004427,c_noah,to,0
m004427,c_elena,to,1
m004427,c_taylor,to,2
m004427,c_chris,cc,3
m004428,c_maya,to,0
m004429,c_noah,to,0
m004429,c_elena,to,1
m004429,c_taylor,to,2
m004429,c_chris,cc,3
m004430,c_maya,to,0
m004431,c_noah,to,0
m004431,c_elena,to,1
m004431,c_taylor,to,2
m004431,c_chris,cc,3
m004432,c_maya,to,0
m004433,c_chris,to,0
m004433,c_noah,to,1
m004433,c_elena,to,2
m004433,c_marcus,cc,3
m004434,c_maya,to,0
m004435,c_chris,to,0
m004435,c_noah,to,1
m004435,c_elena,to,2
m004435,c_marcus,cc,3
m004436,c_maya,to,0
m004437,c_chris,to,0
m004437,c_noah,to,1
m004437,c_elena,to,2
m004437,c_marcus,cc,3
m004438,c_maya,to,0
m004439,c_chris,to,0
m004439,c_noah,to,1
m004439,c_elena,to,2
m004439,c_marcus,cc,3
m004440,c_maya,to,0
m004441,c_priya,to,0
m004441,c_quinn,cc,1
m004442,c_maya,to,0
m004443,c_priya,to,0
m004443,c_quinn,cc,1
m004444,c_maya,to,0
m004445,c_priya,to,0
m004445,c_quinn,cc,1
m004446,c_maya,to,0
m004447,c_priya,to,0
m004447,c_quinn,cc,1
m004448,c_maya,to,0
m004449,c_priya,to,0
m004449,c_quinn,cc,1
m004450,c_maya,to,0
m004451,c_priya,to,0
m004451,c_quinn,cc,1
m004452,c_maya,to,0
m004453,c_elena,to,0
m004453,c_taylor,to,1
m004453,c_lena,to,2
m004454,c_noah,to,0
m004455,c_elena,to,0
m004455,c_taylor,to,1
m004455,c_lena,to,2
m004456,c_noah,to,0
m004457,c_elena,to,0
m004457,c_taylor,to,1
m004457,c_lena,to,2
m004458,c_noah,to,0
m004459,c_elena,to,0
m004459,c_taylor,to,1
m004459,c_lena,to,2
m004460,c_noah,to,0
m004461,c_elena,to,0
m004461,c_taylor,to,1
m004461,c_lena,to,2
m004462,c_noah,to,0
m004463,c_elena,to,0
m004463,c_taylor,to,1
m004463,c_lena,to,2
m004464,c_noah,to,0
m004465,c_noah,to,0
m004465,c_taylor,to,1
m004465,c_chris,cc,2
m004466,c_elena,to,0
m004467,c_noah,to,0
m004467,c_taylor,to,1
m004467,c_chris,cc,2
m004468,c_elena,to,0
m004469,c_noah,to,0
m004469,c_taylor,to,1
m004469,c_chris,cc,2
m004470,c_elena,to,0
m004471,c_noah,to,0
m004471,c_taylor,to,1
m004471,c_chris,cc,2
m004472,c_elena,to,0
m004473,c_noah,to,0
m004474,c_taylor,to,0
m004475,c_noah,to,0
m004476,c_taylor,to,0
m004477,c_avery,to,0
m004477,c_devon,to,1
m004478,c_alex_chan,to,0
m004479,c_avery,to,0
m004479,c_devon,to,1
m004480,c_alex_chan,to,0
m004481,c_maya,to,0
m004482,c_alex_chen,to,0
m004483,c_quinn,to,0
m004484,c_priya,to,0
m004485,c_marcus,to,0
m004486,c_chris,to,0
m004487,c_marcus,to,0
m004488,c_chris,to,0
m004489,c_hana,to,0
m004490,c_sam,to,0
m004491,c_alex_chan,to,0
m004492,c_maya,to,0
m004493,c_alex_chan,to,0
m004494,c_maya,to,0
m004495,c_alex_chan,to,0
m004496,c_maya,to,0
m004497,c_alex_chan,to,0
m004498,c_maya,to,0
m004499,c_alex_chan,to,0
m004500,c_maya,to,0
m004501,c_alex_chan,to,0
m004502,c_maya,to,0
m004503,c_jamie_lee,to,0
m004504,c_maya,to,0
m004505,c_jamie_lee,to,0
m004506,c_maya,to,0
m004507,c_jamie_lee,to,0
m004508,c_maya,to,0
m004509,c_jamie_lee,to,0
m004510,c_maya,to,0
m004511,c_jamie_lee,to,0
m004512,c_maya,to,0
m004513,c_jamie_lee,to,0
m004514,c_maya,to,0
m004515,c_morgan_shaw,to,0
m004516,c_maya,to,0
m004517,c_morgan_shaw,to,0
m004518,c_maya,to,0
m004519,c_morgan_shaw,to,0
m004520,c_maya,to,0
m004521,c_morgan_shaw,to,0
m004522,c_maya,to,0
m004523,c_morgan_shaw,to,0
m004524,c_maya,to,0
m004525,c_morgan_shaw,to,0
m004526,c_maya,to,0
m004527,c_alex_chen,to,0
m004528,c_maya,to,0
m004529,c_alex_chen,to,0
m004530,c_maya,to,0
m004531,c_alex_chen,to,0
m004532,c_maya,to,0
m004533,c_alex_chen,to,0
m004534,c_maya,to,0
m004535,c_jamie_li,to,0
m004536,c_maya,to,0
m004537,c_jamie_li,to,0
m004538,c_maya,to,0
m004539,c_jamie_li,to,0
m004540,c_maya,to,0
m004541,c_jamie_li,to,0
m004542,c_maya,to,0
m004543,c_morgan_zhao,to,0
m004544,c_maya,to,0
m004545,c_morgan_zhao,to,0
m004546,c_maya,to,0
m004547,c_morgan_zhao,to,0
m004548,c_maya,to,0
m004549,c_morgan_zhao,to,0
m004550,c_maya,to,0
m004551,c_lee,to,0
m004552,c_maya,to,0
m004553,c_lee,to,0
m004554,c_maya,to,0
m004555,c_lee,to,0
m004556,c_maya,to,0
m004557,c_lee,to,0
m004558,c_maya,to,0
m004559,c_lee,to,0
m004560,c_maya,to,0
m004561,c_lee,to,0
m004562,c_maya,to,0
m004563,c_pat,to,0
m004564,c_maya,to,0
m004565,c_pat,to,0
m004566,c_maya,to,0
m004567,c_pat,to,0
m004568,c_maya,to,0
m004569,c_pat,to,0
m004570,c_maya,to,0
m004571,c_pat,to,0
m004572,c_maya,to,0
m004573,c_pat,to,0
m004574,c_maya,to,0
m004575,c_ren,to,0
m004576,c_maya,to,0
m004577,c_ren,to,0
m004578,c_maya,to,0
m004579,c_ren,to,0
m004580,c_maya,to,0
m004581,c_ren,to,0
m004582,c_maya,to,0
m004583,c_ren,to,0
m004584,c_maya,to,0
m004585,c_ren,to,0
m004586,c_maya,to,0
m004587,c_sam,to,0
m004588,c_maya,to,0
m004589,c_hana,to,0
m004590,c_maya,to,0
m004591,c_fac_001,to,0
m004592,c_maya,to,0
m004593,c_fac_002,to,0
m004594,c_maya,to,0
m004595,c_fac_003,to,0
m004596,c_maya,to,0
m004597,c_fac_004,to,0
m004598,c_maya,to,0
m004599,c_fac_005,to,0
m004600,c_maya,to,0
m004601,c_fac_006,to,0
m004602,c_maya,to,0
m004603,c_fac_007,to,0
m004604,c_maya,to,0
m004605,c_fac_008,to,0
m004606,c_maya,to,0
m004607,c_fac_009,to,0
m004608,c_maya,to,0
m004609,c_fac_010,to,0
m004610,c_maya,to,0
m004611,c_fac_011,to,0
m004612,c_maya,to,0
m004613,c_fac_012,to,0
m004614,c_maya,to,0
m004615,c_fac_013,to,0
m004616,c_maya,to,0
m004617,c_fac_014,to,0
m004618,c_maya,to,0
m004619,c_fac_015,to,0
m004620,c_maya,to,0
m004621,c_fac_016,to,0
m004622,c_maya,to,0
m004623,c_fac_017,to,0
m004624,c_maya,to,0
m004625,c_noah,to,0
m004625,c_elena,to,1
m004625,c_taylor,to,2
m004625,c_chris,cc,3
m004626,c_maya,to,0
m004627,c_noah,to,0
m004627,c_elena,to,1
m004627,c_taylor,to,2
m004627,c_chris,cc,3
m004628,c_maya,to,0
m004629,c_noah,to,0
m004629,c_elena,to,1
m004629,c_taylor,to,2
m004629,c_chris,cc,3
m004630,c_maya,to,0
m004631,c_noah,to,0
m004631,c_elena,to,1
m004631,c_taylor,to,2
m004631,c_chris,cc,3
m004632,c_maya,to,0
m004633,c_noah,to,0
m004633,c_elena,to,1
m004633,c_taylor,to,2
m004633,c_chris,cc,3
m004634,c_maya,to,0
m004635,c_noah,to,0
m004635,c_elena,to,1
m004635,c_taylor,to,2
m004635,c_chris,cc,3
m004636,c_maya,to,0
m004637,c_noah,to,0
m004637,c_elena,to,1
m004637,c_taylor,to,2
m004637,c_chris,cc,3
m004638,c_maya,to,0
m004639,c_noah,to,0
m004639,c_elena,to,1
m004639,c_taylor,to,2
m004639,c_chris,cc,3
m004640,c_maya,to,0
m004641,c_noah,to,0
m004641,c_elena,to,1
m004641,c_taylor,to,2
m004641,c_chris,cc,3
m004642,c_maya,to,0
m004643,c_noah,to,0
m004643,c_elena,to,1
m004643,c_taylor,to,2
m004643,c_chris,cc,3
m004644,c_maya,to,0
m004645,c_noah,to,0
m004645,c_elena,to,1
m004645,c_taylor,to,2
m004645,c_chris,cc,3
m004646,c_maya,to,0
m004647,c_noah,to,0
m004647,c_elena,to,1
m004647,c_taylor,to,2
m004647,c_chris,cc,3
m004648,c_maya,to,0
m004649,c_noah,to,0
m004649,c_elena,to,1
m004649,c_taylor,to,2
m004649,c_chris,cc,3
m004650,c_maya,to,0
m004651,c_noah,to,0
m004651,c_elena,to,1
m004651,c_taylor,to,2
m004651,c_chris,cc,3
m004652,c_maya,to,0
m004653,c_noah,to,0
m004653,c_elena,to,1
m004653,c_taylor,to,2
m004653,c_chris,cc,3
m004654,c_maya,to,0
m004655,c_noah,to,0
m004655,c_elena,to,1
m004655,c_taylor,to,2
m004655,c_chris,cc,3
m004656,c_maya,to,0
m004657,c_noah,to,0
m004657,c_elena,to,1
m004657,c_taylor,to,2
m004657,c_chris,cc,3
m004658,c_maya,to,0
m004659,c_noah,to,0
m004659,c_elena,to,1
m004659,c_taylor,to,2
m004659,c_chris,cc,3
m004660,c_maya,to,0
m004661,c_noah,to,0
m004661,c_elena,to,1
m004661,c_taylor,to,2
m004661,c_chris,cc,3
m004662,c_maya,to,0
m004663,c_noah,to,0
m004663,c_elena,to,1
m004663,c_taylor,to,2
m004663,c_chris,cc,3
m004664,c_maya,to,0
m004665,c_noah,to,0
m004665,c_elena,to,1
m004665,c_taylor,to,2
m004665,c_chris,cc,3
m004666,c_maya,to,0
m004667,c_noah,to,0
m004667,c_elena,to,1
m004667,c_taylor,to,2
m004667,c_chris,cc,3
m004668,c_maya,to,0
m004669,c_noah,to,0
m004669,c_elena,to,1
m004669,c_taylor,to,2
m004669,c_chris,cc,3
m004670,c_maya,to,0
m004671,c_noah,to,0
m004671,c_elena,to,1
m004671,c_taylor,to,2
m004671,c_chris,cc,3
m004672,c_maya,to,0
m004673,c_noah,to,0
m004673,c_elena,to,1
m004673,c_taylor,to,2
m004673,c_chris,cc,3
m004674,c_maya,to,0
m004675,c_noah,to,0
m004675,c_elena,to,1
m004675,c_taylor,to,2
m004675,c_chris,cc,3
m004676,c_maya,to,0
m004677,c_noah,to,0
m004677,c_elena,to,1
m004677,c_taylor,to,2
m004677,c_chris,cc,3
m004678,c_maya,to,0
m004679,c_noah,to,0
m004679,c_elena,to,1
m004679,c_taylor,to,2
m004679,c_chris,cc,3
m004680,c_maya,to,0
m004681,c_noah,to,0
m004681,c_elena,to,1
m004681,c_taylor,to,2
m004681,c_chris,cc,3
m004682,c_maya,to,0
m004683,c_noah,to,0
m004683,c_elena,to,1
m004683,c_taylor,to,2
m004683,c_chris,cc,3
m004684,c_maya,to,0
m004685,c_noah,to,0
m004685,c_elena,to,1
m004685,c_taylor,to,2
m004685,c_chris,cc,3
m004686,c_maya,to,0
m004687,c_noah,to,0
m004687,c_elena,to,1
m004687,c_taylor,to,2
m004687,c_chris,cc,3
m004688,c_maya,to,0
m004689,c_noah,to,0
m004689,c_elena,to,1
m004689,c_taylor,to,2
m004689,c_chris,cc,3
m004690,c_maya,to,0
m004691,c_noah,to,0
m004691,c_elena,to,1
m004691,c_taylor,to,2
m004691,c_chris,cc,3
m004692,c_maya,to,0
m004693,c_noah,to,0
m004693,c_elena,to,1
m004693,c_taylor,to,2
m004693,c_chris,cc,3
m004694,c_maya,to,0
m004695,c_noah,to,0
m004695,c_elena,to,1
m004695,c_taylor,to,2
m004695,c_chris,cc,3
m004696,c_maya,to,0
m004697,c_noah,to,0
m004697,c_elena,to,1
m004697,c_taylor,to,2
m004697,c_chris,cc,3
m004698,c_maya,to,0
m004699,c_noah,to,0
m004699,c_elena,to,1
m004699,c_taylor,to,2
m004699,c_chris,cc,3
m004700,c_maya,to,0
m004701,c_noah,to,0
m004701,c_elena,to,1
m004701,c_taylor,to,2
m004701,c_chris,cc,3
m004702,c_maya,to,0
m004703,c_noah,to,0
m004703,c_elena,to,1
m004703,c_taylor,to,2
m004703,c_chris,cc,3
m004704,c_maya,to,0
m004705,c_chris,to,0
m004705,c_noah,to,1
m004705,c_elena,to,2
m004705,c_marcus,cc,3
m004706,c_maya,to,0
m004707,c_chris,to,0
m004707,c_noah,to,1
m004707,c_elena,to,2
m004707,c_marcus,cc,3
m004708,c_maya,to,0
m004709,c_chris,to,0
m004709,c_noah,to,1
m004709,c_elena,to,2
m004709,c_marcus,cc,3
m004710,c_maya,to,0
m004711,c_chris,to,0
m004711,c_noah,to,1
m004711,c_elena,to,2
m004711,c_marcus,cc,3
m004712,c_maya,to,0
m004713,c_priya,to,0
m004713,c_quinn,cc,1
m004714,c_maya,to,0
m004715,c_priya,to,0
m004715,c_quinn,cc,1
m004716,c_maya,to,0
m004717,c_priya,to,0
m004717,c_quinn,cc,1
m004718,c_maya,to,0
m004719,c_priya,to,0
m004719,c_quinn,cc,1
m004720,c_maya,to,0
m004721,c_priya,to,0
m004721,c_quinn,cc,1
m004722,c_maya,to,0
m004723,c_priya,to,0
m004723,c_quinn,cc,1
m004724,c_maya,to,0
m004725,c_elena,to,0
m004725,c_taylor,to,1
m004725,c_lena,to,2
m004726,c_noah,to,0
m004727,c_elena,to,0
m004727,c_taylor,to,1
m004727,c_lena,to,2
m004728,c_noah,to,0
m004729,c_elena,to,0
m004729,c_taylor,to,1
m004729,c_lena,to,2
m004730,c_noah,to,0
m004731,c_elena,to,0
m004731,c_taylor,to,1
m004731,c_lena,to,2
m004732,c_noah,to,0
m004733,c_elena,to,0
m004733,c_taylor,to,1
m004733,c_lena,to,2
m004734,c_noah,to,0
m004735,c_elena,to,0
m004735,c_taylor,to,1
m004735,c_lena,to,2
m004736,c_noah,to,0
m004737,c_noah,to,0
m004737,c_taylor,to,1
m004737,c_chris,cc,2
m004738,c_elena,to,0
m004739,c_noah,to,0
m004739,c_taylor,to,1
m004739,c_chris,cc,2
m004740,c_elena,to,0
m004741,c_noah,to,0
m004741,c_taylor,to,1
m004741,c_chris,cc,2
m004742,c_elena,to,0
m004743,c_noah,to,0
m004743,c_taylor,to,1
m004743,c_chris,cc,2
m004744,c_elena,to,0
m004745,c_noah,to,0
m004746,c_taylor,to,0
m004747,c_noah,to,0
m004748,c_taylor,to,0
m004749,c_avery,to,0
m004749,c_devon,to,1
m004750,c_alex_chan,to,0
m004751,c_avery,to,0
m004751,c_devon,to,1
m004752,c_alex_chan,to,0
m004753,c_maya,to,0
m004754,c_alex_chen,to,0
m004755,c_quinn,to,0
m004756,c_priya,to,0
m004757,c_marcus,to,0
m004758,c_chris,to,0
m004759,c_marcus,to,0
m004760,c_chris,to,0
m004761,c_hana,to,0
m004762,c_sam,to,0
m004763,c_alex_chan,to,0
m004764,c_maya,to,0
m004765,c_alex_chan,to,0
m004766,c_maya,to,0
m004767,c_alex_chan,to,0
m004768,c_maya,to,0
m004769,c_alex_chan,to,0
m004770,c_maya,to,0
m004771,c_alex_chan,to,0
m004772,c_maya,to,0
m004773,c_alex_chan,to,0
m004774,c_maya,to,0
m004775,c_jamie_lee,to,0
m004776,c_maya,to,0
m004777,c_jamie_lee,to,0
m004778,c_maya,to,0
m004779,c_jamie_lee,to,0
m004780,c_maya,to,0
m004781,c_jamie_lee,to,0
m004782,c_maya,to,0
m004783,c_jamie_lee,to,0
m004784,c_maya,to,0
m004785,c_jamie_lee,to,0
m004786,c_maya,to,0
m004787,c_morgan_shaw,to,0
m004788,c_maya,to,0
m004789,c_morgan_shaw,to,0
m004790,c_maya,to,0
m004791,c_morgan_shaw,to,0
m004792,c_maya,to,0
m004793,c_morgan_shaw,to,0
m004794,c_maya,to,0
m004795,c_morgan_shaw,to,0
m004796,c_maya,to,0
m004797,c_morgan_shaw,to,0
m004798,c_maya,to,0
m004799,c_alex_chen,to,0
m004800,c_maya,to,0
m004801,c_alex_chen,to,0
m004802,c_maya,to,0
m004803,c_alex_chen,to,0
m004804,c_maya,to,0
m004805,c_alex_chen,to,0
m004806,c_maya,to,0
m004807,c_jamie_li,to,0
m004808,c_maya,to,0
m004809,c_jamie_li,to,0
m004810,c_maya,to,0
m004811,c_jamie_li,to,0
m004812,c_maya,to,0
m004813,c_jamie_li,to,0
m004814,c_maya,to,0
m004815,c_morgan_zhao,to,0
m004816,c_maya,to,0
m004817,c_morgan_zhao,to,0
m004818,c_maya,to,0
m004819,c_morgan_zhao,to,0
m004820,c_maya,to,0
m004821,c_morgan_zhao,to,0
m004822,c_maya,to,0
m004823,c_lee,to,0
m004824,c_maya,to,0
m004825,c_lee,to,0
m004826,c_maya,to,0
m004827,c_lee,to,0
m004828,c_maya,to,0
m004829,c_lee,to,0
m004830,c_maya,to,0
m004831,c_lee,to,0
m004832,c_maya,to,0
m004833,c_lee,to,0
m004834,c_maya,to,0
m004835,c_pat,to,0
m004836,c_maya,to,0
m004837,c_pat,to,0
m004838,c_maya,to,0
m004839,c_pat,to,0
m004840,c_maya,to,0
m004841,c_pat,to,0
m004842,c_maya,to,0
m004843,c_pat,to,0
m004844,c_maya,to,0
m004845,c_pat,to,0
m004846,c_maya,to,0
m004847,c_ren,to,0
m004848,c_maya,to,0
m004849,c_ren,to,0
m004850,c_maya,to,0
m004851,c_ren,to,0
m004852,c_maya,to,0
m004853,c_ren,to,0
m004854,c_maya,to,0
m004855,c_ren,to,0
m004856,c_maya,to,0
m004857,c_ren,to,0
m004858,c_maya,to,0
m004859,c_sam,to,0
m004860,c_maya,to,0
m004861,c_hana,to,0
m004862,c_maya,to,0
m004863,c_fac_001,to,0
m004864,c_maya,to,0
m004865,c_fac_002,to,0
m004866,c_maya,to,0
m004867,c_fac_003,to,0
m004868,c_maya,to,0
m004869,c_fac_004,to,0
m004870,c_maya,to,0
m004871,c_fac_005,to,0
m004872,c_maya,to,0
m004873,c_fac_006,to,0
m004874,c_maya,to,0
m004875,c_fac_007,to,0
m004876,c_maya,to,0
m004877,c_fac_008,to,0
m004878,c_maya,to,0
m004879,c_fac_009,to,0
m004880,c_maya,to,0
m004881,c_fac_010,to,0
m004882,c_maya,to,0
m004883,c_fac_011,to,0
m004884,c_maya,to,0
m004885,c_fac_012,to,0
m004886,c_maya,to,0
m004887,c_fac_013,to,0
m004888,c_maya,to,0
m004889,c_fac_014,to,0
m004890,c_maya,to,0
m004891,c_fac_015,to,0
m004892,c_maya,to,0
m004893,c_fac_016,to,0
m004894,c_maya,to,0
m004895,c_fac_017,to,0
m004896,c_maya,to,0
m004897,c_noah,to,0
m004897,c_elena,to,1
m004897,c_taylor,to,2
m004897,c_chris,cc,3
m004898,c_maya,to,0
m004899,c_noah,to,0
m004899,c_elena,to,1
m004899,c_taylor,to,2
m004899,c_chris,cc,3
m004900,c_maya,to,0
m004901,c_noah,to,0
m004901,c_elena,to,1
m004901,c_taylor,to,2
m004901,c_chris,cc,3
m004902,c_maya,to,0
m004903,c_noah,to,0
m004903,c_elena,to,1
m004903,c_taylor,to,2
m004903,c_chris,cc,3
m004904,c_maya,to,0
m004905,c_noah,to,0
m004905,c_elena,to,1
m004905,c_taylor,to,2
m004905,c_chris,cc,3
m004906,c_maya,to,0
m004907,c_noah,to,0
m004907,c_elena,to,1
m004907,c_taylor,to,2
m004907,c_chris,cc,3
m004908,c_maya,to,0
m004909,c_noah,to,0
m004909,c_elena,to,1
m004909,c_taylor,to,2
m004909,c_chris,cc,3
m004910,c_maya,to,0
m004911,c_noah,to,0
m004911,c_elena,to,1
m004911,c_taylor,to,2
m004911,c_chris,cc,3
m004912,c_maya,to,0
m004913,c_noah,to,0
m004913,c_elena,to,1
m004913,c_taylor,to,2
m004913,c_chris,cc,3
m004914,c_maya,to,0
m004915,c_noah,to,0
m004915,c_elena,to,1
m004915,c_taylor,to,2
m004915,c_chris,cc,3
m004916,c_maya,to,0
m004917,c_noah,to,0
m004917,c_elena,to,1
m004917,c_taylor,to,2
m004917,c_chris,cc,3
m004918,c_maya,to,0
m004919,c_noah,to,0
m004919,c_elena,to,1
m004919,c_taylor,to,2
m004919,c_chris,cc,3
m004920,c_maya,to,0
m004921,c_noah,to,0
m004921,c_elena,to,1
m004921,c_taylor,to,2
m004921,c_chris,cc,3
m004922,c_maya,to,0
m004923,c_noah,to,0
m004923,c_elena,to,1
m004923,c_taylor,to,2
m004923,c_chris,cc,3
m004924,c_maya,to,0
m004925,c_noah,to,0
m004925,c_elena,to,1
m004925,c_taylor,to,2
m004925,c_chris,cc,3
m004926,c_maya,to,0
m004927,c_noah,to,0
m004927,c_elena,to,1
m004927,c_taylor,to,2
m004927,c_chris,cc,3
m004928,c_maya,to,0
m004929,c_noah,to,0
m004929,c_elena,to,1
m004929,c_taylor,to,2
m004929,c_chris,cc,3
m004930,c_maya,to,0
m004931,c_noah,to,0
m004931,c_elena,to,1
m004931,c_taylor,to,2
m004931,c_chris,cc,3
m004932,c_maya,to,0
m004933,c_noah,to,0
m004933,c_elena,to,1
m004933,c_taylor,to,2
m004933,c_chris,cc,3
m004934,c_maya,to,0
m004935,c_noah,to,0
m004935,c_elena,to,1
m004935,c_taylor,to,2
m004935,c_chris,cc,3
m004936,c_maya,to,0
m004937,c_noah,to,0
m004937,c_elena,to,1
m004937,c_taylor,to,2
m004937,c_chris,cc,3
m004938,c_maya,to,0
m004939,c_noah,to,0
m004939,c_elena,to,1
m004939,c_taylor,to,2
m004939,c_chris,cc,3
m004940,c_maya,to,0
m004941,c_noah,to,0
m004941,c_elena,to,1
m004941,c_taylor,to,2
m004941,c_chris,cc,3
m004942,c_maya,to,0
m004943,c_noah,to,0
m004943,c_elena,to,1
m004943,c_taylor,to,2
m004943,c_chris,cc,3
m004944,c_maya,to,0
m004945,c_noah,to,0
m004945,c_elena,to,1
m004945,c_taylor,to,2
m004945,c_chris,cc,3
m004946,c_maya,to,0
m004947,c_noah,to,0
m004947,c_elena,to,1
m004947,c_taylor,to,2
m004947,c_chris,cc,3
m004948,c_maya,to,0
m004949,c_noah,to,0
m004949,c_elena,to,1
m004949,c_taylor,to,2
m004949,c_chris,cc,3
m004950,c_maya,to,0
m004951,c_noah,to,0
m004951,c_elena,to,1
m004951,c_taylor,to,2
m004951,c_chris,cc,3
m004952,c_maya,to,0
m004953,c_noah,to,0
m004953,c_elena,to,1
m004953,c_taylor,to,2
m004953,c_chris,cc,3
m004954,c_maya,to,0
m004955,c_noah,to,0
m004955,c_elena,to,1
m004955,c_taylor,to,2
m004955,c_chris,cc,3
m004956,c_maya,to,0
m004957,c_noah,to,0
m004957,c_elena,to,1
m004957,c_taylor,to,2
m004957,c_chris,cc,3
m004958,c_maya,to,0
m004959,c_noah,to,0
m004959,c_elena,to,1
m004959,c_taylor,to,2
m004959,c_chris,cc,3
m004960,c_maya,to,0
m004961,c_noah,to,0
m004961,c_elena,to,1
m004961,c_taylor,to,2
m004961,c_chris,cc,3
m004962,c_maya,to,0
m004963,c_noah,to,0
m004963,c_elena,to,1
m004963,c_taylor,to,2
m004963,c_chris,cc,3
m004964,c_maya,to,0
m004965,c_noah,to,0
m004965,c_elena,to,1
m004965,c_taylor,to,2
m004965,c_chris,cc,3
m004966,c_maya,to,0
m004967,c_noah,to,0
m004967,c_elena,to,1
m004967,c_taylor,to,2
m004967,c_chris,cc,3
m004968,c_maya,to,0
m004969,c_noah,to,0
m004969,c_elena,to,1
m004969,c_taylor,to,2
m004969,c_chris,cc,3
m004970,c_maya,to,0
m004971,c_noah,to,0
m004971,c_elena,to,1
m004971,c_taylor,to,2
m004971,c_chris,cc,3
m004972,c_maya,to,0
m004973,c_noah,to,0
m004973,c_elena,to,1
m004973,c_taylor,to,2
m004973,c_chris,cc,3
m004974,c_maya,to,0
m004975,c_noah,to,0
m004975,c_elena,to,1
m004975,c_taylor,to,2
m004975,c_chris,cc,3
m004976,c_maya,to,0
m004977,c_chris,to,0
m004977,c_noah,to,1
m004977,c_elena,to,2
m004977,c_marcus,cc,3
m004978,c_maya,to,0
m004979,c_chris,to,0
m004979,c_noah,to,1
m004979,c_elena,to,2
m004979,c_marcus,cc,3
m004980,c_maya,to,0
m004981,c_chris,to,0
m004981,c_noah,to,1
m004981,c_elena,to,2
m004981,c_marcus,cc,3
m004982,c_maya,to,0
m004983,c_chris,to,0
m004983,c_noah,to,1
m004983,c_elena,to,2
m004983,c_marcus,cc,3
m004984,c_maya,to,0
m004985,c_priya,to,0
m004985,c_quinn,cc,1
m004986,c_maya,to,0
m004987,c_priya,to,0
m004987,c_quinn,cc,1
m004988,c_maya,to,0
m004989,c_priya,to,0
m004989,c_quinn,cc,1
m004990,c_maya,to,0
m004991,c_priya,to,0
m004991,c_quinn,cc,1
m004992,c_maya,to,0
m004993,c_priya,to,0
m004993,c_quinn,cc,1
m004994,c_maya,to,0
m004995,c_priya,to,0
m004995,c_quinn,cc,1
m004996,c_maya,to,0
m004997,c_elena,to,0
m004997,c_taylor,to,1
m004997,c_lena,to,2
m004998,c_noah,to,0
m004999,c_elena,to,0
m004999,c_taylor,to,1
m004999,c_lena,to,2
m005000,c_noah,to,0
m005001,c_elena,to,0
m005001,c_taylor,to,1
m005001,c_lena,to,2
m005002,c_noah,to,0
m005003,c_elena,to,0
m005003,c_taylor,to,1
m005003,c_lena,to,2
m005004,c_noah,to,0
m005005,c_elena,to,0
m005005,c_taylor,to,1
m005005,c_lena,to,2
m005006,c_noah,to,0
m005007,c_elena,to,0
m005007,c_taylor,to,1
m005007,c_lena,to,2
m005008,c_noah,to,0
m005009,c_noah,to,0
m005009,c_taylor,to,1
m005009,c_chris,cc,2
m005010,c_elena,to,0
m005011,c_noah,to,0
m005011,c_taylor,to,1
m005011,c_chris,cc,2
m005012,c_elena,to,0
m005013,c_noah,to,0
m005013,c_taylor,to,1
m005013,c_chris,cc,2
m005014,c_elena,to,0
m005015,c_noah,to,0
m005015,c_taylor,to,1
m005015,c_chris,cc,2
m005016,c_elena,to,0
m005017,c_noah,to,0
m005018,c_taylor,to,0
m005019,c_noah,to,0
m005020,c_taylor,to,0
m005021,c_avery,to,0
m005021,c_devon,to,1
m005022,c_alex_chan,to,0
m005023,c_avery,to,0
m005023,c_devon,to,1
m005024,c_alex_chan,to,0
m005025,c_maya,to,0
m005026,c_alex_chen,to,0
m005027,c_quinn,to,0
m005028,c_priya,to,0
m005029,c_marcus,to,0
m005030,c_chris,to,0
m005031,c_marcus,to,0
m005032,c_chris,to,0
m005033,c_hana,to,0
m005034,c_sam,to,0
m005035,c_alex_chan,to,0
m005036,c_maya,to,0
m005037,c_alex_chan,to,0
m005038,c_maya,to,0
m005039,c_alex_chan,to,0
m005040,c_maya,to,0
m005041,c_alex_chan,to,0
m005042,c_maya,to,0
m005043,c_alex_chan,to,0
m005044,c_maya,to,0
m005045,c_alex_chan,to,0
m005046,c_maya,to,0
m005047,c_jamie_lee,to,0
m005048,c_maya,to,0
m005049,c_jamie_lee,to,0
m005050,c_maya,to,0
m005051,c_jamie_lee,to,0
m005052,c_maya,to,0
m005053,c_jamie_lee,to,0
m005054,c_maya,to,0
m005055,c_jamie_lee,to,0
m005056,c_maya,to,0
m005057,c_jamie_lee,to,0
m005058,c_maya,to,0
m005059,c_morgan_shaw,to,0
m005060,c_maya,to,0
m005061,c_morgan_shaw,to,0
m005062,c_maya,to,0
m005063,c_morgan_shaw,to,0
m005064,c_maya,to,0
m005065,c_morgan_shaw,to,0
m005066,c_maya,to,0
m005067,c_morgan_shaw,to,0
m005068,c_maya,to,0
m005069,c_morgan_shaw,to,0
m005070,c_maya,to,0
m005071,c_alex_chen,to,0
m005072,c_maya,to,0
m005073,c_alex_chen,to,0
m005074,c_maya,to,0
m005075,c_alex_chen,to,0
m005076,c_maya,to,0
m005077,c_alex_chen,to,0
m005078,c_maya,to,0
m005079,c_jamie_li,to,0
m005080,c_maya,to,0
m005081,c_jamie_li,to,0
m005082,c_maya,to,0
m005083,c_jamie_li,to,0
m005084,c_maya,to,0
m005085,c_jamie_li,to,0
m005086,c_maya,to,0
m005087,c_morgan_zhao,to,0
m005088,c_maya,to,0
m005089,c_morgan_zhao,to,0
m005090,c_maya,to,0
m005091,c_morgan_zhao,to,0
m005092,c_maya,to,0
m005093,c_morgan_zhao,to,0
m005094,c_maya,to,0
m005095,c_lee,to,0
m005096,c_maya,to,0
m005097,c_lee,to,0
m005098,c_maya,to,0
m005099,c_lee,to,0
m005100,c_maya,to,0
m005101,c_lee,to,0
m005102,c_maya,to,0
m005103,c_lee,to,0
m005104,c_maya,to,0
m005105,c_lee,to,0
m005106,c_maya,to,0
m005107,c_pat,to,0
m005108,c_maya,to,0
m005109,c_pat,to,0
m005110,c_maya,to,0
m005111,c_pat,to,0
m005112,c_maya,to,0
m005113,c_pat,to,0
m005114,c_maya,to,0
m005115,c_pat,to,0
m005116,c_maya,to,0
m005117,c_pat,to,0
m005118,c_maya,to,0
m005119,c_ren,to,0
m005120,c_maya,to,0
m005121,c_ren,to,0
m005122,c_maya,to,0
m005123,c_ren,to,0
m005124,c_maya,to,0
m005125,c_ren,to,0
m005126,c_maya,to,0
m005127,c_ren,to,0
m005128,c_maya,to,0
m005129,c_ren,to,0
m005130,c_maya,to,0
m005131,c_sam,to,0
m005132,c_maya,to,0
m005133,c_hana,to,0
m005134,c_maya,to,0
m005135,c_fac_001,to,0
m005136,c_maya,to,0
m005137,c_fac_002,to,0
m005138,c_maya,to,0
m005139,c_fac_003,to,0
m005140,c_maya,to,0
m005141,c_fac_004,to,0
m005142,c_maya,to,0
m005143,c_fac_005,to,0
m005144,c_maya,to,0
m005145,c_fac_006,to,0
m005146,c_maya,to,0
m005147,c_fac_007,to,0
m005148,c_maya,to,0
m005149,c_fac_008,to,0
m005150,c_maya,to,0
m005151,c_fac_009,to,0
m005152,c_maya,to,0
m005153,c_fac_010,to,0
m005154,c_maya,to,0
m005155,c_fac_011,to,0
m005156,c_maya,to,0
m005157,c_fac_012,to,0
m005158,c_maya,to,0
m005159,c_fac_013,to,0
m005160,c_maya,to,0
m005161,c_fac_014,to,0
m005162,c_maya,to,0
m005163,c_fac_015,to,0
m005164,c_maya,to,0
m005165,c_fac_016,to,0
m005166,c_maya,to,0
m005167,c_fac_017,to,0
m005168,c_maya,to,0
m005169,c_noah,to,0
m005169,c_elena,to,1
m005169,c_taylor,to,2
m005169,c_chris,cc,3
m005170,c_maya,to,0
m005171,c_noah,to,0
m005171,c_elena,to,1
m005171,c_taylor,to,2
m005171,c_chris,cc,3
m005172,c_maya,to,0
m005173,c_noah,to,0
m005173,c_elena,to,1
m005173,c_taylor,to,2
m005173,c_chris,cc,3
m005174,c_maya,to,0
m005175,c_noah,to,0
m005175,c_elena,to,1
m005175,c_taylor,to,2
m005175,c_chris,cc,3
m005176,c_maya,to,0
m005177,c_noah,to,0
m005177,c_elena,to,1
m005177,c_taylor,to,2
m005177,c_chris,cc,3
m005178,c_maya,to,0
m005179,c_noah,to,0
m005179,c_elena,to,1
m005179,c_taylor,to,2
m005179,c_chris,cc,3
m005180,c_maya,to,0
m005181,c_noah,to,0
m005181,c_elena,to,1
m005181,c_taylor,to,2
m005181,c_chris,cc,3
m005182,c_maya,to,0
m005183,c_noah,to,0
m005183,c_elena,to,1
m005183,c_taylor,to,2
m005183,c_chris,cc,3
m005184,c_maya,to,0
m005185,c_noah,to,0
m005185,c_elena,to,1
m005185,c_taylor,to,2
m005185,c_chris,cc,3
m005186,c_maya,to,0
m005187,c_noah,to,0
m005187,c_elena,to,1
m005187,c_taylor,to,2
m005187,c_chris,cc,3
m005188,c_maya,to,0
m005189,c_noah,to,0
m005189,c_elena,to,1
m005189,c_taylor,to,2
m005189,c_chris,cc,3
m005190,c_maya,to,0
m005191,c_noah,to,0
m005191,c_elena,to,1
m005191,c_taylor,to,2
m005191,c_chris,cc,3
m005192,c_maya,to,0
m005193,c_noah,to,0
m005193,c_elena,to,1
m005193,c_taylor,to,2
m005193,c_chris,cc,3
m005194,c_maya,to,0
m005195,c_noah,to,0
m005195,c_elena,to,1
m005195,c_taylor,to,2
m005195,c_chris,cc,3
m005196,c_maya,to,0
m005197,c_noah,to,0
m005197,c_elena,to,1
m005197,c_taylor,to,2
m005197,c_chris,cc,3
m005198,c_maya,to,0
m005199,c_noah,to,0
m005199,c_elena,to,1
m005199,c_taylor,to,2
m005199,c_chris,cc,3
m005200,c_maya,to,0
m005201,c_noah,to,0
m005201,c_elena,to,1
m005201,c_taylor,to,2
m005201,c_chris,cc,3
m005202,c_maya,to,0
m005203,c_noah,to,0
m005203,c_elena,to,1
m005203,c_taylor,to,2
m005203,c_chris,cc,3
m005204,c_maya,to,0
m005205,c_noah,to,0
m005205,c_elena,to,1
m005205,c_taylor,to,2
m005205,c_chris,cc,3
m005206,c_maya,to,0
m005207,c_noah,to,0
m005207,c_elena,to,1
m005207,c_taylor,to,2
m005207,c_chris,cc,3
m005208,c_maya,to,0
m005209,c_noah,to,0
m005209,c_elena,to,1
m005209,c_taylor,to,2
m005209,c_chris,cc,3
m005210,c_maya,to,0
m005211,c_noah,to,0
m005211,c_elena,to,1
m005211,c_taylor,to,2
m005211,c_chris,cc,3
m005212,c_maya,to,0
m005213,c_noah,to,0
m005213,c_elena,to,1
m005213,c_taylor,to,2
m005213,c_chris,cc,3
m005214,c_maya,to,0
m005215,c_noah,to,0
m005215,c_elena,to,1
m005215,c_taylor,to,2
m005215,c_chris,cc,3
m005216,c_maya,to,0
m005217,c_noah,to,0
m005217,c_elena,to,1
m005217,c_taylor,to,2
m005217,c_chris,cc,3
m005218,c_maya,to,0
m005219,c_noah,to,0
m005219,c_elena,to,1
m005219,c_taylor,to,2
m005219,c_chris,cc,3
m005220,c_maya,to,0
m005221,c_noah,to,0
m005221,c_elena,to,1
m005221,c_taylor,to,2
m005221,c_chris,cc,3
m005222,c_maya,to,0
m005223,c_noah,to,0
m005223,c_elena,to,1
m005223,c_taylor,to,2
m005223,c_chris,cc,3
m005224,c_maya,to,0
m005225,c_noah,to,0
m005225,c_elena,to,1
m005225,c_taylor,to,2
m005225,c_chris,cc,3
m005226,c_maya,to,0
m005227,c_noah,to,0
m005227,c_elena,to,1
m005227,c_taylor,to,2
m005227,c_chris,cc,3
m005228,c_maya,to,0
m005229,c_noah,to,0
m005229,c_elena,to,1
m005229,c_taylor,to,2
m005229,c_chris,cc,3
m005230,c_maya,to,0
m005231,c_noah,to,0
m005231,c_elena,to,1
m005231,c_taylor,to,2
m005231,c_chris,cc,3
m005232,c_maya,to,0
m005233,c_noah,to,0
m005233,c_elena,to,1
m005233,c_taylor,to,2
m005233,c_chris,cc,3
m005234,c_maya,to,0
m005235,c_noah,to,0
m005235,c_elena,to,1
m005235,c_taylor,to,2
m005235,c_chris,cc,3
m005236,c_maya,to,0
m005237,c_noah,to,0
m005237,c_elena,to,1
m005237,c_taylor,to,2
m005237,c_chris,cc,3
m005238,c_maya,to,0
m005239,c_noah,to,0
m005239,c_elena,to,1
m005239,c_taylor,to,2
m005239,c_chris,cc,3
m005240,c_maya,to,0
m005241,c_noah,to,0
m005241,c_elena,to,1
m005241,c_taylor,to,2
m005241,c_chris,cc,3
m005242,c_maya,to,0
m005243,c_noah,to,0
m005243,c_elena,to,1
m005243,c_taylor,to,2
m005243,c_chris,cc,3
m005244,c_maya,to,0
m005245,c_noah,to,0
m005245,c_elena,to,1
m005245,c_taylor,to,2
m005245,c_chris,cc,3
m005246,c_maya,to,0
m005247,c_noah,to,0
m005247,c_elena,to,1
m005247,c_taylor,to,2
m005247,c_chris,cc,3
m005248,c_maya,to,0
m005249,c_chris,to,0
m005249,c_noah,to,1
m005249,c_elena,to,2
m005249,c_marcus,cc,3
m005250,c_maya,to,0
m005251,c_chris,to,0
m005251,c_noah,to,1
m005251,c_elena,to,2
m005251,c_marcus,cc,3
m005252,c_maya,to,0
m005253,c_chris,to,0
m005253,c_noah,to,1
m005253,c_elena,to,2
m005253,c_marcus,cc,3
m005254,c_maya,to,0
m005255,c_chris,to,0
m005255,c_noah,to,1
m005255,c_elena,to,2
m005255,c_marcus,cc,3
m005256,c_maya,to,0
m005257,c_priya,to,0
m005257,c_quinn,cc,1
m005258,c_maya,to,0
m005259,c_priya,to,0
m005259,c_quinn,cc,1
m005260,c_maya,to,0
m005261,c_priya,to,0
m005261,c_quinn,cc,1
m005262,c_maya,to,0
m005263,c_priya,to,0
m005263,c_quinn,cc,1
m005264,c_maya,to,0
m005265,c_priya,to,0
m005265,c_quinn,cc,1
m005266,c_maya,to,0
m005267,c_priya,to,0
m005267,c_quinn,cc,1
m005268,c_maya,to,0
m005269,c_elena,to,0
m005269,c_taylor,to,1
m005269,c_lena,to,2
m005270,c_noah,to,0
m005271,c_elena,to,0
m005271,c_taylor,to,1
m005271,c_lena,to,2
m005272,c_noah,to,0
m005273,c_elena,to,0
m005273,c_taylor,to,1
m005273,c_lena,to,2
m005274,c_noah,to,0
m005275,c_elena,to,0
m005275,c_taylor,to,1
m005275,c_lena,to,2
m005276,c_noah,to,0
m005277,c_elena,to,0
m005277,c_taylor,to,1
m005277,c_lena,to,2
m005278,c_noah,to,0
m005279,c_elena,to,0
m005279,c_taylor,to,1
m005279,c_lena,to,2
m005280,c_noah,to,0
m005281,c_noah,to,0
m005281,c_taylor,to,1
m005281,c_chris,cc,2
m005282,c_elena,to,0
m005283,c_noah,to,0
m005283,c_taylor,to,1
m005283,c_chris,cc,2
m005284,c_elena,to,0
m005285,c_noah,to,0
m005285,c_taylor,to,1
m005285,c_chris,cc,2
m005286,c_elena,to,0
m005287,c_noah,to,0
m005287,c_taylor,to,1
m005287,c_chris,cc,2
m005288,c_elena,to,0
m005289,c_noah,to,0
m005290,c_taylor,to,0
m005291,c_noah,to,0
m005292,c_taylor,to,0
m005293,c_avery,to,0
m005293,c_devon,to,1
m005294,c_alex_chan,to,0
m005295,c_avery,to,0
m005295,c_devon,to,1
m005296,c_alex_chan,to,0
m005297,c_maya,to,0
m005298,c_alex_chen,to,0
m005299,c_quinn,to,0
m005300,c_priya,to,0
m005301,c_marcus,to,0
m005302,c_chris,to,0
m005303,c_marcus,to,0
m005304,c_chris,to,0
m005305,c_hana,to,0
m005306,c_sam,to,0
m005307,c_alex_chan,to,0
m005308,c_maya,to,0
m005309,c_alex_chan,to,0
m005310,c_maya,to,0
m005311,c_alex_chan,to,0
m005312,c_maya,to,0
m005313,c_alex_chan,to,0
m005314,c_maya,to,0
m005315,c_alex_chan,to,0
m005316,c_maya,to,0
m005317,c_alex_chan,to,0
m005318,c_maya,to,0
m005319,c_jamie_lee,to,0
m005320,c_maya,to,0
m005321,c_jamie_lee,to,0
m005322,c_maya,to,0
m005323,c_jamie_lee,to,0
m005324,c_maya,to,0
m005325,c_jamie_lee,to,0
m005326,c_maya,to,0
m005327,c_jamie_lee,to,0
m005328,c_maya,to,0
m005329,c_jamie_lee,to,0
m005330,c_maya,to,0
m005331,c_morgan_shaw,to,0
m005332,c_maya,to,0
m005333,c_morgan_shaw,to,0
m005334,c_maya,to,0
m005335,c_morgan_shaw,to,0
m005336,c_maya,to,0
m005337,c_morgan_shaw,to,0
m005338,c_maya,to,0
m005339,c_morgan_shaw,to,0
m005340,c_maya,to,0
m005341,c_morgan_shaw,to,0
m005342,c_maya,to,0
m005343,c_alex_chen,to,0
m005344,c_maya,to,0
m005345,c_alex_chen,to,0
m005346,c_maya,to,0
m005347,c_alex_chen,to,0
m005348,c_maya,to,0
m005349,c_alex_chen,to,0
m005350,c_maya,to,0
m005351,c_jamie_li,to,0
m005352,c_maya,to,0
m005353,c_jamie_li,to,0
m005354,c_maya,to,0
m005355,c_jamie_li,to,0
m005356,c_maya,to,0
m005357,c_jamie_li,to,0
m005358,c_maya,to,0
m005359,c_morgan_zhao,to,0
m005360,c_maya,to,0
m005361,c_morgan_zhao,to,0
m005362,c_maya,to,0
m005363,c_morgan_zhao,to,0
m005364,c_maya,to,0
m005365,c_morgan_zhao,to,0
m005366,c_maya,to,0
m005367,c_lee,to,0
m005368,c_maya,to,0
m005369,c_lee,to,0
m005370,c_maya,to,0
m005371,c_lee,to,0
m005372,c_maya,to,0
m005373,c_lee,to,0
m005374,c_maya,to,0
m005375,c_lee,to,0
m005376,c_maya,to,0
m005377,c_lee,to,0
m005378,c_maya,to,0
m005379,c_pat,to,0
m005380,c_maya,to,0
m005381,c_pat,to,0
m005382,c_maya,to,0
m005383,c_pat,to,0
m005384,c_maya,to,0
m005385,c_pat,to,0
m005386,c_maya,to,0
m005387,c_pat,to,0
m005388,c_maya,to,0
m005389,c_pat,to,0
m005390,c_maya,to,0
m005391,c_ren,to,0
m005392,c_maya,to,0
m005393,c_ren,to,0
m005394,c_maya,to,0
m005395,c_ren,to,0
m005396,c_maya,to,0
m005397,c_ren,to,0
m005398,c_maya,to,0
m005399,c_ren,to,0
m005400,c_maya,to,0
m005401,c_ren,to,0
m005402,c_maya,to,0
m005403,c_sam,to,0
m005404,c_maya,to,0
m005405,c_hana,to,0
m005406,c_maya,to,0
m005407,c_fac_001,to,0
m005408,c_maya,to,0
m005409,c_fac_002,to,0
m005410,c_maya,to,0
m005411,c_fac_003,to,0
m005412,c_maya,to,0
m005413,c_fac_004,to,0
m005414,c_maya,to,0
m005415,c_fac_005,to,0
m005416,c_maya,to,0
m005417,c_fac_006,to,0
m005418,c_maya,to,0
m005419,c_fac_007,to,0
m005420,c_maya,to,0
m005421,c_fac_008,to,0
m005422,c_maya,to,0
m005423,c_fac_009,to,0
m005424,c_maya,to,0
m005425,c_fac_010,to,0
m005426,c_maya,to,0
m005427,c_fac_011,to,0
m005428,c_maya,to,0
m005429,c_fac_012,to,0
m005430,c_maya,to,0
m005431,c_fac_013,to,0
m005432,c_maya,to,0
m005433,c_fac_014,to,0
m005434,c_maya,to,0
m005435,c_fac_015,to,0
m005436,c_maya,to,0
m005437,c_fac_016,to,0
m005438,c_maya,to,0
m005439,c_fac_017,to,0
m005440,c_maya,to,0
m005441,c_noah,to,0
m005441,c_elena,to,1
m005441,c_taylor,to,2
m005441,c_chris,cc,3
m005442,c_maya,to,0
m005443,c_noah,to,0
m005443,c_elena,to,1
m005443,c_taylor,to,2
m005443,c_chris,cc,3
m005444,c_maya,to,0
m005445,c_noah,to,0
m005445,c_elena,to,1
m005445,c_taylor,to,2
m005445,c_chris,cc,3
m005446,c_maya,to,0
m005447,c_noah,to,0
m005447,c_elena,to,1
m005447,c_taylor,to,2
m005447,c_chris,cc,3
m005448,c_maya,to,0
m005449,c_noah,to,0
m005449,c_elena,to,1
m005449,c_taylor,to,2
m005449,c_chris,cc,3
m005450,c_maya,to,0
m005451,c_noah,to,0
m005451,c_elena,to,1
m005451,c_taylor,to,2
m005451,c_chris,cc,3
m005452,c_maya,to,0
m005453,c_noah,to,0
m005453,c_elena,to,1
m005453,c_taylor,to,2
m005453,c_chris,cc,3
m005454,c_maya,to,0
m005455,c_noah,to,0
m005455,c_elena,to,1
m005455,c_taylor,to,2
m005455,c_chris,cc,3
m005456,c_maya,to,0
m005457,c_noah,to,0
m005457,c_elena,to,1
m005457,c_taylor,to,2
m005457,c_chris,cc,3
m005458,c_maya,to,0
m005459,c_noah,to,0
m005459,c_elena,to,1
m005459,c_taylor,to,2
m005459,c_chris,cc,3
m005460,c_maya,to,0
m005461,c_noah,to,0
m005461,c_elena,to,1
m005461,c_taylor,to,2
m005461,c_chris,cc,3
m005462,c_maya,to,0
m005463,c_noah,to,0
m005463,c_elena,to,1
m005463,c_taylor,to,2
m005463,c_chris,cc,3
m005464,c_maya,to,0
m005465,c_noah,to,0
m005465,c_elena,to,1
m005465,c_taylor,to,2
m005465,c_chris,cc,3
m005466,c_maya,to,0
m005467,c_noah,to,0
m005467,c_elena,to,1
m005467,c_taylor,to,2
m005467,c_chris,cc,3
m005468,c_maya,to,0
m005469,c_noah,to,0
m005469,c_elena,to,1
m005469,c_taylor,to,2
m005469,c_chris,cc,3
m005470,c_maya,to,0
m005471,c_noah,to,0
m005471,c_elena,to,1
m005471,c_taylor,to,2
m005471,c_chris,cc,3
m005472,c_maya,to,0
m005473,c_noah,to,0
m005473,c_elena,to,1
m005473,c_taylor,to,2
m005473,c_chris,cc,3
m005474,c_maya,to,0
m005475,c_noah,to,0
m005475,c_elena,to,1
m005475,c_taylor,to,2
m005475,c_chris,cc,3
m005476,c_maya,to,0
m005477,c_noah,to,0
m005477,c_elena,to,1
m005477,c_taylor,to,2
m005477,c_chris,cc,3
m005478,c_maya,to,0
m005479,c_noah,to,0
m005479,c_elena,to,1
m005479,c_taylor,to,2
m005479,c_chris,cc,3
m005480,c_maya,to,0
m005481,c_noah,to,0
m005481,c_elena,to,1
m005481,c_taylor,to,2
m005481,c_chris,cc,3
m005482,c_maya,to,0
m005483,c_noah,to,0
m005483,c_elena,to,1
m005483,c_taylor,to,2
m005483,c_chris,cc,3
m005484,c_maya,to,0
m005485,c_noah,to,0
m005485,c_elena,to,1
m005485,c_taylor,to,2
m005485,c_chris,cc,3
m005486,c_maya,to,0
m005487,c_noah,to,0
m005487,c_elena,to,1
m005487,c_taylor,to,2
m005487,c_chris,cc,3
m005488,c_maya,to,0
m005489,c_noah,to,0
m005489,c_elena,to,1
m005489,c_taylor,to,2
m005489,c_chris,cc,3
m005490,c_maya,to,0
m005491,c_noah,to,0
m005491,c_elena,to,1
m005491,c_taylor,to,2
m005491,c_chris,cc,3
m005492,c_maya,to,0
m005493,c_noah,to,0
m005493,c_elena,to,1
m005493,c_taylor,to,2
m005493,c_chris,cc,3
m005494,c_maya,to,0
m005495,c_noah,to,0
m005495,c_elena,to,1
m005495,c_taylor,to,2
m005495,c_chris,cc,3
m005496,c_maya,to,0
m005497,c_noah,to,0
m005497,c_elena,to,1
m005497,c_taylor,to,2
m005497,c_chris,cc,3
m005498,c_maya,to,0
m005499,c_noah,to,0
m005499,c_elena,to,1
m005499,c_taylor,to,2
m005499,c_chris,cc,3
m005500,c_maya,to,0
m005501,c_noah,to,0
m005501,c_elena,to,1
m005501,c_taylor,to,2
m005501,c_chris,cc,3
m005502,c_maya,to,0
m005503,c_noah,to,0
m005503,c_elena,to,1
m005503,c_taylor,to,2
m005503,c_chris,cc,3
m005504,c_maya,to,0
m005505,c_noah,to,0
m005505,c_elena,to,1
m005505,c_taylor,to,2
m005505,c_chris,cc,3
m005506,c_maya,to,0
m005507,c_noah,to,0
m005507,c_elena,to,1
m005507,c_taylor,to,2
m005507,c_chris,cc,3
m005508,c_maya,to,0
m005509,c_noah,to,0
m005509,c_elena,to,1
m005509,c_taylor,to,2
m005509,c_chris,cc,3
m005510,c_maya,to,0
m005511,c_noah,to,0
m005511,c_elena,to,1
m005511,c_taylor,to,2
m005511,c_chris,cc,3
m005512,c_maya,to,0
m005513,c_noah,to,0
m005513,c_elena,to,1
m005513,c_taylor,to,2
m005513,c_chris,cc,3
m005514,c_maya,to,0
m005515,c_noah,to,0
m005515,c_elena,to,1
m005515,c_taylor,to,2
m005515,c_chris,cc,3
m005516,c_maya,to,0
m005517,c_noah,to,0
m005517,c_elena,to,1
m005517,c_taylor,to,2
m005517,c_chris,cc,3
m005518,c_maya,to,0
m005519,c_noah,to,0
m005519,c_elena,to,1
m005519,c_taylor,to,2
m005519,c_chris,cc,3
m005520,c_maya,to,0
m005521,c_chris,to,0
m005521,c_noah,to,1
m005521,c_elena,to,2
m005521,c_marcus,cc,3
m005522,c_maya,to,0
m005523,c_chris,to,0
m005523,c_noah,to,1
m005523,c_elena,to,2
m005523,c_marcus,cc,3
m005524,c_maya,to,0
m005525,c_chris,to,0
m005525,c_noah,to,1
m005525,c_elena,to,2
m005525,c_marcus,cc,3
m005526,c_maya,to,0
m005527,c_chris,to,0
m005527,c_noah,to,1
m005527,c_elena,to,2
m005527,c_marcus,cc,3
m005528,c_maya,to,0
m005529,c_priya,to,0
m005529,c_quinn,cc,1
m005530,c_maya,to,0
m005531,c_priya,to,0
m005531,c_quinn,cc,1
m005532,c_maya,to,0
m005533,c_priya,to,0
m005533,c_quinn,cc,1
m005534,c_maya,to,0
m005535,c_priya,to,0
m005535,c_quinn,cc,1
m005536,c_maya,to,0
m005537,c_priya,to,0
m005537,c_quinn,cc,1
m005538,c_maya,to,0
m005539,c_priya,to,0
m005539,c_quinn,cc,1
m005540,c_maya,to,0
m005541,c_elena,to,0
m005541,c_taylor,to,1
m005541,c_lena,to,2
m005542,c_noah,to,0
m005543,c_elena,to,0
m005543,c_taylor,to,1
m005543,c_lena,to,2
m005544,c_noah,to,0
m005545,c_elena,to,0
m005545,c_taylor,to,1
m005545,c_lena,to,2
m005546,c_noah,to,0
m005547,c_elena,to,0
m005547,c_taylor,to,1
m005547,c_lena,to,2
m005548,c_noah,to,0
m005549,c_elena,to,0
m005549,c_taylor,to,1
m005549,c_lena,to,2
m005550,c_noah,to,0
m005551,c_elena,to,0
m005551,c_taylor,to,1
m005551,c_lena,to,2
m005552,c_noah,to,0
m005553,c_noah,to,0
m005553,c_taylor,to,1
m005553,c_chris,cc,2
m005554,c_elena,to,0
m005555,c_noah,to,0
m005555,c_taylor,to,1
m005555,c_chris,cc,2
m005556,c_elena,to,0
m005557,c_noah,to,0
m005557,c_taylor,to,1
m005557,c_chris,cc,2
m005558,c_elena,to,0
m005559,c_noah,to,0
m005559,c_taylor,to,1
m005559,c_chris,cc,2
m005560,c_elena,to,0
m005561,c_noah,to,0
m005562,c_taylor,to,0
m005563,c_noah,to,0
m005564,c_taylor,to,0
m005565,c_avery,to,0
m005565,c_devon,to,1
m005566,c_alex_chan,to,0
m005567,c_avery,to,0
m005567,c_devon,to,1
m005568,c_alex_chan,to,0
m005569,c_maya,to,0
m005570,c_alex_chen,to,0
m005571,c_quinn,to,0
m005572,c_priya,to,0
m005573,c_marcus,to,0
m005574,c_chris,to,0
m005575,c_marcus,to,0
m005576,c_chris,to,0
m005577,c_hana,to,0
m005578,c_sam,to,0
m005579,c_alex_chan,to,0
m005580,c_maya,to,0
m005581,c_alex_chan,to,0
m005582,c_maya,to,0
m005583,c_alex_chan,to,0
m005584,c_maya,to,0
m005585,c_alex_chan,to,0
m005586,c_maya,to,0
m005587,c_alex_chan,to,0
m005588,c_maya,to,0
m005589,c_alex_chan,to,0
m005590,c_maya,to,0
m005591,c_jamie_lee,to,0
m005592,c_maya,to,0
m005593,c_jamie_lee,to,0
m005594,c_maya,to,0
m005595,c_jamie_lee,to,0
m005596,c_maya,to,0
m005597,c_jamie_lee,to,0
m005598,c_maya,to,0
m005599,c_jamie_lee,to,0
m005600,c_maya,to,0
m005601,c_jamie_lee,to,0
m005602,c_maya,to,0
m005603,c_morgan_shaw,to,0
m005604,c_maya,to,0
m005605,c_morgan_shaw,to,0
m005606,c_maya,to,0
m005607,c_morgan_shaw,to,0
m005608,c_maya,to,0
m005609,c_morgan_shaw,to,0
m005610,c_maya,to,0
m005611,c_morgan_shaw,to,0
m005612,c_maya,to,0
m005613,c_morgan_shaw,to,0
m005614,c_maya,to,0
m005615,c_alex_chen,to,0
m005616,c_maya,to,0
m005617,c_alex_chen,to,0
m005618,c_maya,to,0
m005619,c_alex_chen,to,0
m005620,c_maya,to,0
m005621,c_alex_chen,to,0
m005622,c_maya,to,0
m005623,c_jamie_li,to,0
m005624,c_maya,to,0
m005625,c_jamie_li,to,0
m005626,c_maya,to,0
m005627,c_jamie_li,to,0
m005628,c_maya,to,0
m005629,c_jamie_li,to,0
m005630,c_maya,to,0
m005631,c_morgan_zhao,to,0
m005632,c_maya,to,0
m005633,c_morgan_zhao,to,0
m005634,c_maya,to,0
m005635,c_morgan_zhao,to,0
m005636,c_maya,to,0
m005637,c_morgan_zhao,to,0
m005638,c_maya,to,0
m005639,c_lee,to,0
m005640,c_maya,to,0
m005641,c_lee,to,0
m005642,c_maya,to,0
m005643,c_lee,to,0
m005644,c_maya,to,0
m005645,c_lee,to,0
m005646,c_maya,to,0
m005647,c_lee,to,0
m005648,c_maya,to,0
m005649,c_lee,to,0
m005650,c_maya,to,0
m005651,c_pat,to,0
m005652,c_maya,to,0
m005653,c_pat,to,0
m005654,c_maya,to,0
m005655,c_pat,to,0
m005656,c_maya,to,0
m005657,c_pat,to,0
m005658,c_maya,to,0
m005659,c_pat,to,0
m005660,c_maya,to,0
m005661,c_pat,to,0
m005662,c_maya,to,0
m005663,c_ren,to,0
m005664,c_maya,to,0
m005665,c_ren,to,0
m005666,c_maya,to,0
m005667,c_ren,to,0
m005668,c_maya,to,0
m005669,c_ren,to,0
m005670,c_maya,to,0
m005671,c_ren,to,0
m005672,c_maya,to,0
m005673,c_ren,to,0
m005674,c_maya,to,0
m005675,c_sam,to,0
m005676,c_maya,to,0
m005677,c_hana,to,0
m005678,c_maya,to,0
m005679,c_fac_001,to,0
m005680,c_maya,to,0
m005681,c_fac_002,to,0
m005682,c_maya,to,0
m005683,c_fac_003,to,0
m005684,c_maya,to,0
m005685,c_fac_004,to,0
m005686,c_maya,to,0
m005687,c_fac_005,to,0
m005688,c_maya,to,0
m005689,c_fac_006,to,0
m005690,c_maya,to,0
m005691,c_fac_007,to,0
m005692,c_maya,to,0
m005693,c_fac_008,to,0
m005694,c_maya,to,0
m005695,c_fac_009,to,0
m005696,c_maya,to,0
m005697,c_fac_010,to,0
m005698,c_maya,to,0
m005699,c_fac_011,to,0
m005700,c_maya,to,0
m005701,c_fac_012,to,0
m005702,c_maya,to,0
m005703,c_fac_013,to,0
m005704,c_maya,to,0
m005705,c_fac_014,to,0
m005706,c_maya,to,0
m005707,c_fac_015,to,0
m005708,c_maya,to,0
m005709,c_fac_016,to,0
m005710,c_maya,to,0
m005711,c_fac_017,to,0
m005712,c_maya,to,0
m005713,c_noah,to,0
m005713,c_elena,to,1
m005713,c_taylor,to,2
m005713,c_chris,cc,3
m005714,c_maya,to,0
m005715,c_noah,to,0
m005715,c_elena,to,1
m005715,c_taylor,to,2
m005715,c_chris,cc,3
m005716,c_maya,to,0
m005717,c_noah,to,0
m005717,c_elena,to,1
m005717,c_taylor,to,2
m005717,c_chris,cc,3
m005718,c_maya,to,0
m005719,c_noah,to,0
m005719,c_elena,to,1
m005719,c_taylor,to,2
m005719,c_chris,cc,3
m005720,c_maya,to,0
m005721,c_noah,to,0
m005721,c_elena,to,1
m005721,c_taylor,to,2
m005721,c_chris,cc,3
m005722,c_maya,to,0
m005723,c_noah,to,0
m005723,c_elena,to,1
m005723,c_taylor,to,2
m005723,c_chris,cc,3
m005724,c_maya,to,0
m005725,c_noah,to,0
m005725,c_elena,to,1
m005725,c_taylor,to,2
m005725,c_chris,cc,3
m005726,c_maya,to,0
m005727,c_noah,to,0
m005727,c_elena,to,1
m005727,c_taylor,to,2
m005727,c_chris,cc,3
m005728,c_maya,to,0
m005729,c_noah,to,0
m005729,c_elena,to,1
m005729,c_taylor,to,2
m005729,c_chris,cc,3
m005730,c_maya,to,0
m005731,c_noah,to,0
m005731,c_elena,to,1
m005731,c_taylor,to,2
m005731,c_chris,cc,3
m005732,c_maya,to,0
m005733,c_noah,to,0
m005733,c_elena,to,1
m005733,c_taylor,to,2
m005733,c_chris,cc,3
m005734,c_maya,to,0
m005735,c_noah,to,0
m005735,c_elena,to,1
m005735,c_taylor,to,2
m005735,c_chris,cc,3
m005736,c_maya,to,0
m005737,c_noah,to,0
m005737,c_elena,to,1
m005737,c_taylor,to,2
m005737,c_chris,cc,3
m005738,c_maya,to,0
m005739,c_noah,to,0
m005739,c_elena,to,1
m005739,c_taylor,to,2
m005739,c_chris,cc,3
m005740,c_maya,to,0
m005741,c_noah,to,0
m005741,c_elena,to,1
m005741,c_taylor,to,2
m005741,c_chris,cc,3
m005742,c_maya,to,0
m005743,c_noah,to,0
m005743,c_elena,to,1
m005743,c_taylor,to,2
m005743,c_chris,cc,3
m005744,c_maya,to,0
m005745,c_noah,to,0
m005745,c_elena,to,1
m005745,c_taylor,to,2
m005745,c_chris,cc,3
m005746,c_maya,to,0
m005747,c_noah,to,0
m005747,c_elena,to,1
m005747,c_taylor,to,2
m005747,c_chris,cc,3
m005748,c_maya,to,0
m005749,c_noah,to,0
m005749,c_elena,to,1
m005749,c_taylor,to,2
m005749,c_chris,cc,3
m005750,c_maya,to,0
m005751,c_noah,to,0
m005751,c_elena,to,1
m005751,c_taylor,to,2
m005751,c_chris,cc,3
m005752,c_maya,to,0
m005753,c_noah,to,0
m005753,c_elena,to,1
m005753,c_taylor,to,2
m005753,c_chris,cc,3
m005754,c_maya,to,0
m005755,c_noah,to,0
m005755,c_elena,to,1
m005755,c_taylor,to,2
m005755,c_chris,cc,3
m005756,c_maya,to,0
m005757,c_noah,to,0
m005757,c_elena,to,1
m005757,c_taylor,to,2
m005757,c_chris,cc,3
m005758,c_maya,to,0
m005759,c_noah,to,0
m005759,c_elena,to,1
m005759,c_taylor,to,2
m005759,c_chris,cc,3
m005760,c_maya,to,0
m005761,c_noah,to,0
m005761,c_elena,to,1
m005761,c_taylor,to,2
m005761,c_chris,cc,3
m005762,c_maya,to,0
m005763,c_noah,to,0
m005763,c_elena,to,1
m005763,c_taylor,to,2
m005763,c_chris,cc,3
m005764,c_maya,to,0
m005765,c_noah,to,0
m005765,c_elena,to,1
m005765,c_taylor,to,2
m005765,c_chris,cc,3
m005766,c_maya,to,0
m005767,c_noah,to,0
m005767,c_elena,to,1
m005767,c_taylor,to,2
m005767,c_chris,cc,3
m005768,c_maya,to,0
m005769,c_noah,to,0
m005769,c_elena,to,1
m005769,c_taylor,to,2
m005769,c_chris,cc,3
m005770,c_maya,to,0
m005771,c_noah,to,0
m005771,c_elena,to,1
m005771,c_taylor,to,2
m005771,c_chris,cc,3
m005772,c_maya,to,0
m005773,c_noah,to,0
m005773,c_elena,to,1
m005773,c_taylor,to,2
m005773,c_chris,cc,3
m005774,c_maya,to,0
m005775,c_noah,to,0
m005775,c_elena,to,1
m005775,c_taylor,to,2
m005775,c_chris,cc,3
m005776,c_maya,to,0
m005777,c_noah,to,0
m005777,c_elena,to,1
m005777,c_taylor,to,2
m005777,c_chris,cc,3
m005778,c_maya,to,0
m005779,c_noah,to,0
m005779,c_elena,to,1
m005779,c_taylor,to,2
m005779,c_chris,cc,3
m005780,c_maya,to,0
m005781,c_noah,to,0
m005781,c_elena,to,1
m005781,c_taylor,to,2
m005781,c_chris,cc,3
m005782,c_maya,to,0
m005783,c_noah,to,0
m005783,c_elena,to,1
m005783,c_taylor,to,2
m005783,c_chris,cc,3
m005784,c_maya,to,0
m005785,c_noah,to,0
m005785,c_elena,to,1
m005785,c_taylor,to,2
m005785,c_chris,cc,3
m005786,c_maya,to,0
m005787,c_noah,to,0
m005787,c_elena,to,1
m005787,c_taylor,to,2
m005787,c_chris,cc,3
m005788,c_maya,to,0
m005789,c_noah,to,0
m005789,c_elena,to,1
m005789,c_taylor,to,2
m005789,c_chris,cc,3
m005790,c_maya,to,0
m005791,c_noah,to,0
m005791,c_elena,to,1
m005791,c_taylor,to,2
m005791,c_chris,cc,3
m005792,c_maya,to,0
m005793,c_chris,to,0
m005793,c_noah,to,1
m005793,c_elena,to,2
m005793,c_marcus,cc,3
m005794,c_maya,to,0
m005795,c_chris,to,0
m005795,c_noah,to,1
m005795,c_elena,to,2
m005795,c_marcus,cc,3
m005796,c_maya,to,0
m005797,c_chris,to,0
m005797,c_noah,to,1
m005797,c_elena,to,2
m005797,c_marcus,cc,3
m005798,c_maya,to,0
m005799,c_chris,to,0
m005799,c_noah,to,1
m005799,c_elena,to,2
m005799,c_marcus,cc,3
m005800,c_maya,to,0
m005801,c_priya,to,0
m005801,c_quinn,cc,1
m005802,c_maya,to,0
m005803,c_priya,to,0
m005803,c_quinn,cc,1
m005804,c_maya,to,0
m005805,c_priya,to,0
m005805,c_quinn,cc,1
m005806,c_maya,to,0
m005807,c_priya,to,0
m005807,c_quinn,cc,1
m005808,c_maya,to,0
m005809,c_priya,to,0
m005809,c_quinn,cc,1
m005810,c_maya,to,0
m005811,c_priya,to,0
m005811,c_quinn,cc,1
m005812,c_maya,to,0
m005813,c_elena,to,0
m005813,c_taylor,to,1
m005813,c_lena,to,2
m005814,c_noah,to,0
m005815,c_elena,to,0
m005815,c_taylor,to,1
m005815,c_lena,to,2
m005816,c_noah,to,0
m005817,c_elena,to,0
m005817,c_taylor,to,1
m005817,c_lena,to,2
m005818,c_noah,to,0
m005819,c_elena,to,0
m005819,c_taylor,to,1
m005819,c_lena,to,2
m005820,c_noah,to,0
m005821,c_elena,to,0
m005821,c_taylor,to,1
m005821,c_lena,to,2
m005822,c_noah,to,0
m005823,c_elena,to,0
m005823,c_taylor,to,1
m005823,c_lena,to,2
m005824,c_noah,to,0
m005825,c_noah,to,0
m005825,c_taylor,to,1
m005825,c_chris,cc,2
m005826,c_elena,to,0
m005827,c_noah,to,0
m005827,c_taylor,to,1
m005827,c_chris,cc,2
m005828,c_elena,to,0
m005829,c_noah,to,0
m005829,c_taylor,to,1
m005829,c_chris,cc,2
m005830,c_elena,to,0
m005831,c_noah,to,0
m005831,c_taylor,to,1
m005831,c_chris,cc,2
m005832,c_elena,to,0
m005833,c_noah,to,0
m005834,c_taylor,to,0
m005835,c_noah,to,0
m005836,c_taylor,to,0
m005837,c_avery,to,0
m005837,c_devon,to,1
m005838,c_alex_chan,to,0
m005839,c_avery,to,0
m005839,c_devon,to,1
m005840,c_alex_chan,to,0
m005841,c_maya,to,0
m005842,c_alex_chen,to,0
m005843,c_quinn,to,0
m005844,c_priya,to,0
m005845,c_marcus,to,0
m005846,c_chris,to,0
m005847,c_marcus,to,0
m005848,c_chris,to,0
m005849,c_hana,to,0
m005850,c_sam,to,0
m005851,c_alex_chan,to,0
m005852,c_maya,to,0
m005853,c_alex_chan,to,0
m005854,c_maya,to,0
m005855,c_alex_chan,to,0
m005856,c_maya,to,0
m005857,c_alex_chan,to,0
m005858,c_maya,to,0
m005859,c_alex_chan,to,0
m005860,c_maya,to,0
m005861,c_alex_chan,to,0
m005862,c_maya,to,0
m005863,c_jamie_lee,to,0
m005864,c_maya,to,0
m005865,c_jamie_lee,to,0
m005866,c_maya,to,0
m005867,c_jamie_lee,to,0
m005868,c_maya,to,0
m005869,c_jamie_lee,to,0
m005870,c_maya,to,0
m005871,c_jamie_lee,to,0
m005872,c_maya,to,0
m005873,c_jamie_lee,to,0
m005874,c_maya,to,0
m005875,c_morgan_shaw,to,0
m005876,c_maya,to,0
m005877,c_morgan_shaw,to,0
m005878,c_maya,to,0
m005879,c_morgan_shaw,to,0
m005880,c_maya,to,0
m005881,c_morgan_shaw,to,0
m005882,c_maya,to,0
m005883,c_morgan_shaw,to,0
m005884,c_maya,to,0
m005885,c_morgan_shaw,to,0
m005886,c_maya,to,0
m005887,c_alex_chen,to,0
m005888,c_maya,to,0
m005889,c_alex_chen,to,0
m005890,c_maya,to,0
m005891,c_alex_chen,to,0
m005892,c_maya,to,0
m005893,c_alex_chen,to,0
m005894,c_maya,to,0
m005895,c_jamie_li,to,0
m005896,c_maya,to,0
m005897,c_jamie_li,to,0
m005898,c_maya,to,0
m005899,c_jamie_li,to,0
m005900,c_maya,to,0
m005901,c_jamie_li,to,0
m005902,c_maya,to,0
m005903,c_morgan_zhao,to,0
m005904,c_maya,to,0
m005905,c_morgan_zhao,to,0
m005906,c_maya,to,0
m005907,c_morgan_zhao,to,0
m005908,c_maya,to,0
m005909,c_morgan_zhao,to,0
m005910,c_maya,to,0
m005911,c_lee,to,0
m005912,c_maya,to,0
m005913,c_lee,to,0
m005914,c_maya,to,0
m005915,c_lee,to,0
m005916,c_maya,to,0
m005917,c_lee,to,0
m005918,c_maya,to,0
m005919,c_lee,to,0
m005920,c_maya,to,0
m005921,c_lee,to,0
m005922,c_maya,to,0
m005923,c_pat,to,0
m005924,c_maya,to,0
m005925,c_pat,to,0
m005926,c_maya,to,0
m005927,c_pat,to,0
m005928,c_maya,to,0
m005929,c_pat,to,0
m005930,c_maya,to,0
m005931,c_pat,to,0
m005932,c_maya,to,0
m005933,c_pat,to,0
m005934,c_maya,to,0
m005935,c_ren,to,0
m005936,c_maya,to,0
m005937,c_ren,to,0
m005938,c_maya,to,0
m005939,c_ren,to,0
m005940,c_maya,to,0
m005941,c_ren,to,0
m005942,c_maya,to,0
m005943,c_ren,to,0
m005944,c_maya,to,0
m005945,c_ren,to,0
m005946,c_maya,to,0
m005947,c_sam,to,0
m005948,c_maya,to,0
m005949,c_hana,to,0
m005950,c_maya,to,0
m005951,c_fac_001,to,0
m005952,c_maya,to,0
m005953,c_fac_002,to,0
m005954,c_maya,to,0
m005955,c_fac_003,to,0
m005956,c_maya,to,0
m005957,c_fac_004,to,0
m005958,c_maya,to,0
m005959,c_fac_005,to,0
m005960,c_maya,to,0
m005961,c_fac_006,to,0
m005962,c_maya,to,0
m005963,c_fac_007,to,0
m005964,c_maya,to,0
m005965,c_fac_008,to,0
m005966,c_maya,to,0
m005967,c_fac_009,to,0
m005968,c_maya,to,0
m005969,c_fac_010,to,0
m005970,c_maya,to,0
m005971,c_fac_011,to,0
m005972,c_maya,to,0
m005973,c_fac_012,to,0
m005974,c_maya,to,0
m005975,c_fac_013,to,0
m005976,c_maya,to,0
m005977,c_fac_014,to,0
m005978,c_maya,to,0
m005979,c_fac_015,to,0
m005980,c_maya,to,0
m005981,c_fac_016,to,0
m005982,c_maya,to,0
m005983,c_fac_017,to,0
m005984,c_maya,to,0
m005985,c_noah,to,0
m005985,c_elena,to,1
m005985,c_taylor,to,2
m005985,c_chris,cc,3
m005986,c_maya,to,0
m005987,c_noah,to,0
m005987,c_elena,to,1
m005987,c_taylor,to,2
m005987,c_chris,cc,3
m005988,c_maya,to,0
m005989,c_noah,to,0
m005989,c_elena,to,1
m005989,c_taylor,to,2
m005989,c_chris,cc,3
m005990,c_maya,to,0
m005991,c_noah,to,0
m005991,c_elena,to,1
m005991,c_taylor,to,2
m005991,c_chris,cc,3
m005992,c_maya,to,0
m005993,c_noah,to,0
m005993,c_elena,to,1
m005993,c_taylor,to,2
m005993,c_chris,cc,3
m005994,c_maya,to,0
m005995,c_noah,to,0
m005995,c_elena,to,1
m005995,c_taylor,to,2
m005995,c_chris,cc,3
m005996,c_maya,to,0
m005997,c_noah,to,0
m005997,c_elena,to,1
m005997,c_taylor,to,2
m005997,c_chris,cc,3
m005998,c_maya,to,0
m005999,c_noah,to,0
m005999,c_elena,to,1
m005999,c_taylor,to,2
m005999,c_chris,cc,3
m006000,c_maya,to,0
m006001,c_noah,to,0
m006001,c_elena,to,1
m006001,c_taylor,to,2
m006001,c_chris,cc,3
m006002,c_maya,to,0
m006003,c_noah,to,0
m006003,c_elena,to,1
m006003,c_taylor,to,2
m006003,c_chris,cc,3
m006004,c_maya,to,0
m006005,c_noah,to,0
m006005,c_elena,to,1
m006005,c_taylor,to,2
m006005,c_chris,cc,3
m006006,c_maya,to,0
m006007,c_noah,to,0
m006007,c_elena,to,1
m006007,c_taylor,to,2
m006007,c_chris,cc,3
m006008,c_maya,to,0
m006009,c_noah,to,0
m006009,c_elena,to,1
m006009,c_taylor,to,2
m006009,c_chris,cc,3
m006010,c_maya,to,0
m006011,c_noah,to,0
m006011,c_elena,to,1
m006011,c_taylor,to,2
m006011,c_chris,cc,3
m006012,c_maya,to,0
m006013,c_noah,to,0
m006013,c_elena,to,1
m006013,c_taylor,to,2
m006013,c_chris,cc,3
m006014,c_maya,to,0
m006015,c_noah,to,0
m006015,c_elena,to,1
m006015,c_taylor,to,2
m006015,c_chris,cc,3
m006016,c_maya,to,0
m006017,c_noah,to,0
m006017,c_elena,to,1
m006017,c_taylor,to,2
m006017,c_chris,cc,3
m006018,c_maya,to,0
m006019,c_noah,to,0
m006019,c_elena,to,1
m006019,c_taylor,to,2
m006019,c_chris,cc,3
m006020,c_maya,to,0
m006021,c_noah,to,0
m006021,c_elena,to,1
m006021,c_taylor,to,2
m006021,c_chris,cc,3
m006022,c_maya,to,0
m006023,c_noah,to,0
m006023,c_elena,to,1
m006023,c_taylor,to,2
m006023,c_chris,cc,3
m006024,c_maya,to,0
m006025,c_noah,to,0
m006025,c_elena,to,1
m006025,c_taylor,to,2
m006025,c_chris,cc,3
m006026,c_maya,to,0
m006027,c_noah,to,0
m006027,c_elena,to,1
m006027,c_taylor,to,2
m006027,c_chris,cc,3
m006028,c_maya,to,0
m006029,c_noah,to,0
m006029,c_elena,to,1
m006029,c_taylor,to,2
m006029,c_chris,cc,3
m006030,c_maya,to,0
m006031,c_noah,to,0
m006031,c_elena,to,1
m006031,c_taylor,to,2
m006031,c_chris,cc,3
m006032,c_maya,to,0
m006033,c_noah,to,0
m006033,c_elena,to,1
m006033,c_taylor,to,2
m006033,c_chris,cc,3
m006034,c_maya,to,0
m006035,c_noah,to,0
m006035,c_elena,to,1
m006035,c_taylor,to,2
m006035,c_chris,cc,3
m006036,c_maya,to,0
m006037,c_noah,to,0
m006037,c_elena,to,1
m006037,c_taylor,to,2
m006037,c_chris,cc,3
m006038,c_maya,to,0
m006039,c_noah,to,0
m006039,c_elena,to,1
m006039,c_taylor,to,2
m006039,c_chris,cc,3
m006040,c_maya,to,0
m006041,c_noah,to,0
m006041,c_elena,to,1
m006041,c_taylor,to,2
m006041,c_chris,cc,3
m006042,c_maya,to,0
m006043,c_noah,to,0
m006043,c_elena,to,1
m006043,c_taylor,to,2
m006043,c_chris,cc,3
m006044,c_maya,to,0
m006045,c_noah,to,0
m006045,c_elena,to,1
m006045,c_taylor,to,2
m006045,c_chris,cc,3
m006046,c_maya,to,0
m006047,c_noah,to,0
m006047,c_elena,to,1
m006047,c_taylor,to,2
m006047,c_chris,cc,3
m006048,c_maya,to,0
m006049,c_noah,to,0
m006049,c_elena,to,1
m006049,c_taylor,to,2
m006049,c_chris,cc,3
m006050,c_maya,to,0
m006051,c_noah,to,0
m006051,c_elena,to,1
m006051,c_taylor,to,2
m006051,c_chris,cc,3
m006052,c_maya,to,0
m006053,c_noah,to,0
m006053,c_elena,to,1
m006053,c_taylor,to,2
m006053,c_chris,cc,3
m006054,c_maya,to,0
m006055,c_noah,to,0
m006055,c_elena,to,1
m006055,c_taylor,to,2
m006055,c_chris,cc,3
m006056,c_maya,to,0
m006057,c_noah,to,0
m006057,c_elena,to,1
m006057,c_taylor,to,2
m006057,c_chris,cc,3
m006058,c_maya,to,0
m006059,c_noah,to,0
m006059,c_elena,to,1
m006059,c_taylor,to,2
m006059,c_chris,cc,3
m006060,c_maya,to,0
m006061,c_noah,to,0
m006061,c_elena,to,1
m006061,c_taylor,to,2
m006061,c_chris,cc,3
m006062,c_maya,to,0
m006063,c_noah,to,0
m006063,c_elena,to,1
m006063,c_taylor,to,2
m006063,c_chris,cc,3
m006064,c_maya,to,0
m006065,c_chris,to,0
m006065,c_noah,to,1
m006065,c_elena,to,2
m006065,c_marcus,cc,3
m006066,c_maya,to,0
m006067,c_chris,to,0
m006067,c_noah,to,1
m006067,c_elena,to,2
m006067,c_marcus,cc,3
m006068,c_maya,to,0
m006069,c_chris,to,0
m006069,c_noah,to,1
m006069,c_elena,to,2
m006069,c_marcus,cc,3
m006070,c_maya,to,0
m006071,c_chris,to,0
m006071,c_noah,to,1
m006071,c_elena,to,2
m006071,c_marcus,cc,3
m006072,c_maya,to,0
m006073,c_priya,to,0
m006073,c_quinn,cc,1
m006074,c_maya,to,0
m006075,c_priya,to,0
m006075,c_quinn,cc,1
m006076,c_maya,to,0
m006077,c_priya,to,0
m006077,c_quinn,cc,1
m006078,c_maya,to,0
m006079,c_priya,to,0
m006079,c_quinn,cc,1
m006080,c_maya,to,0
m006081,c_priya,to,0
m006081,c_quinn,cc,1
m006082,c_maya,to,0
m006083,c_priya,to,0
m006083,c_quinn,cc,1
m006084,c_maya,to,0
m006085,c_elena,to,0
m006085,c_taylor,to,1
m006085,c_lena,to,2
m006086,c_noah,to,0
m006087,c_elena,to,0
m006087,c_taylor,to,1
m006087,c_lena,to,2
m006088,c_noah,to,0
m006089,c_elena,to,0
m006089,c_taylor,to,1
m006089,c_lena,to,2
m006090,c_noah,to,0
m006091,c_elena,to,0
m006091,c_taylor,to,1
m006091,c_lena,to,2
m006092,c_noah,to,0
m006093,c_elena,to,0
m006093,c_taylor,to,1
m006093,c_lena,to,2
m006094,c_noah,to,0
m006095,c_elena,to,0
m006095,c_taylor,to,1
m006095,c_lena,to,2
m006096,c_noah,to,0
m006097,c_noah,to,0
m006097,c_taylor,to,1
m006097,c_chris,cc,2
m006098,c_elena,to,0
m006099,c_noah,to,0
m006099,c_taylor,to,1
m006099,c_chris,cc,2
m006100,c_elena,to,0
m006101,c_noah,to,0
m006101,c_taylor,to,1
m006101,c_chris,cc,2
m006102,c_elena,to,0
m006103,c_noah,to,0
m006103,c_taylor,to,1
m006103,c_chris,cc,2
m006104,c_elena,to,0
m006105,c_noah,to,0
m006106,c_taylor,to,0
m006107,c_noah,to,0
m006108,c_taylor,to,0
m006109,c_avery,to,0
m006109,c_devon,to,1
m006110,c_alex_chan,to,0
m006111,c_avery,to,0
m006111,c_devon,to,1
m006112,c_alex_chan,to,0
m006113,c_maya,to,0
m006114,c_alex_chen,to,0
m006115,c_quinn,to,0
m006116,c_priya,to,0
m006117,c_marcus,to,0
m006118,c_chris,to,0
m006119,c_marcus,to,0
m006120,c_chris,to,0
m006121,c_hana,to,0
m006122,c_sam,to,0
m006123,c_alex_chan,to,0
m006124,c_maya,to,0
m006125,c_alex_chan,to,0
m006126,c_maya,to,0
m006127,c_alex_chan,to,0
m006128,c_maya,to,0
m006129,c_alex_chan,to,0
m006130,c_maya,to,0
m006131,c_alex_chan,to,0
m006132,c_maya,to,0
m006133,c_alex_chan,to,0
m006134,c_maya,to,0
m006135,c_jamie_lee,to,0
m006136,c_maya,to,0
m006137,c_jamie_lee,to,0
m006138,c_maya,to,0
m006139,c_jamie_lee,to,0
m006140,c_maya,to,0
m006141,c_jamie_lee,to,0
m006142,c_maya,to,0
m006143,c_jamie_lee,to,0
m006144,c_maya,to,0
m006145,c_jamie_lee,to,0
m006146,c_maya,to,0
m006147,c_morgan_shaw,to,0
m006148,c_maya,to,0
m006149,c_morgan_shaw,to,0
m006150,c_maya,to,0
m006151,c_morgan_shaw,to,0
m006152,c_maya,to,0
m006153,c_morgan_shaw,to,0
m006154,c_maya,to,0
m006155,c_morgan_shaw,to,0
m006156,c_maya,to,0
m006157,c_morgan_shaw,to,0
m006158,c_maya,to,0
m006159,c_alex_chen,to,0
m006160,c_maya,to,0
m006161,c_alex_chen,to,0
m006162,c_maya,to,0
m006163,c_alex_chen,to,0
m006164,c_maya,to,0
m006165,c_alex_chen,to,0
m006166,c_maya,to,0
m006167,c_jamie_li,to,0
m006168,c_maya,to,0
m006169,c_jamie_li,to,0
m006170,c_maya,to,0
m006171,c_jamie_li,to,0
m006172,c_maya,to,0
m006173,c_jamie_li,to,0
m006174,c_maya,to,0
m006175,c_morgan_zhao,to,0
m006176,c_maya,to,0
m006177,c_morgan_zhao,to,0
m006178,c_maya,to,0
m006179,c_morgan_zhao,to,0
m006180,c_maya,to,0
m006181,c_morgan_zhao,to,0
m006182,c_maya,to,0
m006183,c_lee,to,0
m006184,c_maya,to,0
m006185,c_lee,to,0
m006186,c_maya,to,0
m006187,c_lee,to,0
m006188,c_maya,to,0
m006189,c_lee,to,0
m006190,c_maya,to,0
m006191,c_lee,to,0
m006192,c_maya,to,0
m006193,c_lee,to,0
m006194,c_maya,to,0
m006195,c_pat,to,0
m006196,c_maya,to,0
m006197,c_pat,to,0
m006198,c_maya,to,0
m006199,c_pat,to,0
m006200,c_maya,to,0
m006201,c_pat,to,0
m006202,c_maya,to,0
m006203,c_pat,to,0
m006204,c_maya,to,0
m006205,c_pat,to,0
m006206,c_maya,to,0
m006207,c_ren,to,0
m006208,c_maya,to,0
m006209,c_ren,to,0
m006210,c_maya,to,0
m006211,c_ren,to,0
m006212,c_maya,to,0
m006213,c_ren,to,0
m006214,c_maya,to,0
m006215,c_ren,to,0
m006216,c_maya,to,0
m006217,c_ren,to,0
m006218,c_maya,to,0
m006219,c_sam,to,0
m006220,c_maya,to,0
m006221,c_hana,to,0
m006222,c_maya,to,0
m006223,c_fac_001,to,0
m006224,c_maya,to,0
m006225,c_fac_002,to,0
m006226,c_maya,to,0
m006227,c_fac_003,to,0
m006228,c_maya,to,0
m006229,c_fac_004,to,0
m006230,c_maya,to,0
m006231,c_fac_005,to,0
m006232,c_maya,to,0
m006233,c_fac_006,to,0
m006234,c_maya,to,0
m006235,c_fac_007,to,0
m006236,c_maya,to,0
m006237,c_fac_008,to,0
m006238,c_maya,to,0
m006239,c_fac_009,to,0
m006240,c_maya,to,0
m006241,c_fac_010,to,0
m006242,c_maya,to,0
m006243,c_fac_011,to,0
m006244,c_maya,to,0
m006245,c_fac_012,to,0
m006246,c_maya,to,0
m006247,c_fac_013,to,0
m006248,c_maya,to,0
m006249,c_fac_014,to,0
m006250,c_maya,to,0
m006251,c_fac_015,to,0
m006252,c_maya,to,0
m006253,c_fac_016,to,0
m006254,c_maya,to,0
m006255,c_fac_017,to,0
m006256,c_maya,to,0
m006257,c_noah,to,0
m006257,c_elena,to,1
m006257,c_taylor,to,2
m006257,c_chris,cc,3
m006258,c_maya,to,0
m006259,c_noah,to,0
m006259,c_elena,to,1
m006259,c_taylor,to,2
m006259,c_chris,cc,3
m006260,c_maya,to,0
m006261,c_noah,to,0
m006261,c_elena,to,1
m006261,c_taylor,to,2
m006261,c_chris,cc,3
m006262,c_maya,to,0
m006263,c_noah,to,0
m006263,c_elena,to,1
m006263,c_taylor,to,2
m006263,c_chris,cc,3
m006264,c_maya,to,0
m006265,c_noah,to,0
m006265,c_elena,to,1
m006265,c_taylor,to,2
m006265,c_chris,cc,3
m006266,c_maya,to,0
m006267,c_noah,to,0
m006267,c_elena,to,1
m006267,c_taylor,to,2
m006267,c_chris,cc,3
m006268,c_maya,to,0
m006269,c_noah,to,0
m006269,c_elena,to,1
m006269,c_taylor,to,2
m006269,c_chris,cc,3
m006270,c_maya,to,0
m006271,c_noah,to,0
m006271,c_elena,to,1
m006271,c_taylor,to,2
m006271,c_chris,cc,3
m006272,c_maya,to,0
m006273,c_noah,to,0
m006273,c_elena,to,1
m006273,c_taylor,to,2
m006273,c_chris,cc,3
m006274,c_maya,to,0
m006275,c_noah,to,0
m006275,c_elena,to,1
m006275,c_taylor,to,2
m006275,c_chris,cc,3
m006276,c_maya,to,0
m006277,c_noah,to,0
m006277,c_elena,to,1
m006277,c_taylor,to,2
m006277,c_chris,cc,3
m006278,c_maya,to,0
m006279,c_noah,to,0
m006279,c_elena,to,1
m006279,c_taylor,to,2
m006279,c_chris,cc,3
m006280,c_maya,to,0
m006281,c_noah,to,0
m006281,c_elena,to,1
m006281,c_taylor,to,2
m006281,c_chris,cc,3
m006282,c_maya,to,0
m006283,c_noah,to,0
m006283,c_elena,to,1
m006283,c_taylor,to,2
m006283,c_chris,cc,3
m006284,c_maya,to,0
m006285,c_noah,to,0
m006285,c_elena,to,1
m006285,c_taylor,to,2
m006285,c_chris,cc,3
m006286,c_maya,to,0
m006287,c_noah,to,0
m006287,c_elena,to,1
m006287,c_taylor,to,2
m006287,c_chris,cc,3
m006288,c_maya,to,0
m006289,c_noah,to,0
m006289,c_elena,to,1
m006289,c_taylor,to,2
m006289,c_chris,cc,3
m006290,c_maya,to,0
m006291,c_noah,to,0
m006291,c_elena,to,1
m006291,c_taylor,to,2
m006291,c_chris,cc,3
m006292,c_maya,to,0
m006293,c_noah,to,0
m006293,c_elena,to,1
m006293,c_taylor,to,2
m006293,c_chris,cc,3
m006294,c_maya,to,0
m006295,c_noah,to,0
m006295,c_elena,to,1
m006295,c_taylor,to,2
m006295,c_chris,cc,3
m006296,c_maya,to,0
m006297,c_noah,to,0
m006297,c_elena,to,1
m006297,c_taylor,to,2
m006297,c_chris,cc,3
m006298,c_maya,to,0
m006299,c_noah,to,0
m006299,c_elena,to,1
m006299,c_taylor,to,2
m006299,c_chris,cc,3
m006300,c_maya,to,0
m006301,c_noah,to,0
m006301,c_elena,to,1
m006301,c_taylor,to,2
m006301,c_chris,cc,3
m006302,c_maya,to,0
m006303,c_noah,to,0
m006303,c_elena,to,1
m006303,c_taylor,to,2
m006303,c_chris,cc,3
m006304,c_maya,to,0
m006305,c_noah,to,0
m006305,c_elena,to,1
m006305,c_taylor,to,2
m006305,c_chris,cc,3
m006306,c_maya,to,0
m006307,c_noah,to,0
m006307,c_elena,to,1
m006307,c_taylor,to,2
m006307,c_chris,cc,3
m006308,c_maya,to,0
m006309,c_noah,to,0
m006309,c_elena,to,1
m006309,c_taylor,to,2
m006309,c_chris,cc,3
m006310,c_maya,to,0
m006311,c_noah,to,0
m006311,c_elena,to,1
m006311,c_taylor,to,2
m006311,c_chris,cc,3
m006312,c_maya,to,0
m006313,c_noah,to,0
m006313,c_elena,to,1
m006313,c_taylor,to,2
m006313,c_chris,cc,3
m006314,c_maya,to,0
m006315,c_noah,to,0
m006315,c_elena,to,1
m006315,c_taylor,to,2
m006315,c_chris,cc,3
m006316,c_maya,to,0
m006317,c_noah,to,0
m006317,c_elena,to,1
m006317,c_taylor,to,2
m006317,c_chris,cc,3
m006318,c_maya,to,0
m006319,c_noah,to,0
m006319,c_elena,to,1
m006319,c_taylor,to,2
m006319,c_chris,cc,3
m006320,c_maya,to,0
m006321,c_noah,to,0
m006321,c_elena,to,1
m006321,c_taylor,to,2
m006321,c_chris,cc,3
m006322,c_maya,to,0
m006323,c_noah,to,0
m006323,c_elena,to,1
m006323,c_taylor,to,2
m006323,c_chris,cc,3
m006324,c_maya,to,0
m006325,c_noah,to,0
m006325,c_elena,to,1
m006325,c_taylor,to,2
m006325,c_chris,cc,3
m006326,c_maya,to,0
m006327,c_noah,to,0
m006327,c_elena,to,1
m006327,c_taylor,to,2
m006327,c_chris,cc,3
m006328,c_maya,to,0
m006329,c_noah,to,0
m006329,c_elena,to,1
m006329,c_taylor,to,2
m006329,c_chris,cc,3
m006330,c_maya,to,0
m006331,c_noah,to,0
m006331,c_elena,to,1
m006331,c_taylor,to,2
m006331,c_chris,cc,3
m006332,c_maya,to,0
m006333,c_noah,to,0
m006333,c_elena,to,1
m006333,c_taylor,to,2
m006333,c_chris,cc,3
m006334,c_maya,to,0
m006335,c_noah,to,0
m006335,c_elena,to,1
m006335,c_taylor,to,2
m006335,c_chris,cc,3
m006336,c_maya,to,0
m006337,c_chris,to,0
m006337,c_noah,to,1
m006337,c_elena,to,2
m006337,c_marcus,cc,3
m006338,c_maya,to,0
m006339,c_chris,to,0
m006339,c_noah,to,1
m006339,c_elena,to,2
m006339,c_marcus,cc,3
m006340,c_maya,to,0
m006341,c_chris,to,0
m006341,c_noah,to,1
m006341,c_elena,to,2
m006341,c_marcus,cc,3
m006342,c_maya,to,0
m006343,c_chris,to,0
m006343,c_noah,to,1
m006343,c_elena,to,2
m006343,c_marcus,cc,3
m006344,c_maya,to,0
m006345,c_priya,to,0
m006345,c_quinn,cc,1
m006346,c_maya,to,0
m006347,c_priya,to,0
m006347,c_quinn,cc,1
m006348,c_maya,to,0
m006349,c_priya,to,0
m006349,c_quinn,cc,1
m006350,c_maya,to,0
m006351,c_priya,to,0
m006351,c_quinn,cc,1
m006352,c_maya,to,0
m006353,c_priya,to,0
m006353,c_quinn,cc,1
m006354,c_maya,to,0
m006355,c_priya,to,0
m006355,c_quinn,cc,1
m006356,c_maya,to,0
m006357,c_elena,to,0
m006357,c_taylor,to,1
m006357,c_lena,to,2
m006358,c_noah,to,0
m006359,c_elena,to,0
m006359,c_taylor,to,1
m006359,c_lena,to,2
m006360,c_noah,to,0
m006361,c_elena,to,0
m006361,c_taylor,to,1
m006361,c_lena,to,2
m006362,c_noah,to,0
m006363,c_elena,to,0
m006363,c_taylor,to,1
m006363,c_lena,to,2
m006364,c_noah,to,0
m006365,c_elena,to,0
m006365,c_taylor,to,1
m006365,c_lena,to,2
m006366,c_noah,to,0
m006367,c_elena,to,0
m006367,c_taylor,to,1
m006367,c_lena,to,2
m006368,c_noah,to,0
m006369,c_noah,to,0
m006369,c_taylor,to,1
m006369,c_chris,cc,2
m006370,c_elena,to,0
m006371,c_noah,to,0
m006371,c_taylor,to,1
m006371,c_chris,cc,2
m006372,c_elena,to,0
m006373,c_noah,to,0
m006373,c_taylor,to,1
m006373,c_chris,cc,2
m006374,c_elena,to,0
m006375,c_noah,to,0
m006375,c_taylor,to,1
m006375,c_chris,cc,2
m006376,c_elena,to,0
m006377,c_noah,to,0
m006378,c_taylor,to,0
m006379,c_noah,to,0
m006380,c_taylor,to,0
m006381,c_avery,to,0
m006381,c_devon,to,1
m006382,c_alex_chan,to,0
m006383,c_avery,to,0
m006383,c_devon,to,1
m006384,c_alex_chan,to,0
m006385,c_maya,to,0
m006386,c_alex_chen,to,0
m006387,c_quinn,to,0
m006388,c_priya,to,0
m006389,c_marcus,to,0
m006390,c_chris,to,0
m006391,c_marcus,to,0
m006392,c_chris,to,0
m006393,c_hana,to,0
m006394,c_sam,to,0
m006395,c_alex_chan,to,0
m006396,c_maya,to,0
m006397,c_alex_chan,to,0
m006398,c_maya,to,0
m006399,c_alex_chan,to,0
m006400,c_maya,to,0
m006401,c_alex_chan,to,0
m006402,c_maya,to,0
m006403,c_alex_chan,to,0
m006404,c_maya,to,0
m006405,c_alex_chan,to,0
m006406,c_maya,to,0
m006407,c_jamie_lee,to,0
m006408,c_maya,to,0
m006409,c_jamie_lee,to,0
m006410,c_maya,to,0
m006411,c_jamie_lee,to,0
m006412,c_maya,to,0
m006413,c_jamie_lee,to,0
m006414,c_maya,to,0
m006415,c_jamie_lee,to,0
m006416,c_maya,to,0
m006417,c_jamie_lee,to,0
m006418,c_maya,to,0
m006419,c_morgan_shaw,to,0
m006420,c_maya,to,0
m006421,c_morgan_shaw,to,0
m006422,c_maya,to,0
m006423,c_morgan_shaw,to,0
m006424,c_maya,to,0
m006425,c_morgan_shaw,to,0
m006426,c_maya,to,0
m006427,c_morgan_shaw,to,0
m006428,c_maya,to,0
m006429,c_morgan_shaw,to,0
m006430,c_maya,to,0
m006431,c_alex_chen,to,0
m006432,c_maya,to,0
m006433,c_alex_chen,to,0
m006434,c_maya,to,0
m006435,c_alex_chen,to,0
m006436,c_maya,to,0
m006437,c_alex_chen,to,0
m006438,c_maya,to,0
m006439,c_jamie_li,to,0
m006440,c_maya,to,0
m006441,c_jamie_li,to,0
m006442,c_maya,to,0
m006443,c_jamie_li,to,0
m006444,c_maya,to,0
m006445,c_jamie_li,to,0
m006446,c_maya,to,0
m006447,c_morgan_zhao,to,0
m006448,c_maya,to,0
m006449,c_morgan_zhao,to,0
m006450,c_maya,to,0
m006451,c_morgan_zhao,to,0
m006452,c_maya,to,0
m006453,c_morgan_zhao,to,0
m006454,c_maya,to,0
m006455,c_lee,to,0
m006456,c_maya,to,0
m006457,c_lee,to,0
m006458,c_maya,to,0
m006459,c_lee,to,0
m006460,c_maya,to,0
m006461,c_lee,to,0
m006462,c_maya,to,0
m006463,c_lee,to,0
m006464,c_maya,to,0
m006465,c_lee,to,0
m006466,c_maya,to,0
m006467,c_pat,to,0
m006468,c_maya,to,0
m006469,c_pat,to,0
m006470,c_maya,to,0
m006471,c_pat,to,0
m006472,c_maya,to,0
m006473,c_pat,to,0
m006474,c_maya,to,0
m006475,c_pat,to,0
m006476,c_maya,to,0
m006477,c_pat,to,0
m006478,c_maya,to,0
m006479,c_ren,to,0
m006480,c_maya,to,0
m006481,c_ren,to,0
m006482,c_maya,to,0
m006483,c_ren,to,0
m006484,c_maya,to,0
m006485,c_ren,to,0
m006486,c_maya,to,0
m006487,c_ren,to,0
m006488,c_maya,to,0
m006489,c_ren,to,0
m006490,c_maya,to,0
m006491,c_sam,to,0
m006492,c_maya,to,0
m006493,c_hana,to,0
m006494,c_maya,to,0
m006495,c_fac_001,to,0
m006496,c_maya,to,0
m006497,c_fac_002,to,0
m006498,c_maya,to,0
m006499,c_fac_003,to,0
m006500,c_maya,to,0
m006501,c_fac_004,to,0
m006502,c_maya,to,0
m006503,c_fac_005,to,0
m006504,c_maya,to,0
m006505,c_fac_006,to,0
m006506,c_maya,to,0
m006507,c_fac_007,to,0
m006508,c_maya,to,0
m006509,c_fac_008,to,0
m006510,c_maya,to,0
m006511,c_fac_009,to,0
m006512,c_maya,to,0
m006513,c_fac_010,to,0
m006514,c_maya,to,0
m006515,c_fac_011,to,0
m006516,c_maya,to,0
m006517,c_fac_012,to,0
m006518,c_maya,to,0
m006519,c_fac_013,to,0
m006520,c_maya,to,0
m006521,c_fac_014,to,0
m006522,c_maya,to,0
m006523,c_fac_015,to,0
m006524,c_maya,to,0
m006525,c_fac_016,to,0
m006526,c_maya,to,0
m006527,c_fac_017,to,0
m006528,c_maya,to,0
m006529,c_noah,to,0
m006529,c_elena,to,1
m006529,c_taylor,to,2
m006529,c_chris,cc,3
m006530,c_maya,to,0
m006531,c_noah,to,0
m006531,c_elena,to,1
m006531,c_taylor,to,2
m006531,c_chris,cc,3
m006532,c_maya,to,0
m006533,c_noah,to,0
m006533,c_elena,to,1
m006533,c_taylor,to,2
m006533,c_chris,cc,3
m006534,c_maya,to,0
m006535,c_noah,to,0
m006535,c_elena,to,1
m006535,c_taylor,to,2
m006535,c_chris,cc,3
m006536,c_maya,to,0
m006537,c_noah,to,0
m006537,c_elena,to,1
m006537,c_taylor,to,2
m006537,c_chris,cc,3
m006538,c_maya,to,0
m006539,c_noah,to,0
m006539,c_elena,to,1
m006539,c_taylor,to,2
m006539,c_chris,cc,3
m006540,c_maya,to,0
m006541,c_noah,to,0
m006541,c_elena,to,1
m006541,c_taylor,to,2
m006541,c_chris,cc,3
m006542,c_maya,to,0
m006543,c_noah,to,0
m006543,c_elena,to,1
m006543,c_taylor,to,2
m006543,c_chris,cc,3
m006544,c_maya,to,0
m006545,c_noah,to,0
m006545,c_elena,to,1
m006545,c_taylor,to,2
m006545,c_chris,cc,3
m006546,c_maya,to,0
m006547,c_noah,to,0
m006547,c_elena,to,1
m006547,c_taylor,to,2
m006547,c_chris,cc,3
m006548,c_maya,to,0
m006549,c_noah,to,0
m006549,c_elena,to,1
m006549,c_taylor,to,2
m006549,c_chris,cc,3
m006550,c_maya,to,0
m006551,c_noah,to,0
m006551,c_elena,to,1
m006551,c_taylor,to,2
m006551,c_chris,cc,3
m006552,c_maya,to,0
m006553,c_noah,to,0
m006553,c_elena,to,1
m006553,c_taylor,to,2
m006553,c_chris,cc,3
m006554,c_maya,to,0
m006555,c_noah,to,0
m006555,c_elena,to,1
m006555,c_taylor,to,2
m006555,c_chris,cc,3
m006556,c_maya,to,0
m006557,c_noah,to,0
m006557,c_elena,to,1
m006557,c_taylor,to,2
m006557,c_chris,cc,3
m006558,c_maya,to,0
m006559,c_noah,to,0
m006559,c_elena,to,1
m006559,c_taylor,to,2
m006559,c_chris,cc,3
m006560,c_maya,to,0
m006561,c_noah,to,0
m006561,c_elena,to,1
m006561,c_taylor,to,2
m006561,c_chris,cc,3
m006562,c_maya,to,0
m006563,c_noah,to,0
m006563,c_elena,to,1
m006563,c_taylor,to,2
m006563,c_chris,cc,3
m006564,c_maya,to,0
m006565,c_noah,to,0
m006565,c_elena,to,1
m006565,c_taylor,to,2
m006565,c_chris,cc,3
m006566,c_maya,to,0
m006567,c_noah,to,0
m006567,c_elena,to,1
m006567,c_taylor,to,2
m006567,c_chris,cc,3
m006568,c_maya,to,0
m006569,c_noah,to,0
m006569,c_elena,to,1
m006569,c_taylor,to,2
m006569,c_chris,cc,3
m006570,c_maya,to,0
m006571,c_noah,to,0
m006571,c_elena,to,1
m006571,c_taylor,to,2
m006571,c_chris,cc,3
m006572,c_maya,to,0
m006573,c_noah,to,0
m006573,c_elena,to,1
m006573,c_taylor,to,2
m006573,c_chris,cc,3
m006574,c_maya,to,0
m006575,c_noah,to,0
m006575,c_elena,to,1
m006575,c_taylor,to,2
m006575,c_chris,cc,3
m006576,c_maya,to,0
m006577,c_noah,to,0
m006577,c_elena,to,1
m006577,c_taylor,to,2
m006577,c_chris,cc,3
m006578,c_maya,to,0
m006579,c_noah,to,0
m006579,c_elena,to,1
m006579,c_taylor,to,2
m006579,c_chris,cc,3
m006580,c_maya,to,0
m006581,c_noah,to,0
m006581,c_elena,to,1
m006581,c_taylor,to,2
m006581,c_chris,cc,3
m006582,c_maya,to,0
m006583,c_noah,to,0
m006583,c_elena,to,1
m006583,c_taylor,to,2
m006583,c_chris,cc,3
m006584,c_maya,to,0
m006585,c_noah,to,0
m006585,c_elena,to,1
m006585,c_taylor,to,2
m006585,c_chris,cc,3
m006586,c_maya,to,0
m006587,c_noah,to,0
m006587,c_elena,to,1
m006587,c_taylor,to,2
m006587,c_chris,cc,3
m006588,c_maya,to,0
m006589,c_noah,to,0
m006589,c_elena,to,1
m006589,c_taylor,to,2
m006589,c_chris,cc,3
m006590,c_maya,to,0
m006591,c_noah,to,0
m006591,c_elena,to,1
m006591,c_taylor,to,2
m006591,c_chris,cc,3
m006592,c_maya,to,0
m006593,c_noah,to,0
m006593,c_elena,to,1
m006593,c_taylor,to,2
m006593,c_chris,cc,3
m006594,c_maya,to,0
m006595,c_noah,to,0
m006595,c_elena,to,1
m006595,c_taylor,to,2
m006595,c_chris,cc,3
m006596,c_maya,to,0
m006597,c_noah,to,0
m006597,c_elena,to,1
m006597,c_taylor,to,2
m006597,c_chris,cc,3
m006598,c_maya,to,0
m006599,c_noah,to,0
m006599,c_elena,to,1
m006599,c_taylor,to,2
m006599,c_chris,cc,3
m006600,c_maya,to,0
m006601,c_noah,to,0
m006601,c_elena,to,1
m006601,c_taylor,to,2
m006601,c_chris,cc,3
m006602,c_maya,to,0
m006603,c_noah,to,0
m006603,c_elena,to,1
m006603,c_taylor,to,2
m006603,c_chris,cc,3
m006604,c_maya,to,0
m006605,c_noah,to,0
m006605,c_elena,to,1
m006605,c_taylor,to,2
m006605,c_chris,cc,3
m006606,c_maya,to,0
m006607,c_noah,to,0
m006607,c_elena,to,1
m006607,c_taylor,to,2
m006607,c_chris,cc,3
m006608,c_maya,to,0
m006609,c_chris,to,0
m006609,c_noah,to,1
m006609,c_elena,to,2
m006609,c_marcus,cc,3
m006610,c_maya,to,0
m006611,c_chris,to,0
m006611,c_noah,to,1
m006611,c_elena,to,2
m006611,c_marcus,cc,3
m006612,c_maya,to,0
m006613,c_chris,to,0
m006613,c_noah,to,1
m006613,c_elena,to,2
m006613,c_marcus,cc,3
m006614,c_maya,to,0
m006615,c_chris,to,0
m006615,c_noah,to,1
m006615,c_elena,to,2
m006615,c_marcus,cc,3
m006616,c_maya,to,0
m006617,c_priya,to,0
m006617,c_quinn,cc,1
m006618,c_maya,to,0
m006619,c_priya,to,0
m006619,c_quinn,cc,1
m006620,c_maya,to,0
m006621,c_priya,to,0
m006621,c_quinn,cc,1
m006622,c_maya,to,0
m006623,c_priya,to,0
m006623,c_quinn,cc,1
m006624,c_maya,to,0
m006625,c_priya,to,0
m006625,c_quinn,cc,1
m006626,c_maya,to,0
m006627,c_priya,to,0
m006627,c_quinn,cc,1
m006628,c_maya,to,0
m006629,c_elena,to,0
m006629,c_taylor,to,1
m006629,c_lena,to,2
m006630,c_noah,to,0
m006631,c_elena,to,0
m006631,c_taylor,to,1
m006631,c_lena,to,2
m006632,c_noah,to,0
m006633,c_elena,to,0
m006633,c_taylor,to,1
m006633,c_lena,to,2
m006634,c_noah,to,0
m006635,c_elena,to,0
m006635,c_taylor,to,1
m006635,c_lena,to,2
m006636,c_noah,to,0
m006637,c_elena,to,0
m006637,c_taylor,to,1
m006637,c_lena,to,2
m006638,c_noah,to,0
m006639,c_elena,to,0
m006639,c_taylor,to,1
m006639,c_lena,to,2
m006640,c_noah,to,0
m006641,c_noah,to,0
m006641,c_taylor,to,1
m006641,c_chris,cc,2
m006642,c_elena,to,0
m006643,c_noah,to,0
m006643,c_taylor,to,1
m006643,c_chris,cc,2
m006644,c_elena,to,0
m006645,c_noah,to,0
m006645,c_taylor,to,1
m006645,c_chris,cc,2
m006646,c_elena,to,0
m006647,c_noah,to,0
m006647,c_taylor,to,1
m006647,c_chris,cc,2
m006648,c_elena,to,0
m006649,c_noah,to,0
m006650,c_taylor,to,0
m006651,c_noah,to,0
m006652,c_taylor,to,0
m006653,c_avery,to,0
m006653,c_devon,to,1
m006654,c_alex_chan,to,0
m006655,c_avery,to,0
m006655,c_devon,to,1
m006656,c_alex_chan,to,0
m006657,c_maya,to,0
m006658,c_alex_chen,to,0
m006659,c_quinn,to,0
m006660,c_priya,to,0
m006661,c_marcus,to,0
m006662,c_chris,to,0
m006663,c_marcus,to,0
m006664,c_chris,to,0
m006665,c_hana,to,0
m006666,c_sam,to,0
m006667,c_alex_chan,to,0
m006668,c_maya,to,0
m006669,c_alex_chan,to,0
m006670,c_maya,to,0
m006671,c_alex_chan,to,0
m006672,c_maya,to,0
m006673,c_alex_chan,to,0
m006674,c_maya,to,0
m006675,c_alex_chan,to,0
m006676,c_maya,to,0
m006677,c_alex_chan,to,0
m006678,c_maya,to,0
m006679,c_jamie_lee,to,0
m006680,c_maya,to,0
m006681,c_jamie_lee,to,0
m006682,c_maya,to,0
m006683,c_jamie_lee,to,0
m006684,c_maya,to,0
m006685,c_jamie_lee,to,0
m006686,c_maya,to,0
m006687,c_jamie_lee,to,0
m006688,c_maya,to,0
m006689,c_jamie_lee,to,0
m006690,c_maya,to,0
m006691,c_morgan_shaw,to,0
m006692,c_maya,to,0
m006693,c_morgan_shaw,to,0
m006694,c_maya,to,0
m006695,c_morgan_shaw,to,0
m006696,c_maya,to,0
m006697,c_morgan_shaw,to,0
m006698,c_maya,to,0
m006699,c_morgan_shaw,to,0
m006700,c_maya,to,0
m006701,c_morgan_shaw,to,0
m006702,c_maya,to,0
m006703,c_alex_chen,to,0
m006704,c_maya,to,0
m006705,c_alex_chen,to,0
m006706,c_maya,to,0
m006707,c_alex_chen,to,0
m006708,c_maya,to,0
m006709,c_alex_chen,to,0
m006710,c_maya,to,0
m006711,c_jamie_li,to,0
m006712,c_maya,to,0
m006713,c_jamie_li,to,0
m006714,c_maya,to,0
m006715,c_jamie_li,to,0
m006716,c_maya,to,0
m006717,c_jamie_li,to,0
m006718,c_maya,to,0
m006719,c_morgan_zhao,to,0
m006720,c_maya,to,0
m006721,c_morgan_zhao,to,0
m006722,c_maya,to,0
m006723,c_morgan_zhao,to,0
m006724,c_maya,to,0
m006725,c_morgan_zhao,to,0
m006726,c_maya,to,0
m006727,c_lee,to,0
m006728,c_maya,to,0
m006729,c_lee,to,0
m006730,c_maya,to,0
m006731,c_lee,to,0
m006732,c_maya,to,0
m006733,c_lee,to,0
m006734,c_maya,to,0
m006735,c_lee,to,0
m006736,c_maya,to,0
m006737,c_lee,to,0
m006738,c_maya,to,0
m006739,c_pat,to,0
m006740,c_maya,to,0
m006741,c_pat,to,0
m006742,c_maya,to,0
m006743,c_pat,to,0
m006744,c_maya,to,0
m006745,c_pat,to,0
m006746,c_maya,to,0
m006747,c_pat,to,0
m006748,c_maya,to,0
m006749,c_pat,to,0
m006750,c_maya,to,0
m006751,c_ren,to,0
m006752,c_maya,to,0
m006753,c_ren,to,0
m006754,c_maya,to,0
m006755,c_ren,to,0
m006756,c_maya,to,0
m006757,c_ren,to,0
m006758,c_maya,to,0
m006759,c_ren,to,0
m006760,c_maya,to,0
m006761,c_ren,to,0
m006762,c_maya,to,0
m006763,c_sam,to,0
m006764,c_maya,to,0
m006765,c_hana,to,0
m006766,c_maya,to,0
m006767,c_fac_001,to,0
m006768,c_maya,to,0
m006769,c_fac_002,to,0
m006770,c_maya,to,0
m006771,c_fac_003,to,0
m006772,c_maya,to,0
m006773,c_fac_004,to,0
m006774,c_maya,to,0
m006775,c_fac_005,to,0
m006776,c_maya,to,0
m006777,c_fac_006,to,0
m006778,c_maya,to,0
m006779,c_fac_007,to,0
m006780,c_maya,to,0
m006781,c_fac_008,to,0
m006782,c_maya,to,0
m006783,c_fac_009,to,0
m006784,c_maya,to,0
m006785,c_fac_010,to,0
m006786,c_maya,to,0
m006787,c_fac_011,to,0
m006788,c_maya,to,0
m006789,c_fac_012,to,0
m006790,c_maya,to,0
m006791,c_fac_013,to,0
m006792,c_maya,to,0
m006793,c_fac_014,to,0
m006794,c_maya,to,0
m006795,c_fac_015,to,0
m006796,c_maya,to,0
m006797,c_fac_016,to,0
m006798,c_maya,to,0
m006799,c_fac_017,to,0
m006800,c_maya,to,0
m006801,c_noah,to,0
m006801,c_elena,to,1
m006801,c_taylor,to,2
m006801,c_chris,cc,3
m006802,c_maya,to,0
m006803,c_noah,to,0
m006803,c_elena,to,1
m006803,c_taylor,to,2
m006803,c_chris,cc,3
m006804,c_maya,to,0
m006805,c_noah,to,0
m006805,c_elena,to,1
m006805,c_taylor,to,2
m006805,c_chris,cc,3
m006806,c_maya,to,0
m006807,c_noah,to,0
m006807,c_elena,to,1
m006807,c_taylor,to,2
m006807,c_chris,cc,3
m006808,c_maya,to,0
m006809,c_noah,to,0
m006809,c_elena,to,1
m006809,c_taylor,to,2
m006809,c_chris,cc,3
m006810,c_maya,to,0
m006811,c_noah,to,0
m006811,c_elena,to,1
m006811,c_taylor,to,2
m006811,c_chris,cc,3
m006812,c_maya,to,0
m006813,c_noah,to,0
m006813,c_elena,to,1
m006813,c_taylor,to,2
m006813,c_chris,cc,3
m006814,c_maya,to,0
m006815,c_noah,to,0
m006815,c_elena,to,1
m006815,c_taylor,to,2
m006815,c_chris,cc,3
m006816,c_maya,to,0
m006817,c_noah,to,0
m006817,c_elena,to,1
m006817,c_taylor,to,2
m006817,c_chris,cc,3
m006818,c_maya,to,0
m006819,c_noah,to,0
m006819,c_elena,to,1
m006819,c_taylor,to,2
m006819,c_chris,cc,3
m006820,c_maya,to,0
m006821,c_noah,to,0
m006821,c_elena,to,1
m006821,c_taylor,to,2
m006821,c_chris,cc,3
m006822,c_maya,to,0
m006823,c_noah,to,0
m006823,c_elena,to,1
m006823,c_taylor,to,2
m006823,c_chris,cc,3
m006824,c_maya,to,0
m006825,c_noah,to,0
m006825,c_elena,to,1
m006825,c_taylor,to,2
m006825,c_chris,cc,3
m006826,c_maya,to,0
m006827,c_noah,to,0
m006827,c_elena,to,1
m006827,c_taylor,to,2
m006827,c_chris,cc,3
m006828,c_maya,to,0
m006829,c_noah,to,0
m006829,c_elena,to,1
m006829,c_taylor,to,2
m006829,c_chris,cc,3
m006830,c_maya,to,0
m006831,c_noah,to,0
m006831,c_elena,to,1
m006831,c_taylor,to,2
m006831,c_chris,cc,3
m006832,c_maya,to,0
m006833,c_noah,to,0
m006833,c_elena,to,1
m006833,c_taylor,to,2
m006833,c_chris,cc,3
m006834,c_maya,to,0
m006835,c_noah,to,0
m006835,c_elena,to,1
m006835,c_taylor,to,2
m006835,c_chris,cc,3
m006836,c_maya,to,0
m006837,c_noah,to,0
m006837,c_elena,to,1
m006837,c_taylor,to,2
m006837,c_chris,cc,3
m006838,c_maya,to,0
m006839,c_noah,to,0
m006839,c_elena,to,1
m006839,c_taylor,to,2
m006839,c_chris,cc,3
m006840,c_maya,to,0
m006841,c_noah,to,0
m006841,c_elena,to,1
m006841,c_taylor,to,2
m006841,c_chris,cc,3
m006842,c_maya,to,0
m006843,c_noah,to,0
m006843,c_elena,to,1
m006843,c_taylor,to,2
m006843,c_chris,cc,3
m006844,c_maya,to,0
m006845,c_noah,to,0
m006845,c_elena,to,1
m006845,c_taylor,to,2
m006845,c_chris,cc,3
m006846,c_maya,to,0
m006847,c_noah,to,0
m006847,c_elena,to,1
m006847,c_taylor,to,2
m006847,c_chris,cc,3
m006848,c_maya,to,0
m006849,c_noah,to,0
m006849,c_elena,to,1
m006849,c_taylor,to,2
m006849,c_chris,cc,3
m006850,c_maya,to,0
m006851,c_noah,to,0
m006851,c_elena,to,1
m006851,c_taylor,to,2
m006851,c_chris,cc,3
m006852,c_maya,to,0
m006853,c_noah,to,0
m006853,c_elena,to,1
m006853,c_taylor,to,2
m006853,c_chris,cc,3
m006854,c_maya,to,0
m006855,c_noah,to,0
m006855,c_elena,to,1
m006855,c_taylor,to,2
m006855,c_chris,cc,3
m006856,c_maya,to,0
m006857,c_noah,to,0
m006857,c_elena,to,1
m006857,c_taylor,to,2
m006857,c_chris,cc,3
m006858,c_maya,to,0
m006859,c_noah,to,0
m006859,c_elena,to,1
m006859,c_taylor,to,2
m006859,c_chris,cc,3
m006860,c_maya,to,0
m006861,c_noah,to,0
m006861,c_elena,to,1
m006861,c_taylor,to,2
m006861,c_chris,cc,3
m006862,c_maya,to,0
m006863,c_noah,to,0
m006863,c_elena,to,1
m006863,c_taylor,to,2
m006863,c_chris,cc,3
m006864,c_maya,to,0
m006865,c_noah,to,0
m006865,c_elena,to,1
m006865,c_taylor,to,2
m006865,c_chris,cc,3
m006866,c_maya,to,0
m006867,c_noah,to,0
m006867,c_elena,to,1
m006867,c_taylor,to,2
m006867,c_chris,cc,3
m006868,c_maya,to,0
m006869,c_noah,to,0
m006869,c_elena,to,1
m006869,c_taylor,to,2
m006869,c_chris,cc,3
m006870,c_maya,to,0
m006871,c_noah,to,0
m006871,c_elena,to,1
m006871,c_taylor,to,2
m006871,c_chris,cc,3
m006872,c_maya,to,0
m006873,c_noah,to,0
m006873,c_elena,to,1
m006873,c_taylor,to,2
m006873,c_chris,cc,3
m006874,c_maya,to,0
m006875,c_noah,to,0
m006875,c_elena,to,1
m006875,c_taylor,to,2
m006875,c_chris,cc,3
m006876,c_maya,to,0
m006877,c_noah,to,0
m006877,c_elena,to,1
m006877,c_taylor,to,2
m006877,c_chris,cc,3
m006878,c_maya,to,0
m006879,c_noah,to,0
m006879,c_elena,to,1
m006879,c_taylor,to,2
m006879,c_chris,cc,3
m006880,c_maya,to,0
m006881,c_chris,to,0
m006881,c_noah,to,1
m006881,c_elena,to,2
m006881,c_marcus,cc,3
m006882,c_maya,to,0
m006883,c_chris,to,0
m006883,c_noah,to,1
m006883,c_elena,to,2
m006883,c_marcus,cc,3
m006884,c_maya,to,0
m006885,c_chris,to,0
m006885,c_noah,to,1
m006885,c_elena,to,2
m006885,c_marcus,cc,3
m006886,c_maya,to,0
m006887,c_chris,to,0
m006887,c_noah,to,1
m006887,c_elena,to,2
m006887,c_marcus,cc,3
m006888,c_maya,to,0
m006889,c_priya,to,0
m006889,c_quinn,cc,1
m006890,c_maya,to,0
m006891,c_priya,to,0
m006891,c_quinn,cc,1
m006892,c_maya,to,0
m006893,c_priya,to,0
m006893,c_quinn,cc,1
m006894,c_maya,to,0
m006895,c_priya,to,0
m006895,c_quinn,cc,1
m006896,c_maya,to,0
m006897,c_priya,to,0
m006897,c_quinn,cc,1
m006898,c_maya,to,0
m006899,c_priya,to,0
m006899,c_quinn,cc,1
m006900,c_maya,to,0
m006901,c_elena,to,0
m006901,c_taylor,to,1
m006901,c_lena,to,2
m006902,c_noah,to,0
m006903,c_elena,to,0
m006903,c_taylor,to,1
m006903,c_lena,to,2
m006904,c_noah,to,0
m006905,c_elena,to,0
m006905,c_taylor,to,1
m006905,c_lena,to,2
m006906,c_noah,to,0
m006907,c_elena,to,0
m006907,c_taylor,to,1
m006907,c_lena,to,2
m006908,c_noah,to,0
m006909,c_elena,to,0
m006909,c_taylor,to,1
m006909,c_lena,to,2
m006910,c_noah,to,0
m006911,c_elena,to,0
m006911,c_taylor,to,1
m006911,c_lena,to,2
m006912,c_noah,to,0
m006913,c_noah,to,0
m006913,c_taylor,to,1
m006913,c_chris,cc,2
m006914,c_elena,to,0
m006915,c_noah,to,0
m006915,c_taylor,to,1
m006915,c_chris,cc,2
m006916,c_elena,to,0
m006917,c_noah,to,0
m006917,c_taylor,to,1
m006917,c_chris,cc,2
m006918,c_elena,to,0
m006919,c_noah,to,0
m006919,c_taylor,to,1
m006919,c_chris,cc,2
m006920,c_elena,to,0
m006921,c_noah,to,0
m006922,c_taylor,to,0
m006923,c_noah,to,0
m006924,c_taylor,to,0
m006925,c_avery,to,0
m006925,c_devon,to,1
m006926,c_alex_chan,to,0
m006927,c_avery,to,0
m006927,c_devon,to,1
m006928,c_alex_chan,to,0
m006929,c_maya,to,0
m006930,c_alex_chen,to,0
m006931,c_quinn,to,0
m006932,c_priya,to,0
m006933,c_marcus,to,0
m006934,c_chris,to,0
m006935,c_marcus,to,0
m006936,c_chris,to,0
m006937,c_hana,to,0
m006938,c_sam,to,0
m006939,c_alex_chan,to,0
m006940,c_maya,to,0
m006941,c_alex_chan,to,0
m006942,c_maya,to,0
m006943,c_alex_chan,to,0
m006944,c_maya,to,0
m006945,c_alex_chan,to,0
m006946,c_maya,to,0
m006947,c_alex_chan,to,0
m006948,c_maya,to,0
m006949,c_alex_chan,to,0
m006950,c_maya,to,0
m006951,c_jamie_lee,to,0
m006952,c_maya,to,0
m006953,c_jamie_lee,to,0
m006954,c_maya,to,0
m006955,c_jamie_lee,to,0
m006956,c_maya,to,0
m006957,c_jamie_lee,to,0
m006958,c_maya,to,0
m006959,c_jamie_lee,to,0
m006960,c_maya,to,0
m006961,c_jamie_lee,to,0
m006962,c_maya,to,0
m006963,c_morgan_shaw,to,0
m006964,c_maya,to,0
m006965,c_morgan_shaw,to,0
m006966,c_maya,to,0
m006967,c_morgan_shaw,to,0
m006968,c_maya,to,0
m006969,c_morgan_shaw,to,0
m006970,c_maya,to,0
m006971,c_morgan_shaw,to,0
m006972,c_maya,to,0
m006973,c_morgan_shaw,to,0
m006974,c_maya,to,0
m006975,c_alex_chen,to,0
m006976,c_maya,to,0
m006977,c_alex_chen,to,0
m006978,c_maya,to,0
m006979,c_alex_chen,to,0
m006980,c_maya,to,0
m006981,c_alex_chen,to,0
m006982,c_maya,to,0
m006983,c_jamie_li,to,0
m006984,c_maya,to,0
m006985,c_jamie_li,to,0
m006986,c_maya,to,0
m006987,c_jamie_li,to,0
m006988,c_maya,to,0
m006989,c_jamie_li,to,0
m006990,c_maya,to,0
m006991,c_morgan_zhao,to,0
m006992,c_maya,to,0
m006993,c_morgan_zhao,to,0
m006994,c_maya,to,0
m006995,c_morgan_zhao,to,0
m006996,c_maya,to,0
m006997,c_morgan_zhao,to,0
m006998,c_maya,to,0
m006999,c_lee,to,0
m007000,c_maya,to,0
m007001,c_lee,to,0
m007002,c_maya,to,0
m007003,c_lee,to,0
m007004,c_maya,to,0
m007005,c_lee,to,0
m007006,c_maya,to,0
m007007,c_lee,to,0
m007008,c_maya,to,0
m007009,c_lee,to,0
m007010,c_maya,to,0
m007011,c_pat,to,0
m007012,c_maya,to,0
m007013,c_pat,to,0
m007014,c_maya,to,0
m007015,c_pat,to,0
m007016,c_maya,to,0
m007017,c_pat,to,0
m007018,c_maya,to,0
m007019,c_pat,to,0
m007020,c_maya,to,0
m007021,c_pat,to,0
m007022,c_maya,to,0
m007023,c_ren,to,0
m007024,c_maya,to,0
m007025,c_ren,to,0
m007026,c_maya,to,0
m007027,c_ren,to,0
m007028,c_maya,to,0
m007029,c_ren,to,0
m007030,c_maya,to,0
m007031,c_ren,to,0
m007032,c_maya,to,0
m007033,c_ren,to,0
m007034,c_maya,to,0
m007035,c_sam,to,0
m007036,c_maya,to,0
m007037,c_hana,to,0
m007038,c_maya,to,0
m007039,c_fac_001,to,0
m007040,c_maya,to,0
m007041,c_fac_002,to,0
m007042,c_maya,to,0
m007043,c_fac_003,to,0
m007044,c_maya,to,0
m007045,c_fac_004,to,0
m007046,c_maya,to,0
m007047,c_fac_005,to,0
m007048,c_maya,to,0
m007049,c_fac_006,to,0
m007050,c_maya,to,0
m007051,c_fac_007,to,0
m007052,c_maya,to,0
m007053,c_fac_008,to,0
m007054,c_maya,to,0
m007055,c_fac_009,to,0
m007056,c_maya,to,0
m007057,c_fac_010,to,0
m007058,c_maya,to,0
m007059,c_fac_011,to,0
m007060,c_maya,to,0
m007061,c_fac_012,to,0
m007062,c_maya,to,0
m007063,c_fac_013,to,0
m007064,c_maya,to,0
m007065,c_fac_014,to,0
m007066,c_maya,to,0
m007067,c_fac_015,to,0
m007068,c_maya,to,0
m007069,c_fac_016,to,0
m007070,c_maya,to,0
m007071,c_fac_017,to,0
m007072,c_maya,to,0
m007073,c_noah,to,0
m007073,c_elena,to,1
m007073,c_taylor,to,2
m007073,c_chris,cc,3
m007074,c_maya,to,0
m007075,c_noah,to,0
m007075,c_elena,to,1
m007075,c_taylor,to,2
m007075,c_chris,cc,3
m007076,c_maya,to,0
m007077,c_noah,to,0
m007077,c_elena,to,1
m007077,c_taylor,to,2
m007077,c_chris,cc,3
m007078,c_maya,to,0
m007079,c_noah,to,0
m007079,c_elena,to,1
m007079,c_taylor,to,2
m007079,c_chris,cc,3
m007080,c_maya,to,0
m007081,c_noah,to,0
m007081,c_elena,to,1
m007081,c_taylor,to,2
m007081,c_chris,cc,3
m007082,c_maya,to,0
m007083,c_noah,to,0
m007083,c_elena,to,1
m007083,c_taylor,to,2
m007083,c_chris,cc,3
m007084,c_maya,to,0
m007085,c_noah,to,0
m007085,c_elena,to,1
m007085,c_taylor,to,2
m007085,c_chris,cc,3
m007086,c_maya,to,0
m007087,c_noah,to,0
m007087,c_elena,to,1
m007087,c_taylor,to,2
m007087,c_chris,cc,3
m007088,c_maya,to,0
m007089,c_noah,to,0
m007089,c_elena,to,1
m007089,c_taylor,to,2
m007089,c_chris,cc,3
m007090,c_maya,to,0
m007091,c_noah,to,0
m007091,c_elena,to,1
m007091,c_taylor,to,2
m007091,c_chris,cc,3
m007092,c_maya,to,0
m007093,c_noah,to,0
m007093,c_elena,to,1
m007093,c_taylor,to,2
m007093,c_chris,cc,3
m007094,c_maya,to,0
m007095,c_noah,to,0
m007095,c_elena,to,1
m007095,c_taylor,to,2
m007095,c_chris,cc,3
m007096,c_maya,to,0
m007097,c_noah,to,0
m007097,c_elena,to,1
m007097,c_taylor,to,2
m007097,c_chris,cc,3
m007098,c_maya,to,0
m007099,c_noah,to,0
m007099,c_elena,to,1
m007099,c_taylor,to,2
m007099,c_chris,cc,3
m007100,c_maya,to,0
m007101,c_noah,to,0
m007101,c_elena,to,1
m007101,c_taylor,to,2
m007101,c_chris,cc,3
m007102,c_maya,to,0
m007103,c_noah,to,0
m007103,c_elena,to,1
m007103,c_taylor,to,2
m007103,c_chris,cc,3
m007104,c_maya,to,0
m007105,c_noah,to,0
m007105,c_elena,to,1
m007105,c_taylor,to,2
m007105,c_chris,cc,3
m007106,c_maya,to,0
m007107,c_noah,to,0
m007107,c_elena,to,1
m007107,c_taylor,to,2
m007107,c_chris,cc,3
m007108,c_maya,to,0
m007109,c_noah,to,0
m007109,c_elena,to,1
m007109,c_taylor,to,2
m007109,c_chris,cc,3
m007110,c_maya,to,0
m007111,c_noah,to,0
m007111,c_elena,to,1
m007111,c_taylor,to,2
m007111,c_chris,cc,3
m007112,c_maya,to,0
m007113,c_noah,to,0
m007113,c_elena,to,1
m007113,c_taylor,to,2
m007113,c_chris,cc,3
m007114,c_maya,to,0
m007115,c_noah,to,0
m007115,c_elena,to,1
m007115,c_taylor,to,2
m007115,c_chris,cc,3
m007116,c_maya,to,0
m007117,c_noah,to,0
m007117,c_elena,to,1
m007117,c_taylor,to,2
m007117,c_chris,cc,3
m007118,c_maya,to,0
m007119,c_noah,to,0
m007119,c_elena,to,1
m007119,c_taylor,to,2
m007119,c_chris,cc,3
m007120,c_maya,to,0
m007121,c_noah,to,0
m007121,c_elena,to,1
m007121,c_taylor,to,2
m007121,c_chris,cc,3
m007122,c_maya,to,0
m007123,c_noah,to,0
m007123,c_elena,to,1
m007123,c_taylor,to,2
m007123,c_chris,cc,3
m007124,c_maya,to,0
m007125,c_noah,to,0
m007125,c_elena,to,1
m007125,c_taylor,to,2
m007125,c_chris,cc,3
m007126,c_maya,to,0
m007127,c_noah,to,0
m007127,c_elena,to,1
m007127,c_taylor,to,2
m007127,c_chris,cc,3
m007128,c_maya,to,0
m007129,c_noah,to,0
m007129,c_elena,to,1
m007129,c_taylor,to,2
m007129,c_chris,cc,3
m007130,c_maya,to,0
m007131,c_noah,to,0
m007131,c_elena,to,1
m007131,c_taylor,to,2
m007131,c_chris,cc,3
m007132,c_maya,to,0
m007133,c_noah,to,0
m007133,c_elena,to,1
m007133,c_taylor,to,2
m007133,c_chris,cc,3
m007134,c_maya,to,0
m007135,c_noah,to,0
m007135,c_elena,to,1
m007135,c_taylor,to,2
m007135,c_chris,cc,3
m007136,c_maya,to,0
m007137,c_noah,to,0
m007137,c_elena,to,1
m007137,c_taylor,to,2
m007137,c_chris,cc,3
m007138,c_maya,to,0
m007139,c_noah,to,0
m007139,c_elena,to,1
m007139,c_taylor,to,2
m007139,c_chris,cc,3
m007140,c_maya,to,0
m007141,c_noah,to,0
m007141,c_elena,to,1
m007141,c_taylor,to,2
m007141,c_chris,cc,3
m007142,c_maya,to,0
m007143,c_noah,to,0
m007143,c_elena,to,1
m007143,c_taylor,to,2
m007143,c_chris,cc,3
m007144,c_maya,to,0
m007145,c_noah,to,0
m007145,c_elena,to,1
m007145,c_taylor,to,2
m007145,c_chris,cc,3
m007146,c_maya,to,0
m007147,c_noah,to,0
m007147,c_elena,to,1
m007147,c_taylor,to,2
m007147,c_chris,cc,3
m007148,c_maya,to,0
m007149,c_noah,to,0
m007149,c_elena,to,1
m007149,c_taylor,to,2
m007149,c_chris,cc,3
m007150,c_maya,to,0
m007151,c_noah,to,0
m007151,c_elena,to,1
m007151,c_taylor,to,2
m007151,c_chris,cc,3
m007152,c_maya,to,0
m007153,c_chris,to,0
m007153,c_noah,to,1
m007153,c_elena,to,2
m007153,c_marcus,cc,3
m007154,c_maya,to,0
m007155,c_chris,to,0
m007155,c_noah,to,1
m007155,c_elena,to,2
m007155,c_marcus,cc,3
m007156,c_maya,to,0
m007157,c_chris,to,0
m007157,c_noah,to,1
m007157,c_elena,to,2
m007157,c_marcus,cc,3
m007158,c_maya,to,0
m007159,c_chris,to,0
m007159,c_noah,to,1
m007159,c_elena,to,2
m007159,c_marcus,cc,3
m007160,c_maya,to,0
m007161,c_priya,to,0
m007161,c_quinn,cc,1
m007162,c_maya,to,0
m007163,c_priya,to,0
m007163,c_quinn,cc,1
m007164,c_maya,to,0
m007165,c_priya,to,0
m007165,c_quinn,cc,1
m007166,c_maya,to,0
m007167,c_priya,to,0
m007167,c_quinn,cc,1
m007168,c_maya,to,0
m007169,c_priya,to,0
m007169,c_quinn,cc,1
m007170,c_maya,to,0
m007171,c_priya,to,0
m007171,c_quinn,cc,1
m007172,c_maya,to,0
m007173,c_elena,to,0
m007173,c_taylor,to,1
m007173,c_lena,to,2
m007174,c_noah,to,0
m007175,c_elena,to,0
m007175,c_taylor,to,1
m007175,c_lena,to,2
m007176,c_noah,to,0
m007177,c_elena,to,0
m007177,c_taylor,to,1
m007177,c_lena,to,2
m007178,c_noah,to,0
m007179,c_elena,to,0
m007179,c_taylor,to,1
m007179,c_lena,to,2
m007180,c_noah,to,0
m007181,c_elena,to,0
m007181,c_taylor,to,1
m007181,c_lena,to,2
m007182,c_noah,to,0
m007183,c_elena,to,0
m007183,c_taylor,to,1
m007183,c_lena,to,2
m007184,c_noah,to,0
m007185,c_noah,to,0
m007185,c_taylor,to,1
m007185,c_chris,cc,2
m007186,c_elena,to,0
m007187,c_noah,to,0
m007187,c_taylor,to,1
m007187,c_chris,cc,2
m007188,c_elena,to,0
m007189,c_noah,to,0
m007189,c_taylor,to,1
m007189,c_chris,cc,2
m007190,c_elena,to,0
m007191,c_noah,to,0
m007191,c_taylor,to,1
m007191,c_chris,cc,2
m007192,c_elena,to,0
m007193,c_noah,to,0
m007194,c_taylor,to,0
m007195,c_noah,to,0
m007196,c_taylor,to,0
m007197,c_avery,to,0
m007197,c_devon,to,1
m007198,c_alex_chan,to,0
m007199,c_avery,to,0
m007199,c_devon,to,1
m007200,c_alex_chan,to,0
m007201,c_maya,to,0
m007202,c_alex_chen,to,0
m007203,c_quinn,to,0
m007204,c_priya,to,0
m007205,c_marcus,to,0
m007206,c_chris,to,0
m007207,c_marcus,to,0
m007208,c_chris,to,0
m007209,c_hana,to,0
m007210,c_sam,to,0
m007211,c_alex_chan,to,0
m007212,c_maya,to,0
m007213,c_alex_chan,to,0
m007214,c_maya,to,0
m007215,c_alex_chan,to,0
m007216,c_maya,to,0
m007217,c_alex_chan,to,0
m007218,c_maya,to,0
m007219,c_alex_chan,to,0
m007220,c_maya,to,0
m007221,c_alex_chan,to,0
m007222,c_maya,to,0
m007223,c_jamie_lee,to,0
m007224,c_maya,to,0
m007225,c_jamie_lee,to,0
m007226,c_maya,to,0
m007227,c_jamie_lee,to,0
m007228,c_maya,to,0
m007229,c_jamie_lee,to,0
m007230,c_maya,to,0
m007231,c_jamie_lee,to,0
m007232,c_maya,to,0
m007233,c_jamie_lee,to,0
m007234,c_maya,to,0
m007235,c_morgan_shaw,to,0
m007236,c_maya,to,0
m007237,c_morgan_shaw,to,0
m007238,c_maya,to,0
m007239,c_morgan_shaw,to,0
m007240,c_maya,to,0
m007241,c_morgan_shaw,to,0
m007242,c_maya,to,0
m007243,c_morgan_shaw,to,0
m007244,c_maya,to,0
m007245,c_morgan_shaw,to,0
m007246,c_maya,to,0
m007247,c_alex_chen,to,0
m007248,c_maya,to,0
m007249,c_alex_chen,to,0
m007250,c_maya,to,0
m007251,c_alex_chen,to,0
m007252,c_maya,to,0
m007253,c_alex_chen,to,0
m007254,c_maya,to,0
m007255,c_jamie_li,to,0
m007256,c_maya,to,0
m007257,c_jamie_li,to,0
m007258,c_maya,to,0
m007259,c_jamie_li,to,0
m007260,c_maya,to,0
m007261,c_jamie_li,to,0
m007262,c_maya,to,0
m007263,c_morgan_zhao,to,0
m007264,c_maya,to,0
m007265,c_morgan_zhao,to,0
m007266,c_maya,to,0
m007267,c_morgan_zhao,to,0
m007268,c_maya,to,0
m007269,c_morgan_zhao,to,0
m007270,c_maya,to,0
m007271,c_lee,to,0
m007272,c_maya,to,0
m007273,c_lee,to,0
m007274,c_maya,to,0
m007275,c_lee,to,0
m007276,c_maya,to,0
m007277,c_lee,to,0
m007278,c_maya,to,0
m007279,c_lee,to,0
m007280,c_maya,to,0
m007281,c_lee,to,0
m007282,c_maya,to,0
m007283,c_pat,to,0
m007284,c_maya,to,0
m007285,c_pat,to,0
m007286,c_maya,to,0
m007287,c_pat,to,0
m007288,c_maya,to,0
m007289,c_pat,to,0
m007290,c_maya,to,0
m007291,c_pat,to,0
m007292,c_maya,to,0
m007293,c_pat,to,0
m007294,c_maya,to,0
m007295,c_ren,to,0
m007296,c_maya,to,0
m007297,c_ren,to,0
m007298,c_maya,to,0
m007299,c_ren,to,0
m007300,c_maya,to,0
m007301,c_ren,to,0
m007302,c_maya,to,0
m007303,c_ren,to,0
m007304,c_maya,to,0
m007305,c_ren,to,0
m007306,c_maya,to,0
m007307,c_sam,to,0
m007308,c_maya,to,0
m007309,c_hana,to,0
m007310,c_maya,to,0
m007311,c_fac_001,to,0
m007312,c_maya,to,0
m007313,c_fac_002,to,0
m007314,c_maya,to,0
m007315,c_fac_003,to,0
m007316,c_maya,to,0
m007317,c_fac_004,to,0
m007318,c_maya,to,0
m007319,c_fac_005,to,0
m007320,c_maya,to,0
m007321,c_fac_006,to,0
m007322,c_maya,to,0
m007323,c_fac_007,to,0
m007324,c_maya,to,0
m007325,c_fac_008,to,0
m007326,c_maya,to,0
m007327,c_fac_009,to,0
m007328,c_maya,to,0
m007329,c_fac_010,to,0
m007330,c_maya,to,0
m007331,c_fac_011,to,0
m007332,c_maya,to,0
m007333,c_fac_012,to,0
m007334,c_maya,to,0
m007335,c_fac_013,to,0
m007336,c_maya,to,0
m007337,c_fac_014,to,0
m007338,c_maya,to,0
m007339,c_fac_015,to,0
m007340,c_maya,to,0
m007341,c_fac_016,to,0
m007342,c_maya,to,0
m007343,c_fac_017,to,0
m007344,c_maya,to,0
m007345,c_noah,to,0
m007345,c_elena,to,1
m007345,c_taylor,to,2
m007345,c_chris,cc,3
m007346,c_maya,to,0
m007347,c_noah,to,0
m007347,c_elena,to,1
m007347,c_taylor,to,2
m007347,c_chris,cc,3
m007348,c_maya,to,0
m007349,c_noah,to,0
m007349,c_elena,to,1
m007349,c_taylor,to,2
m007349,c_chris,cc,3
m007350,c_maya,to,0
m007351,c_noah,to,0
m007351,c_elena,to,1
m007351,c_taylor,to,2
m007351,c_chris,cc,3
m007352,c_maya,to,0
m007353,c_noah,to,0
m007353,c_elena,to,1
m007353,c_taylor,to,2
m007353,c_chris,cc,3
m007354,c_maya,to,0
m007355,c_noah,to,0
m007355,c_elena,to,1
m007355,c_taylor,to,2
m007355,c_chris,cc,3
m007356,c_maya,to,0
m007357,c_noah,to,0
m007357,c_elena,to,1
m007357,c_taylor,to,2
m007357,c_chris,cc,3
m007358,c_maya,to,0
m007359,c_noah,to,0
m007359,c_elena,to,1
m007359,c_taylor,to,2
m007359,c_chris,cc,3
m007360,c_maya,to,0
m007361,c_noah,to,0
m007361,c_elena,to,1
m007361,c_taylor,to,2
m007361,c_chris,cc,3
m007362,c_maya,to,0
m007363,c_noah,to,0
m007363,c_elena,to,1
m007363,c_taylor,to,2
m007363,c_chris,cc,3
m007364,c_maya,to,0
m007365,c_noah,to,0
m007365,c_elena,to,1
m007365,c_taylor,to,2
m007365,c_chris,cc,3
m007366,c_maya,to,0
m007367,c_noah,to,0
m007367,c_elena,to,1
m007367,c_taylor,to,2
m007367,c_chris,cc,3
m007368,c_maya,to,0
m007369,c_noah,to,0
m007369,c_elena,to,1
m007369,c_taylor,to,2
m007369,c_chris,cc,3
m007370,c_maya,to,0
m007371,c_noah,to,0
m007371,c_elena,to,1
m007371,c_taylor,to,2
m007371,c_chris,cc,3
m007372,c_maya,to,0
m007373,c_noah,to,0
m007373,c_elena,to,1
m007373,c_taylor,to,2
m007373,c_chris,cc,3
m007374,c_maya,to,0
m007375,c_noah,to,0
m007375,c_elena,to,1
m007375,c_taylor,to,2
m007375,c_chris,cc,3
m007376,c_maya,to,0
m007377,c_noah,to,0
m007377,c_elena,to,1
m007377,c_taylor,to,2
m007377,c_chris,cc,3
m007378,c_maya,to,0
m007379,c_noah,to,0
m007379,c_elena,to,1
m007379,c_taylor,to,2
m007379,c_chris,cc,3
m007380,c_maya,to,0
m007381,c_noah,to,0
m007381,c_elena,to,1
m007381,c_taylor,to,2
m007381,c_chris,cc,3
m007382,c_maya,to,0
m007383,c_noah,to,0
m007383,c_elena,to,1
m007383,c_taylor,to,2
m007383,c_chris,cc,3
m007384,c_maya,to,0
m007385,c_noah,to,0
m007385,c_elena,to,1
m007385,c_taylor,to,2
m007385,c_chris,cc,3
m007386,c_maya,to,0
m007387,c_noah,to,0
m007387,c_elena,to,1
m007387,c_taylor,to,2
m007387,c_chris,cc,3
m007388,c_maya,to,0
m007389,c_noah,to,0
m007389,c_elena,to,1
m007389,c_taylor,to,2
m007389,c_chris,cc,3
m007390,c_maya,to,0
m007391,c_noah,to,0
m007391,c_elena,to,1
m007391,c_taylor,to,2
m007391,c_chris,cc,3
m007392,c_maya,to,0
m007393,c_noah,to,0
m007393,c_elena,to,1
m007393,c_taylor,to,2
m007393,c_chris,cc,3
m007394,c_maya,to,0
m007395,c_noah,to,0
m007395,c_elena,to,1
m007395,c_taylor,to,2
m007395,c_chris,cc,3
m007396,c_maya,to,0
m007397,c_noah,to,0
m007397,c_elena,to,1
m007397,c_taylor,to,2
m007397,c_chris,cc,3
m007398,c_maya,to,0
m007399,c_noah,to,0
m007399,c_elena,to,1
m007399,c_taylor,to,2
m007399,c_chris,cc,3
m007400,c_maya,to,0
m007401,c_noah,to,0
m007401,c_elena,to,1
m007401,c_taylor,to,2
m007401,c_chris,cc,3
m007402,c_maya,to,0
m007403,c_noah,to,0
m007403,c_elena,to,1
m007403,c_taylor,to,2
m007403,c_chris,cc,3
m007404,c_maya,to,0
m007405,c_noah,to,0
m007405,c_elena,to,1
m007405,c_taylor,to,2
m007405,c_chris,cc,3
m007406,c_maya,to,0
m007407,c_noah,to,0
m007407,c_elena,to,1
m007407,c_taylor,to,2
m007407,c_chris,cc,3
m007408,c_maya,to,0
m007409,c_noah,to,0
m007409,c_elena,to,1
m007409,c_taylor,to,2
m007409,c_chris,cc,3
m007410,c_maya,to,0
m007411,c_noah,to,0
m007411,c_elena,to,1
m007411,c_taylor,to,2
m007411,c_chris,cc,3
m007412,c_maya,to,0
m007413,c_noah,to,0
m007413,c_elena,to,1
m007413,c_taylor,to,2
m007413,c_chris,cc,3
m007414,c_maya,to,0
m007415,c_noah,to,0
m007415,c_elena,to,1
m007415,c_taylor,to,2
m007415,c_chris,cc,3
m007416,c_maya,to,0
m007417,c_noah,to,0
m007417,c_elena,to,1
m007417,c_taylor,to,2
m007417,c_chris,cc,3
m007418,c_maya,to,0
m007419,c_noah,to,0
m007419,c_elena,to,1
m007419,c_taylor,to,2
m007419,c_chris,cc,3
m007420,c_maya,to,0
m007421,c_noah,to,0
m007421,c_elena,to,1
m007421,c_taylor,to,2
m007421,c_chris,cc,3
m007422,c_maya,to,0
m007423,c_noah,to,0
m007423,c_elena,to,1
m007423,c_taylor,to,2
m007423,c_chris,cc,3
m007424,c_maya,to,0
m007425,c_chris,to,0
m007425,c_noah,to,1
m007425,c_elena,to,2
m007425,c_marcus,cc,3
m007426,c_maya,to,0
m007427,c_chris,to,0
m007427,c_noah,to,1
m007427,c_elena,to,2
m007427,c_marcus,cc,3
m007428,c_maya,to,0
m007429,c_chris,to,0
m007429,c_noah,to,1
m007429,c_elena,to,2
m007429,c_marcus,cc,3
m007430,c_maya,to,0
m007431,c_chris,to,0
m007431,c_noah,to,1
m007431,c_elena,to,2
m007431,c_marcus,cc,3
m007432,c_maya,to,0
m007433,c_priya,to,0
m007433,c_quinn,cc,1
m007434,c_maya,to,0
m007435,c_priya,to,0
m007435,c_quinn,cc,1
m007436,c_maya,to,0
m007437,c_priya,to,0
m007437,c_quinn,cc,1
m007438,c_maya,to,0
m007439,c_priya,to,0
m007439,c_quinn,cc,1
m007440,c_maya,to,0
m007441,c_priya,to,0
m007441,c_quinn,cc,1
m007442,c_maya,to,0
m007443,c_priya,to,0
m007443,c_quinn,cc,1
m007444,c_maya,to,0
m007445,c_elena,to,0
m007445,c_taylor,to,1
m007445,c_lena,to,2
m007446,c_noah,to,0
m007447,c_elena,to,0
m007447,c_taylor,to,1
m007447,c_lena,to,2
m007448,c_noah,to,0
m007449,c_elena,to,0
m007449,c_taylor,to,1
m007449,c_lena,to,2
m007450,c_noah,to,0
m007451,c_elena,to,0
m007451,c_taylor,to,1
m007451,c_lena,to,2
m007452,c_noah,to,0
m007453,c_elena,to,0
m007453,c_taylor,to,1
m007453,c_lena,to,2
m007454,c_noah,to,0
m007455,c_elena,to,0
m007455,c_taylor,to,1
m007455,c_lena,to,2
m007456,c_noah,to,0
m007457,c_noah,to,0
m007457,c_taylor,to,1
m007457,c_chris,cc,2
m007458,c_elena,to,0
m007459,c_noah,to,0
m007459,c_taylor,to,1
m007459,c_chris,cc,2
m007460,c_elena,to,0
m007461,c_noah,to,0
m007461,c_taylor,to,1
m007461,c_chris,cc,2
m007462,c_elena,to,0
m007463,c_noah,to,0
m007463,c_taylor,to,1
m007463,c_chris,cc,2
m007464,c_elena,to,0
m007465,c_noah,to,0
m007466,c_taylor,to,0
m007467,c_noah,to,0
m007468,c_taylor,to,0
m007469,c_avery,to,0
m007469,c_devon,to,1
m007470,c_alex_chan,to,0
m007471,c_avery,to,0
m007471,c_devon,to,1
m007472,c_alex_chan,to,0
m007473,c_maya,to,0
m007474,c_alex_chen,to,0
m007475,c_quinn,to,0
m007476,c_priya,to,0
m007477,c_marcus,to,0
m007478,c_chris,to,0
m007479,c_marcus,to,0
m007480,c_chris,to,0
m007481,c_hana,to,0
m007482,c_sam,to,0
m007483,c_alex_chan,to,0
m007484,c_maya,to,0
m007485,c_alex_chan,to,0
m007486,c_maya,to,0
m007487,c_alex_chan,to,0
m007488,c_maya,to,0
m007489,c_alex_chan,to,0
m007490,c_maya,to,0
m007491,c_alex_chan,to,0
m007492,c_maya,to,0
m007493,c_alex_chan,to,0
m007494,c_maya,to,0
m007495,c_jamie_lee,to,0
m007496,c_maya,to,0
m007497,c_jamie_lee,to,0
m007498,c_maya,to,0
m007499,c_jamie_lee,to,0
m007500,c_maya,to,0
m007501,c_jamie_lee,to,0
m007502,c_maya,to,0
m007503,c_jamie_lee,to,0
m007504,c_maya,to,0
m007505,c_jamie_lee,to,0
m007506,c_maya,to,0
m007507,c_morgan_shaw,to,0
m007508,c_maya,to,0
m007509,c_morgan_shaw,to,0
m007510,c_maya,to,0
m007511,c_morgan_shaw,to,0
m007512,c_maya,to,0
m007513,c_morgan_shaw,to,0
m007514,c_maya,to,0
m007515,c_morgan_shaw,to,0
m007516,c_maya,to,0
m007517,c_morgan_shaw,to,0
m007518,c_maya,to,0
m007519,c_alex_chen,to,0
m007520,c_maya,to,0
m007521,c_alex_chen,to,0
m007522,c_maya,to,0
m007523,c_alex_chen,to,0
m007524,c_maya,to,0
m007525,c_alex_chen,to,0
m007526,c_maya,to,0
m007527,c_jamie_li,to,0
m007528,c_maya,to,0
m007529,c_jamie_li,to,0
m007530,c_maya,to,0
m007531,c_jamie_li,to,0
m007532,c_maya,to,0
m007533,c_jamie_li,to,0
m007534,c_maya,to,0
m007535,c_morgan_zhao,to,0
m007536,c_maya,to,0
m007537,c_morgan_zhao,to,0
m007538,c_maya,to,0
m007539,c_morgan_zhao,to,0
m007540,c_maya,to,0
m007541,c_morgan_zhao,to,0
m007542,c_maya,to,0
m007543,c_lee,to,0
m007544,c_maya,to,0
m007545,c_lee,to,0
m007546,c_maya,to,0
m007547,c_lee,to,0
m007548,c_maya,to,0
m007549,c_lee,to,0
m007550,c_maya,to,0
m007551,c_lee,to,0
m007552,c_maya,to,0
m007553,c_lee,to,0
m007554,c_maya,to,0
m007555,c_pat,to,0
m007556,c_maya,to,0
m007557,c_pat,to,0
m007558,c_maya,to,0
m007559,c_pat,to,0
m007560,c_maya,to,0
m007561,c_pat,to,0
m007562,c_maya,to,0
m007563,c_pat,to,0
m007564,c_maya,to,0
m007565,c_pat,to,0
m007566,c_maya,to,0
m007567,c_ren,to,0
m007568,c_maya,to,0
m007569,c_ren,to,0
m007570,c_maya,to,0
m007571,c_ren,to,0
m007572,c_maya,to,0
m007573,c_ren,to,0
m007574,c_maya,to,0
m007575,c_ren,to,0
m007576,c_maya,to,0
m007577,c_ren,to,0
m007578,c_maya,to,0
m007579,c_sam,to,0
m007580,c_maya,to,0
m007581,c_hana,to,0
m007582,c_maya,to,0
m007583,c_fac_001,to,0
m007584,c_maya,to,0
m007585,c_fac_002,to,0
m007586,c_maya,to,0
m007587,c_fac_003,to,0
m007588,c_maya,to,0
m007589,c_fac_004,to,0
m007590,c_maya,to,0
m007591,c_fac_005,to,0
m007592,c_maya,to,0
m007593,c_fac_006,to,0
m007594,c_maya,to,0
m007595,c_fac_007,to,0
m007596,c_maya,to,0
m007597,c_fac_008,to,0
m007598,c_maya,to,0
m007599,c_fac_009,to,0
m007600,c_maya,to,0
m007601,c_fac_010,to,0
m007602,c_maya,to,0
m007603,c_fac_011,to,0
m007604,c_maya,to,0
m007605,c_fac_012,to,0
m007606,c_maya,to,0
m007607,c_fac_013,to,0
m007608,c_maya,to,0
m007609,c_fac_014,to,0
m007610,c_maya,to,0
m007611,c_fac_015,to,0
m007612,c_maya,to,0
m007613,c_fac_016,to,0
m007614,c_maya,to,0
m007615,c_fac_017,to,0
m007616,c_maya,to,0
m007617,c_noah,to,0
m007617,c_elena,to,1
m007617,c_taylor,to,2
m007617,c_chris,cc,3
m007618,c_maya,to,0
m007619,c_noah,to,0
m007619,c_elena,to,1
m007619,c_taylor,to,2
m007619,c_chris,cc,3
m007620,c_maya,to,0
m007621,c_noah,to,0
m007621,c_elena,to,1
m007621,c_taylor,to,2
m007621,c_chris,cc,3
m007622,c_maya,to,0
m007623,c_noah,to,0
m007623,c_elena,to,1
m007623,c_taylor,to,2
m007623,c_chris,cc,3
m007624,c_maya,to,0
m007625,c_noah,to,0
m007625,c_elena,to,1
m007625,c_taylor,to,2
m007625,c_chris,cc,3
m007626,c_maya,to,0
m007627,c_noah,to,0
m007627,c_elena,to,1
m007627,c_taylor,to,2
m007627,c_chris,cc,3
m007628,c_maya,to,0
m007629,c_noah,to,0
m007629,c_elena,to,1
m007629,c_taylor,to,2
m007629,c_chris,cc,3
m007630,c_maya,to,0
m007631,c_noah,to,0
m007631,c_elena,to,1
m007631,c_taylor,to,2
m007631,c_chris,cc,3
m007632,c_maya,to,0
m007633,c_noah,to,0
m007633,c_elena,to,1
m007633,c_taylor,to,2
m007633,c_chris,cc,3
m007634,c_maya,to,0
m007635,c_noah,to,0
m007635,c_elena,to,1
m007635,c_taylor,to,2
m007635,c_chris,cc,3
m007636,c_maya,to,0
m007637,c_noah,to,0
m007637,c_elena,to,1
m007637,c_taylor,to,2
m007637,c_chris,cc,3
m007638,c_maya,to,0
m007639,c_noah,to,0
m007639,c_elena,to,1
m007639,c_taylor,to,2
m007639,c_chris,cc,3
m007640,c_maya,to,0
m007641,c_noah,to,0
m007641,c_elena,to,1
m007641,c_taylor,to,2
m007641,c_chris,cc,3
m007642,c_maya,to,0
m007643,c_noah,to,0
m007643,c_elena,to,1
m007643,c_taylor,to,2
m007643,c_chris,cc,3
m007644,c_maya,to,0
m007645,c_noah,to,0
m007645,c_elena,to,1
m007645,c_taylor,to,2
m007645,c_chris,cc,3
m007646,c_maya,to,0
m007647,c_noah,to,0
m007647,c_elena,to,1
m007647,c_taylor,to,2
m007647,c_chris,cc,3
m007648,c_maya,to,0
m007649,c_noah,to,0
m007649,c_elena,to,1
m007649,c_taylor,to,2
m007649,c_chris,cc,3
m007650,c_maya,to,0
m007651,c_noah,to,0
m007651,c_elena,to,1
m007651,c_taylor,to,2
m007651,c_chris,cc,3
m007652,c_maya,to,0
m007653,c_noah,to,0
m007653,c_elena,to,1
m007653,c_taylor,to,2
m007653,c_chris,cc,3
m007654,c_maya,to,0
m007655,c_noah,to,0
m007655,c_elena,to,1
m007655,c_taylor,to,2
m007655,c_chris,cc,3
m007656,c_maya,to,0
m007657,c_noah,to,0
m007657,c_elena,to,1
m007657,c_taylor,to,2
m007657,c_chris,cc,3
m007658,c_maya,to,0
m007659,c_noah,to,0
m007659,c_elena,to,1
m007659,c_taylor,to,2
m007659,c_chris,cc,3
m007660,c_maya,to,0
m007661,c_noah,to,0
m007661,c_elena,to,1
m007661,c_taylor,to,2
m007661,c_chris,cc,3
m007662,c_maya,to,0
m007663,c_noah,to,0
m007663,c_elena,to,1
m007663,c_taylor,to,2
m007663,c_chris,cc,3
m007664,c_maya,to,0
m007665,c_noah,to,0
m007665,c_elena,to,1
m007665,c_taylor,to,2
m007665,c_chris,cc,3
m007666,c_maya,to,0
m007667,c_noah,to,0
m007667,c_elena,to,1
m007667,c_taylor,to,2
m007667,c_chris,cc,3
m007668,c_maya,to,0
m007669,c_noah,to,0
m007669,c_elena,to,1
m007669,c_taylor,to,2
m007669,c_chris,cc,3
m007670,c_maya,to,0
m007671,c_noah,to,0
m007671,c_elena,to,1
m007671,c_taylor,to,2
m007671,c_chris,cc,3
m007672,c_maya,to,0
m007673,c_noah,to,0
m007673,c_elena,to,1
m007673,c_taylor,to,2
m007673,c_chris,cc,3
m007674,c_maya,to,0
m007675,c_noah,to,0
m007675,c_elena,to,1
m007675,c_taylor,to,2
m007675,c_chris,cc,3
m007676,c_maya,to,0
m007677,c_noah,to,0
m007677,c_elena,to,1
m007677,c_taylor,to,2
m007677,c_chris,cc,3
m007678,c_maya,to,0
m007679,c_noah,to,0
m007679,c_elena,to,1
m007679,c_taylor,to,2
m007679,c_chris,cc,3
m007680,c_maya,to,0
m007681,c_noah,to,0
m007681,c_elena,to,1
m007681,c_taylor,to,2
m007681,c_chris,cc,3
m007682,c_maya,to,0
m007683,c_noah,to,0
m007683,c_elena,to,1
m007683,c_taylor,to,2
m007683,c_chris,cc,3
m007684,c_maya,to,0
m007685,c_noah,to,0
m007685,c_elena,to,1
m007685,c_taylor,to,2
m007685,c_chris,cc,3
m007686,c_maya,to,0
m007687,c_noah,to,0
m007687,c_elena,to,1
m007687,c_taylor,to,2
m007687,c_chris,cc,3
m007688,c_maya,to,0
m007689,c_noah,to,0
m007689,c_elena,to,1
m007689,c_taylor,to,2
m007689,c_chris,cc,3
m007690,c_maya,to,0
m007691,c_noah,to,0
m007691,c_elena,to,1
m007691,c_taylor,to,2
m007691,c_chris,cc,3
m007692,c_maya,to,0
m007693,c_noah,to,0
m007693,c_elena,to,1
m007693,c_taylor,to,2
m007693,c_chris,cc,3
m007694,c_maya,to,0
m007695,c_noah,to,0
m007695,c_elena,to,1
m007695,c_taylor,to,2
m007695,c_chris,cc,3
m007696,c_maya,to,0
m007697,c_chris,to,0
m007697,c_noah,to,1
m007697,c_elena,to,2
m007697,c_marcus,cc,3
m007698,c_maya,to,0
m007699,c_chris,to,0
m007699,c_noah,to,1
m007699,c_elena,to,2
m007699,c_marcus,cc,3
m007700,c_maya,to,0
m007701,c_chris,to,0
m007701,c_noah,to,1
m007701,c_elena,to,2
m007701,c_marcus,cc,3
m007702,c_maya,to,0
m007703,c_chris,to,0
m007703,c_noah,to,1
m007703,c_elena,to,2
m007703,c_marcus,cc,3
m007704,c_maya,to,0
m007705,c_priya,to,0
m007705,c_quinn,cc,1
m007706,c_maya,to,0
m007707,c_priya,to,0
m007707,c_quinn,cc,1
m007708,c_maya,to,0
m007709,c_priya,to,0
m007709,c_quinn,cc,1
m007710,c_maya,to,0
m007711,c_priya,to,0
m007711,c_quinn,cc,1
m007712,c_maya,to,0
m007713,c_priya,to,0
m007713,c_quinn,cc,1
m007714,c_maya,to,0
m007715,c_priya,to,0
m007715,c_quinn,cc,1
m007716,c_maya,to,0
m007717,c_elena,to,0
m007717,c_taylor,to,1
m007717,c_lena,to,2
m007718,c_noah,to,0
m007719,c_elena,to,0
m007719,c_taylor,to,1
m007719,c_lena,to,2
m007720,c_noah,to,0
m007721,c_elena,to,0
m007721,c_taylor,to,1
m007721,c_lena,to,2
m007722,c_noah,to,0
m007723,c_elena,to,0
m007723,c_taylor,to,1
m007723,c_lena,to,2
m007724,c_noah,to,0
m007725,c_elena,to,0
m007725,c_taylor,to,1
m007725,c_lena,to,2
m007726,c_noah,to,0
m007727,c_elena,to,0
m007727,c_taylor,to,1
m007727,c_lena,to,2
m007728,c_noah,to,0
m007729,c_noah,to,0
m007729,c_taylor,to,1
m007729,c_chris,cc,2
m007730,c_elena,to,0
m007731,c_noah,to,0
m007731,c_taylor,to,1
m007731,c_chris,cc,2
m007732,c_elena,to,0
m007733,c_noah,to,0
m007733,c_taylor,to,1
m007733,c_chris,cc,2
m007734,c_elena,to,0
m007735,c_noah,to,0
m007735,c_taylor,to,1
m007735,c_chris,cc,2
m007736,c_elena,to,0
m007737,c_noah,to,0
m007738,c_taylor,to,0
m007739,c_noah,to,0
m007740,c_taylor,to,0
m007741,c_avery,to,0
m007741,c_devon,to,1
m007742,c_alex_chan,to,0
m007743,c_avery,to,0
m007743,c_devon,to,1
m007744,c_alex_chan,to,0
m007745,c_maya,to,0
m007746,c_alex_chen,to,0
m007747,c_quinn,to,0
m007748,c_priya,to,0
m007749,c_marcus,to,0
m007750,c_chris,to,0
m007751,c_marcus,to,0
m007752,c_chris,to,0
m007753,c_hana,to,0
m007754,c_sam,to,0
m007755,c_alex_chan,to,0
m007756,c_maya,to,0
m007757,c_alex_chan,to,0
m007758,c_maya,to,0
m007759,c_alex_chan,to,0
m007760,c_maya,to,0
m007761,c_alex_chan,to,0
m007762,c_maya,to,0
m007763,c_alex_chan,to,0
m007764,c_maya,to,0
m007765,c_alex_chan,to,0
m007766,c_maya,to,0
m007767,c_jamie_lee,to,0
m007768,c_maya,to,0
m007769,c_jamie_lee,to,0
m007770,c_maya,to,0
m007771,c_jamie_lee,to,0
m007772,c_maya,to,0
m007773,c_jamie_lee,to,0
m007774,c_maya,to,0
m007775,c_jamie_lee,to,0
m007776,c_maya,to,0
m007777,c_jamie_lee,to,0
m007778,c_maya,to,0
m007779,c_morgan_shaw,to,0
m007780,c_maya,to,0
m007781,c_morgan_shaw,to,0
m007782,c_maya,to,0
m007783,c_morgan_shaw,to,0
m007784,c_maya,to,0
m007785,c_morgan_shaw,to,0
m007786,c_maya,to,0
m007787,c_morgan_shaw,to,0
m007788,c_maya,to,0
m007789,c_morgan_shaw,to,0
m007790,c_maya,to,0
m007791,c_alex_chen,to,0
m007792,c_maya,to,0
m007793,c_alex_chen,to,0
m007794,c_maya,to,0
m007795,c_alex_chen,to,0
m007796,c_maya,to,0
m007797,c_alex_chen,to,0
m007798,c_maya,to,0
m007799,c_jamie_li,to,0
m007800,c_maya,to,0
m007801,c_jamie_li,to,0
m007802,c_maya,to,0
m007803,c_jamie_li,to,0
m007804,c_maya,to,0
m007805,c_jamie_li,to,0
m007806,c_maya,to,0
m007807,c_morgan_zhao,to,0
m007808,c_maya,to,0
m007809,c_morgan_zhao,to,0
m007810,c_maya,to,0
m007811,c_morgan_zhao,to,0
m007812,c_maya,to,0
m007813,c_morgan_zhao,to,0
m007814,c_maya,to,0
m007815,c_lee,to,0
m007816,c_maya,to,0
m007817,c_lee,to,0
m007818,c_maya,to,0
m007819,c_lee,to,0
m007820,c_maya,to,0
m007821,c_lee,to,0
m007822,c_maya,to,0
m007823,c_lee,to,0
m007824,c_maya,to,0
m007825,c_lee,to,0
m007826,c_maya,to,0
m007827,c_pat,to,0
m007828,c_maya,to,0
m007829,c_pat,to,0
m007830,c_maya,to,0
m007831,c_pat,to,0
m007832,c_maya,to,0
m007833,c_pat,to,0
m007834,c_maya,to,0
m007835,c_pat,to,0
m007836,c_maya,to,0
m007837,c_pat,to,0
m007838,c_maya,to,0
m007839,c_ren,to,0
m007840,c_maya,to,0
m007841,c_ren,to,0
m007842,c_maya,to,0
m007843,c_ren,to,0
m007844,c_maya,to,0
m007845,c_ren,to,0
m007846,c_maya,to,0
m007847,c_ren,to,0
m007848,c_maya,to,0
m007849,c_ren,to,0
m007850,c_maya,to,0
m007851,c_sam,to,0
m007852,c_maya,to,0
m007853,c_hana,to,0
m007854,c_maya,to,0
m007855,c_fac_001,to,0
m007856,c_maya,to,0
m007857,c_fac_002,to,0
m007858,c_maya,to,0
m007859,c_fac_003,to,0
m007860,c_maya,to,0
m007861,c_fac_004,to,0
m007862,c_maya,to,0
m007863,c_fac_005,to,0
m007864,c_maya,to,0
m007865,c_fac_006,to,0
m007866,c_maya,to,0
m007867,c_fac_007,to,0
m007868,c_maya,to,0
m007869,c_fac_008,to,0
m007870,c_maya,to,0
m007871,c_fac_009,to,0
m007872,c_maya,to,0
m007873,c_fac_010,to,0
m007874,c_maya,to,0
m007875,c_fac_011,to,0
m007876,c_maya,to,0
m007877,c_fac_012,to,0
m007878,c_maya,to,0
m007879,c_fac_013,to,0
m007880,c_maya,to,0
m007881,c_fac_014,to,0
m007882,c_maya,to,0
m007883,c_fac_015,to,0
m007884,c_maya,to,0
m007885,c_fac_016,to,0
m007886,c_maya,to,0
m007887,c_fac_017,to,0
m007888,c_maya,to,0
m007889,c_noah,to,0
m007889,c_elena,to,1
m007889,c_taylor,to,2
m007889,c_chris,cc,3
m007890,c_maya,to,0
m007891,c_noah,to,0
m007891,c_elena,to,1
m007891,c_taylor,to,2
m007891,c_chris,cc,3
m007892,c_maya,to,0
m007893,c_noah,to,0
m007893,c_elena,to,1
m007893,c_taylor,to,2
m007893,c_chris,cc,3
m007894,c_maya,to,0
m007895,c_noah,to,0
m007895,c_elena,to,1
m007895,c_taylor,to,2
m007895,c_chris,cc,3
m007896,c_maya,to,0
m007897,c_noah,to,0
m007897,c_elena,to,1
m007897,c_taylor,to,2
m007897,c_chris,cc,3
m007898,c_maya,to,0
m007899,c_noah,to,0
m007899,c_elena,to,1
m007899,c_taylor,to,2
m007899,c_chris,cc,3
m007900,c_maya,to,0
m007901,c_noah,to,0
m007901,c_elena,to,1
m007901,c_taylor,to,2
m007901,c_chris,cc,3
m007902,c_maya,to,0
m007903,c_noah,to,0
m007903,c_elena,to,1
m007903,c_taylor,to,2
m007903,c_chris,cc,3
m007904,c_maya,to,0
m007905,c_noah,to,0
m007905,c_elena,to,1
m007905,c_taylor,to,2
m007905,c_chris,cc,3
m007906,c_maya,to,0
m007907,c_noah,to,0
m007907,c_elena,to,1
m007907,c_taylor,to,2
m007907,c_chris,cc,3
m007908,c_maya,to,0
m007909,c_noah,to,0
m007909,c_elena,to,1
m007909,c_taylor,to,2
m007909,c_chris,cc,3
m007910,c_maya,to,0
m007911,c_noah,to,0
m007911,c_elena,to,1
m007911,c_taylor,to,2
m007911,c_chris,cc,3
m007912,c_maya,to,0
m007913,c_noah,to,0
m007913,c_elena,to,1
m007913,c_taylor,to,2
m007913,c_chris,cc,3
m007914,c_maya,to,0
m007915,c_noah,to,0
m007915,c_elena,to,1
m007915,c_taylor,to,2
m007915,c_chris,cc,3
m007916,c_maya,to,0
m007917,c_noah,to,0
m007917,c_elena,to,1
m007917,c_taylor,to,2
m007917,c_chris,cc,3
m007918,c_maya,to,0
m007919,c_noah,to,0
m007919,c_elena,to,1
m007919,c_taylor,to,2
m007919,c_chris,cc,3
m007920,c_maya,to,0
m007921,c_noah,to,0
m007921,c_elena,to,1
m007921,c_taylor,to,2
m007921,c_chris,cc,3
m007922,c_maya,to,0
m007923,c_noah,to,0
m007923,c_elena,to,1
m007923,c_taylor,to,2
m007923,c_chris,cc,3
m007924,c_maya,to,0
m007925,c_noah,to,0
m007925,c_elena,to,1
m007925,c_taylor,to,2
m007925,c_chris,cc,3
m007926,c_maya,to,0
m007927,c_noah,to,0
m007927,c_elena,to,1
m007927,c_taylor,to,2
m007927,c_chris,cc,3
m007928,c_maya,to,0
m007929,c_noah,to,0
m007929,c_elena,to,1
m007929,c_taylor,to,2
m007929,c_chris,cc,3
m007930,c_maya,to,0
m007931,c_noah,to,0
m007931,c_elena,to,1
m007931,c_taylor,to,2
m007931,c_chris,cc,3
m007932,c_maya,to,0
m007933,c_noah,to,0
m007933,c_elena,to,1
m007933,c_taylor,to,2
m007933,c_chris,cc,3
m007934,c_maya,to,0
m007935,c_noah,to,0
m007935,c_elena,to,1
m007935,c_taylor,to,2
m007935,c_chris,cc,3
m007936,c_maya,to,0
m007937,c_noah,to,0
m007937,c_elena,to,1
m007937,c_taylor,to,2
m007937,c_chris,cc,3
m007938,c_maya,to,0
m007939,c_noah,to,0
m007939,c_elena,to,1
m007939,c_taylor,to,2
m007939,c_chris,cc,3
m007940,c_maya,to,0
m007941,c_noah,to,0
m007941,c_elena,to,1
m007941,c_taylor,to,2
m007941,c_chris,cc,3
m007942,c_maya,to,0
m007943,c_noah,to,0
m007943,c_elena,to,1
m007943,c_taylor,to,2
m007943,c_chris,cc,3
m007944,c_maya,to,0
m007945,c_noah,to,0
m007945,c_elena,to,1
m007945,c_taylor,to,2
m007945,c_chris,cc,3
m007946,c_maya,to,0
m007947,c_noah,to,0
m007947,c_elena,to,1
m007947,c_taylor,to,2
m007947,c_chris,cc,3
m007948,c_maya,to,0
m007949,c_noah,to,0
m007949,c_elena,to,1
m007949,c_taylor,to,2
m007949,c_chris,cc,3
m007950,c_maya,to,0
m007951,c_noah,to,0
m007951,c_elena,to,1
m007951,c_taylor,to,2
m007951,c_chris,cc,3
m007952,c_maya,to,0
m007953,c_noah,to,0
m007953,c_elena,to,1
m007953,c_taylor,to,2
m007953,c_chris,cc,3
m007954,c_maya,to,0
m007955,c_noah,to,0
m007955,c_elena,to,1
m007955,c_taylor,to,2
m007955,c_chris,cc,3
m007956,c_maya,to,0
m007957,c_noah,to,0
m007957,c_elena,to,1
m007957,c_taylor,to,2
m007957,c_chris,cc,3
m007958,c_maya,to,0
m007959,c_noah,to,0
m007959,c_elena,to,1
m007959,c_taylor,to,2
m007959,c_chris,cc,3
m007960,c_maya,to,0
m007961,c_noah,to,0
m007961,c_elena,to,1
m007961,c_taylor,to,2
m007961,c_chris,cc,3
m007962,c_maya,to,0
m007963,c_noah,to,0
m007963,c_elena,to,1
m007963,c_taylor,to,2
m007963,c_chris,cc,3
m007964,c_maya,to,0
m007965,c_noah,to,0
m007965,c_elena,to,1
m007965,c_taylor,to,2
m007965,c_chris,cc,3
m007966,c_maya,to,0
m007967,c_noah,to,0
m007967,c_elena,to,1
m007967,c_taylor,to,2
m007967,c_chris,cc,3
m007968,c_maya,to,0
m007969,c_chris,to,0
m007969,c_noah,to,1
m007969,c_elena,to,2
m007969,c_marcus,cc,3
m007970,c_maya,to,0
m007971,c_chris,to,0
m007971,c_noah,to,1
m007971,c_elena,to,2
m007971,c_marcus,cc,3
m007972,c_maya,to,0
m007973,c_chris,to,0
m007973,c_noah,to,1
m007973,c_elena,to,2
m007973,c_marcus,cc,3
m007974,c_maya,to,0
m007975,c_chris,to,0
m007975,c_noah,to,1
m007975,c_elena,to,2
m007975,c_marcus,cc,3
m007976,c_maya,to,0
m007977,c_priya,to,0
m007977,c_quinn,cc,1
m007978,c_maya,to,0
m007979,c_priya,to,0
m007979,c_quinn,cc,1
m007980,c_maya,to,0
m007981,c_priya,to,0
m007981,c_quinn,cc,1
m007982,c_maya,to,0
m007983,c_priya,to,0
m007983,c_quinn,cc,1
m007984,c_maya,to,0
m007985,c_priya,to,0
m007985,c_quinn,cc,1
m007986,c_maya,to,0
m007987,c_priya,to,0
m007987,c_quinn,cc,1
m007988,c_maya,to,0
m007989,c_elena,to,0
m007989,c_taylor,to,1
m007989,c_lena,to,2
m007990,c_noah,to,0
m007991,c_elena,to,0
m007991,c_taylor,to,1
m007991,c_lena,to,2
m007992,c_noah,to,0
m007993,c_elena,to,0
m007993,c_taylor,to,1
m007993,c_lena,to,2
m007994,c_noah,to,0
m007995,c_elena,to,0
m007995,c_taylor,to,1
m007995,c_lena,to,2
m007996,c_noah,to,0
m007997,c_elena,to,0
m007997,c_taylor,to,1
m007997,c_lena,to,2
m007998,c_noah,to,0
m007999,c_elena,to,0
m007999,c_taylor,to,1
m007999,c_lena,to,2
m008000,c_noah,to,0
m008001,c_noah,to,0
m008001,c_taylor,to,1
m008001,c_chris,cc,2
m008002,c_elena,to,0
m008003,c_noah,to,0
m008003,c_taylor,to,1
m008003,c_chris,cc,2
m008004,c_elena,to,0
m008005,c_noah,to,0
m008005,c_taylor,to,1
m008005,c_chris,cc,2
m008006,c_elena,to,0
m008007,c_noah,to,0
m008007,c_taylor,to,1
m008007,c_chris,cc,2
m008008,c_elena,to,0
m008009,c_noah,to,0
m008010,c_taylor,to,0
m008011,c_noah,to,0
m008012,c_taylor,to,0
m008013,c_avery,to,0
m008013,c_devon,to,1
m008014,c_alex_chan,to,0
m008015,c_avery,to,0
m008015,c_devon,to,1
m008016,c_alex_chan,to,0
m008017,c_maya,to,0
m008018,c_alex_chen,to,0
m008019,c_quinn,to,0
m008020,c_priya,to,0
m008021,c_marcus,to,0
m008022,c_chris,to,0
m008023,c_marcus,to,0
m008024,c_chris,to,0
m008025,c_hana,to,0
m008026,c_sam,to,0
m008027,c_alex_chan,to,0
m008028,c_maya,to,0
m008029,c_alex_chan,to,0
m008030,c_maya,to,0
m008031,c_alex_chan,to,0
m008032,c_maya,to,0
m008033,c_alex_chan,to,0
m008034,c_maya,to,0
m008035,c_alex_chan,to,0
m008036,c_maya,to,0
m008037,c_alex_chan,to,0
m008038,c_maya,to,0
m008039,c_jamie_lee,to,0
m008040,c_maya,to,0
m008041,c_jamie_lee,to,0
m008042,c_maya,to,0
m008043,c_jamie_lee,to,0
m008044,c_maya,to,0
m008045,c_jamie_lee,to,0
m008046,c_maya,to,0
m008047,c_jamie_lee,to,0
m008048,c_maya,to,0
m008049,c_jamie_lee,to,0
m008050,c_maya,to,0
m008051,c_morgan_shaw,to,0
m008052,c_maya,to,0
m008053,c_morgan_shaw,to,0
m008054,c_maya,to,0
m008055,c_morgan_shaw,to,0
m008056,c_maya,to,0
m008057,c_morgan_shaw,to,0
m008058,c_maya,to,0
m008059,c_morgan_shaw,to,0
m008060,c_maya,to,0
m008061,c_morgan_shaw,to,0
m008062,c_maya,to,0
m008063,c_alex_chen,to,0
m008064,c_maya,to,0
m008065,c_alex_chen,to,0
m008066,c_maya,to,0
m008067,c_alex_chen,to,0
m008068,c_maya,to,0
m008069,c_alex_chen,to,0
m008070,c_maya,to,0
m008071,c_jamie_li,to,0
m008072,c_maya,to,0
m008073,c_jamie_li,to,0
m008074,c_maya,to,0
m008075,c_jamie_li,to,0
m008076,c_maya,to,0
m008077,c_jamie_li,to,0
m008078,c_maya,to,0
m008079,c_morgan_zhao,to,0
m008080,c_maya,to,0
m008081,c_morgan_zhao,to,0
m008082,c_maya,to,0
m008083,c_morgan_zhao,to,0
m008084,c_maya,to,0
m008085,c_morgan_zhao,to,0
m008086,c_maya,to,0
m008087,c_lee,to,0
m008088,c_maya,to,0
m008089,c_lee,to,0
m008090,c_maya,to,0
m008091,c_lee,to,0
m008092,c_maya,to,0
m008093,c_lee,to,0
m008094,c_maya,to,0
m008095,c_lee,to,0
m008096,c_maya,to,0
m008097,c_lee,to,0
m008098,c_maya,to,0
m008099,c_pat,to,0
m008100,c_maya,to,0
m008101,c_pat,to,0
m008102,c_maya,to,0
m008103,c_pat,to,0
m008104,c_maya,to,0
m008105,c_pat,to,0
m008106,c_maya,to,0
m008107,c_pat,to,0
m008108,c_maya,to,0
m008109,c_pat,to,0
m008110,c_maya,to,0
m008111,c_ren,to,0
m008112,c_maya,to,0
m008113,c_ren,to,0
m008114,c_maya,to,0
m008115,c_ren,to,0
m008116,c_maya,to,0
m008117,c_ren,to,0
m008118,c_maya,to,0
m008119,c_ren,to,0
m008120,c_maya,to,0
m008121,c_ren,to,0
m008122,c_maya,to,0
m008123,c_sam,to,0
m008124,c_maya,to,0
m008125,c_hana,to,0
m008126,c_maya,to,0
m008127,c_fac_001,to,0
m008128,c_maya,to,0
m008129,c_fac_002,to,0
m008130,c_maya,to,0
m008131,c_fac_003,to,0
m008132,c_maya,to,0
m008133,c_fac_004,to,0
m008134,c_maya,to,0
m008135,c_fac_005,to,0
m008136,c_maya,to,0
m008137,c_fac_006,to,0
m008138,c_maya,to,0
m008139,c_fac_007,to,0
m008140,c_maya,to,0
m008141,c_fac_008,to,0
m008142,c_maya,to,0
m008143,c_fac_009,to,0
m008144,c_maya,to,0
m008145,c_fac_010,to,0
m008146,c_maya,to,0
m008147,c_fac_011,to,0
m008148,c_maya,to,0
m008149,c_fac_012,to,0
m008150,c_maya,to,0
m008151,c_fac_013,to,0
m008152,c_maya,to,0
m008153,c_fac_014,to,0
m008154,c_maya,to,0
m008155,c_fac_015,to,0
m008156,c_maya,to,0
m008157,c_fac_016,to,0
m008158,c_maya,to,0
m008159,c_fac_017,to,0
m008160,c_maya,to,0
m008161,c_noah,to,0
m008161,c_elena,to,1
m008161,c_taylor,to,2
m008161,c_chris,cc,3
m008162,c_maya,to,0
m008163,c_noah,to,0
m008163,c_elena,to,1
m008163,c_taylor,to,2
m008163,c_chris,cc,3
m008164,c_maya,to,0
m008165,c_noah,to,0
m008165,c_elena,to,1
m008165,c_taylor,to,2
m008165,c_chris,cc,3
m008166,c_maya,to,0
m008167,c_noah,to,0
m008167,c_elena,to,1
m008167,c_taylor,to,2
m008167,c_chris,cc,3
m008168,c_maya,to,0
m008169,c_noah,to,0
m008169,c_elena,to,1
m008169,c_taylor,to,2
m008169,c_chris,cc,3
m008170,c_maya,to,0
m008171,c_noah,to,0
m008171,c_elena,to,1
m008171,c_taylor,to,2
m008171,c_chris,cc,3
m008172,c_maya,to,0
m008173,c_noah,to,0
m008173,c_elena,to,1
m008173,c_taylor,to,2
m008173,c_chris,cc,3
m008174,c_maya,to,0
m008175,c_noah,to,0
m008175,c_elena,to,1
m008175,c_taylor,to,2
m008175,c_chris,cc,3
m008176,c_maya,to,0
m008177,c_noah,to,0
m008177,c_elena,to,1
m008177,c_taylor,to,2
m008177,c_chris,cc,3
m008178,c_maya,to,0
m008179,c_noah,to,0
m008179,c_elena,to,1
m008179,c_taylor,to,2
m008179,c_chris,cc,3
m008180,c_maya,to,0
m008181,c_noah,to,0
m008181,c_elena,to,1
m008181,c_taylor,to,2
m008181,c_chris,cc,3
m008182,c_maya,to,0
m008183,c_noah,to,0
m008183,c_elena,to,1
m008183,c_taylor,to,2
m008183,c_chris,cc,3
m008184,c_maya,to,0
m008185,c_noah,to,0
m008185,c_elena,to,1
m008185,c_taylor,to,2
m008185,c_chris,cc,3
m008186,c_maya,to,0
m008187,c_noah,to,0
m008187,c_elena,to,1
m008187,c_taylor,to,2
m008187,c_chris,cc,3
m008188,c_maya,to,0
m008189,c_noah,to,0
m008189,c_elena,to,1
m008189,c_taylor,to,2
m008189,c_chris,cc,3
m008190,c_maya,to,0
m008191,c_noah,to,0
m008191,c_elena,to,1
m008191,c_taylor,to,2
m008191,c_chris,cc,3
m008192,c_maya,to,0
m008193,c_noah,to,0
m008193,c_elena,to,1
m008193,c_taylor,to,2
m008193,c_chris,cc,3
m008194,c_maya,to,0
m008195,c_noah,to,0
m008195,c_elena,to,1
m008195,c_taylor,to,2
m008195,c_chris,cc,3
m008196,c_maya,to,0
m008197,c_noah,to,0
m008197,c_elena,to,1
m008197,c_taylor,to,2
m008197,c_chris,cc,3
m008198,c_maya,to,0
m008199,c_noah,to,0
m008199,c_elena,to,1
m008199,c_taylor,to,2
m008199,c_chris,cc,3
m008200,c_maya,to,0
m008201,c_noah,to,0
m008201,c_elena,to,1
m008201,c_taylor,to,2
m008201,c_chris,cc,3
m008202,c_maya,to,0
m008203,c_noah,to,0
m008203,c_elena,to,1
m008203,c_taylor,to,2
m008203,c_chris,cc,3
m008204,c_maya,to,0
m008205,c_noah,to,0
m008205,c_elena,to,1
m008205,c_taylor,to,2
m008205,c_chris,cc,3
m008206,c_maya,to,0
m008207,c_noah,to,0
m008207,c_elena,to,1
m008207,c_taylor,to,2
m008207,c_chris,cc,3
m008208,c_maya,to,0
m008209,c_noah,to,0
m008209,c_elena,to,1
m008209,c_taylor,to,2
m008209,c_chris,cc,3
m008210,c_maya,to,0
m008211,c_noah,to,0
m008211,c_elena,to,1
m008211,c_taylor,to,2
m008211,c_chris,cc,3
m008212,c_maya,to,0
m008213,c_noah,to,0
m008213,c_elena,to,1
m008213,c_taylor,to,2
m008213,c_chris,cc,3
m008214,c_maya,to,0
m008215,c_noah,to,0
m008215,c_elena,to,1
m008215,c_taylor,to,2
m008215,c_chris,cc,3
m008216,c_maya,to,0
m008217,c_noah,to,0
m008217,c_elena,to,1
m008217,c_taylor,to,2
m008217,c_chris,cc,3
m008218,c_maya,to,0
m008219,c_noah,to,0
m008219,c_elena,to,1
m008219,c_taylor,to,2
m008219,c_chris,cc,3
m008220,c_maya,to,0
m008221,c_noah,to,0
m008221,c_elena,to,1
m008221,c_taylor,to,2
m008221,c_chris,cc,3
m008222,c_maya,to,0
m008223,c_noah,to,0
m008223,c_elena,to,1
m008223,c_taylor,to,2
m008223,c_chris,cc,3
m008224,c_maya,to,0
m008225,c_noah,to,0
m008225,c_elena,to,1
m008225,c_taylor,to,2
m008225,c_chris,cc,3
m008226,c_maya,to,0
m008227,c_noah,to,0
m008227,c_elena,to,1
m008227,c_taylor,to,2
m008227,c_chris,cc,3
m008228,c_maya,to,0
m008229,c_noah,to,0
m008229,c_elena,to,1
m008229,c_taylor,to,2
m008229,c_chris,cc,3
m008230,c_maya,to,0
m008231,c_noah,to,0
m008231,c_elena,to,1
m008231,c_taylor,to,2
m008231,c_chris,cc,3
m008232,c_maya,to,0
m008233,c_noah,to,0
m008233,c_elena,to,1
m008233,c_taylor,to,2
m008233,c_chris,cc,3
m008234,c_maya,to,0
m008235,c_noah,to,0
m008235,c_elena,to,1
m008235,c_taylor,to,2
m008235,c_chris,cc,3
m008236,c_maya,to,0
m008237,c_noah,to,0
m008237,c_elena,to,1
m008237,c_taylor,to,2
m008237,c_chris,cc,3
m008238,c_maya,to,0
m008239,c_noah,to,0
m008239,c_elena,to,1
m008239,c_taylor,to,2
m008239,c_chris,cc,3
m008240,c_maya,to,0
m008241,c_chris,to,0
m008241,c_noah,to,1
m008241,c_elena,to,2
m008241,c_marcus,cc,3
m008242,c_maya,to,0
m008243,c_chris,to,0
m008243,c_noah,to,1
m008243,c_elena,to,2
m008243,c_marcus,cc,3
m008244,c_maya,to,0
m008245,c_chris,to,0
m008245,c_noah,to,1
m008245,c_elena,to,2
m008245,c_marcus,cc,3
m008246,c_maya,to,0
m008247,c_chris,to,0
m008247,c_noah,to,1
m008247,c_elena,to,2
m008247,c_marcus,cc,3
m008248,c_maya,to,0
m008249,c_priya,to,0
m008249,c_quinn,cc,1
m008250,c_maya,to,0
m008251,c_priya,to,0
m008251,c_quinn,cc,1
m008252,c_maya,to,0
m008253,c_priya,to,0
m008253,c_quinn,cc,1
m008254,c_maya,to,0
m008255,c_priya,to,0
m008255,c_quinn,cc,1
m008256,c_maya,to,0
m008257,c_priya,to,0
m008257,c_quinn,cc,1
m008258,c_maya,to,0
m008259,c_priya,to,0
m008259,c_quinn,cc,1
m008260,c_maya,to,0
m008261,c_elena,to,0
m008261,c_taylor,to,1
m008261,c_lena,to,2
m008262,c_noah,to,0
m008263,c_elena,to,0
m008263,c_taylor,to,1
m008263,c_lena,to,2
m008264,c_noah,to,0
m008265,c_elena,to,0
m008265,c_taylor,to,1
m008265,c_lena,to,2
m008266,c_noah,to,0
m008267,c_elena,to,0
m008267,c_taylor,to,1
m008267,c_lena,to,2
m008268,c_noah,to,0
m008269,c_elena,to,0
m008269,c_taylor,to,1
m008269,c_lena,to,2
m008270,c_noah,to,0
m008271,c_elena,to,0
m008271,c_taylor,to,1
m008271,c_lena,to,2
m008272,c_noah,to,0
m008273,c_noah,to,0
m008273,c_taylor,to,1
m008273,c_chris,cc,2
m008274,c_elena,to,0
m008275,c_noah,to,0
m008275,c_taylor,to,1
m008275,c_chris,cc,2
m008276,c_elena,to,0
m008277,c_noah,to,0
m008277,c_taylor,to,1
m008277,c_chris,cc,2
m008278,c_elena,to,0
m008279,c_noah,to,0
m008279,c_taylor,to,1
m008279,c_chris,cc,2
m008280,c_elena,to,0
m008281,c_noah,to,0
m008282,c_taylor,to,0
m008283,c_noah,to,0
m008284,c_taylor,to,0
m008285,c_avery,to,0
m008285,c_devon,to,1
m008286,c_alex_chan,to,0
m008287,c_avery,to,0
m008287,c_devon,to,1
m008288,c_alex_chan,to,0
m008289,c_maya,to,0
m008290,c_alex_chen,to,0
m008291,c_quinn,to,0
m008292,c_priya,to,0
m008293,c_marcus,to,0
m008294,c_chris,to,0
m008295,c_marcus,to,0
m008296,c_chris,to,0
m008297,c_hana,to,0
m008298,c_sam,to,0
m008299,c_alex_chan,to,0
m008300,c_maya,to,0
m008301,c_alex_chan,to,0
m008302,c_maya,to,0
m008303,c_alex_chan,to,0
m008304,c_maya,to,0
m008305,c_alex_chan,to,0
m008306,c_maya,to,0
m008307,c_alex_chan,to,0
m008308,c_maya,to,0
m008309,c_alex_chan,to,0
m008310,c_maya,to,0
m008311,c_jamie_lee,to,0
m008312,c_maya,to,0
m008313,c_jamie_lee,to,0
m008314,c_maya,to,0
m008315,c_jamie_lee,to,0
m008316,c_maya,to,0
m008317,c_jamie_lee,to,0
m008318,c_maya,to,0
m008319,c_jamie_lee,to,0
m008320,c_maya,to,0
m008321,c_jamie_lee,to,0
m008322,c_maya,to,0
m008323,c_morgan_shaw,to,0
m008324,c_maya,to,0
m008325,c_morgan_shaw,to,0
m008326,c_maya,to,0
m008327,c_morgan_shaw,to,0
m008328,c_maya,to,0
m008329,c_morgan_shaw,to,0
m008330,c_maya,to,0
m008331,c_morgan_shaw,to,0
m008332,c_maya,to,0
m008333,c_morgan_shaw,to,0
m008334,c_maya,to,0
m008335,c_alex_chen,to,0
m008336,c_maya,to,0
m008337,c_alex_chen,to,0
m008338,c_maya,to,0
m008339,c_alex_chen,to,0
m008340,c_maya,to,0
m008341,c_alex_chen,to,0
m008342,c_maya,to,0
m008343,c_jamie_li,to,0
m008344,c_maya,to,0
m008345,c_jamie_li,to,0
m008346,c_maya,to,0
m008347,c_jamie_li,to,0
m008348,c_maya,to,0
m008349,c_jamie_li,to,0
m008350,c_maya,to,0
m008351,c_morgan_zhao,to,0
m008352,c_maya,to,0
m008353,c_morgan_zhao,to,0
m008354,c_maya,to,0
m008355,c_morgan_zhao,to,0
m008356,c_maya,to,0
m008357,c_morgan_zhao,to,0
m008358,c_maya,to,0
m008359,c_lee,to,0
m008360,c_maya,to,0
m008361,c_lee,to,0
m008362,c_maya,to,0
m008363,c_lee,to,0
m008364,c_maya,to,0
m008365,c_lee,to,0
m008366,c_maya,to,0
m008367,c_lee,to,0
m008368,c_maya,to,0
m008369,c_lee,to,0
m008370,c_maya,to,0
m008371,c_pat,to,0
m008372,c_maya,to,0
m008373,c_pat,to,0
m008374,c_maya,to,0
m008375,c_pat,to,0
m008376,c_maya,to,0
m008377,c_pat,to,0
m008378,c_maya,to,0
m008379,c_pat,to,0
m008380,c_maya,to,0
m008381,c_pat,to,0
m008382,c_maya,to,0
m008383,c_ren,to,0
m008384,c_maya,to,0
m008385,c_ren,to,0
m008386,c_maya,to,0
m008387,c_ren,to,0
m008388,c_maya,to,0
m008389,c_ren,to,0
m008390,c_maya,to,0
m008391,c_ren,to,0
m008392,c_maya,to,0
m008393,c_ren,to,0
m008394,c_maya,to,0
m008395,c_sam,to,0
m008396,c_maya,to,0
m008397,c_hana,to,0
m008398,c_maya,to,0
m008399,c_fac_001,to,0
m008400,c_maya,to,0
m008401,c_fac_002,to,0
m008402,c_maya,to,0
m008403,c_fac_003,to,0
m008404,c_maya,to,0
m008405,c_fac_004,to,0
m008406,c_maya,to,0
m008407,c_fac_005,to,0
m008408,c_maya,to,0
m008409,c_fac_006,to,0
m008410,c_maya,to,0
m008411,c_fac_007,to,0
m008412,c_maya,to,0
m008413,c_fac_008,to,0
m008414,c_maya,to,0
m008415,c_fac_009,to,0
m008416,c_maya,to,0
m008417,c_fac_010,to,0
m008418,c_maya,to,0
m008419,c_fac_011,to,0
m008420,c_maya,to,0
m008421,c_fac_012,to,0
m008422,c_maya,to,0
m008423,c_fac_013,to,0
m008424,c_maya,to,0
m008425,c_fac_014,to,0
m008426,c_maya,to,0
m008427,c_fac_015,to,0
m008428,c_maya,to,0
m008429,c_fac_016,to,0
m008430,c_maya,to,0
m008431,c_fac_017,to,0
m008432,c_maya,to,0
m008433,c_noah,to,0
m008433,c_elena,to,1
m008433,c_taylor,to,2
m008433,c_chris,cc,3
m008434,c_maya,to,0
m008435,c_noah,to,0
m008435,c_elena,to,1
m008435,c_taylor,to,2
m008435,c_chris,cc,3
m008436,c_maya,to,0
m008437,c_noah,to,0
m008437,c_elena,to,1
m008437,c_taylor,to,2
m008437,c_chris,cc,3
m008438,c_maya,to,0
m008439,c_noah,to,0
m008439,c_elena,to,1
m008439,c_taylor,to,2
m008439,c_chris,cc,3
m008440,c_maya,to,0
m008441,c_noah,to,0
m008441,c_elena,to,1
m008441,c_taylor,to,2
m008441,c_chris,cc,3
m008442,c_maya,to,0
m008443,c_noah,to,0
m008443,c_elena,to,1
m008443,c_taylor,to,2
m008443,c_chris,cc,3
m008444,c_maya,to,0
m008445,c_noah,to,0
m008445,c_elena,to,1
m008445,c_taylor,to,2
m008445,c_chris,cc,3
m008446,c_maya,to,0
m008447,c_noah,to,0
m008447,c_elena,to,1
m008447,c_taylor,to,2
m008447,c_chris,cc,3
m008448,c_maya,to,0
m008449,c_noah,to,0
m008449,c_elena,to,1
m008449,c_taylor,to,2
m008449,c_chris,cc,3
m008450,c_maya,to,0
m008451,c_noah,to,0
m008451,c_elena,to,1
m008451,c_taylor,to,2
m008451,c_chris,cc,3
m008452,c_maya,to,0
m008453,c_noah,to,0
m008453,c_elena,to,1
m008453,c_taylor,to,2
m008453,c_chris,cc,3
m008454,c_maya,to,0
m008455,c_noah,to,0
m008455,c_elena,to,1
m008455,c_taylor,to,2
m008455,c_chris,cc,3
m008456,c_maya,to,0
m008457,c_noah,to,0
m008457,c_elena,to,1
m008457,c_taylor,to,2
m008457,c_chris,cc,3
m008458,c_maya,to,0
m008459,c_noah,to,0
m008459,c_elena,to,1
m008459,c_taylor,to,2
m008459,c_chris,cc,3
m008460,c_maya,to,0
m008461,c_noah,to,0
m008461,c_elena,to,1
m008461,c_taylor,to,2
m008461,c_chris,cc,3
m008462,c_maya,to,0
m008463,c_noah,to,0
m008463,c_elena,to,1
m008463,c_taylor,to,2
m008463,c_chris,cc,3
m008464,c_maya,to,0
m008465,c_noah,to,0
m008465,c_elena,to,1
m008465,c_taylor,to,2
m008465,c_chris,cc,3
m008466,c_maya,to,0
m008467,c_noah,to,0
m008467,c_elena,to,1
m008467,c_taylor,to,2
m008467,c_chris,cc,3
m008468,c_maya,to,0
m008469,c_noah,to,0
m008469,c_elena,to,1
m008469,c_taylor,to,2
m008469,c_chris,cc,3
m008470,c_maya,to,0
m008471,c_noah,to,0
m008471,c_elena,to,1
m008471,c_taylor,to,2
m008471,c_chris,cc,3
m008472,c_maya,to,0
m008473,c_noah,to,0
m008473,c_elena,to,1
m008473,c_taylor,to,2
m008473,c_chris,cc,3
m008474,c_maya,to,0
m008475,c_noah,to,0
m008475,c_elena,to,1
m008475,c_taylor,to,2
m008475,c_chris,cc,3
m008476,c_maya,to,0
m008477,c_noah,to,0
m008477,c_elena,to,1
m008477,c_taylor,to,2
m008477,c_chris,cc,3
m008478,c_maya,to,0
m008479,c_noah,to,0
m008479,c_elena,to,1
m008479,c_taylor,to,2
m008479,c_chris,cc,3
m008480,c_maya,to,0
m008481,c_noah,to,0
m008481,c_elena,to,1
m008481,c_taylor,to,2
m008481,c_chris,cc,3
m008482,c_maya,to,0
m008483,c_noah,to,0
m008483,c_elena,to,1
m008483,c_taylor,to,2
m008483,c_chris,cc,3
m008484,c_maya,to,0
m008485,c_noah,to,0
m008485,c_elena,to,1
m008485,c_taylor,to,2
m008485,c_chris,cc,3
m008486,c_maya,to,0
m008487,c_noah,to,0
m008487,c_elena,to,1
m008487,c_taylor,to,2
m008487,c_chris,cc,3
m008488,c_maya,to,0
m008489,c_noah,to,0
m008489,c_elena,to,1
m008489,c_taylor,to,2
m008489,c_chris,cc,3
m008490,c_maya,to,0
m008491,c_noah,to,0
m008491,c_elena,to,1
m008491,c_taylor,to,2
m008491,c_chris,cc,3
m008492,c_maya,to,0
m008493,c_noah,to,0
m008493,c_elena,to,1
m008493,c_taylor,to,2
m008493,c_chris,cc,3
m008494,c_maya,to,0
m008495,c_noah,to,0
m008495,c_elena,to,1
m008495,c_taylor,to,2
m008495,c_chris,cc,3
m008496,c_maya,to,0
m008497,c_noah,to,0
m008497,c_elena,to,1
m008497,c_taylor,to,2
m008497,c_chris,cc,3
m008498,c_maya,to,0
m008499,c_noah,to,0
m008499,c_elena,to,1
m008499,c_taylor,to,2
m008499,c_chris,cc,3
m008500,c_maya,to,0
m008501,c_noah,to,0
m008501,c_elena,to,1
m008501,c_taylor,to,2
m008501,c_chris,cc,3
m008502,c_maya,to,0
m008503,c_noah,to,0
m008503,c_elena,to,1
m008503,c_taylor,to,2
m008503,c_chris,cc,3
m008504,c_maya,to,0
m008505,c_noah,to,0
m008505,c_elena,to,1
m008505,c_taylor,to,2
m008505,c_chris,cc,3
m008506,c_maya,to,0
m008507,c_noah,to,0
m008507,c_elena,to,1
m008507,c_taylor,to,2
m008507,c_chris,cc,3
m008508,c_maya,to,0
m008509,c_noah,to,0
m008509,c_elena,to,1
m008509,c_taylor,to,2
m008509,c_chris,cc,3
m008510,c_maya,to,0
m008511,c_noah,to,0
m008511,c_elena,to,1
m008511,c_taylor,to,2
m008511,c_chris,cc,3
m008512,c_maya,to,0
m008513,c_chris,to,0
m008513,c_noah,to,1
m008513,c_elena,to,2
m008513,c_marcus,cc,3
m008514,c_maya,to,0
m008515,c_chris,to,0
m008515,c_noah,to,1
m008515,c_elena,to,2
m008515,c_marcus,cc,3
m008516,c_maya,to,0
m008517,c_chris,to,0
m008517,c_noah,to,1
m008517,c_elena,to,2
m008517,c_marcus,cc,3
m008518,c_maya,to,0
m008519,c_chris,to,0
m008519,c_noah,to,1
m008519,c_elena,to,2
m008519,c_marcus,cc,3
m008520,c_maya,to,0
m008521,c_priya,to,0
m008521,c_quinn,cc,1
m008522,c_maya,to,0
m008523,c_priya,to,0
m008523,c_quinn,cc,1
m008524,c_maya,to,0
m008525,c_priya,to,0
m008525,c_quinn,cc,1
m008526,c_maya,to,0
m008527,c_priya,to,0
m008527,c_quinn,cc,1
m008528,c_maya,to,0
m008529,c_priya,to,0
m008529,c_quinn,cc,1
m008530,c_maya,to,0
m008531,c_priya,to,0
m008531,c_quinn,cc,1
m008532,c_maya,to,0
m008533,c_elena,to,0
m008533,c_taylor,to,1
m008533,c_lena,to,2
m008534,c_noah,to,0
m008535,c_elena,to,0
m008535,c_taylor,to,1
m008535,c_lena,to,2
m008536,c_noah,to,0
m008537,c_elena,to,0
m008537,c_taylor,to,1
m008537,c_lena,to,2
m008538,c_noah,to,0
m008539,c_elena,to,0
m008539,c_taylor,to,1
m008539,c_lena,to,2
m008540,c_noah,to,0
m008541,c_elena,to,0
m008541,c_taylor,to,1
m008541,c_lena,to,2
m008542,c_noah,to,0
m008543,c_elena,to,0
m008543,c_taylor,to,1
m008543,c_lena,to,2
m008544,c_noah,to,0
m008545,c_noah,to,0
m008545,c_taylor,to,1
m008545,c_chris,cc,2
m008546,c_elena,to,0
m008547,c_noah,to,0
m008547,c_taylor,to,1
m008547,c_chris,cc,2
m008548,c_elena,to,0
m008549,c_noah,to,0
m008549,c_taylor,to,1
m008549,c_chris,cc,2
m008550,c_elena,to,0
m008551,c_noah,to,0
m008551,c_taylor,to,1
m008551,c_chris,cc,2
m008552,c_elena,to,0
m008553,c_noah,to,0
m008554,c_taylor,to,0
m008555,c_noah,to,0
m008556,c_taylor,to,0
m008557,c_avery,to,0
m008557,c_devon,to,1
m008558,c_alex_chan,to,0
m008559,c_avery,to,0
m008559,c_devon,to,1
m008560,c_alex_chan,to,0
m008561,c_maya,to,0
m008562,c_alex_chen,to,0
m008563,c_quinn,to,0
m008564,c_priya,to,0
m008565,c_marcus,to,0
m008566,c_chris,to,0
m008567,c_marcus,to,0
m008568,c_chris,to,0
m008569,c_hana,to,0
m008570,c_sam,to,0
m008571,c_alex_chan,to,0
m008572,c_maya,to,0
m008573,c_alex_chan,to,0
m008574,c_maya,to,0
m008575,c_alex_chan,to,0
m008576,c_maya,to,0
m008577,c_alex_chan,to,0
m008578,c_maya,to,0
m008579,c_alex_chan,to,0
m008580,c_maya,to,0
m008581,c_alex_chan,to,0
m008582,c_maya,to,0
m008583,c_jamie_lee,to,0
m008584,c_maya,to,0
m008585,c_jamie_lee,to,0
m008586,c_maya,to,0
m008587,c_jamie_lee,to,0
m008588,c_maya,to,0
m008589,c_jamie_lee,to,0
m008590,c_maya,to,0
m008591,c_jamie_lee,to,0
m008592,c_maya,to,0
m008593,c_jamie_lee,to,0
m008594,c_maya,to,0
m008595,c_morgan_shaw,to,0
m008596,c_maya,to,0
m008597,c_morgan_shaw,to,0
m008598,c_maya,to,0
m008599,c_morgan_shaw,to,0
m008600,c_maya,to,0
m008601,c_morgan_shaw,to,0
m008602,c_maya,to,0
m008603,c_morgan_shaw,to,0
m008604,c_maya,to,0
m008605,c_morgan_shaw,to,0
m008606,c_maya,to,0
m008607,c_alex_chen,to,0
m008608,c_maya,to,0
m008609,c_alex_chen,to,0
m008610,c_maya,to,0
m008611,c_alex_chen,to,0
m008612,c_maya,to,0
m008613,c_alex_chen,to,0
m008614,c_maya,to,0
m008615,c_jamie_li,to,0
m008616,c_maya,to,0
m008617,c_jamie_li,to,0
m008618,c_maya,to,0
m008619,c_jamie_li,to,0
m008620,c_maya,to,0
m008621,c_jamie_li,to,0
m008622,c_maya,to,0
m008623,c_morgan_zhao,to,0
m008624,c_maya,to,0
m008625,c_morgan_zhao,to,0
m008626,c_maya,to,0
m008627,c_morgan_zhao,to,0
m008628,c_maya,to,0
m008629,c_morgan_zhao,to,0
m008630,c_maya,to,0
m008631,c_lee,to,0
m008632,c_maya,to,0
m008633,c_lee,to,0
m008634,c_maya,to,0
m008635,c_lee,to,0
m008636,c_maya,to,0
m008637,c_lee,to,0
m008638,c_maya,to,0
m008639,c_lee,to,0
m008640,c_maya,to,0
m008641,c_lee,to,0
m008642,c_maya,to,0
m008643,c_pat,to,0
m008644,c_maya,to,0
m008645,c_pat,to,0
m008646,c_maya,to,0
m008647,c_pat,to,0
m008648,c_maya,to,0
m008649,c_pat,to,0
m008650,c_maya,to,0
m008651,c_pat,to,0
m008652,c_maya,to,0
m008653,c_pat,to,0
m008654,c_maya,to,0
m008655,c_ren,to,0
m008656,c_maya,to,0
m008657,c_ren,to,0
m008658,c_maya,to,0
m008659,c_ren,to,0
m008660,c_maya,to,0
m008661,c_ren,to,0
m008662,c_maya,to,0
m008663,c_ren,to,0
m008664,c_maya,to,0
m008665,c_ren,to,0
m008666,c_maya,to,0
m008667,c_sam,to,0
m008668,c_maya,to,0
m008669,c_hana,to,0
m008670,c_maya,to,0
m008671,c_fac_001,to,0
m008672,c_maya,to,0
m008673,c_fac_002,to,0
m008674,c_maya,to,0
m008675,c_fac_003,to,0
m008676,c_maya,to,0
m008677,c_fac_004,to,0
m008678,c_maya,to,0
m008679,c_fac_005,to,0
m008680,c_maya,to,0
m008681,c_fac_006,to,0
m008682,c_maya,to,0
m008683,c_fac_007,to,0
m008684,c_maya,to,0
m008685,c_fac_008,to,0
m008686,c_maya,to,0
m008687,c_fac_009,to,0
m008688,c_maya,to,0
m008689,c_fac_010,to,0
m008690,c_maya,to,0
m008691,c_fac_011,to,0
m008692,c_maya,to,0
m008693,c_fac_012,to,0
m008694,c_maya,to,0
m008695,c_fac_013,to,0
m008696,c_maya,to,0
m008697,c_fac_014,to,0
m008698,c_maya,to,0
m008699,c_fac_015,to,0
m008700,c_maya,to,0
m008701,c_fac_016,to,0
m008702,c_maya,to,0
m008703,c_fac_017,to,0
m008704,c_maya,to,0
m008705,c_noah,to,0
m008705,c_elena,to,1
m008705,c_taylor,to,2
m008705,c_chris,cc,3
m008706,c_maya,to,0
m008707,c_noah,to,0
m008707,c_elena,to,1
m008707,c_taylor,to,2
m008707,c_chris,cc,3
m008708,c_maya,to,0
m008709,c_noah,to,0
m008709,c_elena,to,1
m008709,c_taylor,to,2
m008709,c_chris,cc,3
m008710,c_maya,to,0
m008711,c_noah,to,0
m008711,c_elena,to,1
m008711,c_taylor,to,2
m008711,c_chris,cc,3
m008712,c_maya,to,0
m008713,c_noah,to,0
m008713,c_elena,to,1
m008713,c_taylor,to,2
m008713,c_chris,cc,3
m008714,c_maya,to,0
m008715,c_noah,to,0
m008715,c_elena,to,1
m008715,c_taylor,to,2
m008715,c_chris,cc,3
m008716,c_maya,to,0
m008717,c_noah,to,0
m008717,c_elena,to,1
m008717,c_taylor,to,2
m008717,c_chris,cc,3
m008718,c_maya,to,0
m008719,c_noah,to,0
m008719,c_elena,to,1
m008719,c_taylor,to,2
m008719,c_chris,cc,3
m008720,c_maya,to,0
m008721,c_noah,to,0
m008721,c_elena,to,1
m008721,c_taylor,to,2
m008721,c_chris,cc,3
m008722,c_maya,to,0
m008723,c_noah,to,0
m008723,c_elena,to,1
m008723,c_taylor,to,2
m008723,c_chris,cc,3
m008724,c_maya,to,0
m008725,c_noah,to,0
m008725,c_elena,to,1
m008725,c_taylor,to,2
m008725,c_chris,cc,3
m008726,c_maya,to,0
m008727,c_noah,to,0
m008727,c_elena,to,1
m008727,c_taylor,to,2
m008727,c_chris,cc,3
m008728,c_maya,to,0
m008729,c_noah,to,0
m008729,c_elena,to,1
m008729,c_taylor,to,2
m008729,c_chris,cc,3
m008730,c_maya,to,0
m008731,c_noah,to,0
m008731,c_elena,to,1
m008731,c_taylor,to,2
m008731,c_chris,cc,3
m008732,c_maya,to,0
m008733,c_noah,to,0
m008733,c_elena,to,1
m008733,c_taylor,to,2
m008733,c_chris,cc,3
m008734,c_maya,to,0
m008735,c_noah,to,0
m008735,c_elena,to,1
m008735,c_taylor,to,2
m008735,c_chris,cc,3
m008736,c_maya,to,0
m008737,c_noah,to,0
m008737,c_elena,to,1
m008737,c_taylor,to,2
m008737,c_chris,cc,3
m008738,c_maya,to,0
m008739,c_noah,to,0
m008739,c_elena,to,1
m008739,c_taylor,to,2
m008739,c_chris,cc,3
m008740,c_maya,to,0
m008741,c_noah,to,0
m008741,c_elena,to,1
m008741,c_taylor,to,2
m008741,c_chris,cc,3
m008742,c_maya,to,0
m008743,c_noah,to,0
m008743,c_elena,to,1
m008743,c_taylor,to,2
m008743,c_chris,cc,3
m008744,c_maya,to,0
m008745,c_noah,to,0
m008745,c_elena,to,1
m008745,c_taylor,to,2
m008745,c_chris,cc,3
m008746,c_maya,to,0
m008747,c_noah,to,0
m008747,c_elena,to,1
m008747,c_taylor,to,2
m008747,c_chris,cc,3
m008748,c_maya,to,0
m008749,c_noah,to,0
m008749,c_elena,to,1
m008749,c_taylor,to,2
m008749,c_chris,cc,3
m008750,c_maya,to,0
m008751,c_noah,to,0
m008751,c_elena,to,1
m008751,c_taylor,to,2
m008751,c_chris,cc,3
m008752,c_maya,to,0
m008753,c_noah,to,0
m008753,c_elena,to,1
m008753,c_taylor,to,2
m008753,c_chris,cc,3
m008754,c_maya,to,0
m008755,c_noah,to,0
m008755,c_elena,to,1
m008755,c_taylor,to,2
m008755,c_chris,cc,3
m008756,c_maya,to,0
m008757,c_noah,to,0
m008757,c_elena,to,1
m008757,c_taylor,to,2
m008757,c_chris,cc,3
m008758,c_maya,to,0
m008759,c_noah,to,0
m008759,c_elena,to,1
m008759,c_taylor,to,2
m008759,c_chris,cc,3
m008760,c_maya,to,0
m008761,c_noah,to,0
m008761,c_elena,to,1
m008761,c_taylor,to,2
m008761,c_chris,cc,3
m008762,c_maya,to,0
m008763,c_noah,to,0
m008763,c_elena,to,1
m008763,c_taylor,to,2
m008763,c_chris,cc,3
m008764,c_maya,to,0
m008765,c_noah,to,0
m008765,c_elena,to,1
m008765,c_taylor,to,2
m008765,c_chris,cc,3
m008766,c_maya,to,0
m008767,c_noah,to,0
m008767,c_elena,to,1
m008767,c_taylor,to,2
m008767,c_chris,cc,3
m008768,c_maya,to,0
m008769,c_noah,to,0
m008769,c_elena,to,1
m008769,c_taylor,to,2
m008769,c_chris,cc,3
m008770,c_maya,to,0
m008771,c_noah,to,0
m008771,c_elena,to,1
m008771,c_taylor,to,2
m008771,c_chris,cc,3
m008772,c_maya,to,0
m008773,c_noah,to,0
m008773,c_elena,to,1
m008773,c_taylor,to,2
m008773,c_chris,cc,3
m008774,c_maya,to,0
m008775,c_noah,to,0
m008775,c_elena,to,1
m008775,c_taylor,to,2
m008775,c_chris,cc,3
m008776,c_maya,to,0
m008777,c_noah,to,0
m008777,c_elena,to,1
m008777,c_taylor,to,2
m008777,c_chris,cc,3
m008778,c_maya,to,0
m008779,c_noah,to,0
m008779,c_elena,to,1
m008779,c_taylor,to,2
m008779,c_chris,cc,3
m008780,c_maya,to,0
m008781,c_noah,to,0
m008781,c_elena,to,1
m008781,c_taylor,to,2
m008781,c_chris,cc,3
m008782,c_maya,to,0
m008783,c_noah,to,0
m008783,c_elena,to,1
m008783,c_taylor,to,2
m008783,c_chris,cc,3
m008784,c_maya,to,0
m008785,c_chris,to,0
m008785,c_noah,to,1
m008785,c_elena,to,2
m008785,c_marcus,cc,3
m008786,c_maya,to,0
m008787,c_chris,to,0
m008787,c_noah,to,1
m008787,c_elena,to,2
m008787,c_marcus,cc,3
m008788,c_maya,to,0
m008789,c_chris,to,0
m008789,c_noah,to,1
m008789,c_elena,to,2
m008789,c_marcus,cc,3
m008790,c_maya,to,0
m008791,c_chris,to,0
m008791,c_noah,to,1
m008791,c_elena,to,2
m008791,c_marcus,cc,3
m008792,c_maya,to,0
m008793,c_priya,to,0
m008793,c_quinn,cc,1
m008794,c_maya,to,0
m008795,c_priya,to,0
m008795,c_quinn,cc,1
m008796,c_maya,to,0
m008797,c_priya,to,0
m008797,c_quinn,cc,1
m008798,c_maya,to,0
m008799,c_priya,to,0
m008799,c_quinn,cc,1
m008800,c_maya,to,0
m008801,c_priya,to,0
m008801,c_quinn,cc,1
m008802,c_maya,to,0
m008803,c_priya,to,0
m008803,c_quinn,cc,1
m008804,c_maya,to,0
m008805,c_elena,to,0
m008805,c_taylor,to,1
m008805,c_lena,to,2
m008806,c_noah,to,0
m008807,c_elena,to,0
m008807,c_taylor,to,1
m008807,c_lena,to,2
m008808,c_noah,to,0
m008809,c_elena,to,0
m008809,c_taylor,to,1
m008809,c_lena,to,2
m008810,c_noah,to,0
m008811,c_elena,to,0
m008811,c_taylor,to,1
m008811,c_lena,to,2
m008812,c_noah,to,0
m008813,c_elena,to,0
m008813,c_taylor,to,1
m008813,c_lena,to,2
m008814,c_noah,to,0
m008815,c_elena,to,0
m008815,c_taylor,to,1
m008815,c_lena,to,2
m008816,c_noah,to,0
m008817,c_noah,to,0
m008817,c_taylor,to,1
m008817,c_chris,cc,2
m008818,c_elena,to,0
m008819,c_noah,to,0
m008819,c_taylor,to,1
m008819,c_chris,cc,2
m008820,c_elena,to,0
m008821,c_noah,to,0
m008821,c_taylor,to,1
m008821,c_chris,cc,2
m008822,c_elena,to,0
m008823,c_noah,to,0
m008823,c_taylor,to,1
m008823,c_chris,cc,2
m008824,c_elena,to,0
m008825,c_noah,to,0
m008826,c_taylor,to,0
m008827,c_noah,to,0
m008828,c_taylor,to,0
m008829,c_avery,to,0
m008829,c_devon,to,1
m008830,c_alex_chan,to,0
m008831,c_avery,to,0
m008831,c_devon,to,1
m008832,c_alex_chan,to,0
m008833,c_maya,to,0
m008834,c_alex_chen,to,0
m008835,c_quinn,to,0
m008836,c_priya,to,0
m008837,c_marcus,to,0
m008838,c_chris,to,0
m008839,c_marcus,to,0
m008840,c_chris,to,0
m008841,c_hana,to,0
m008842,c_sam,to,0
m008843,c_alex_chan,to,0
m008844,c_maya,to,0
m008845,c_alex_chan,to,0
m008846,c_maya,to,0
m008847,c_alex_chan,to,0
m008848,c_maya,to,0
m008849,c_alex_chan,to,0
m008850,c_maya,to,0
m008851,c_alex_chan,to,0
m008852,c_maya,to,0
m008853,c_alex_chan,to,0
m008854,c_maya,to,0
m008855,c_jamie_lee,to,0
m008856,c_maya,to,0
m008857,c_jamie_lee,to,0
m008858,c_maya,to,0
m008859,c_jamie_lee,to,0
m008860,c_maya,to,0
m008861,c_jamie_lee,to,0
m008862,c_maya,to,0
m008863,c_jamie_lee,to,0
m008864,c_maya,to,0
m008865,c_jamie_lee,to,0
m008866,c_maya,to,0
m008867,c_morgan_shaw,to,0
m008868,c_maya,to,0
m008869,c_morgan_shaw,to,0
m008870,c_maya,to,0
m008871,c_morgan_shaw,to,0
m008872,c_maya,to,0
m008873,c_morgan_shaw,to,0
m008874,c_maya,to,0
m008875,c_morgan_shaw,to,0
m008876,c_maya,to,0
m008877,c_morgan_shaw,to,0
m008878,c_maya,to,0
m008879,c_alex_chen,to,0
m008880,c_maya,to,0
m008881,c_alex_chen,to,0
m008882,c_maya,to,0
m008883,c_alex_chen,to,0
m008884,c_maya,to,0
m008885,c_alex_chen,to,0
m008886,c_maya,to,0
m008887,c_jamie_li,to,0
m008888,c_maya,to,0
m008889,c_jamie_li,to,0
m008890,c_maya,to,0
m008891,c_jamie_li,to,0
m008892,c_maya,to,0
m008893,c_jamie_li,to,0
m008894,c_maya,to,0
m008895,c_morgan_zhao,to,0
m008896,c_maya,to,0
m008897,c_morgan_zhao,to,0
m008898,c_maya,to,0
m008899,c_morgan_zhao,to,0
m008900,c_maya,to,0
m008901,c_morgan_zhao,to,0
m008902,c_maya,to,0
m008903,c_lee,to,0
m008904,c_maya,to,0
m008905,c_lee,to,0
m008906,c_maya,to,0
m008907,c_lee,to,0
m008908,c_maya,to,0
m008909,c_lee,to,0
m008910,c_maya,to,0
m008911,c_lee,to,0
m008912,c_maya,to,0
m008913,c_lee,to,0
m008914,c_maya,to,0
m008915,c_pat,to,0
m008916,c_maya,to,0
m008917,c_pat,to,0
m008918,c_maya,to,0
m008919,c_pat,to,0
m008920,c_maya,to,0
m008921,c_pat,to,0
m008922,c_maya,to,0
m008923,c_pat,to,0
m008924,c_maya,to,0
m008925,c_pat,to,0
m008926,c_maya,to,0
m008927,c_ren,to,0
m008928,c_maya,to,0
m008929,c_ren,to,0
m008930,c_maya,to,0
m008931,c_ren,to,0
m008932,c_maya,to,0
m008933,c_ren,to,0
m008934,c_maya,to,0
m008935,c_ren,to,0
m008936,c_maya,to,0
m008937,c_ren,to,0
m008938,c_maya,to,0
m008939,c_sam,to,0
m008940,c_maya,to,0
m008941,c_hana,to,0
m008942,c_maya,to,0
m008943,c_fac_001,to,0
m008944,c_maya,to,0
m008945,c_fac_002,to,0
m008946,c_maya,to,0
m008947,c_fac_003,to,0
m008948,c_maya,to,0
m008949,c_fac_004,to,0
m008950,c_maya,to,0
m008951,c_fac_005,to,0
m008952,c_maya,to,0
m008953,c_fac_006,to,0
m008954,c_maya,to,0
m008955,c_fac_007,to,0
m008956,c_maya,to,0
m008957,c_fac_008,to,0
m008958,c_maya,to,0
m008959,c_fac_009,to,0
m008960,c_maya,to,0
m008961,c_fac_010,to,0
m008962,c_maya,to,0
m008963,c_fac_011,to,0
m008964,c_maya,to,0
m008965,c_fac_012,to,0
m008966,c_maya,to,0
m008967,c_fac_013,to,0
m008968,c_maya,to,0
m008969,c_fac_014,to,0
m008970,c_maya,to,0
m008971,c_fac_015,to,0
m008972,c_maya,to,0
m008973,c_fac_016,to,0
m008974,c_maya,to,0
m008975,c_fac_017,to,0
m008976,c_maya,to,0
m008977,c_noah,to,0
m008977,c_elena,to,1
m008977,c_taylor,to,2
m008977,c_chris,cc,3
m008978,c_maya,to,0
m008979,c_noah,to,0
m008979,c_elena,to,1
m008979,c_taylor,to,2
m008979,c_chris,cc,3
m008980,c_maya,to,0
m008981,c_noah,to,0
m008981,c_elena,to,1
m008981,c_taylor,to,2
m008981,c_chris,cc,3
m008982,c_maya,to,0
m008983,c_noah,to,0
m008983,c_elena,to,1
m008983,c_taylor,to,2
m008983,c_chris,cc,3
m008984,c_maya,to,0
m008985,c_noah,to,0
m008985,c_elena,to,1
m008985,c_taylor,to,2
m008985,c_chris,cc,3
m008986,c_maya,to,0
m008987,c_noah,to,0
m008987,c_elena,to,1
m008987,c_taylor,to,2
m008987,c_chris,cc,3
m008988,c_maya,to,0
m008989,c_noah,to,0
m008989,c_elena,to,1
m008989,c_taylor,to,2
m008989,c_chris,cc,3
m008990,c_maya,to,0
m008991,c_noah,to,0
m008991,c_elena,to,1
m008991,c_taylor,to,2
m008991,c_chris,cc,3
m008992,c_maya,to,0
m008993,c_noah,to,0
m008993,c_elena,to,1
m008993,c_taylor,to,2
m008993,c_chris,cc,3
m008994,c_maya,to,0
m008995,c_noah,to,0
m008995,c_elena,to,1
m008995,c_taylor,to,2
m008995,c_chris,cc,3
m008996,c_maya,to,0
m008997,c_noah,to,0
m008997,c_elena,to,1
m008997,c_taylor,to,2
m008997,c_chris,cc,3
m008998,c_maya,to,0
m008999,c_noah,to,0
m008999,c_elena,to,1
m008999,c_taylor,to,2
m008999,c_chris,cc,3
m009000,c_maya,to,0
m009001,c_noah,to,0
m009001,c_elena,to,1
m009001,c_taylor,to,2
m009001,c_chris,cc,3
m009002,c_maya,to,0
m009003,c_noah,to,0
m009003,c_elena,to,1
m009003,c_taylor,to,2
m009003,c_chris,cc,3
m009004,c_maya,to,0
m009005,c_noah,to,0
m009005,c_elena,to,1
m009005,c_taylor,to,2
m009005,c_chris,cc,3
m009006,c_maya,to,0
m009007,c_noah,to,0
m009007,c_elena,to,1
m009007,c_taylor,to,2
m009007,c_chris,cc,3
m009008,c_maya,to,0
m009009,c_noah,to,0
m009009,c_elena,to,1
m009009,c_taylor,to,2
m009009,c_chris,cc,3
m009010,c_maya,to,0
m009011,c_noah,to,0
m009011,c_elena,to,1
m009011,c_taylor,to,2
m009011,c_chris,cc,3
m009012,c_maya,to,0
m009013,c_noah,to,0
m009013,c_elena,to,1
m009013,c_taylor,to,2
m009013,c_chris,cc,3
m009014,c_maya,to,0
m009015,c_noah,to,0
m009015,c_elena,to,1
m009015,c_taylor,to,2
m009015,c_chris,cc,3
m009016,c_maya,to,0
m009017,c_noah,to,0
m009017,c_elena,to,1
m009017,c_taylor,to,2
m009017,c_chris,cc,3
m009018,c_maya,to,0
m009019,c_noah,to,0
m009019,c_elena,to,1
m009019,c_taylor,to,2
m009019,c_chris,cc,3
m009020,c_maya,to,0
m009021,c_noah,to,0
m009021,c_elena,to,1
m009021,c_taylor,to,2
m009021,c_chris,cc,3
m009022,c_maya,to,0
m009023,c_noah,to,0
m009023,c_elena,to,1
m009023,c_taylor,to,2
m009023,c_chris,cc,3
m009024,c_maya,to,0
m009025,c_noah,to,0
m009025,c_elena,to,1
m009025,c_taylor,to,2
m009025,c_chris,cc,3
m009026,c_maya,to,0
m009027,c_noah,to,0
m009027,c_elena,to,1
m009027,c_taylor,to,2
m009027,c_chris,cc,3
m009028,c_maya,to,0
m009029,c_noah,to,0
m009029,c_elena,to,1
m009029,c_taylor,to,2
m009029,c_chris,cc,3
m009030,c_maya,to,0
m009031,c_noah,to,0
m009031,c_elena,to,1
m009031,c_taylor,to,2
m009031,c_chris,cc,3
m009032,c_maya,to,0
m009033,c_noah,to,0
m009033,c_elena,to,1
m009033,c_taylor,to,2
m009033,c_chris,cc,3
m009034,c_maya,to,0
m009035,c_noah,to,0
m009035,c_elena,to,1
m009035,c_taylor,to,2
m009035,c_chris,cc,3
m009036,c_maya,to,0
m009037,c_noah,to,0
m009037,c_elena,to,1
m009037,c_taylor,to,2
m009037,c_chris,cc,3
m009038,c_maya,to,0
m009039,c_noah,to,0
m009039,c_elena,to,1
m009039,c_taylor,to,2
m009039,c_chris,cc,3
m009040,c_maya,to,0
m009041,c_noah,to,0
m009041,c_elena,to,1
m009041,c_taylor,to,2
m009041,c_chris,cc,3
m009042,c_maya,to,0
m009043,c_noah,to,0
m009043,c_elena,to,1
m009043,c_taylor,to,2
m009043,c_chris,cc,3
m009044,c_maya,to,0
m009045,c_noah,to,0
m009045,c_elena,to,1
m009045,c_taylor,to,2
m009045,c_chris,cc,3
m009046,c_maya,to,0
m009047,c_noah,to,0
m009047,c_elena,to,1
m009047,c_taylor,to,2
m009047,c_chris,cc,3
m009048,c_maya,to,0
m009049,c_noah,to,0
m009049,c_elena,to,1
m009049,c_taylor,to,2
m009049,c_chris,cc,3
m009050,c_maya,to,0
m009051,c_noah,to,0
m009051,c_elena,to,1
m009051,c_taylor,to,2
m009051,c_chris,cc,3
m009052,c_maya,to,0
m009053,c_noah,to,0
m009053,c_elena,to,1
m009053,c_taylor,to,2
m009053,c_chris,cc,3
m009054,c_maya,to,0
m009055,c_noah,to,0
m009055,c_elena,to,1
m009055,c_taylor,to,2
m009055,c_chris,cc,3
m009056,c_maya,to,0
m009057,c_chris,to,0
m009057,c_noah,to,1
m009057,c_elena,to,2
m009057,c_marcus,cc,3
m009058,c_maya,to,0
m009059,c_chris,to,0
m009059,c_noah,to,1
m009059,c_elena,to,2
m009059,c_marcus,cc,3
m009060,c_maya,to,0
m009061,c_chris,to,0
m009061,c_noah,to,1
m009061,c_elena,to,2
m009061,c_marcus,cc,3
m009062,c_maya,to,0
m009063,c_chris,to,0
m009063,c_noah,to,1
m009063,c_elena,to,2
m009063,c_marcus,cc,3
m009064,c_maya,to,0
m009065,c_priya,to,0
m009065,c_quinn,cc,1
m009066,c_maya,to,0
m009067,c_priya,to,0
m009067,c_quinn,cc,1
m009068,c_maya,to,0
m009069,c_priya,to,0
m009069,c_quinn,cc,1
m009070,c_maya,to,0
m009071,c_priya,to,0
m009071,c_quinn,cc,1
m009072,c_maya,to,0
m009073,c_priya,to,0
m009073,c_quinn,cc,1
m009074,c_maya,to,0
m009075,c_priya,to,0
m009075,c_quinn,cc,1
m009076,c_maya,to,0
m009077,c_elena,to,0
m009077,c_taylor,to,1
m009077,c_lena,to,2
m009078,c_noah,to,0
m009079,c_elena,to,0
m009079,c_taylor,to,1
m009079,c_lena,to,2
m009080,c_noah,to,0
m009081,c_elena,to,0
m009081,c_taylor,to,1
m009081,c_lena,to,2
m009082,c_noah,to,0
m009083,c_elena,to,0
m009083,c_taylor,to,1
m009083,c_lena,to,2
m009084,c_noah,to,0
m009085,c_elena,to,0
m009085,c_taylor,to,1
m009085,c_lena,to,2
m009086,c_noah,to,0
m009087,c_elena,to,0
m009087,c_taylor,to,1
m009087,c_lena,to,2
m009088,c_noah,to,0
m009089,c_noah,to,0
m009089,c_taylor,to,1
m009089,c_chris,cc,2
m009090,c_elena,to,0
m009091,c_noah,to,0
m009091,c_taylor,to,1
m009091,c_chris,cc,2
m009092,c_elena,to,0
m009093,c_noah,to,0
m009093,c_taylor,to,1
m009093,c_chris,cc,2
m009094,c_elena,to,0
m009095,c_noah,to,0
m009095,c_taylor,to,1
m009095,c_chris,cc,2
m009096,c_elena,to,0
m009097,c_noah,to,0
m009098,c_taylor,to,0
m009099,c_noah,to,0
m009100,c_taylor,to,0
m009101,c_avery,to,0
m009101,c_devon,to,1
m009102,c_alex_chan,to,0
m009103,c_avery,to,0
m009103,c_devon,to,1
m009104,c_alex_chan,to,0
m009105,c_maya,to,0
m009106,c_alex_chen,to,0
m009107,c_quinn,to,0
m009108,c_priya,to,0
m009109,c_marcus,to,0
m009110,c_chris,to,0
m009111,c_marcus,to,0
m009112,c_chris,to,0
m009113,c_hana,to,0
m009114,c_sam,to,0
m009115,c_alex_chan,to,0
m009116,c_maya,to,0
m009117,c_alex_chan,to,0
m009118,c_maya,to,0
m009119,c_alex_chan,to,0
m009120,c_maya,to,0
m009121,c_alex_chan,to,0
m009122,c_maya,to,0
m009123,c_alex_chan,to,0
m009124,c_maya,to,0
m009125,c_alex_chan,to,0
m009126,c_maya,to,0
m009127,c_jamie_lee,to,0
m009128,c_maya,to,0
m009129,c_jamie_lee,to,0
m009130,c_maya,to,0
m009131,c_jamie_lee,to,0
m009132,c_maya,to,0
m009133,c_jamie_lee,to,0
m009134,c_maya,to,0
m009135,c_jamie_lee,to,0
m009136,c_maya,to,0
m009137,c_jamie_lee,to,0
m009138,c_maya,to,0
m009139,c_morgan_shaw,to,0
m009140,c_maya,to,0
m009141,c_morgan_shaw,to,0
m009142,c_maya,to,0
m009143,c_morgan_shaw,to,0
m009144,c_maya,to,0
m009145,c_morgan_shaw,to,0
m009146,c_maya,to,0
m009147,c_morgan_shaw,to,0
m009148,c_maya,to,0
m009149,c_morgan_shaw,to,0
m009150,c_maya,to,0
m009151,c_alex_chen,to,0
m009152,c_maya,to,0
m009153,c_alex_chen,to,0
m009154,c_maya,to,0
m009155,c_alex_chen,to,0
m009156,c_maya,to,0
m009157,c_alex_chen,to,0
m009158,c_maya,to,0
m009159,c_jamie_li,to,0
m009160,c_maya,to,0
m009161,c_jamie_li,to,0
m009162,c_maya,to,0
m009163,c_jamie_li,to,0
m009164,c_maya,to,0
m009165,c_jamie_li,to,0
m009166,c_maya,to,0
m009167,c_morgan_zhao,to,0
m009168,c_maya,to,0
m009169,c_morgan_zhao,to,0
m009170,c_maya,to,0
m009171,c_morgan_zhao,to,0
m009172,c_maya,to,0
m009173,c_morgan_zhao,to,0
m009174,c_maya,to,0
m009175,c_lee,to,0
m009176,c_maya,to,0
m009177,c_lee,to,0
m009178,c_maya,to,0
m009179,c_lee,to,0
m009180,c_maya,to,0
m009181,c_lee,to,0
m009182,c_maya,to,0
m009183,c_lee,to,0
m009184,c_maya,to,0
m009185,c_lee,to,0
m009186,c_maya,to,0
m009187,c_pat,to,0
m009188,c_maya,to,0
m009189,c_pat,to,0
m009190,c_maya,to,0
m009191,c_pat,to,0
m009192,c_maya,to,0
m009193,c_pat,to,0
m009194,c_maya,to,0
m009195,c_pat,to,0
m009196,c_maya,to,0
m009197,c_pat,to,0
m009198,c_maya,to,0
m009199,c_ren,to,0
m009200,c_maya,to,0
m009201,c_ren,to,0
m009202,c_maya,to,0
m009203,c_ren,to,0
m009204,c_maya,to,0
m009205,c_ren,to,0
m009206,c_maya,to,0
m009207,c_ren,to,0
m009208,c_maya,to,0
m009209,c_ren,to,0
m009210,c_maya,to,0
m009211,c_sam,to,0
m009212,c_maya,to,0
m009213,c_hana,to,0
m009214,c_maya,to,0
m009215,c_fac_001,to,0
m009216,c_maya,to,0
m009217,c_fac_002,to,0
m009218,c_maya,to,0
m009219,c_fac_003,to,0
m009220,c_maya,to,0
m009221,c_fac_004,to,0
m009222,c_maya,to,0
m009223,c_fac_005,to,0
m009224,c_maya,to,0
m009225,c_fac_006,to,0
m009226,c_maya,to,0
m009227,c_fac_007,to,0
m009228,c_maya,to,0
m009229,c_fac_008,to,0
m009230,c_maya,to,0
m009231,c_fac_009,to,0
m009232,c_maya,to,0
m009233,c_fac_010,to,0
m009234,c_maya,to,0
m009235,c_fac_011,to,0
m009236,c_maya,to,0
m009237,c_fac_012,to,0
m009238,c_maya,to,0
m009239,c_fac_013,to,0
m009240,c_maya,to,0
m009241,c_fac_014,to,0
m009242,c_maya,to,0
m009243,c_fac_015,to,0
m009244,c_maya,to,0
m009245,c_fac_016,to,0
m009246,c_maya,to,0
m009247,c_fac_017,to,0
m009248,c_maya,to,0
m009249,c_noah,to,0
m009249,c_elena,to,1
m009249,c_taylor,to,2
m009249,c_chris,cc,3
m009250,c_maya,to,0
m009251,c_noah,to,0
m009251,c_elena,to,1
m009251,c_taylor,to,2
m009251,c_chris,cc,3
m009252,c_maya,to,0
m009253,c_noah,to,0
m009253,c_elena,to,1
m009253,c_taylor,to,2
m009253,c_chris,cc,3
m009254,c_maya,to,0
m009255,c_noah,to,0
m009255,c_elena,to,1
m009255,c_taylor,to,2
m009255,c_chris,cc,3
m009256,c_maya,to,0
m009257,c_noah,to,0
m009257,c_elena,to,1
m009257,c_taylor,to,2
m009257,c_chris,cc,3
m009258,c_maya,to,0
m009259,c_noah,to,0
m009259,c_elena,to,1
m009259,c_taylor,to,2
m009259,c_chris,cc,3
m009260,c_maya,to,0
m009261,c_noah,to,0
m009261,c_elena,to,1
m009261,c_taylor,to,2
m009261,c_chris,cc,3
m009262,c_maya,to,0
m009263,c_noah,to,0
m009263,c_elena,to,1
m009263,c_taylor,to,2
m009263,c_chris,cc,3
m009264,c_maya,to,0
m009265,c_noah,to,0
m009265,c_elena,to,1
m009265,c_taylor,to,2
m009265,c_chris,cc,3
m009266,c_maya,to,0
m009267,c_noah,to,0
m009267,c_elena,to,1
m009267,c_taylor,to,2
m009267,c_chris,cc,3
m009268,c_maya,to,0
m009269,c_noah,to,0
m009269,c_elena,to,1
m009269,c_taylor,to,2
m009269,c_chris,cc,3
m009270,c_maya,to,0
m009271,c_noah,to,0
m009271,c_elena,to,1
m009271,c_taylor,to,2
m009271,c_chris,cc,3
m009272,c_maya,to,0
m009273,c_noah,to,0
m009273,c_elena,to,1
m009273,c_taylor,to,2
m009273,c_chris,cc,3
m009274,c_maya,to,0
m009275,c_noah,to,0
m009275,c_elena,to,1
m009275,c_taylor,to,2
m009275,c_chris,cc,3
m009276,c_maya,to,0
m009277,c_noah,to,0
m009277,c_elena,to,1
m009277,c_taylor,to,2
m009277,c_chris,cc,3
m009278,c_maya,to,0
m009279,c_noah,to,0
m009279,c_elena,to,1
m009279,c_taylor,to,2
m009279,c_chris,cc,3
m009280,c_maya,to,0
m009281,c_noah,to,0
m009281,c_elena,to,1
m009281,c_taylor,to,2
m009281,c_chris,cc,3
m009282,c_maya,to,0
m009283,c_noah,to,0
m009283,c_elena,to,1
m009283,c_taylor,to,2
m009283,c_chris,cc,3
m009284,c_maya,to,0
m009285,c_noah,to,0
m009285,c_elena,to,1
m009285,c_taylor,to,2
m009285,c_chris,cc,3
m009286,c_maya,to,0
m009287,c_noah,to,0
m009287,c_elena,to,1
m009287,c_taylor,to,2
m009287,c_chris,cc,3
m009288,c_maya,to,0
m009289,c_noah,to,0
m009289,c_elena,to,1
m009289,c_taylor,to,2
m009289,c_chris,cc,3
m009290,c_maya,to,0
m009291,c_noah,to,0
m009291,c_elena,to,1
m009291,c_taylor,to,2
m009291,c_chris,cc,3
m009292,c_maya,to,0
m009293,c_noah,to,0
m009293,c_elena,to,1
m009293,c_taylor,to,2
m009293,c_chris,cc,3
m009294,c_maya,to,0
m009295,c_noah,to,0
m009295,c_elena,to,1
m009295,c_taylor,to,2
m009295,c_chris,cc,3
m009296,c_maya,to,0
m009297,c_noah,to,0
m009297,c_elena,to,1
m009297,c_taylor,to,2
m009297,c_chris,cc,3
m009298,c_maya,to,0
m009299,c_noah,to,0
m009299,c_elena,to,1
m009299,c_taylor,to,2
m009299,c_chris,cc,3
m009300,c_maya,to,0
m009301,c_noah,to,0
m009301,c_elena,to,1
m009301,c_taylor,to,2
m009301,c_chris,cc,3
m009302,c_maya,to,0
m009303,c_noah,to,0
m009303,c_elena,to,1
m009303,c_taylor,to,2
m009303,c_chris,cc,3
m009304,c_maya,to,0
m009305,c_noah,to,0
m009305,c_elena,to,1
m009305,c_taylor,to,2
m009305,c_chris,cc,3
m009306,c_maya,to,0
m009307,c_noah,to,0
m009307,c_elena,to,1
m009307,c_taylor,to,2
m009307,c_chris,cc,3
m009308,c_maya,to,0
m009309,c_noah,to,0
m009309,c_elena,to,1
m009309,c_taylor,to,2
m009309,c_chris,cc,3
m009310,c_maya,to,0
m009311,c_noah,to,0
m009311,c_elena,to,1
m009311,c_taylor,to,2
m009311,c_chris,cc,3
m009312,c_maya,to,0
m009313,c_noah,to,0
m009313,c_elena,to,1
m009313,c_taylor,to,2
m009313,c_chris,cc,3
m009314,c_maya,to,0
m009315,c_noah,to,0
m009315,c_elena,to,1
m009315,c_taylor,to,2
m009315,c_chris,cc,3
m009316,c_maya,to,0
m009317,c_noah,to,0
m009317,c_elena,to,1
m009317,c_taylor,to,2
m009317,c_chris,cc,3
m009318,c_maya,to,0
m009319,c_noah,to,0
m009319,c_elena,to,1
m009319,c_taylor,to,2
m009319,c_chris,cc,3
m009320,c_maya,to,0
m009321,c_noah,to,0
m009321,c_elena,to,1
m009321,c_taylor,to,2
m009321,c_chris,cc,3
m009322,c_maya,to,0
m009323,c_noah,to,0
m009323,c_elena,to,1
m009323,c_taylor,to,2
m009323,c_chris,cc,3
m009324,c_maya,to,0
m009325,c_noah,to,0
m009325,c_elena,to,1
m009325,c_taylor,to,2
m009325,c_chris,cc,3
m009326,c_maya,to,0
m009327,c_noah,to,0
m009327,c_elena,to,1
m009327,c_taylor,to,2
m009327,c_chris,cc,3
m009328,c_maya,to,0
m009329,c_chris,to,0
m009329,c_noah,to,1
m009329,c_elena,to,2
m009329,c_marcus,cc,3
m009330,c_maya,to,0
m009331,c_chris,to,0
m009331,c_noah,to,1
m009331,c_elena,to,2
m009331,c_marcus,cc,3
m009332,c_maya,to,0
m009333,c_chris,to,0
m009333,c_noah,to,1
m009333,c_elena,to,2
m009333,c_marcus,cc,3
m009334,c_maya,to,0
m009335,c_chris,to,0
m009335,c_noah,to,1
m009335,c_elena,to,2
m009335,c_marcus,cc,3
m009336,c_maya,to,0
m009337,c_priya,to,0
m009337,c_quinn,cc,1
m009338,c_maya,to,0
m009339,c_priya,to,0
m009339,c_quinn,cc,1
m009340,c_maya,to,0
m009341,c_priya,to,0
m009341,c_quinn,cc,1
m009342,c_maya,to,0
m009343,c_priya,to,0
m009343,c_quinn,cc,1
m009344,c_maya,to,0
m009345,c_priya,to,0
m009345,c_quinn,cc,1
m009346,c_maya,to,0
m009347,c_priya,to,0
m009347,c_quinn,cc,1
m009348,c_maya,to,0
m009349,c_elena,to,0
m009349,c_taylor,to,1
m009349,c_lena,to,2
m009350,c_noah,to,0
m009351,c_elena,to,0
m009351,c_taylor,to,1
m009351,c_lena,to,2
m009352,c_noah,to,0
m009353,c_elena,to,0
m009353,c_taylor,to,1
m009353,c_lena,to,2
m009354,c_noah,to,0
m009355,c_elena,to,0
m009355,c_taylor,to,1
m009355,c_lena,to,2
m009356,c_noah,to,0
m009357,c_elena,to,0
m009357,c_taylor,to,1
m009357,c_lena,to,2
m009358,c_noah,to,0
m009359,c_elena,to,0
m009359,c_taylor,to,1
m009359,c_lena,to,2
m009360,c_noah,to,0
m009361,c_noah,to,0
m009361,c_taylor,to,1
m009361,c_chris,cc,2
m009362,c_elena,to,0
m009363,c_noah,to,0
m009363,c_taylor,to,1
m009363,c_chris,cc,2
m009364,c_elena,to,0
m009365,c_noah,to,0
m009365,c_taylor,to,1
m009365,c_chris,cc,2
m009366,c_elena,to,0
m009367,c_noah,to,0
m009367,c_taylor,to,1
m009367,c_chris,cc,2
m009368,c_elena,to,0
m009369,c_noah,to,0
m009370,c_taylor,to,0
m009371,c_noah,to,0
m009372,c_taylor,to,0
m009373,c_avery,to,0
m009373,c_devon,to,1
m009374,c_alex_chan,to,0
m009375,c_avery,to,0
m009375,c_devon,to,1
m009376,c_alex_chan,to,0
m009377,c_maya,to,0
m009378,c_alex_chen,to,0
m009379,c_quinn,to,0
m009380,c_priya,to,0
m009381,c_marcus,to,0
m009382,c_chris,to,0
m009383,c_marcus,to,0
m009384,c_chris,to,0
m009385,c_hana,to,0
m009386,c_sam,to,0
m009387,c_alex_chan,to,0
m009388,c_maya,to,0
m009389,c_alex_chan,to,0
m009390,c_maya,to,0
m009391,c_alex_chan,to,0
m009392,c_maya,to,0
m009393,c_alex_chan,to,0
m009394,c_maya,to,0
m009395,c_alex_chan,to,0
m009396,c_maya,to,0
m009397,c_alex_chan,to,0
m009398,c_maya,to,0
m009399,c_jamie_lee,to,0
m009400,c_maya,to,0
m009401,c_jamie_lee,to,0
m009402,c_maya,to,0
m009403,c_jamie_lee,to,0
m009404,c_maya,to,0
m009405,c_jamie_lee,to,0
m009406,c_maya,to,0
m009407,c_jamie_lee,to,0
m009408,c_maya,to,0
m009409,c_jamie_lee,to,0
m009410,c_maya,to,0
m009411,c_morgan_shaw,to,0
m009412,c_maya,to,0
m009413,c_morgan_shaw,to,0
m009414,c_maya,to,0
m009415,c_morgan_shaw,to,0
m009416,c_maya,to,0
m009417,c_morgan_shaw,to,0
m009418,c_maya,to,0
m009419,c_morgan_shaw,to,0
m009420,c_maya,to,0
m009421,c_morgan_shaw,to,0
m009422,c_maya,to,0
m009423,c_alex_chen,to,0
m009424,c_maya,to,0
m009425,c_alex_chen,to,0
m009426,c_maya,to,0
m009427,c_alex_chen,to,0
m009428,c_maya,to,0
m009429,c_alex_chen,to,0
m009430,c_maya,to,0
m009431,c_jamie_li,to,0
m009432,c_maya,to,0
m009433,c_jamie_li,to,0
m009434,c_maya,to,0
m009435,c_jamie_li,to,0
m009436,c_maya,to,0
m009437,c_jamie_li,to,0
m009438,c_maya,to,0
m009439,c_morgan_zhao,to,0
m009440,c_maya,to,0
m009441,c_morgan_zhao,to,0
m009442,c_maya,to,0
m009443,c_morgan_zhao,to,0
m009444,c_maya,to,0
m009445,c_morgan_zhao,to,0
m009446,c_maya,to,0
m009447,c_lee,to,0
m009448,c_maya,to,0
m009449,c_lee,to,0
m009450,c_maya,to,0
m009451,c_lee,to,0
m009452,c_maya,to,0
m009453,c_lee,to,0
m009454,c_maya,to,0
m009455,c_lee,to,0
m009456,c_maya,to,0
m009457,c_lee,to,0
m009458,c_maya,to,0
m009459,c_pat,to,0
m009460,c_maya,to,0
m009461,c_pat,to,0
m009462,c_maya,to,0
m009463,c_pat,to,0
m009464,c_maya,to,0
m009465,c_pat,to,0
m009466,c_maya,to,0
m009467,c_pat,to,0
m009468,c_maya,to,0
m009469,c_pat,to,0
m009470,c_maya,to,0
m009471,c_ren,to,0
m009472,c_maya,to,0
m009473,c_ren,to,0
m009474,c_maya,to,0
m009475,c_ren,to,0
m009476,c_maya,to,0
m009477,c_ren,to,0
m009478,c_maya,to,0
m009479,c_ren,to,0
m009480,c_maya,to,0
m009481,c_ren,to,0
m009482,c_maya,to,0
m009483,c_sam,to,0
m009484,c_maya,to,0
m009485,c_hana,to,0
m009486,c_maya,to,0
m009487,c_fac_001,to,0
m009488,c_maya,to,0
m009489,c_fac_002,to,0
m009490,c_maya,to,0
m009491,c_fac_003,to,0
m009492,c_maya,to,0
m009493,c_fac_004,to,0
m009494,c_maya,to,0
m009495,c_fac_005,to,0
m009496,c_maya,to,0
m009497,c_fac_006,to,0
m009498,c_maya,to,0
m009499,c_fac_007,to,0
m009500,c_maya,to,0
m009501,c_fac_008,to,0
m009502,c_maya,to,0
m009503,c_fac_009,to,0
m009504,c_maya,to,0
m009505,c_fac_010,to,0
m009506,c_maya,to,0
m009507,c_fac_011,to,0
m009508,c_maya,to,0
m009509,c_fac_012,to,0
m009510,c_maya,to,0
m009511,c_fac_013,to,0
m009512,c_maya,to,0
m009513,c_fac_014,to,0
m009514,c_maya,to,0
m009515,c_fac_015,to,0
m009516,c_maya,to,0
m009517,c_fac_016,to,0
m009518,c_maya,to,0
m009519,c_fac_017,to,0
m009520,c_maya,to,0
m009521,c_noah,to,0
m009521,c_elena,to,1
m009521,c_taylor,to,2
m009521,c_chris,cc,3
m009522,c_maya,to,0
m009523,c_noah,to,0
m009523,c_elena,to,1
m009523,c_taylor,to,2
m009523,c_chris,cc,3
m009524,c_maya,to,0
m009525,c_noah,to,0
m009525,c_elena,to,1
m009525,c_taylor,to,2
m009525,c_chris,cc,3
m009526,c_maya,to,0
m009527,c_noah,to,0
m009527,c_elena,to,1
m009527,c_taylor,to,2
m009527,c_chris,cc,3
m009528,c_maya,to,0
m009529,c_noah,to,0
m009529,c_elena,to,1
m009529,c_taylor,to,2
m009529,c_chris,cc,3
m009530,c_maya,to,0
m009531,c_noah,to,0
m009531,c_elena,to,1
m009531,c_taylor,to,2
m009531,c_chris,cc,3
m009532,c_maya,to,0
m009533,c_noah,to,0
m009533,c_elena,to,1
m009533,c_taylor,to,2
m009533,c_chris,cc,3
m009534,c_maya,to,0
m009535,c_noah,to,0
m009535,c_elena,to,1
m009535,c_taylor,to,2
m009535,c_chris,cc,3
m009536,c_maya,to,0
m009537,c_noah,to,0
m009537,c_elena,to,1
m009537,c_taylor,to,2
m009537,c_chris,cc,3
m009538,c_maya,to,0
m009539,c_noah,to,0
m009539,c_elena,to,1
m009539,c_taylor,to,2
m009539,c_chris,cc,3
m009540,c_maya,to,0
m009541,c_noah,to,0
m009541,c_elena,to,1
m009541,c_taylor,to,2
m009541,c_chris,cc,3
m009542,c_maya,to,0
m009543,c_noah,to,0
m009543,c_elena,to,1
m009543,c_taylor,to,2
m009543,c_chris,cc,3
m009544,c_maya,to,0
m009545,c_noah,to,0
m009545,c_elena,to,1
m009545,c_taylor,to,2
m009545,c_chris,cc,3
m009546,c_maya,to,0
m009547,c_noah,to,0
m009547,c_elena,to,1
m009547,c_taylor,to,2
m009547,c_chris,cc,3
m009548,c_maya,to,0
m009549,c_noah,to,0
m009549,c_elena,to,1
m009549,c_taylor,to,2
m009549,c_chris,cc,3
m009550,c_maya,to,0
m009551,c_noah,to,0
m009551,c_elena,to,1
m009551,c_taylor,to,2
m009551,c_chris,cc,3
m009552,c_maya,to,0
m009553,c_noah,to,0
m009553,c_elena,to,1
m009553,c_taylor,to,2
m009553,c_chris,cc,3
m009554,c_maya,to,0
m009555,c_noah,to,0
m009555,c_elena,to,1
m009555,c_taylor,to,2
m009555,c_chris,cc,3
m009556,c_maya,to,0
m009557,c_noah,to,0
m009557,c_elena,to,1
m009557,c_taylor,to,2
m009557,c_chris,cc,3
m009558,c_maya,to,0
m009559,c_noah,to,0
m009559,c_elena,to,1
m009559,c_taylor,to,2
m009559,c_chris,cc,3
m009560,c_maya,to,0
m009561,c_noah,to,0
m009561,c_elena,to,1
m009561,c_taylor,to,2
m009561,c_chris,cc,3
m009562,c_maya,to,0
m009563,c_noah,to,0
m009563,c_elena,to,1
m009563,c_taylor,to,2
m009563,c_chris,cc,3
m009564,c_maya,to,0
m009565,c_noah,to,0
m009565,c_elena,to,1
m009565,c_taylor,to,2
m009565,c_chris,cc,3
m009566,c_maya,to,0
m009567,c_noah,to,0
m009567,c_elena,to,1
m009567,c_taylor,to,2
m009567,c_chris,cc,3
m009568,c_maya,to,0
m009569,c_noah,to,0
m009569,c_elena,to,1
m009569,c_taylor,to,2
m009569,c_chris,cc,3
m009570,c_maya,to,0
m009571,c_noah,to,0
m009571,c_elena,to,1
m009571,c_taylor,to,2
m009571,c_chris,cc,3
m009572,c_maya,to,0
m009573,c_noah,to,0
m009573,c_elena,to,1
m009573,c_taylor,to,2
m009573,c_chris,cc,3
m009574,c_maya,to,0
m009575,c_noah,to,0
m009575,c_elena,to,1
m009575,c_taylor,to,2
m009575,c_chris,cc,3
m009576,c_maya,to,0
m009577,c_noah,to,0
m009577,c_elena,to,1
m009577,c_taylor,to,2
m009577,c_chris,cc,3
m009578,c_maya,to,0
m009579,c_noah,to,0
m009579,c_elena,to,1
m009579,c_taylor,to,2
m009579,c_chris,cc,3
m009580,c_maya,to,0
m009581,c_noah,to,0
m009581,c_elena,to,1
m009581,c_taylor,to,2
m009581,c_chris,cc,3
m009582,c_maya,to,0
m009583,c_noah,to,0
m009583,c_elena,to,1
m009583,c_taylor,to,2
m009583,c_chris,cc,3
m009584,c_maya,to,0
m009585,c_noah,to,0
m009585,c_elena,to,1
m009585,c_taylor,to,2
m009585,c_chris,cc,3
m009586,c_maya,to,0
m009587,c_noah,to,0
m009587,c_elena,to,1
m009587,c_taylor,to,2
m009587,c_chris,cc,3
m009588,c_maya,to,0
m009589,c_noah,to,0
m009589,c_elena,to,1
m009589,c_taylor,to,2
m009589,c_chris,cc,3
m009590,c_maya,to,0
m009591,c_noah,to,0
m009591,c_elena,to,1
m009591,c_taylor,to,2
m009591,c_chris,cc,3
m009592,c_maya,to,0
m009593,c_noah,to,0
m009593,c_elena,to,1
m009593,c_taylor,to,2
m009593,c_chris,cc,3
m009594,c_maya,to,0
m009595,c_noah,to,0
m009595,c_elena,to,1
m009595,c_taylor,to,2
m009595,c_chris,cc,3
m009596,c_maya,to,0
m009597,c_noah,to,0
m009597,c_elena,to,1
m009597,c_taylor,to,2
m009597,c_chris,cc,3
m009598,c_maya,to,0
m009599,c_noah,to,0
m009599,c_elena,to,1
m009599,c_taylor,to,2
m009599,c_chris,cc,3
m009600,c_maya,to,0
m009601,c_chris,to,0
m009601,c_noah,to,1
m009601,c_elena,to,2
m009601,c_marcus,cc,3
m009602,c_maya,to,0
m009603,c_chris,to,0
m009603,c_noah,to,1
m009603,c_elena,to,2
m009603,c_marcus,cc,3
m009604,c_maya,to,0
m009605,c_chris,to,0
m009605,c_noah,to,1
m009605,c_elena,to,2
m009605,c_marcus,cc,3
m009606,c_maya,to,0
m009607,c_chris,to,0
m009607,c_noah,to,1
m009607,c_elena,to,2
m009607,c_marcus,cc,3
m009608,c_maya,to,0
m009609,c_priya,to,0
m009609,c_quinn,cc,1
m009610,c_maya,to,0
m009611,c_priya,to,0
m009611,c_quinn,cc,1
m009612,c_maya,to,0
m009613,c_priya,to,0
m009613,c_quinn,cc,1
m009614,c_maya,to,0
m009615,c_priya,to,0
m009615,c_quinn,cc,1
m009616,c_maya,to,0
m009617,c_priya,to,0
m009617,c_quinn,cc,1
m009618,c_maya,to,0
m009619,c_priya,to,0
m009619,c_quinn,cc,1
m009620,c_maya,to,0
m009621,c_elena,to,0
m009621,c_taylor,to,1
m009621,c_lena,to,2
m009622,c_noah,to,0
m009623,c_elena,to,0
m009623,c_taylor,to,1
m009623,c_lena,to,2
m009624,c_noah,to,0
m009625,c_elena,to,0
m009625,c_taylor,to,1
m009625,c_lena,to,2
m009626,c_noah,to,0
m009627,c_elena,to,0
m009627,c_taylor,to,1
m009627,c_lena,to,2
m009628,c_noah,to,0
m009629,c_elena,to,0
m009629,c_taylor,to,1
m009629,c_lena,to,2
m009630,c_noah,to,0
m009631,c_elena,to,0
m009631,c_taylor,to,1
m009631,c_lena,to,2
m009632,c_noah,to,0
m009633,c_noah,to,0
m009633,c_taylor,to,1
m009633,c_chris,cc,2
m009634,c_elena,to,0
m009635,c_noah,to,0
m009635,c_taylor,to,1
m009635,c_chris,cc,2
m009636,c_elena,to,0
m009637,c_noah,to,0
m009637,c_taylor,to,1
m009637,c_chris,cc,2
m009638,c_elena,to,0
m009639,c_noah,to,0
m009639,c_taylor,to,1
m009639,c_chris,cc,2
m009640,c_elena,to,0
m009641,c_noah,to,0
m009642,c_taylor,to,0
m009643,c_noah,to,0
m009644,c_taylor,to,0
m009645,c_avery,to,0
m009645,c_devon,to,1
m009646,c_alex_chan,to,0
m009647,c_avery,to,0
m009647,c_devon,to,1
m009648,c_alex_chan,to,0
m009649,c_maya,to,0
m009650,c_alex_chen,to,0
m009651,c_quinn,to,0
m009652,c_priya,to,0
m009653,c_marcus,to,0
m009654,c_chris,to,0
m009655,c_marcus,to,0
m009656,c_chris,to,0
m009657,c_hana,to,0
m009658,c_sam,to,0
m009659,c_alex_chan,to,0
m009660,c_maya,to,0
m009661,c_alex_chan,to,0
m009662,c_maya,to,0
m009663,c_alex_chan,to,0
m009664,c_maya,to,0
m009665,c_alex_chan,to,0
m009666,c_maya,to,0
m009667,c_alex_chan,to,0
m009668,c_maya,to,0
m009669,c_alex_chan,to,0
m009670,c_maya,to,0
m009671,c_jamie_lee,to,0
m009672,c_maya,to,0
m009673,c_jamie_lee,to,0
m009674,c_maya,to,0
m009675,c_jamie_lee,to,0
m009676,c_maya,to,0
m009677,c_jamie_lee,to,0
m009678,c_maya,to,0
m009679,c_jamie_lee,to,0
m009680,c_maya,to,0
m009681,c_jamie_lee,to,0
m009682,c_maya,to,0
m009683,c_morgan_shaw,to,0
m009684,c_maya,to,0
m009685,c_morgan_shaw,to,0
m009686,c_maya,to,0
m009687,c_morgan_shaw,to,0
m009688,c_maya,to,0
m009689,c_morgan_shaw,to,0
m009690,c_maya,to,0
m009691,c_morgan_shaw,to,0
m009692,c_maya,to,0
m009693,c_morgan_shaw,to,0
m009694,c_maya,to,0
m009695,c_alex_chen,to,0
m009696,c_maya,to,0
m009697,c_alex_chen,to,0
m009698,c_maya,to,0
m009699,c_alex_chen,to,0
m009700,c_maya,to,0
m009701,c_alex_chen,to,0
m009702,c_maya,to,0
m009703,c_jamie_li,to,0
m009704,c_maya,to,0
m009705,c_jamie_li,to,0
m009706,c_maya,to,0
m009707,c_jamie_li,to,0
m009708,c_maya,to,0
m009709,c_jamie_li,to,0
m009710,c_maya,to,0
m009711,c_morgan_zhao,to,0
m009712,c_maya,to,0
m009713,c_morgan_zhao,to,0
m009714,c_maya,to,0
m009715,c_morgan_zhao,to,0
m009716,c_maya,to,0
m009717,c_morgan_zhao,to,0
m009718,c_maya,to,0
m009719,c_lee,to,0
m009720,c_maya,to,0
m009721,c_lee,to,0
m009722,c_maya,to,0
m009723,c_lee,to,0
m009724,c_maya,to,0
m009725,c_lee,to,0
m009726,c_maya,to,0
m009727,c_lee,to,0
m009728,c_maya,to,0
m009729,c_lee,to,0
m009730,c_maya,to,0
m009731,c_pat,to,0
m009732,c_maya,to,0
m009733,c_pat,to,0
m009734,c_maya,to,0
m009735,c_pat,to,0
m009736,c_maya,to,0
m009737,c_pat,to,0
m009738,c_maya,to,0
m009739,c_pat,to,0
m009740,c_maya,to,0
m009741,c_pat,to,0
m009742,c_maya,to,0
m009743,c_ren,to,0
m009744,c_maya,to,0
m009745,c_ren,to,0
m009746,c_maya,to,0
m009747,c_ren,to,0
m009748,c_maya,to,0
m009749,c_ren,to,0
m009750,c_maya,to,0
m009751,c_ren,to,0
m009752,c_maya,to,0
m009753,c_ren,to,0
m009754,c_maya,to,0
m009755,c_sam,to,0
m009756,c_maya,to,0
m009757,c_hana,to,0
m009758,c_maya,to,0
m009759,c_fac_001,to,0
m009760,c_maya,to,0
m009761,c_fac_002,to,0
m009762,c_maya,to,0
m009763,c_fac_003,to,0
m009764,c_maya,to,0
m009765,c_fac_004,to,0
m009766,c_maya,to,0
m009767,c_fac_005,to,0
m009768,c_maya,to,0
m009769,c_fac_006,to,0
m009770,c_maya,to,0
m009771,c_fac_007,to,0
m009772,c_maya,to,0
m009773,c_fac_008,to,0
m009774,c_maya,to,0
m009775,c_fac_009,to,0
m009776,c_maya,to,0
m009777,c_fac_010,to,0
m009778,c_maya,to,0
m009779,c_fac_011,to,0
m009780,c_maya,to,0
m009781,c_fac_012,to,0
m009782,c_maya,to,0
m009783,c_fac_013,to,0
m009784,c_maya,to,0
m009785,c_fac_014,to,0
m009786,c_maya,to,0
m009787,c_fac_015,to,0
m009788,c_maya,to,0
m009789,c_fac_016,to,0
m009790,c_maya,to,0
m009791,c_fac_017,to,0
m009792,c_maya,to,0
m009793,c_noah,to,0
m009793,c_elena,to,1
m009793,c_taylor,to,2
m009793,c_chris,cc,3
m009794,c_maya,to,0
m009795,c_noah,to,0
m009795,c_elena,to,1
m009795,c_taylor,to,2
m009795,c_chris,cc,3
m009796,c_maya,to,0
m009797,c_noah,to,0
m009797,c_elena,to,1
m009797,c_taylor,to,2
m009797,c_chris,cc,3
m009798,c_maya,to,0
m009799,c_noah,to,0
m009799,c_elena,to,1
m009799,c_taylor,to,2
m009799,c_chris,cc,3
m009800,c_maya,to,0
m009801,c_noah,to,0
m009801,c_elena,to,1
m009801,c_taylor,to,2
m009801,c_chris,cc,3
m009802,c_maya,to,0
m009803,c_noah,to,0
m009803,c_elena,to,1
m009803,c_taylor,to,2
m009803,c_chris,cc,3
m009804,c_maya,to,0
m009805,c_noah,to,0
m009805,c_elena,to,1
m009805,c_taylor,to,2
m009805,c_chris,cc,3
m009806,c_maya,to,0
m009807,c_noah,to,0
m009807,c_elena,to,1
m009807,c_taylor,to,2
m009807,c_chris,cc,3
m009808,c_maya,to,0
m009809,c_noah,to,0
m009809,c_elena,to,1
m009809,c_taylor,to,2
m009809,c_chris,cc,3
m009810,c_maya,to,0
m009811,c_noah,to,0
m009811,c_elena,to,1
m009811,c_taylor,to,2
m009811,c_chris,cc,3
m009812,c_maya,to,0
m009813,c_noah,to,0
m009813,c_elena,to,1
m009813,c_taylor,to,2
m009813,c_chris,cc,3
m009814,c_maya,to,0
m009815,c_noah,to,0
m009815,c_elena,to,1
m009815,c_taylor,to,2
m009815,c_chris,cc,3
m009816,c_maya,to,0
m009817,c_noah,to,0
m009817,c_elena,to,1
m009817,c_taylor,to,2
m009817,c_chris,cc,3
m009818,c_maya,to,0
m009819,c_noah,to,0
m009819,c_elena,to,1
m009819,c_taylor,to,2
m009819,c_chris,cc,3
m009820,c_maya,to,0
m009821,c_noah,to,0
m009821,c_elena,to,1
m009821,c_taylor,to,2
m009821,c_chris,cc,3
m009822,c_maya,to,0
m009823,c_noah,to,0
m009823,c_elena,to,1
m009823,c_taylor,to,2
m009823,c_chris,cc,3
m009824,c_maya,to,0
m009825,c_noah,to,0
m009825,c_elena,to,1
m009825,c_taylor,to,2
m009825,c_chris,cc,3
m009826,c_maya,to,0
m009827,c_noah,to,0
m009827,c_elena,to,1
m009827,c_taylor,to,2
m009827,c_chris,cc,3
m009828,c_maya,to,0
m009829,c_noah,to,0
m009829,c_elena,to,1
m009829,c_taylor,to,2
m009829,c_chris,cc,3
m009830,c_maya,to,0
m009831,c_noah,to,0
m009831,c_elena,to,1
m009831,c_taylor,to,2
m009831,c_chris,cc,3
m009832,c_maya,to,0
m009833,c_noah,to,0
m009833,c_elena,to,1
m009833,c_taylor,to,2
m009833,c_chris,cc,3
m009834,c_maya,to,0
m009835,c_noah,to,0
m009835,c_elena,to,1
m009835,c_taylor,to,2
m009835,c_chris,cc,3
m009836,c_maya,to,0
m009837,c_noah,to,0
m009837,c_elena,to,1
m009837,c_taylor,to,2
m009837,c_chris,cc,3
m009838,c_maya,to,0
m009839,c_noah,to,0
m009839,c_elena,to,1
m009839,c_taylor,to,2
m009839,c_chris,cc,3
m009840,c_maya,to,0
m009841,c_noah,to,0
m009841,c_elena,to,1
m009841,c_taylor,to,2
m009841,c_chris,cc,3
m009842,c_maya,to,0
m009843,c_noah,to,0
m009843,c_elena,to,1
m009843,c_taylor,to,2
m009843,c_chris,cc,3
m009844,c_maya,to,0
m009845,c_noah,to,0
m009845,c_elena,to,1
m009845,c_taylor,to,2
m009845,c_chris,cc,3
m009846,c_maya,to,0
m009847,c_noah,to,0
m009847,c_elena,to,1
m009847,c_taylor,to,2
m009847,c_chris,cc,3
m009848,c_maya,to,0
m009849,c_noah,to,0
m009849,c_elena,to,1
m009849,c_taylor,to,2
m009849,c_chris,cc,3
m009850,c_maya,to,0
m009851,c_noah,to,0
m009851,c_elena,to,1
m009851,c_taylor,to,2
m009851,c_chris,cc,3
m009852,c_maya,to,0
m009853,c_noah,to,0
m009853,c_elena,to,1
m009853,c_taylor,to,2
m009853,c_chris,cc,3
m009854,c_maya,to,0
m009855,c_noah,to,0
m009855,c_elena,to,1
m009855,c_taylor,to,2
m009855,c_chris,cc,3
m009856,c_maya,to,0
m009857,c_noah,to,0
m009857,c_elena,to,1
m009857,c_taylor,to,2
m009857,c_chris,cc,3
m009858,c_maya,to,0
m009859,c_noah,to,0
m009859,c_elena,to,1
m009859,c_taylor,to,2
m009859,c_chris,cc,3
m009860,c_maya,to,0
m009861,c_noah,to,0
m009861,c_elena,to,1
m009861,c_taylor,to,2
m009861,c_chris,cc,3
m009862,c_maya,to,0
m009863,c_noah,to,0
m009863,c_elena,to,1
m009863,c_taylor,to,2
m009863,c_chris,cc,3
m009864,c_maya,to,0
m009865,c_noah,to,0
m009865,c_elena,to,1
m009865,c_taylor,to,2
m009865,c_chris,cc,3
m009866,c_maya,to,0
m009867,c_noah,to,0
m009867,c_elena,to,1
m009867,c_taylor,to,2
m009867,c_chris,cc,3
m009868,c_maya,to,0
m009869,c_noah,to,0
m009869,c_elena,to,1
m009869,c_taylor,to,2
m009869,c_chris,cc,3
m009870,c_maya,to,0
m009871,c_noah,to,0
m009871,c_elena,to,1
m009871,c_taylor,to,2
m009871,c_chris,cc,3
m009872,c_maya,to,0
m009873,c_chris,to,0
m009873,c_noah,to,1
m009873,c_elena,to,2
m009873,c_marcus,cc,3
m009874,c_maya,to,0
m009875,c_chris,to,0
m009875,c_noah,to,1
m009875,c_elena,to,2
m009875,c_marcus,cc,3
m009876,c_maya,to,0
m009877,c_chris,to,0
m009877,c_noah,to,1
m009877,c_elena,to,2
m009877,c_marcus,cc,3
m009878,c_maya,to,0
m009879,c_chris,to,0
m009879,c_noah,to,1
m009879,c_elena,to,2
m009879,c_marcus,cc,3
m009880,c_maya,to,0
m009881,c_priya,to,0
m009881,c_quinn,cc,1
m009882,c_maya,to,0
m009883,c_priya,to,0
m009883,c_quinn,cc,1
m009884,c_maya,to,0
m009885,c_priya,to,0
m009885,c_quinn,cc,1
m009886,c_maya,to,0
m009887,c_priya,to,0
m009887,c_quinn,cc,1
m009888,c_maya,to,0
m009889,c_priya,to,0
m009889,c_quinn,cc,1
m009890,c_maya,to,0
m009891,c_priya,to,0
m009891,c_quinn,cc,1
m009892,c_maya,to,0
m009893,c_elena,to,0
m009893,c_taylor,to,1
m009893,c_lena,to,2
m009894,c_noah,to,0
m009895,c_elena,to,0
m009895,c_taylor,to,1
m009895,c_lena,to,2
m009896,c_noah,to,0
m009897,c_elena,to,0
m009897,c_taylor,to,1
m009897,c_lena,to,2
m009898,c_noah,to,0
m009899,c_elena,to,0
m009899,c_taylor,to,1
m009899,c_lena,to,2
m009900,c_noah,to,0
m009901,c_elena,to,0
m009901,c_taylor,to,1
m009901,c_lena,to,2
m009902,c_noah,to,0
m009903,c_elena,to,0
m009903,c_taylor,to,1
m009903,c_lena,to,2
m009904,c_noah,to,0
m009905,c_noah,to,0
m009905,c_taylor,to,1
m009905,c_chris,cc,2
m009906,c_elena,to,0
m009907,c_noah,to,0
m009907,c_taylor,to,1
m009907,c_chris,cc,2
m009908,c_elena,to,0
m009909,c_noah,to,0
m009909,c_taylor,to,1
m009909,c_chris,cc,2
m009910,c_elena,to,0
m009911,c_noah,to,0
m009911,c_taylor,to,1
m009911,c_chris,cc,2
m009912,c_elena,to,0
m009913,c_noah,to,0
m009914,c_taylor,to,0
m009915,c_noah,to,0
m009916,c_taylor,to,0
m009917,c_avery,to,0
m009917,c_devon,to,1
m009918,c_alex_chan,to,0
m009919,c_avery,to,0
m009919,c_devon,to,1
m009920,c_alex_chan,to,0
m009921,c_maya,to,0
m009922,c_alex_chen,to,0
m009923,c_quinn,to,0
m009924,c_priya,to,0
m009925,c_marcus,to,0
m009926,c_chris,to,0
m009927,c_marcus,to,0
m009928,c_chris,to,0
m009929,c_hana,to,0
m009930,c_sam,to,0
m009931,c_alex_chan,to,0
m009932,c_maya,to,0
m009933,c_alex_chan,to,0
m009934,c_maya,to,0
m009935,c_alex_chan,to,0
m009936,c_maya,to,0
m009937,c_alex_chan,to,0
m009938,c_maya,to,0
m009939,c_alex_chan,to,0
m009940,c_maya,to,0
m009941,c_alex_chan,to,0
m009942,c_maya,to,0
m009943,c_jamie_lee,to,0
m009944,c_maya,to,0
m009945,c_jamie_lee,to,0
m009946,c_maya,to,0
m009947,c_jamie_lee,to,0
m009948,c_maya,to,0
m009949,c_jamie_lee,to,0
m009950,c_maya,to,0
m009951,c_jamie_lee,to,0
m009952,c_maya,to,0
m009953,c_jamie_lee,to,0
m009954,c_maya,to,0
m009955,c_morgan_shaw,to,0
m009956,c_maya,to,0
m009957,c_morgan_shaw,to,0
m009958,c_maya,to,0
m009959,c_morgan_shaw,to,0
m009960,c_maya,to,0
m009961,c_morgan_shaw,to,0
m009962,c_maya,to,0
m009963,c_morgan_shaw,to,0
m009964,c_maya,to,0
m009965,c_morgan_shaw,to,0
m009966,c_maya,to,0
m009967,c_alex_chen,to,0
m009968,c_maya,to,0
m009969,c_alex_chen,to,0
m009970,c_maya,to,0
m009971,c_alex_chen,to,0
m009972,c_maya,to,0
m009973,c_alex_chen,to,0
m009974,c_maya,to,0
m009975,c_jamie_li,to,0
m009976,c_maya,to,0
m009977,c_jamie_li,to,0
m009978,c_maya,to,0
m009979,c_jamie_li,to,0
m009980,c_maya,to,0
m009981,c_jamie_li,to,0
m009982,c_maya,to,0
m009983,c_morgan_zhao,to,0
m009984,c_maya,to,0
m009985,c_morgan_zhao,to,0
m009986,c_maya,to,0
m009987,c_morgan_zhao,to,0
m009988,c_maya,to,0
m009989,c_morgan_zhao,to,0
m009990,c_maya,to,0
m009991,c_lee,to,0
m009992,c_maya,to,0
m009993,c_lee,to,0
m009994,c_maya,to,0
m009995,c_lee,to,0
m009996,c_maya,to,0
m009997,c_lee,to,0
m009998,c_maya,to,0
m009999,c_lee,to,0
m010000,c_maya,to,0
m010001,c_lee,to,0
m010002,c_maya,to,0
m010003,c_pat,to,0
m010004,c_maya,to,0
m010005,c_pat,to,0
m010006,c_maya,to,0
m010007,c_pat,to,0
m010008,c_maya,to,0
m010009,c_pat,to,0
m010010,c_maya,to,0
m010011,c_pat,to,0
m010012,c_maya,to,0
m010013,c_pat,to,0
m010014,c_maya,to,0
m010015,c_ren,to,0
m010016,c_maya,to,0
m010017,c_ren,to,0
m010018,c_maya,to,0
m010019,c_ren,to,0
m010020,c_maya,to,0
m010021,c_ren,to,0
m010022,c_maya,to,0
m010023,c_ren,to,0
m010024,c_maya,to,0
m010025,c_ren,to,0
m010026,c_maya,to,0
m010027,c_sam,to,0
m010028,c_maya,to,0
m010029,c_hana,to,0
m010030,c_maya,to,0
m010031,c_fac_001,to,0
m010032,c_maya,to,0
m010033,c_fac_002,to,0
m010034,c_maya,to,0
m010035,c_fac_003,to,0
m010036,c_maya,to,0
m010037,c_fac_004,to,0
m010038,c_maya,to,0
m010039,c_fac_005,to,0
m010040,c_maya,to,0
m010041,c_fac_006,to,0
m010042,c_maya,to,0
m010043,c_fac_007,to,0
m010044,c_maya,to,0
m010045,c_fac_008,to,0
m010046,c_maya,to,0
m010047,c_fac_009,to,0
m010048,c_maya,to,0
m010049,c_fac_010,to,0
m010050,c_maya,to,0
m010051,c_fac_011,to,0
m010052,c_maya,to,0
m010053,c_fac_012,to,0
m010054,c_maya,to,0
m010055,c_fac_013,to,0
m010056,c_maya,to,0
m010057,c_fac_014,to,0
m010058,c_maya,to,0
m010059,c_fac_015,to,0
m010060,c_maya,to,0
m010061,c_fac_016,to,0
m010062,c_maya,to,0
m010063,c_fac_017,to,0
m010064,c_maya,to,0
m010065,c_noah,to,0
m010065,c_elena,to,1
m010065,c_taylor,to,2
m010065,c_chris,cc,3
m010066,c_maya,to,0
m010067,c_noah,to,0
m010067,c_elena,to,1
m010067,c_taylor,to,2
m010067,c_chris,cc,3
m010068,c_maya,to,0
m010069,c_noah,to,0
m010069,c_elena,to,1
m010069,c_taylor,to,2
m010069,c_chris,cc,3
m010070,c_maya,to,0
m010071,c_noah,to,0
m010071,c_elena,to,1
m010071,c_taylor,to,2
m010071,c_chris,cc,3
m010072,c_maya,to,0
m010073,c_noah,to,0
m010073,c_elena,to,1
m010073,c_taylor,to,2
m010073,c_chris,cc,3
m010074,c_maya,to,0
m010075,c_noah,to,0
m010075,c_elena,to,1
m010075,c_taylor,to,2
m010075,c_chris,cc,3
m010076,c_maya,to,0
m010077,c_noah,to,0
m010077,c_elena,to,1
m010077,c_taylor,to,2
m010077,c_chris,cc,3
m010078,c_maya,to,0
m010079,c_noah,to,0
m010079,c_elena,to,1
m010079,c_taylor,to,2
m010079,c_chris,cc,3
m010080,c_maya,to,0
m010081,c_noah,to,0
m010081,c_elena,to,1
m010081,c_taylor,to,2
m010081,c_chris,cc,3
m010082,c_maya,to,0
m010083,c_noah,to,0
m010083,c_elena,to,1
m010083,c_taylor,to,2
m010083,c_chris,cc,3
m010084,c_maya,to,0
m010085,c_noah,to,0
m010085,c_elena,to,1
m010085,c_taylor,to,2
m010085,c_chris,cc,3
m010086,c_maya,to,0
m010087,c_noah,to,0
m010087,c_elena,to,1
m010087,c_taylor,to,2
m010087,c_chris,cc,3
m010088,c_maya,to,0
m010089,c_noah,to,0
m010089,c_elena,to,1
m010089,c_taylor,to,2
m010089,c_chris,cc,3
m010090,c_maya,to,0
m010091,c_noah,to,0
m010091,c_elena,to,1
m010091,c_taylor,to,2
m010091,c_chris,cc,3
m010092,c_maya,to,0
m010093,c_noah,to,0
m010093,c_elena,to,1
m010093,c_taylor,to,2
m010093,c_chris,cc,3
m010094,c_maya,to,0
m010095,c_noah,to,0
m010095,c_elena,to,1
m010095,c_taylor,to,2
m010095,c_chris,cc,3
m010096,c_maya,to,0
m010097,c_noah,to,0
m010097,c_elena,to,1
m010097,c_taylor,to,2
m010097,c_chris,cc,3
m010098,c_maya,to,0
m010099,c_noah,to,0
m010099,c_elena,to,1
m010099,c_taylor,to,2
m010099,c_chris,cc,3
m010100,c_maya,to,0
m010101,c_noah,to,0
m010101,c_elena,to,1
m010101,c_taylor,to,2
m010101,c_chris,cc,3
m010102,c_maya,to,0
m010103,c_noah,to,0
m010103,c_elena,to,1
m010103,c_taylor,to,2
m010103,c_chris,cc,3
m010104,c_maya,to,0
m010105,c_noah,to,0
m010105,c_elena,to,1
m010105,c_taylor,to,2
m010105,c_chris,cc,3
m010106,c_maya,to,0
m010107,c_noah,to,0
m010107,c_elena,to,1
m010107,c_taylor,to,2
m010107,c_chris,cc,3
m010108,c_maya,to,0
m010109,c_noah,to,0
m010109,c_elena,to,1
m010109,c_taylor,to,2
m010109,c_chris,cc,3
m010110,c_maya,to,0
m010111,c_noah,to,0
m010111,c_elena,to,1
m010111,c_taylor,to,2
m010111,c_chris,cc,3
m010112,c_maya,to,0
m010113,c_noah,to,0
m010113,c_elena,to,1
m010113,c_taylor,to,2
m010113,c_chris,cc,3
m010114,c_maya,to,0
m010115,c_noah,to,0
m010115,c_elena,to,1
m010115,c_taylor,to,2
m010115,c_chris,cc,3
m010116,c_maya,to,0
m010117,c_noah,to,0
m010117,c_elena,to,1
m010117,c_taylor,to,2
m010117,c_chris,cc,3
m010118,c_maya,to,0
m010119,c_noah,to,0
m010119,c_elena,to,1
m010119,c_taylor,to,2
m010119,c_chris,cc,3
m010120,c_maya,to,0
m010121,c_noah,to,0
m010121,c_elena,to,1
m010121,c_taylor,to,2
m010121,c_chris,cc,3
m010122,c_maya,to,0
m010123,c_noah,to,0
m010123,c_elena,to,1
m010123,c_taylor,to,2
m010123,c_chris,cc,3
m010124,c_maya,to,0
m010125,c_noah,to,0
m010125,c_elena,to,1
m010125,c_taylor,to,2
m010125,c_chris,cc,3
m010126,c_maya,to,0
m010127,c_noah,to,0
m010127,c_elena,to,1
m010127,c_taylor,to,2
m010127,c_chris,cc,3
m010128,c_maya,to,0
m010129,c_noah,to,0
m010129,c_elena,to,1
m010129,c_taylor,to,2
m010129,c_chris,cc,3
m010130,c_maya,to,0
m010131,c_noah,to,0
m010131,c_elena,to,1
m010131,c_taylor,to,2
m010131,c_chris,cc,3
m010132,c_maya,to,0
m010133,c_noah,to,0
m010133,c_elena,to,1
m010133,c_taylor,to,2
m010133,c_chris,cc,3
m010134,c_maya,to,0
m010135,c_noah,to,0
m010135,c_elena,to,1
m010135,c_taylor,to,2
m010135,c_chris,cc,3
m010136,c_maya,to,0
m010137,c_noah,to,0
m010137,c_elena,to,1
m010137,c_taylor,to,2
m010137,c_chris,cc,3
m010138,c_maya,to,0
m010139,c_noah,to,0
m010139,c_elena,to,1
m010139,c_taylor,to,2
m010139,c_chris,cc,3
m010140,c_maya,to,0
m010141,c_noah,to,0
m010141,c_elena,to,1
m010141,c_taylor,to,2
m010141,c_chris,cc,3
m010142,c_maya,to,0
m010143,c_noah,to,0
m010143,c_elena,to,1
m010143,c_taylor,to,2
m010143,c_chris,cc,3
m010144,c_maya,to,0
m010145,c_chris,to,0
m010145,c_noah,to,1
m010145,c_elena,to,2
m010145,c_marcus,cc,3
m010146,c_maya,to,0
m010147,c_chris,to,0
m010147,c_noah,to,1
m010147,c_elena,to,2
m010147,c_marcus,cc,3
m010148,c_maya,to,0
m010149,c_chris,to,0
m010149,c_noah,to,1
m010149,c_elena,to,2
m010149,c_marcus,cc,3
m010150,c_maya,to,0
m010151,c_chris,to,0
m010151,c_noah,to,1
m010151,c_elena,to,2
m010151,c_marcus,cc,3
m010152,c_maya,to,0
m010153,c_priya,to,0
m010153,c_quinn,cc,1
m010154,c_maya,to,0
m010155,c_priya,to,0
m010155,c_quinn,cc,1
m010156,c_maya,to,0
m010157,c_priya,to,0
m010157,c_quinn,cc,1
m010158,c_maya,to,0
m010159,c_priya,to,0
m010159,c_quinn,cc,1
m010160,c_maya,to,0
m010161,c_priya,to,0
m010161,c_quinn,cc,1
m010162,c_maya,to,0
m010163,c_priya,to,0
m010163,c_quinn,cc,1
m010164,c_maya,to,0
m010165,c_elena,to,0
m010165,c_taylor,to,1
m010165,c_lena,to,2
m010166,c_noah,to,0
m010167,c_elena,to,0
m010167,c_taylor,to,1
m010167,c_lena,to,2
m010168,c_noah,to,0
m010169,c_elena,to,0
m010169,c_taylor,to,1
m010169,c_lena,to,2
m010170,c_noah,to,0
m010171,c_elena,to,0
m010171,c_taylor,to,1
m010171,c_lena,to,2
m010172,c_noah,to,0
m010173,c_elena,to,0
m010173,c_taylor,to,1
m010173,c_lena,to,2
m010174,c_noah,to,0
m010175,c_elena,to,0
m010175,c_taylor,to,1
m010175,c_lena,to,2
m010176,c_noah,to,0
m010177,c_noah,to,0
m010177,c_taylor,to,1
m010177,c_chris,cc,2
m010178,c_elena,to,0
m010179,c_noah,to,0
m010179,c_taylor,to,1
m010179,c_chris,cc,2
m010180,c_elena,to,0
m010181,c_noah,to,0
m010181,c_taylor,to,1
m010181,c_chris,cc,2
m010182,c_elena,to,0
m010183,c_noah,to,0
m010183,c_taylor,to,1
m010183,c_chris,cc,2
m010184,c_elena,to,0
m010185,c_noah,to,0
m010186,c_taylor,to,0
m010187,c_noah,to,0
m010188,c_taylor,to,0
m010189,c_avery,to,0
m010189,c_devon,to,1
m010190,c_alex_chan,to,0
m010191,c_avery,to,0
m010191,c_devon,to,1
m010192,c_alex_chan,to,0
m010193,c_maya,to,0
m010194,c_alex_chen,to,0
m010195,c_quinn,to,0
m010196,c_priya,to,0
m010197,c_marcus,to,0
m010198,c_chris,to,0
m010199,c_marcus,to,0
m010200,c_chris,to,0
m010201,c_hana,to,0
m010202,c_sam,to,0
m010203,c_alex_chan,to,0
m010204,c_maya,to,0
m010205,c_alex_chan,to,0
m010206,c_maya,to,0
m010207,c_alex_chan,to,0
m010208,c_maya,to,0
m010209,c_alex_chan,to,0
m010210,c_maya,to,0
m010211,c_alex_chan,to,0
m010212,c_maya,to,0
m010213,c_alex_chan,to,0
m010214,c_maya,to,0
m010215,c_jamie_lee,to,0
m010216,c_maya,to,0
m010217,c_jamie_lee,to,0
m010218,c_maya,to,0
m010219,c_jamie_lee,to,0
m010220,c_maya,to,0
m010221,c_jamie_lee,to,0
m010222,c_maya,to,0
m010223,c_jamie_lee,to,0
m010224,c_maya,to,0
m010225,c_jamie_lee,to,0
m010226,c_maya,to,0
m010227,c_morgan_shaw,to,0
m010228,c_maya,to,0
m010229,c_morgan_shaw,to,0
m010230,c_maya,to,0
m010231,c_morgan_shaw,to,0
m010232,c_maya,to,0
m010233,c_morgan_shaw,to,0
m010234,c_maya,to,0
m010235,c_morgan_shaw,to,0
m010236,c_maya,to,0
m010237,c_morgan_shaw,to,0
m010238,c_maya,to,0
m010239,c_alex_chen,to,0
m010240,c_maya,to,0
m010241,c_alex_chen,to,0
m010242,c_maya,to,0
m010243,c_alex_chen,to,0
m010244,c_maya,to,0
m010245,c_alex_chen,to,0
m010246,c_maya,to,0
m010247,c_jamie_li,to,0
m010248,c_maya,to,0
m010249,c_jamie_li,to,0
m010250,c_maya,to,0
m010251,c_jamie_li,to,0
m010252,c_maya,to,0
m010253,c_jamie_li,to,0
m010254,c_maya,to,0
m010255,c_morgan_zhao,to,0
m010256,c_maya,to,0
m010257,c_morgan_zhao,to,0
m010258,c_maya,to,0
m010259,c_morgan_zhao,to,0
m010260,c_maya,to,0
m010261,c_morgan_zhao,to,0
m010262,c_maya,to,0
m010263,c_lee,to,0
m010264,c_maya,to,0
m010265,c_lee,to,0
m010266,c_maya,to,0
m010267,c_lee,to,0
m010268,c_maya,to,0
m010269,c_lee,to,0
m010270,c_maya,to,0
m010271,c_lee,to,0
m010272,c_maya,to,0
m010273,c_lee,to,0
m010274,c_maya,to,0
m010275,c_pat,to,0
m010276,c_maya,to,0
m010277,c_pat,to,0
m010278,c_maya,to,0
m010279,c_pat,to,0
m010280,c_maya,to,0
m010281,c_pat,to,0
m010282,c_maya,to,0
m010283,c_pat,to,0
m010284,c_maya,to,0
m010285,c_pat,to,0
m010286,c_maya,to,0
m010287,c_ren,to,0
m010288,c_maya,to,0
m010289,c_ren,to,0
m010290,c_maya,to,0
m010291,c_ren,to,0
m010292,c_maya,to,0
m010293,c_ren,to,0
m010294,c_maya,to,0
m010295,c_ren,to,0
m010296,c_maya,to,0
m010297,c_ren,to,0
m010298,c_maya,to,0
m010299,c_sam,to,0
m010300,c_maya,to,0
m010301,c_hana,to,0
m010302,c_maya,to,0
m010303,c_fac_001,to,0
m010304,c_maya,to,0
m010305,c_fac_002,to,0
m010306,c_maya,to,0
m010307,c_fac_003,to,0
m010308,c_maya,to,0
m010309,c_fac_004,to,0
m010310,c_maya,to,0
m010311,c_fac_005,to,0
m010312,c_maya,to,0
m010313,c_fac_006,to,0
m010314,c_maya,to,0
m010315,c_fac_007,to,0
m010316,c_maya,to,0
m010317,c_fac_008,to,0
m010318,c_maya,to,0
m010319,c_fac_009,to,0
m010320,c_maya,to,0
m010321,c_fac_010,to,0
m010322,c_maya,to,0
m010323,c_fac_011,to,0
m010324,c_maya,to,0
m010325,c_fac_012,to,0
m010326,c_maya,to,0
m010327,c_fac_013,to,0
m010328,c_maya,to,0
m010329,c_fac_014,to,0
m010330,c_maya,to,0
m010331,c_fac_015,to,0
m010332,c_maya,to,0
m010333,c_fac_016,to,0
m010334,c_maya,to,0
m010335,c_fac_017,to,0
m010336,c_maya,to,0
m010337,c_noah,to,0
m010337,c_elena,to,1
m010337,c_taylor,to,2
m010337,c_chris,cc,3
m010338,c_maya,to,0
m010339,c_noah,to,0
m010339,c_elena,to,1
m010339,c_taylor,to,2
m010339,c_chris,cc,3
m010340,c_maya,to,0
m010341,c_noah,to,0
m010341,c_elena,to,1
m010341,c_taylor,to,2
m010341,c_chris,cc,3
m010342,c_maya,to,0
m010343,c_noah,to,0
m010343,c_elena,to,1
m010343,c_taylor,to,2
m010343,c_chris,cc,3
m010344,c_maya,to,0
m010345,c_noah,to,0
m010345,c_elena,to,1
m010345,c_taylor,to,2
m010345,c_chris,cc,3
m010346,c_maya,to,0
m010347,c_noah,to,0
m010347,c_elena,to,1
m010347,c_taylor,to,2
m010347,c_chris,cc,3
m010348,c_maya,to,0
m010349,c_noah,to,0
m010349,c_elena,to,1
m010349,c_taylor,to,2
m010349,c_chris,cc,3
m010350,c_maya,to,0
m010351,c_noah,to,0
m010351,c_elena,to,1
m010351,c_taylor,to,2
m010351,c_chris,cc,3
m010352,c_maya,to,0
m010353,c_noah,to,0
m010353,c_elena,to,1
m010353,c_taylor,to,2
m010353,c_chris,cc,3
m010354,c_maya,to,0
m010355,c_noah,to,0
m010355,c_elena,to,1
m010355,c_taylor,to,2
m010355,c_chris,cc,3
m010356,c_maya,to,0
m010357,c_noah,to,0
m010357,c_elena,to,1
m010357,c_taylor,to,2
m010357,c_chris,cc,3
m010358,c_maya,to,0
m010359,c_noah,to,0
m010359,c_elena,to,1
m010359,c_taylor,to,2
m010359,c_chris,cc,3
m010360,c_maya,to,0
m010361,c_noah,to,0
m010361,c_elena,to,1
m010361,c_taylor,to,2
m010361,c_chris,cc,3
m010362,c_maya,to,0
m010363,c_noah,to,0
m010363,c_elena,to,1
m010363,c_taylor,to,2
m010363,c_chris,cc,3
m010364,c_maya,to,0
m010365,c_noah,to,0
m010365,c_elena,to,1
m010365,c_taylor,to,2
m010365,c_chris,cc,3
m010366,c_maya,to,0
m010367,c_noah,to,0
m010367,c_elena,to,1
m010367,c_taylor,to,2
m010367,c_chris,cc,3
m010368,c_maya,to,0
m010369,c_noah,to,0
m010369,c_elena,to,1
m010369,c_taylor,to,2
m010369,c_chris,cc,3
m010370,c_maya,to,0
m010371,c_noah,to,0
m010371,c_elena,to,1
m010371,c_taylor,to,2
m010371,c_chris,cc,3
m010372,c_maya,to,0
m010373,c_noah,to,0
m010373,c_elena,to,1
m010373,c_taylor,to,2
m010373,c_chris,cc,3
m010374,c_maya,to,0
m010375,c_noah,to,0
m010375,c_elena,to,1
m010375,c_taylor,to,2
m010375,c_chris,cc,3
m010376,c_maya,to,0
m010377,c_noah,to,0
m010377,c_elena,to,1
m010377,c_taylor,to,2
m010377,c_chris,cc,3
m010378,c_maya,to,0
m010379,c_noah,to,0
m010379,c_elena,to,1
m010379,c_taylor,to,2
m010379,c_chris,cc,3
m010380,c_maya,to,0
m010381,c_noah,to,0
m010381,c_elena,to,1
m010381,c_taylor,to,2
m010381,c_chris,cc,3
m010382,c_maya,to,0
m010383,c_noah,to,0
m010383,c_elena,to,1
m010383,c_taylor,to,2
m010383,c_chris,cc,3
m010384,c_maya,to,0
m010385,c_noah,to,0
m010385,c_elena,to,1
m010385,c_taylor,to,2
m010385,c_chris,cc,3
m010386,c_maya,to,0
m010387,c_noah,to,0
m010387,c_elena,to,1
m010387,c_taylor,to,2
m010387,c_chris,cc,3
m010388,c_maya,to,0
m010389,c_noah,to,0
m010389,c_elena,to,1
m010389,c_taylor,to,2
m010389,c_chris,cc,3
m010390,c_maya,to,0
m010391,c_noah,to,0
m010391,c_elena,to,1
m010391,c_taylor,to,2
m010391,c_chris,cc,3
m010392,c_maya,to,0
m010393,c_noah,to,0
m010393,c_elena,to,1
m010393,c_taylor,to,2
m010393,c_chris,cc,3
m010394,c_maya,to,0
m010395,c_noah,to,0
m010395,c_elena,to,1
m010395,c_taylor,to,2
m010395,c_chris,cc,3
m010396,c_maya,to,0
m010397,c_noah,to,0
m010397,c_elena,to,1
m010397,c_taylor,to,2
m010397,c_chris,cc,3
m010398,c_maya,to,0
m010399,c_noah,to,0
m010399,c_elena,to,1
m010399,c_taylor,to,2
m010399,c_chris,cc,3
m010400,c_maya,to,0
m010401,c_noah,to,0
m010401,c_elena,to,1
m010401,c_taylor,to,2
m010401,c_chris,cc,3
m010402,c_maya,to,0
m010403,c_noah,to,0
m010403,c_elena,to,1
m010403,c_taylor,to,2
m010403,c_chris,cc,3
m010404,c_maya,to,0
m010405,c_noah,to,0
m010405,c_elena,to,1
m010405,c_taylor,to,2
m010405,c_chris,cc,3
m010406,c_maya,to,0
m010407,c_noah,to,0
m010407,c_elena,to,1
m010407,c_taylor,to,2
m010407,c_chris,cc,3
m010408,c_maya,to,0
m010409,c_noah,to,0
m010409,c_elena,to,1
m010409,c_taylor,to,2
m010409,c_chris,cc,3
m010410,c_maya,to,0
m010411,c_noah,to,0
m010411,c_elena,to,1
m010411,c_taylor,to,2
m010411,c_chris,cc,3
m010412,c_maya,to,0
m010413,c_noah,to,0
m010413,c_elena,to,1
m010413,c_taylor,to,2
m010413,c_chris,cc,3
m010414,c_maya,to,0
m010415,c_noah,to,0
m010415,c_elena,to,1
m010415,c_taylor,to,2
m010415,c_chris,cc,3
m010416,c_maya,to,0
m010417,c_chris,to,0
m010417,c_noah,to,1
m010417,c_elena,to,2
m010417,c_marcus,cc,3
m010418,c_maya,to,0
m010419,c_chris,to,0
m010419,c_noah,to,1
m010419,c_elena,to,2
m010419,c_marcus,cc,3
m010420,c_maya,to,0
m010421,c_chris,to,0
m010421,c_noah,to,1
m010421,c_elena,to,2
m010421,c_marcus,cc,3
m010422,c_maya,to,0
m010423,c_chris,to,0
m010423,c_noah,to,1
m010423,c_elena,to,2
m010423,c_marcus,cc,3
m010424,c_maya,to,0
m010425,c_priya,to,0
m010425,c_quinn,cc,1
m010426,c_maya,to,0
m010427,c_priya,to,0
m010427,c_quinn,cc,1
m010428,c_maya,to,0
m010429,c_priya,to,0
m010429,c_quinn,cc,1
m010430,c_maya,to,0
m010431,c_priya,to,0
m010431,c_quinn,cc,1
m010432,c_maya,to,0
m010433,c_priya,to,0
m010433,c_quinn,cc,1
m010434,c_maya,to,0
m010435,c_priya,to,0
m010435,c_quinn,cc,1
m010436,c_maya,to,0
m010437,c_elena,to,0
m010437,c_taylor,to,1
m010437,c_lena,to,2
m010438,c_noah,to,0
m010439,c_elena,to,0
m010439,c_taylor,to,1
m010439,c_lena,to,2
m010440,c_noah,to,0
m010441,c_elena,to,0
m010441,c_taylor,to,1
m010441,c_lena,to,2
m010442,c_noah,to,0
m010443,c_elena,to,0
m010443,c_taylor,to,1
m010443,c_lena,to,2
m010444,c_noah,to,0
m010445,c_elena,to,0
m010445,c_taylor,to,1
m010445,c_lena,to,2
m010446,c_noah,to,0
m010447,c_elena,to,0
m010447,c_taylor,to,1
m010447,c_lena,to,2
m010448,c_noah,to,0
m010449,c_noah,to,0
m010449,c_taylor,to,1
m010449,c_chris,cc,2
m010450,c_elena,to,0
m010451,c_noah,to,0
m010451,c_taylor,to,1
m010451,c_chris,cc,2
m010452,c_elena,to,0
m010453,c_noah,to,0
m010453,c_taylor,to,1
m010453,c_chris,cc,2
m010454,c_elena,to,0
m010455,c_noah,to,0
m010455,c_taylor,to,1
m010455,c_chris,cc,2
m010456,c_elena,to,0
m010457,c_noah,to,0
m010458,c_taylor,to,0
m010459,c_noah,to,0
m010460,c_taylor,to,0
m010461,c_avery,to,0
m010461,c_devon,to,1
m010462,c_alex_chan,to,0
m010463,c_avery,to,0
m010463,c_devon,to,1
m010464,c_alex_chan,to,0
m010465,c_maya,to,0
m010466,c_alex_chen,to,0
m010467,c_quinn,to,0
m010468,c_priya,to,0
m010469,c_marcus,to,0
m010470,c_chris,to,0
m010471,c_marcus,to,0
m010472,c_chris,to,0
m010473,c_hana,to,0
m010474,c_sam,to,0
m010475,c_alex_chan,to,0
m010476,c_maya,to,0
m010477,c_alex_chan,to,0
m010478,c_maya,to,0
m010479,c_alex_chan,to,0
m010480,c_maya,to,0
m010481,c_alex_chan,to,0
m010482,c_maya,to,0
m010483,c_alex_chan,to,0
m010484,c_maya,to,0
m010485,c_alex_chan,to,0
m010486,c_maya,to,0
m010487,c_jamie_lee,to,0
m010488,c_maya,to,0
m010489,c_jamie_lee,to,0
m010490,c_maya,to,0
m010491,c_jamie_lee,to,0
m010492,c_maya,to,0
m010493,c_jamie_lee,to,0
m010494,c_maya,to,0
m010495,c_jamie_lee,to,0
m010496,c_maya,to,0
m010497,c_jamie_lee,to,0
m010498,c_maya,to,0
m010499,c_morgan_shaw,to,0
m010500,c_maya,to,0
m010501,c_morgan_shaw,to,0
m010502,c_maya,to,0
m010503,c_morgan_shaw,to,0
m010504,c_maya,to,0
m010505,c_morgan_shaw,to,0
m010506,c_maya,to,0
m010507,c_morgan_shaw,to,0
m010508,c_maya,to,0
m010509,c_morgan_shaw,to,0
m010510,c_maya,to,0
m010511,c_alex_chen,to,0
m010512,c_maya,to,0
m010513,c_alex_chen,to,0
m010514,c_maya,to,0
m010515,c_alex_chen,to,0
m010516,c_maya,to,0
m010517,c_alex_chen,to,0
m010518,c_maya,to,0
m010519,c_jamie_li,to,0
m010520,c_maya,to,0
m010521,c_jamie_li,to,0
m010522,c_maya,to,0
m010523,c_jamie_li,to,0
m010524,c_maya,to,0
m010525,c_jamie_li,to,0
m010526,c_maya,to,0
m010527,c_morgan_zhao,to,0
m010528,c_maya,to,0
m010529,c_morgan_zhao,to,0
m010530,c_maya,to,0
m010531,c_morgan_zhao,to,0
m010532,c_maya,to,0
m010533,c_morgan_zhao,to,0
m010534,c_maya,to,0
m010535,c_lee,to,0
m010536,c_maya,to,0
m010537,c_lee,to,0
m010538,c_maya,to,0
m010539,c_lee,to,0
m010540,c_maya,to,0
m010541,c_lee,to,0
m010542,c_maya,to,0
m010543,c_lee,to,0
m010544,c_maya,to,0
m010545,c_lee,to,0
m010546,c_maya,to,0
m010547,c_pat,to,0
m010548,c_maya,to,0
m010549,c_pat,to,0
m010550,c_maya,to,0
m010551,c_pat,to,0
m010552,c_maya,to,0
m010553,c_pat,to,0
m010554,c_maya,to,0
m010555,c_pat,to,0
m010556,c_maya,to,0
m010557,c_pat,to,0
m010558,c_maya,to,0
m010559,c_ren,to,0
m010560,c_maya,to,0
m010561,c_ren,to,0
m010562,c_maya,to,0
m010563,c_ren,to,0
m010564,c_maya,to,0
m010565,c_ren,to,0
m010566,c_maya,to,0
m010567,c_ren,to,0
m010568,c_maya,to,0
m010569,c_ren,to,0
m010570,c_maya,to,0
m010571,c_sam,to,0
m010572,c_maya,to,0
m010573,c_hana,to,0
m010574,c_maya,to,0
m010575,c_fac_001,to,0
m010576,c_maya,to,0
m010577,c_fac_002,to,0
m010578,c_maya,to,0
m010579,c_fac_003,to,0
m010580,c_maya,to,0
m010581,c_fac_004,to,0
m010582,c_maya,to,0
m010583,c_fac_005,to,0
m010584,c_maya,to,0
m010585,c_fac_006,to,0
m010586,c_maya,to,0
m010587,c_fac_007,to,0
m010588,c_maya,to,0
m010589,c_fac_008,to,0
m010590,c_maya,to,0
m010591,c_fac_009,to,0
m010592,c_maya,to,0
m010593,c_fac_010,to,0
m010594,c_maya,to,0
m010595,c_fac_011,to,0
m010596,c_maya,to,0
m010597,c_fac_012,to,0
m010598,c_maya,to,0
m010599,c_fac_013,to,0
m010600,c_maya,to,0
m010601,c_fac_014,to,0
m010602,c_maya,to,0
m010603,c_fac_015,to,0
m010604,c_maya,to,0
m010605,c_fac_016,to,0
m010606,c_maya,to,0
m010607,c_fac_017,to,0
m010608,c_maya,to,0
m010609,c_noah,to,0
m010609,c_elena,to,1
m010609,c_taylor,to,2
m010609,c_chris,cc,3
m010610,c_maya,to,0
m010611,c_noah,to,0
m010611,c_elena,to,1
m010611,c_taylor,to,2
m010611,c_chris,cc,3
m010612,c_maya,to,0
m010613,c_noah,to,0
m010613,c_elena,to,1
m010613,c_taylor,to,2
m010613,c_chris,cc,3
m010614,c_maya,to,0
m010615,c_noah,to,0
m010615,c_elena,to,1
m010615,c_taylor,to,2
m010615,c_chris,cc,3
m010616,c_maya,to,0
m010617,c_noah,to,0
m010617,c_elena,to,1
m010617,c_taylor,to,2
m010617,c_chris,cc,3
m010618,c_maya,to,0
m010619,c_noah,to,0
m010619,c_elena,to,1
m010619,c_taylor,to,2
m010619,c_chris,cc,3
m010620,c_maya,to,0
m010621,c_noah,to,0
m010621,c_elena,to,1
m010621,c_taylor,to,2
m010621,c_chris,cc,3
m010622,c_maya,to,0
m010623,c_noah,to,0
m010623,c_elena,to,1
m010623,c_taylor,to,2
m010623,c_chris,cc,3
m010624,c_maya,to,0
m010625,c_noah,to,0
m010625,c_elena,to,1
m010625,c_taylor,to,2
m010625,c_chris,cc,3
m010626,c_maya,to,0
m010627,c_noah,to,0
m010627,c_elena,to,1
m010627,c_taylor,to,2
m010627,c_chris,cc,3
m010628,c_maya,to,0
m010629,c_noah,to,0
m010629,c_elena,to,1
m010629,c_taylor,to,2
m010629,c_chris,cc,3
m010630,c_maya,to,0
m010631,c_noah,to,0
m010631,c_elena,to,1
m010631,c_taylor,to,2
m010631,c_chris,cc,3
m010632,c_maya,to,0
m010633,c_noah,to,0
m010633,c_elena,to,1
m010633,c_taylor,to,2
m010633,c_chris,cc,3
m010634,c_maya,to,0
m010635,c_noah,to,0
m010635,c_elena,to,1
m010635,c_taylor,to,2
m010635,c_chris,cc,3
m010636,c_maya,to,0
m010637,c_noah,to,0
m010637,c_elena,to,1
m010637,c_taylor,to,2
m010637,c_chris,cc,3
m010638,c_maya,to,0
m010639,c_noah,to,0
m010639,c_elena,to,1
m010639,c_taylor,to,2
m010639,c_chris,cc,3
m010640,c_maya,to,0
m010641,c_noah,to,0
m010641,c_elena,to,1
m010641,c_taylor,to,2
m010641,c_chris,cc,3
m010642,c_maya,to,0
m010643,c_noah,to,0
m010643,c_elena,to,1
m010643,c_taylor,to,2
m010643,c_chris,cc,3
m010644,c_maya,to,0
m010645,c_noah,to,0
m010645,c_elena,to,1
m010645,c_taylor,to,2
m010645,c_chris,cc,3
m010646,c_maya,to,0
m010647,c_noah,to,0
m010647,c_elena,to,1
m010647,c_taylor,to,2
m010647,c_chris,cc,3
m010648,c_maya,to,0
m010649,c_noah,to,0
m010649,c_elena,to,1
m010649,c_taylor,to,2
m010649,c_chris,cc,3
m010650,c_maya,to,0
m010651,c_noah,to,0
m010651,c_elena,to,1
m010651,c_taylor,to,2
m010651,c_chris,cc,3
m010652,c_maya,to,0
m010653,c_noah,to,0
m010653,c_elena,to,1
m010653,c_taylor,to,2
m010653,c_chris,cc,3
m010654,c_maya,to,0
m010655,c_noah,to,0
m010655,c_elena,to,1
m010655,c_taylor,to,2
m010655,c_chris,cc,3
m010656,c_maya,to,0
m010657,c_noah,to,0
m010657,c_elena,to,1
m010657,c_taylor,to,2
m010657,c_chris,cc,3
m010658,c_maya,to,0
m010659,c_noah,to,0
m010659,c_elena,to,1
m010659,c_taylor,to,2
m010659,c_chris,cc,3
m010660,c_maya,to,0
m010661,c_noah,to,0
m010661,c_elena,to,1
m010661,c_taylor,to,2
m010661,c_chris,cc,3
m010662,c_maya,to,0
m010663,c_noah,to,0
m010663,c_elena,to,1
m010663,c_taylor,to,2
m010663,c_chris,cc,3
m010664,c_maya,to,0
m010665,c_noah,to,0
m010665,c_elena,to,1
m010665,c_taylor,to,2
m010665,c_chris,cc,3
m010666,c_maya,to,0
m010667,c_noah,to,0
m010667,c_elena,to,1
m010667,c_taylor,to,2
m010667,c_chris,cc,3
m010668,c_maya,to,0
m010669,c_noah,to,0
m010669,c_elena,to,1
m010669,c_taylor,to,2
m010669,c_chris,cc,3
m010670,c_maya,to,0
m010671,c_noah,to,0
m010671,c_elena,to,1
m010671,c_taylor,to,2
m010671,c_chris,cc,3
m010672,c_maya,to,0
m010673,c_noah,to,0
m010673,c_elena,to,1
m010673,c_taylor,to,2
m010673,c_chris,cc,3
m010674,c_maya,to,0
m010675,c_noah,to,0
m010675,c_elena,to,1
m010675,c_taylor,to,2
m010675,c_chris,cc,3
m010676,c_maya,to,0
m010677,c_noah,to,0
m010677,c_elena,to,1
m010677,c_taylor,to,2
m010677,c_chris,cc,3
m010678,c_maya,to,0
m010679,c_noah,to,0
m010679,c_elena,to,1
m010679,c_taylor,to,2
m010679,c_chris,cc,3
m010680,c_maya,to,0
m010681,c_noah,to,0
m010681,c_elena,to,1
m010681,c_taylor,to,2
m010681,c_chris,cc,3
m010682,c_maya,to,0
m010683,c_noah,to,0
m010683,c_elena,to,1
m010683,c_taylor,to,2
m010683,c_chris,cc,3
m010684,c_maya,to,0
m010685,c_noah,to,0
m010685,c_elena,to,1
m010685,c_taylor,to,2
m010685,c_chris,cc,3
m010686,c_maya,to,0
m010687,c_noah,to,0
m010687,c_elena,to,1
m010687,c_taylor,to,2
m010687,c_chris,cc,3
m010688,c_maya,to,0
m010689,c_chris,to,0
m010689,c_noah,to,1
m010689,c_elena,to,2
m010689,c_marcus,cc,3
m010690,c_maya,to,0
m010691,c_chris,to,0
m010691,c_noah,to,1
m010691,c_elena,to,2
m010691,c_marcus,cc,3
m010692,c_maya,to,0
m010693,c_chris,to,0
m010693,c_noah,to,1
m010693,c_elena,to,2
m010693,c_marcus,cc,3
m010694,c_maya,to,0
m010695,c_chris,to,0
m010695,c_noah,to,1
m010695,c_elena,to,2
m010695,c_marcus,cc,3
m010696,c_maya,to,0
m010697,c_priya,to,0
m010697,c_quinn,cc,1
m010698,c_maya,to,0
m010699,c_priya,to,0
m010699,c_quinn,cc,1
m010700,c_maya,to,0
m010701,c_priya,to,0
m010701,c_quinn,cc,1
m010702,c_maya,to,0
m010703,c_priya,to,0
m010703,c_quinn,cc,1
m010704,c_maya,to,0
m010705,c_priya,to,0
m010705,c_quinn,cc,1
m010706,c_maya,to,0
m010707,c_priya,to,0
m010707,c_quinn,cc,1
m010708,c_maya,to,0
m010709,c_elena,to,0
m010709,c_taylor,to,1
m010709,c_lena,to,2
m010710,c_noah,to,0
m010711,c_elena,to,0
m010711,c_taylor,to,1
m010711,c_lena,to,2
m010712,c_noah,to,0
m010713,c_elena,to,0
m010713,c_taylor,to,1
m010713,c_lena,to,2
m010714,c_noah,to,0
m010715,c_elena,to,0
m010715,c_taylor,to,1
m010715,c_lena,to,2
m010716,c_noah,to,0
m010717,c_elena,to,0
m010717,c_taylor,to,1
m010717,c_lena,to,2
m010718,c_noah,to,0
m010719,c_elena,to,0
m010719,c_taylor,to,1
m010719,c_lena,to,2
m010720,c_noah,to,0
m010721,c_noah,to,0
m010721,c_taylor,to,1
m010721,c_chris,cc,2
m010722,c_elena,to,0
m010723,c_noah,to,0
m010723,c_taylor,to,1
m010723,c_chris,cc,2
m010724,c_elena,to,0
m010725,c_noah,to,0
m010725,c_taylor,to,1
m010725,c_chris,cc,2
m010726,c_elena,to,0
m010727,c_noah,to,0
m010727,c_taylor,to,1
m010727,c_chris,cc,2
m010728,c_elena,to,0
m010729,c_noah,to,0
m010730,c_taylor,to,0
m010731,c_noah,to,0
m010732,c_taylor,to,0
m010733,c_avery,to,0
m010733,c_devon,to,1
m010734,c_alex_chan,to,0
m010735,c_avery,to,0
m010735,c_devon,to,1
m010736,c_alex_chan,to,0
m010737,c_maya,to,0
m010738,c_alex_chen,to,0
m010739,c_quinn,to,0
m010740,c_priya,to,0
m010741,c_marcus,to,0
m010742,c_chris,to,0
m010743,c_marcus,to,0
m010744,c_chris,to,0
m010745,c_hana,to,0
m010746,c_sam,to,0
m010747,c_alex_chan,to,0
m010748,c_maya,to,0
m010749,c_alex_chan,to,0
m010750,c_maya,to,0
m010751,c_alex_chan,to,0
m010752,c_maya,to,0
m010753,c_alex_chan,to,0
m010754,c_maya,to,0
m010755,c_alex_chan,to,0
m010756,c_maya,to,0
m010757,c_alex_chan,to,0
m010758,c_maya,to,0
m010759,c_jamie_lee,to,0
m010760,c_maya,to,0
m010761,c_jamie_lee,to,0
m010762,c_maya,to,0
m010763,c_jamie_lee,to,0
m010764,c_maya,to,0
m010765,c_jamie_lee,to,0
m010766,c_maya,to,0
m010767,c_jamie_lee,to,0
m010768,c_maya,to,0
m010769,c_jamie_lee,to,0
m010770,c_maya,to,0
m010771,c_morgan_shaw,to,0
m010772,c_maya,to,0
m010773,c_morgan_shaw,to,0
m010774,c_maya,to,0
m010775,c_morgan_shaw,to,0
m010776,c_maya,to,0
m010777,c_morgan_shaw,to,0
m010778,c_maya,to,0
m010779,c_morgan_shaw,to,0
m010780,c_maya,to,0
m010781,c_morgan_shaw,to,0
m010782,c_maya,to,0
m010783,c_alex_chen,to,0
m010784,c_maya,to,0
m010785,c_alex_chen,to,0
m010786,c_maya,to,0
m010787,c_alex_chen,to,0
m010788,c_maya,to,0
m010789,c_alex_chen,to,0
m010790,c_maya,to,0
m010791,c_jamie_li,to,0
m010792,c_maya,to,0
m010793,c_jamie_li,to,0
m010794,c_maya,to,0
m010795,c_jamie_li,to,0
m010796,c_maya,to,0
m010797,c_jamie_li,to,0
m010798,c_maya,to,0
m010799,c_morgan_zhao,to,0
m010800,c_maya,to,0
m010801,c_morgan_zhao,to,0
m010802,c_maya,to,0
m010803,c_morgan_zhao,to,0
m010804,c_maya,to,0
m010805,c_morgan_zhao,to,0
m010806,c_maya,to,0
m010807,c_lee,to,0
m010808,c_maya,to,0
m010809,c_lee,to,0
m010810,c_maya,to,0
m010811,c_lee,to,0
m010812,c_maya,to,0
m010813,c_lee,to,0
m010814,c_maya,to,0
m010815,c_lee,to,0
m010816,c_maya,to,0
m010817,c_lee,to,0
m010818,c_maya,to,0
m010819,c_pat,to,0
m010820,c_maya,to,0
m010821,c_pat,to,0
m010822,c_maya,to,0
m010823,c_pat,to,0
m010824,c_maya,to,0
m010825,c_pat,to,0
m010826,c_maya,to,0
m010827,c_pat,to,0
m010828,c_maya,to,0
m010829,c_pat,to,0
m010830,c_maya,to,0
m010831,c_ren,to,0
m010832,c_maya,to,0
m010833,c_ren,to,0
m010834,c_maya,to,0
m010835,c_ren,to,0
m010836,c_maya,to,0
m010837,c_ren,to,0
m010838,c_maya,to,0
m010839,c_ren,to,0
m010840,c_maya,to,0
m010841,c_ren,to,0
m010842,c_maya,to,0
m010843,c_sam,to,0
m010844,c_maya,to,0
m010845,c_hana,to,0
m010846,c_maya,to,0
m010847,c_fac_001,to,0
m010848,c_maya,to,0
m010849,c_fac_002,to,0
m010850,c_maya,to,0
m010851,c_fac_003,to,0
m010852,c_maya,to,0
m010853,c_fac_004,to,0
m010854,c_maya,to,0
m010855,c_fac_005,to,0
m010856,c_maya,to,0
m010857,c_fac_006,to,0
m010858,c_maya,to,0
m010859,c_fac_007,to,0
m010860,c_maya,to,0
m010861,c_fac_008,to,0
m010862,c_maya,to,0
m010863,c_fac_009,to,0
m010864,c_maya,to,0
m010865,c_fac_010,to,0
m010866,c_maya,to,0
m010867,c_fac_011,to,0
m010868,c_maya,to,0
m010869,c_fac_012,to,0
m010870,c_maya,to,0
m010871,c_fac_013,to,0
m010872,c_maya,to,0
m010873,c_fac_014,to,0
m010874,c_maya,to,0
m010875,c_fac_015,to,0
m010876,c_maya,to,0
m010877,c_fac_016,to,0
m010878,c_maya,to,0
m010879,c_fac_017,to,0
m010880,c_maya,to,0
m010881,c_noah,to,0
m010881,c_elena,to,1
m010881,c_taylor,to,2
m010881,c_chris,cc,3
m010882,c_maya,to,0
m010883,c_noah,to,0
m010883,c_elena,to,1
m010883,c_taylor,to,2
m010883,c_chris,cc,3
m010884,c_maya,to,0
m010885,c_noah,to,0
m010885,c_elena,to,1
m010885,c_taylor,to,2
m010885,c_chris,cc,3
m010886,c_maya,to,0
m010887,c_noah,to,0
m010887,c_elena,to,1
m010887,c_taylor,to,2
m010887,c_chris,cc,3
m010888,c_maya,to,0
m010889,c_noah,to,0
m010889,c_elena,to,1
m010889,c_taylor,to,2
m010889,c_chris,cc,3
m010890,c_maya,to,0
m010891,c_noah,to,0
m010891,c_elena,to,1
m010891,c_taylor,to,2
m010891,c_chris,cc,3
m010892,c_maya,to,0
m010893,c_noah,to,0
m010893,c_elena,to,1
m010893,c_taylor,to,2
m010893,c_chris,cc,3
m010894,c_maya,to,0
m010895,c_noah,to,0
m010895,c_elena,to,1
m010895,c_taylor,to,2
m010895,c_chris,cc,3
m010896,c_maya,to,0
m010897,c_noah,to,0
m010897,c_elena,to,1
m010897,c_taylor,to,2
m010897,c_chris,cc,3
m010898,c_maya,to,0
m010899,c_noah,to,0
m010899,c_elena,to,1
m010899,c_taylor,to,2
m010899,c_chris,cc,3
m010900,c_maya,to,0
m010901,c_noah,to,0
m010901,c_elena,to,1
m010901,c_taylor,to,2
m010901,c_chris,cc,3
m010902,c_maya,to,0
m010903,c_noah,to,0
m010903,c_elena,to,1
m010903,c_taylor,to,2
m010903,c_chris,cc,3
m010904,c_maya,to,0
m010905,c_noah,to,0
m010905,c_elena,to,1
m010905,c_taylor,to,2
m010905,c_chris,cc,3
m010906,c_maya,to,0
m010907,c_noah,to,0
m010907,c_elena,to,1
m010907,c_taylor,to,2
m010907,c_chris,cc,3
m010908,c_maya,to,0
m010909,c_noah,to,0
m010909,c_elena,to,1
m010909,c_taylor,to,2
m010909,c_chris,cc,3
m010910,c_maya,to,0
m010911,c_noah,to,0
m010911,c_elena,to,1
m010911,c_taylor,to,2
m010911,c_chris,cc,3
m010912,c_maya,to,0
m010913,c_noah,to,0
m010913,c_elena,to,1
m010913,c_taylor,to,2
m010913,c_chris,cc,3
m010914,c_maya,to,0
m010915,c_noah,to,0
m010915,c_elena,to,1
m010915,c_taylor,to,2
m010915,c_chris,cc,3
m010916,c_maya,to,0
m010917,c_noah,to,0
m010917,c_elena,to,1
m010917,c_taylor,to,2
m010917,c_chris,cc,3
m010918,c_maya,to,0
m010919,c_noah,to,0
m010919,c_elena,to,1
m010919,c_taylor,to,2
m010919,c_chris,cc,3
m010920,c_maya,to,0
m010921,c_noah,to,0
m010921,c_elena,to,1
m010921,c_taylor,to,2
m010921,c_chris,cc,3
m010922,c_maya,to,0
m010923,c_noah,to,0
m010923,c_elena,to,1
m010923,c_taylor,to,2
m010923,c_chris,cc,3
m010924,c_maya,to,0
m010925,c_noah,to,0
m010925,c_elena,to,1
m010925,c_taylor,to,2
m010925,c_chris,cc,3
m010926,c_maya,to,0
m010927,c_noah,to,0
m010927,c_elena,to,1
m010927,c_taylor,to,2
m010927,c_chris,cc,3
m010928,c_maya,to,0
m010929,c_noah,to,0
m010929,c_elena,to,1
m010929,c_taylor,to,2
m010929,c_chris,cc,3
m010930,c_maya,to,0
m010931,c_noah,to,0
m010931,c_elena,to,1
m010931,c_taylor,to,2
m010931,c_chris,cc,3
m010932,c_maya,to,0
m010933,c_noah,to,0
m010933,c_elena,to,1
m010933,c_taylor,to,2
m010933,c_chris,cc,3
m010934,c_maya,to,0
m010935,c_noah,to,0
m010935,c_elena,to,1
m010935,c_taylor,to,2
m010935,c_chris,cc,3
m010936,c_maya,to,0
m010937,c_noah,to,0
m010937,c_elena,to,1
m010937,c_taylor,to,2
m010937,c_chris,cc,3
m010938,c_maya,to,0
m010939,c_noah,to,0
m010939,c_elena,to,1
m010939,c_taylor,to,2
m010939,c_chris,cc,3
m010940,c_maya,to,0
m010941,c_noah,to,0
m010941,c_elena,to,1
m010941,c_taylor,to,2
m010941,c_chris,cc,3
m010942,c_maya,to,0
m010943,c_noah,to,0
m010943,c_elena,to,1
m010943,c_taylor,to,2
m010943,c_chris,cc,3
m010944,c_maya,to,0
m010945,c_noah,to,0
m010945,c_elena,to,1
m010945,c_taylor,to,2
m010945,c_chris,cc,3
m010946,c_maya,to,0
m010947,c_noah,to,0
m010947,c_elena,to,1
m010947,c_taylor,to,2
m010947,c_chris,cc,3
m010948,c_maya,to,0
m010949,c_noah,to,0
m010949,c_elena,to,1
m010949,c_taylor,to,2
m010949,c_chris,cc,3
m010950,c_maya,to,0
m010951,c_noah,to,0
m010951,c_elena,to,1
m010951,c_taylor,to,2
m010951,c_chris,cc,3
m010952,c_maya,to,0
m010953,c_noah,to,0
m010953,c_elena,to,1
m010953,c_taylor,to,2
m010953,c_chris,cc,3
m010954,c_maya,to,0
m010955,c_noah,to,0
m010955,c_elena,to,1
m010955,c_taylor,to,2
m010955,c_chris,cc,3
m010956,c_maya,to,0
m010957,c_noah,to,0
m010957,c_elena,to,1
m010957,c_taylor,to,2
m010957,c_chris,cc,3
m010958,c_maya,to,0
m010959,c_noah,to,0
m010959,c_elena,to,1
m010959,c_taylor,to,2
m010959,c_chris,cc,3
m010960,c_maya,to,0
m010961,c_chris,to,0
m010961,c_noah,to,1
m010961,c_elena,to,2
m010961,c_marcus,cc,3
m010962,c_maya,to,0
m010963,c_chris,to,0
m010963,c_noah,to,1
m010963,c_elena,to,2
m010963,c_marcus,cc,3
m010964,c_maya,to,0
m010965,c_chris,to,0
m010965,c_noah,to,1
m010965,c_elena,to,2
m010965,c_marcus,cc,3
m010966,c_maya,to,0
m010967,c_chris,to,0
m010967,c_noah,to,1
m010967,c_elena,to,2
m010967,c_marcus,cc,3
m010968,c_maya,to,0
m010969,c_priya,to,0
m010969,c_quinn,cc,1
m010970,c_maya,to,0
m010971,c_priya,to,0
m010971,c_quinn,cc,1
m010972,c_maya,to,0
m010973,c_priya,to,0
m010973,c_quinn,cc,1
m010974,c_maya,to,0
m010975,c_priya,to,0
m010975,c_quinn,cc,1
m010976,c_maya,to,0
m010977,c_priya,to,0
m010977,c_quinn,cc,1
m010978,c_maya,to,0
m010979,c_priya,to,0
m010979,c_quinn,cc,1
m010980,c_maya,to,0
m010981,c_elena,to,0
m010981,c_taylor,to,1
m010981,c_lena,to,2
m010982,c_noah,to,0
m010983,c_elena,to,0
m010983,c_taylor,to,1
m010983,c_lena,to,2
m010984,c_noah,to,0
m010985,c_elena,to,0
m010985,c_taylor,to,1
m010985,c_lena,to,2
m010986,c_noah,to,0
m010987,c_elena,to,0
m010987,c_taylor,to,1
m010987,c_lena,to,2
m010988,c_noah,to,0
m010989,c_elena,to,0
m010989,c_taylor,to,1
m010989,c_lena,to,2
m010990,c_noah,to,0
m010991,c_elena,to,0
m010991,c_taylor,to,1
m010991,c_lena,to,2
m010992,c_noah,to,0
m010993,c_noah,to,0
m010993,c_taylor,to,1
m010993,c_chris,cc,2
m010994,c_elena,to,0
m010995,c_noah,to,0
m010995,c_taylor,to,1
m010995,c_chris,cc,2
m010996,c_elena,to,0
m010997,c_noah,to,0
m010997,c_taylor,to,1
m010997,c_chris,cc,2
m010998,c_elena,to,0
m010999,c_noah,to,0
m010999,c_taylor,to,1
m010999,c_chris,cc,2
m011000,c_elena,to,0
m011001,c_noah,to,0
m011002,c_taylor,to,0
m011003,c_noah,to,0
m011004,c_taylor,to,0
m011005,c_avery,to,0
m011005,c_devon,to,1
m011006,c_alex_chan,to,0
m011007,c_avery,to,0
m011007,c_devon,to,1
m011008,c_alex_chan,to,0
m011009,c_maya,to,0
m011010,c_alex_chen,to,0
m011011,c_quinn,to,0
m011012,c_priya,to,0
m011013,c_marcus,to,0
m011014,c_chris,to,0
m011015,c_marcus,to,0
m011016,c_chris,to,0
m011017,c_hana,to,0
m011018,c_sam,to,0
m011019,c_alex_chan,to,0
m011020,c_maya,to,0
m011021,c_alex_chan,to,0
m011022,c_maya,to,0
m011023,c_alex_chan,to,0
m011024,c_maya,to,0
m011025,c_alex_chan,to,0
m011026,c_maya,to,0
m011027,c_alex_chan,to,0
m011028,c_maya,to,0
m011029,c_alex_chan,to,0
m011030,c_maya,to,0
m011031,c_jamie_lee,to,0
m011032,c_maya,to,0
m011033,c_jamie_lee,to,0
m011034,c_maya,to,0
m011035,c_jamie_lee,to,0
m011036,c_maya,to,0
m011037,c_jamie_lee,to,0
m011038,c_maya,to,0
m011039,c_jamie_lee,to,0
m011040,c_maya,to,0
m011041,c_jamie_lee,to,0
m011042,c_maya,to,0
m011043,c_morgan_shaw,to,0
m011044,c_maya,to,0
m011045,c_morgan_shaw,to,0
m011046,c_maya,to,0
m011047,c_morgan_shaw,to,0
m011048,c_maya,to,0
m011049,c_morgan_shaw,to,0
m011050,c_maya,to,0
m011051,c_morgan_shaw,to,0
m011052,c_maya,to,0
m011053,c_morgan_shaw,to,0
m011054,c_maya,to,0
m011055,c_alex_chen,to,0
m011056,c_maya,to,0
m011057,c_alex_chen,to,0
m011058,c_maya,to,0
m011059,c_alex_chen,to,0
m011060,c_maya,to,0
m011061,c_alex_chen,to,0
m011062,c_maya,to,0
m011063,c_jamie_li,to,0
m011064,c_maya,to,0
m011065,c_jamie_li,to,0
m011066,c_maya,to,0
m011067,c_jamie_li,to,0
m011068,c_maya,to,0
m011069,c_jamie_li,to,0
m011070,c_maya,to,0
m011071,c_morgan_zhao,to,0
m011072,c_maya,to,0
m011073,c_morgan_zhao,to,0
m011074,c_maya,to,0
m011075,c_morgan_zhao,to,0
m011076,c_maya,to,0
m011077,c_morgan_zhao,to,0
m011078,c_maya,to,0
m011079,c_lee,to,0
m011080,c_maya,to,0
m011081,c_lee,to,0
m011082,c_maya,to,0
m011083,c_lee,to,0
m011084,c_maya,to,0
m011085,c_lee,to,0
m011086,c_maya,to,0
m011087,c_lee,to,0
m011088,c_maya,to,0
m011089,c_lee,to,0
m011090,c_maya,to,0
m011091,c_pat,to,0
m011092,c_maya,to,0
m011093,c_pat,to,0
m011094,c_maya,to,0
m011095,c_pat,to,0
m011096,c_maya,to,0
m011097,c_pat,to,0
m011098,c_maya,to,0
m011099,c_pat,to,0
m011100,c_maya,to,0
m011101,c_pat,to,0
m011102,c_maya,to,0
m011103,c_ren,to,0
m011104,c_maya,to,0
m011105,c_ren,to,0
m011106,c_maya,to,0
m011107,c_ren,to,0
m011108,c_maya,to,0
m011109,c_ren,to,0
m011110,c_maya,to,0
m011111,c_ren,to,0
m011112,c_maya,to,0
m011113,c_ren,to,0
m011114,c_maya,to,0
m011115,c_sam,to,0
m011116,c_maya,to,0
m011117,c_hana,to,0
m011118,c_maya,to,0
m011119,c_fac_001,to,0
m011120,c_maya,to,0
m011121,c_fac_002,to,0
m011122,c_maya,to,0
m011123,c_fac_003,to,0
m011124,c_maya,to,0
m011125,c_fac_004,to,0
m011126,c_maya,to,0
m011127,c_fac_005,to,0
m011128,c_maya,to,0
m011129,c_fac_006,to,0
m011130,c_maya,to,0
m011131,c_fac_007,to,0
m011132,c_maya,to,0
m011133,c_fac_008,to,0
m011134,c_maya,to,0
m011135,c_fac_009,to,0
m011136,c_maya,to,0
m011137,c_fac_010,to,0
m011138,c_maya,to,0
m011139,c_fac_011,to,0
m011140,c_maya,to,0
m011141,c_fac_012,to,0
m011142,c_maya,to,0
m011143,c_fac_013,to,0
m011144,c_maya,to,0
m011145,c_fac_014,to,0
m011146,c_maya,to,0
m011147,c_fac_015,to,0
m011148,c_maya,to,0
m011149,c_fac_016,to,0
m011150,c_maya,to,0
m011151,c_fac_017,to,0
m011152,c_maya,to,0
m011153,c_noah,to,0
m011153,c_elena,to,1
m011153,c_taylor,to,2
m011153,c_chris,cc,3
m011154,c_maya,to,0
m011155,c_noah,to,0
m011155,c_elena,to,1
m011155,c_taylor,to,2
m011155,c_chris,cc,3
m011156,c_maya,to,0
m011157,c_noah,to,0
m011157,c_elena,to,1
m011157,c_taylor,to,2
m011157,c_chris,cc,3
m011158,c_maya,to,0
m011159,c_noah,to,0
m011159,c_elena,to,1
m011159,c_taylor,to,2
m011159,c_chris,cc,3
m011160,c_maya,to,0
m011161,c_noah,to,0
m011161,c_elena,to,1
m011161,c_taylor,to,2
m011161,c_chris,cc,3
m011162,c_maya,to,0
m011163,c_noah,to,0
m011163,c_elena,to,1
m011163,c_taylor,to,2
m011163,c_chris,cc,3
m011164,c_maya,to,0
m011165,c_noah,to,0
m011165,c_elena,to,1
m011165,c_taylor,to,2
m011165,c_chris,cc,3
m011166,c_maya,to,0
m011167,c_noah,to,0
m011167,c_elena,to,1
m011167,c_taylor,to,2
m011167,c_chris,cc,3
m011168,c_maya,to,0
m011169,c_noah,to,0
m011169,c_elena,to,1
m011169,c_taylor,to,2
m011169,c_chris,cc,3
m011170,c_maya,to,0
m011171,c_noah,to,0
m011171,c_elena,to,1
m011171,c_taylor,to,2
m011171,c_chris,cc,3
m011172,c_maya,to,0
m011173,c_noah,to,0
m011173,c_elena,to,1
m011173,c_taylor,to,2
m011173,c_chris,cc,3
m011174,c_maya,to,0
m011175,c_noah,to,0
m011175,c_elena,to,1
m011175,c_taylor,to,2
m011175,c_chris,cc,3
m011176,c_maya,to,0
m011177,c_noah,to,0
m011177,c_elena,to,1
m011177,c_taylor,to,2
m011177,c_chris,cc,3
m011178,c_maya,to,0
m011179,c_noah,to,0
m011179,c_elena,to,1
m011179,c_taylor,to,2
m011179,c_chris,cc,3
m011180,c_maya,to,0
m011181,c_noah,to,0
m011181,c_elena,to,1
m011181,c_taylor,to,2
m011181,c_chris,cc,3
m011182,c_maya,to,0
m011183,c_noah,to,0
m011183,c_elena,to,1
m011183,c_taylor,to,2
m011183,c_chris,cc,3
m011184,c_maya,to,0
m011185,c_noah,to,0
m011185,c_elena,to,1
m011185,c_taylor,to,2
m011185,c_chris,cc,3
m011186,c_maya,to,0
m011187,c_noah,to,0
m011187,c_elena,to,1
m011187,c_taylor,to,2
m011187,c_chris,cc,3
m011188,c_maya,to,0
m011189,c_noah,to,0
m011189,c_elena,to,1
m011189,c_taylor,to,2
m011189,c_chris,cc,3
m011190,c_maya,to,0
m011191,c_noah,to,0
m011191,c_elena,to,1
m011191,c_taylor,to,2
m011191,c_chris,cc,3
m011192,c_maya,to,0
m011193,c_noah,to,0
m011193,c_elena,to,1
m011193,c_taylor,to,2
m011193,c_chris,cc,3
m011194,c_maya,to,0
m011195,c_noah,to,0
m011195,c_elena,to,1
m011195,c_taylor,to,2
m011195,c_chris,cc,3
m011196,c_maya,to,0
m011197,c_noah,to,0
m011197,c_elena,to,1
m011197,c_taylor,to,2
m011197,c_chris,cc,3
m011198,c_maya,to,0
m011199,c_noah,to,0
m011199,c_elena,to,1
m011199,c_taylor,to,2
m011199,c_chris,cc,3
m011200,c_maya,to,0
m011201,c_noah,to,0
m011201,c_elena,to,1
m011201,c_taylor,to,2
m011201,c_chris,cc,3
m011202,c_maya,to,0
m011203,c_noah,to,0
m011203,c_elena,to,1
m011203,c_taylor,to,2
m011203,c_chris,cc,3
m011204,c_maya,to,0
m011205,c_noah,to,0
m011205,c_elena,to,1
m011205,c_taylor,to,2
m011205,c_chris,cc,3
m011206,c_maya,to,0
m011207,c_noah,to,0
m011207,c_elena,to,1
m011207,c_taylor,to,2
m011207,c_chris,cc,3
m011208,c_maya,to,0
m011209,c_noah,to,0
m011209,c_elena,to,1
m011209,c_taylor,to,2
m011209,c_chris,cc,3
m011210,c_maya,to,0
m011211,c_noah,to,0
m011211,c_elena,to,1
m011211,c_taylor,to,2
m011211,c_chris,cc,3
m011212,c_maya,to,0
m011213,c_noah,to,0
m011213,c_elena,to,1
m011213,c_taylor,to,2
m011213,c_chris,cc,3
m011214,c_maya,to,0
m011215,c_noah,to,0
m011215,c_elena,to,1
m011215,c_taylor,to,2
m011215,c_chris,cc,3
m011216,c_maya,to,0
m011217,c_noah,to,0
m011217,c_elena,to,1
m011217,c_taylor,to,2
m011217,c_chris,cc,3
m011218,c_maya,to,0
m011219,c_noah,to,0
m011219,c_elena,to,1
m011219,c_taylor,to,2
m011219,c_chris,cc,3
m011220,c_maya,to,0
m011221,c_noah,to,0
m011221,c_elena,to,1
m011221,c_taylor,to,2
m011221,c_chris,cc,3
m011222,c_maya,to,0
m011223,c_noah,to,0
m011223,c_elena,to,1
m011223,c_taylor,to,2
m011223,c_chris,cc,3
m011224,c_maya,to,0
m011225,c_noah,to,0
m011225,c_elena,to,1
m011225,c_taylor,to,2
m011225,c_chris,cc,3
m011226,c_maya,to,0
m011227,c_noah,to,0
m011227,c_elena,to,1
m011227,c_taylor,to,2
m011227,c_chris,cc,3
m011228,c_maya,to,0
m011229,c_noah,to,0
m011229,c_elena,to,1
m011229,c_taylor,to,2
m011229,c_chris,cc,3
m011230,c_maya,to,0
m011231,c_noah,to,0
m011231,c_elena,to,1
m011231,c_taylor,to,2
m011231,c_chris,cc,3
m011232,c_maya,to,0
m011233,c_chris,to,0
m011233,c_noah,to,1
m011233,c_elena,to,2
m011233,c_marcus,cc,3
m011234,c_maya,to,0
m011235,c_chris,to,0
m011235,c_noah,to,1
m011235,c_elena,to,2
m011235,c_marcus,cc,3
m011236,c_maya,to,0
m011237,c_chris,to,0
m011237,c_noah,to,1
m011237,c_elena,to,2
m011237,c_marcus,cc,3
m011238,c_maya,to,0
m011239,c_chris,to,0
m011239,c_noah,to,1
m011239,c_elena,to,2
m011239,c_marcus,cc,3
m011240,c_maya,to,0
m011241,c_priya,to,0
m011241,c_quinn,cc,1
m011242,c_maya,to,0
m011243,c_priya,to,0
m011243,c_quinn,cc,1
m011244,c_maya,to,0
m011245,c_priya,to,0
m011245,c_quinn,cc,1
m011246,c_maya,to,0
m011247,c_priya,to,0
m011247,c_quinn,cc,1
m011248,c_maya,to,0
m011249,c_priya,to,0
m011249,c_quinn,cc,1
m011250,c_maya,to,0
m011251,c_priya,to,0
m011251,c_quinn,cc,1
m011252,c_maya,to,0
m011253,c_elena,to,0
m011253,c_taylor,to,1
m011253,c_lena,to,2
m011254,c_noah,to,0
m011255,c_elena,to,0
m011255,c_taylor,to,1
m011255,c_lena,to,2
m011256,c_noah,to,0
m011257,c_elena,to,0
m011257,c_taylor,to,1
m011257,c_lena,to,2
m011258,c_noah,to,0
m011259,c_elena,to,0
m011259,c_taylor,to,1
m011259,c_lena,to,2
m011260,c_noah,to,0
m011261,c_elena,to,0
m011261,c_taylor,to,1
m011261,c_lena,to,2
m011262,c_noah,to,0
m011263,c_elena,to,0
m011263,c_taylor,to,1
m011263,c_lena,to,2
m011264,c_noah,to,0
m011265,c_noah,to,0
m011265,c_taylor,to,1
m011265,c_chris,cc,2
m011266,c_elena,to,0
m011267,c_noah,to,0
m011267,c_taylor,to,1
m011267,c_chris,cc,2
m011268,c_elena,to,0
m011269,c_noah,to,0
m011269,c_taylor,to,1
m011269,c_chris,cc,2
m011270,c_elena,to,0
m011271,c_noah,to,0
m011271,c_taylor,to,1
m011271,c_chris,cc,2
m011272,c_elena,to,0
m011273,c_noah,to,0
m011274,c_taylor,to,0
m011275,c_noah,to,0
m011276,c_taylor,to,0
m011277,c_avery,to,0
m011277,c_devon,to,1
m011278,c_alex_chan,to,0
m011279,c_avery,to,0
m011279,c_devon,to,1
m011280,c_alex_chan,to,0
m011281,c_maya,to,0
m011282,c_alex_chen,to,0
m011283,c_quinn,to,0
m011284,c_priya,to,0
m011285,c_marcus,to,0
m011286,c_chris,to,0
m011287,c_marcus,to,0
m011288,c_chris,to,0
m011289,c_hana,to,0
m011290,c_sam,to,0
m011291,c_alex_chan,to,0
m011292,c_maya,to,0
m011293,c_alex_chan,to,0
m011294,c_maya,to,0
m011295,c_alex_chan,to,0
m011296,c_maya,to,0
m011297,c_alex_chan,to,0
m011298,c_maya,to,0
m011299,c_alex_chan,to,0
m011300,c_maya,to,0
m011301,c_alex_chan,to,0
m011302,c_maya,to,0
m011303,c_jamie_lee,to,0
m011304,c_maya,to,0
m011305,c_jamie_lee,to,0
m011306,c_maya,to,0
m011307,c_jamie_lee,to,0
m011308,c_maya,to,0
m011309,c_jamie_lee,to,0
m011310,c_maya,to,0
m011311,c_jamie_lee,to,0
m011312,c_maya,to,0
m011313,c_jamie_lee,to,0
m011314,c_maya,to,0
m011315,c_morgan_shaw,to,0
m011316,c_maya,to,0
m011317,c_morgan_shaw,to,0
m011318,c_maya,to,0
m011319,c_morgan_shaw,to,0
m011320,c_maya,to,0
m011321,c_morgan_shaw,to,0
m011322,c_maya,to,0
m011323,c_morgan_shaw,to,0
m011324,c_maya,to,0
m011325,c_morgan_shaw,to,0
m011326,c_maya,to,0
m011327,c_alex_chen,to,0
m011328,c_maya,to,0
m011329,c_alex_chen,to,0
m011330,c_maya,to,0
m011331,c_alex_chen,to,0
m011332,c_maya,to,0
m011333,c_alex_chen,to,0
m011334,c_maya,to,0
m011335,c_jamie_li,to,0
m011336,c_maya,to,0
m011337,c_jamie_li,to,0
m011338,c_maya,to,0
m011339,c_jamie_li,to,0
m011340,c_maya,to,0
m011341,c_jamie_li,to,0
m011342,c_maya,to,0
m011343,c_morgan_zhao,to,0
m011344,c_maya,to,0
m011345,c_morgan_zhao,to,0
m011346,c_maya,to,0
m011347,c_morgan_zhao,to,0
m011348,c_maya,to,0
m011349,c_morgan_zhao,to,0
m011350,c_maya,to,0
m011351,c_lee,to,0
m011352,c_maya,to,0
m011353,c_lee,to,0
m011354,c_maya,to,0
m011355,c_lee,to,0
m011356,c_maya,to,0
m011357,c_lee,to,0
m011358,c_maya,to,0
m011359,c_lee,to,0
m011360,c_maya,to,0
m011361,c_lee,to,0
m011362,c_maya,to,0
m011363,c_pat,to,0
m011364,c_maya,to,0
m011365,c_pat,to,0
m011366,c_maya,to,0
m011367,c_pat,to,0
m011368,c_maya,to,0
m011369,c_pat,to,0
m011370,c_maya,to,0
m011371,c_pat,to,0
m011372,c_maya,to,0
m011373,c_pat,to,0
m011374,c_maya,to,0
m011375,c_ren,to,0
m011376,c_maya,to,0
m011377,c_ren,to,0
m011378,c_maya,to,0
m011379,c_ren,to,0
m011380,c_maya,to,0
m011381,c_ren,to,0
m011382,c_maya,to,0
m011383,c_ren,to,0
m011384,c_maya,to,0
m011385,c_ren,to,0
m011386,c_maya,to,0
m011387,c_sam,to,0
m011388,c_maya,to,0
m011389,c_hana,to,0
m011390,c_maya,to,0
m011391,c_fac_001,to,0
m011392,c_maya,to,0
m011393,c_fac_002,to,0
m011394,c_maya,to,0
m011395,c_fac_003,to,0
m011396,c_maya,to,0
m011397,c_fac_004,to,0
m011398,c_maya,to,0
m011399,c_fac_005,to,0
m011400,c_maya,to,0
m011401,c_fac_006,to,0
m011402,c_maya,to,0
m011403,c_fac_007,to,0
m011404,c_maya,to,0
m011405,c_fac_008,to,0
m011406,c_maya,to,0
m011407,c_fac_009,to,0
m011408,c_maya,to,0
m011409,c_fac_010,to,0
m011410,c_maya,to,0
m011411,c_fac_011,to,0
m011412,c_maya,to,0
m011413,c_fac_012,to,0
m011414,c_maya,to,0
m011415,c_fac_013,to,0
m011416,c_maya,to,0
m011417,c_fac_014,to,0
m011418,c_maya,to,0
m011419,c_fac_015,to,0
m011420,c_maya,to,0
m011421,c_fac_016,to,0
m011422,c_maya,to,0
m011423,c_fac_017,to,0
m011424,c_maya,to,0
m011425,c_noah,to,0
m011425,c_elena,to,1
m011425,c_taylor,to,2
m011425,c_chris,cc,3
m011426,c_maya,to,0
m011427,c_noah,to,0
m011427,c_elena,to,1
m011427,c_taylor,to,2
m011427,c_chris,cc,3
m011428,c_maya,to,0
m011429,c_noah,to,0
m011429,c_elena,to,1
m011429,c_taylor,to,2
m011429,c_chris,cc,3
m011430,c_maya,to,0
m011431,c_noah,to,0
m011431,c_elena,to,1
m011431,c_taylor,to,2
m011431,c_chris,cc,3
m011432,c_maya,to,0
m011433,c_noah,to,0
m011433,c_elena,to,1
m011433,c_taylor,to,2
m011433,c_chris,cc,3
m011434,c_maya,to,0
m011435,c_noah,to,0
m011435,c_elena,to,1
m011435,c_taylor,to,2
m011435,c_chris,cc,3
m011436,c_maya,to,0
m011437,c_noah,to,0
m011437,c_elena,to,1
m011437,c_taylor,to,2
m011437,c_chris,cc,3
m011438,c_maya,to,0
m011439,c_noah,to,0
m011439,c_elena,to,1
m011439,c_taylor,to,2
m011439,c_chris,cc,3
m011440,c_maya,to,0
m011441,c_noah,to,0
m011441,c_elena,to,1
m011441,c_taylor,to,2
m011441,c_chris,cc,3
m011442,c_maya,to,0
m011443,c_noah,to,0
m011443,c_elena,to,1
m011443,c_taylor,to,2
m011443,c_chris,cc,3
m011444,c_maya,to,0
m011445,c_noah,to,0
m011445,c_elena,to,1
m011445,c_taylor,to,2
m011445,c_chris,cc,3
m011446,c_maya,to,0
m011447,c_noah,to,0
m011447,c_elena,to,1
m011447,c_taylor,to,2
m011447,c_chris,cc,3
m011448,c_maya,to,0
m011449,c_noah,to,0
m011449,c_elena,to,1
m011449,c_taylor,to,2
m011449,c_chris,cc,3
m011450,c_maya,to,0
m011451,c_noah,to,0
m011451,c_elena,to,1
m011451,c_taylor,to,2
m011451,c_chris,cc,3
m011452,c_maya,to,0
m011453,c_noah,to,0
m011453,c_elena,to,1
m011453,c_taylor,to,2
m011453,c_chris,cc,3
m011454,c_maya,to,0
m011455,c_noah,to,0
m011455,c_elena,to,1
m011455,c_taylor,to,2
m011455,c_chris,cc,3
m011456,c_maya,to,0
m011457,c_noah,to,0
m011457,c_elena,to,1
m011457,c_taylor,to,2
m011457,c_chris,cc,3
m011458,c_maya,to,0
m011459,c_noah,to,0
m011459,c_elena,to,1
m011459,c_taylor,to,2
m011459,c_chris,cc,3
m011460,c_maya,to,0
m011461,c_noah,to,0
m011461,c_elena,to,1
m011461,c_taylor,to,2
m011461,c_chris,cc,3
m011462,c_maya,to,0
m011463,c_noah,to,0
m011463,c_elena,to,1
m011463,c_taylor,to,2
m011463,c_chris,cc,3
m011464,c_maya,to,0
m011465,c_noah,to,0
m011465,c_elena,to,1
m011465,c_taylor,to,2
m011465,c_chris,cc,3
m011466,c_maya,to,0
m011467,c_noah,to,0
m011467,c_elena,to,1
m011467,c_taylor,to,2
m011467,c_chris,cc,3
m011468,c_maya,to,0
m011469,c_noah,to,0
m011469,c_elena,to,1
m011469,c_taylor,to,2
m011469,c_chris,cc,3
m011470,c_maya,to,0
m011471,c_noah,to,0
m011471,c_elena,to,1
m011471,c_taylor,to,2
m011471,c_chris,cc,3
m011472,c_maya,to,0
m011473,c_noah,to,0
m011473,c_elena,to,1
m011473,c_taylor,to,2
m011473,c_chris,cc,3
m011474,c_maya,to,0
m011475,c_noah,to,0
m011475,c_elena,to,1
m011475,c_taylor,to,2
m011475,c_chris,cc,3
m011476,c_maya,to,0
m011477,c_noah,to,0
m011477,c_elena,to,1
m011477,c_taylor,to,2
m011477,c_chris,cc,3
m011478,c_maya,to,0
m011479,c_noah,to,0
m011479,c_elena,to,1
m011479,c_taylor,to,2
m011479,c_chris,cc,3
m011480,c_maya,to,0
m011481,c_noah,to,0
m011481,c_elena,to,1
m011481,c_taylor,to,2
m011481,c_chris,cc,3
m011482,c_maya,to,0
m011483,c_noah,to,0
m011483,c_elena,to,1
m011483,c_taylor,to,2
m011483,c_chris,cc,3
m011484,c_maya,to,0
m011485,c_noah,to,0
m011485,c_elena,to,1
m011485,c_taylor,to,2
m011485,c_chris,cc,3
m011486,c_maya,to,0
m011487,c_noah,to,0
m011487,c_elena,to,1
m011487,c_taylor,to,2
m011487,c_chris,cc,3
m011488,c_maya,to,0
m011489,c_noah,to,0
m011489,c_elena,to,1
m011489,c_taylor,to,2
m011489,c_chris,cc,3
m011490,c_maya,to,0
m011491,c_noah,to,0
m011491,c_elena,to,1
m011491,c_taylor,to,2
m011491,c_chris,cc,3
m011492,c_maya,to,0
m011493,c_noah,to,0
m011493,c_elena,to,1
m011493,c_taylor,to,2
m011493,c_chris,cc,3
m011494,c_maya,to,0
m011495,c_noah,to,0
m011495,c_elena,to,1
m011495,c_taylor,to,2
m011495,c_chris,cc,3
m011496,c_maya,to,0
m011497,c_noah,to,0
m011497,c_elena,to,1
m011497,c_taylor,to,2
m011497,c_chris,cc,3
m011498,c_maya,to,0
m011499,c_noah,to,0
m011499,c_elena,to,1
m011499,c_taylor,to,2
m011499,c_chris,cc,3
m011500,c_maya,to,0
m011501,c_noah,to,0
m011501,c_elena,to,1
m011501,c_taylor,to,2
m011501,c_chris,cc,3
m011502,c_maya,to,0
m011503,c_noah,to,0
m011503,c_elena,to,1
m011503,c_taylor,to,2
m011503,c_chris,cc,3
m011504,c_maya,to,0
m011505,c_chris,to,0
m011505,c_noah,to,1
m011505,c_elena,to,2
m011505,c_marcus,cc,3
m011506,c_maya,to,0
m011507,c_chris,to,0
m011507,c_noah,to,1
m011507,c_elena,to,2
m011507,c_marcus,cc,3
m011508,c_maya,to,0
m011509,c_chris,to,0
m011509,c_noah,to,1
m011509,c_elena,to,2
m011509,c_marcus,cc,3
m011510,c_maya,to,0
m011511,c_chris,to,0
m011511,c_noah,to,1
m011511,c_elena,to,2
m011511,c_marcus,cc,3
m011512,c_maya,to,0
m011513,c_priya,to,0
m011513,c_quinn,cc,1
m011514,c_maya,to,0
m011515,c_priya,to,0
m011515,c_quinn,cc,1
m011516,c_maya,to,0
m011517,c_priya,to,0
m011517,c_quinn,cc,1
m011518,c_maya,to,0
m011519,c_priya,to,0
m011519,c_quinn,cc,1
m011520,c_maya,to,0
m011521,c_priya,to,0
m011521,c_quinn,cc,1
m011522,c_maya,to,0
m011523,c_priya,to,0
m011523,c_quinn,cc,1
m011524,c_maya,to,0
m011525,c_elena,to,0
m011525,c_taylor,to,1
m011525,c_lena,to,2
m011526,c_noah,to,0
m011527,c_elena,to,0
m011527,c_taylor,to,1
m011527,c_lena,to,2
m011528,c_noah,to,0
m011529,c_elena,to,0
m011529,c_taylor,to,1
m011529,c_lena,to,2
m011530,c_noah,to,0
m011531,c_elena,to,0
m011531,c_taylor,to,1
m011531,c_lena,to,2
m011532,c_noah,to,0
m011533,c_elena,to,0
m011533,c_taylor,to,1
m011533,c_lena,to,2
m011534,c_noah,to,0
m011535,c_elena,to,0
m011535,c_taylor,to,1
m011535,c_lena,to,2
m011536,c_noah,to,0
m011537,c_noah,to,0
m011537,c_taylor,to,1
m011537,c_chris,cc,2
m011538,c_elena,to,0
m011539,c_noah,to,0
m011539,c_taylor,to,1
m011539,c_chris,cc,2
m011540,c_elena,to,0
m011541,c_noah,to,0
m011541,c_taylor,to,1
m011541,c_chris,cc,2
m011542,c_elena,to,0
m011543,c_noah,to,0
m011543,c_taylor,to,1
m011543,c_chris,cc,2
m011544,c_elena,to,0
m011545,c_noah,to,0
m011546,c_taylor,to,0
m011547,c_noah,to,0
m011548,c_taylor,to,0
m011549,c_avery,to,0
m011549,c_devon,to,1
m011550,c_alex_chan,to,0
m011551,c_avery,to,0
m011551,c_devon,to,1
m011552,c_alex_chan,to,0
m011553,c_maya,to,0
m011554,c_alex_chen,to,0
m011555,c_quinn,to,0
m011556,c_priya,to,0
m011557,c_marcus,to,0
m011558,c_chris,to,0
m011559,c_marcus,to,0
m011560,c_chris,to,0
m011561,c_hana,to,0
m011562,c_sam,to,0
m011563,c_alex_chan,to,0
m011564,c_maya,to,0
m011565,c_alex_chan,to,0
m011566,c_maya,to,0
m011567,c_alex_chan,to,0
m011568,c_maya,to,0
m011569,c_alex_chan,to,0
m011570,c_maya,to,0
m011571,c_alex_chan,to,0
m011572,c_maya,to,0
m011573,c_alex_chan,to,0
m011574,c_maya,to,0
m011575,c_jamie_lee,to,0
m011576,c_maya,to,0
m011577,c_jamie_lee,to,0
m011578,c_maya,to,0
m011579,c_jamie_lee,to,0
m011580,c_maya,to,0
m011581,c_jamie_lee,to,0
m011582,c_maya,to,0
m011583,c_jamie_lee,to,0
m011584,c_maya,to,0
m011585,c_jamie_lee,to,0
m011586,c_maya,to,0
m011587,c_morgan_shaw,to,0
m011588,c_maya,to,0
m011589,c_morgan_shaw,to,0
m011590,c_maya,to,0
m011591,c_morgan_shaw,to,0
m011592,c_maya,to,0
m011593,c_morgan_shaw,to,0
m011594,c_maya,to,0
m011595,c_morgan_shaw,to,0
m011596,c_maya,to,0
m011597,c_morgan_shaw,to,0
m011598,c_maya,to,0
m011599,c_alex_chen,to,0
m011600,c_maya,to,0
m011601,c_alex_chen,to,0
m011602,c_maya,to,0
m011603,c_alex_chen,to,0
m011604,c_maya,to,0
m011605,c_alex_chen,to,0
m011606,c_maya,to,0
m011607,c_jamie_li,to,0
m011608,c_maya,to,0
m011609,c_jamie_li,to,0
m011610,c_maya,to,0
m011611,c_jamie_li,to,0
m011612,c_maya,to,0
m011613,c_jamie_li,to,0
m011614,c_maya,to,0
m011615,c_morgan_zhao,to,0
m011616,c_maya,to,0
m011617,c_morgan_zhao,to,0
m011618,c_maya,to,0
m011619,c_morgan_zhao,to,0
m011620,c_maya,to,0
m011621,c_morgan_zhao,to,0
m011622,c_maya,to,0
m011623,c_lee,to,0
m011624,c_maya,to,0
m011625,c_lee,to,0
m011626,c_maya,to,0
m011627,c_lee,to,0
m011628,c_maya,to,0
m011629,c_lee,to,0
m011630,c_maya,to,0
m011631,c_lee,to,0
m011632,c_maya,to,0
m011633,c_lee,to,0
m011634,c_maya,to,0
m011635,c_pat,to,0
m011636,c_maya,to,0
m011637,c_pat,to,0
m011638,c_maya,to,0
m011639,c_pat,to,0
m011640,c_maya,to,0
m011641,c_pat,to,0
m011642,c_maya,to,0
m011643,c_pat,to,0
m011644,c_maya,to,0
m011645,c_pat,to,0
m011646,c_maya,to,0
m011647,c_ren,to,0
m011648,c_maya,to,0
m011649,c_ren,to,0
m011650,c_maya,to,0
m011651,c_ren,to,0
m011652,c_maya,to,0
m011653,c_ren,to,0
m011654,c_maya,to,0
m011655,c_ren,to,0
m011656,c_maya,to,0
m011657,c_ren,to,0
m011658,c_maya,to,0
m011659,c_sam,to,0
m011660,c_maya,to,0
m011661,c_hana,to,0
m011662,c_maya,to,0
m011663,c_fac_001,to,0
m011664,c_maya,to,0
m011665,c_fac_002,to,0
m011666,c_maya,to,0
m011667,c_fac_003,to,0
m011668,c_maya,to,0
m011669,c_fac_004,to,0
m011670,c_maya,to,0
m011671,c_fac_005,to,0
m011672,c_maya,to,0
m011673,c_fac_006,to,0
m011674,c_maya,to,0
m011675,c_fac_007,to,0
m011676,c_maya,to,0
m011677,c_fac_008,to,0
m011678,c_maya,to,0
m011679,c_fac_009,to,0
m011680,c_maya,to,0
m011681,c_fac_010,to,0
m011682,c_maya,to,0
m011683,c_fac_011,to,0
m011684,c_maya,to,0
m011685,c_fac_012,to,0
m011686,c_maya,to,0
m011687,c_fac_013,to,0
m011688,c_maya,to,0
m011689,c_fac_014,to,0
m011690,c_maya,to,0
m011691,c_fac_015,to,0
m011692,c_maya,to,0
m011693,c_fac_016,to,0
m011694,c_maya,to,0
m011695,c_fac_017,to,0
m011696,c_maya,to,0
m011697,c_noah,to,0
m011697,c_elena,to,1
m011697,c_taylor,to,2
m011697,c_chris,cc,3
m011698,c_maya,to,0
m011699,c_noah,to,0
m011699,c_elena,to,1
m011699,c_taylor,to,2
m011699,c_chris,cc,3
m011700,c_maya,to,0
m011701,c_noah,to,0
m011701,c_elena,to,1
m011701,c_taylor,to,2
m011701,c_chris,cc,3
m011702,c_maya,to,0
m011703,c_noah,to,0
m011703,c_elena,to,1
m011703,c_taylor,to,2
m011703,c_chris,cc,3
m011704,c_maya,to,0
m011705,c_noah,to,0
m011705,c_elena,to,1
m011705,c_taylor,to,2
m011705,c_chris,cc,3
m011706,c_maya,to,0
m011707,c_noah,to,0
m011707,c_elena,to,1
m011707,c_taylor,to,2
m011707,c_chris,cc,3
m011708,c_maya,to,0
m011709,c_noah,to,0
m011709,c_elena,to,1
m011709,c_taylor,to,2
m011709,c_chris,cc,3
m011710,c_maya,to,0
m011711,c_noah,to,0
m011711,c_elena,to,1
m011711,c_taylor,to,2
m011711,c_chris,cc,3
m011712,c_maya,to,0
m011713,c_noah,to,0
m011713,c_elena,to,1
m011713,c_taylor,to,2
m011713,c_chris,cc,3
m011714,c_maya,to,0
m011715,c_noah,to,0
m011715,c_elena,to,1
m011715,c_taylor,to,2
m011715,c_chris,cc,3
m011716,c_maya,to,0
m011717,c_noah,to,0
m011717,c_elena,to,1
m011717,c_taylor,to,2
m011717,c_chris,cc,3
m011718,c_maya,to,0
m011719,c_noah,to,0
m011719,c_elena,to,1
m011719,c_taylor,to,2
m011719,c_chris,cc,3
m011720,c_maya,to,0
m011721,c_noah,to,0
m011721,c_elena,to,1
m011721,c_taylor,to,2
m011721,c_chris,cc,3
m011722,c_maya,to,0
m011723,c_noah,to,0
m011723,c_elena,to,1
m011723,c_taylor,to,2
m011723,c_chris,cc,3
m011724,c_maya,to,0
m011725,c_noah,to,0
m011725,c_elena,to,1
m011725,c_taylor,to,2
m011725,c_chris,cc,3
m011726,c_maya,to,0
m011727,c_noah,to,0
m011727,c_elena,to,1
m011727,c_taylor,to,2
m011727,c_chris,cc,3
m011728,c_maya,to,0
m011729,c_noah,to,0
m011729,c_elena,to,1
m011729,c_taylor,to,2
m011729,c_chris,cc,3
m011730,c_maya,to,0
m011731,c_noah,to,0
m011731,c_elena,to,1
m011731,c_taylor,to,2
m011731,c_chris,cc,3
m011732,c_maya,to,0
m011733,c_noah,to,0
m011733,c_elena,to,1
m011733,c_taylor,to,2
m011733,c_chris,cc,3
m011734,c_maya,to,0
m011735,c_noah,to,0
m011735,c_elena,to,1
m011735,c_taylor,to,2
m011735,c_chris,cc,3
m011736,c_maya,to,0
m011737,c_noah,to,0
m011737,c_elena,to,1
m011737,c_taylor,to,2
m011737,c_chris,cc,3
m011738,c_maya,to,0
m011739,c_noah,to,0
m011739,c_elena,to,1
m011739,c_taylor,to,2
m011739,c_chris,cc,3
m011740,c_maya,to,0
m011741,c_noah,to,0
m011741,c_elena,to,1
m011741,c_taylor,to,2
m011741,c_chris,cc,3
m011742,c_maya,to,0
m011743,c_noah,to,0
m011743,c_elena,to,1
m011743,c_taylor,to,2
m011743,c_chris,cc,3
m011744,c_maya,to,0
m011745,c_noah,to,0
m011745,c_elena,to,1
m011745,c_taylor,to,2
m011745,c_chris,cc,3
m011746,c_maya,to,0
m011747,c_noah,to,0
m011747,c_elena,to,1
m011747,c_taylor,to,2
m011747,c_chris,cc,3
m011748,c_maya,to,0
m011749,c_noah,to,0
m011749,c_elena,to,1
m011749,c_taylor,to,2
m011749,c_chris,cc,3
m011750,c_maya,to,0
m011751,c_noah,to,0
m011751,c_elena,to,1
m011751,c_taylor,to,2
m011751,c_chris,cc,3
m011752,c_maya,to,0
m011753,c_noah,to,0
m011753,c_elena,to,1
m011753,c_taylor,to,2
m011753,c_chris,cc,3
m011754,c_maya,to,0
m011755,c_noah,to,0
m011755,c_elena,to,1
m011755,c_taylor,to,2
m011755,c_chris,cc,3
m011756,c_maya,to,0
m011757,c_noah,to,0
m011757,c_elena,to,1
m011757,c_taylor,to,2
m011757,c_chris,cc,3
m011758,c_maya,to,0
m011759,c_noah,to,0
m011759,c_elena,to,1
m011759,c_taylor,to,2
m011759,c_chris,cc,3
m011760,c_maya,to,0
m011761,c_noah,to,0
m011761,c_elena,to,1
m011761,c_taylor,to,2
m011761,c_chris,cc,3
m011762,c_maya,to,0
m011763,c_noah,to,0
m011763,c_elena,to,1
m011763,c_taylor,to,2
m011763,c_chris,cc,3
m011764,c_maya,to,0
m011765,c_noah,to,0
m011765,c_elena,to,1
m011765,c_taylor,to,2
m011765,c_chris,cc,3
m011766,c_maya,to,0
m011767,c_noah,to,0
m011767,c_elena,to,1
m011767,c_taylor,to,2
m011767,c_chris,cc,3
m011768,c_maya,to,0
m011769,c_noah,to,0
m011769,c_elena,to,1
m011769,c_taylor,to,2
m011769,c_chris,cc,3
m011770,c_maya,to,0
m011771,c_noah,to,0
m011771,c_elena,to,1
m011771,c_taylor,to,2
m011771,c_chris,cc,3
m011772,c_maya,to,0
m011773,c_noah,to,0
m011773,c_elena,to,1
m011773,c_taylor,to,2
m011773,c_chris,cc,3
m011774,c_maya,to,0
m011775,c_noah,to,0
m011775,c_elena,to,1
m011775,c_taylor,to,2
m011775,c_chris,cc,3
m011776,c_maya,to,0
m011777,c_chris,to,0
m011777,c_noah,to,1
m011777,c_elena,to,2
m011777,c_marcus,cc,3
m011778,c_maya,to,0
m011779,c_chris,to,0
m011779,c_noah,to,1
m011779,c_elena,to,2
m011779,c_marcus,cc,3
m011780,c_maya,to,0
m011781,c_chris,to,0
m011781,c_noah,to,1
m011781,c_elena,to,2
m011781,c_marcus,cc,3
m011782,c_maya,to,0
m011783,c_chris,to,0
m011783,c_noah,to,1
m011783,c_elena,to,2
m011783,c_marcus,cc,3
m011784,c_maya,to,0
m011785,c_priya,to,0
m011785,c_quinn,cc,1
m011786,c_maya,to,0
m011787,c_priya,to,0
m011787,c_quinn,cc,1
m011788,c_maya,to,0
m011789,c_priya,to,0
m011789,c_quinn,cc,1
m011790,c_maya,to,0
m011791,c_priya,to,0
m011791,c_quinn,cc,1
m011792,c_maya,to,0
m011793,c_priya,to,0
m011793,c_quinn,cc,1
m011794,c_maya,to,0
m011795,c_priya,to,0
m011795,c_quinn,cc,1
m011796,c_maya,to,0
m011797,c_elena,to,0
m011797,c_taylor,to,1
m011797,c_lena,to,2
m011798,c_noah,to,0
m011799,c_elena,to,0
m011799,c_taylor,to,1
m011799,c_lena,to,2
m011800,c_noah,to,0
m011801,c_elena,to,0
m011801,c_taylor,to,1
m011801,c_lena,to,2
m011802,c_noah,to,0
m011803,c_elena,to,0
m011803,c_taylor,to,1
m011803,c_lena,to,2
m011804,c_noah,to,0
m011805,c_elena,to,0
m011805,c_taylor,to,1
m011805,c_lena,to,2
m011806,c_noah,to,0
m011807,c_elena,to,0
m011807,c_taylor,to,1
m011807,c_lena,to,2
m011808,c_noah,to,0
m011809,c_noah,to,0
m011809,c_taylor,to,1
m011809,c_chris,cc,2
m011810,c_elena,to,0
m011811,c_noah,to,0
m011811,c_taylor,to,1
m011811,c_chris,cc,2
m011812,c_elena,to,0
m011813,c_noah,to,0
m011813,c_taylor,to,1
m011813,c_chris,cc,2
m011814,c_elena,to,0
m011815,c_noah,to,0
m011815,c_taylor,to,1
m011815,c_chris,cc,2
m011816,c_elena,to,0
m011817,c_noah,to,0
m011818,c_taylor,to,0
m011819,c_noah,to,0
m011820,c_taylor,to,0
m011821,c_avery,to,0
m011821,c_devon,to,1
m011822,c_alex_chan,to,0
m011823,c_avery,to,0
m011823,c_devon,to,1
m011824,c_alex_chan,to,0
m011825,c_maya,to,0
m011826,c_alex_chen,to,0
m011827,c_quinn,to,0
m011828,c_priya,to,0
m011829,c_marcus,to,0
m011830,c_chris,to,0
m011831,c_marcus,to,0
m011832,c_chris,to,0
m011833,c_hana,to,0
m011834,c_sam,to,0
m011835,c_alex_chan,to,0
m011836,c_maya,to,0
m011837,c_alex_chan,to,0
m011838,c_maya,to,0
m011839,c_alex_chan,to,0
m011840,c_maya,to,0
m011841,c_alex_chan,to,0
m011842,c_maya,to,0
m011843,c_alex_chan,to,0
m011844,c_maya,to,0
m011845,c_alex_chan,to,0
m011846,c_maya,to,0
m011847,c_jamie_lee,to,0
m011848,c_maya,to,0
m011849,c_jamie_lee,to,0
m011850,c_maya,to,0
m011851,c_jamie_lee,to,0
m011852,c_maya,to,0
m011853,c_jamie_lee,to,0
m011854,c_maya,to,0
m011855,c_jamie_lee,to,0
m011856,c_maya,to,0
m011857,c_jamie_lee,to,0
m011858,c_maya,to,0
m011859,c_morgan_shaw,to,0
m011860,c_maya,to,0
m011861,c_morgan_shaw,to,0
m011862,c_maya,to,0
m011863,c_morgan_shaw,to,0
m011864,c_maya,to,0
m011865,c_morgan_shaw,to,0
m011866,c_maya,to,0
m011867,c_morgan_shaw,to,0
m011868,c_maya,to,0
m011869,c_morgan_shaw,to,0
m011870,c_maya,to,0
m011871,c_alex_chen,to,0
m011872,c_maya,to,0
m011873,c_alex_chen,to,0
m011874,c_maya,to,0
m011875,c_alex_chen,to,0
m011876,c_maya,to,0
m011877,c_alex_chen,to,0
m011878,c_maya,to,0
m011879,c_jamie_li,to,0
m011880,c_maya,to,0
m011881,c_jamie_li,to,0
m011882,c_maya,to,0
m011883,c_jamie_li,to,0
m011884,c_maya,to,0
m011885,c_jamie_li,to,0
m011886,c_maya,to,0
m011887,c_morgan_zhao,to,0
m011888,c_maya,to,0
m011889,c_morgan_zhao,to,0
m011890,c_maya,to,0
m011891,c_morgan_zhao,to,0
m011892,c_maya,to,0
m011893,c_morgan_zhao,to,0
m011894,c_maya,to,0
m011895,c_lee,to,0
m011896,c_maya,to,0
m011897,c_lee,to,0
m011898,c_maya,to,0
m011899,c_lee,to,0
m011900,c_maya,to,0
m011901,c_lee,to,0
m011902,c_maya,to,0
m011903,c_lee,to,0
m011904,c_maya,to,0
m011905,c_lee,to,0
m011906,c_maya,to,0
m011907,c_pat,to,0
m011908,c_maya,to,0
m011909,c_pat,to,0
m011910,c_maya,to,0
m011911,c_pat,to,0
m011912,c_maya,to,0
m011913,c_pat,to,0
m011914,c_maya,to,0
m011915,c_pat,to,0
m011916,c_maya,to,0
m011917,c_pat,to,0
m011918,c_maya,to,0
m011919,c_ren,to,0
m011920,c_maya,to,0
m011921,c_ren,to,0
m011922,c_maya,to,0
m011923,c_ren,to,0
m011924,c_maya,to,0
m011925,c_ren,to,0
m011926,c_maya,to,0
m011927,c_ren,to,0
m011928,c_maya,to,0
m011929,c_ren,to,0
m011930,c_maya,to,0
m011931,c_sam,to,0
m011932,c_maya,to,0
m011933,c_hana,to,0
m011934,c_maya,to,0
m011935,c_fac_001,to,0
m011936,c_maya,to,0
m011937,c_fac_002,to,0
m011938,c_maya,to,0
m011939,c_fac_003,to,0
m011940,c_maya,to,0
m011941,c_fac_004,to,0
m011942,c_maya,to,0
m011943,c_fac_005,to,0
m011944,c_maya,to,0
m011945,c_fac_006,to,0
m011946,c_maya,to,0
m011947,c_fac_007,to,0
m011948,c_maya,to,0
m011949,c_fac_008,to,0
m011950,c_maya,to,0
m011951,c_fac_009,to,0
m011952,c_maya,to,0
m011953,c_fac_010,to,0
m011954,c_maya,to,0
m011955,c_fac_011,to,0
m011956,c_maya,to,0
m011957,c_fac_012,to,0
m011958,c_maya,to,0
m011959,c_fac_013,to,0
m011960,c_maya,to,0
m011961,c_fac_014,to,0
m011962,c_maya,to,0
m011963,c_fac_015,to,0
m011964,c_maya,to,0
m011965,c_fac_016,to,0
m011966,c_maya,to,0
m011967,c_fac_017,to,0
m011968,c_maya,to,0
m011969,c_noah,to,0
m011969,c_elena,to,1
m011969,c_taylor,to,2
m011969,c_chris,cc,3
m011970,c_maya,to,0
m011971,c_noah,to,0
m011971,c_elena,to,1
m011971,c_taylor,to,2
m011971,c_chris,cc,3
m011972,c_maya,to,0
m011973,c_noah,to,0
m011973,c_elena,to,1
m011973,c_taylor,to,2
m011973,c_chris,cc,3
m011974,c_maya,to,0
m011975,c_noah,to,0
m011975,c_elena,to,1
m011975,c_taylor,to,2
m011975,c_chris,cc,3
m011976,c_maya,to,0
m011977,c_noah,to,0
m011977,c_elena,to,1
m011977,c_taylor,to,2
m011977,c_chris,cc,3
m011978,c_maya,to,0
m011979,c_noah,to,0
m011979,c_elena,to,1
m011979,c_taylor,to,2
m011979,c_chris,cc,3
m011980,c_maya,to,0
m011981,c_noah,to,0
m011981,c_elena,to,1
m011981,c_taylor,to,2
m011981,c_chris,cc,3
m011982,c_maya,to,0
m011983,c_noah,to,0
m011983,c_elena,to,1
m011983,c_taylor,to,2
m011983,c_chris,cc,3
m011984,c_maya,to,0
m011985,c_noah,to,0
m011985,c_elena,to,1
m011985,c_taylor,to,2
m011985,c_chris,cc,3
m011986,c_maya,to,0
m011987,c_noah,to,0
m011987,c_elena,to,1
m011987,c_taylor,to,2
m011987,c_chris,cc,3
m011988,c_maya,to,0
m011989,c_noah,to,0
m011989,c_elena,to,1
m011989,c_taylor,to,2
m011989,c_chris,cc,3
m011990,c_maya,to,0
m011991,c_noah,to,0
m011991,c_elena,to,1
m011991,c_taylor,to,2
m011991,c_chris,cc,3
m011992,c_maya,to,0
m011993,c_noah,to,0
m011993,c_elena,to,1
m011993,c_taylor,to,2
m011993,c_chris,cc,3
m011994,c_maya,to,0
m011995,c_noah,to,0
m011995,c_elena,to,1
m011995,c_taylor,to,2
m011995,c_chris,cc,3
m011996,c_maya,to,0
m011997,c_noah,to,0
m011997,c_elena,to,1
m011997,c_taylor,to,2
m011997,c_chris,cc,3
m011998,c_maya,to,0
m011999,c_noah,to,0
m011999,c_elena,to,1
m011999,c_taylor,to,2
m011999,c_chris,cc,3
m012000,c_maya,to,0
m012001,c_noah,to,0
m012001,c_elena,to,1
m012001,c_taylor,to,2
m012001,c_chris,cc,3
m012002,c_maya,to,0
m012003,c_noah,to,0
m012003,c_elena,to,1
m012003,c_taylor,to,2
m012003,c_chris,cc,3
m012004,c_maya,to,0
m012005,c_noah,to,0
m012005,c_elena,to,1
m012005,c_taylor,to,2
m012005,c_chris,cc,3
m012006,c_maya,to,0
m012007,c_noah,to,0
m012007,c_elena,to,1
m012007,c_taylor,to,2
m012007,c_chris,cc,3
m012008,c_maya,to,0
m012009,c_noah,to,0
m012009,c_elena,to,1
m012009,c_taylor,to,2
m012009,c_chris,cc,3
m012010,c_maya,to,0
m012011,c_noah,to,0
m012011,c_elena,to,1
m012011,c_taylor,to,2
m012011,c_chris,cc,3
m012012,c_maya,to,0
m012013,c_noah,to,0
m012013,c_elena,to,1
m012013,c_taylor,to,2
m012013,c_chris,cc,3
m012014,c_maya,to,0
m012015,c_noah,to,0
m012015,c_elena,to,1
m012015,c_taylor,to,2
m012015,c_chris,cc,3
m012016,c_maya,to,0
m012017,c_noah,to,0
m012017,c_elena,to,1
m012017,c_taylor,to,2
m012017,c_chris,cc,3
m012018,c_maya,to,0
m012019,c_noah,to,0
m012019,c_elena,to,1
m012019,c_taylor,to,2
m012019,c_chris,cc,3
m012020,c_maya,to,0
m012021,c_noah,to,0
m012021,c_elena,to,1
m012021,c_taylor,to,2
m012021,c_chris,cc,3
m012022,c_maya,to,0
m012023,c_noah,to,0
m012023,c_elena,to,1
m012023,c_taylor,to,2
m012023,c_chris,cc,3
m012024,c_maya,to,0
m012025,c_noah,to,0
m012025,c_elena,to,1
m012025,c_taylor,to,2
m012025,c_chris,cc,3
m012026,c_maya,to,0
m012027,c_noah,to,0
m012027,c_elena,to,1
m012027,c_taylor,to,2
m012027,c_chris,cc,3
m012028,c_maya,to,0
m012029,c_noah,to,0
m012029,c_elena,to,1
m012029,c_taylor,to,2
m012029,c_chris,cc,3
m012030,c_maya,to,0
m012031,c_noah,to,0
m012031,c_elena,to,1
m012031,c_taylor,to,2
m012031,c_chris,cc,3
m012032,c_maya,to,0
m012033,c_noah,to,0
m012033,c_elena,to,1
m012033,c_taylor,to,2
m012033,c_chris,cc,3
m012034,c_maya,to,0
m012035,c_noah,to,0
m012035,c_elena,to,1
m012035,c_taylor,to,2
m012035,c_chris,cc,3
m012036,c_maya,to,0
m012037,c_noah,to,0
m012037,c_elena,to,1
m012037,c_taylor,to,2
m012037,c_chris,cc,3
m012038,c_maya,to,0
m012039,c_noah,to,0
m012039,c_elena,to,1
m012039,c_taylor,to,2
m012039,c_chris,cc,3
m012040,c_maya,to,0
m012041,c_noah,to,0
m012041,c_elena,to,1
m012041,c_taylor,to,2
m012041,c_chris,cc,3
m012042,c_maya,to,0
m012043,c_noah,to,0
m012043,c_elena,to,1
m012043,c_taylor,to,2
m012043,c_chris,cc,3
m012044,c_maya,to,0
m012045,c_noah,to,0
m012045,c_elena,to,1
m012045,c_taylor,to,2
m012045,c_chris,cc,3
m012046,c_maya,to,0
m012047,c_noah,to,0
m012047,c_elena,to,1
m012047,c_taylor,to,2
m012047,c_chris,cc,3
m012048,c_maya,to,0
m012049,c_chris,to,0
m012049,c_noah,to,1
m012049,c_elena,to,2
m012049,c_marcus,cc,3
m012050,c_maya,to,0
m012051,c_chris,to,0
m012051,c_noah,to,1
m012051,c_elena,to,2
m012051,c_marcus,cc,3
m012052,c_maya,to,0
m012053,c_chris,to,0
m012053,c_noah,to,1
m012053,c_elena,to,2
m012053,c_marcus,cc,3
m012054,c_maya,to,0
m012055,c_chris,to,0
m012055,c_noah,to,1
m012055,c_elena,to,2
m012055,c_marcus,cc,3
m012056,c_maya,to,0
m012057,c_priya,to,0
m012057,c_quinn,cc,1
m012058,c_maya,to,0
m012059,c_priya,to,0
m012059,c_quinn,cc,1
m012060,c_maya,to,0
m012061,c_priya,to,0
m012061,c_quinn,cc,1
m012062,c_maya,to,0
m012063,c_priya,to,0
m012063,c_quinn,cc,1
m012064,c_maya,to,0
m012065,c_priya,to,0
m012065,c_quinn,cc,1
m012066,c_maya,to,0
m012067,c_priya,to,0
m012067,c_quinn,cc,1
m012068,c_maya,to,0
m012069,c_elena,to,0
m012069,c_taylor,to,1
m012069,c_lena,to,2
m012070,c_noah,to,0
m012071,c_elena,to,0
m012071,c_taylor,to,1
m012071,c_lena,to,2
m012072,c_noah,to,0
m012073,c_elena,to,0
m012073,c_taylor,to,1
m012073,c_lena,to,2
m012074,c_noah,to,0
m012075,c_elena,to,0
m012075,c_taylor,to,1
m012075,c_lena,to,2
m012076,c_noah,to,0
m012077,c_elena,to,0
m012077,c_taylor,to,1
m012077,c_lena,to,2
m012078,c_noah,to,0
m012079,c_elena,to,0
m012079,c_taylor,to,1
m012079,c_lena,to,2
m012080,c_noah,to,0
m012081,c_noah,to,0
m012081,c_taylor,to,1
m012081,c_chris,cc,2
m012082,c_elena,to,0
m012083,c_noah,to,0
m012083,c_taylor,to,1
m012083,c_chris,cc,2
m012084,c_elena,to,0
m012085,c_noah,to,0
m012085,c_taylor,to,1
m012085,c_chris,cc,2
m012086,c_elena,to,0
m012087,c_noah,to,0
m012087,c_taylor,to,1
m012087,c_chris,cc,2
m012088,c_elena,to,0
m012089,c_noah,to,0
m012090,c_taylor,to,0
m012091,c_noah,to,0
m012092,c_taylor,to,0
m012093,c_avery,to,0
m012093,c_devon,to,1
m012094,c_alex_chan,to,0
m012095,c_avery,to,0
m012095,c_devon,to,1
m012096,c_alex_chan,to,0
m012097,c_maya,to,0
m012098,c_alex_chen,to,0
m012099,c_quinn,to,0
m012100,c_priya,to,0
m012101,c_marcus,to,0
m012102,c_chris,to,0
m012103,c_marcus,to,0
m012104,c_chris,to,0
m012105,c_hana,to,0
m012106,c_sam,to,0
m012107,c_alex_chan,to,0
m012108,c_maya,to,0
m012109,c_alex_chan,to,0
m012110,c_maya,to,0
m012111,c_alex_chan,to,0
m012112,c_maya,to,0
m012113,c_alex_chan,to,0
m012114,c_maya,to,0
m012115,c_alex_chan,to,0
m012116,c_maya,to,0
m012117,c_alex_chan,to,0
m012118,c_maya,to,0
m012119,c_jamie_lee,to,0
m012120,c_maya,to,0
m012121,c_jamie_lee,to,0
m012122,c_maya,to,0
m012123,c_jamie_lee,to,0
m012124,c_maya,to,0
m012125,c_jamie_lee,to,0
m012126,c_maya,to,0
m012127,c_jamie_lee,to,0
m012128,c_maya,to,0
m012129,c_jamie_lee,to,0
m012130,c_maya,to,0
m012131,c_morgan_shaw,to,0
m012132,c_maya,to,0
m012133,c_morgan_shaw,to,0
m012134,c_maya,to,0
m012135,c_morgan_shaw,to,0
m012136,c_maya,to,0
m012137,c_morgan_shaw,to,0
m012138,c_maya,to,0
m012139,c_morgan_shaw,to,0
m012140,c_maya,to,0
m012141,c_morgan_shaw,to,0
m012142,c_maya,to,0
m012143,c_alex_chen,to,0
m012144,c_maya,to,0
m012145,c_alex_chen,to,0
m012146,c_maya,to,0
m012147,c_alex_chen,to,0
m012148,c_maya,to,0
m012149,c_alex_chen,to,0
m012150,c_maya,to,0
m012151,c_jamie_li,to,0
m012152,c_maya,to,0
m012153,c_jamie_li,to,0
m012154,c_maya,to,0
m012155,c_jamie_li,to,0
m012156,c_maya,to,0
m012157,c_jamie_li,to,0
m012158,c_maya,to,0
m012159,c_morgan_zhao,to,0
m012160,c_maya,to,0
m012161,c_morgan_zhao,to,0
m012162,c_maya,to,0
m012163,c_morgan_zhao,to,0
m012164,c_maya,to,0
m012165,c_morgan_zhao,to,0
m012166,c_maya,to,0
m012167,c_lee,to,0
m012168,c_maya,to,0
m012169,c_lee,to,0
m012170,c_maya,to,0
m012171,c_lee,to,0
m012172,c_maya,to,0
m012173,c_lee,to,0
m012174,c_maya,to,0
m012175,c_lee,to,0
m012176,c_maya,to,0
m012177,c_lee,to,0
m012178,c_maya,to,0
m012179,c_pat,to,0
m012180,c_maya,to,0
m012181,c_pat,to,0
m012182,c_maya,to,0
m012183,c_pat,to,0
m012184,c_maya,to,0
m012185,c_pat,to,0
m012186,c_maya,to,0
m012187,c_pat,to,0
m012188,c_maya,to,0
m012189,c_pat,to,0
m012190,c_maya,to,0
m012191,c_ren,to,0
m012192,c_maya,to,0
m012193,c_ren,to,0
m012194,c_maya,to,0
m012195,c_ren,to,0
m012196,c_maya,to,0
m012197,c_ren,to,0
m012198,c_maya,to,0
m012199,c_ren,to,0
m012200,c_maya,to,0
m012201,c_ren,to,0
m012202,c_maya,to,0
m012203,c_sam,to,0
m012204,c_maya,to,0
m012205,c_hana,to,0
m012206,c_maya,to,0
m012207,c_fac_001,to,0
m012208,c_maya,to,0
m012209,c_fac_002,to,0
m012210,c_maya,to,0
m012211,c_fac_003,to,0
m012212,c_maya,to,0
m012213,c_fac_004,to,0
m012214,c_maya,to,0
m012215,c_fac_005,to,0
m012216,c_maya,to,0
m012217,c_fac_006,to,0
m012218,c_maya,to,0
m012219,c_fac_007,to,0
m012220,c_maya,to,0
m012221,c_fac_008,to,0
m012222,c_maya,to,0
m012223,c_fac_009,to,0
m012224,c_maya,to,0
m012225,c_fac_010,to,0
m012226,c_maya,to,0
m012227,c_fac_011,to,0
m012228,c_maya,to,0
m012229,c_fac_012,to,0
m012230,c_maya,to,0
m012231,c_fac_013,to,0
m012232,c_maya,to,0
m012233,c_fac_014,to,0
m012234,c_maya,to,0
m012235,c_fac_015,to,0
m012236,c_maya,to,0
m012237,c_fac_016,to,0
m012238,c_maya,to,0
m012239,c_fac_017,to,0
m012240,c_maya,to,0
m012241,c_noah,to,0
m012241,c_elena,to,1
m012241,c_taylor,to,2
m012241,c_chris,cc,3
m012242,c_maya,to,0
m012243,c_noah,to,0
m012243,c_elena,to,1
m012243,c_taylor,to,2
m012243,c_chris,cc,3
m012244,c_maya,to,0
m012245,c_noah,to,0
m012245,c_elena,to,1
m012245,c_taylor,to,2
m012245,c_chris,cc,3
m012246,c_maya,to,0
m012247,c_noah,to,0
m012247,c_elena,to,1
m012247,c_taylor,to,2
m012247,c_chris,cc,3
m012248,c_maya,to,0
m012249,c_noah,to,0
m012249,c_elena,to,1
m012249,c_taylor,to,2
m012249,c_chris,cc,3
m012250,c_maya,to,0
m012251,c_noah,to,0
m012251,c_elena,to,1
m012251,c_taylor,to,2
m012251,c_chris,cc,3
m012252,c_maya,to,0
m012253,c_noah,to,0
m012253,c_elena,to,1
m012253,c_taylor,to,2
m012253,c_chris,cc,3
m012254,c_maya,to,0
m012255,c_noah,to,0
m012255,c_elena,to,1
m012255,c_taylor,to,2
m012255,c_chris,cc,3
m012256,c_maya,to,0
m012257,c_noah,to,0
m012257,c_elena,to,1
m012257,c_taylor,to,2
m012257,c_chris,cc,3
m012258,c_maya,to,0
m012259,c_noah,to,0
m012259,c_elena,to,1
m012259,c_taylor,to,2
m012259,c_chris,cc,3
m012260,c_maya,to,0
m012261,c_noah,to,0
m012261,c_elena,to,1
m012261,c_taylor,to,2
m012261,c_chris,cc,3
m012262,c_maya,to,0
m012263,c_noah,to,0
m012263,c_elena,to,1
m012263,c_taylor,to,2
m012263,c_chris,cc,3
m012264,c_maya,to,0
m012265,c_noah,to,0
m012265,c_elena,to,1
m012265,c_taylor,to,2
m012265,c_chris,cc,3
m012266,c_maya,to,0
m012267,c_noah,to,0
m012267,c_elena,to,1
m012267,c_taylor,to,2
m012267,c_chris,cc,3
m012268,c_maya,to,0
m012269,c_noah,to,0
m012269,c_elena,to,1
m012269,c_taylor,to,2
m012269,c_chris,cc,3
m012270,c_maya,to,0
m012271,c_noah,to,0
m012271,c_elena,to,1
m012271,c_taylor,to,2
m012271,c_chris,cc,3
m012272,c_maya,to,0
m012273,c_noah,to,0
m012273,c_elena,to,1
m012273,c_taylor,to,2
m012273,c_chris,cc,3
m012274,c_maya,to,0
m012275,c_noah,to,0
m012275,c_elena,to,1
m012275,c_taylor,to,2
m012275,c_chris,cc,3
m012276,c_maya,to,0
m012277,c_noah,to,0
m012277,c_elena,to,1
m012277,c_taylor,to,2
m012277,c_chris,cc,3
m012278,c_maya,to,0
m012279,c_noah,to,0
m012279,c_elena,to,1
m012279,c_taylor,to,2
m012279,c_chris,cc,3
m012280,c_maya,to,0
m012281,c_noah,to,0
m012281,c_elena,to,1
m012281,c_taylor,to,2
m012281,c_chris,cc,3
m012282,c_maya,to,0
m012283,c_noah,to,0
m012283,c_elena,to,1
m012283,c_taylor,to,2
m012283,c_chris,cc,3
m012284,c_maya,to,0
m012285,c_noah,to,0
m012285,c_elena,to,1
m012285,c_taylor,to,2
m012285,c_chris,cc,3
m012286,c_maya,to,0
m012287,c_noah,to,0
m012287,c_elena,to,1
m012287,c_taylor,to,2
m012287,c_chris,cc,3
m012288,c_maya,to,0
m012289,c_noah,to,0
m012289,c_elena,to,1
m012289,c_taylor,to,2
m012289,c_chris,cc,3
m012290,c_maya,to,0
m012291,c_noah,to,0
m012291,c_elena,to,1
m012291,c_taylor,to,2
m012291,c_chris,cc,3
m012292,c_maya,to,0
m012293,c_noah,to,0
m012293,c_elena,to,1
m012293,c_taylor,to,2
m012293,c_chris,cc,3
m012294,c_maya,to,0
m012295,c_noah,to,0
m012295,c_elena,to,1
m012295,c_taylor,to,2
m012295,c_chris,cc,3
m012296,c_maya,to,0
m012297,c_noah,to,0
m012297,c_elena,to,1
m012297,c_taylor,to,2
m012297,c_chris,cc,3
m012298,c_maya,to,0
m012299,c_noah,to,0
m012299,c_elena,to,1
m012299,c_taylor,to,2
m012299,c_chris,cc,3
m012300,c_maya,to,0
m012301,c_noah,to,0
m012301,c_elena,to,1
m012301,c_taylor,to,2
m012301,c_chris,cc,3
m012302,c_maya,to,0
m012303,c_noah,to,0
m012303,c_elena,to,1
m012303,c_taylor,to,2
m012303,c_chris,cc,3
m012304,c_maya,to,0
m012305,c_noah,to,0
m012305,c_elena,to,1
m012305,c_taylor,to,2
m012305,c_chris,cc,3
m012306,c_maya,to,0
m012307,c_noah,to,0
m012307,c_elena,to,1
m012307,c_taylor,to,2
m012307,c_chris,cc,3
m012308,c_maya,to,0
m012309,c_noah,to,0
m012309,c_elena,to,1
m012309,c_taylor,to,2
m012309,c_chris,cc,3
m012310,c_maya,to,0
m012311,c_noah,to,0
m012311,c_elena,to,1
m012311,c_taylor,to,2
m012311,c_chris,cc,3
m012312,c_maya,to,0
m012313,c_noah,to,0
m012313,c_elena,to,1
m012313,c_taylor,to,2
m012313,c_chris,cc,3
m012314,c_maya,to,0
m012315,c_noah,to,0
m012315,c_elena,to,1
m012315,c_taylor,to,2
m012315,c_chris,cc,3
m012316,c_maya,to,0
m012317,c_noah,to,0
m012317,c_elena,to,1
m012317,c_taylor,to,2
m012317,c_chris,cc,3
m012318,c_maya,to,0
m012319,c_noah,to,0
m012319,c_elena,to,1
m012319,c_taylor,to,2
m012319,c_chris,cc,3
m012320,c_maya,to,0
m012321,c_chris,to,0
m012321,c_noah,to,1
m012321,c_elena,to,2
m012321,c_marcus,cc,3
m012322,c_maya,to,0
m012323,c_chris,to,0
m012323,c_noah,to,1
m012323,c_elena,to,2
m012323,c_marcus,cc,3
m012324,c_maya,to,0
m012325,c_chris,to,0
m012325,c_noah,to,1
m012325,c_elena,to,2
m012325,c_marcus,cc,3
m012326,c_maya,to,0
m012327,c_chris,to,0
m012327,c_noah,to,1
m012327,c_elena,to,2
m012327,c_marcus,cc,3
m012328,c_maya,to,0
m012329,c_priya,to,0
m012329,c_quinn,cc,1
m012330,c_maya,to,0
m012331,c_priya,to,0
m012331,c_quinn,cc,1
m012332,c_maya,to,0
m012333,c_priya,to,0
m012333,c_quinn,cc,1
m012334,c_maya,to,0
m012335,c_priya,to,0
m012335,c_quinn,cc,1
m012336,c_maya,to,0
m012337,c_priya,to,0
m012337,c_quinn,cc,1
m012338,c_maya,to,0
m012339,c_priya,to,0
m012339,c_quinn,cc,1
m012340,c_maya,to,0
m012341,c_elena,to,0
m012341,c_taylor,to,1
m012341,c_lena,to,2
m012342,c_noah,to,0
m012343,c_elena,to,0
m012343,c_taylor,to,1
m012343,c_lena,to,2
m012344,c_noah,to,0
m012345,c_elena,to,0
m012345,c_taylor,to,1
m012345,c_lena,to,2
m012346,c_noah,to,0
m012347,c_elena,to,0
m012347,c_taylor,to,1
m012347,c_lena,to,2
m012348,c_noah,to,0
m012349,c_elena,to,0
m012349,c_taylor,to,1
m012349,c_lena,to,2
m012350,c_noah,to,0
m012351,c_elena,to,0
m012351,c_taylor,to,1
m012351,c_lena,to,2
m012352,c_noah,to,0
m012353,c_noah,to,0
m012353,c_taylor,to,1
m012353,c_chris,cc,2
m012354,c_elena,to,0
m012355,c_noah,to,0
m012355,c_taylor,to,1
m012355,c_chris,cc,2
m012356,c_elena,to,0
m012357,c_noah,to,0
m012357,c_taylor,to,1
m012357,c_chris,cc,2
m012358,c_elena,to,0
m012359,c_noah,to,0
m012359,c_taylor,to,1
m012359,c_chris,cc,2
m012360,c_elena,to,0
m012361,c_noah,to,0
m012362,c_taylor,to,0
m012363,c_noah,to,0
m012364,c_taylor,to,0
m012365,c_avery,to,0
m012365,c_devon,to,1
m012366,c_alex_chan,to,0
m012367,c_avery,to,0
m012367,c_devon,to,1
m012368,c_alex_chan,to,0
m012369,c_maya,to,0
m012370,c_alex_chen,to,0
m012371,c_quinn,to,0
m012372,c_priya,to,0
m012373,c_marcus,to,0
m012374,c_chris,to,0
m012375,c_marcus,to,0
m012376,c_chris,to,0
m012377,c_hana,to,0
m012378,c_sam,to,0
m012379,c_alex_chan,to,0
m012380,c_maya,to,0
m012381,c_alex_chan,to,0
m012382,c_maya,to,0
m012383,c_alex_chan,to,0
m012384,c_maya,to,0
m012385,c_alex_chan,to,0
m012386,c_maya,to,0
m012387,c_alex_chan,to,0
m012388,c_maya,to,0
m012389,c_alex_chan,to,0
m012390,c_maya,to,0
m012391,c_jamie_lee,to,0
m012392,c_maya,to,0
m012393,c_jamie_lee,to,0
m012394,c_maya,to,0
m012395,c_jamie_lee,to,0
m012396,c_maya,to,0
m012397,c_jamie_lee,to,0
m012398,c_maya,to,0
m012399,c_jamie_lee,to,0
m012400,c_maya,to,0
m012401,c_jamie_lee,to,0
m012402,c_maya,to,0
m012403,c_morgan_shaw,to,0
m012404,c_maya,to,0
m012405,c_morgan_shaw,to,0
m012406,c_maya,to,0
m012407,c_morgan_shaw,to,0
m012408,c_maya,to,0
m012409,c_morgan_shaw,to,0
m012410,c_maya,to,0
m012411,c_morgan_shaw,to,0
m012412,c_maya,to,0
m012413,c_morgan_shaw,to,0
m012414,c_maya,to,0
m012415,c_alex_chen,to,0
m012416,c_maya,to,0
m012417,c_alex_chen,to,0
m012418,c_maya,to,0
m012419,c_alex_chen,to,0
m012420,c_maya,to,0
m012421,c_alex_chen,to,0
m012422,c_maya,to,0
m012423,c_jamie_li,to,0
m012424,c_maya,to,0
m012425,c_jamie_li,to,0
m012426,c_maya,to,0
m012427,c_jamie_li,to,0
m012428,c_maya,to,0
m012429,c_jamie_li,to,0
m012430,c_maya,to,0
m012431,c_morgan_zhao,to,0
m012432,c_maya,to,0
m012433,c_morgan_zhao,to,0
m012434,c_maya,to,0
m012435,c_morgan_zhao,to,0
m012436,c_maya,to,0
m012437,c_morgan_zhao,to,0
m012438,c_maya,to,0
m012439,c_lee,to,0
m012440,c_maya,to,0
m012441,c_lee,to,0
m012442,c_maya,to,0
m012443,c_lee,to,0
m012444,c_maya,to,0
m012445,c_lee,to,0
m012446,c_maya,to,0
m012447,c_lee,to,0
m012448,c_maya,to,0
m012449,c_lee,to,0
m012450,c_maya,to,0
m012451,c_pat,to,0
m012452,c_maya,to,0
m012453,c_pat,to,0
m012454,c_maya,to,0
m012455,c_pat,to,0
m012456,c_maya,to,0
m012457,c_pat,to,0
m012458,c_maya,to,0
m012459,c_pat,to,0
m012460,c_maya,to,0
m012461,c_pat,to,0
m012462,c_maya,to,0
m012463,c_ren,to,0
m012464,c_maya,to,0
m012465,c_ren,to,0
m012466,c_maya,to,0
m012467,c_ren,to,0
m012468,c_maya,to,0
m012469,c_ren,to,0
m012470,c_maya,to,0
m012471,c_ren,to,0
m012472,c_maya,to,0
m012473,c_ren,to,0
m012474,c_maya,to,0
m012475,c_sam,to,0
m012476,c_maya,to,0
m012477,c_hana,to,0
m012478,c_maya,to,0
m012479,c_fac_001,to,0
m012480,c_maya,to,0
m012481,c_fac_002,to,0
m012482,c_maya,to,0
m012483,c_fac_003,to,0
m012484,c_maya,to,0
m012485,c_fac_004,to,0
m012486,c_maya,to,0
m012487,c_fac_005,to,0
m012488,c_maya,to,0
m012489,c_fac_006,to,0
m012490,c_maya,to,0
m012491,c_fac_007,to,0
m012492,c_maya,to,0
m012493,c_fac_008,to,0
m012494,c_maya,to,0
m012495,c_fac_009,to,0
m012496,c_maya,to,0
m012497,c_fac_010,to,0
m012498,c_maya,to,0
m012499,c_fac_011,to,0
m012500,c_maya,to,0
m012501,c_fac_012,to,0
m012502,c_maya,to,0
m012503,c_fac_013,to,0
m012504,c_maya,to,0
m012505,c_fac_014,to,0
m012506,c_maya,to,0
m012507,c_fac_015,to,0
m012508,c_maya,to,0
m012509,c_fac_016,to,0
m012510,c_maya,to,0
m012511,c_fac_017,to,0
m012512,c_maya,to,0
m012513,c_noah,to,0
m012513,c_elena,to,1
m012513,c_taylor,to,2
m012513,c_chris,cc,3
m012514,c_maya,to,0
m012515,c_noah,to,0
m012515,c_elena,to,1
m012515,c_taylor,to,2
m012515,c_chris,cc,3
m012516,c_maya,to,0
m012517,c_noah,to,0
m012517,c_elena,to,1
m012517,c_taylor,to,2
m012517,c_chris,cc,3
m012518,c_maya,to,0
m012519,c_noah,to,0
m012519,c_elena,to,1
m012519,c_taylor,to,2
m012519,c_chris,cc,3
m012520,c_maya,to,0
m012521,c_noah,to,0
m012521,c_elena,to,1
m012521,c_taylor,to,2
m012521,c_chris,cc,3
m012522,c_maya,to,0
m012523,c_noah,to,0
m012523,c_elena,to,1
m012523,c_taylor,to,2
m012523,c_chris,cc,3
m012524,c_maya,to,0
m012525,c_noah,to,0
m012525,c_elena,to,1
m012525,c_taylor,to,2
m012525,c_chris,cc,3
m012526,c_maya,to,0
m012527,c_noah,to,0
m012527,c_elena,to,1
m012527,c_taylor,to,2
m012527,c_chris,cc,3
m012528,c_maya,to,0
m012529,c_noah,to,0
m012529,c_elena,to,1
m012529,c_taylor,to,2
m012529,c_chris,cc,3
m012530,c_maya,to,0
m012531,c_noah,to,0
m012531,c_elena,to,1
m012531,c_taylor,to,2
m012531,c_chris,cc,3
m012532,c_maya,to,0
m012533,c_noah,to,0
m012533,c_elena,to,1
m012533,c_taylor,to,2
m012533,c_chris,cc,3
m012534,c_maya,to,0
m012535,c_noah,to,0
m012535,c_elena,to,1
m012535,c_taylor,to,2
m012535,c_chris,cc,3
m012536,c_maya,to,0
m012537,c_noah,to,0
m012537,c_elena,to,1
m012537,c_taylor,to,2
m012537,c_chris,cc,3
m012538,c_maya,to,0
m012539,c_noah,to,0
m012539,c_elena,to,1
m012539,c_taylor,to,2
m012539,c_chris,cc,3
m012540,c_maya,to,0
m012541,c_noah,to,0
m012541,c_elena,to,1
m012541,c_taylor,to,2
m012541,c_chris,cc,3
m012542,c_maya,to,0
m012543,c_noah,to,0
m012543,c_elena,to,1
m012543,c_taylor,to,2
m012543,c_chris,cc,3
m012544,c_maya,to,0
m012545,c_noah,to,0
m012545,c_elena,to,1
m012545,c_taylor,to,2
m012545,c_chris,cc,3
m012546,c_maya,to,0
m012547,c_noah,to,0
m012547,c_elena,to,1
m012547,c_taylor,to,2
m012547,c_chris,cc,3
m012548,c_maya,to,0
m012549,c_noah,to,0
m012549,c_elena,to,1
m012549,c_taylor,to,2
m012549,c_chris,cc,3
m012550,c_maya,to,0
m012551,c_noah,to,0
m012551,c_elena,to,1
m012551,c_taylor,to,2
m012551,c_chris,cc,3
m012552,c_maya,to,0
m012553,c_noah,to,0
m012553,c_elena,to,1
m012553,c_taylor,to,2
m012553,c_chris,cc,3
m012554,c_maya,to,0
m012555,c_noah,to,0
m012555,c_elena,to,1
m012555,c_taylor,to,2
m012555,c_chris,cc,3
m012556,c_maya,to,0
m012557,c_noah,to,0
m012557,c_elena,to,1
m012557,c_taylor,to,2
m012557,c_chris,cc,3
m012558,c_maya,to,0
m012559,c_noah,to,0
m012559,c_elena,to,1
m012559,c_taylor,to,2
m012559,c_chris,cc,3
m012560,c_maya,to,0
m012561,c_noah,to,0
m012561,c_elena,to,1
m012561,c_taylor,to,2
m012561,c_chris,cc,3
m012562,c_maya,to,0
m012563,c_noah,to,0
m012563,c_elena,to,1
m012563,c_taylor,to,2
m012563,c_chris,cc,3
m012564,c_maya,to,0
m012565,c_noah,to,0
m012565,c_elena,to,1
m012565,c_taylor,to,2
m012565,c_chris,cc,3
m012566,c_maya,to,0
m012567,c_noah,to,0
m012567,c_elena,to,1
m012567,c_taylor,to,2
m012567,c_chris,cc,3
m012568,c_maya,to,0
m012569,c_noah,to,0
m012569,c_elena,to,1
m012569,c_taylor,to,2
m012569,c_chris,cc,3
m012570,c_maya,to,0
m012571,c_noah,to,0
m012571,c_elena,to,1
m012571,c_taylor,to,2
m012571,c_chris,cc,3
m012572,c_maya,to,0
m012573,c_noah,to,0
m012573,c_elena,to,1
m012573,c_taylor,to,2
m012573,c_chris,cc,3
m012574,c_maya,to,0
m012575,c_noah,to,0
m012575,c_elena,to,1
m012575,c_taylor,to,2
m012575,c_chris,cc,3
m012576,c_maya,to,0
m012577,c_noah,to,0
m012577,c_elena,to,1
m012577,c_taylor,to,2
m012577,c_chris,cc,3
m012578,c_maya,to,0
m012579,c_noah,to,0
m012579,c_elena,to,1
m012579,c_taylor,to,2
m012579,c_chris,cc,3
m012580,c_maya,to,0
m012581,c_noah,to,0
m012581,c_elena,to,1
m012581,c_taylor,to,2
m012581,c_chris,cc,3
m012582,c_maya,to,0
m012583,c_noah,to,0
m012583,c_elena,to,1
m012583,c_taylor,to,2
m012583,c_chris,cc,3
m012584,c_maya,to,0
m012585,c_noah,to,0
m012585,c_elena,to,1
m012585,c_taylor,to,2
m012585,c_chris,cc,3
m012586,c_maya,to,0
m012587,c_noah,to,0
m012587,c_elena,to,1
m012587,c_taylor,to,2
m012587,c_chris,cc,3
m012588,c_maya,to,0
m012589,c_noah,to,0
m012589,c_elena,to,1
m012589,c_taylor,to,2
m012589,c_chris,cc,3
m012590,c_maya,to,0
m012591,c_noah,to,0
m012591,c_elena,to,1
m012591,c_taylor,to,2
m012591,c_chris,cc,3
m012592,c_maya,to,0
m012593,c_chris,to,0
m012593,c_noah,to,1
m012593,c_elena,to,2
m012593,c_marcus,cc,3
m012594,c_maya,to,0
m012595,c_chris,to,0
m012595,c_noah,to,1
m012595,c_elena,to,2
m012595,c_marcus,cc,3
m012596,c_maya,to,0
m012597,c_chris,to,0
m012597,c_noah,to,1
m012597,c_elena,to,2
m012597,c_marcus,cc,3
m012598,c_maya,to,0
m012599,c_chris,to,0
m012599,c_noah,to,1
m012599,c_elena,to,2
m012599,c_marcus,cc,3
m012600,c_maya,to,0
m012601,c_priya,to,0
m012601,c_quinn,cc,1
m012602,c_maya,to,0
m012603,c_priya,to,0
m012603,c_quinn,cc,1
m012604,c_maya,to,0
m012605,c_priya,to,0
m012605,c_quinn,cc,1
m012606,c_maya,to,0
m012607,c_priya,to,0
m012607,c_quinn,cc,1
m012608,c_maya,to,0
m012609,c_priya,to,0
m012609,c_quinn,cc,1
m012610,c_maya,to,0
m012611,c_priya,to,0
m012611,c_quinn,cc,1
m012612,c_maya,to,0
m012613,c_elena,to,0
m012613,c_taylor,to,1
m012613,c_lena,to,2
m012614,c_noah,to,0
m012615,c_elena,to,0
m012615,c_taylor,to,1
m012615,c_lena,to,2
m012616,c_noah,to,0
m012617,c_elena,to,0
m012617,c_taylor,to,1
m012617,c_lena,to,2
m012618,c_noah,to,0
m012619,c_elena,to,0
m012619,c_taylor,to,1
m012619,c_lena,to,2
m012620,c_noah,to,0
m012621,c_elena,to,0
m012621,c_taylor,to,1
m012621,c_lena,to,2
m012622,c_noah,to,0
m012623,c_elena,to,0
m012623,c_taylor,to,1
m012623,c_lena,to,2
m012624,c_noah,to,0
m012625,c_noah,to,0
m012625,c_taylor,to,1
m012625,c_chris,cc,2
m012626,c_elena,to,0
m012627,c_noah,to,0
m012627,c_taylor,to,1
m012627,c_chris,cc,2
m012628,c_elena,to,0
m012629,c_noah,to,0
m012629,c_taylor,to,1
m012629,c_chris,cc,2
m012630,c_elena,to,0
m012631,c_noah,to,0
m012631,c_taylor,to,1
m012631,c_chris,cc,2
m012632,c_elena,to,0
m012633,c_noah,to,0
m012634,c_taylor,to,0
m012635,c_noah,to,0
m012636,c_taylor,to,0
m012637,c_avery,to,0
m012637,c_devon,to,1
m012638,c_alex_chan,to,0
m012639,c_avery,to,0
m012639,c_devon,to,1
m012640,c_alex_chan,to,0
m012641,c_maya,to,0
m012642,c_alex_chen,to,0
m012643,c_quinn,to,0
m012644,c_priya,to,0
m012645,c_marcus,to,0
m012646,c_chris,to,0
m012647,c_marcus,to,0
m012648,c_chris,to,0
m012649,c_hana,to,0
m012650,c_sam,to,0
m012651,c_alex_chan,to,0
m012652,c_maya,to,0
m012653,c_alex_chan,to,0
m012654,c_maya,to,0
m012655,c_alex_chan,to,0
m012656,c_maya,to,0
m012657,c_alex_chan,to,0
m012658,c_maya,to,0
m012659,c_alex_chan,to,0
m012660,c_maya,to,0
m012661,c_alex_chan,to,0
m012662,c_maya,to,0
m012663,c_jamie_lee,to,0
m012664,c_maya,to,0
m012665,c_jamie_lee,to,0
m012666,c_maya,to,0
m012667,c_jamie_lee,to,0
m012668,c_maya,to,0
m012669,c_jamie_lee,to,0
m012670,c_maya,to,0
m012671,c_jamie_lee,to,0
m012672,c_maya,to,0
m012673,c_jamie_lee,to,0
m012674,c_maya,to,0
m012675,c_morgan_shaw,to,0
m012676,c_maya,to,0
m012677,c_morgan_shaw,to,0
m012678,c_maya,to,0
m012679,c_morgan_shaw,to,0
m012680,c_maya,to,0
m012681,c_morgan_shaw,to,0
m012682,c_maya,to,0
m012683,c_morgan_shaw,to,0
m012684,c_maya,to,0
m012685,c_morgan_shaw,to,0
m012686,c_maya,to,0
m012687,c_alex_chen,to,0
m012688,c_maya,to,0
m012689,c_alex_chen,to,0
m012690,c_maya,to,0
m012691,c_alex_chen,to,0
m012692,c_maya,to,0
m012693,c_alex_chen,to,0
m012694,c_maya,to,0
m012695,c_jamie_li,to,0
m012696,c_maya,to,0
m012697,c_jamie_li,to,0
m012698,c_maya,to,0
m012699,c_jamie_li,to,0
m012700,c_maya,to,0
m012701,c_jamie_li,to,0
m012702,c_maya,to,0
m012703,c_morgan_zhao,to,0
m012704,c_maya,to,0
m012705,c_morgan_zhao,to,0
m012706,c_maya,to,0
m012707,c_morgan_zhao,to,0
m012708,c_maya,to,0
m012709,c_morgan_zhao,to,0
m012710,c_maya,to,0
m012711,c_lee,to,0
m012712,c_maya,to,0
m012713,c_lee,to,0
m012714,c_maya,to,0
m012715,c_lee,to,0
m012716,c_maya,to,0
m012717,c_lee,to,0
m012718,c_maya,to,0
m012719,c_lee,to,0
m012720,c_maya,to,0
m012721,c_lee,to,0
m012722,c_maya,to,0
m012723,c_pat,to,0
m012724,c_maya,to,0
m012725,c_pat,to,0
m012726,c_maya,to,0
m012727,c_pat,to,0
m012728,c_maya,to,0
m012729,c_pat,to,0
m012730,c_maya,to,0
m012731,c_pat,to,0
m012732,c_maya,to,0
m012733,c_pat,to,0
m012734,c_maya,to,0
m012735,c_ren,to,0
m012736,c_maya,to,0
m012737,c_ren,to,0
m012738,c_maya,to,0
m012739,c_ren,to,0
m012740,c_maya,to,0
m012741,c_ren,to,0
m012742,c_maya,to,0
m012743,c_ren,to,0
m012744,c_maya,to,0
m012745,c_ren,to,0
m012746,c_maya,to,0
m012747,c_sam,to,0
m012748,c_maya,to,0
m012749,c_hana,to,0
m012750,c_maya,to,0
m012751,c_fac_001,to,0
m012752,c_maya,to,0
m012753,c_fac_002,to,0
m012754,c_maya,to,0
m012755,c_fac_003,to,0
m012756,c_maya,to,0
m012757,c_fac_004,to,0
m012758,c_maya,to,0
m012759,c_fac_005,to,0
m012760,c_maya,to,0
m012761,c_fac_006,to,0
m012762,c_maya,to,0
m012763,c_fac_007,to,0
m012764,c_maya,to,0
m012765,c_fac_008,to,0
m012766,c_maya,to,0
m012767,c_fac_009,to,0
m012768,c_maya,to,0
m012769,c_fac_010,to,0
m012770,c_maya,to,0
m012771,c_fac_011,to,0
m012772,c_maya,to,0
m012773,c_fac_012,to,0
m012774,c_maya,to,0
m012775,c_fac_013,to,0
m012776,c_maya,to,0
m012777,c_fac_014,to,0
m012778,c_maya,to,0
m012779,c_fac_015,to,0
m012780,c_maya,to,0
m012781,c_fac_016,to,0
m012782,c_maya,to,0
m012783,c_fac_017,to,0
m012784,c_maya,to,0
m012785,c_noah,to,0
m012785,c_elena,to,1
m012785,c_taylor,to,2
m012785,c_chris,cc,3
m012786,c_maya,to,0
m012787,c_noah,to,0
m012787,c_elena,to,1
m012787,c_taylor,to,2
m012787,c_chris,cc,3
m012788,c_maya,to,0
m012789,c_noah,to,0
m012789,c_elena,to,1
m012789,c_taylor,to,2
m012789,c_chris,cc,3
m012790,c_maya,to,0
m012791,c_noah,to,0
m012791,c_elena,to,1
m012791,c_taylor,to,2
m012791,c_chris,cc,3
m012792,c_maya,to,0
m012793,c_noah,to,0
m012793,c_elena,to,1
m012793,c_taylor,to,2
m012793,c_chris,cc,3
m012794,c_maya,to,0
m012795,c_noah,to,0
m012795,c_elena,to,1
m012795,c_taylor,to,2
m012795,c_chris,cc,3
m012796,c_maya,to,0
m012797,c_noah,to,0
m012797,c_elena,to,1
m012797,c_taylor,to,2
m012797,c_chris,cc,3
m012798,c_maya,to,0
m012799,c_noah,to,0
m012799,c_elena,to,1
m012799,c_taylor,to,2
m012799,c_chris,cc,3
m012800,c_maya,to,0
m012801,c_noah,to,0
m012801,c_elena,to,1
m012801,c_taylor,to,2
m012801,c_chris,cc,3
m012802,c_maya,to,0
m012803,c_noah,to,0
m012803,c_elena,to,1
m012803,c_taylor,to,2
m012803,c_chris,cc,3
m012804,c_maya,to,0
m012805,c_noah,to,0
m012805,c_elena,to,1
m012805,c_taylor,to,2
m012805,c_chris,cc,3
m012806,c_maya,to,0
m012807,c_noah,to,0
m012807,c_elena,to,1
m012807,c_taylor,to,2
m012807,c_chris,cc,3
m012808,c_maya,to,0
m012809,c_noah,to,0
m012809,c_elena,to,1
m012809,c_taylor,to,2
m012809,c_chris,cc,3
m012810,c_maya,to,0
m012811,c_noah,to,0
m012811,c_elena,to,1
m012811,c_taylor,to,2
m012811,c_chris,cc,3
m012812,c_maya,to,0
m012813,c_noah,to,0
m012813,c_elena,to,1
m012813,c_taylor,to,2
m012813,c_chris,cc,3
m012814,c_maya,to,0
m012815,c_noah,to,0
m012815,c_elena,to,1
m012815,c_taylor,to,2
m012815,c_chris,cc,3
m012816,c_maya,to,0
m012817,c_noah,to,0
m012817,c_elena,to,1
m012817,c_taylor,to,2
m012817,c_chris,cc,3
m012818,c_maya,to,0
m012819,c_noah,to,0
m012819,c_elena,to,1
m012819,c_taylor,to,2
m012819,c_chris,cc,3
m012820,c_maya,to,0
m012821,c_noah,to,0
m012821,c_elena,to,1
m012821,c_taylor,to,2
m012821,c_chris,cc,3
m012822,c_maya,to,0
m012823,c_noah,to,0
m012823,c_elena,to,1
m012823,c_taylor,to,2
m012823,c_chris,cc,3
m012824,c_maya,to,0
m012825,c_noah,to,0
m012825,c_elena,to,1
m012825,c_taylor,to,2
m012825,c_chris,cc,3
m012826,c_maya,to,0
m012827,c_noah,to,0
m012827,c_elena,to,1
m012827,c_taylor,to,2
m012827,c_chris,cc,3
m012828,c_maya,to,0
m012829,c_noah,to,0
m012829,c_elena,to,1
m012829,c_taylor,to,2
m012829,c_chris,cc,3
m012830,c_maya,to,0
m012831,c_noah,to,0
m012831,c_elena,to,1
m012831,c_taylor,to,2
m012831,c_chris,cc,3
m012832,c_maya,to,0
m012833,c_noah,to,0
m012833,c_elena,to,1
m012833,c_taylor,to,2
m012833,c_chris,cc,3
m012834,c_maya,to,0
m012835,c_noah,to,0
m012835,c_elena,to,1
m012835,c_taylor,to,2
m012835,c_chris,cc,3
m012836,c_maya,to,0
m012837,c_noah,to,0
m012837,c_elena,to,1
m012837,c_taylor,to,2
m012837,c_chris,cc,3
m012838,c_maya,to,0
m012839,c_noah,to,0
m012839,c_elena,to,1
m012839,c_taylor,to,2
m012839,c_chris,cc,3
m012840,c_maya,to,0
m012841,c_noah,to,0
m012841,c_elena,to,1
m012841,c_taylor,to,2
m012841,c_chris,cc,3
m012842,c_maya,to,0
m012843,c_noah,to,0
m012843,c_elena,to,1
m012843,c_taylor,to,2
m012843,c_chris,cc,3
m012844,c_maya,to,0
m012845,c_noah,to,0
m012845,c_elena,to,1
m012845,c_taylor,to,2
m012845,c_chris,cc,3
m012846,c_maya,to,0
m012847,c_noah,to,0
m012847,c_elena,to,1
m012847,c_taylor,to,2
m012847,c_chris,cc,3
m012848,c_maya,to,0
m012849,c_noah,to,0
m012849,c_elena,to,1
m012849,c_taylor,to,2
m012849,c_chris,cc,3
m012850,c_maya,to,0
m012851,c_noah,to,0
m012851,c_elena,to,1
m012851,c_taylor,to,2
m012851,c_chris,cc,3
m012852,c_maya,to,0
m012853,c_noah,to,0
m012853,c_elena,to,1
m012853,c_taylor,to,2
m012853,c_chris,cc,3
m012854,c_maya,to,0
m012855,c_noah,to,0
m012855,c_elena,to,1
m012855,c_taylor,to,2
m012855,c_chris,cc,3
m012856,c_maya,to,0
m012857,c_noah,to,0
m012857,c_elena,to,1
m012857,c_taylor,to,2
m012857,c_chris,cc,3
m012858,c_maya,to,0
m012859,c_noah,to,0
m012859,c_elena,to,1
m012859,c_taylor,to,2
m012859,c_chris,cc,3
m012860,c_maya,to,0
m012861,c_noah,to,0
m012861,c_elena,to,1
m012861,c_taylor,to,2
m012861,c_chris,cc,3
m012862,c_maya,to,0
m012863,c_noah,to,0
m012863,c_elena,to,1
m012863,c_taylor,to,2
m012863,c_chris,cc,3
m012864,c_maya,to,0
m012865,c_chris,to,0
m012865,c_noah,to,1
m012865,c_elena,to,2
m012865,c_marcus,cc,3
m012866,c_maya,to,0
m012867,c_chris,to,0
m012867,c_noah,to,1
m012867,c_elena,to,2
m012867,c_marcus,cc,3
m012868,c_maya,to,0
m012869,c_chris,to,0
m012869,c_noah,to,1
m012869,c_elena,to,2
m012869,c_marcus,cc,3
m012870,c_maya,to,0
m012871,c_chris,to,0
m012871,c_noah,to,1
m012871,c_elena,to,2
m012871,c_marcus,cc,3
m012872,c_maya,to,0
m012873,c_priya,to,0
m012873,c_quinn,cc,1
m012874,c_maya,to,0
m012875,c_priya,to,0
m012875,c_quinn,cc,1
m012876,c_maya,to,0
m012877,c_priya,to,0
m012877,c_quinn,cc,1
m012878,c_maya,to,0
m012879,c_priya,to,0
m012879,c_quinn,cc,1
m012880,c_maya,to,0
m012881,c_priya,to,0
m012881,c_quinn,cc,1
m012882,c_maya,to,0
m012883,c_priya,to,0
m012883,c_quinn,cc,1
m012884,c_maya,to,0
m012885,c_elena,to,0
m012885,c_taylor,to,1
m012885,c_lena,to,2
m012886,c_noah,to,0
m012887,c_elena,to,0
m012887,c_taylor,to,1
m012887,c_lena,to,2
m012888,c_noah,to,0
m012889,c_elena,to,0
m012889,c_taylor,to,1
m012889,c_lena,to,2
m012890,c_noah,to,0
m012891,c_elena,to,0
m012891,c_taylor,to,1
m012891,c_lena,to,2
m012892,c_noah,to,0
m012893,c_elena,to,0
m012893,c_taylor,to,1
m012893,c_lena,to,2
m012894,c_noah,to,0
m012895,c_elena,to,0
m012895,c_taylor,to,1
m012895,c_lena,to,2
m012896,c_noah,to,0
m012897,c_noah,to,0
m012897,c_taylor,to,1
m012897,c_chris,cc,2
m012898,c_elena,to,0
m012899,c_noah,to,0
m012899,c_taylor,to,1
m012899,c_chris,cc,2
m012900,c_elena,to,0
m012901,c_noah,to,0
m012901,c_taylor,to,1
m012901,c_chris,cc,2
m012902,c_elena,to,0
m012903,c_noah,to,0
m012903,c_taylor,to,1
m012903,c_chris,cc,2
m012904,c_elena,to,0
m012905,c_noah,to,0
m012906,c_taylor,to,0
m012907,c_noah,to,0
m012908,c_taylor,to,0
m012909,c_avery,to,0
m012909,c_devon,to,1
m012910,c_alex_chan,to,0
m012911,c_avery,to,0
m012911,c_devon,to,1
m012912,c_alex_chan,to,0
m012913,c_maya,to,0
m012914,c_alex_chen,to,0
m012915,c_quinn,to,0
m012916,c_priya,to,0
m012917,c_marcus,to,0
m012918,c_chris,to,0
m012919,c_marcus,to,0
m012920,c_chris,to,0
m012921,c_hana,to,0
m012922,c_sam,to,0
m012923,c_alex_chan,to,0
m012924,c_maya,to,0
m012925,c_alex_chan,to,0
m012926,c_maya,to,0
m012927,c_alex_chan,to,0
m012928,c_maya,to,0
m012929,c_alex_chan,to,0
m012930,c_maya,to,0
m012931,c_alex_chan,to,0
m012932,c_maya,to,0
m012933,c_alex_chan,to,0
m012934,c_maya,to,0
m012935,c_jamie_lee,to,0
m012936,c_maya,to,0
m012937,c_jamie_lee,to,0
m012938,c_maya,to,0
m012939,c_jamie_lee,to,0
m012940,c_maya,to,0
m012941,c_jamie_lee,to,0
m012942,c_maya,to,0
m012943,c_jamie_lee,to,0
m012944,c_maya,to,0
m012945,c_jamie_lee,to,0
m012946,c_maya,to,0
m012947,c_morgan_shaw,to,0
m012948,c_maya,to,0
m012949,c_morgan_shaw,to,0
m012950,c_maya,to,0
m012951,c_morgan_shaw,to,0
m012952,c_maya,to,0
m012953,c_morgan_shaw,to,0
m012954,c_maya,to,0
m012955,c_morgan_shaw,to,0
m012956,c_maya,to,0
m012957,c_morgan_shaw,to,0
m012958,c_maya,to,0
m012959,c_alex_chen,to,0
m012960,c_maya,to,0
m012961,c_alex_chen,to,0
m012962,c_maya,to,0
m012963,c_alex_chen,to,0
m012964,c_maya,to,0
m012965,c_alex_chen,to,0
m012966,c_maya,to,0
m012967,c_jamie_li,to,0
m012968,c_maya,to,0
m012969,c_jamie_li,to,0
m012970,c_maya,to,0
m012971,c_jamie_li,to,0
m012972,c_maya,to,0
m012973,c_jamie_li,to,0
m012974,c_maya,to,0
m012975,c_morgan_zhao,to,0
m012976,c_maya,to,0
m012977,c_morgan_zhao,to,0
m012978,c_maya,to,0
m012979,c_morgan_zhao,to,0
m012980,c_maya,to,0
m012981,c_morgan_zhao,to,0
m012982,c_maya,to,0
m012983,c_lee,to,0
m012984,c_maya,to,0
m012985,c_lee,to,0
m012986,c_maya,to,0
m012987,c_lee,to,0
m012988,c_maya,to,0
m012989,c_lee,to,0
m012990,c_maya,to,0
m012991,c_lee,to,0
m012992,c_maya,to,0
m012993,c_lee,to,0
m012994,c_maya,to,0
m012995,c_pat,to,0
m012996,c_maya,to,0
m012997,c_pat,to,0
m012998,c_maya,to,0
m012999,c_pat,to,0
m013000,c_maya,to,0
m013001,c_pat,to,0
m013002,c_maya,to,0
m013003,c_pat,to,0
m013004,c_maya,to,0
m013005,c_pat,to,0
m013006,c_maya,to,0
m013007,c_ren,to,0
m013008,c_maya,to,0
m013009,c_ren,to,0
m013010,c_maya,to,0
m013011,c_ren,to,0
m013012,c_maya,to,0
m013013,c_ren,to,0
m013014,c_maya,to,0
m013015,c_ren,to,0
m013016,c_maya,to,0
m013017,c_ren,to,0
m013018,c_maya,to,0
m013019,c_sam,to,0
m013020,c_maya,to,0
m013021,c_hana,to,0
m013022,c_maya,to,0
m013023,c_fac_001,to,0
m013024,c_maya,to,0
m013025,c_fac_002,to,0
m013026,c_maya,to,0
m013027,c_fac_003,to,0
m013028,c_maya,to,0
m013029,c_fac_004,to,0
m013030,c_maya,to,0
m013031,c_fac_005,to,0
m013032,c_maya,to,0
m013033,c_fac_006,to,0
m013034,c_maya,to,0
m013035,c_fac_007,to,0
m013036,c_maya,to,0
m013037,c_fac_008,to,0
m013038,c_maya,to,0
m013039,c_fac_009,to,0
m013040,c_maya,to,0
m013041,c_fac_010,to,0
m013042,c_maya,to,0
m013043,c_fac_011,to,0
m013044,c_maya,to,0
m013045,c_fac_012,to,0
m013046,c_maya,to,0
m013047,c_fac_013,to,0
m013048,c_maya,to,0
m013049,c_fac_014,to,0
m013050,c_maya,to,0
m013051,c_fac_015,to,0
m013052,c_maya,to,0
m013053,c_fac_016,to,0
m013054,c_maya,to,0
m013055,c_fac_017,to,0
m013056,c_maya,to,0
m013057,c_noah,to,0
m013057,c_elena,to,1
m013057,c_taylor,to,2
m013057,c_chris,cc,3
m013058,c_maya,to,0
m013059,c_noah,to,0
m013059,c_elena,to,1
m013059,c_taylor,to,2
m013059,c_chris,cc,3
m013060,c_maya,to,0
m013061,c_noah,to,0
m013061,c_elena,to,1
m013061,c_taylor,to,2
m013061,c_chris,cc,3
m013062,c_maya,to,0
m013063,c_noah,to,0
m013063,c_elena,to,1
m013063,c_taylor,to,2
m013063,c_chris,cc,3
m013064,c_maya,to,0
m013065,c_noah,to,0
m013065,c_elena,to,1
m013065,c_taylor,to,2
m013065,c_chris,cc,3
m013066,c_maya,to,0
m013067,c_noah,to,0
m013067,c_elena,to,1
m013067,c_taylor,to,2
m013067,c_chris,cc,3
m013068,c_maya,to,0
m013069,c_noah,to,0
m013069,c_elena,to,1
m013069,c_taylor,to,2
m013069,c_chris,cc,3
m013070,c_maya,to,0
m013071,c_noah,to,0
m013071,c_elena,to,1
m013071,c_taylor,to,2
m013071,c_chris,cc,3
m013072,c_maya,to,0
m013073,c_noah,to,0
m013073,c_elena,to,1
m013073,c_taylor,to,2
m013073,c_chris,cc,3
m013074,c_maya,to,0
m013075,c_noah,to,0
m013075,c_elena,to,1
m013075,c_taylor,to,2
m013075,c_chris,cc,3
m013076,c_maya,to,0
m013077,c_noah,to,0
m013077,c_elena,to,1
m013077,c_taylor,to,2
m013077,c_chris,cc,3
m013078,c_maya,to,0
m013079,c_noah,to,0
m013079,c_elena,to,1
m013079,c_taylor,to,2
m013079,c_chris,cc,3
m013080,c_maya,to,0
m013081,c_noah,to,0
m013081,c_elena,to,1
m013081,c_taylor,to,2
m013081,c_chris,cc,3
m013082,c_maya,to,0
m013083,c_noah,to,0
m013083,c_elena,to,1
m013083,c_taylor,to,2
m013083,c_chris,cc,3
m013084,c_maya,to,0
m013085,c_noah,to,0
m013085,c_elena,to,1
m013085,c_taylor,to,2
m013085,c_chris,cc,3
m013086,c_maya,to,0
m013087,c_noah,to,0
m013087,c_elena,to,1
m013087,c_taylor,to,2
m013087,c_chris,cc,3
m013088,c_maya,to,0
m013089,c_noah,to,0
m013089,c_elena,to,1
m013089,c_taylor,to,2
m013089,c_chris,cc,3
m013090,c_maya,to,0
m013091,c_noah,to,0
m013091,c_elena,to,1
m013091,c_taylor,to,2
m013091,c_chris,cc,3
m013092,c_maya,to,0
m013093,c_noah,to,0
m013093,c_elena,to,1
m013093,c_taylor,to,2
m013093,c_chris,cc,3
m013094,c_maya,to,0
m013095,c_noah,to,0
m013095,c_elena,to,1
m013095,c_taylor,to,2
m013095,c_chris,cc,3
m013096,c_maya,to,0
m013097,c_noah,to,0
m013097,c_elena,to,1
m013097,c_taylor,to,2
m013097,c_chris,cc,3
m013098,c_maya,to,0
m013099,c_noah,to,0
m013099,c_elena,to,1
m013099,c_taylor,to,2
m013099,c_chris,cc,3
m013100,c_maya,to,0
m013101,c_noah,to,0
m013101,c_elena,to,1
m013101,c_taylor,to,2
m013101,c_chris,cc,3
m013102,c_maya,to,0
m013103,c_noah,to,0
m013103,c_elena,to,1
m013103,c_taylor,to,2
m013103,c_chris,cc,3
m013104,c_maya,to,0
m013105,c_noah,to,0
m013105,c_elena,to,1
m013105,c_taylor,to,2
m013105,c_chris,cc,3
m013106,c_maya,to,0
m013107,c_noah,to,0
m013107,c_elena,to,1
m013107,c_taylor,to,2
m013107,c_chris,cc,3
m013108,c_maya,to,0
m013109,c_noah,to,0
m013109,c_elena,to,1
m013109,c_taylor,to,2
m013109,c_chris,cc,3
m013110,c_maya,to,0
m013111,c_noah,to,0
m013111,c_elena,to,1
m013111,c_taylor,to,2
m013111,c_chris,cc,3
m013112,c_maya,to,0
m013113,c_noah,to,0
m013113,c_elena,to,1
m013113,c_taylor,to,2
m013113,c_chris,cc,3
m013114,c_maya,to,0
m013115,c_noah,to,0
m013115,c_elena,to,1
m013115,c_taylor,to,2
m013115,c_chris,cc,3
m013116,c_maya,to,0
m013117,c_noah,to,0
m013117,c_elena,to,1
m013117,c_taylor,to,2
m013117,c_chris,cc,3
m013118,c_maya,to,0
m013119,c_noah,to,0
m013119,c_elena,to,1
m013119,c_taylor,to,2
m013119,c_chris,cc,3
m013120,c_maya,to,0
m013121,c_noah,to,0
m013121,c_elena,to,1
m013121,c_taylor,to,2
m013121,c_chris,cc,3
m013122,c_maya,to,0
m013123,c_noah,to,0
m013123,c_elena,to,1
m013123,c_taylor,to,2
m013123,c_chris,cc,3
m013124,c_maya,to,0
m013125,c_noah,to,0
m013125,c_elena,to,1
m013125,c_taylor,to,2
m013125,c_chris,cc,3
m013126,c_maya,to,0
m013127,c_noah,to,0
m013127,c_elena,to,1
m013127,c_taylor,to,2
m013127,c_chris,cc,3
m013128,c_maya,to,0
m013129,c_noah,to,0
m013129,c_elena,to,1
m013129,c_taylor,to,2
m013129,c_chris,cc,3
m013130,c_maya,to,0
m013131,c_noah,to,0
m013131,c_elena,to,1
m013131,c_taylor,to,2
m013131,c_chris,cc,3
m013132,c_maya,to,0
m013133,c_noah,to,0
m013133,c_elena,to,1
m013133,c_taylor,to,2
m013133,c_chris,cc,3
m013134,c_maya,to,0
m013135,c_noah,to,0
m013135,c_elena,to,1
m013135,c_taylor,to,2
m013135,c_chris,cc,3
m013136,c_maya,to,0
m013137,c_chris,to,0
m013137,c_noah,to,1
m013137,c_elena,to,2
m013137,c_marcus,cc,3
m013138,c_maya,to,0
m013139,c_chris,to,0
m013139,c_noah,to,1
m013139,c_elena,to,2
m013139,c_marcus,cc,3
m013140,c_maya,to,0
m013141,c_chris,to,0
m013141,c_noah,to,1
m013141,c_elena,to,2
m013141,c_marcus,cc,3
m013142,c_maya,to,0
m013143,c_chris,to,0
m013143,c_noah,to,1
m013143,c_elena,to,2
m013143,c_marcus,cc,3
m013144,c_maya,to,0
m013145,c_priya,to,0
m013145,c_quinn,cc,1
m013146,c_maya,to,0
m013147,c_priya,to,0
m013147,c_quinn,cc,1
m013148,c_maya,to,0
m013149,c_priya,to,0
m013149,c_quinn,cc,1
m013150,c_maya,to,0
m013151,c_priya,to,0
m013151,c_quinn,cc,1
m013152,c_maya,to,0
m013153,c_priya,to,0
m013153,c_quinn,cc,1
m013154,c_maya,to,0
m013155,c_priya,to,0
m013155,c_quinn,cc,1
m013156,c_maya,to,0
m013157,c_elena,to,0
m013157,c_taylor,to,1
m013157,c_lena,to,2
m013158,c_noah,to,0
m013159,c_elena,to,0
m013159,c_taylor,to,1
m013159,c_lena,to,2
m013160,c_noah,to,0
m013161,c_elena,to,0
m013161,c_taylor,to,1
m013161,c_lena,to,2
m013162,c_noah,to,0
m013163,c_elena,to,0
m013163,c_taylor,to,1
m013163,c_lena,to,2
m013164,c_noah,to,0
m013165,c_elena,to,0
m013165,c_taylor,to,1
m013165,c_lena,to,2
m013166,c_noah,to,0
m013167,c_elena,to,0
m013167,c_taylor,to,1
m013167,c_lena,to,2
m013168,c_noah,to,0
m013169,c_noah,to,0
m013169,c_taylor,to,1
m013169,c_chris,cc,2
m013170,c_elena,to,0
m013171,c_noah,to,0
m013171,c_taylor,to,1
m013171,c_chris,cc,2
m013172,c_elena,to,0
m013173,c_noah,to,0
m013173,c_taylor,to,1
m013173,c_chris,cc,2
m013174,c_elena,to,0
m013175,c_noah,to,0
m013175,c_taylor,to,1
m013175,c_chris,cc,2
m013176,c_elena,to,0
m013177,c_noah,to,0
m013178,c_taylor,to,0
m013179,c_noah,to,0
m013180,c_taylor,to,0
m013181,c_avery,to,0
m013181,c_devon,to,1
m013182,c_alex_chan,to,0
m013183,c_avery,to,0
m013183,c_devon,to,1
m013184,c_alex_chan,to,0
m013185,c_maya,to,0
m013186,c_alex_chen,to,0
m013187,c_quinn,to,0
m013188,c_priya,to,0
m013189,c_marcus,to,0
m013190,c_chris,to,0
m013191,c_marcus,to,0
m013192,c_chris,to,0
m013193,c_hana,to,0
m013194,c_sam,to,0
m013195,c_alex_chan,to,0
m013196,c_maya,to,0
m013197,c_alex_chan,to,0
m013198,c_maya,to,0
m013199,c_alex_chan,to,0
m013200,c_maya,to,0
m013201,c_alex_chan,to,0
m013202,c_maya,to,0
m013203,c_alex_chan,to,0
m013204,c_maya,to,0
m013205,c_alex_chan,to,0
m013206,c_maya,to,0
m013207,c_jamie_lee,to,0
m013208,c_maya,to,0
m013209,c_jamie_lee,to,0
m013210,c_maya,to,0
m013211,c_jamie_lee,to,0
m013212,c_maya,to,0
m013213,c_jamie_lee,to,0
m013214,c_maya,to,0
m013215,c_jamie_lee,to,0
m013216,c_maya,to,0
m013217,c_jamie_lee,to,0
m013218,c_maya,to,0
m013219,c_morgan_shaw,to,0
m013220,c_maya,to,0
m013221,c_morgan_shaw,to,0
m013222,c_maya,to,0
m013223,c_morgan_shaw,to,0
m013224,c_maya,to,0
m013225,c_morgan_shaw,to,0
m013226,c_maya,to,0
m013227,c_morgan_shaw,to,0
m013228,c_maya,to,0
m013229,c_morgan_shaw,to,0
m013230,c_maya,to,0
m013231,c_alex_chen,to,0
m013232,c_maya,to,0
m013233,c_alex_chen,to,0
m013234,c_maya,to,0
m013235,c_alex_chen,to,0
m013236,c_maya,to,0
m013237,c_alex_chen,to,0
m013238,c_maya,to,0
m013239,c_jamie_li,to,0
m013240,c_maya,to,0
m013241,c_jamie_li,to,0
m013242,c_maya,to,0
m013243,c_jamie_li,to,0
m013244,c_maya,to,0
m013245,c_jamie_li,to,0
m013246,c_maya,to,0
m013247,c_morgan_zhao,to,0
m013248,c_maya,to,0
m013249,c_morgan_zhao,to,0
m013250,c_maya,to,0
m013251,c_morgan_zhao,to,0
m013252,c_maya,to,0
m013253,c_morgan_zhao,to,0
m013254,c_maya,to,0
m013255,c_lee,to,0
m013256,c_maya,to,0
m013257,c_lee,to,0
m013258,c_maya,to,0
m013259,c_lee,to,0
m013260,c_maya,to,0
m013261,c_lee,to,0
m013262,c_maya,to,0
m013263,c_lee,to,0
m013264,c_maya,to,0
m013265,c_lee,to,0
m013266,c_maya,to,0
m013267,c_pat,to,0
m013268,c_maya,to,0
m013269,c_pat,to,0
m013270,c_maya,to,0
m013271,c_pat,to,0
m013272,c_maya,to,0
m013273,c_pat,to,0
m013274,c_maya,to,0
m013275,c_pat,to,0
m013276,c_maya,to,0
m013277,c_pat,to,0
m013278,c_maya,to,0
m013279,c_ren,to,0
m013280,c_maya,to,0
m013281,c_ren,to,0
m013282,c_maya,to,0
m013283,c_ren,to,0
m013284,c_maya,to,0
m013285,c_ren,to,0
m013286,c_maya,to,0
m013287,c_ren,to,0
m013288,c_maya,to,0
m013289,c_ren,to,0
m013290,c_maya,to,0
m013291,c_sam,to,0
m013292,c_maya,to,0
m013293,c_hana,to,0
m013294,c_maya,to,0
m013295,c_fac_001,to,0
m013296,c_maya,to,0
m013297,c_fac_002,to,0
m013298,c_maya,to,0
m013299,c_fac_003,to,0
m013300,c_maya,to,0
m013301,c_fac_004,to,0
m013302,c_maya,to,0
m013303,c_fac_005,to,0
m013304,c_maya,to,0
m013305,c_fac_006,to,0
m013306,c_maya,to,0
m013307,c_fac_007,to,0
m013308,c_maya,to,0
m013309,c_fac_008,to,0
m013310,c_maya,to,0
m013311,c_fac_009,to,0
m013312,c_maya,to,0
m013313,c_fac_010,to,0
m013314,c_maya,to,0
m013315,c_fac_011,to,0
m013316,c_maya,to,0
m013317,c_fac_012,to,0
m013318,c_maya,to,0
m013319,c_fac_013,to,0
m013320,c_maya,to,0
m013321,c_fac_014,to,0
m013322,c_maya,to,0
m013323,c_fac_015,to,0
m013324,c_maya,to,0
m013325,c_fac_016,to,0
m013326,c_maya,to,0
m013327,c_fac_017,to,0
m013328,c_maya,to,0
m013329,c_noah,to,0
m013329,c_elena,to,1
m013329,c_taylor,to,2
m013329,c_chris,cc,3
m013330,c_maya,to,0
m013331,c_noah,to,0
m013331,c_elena,to,1
m013331,c_taylor,to,2
m013331,c_chris,cc,3
m013332,c_maya,to,0
m013333,c_noah,to,0
m013333,c_elena,to,1
m013333,c_taylor,to,2
m013333,c_chris,cc,3
m013334,c_maya,to,0
m013335,c_noah,to,0
m013335,c_elena,to,1
m013335,c_taylor,to,2
m013335,c_chris,cc,3
m013336,c_maya,to,0
m013337,c_noah,to,0
m013337,c_elena,to,1
m013337,c_taylor,to,2
m013337,c_chris,cc,3
m013338,c_maya,to,0
m013339,c_noah,to,0
m013339,c_elena,to,1
m013339,c_taylor,to,2
m013339,c_chris,cc,3
m013340,c_maya,to,0
m013341,c_noah,to,0
m013341,c_elena,to,1
m013341,c_taylor,to,2
m013341,c_chris,cc,3
m013342,c_maya,to,0
m013343,c_noah,to,0
m013343,c_elena,to,1
m013343,c_taylor,to,2
m013343,c_chris,cc,3
m013344,c_maya,to,0
m013345,c_noah,to,0
m013345,c_elena,to,1
m013345,c_taylor,to,2
m013345,c_chris,cc,3
m013346,c_maya,to,0
m013347,c_noah,to,0
m013347,c_elena,to,1
m013347,c_taylor,to,2
m013347,c_chris,cc,3
m013348,c_maya,to,0
m013349,c_noah,to,0
m013349,c_elena,to,1
m013349,c_taylor,to,2
m013349,c_chris,cc,3
m013350,c_maya,to,0
m013351,c_noah,to,0
m013351,c_elena,to,1
m013351,c_taylor,to,2
m013351,c_chris,cc,3
m013352,c_maya,to,0
m013353,c_noah,to,0
m013353,c_elena,to,1
m013353,c_taylor,to,2
m013353,c_chris,cc,3
m013354,c_maya,to,0
m013355,c_noah,to,0
m013355,c_elena,to,1
m013355,c_taylor,to,2
m013355,c_chris,cc,3
m013356,c_maya,to,0
m013357,c_noah,to,0
m013357,c_elena,to,1
m013357,c_taylor,to,2
m013357,c_chris,cc,3
m013358,c_maya,to,0
m013359,c_noah,to,0
m013359,c_elena,to,1
m013359,c_taylor,to,2
m013359,c_chris,cc,3
m013360,c_maya,to,0
m013361,c_noah,to,0
m013361,c_elena,to,1
m013361,c_taylor,to,2
m013361,c_chris,cc,3
m013362,c_maya,to,0
m013363,c_noah,to,0
m013363,c_elena,to,1
m013363,c_taylor,to,2
m013363,c_chris,cc,3
m013364,c_maya,to,0
m013365,c_noah,to,0
m013365,c_elena,to,1
m013365,c_taylor,to,2
m013365,c_chris,cc,3
m013366,c_maya,to,0
m013367,c_noah,to,0
m013367,c_elena,to,1
m013367,c_taylor,to,2
m013367,c_chris,cc,3
m013368,c_maya,to,0
m013369,c_noah,to,0
m013369,c_elena,to,1
m013369,c_taylor,to,2
m013369,c_chris,cc,3
m013370,c_maya,to,0
m013371,c_noah,to,0
m013371,c_elena,to,1
m013371,c_taylor,to,2
m013371,c_chris,cc,3
m013372,c_maya,to,0
m013373,c_noah,to,0
m013373,c_elena,to,1
m013373,c_taylor,to,2
m013373,c_chris,cc,3
m013374,c_maya,to,0
m013375,c_noah,to,0
m013375,c_elena,to,1
m013375,c_taylor,to,2
m013375,c_chris,cc,3
m013376,c_maya,to,0
m013377,c_noah,to,0
m013377,c_elena,to,1
m013377,c_taylor,to,2
m013377,c_chris,cc,3
m013378,c_maya,to,0
m013379,c_noah,to,0
m013379,c_elena,to,1
m013379,c_taylor,to,2
m013379,c_chris,cc,3
m013380,c_maya,to,0
m013381,c_noah,to,0
m013381,c_elena,to,1
m013381,c_taylor,to,2
m013381,c_chris,cc,3
m013382,c_maya,to,0
m013383,c_noah,to,0
m013383,c_elena,to,1
m013383,c_taylor,to,2
m013383,c_chris,cc,3
m013384,c_maya,to,0
m013385,c_noah,to,0
m013385,c_elena,to,1
m013385,c_taylor,to,2
m013385,c_chris,cc,3
m013386,c_maya,to,0
m013387,c_noah,to,0
m013387,c_elena,to,1
m013387,c_taylor,to,2
m013387,c_chris,cc,3
m013388,c_maya,to,0
m013389,c_noah,to,0
m013389,c_elena,to,1
m013389,c_taylor,to,2
m013389,c_chris,cc,3
m013390,c_maya,to,0
m013391,c_noah,to,0
m013391,c_elena,to,1
m013391,c_taylor,to,2
m013391,c_chris,cc,3
m013392,c_maya,to,0
m013393,c_noah,to,0
m013393,c_elena,to,1
m013393,c_taylor,to,2
m013393,c_chris,cc,3
m013394,c_maya,to,0
m013395,c_noah,to,0
m013395,c_elena,to,1
m013395,c_taylor,to,2
m013395,c_chris,cc,3
m013396,c_maya,to,0
m013397,c_noah,to,0
m013397,c_elena,to,1
m013397,c_taylor,to,2
m013397,c_chris,cc,3
m013398,c_maya,to,0
m013399,c_noah,to,0
m013399,c_elena,to,1
m013399,c_taylor,to,2
m013399,c_chris,cc,3
m013400,c_maya,to,0
m013401,c_noah,to,0
m013401,c_elena,to,1
m013401,c_taylor,to,2
m013401,c_chris,cc,3
m013402,c_maya,to,0
m013403,c_noah,to,0
m013403,c_elena,to,1
m013403,c_taylor,to,2
m013403,c_chris,cc,3
m013404,c_maya,to,0
m013405,c_noah,to,0
m013405,c_elena,to,1
m013405,c_taylor,to,2
m013405,c_chris,cc,3
m013406,c_maya,to,0
m013407,c_noah,to,0
m013407,c_elena,to,1
m013407,c_taylor,to,2
m013407,c_chris,cc,3
m013408,c_maya,to,0
m013409,c_chris,to,0
m013409,c_noah,to,1
m013409,c_elena,to,2
m013409,c_marcus,cc,3
m013410,c_maya,to,0
m013411,c_chris,to,0
m013411,c_noah,to,1
m013411,c_elena,to,2
m013411,c_marcus,cc,3
m013412,c_maya,to,0
m013413,c_chris,to,0
m013413,c_noah,to,1
m013413,c_elena,to,2
m013413,c_marcus,cc,3
m013414,c_maya,to,0
m013415,c_chris,to,0
m013415,c_noah,to,1
m013415,c_elena,to,2
m013415,c_marcus,cc,3
m013416,c_maya,to,0
m013417,c_priya,to,0
m013417,c_quinn,cc,1
m013418,c_maya,to,0
m013419,c_priya,to,0
m013419,c_quinn,cc,1
m013420,c_maya,to,0
m013421,c_priya,to,0
m013421,c_quinn,cc,1
m013422,c_maya,to,0
m013423,c_priya,to,0
m013423,c_quinn,cc,1
m013424,c_maya,to,0
m013425,c_priya,to,0
m013425,c_quinn,cc,1
m013426,c_maya,to,0
m013427,c_priya,to,0
m013427,c_quinn,cc,1
m013428,c_maya,to,0
m013429,c_elena,to,0
m013429,c_taylor,to,1
m013429,c_lena,to,2
m013430,c_noah,to,0
m013431,c_elena,to,0
m013431,c_taylor,to,1
m013431,c_lena,to,2
m013432,c_noah,to,0
m013433,c_elena,to,0
m013433,c_taylor,to,1
m013433,c_lena,to,2
m013434,c_noah,to,0
m013435,c_elena,to,0
m013435,c_taylor,to,1
m013435,c_lena,to,2
m013436,c_noah,to,0
m013437,c_elena,to,0
m013437,c_taylor,to,1
m013437,c_lena,to,2
m013438,c_noah,to,0
m013439,c_elena,to,0
m013439,c_taylor,to,1
m013439,c_lena,to,2
m013440,c_noah,to,0
m013441,c_noah,to,0
m013441,c_taylor,to,1
m013441,c_chris,cc,2
m013442,c_elena,to,0
m013443,c_noah,to,0
m013443,c_taylor,to,1
m013443,c_chris,cc,2
m013444,c_elena,to,0
m013445,c_noah,to,0
m013445,c_taylor,to,1
m013445,c_chris,cc,2
m013446,c_elena,to,0
m013447,c_noah,to,0
m013447,c_taylor,to,1
m013447,c_chris,cc,2
m013448,c_elena,to,0
m013449,c_noah,to,0
m013450,c_taylor,to,0
m013451,c_noah,to,0
m013452,c_taylor,to,0
m013453,c_avery,to,0
m013453,c_devon,to,1
m013454,c_alex_chan,to,0
m013455,c_avery,to,0
m013455,c_devon,to,1
m013456,c_alex_chan,to,0
m013457,c_maya,to,0
m013458,c_alex_chen,to,0
m013459,c_quinn,to,0
m013460,c_priya,to,0
m013461,c_marcus,to,0
m013462,c_chris,to,0
m013463,c_marcus,to,0
m013464,c_chris,to,0
m013465,c_hana,to,0
m013466,c_sam,to,0
m013467,c_alex_chan,to,0
m013468,c_maya,to,0
m013469,c_alex_chan,to,0
m013470,c_maya,to,0
m013471,c_alex_chan,to,0
m013472,c_maya,to,0
m013473,c_alex_chan,to,0
m013474,c_maya,to,0
m013475,c_alex_chan,to,0
m013476,c_maya,to,0
m013477,c_alex_chan,to,0
m013478,c_maya,to,0
m013479,c_jamie_lee,to,0
m013480,c_maya,to,0
m013481,c_jamie_lee,to,0
m013482,c_maya,to,0
m013483,c_jamie_lee,to,0
m013484,c_maya,to,0
m013485,c_jamie_lee,to,0
m013486,c_maya,to,0
m013487,c_jamie_lee,to,0
m013488,c_maya,to,0
m013489,c_jamie_lee,to,0
m013490,c_maya,to,0
m013491,c_morgan_shaw,to,0
m013492,c_maya,to,0
m013493,c_morgan_shaw,to,0
m013494,c_maya,to,0
m013495,c_morgan_shaw,to,0
m013496,c_maya,to,0
m013497,c_morgan_shaw,to,0
m013498,c_maya,to,0
m013499,c_morgan_shaw,to,0
m013500,c_maya,to,0
m013501,c_morgan_shaw,to,0
m013502,c_maya,to,0
m013503,c_alex_chen,to,0
m013504,c_maya,to,0
m013505,c_alex_chen,to,0
m013506,c_maya,to,0
m013507,c_alex_chen,to,0
m013508,c_maya,to,0
m013509,c_alex_chen,to,0
m013510,c_maya,to,0
m013511,c_jamie_li,to,0
m013512,c_maya,to,0
m013513,c_jamie_li,to,0
m013514,c_maya,to,0
m013515,c_jamie_li,to,0
m013516,c_maya,to,0
m013517,c_jamie_li,to,0
m013518,c_maya,to,0
m013519,c_morgan_zhao,to,0
m013520,c_maya,to,0
m013521,c_morgan_zhao,to,0
m013522,c_maya,to,0
m013523,c_morgan_zhao,to,0
m013524,c_maya,to,0
m013525,c_morgan_zhao,to,0
m013526,c_maya,to,0
m013527,c_lee,to,0
m013528,c_maya,to,0
m013529,c_lee,to,0
m013530,c_maya,to,0
m013531,c_lee,to,0
m013532,c_maya,to,0
m013533,c_lee,to,0
m013534,c_maya,to,0
m013535,c_lee,to,0
m013536,c_maya,to,0
m013537,c_lee,to,0
m013538,c_maya,to,0
m013539,c_pat,to,0
m013540,c_maya,to,0
m013541,c_pat,to,0
m013542,c_maya,to,0
m013543,c_pat,to,0
m013544,c_maya,to,0
m013545,c_pat,to,0
m013546,c_maya,to,0
m013547,c_pat,to,0
m013548,c_maya,to,0
m013549,c_pat,to,0
m013550,c_maya,to,0
m013551,c_ren,to,0
m013552,c_maya,to,0
m013553,c_ren,to,0
m013554,c_maya,to,0
m013555,c_ren,to,0
m013556,c_maya,to,0
m013557,c_ren,to,0
m013558,c_maya,to,0
m013559,c_ren,to,0
m013560,c_maya,to,0
m013561,c_ren,to,0
m013562,c_maya,to,0
m013563,c_sam,to,0
m013564,c_maya,to,0
m013565,c_hana,to,0
m013566,c_maya,to,0
m013567,c_fac_001,to,0
m013568,c_maya,to,0
m013569,c_fac_002,to,0
m013570,c_maya,to,0
m013571,c_fac_003,to,0
m013572,c_maya,to,0
m013573,c_fac_004,to,0
m013574,c_maya,to,0
m013575,c_fac_005,to,0
m013576,c_maya,to,0
m013577,c_fac_006,to,0
m013578,c_maya,to,0
m013579,c_fac_007,to,0
m013580,c_maya,to,0
m013581,c_fac_008,to,0
m013582,c_maya,to,0
m013583,c_fac_009,to,0
m013584,c_maya,to,0
m013585,c_fac_010,to,0
m013586,c_maya,to,0
m013587,c_fac_011,to,0
m013588,c_maya,to,0
m013589,c_fac_012,to,0
m013590,c_maya,to,0
m013591,c_fac_013,to,0
m013592,c_maya,to,0
m013593,c_fac_014,to,0
m013594,c_maya,to,0
m013595,c_fac_015,to,0
m013596,c_maya,to,0
m013597,c_fac_016,to,0
m013598,c_maya,to,0
m013599,c_fac_017,to,0
m013600,c_maya,to,0
m013601,c_noah,to,0
m013601,c_elena,to,1
m013601,c_taylor,to,2
m013601,c_chris,cc,3
m013602,c_maya,to,0
m013603,c_noah,to,0
m013603,c_elena,to,1
m013603,c_taylor,to,2
m013603,c_chris,cc,3
m013604,c_maya,to,0
m013605,c_noah,to,0
m013605,c_elena,to,1
m013605,c_taylor,to,2
m013605,c_chris,cc,3
m013606,c_maya,to,0
m013607,c_noah,to,0
m013607,c_elena,to,1
m013607,c_taylor,to,2
m013607,c_chris,cc,3
m013608,c_maya,to,0
m013609,c_noah,to,0
m013609,c_elena,to,1
m013609,c_taylor,to,2
m013609,c_chris,cc,3
m013610,c_maya,to,0
m013611,c_noah,to,0
m013611,c_elena,to,1
m013611,c_taylor,to,2
m013611,c_chris,cc,3
m013612,c_maya,to,0
m013613,c_noah,to,0
m013613,c_elena,to,1
m013613,c_taylor,to,2
m013613,c_chris,cc,3
m013614,c_maya,to,0
m013615,c_noah,to,0
m013615,c_elena,to,1
m013615,c_taylor,to,2
m013615,c_chris,cc,3
m013616,c_maya,to,0
m013617,c_noah,to,0
m013617,c_elena,to,1
m013617,c_taylor,to,2
m013617,c_chris,cc,3
m013618,c_maya,to,0
m013619,c_noah,to,0
m013619,c_elena,to,1
m013619,c_taylor,to,2
m013619,c_chris,cc,3
m013620,c_maya,to,0
m013621,c_noah,to,0
m013621,c_elena,to,1
m013621,c_taylor,to,2
m013621,c_chris,cc,3
m013622,c_maya,to,0
m013623,c_noah,to,0
m013623,c_elena,to,1
m013623,c_taylor,to,2
m013623,c_chris,cc,3
m013624,c_maya,to,0
m013625,c_noah,to,0
m013625,c_elena,to,1
m013625,c_taylor,to,2
m013625,c_chris,cc,3
m013626,c_maya,to,0
m013627,c_noah,to,0
m013627,c_elena,to,1
m013627,c_taylor,to,2
m013627,c_chris,cc,3
m013628,c_maya,to,0
m013629,c_noah,to,0
m013629,c_elena,to,1
m013629,c_taylor,to,2
m013629,c_chris,cc,3
m013630,c_maya,to,0
m013631,c_noah,to,0
m013631,c_elena,to,1
m013631,c_taylor,to,2
m013631,c_chris,cc,3
m013632,c_maya,to,0
m013633,c_noah,to,0
m013633,c_elena,to,1
m013633,c_taylor,to,2
m013633,c_chris,cc,3
m013634,c_maya,to,0
m013635,c_noah,to,0
m013635,c_elena,to,1
m013635,c_taylor,to,2
m013635,c_chris,cc,3
m013636,c_maya,to,0
m013637,c_noah,to,0
m013637,c_elena,to,1
m013637,c_taylor,to,2
m013637,c_chris,cc,3
m013638,c_maya,to,0
m013639,c_noah,to,0
m013639,c_elena,to,1
m013639,c_taylor,to,2
m013639,c_chris,cc,3
m013640,c_maya,to,0
m013641,c_noah,to,0
m013641,c_elena,to,1
m013641,c_taylor,to,2
m013641,c_chris,cc,3
m013642,c_maya,to,0
m013643,c_noah,to,0
m013643,c_elena,to,1
m013643,c_taylor,to,2
m013643,c_chris,cc,3
m013644,c_maya,to,0
m013645,c_noah,to,0
m013645,c_elena,to,1
m013645,c_taylor,to,2
m013645,c_chris,cc,3
m013646,c_maya,to,0
m013647,c_noah,to,0
m013647,c_elena,to,1
m013647,c_taylor,to,2
m013647,c_chris,cc,3
m013648,c_maya,to,0
m013649,c_noah,to,0
m013649,c_elena,to,1
m013649,c_taylor,to,2
m013649,c_chris,cc,3
m013650,c_maya,to,0
m013651,c_noah,to,0
m013651,c_elena,to,1
m013651,c_taylor,to,2
m013651,c_chris,cc,3
m013652,c_maya,to,0
m013653,c_noah,to,0
m013653,c_elena,to,1
m013653,c_taylor,to,2
m013653,c_chris,cc,3
m013654,c_maya,to,0
m013655,c_noah,to,0
m013655,c_elena,to,1
m013655,c_taylor,to,2
m013655,c_chris,cc,3
m013656,c_maya,to,0
m013657,c_noah,to,0
m013657,c_elena,to,1
m013657,c_taylor,to,2
m013657,c_chris,cc,3
m013658,c_maya,to,0
m013659,c_noah,to,0
m013659,c_elena,to,1
m013659,c_taylor,to,2
m013659,c_chris,cc,3
m013660,c_maya,to,0
m013661,c_noah,to,0
m013661,c_elena,to,1
m013661,c_taylor,to,2
m013661,c_chris,cc,3
m013662,c_maya,to,0
m013663,c_noah,to,0
m013663,c_elena,to,1
m013663,c_taylor,to,2
m013663,c_chris,cc,3
m013664,c_maya,to,0
m013665,c_noah,to,0
m013665,c_elena,to,1
m013665,c_taylor,to,2
m013665,c_chris,cc,3
m013666,c_maya,to,0
m013667,c_noah,to,0
m013667,c_elena,to,1
m013667,c_taylor,to,2
m013667,c_chris,cc,3
m013668,c_maya,to,0
m013669,c_noah,to,0
m013669,c_elena,to,1
m013669,c_taylor,to,2
m013669,c_chris,cc,3
m013670,c_maya,to,0
m013671,c_noah,to,0
m013671,c_elena,to,1
m013671,c_taylor,to,2
m013671,c_chris,cc,3
m013672,c_maya,to,0
m013673,c_noah,to,0
m013673,c_elena,to,1
m013673,c_taylor,to,2
m013673,c_chris,cc,3
m013674,c_maya,to,0
m013675,c_noah,to,0
m013675,c_elena,to,1
m013675,c_taylor,to,2
m013675,c_chris,cc,3
m013676,c_maya,to,0
m013677,c_noah,to,0
m013677,c_elena,to,1
m013677,c_taylor,to,2
m013677,c_chris,cc,3
m013678,c_maya,to,0
m013679,c_noah,to,0
m013679,c_elena,to,1
m013679,c_taylor,to,2
m013679,c_chris,cc,3
m013680,c_maya,to,0
m013681,c_chris,to,0
m013681,c_noah,to,1
m013681,c_elena,to,2
m013681,c_marcus,cc,3
m013682,c_maya,to,0
m013683,c_chris,to,0
m013683,c_noah,to,1
m013683,c_elena,to,2
m013683,c_marcus,cc,3
m013684,c_maya,to,0
m013685,c_chris,to,0
m013685,c_noah,to,1
m013685,c_elena,to,2
m013685,c_marcus,cc,3
m013686,c_maya,to,0
m013687,c_chris,to,0
m013687,c_noah,to,1
m013687,c_elena,to,2
m013687,c_marcus,cc,3
m013688,c_maya,to,0
m013689,c_priya,to,0
m013689,c_quinn,cc,1
m013690,c_maya,to,0
m013691,c_priya,to,0
m013691,c_quinn,cc,1
m013692,c_maya,to,0
m013693,c_priya,to,0
m013693,c_quinn,cc,1
m013694,c_maya,to,0
m013695,c_priya,to,0
m013695,c_quinn,cc,1
m013696,c_maya,to,0
m013697,c_priya,to,0
m013697,c_quinn,cc,1
m013698,c_maya,to,0
m013699,c_priya,to,0
m013699,c_quinn,cc,1
m013700,c_maya,to,0
m013701,c_elena,to,0
m013701,c_taylor,to,1
m013701,c_lena,to,2
m013702,c_noah,to,0
m013703,c_elena,to,0
m013703,c_taylor,to,1
m013703,c_lena,to,2
m013704,c_noah,to,0
m013705,c_elena,to,0
m013705,c_taylor,to,1
m013705,c_lena,to,2
m013706,c_noah,to,0
m013707,c_elena,to,0
m013707,c_taylor,to,1
m013707,c_lena,to,2
m013708,c_noah,to,0
m013709,c_elena,to,0
m013709,c_taylor,to,1
m013709,c_lena,to,2
m013710,c_noah,to,0
m013711,c_elena,to,0
m013711,c_taylor,to,1
m013711,c_lena,to,2
m013712,c_noah,to,0
m013713,c_noah,to,0
m013713,c_taylor,to,1
m013713,c_chris,cc,2
m013714,c_elena,to,0
m013715,c_noah,to,0
m013715,c_taylor,to,1
m013715,c_chris,cc,2
m013716,c_elena,to,0
m013717,c_noah,to,0
m013717,c_taylor,to,1
m013717,c_chris,cc,2
m013718,c_elena,to,0
m013719,c_noah,to,0
m013719,c_taylor,to,1
m013719,c_chris,cc,2
m013720,c_elena,to,0
m013721,c_noah,to,0
m013722,c_taylor,to,0
m013723,c_noah,to,0
m013724,c_taylor,to,0
m013725,c_avery,to,0
m013725,c_devon,to,1
m013726,c_alex_chan,to,0
m013727,c_avery,to,0
m013727,c_devon,to,1
m013728,c_alex_chan,to,0
m013729,c_maya,to,0
m013730,c_alex_chen,to,0
m013731,c_quinn,to,0
m013732,c_priya,to,0
m013733,c_marcus,to,0
m013734,c_chris,to,0
m013735,c_marcus,to,0
m013736,c_chris,to,0
m013737,c_hana,to,0
m013738,c_sam,to,0
m013739,c_alex_chan,to,0
m013740,c_maya,to,0
m013741,c_alex_chan,to,0
m013742,c_maya,to,0
m013743,c_alex_chan,to,0
m013744,c_maya,to,0
m013745,c_alex_chan,to,0
m013746,c_maya,to,0
m013747,c_alex_chan,to,0
m013748,c_maya,to,0
m013749,c_alex_chan,to,0
m013750,c_maya,to,0
m013751,c_jamie_lee,to,0
m013752,c_maya,to,0
m013753,c_jamie_lee,to,0
m013754,c_maya,to,0
m013755,c_jamie_lee,to,0
m013756,c_maya,to,0
m013757,c_jamie_lee,to,0
m013758,c_maya,to,0
m013759,c_jamie_lee,to,0
m013760,c_maya,to,0
m013761,c_jamie_lee,to,0
m013762,c_maya,to,0
m013763,c_morgan_shaw,to,0
m013764,c_maya,to,0
m013765,c_morgan_shaw,to,0
m013766,c_maya,to,0
m013767,c_morgan_shaw,to,0
m013768,c_maya,to,0
m013769,c_morgan_shaw,to,0
m013770,c_maya,to,0
m013771,c_morgan_shaw,to,0
m013772,c_maya,to,0
m013773,c_morgan_shaw,to,0
m013774,c_maya,to,0
m013775,c_alex_chen,to,0
m013776,c_maya,to,0
m013777,c_alex_chen,to,0
m013778,c_maya,to,0
m013779,c_alex_chen,to,0
m013780,c_maya,to,0
m013781,c_alex_chen,to,0
m013782,c_maya,to,0
m013783,c_jamie_li,to,0
m013784,c_maya,to,0
m013785,c_jamie_li,to,0
m013786,c_maya,to,0
m013787,c_jamie_li,to,0
m013788,c_maya,to,0
m013789,c_jamie_li,to,0
m013790,c_maya,to,0
m013791,c_morgan_zhao,to,0
m013792,c_maya,to,0
m013793,c_morgan_zhao,to,0
m013794,c_maya,to,0
m013795,c_morgan_zhao,to,0
m013796,c_maya,to,0
m013797,c_morgan_zhao,to,0
m013798,c_maya,to,0
m013799,c_lee,to,0
m013800,c_maya,to,0
m013801,c_lee,to,0
m013802,c_maya,to,0
m013803,c_lee,to,0
m013804,c_maya,to,0
m013805,c_lee,to,0
m013806,c_maya,to,0
m013807,c_lee,to,0
m013808,c_maya,to,0
m013809,c_lee,to,0
m013810,c_maya,to,0
m013811,c_pat,to,0
m013812,c_maya,to,0
m013813,c_pat,to,0
m013814,c_maya,to,0
m013815,c_pat,to,0
m013816,c_maya,to,0
m013817,c_pat,to,0
m013818,c_maya,to,0
m013819,c_pat,to,0
m013820,c_maya,to,0
m013821,c_pat,to,0
m013822,c_maya,to,0
m013823,c_ren,to,0
m013824,c_maya,to,0
m013825,c_ren,to,0
m013826,c_maya,to,0
m013827,c_ren,to,0
m013828,c_maya,to,0
m013829,c_ren,to,0
m013830,c_maya,to,0
m013831,c_ren,to,0
m013832,c_maya,to,0
m013833,c_ren,to,0
m013834,c_maya,to,0
m013835,c_sam,to,0
m013836,c_maya,to,0
m013837,c_hana,to,0
m013838,c_maya,to,0
m013839,c_fac_001,to,0
m013840,c_maya,to,0
m013841,c_fac_002,to,0
m013842,c_maya,to,0
m013843,c_fac_003,to,0
m013844,c_maya,to,0
m013845,c_fac_004,to,0
m013846,c_maya,to,0
m013847,c_fac_005,to,0
m013848,c_maya,to,0
m013849,c_fac_006,to,0
m013850,c_maya,to,0
m013851,c_fac_007,to,0
m013852,c_maya,to,0
m013853,c_fac_008,to,0
m013854,c_maya,to,0
m013855,c_fac_009,to,0
m013856,c_maya,to,0
m013857,c_fac_010,to,0
m013858,c_maya,to,0
m013859,c_fac_011,to,0
m013860,c_maya,to,0
m013861,c_fac_012,to,0
m013862,c_maya,to,0
m013863,c_fac_013,to,0
m013864,c_maya,to,0
m013865,c_fac_014,to,0
m013866,c_maya,to,0
m013867,c_fac_015,to,0
m013868,c_maya,to,0
m013869,c_fac_016,to,0
m013870,c_maya,to,0
m013871,c_fac_017,to,0
m013872,c_maya,to,0
m013873,c_noah,to,0
m013873,c_elena,to,1
m013873,c_taylor,to,2
m013873,c_chris,cc,3
m013874,c_maya,to,0
m013875,c_noah,to,0
m013875,c_elena,to,1
m013875,c_taylor,to,2
m013875,c_chris,cc,3
m013876,c_maya,to,0
m013877,c_noah,to,0
m013877,c_elena,to,1
m013877,c_taylor,to,2
m013877,c_chris,cc,3
m013878,c_maya,to,0
m013879,c_noah,to,0
m013879,c_elena,to,1
m013879,c_taylor,to,2
m013879,c_chris,cc,3
m013880,c_maya,to,0
m013881,c_noah,to,0
m013881,c_elena,to,1
m013881,c_taylor,to,2
m013881,c_chris,cc,3
m013882,c_maya,to,0
m013883,c_noah,to,0
m013883,c_elena,to,1
m013883,c_taylor,to,2
m013883,c_chris,cc,3
m013884,c_maya,to,0
m013885,c_noah,to,0
m013885,c_elena,to,1
m013885,c_taylor,to,2
m013885,c_chris,cc,3
m013886,c_maya,to,0
m013887,c_noah,to,0
m013887,c_elena,to,1
m013887,c_taylor,to,2
m013887,c_chris,cc,3
m013888,c_maya,to,0
m013889,c_noah,to,0
m013889,c_elena,to,1
m013889,c_taylor,to,2
m013889,c_chris,cc,3
m013890,c_maya,to,0
m013891,c_noah,to,0
m013891,c_elena,to,1
m013891,c_taylor,to,2
m013891,c_chris,cc,3
m013892,c_maya,to,0
m013893,c_noah,to,0
m013893,c_elena,to,1
m013893,c_taylor,to,2
m013893,c_chris,cc,3
m013894,c_maya,to,0
m013895,c_noah,to,0
m013895,c_elena,to,1
m013895,c_taylor,to,2
m013895,c_chris,cc,3
m013896,c_maya,to,0
m013897,c_noah,to,0
m013897,c_elena,to,1
m013897,c_taylor,to,2
m013897,c_chris,cc,3
m013898,c_maya,to,0
m013899,c_noah,to,0
m013899,c_elena,to,1
m013899,c_taylor,to,2
m013899,c_chris,cc,3
m013900,c_maya,to,0
m013901,c_noah,to,0
m013901,c_elena,to,1
m013901,c_taylor,to,2
m013901,c_chris,cc,3
m013902,c_maya,to,0
m013903,c_noah,to,0
m013903,c_elena,to,1
m013903,c_taylor,to,2
m013903,c_chris,cc,3
m013904,c_maya,to,0
m013905,c_noah,to,0
m013905,c_elena,to,1
m013905,c_taylor,to,2
m013905,c_chris,cc,3
m013906,c_maya,to,0
m013907,c_noah,to,0
m013907,c_elena,to,1
m013907,c_taylor,to,2
m013907,c_chris,cc,3
m013908,c_maya,to,0
m013909,c_noah,to,0
m013909,c_elena,to,1
m013909,c_taylor,to,2
m013909,c_chris,cc,3
m013910,c_maya,to,0
m013911,c_noah,to,0
m013911,c_elena,to,1
m013911,c_taylor,to,2
m013911,c_chris,cc,3
m013912,c_maya,to,0
m013913,c_noah,to,0
m013913,c_elena,to,1
m013913,c_taylor,to,2
m013913,c_chris,cc,3
m013914,c_maya,to,0
m013915,c_noah,to,0
m013915,c_elena,to,1
m013915,c_taylor,to,2
m013915,c_chris,cc,3
m013916,c_maya,to,0
m013917,c_noah,to,0
m013917,c_elena,to,1
m013917,c_taylor,to,2
m013917,c_chris,cc,3
m013918,c_maya,to,0
m013919,c_noah,to,0
m013919,c_elena,to,1
m013919,c_taylor,to,2
m013919,c_chris,cc,3
m013920,c_maya,to,0
m013921,c_noah,to,0
m013921,c_elena,to,1
m013921,c_taylor,to,2
m013921,c_chris,cc,3
m013922,c_maya,to,0
m013923,c_noah,to,0
m013923,c_elena,to,1
m013923,c_taylor,to,2
m013923,c_chris,cc,3
m013924,c_maya,to,0
m013925,c_noah,to,0
m013925,c_elena,to,1
m013925,c_taylor,to,2
m013925,c_chris,cc,3
m013926,c_maya,to,0
m013927,c_noah,to,0
m013927,c_elena,to,1
m013927,c_taylor,to,2
m013927,c_chris,cc,3
m013928,c_maya,to,0
m013929,c_noah,to,0
m013929,c_elena,to,1
m013929,c_taylor,to,2
m013929,c_chris,cc,3
m013930,c_maya,to,0
m013931,c_noah,to,0
m013931,c_elena,to,1
m013931,c_taylor,to,2
m013931,c_chris,cc,3
m013932,c_maya,to,0
m013933,c_noah,to,0
m013933,c_elena,to,1
m013933,c_taylor,to,2
m013933,c_chris,cc,3
m013934,c_maya,to,0
m013935,c_noah,to,0
m013935,c_elena,to,1
m013935,c_taylor,to,2
m013935,c_chris,cc,3
m013936,c_maya,to,0
m013937,c_noah,to,0
m013937,c_elena,to,1
m013937,c_taylor,to,2
m013937,c_chris,cc,3
m013938,c_maya,to,0
m013939,c_noah,to,0
m013939,c_elena,to,1
m013939,c_taylor,to,2
m013939,c_chris,cc,3
m013940,c_maya,to,0
m013941,c_noah,to,0
m013941,c_elena,to,1
m013941,c_taylor,to,2
m013941,c_chris,cc,3
m013942,c_maya,to,0
m013943,c_noah,to,0
m013943,c_elena,to,1
m013943,c_taylor,to,2
m013943,c_chris,cc,3
m013944,c_maya,to,0
m013945,c_noah,to,0
m013945,c_elena,to,1
m013945,c_taylor,to,2
m013945,c_chris,cc,3
m013946,c_maya,to,0
m013947,c_noah,to,0
m013947,c_elena,to,1
m013947,c_taylor,to,2
m013947,c_chris,cc,3
m013948,c_maya,to,0
m013949,c_noah,to,0
m013949,c_elena,to,1
m013949,c_taylor,to,2
m013949,c_chris,cc,3
m013950,c_maya,to,0
m013951,c_noah,to,0
m013951,c_elena,to,1
m013951,c_taylor,to,2
m013951,c_chris,cc,3
m013952,c_maya,to,0
m013953,c_chris,to,0
m013953,c_noah,to,1
m013953,c_elena,to,2
m013953,c_marcus,cc,3
m013954,c_maya,to,0
m013955,c_chris,to,0
m013955,c_noah,to,1
m013955,c_elena,to,2
m013955,c_marcus,cc,3
m013956,c_maya,to,0
m013957,c_chris,to,0
m013957,c_noah,to,1
m013957,c_elena,to,2
m013957,c_marcus,cc,3
m013958,c_maya,to,0
m013959,c_chris,to,0
m013959,c_noah,to,1
m013959,c_elena,to,2
m013959,c_marcus,cc,3
m013960,c_maya,to,0
m013961,c_priya,to,0
m013961,c_quinn,cc,1
m013962,c_maya,to,0
m013963,c_priya,to,0
m013963,c_quinn,cc,1
m013964,c_maya,to,0
m013965,c_priya,to,0
m013965,c_quinn,cc,1
m013966,c_maya,to,0
m013967,c_priya,to,0
m013967,c_quinn,cc,1
m013968,c_maya,to,0
m013969,c_priya,to,0
m013969,c_quinn,cc,1
m013970,c_maya,to,0
m013971,c_priya,to,0
m013971,c_quinn,cc,1
m013972,c_maya,to,0
m013973,c_elena,to,0
m013973,c_taylor,to,1
m013973,c_lena,to,2
m013974,c_noah,to,0
m013975,c_elena,to,0
m013975,c_taylor,to,1
m013975,c_lena,to,2
m013976,c_noah,to,0
m013977,c_elena,to,0
m013977,c_taylor,to,1
m013977,c_lena,to,2
m013978,c_noah,to,0
m013979,c_elena,to,0
m013979,c_taylor,to,1
m013979,c_lena,to,2
m013980,c_noah,to,0
m013981,c_elena,to,0
m013981,c_taylor,to,1
m013981,c_lena,to,2
m013982,c_noah,to,0
m013983,c_elena,to,0
m013983,c_taylor,to,1
m013983,c_lena,to,2
m013984,c_noah,to,0
m013985,c_noah,to,0
m013985,c_taylor,to,1
m013985,c_chris,cc,2
m013986,c_elena,to,0
m013987,c_noah,to,0
m013987,c_taylor,to,1
m013987,c_chris,cc,2
m013988,c_elena,to,0
m013989,c_noah,to,0
m013989,c_taylor,to,1
m013989,c_chris,cc,2
m013990,c_elena,to,0
m013991,c_noah,to,0
m013991,c_taylor,to,1
m013991,c_chris,cc,2
m013992,c_elena,to,0
m013993,c_noah,to,0
m013994,c_taylor,to,0
m013995,c_noah,to,0
m013996,c_taylor,to,0
m013997,c_avery,to,0
m013997,c_devon,to,1
m013998,c_alex_chan,to,0
m013999,c_avery,to,0
m013999,c_devon,to,1
m014000,c_alex_chan,to,0
m014001,c_maya,to,0
m014002,c_alex_chen,to,0
m014003,c_quinn,to,0
m014004,c_priya,to,0
m014005,c_marcus,to,0
m014006,c_chris,to,0
m014007,c_marcus,to,0
m014008,c_chris,to,0
m014009,c_hana,to,0
m014010,c_sam,to,0
m014011,c_alex_chan,to,0
m014012,c_maya,to,0
m014013,c_alex_chan,to,0
m014014,c_maya,to,0
m014015,c_alex_chan,to,0
m014016,c_maya,to,0
m014017,c_alex_chan,to,0
m014018,c_maya,to,0
m014019,c_alex_chan,to,0
m014020,c_maya,to,0
m014021,c_alex_chan,to,0
m014022,c_maya,to,0
m014023,c_jamie_lee,to,0
m014024,c_maya,to,0
m014025,c_jamie_lee,to,0
m014026,c_maya,to,0
m014027,c_jamie_lee,to,0
m014028,c_maya,to,0
m014029,c_jamie_lee,to,0
m014030,c_maya,to,0
m014031,c_jamie_lee,to,0
m014032,c_maya,to,0
m014033,c_jamie_lee,to,0
m014034,c_maya,to,0
m014035,c_morgan_shaw,to,0
m014036,c_maya,to,0
m014037,c_morgan_shaw,to,0
m014038,c_maya,to,0
m014039,c_morgan_shaw,to,0
m014040,c_maya,to,0
m014041,c_morgan_shaw,to,0
m014042,c_maya,to,0
m014043,c_morgan_shaw,to,0
m014044,c_maya,to,0
m014045,c_morgan_shaw,to,0
m014046,c_maya,to,0
m014047,c_alex_chen,to,0
m014048,c_maya,to,0
m014049,c_alex_chen,to,0
m014050,c_maya,to,0
m014051,c_alex_chen,to,0
m014052,c_maya,to,0
m014053,c_alex_chen,to,0
m014054,c_maya,to,0
m014055,c_jamie_li,to,0
m014056,c_maya,to,0
m014057,c_jamie_li,to,0
m014058,c_maya,to,0
m014059,c_jamie_li,to,0
m014060,c_maya,to,0
m014061,c_jamie_li,to,0
m014062,c_maya,to,0
m014063,c_morgan_zhao,to,0
m014064,c_maya,to,0
m014065,c_morgan_zhao,to,0
m014066,c_maya,to,0
m014067,c_morgan_zhao,to,0
m014068,c_maya,to,0
m014069,c_morgan_zhao,to,0
m014070,c_maya,to,0
m014071,c_lee,to,0
m014072,c_maya,to,0
m014073,c_lee,to,0
m014074,c_maya,to,0
m014075,c_lee,to,0
m014076,c_maya,to,0
m014077,c_lee,to,0
m014078,c_maya,to,0
m014079,c_lee,to,0
m014080,c_maya,to,0
m014081,c_lee,to,0
m014082,c_maya,to,0
m014083,c_pat,to,0
m014084,c_maya,to,0
m014085,c_pat,to,0
m014086,c_maya,to,0
m014087,c_pat,to,0
m014088,c_maya,to,0
m014089,c_pat,to,0
m014090,c_maya,to,0
m014091,c_pat,to,0
m014092,c_maya,to,0
m014093,c_pat,to,0
m014094,c_maya,to,0
m014095,c_ren,to,0
m014096,c_maya,to,0
m014097,c_ren,to,0
m014098,c_maya,to,0
m014099,c_ren,to,0
m014100,c_maya,to,0
m014101,c_ren,to,0
m014102,c_maya,to,0
m014103,c_ren,to,0
m014104,c_maya,to,0
m014105,c_ren,to,0
m014106,c_maya,to,0
m014107,c_sam,to,0
m014108,c_maya,to,0
m014109,c_hana,to,0
m014110,c_maya,to,0
m014111,c_fac_001,to,0
m014112,c_maya,to,0
m014113,c_fac_002,to,0
m014114,c_maya,to,0
m014115,c_fac_003,to,0
m014116,c_maya,to,0
m014117,c_fac_004,to,0
m014118,c_maya,to,0
m014119,c_fac_005,to,0
m014120,c_maya,to,0
m014121,c_fac_006,to,0
m014122,c_maya,to,0
m014123,c_fac_007,to,0
m014124,c_maya,to,0
m014125,c_fac_008,to,0
m014126,c_maya,to,0
m014127,c_fac_009,to,0
m014128,c_maya,to,0
m014129,c_fac_010,to,0
m014130,c_maya,to,0
m014131,c_fac_011,to,0
m014132,c_maya,to,0
m014133,c_fac_012,to,0
m014134,c_maya,to,0
m014135,c_fac_013,to,0
m014136,c_maya,to,0
m014137,c_fac_014,to,0
m014138,c_maya,to,0
m014139,c_fac_015,to,0
m014140,c_maya,to,0
m014141,c_fac_016,to,0
m014142,c_maya,to,0
m014143,c_fac_017,to,0
m014144,c_maya,to,0
m014145,c_noah,to,0
m014145,c_elena,to,1
m014145,c_taylor,to,2
m014145,c_chris,cc,3
m014146,c_maya,to,0
m014147,c_noah,to,0
m014147,c_elena,to,1
m014147,c_taylor,to,2
m014147,c_chris,cc,3
m014148,c_maya,to,0
m014149,c_noah,to,0
m014149,c_elena,to,1
m014149,c_taylor,to,2
m014149,c_chris,cc,3
m014150,c_maya,to,0
m014151,c_noah,to,0
m014151,c_elena,to,1
m014151,c_taylor,to,2
m014151,c_chris,cc,3
m014152,c_maya,to,0
m014153,c_noah,to,0
m014153,c_elena,to,1
m014153,c_taylor,to,2
m014153,c_chris,cc,3
m014154,c_maya,to,0
m014155,c_noah,to,0
m014155,c_elena,to,1
m014155,c_taylor,to,2
m014155,c_chris,cc,3
m014156,c_maya,to,0
m014157,c_noah,to,0
m014157,c_elena,to,1
m014157,c_taylor,to,2
m014157,c_chris,cc,3
m014158,c_maya,to,0
m014159,c_noah,to,0
m014159,c_elena,to,1
m014159,c_taylor,to,2
m014159,c_chris,cc,3
m014160,c_maya,to,0
m014161,c_noah,to,0
m014161,c_elena,to,1
m014161,c_taylor,to,2
m014161,c_chris,cc,3
m014162,c_maya,to,0
m014163,c_noah,to,0
m014163,c_elena,to,1
m014163,c_taylor,to,2
m014163,c_chris,cc,3
m014164,c_maya,to,0
m014165,c_noah,to,0
m014165,c_elena,to,1
m014165,c_taylor,to,2
m014165,c_chris,cc,3
m014166,c_maya,to,0
m014167,c_noah,to,0
m014167,c_elena,to,1
m014167,c_taylor,to,2
m014167,c_chris,cc,3
m014168,c_maya,to,0
m014169,c_noah,to,0
m014169,c_elena,to,1
m014169,c_taylor,to,2
m014169,c_chris,cc,3
m014170,c_maya,to,0
m014171,c_noah,to,0
m014171,c_elena,to,1
m014171,c_taylor,to,2
m014171,c_chris,cc,3
m014172,c_maya,to,0
m014173,c_noah,to,0
m014173,c_elena,to,1
m014173,c_taylor,to,2
m014173,c_chris,cc,3
m014174,c_maya,to,0
m014175,c_noah,to,0
m014175,c_elena,to,1
m014175,c_taylor,to,2
m014175,c_chris,cc,3
m014176,c_maya,to,0
m014177,c_noah,to,0
m014177,c_elena,to,1
m014177,c_taylor,to,2
m014177,c_chris,cc,3
m014178,c_maya,to,0
m014179,c_noah,to,0
m014179,c_elena,to,1
m014179,c_taylor,to,2
m014179,c_chris,cc,3
m014180,c_maya,to,0
m014181,c_noah,to,0
m014181,c_elena,to,1
m014181,c_taylor,to,2
m014181,c_chris,cc,3
m014182,c_maya,to,0
m014183,c_noah,to,0
m014183,c_elena,to,1
m014183,c_taylor,to,2
m014183,c_chris,cc,3
m014184,c_maya,to,0
m014185,c_noah,to,0
m014185,c_elena,to,1
m014185,c_taylor,to,2
m014185,c_chris,cc,3
m014186,c_maya,to,0
m014187,c_noah,to,0
m014187,c_elena,to,1
m014187,c_taylor,to,2
m014187,c_chris,cc,3
m014188,c_maya,to,0
m014189,c_noah,to,0
m014189,c_elena,to,1
m014189,c_taylor,to,2
m014189,c_chris,cc,3
m014190,c_maya,to,0
m014191,c_noah,to,0
m014191,c_elena,to,1
m014191,c_taylor,to,2
m014191,c_chris,cc,3
m014192,c_maya,to,0
m014193,c_noah,to,0
m014193,c_elena,to,1
m014193,c_taylor,to,2
m014193,c_chris,cc,3
m014194,c_maya,to,0
m014195,c_noah,to,0
m014195,c_elena,to,1
m014195,c_taylor,to,2
m014195,c_chris,cc,3
m014196,c_maya,to,0
m014197,c_noah,to,0
m014197,c_elena,to,1
m014197,c_taylor,to,2
m014197,c_chris,cc,3
m014198,c_maya,to,0
m014199,c_noah,to,0
m014199,c_elena,to,1
m014199,c_taylor,to,2
m014199,c_chris,cc,3
m014200,c_maya,to,0
m014201,c_noah,to,0
m014201,c_elena,to,1
m014201,c_taylor,to,2
m014201,c_chris,cc,3
m014202,c_maya,to,0
m014203,c_noah,to,0
m014203,c_elena,to,1
m014203,c_taylor,to,2
m014203,c_chris,cc,3
m014204,c_maya,to,0
m014205,c_noah,to,0
m014205,c_elena,to,1
m014205,c_taylor,to,2
m014205,c_chris,cc,3
m014206,c_maya,to,0
m014207,c_noah,to,0
m014207,c_elena,to,1
m014207,c_taylor,to,2
m014207,c_chris,cc,3
m014208,c_maya,to,0
m014209,c_noah,to,0
m014209,c_elena,to,1
m014209,c_taylor,to,2
m014209,c_chris,cc,3
m014210,c_maya,to,0
m014211,c_noah,to,0
m014211,c_elena,to,1
m014211,c_taylor,to,2
m014211,c_chris,cc,3
m014212,c_maya,to,0
m014213,c_noah,to,0
m014213,c_elena,to,1
m014213,c_taylor,to,2
m014213,c_chris,cc,3
m014214,c_maya,to,0
m014215,c_noah,to,0
m014215,c_elena,to,1
m014215,c_taylor,to,2
m014215,c_chris,cc,3
m014216,c_maya,to,0
m014217,c_noah,to,0
m014217,c_elena,to,1
m014217,c_taylor,to,2
m014217,c_chris,cc,3
m014218,c_maya,to,0
m014219,c_noah,to,0
m014219,c_elena,to,1
m014219,c_taylor,to,2
m014219,c_chris,cc,3
m014220,c_maya,to,0
m014221,c_noah,to,0
m014221,c_elena,to,1
m014221,c_taylor,to,2
m014221,c_chris,cc,3
m014222,c_maya,to,0
m014223,c_noah,to,0
m014223,c_elena,to,1
m014223,c_taylor,to,2
m014223,c_chris,cc,3
m014224,c_maya,to,0
m014225,c_chris,to,0
m014225,c_noah,to,1
m014225,c_elena,to,2
m014225,c_marcus,cc,3
m014226,c_maya,to,0
m014227,c_chris,to,0
m014227,c_noah,to,1
m014227,c_elena,to,2
m014227,c_marcus,cc,3
m014228,c_maya,to,0
m014229,c_chris,to,0
m014229,c_noah,to,1
m014229,c_elena,to,2
m014229,c_marcus,cc,3
m014230,c_maya,to,0
m014231,c_chris,to,0
m014231,c_noah,to,1
m014231,c_elena,to,2
m014231,c_marcus,cc,3
m014232,c_maya,to,0
m014233,c_priya,to,0
m014233,c_quinn,cc,1
m014234,c_maya,to,0
m014235,c_priya,to,0
m014235,c_quinn,cc,1
m014236,c_maya,to,0
m014237,c_priya,to,0
m014237,c_quinn,cc,1
m014238,c_maya,to,0
m014239,c_priya,to,0
m014239,c_quinn,cc,1
m014240,c_maya,to,0
m014241,c_priya,to,0
m014241,c_quinn,cc,1
m014242,c_maya,to,0
m014243,c_priya,to,0
m014243,c_quinn,cc,1
m014244,c_maya,to,0
m014245,c_elena,to,0
m014245,c_taylor,to,1
m014245,c_lena,to,2
m014246,c_noah,to,0
m014247,c_elena,to,0
m014247,c_taylor,to,1
m014247,c_lena,to,2
m014248,c_noah,to,0
m014249,c_elena,to,0
m014249,c_taylor,to,1
m014249,c_lena,to,2
m014250,c_noah,to,0
m014251,c_elena,to,0
m014251,c_taylor,to,1
m014251,c_lena,to,2
m014252,c_noah,to,0
m014253,c_elena,to,0
m014253,c_taylor,to,1
m014253,c_lena,to,2
m014254,c_noah,to,0
m014255,c_elena,to,0
m014255,c_taylor,to,1
m014255,c_lena,to,2
m014256,c_noah,to,0
m014257,c_noah,to,0
m014257,c_taylor,to,1
m014257,c_chris,cc,2
m014258,c_elena,to,0
m014259,c_noah,to,0
m014259,c_taylor,to,1
m014259,c_chris,cc,2
m014260,c_elena,to,0
m014261,c_noah,to,0
m014261,c_taylor,to,1
m014261,c_chris,cc,2
m014262,c_elena,to,0
m014263,c_noah,to,0
m014263,c_taylor,to,1
m014263,c_chris,cc,2
m014264,c_elena,to,0
m014265,c_noah,to,0
m014266,c_taylor,to,0
m014267,c_noah,to,0
m014268,c_taylor,to,0
m014269,c_avery,to,0
m014269,c_devon,to,1
m014270,c_alex_chan,to,0
m014271,c_avery,to,0
m014271,c_devon,to,1
m014272,c_alex_chan,to,0
m014273,c_maya,to,0
m014274,c_alex_chen,to,0
m014275,c_quinn,to,0
m014276,c_priya,to,0
m014277,c_marcus,to,0
m014278,c_chris,to,0
m014279,c_marcus,to,0
m014280,c_chris,to,0
m014281,c_hana,to,0
m014282,c_sam,to,0
m014283,c_alex_chan,to,0
m014284,c_maya,to,0
m014285,c_alex_chan,to,0
m014286,c_maya,to,0
m014287,c_alex_chan,to,0
m014288,c_maya,to,0
m014289,c_alex_chan,to,0
m014290,c_maya,to,0
m014291,c_alex_chan,to,0
m014292,c_maya,to,0
m014293,c_alex_chan,to,0
m014294,c_maya,to,0
m014295,c_jamie_lee,to,0
m014296,c_maya,to,0
m014297,c_jamie_lee,to,0
m014298,c_maya,to,0
m014299,c_jamie_lee,to,0
m014300,c_maya,to,0
m014301,c_jamie_lee,to,0
m014302,c_maya,to,0
m014303,c_jamie_lee,to,0
m014304,c_maya,to,0
m014305,c_jamie_lee,to,0
m014306,c_maya,to,0
m014307,c_morgan_shaw,to,0
m014308,c_maya,to,0
m014309,c_morgan_shaw,to,0
m014310,c_maya,to,0
m014311,c_morgan_shaw,to,0
m014312,c_maya,to,0
m014313,c_morgan_shaw,to,0
m014314,c_maya,to,0
m014315,c_morgan_shaw,to,0
m014316,c_maya,to,0
m014317,c_morgan_shaw,to,0
m014318,c_maya,to,0
m014319,c_alex_chen,to,0
m014320,c_maya,to,0
m014321,c_alex_chen,to,0
m014322,c_maya,to,0
m014323,c_alex_chen,to,0
m014324,c_maya,to,0
m014325,c_alex_chen,to,0
m014326,c_maya,to,0
m014327,c_jamie_li,to,0
m014328,c_maya,to,0
m014329,c_jamie_li,to,0
m014330,c_maya,to,0
m014331,c_jamie_li,to,0
m014332,c_maya,to,0
m014333,c_jamie_li,to,0
m014334,c_maya,to,0
m014335,c_morgan_zhao,to,0
m014336,c_maya,to,0
m014337,c_morgan_zhao,to,0
m014338,c_maya,to,0
m014339,c_morgan_zhao,to,0
m014340,c_maya,to,0
m014341,c_morgan_zhao,to,0
m014342,c_maya,to,0
m014343,c_lee,to,0
m014344,c_maya,to,0
m014345,c_lee,to,0
m014346,c_maya,to,0
m014347,c_lee,to,0
m014348,c_maya,to,0
m014349,c_lee,to,0
m014350,c_maya,to,0
m014351,c_lee,to,0
m014352,c_maya,to,0
m014353,c_lee,to,0
m014354,c_maya,to,0
m014355,c_pat,to,0
m014356,c_maya,to,0
m014357,c_pat,to,0
m014358,c_maya,to,0
m014359,c_pat,to,0
m014360,c_maya,to,0
m014361,c_pat,to,0
m014362,c_maya,to,0
m014363,c_pat,to,0
m014364,c_maya,to,0
m014365,c_pat,to,0
m014366,c_maya,to,0
m014367,c_ren,to,0
m014368,c_maya,to,0
m014369,c_ren,to,0
m014370,c_maya,to,0
m014371,c_ren,to,0
m014372,c_maya,to,0
m014373,c_ren,to,0
m014374,c_maya,to,0
m014375,c_ren,to,0
m014376,c_maya,to,0
m014377,c_ren,to,0
m014378,c_maya,to,0
m014379,c_sam,to,0
m014380,c_maya,to,0
m014381,c_hana,to,0
m014382,c_maya,to,0
m014383,c_fac_001,to,0
m014384,c_maya,to,0
m014385,c_fac_002,to,0
m014386,c_maya,to,0
m014387,c_fac_003,to,0
m014388,c_maya,to,0
m014389,c_fac_004,to,0
m014390,c_maya,to,0
m014391,c_fac_005,to,0
m014392,c_maya,to,0
m014393,c_fac_006,to,0
m014394,c_maya,to,0
m014395,c_fac_007,to,0
m014396,c_maya,to,0
m014397,c_fac_008,to,0
m014398,c_maya,to,0
m014399,c_fac_009,to,0
m014400,c_maya,to,0
m014401,c_fac_010,to,0
m014402,c_maya,to,0
m014403,c_fac_011,to,0
m014404,c_maya,to,0
m014405,c_fac_012,to,0
m014406,c_maya,to,0
m014407,c_fac_013,to,0
m014408,c_maya,to,0
m014409,c_fac_014,to,0
m014410,c_maya,to,0
m014411,c_fac_015,to,0
m014412,c_maya,to,0
m014413,c_fac_016,to,0
m014414,c_maya,to,0
m014415,c_fac_017,to,0
m014416,c_maya,to,0
m014417,c_noah,to,0
m014417,c_elena,to,1
m014417,c_taylor,to,2
m014417,c_chris,cc,3
m014418,c_maya,to,0
m014419,c_noah,to,0
m014419,c_elena,to,1
m014419,c_taylor,to,2
m014419,c_chris,cc,3
m014420,c_maya,to,0
m014421,c_noah,to,0
m014421,c_elena,to,1
m014421,c_taylor,to,2
m014421,c_chris,cc,3
m014422,c_maya,to,0
m014423,c_noah,to,0
m014423,c_elena,to,1
m014423,c_taylor,to,2
m014423,c_chris,cc,3
m014424,c_maya,to,0
m014425,c_noah,to,0
m014425,c_elena,to,1
m014425,c_taylor,to,2
m014425,c_chris,cc,3
m014426,c_maya,to,0
m014427,c_noah,to,0
m014427,c_elena,to,1
m014427,c_taylor,to,2
m014427,c_chris,cc,3
m014428,c_maya,to,0
m014429,c_noah,to,0
m014429,c_elena,to,1
m014429,c_taylor,to,2
m014429,c_chris,cc,3
m014430,c_maya,to,0
m014431,c_noah,to,0
m014431,c_elena,to,1
m014431,c_taylor,to,2
m014431,c_chris,cc,3
m014432,c_maya,to,0
m014433,c_noah,to,0
m014433,c_elena,to,1
m014433,c_taylor,to,2
m014433,c_chris,cc,3
m014434,c_maya,to,0
m014435,c_noah,to,0
m014435,c_elena,to,1
m014435,c_taylor,to,2
m014435,c_chris,cc,3
m014436,c_maya,to,0
m014437,c_noah,to,0
m014437,c_elena,to,1
m014437,c_taylor,to,2
m014437,c_chris,cc,3
m014438,c_maya,to,0
m014439,c_noah,to,0
m014439,c_elena,to,1
m014439,c_taylor,to,2
m014439,c_chris,cc,3
m014440,c_maya,to,0
m014441,c_noah,to,0
m014441,c_elena,to,1
m014441,c_taylor,to,2
m014441,c_chris,cc,3
m014442,c_maya,to,0
m014443,c_noah,to,0
m014443,c_elena,to,1
m014443,c_taylor,to,2
m014443,c_chris,cc,3
m014444,c_maya,to,0
m014445,c_noah,to,0
m014445,c_elena,to,1
m014445,c_taylor,to,2
m014445,c_chris,cc,3
m014446,c_maya,to,0
m014447,c_noah,to,0
m014447,c_elena,to,1
m014447,c_taylor,to,2
m014447,c_chris,cc,3
m014448,c_maya,to,0
m014449,c_noah,to,0
m014449,c_elena,to,1
m014449,c_taylor,to,2
m014449,c_chris,cc,3
m014450,c_maya,to,0
m014451,c_noah,to,0
m014451,c_elena,to,1
m014451,c_taylor,to,2
m014451,c_chris,cc,3
m014452,c_maya,to,0
m014453,c_noah,to,0
m014453,c_elena,to,1
m014453,c_taylor,to,2
m014453,c_chris,cc,3
m014454,c_maya,to,0
m014455,c_noah,to,0
m014455,c_elena,to,1
m014455,c_taylor,to,2
m014455,c_chris,cc,3
m014456,c_maya,to,0
m014457,c_noah,to,0
m014457,c_elena,to,1
m014457,c_taylor,to,2
m014457,c_chris,cc,3
m014458,c_maya,to,0
m014459,c_noah,to,0
m014459,c_elena,to,1
m014459,c_taylor,to,2
m014459,c_chris,cc,3
m014460,c_maya,to,0
m014461,c_noah,to,0
m014461,c_elena,to,1
m014461,c_taylor,to,2
m014461,c_chris,cc,3
m014462,c_maya,to,0
m014463,c_noah,to,0
m014463,c_elena,to,1
m014463,c_taylor,to,2
m014463,c_chris,cc,3
m014464,c_maya,to,0
m014465,c_noah,to,0
m014465,c_elena,to,1
m014465,c_taylor,to,2
m014465,c_chris,cc,3
m014466,c_maya,to,0
m014467,c_noah,to,0
m014467,c_elena,to,1
m014467,c_taylor,to,2
m014467,c_chris,cc,3
m014468,c_maya,to,0
m014469,c_noah,to,0
m014469,c_elena,to,1
m014469,c_taylor,to,2
m014469,c_chris,cc,3
m014470,c_maya,to,0
m014471,c_noah,to,0
m014471,c_elena,to,1
m014471,c_taylor,to,2
m014471,c_chris,cc,3
m014472,c_maya,to,0
m014473,c_noah,to,0
m014473,c_elena,to,1
m014473,c_taylor,to,2
m014473,c_chris,cc,3
m014474,c_maya,to,0
m014475,c_noah,to,0
m014475,c_elena,to,1
m014475,c_taylor,to,2
m014475,c_chris,cc,3
m014476,c_maya,to,0
m014477,c_noah,to,0
m014477,c_elena,to,1
m014477,c_taylor,to,2
m014477,c_chris,cc,3
m014478,c_maya,to,0
m014479,c_noah,to,0
m014479,c_elena,to,1
m014479,c_taylor,to,2
m014479,c_chris,cc,3
m014480,c_maya,to,0
m014481,c_noah,to,0
m014481,c_elena,to,1
m014481,c_taylor,to,2
m014481,c_chris,cc,3
m014482,c_maya,to,0
m014483,c_noah,to,0
m014483,c_elena,to,1
m014483,c_taylor,to,2
m014483,c_chris,cc,3
m014484,c_maya,to,0
m014485,c_noah,to,0
m014485,c_elena,to,1
m014485,c_taylor,to,2
m014485,c_chris,cc,3
m014486,c_maya,to,0
m014487,c_noah,to,0
m014487,c_elena,to,1
m014487,c_taylor,to,2
m014487,c_chris,cc,3
m014488,c_maya,to,0
m014489,c_noah,to,0
m014489,c_elena,to,1
m014489,c_taylor,to,2
m014489,c_chris,cc,3
m014490,c_maya,to,0
m014491,c_noah,to,0
m014491,c_elena,to,1
m014491,c_taylor,to,2
m014491,c_chris,cc,3
m014492,c_maya,to,0
m014493,c_noah,to,0
m014493,c_elena,to,1
m014493,c_taylor,to,2
m014493,c_chris,cc,3
m014494,c_maya,to,0
m014495,c_noah,to,0
m014495,c_elena,to,1
m014495,c_taylor,to,2
m014495,c_chris,cc,3
m014496,c_maya,to,0
m014497,c_chris,to,0
m014497,c_noah,to,1
m014497,c_elena,to,2
m014497,c_marcus,cc,3
m014498,c_maya,to,0
m014499,c_chris,to,0
m014499,c_noah,to,1
m014499,c_elena,to,2
m014499,c_marcus,cc,3
m014500,c_maya,to,0
m014501,c_chris,to,0
m014501,c_noah,to,1
m014501,c_elena,to,2
m014501,c_marcus,cc,3
m014502,c_maya,to,0
m014503,c_chris,to,0
m014503,c_noah,to,1
m014503,c_elena,to,2
m014503,c_marcus,cc,3
m014504,c_maya,to,0
m014505,c_priya,to,0
m014505,c_quinn,cc,1
m014506,c_maya,to,0
m014507,c_priya,to,0
m014507,c_quinn,cc,1
m014508,c_maya,to,0
m014509,c_priya,to,0
m014509,c_quinn,cc,1
m014510,c_maya,to,0
m014511,c_priya,to,0
m014511,c_quinn,cc,1
m014512,c_maya,to,0
m014513,c_priya,to,0
m014513,c_quinn,cc,1
m014514,c_maya,to,0
m014515,c_priya,to,0
m014515,c_quinn,cc,1
m014516,c_maya,to,0
m014517,c_elena,to,0
m014517,c_taylor,to,1
m014517,c_lena,to,2
m014518,c_noah,to,0
m014519,c_elena,to,0
m014519,c_taylor,to,1
m014519,c_lena,to,2
m014520,c_noah,to,0
m014521,c_elena,to,0
m014521,c_taylor,to,1
m014521,c_lena,to,2
m014522,c_noah,to,0
m014523,c_elena,to,0
m014523,c_taylor,to,1
m014523,c_lena,to,2
m014524,c_noah,to,0
m014525,c_elena,to,0
m014525,c_taylor,to,1
m014525,c_lena,to,2
m014526,c_noah,to,0
m014527,c_elena,to,0
m014527,c_taylor,to,1
m014527,c_lena,to,2
m014528,c_noah,to,0
m014529,c_noah,to,0
m014529,c_taylor,to,1
m014529,c_chris,cc,2
m014530,c_elena,to,0
m014531,c_noah,to,0
m014531,c_taylor,to,1
m014531,c_chris,cc,2
m014532,c_elena,to,0
m014533,c_noah,to,0
m014533,c_taylor,to,1
m014533,c_chris,cc,2
m014534,c_elena,to,0
m014535,c_noah,to,0
m014535,c_taylor,to,1
m014535,c_chris,cc,2
m014536,c_elena,to,0
m014537,c_noah,to,0
m014538,c_taylor,to,0
m014539,c_noah,to,0
m014540,c_taylor,to,0
m014541,c_avery,to,0
m014541,c_devon,to,1
m014542,c_alex_chan,to,0
m014543,c_avery,to,0
m014543,c_devon,to,1
m014544,c_alex_chan,to,0
m014545,c_maya,to,0
m014546,c_alex_chen,to,0
m014547,c_quinn,to,0
m014548,c_priya,to,0
m014549,c_marcus,to,0
m014550,c_chris,to,0
m014551,c_marcus,to,0
m014552,c_chris,to,0
m014553,c_hana,to,0
m014554,c_sam,to,0
m014555,c_alex_chan,to,0
m014556,c_maya,to,0
m014557,c_alex_chan,to,0
m014558,c_maya,to,0
m014559,c_alex_chan,to,0
m014560,c_maya,to,0
m014561,c_alex_chan,to,0
m014562,c_maya,to,0
m014563,c_alex_chan,to,0
m014564,c_maya,to,0
m014565,c_alex_chan,to,0
m014566,c_maya,to,0
m014567,c_jamie_lee,to,0
m014568,c_maya,to,0
m014569,c_jamie_lee,to,0
m014570,c_maya,to,0
m014571,c_jamie_lee,to,0
m014572,c_maya,to,0
m014573,c_jamie_lee,to,0
m014574,c_maya,to,0
m014575,c_jamie_lee,to,0
m014576,c_maya,to,0
m014577,c_jamie_lee,to,0
m014578,c_maya,to,0
m014579,c_morgan_shaw,to,0
m014580,c_maya,to,0
m014581,c_morgan_shaw,to,0
m014582,c_maya,to,0
m014583,c_morgan_shaw,to,0
m014584,c_maya,to,0
m014585,c_morgan_shaw,to,0
m014586,c_maya,to,0
m014587,c_morgan_shaw,to,0
m014588,c_maya,to,0
m014589,c_morgan_shaw,to,0
m014590,c_maya,to,0
m014591,c_alex_chen,to,0
m014592,c_maya,to,0
m014593,c_alex_chen,to,0
m014594,c_maya,to,0
m014595,c_alex_chen,to,0
m014596,c_maya,to,0
m014597,c_alex_chen,to,0
m014598,c_maya,to,0
m014599,c_jamie_li,to,0
m014600,c_maya,to,0
m014601,c_jamie_li,to,0
m014602,c_maya,to,0
m014603,c_jamie_li,to,0
m014604,c_maya,to,0
m014605,c_jamie_li,to,0
m014606,c_maya,to,0
m014607,c_morgan_zhao,to,0
m014608,c_maya,to,0
m014609,c_morgan_zhao,to,0
m014610,c_maya,to,0
m014611,c_morgan_zhao,to,0
m014612,c_maya,to,0
m014613,c_morgan_zhao,to,0
m014614,c_maya,to,0
m014615,c_lee,to,0
m014616,c_maya,to,0
m014617,c_lee,to,0
m014618,c_maya,to,0
m014619,c_lee,to,0
m014620,c_maya,to,0
m014621,c_lee,to,0
m014622,c_maya,to,0
m014623,c_lee,to,0
m014624,c_maya,to,0
m014625,c_lee,to,0
m014626,c_maya,to,0
m014627,c_pat,to,0
m014628,c_maya,to,0
m014629,c_pat,to,0
m014630,c_maya,to,0
m014631,c_pat,to,0
m014632,c_maya,to,0
m014633,c_pat,to,0
m014634,c_maya,to,0
m014635,c_pat,to,0
m014636,c_maya,to,0
m014637,c_pat,to,0
m014638,c_maya,to,0
m014639,c_ren,to,0
m014640,c_maya,to,0
m014641,c_ren,to,0
m014642,c_maya,to,0
m014643,c_ren,to,0
m014644,c_maya,to,0
m014645,c_ren,to,0
m014646,c_maya,to,0
m014647,c_ren,to,0
m014648,c_maya,to,0
m014649,c_ren,to,0
m014650,c_maya,to,0
m014651,c_sam,to,0
m014652,c_maya,to,0
m014653,c_hana,to,0
m014654,c_maya,to,0
m014655,c_fac_001,to,0
m014656,c_maya,to,0
m014657,c_fac_002,to,0
m014658,c_maya,to,0
m014659,c_fac_003,to,0
m014660,c_maya,to,0
m014661,c_fac_004,to,0
m014662,c_maya,to,0
m014663,c_fac_005,to,0
m014664,c_maya,to,0
m014665,c_fac_006,to,0
m014666,c_maya,to,0
m014667,c_fac_007,to,0
m014668,c_maya,to,0
m014669,c_fac_008,to,0
m014670,c_maya,to,0
m014671,c_fac_009,to,0
m014672,c_maya,to,0
m014673,c_fac_010,to,0
m014674,c_maya,to,0
m014675,c_fac_011,to,0
m014676,c_maya,to,0
m014677,c_fac_012,to,0
m014678,c_maya,to,0
m014679,c_fac_013,to,0
m014680,c_maya,to,0
m014681,c_fac_014,to,0
m014682,c_maya,to,0
m014683,c_fac_015,to,0
m014684,c_maya,to,0
m014685,c_fac_016,to,0
m014686,c_maya,to,0
m014687,c_fac_017,to,0
m014688,c_maya,to,0
m014689,c_noah,to,0
m014689,c_elena,to,1
m014689,c_taylor,to,2
m014689,c_chris,cc,3
m014690,c_maya,to,0
m014691,c_noah,to,0
m014691,c_elena,to,1
m014691,c_taylor,to,2
m014691,c_chris,cc,3
m014692,c_maya,to,0
m014693,c_noah,to,0
m014693,c_elena,to,1
m014693,c_taylor,to,2
m014693,c_chris,cc,3
m014694,c_maya,to,0
m014695,c_noah,to,0
m014695,c_elena,to,1
m014695,c_taylor,to,2
m014695,c_chris,cc,3
m014696,c_maya,to,0
m014697,c_noah,to,0
m014697,c_elena,to,1
m014697,c_taylor,to,2
m014697,c_chris,cc,3
m014698,c_maya,to,0
m014699,c_noah,to,0
m014699,c_elena,to,1
m014699,c_taylor,to,2
m014699,c_chris,cc,3
m014700,c_maya,to,0
m014701,c_noah,to,0
m014701,c_elena,to,1
m014701,c_taylor,to,2
m014701,c_chris,cc,3
m014702,c_maya,to,0
m014703,c_noah,to,0
m014703,c_elena,to,1
m014703,c_taylor,to,2
m014703,c_chris,cc,3
m014704,c_maya,to,0
m014705,c_noah,to,0
m014705,c_elena,to,1
m014705,c_taylor,to,2
m014705,c_chris,cc,3
m014706,c_maya,to,0
m014707,c_noah,to,0
m014707,c_elena,to,1
m014707,c_taylor,to,2
m014707,c_chris,cc,3
m014708,c_maya,to,0
m014709,c_noah,to,0
m014709,c_elena,to,1
m014709,c_taylor,to,2
m014709,c_chris,cc,3
m014710,c_maya,to,0
m014711,c_noah,to,0
m014711,c_elena,to,1
m014711,c_taylor,to,2
m014711,c_chris,cc,3
m014712,c_maya,to,0
m014713,c_noah,to,0
m014713,c_elena,to,1
m014713,c_taylor,to,2
m014713,c_chris,cc,3
m014714,c_maya,to,0
m014715,c_noah,to,0
m014715,c_elena,to,1
m014715,c_taylor,to,2
m014715,c_chris,cc,3
m014716,c_maya,to,0
m014717,c_noah,to,0
m014717,c_elena,to,1
m014717,c_taylor,to,2
m014717,c_chris,cc,3
m014718,c_maya,to,0
m014719,c_noah,to,0
m014719,c_elena,to,1
m014719,c_taylor,to,2
m014719,c_chris,cc,3
m014720,c_maya,to,0
m014721,c_noah,to,0
m014721,c_elena,to,1
m014721,c_taylor,to,2
m014721,c_chris,cc,3
m014722,c_maya,to,0
m014723,c_noah,to,0
m014723,c_elena,to,1
m014723,c_taylor,to,2
m014723,c_chris,cc,3
m014724,c_maya,to,0
m014725,c_noah,to,0
m014725,c_elena,to,1
m014725,c_taylor,to,2
m014725,c_chris,cc,3
m014726,c_maya,to,0
m014727,c_noah,to,0
m014727,c_elena,to,1
m014727,c_taylor,to,2
m014727,c_chris,cc,3
m014728,c_maya,to,0
m014729,c_noah,to,0
m014729,c_elena,to,1
m014729,c_taylor,to,2
m014729,c_chris,cc,3
m014730,c_maya,to,0
m014731,c_noah,to,0
m014731,c_elena,to,1
m014731,c_taylor,to,2
m014731,c_chris,cc,3
m014732,c_maya,to,0
m014733,c_noah,to,0
m014733,c_elena,to,1
m014733,c_taylor,to,2
m014733,c_chris,cc,3
m014734,c_maya,to,0
m014735,c_noah,to,0
m014735,c_elena,to,1
m014735,c_taylor,to,2
m014735,c_chris,cc,3
m014736,c_maya,to,0
m014737,c_noah,to,0
m014737,c_elena,to,1
m014737,c_taylor,to,2
m014737,c_chris,cc,3
m014738,c_maya,to,0
m014739,c_noah,to,0
m014739,c_elena,to,1
m014739,c_taylor,to,2
m014739,c_chris,cc,3
m014740,c_maya,to,0
m014741,c_noah,to,0
m014741,c_elena,to,1
m014741,c_taylor,to,2
m014741,c_chris,cc,3
m014742,c_maya,to,0
m014743,c_noah,to,0
m014743,c_elena,to,1
m014743,c_taylor,to,2
m014743,c_chris,cc,3
m014744,c_maya,to,0
m014745,c_noah,to,0
m014745,c_elena,to,1
m014745,c_taylor,to,2
m014745,c_chris,cc,3
m014746,c_maya,to,0
m014747,c_noah,to,0
m014747,c_elena,to,1
m014747,c_taylor,to,2
m014747,c_chris,cc,3
m014748,c_maya,to,0
m014749,c_noah,to,0
m014749,c_elena,to,1
m014749,c_taylor,to,2
m014749,c_chris,cc,3
m014750,c_maya,to,0
m014751,c_noah,to,0
m014751,c_elena,to,1
m014751,c_taylor,to,2
m014751,c_chris,cc,3
m014752,c_maya,to,0
m014753,c_noah,to,0
m014753,c_elena,to,1
m014753,c_taylor,to,2
m014753,c_chris,cc,3
m014754,c_maya,to,0
m014755,c_noah,to,0
m014755,c_elena,to,1
m014755,c_taylor,to,2
m014755,c_chris,cc,3
m014756,c_maya,to,0
m014757,c_noah,to,0
m014757,c_elena,to,1
m014757,c_taylor,to,2
m014757,c_chris,cc,3
m014758,c_maya,to,0
m014759,c_noah,to,0
m014759,c_elena,to,1
m014759,c_taylor,to,2
m014759,c_chris,cc,3
m014760,c_maya,to,0
m014761,c_noah,to,0
m014761,c_elena,to,1
m014761,c_taylor,to,2
m014761,c_chris,cc,3
m014762,c_maya,to,0
m014763,c_noah,to,0
m014763,c_elena,to,1
m014763,c_taylor,to,2
m014763,c_chris,cc,3
m014764,c_maya,to,0
m014765,c_noah,to,0
m014765,c_elena,to,1
m014765,c_taylor,to,2
m014765,c_chris,cc,3
m014766,c_maya,to,0
m014767,c_noah,to,0
m014767,c_elena,to,1
m014767,c_taylor,to,2
m014767,c_chris,cc,3
m014768,c_maya,to,0
m014769,c_chris,to,0
m014769,c_noah,to,1
m014769,c_elena,to,2
m014769,c_marcus,cc,3
m014770,c_maya,to,0
m014771,c_chris,to,0
m014771,c_noah,to,1
m014771,c_elena,to,2
m014771,c_marcus,cc,3
m014772,c_maya,to,0
m014773,c_chris,to,0
m014773,c_noah,to,1
m014773,c_elena,to,2
m014773,c_marcus,cc,3
m014774,c_maya,to,0
m014775,c_chris,to,0
m014775,c_noah,to,1
m014775,c_elena,to,2
m014775,c_marcus,cc,3
m014776,c_maya,to,0
m014777,c_priya,to,0
m014777,c_quinn,cc,1
m014778,c_maya,to,0
m014779,c_priya,to,0
m014779,c_quinn,cc,1
m014780,c_maya,to,0
m014781,c_priya,to,0
m014781,c_quinn,cc,1
m014782,c_maya,to,0
m014783,c_priya,to,0
m014783,c_quinn,cc,1
m014784,c_maya,to,0
m014785,c_priya,to,0
m014785,c_quinn,cc,1
m014786,c_maya,to,0
m014787,c_priya,to,0
m014787,c_quinn,cc,1
m014788,c_maya,to,0
m014789,c_elena,to,0
m014789,c_taylor,to,1
m014789,c_lena,to,2
m014790,c_noah,to,0
m014791,c_elena,to,0
m014791,c_taylor,to,1
m014791,c_lena,to,2
m014792,c_noah,to,0
m014793,c_elena,to,0
m014793,c_taylor,to,1
m014793,c_lena,to,2
m014794,c_noah,to,0
m014795,c_elena,to,0
m014795,c_taylor,to,1
m014795,c_lena,to,2
m014796,c_noah,to,0
m014797,c_elena,to,0
m014797,c_taylor,to,1
m014797,c_lena,to,2
m014798,c_noah,to,0
m014799,c_elena,to,0
m014799,c_taylor,to,1
m014799,c_lena,to,2
m014800,c_noah,to,0
m014801,c_noah,to,0
m014801,c_taylor,to,1
m014801,c_chris,cc,2
m014802,c_elena,to,0
m014803,c_noah,to,0
m014803,c_taylor,to,1
m014803,c_chris,cc,2
m014804,c_elena,to,0
m014805,c_noah,to,0
m014805,c_taylor,to,1
m014805,c_chris,cc,2
m014806,c_elena,to,0
m014807,c_noah,to,0
m014807,c_taylor,to,1
m014807,c_chris,cc,2
m014808,c_elena,to,0
m014809,c_noah,to,0
m014810,c_taylor,to,0
m014811,c_noah,to,0
m014812,c_taylor,to,0
m014813,c_avery,to,0
m014813,c_devon,to,1
m014814,c_alex_chan,to,0
m014815,c_avery,to,0
m014815,c_devon,to,1
m014816,c_alex_chan,to,0
m014817,c_maya,to,0
m014818,c_alex_chen,to,0
m014819,c_quinn,to,0
m014820,c_priya,to,0
m014821,c_marcus,to,0
m014822,c_chris,to,0
m014823,c_marcus,to,0
m014824,c_chris,to,0
m014825,c_hana,to,0
m014826,c_sam,to,0
m014827,c_alex_chan,to,0
m014828,c_maya,to,0
m014829,c_alex_chan,to,0
m014830,c_maya,to,0
m014831,c_alex_chan,to,0
m014832,c_maya,to,0
m014833,c_alex_chan,to,0
m014834,c_maya,to,0
m014835,c_alex_chan,to,0
m014836,c_maya,to,0
m014837,c_alex_chan,to,0
m014838,c_maya,to,0
m014839,c_jamie_lee,to,0
m014840,c_maya,to,0
m014841,c_jamie_lee,to,0
m014842,c_maya,to,0
m014843,c_jamie_lee,to,0
m014844,c_maya,to,0
m014845,c_jamie_lee,to,0
m014846,c_maya,to,0
m014847,c_jamie_lee,to,0
m014848,c_maya,to,0
m014849,c_jamie_lee,to,0
m014850,c_maya,to,0
m014851,c_morgan_shaw,to,0
m014852,c_maya,to,0
m014853,c_morgan_shaw,to,0
m014854,c_maya,to,0
m014855,c_morgan_shaw,to,0
m014856,c_maya,to,0
m014857,c_morgan_shaw,to,0
m014858,c_maya,to,0
m014859,c_morgan_shaw,to,0
m014860,c_maya,to,0
m014861,c_morgan_shaw,to,0
m014862,c_maya,to,0
m014863,c_alex_chen,to,0
m014864,c_maya,to,0
m014865,c_alex_chen,to,0
m014866,c_maya,to,0
m014867,c_alex_chen,to,0
m014868,c_maya,to,0
m014869,c_alex_chen,to,0
m014870,c_maya,to,0
m014871,c_jamie_li,to,0
m014872,c_maya,to,0
m014873,c_jamie_li,to,0
m014874,c_maya,to,0
m014875,c_jamie_li,to,0
m014876,c_maya,to,0
m014877,c_jamie_li,to,0
m014878,c_maya,to,0
m014879,c_morgan_zhao,to,0
m014880,c_maya,to,0
m014881,c_morgan_zhao,to,0
m014882,c_maya,to,0
m014883,c_morgan_zhao,to,0
m014884,c_maya,to,0
m014885,c_morgan_zhao,to,0
m014886,c_maya,to,0
m014887,c_lee,to,0
m014888,c_maya,to,0
m014889,c_lee,to,0
m014890,c_maya,to,0
m014891,c_lee,to,0
m014892,c_maya,to,0
m014893,c_lee,to,0
m014894,c_maya,to,0
m014895,c_lee,to,0
m014896,c_maya,to,0
m014897,c_lee,to,0
m014898,c_maya,to,0
m014899,c_pat,to,0
m014900,c_maya,to,0
m014901,c_pat,to,0
m014902,c_maya,to,0
m014903,c_pat,to,0
m014904,c_maya,to,0
m014905,c_pat,to,0
m014906,c_maya,to,0
m014907,c_pat,to,0
m014908,c_maya,to,0
m014909,c_pat,to,0
m014910,c_maya,to,0
m014911,c_ren,to,0
m014912,c_maya,to,0
m014913,c_ren,to,0
m014914,c_maya,to,0
m014915,c_ren,to,0
m014916,c_maya,to,0
m014917,c_ren,to,0
m014918,c_maya,to,0
m014919,c_ren,to,0
m014920,c_maya,to,0
m014921,c_ren,to,0
m014922,c_maya,to,0
m014923,c_sam,to,0
m014924,c_maya,to,0
m014925,c_hana,to,0
m014926,c_maya,to,0
m014927,c_fac_001,to,0
m014928,c_maya,to,0
m014929,c_fac_002,to,0
m014930,c_maya,to,0
m014931,c_fac_003,to,0
m014932,c_maya,to,0
m014933,c_fac_004,to,0
m014934,c_maya,to,0
m014935,c_fac_005,to,0
m014936,c_maya,to,0
m014937,c_fac_006,to,0
m014938,c_maya,to,0
m014939,c_fac_007,to,0
m014940,c_maya,to,0
m014941,c_fac_008,to,0
m014942,c_maya,to,0
m014943,c_fac_009,to,0
m014944,c_maya,to,0
m014945,c_fac_010,to,0
m014946,c_maya,to,0
m014947,c_fac_011,to,0
m014948,c_maya,to,0
m014949,c_fac_012,to,0
m014950,c_maya,to,0
m014951,c_fac_013,to,0
m014952,c_maya,to,0
m014953,c_fac_014,to,0
m014954,c_maya,to,0
m014955,c_fac_015,to,0
m014956,c_maya,to,0
m014957,c_fac_016,to,0
m014958,c_maya,to,0
m014959,c_fac_017,to,0
m014960,c_maya,to,0
m014961,c_noah,to,0
m014961,c_elena,to,1
m014961,c_taylor,to,2
m014961,c_chris,cc,3
m014962,c_maya,to,0
m014963,c_noah,to,0
m014963,c_elena,to,1
m014963,c_taylor,to,2
m014963,c_chris,cc,3
m014964,c_maya,to,0
m014965,c_noah,to,0
m014965,c_elena,to,1
m014965,c_taylor,to,2
m014965,c_chris,cc,3
m014966,c_maya,to,0
m014967,c_noah,to,0
m014967,c_elena,to,1
m014967,c_taylor,to,2
m014967,c_chris,cc,3
m014968,c_maya,to,0
m014969,c_noah,to,0
m014969,c_elena,to,1
m014969,c_taylor,to,2
m014969,c_chris,cc,3
m014970,c_maya,to,0
m014971,c_noah,to,0
m014971,c_elena,to,1
m014971,c_taylor,to,2
m014971,c_chris,cc,3
m014972,c_maya,to,0
m014973,c_noah,to,0
m014973,c_elena,to,1
m014973,c_taylor,to,2
m014973,c_chris,cc,3
m014974,c_maya,to,0
m014975,c_noah,to,0
m014975,c_elena,to,1
m014975,c_taylor,to,2
m014975,c_chris,cc,3
m014976,c_maya,to,0
m014977,c_noah,to,0
m014977,c_elena,to,1
m014977,c_taylor,to,2
m014977,c_chris,cc,3
m014978,c_maya,to,0
m014979,c_noah,to,0
m014979,c_elena,to,1
m014979,c_taylor,to,2
m014979,c_chris,cc,3
m014980,c_maya,to,0
m014981,c_noah,to,0
m014981,c_elena,to,1
m014981,c_taylor,to,2
m014981,c_chris,cc,3
m014982,c_maya,to,0
m014983,c_noah,to,0
m014983,c_elena,to,1
m014983,c_taylor,to,2
m014983,c_chris,cc,3
m014984,c_maya,to,0
m014985,c_noah,to,0
m014985,c_elena,to,1
m014985,c_taylor,to,2
m014985,c_chris,cc,3
m014986,c_maya,to,0
m014987,c_noah,to,0
m014987,c_elena,to,1
m014987,c_taylor,to,2
m014987,c_chris,cc,3
m014988,c_maya,to,0
m014989,c_noah,to,0
m014989,c_elena,to,1
m014989,c_taylor,to,2
m014989,c_chris,cc,3
m014990,c_maya,to,0
m014991,c_noah,to,0
m014991,c_elena,to,1
m014991,c_taylor,to,2
m014991,c_chris,cc,3
m014992,c_maya,to,0
m014993,c_noah,to,0
m014993,c_elena,to,1
m014993,c_taylor,to,2
m014993,c_chris,cc,3
m014994,c_maya,to,0
m014995,c_noah,to,0
m014995,c_elena,to,1
m014995,c_taylor,to,2
m014995,c_chris,cc,3
m014996,c_maya,to,0
m014997,c_noah,to,0
m014997,c_elena,to,1
m014997,c_taylor,to,2
m014997,c_chris,cc,3
m014998,c_maya,to,0
m014999,c_noah,to,0
m014999,c_elena,to,1
m014999,c_taylor,to,2
m014999,c_chris,cc,3
m015000,c_maya,to,0
m015001,c_noah,to,0
m015001,c_elena,to,1
m015001,c_taylor,to,2
m015001,c_chris,cc,3
m015002,c_maya,to,0
m015003,c_noah,to,0
m015003,c_elena,to,1
m015003,c_taylor,to,2
m015003,c_chris,cc,3
m015004,c_maya,to,0
m015005,c_noah,to,0
m015005,c_elena,to,1
m015005,c_taylor,to,2
m015005,c_chris,cc,3
m015006,c_maya,to,0
m015007,c_noah,to,0
m015007,c_elena,to,1
m015007,c_taylor,to,2
m015007,c_chris,cc,3
m015008,c_maya,to,0
m015009,c_noah,to,0
m015009,c_elena,to,1
m015009,c_taylor,to,2
m015009,c_chris,cc,3
m015010,c_maya,to,0
m015011,c_noah,to,0
m015011,c_elena,to,1
m015011,c_taylor,to,2
m015011,c_chris,cc,3
m015012,c_maya,to,0
m015013,c_noah,to,0
m015013,c_elena,to,1
m015013,c_taylor,to,2
m015013,c_chris,cc,3
m015014,c_maya,to,0
m015015,c_noah,to,0
m015015,c_elena,to,1
m015015,c_taylor,to,2
m015015,c_chris,cc,3
m015016,c_maya,to,0
m015017,c_noah,to,0
m015017,c_elena,to,1
m015017,c_taylor,to,2
m015017,c_chris,cc,3
m015018,c_maya,to,0
m015019,c_noah,to,0
m015019,c_elena,to,1
m015019,c_taylor,to,2
m015019,c_chris,cc,3
m015020,c_maya,to,0
m015021,c_noah,to,0
m015021,c_elena,to,1
m015021,c_taylor,to,2
m015021,c_chris,cc,3
m015022,c_maya,to,0
m015023,c_noah,to,0
m015023,c_elena,to,1
m015023,c_taylor,to,2
m015023,c_chris,cc,3
m015024,c_maya,to,0
m015025,c_noah,to,0
m015025,c_elena,to,1
m015025,c_taylor,to,2
m015025,c_chris,cc,3
m015026,c_maya,to,0
m015027,c_noah,to,0
m015027,c_elena,to,1
m015027,c_taylor,to,2
m015027,c_chris,cc,3
m015028,c_maya,to,0
m015029,c_noah,to,0
m015029,c_elena,to,1
m015029,c_taylor,to,2
m015029,c_chris,cc,3
m015030,c_maya,to,0
m015031,c_noah,to,0
m015031,c_elena,to,1
m015031,c_taylor,to,2
m015031,c_chris,cc,3
m015032,c_maya,to,0
m015033,c_noah,to,0
m015033,c_elena,to,1
m015033,c_taylor,to,2
m015033,c_chris,cc,3
m015034,c_maya,to,0
m015035,c_noah,to,0
m015035,c_elena,to,1
m015035,c_taylor,to,2
m015035,c_chris,cc,3
m015036,c_maya,to,0
m015037,c_noah,to,0
m015037,c_elena,to,1
m015037,c_taylor,to,2
m015037,c_chris,cc,3
m015038,c_maya,to,0
m015039,c_noah,to,0
m015039,c_elena,to,1
m015039,c_taylor,to,2
m015039,c_chris,cc,3
m015040,c_maya,to,0
m015041,c_chris,to,0
m015041,c_noah,to,1
m015041,c_elena,to,2
m015041,c_marcus,cc,3
m015042,c_maya,to,0
m015043,c_chris,to,0
m015043,c_noah,to,1
m015043,c_elena,to,2
m015043,c_marcus,cc,3
m015044,c_maya,to,0
m015045,c_chris,to,0
m015045,c_noah,to,1
m015045,c_elena,to,2
m015045,c_marcus,cc,3
m015046,c_maya,to,0
m015047,c_chris,to,0
m015047,c_noah,to,1
m015047,c_elena,to,2
m015047,c_marcus,cc,3
m015048,c_maya,to,0
m015049,c_priya,to,0
m015049,c_quinn,cc,1
m015050,c_maya,to,0
m015051,c_priya,to,0
m015051,c_quinn,cc,1
m015052,c_maya,to,0
m015053,c_priya,to,0
m015053,c_quinn,cc,1
m015054,c_maya,to,0
m015055,c_priya,to,0
m015055,c_quinn,cc,1
m015056,c_maya,to,0
m015057,c_priya,to,0
m015057,c_quinn,cc,1
m015058,c_maya,to,0
m015059,c_priya,to,0
m015059,c_quinn,cc,1
m015060,c_maya,to,0
m015061,c_elena,to,0
m015061,c_taylor,to,1
m015061,c_lena,to,2
m015062,c_noah,to,0
m015063,c_elena,to,0
m015063,c_taylor,to,1
m015063,c_lena,to,2
m015064,c_noah,to,0
m015065,c_elena,to,0
m015065,c_taylor,to,1
m015065,c_lena,to,2
m015066,c_noah,to,0
m015067,c_elena,to,0
m015067,c_taylor,to,1
m015067,c_lena,to,2
m015068,c_noah,to,0
m015069,c_elena,to,0
m015069,c_taylor,to,1
m015069,c_lena,to,2
m015070,c_noah,to,0
m015071,c_elena,to,0
m015071,c_taylor,to,1
m015071,c_lena,to,2
m015072,c_noah,to,0
m015073,c_noah,to,0
m015073,c_taylor,to,1
m015073,c_chris,cc,2
m015074,c_elena,to,0
m015075,c_noah,to,0
m015075,c_taylor,to,1
m015075,c_chris,cc,2
m015076,c_elena,to,0
m015077,c_noah,to,0
m015077,c_taylor,to,1
m015077,c_chris,cc,2
m015078,c_elena,to,0
m015079,c_noah,to,0
m015079,c_taylor,to,1
m015079,c_chris,cc,2
m015080,c_elena,to,0
m015081,c_noah,to,0
m015082,c_taylor,to,0
m015083,c_noah,to,0
m015084,c_taylor,to,0
m015085,c_avery,to,0
m015085,c_devon,to,1
m015086,c_alex_chan,to,0
m015087,c_avery,to,0
m015087,c_devon,to,1
m015088,c_alex_chan,to,0
m015089,c_maya,to,0
m015090,c_alex_chen,to,0
m015091,c_quinn,to,0
m015092,c_priya,to,0
m015093,c_marcus,to,0
m015094,c_chris,to,0
m015095,c_marcus,to,0
m015096,c_chris,to,0
m015097,c_hana,to,0
m015098,c_sam,to,0
m015099,c_alex_chan,to,0
m015100,c_maya,to,0
m015101,c_alex_chan,to,0
m015102,c_maya,to,0
m015103,c_alex_chan,to,0
m015104,c_maya,to,0
m015105,c_alex_chan,to,0
m015106,c_maya,to,0
m015107,c_alex_chan,to,0
m015108,c_maya,to,0
m015109,c_alex_chan,to,0
m015110,c_maya,to,0
m015111,c_jamie_lee,to,0
m015112,c_maya,to,0
m015113,c_jamie_lee,to,0
m015114,c_maya,to,0
m015115,c_jamie_lee,to,0
m015116,c_maya,to,0
m015117,c_jamie_lee,to,0
m015118,c_maya,to,0
m015119,c_jamie_lee,to,0
m015120,c_maya,to,0
m015121,c_jamie_lee,to,0
m015122,c_maya,to,0
m015123,c_morgan_shaw,to,0
m015124,c_maya,to,0
m015125,c_morgan_shaw,to,0
m015126,c_maya,to,0
m015127,c_morgan_shaw,to,0
m015128,c_maya,to,0
m015129,c_morgan_shaw,to,0
m015130,c_maya,to,0
m015131,c_morgan_shaw,to,0
m015132,c_maya,to,0
m015133,c_morgan_shaw,to,0
m015134,c_maya,to,0
m015135,c_alex_chen,to,0
m015136,c_maya,to,0
m015137,c_alex_chen,to,0
m015138,c_maya,to,0
m015139,c_alex_chen,to,0
m015140,c_maya,to,0
m015141,c_alex_chen,to,0
m015142,c_maya,to,0
m015143,c_jamie_li,to,0
m015144,c_maya,to,0
m015145,c_jamie_li,to,0
m015146,c_maya,to,0
m015147,c_jamie_li,to,0
m015148,c_maya,to,0
m015149,c_jamie_li,to,0
m015150,c_maya,to,0
m015151,c_morgan_zhao,to,0
m015152,c_maya,to,0
m015153,c_morgan_zhao,to,0
m015154,c_maya,to,0
m015155,c_morgan_zhao,to,0
m015156,c_maya,to,0
m015157,c_morgan_zhao,to,0
m015158,c_maya,to,0
m015159,c_lee,to,0
m015160,c_maya,to,0
m015161,c_lee,to,0
m015162,c_maya,to,0
m015163,c_lee,to,0
m015164,c_maya,to,0
m015165,c_lee,to,0
m015166,c_maya,to,0
m015167,c_lee,to,0
m015168,c_maya,to,0
m015169,c_lee,to,0
m015170,c_maya,to,0
m015171,c_pat,to,0
m015172,c_maya,to,0
m015173,c_pat,to,0
m015174,c_maya,to,0
m015175,c_pat,to,0
m015176,c_maya,to,0
m015177,c_pat,to,0
m015178,c_maya,to,0
m015179,c_pat,to,0
m015180,c_maya,to,0
m015181,c_pat,to,0
m015182,c_maya,to,0
m015183,c_ren,to,0
m015184,c_maya,to,0
m015185,c_ren,to,0
m015186,c_maya,to,0
m015187,c_ren,to,0
m015188,c_maya,to,0
m015189,c_ren,to,0
m015190,c_maya,to,0
m015191,c_ren,to,0
m015192,c_maya,to,0
m015193,c_ren,to,0
m015194,c_maya,to,0
m015195,c_sam,to,0
m015196,c_maya,to,0
m015197,c_hana,to,0
m015198,c_maya,to,0
m015199,c_fac_001,to,0
m015200,c_maya,to,0
m015201,c_fac_002,to,0
m015202,c_maya,to,0
m015203,c_fac_003,to,0
m015204,c_maya,to,0
m015205,c_fac_004,to,0
m015206,c_maya,to,0
m015207,c_fac_005,to,0
m015208,c_maya,to,0
m015209,c_fac_006,to,0
m015210,c_maya,to,0
m015211,c_fac_007,to,0
m015212,c_maya,to,0
m015213,c_fac_008,to,0
m015214,c_maya,to,0
m015215,c_fac_009,to,0
m015216,c_maya,to,0
m015217,c_fac_010,to,0
m015218,c_maya,to,0
m015219,c_fac_011,to,0
m015220,c_maya,to,0
m015221,c_fac_012,to,0
m015222,c_maya,to,0
m015223,c_fac_013,to,0
m015224,c_maya,to,0
m015225,c_fac_014,to,0
m015226,c_maya,to,0
m015227,c_fac_015,to,0
m015228,c_maya,to,0
m015229,c_fac_016,to,0
m015230,c_maya,to,0
m015231,c_fac_017,to,0
m015232,c_maya,to,0
m015233,c_noah,to,0
m015233,c_elena,to,1
m015233,c_taylor,to,2
m015233,c_chris,cc,3
m015234,c_maya,to,0
m015235,c_noah,to,0
m015235,c_elena,to,1
m015235,c_taylor,to,2
m015235,c_chris,cc,3
m015236,c_maya,to,0
m015237,c_noah,to,0
m015237,c_elena,to,1
m015237,c_taylor,to,2
m015237,c_chris,cc,3
m015238,c_maya,to,0
m015239,c_noah,to,0
m015239,c_elena,to,1
m015239,c_taylor,to,2
m015239,c_chris,cc,3
m015240,c_maya,to,0
m015241,c_noah,to,0
m015241,c_elena,to,1
m015241,c_taylor,to,2
m015241,c_chris,cc,3
m015242,c_maya,to,0
m015243,c_noah,to,0
m015243,c_elena,to,1
m015243,c_taylor,to,2
m015243,c_chris,cc,3
m015244,c_maya,to,0
m015245,c_noah,to,0
m015245,c_elena,to,1
m015245,c_taylor,to,2
m015245,c_chris,cc,3
m015246,c_maya,to,0
m015247,c_noah,to,0
m015247,c_elena,to,1
m015247,c_taylor,to,2
m015247,c_chris,cc,3
m015248,c_maya,to,0
m015249,c_noah,to,0
m015249,c_elena,to,1
m015249,c_taylor,to,2
m015249,c_chris,cc,3
m015250,c_maya,to,0
m015251,c_noah,to,0
m015251,c_elena,to,1
m015251,c_taylor,to,2
m015251,c_chris,cc,3
m015252,c_maya,to,0
m015253,c_noah,to,0
m015253,c_elena,to,1
m015253,c_taylor,to,2
m015253,c_chris,cc,3
m015254,c_maya,to,0
m015255,c_noah,to,0
m015255,c_elena,to,1
m015255,c_taylor,to,2
m015255,c_chris,cc,3
m015256,c_maya,to,0
m015257,c_noah,to,0
m015257,c_elena,to,1
m015257,c_taylor,to,2
m015257,c_chris,cc,3
m015258,c_maya,to,0
m015259,c_noah,to,0
m015259,c_elena,to,1
m015259,c_taylor,to,2
m015259,c_chris,cc,3
m015260,c_maya,to,0
m015261,c_noah,to,0
m015261,c_elena,to,1
m015261,c_taylor,to,2
m015261,c_chris,cc,3
m015262,c_maya,to,0
m015263,c_noah,to,0
m015263,c_elena,to,1
m015263,c_taylor,to,2
m015263,c_chris,cc,3
m015264,c_maya,to,0
m015265,c_noah,to,0
m015265,c_elena,to,1
m015265,c_taylor,to,2
m015265,c_chris,cc,3
m015266,c_maya,to,0
m015267,c_noah,to,0
m015267,c_elena,to,1
m015267,c_taylor,to,2
m015267,c_chris,cc,3
m015268,c_maya,to,0
m015269,c_noah,to,0
m015269,c_elena,to,1
m015269,c_taylor,to,2
m015269,c_chris,cc,3
m015270,c_maya,to,0
m015271,c_noah,to,0
m015271,c_elena,to,1
m015271,c_taylor,to,2
m015271,c_chris,cc,3
m015272,c_maya,to,0
m015273,c_noah,to,0
m015273,c_elena,to,1
m015273,c_taylor,to,2
m015273,c_chris,cc,3
m015274,c_maya,to,0
m015275,c_noah,to,0
m015275,c_elena,to,1
m015275,c_taylor,to,2
m015275,c_chris,cc,3
m015276,c_maya,to,0
m015277,c_noah,to,0
m015277,c_elena,to,1
m015277,c_taylor,to,2
m015277,c_chris,cc,3
m015278,c_maya,to,0
m015279,c_noah,to,0
m015279,c_elena,to,1
m015279,c_taylor,to,2
m015279,c_chris,cc,3
m015280,c_maya,to,0
m015281,c_noah,to,0
m015281,c_elena,to,1
m015281,c_taylor,to,2
m015281,c_chris,cc,3
m015282,c_maya,to,0
m015283,c_noah,to,0
m015283,c_elena,to,1
m015283,c_taylor,to,2
m015283,c_chris,cc,3
m015284,c_maya,to,0
m015285,c_noah,to,0
m015285,c_elena,to,1
m015285,c_taylor,to,2
m015285,c_chris,cc,3
m015286,c_maya,to,0
m015287,c_noah,to,0
m015287,c_elena,to,1
m015287,c_taylor,to,2
m015287,c_chris,cc,3
m015288,c_maya,to,0
m015289,c_noah,to,0
m015289,c_elena,to,1
m015289,c_taylor,to,2
m015289,c_chris,cc,3
m015290,c_maya,to,0
m015291,c_noah,to,0
m015291,c_elena,to,1
m015291,c_taylor,to,2
m015291,c_chris,cc,3
m015292,c_maya,to,0
m015293,c_noah,to,0
m015293,c_elena,to,1
m015293,c_taylor,to,2
m015293,c_chris,cc,3
m015294,c_maya,to,0
m015295,c_noah,to,0
m015295,c_elena,to,1
m015295,c_taylor,to,2
m015295,c_chris,cc,3
m015296,c_maya,to,0
m015297,c_noah,to,0
m015297,c_elena,to,1
m015297,c_taylor,to,2
m015297,c_chris,cc,3
m015298,c_maya,to,0
m015299,c_noah,to,0
m015299,c_elena,to,1
m015299,c_taylor,to,2
m015299,c_chris,cc,3
m015300,c_maya,to,0
m015301,c_noah,to,0
m015301,c_elena,to,1
m015301,c_taylor,to,2
m015301,c_chris,cc,3
m015302,c_maya,to,0
m015303,c_noah,to,0
m015303,c_elena,to,1
m015303,c_taylor,to,2
m015303,c_chris,cc,3
m015304,c_maya,to,0
m015305,c_noah,to,0
m015305,c_elena,to,1
m015305,c_taylor,to,2
m015305,c_chris,cc,3
m015306,c_maya,to,0
m015307,c_noah,to,0
m015307,c_elena,to,1
m015307,c_taylor,to,2
m015307,c_chris,cc,3
m015308,c_maya,to,0
m015309,c_noah,to,0
m015309,c_elena,to,1
m015309,c_taylor,to,2
m015309,c_chris,cc,3
m015310,c_maya,to,0
m015311,c_noah,to,0
m015311,c_elena,to,1
m015311,c_taylor,to,2
m015311,c_chris,cc,3
m015312,c_maya,to,0
m015313,c_chris,to,0
m015313,c_noah,to,1
m015313,c_elena,to,2
m015313,c_marcus,cc,3
m015314,c_maya,to,0
m015315,c_chris,to,0
m015315,c_noah,to,1
m015315,c_elena,to,2
m015315,c_marcus,cc,3
m015316,c_maya,to,0
m015317,c_chris,to,0
m015317,c_noah,to,1
m015317,c_elena,to,2
m015317,c_marcus,cc,3
m015318,c_maya,to,0
m015319,c_chris,to,0
m015319,c_noah,to,1
m015319,c_elena,to,2
m015319,c_marcus,cc,3
m015320,c_maya,to,0
m015321,c_priya,to,0
m015321,c_quinn,cc,1
m015322,c_maya,to,0
m015323,c_priya,to,0
m015323,c_quinn,cc,1
m015324,c_maya,to,0
m015325,c_priya,to,0
m015325,c_quinn,cc,1
m015326,c_maya,to,0
m015327,c_priya,to,0
m015327,c_quinn,cc,1
m015328,c_maya,to,0
m015329,c_priya,to,0
m015329,c_quinn,cc,1
m015330,c_maya,to,0
m015331,c_priya,to,0
m015331,c_quinn,cc,1
m015332,c_maya,to,0
m015333,c_elena,to,0
m015333,c_taylor,to,1
m015333,c_lena,to,2
m015334,c_noah,to,0
m015335,c_elena,to,0
m015335,c_taylor,to,1
m015335,c_lena,to,2
m015336,c_noah,to,0
m015337,c_elena,to,0
m015337,c_taylor,to,1
m015337,c_lena,to,2
m015338,c_noah,to,0
m015339,c_elena,to,0
m015339,c_taylor,to,1
m015339,c_lena,to,2
m015340,c_noah,to,0
m015341,c_elena,to,0
m015341,c_taylor,to,1
m015341,c_lena,to,2
m015342,c_noah,to,0
m015343,c_elena,to,0
m015343,c_taylor,to,1
m015343,c_lena,to,2
m015344,c_noah,to,0
m015345,c_noah,to,0
m015345,c_taylor,to,1
m015345,c_chris,cc,2
m015346,c_elena,to,0
m015347,c_noah,to,0
m015347,c_taylor,to,1
m015347,c_chris,cc,2
m015348,c_elena,to,0
m015349,c_noah,to,0
m015349,c_taylor,to,1
m015349,c_chris,cc,2
m015350,c_elena,to,0
m015351,c_noah,to,0
m015351,c_taylor,to,1
m015351,c_chris,cc,2
m015352,c_elena,to,0
m015353,c_noah,to,0
m015354,c_taylor,to,0
m015355,c_noah,to,0
m015356,c_taylor,to,0
m015357,c_avery,to,0
m015357,c_devon,to,1
m015358,c_alex_chan,to,0
m015359,c_avery,to,0
m015359,c_devon,to,1
m015360,c_alex_chan,to,0
m015361,c_maya,to,0
m015362,c_alex_chen,to,0
m015363,c_quinn,to,0
m015364,c_priya,to,0
m015365,c_marcus,to,0
m015366,c_chris,to,0
m015367,c_marcus,to,0
m015368,c_chris,to,0
m015369,c_hana,to,0
m015370,c_sam,to,0
m015371,c_alex_chan,to,0
m015372,c_maya,to,0
m015373,c_alex_chan,to,0
m015374,c_maya,to,0
m015375,c_alex_chan,to,0
m015376,c_maya,to,0
m015377,c_alex_chan,to,0
m015378,c_maya,to,0
m015379,c_alex_chan,to,0
m015380,c_maya,to,0
m015381,c_alex_chan,to,0
m015382,c_maya,to,0
m015383,c_jamie_lee,to,0
m015384,c_maya,to,0
m015385,c_jamie_lee,to,0
m015386,c_maya,to,0
m015387,c_jamie_lee,to,0
m015388,c_maya,to,0
m015389,c_jamie_lee,to,0
m015390,c_maya,to,0
m015391,c_jamie_lee,to,0
m015392,c_maya,to,0
m015393,c_jamie_lee,to,0
m015394,c_maya,to,0
m015395,c_morgan_shaw,to,0
m015396,c_maya,to,0
m015397,c_morgan_shaw,to,0
m015398,c_maya,to,0
m015399,c_morgan_shaw,to,0
m015400,c_maya,to,0
m015401,c_morgan_shaw,to,0
m015402,c_maya,to,0
m015403,c_morgan_shaw,to,0
m015404,c_maya,to,0
m015405,c_morgan_shaw,to,0
m015406,c_maya,to,0
m015407,c_alex_chen,to,0
m015408,c_maya,to,0
m015409,c_alex_chen,to,0
m015410,c_maya,to,0
m015411,c_alex_chen,to,0
m015412,c_maya,to,0
m015413,c_alex_chen,to,0
m015414,c_maya,to,0
m015415,c_jamie_li,to,0
m015416,c_maya,to,0
m015417,c_jamie_li,to,0
m015418,c_maya,to,0
m015419,c_jamie_li,to,0
m015420,c_maya,to,0
m015421,c_jamie_li,to,0
m015422,c_maya,to,0
m015423,c_morgan_zhao,to,0
m015424,c_maya,to,0
m015425,c_morgan_zhao,to,0
m015426,c_maya,to,0
m015427,c_morgan_zhao,to,0
m015428,c_maya,to,0
m015429,c_morgan_zhao,to,0
m015430,c_maya,to,0
m015431,c_lee,to,0
m015432,c_maya,to,0
m015433,c_lee,to,0
m015434,c_maya,to,0
m015435,c_lee,to,0
m015436,c_maya,to,0
m015437,c_lee,to,0
m015438,c_maya,to,0
m015439,c_lee,to,0
m015440,c_maya,to,0
m015441,c_lee,to,0
m015442,c_maya,to,0
m015443,c_pat,to,0
m015444,c_maya,to,0
m015445,c_pat,to,0
m015446,c_maya,to,0
m015447,c_pat,to,0
m015448,c_maya,to,0
m015449,c_pat,to,0
m015450,c_maya,to,0
m015451,c_pat,to,0
m015452,c_maya,to,0
m015453,c_pat,to,0
m015454,c_maya,to,0
m015455,c_ren,to,0
m015456,c_maya,to,0
m015457,c_ren,to,0
m015458,c_maya,to,0
m015459,c_ren,to,0
m015460,c_maya,to,0
m015461,c_ren,to,0
m015462,c_maya,to,0
m015463,c_ren,to,0
m015464,c_maya,to,0
m015465,c_ren,to,0
m015466,c_maya,to,0
m015467,c_sam,to,0
m015468,c_maya,to,0
m015469,c_hana,to,0
m015470,c_maya,to,0
m015471,c_fac_001,to,0
m015472,c_maya,to,0
m015473,c_fac_002,to,0
m015474,c_maya,to,0
m015475,c_fac_003,to,0
m015476,c_maya,to,0
m015477,c_fac_004,to,0
m015478,c_maya,to,0
m015479,c_fac_005,to,0
m015480,c_maya,to,0
m015481,c_fac_006,to,0
m015482,c_maya,to,0
m015483,c_fac_007,to,0
m015484,c_maya,to,0
m015485,c_fac_008,to,0
m015486,c_maya,to,0
m015487,c_fac_009,to,0
m015488,c_maya,to,0
m015489,c_fac_010,to,0
m015490,c_maya,to,0
m015491,c_fac_011,to,0
m015492,c_maya,to,0
m015493,c_fac_012,to,0
m015494,c_maya,to,0
m015495,c_fac_013,to,0
m015496,c_maya,to,0
m015497,c_fac_014,to,0
m015498,c_maya,to,0
m015499,c_fac_015,to,0
m015500,c_maya,to,0
m015501,c_fac_016,to,0
m015502,c_maya,to,0
m015503,c_fac_017,to,0
m015504,c_maya,to,0
m015505,c_noah,to,0
m015505,c_elena,to,1
m015505,c_taylor,to,2
m015505,c_chris,cc,3
m015506,c_maya,to,0
m015507,c_noah,to,0
m015507,c_elena,to,1
m015507,c_taylor,to,2
m015507,c_chris,cc,3
m015508,c_maya,to,0
m015509,c_noah,to,0
m015509,c_elena,to,1
m015509,c_taylor,to,2
m015509,c_chris,cc,3
m015510,c_maya,to,0
m015511,c_noah,to,0
m015511,c_elena,to,1
m015511,c_taylor,to,2
m015511,c_chris,cc,3
m015512,c_maya,to,0
m015513,c_noah,to,0
m015513,c_elena,to,1
m015513,c_taylor,to,2
m015513,c_chris,cc,3
m015514,c_maya,to,0
m015515,c_noah,to,0
m015515,c_elena,to,1
m015515,c_taylor,to,2
m015515,c_chris,cc,3
m015516,c_maya,to,0
m015517,c_noah,to,0
m015517,c_elena,to,1
m015517,c_taylor,to,2
m015517,c_chris,cc,3
m015518,c_maya,to,0
m015519,c_noah,to,0
m015519,c_elena,to,1
m015519,c_taylor,to,2
m015519,c_chris,cc,3
m015520,c_maya,to,0
m015521,c_noah,to,0
m015521,c_elena,to,1
m015521,c_taylor,to,2
m015521,c_chris,cc,3
m015522,c_maya,to,0
m015523,c_noah,to,0
m015523,c_elena,to,1
m015523,c_taylor,to,2
m015523,c_chris,cc,3
m015524,c_maya,to,0
m015525,c_noah,to,0
m015525,c_elena,to,1
m015525,c_taylor,to,2
m015525,c_chris,cc,3
m015526,c_maya,to,0
m015527,c_noah,to,0
m015527,c_elena,to,1
m015527,c_taylor,to,2
m015527,c_chris,cc,3
m015528,c_maya,to,0
m015529,c_noah,to,0
m015529,c_elena,to,1
m015529,c_taylor,to,2
m015529,c_chris,cc,3
m015530,c_maya,to,0
m015531,c_noah,to,0
m015531,c_elena,to,1
m015531,c_taylor,to,2
m015531,c_chris,cc,3
m015532,c_maya,to,0
m015533,c_noah,to,0
m015533,c_elena,to,1
m015533,c_taylor,to,2
m015533,c_chris,cc,3
m015534,c_maya,to,0
m015535,c_noah,to,0
m015535,c_elena,to,1
m015535,c_taylor,to,2
m015535,c_chris,cc,3
m015536,c_maya,to,0
m015537,c_noah,to,0
m015537,c_elena,to,1
m015537,c_taylor,to,2
m015537,c_chris,cc,3
m015538,c_maya,to,0
m015539,c_noah,to,0
m015539,c_elena,to,1
m015539,c_taylor,to,2
m015539,c_chris,cc,3
m015540,c_maya,to,0
m015541,c_noah,to,0
m015541,c_elena,to,1
m015541,c_taylor,to,2
m015541,c_chris,cc,3
m015542,c_maya,to,0
m015543,c_noah,to,0
m015543,c_elena,to,1
m015543,c_taylor,to,2
m015543,c_chris,cc,3
m015544,c_maya,to,0
m015545,c_noah,to,0
m015545,c_elena,to,1
m015545,c_taylor,to,2
m015545,c_chris,cc,3
m015546,c_maya,to,0
m015547,c_noah,to,0
m015547,c_elena,to,1
m015547,c_taylor,to,2
m015547,c_chris,cc,3
m015548,c_maya,to,0
m015549,c_noah,to,0
m015549,c_elena,to,1
m015549,c_taylor,to,2
m015549,c_chris,cc,3
m015550,c_maya,to,0
m015551,c_noah,to,0
m015551,c_elena,to,1
m015551,c_taylor,to,2
m015551,c_chris,cc,3
m015552,c_maya,to,0
m015553,c_noah,to,0
m015553,c_elena,to,1
m015553,c_taylor,to,2
m015553,c_chris,cc,3
m015554,c_maya,to,0
m015555,c_noah,to,0
m015555,c_elena,to,1
m015555,c_taylor,to,2
m015555,c_chris,cc,3
m015556,c_maya,to,0
m015557,c_noah,to,0
m015557,c_elena,to,1
m015557,c_taylor,to,2
m015557,c_chris,cc,3
m015558,c_maya,to,0
m015559,c_noah,to,0
m015559,c_elena,to,1
m015559,c_taylor,to,2
m015559,c_chris,cc,3
m015560,c_maya,to,0
m015561,c_noah,to,0
m015561,c_elena,to,1
m015561,c_taylor,to,2
m015561,c_chris,cc,3
m015562,c_maya,to,0
m015563,c_noah,to,0
m015563,c_elena,to,1
m015563,c_taylor,to,2
m015563,c_chris,cc,3
m015564,c_maya,to,0
m015565,c_noah,to,0
m015565,c_elena,to,1
m015565,c_taylor,to,2
m015565,c_chris,cc,3
m015566,c_maya,to,0
m015567,c_noah,to,0
m015567,c_elena,to,1
m015567,c_taylor,to,2
m015567,c_chris,cc,3
m015568,c_maya,to,0
m015569,c_noah,to,0
m015569,c_elena,to,1
m015569,c_taylor,to,2
m015569,c_chris,cc,3
m015570,c_maya,to,0
m015571,c_noah,to,0
m015571,c_elena,to,1
m015571,c_taylor,to,2
m015571,c_chris,cc,3
m015572,c_maya,to,0
m015573,c_noah,to,0
m015573,c_elena,to,1
m015573,c_taylor,to,2
m015573,c_chris,cc,3
m015574,c_maya,to,0
m015575,c_noah,to,0
m015575,c_elena,to,1
m015575,c_taylor,to,2
m015575,c_chris,cc,3
m015576,c_maya,to,0
m015577,c_noah,to,0
m015577,c_elena,to,1
m015577,c_taylor,to,2
m015577,c_chris,cc,3
m015578,c_maya,to,0
m015579,c_noah,to,0
m015579,c_elena,to,1
m015579,c_taylor,to,2
m015579,c_chris,cc,3
m015580,c_maya,to,0
m015581,c_noah,to,0
m015581,c_elena,to,1
m015581,c_taylor,to,2
m015581,c_chris,cc,3
m015582,c_maya,to,0
m015583,c_noah,to,0
m015583,c_elena,to,1
m015583,c_taylor,to,2
m015583,c_chris,cc,3
m015584,c_maya,to,0
m015585,c_chris,to,0
m015585,c_noah,to,1
m015585,c_elena,to,2
m015585,c_marcus,cc,3
m015586,c_maya,to,0
m015587,c_chris,to,0
m015587,c_noah,to,1
m015587,c_elena,to,2
m015587,c_marcus,cc,3
m015588,c_maya,to,0
m015589,c_chris,to,0
m015589,c_noah,to,1
m015589,c_elena,to,2
m015589,c_marcus,cc,3
m015590,c_maya,to,0
m015591,c_chris,to,0
m015591,c_noah,to,1
m015591,c_elena,to,2
m015591,c_marcus,cc,3
m015592,c_maya,to,0
m015593,c_priya,to,0
m015593,c_quinn,cc,1
m015594,c_maya,to,0
m015595,c_priya,to,0
m015595,c_quinn,cc,1
m015596,c_maya,to,0
m015597,c_priya,to,0
m015597,c_quinn,cc,1
m015598,c_maya,to,0
m015599,c_priya,to,0
m015599,c_quinn,cc,1
m015600,c_maya,to,0
m015601,c_priya,to,0
m015601,c_quinn,cc,1
m015602,c_maya,to,0
m015603,c_priya,to,0
m015603,c_quinn,cc,1
m015604,c_maya,to,0
m015605,c_elena,to,0
m015605,c_taylor,to,1
m015605,c_lena,to,2
m015606,c_noah,to,0
m015607,c_elena,to,0
m015607,c_taylor,to,1
m015607,c_lena,to,2
m015608,c_noah,to,0
m015609,c_elena,to,0
m015609,c_taylor,to,1
m015609,c_lena,to,2
m015610,c_noah,to,0
m015611,c_elena,to,0
m015611,c_taylor,to,1
m015611,c_lena,to,2
m015612,c_noah,to,0
m015613,c_elena,to,0
m015613,c_taylor,to,1
m015613,c_lena,to,2
m015614,c_noah,to,0
m015615,c_elena,to,0
m015615,c_taylor,to,1
m015615,c_lena,to,2
m015616,c_noah,to,0
m015617,c_noah,to,0
m015617,c_taylor,to,1
m015617,c_chris,cc,2
m015618,c_elena,to,0
m015619,c_noah,to,0
m015619,c_taylor,to,1
m015619,c_chris,cc,2
m015620,c_elena,to,0
m015621,c_noah,to,0
m015621,c_taylor,to,1
m015621,c_chris,cc,2
m015622,c_elena,to,0
m015623,c_noah,to,0
m015623,c_taylor,to,1
m015623,c_chris,cc,2
m015624,c_elena,to,0
m015625,c_noah,to,0
m015626,c_taylor,to,0
m015627,c_noah,to,0
m015628,c_taylor,to,0
m015629,c_avery,to,0
m015629,c_devon,to,1
m015630,c_alex_chan,to,0
m015631,c_avery,to,0
m015631,c_devon,to,1
m015632,c_alex_chan,to,0
m015633,c_maya,to,0
m015634,c_alex_chen,to,0
m015635,c_quinn,to,0
m015636,c_priya,to,0
m015637,c_marcus,to,0
m015638,c_chris,to,0
m015639,c_marcus,to,0
m015640,c_chris,to,0
m015641,c_hana,to,0
m015642,c_sam,to,0
m015643,c_alex_chan,to,0
m015644,c_maya,to,0
m015645,c_alex_chan,to,0
m015646,c_maya,to,0
m015647,c_alex_chan,to,0
m015648,c_maya,to,0
m015649,c_alex_chan,to,0
m015650,c_maya,to,0
m015651,c_alex_chan,to,0
m015652,c_maya,to,0
m015653,c_alex_chan,to,0
m015654,c_maya,to,0
m015655,c_jamie_lee,to,0
m015656,c_maya,to,0
m015657,c_jamie_lee,to,0
m015658,c_maya,to,0
m015659,c_jamie_lee,to,0
m015660,c_maya,to,0
m015661,c_jamie_lee,to,0
m015662,c_maya,to,0
m015663,c_jamie_lee,to,0
m015664,c_maya,to,0
m015665,c_jamie_lee,to,0
m015666,c_maya,to,0
m015667,c_morgan_shaw,to,0
m015668,c_maya,to,0
m015669,c_morgan_shaw,to,0
m015670,c_maya,to,0
m015671,c_morgan_shaw,to,0
m015672,c_maya,to,0
m015673,c_morgan_shaw,to,0
m015674,c_maya,to,0
m015675,c_morgan_shaw,to,0
m015676,c_maya,to,0
m015677,c_morgan_shaw,to,0
m015678,c_maya,to,0
m015679,c_alex_chen,to,0
m015680,c_maya,to,0
m015681,c_alex_chen,to,0
m015682,c_maya,to,0
m015683,c_alex_chen,to,0
m015684,c_maya,to,0
m015685,c_alex_chen,to,0
m015686,c_maya,to,0
m015687,c_jamie_li,to,0
m015688,c_maya,to,0
m015689,c_jamie_li,to,0
m015690,c_maya,to,0
m015691,c_jamie_li,to,0
m015692,c_maya,to,0
m015693,c_jamie_li,to,0
m015694,c_maya,to,0
m015695,c_morgan_zhao,to,0
m015696,c_maya,to,0
m015697,c_morgan_zhao,to,0
m015698,c_maya,to,0
m015699,c_morgan_zhao,to,0
m015700,c_maya,to,0
m015701,c_morgan_zhao,to,0
m015702,c_maya,to,0
m015703,c_lee,to,0
m015704,c_maya,to,0
m015705,c_lee,to,0
m015706,c_maya,to,0
m015707,c_lee,to,0
m015708,c_maya,to,0
m015709,c_lee,to,0
m015710,c_maya,to,0
m015711,c_lee,to,0
m015712,c_maya,to,0
m015713,c_lee,to,0
m015714,c_maya,to,0
m015715,c_pat,to,0
m015716,c_maya,to,0
m015717,c_pat,to,0
m015718,c_maya,to,0
m015719,c_pat,to,0
m015720,c_maya,to,0
m015721,c_pat,to,0
m015722,c_maya,to,0
m015723,c_pat,to,0
m015724,c_maya,to,0
m015725,c_pat,to,0
m015726,c_maya,to,0
m015727,c_ren,to,0
m015728,c_maya,to,0
m015729,c_ren,to,0
m015730,c_maya,to,0
m015731,c_ren,to,0
m015732,c_maya,to,0
m015733,c_ren,to,0
m015734,c_maya,to,0
m015735,c_ren,to,0
m015736,c_maya,to,0
m015737,c_ren,to,0
m015738,c_maya,to,0
m015739,c_sam,to,0
m015740,c_maya,to,0
m015741,c_hana,to,0
m015742,c_maya,to,0
m015743,c_fac_001,to,0
m015744,c_maya,to,0
m015745,c_fac_002,to,0
m015746,c_maya,to,0
m015747,c_fac_003,to,0
m015748,c_maya,to,0
m015749,c_fac_004,to,0
m015750,c_maya,to,0
m015751,c_fac_005,to,0
m015752,c_maya,to,0
m015753,c_fac_006,to,0
m015754,c_maya,to,0
m015755,c_fac_007,to,0
m015756,c_maya,to,0
m015757,c_fac_008,to,0
m015758,c_maya,to,0
m015759,c_fac_009,to,0
m015760,c_maya,to,0
m015761,c_fac_010,to,0
m015762,c_maya,to,0
m015763,c_fac_011,to,0
m015764,c_maya,to,0
m015765,c_fac_012,to,0
m015766,c_maya,to,0
m015767,c_fac_013,to,0
m015768,c_maya,to,0
m015769,c_fac_014,to,0
m015770,c_maya,to,0
m015771,c_fac_015,to,0
m015772,c_maya,to,0
m015773,c_fac_016,to,0
m015774,c_maya,to,0
m015775,c_fac_017,to,0
m015776,c_maya,to,0
m015777,c_noah,to,0
m015777,c_elena,to,1
m015777,c_taylor,to,2
m015777,c_chris,cc,3
m015778,c_maya,to,0
m015779,c_noah,to,0
m015779,c_elena,to,1
m015779,c_taylor,to,2
m015779,c_chris,cc,3
m015780,c_maya,to,0
m015781,c_noah,to,0
m015781,c_elena,to,1
m015781,c_taylor,to,2
m015781,c_chris,cc,3
m015782,c_maya,to,0
m015783,c_noah,to,0
m015783,c_elena,to,1
m015783,c_taylor,to,2
m015783,c_chris,cc,3
m015784,c_maya,to,0
m015785,c_noah,to,0
m015785,c_elena,to,1
m015785,c_taylor,to,2
m015785,c_chris,cc,3
m015786,c_maya,to,0
m015787,c_noah,to,0
m015787,c_elena,to,1
m015787,c_taylor,to,2
m015787,c_chris,cc,3
m015788,c_maya,to,0
m015789,c_noah,to,0
m015789,c_elena,to,1
m015789,c_taylor,to,2
m015789,c_chris,cc,3
m015790,c_maya,to,0
m015791,c_noah,to,0
m015791,c_elena,to,1
m015791,c_taylor,to,2
m015791,c_chris,cc,3
m015792,c_maya,to,0
m015793,c_noah,to,0
m015793,c_elena,to,1
m015793,c_taylor,to,2
m015793,c_chris,cc,3
m015794,c_maya,to,0
m015795,c_noah,to,0
m015795,c_elena,to,1
m015795,c_taylor,to,2
m015795,c_chris,cc,3
m015796,c_maya,to,0
m015797,c_noah,to,0
m015797,c_elena,to,1
m015797,c_taylor,to,2
m015797,c_chris,cc,3
m015798,c_maya,to,0
m015799,c_noah,to,0
m015799,c_elena,to,1
m015799,c_taylor,to,2
m015799,c_chris,cc,3
m015800,c_maya,to,0
m015801,c_noah,to,0
m015801,c_elena,to,1
m015801,c_taylor,to,2
m015801,c_chris,cc,3
m015802,c_maya,to,0
m015803,c_noah,to,0
m015803,c_elena,to,1
m015803,c_taylor,to,2
m015803,c_chris,cc,3
m015804,c_maya,to,0
m015805,c_noah,to,0
m015805,c_elena,to,1
m015805,c_taylor,to,2
m015805,c_chris,cc,3
m015806,c_maya,to,0
m015807,c_noah,to,0
m015807,c_elena,to,1
m015807,c_taylor,to,2
m015807,c_chris,cc,3
m015808,c_maya,to,0
m015809,c_noah,to,0
m015809,c_elena,to,1
m015809,c_taylor,to,2
m015809,c_chris,cc,3
m015810,c_maya,to,0
m015811,c_noah,to,0
m015811,c_elena,to,1
m015811,c_taylor,to,2
m015811,c_chris,cc,3
m015812,c_maya,to,0
m015813,c_noah,to,0
m015813,c_elena,to,1
m015813,c_taylor,to,2
m015813,c_chris,cc,3
m015814,c_maya,to,0
m015815,c_noah,to,0
m015815,c_elena,to,1
m015815,c_taylor,to,2
m015815,c_chris,cc,3
m015816,c_maya,to,0
m015817,c_noah,to,0
m015817,c_elena,to,1
m015817,c_taylor,to,2
m015817,c_chris,cc,3
m015818,c_maya,to,0
m015819,c_noah,to,0
m015819,c_elena,to,1
m015819,c_taylor,to,2
m015819,c_chris,cc,3
m015820,c_maya,to,0
m015821,c_noah,to,0
m015821,c_elena,to,1
m015821,c_taylor,to,2
m015821,c_chris,cc,3
m015822,c_maya,to,0
m015823,c_noah,to,0
m015823,c_elena,to,1
m015823,c_taylor,to,2
m015823,c_chris,cc,3
m015824,c_maya,to,0
m015825,c_noah,to,0
m015825,c_elena,to,1
m015825,c_taylor,to,2
m015825,c_chris,cc,3
m015826,c_maya,to,0
m015827,c_noah,to,0
m015827,c_elena,to,1
m015827,c_taylor,to,2
m015827,c_chris,cc,3
m015828,c_maya,to,0
m015829,c_noah,to,0
m015829,c_elena,to,1
m015829,c_taylor,to,2
m015829,c_chris,cc,3
m015830,c_maya,to,0
m015831,c_noah,to,0
m015831,c_elena,to,1
m015831,c_taylor,to,2
m015831,c_chris,cc,3
m015832,c_maya,to,0
m015833,c_noah,to,0
m015833,c_elena,to,1
m015833,c_taylor,to,2
m015833,c_chris,cc,3
m015834,c_maya,to,0
m015835,c_noah,to,0
m015835,c_elena,to,1
m015835,c_taylor,to,2
m015835,c_chris,cc,3
m015836,c_maya,to,0
m015837,c_noah,to,0
m015837,c_elena,to,1
m015837,c_taylor,to,2
m015837,c_chris,cc,3
m015838,c_maya,to,0
m015839,c_noah,to,0
m015839,c_elena,to,1
m015839,c_taylor,to,2
m015839,c_chris,cc,3
m015840,c_maya,to,0
m015841,c_noah,to,0
m015841,c_elena,to,1
m015841,c_taylor,to,2
m015841,c_chris,cc,3
m015842,c_maya,to,0
m015843,c_noah,to,0
m015843,c_elena,to,1
m015843,c_taylor,to,2
m015843,c_chris,cc,3
m015844,c_maya,to,0
m015845,c_noah,to,0
m015845,c_elena,to,1
m015845,c_taylor,to,2
m015845,c_chris,cc,3
m015846,c_maya,to,0
m015847,c_noah,to,0
m015847,c_elena,to,1
m015847,c_taylor,to,2
m015847,c_chris,cc,3
m015848,c_maya,to,0
m015849,c_noah,to,0
m015849,c_elena,to,1
m015849,c_taylor,to,2
m015849,c_chris,cc,3
m015850,c_maya,to,0
m015851,c_noah,to,0
m015851,c_elena,to,1
m015851,c_taylor,to,2
m015851,c_chris,cc,3
m015852,c_maya,to,0
m015853,c_noah,to,0
m015853,c_elena,to,1
m015853,c_taylor,to,2
m015853,c_chris,cc,3
m015854,c_maya,to,0
m015855,c_noah,to,0
m015855,c_elena,to,1
m015855,c_taylor,to,2
m015855,c_chris,cc,3
m015856,c_maya,to,0
m015857,c_chris,to,0
m015857,c_noah,to,1
m015857,c_elena,to,2
m015857,c_marcus,cc,3
m015858,c_maya,to,0
m015859,c_chris,to,0
m015859,c_noah,to,1
m015859,c_elena,to,2
m015859,c_marcus,cc,3
m015860,c_maya,to,0
m015861,c_chris,to,0
m015861,c_noah,to,1
m015861,c_elena,to,2
m015861,c_marcus,cc,3
m015862,c_maya,to,0
m015863,c_chris,to,0
m015863,c_noah,to,1
m015863,c_elena,to,2
m015863,c_marcus,cc,3
m015864,c_maya,to,0
m015865,c_priya,to,0
m015865,c_quinn,cc,1
m015866,c_maya,to,0
m015867,c_priya,to,0
m015867,c_quinn,cc,1
m015868,c_maya,to,0
m015869,c_priya,to,0
m015869,c_quinn,cc,1
m015870,c_maya,to,0
m015871,c_priya,to,0
m015871,c_quinn,cc,1
m015872,c_maya,to,0
m015873,c_priya,to,0
m015873,c_quinn,cc,1
m015874,c_maya,to,0
m015875,c_priya,to,0
m015875,c_quinn,cc,1
m015876,c_maya,to,0
m015877,c_elena,to,0
m015877,c_taylor,to,1
m015877,c_lena,to,2
m015878,c_noah,to,0
m015879,c_elena,to,0
m015879,c_taylor,to,1
m015879,c_lena,to,2
m015880,c_noah,to,0
m015881,c_elena,to,0
m015881,c_taylor,to,1
m015881,c_lena,to,2
m015882,c_noah,to,0
m015883,c_elena,to,0
m015883,c_taylor,to,1
m015883,c_lena,to,2
m015884,c_noah,to,0
m015885,c_elena,to,0
m015885,c_taylor,to,1
m015885,c_lena,to,2
m015886,c_noah,to,0
m015887,c_elena,to,0
m015887,c_taylor,to,1
m015887,c_lena,to,2
m015888,c_noah,to,0
m015889,c_noah,to,0
m015889,c_taylor,to,1
m015889,c_chris,cc,2
m015890,c_elena,to,0
m015891,c_noah,to,0
m015891,c_taylor,to,1
m015891,c_chris,cc,2
m015892,c_elena,to,0
m015893,c_noah,to,0
m015893,c_taylor,to,1
m015893,c_chris,cc,2
m015894,c_elena,to,0
m015895,c_noah,to,0
m015895,c_taylor,to,1
m015895,c_chris,cc,2
m015896,c_elena,to,0
m015897,c_noah,to,0
m015898,c_taylor,to,0
m015899,c_noah,to,0
m015900,c_taylor,to,0
m015901,c_avery,to,0
m015901,c_devon,to,1
m015902,c_alex_chan,to,0
m015903,c_avery,to,0
m015903,c_devon,to,1
m015904,c_alex_chan,to,0
m015905,c_maya,to,0
m015906,c_alex_chen,to,0
m015907,c_quinn,to,0
m015908,c_priya,to,0
m015909,c_marcus,to,0
m015910,c_chris,to,0
m015911,c_marcus,to,0
m015912,c_chris,to,0
m015913,c_hana,to,0
m015914,c_sam,to,0
m015915,c_alex_chan,to,0
m015916,c_maya,to,0
m015917,c_alex_chan,to,0
m015918,c_maya,to,0
m015919,c_alex_chan,to,0
m015920,c_maya,to,0
m015921,c_alex_chan,to,0
m015922,c_maya,to,0
m015923,c_alex_chan,to,0
m015924,c_maya,to,0
m015925,c_alex_chan,to,0
m015926,c_maya,to,0
m015927,c_jamie_lee,to,0
m015928,c_maya,to,0
m015929,c_jamie_lee,to,0
m015930,c_maya,to,0
m015931,c_jamie_lee,to,0
m015932,c_maya,to,0
m015933,c_jamie_lee,to,0
m015934,c_maya,to,0
m015935,c_jamie_lee,to,0
m015936,c_maya,to,0
m015937,c_jamie_lee,to,0
m015938,c_maya,to,0
m015939,c_morgan_shaw,to,0
m015940,c_maya,to,0
m015941,c_morgan_shaw,to,0
m015942,c_maya,to,0
m015943,c_morgan_shaw,to,0
m015944,c_maya,to,0
m015945,c_morgan_shaw,to,0
m015946,c_maya,to,0
m015947,c_morgan_shaw,to,0
m015948,c_maya,to,0
m015949,c_morgan_shaw,to,0
m015950,c_maya,to,0
m015951,c_alex_chen,to,0
m015952,c_maya,to,0
m015953,c_alex_chen,to,0
m015954,c_maya,to,0
m015955,c_alex_chen,to,0
m015956,c_maya,to,0
m015957,c_alex_chen,to,0
m015958,c_maya,to,0
m015959,c_jamie_li,to,0
m015960,c_maya,to,0
m015961,c_jamie_li,to,0
m015962,c_maya,to,0
m015963,c_jamie_li,to,0
m015964,c_maya,to,0
m015965,c_jamie_li,to,0
m015966,c_maya,to,0
m015967,c_morgan_zhao,to,0
m015968,c_maya,to,0
m015969,c_morgan_zhao,to,0
m015970,c_maya,to,0
m015971,c_morgan_zhao,to,0
m015972,c_maya,to,0
m015973,c_morgan_zhao,to,0
m015974,c_maya,to,0
m015975,c_lee,to,0
m015976,c_maya,to,0
m015977,c_lee,to,0
m015978,c_maya,to,0
m015979,c_lee,to,0
m015980,c_maya,to,0
m015981,c_lee,to,0
m015982,c_maya,to,0
m015983,c_lee,to,0
m015984,c_maya,to,0
m015985,c_lee,to,0
m015986,c_maya,to,0
m015987,c_pat,to,0
m015988,c_maya,to,0
m015989,c_pat,to,0
m015990,c_maya,to,0
m015991,c_pat,to,0
m015992,c_maya,to,0
m015993,c_pat,to,0
m015994,c_maya,to,0
m015995,c_pat,to,0
m015996,c_maya,to,0
m015997,c_pat,to,0
m015998,c_maya,to,0
m015999,c_ren,to,0
m016000,c_maya,to,0
m016001,c_ren,to,0
m016002,c_maya,to,0
m016003,c_ren,to,0
m016004,c_maya,to,0
m016005,c_ren,to,0
m016006,c_maya,to,0
m016007,c_ren,to,0
m016008,c_maya,to,0
m016009,c_ren,to,0
m016010,c_maya,to,0
m016011,c_sam,to,0
m016012,c_maya,to,0
m016013,c_hana,to,0
m016014,c_maya,to,0
m016015,c_fac_001,to,0
m016016,c_maya,to,0
m016017,c_fac_002,to,0
m016018,c_maya,to,0
m016019,c_fac_003,to,0
m016020,c_maya,to,0
m016021,c_fac_004,to,0
m016022,c_maya,to,0
m016023,c_fac_005,to,0
m016024,c_maya,to,0
m016025,c_fac_006,to,0
m016026,c_maya,to,0
m016027,c_fac_007,to,0
m016028,c_maya,to,0
m016029,c_fac_008,to,0
m016030,c_maya,to,0
m016031,c_fac_009,to,0
m016032,c_maya,to,0
m016033,c_fac_010,to,0
m016034,c_maya,to,0
m016035,c_fac_011,to,0
m016036,c_maya,to,0
m016037,c_fac_012,to,0
m016038,c_maya,to,0
m016039,c_fac_013,to,0
m016040,c_maya,to,0
m016041,c_fac_014,to,0
m016042,c_maya,to,0
m016043,c_fac_015,to,0
m016044,c_maya,to,0
m016045,c_fac_016,to,0
m016046,c_maya,to,0
m016047,c_fac_017,to,0
m016048,c_maya,to,0
m016049,c_noah,to,0
m016049,c_elena,to,1
m016049,c_taylor,to,2
m016049,c_chris,cc,3
m016050,c_maya,to,0
m016051,c_noah,to,0
m016051,c_elena,to,1
m016051,c_taylor,to,2
m016051,c_chris,cc,3
m016052,c_maya,to,0
m016053,c_noah,to,0
m016053,c_elena,to,1
m016053,c_taylor,to,2
m016053,c_chris,cc,3
m016054,c_maya,to,0
m016055,c_noah,to,0
m016055,c_elena,to,1
m016055,c_taylor,to,2
m016055,c_chris,cc,3
m016056,c_maya,to,0
m016057,c_noah,to,0
m016057,c_elena,to,1
m016057,c_taylor,to,2
m016057,c_chris,cc,3
m016058,c_maya,to,0
m016059,c_noah,to,0
m016059,c_elena,to,1
m016059,c_taylor,to,2
m016059,c_chris,cc,3
m016060,c_maya,to,0
m016061,c_noah,to,0
m016061,c_elena,to,1
m016061,c_taylor,to,2
m016061,c_chris,cc,3
m016062,c_maya,to,0
m016063,c_noah,to,0
m016063,c_elena,to,1
m016063,c_taylor,to,2
m016063,c_chris,cc,3
m016064,c_maya,to,0
m016065,c_noah,to,0
m016065,c_elena,to,1
m016065,c_taylor,to,2
m016065,c_chris,cc,3
m016066,c_maya,to,0
m016067,c_noah,to,0
m016067,c_elena,to,1
m016067,c_taylor,to,2
m016067,c_chris,cc,3
m016068,c_maya,to,0
m016069,c_noah,to,0
m016069,c_elena,to,1
m016069,c_taylor,to,2
m016069,c_chris,cc,3
m016070,c_maya,to,0
m016071,c_noah,to,0
m016071,c_elena,to,1
m016071,c_taylor,to,2
m016071,c_chris,cc,3
m016072,c_maya,to,0
m016073,c_noah,to,0
m016073,c_elena,to,1
m016073,c_taylor,to,2
m016073,c_chris,cc,3
m016074,c_maya,to,0
m016075,c_noah,to,0
m016075,c_elena,to,1
m016075,c_taylor,to,2
m016075,c_chris,cc,3
m016076,c_maya,to,0
m016077,c_noah,to,0
m016077,c_elena,to,1
m016077,c_taylor,to,2
m016077,c_chris,cc,3
m016078,c_maya,to,0
m016079,c_noah,to,0
m016079,c_elena,to,1
m016079,c_taylor,to,2
m016079,c_chris,cc,3
m016080,c_maya,to,0
m016081,c_noah,to,0
m016081,c_elena,to,1
m016081,c_taylor,to,2
m016081,c_chris,cc,3
m016082,c_maya,to,0
m016083,c_noah,to,0
m016083,c_elena,to,1
m016083,c_taylor,to,2
m016083,c_chris,cc,3
m016084,c_maya,to,0
m016085,c_noah,to,0
m016085,c_elena,to,1
m016085,c_taylor,to,2
m016085,c_chris,cc,3
m016086,c_maya,to,0
m016087,c_noah,to,0
m016087,c_elena,to,1
m016087,c_taylor,to,2
m016087,c_chris,cc,3
m016088,c_maya,to,0
m016089,c_noah,to,0
m016089,c_elena,to,1
m016089,c_taylor,to,2
m016089,c_chris,cc,3
m016090,c_maya,to,0
m016091,c_noah,to,0
m016091,c_elena,to,1
m016091,c_taylor,to,2
m016091,c_chris,cc,3
m016092,c_maya,to,0
m016093,c_noah,to,0
m016093,c_elena,to,1
m016093,c_taylor,to,2
m016093,c_chris,cc,3
m016094,c_maya,to,0
m016095,c_noah,to,0
m016095,c_elena,to,1
m016095,c_taylor,to,2
m016095,c_chris,cc,3
m016096,c_maya,to,0
m016097,c_noah,to,0
m016097,c_elena,to,1
m016097,c_taylor,to,2
m016097,c_chris,cc,3
m016098,c_maya,to,0
m016099,c_noah,to,0
m016099,c_elena,to,1
m016099,c_taylor,to,2
m016099,c_chris,cc,3
m016100,c_maya,to,0
m016101,c_noah,to,0
m016101,c_elena,to,1
m016101,c_taylor,to,2
m016101,c_chris,cc,3
m016102,c_maya,to,0
m016103,c_noah,to,0
m016103,c_elena,to,1
m016103,c_taylor,to,2
m016103,c_chris,cc,3
m016104,c_maya,to,0
m016105,c_noah,to,0
m016105,c_elena,to,1
m016105,c_taylor,to,2
m016105,c_chris,cc,3
m016106,c_maya,to,0
m016107,c_noah,to,0
m016107,c_elena,to,1
m016107,c_taylor,to,2
m016107,c_chris,cc,3
m016108,c_maya,to,0
m016109,c_noah,to,0
m016109,c_elena,to,1
m016109,c_taylor,to,2
m016109,c_chris,cc,3
m016110,c_maya,to,0
m016111,c_noah,to,0
m016111,c_elena,to,1
m016111,c_taylor,to,2
m016111,c_chris,cc,3
m016112,c_maya,to,0
m016113,c_noah,to,0
m016113,c_elena,to,1
m016113,c_taylor,to,2
m016113,c_chris,cc,3
m016114,c_maya,to,0
m016115,c_noah,to,0
m016115,c_elena,to,1
m016115,c_taylor,to,2
m016115,c_chris,cc,3
m016116,c_maya,to,0
m016117,c_noah,to,0
m016117,c_elena,to,1
m016117,c_taylor,to,2
m016117,c_chris,cc,3
m016118,c_maya,to,0
m016119,c_noah,to,0
m016119,c_elena,to,1
m016119,c_taylor,to,2
m016119,c_chris,cc,3
m016120,c_maya,to,0
m016121,c_noah,to,0
m016121,c_elena,to,1
m016121,c_taylor,to,2
m016121,c_chris,cc,3
m016122,c_maya,to,0
m016123,c_noah,to,0
m016123,c_elena,to,1
m016123,c_taylor,to,2
m016123,c_chris,cc,3
m016124,c_maya,to,0
m016125,c_noah,to,0
m016125,c_elena,to,1
m016125,c_taylor,to,2
m016125,c_chris,cc,3
m016126,c_maya,to,0
m016127,c_noah,to,0
m016127,c_elena,to,1
m016127,c_taylor,to,2
m016127,c_chris,cc,3
m016128,c_maya,to,0
m016129,c_chris,to,0
m016129,c_noah,to,1
m016129,c_elena,to,2
m016129,c_marcus,cc,3
m016130,c_maya,to,0
m016131,c_chris,to,0
m016131,c_noah,to,1
m016131,c_elena,to,2
m016131,c_marcus,cc,3
m016132,c_maya,to,0
m016133,c_chris,to,0
m016133,c_noah,to,1
m016133,c_elena,to,2
m016133,c_marcus,cc,3
m016134,c_maya,to,0
m016135,c_chris,to,0
m016135,c_noah,to,1
m016135,c_elena,to,2
m016135,c_marcus,cc,3
m016136,c_maya,to,0
m016137,c_priya,to,0
m016137,c_quinn,cc,1
m016138,c_maya,to,0
m016139,c_priya,to,0
m016139,c_quinn,cc,1
m016140,c_maya,to,0
m016141,c_priya,to,0
m016141,c_quinn,cc,1
m016142,c_maya,to,0
m016143,c_priya,to,0
m016143,c_quinn,cc,1
m016144,c_maya,to,0
m016145,c_priya,to,0
m016145,c_quinn,cc,1
m016146,c_maya,to,0
m016147,c_priya,to,0
m016147,c_quinn,cc,1
m016148,c_maya,to,0
m016149,c_elena,to,0
m016149,c_taylor,to,1
m016149,c_lena,to,2
m016150,c_noah,to,0
m016151,c_elena,to,0
m016151,c_taylor,to,1
m016151,c_lena,to,2
m016152,c_noah,to,0
m016153,c_elena,to,0
m016153,c_taylor,to,1
m016153,c_lena,to,2
m016154,c_noah,to,0
m016155,c_elena,to,0
m016155,c_taylor,to,1
m016155,c_lena,to,2
m016156,c_noah,to,0
m016157,c_elena,to,0
m016157,c_taylor,to,1
m016157,c_lena,to,2
m016158,c_noah,to,0
m016159,c_elena,to,0
m016159,c_taylor,to,1
m016159,c_lena,to,2
m016160,c_noah,to,0
m016161,c_noah,to,0
m016161,c_taylor,to,1
m016161,c_chris,cc,2
m016162,c_elena,to,0
m016163,c_noah,to,0
m016163,c_taylor,to,1
m016163,c_chris,cc,2
m016164,c_elena,to,0
m016165,c_noah,to,0
m016165,c_taylor,to,1
m016165,c_chris,cc,2
m016166,c_elena,to,0
m016167,c_noah,to,0
m016167,c_taylor,to,1
m016167,c_chris,cc,2
m016168,c_elena,to,0
m016169,c_noah,to,0
m016170,c_taylor,to,0
m016171,c_noah,to,0
m016172,c_taylor,to,0
m016173,c_avery,to,0
m016173,c_devon,to,1
m016174,c_alex_chan,to,0
m016175,c_avery,to,0
m016175,c_devon,to,1
m016176,c_alex_chan,to,0
m016177,c_maya,to,0
m016178,c_alex_chen,to,0
m016179,c_quinn,to,0
m016180,c_priya,to,0
m016181,c_marcus,to,0
m016182,c_chris,to,0
m016183,c_marcus,to,0
m016184,c_chris,to,0
m016185,c_hana,to,0
m016186,c_sam,to,0
m016187,c_alex_chan,to,0
m016188,c_maya,to,0
m016189,c_alex_chan,to,0
m016190,c_maya,to,0
m016191,c_alex_chan,to,0
m016192,c_maya,to,0
m016193,c_alex_chan,to,0
m016194,c_maya,to,0
m016195,c_alex_chan,to,0
m016196,c_maya,to,0
m016197,c_alex_chan,to,0
m016198,c_maya,to,0
m016199,c_jamie_lee,to,0
m016200,c_maya,to,0
m016201,c_jamie_lee,to,0
m016202,c_maya,to,0
m016203,c_jamie_lee,to,0
m016204,c_maya,to,0
m016205,c_jamie_lee,to,0
m016206,c_maya,to,0
m016207,c_jamie_lee,to,0
m016208,c_maya,to,0
m016209,c_jamie_lee,to,0
m016210,c_maya,to,0
m016211,c_morgan_shaw,to,0
m016212,c_maya,to,0
m016213,c_morgan_shaw,to,0
m016214,c_maya,to,0
m016215,c_morgan_shaw,to,0
m016216,c_maya,to,0
m016217,c_morgan_shaw,to,0
m016218,c_maya,to,0
m016219,c_morgan_shaw,to,0
m016220,c_maya,to,0
m016221,c_morgan_shaw,to,0
m016222,c_maya,to,0
m016223,c_alex_chen,to,0
m016224,c_maya,to,0
m016225,c_alex_chen,to,0
m016226,c_maya,to,0
m016227,c_alex_chen,to,0
m016228,c_maya,to,0
m016229,c_alex_chen,to,0
m016230,c_maya,to,0
m016231,c_jamie_li,to,0
m016232,c_maya,to,0
m016233,c_jamie_li,to,0
m016234,c_maya,to,0
m016235,c_jamie_li,to,0
m016236,c_maya,to,0
m016237,c_jamie_li,to,0
m016238,c_maya,to,0
m016239,c_morgan_zhao,to,0
m016240,c_maya,to,0
m016241,c_morgan_zhao,to,0
m016242,c_maya,to,0
m016243,c_morgan_zhao,to,0
m016244,c_maya,to,0
m016245,c_morgan_zhao,to,0
m016246,c_maya,to,0
m016247,c_lee,to,0
m016248,c_maya,to,0
m016249,c_lee,to,0
m016250,c_maya,to,0
m016251,c_lee,to,0
m016252,c_maya,to,0
m016253,c_lee,to,0
m016254,c_maya,to,0
m016255,c_lee,to,0
m016256,c_maya,to,0
m016257,c_lee,to,0
m016258,c_maya,to,0
m016259,c_pat,to,0
m016260,c_maya,to,0
m016261,c_pat,to,0
m016262,c_maya,to,0
m016263,c_pat,to,0
m016264,c_maya,to,0
m016265,c_pat,to,0
m016266,c_maya,to,0
m016267,c_pat,to,0
m016268,c_maya,to,0
m016269,c_pat,to,0
m016270,c_maya,to,0
m016271,c_ren,to,0
m016272,c_maya,to,0
m016273,c_ren,to,0
m016274,c_maya,to,0
m016275,c_ren,to,0
m016276,c_maya,to,0
m016277,c_ren,to,0
m016278,c_maya,to,0
m016279,c_ren,to,0
m016280,c_maya,to,0
m016281,c_ren,to,0
m016282,c_maya,to,0
m016283,c_sam,to,0
m016284,c_maya,to,0
m016285,c_hana,to,0
m016286,c_maya,to,0
m016287,c_fac_001,to,0
m016288,c_maya,to,0
m016289,c_fac_002,to,0
m016290,c_maya,to,0
m016291,c_fac_003,to,0
m016292,c_maya,to,0
m016293,c_fac_004,to,0
m016294,c_maya,to,0
m016295,c_fac_005,to,0
m016296,c_maya,to,0
m016297,c_fac_006,to,0
m016298,c_maya,to,0
m016299,c_fac_007,to,0
m016300,c_maya,to,0
m016301,c_fac_008,to,0
m016302,c_maya,to,0
m016303,c_fac_009,to,0
m016304,c_maya,to,0
m016305,c_fac_010,to,0
m016306,c_maya,to,0
m016307,c_fac_011,to,0
m016308,c_maya,to,0
m016309,c_fac_012,to,0
m016310,c_maya,to,0
m016311,c_fac_013,to,0
m016312,c_maya,to,0
m016313,c_fac_014,to,0
m016314,c_maya,to,0
m016315,c_fac_015,to,0
m016316,c_maya,to,0
m016317,c_fac_016,to,0
m016318,c_maya,to,0
m016319,c_fac_017,to,0
m016320,c_maya,to,0
m016321,c_noah,to,0
m016321,c_elena,to,1
m016321,c_taylor,to,2
m016321,c_chris,cc,3
m016322,c_maya,to,0
m016323,c_noah,to,0
m016323,c_elena,to,1
m016323,c_taylor,to,2
m016323,c_chris,cc,3
m016324,c_maya,to,0
m016325,c_noah,to,0
m016325,c_elena,to,1
m016325,c_taylor,to,2
m016325,c_chris,cc,3
m016326,c_maya,to,0
m016327,c_noah,to,0
m016327,c_elena,to,1
m016327,c_taylor,to,2
m016327,c_chris,cc,3
m016328,c_maya,to,0
m016329,c_noah,to,0
m016329,c_elena,to,1
m016329,c_taylor,to,2
m016329,c_chris,cc,3
m016330,c_maya,to,0
m016331,c_noah,to,0
m016331,c_elena,to,1
m016331,c_taylor,to,2
m016331,c_chris,cc,3
m016332,c_maya,to,0
m016333,c_noah,to,0
m016333,c_elena,to,1
m016333,c_taylor,to,2
m016333,c_chris,cc,3
m016334,c_maya,to,0
m016335,c_noah,to,0
m016335,c_elena,to,1
m016335,c_taylor,to,2
m016335,c_chris,cc,3
m016336,c_maya,to,0
m016337,c_noah,to,0
m016337,c_elena,to,1
m016337,c_taylor,to,2
m016337,c_chris,cc,3
m016338,c_maya,to,0
m016339,c_noah,to,0
m016339,c_elena,to,1
m016339,c_taylor,to,2
m016339,c_chris,cc,3
m016340,c_maya,to,0
m016341,c_noah,to,0
m016341,c_elena,to,1
m016341,c_taylor,to,2
m016341,c_chris,cc,3
m016342,c_maya,to,0
m016343,c_noah,to,0
m016343,c_elena,to,1
m016343,c_taylor,to,2
m016343,c_chris,cc,3
m016344,c_maya,to,0
m016345,c_noah,to,0
m016345,c_elena,to,1
m016345,c_taylor,to,2
m016345,c_chris,cc,3
m016346,c_maya,to,0
m016347,c_noah,to,0
m016347,c_elena,to,1
m016347,c_taylor,to,2
m016347,c_chris,cc,3
m016348,c_maya,to,0
m016349,c_noah,to,0
m016349,c_elena,to,1
m016349,c_taylor,to,2
m016349,c_chris,cc,3
m016350,c_maya,to,0
m016351,c_noah,to,0
m016351,c_elena,to,1
m016351,c_taylor,to,2
m016351,c_chris,cc,3
m016352,c_maya,to,0
m016353,c_noah,to,0
m016353,c_elena,to,1
m016353,c_taylor,to,2
m016353,c_chris,cc,3
m016354,c_maya,to,0
m016355,c_noah,to,0
m016355,c_elena,to,1
m016355,c_taylor,to,2
m016355,c_chris,cc,3
m016356,c_maya,to,0
m016357,c_noah,to,0
m016357,c_elena,to,1
m016357,c_taylor,to,2
m016357,c_chris,cc,3
m016358,c_maya,to,0
m016359,c_noah,to,0
m016359,c_elena,to,1
m016359,c_taylor,to,2
m016359,c_chris,cc,3
m016360,c_maya,to,0
m016361,c_noah,to,0
m016361,c_elena,to,1
m016361,c_taylor,to,2
m016361,c_chris,cc,3
m016362,c_maya,to,0
m016363,c_noah,to,0
m016363,c_elena,to,1
m016363,c_taylor,to,2
m016363,c_chris,cc,3
m016364,c_maya,to,0
m016365,c_noah,to,0
m016365,c_elena,to,1
m016365,c_taylor,to,2
m016365,c_chris,cc,3
m016366,c_maya,to,0
m016367,c_noah,to,0
m016367,c_elena,to,1
m016367,c_taylor,to,2
m016367,c_chris,cc,3
m016368,c_maya,to,0
m016369,c_noah,to,0
m016369,c_elena,to,1
m016369,c_taylor,to,2
m016369,c_chris,cc,3
m016370,c_maya,to,0
m016371,c_noah,to,0
m016371,c_elena,to,1
m016371,c_taylor,to,2
m016371,c_chris,cc,3
m016372,c_maya,to,0
m016373,c_noah,to,0
m016373,c_elena,to,1
m016373,c_taylor,to,2
m016373,c_chris,cc,3
m016374,c_maya,to,0
m016375,c_noah,to,0
m016375,c_elena,to,1
m016375,c_taylor,to,2
m016375,c_chris,cc,3
m016376,c_maya,to,0
m016377,c_noah,to,0
m016377,c_elena,to,1
m016377,c_taylor,to,2
m016377,c_chris,cc,3
m016378,c_maya,to,0
m016379,c_noah,to,0
m016379,c_elena,to,1
m016379,c_taylor,to,2
m016379,c_chris,cc,3
m016380,c_maya,to,0
m016381,c_noah,to,0
m016381,c_elena,to,1
m016381,c_taylor,to,2
m016381,c_chris,cc,3
m016382,c_maya,to,0
m016383,c_noah,to,0
m016383,c_elena,to,1
m016383,c_taylor,to,2
m016383,c_chris,cc,3
m016384,c_maya,to,0
m016385,c_noah,to,0
m016385,c_elena,to,1
m016385,c_taylor,to,2
m016385,c_chris,cc,3
m016386,c_maya,to,0
m016387,c_noah,to,0
m016387,c_elena,to,1
m016387,c_taylor,to,2
m016387,c_chris,cc,3
m016388,c_maya,to,0
m016389,c_noah,to,0
m016389,c_elena,to,1
m016389,c_taylor,to,2
m016389,c_chris,cc,3
m016390,c_maya,to,0
m016391,c_noah,to,0
m016391,c_elena,to,1
m016391,c_taylor,to,2
m016391,c_chris,cc,3
m016392,c_maya,to,0
m016393,c_noah,to,0
m016393,c_elena,to,1
m016393,c_taylor,to,2
m016393,c_chris,cc,3
m016394,c_maya,to,0
m016395,c_noah,to,0
m016395,c_elena,to,1
m016395,c_taylor,to,2
m016395,c_chris,cc,3
m016396,c_maya,to,0
m016397,c_noah,to,0
m016397,c_elena,to,1
m016397,c_taylor,to,2
m016397,c_chris,cc,3
m016398,c_maya,to,0
m016399,c_noah,to,0
m016399,c_elena,to,1
m016399,c_taylor,to,2
m016399,c_chris,cc,3
m016400,c_maya,to,0
m016401,c_chris,to,0
m016401,c_noah,to,1
m016401,c_elena,to,2
m016401,c_marcus,cc,3
m016402,c_maya,to,0
m016403,c_chris,to,0
m016403,c_noah,to,1
m016403,c_elena,to,2
m016403,c_marcus,cc,3
m016404,c_maya,to,0
m016405,c_chris,to,0
m016405,c_noah,to,1
m016405,c_elena,to,2
m016405,c_marcus,cc,3
m016406,c_maya,to,0
m016407,c_chris,to,0
m016407,c_noah,to,1
m016407,c_elena,to,2
m016407,c_marcus,cc,3
m016408,c_maya,to,0
m016409,c_priya,to,0
m016409,c_quinn,cc,1
m016410,c_maya,to,0
m016411,c_priya,to,0
m016411,c_quinn,cc,1
m016412,c_maya,to,0
m016413,c_priya,to,0
m016413,c_quinn,cc,1
m016414,c_maya,to,0
m016415,c_priya,to,0
m016415,c_quinn,cc,1
m016416,c_maya,to,0
m016417,c_priya,to,0
m016417,c_quinn,cc,1
m016418,c_maya,to,0
m016419,c_priya,to,0
m016419,c_quinn,cc,1
m016420,c_maya,to,0
m016421,c_elena,to,0
m016421,c_taylor,to,1
m016421,c_lena,to,2
m016422,c_noah,to,0
m016423,c_elena,to,0
m016423,c_taylor,to,1
m016423,c_lena,to,2
m016424,c_noah,to,0
m016425,c_elena,to,0
m016425,c_taylor,to,1
m016425,c_lena,to,2
m016426,c_noah,to,0
m016427,c_elena,to,0
m016427,c_taylor,to,1
m016427,c_lena,to,2
m016428,c_noah,to,0
m016429,c_elena,to,0
m016429,c_taylor,to,1
m016429,c_lena,to,2
m016430,c_noah,to,0
m016431,c_elena,to,0
m016431,c_taylor,to,1
m016431,c_lena,to,2
m016432,c_noah,to,0
m016433,c_noah,to,0
m016433,c_taylor,to,1
m016433,c_chris,cc,2
m016434,c_elena,to,0
m016435,c_noah,to,0
m016435,c_taylor,to,1
m016435,c_chris,cc,2
m016436,c_elena,to,0
m016437,c_noah,to,0
m016437,c_taylor,to,1
m016437,c_chris,cc,2
m016438,c_elena,to,0
m016439,c_noah,to,0
m016439,c_taylor,to,1
m016439,c_chris,cc,2
m016440,c_elena,to,0
m016441,c_noah,to,0
m016442,c_taylor,to,0
m016443,c_noah,to,0
m016444,c_taylor,to,0
m016445,c_avery,to,0
m016445,c_devon,to,1
m016446,c_alex_chan,to,0
m016447,c_avery,to,0
m016447,c_devon,to,1
m016448,c_alex_chan,to,0
m016449,c_maya,to,0
m016450,c_alex_chen,to,0
m016451,c_quinn,to,0
m016452,c_priya,to,0
m016453,c_marcus,to,0
m016454,c_chris,to,0
m016455,c_marcus,to,0
m016456,c_chris,to,0
m016457,c_hana,to,0
m016458,c_sam,to,0
m016459,c_alex_chan,to,0
m016460,c_maya,to,0
m016461,c_alex_chan,to,0
m016462,c_maya,to,0
m016463,c_alex_chan,to,0
m016464,c_maya,to,0
m016465,c_alex_chan,to,0
m016466,c_maya,to,0
m016467,c_alex_chan,to,0
m016468,c_maya,to,0
m016469,c_alex_chan,to,0
m016470,c_maya,to,0
m016471,c_jamie_lee,to,0
m016472,c_maya,to,0
m016473,c_jamie_lee,to,0
m016474,c_maya,to,0
m016475,c_jamie_lee,to,0
m016476,c_maya,to,0
m016477,c_jamie_lee,to,0
m016478,c_maya,to,0
m016479,c_jamie_lee,to,0
m016480,c_maya,to,0
m016481,c_jamie_lee,to,0
m016482,c_maya,to,0
m016483,c_morgan_shaw,to,0
m016484,c_maya,to,0
m016485,c_morgan_shaw,to,0
m016486,c_maya,to,0
m016487,c_morgan_shaw,to,0
m016488,c_maya,to,0
m016489,c_morgan_shaw,to,0
m016490,c_maya,to,0
m016491,c_morgan_shaw,to,0
m016492,c_maya,to,0
m016493,c_morgan_shaw,to,0
m016494,c_maya,to,0
m016495,c_alex_chen,to,0
m016496,c_maya,to,0
m016497,c_alex_chen,to,0
m016498,c_maya,to,0
m016499,c_alex_chen,to,0
m016500,c_maya,to,0
m016501,c_alex_chen,to,0
m016502,c_maya,to,0
m016503,c_jamie_li,to,0
m016504,c_maya,to,0
m016505,c_jamie_li,to,0
m016506,c_maya,to,0
m016507,c_jamie_li,to,0
m016508,c_maya,to,0
m016509,c_jamie_li,to,0
m016510,c_maya,to,0
m016511,c_morgan_zhao,to,0
m016512,c_maya,to,0
m016513,c_morgan_zhao,to,0
m016514,c_maya,to,0
m016515,c_morgan_zhao,to,0
m016516,c_maya,to,0
m016517,c_morgan_zhao,to,0
m016518,c_maya,to,0
m016519,c_lee,to,0
m016520,c_maya,to,0
m016521,c_lee,to,0
m016522,c_maya,to,0
m016523,c_lee,to,0
m016524,c_maya,to,0
m016525,c_lee,to,0
m016526,c_maya,to,0
m016527,c_lee,to,0
m016528,c_maya,to,0
m016529,c_lee,to,0
m016530,c_maya,to,0
m016531,c_pat,to,0
m016532,c_maya,to,0
m016533,c_pat,to,0
m016534,c_maya,to,0
m016535,c_pat,to,0
m016536,c_maya,to,0
m016537,c_pat,to,0
m016538,c_maya,to,0
m016539,c_pat,to,0
m016540,c_maya,to,0
m016541,c_pat,to,0
m016542,c_maya,to,0
m016543,c_ren,to,0
m016544,c_maya,to,0
m016545,c_ren,to,0
m016546,c_maya,to,0
m016547,c_ren,to,0
m016548,c_maya,to,0
m016549,c_ren,to,0
m016550,c_maya,to,0
m016551,c_ren,to,0
m016552,c_maya,to,0
m016553,c_ren,to,0
m016554,c_maya,to,0
m016555,c_sam,to,0
m016556,c_maya,to,0
m016557,c_hana,to,0
m016558,c_maya,to,0
m016559,c_fac_001,to,0
m016560,c_maya,to,0
m016561,c_fac_002,to,0
m016562,c_maya,to,0
m016563,c_fac_003,to,0
m016564,c_maya,to,0
m016565,c_fac_004,to,0
m016566,c_maya,to,0
m016567,c_fac_005,to,0
m016568,c_maya,to,0
m016569,c_fac_006,to,0
m016570,c_maya,to,0
m016571,c_fac_007,to,0
m016572,c_maya,to,0
m016573,c_fac_008,to,0
m016574,c_maya,to,0
m016575,c_fac_009,to,0
m016576,c_maya,to,0
m016577,c_fac_010,to,0
m016578,c_maya,to,0
m016579,c_fac_011,to,0
m016580,c_maya,to,0
m016581,c_fac_012,to,0
m016582,c_maya,to,0
m016583,c_fac_013,to,0
m016584,c_maya,to,0
m016585,c_fac_014,to,0
m016586,c_maya,to,0
m016587,c_fac_015,to,0
m016588,c_maya,to,0
m016589,c_fac_016,to,0
m016590,c_maya,to,0
m016591,c_fac_017,to,0
m016592,c_maya,to,0
m016593,c_noah,to,0
m016593,c_elena,to,1
m016593,c_taylor,to,2
m016593,c_chris,cc,3
m016594,c_maya,to,0
m016595,c_noah,to,0
m016595,c_elena,to,1
m016595,c_taylor,to,2
m016595,c_chris,cc,3
m016596,c_maya,to,0
m016597,c_noah,to,0
m016597,c_elena,to,1
m016597,c_taylor,to,2
m016597,c_chris,cc,3
m016598,c_maya,to,0
m016599,c_noah,to,0
m016599,c_elena,to,1
m016599,c_taylor,to,2
m016599,c_chris,cc,3
m016600,c_maya,to,0
m016601,c_noah,to,0
m016601,c_elena,to,1
m016601,c_taylor,to,2
m016601,c_chris,cc,3
m016602,c_maya,to,0
m016603,c_noah,to,0
m016603,c_elena,to,1
m016603,c_taylor,to,2
m016603,c_chris,cc,3
m016604,c_maya,to,0
m016605,c_noah,to,0
m016605,c_elena,to,1
m016605,c_taylor,to,2
m016605,c_chris,cc,3
m016606,c_maya,to,0
m016607,c_noah,to,0
m016607,c_elena,to,1
m016607,c_taylor,to,2
m016607,c_chris,cc,3
m016608,c_maya,to,0
m016609,c_noah,to,0
m016609,c_elena,to,1
m016609,c_taylor,to,2
m016609,c_chris,cc,3
m016610,c_maya,to,0
m016611,c_noah,to,0
m016611,c_elena,to,1
m016611,c_taylor,to,2
m016611,c_chris,cc,3
m016612,c_maya,to,0
m016613,c_noah,to,0
m016613,c_elena,to,1
m016613,c_taylor,to,2
m016613,c_chris,cc,3
m016614,c_maya,to,0
m016615,c_noah,to,0
m016615,c_elena,to,1
m016615,c_taylor,to,2
m016615,c_chris,cc,3
m016616,c_maya,to,0
m016617,c_noah,to,0
m016617,c_elena,to,1
m016617,c_taylor,to,2
m016617,c_chris,cc,3
m016618,c_maya,to,0
m016619,c_noah,to,0
m016619,c_elena,to,1
m016619,c_taylor,to,2
m016619,c_chris,cc,3
m016620,c_maya,to,0
m016621,c_noah,to,0
m016621,c_elena,to,1
m016621,c_taylor,to,2
m016621,c_chris,cc,3
m016622,c_maya,to,0
m016623,c_noah,to,0
m016623,c_elena,to,1
m016623,c_taylor,to,2
m016623,c_chris,cc,3
m016624,c_maya,to,0
m016625,c_noah,to,0
m016625,c_elena,to,1
m016625,c_taylor,to,2
m016625,c_chris,cc,3
m016626,c_maya,to,0
m016627,c_noah,to,0
m016627,c_elena,to,1
m016627,c_taylor,to,2
m016627,c_chris,cc,3
m016628,c_maya,to,0
m016629,c_noah,to,0
m016629,c_elena,to,1
m016629,c_taylor,to,2
m016629,c_chris,cc,3
m016630,c_maya,to,0
m016631,c_noah,to,0
m016631,c_elena,to,1
m016631,c_taylor,to,2
m016631,c_chris,cc,3
m016632,c_maya,to,0
m016633,c_noah,to,0
m016633,c_elena,to,1
m016633,c_taylor,to,2
m016633,c_chris,cc,3
m016634,c_maya,to,0
m016635,c_noah,to,0
m016635,c_elena,to,1
m016635,c_taylor,to,2
m016635,c_chris,cc,3
m016636,c_maya,to,0
m016637,c_noah,to,0
m016637,c_elena,to,1
m016637,c_taylor,to,2
m016637,c_chris,cc,3
m016638,c_maya,to,0
m016639,c_noah,to,0
m016639,c_elena,to,1
m016639,c_taylor,to,2
m016639,c_chris,cc,3
m016640,c_maya,to,0
m016641,c_noah,to,0
m016641,c_elena,to,1
m016641,c_taylor,to,2
m016641,c_chris,cc,3
m016642,c_maya,to,0
m016643,c_noah,to,0
m016643,c_elena,to,1
m016643,c_taylor,to,2
m016643,c_chris,cc,3
m016644,c_maya,to,0
m016645,c_noah,to,0
m016645,c_elena,to,1
m016645,c_taylor,to,2
m016645,c_chris,cc,3
m016646,c_maya,to,0
m016647,c_noah,to,0
m016647,c_elena,to,1
m016647,c_taylor,to,2
m016647,c_chris,cc,3
m016648,c_maya,to,0
m016649,c_noah,to,0
m016649,c_elena,to,1
m016649,c_taylor,to,2
m016649,c_chris,cc,3
m016650,c_maya,to,0
m016651,c_noah,to,0
m016651,c_elena,to,1
m016651,c_taylor,to,2
m016651,c_chris,cc,3
m016652,c_maya,to,0
m016653,c_noah,to,0
m016653,c_elena,to,1
m016653,c_taylor,to,2
m016653,c_chris,cc,3
m016654,c_maya,to,0
m016655,c_noah,to,0
m016655,c_elena,to,1
m016655,c_taylor,to,2
m016655,c_chris,cc,3
m016656,c_maya,to,0
m016657,c_noah,to,0
m016657,c_elena,to,1
m016657,c_taylor,to,2
m016657,c_chris,cc,3
m016658,c_maya,to,0
m016659,c_noah,to,0
m016659,c_elena,to,1
m016659,c_taylor,to,2
m016659,c_chris,cc,3
m016660,c_maya,to,0
m016661,c_noah,to,0
m016661,c_elena,to,1
m016661,c_taylor,to,2
m016661,c_chris,cc,3
m016662,c_maya,to,0
m016663,c_noah,to,0
m016663,c_elena,to,1
m016663,c_taylor,to,2
m016663,c_chris,cc,3
m016664,c_maya,to,0
m016665,c_noah,to,0
m016665,c_elena,to,1
m016665,c_taylor,to,2
m016665,c_chris,cc,3
m016666,c_maya,to,0
m016667,c_noah,to,0
m016667,c_elena,to,1
m016667,c_taylor,to,2
m016667,c_chris,cc,3
m016668,c_maya,to,0
m016669,c_noah,to,0
m016669,c_elena,to,1
m016669,c_taylor,to,2
m016669,c_chris,cc,3
m016670,c_maya,to,0
m016671,c_noah,to,0
m016671,c_elena,to,1
m016671,c_taylor,to,2
m016671,c_chris,cc,3
m016672,c_maya,to,0
m016673,c_chris,to,0
m016673,c_noah,to,1
m016673,c_elena,to,2
m016673,c_marcus,cc,3
m016674,c_maya,to,0
m016675,c_chris,to,0
m016675,c_noah,to,1
m016675,c_elena,to,2
m016675,c_marcus,cc,3
m016676,c_maya,to,0
m016677,c_chris,to,0
m016677,c_noah,to,1
m016677,c_elena,to,2
m016677,c_marcus,cc,3
m016678,c_maya,to,0
m016679,c_chris,to,0
m016679,c_noah,to,1
m016679,c_elena,to,2
m016679,c_marcus,cc,3
m016680,c_maya,to,0
m016681,c_priya,to,0
m016681,c_quinn,cc,1
m016682,c_maya,to,0
m016683,c_priya,to,0
m016683,c_quinn,cc,1
m016684,c_maya,to,0
m016685,c_priya,to,0
m016685,c_quinn,cc,1
m016686,c_maya,to,0
m016687,c_priya,to,0
m016687,c_quinn,cc,1
m016688,c_maya,to,0
m016689,c_priya,to,0
m016689,c_quinn,cc,1
m016690,c_maya,to,0
m016691,c_priya,to,0
m016691,c_quinn,cc,1
m016692,c_maya,to,0
m016693,c_elena,to,0
m016693,c_taylor,to,1
m016693,c_lena,to,2
m016694,c_noah,to,0
m016695,c_elena,to,0
m016695,c_taylor,to,1
m016695,c_lena,to,2
m016696,c_noah,to,0
m016697,c_elena,to,0
m016697,c_taylor,to,1
m016697,c_lena,to,2
m016698,c_noah,to,0
m016699,c_elena,to,0
m016699,c_taylor,to,1
m016699,c_lena,to,2
m016700,c_noah,to,0
m016701,c_elena,to,0
m016701,c_taylor,to,1
m016701,c_lena,to,2
m016702,c_noah,to,0
m016703,c_elena,to,0
m016703,c_taylor,to,1
m016703,c_lena,to,2
m016704,c_noah,to,0
m016705,c_noah,to,0
m016705,c_taylor,to,1
m016705,c_chris,cc,2
m016706,c_elena,to,0
m016707,c_noah,to,0
m016707,c_taylor,to,1
m016707,c_chris,cc,2
m016708,c_elena,to,0
m016709,c_noah,to,0
m016709,c_taylor,to,1
m016709,c_chris,cc,2
m016710,c_elena,to,0
m016711,c_noah,to,0
m016711,c_taylor,to,1
m016711,c_chris,cc,2
m016712,c_elena,to,0
m016713,c_noah,to,0
m016714,c_taylor,to,0
m016715,c_noah,to,0
m016716,c_taylor,to,0
m016717,c_avery,to,0
m016717,c_devon,to,1
m016718,c_alex_chan,to,0
m016719,c_avery,to,0
m016719,c_devon,to,1
m016720,c_alex_chan,to,0
m016721,c_maya,to,0
m016722,c_alex_chen,to,0
m016723,c_quinn,to,0
m016724,c_priya,to,0
m016725,c_marcus,to,0
m016726,c_chris,to,0
m016727,c_marcus,to,0
m016728,c_chris,to,0
m016729,c_hana,to,0
m016730,c_sam,to,0
m016731,c_alex_chan,to,0
m016732,c_maya,to,0
m016733,c_alex_chan,to,0
m016734,c_maya,to,0
m016735,c_alex_chan,to,0
m016736,c_maya,to,0
m016737,c_alex_chan,to,0
m016738,c_maya,to,0
m016739,c_alex_chan,to,0
m016740,c_maya,to,0
m016741,c_alex_chan,to,0
m016742,c_maya,to,0
m016743,c_jamie_lee,to,0
m016744,c_maya,to,0
m016745,c_jamie_lee,to,0
m016746,c_maya,to,0
m016747,c_jamie_lee,to,0
m016748,c_maya,to,0
m016749,c_jamie_lee,to,0
m016750,c_maya,to,0
m016751,c_jamie_lee,to,0
m016752,c_maya,to,0
m016753,c_jamie_lee,to,0
m016754,c_maya,to,0
m016755,c_morgan_shaw,to,0
m016756,c_maya,to,0
m016757,c_morgan_shaw,to,0
m016758,c_maya,to,0
m016759,c_morgan_shaw,to,0
m016760,c_maya,to,0
m016761,c_morgan_shaw,to,0
m016762,c_maya,to,0
m016763,c_morgan_shaw,to,0
m016764,c_maya,to,0
m016765,c_morgan_shaw,to,0
m016766,c_maya,to,0
m016767,c_alex_chen,to,0
m016768,c_maya,to,0
m016769,c_alex_chen,to,0
m016770,c_maya,to,0
m016771,c_alex_chen,to,0
m016772,c_maya,to,0
m016773,c_alex_chen,to,0
m016774,c_maya,to,0
m016775,c_jamie_li,to,0
m016776,c_maya,to,0
m016777,c_jamie_li,to,0
m016778,c_maya,to,0
m016779,c_jamie_li,to,0
m016780,c_maya,to,0
m016781,c_jamie_li,to,0
m016782,c_maya,to,0
m016783,c_morgan_zhao,to,0
m016784,c_maya,to,0
m016785,c_morgan_zhao,to,0
m016786,c_maya,to,0
m016787,c_morgan_zhao,to,0
m016788,c_maya,to,0
m016789,c_morgan_zhao,to,0
m016790,c_maya,to,0
m016791,c_lee,to,0
m016792,c_maya,to,0
m016793,c_lee,to,0
m016794,c_maya,to,0
m016795,c_lee,to,0
m016796,c_maya,to,0
m016797,c_lee,to,0
m016798,c_maya,to,0
m016799,c_lee,to,0
m016800,c_maya,to,0
m016801,c_lee,to,0
m016802,c_maya,to,0
m016803,c_pat,to,0
m016804,c_maya,to,0
m016805,c_pat,to,0
m016806,c_maya,to,0
m016807,c_pat,to,0
m016808,c_maya,to,0
m016809,c_pat,to,0
m016810,c_maya,to,0
m016811,c_pat,to,0
m016812,c_maya,to,0
m016813,c_pat,to,0
m016814,c_maya,to,0
m016815,c_ren,to,0
m016816,c_maya,to,0
m016817,c_ren,to,0
m016818,c_maya,to,0
m016819,c_ren,to,0
m016820,c_maya,to,0
m016821,c_ren,to,0
m016822,c_maya,to,0
m016823,c_ren,to,0
m016824,c_maya,to,0
m016825,c_ren,to,0
m016826,c_maya,to,0
m016827,c_sam,to,0
m016828,c_maya,to,0
m016829,c_hana,to,0
m016830,c_maya,to,0
m016831,c_fac_001,to,0
m016832,c_maya,to,0
m016833,c_fac_002,to,0
m016834,c_maya,to,0
m016835,c_fac_003,to,0
m016836,c_maya,to,0
m016837,c_fac_004,to,0
m016838,c_maya,to,0
m016839,c_fac_005,to,0
m016840,c_maya,to,0
m016841,c_fac_006,to,0
m016842,c_maya,to,0
m016843,c_fac_007,to,0
m016844,c_maya,to,0
m016845,c_fac_008,to,0
m016846,c_maya,to,0
m016847,c_fac_009,to,0
m016848,c_maya,to,0
m016849,c_fac_010,to,0
m016850,c_maya,to,0
m016851,c_fac_011,to,0
m016852,c_maya,to,0
m016853,c_fac_012,to,0
m016854,c_maya,to,0
m016855,c_fac_013,to,0
m016856,c_maya,to,0
m016857,c_fac_014,to,0
m016858,c_maya,to,0
m016859,c_fac_015,to,0
m016860,c_maya,to,0
m016861,c_fac_016,to,0
m016862,c_maya,to,0
m016863,c_fac_017,to,0
m016864,c_maya,to,0
m016865,c_noah,to,0
m016865,c_elena,to,1
m016865,c_taylor,to,2
m016865,c_chris,cc,3
m016866,c_maya,to,0
m016867,c_noah,to,0
m016867,c_elena,to,1
m016867,c_taylor,to,2
m016867,c_chris,cc,3
m016868,c_maya,to,0
m016869,c_noah,to,0
m016869,c_elena,to,1
m016869,c_taylor,to,2
m016869,c_chris,cc,3
m016870,c_maya,to,0
m016871,c_noah,to,0
m016871,c_elena,to,1
m016871,c_taylor,to,2
m016871,c_chris,cc,3
m016872,c_maya,to,0
m016873,c_noah,to,0
m016873,c_elena,to,1
m016873,c_taylor,to,2
m016873,c_chris,cc,3
m016874,c_maya,to,0
m016875,c_noah,to,0
m016875,c_elena,to,1
m016875,c_taylor,to,2
m016875,c_chris,cc,3
m016876,c_maya,to,0
m016877,c_noah,to,0
m016877,c_elena,to,1
m016877,c_taylor,to,2
m016877,c_chris,cc,3
m016878,c_maya,to,0
m016879,c_noah,to,0
m016879,c_elena,to,1
m016879,c_taylor,to,2
m016879,c_chris,cc,3
m016880,c_maya,to,0
m016881,c_noah,to,0
m016881,c_elena,to,1
m016881,c_taylor,to,2
m016881,c_chris,cc,3
m016882,c_maya,to,0
m016883,c_noah,to,0
m016883,c_elena,to,1
m016883,c_taylor,to,2
m016883,c_chris,cc,3
m016884,c_maya,to,0
m016885,c_noah,to,0
m016885,c_elena,to,1
m016885,c_taylor,to,2
m016885,c_chris,cc,3
m016886,c_maya,to,0
m016887,c_noah,to,0
m016887,c_elena,to,1
m016887,c_taylor,to,2
m016887,c_chris,cc,3
m016888,c_maya,to,0
m016889,c_noah,to,0
m016889,c_elena,to,1
m016889,c_taylor,to,2
m016889,c_chris,cc,3
m016890,c_maya,to,0
m016891,c_noah,to,0
m016891,c_elena,to,1
m016891,c_taylor,to,2
m016891,c_chris,cc,3
m016892,c_maya,to,0
m016893,c_noah,to,0
m016893,c_elena,to,1
m016893,c_taylor,to,2
m016893,c_chris,cc,3
m016894,c_maya,to,0
m016895,c_noah,to,0
m016895,c_elena,to,1
m016895,c_taylor,to,2
m016895,c_chris,cc,3
m016896,c_maya,to,0
m016897,c_noah,to,0
m016897,c_elena,to,1
m016897,c_taylor,to,2
m016897,c_chris,cc,3
m016898,c_maya,to,0
m016899,c_noah,to,0
m016899,c_elena,to,1
m016899,c_taylor,to,2
m016899,c_chris,cc,3
m016900,c_maya,to,0
m016901,c_noah,to,0
m016901,c_elena,to,1
m016901,c_taylor,to,2
m016901,c_chris,cc,3
m016902,c_maya,to,0
m016903,c_noah,to,0
m016903,c_elena,to,1
m016903,c_taylor,to,2
m016903,c_chris,cc,3
m016904,c_maya,to,0
m016905,c_noah,to,0
m016905,c_elena,to,1
m016905,c_taylor,to,2
m016905,c_chris,cc,3
m016906,c_maya,to,0
m016907,c_noah,to,0
m016907,c_elena,to,1
m016907,c_taylor,to,2
m016907,c_chris,cc,3
m016908,c_maya,to,0
m016909,c_noah,to,0
m016909,c_elena,to,1
m016909,c_taylor,to,2
m016909,c_chris,cc,3
m016910,c_maya,to,0
m016911,c_noah,to,0
m016911,c_elena,to,1
m016911,c_taylor,to,2
m016911,c_chris,cc,3
m016912,c_maya,to,0
m016913,c_noah,to,0
m016913,c_elena,to,1
m016913,c_taylor,to,2
m016913,c_chris,cc,3
m016914,c_maya,to,0
m016915,c_noah,to,0
m016915,c_elena,to,1
m016915,c_taylor,to,2
m016915,c_chris,cc,3
m016916,c_maya,to,0
m016917,c_noah,to,0
m016917,c_elena,to,1
m016917,c_taylor,to,2
m016917,c_chris,cc,3
m016918,c_maya,to,0
m016919,c_noah,to,0
m016919,c_elena,to,1
m016919,c_taylor,to,2
m016919,c_chris,cc,3
m016920,c_maya,to,0
m016921,c_noah,to,0
m016921,c_elena,to,1
m016921,c_taylor,to,2
m016921,c_chris,cc,3
m016922,c_maya,to,0
m016923,c_noah,to,0
m016923,c_elena,to,1
m016923,c_taylor,to,2
m016923,c_chris,cc,3
m016924,c_maya,to,0
m016925,c_noah,to,0
m016925,c_elena,to,1
m016925,c_taylor,to,2
m016925,c_chris,cc,3
m016926,c_maya,to,0
m016927,c_noah,to,0
m016927,c_elena,to,1
m016927,c_taylor,to,2
m016927,c_chris,cc,3
m016928,c_maya,to,0
m016929,c_noah,to,0
m016929,c_elena,to,1
m016929,c_taylor,to,2
m016929,c_chris,cc,3
m016930,c_maya,to,0
m016931,c_noah,to,0
m016931,c_elena,to,1
m016931,c_taylor,to,2
m016931,c_chris,cc,3
m016932,c_maya,to,0
m016933,c_noah,to,0
m016933,c_elena,to,1
m016933,c_taylor,to,2
m016933,c_chris,cc,3
m016934,c_maya,to,0
m016935,c_noah,to,0
m016935,c_elena,to,1
m016935,c_taylor,to,2
m016935,c_chris,cc,3
m016936,c_maya,to,0
m016937,c_noah,to,0
m016937,c_elena,to,1
m016937,c_taylor,to,2
m016937,c_chris,cc,3
m016938,c_maya,to,0
m016939,c_noah,to,0
m016939,c_elena,to,1
m016939,c_taylor,to,2
m016939,c_chris,cc,3
m016940,c_maya,to,0
m016941,c_noah,to,0
m016941,c_elena,to,1
m016941,c_taylor,to,2
m016941,c_chris,cc,3
m016942,c_maya,to,0
m016943,c_noah,to,0
m016943,c_elena,to,1
m016943,c_taylor,to,2
m016943,c_chris,cc,3
m016944,c_maya,to,0
m016945,c_chris,to,0
m016945,c_noah,to,1
m016945,c_elena,to,2
m016945,c_marcus,cc,3
m016946,c_maya,to,0
m016947,c_chris,to,0
m016947,c_noah,to,1
m016947,c_elena,to,2
m016947,c_marcus,cc,3
m016948,c_maya,to,0
m016949,c_chris,to,0
m016949,c_noah,to,1
m016949,c_elena,to,2
m016949,c_marcus,cc,3
m016950,c_maya,to,0
m016951,c_chris,to,0
m016951,c_noah,to,1
m016951,c_elena,to,2
m016951,c_marcus,cc,3
m016952,c_maya,to,0
m016953,c_priya,to,0
m016953,c_quinn,cc,1
m016954,c_maya,to,0
m016955,c_priya,to,0
m016955,c_quinn,cc,1
m016956,c_maya,to,0
m016957,c_priya,to,0
m016957,c_quinn,cc,1
m016958,c_maya,to,0
m016959,c_priya,to,0
m016959,c_quinn,cc,1
m016960,c_maya,to,0
m016961,c_priya,to,0
m016961,c_quinn,cc,1
m016962,c_maya,to,0
m016963,c_priya,to,0
m016963,c_quinn,cc,1
m016964,c_maya,to,0
m016965,c_elena,to,0
m016965,c_taylor,to,1
m016965,c_lena,to,2
m016966,c_noah,to,0
m016967,c_elena,to,0
m016967,c_taylor,to,1
m016967,c_lena,to,2
m016968,c_noah,to,0
m016969,c_elena,to,0
m016969,c_taylor,to,1
m016969,c_lena,to,2
m016970,c_noah,to,0
m016971,c_elena,to,0
m016971,c_taylor,to,1
m016971,c_lena,to,2
m016972,c_noah,to,0
m016973,c_elena,to,0
m016973,c_taylor,to,1
m016973,c_lena,to,2
m016974,c_noah,to,0
m016975,c_elena,to,0
m016975,c_taylor,to,1
m016975,c_lena,to,2
m016976,c_noah,to,0
m016977,c_noah,to,0
m016977,c_taylor,to,1
m016977,c_chris,cc,2
m016978,c_elena,to,0
m016979,c_noah,to,0
m016979,c_taylor,to,1
m016979,c_chris,cc,2
m016980,c_elena,to,0
m016981,c_noah,to,0
m016981,c_taylor,to,1
m016981,c_chris,cc,2
m016982,c_elena,to,0
m016983,c_noah,to,0
m016983,c_taylor,to,1
m016983,c_chris,cc,2
m016984,c_elena,to,0
m016985,c_noah,to,0
m016986,c_taylor,to,0
m016987,c_noah,to,0
m016988,c_taylor,to,0
m016989,c_avery,to,0
m016989,c_devon,to,1
m016990,c_alex_chan,to,0
m016991,c_avery,to,0
m016991,c_devon,to,1
m016992,c_alex_chan,to,0
m016993,c_maya,to,0
m016994,c_alex_chen,to,0
m016995,c_quinn,to,0
m016996,c_priya,to,0
m016997,c_marcus,to,0
m016998,c_chris,to,0
m016999,c_marcus,to,0
m017000,c_chris,to,0
m017001,c_hana,to,0
m017002,c_sam,to,0
m017003,c_alex_chan,to,0
m017004,c_maya,to,0
m017005,c_alex_chan,to,0
m017006,c_maya,to,0
m017007,c_alex_chan,to,0
m017008,c_maya,to,0
m017009,c_alex_chan,to,0
m017010,c_maya,to,0
m017011,c_alex_chan,to,0
m017012,c_maya,to,0
m017013,c_alex_chan,to,0
m017014,c_maya,to,0
m017015,c_jamie_lee,to,0
m017016,c_maya,to,0
m017017,c_jamie_lee,to,0
m017018,c_maya,to,0
m017019,c_jamie_lee,to,0
m017020,c_maya,to,0
m017021,c_jamie_lee,to,0
m017022,c_maya,to,0
m017023,c_jamie_lee,to,0
m017024,c_maya,to,0
m017025,c_jamie_lee,to,0
m017026,c_maya,to,0
m017027,c_morgan_shaw,to,0
m017028,c_maya,to,0
m017029,c_morgan_shaw,to,0
m017030,c_maya,to,0
m017031,c_morgan_shaw,to,0
m017032,c_maya,to,0
m017033,c_morgan_shaw,to,0
m017034,c_maya,to,0
m017035,c_morgan_shaw,to,0
m017036,c_maya,to,0
m017037,c_morgan_shaw,to,0
m017038,c_maya,to,0
m017039,c_alex_chen,to,0
m017040,c_maya,to,0
m017041,c_alex_chen,to,0
m017042,c_maya,to,0
m017043,c_alex_chen,to,0
m017044,c_maya,to,0
m017045,c_alex_chen,to,0
m017046,c_maya,to,0
m017047,c_jamie_li,to,0
m017048,c_maya,to,0
m017049,c_jamie_li,to,0
m017050,c_maya,to,0
m017051,c_jamie_li,to,0
m017052,c_maya,to,0
m017053,c_jamie_li,to,0
m017054,c_maya,to,0
m017055,c_morgan_zhao,to,0
m017056,c_maya,to,0
m017057,c_morgan_zhao,to,0
m017058,c_maya,to,0
m017059,c_morgan_zhao,to,0
m017060,c_maya,to,0
m017061,c_morgan_zhao,to,0
m017062,c_maya,to,0
m017063,c_lee,to,0
m017064,c_maya,to,0
m017065,c_lee,to,0
m017066,c_maya,to,0
m017067,c_lee,to,0
m017068,c_maya,to,0
m017069,c_lee,to,0
m017070,c_maya,to,0
m017071,c_lee,to,0
m017072,c_maya,to,0
m017073,c_lee,to,0
m017074,c_maya,to,0
m017075,c_pat,to,0
m017076,c_maya,to,0
m017077,c_pat,to,0
m017078,c_maya,to,0
m017079,c_pat,to,0
m017080,c_maya,to,0
m017081,c_pat,to,0
m017082,c_maya,to,0
m017083,c_pat,to,0
m017084,c_maya,to,0
m017085,c_pat,to,0
m017086,c_maya,to,0
m017087,c_ren,to,0
m017088,c_maya,to,0
m017089,c_ren,to,0
m017090,c_maya,to,0
m017091,c_ren,to,0
m017092,c_maya,to,0
m017093,c_ren,to,0
m017094,c_maya,to,0
m017095,c_ren,to,0
m017096,c_maya,to,0
m017097,c_ren,to,0
m017098,c_maya,to,0
m017099,c_sam,to,0
m017100,c_maya,to,0
m017101,c_hana,to,0
m017102,c_maya,to,0
m017103,c_fac_001,to,0
m017104,c_maya,to,0
m017105,c_fac_002,to,0
m017106,c_maya,to,0
m017107,c_fac_003,to,0
m017108,c_maya,to,0
m017109,c_fac_004,to,0
m017110,c_maya,to,0
m017111,c_fac_005,to,0
m017112,c_maya,to,0
m017113,c_fac_006,to,0
m017114,c_maya,to,0
m017115,c_fac_007,to,0
m017116,c_maya,to,0
m017117,c_fac_008,to,0
m017118,c_maya,to,0
m017119,c_fac_009,to,0
m017120,c_maya,to,0
m017121,c_fac_010,to,0
m017122,c_maya,to,0
m017123,c_fac_011,to,0
m017124,c_maya,to,0
m017125,c_fac_012,to,0
m017126,c_maya,to,0
m017127,c_fac_013,to,0
m017128,c_maya,to,0
m017129,c_fac_014,to,0
m017130,c_maya,to,0
m017131,c_fac_015,to,0
m017132,c_maya,to,0
m017133,c_fac_016,to,0
m017134,c_maya,to,0
m017135,c_fac_017,to,0
m017136,c_maya,to,0
m017137,c_noah,to,0
m017137,c_elena,to,1
m017137,c_taylor,to,2
m017137,c_chris,cc,3
m017138,c_maya,to,0
m017139,c_noah,to,0
m017139,c_elena,to,1
m017139,c_taylor,to,2
m017139,c_chris,cc,3
m017140,c_maya,to,0
m017141,c_noah,to,0
m017141,c_elena,to,1
m017141,c_taylor,to,2
m017141,c_chris,cc,3
m017142,c_maya,to,0
m017143,c_noah,to,0
m017143,c_elena,to,1
m017143,c_taylor,to,2
m017143,c_chris,cc,3
m017144,c_maya,to,0
m017145,c_noah,to,0
m017145,c_elena,to,1
m017145,c_taylor,to,2
m017145,c_chris,cc,3
m017146,c_maya,to,0
m017147,c_noah,to,0
m017147,c_elena,to,1
m017147,c_taylor,to,2
m017147,c_chris,cc,3
m017148,c_maya,to,0
m017149,c_noah,to,0
m017149,c_elena,to,1
m017149,c_taylor,to,2
m017149,c_chris,cc,3
m017150,c_maya,to,0
m017151,c_noah,to,0
m017151,c_elena,to,1
m017151,c_taylor,to,2
m017151,c_chris,cc,3
m017152,c_maya,to,0
m017153,c_noah,to,0
m017153,c_elena,to,1
m017153,c_taylor,to,2
m017153,c_chris,cc,3
m017154,c_maya,to,0
m017155,c_noah,to,0
m017155,c_elena,to,1
m017155,c_taylor,to,2
m017155,c_chris,cc,3
m017156,c_maya,to,0
m017157,c_noah,to,0
m017157,c_elena,to,1
m017157,c_taylor,to,2
m017157,c_chris,cc,3
m017158,c_maya,to,0
m017159,c_noah,to,0
m017159,c_elena,to,1
m017159,c_taylor,to,2
m017159,c_chris,cc,3
m017160,c_maya,to,0
m017161,c_noah,to,0
m017161,c_elena,to,1
m017161,c_taylor,to,2
m017161,c_chris,cc,3
m017162,c_maya,to,0
m017163,c_noah,to,0
m017163,c_elena,to,1
m017163,c_taylor,to,2
m017163,c_chris,cc,3
m017164,c_maya,to,0
m017165,c_noah,to,0
m017165,c_elena,to,1
m017165,c_taylor,to,2
m017165,c_chris,cc,3
m017166,c_maya,to,0
m017167,c_noah,to,0
m017167,c_elena,to,1
m017167,c_taylor,to,2
m017167,c_chris,cc,3
m017168,c_maya,to,0
m017169,c_noah,to,0
m017169,c_elena,to,1
m017169,c_taylor,to,2
m017169,c_chris,cc,3
m017170,c_maya,to,0
m017171,c_noah,to,0
m017171,c_elena,to,1
m017171,c_taylor,to,2
m017171,c_chris,cc,3
m017172,c_maya,to,0
m017173,c_noah,to,0
m017173,c_elena,to,1
m017173,c_taylor,to,2
m017173,c_chris,cc,3
m017174,c_maya,to,0
m017175,c_noah,to,0
m017175,c_elena,to,1
m017175,c_taylor,to,2
m017175,c_chris,cc,3
m017176,c_maya,to,0
m017177,c_noah,to,0
m017177,c_elena,to,1
m017177,c_taylor,to,2
m017177,c_chris,cc,3
m017178,c_maya,to,0
m017179,c_noah,to,0
m017179,c_elena,to,1
m017179,c_taylor,to,2
m017179,c_chris,cc,3
m017180,c_maya,to,0
m017181,c_noah,to,0
m017181,c_elena,to,1
m017181,c_taylor,to,2
m017181,c_chris,cc,3
m017182,c_maya,to,0
m017183,c_noah,to,0
m017183,c_elena,to,1
m017183,c_taylor,to,2
m017183,c_chris,cc,3
m017184,c_maya,to,0
m017185,c_noah,to,0
m017185,c_elena,to,1
m017185,c_taylor,to,2
m017185,c_chris,cc,3
m017186,c_maya,to,0
m017187,c_noah,to,0
m017187,c_elena,to,1
m017187,c_taylor,to,2
m017187,c_chris,cc,3
m017188,c_maya,to,0
m017189,c_noah,to,0
m017189,c_elena,to,1
m017189,c_taylor,to,2
m017189,c_chris,cc,3
m017190,c_maya,to,0
m017191,c_noah,to,0
m017191,c_elena,to,1
m017191,c_taylor,to,2
m017191,c_chris,cc,3
m017192,c_maya,to,0
m017193,c_noah,to,0
m017193,c_elena,to,1
m017193,c_taylor,to,2
m017193,c_chris,cc,3
m017194,c_maya,to,0
m017195,c_noah,to,0
m017195,c_elena,to,1
m017195,c_taylor,to,2
m017195,c_chris,cc,3
m017196,c_maya,to,0
m017197,c_noah,to,0
m017197,c_elena,to,1
m017197,c_taylor,to,2
m017197,c_chris,cc,3
m017198,c_maya,to,0
m017199,c_noah,to,0
m017199,c_elena,to,1
m017199,c_taylor,to,2
m017199,c_chris,cc,3
m017200,c_maya,to,0
m017201,c_noah,to,0
m017201,c_elena,to,1
m017201,c_taylor,to,2
m017201,c_chris,cc,3
m017202,c_maya,to,0
m017203,c_noah,to,0
m017203,c_elena,to,1
m017203,c_taylor,to,2
m017203,c_chris,cc,3
m017204,c_maya,to,0
m017205,c_noah,to,0
m017205,c_elena,to,1
m017205,c_taylor,to,2
m017205,c_chris,cc,3
m017206,c_maya,to,0
m017207,c_noah,to,0
m017207,c_elena,to,1
m017207,c_taylor,to,2
m017207,c_chris,cc,3
m017208,c_maya,to,0
m017209,c_noah,to,0
m017209,c_elena,to,1
m017209,c_taylor,to,2
m017209,c_chris,cc,3
m017210,c_maya,to,0
m017211,c_noah,to,0
m017211,c_elena,to,1
m017211,c_taylor,to,2
m017211,c_chris,cc,3
m017212,c_maya,to,0
m017213,c_noah,to,0
m017213,c_elena,to,1
m017213,c_taylor,to,2
m017213,c_chris,cc,3
m017214,c_maya,to,0
m017215,c_noah,to,0
m017215,c_elena,to,1
m017215,c_taylor,to,2
m017215,c_chris,cc,3
m017216,c_maya,to,0
m017217,c_chris,to,0
m017217,c_noah,to,1
m017217,c_elena,to,2
m017217,c_marcus,cc,3
m017218,c_maya,to,0
m017219,c_chris,to,0
m017219,c_noah,to,1
m017219,c_elena,to,2
m017219,c_marcus,cc,3
m017220,c_maya,to,0
m017221,c_chris,to,0
m017221,c_noah,to,1
m017221,c_elena,to,2
m017221,c_marcus,cc,3
m017222,c_maya,to,0
m017223,c_chris,to,0
m017223,c_noah,to,1
m017223,c_elena,to,2
m017223,c_marcus,cc,3
m017224,c_maya,to,0
m017225,c_priya,to,0
m017225,c_quinn,cc,1
m017226,c_maya,to,0
m017227,c_priya,to,0
m017227,c_quinn,cc,1
m017228,c_maya,to,0
m017229,c_priya,to,0
m017229,c_quinn,cc,1
m017230,c_maya,to,0
m017231,c_priya,to,0
m017231,c_quinn,cc,1
m017232,c_maya,to,0
m017233,c_priya,to,0
m017233,c_quinn,cc,1
m017234,c_maya,to,0
m017235,c_priya,to,0
m017235,c_quinn,cc,1
m017236,c_maya,to,0
m017237,c_elena,to,0
m017237,c_taylor,to,1
m017237,c_lena,to,2
m017238,c_noah,to,0
m017239,c_elena,to,0
m017239,c_taylor,to,1
m017239,c_lena,to,2
m017240,c_noah,to,0
m017241,c_elena,to,0
m017241,c_taylor,to,1
m017241,c_lena,to,2
m017242,c_noah,to,0
m017243,c_elena,to,0
m017243,c_taylor,to,1
m017243,c_lena,to,2
m017244,c_noah,to,0
m017245,c_elena,to,0
m017245,c_taylor,to,1
m017245,c_lena,to,2
m017246,c_noah,to,0
m017247,c_elena,to,0
m017247,c_taylor,to,1
m017247,c_lena,to,2
m017248,c_noah,to,0
m017249,c_noah,to,0
m017249,c_taylor,to,1
m017249,c_chris,cc,2
m017250,c_elena,to,0
m017251,c_noah,to,0
m017251,c_taylor,to,1
m017251,c_chris,cc,2
m017252,c_elena,to,0
m017253,c_noah,to,0
m017253,c_taylor,to,1
m017253,c_chris,cc,2
m017254,c_elena,to,0
m017255,c_noah,to,0
m017255,c_taylor,to,1
m017255,c_chris,cc,2
m017256,c_elena,to,0
m017257,c_noah,to,0
m017258,c_taylor,to,0
m017259,c_noah,to,0
m017260,c_taylor,to,0
m017261,c_avery,to,0
m017261,c_devon,to,1
m017262,c_alex_chan,to,0
m017263,c_avery,to,0
m017263,c_devon,to,1
m017264,c_alex_chan,to,0
m017265,c_maya,to,0
m017266,c_alex_chen,to,0
m017267,c_quinn,to,0
m017268,c_priya,to,0
m017269,c_marcus,to,0
m017270,c_chris,to,0
m017271,c_marcus,to,0
m017272,c_chris,to,0
m017273,c_hana,to,0
m017274,c_sam,to,0
m017275,c_alex_chan,to,0
m017276,c_maya,to,0
m017277,c_alex_chan,to,0
m017278,c_maya,to,0
m017279,c_alex_chan,to,0
m017280,c_maya,to,0
m017281,c_alex_chan,to,0
m017282,c_maya,to,0
m017283,c_alex_chan,to,0
m017284,c_maya,to,0
m017285,c_alex_chan,to,0
m017286,c_maya,to,0
m017287,c_jamie_lee,to,0
m017288,c_maya,to,0
m017289,c_jamie_lee,to,0
m017290,c_maya,to,0
m017291,c_jamie_lee,to,0
m017292,c_maya,to,0
m017293,c_jamie_lee,to,0
m017294,c_maya,to,0
m017295,c_jamie_lee,to,0
m017296,c_maya,to,0
m017297,c_jamie_lee,to,0
m017298,c_maya,to,0
m017299,c_morgan_shaw,to,0
m017300,c_maya,to,0
m017301,c_morgan_shaw,to,0
m017302,c_maya,to,0
m017303,c_morgan_shaw,to,0
m017304,c_maya,to,0
m017305,c_morgan_shaw,to,0
m017306,c_maya,to,0
m017307,c_morgan_shaw,to,0
m017308,c_maya,to,0
m017309,c_morgan_shaw,to,0
m017310,c_maya,to,0
m017311,c_alex_chen,to,0
m017312,c_maya,to,0
m017313,c_alex_chen,to,0
m017314,c_maya,to,0
m017315,c_alex_chen,to,0
m017316,c_maya,to,0
m017317,c_alex_chen,to,0
m017318,c_maya,to,0
m017319,c_jamie_li,to,0
m017320,c_maya,to,0
m017321,c_jamie_li,to,0
m017322,c_maya,to,0
m017323,c_jamie_li,to,0
m017324,c_maya,to,0
m017325,c_jamie_li,to,0
m017326,c_maya,to,0
m017327,c_morgan_zhao,to,0
m017328,c_maya,to,0
m017329,c_morgan_zhao,to,0
m017330,c_maya,to,0
m017331,c_morgan_zhao,to,0
m017332,c_maya,to,0
m017333,c_morgan_zhao,to,0
m017334,c_maya,to,0
m017335,c_lee,to,0
m017336,c_maya,to,0
m017337,c_lee,to,0
m017338,c_maya,to,0
m017339,c_lee,to,0
m017340,c_maya,to,0
m017341,c_lee,to,0
m017342,c_maya,to,0
m017343,c_lee,to,0
m017344,c_maya,to,0
m017345,c_lee,to,0
m017346,c_maya,to,0
m017347,c_pat,to,0
m017348,c_maya,to,0
m017349,c_pat,to,0
m017350,c_maya,to,0
m017351,c_pat,to,0
m017352,c_maya,to,0
m017353,c_pat,to,0
m017354,c_maya,to,0
m017355,c_pat,to,0
m017356,c_maya,to,0
m017357,c_pat,to,0
m017358,c_maya,to,0
m017359,c_ren,to,0
m017360,c_maya,to,0
m017361,c_ren,to,0
m017362,c_maya,to,0
m017363,c_ren,to,0
m017364,c_maya,to,0
m017365,c_ren,to,0
m017366,c_maya,to,0
m017367,c_ren,to,0
m017368,c_maya,to,0
m017369,c_ren,to,0
m017370,c_maya,to,0
m017371,c_sam,to,0
m017372,c_maya,to,0
m017373,c_hana,to,0
m017374,c_maya,to,0
m017375,c_fac_001,to,0
m017376,c_maya,to,0
m017377,c_fac_002,to,0
m017378,c_maya,to,0
m017379,c_fac_003,to,0
m017380,c_maya,to,0
m017381,c_fac_004,to,0
m017382,c_maya,to,0
m017383,c_fac_005,to,0
m017384,c_maya,to,0
m017385,c_fac_006,to,0
m017386,c_maya,to,0
m017387,c_fac_007,to,0
m017388,c_maya,to,0
m017389,c_fac_008,to,0
m017390,c_maya,to,0
m017391,c_fac_009,to,0
m017392,c_maya,to,0
m017393,c_fac_010,to,0
m017394,c_maya,to,0
m017395,c_fac_011,to,0
m017396,c_maya,to,0
m017397,c_fac_012,to,0
m017398,c_maya,to,0
m017399,c_fac_013,to,0
m017400,c_maya,to,0
m017401,c_fac_014,to,0
m017402,c_maya,to,0
m017403,c_fac_015,to,0
m017404,c_maya,to,0
m017405,c_fac_016,to,0
m017406,c_maya,to,0
m017407,c_fac_017,to,0
m017408,c_maya,to,0
m017409,c_noah,to,0
m017409,c_elena,to,1
m017409,c_taylor,to,2
m017409,c_chris,cc,3
m017410,c_maya,to,0
m017411,c_noah,to,0
m017411,c_elena,to,1
m017411,c_taylor,to,2
m017411,c_chris,cc,3
m017412,c_maya,to,0
m017413,c_noah,to,0
m017413,c_elena,to,1
m017413,c_taylor,to,2
m017413,c_chris,cc,3
m017414,c_maya,to,0
m017415,c_noah,to,0
m017415,c_elena,to,1
m017415,c_taylor,to,2
m017415,c_chris,cc,3
m017416,c_maya,to,0
m017417,c_noah,to,0
m017417,c_elena,to,1
m017417,c_taylor,to,2
m017417,c_chris,cc,3
m017418,c_maya,to,0
m017419,c_noah,to,0
m017419,c_elena,to,1
m017419,c_taylor,to,2
m017419,c_chris,cc,3
m017420,c_maya,to,0
m017421,c_noah,to,0
m017421,c_elena,to,1
m017421,c_taylor,to,2
m017421,c_chris,cc,3
m017422,c_maya,to,0
m017423,c_noah,to,0
m017423,c_elena,to,1
m017423,c_taylor,to,2
m017423,c_chris,cc,3
m017424,c_maya,to,0
m017425,c_noah,to,0
m017425,c_elena,to,1
m017425,c_taylor,to,2
m017425,c_chris,cc,3
m017426,c_maya,to,0
m017427,c_noah,to,0
m017427,c_elena,to,1
m017427,c_taylor,to,2
m017427,c_chris,cc,3
m017428,c_maya,to,0
m017429,c_noah,to,0
m017429,c_elena,to,1
m017429,c_taylor,to,2
m017429,c_chris,cc,3
m017430,c_maya,to,0
m017431,c_noah,to,0
m017431,c_elena,to,1
m017431,c_taylor,to,2
m017431,c_chris,cc,3
m017432,c_maya,to,0
m017433,c_noah,to,0
m017433,c_elena,to,1
m017433,c_taylor,to,2
m017433,c_chris,cc,3
m017434,c_maya,to,0
m017435,c_noah,to,0
m017435,c_elena,to,1
m017435,c_taylor,to,2
m017435,c_chris,cc,3
m017436,c_maya,to,0
m017437,c_noah,to,0
m017437,c_elena,to,1
m017437,c_taylor,to,2
m017437,c_chris,cc,3
m017438,c_maya,to,0
m017439,c_noah,to,0
m017439,c_elena,to,1
m017439,c_taylor,to,2
m017439,c_chris,cc,3
m017440,c_maya,to,0
m017441,c_noah,to,0
m017441,c_elena,to,1
m017441,c_taylor,to,2
m017441,c_chris,cc,3
m017442,c_maya,to,0
m017443,c_noah,to,0
m017443,c_elena,to,1
m017443,c_taylor,to,2
m017443,c_chris,cc,3
m017444,c_maya,to,0
m017445,c_noah,to,0
m017445,c_elena,to,1
m017445,c_taylor,to,2
m017445,c_chris,cc,3
m017446,c_maya,to,0
m017447,c_noah,to,0
m017447,c_elena,to,1
m017447,c_taylor,to,2
m017447,c_chris,cc,3
m017448,c_maya,to,0
m017449,c_noah,to,0
m017449,c_elena,to,1
m017449,c_taylor,to,2
m017449,c_chris,cc,3
m017450,c_maya,to,0
m017451,c_noah,to,0
m017451,c_elena,to,1
m017451,c_taylor,to,2
m017451,c_chris,cc,3
m017452,c_maya,to,0
m017453,c_noah,to,0
m017453,c_elena,to,1
m017453,c_taylor,to,2
m017453,c_chris,cc,3
m017454,c_maya,to,0
m017455,c_noah,to,0
m017455,c_elena,to,1
m017455,c_taylor,to,2
m017455,c_chris,cc,3
m017456,c_maya,to,0
m017457,c_noah,to,0
m017457,c_elena,to,1
m017457,c_taylor,to,2
m017457,c_chris,cc,3
m017458,c_maya,to,0
m017459,c_noah,to,0
m017459,c_elena,to,1
m017459,c_taylor,to,2
m017459,c_chris,cc,3
m017460,c_maya,to,0
m017461,c_noah,to,0
m017461,c_elena,to,1
m017461,c_taylor,to,2
m017461,c_chris,cc,3
m017462,c_maya,to,0
m017463,c_noah,to,0
m017463,c_elena,to,1
m017463,c_taylor,to,2
m017463,c_chris,cc,3
m017464,c_maya,to,0
m017465,c_noah,to,0
m017465,c_elena,to,1
m017465,c_taylor,to,2
m017465,c_chris,cc,3
m017466,c_maya,to,0
m017467,c_noah,to,0
m017467,c_elena,to,1
m017467,c_taylor,to,2
m017467,c_chris,cc,3
m017468,c_maya,to,0
m017469,c_noah,to,0
m017469,c_elena,to,1
m017469,c_taylor,to,2
m017469,c_chris,cc,3
m017470,c_maya,to,0
m017471,c_noah,to,0
m017471,c_elena,to,1
m017471,c_taylor,to,2
m017471,c_chris,cc,3
m017472,c_maya,to,0
m017473,c_noah,to,0
m017473,c_elena,to,1
m017473,c_taylor,to,2
m017473,c_chris,cc,3
m017474,c_maya,to,0
m017475,c_noah,to,0
m017475,c_elena,to,1
m017475,c_taylor,to,2
m017475,c_chris,cc,3
m017476,c_maya,to,0
m017477,c_noah,to,0
m017477,c_elena,to,1
m017477,c_taylor,to,2
m017477,c_chris,cc,3
m017478,c_maya,to,0
m017479,c_noah,to,0
m017479,c_elena,to,1
m017479,c_taylor,to,2
m017479,c_chris,cc,3
m017480,c_maya,to,0
m017481,c_noah,to,0
m017481,c_elena,to,1
m017481,c_taylor,to,2
m017481,c_chris,cc,3
m017482,c_maya,to,0
m017483,c_noah,to,0
m017483,c_elena,to,1
m017483,c_taylor,to,2
m017483,c_chris,cc,3
m017484,c_maya,to,0
m017485,c_noah,to,0
m017485,c_elena,to,1
m017485,c_taylor,to,2
m017485,c_chris,cc,3
m017486,c_maya,to,0
m017487,c_noah,to,0
m017487,c_elena,to,1
m017487,c_taylor,to,2
m017487,c_chris,cc,3
m017488,c_maya,to,0
m017489,c_chris,to,0
m017489,c_noah,to,1
m017489,c_elena,to,2
m017489,c_marcus,cc,3
m017490,c_maya,to,0
m017491,c_chris,to,0
m017491,c_noah,to,1
m017491,c_elena,to,2
m017491,c_marcus,cc,3
m017492,c_maya,to,0
m017493,c_chris,to,0
m017493,c_noah,to,1
m017493,c_elena,to,2
m017493,c_marcus,cc,3
m017494,c_maya,to,0
m017495,c_chris,to,0
m017495,c_noah,to,1
m017495,c_elena,to,2
m017495,c_marcus,cc,3
m017496,c_maya,to,0
m017497,c_priya,to,0
m017497,c_quinn,cc,1
m017498,c_maya,to,0
m017499,c_priya,to,0
m017499,c_quinn,cc,1
m017500,c_maya,to,0
m017501,c_priya,to,0
m017501,c_quinn,cc,1
m017502,c_maya,to,0
m017503,c_priya,to,0
m017503,c_quinn,cc,1
m017504,c_maya,to,0
m017505,c_priya,to,0
m017505,c_quinn,cc,1
m017506,c_maya,to,0
m017507,c_priya,to,0
m017507,c_quinn,cc,1
m017508,c_maya,to,0
m017509,c_elena,to,0
m017509,c_taylor,to,1
m017509,c_lena,to,2
m017510,c_noah,to,0
m017511,c_elena,to,0
m017511,c_taylor,to,1
m017511,c_lena,to,2
m017512,c_noah,to,0
m017513,c_elena,to,0
m017513,c_taylor,to,1
m017513,c_lena,to,2
m017514,c_noah,to,0
m017515,c_elena,to,0
m017515,c_taylor,to,1
m017515,c_lena,to,2
m017516,c_noah,to,0
m017517,c_elena,to,0
m017517,c_taylor,to,1
m017517,c_lena,to,2
m017518,c_noah,to,0
m017519,c_elena,to,0
m017519,c_taylor,to,1
m017519,c_lena,to,2
m017520,c_noah,to,0
m017521,c_noah,to,0
m017521,c_taylor,to,1
m017521,c_chris,cc,2
m017522,c_elena,to,0
m017523,c_noah,to,0
m017523,c_taylor,to,1
m017523,c_chris,cc,2
m017524,c_elena,to,0
m017525,c_noah,to,0
m017525,c_taylor,to,1
m017525,c_chris,cc,2
m017526,c_elena,to,0
m017527,c_noah,to,0
m017527,c_taylor,to,1
m017527,c_chris,cc,2
m017528,c_elena,to,0
m017529,c_noah,to,0
m017530,c_taylor,to,0
m017531,c_noah,to,0
m017532,c_taylor,to,0
m017533,c_avery,to,0
m017533,c_devon,to,1
m017534,c_alex_chan,to,0
m017535,c_avery,to,0
m017535,c_devon,to,1
m017536,c_alex_chan,to,0
m017537,c_maya,to,0
m017538,c_alex_chen,to,0
m017539,c_quinn,to,0
m017540,c_priya,to,0
m017541,c_marcus,to,0
m017542,c_chris,to,0
m017543,c_marcus,to,0
m017544,c_chris,to,0
m017545,c_hana,to,0
m017546,c_sam,to,0
m017547,c_alex_chan,to,0
m017548,c_maya,to,0
m017549,c_alex_chan,to,0
m017550,c_maya,to,0
m017551,c_alex_chan,to,0
m017552,c_maya,to,0
m017553,c_alex_chan,to,0
m017554,c_maya,to,0
m017555,c_alex_chan,to,0
m017556,c_maya,to,0
m017557,c_alex_chan,to,0
m017558,c_maya,to,0
m017559,c_jamie_lee,to,0
m017560,c_maya,to,0
m017561,c_jamie_lee,to,0
m017562,c_maya,to,0
m017563,c_jamie_lee,to,0
m017564,c_maya,to,0
m017565,c_jamie_lee,to,0
m017566,c_maya,to,0
m017567,c_jamie_lee,to,0
m017568,c_maya,to,0
m017569,c_jamie_lee,to,0
m017570,c_maya,to,0
m017571,c_morgan_shaw,to,0
m017572,c_maya,to,0
m017573,c_morgan_shaw,to,0
m017574,c_maya,to,0
m017575,c_morgan_shaw,to,0
m017576,c_maya,to,0
m017577,c_morgan_shaw,to,0
m017578,c_maya,to,0
m017579,c_morgan_shaw,to,0
m017580,c_maya,to,0
m017581,c_morgan_shaw,to,0
m017582,c_maya,to,0
m017583,c_alex_chen,to,0
m017584,c_maya,to,0
m017585,c_alex_chen,to,0
m017586,c_maya,to,0
m017587,c_alex_chen,to,0
m017588,c_maya,to,0
m017589,c_alex_chen,to,0
m017590,c_maya,to,0
m017591,c_jamie_li,to,0
m017592,c_maya,to,0
m017593,c_jamie_li,to,0
m017594,c_maya,to,0
m017595,c_jamie_li,to,0
m017596,c_maya,to,0
m017597,c_jamie_li,to,0
m017598,c_maya,to,0
m017599,c_morgan_zhao,to,0
m017600,c_maya,to,0
m017601,c_morgan_zhao,to,0
m017602,c_maya,to,0
m017603,c_morgan_zhao,to,0
m017604,c_maya,to,0
m017605,c_morgan_zhao,to,0
m017606,c_maya,to,0
m017607,c_lee,to,0
m017608,c_maya,to,0
m017609,c_lee,to,0
m017610,c_maya,to,0
m017611,c_lee,to,0
m017612,c_maya,to,0
m017613,c_lee,to,0
m017614,c_maya,to,0
m017615,c_lee,to,0
m017616,c_maya,to,0
m017617,c_lee,to,0
m017618,c_maya,to,0
m017619,c_pat,to,0
m017620,c_maya,to,0
m017621,c_pat,to,0
m017622,c_maya,to,0
m017623,c_pat,to,0
m017624,c_maya,to,0
m017625,c_pat,to,0
m017626,c_maya,to,0
m017627,c_pat,to,0
m017628,c_maya,to,0
m017629,c_pat,to,0
m017630,c_maya,to,0
m017631,c_ren,to,0
m017632,c_maya,to,0
m017633,c_ren,to,0
m017634,c_maya,to,0
m017635,c_ren,to,0
m017636,c_maya,to,0
m017637,c_ren,to,0
m017638,c_maya,to,0
m017639,c_ren,to,0
m017640,c_maya,to,0
m017641,c_ren,to,0
m017642,c_maya,to,0
m017643,c_sam,to,0
m017644,c_maya,to,0
m017645,c_hana,to,0
m017646,c_maya,to,0
m017647,c_fac_001,to,0
m017648,c_maya,to,0
m017649,c_fac_002,to,0
m017650,c_maya,to,0
m017651,c_fac_003,to,0
m017652,c_maya,to,0
m017653,c_fac_004,to,0
m017654,c_maya,to,0
m017655,c_fac_005,to,0
m017656,c_maya,to,0
m017657,c_fac_006,to,0
m017658,c_maya,to,0
m017659,c_fac_007,to,0
m017660,c_maya,to,0
m017661,c_fac_008,to,0
m017662,c_maya,to,0
m017663,c_fac_009,to,0
m017664,c_maya,to,0
m017665,c_fac_010,to,0
m017666,c_maya,to,0
m017667,c_fac_011,to,0
m017668,c_maya,to,0
m017669,c_fac_012,to,0
m017670,c_maya,to,0
m017671,c_fac_013,to,0
m017672,c_maya,to,0
m017673,c_fac_014,to,0
m017674,c_maya,to,0
m017675,c_fac_015,to,0
m017676,c_maya,to,0
m017677,c_fac_016,to,0
m017678,c_maya,to,0
m017679,c_fac_017,to,0
m017680,c_maya,to,0
m017681,c_noah,to,0
m017681,c_elena,to,1
m017681,c_taylor,to,2
m017681,c_chris,cc,3
m017682,c_maya,to,0
m017683,c_noah,to,0
m017683,c_elena,to,1
m017683,c_taylor,to,2
m017683,c_chris,cc,3
m017684,c_maya,to,0
m017685,c_noah,to,0
m017685,c_elena,to,1
m017685,c_taylor,to,2
m017685,c_chris,cc,3
m017686,c_maya,to,0
m017687,c_noah,to,0
m017687,c_elena,to,1
m017687,c_taylor,to,2
m017687,c_chris,cc,3
m017688,c_maya,to,0
m017689,c_noah,to,0
m017689,c_elena,to,1
m017689,c_taylor,to,2
m017689,c_chris,cc,3
m017690,c_maya,to,0
m017691,c_noah,to,0
m017691,c_elena,to,1
m017691,c_taylor,to,2
m017691,c_chris,cc,3
m017692,c_maya,to,0
m017693,c_noah,to,0
m017693,c_elena,to,1
m017693,c_taylor,to,2
m017693,c_chris,cc,3
m017694,c_maya,to,0
m017695,c_noah,to,0
m017695,c_elena,to,1
m017695,c_taylor,to,2
m017695,c_chris,cc,3
m017696,c_maya,to,0
m017697,c_noah,to,0
m017697,c_elena,to,1
m017697,c_taylor,to,2
m017697,c_chris,cc,3
m017698,c_maya,to,0
m017699,c_noah,to,0
m017699,c_elena,to,1
m017699,c_taylor,to,2
m017699,c_chris,cc,3
m017700,c_maya,to,0
m017701,c_noah,to,0
m017701,c_elena,to,1
m017701,c_taylor,to,2
m017701,c_chris,cc,3
m017702,c_maya,to,0
m017703,c_noah,to,0
m017703,c_elena,to,1
m017703,c_taylor,to,2
m017703,c_chris,cc,3
m017704,c_maya,to,0
m017705,c_noah,to,0
m017705,c_elena,to,1
m017705,c_taylor,to,2
m017705,c_chris,cc,3
m017706,c_maya,to,0
m017707,c_noah,to,0
m017707,c_elena,to,1
m017707,c_taylor,to,2
m017707,c_chris,cc,3
m017708,c_maya,to,0
m017709,c_noah,to,0
m017709,c_elena,to,1
m017709,c_taylor,to,2
m017709,c_chris,cc,3
m017710,c_maya,to,0
m017711,c_noah,to,0
m017711,c_elena,to,1
m017711,c_taylor,to,2
m017711,c_chris,cc,3
m017712,c_maya,to,0
m017713,c_noah,to,0
m017713,c_elena,to,1
m017713,c_taylor,to,2
m017713,c_chris,cc,3
m017714,c_maya,to,0
m017715,c_noah,to,0
m017715,c_elena,to,1
m017715,c_taylor,to,2
m017715,c_chris,cc,3
m017716,c_maya,to,0
m017717,c_noah,to,0
m017717,c_elena,to,1
m017717,c_taylor,to,2
m017717,c_chris,cc,3
m017718,c_maya,to,0
m017719,c_noah,to,0
m017719,c_elena,to,1
m017719,c_taylor,to,2
m017719,c_chris,cc,3
m017720,c_maya,to,0
m017721,c_noah,to,0
m017721,c_elena,to,1
m017721,c_taylor,to,2
m017721,c_chris,cc,3
m017722,c_maya,to,0
m017723,c_noah,to,0
m017723,c_elena,to,1
m017723,c_taylor,to,2
m017723,c_chris,cc,3
m017724,c_maya,to,0
m017725,c_noah,to,0
m017725,c_elena,to,1
m017725,c_taylor,to,2
m017725,c_chris,cc,3
m017726,c_maya,to,0
m017727,c_noah,to,0
m017727,c_elena,to,1
m017727,c_taylor,to,2
m017727,c_chris,cc,3
m017728,c_maya,to,0
m017729,c_noah,to,0
m017729,c_elena,to,1
m017729,c_taylor,to,2
m017729,c_chris,cc,3
m017730,c_maya,to,0
m017731,c_noah,to,0
m017731,c_elena,to,1
m017731,c_taylor,to,2
m017731,c_chris,cc,3
m017732,c_maya,to,0
m017733,c_noah,to,0
m017733,c_elena,to,1
m017733,c_taylor,to,2
m017733,c_chris,cc,3
m017734,c_maya,to,0
m017735,c_noah,to,0
m017735,c_elena,to,1
m017735,c_taylor,to,2
m017735,c_chris,cc,3
m017736,c_maya,to,0
m017737,c_noah,to,0
m017737,c_elena,to,1
m017737,c_taylor,to,2
m017737,c_chris,cc,3
m017738,c_maya,to,0
m017739,c_noah,to,0
m017739,c_elena,to,1
m017739,c_taylor,to,2
m017739,c_chris,cc,3
m017740,c_maya,to,0
m017741,c_noah,to,0
m017741,c_elena,to,1
m017741,c_taylor,to,2
m017741,c_chris,cc,3
m017742,c_maya,to,0
m017743,c_noah,to,0
m017743,c_elena,to,1
m017743,c_taylor,to,2
m017743,c_chris,cc,3
m017744,c_maya,to,0
m017745,c_noah,to,0
m017745,c_elena,to,1
m017745,c_taylor,to,2
m017745,c_chris,cc,3
m017746,c_maya,to,0
m017747,c_noah,to,0
m017747,c_elena,to,1
m017747,c_taylor,to,2
m017747,c_chris,cc,3
m017748,c_maya,to,0
m017749,c_noah,to,0
m017749,c_elena,to,1
m017749,c_taylor,to,2
m017749,c_chris,cc,3
m017750,c_maya,to,0
m017751,c_noah,to,0
m017751,c_elena,to,1
m017751,c_taylor,to,2
m017751,c_chris,cc,3
m017752,c_maya,to,0
m017753,c_noah,to,0
m017753,c_elena,to,1
m017753,c_taylor,to,2
m017753,c_chris,cc,3
m017754,c_maya,to,0
m017755,c_noah,to,0
m017755,c_elena,to,1
m017755,c_taylor,to,2
m017755,c_chris,cc,3
m017756,c_maya,to,0
m017757,c_noah,to,0
m017757,c_elena,to,1
m017757,c_taylor,to,2
m017757,c_chris,cc,3
m017758,c_maya,to,0
m017759,c_noah,to,0
m017759,c_elena,to,1
m017759,c_taylor,to,2
m017759,c_chris,cc,3
m017760,c_maya,to,0
m017761,c_chris,to,0
m017761,c_noah,to,1
m017761,c_elena,to,2
m017761,c_marcus,cc,3
m017762,c_maya,to,0
m017763,c_chris,to,0
m017763,c_noah,to,1
m017763,c_elena,to,2
m017763,c_marcus,cc,3
m017764,c_maya,to,0
m017765,c_chris,to,0
m017765,c_noah,to,1
m017765,c_elena,to,2
m017765,c_marcus,cc,3
m017766,c_maya,to,0
m017767,c_chris,to,0
m017767,c_noah,to,1
m017767,c_elena,to,2
m017767,c_marcus,cc,3
m017768,c_maya,to,0
m017769,c_priya,to,0
m017769,c_quinn,cc,1
m017770,c_maya,to,0
m017771,c_priya,to,0
m017771,c_quinn,cc,1
m017772,c_maya,to,0
m017773,c_priya,to,0
m017773,c_quinn,cc,1
m017774,c_maya,to,0
m017775,c_priya,to,0
m017775,c_quinn,cc,1
m017776,c_maya,to,0
m017777,c_priya,to,0
m017777,c_quinn,cc,1
m017778,c_maya,to,0
m017779,c_priya,to,0
m017779,c_quinn,cc,1
m017780,c_maya,to,0
m017781,c_elena,to,0
m017781,c_taylor,to,1
m017781,c_lena,to,2
m017782,c_noah,to,0
m017783,c_elena,to,0
m017783,c_taylor,to,1
m017783,c_lena,to,2
m017784,c_noah,to,0
m017785,c_elena,to,0
m017785,c_taylor,to,1
m017785,c_lena,to,2
m017786,c_noah,to,0
m017787,c_elena,to,0
m017787,c_taylor,to,1
m017787,c_lena,to,2
m017788,c_noah,to,0
m017789,c_elena,to,0
m017789,c_taylor,to,1
m017789,c_lena,to,2
m017790,c_noah,to,0
m017791,c_elena,to,0
m017791,c_taylor,to,1
m017791,c_lena,to,2
m017792,c_noah,to,0
m017793,c_noah,to,0
m017793,c_taylor,to,1
m017793,c_chris,cc,2
m017794,c_elena,to,0
m017795,c_noah,to,0
m017795,c_taylor,to,1
m017795,c_chris,cc,2
m017796,c_elena,to,0
m017797,c_noah,to,0
m017797,c_taylor,to,1
m017797,c_chris,cc,2
m017798,c_elena,to,0
m017799,c_noah,to,0
m017799,c_taylor,to,1
m017799,c_chris,cc,2
m017800,c_elena,to,0
m017801,c_noah,to,0
m017802,c_taylor,to,0
m017803,c_noah,to,0
m017804,c_taylor,to,0
m017805,c_avery,to,0
m017805,c_devon,to,1
m017806,c_alex_chan,to,0
m017807,c_avery,to,0
m017807,c_devon,to,1
m017808,c_alex_chan,to,0
m017809,c_maya,to,0
m017810,c_alex_chen,to,0
m017811,c_quinn,to,0
m017812,c_priya,to,0
m017813,c_marcus,to,0
m017814,c_chris,to,0
m017815,c_marcus,to,0
m017816,c_chris,to,0
m017817,c_hana,to,0
m017818,c_sam,to,0
m017819,c_alex_chan,to,0
m017820,c_maya,to,0
m017821,c_alex_chan,to,0
m017822,c_maya,to,0
m017823,c_alex_chan,to,0
m017824,c_maya,to,0
m017825,c_alex_chan,to,0
m017826,c_maya,to,0
m017827,c_alex_chan,to,0
m017828,c_maya,to,0
m017829,c_alex_chan,to,0
m017830,c_maya,to,0
m017831,c_jamie_lee,to,0
m017832,c_maya,to,0
m017833,c_jamie_lee,to,0
m017834,c_maya,to,0
m017835,c_jamie_lee,to,0
m017836,c_maya,to,0
m017837,c_jamie_lee,to,0
m017838,c_maya,to,0
m017839,c_jamie_lee,to,0
m017840,c_maya,to,0
m017841,c_jamie_lee,to,0
m017842,c_maya,to,0
m017843,c_morgan_shaw,to,0
m017844,c_maya,to,0
m017845,c_morgan_shaw,to,0
m017846,c_maya,to,0
m017847,c_morgan_shaw,to,0
m017848,c_maya,to,0
m017849,c_morgan_shaw,to,0
m017850,c_maya,to,0
m017851,c_morgan_shaw,to,0
m017852,c_maya,to,0
m017853,c_morgan_shaw,to,0
m017854,c_maya,to,0
m017855,c_alex_chen,to,0
m017856,c_maya,to,0
m017857,c_alex_chen,to,0
m017858,c_maya,to,0
m017859,c_alex_chen,to,0
m017860,c_maya,to,0
m017861,c_alex_chen,to,0
m017862,c_maya,to,0
m017863,c_jamie_li,to,0
m017864,c_maya,to,0
m017865,c_jamie_li,to,0
m017866,c_maya,to,0
m017867,c_jamie_li,to,0
m017868,c_maya,to,0
m017869,c_jamie_li,to,0
m017870,c_maya,to,0
m017871,c_morgan_zhao,to,0
m017872,c_maya,to,0
m017873,c_morgan_zhao,to,0
m017874,c_maya,to,0
m017875,c_morgan_zhao,to,0
m017876,c_maya,to,0
m017877,c_morgan_zhao,to,0
m017878,c_maya,to,0
m017879,c_lee,to,0
m017880,c_maya,to,0
m017881,c_lee,to,0
m017882,c_maya,to,0
m017883,c_lee,to,0
m017884,c_maya,to,0
m017885,c_lee,to,0
m017886,c_maya,to,0
m017887,c_lee,to,0
m017888,c_maya,to,0
m017889,c_lee,to,0
m017890,c_maya,to,0
m017891,c_pat,to,0
m017892,c_maya,to,0
m017893,c_pat,to,0
m017894,c_maya,to,0
m017895,c_pat,to,0
m017896,c_maya,to,0
m017897,c_pat,to,0
m017898,c_maya,to,0
m017899,c_pat,to,0
m017900,c_maya,to,0
m017901,c_pat,to,0
m017902,c_maya,to,0
m017903,c_ren,to,0
m017904,c_maya,to,0
m017905,c_ren,to,0
m017906,c_maya,to,0
m017907,c_ren,to,0
m017908,c_maya,to,0
m017909,c_ren,to,0
m017910,c_maya,to,0
m017911,c_ren,to,0
m017912,c_maya,to,0
m017913,c_ren,to,0
m017914,c_maya,to,0
m017915,c_sam,to,0
m017916,c_maya,to,0
m017917,c_hana,to,0
m017918,c_maya,to,0
m017919,c_fac_001,to,0
m017920,c_maya,to,0
m017921,c_fac_002,to,0
m017922,c_maya,to,0
m017923,c_fac_003,to,0
m017924,c_maya,to,0
m017925,c_fac_004,to,0
m017926,c_maya,to,0
m017927,c_fac_005,to,0
m017928,c_maya,to,0
m017929,c_fac_006,to,0
m017930,c_maya,to,0
m017931,c_fac_007,to,0
m017932,c_maya,to,0
m017933,c_fac_008,to,0
m017934,c_maya,to,0
m017935,c_fac_009,to,0
m017936,c_maya,to,0
m017937,c_fac_010,to,0
m017938,c_maya,to,0
m017939,c_fac_011,to,0
m017940,c_maya,to,0
m017941,c_fac_012,to,0
m017942,c_maya,to,0
m017943,c_fac_013,to,0
m017944,c_maya,to,0
m017945,c_fac_014,to,0
m017946,c_maya,to,0
m017947,c_fac_015,to,0
m017948,c_maya,to,0
m017949,c_fac_016,to,0
m017950,c_maya,to,0
m017951,c_fac_017,to,0
m017952,c_maya,to,0
m017953,c_noah,to,0
m017953,c_elena,to,1
m017953,c_taylor,to,2
m017953,c_chris,cc,3
m017954,c_maya,to,0
m017955,c_noah,to,0
m017955,c_elena,to,1
m017955,c_taylor,to,2
m017955,c_chris,cc,3
m017956,c_maya,to,0
m017957,c_noah,to,0
m017957,c_elena,to,1
m017957,c_taylor,to,2
m017957,c_chris,cc,3
m017958,c_maya,to,0
m017959,c_noah,to,0
m017959,c_elena,to,1
m017959,c_taylor,to,2
m017959,c_chris,cc,3
m017960,c_maya,to,0
m017961,c_noah,to,0
m017961,c_elena,to,1
m017961,c_taylor,to,2
m017961,c_chris,cc,3
m017962,c_maya,to,0
m017963,c_noah,to,0
m017963,c_elena,to,1
m017963,c_taylor,to,2
m017963,c_chris,cc,3
m017964,c_maya,to,0
m017965,c_noah,to,0
m017965,c_elena,to,1
m017965,c_taylor,to,2
m017965,c_chris,cc,3
m017966,c_maya,to,0
m017967,c_noah,to,0
m017967,c_elena,to,1
m017967,c_taylor,to,2
m017967,c_chris,cc,3
m017968,c_maya,to,0
m017969,c_noah,to,0
m017969,c_elena,to,1
m017969,c_taylor,to,2
m017969,c_chris,cc,3
m017970,c_maya,to,0
m017971,c_noah,to,0
m017971,c_elena,to,1
m017971,c_taylor,to,2
m017971,c_chris,cc,3
m017972,c_maya,to,0
m017973,c_noah,to,0
m017973,c_elena,to,1
m017973,c_taylor,to,2
m017973,c_chris,cc,3
m017974,c_maya,to,0
m017975,c_noah,to,0
m017975,c_elena,to,1
m017975,c_taylor,to,2
m017975,c_chris,cc,3
m017976,c_maya,to,0
m017977,c_noah,to,0
m017977,c_elena,to,1
m017977,c_taylor,to,2
m017977,c_chris,cc,3
m017978,c_maya,to,0
m017979,c_noah,to,0
m017979,c_elena,to,1
m017979,c_taylor,to,2
m017979,c_chris,cc,3
m017980,c_maya,to,0
m017981,c_noah,to,0
m017981,c_elena,to,1
m017981,c_taylor,to,2
m017981,c_chris,cc,3
m017982,c_maya,to,0
m017983,c_noah,to,0
m017983,c_elena,to,1
m017983,c_taylor,to,2
m017983,c_chris,cc,3
m017984,c_maya,to,0
m017985,c_noah,to,0
m017985,c_elena,to,1
m017985,c_taylor,to,2
m017985,c_chris,cc,3
m017986,c_maya,to,0
m017987,c_noah,to,0
m017987,c_elena,to,1
m017987,c_taylor,to,2
m017987,c_chris,cc,3
m017988,c_maya,to,0
m017989,c_noah,to,0
m017989,c_elena,to,1
m017989,c_taylor,to,2
m017989,c_chris,cc,3
m017990,c_maya,to,0
m017991,c_noah,to,0
m017991,c_elena,to,1
m017991,c_taylor,to,2
m017991,c_chris,cc,3
m017992,c_maya,to,0
m017993,c_noah,to,0
m017993,c_elena,to,1
m017993,c_taylor,to,2
m017993,c_chris,cc,3
m017994,c_maya,to,0
m017995,c_noah,to,0
m017995,c_elena,to,1
m017995,c_taylor,to,2
m017995,c_chris,cc,3
m017996,c_maya,to,0
m017997,c_noah,to,0
m017997,c_elena,to,1
m017997,c_taylor,to,2
m017997,c_chris,cc,3
m017998,c_maya,to,0
m017999,c_noah,to,0
m017999,c_elena,to,1
m017999,c_taylor,to,2
m017999,c_chris,cc,3
m018000,c_maya,to,0
m018001,c_noah,to,0
m018001,c_elena,to,1
m018001,c_taylor,to,2
m018001,c_chris,cc,3
m018002,c_maya,to,0
m018003,c_noah,to,0
m018003,c_elena,to,1
m018003,c_taylor,to,2
m018003,c_chris,cc,3
m018004,c_maya,to,0
m018005,c_noah,to,0
m018005,c_elena,to,1
m018005,c_taylor,to,2
m018005,c_chris,cc,3
m018006,c_maya,to,0
m018007,c_noah,to,0
m018007,c_elena,to,1
m018007,c_taylor,to,2
m018007,c_chris,cc,3
m018008,c_maya,to,0
m018009,c_noah,to,0
m018009,c_elena,to,1
m018009,c_taylor,to,2
m018009,c_chris,cc,3
m018010,c_maya,to,0
m018011,c_noah,to,0
m018011,c_elena,to,1
m018011,c_taylor,to,2
m018011,c_chris,cc,3
m018012,c_maya,to,0
m018013,c_noah,to,0
m018013,c_elena,to,1
m018013,c_taylor,to,2
m018013,c_chris,cc,3
m018014,c_maya,to,0
m018015,c_noah,to,0
m018015,c_elena,to,1
m018015,c_taylor,to,2
m018015,c_chris,cc,3
m018016,c_maya,to,0
m018017,c_noah,to,0
m018017,c_elena,to,1
m018017,c_taylor,to,2
m018017,c_chris,cc,3
m018018,c_maya,to,0
m018019,c_noah,to,0
m018019,c_elena,to,1
m018019,c_taylor,to,2
m018019,c_chris,cc,3
m018020,c_maya,to,0
m018021,c_noah,to,0
m018021,c_elena,to,1
m018021,c_taylor,to,2
m018021,c_chris,cc,3
m018022,c_maya,to,0
m018023,c_noah,to,0
m018023,c_elena,to,1
m018023,c_taylor,to,2
m018023,c_chris,cc,3
m018024,c_maya,to,0
m018025,c_noah,to,0
m018025,c_elena,to,1
m018025,c_taylor,to,2
m018025,c_chris,cc,3
m018026,c_maya,to,0
m018027,c_noah,to,0
m018027,c_elena,to,1
m018027,c_taylor,to,2
m018027,c_chris,cc,3
m018028,c_maya,to,0
m018029,c_noah,to,0
m018029,c_elena,to,1
m018029,c_taylor,to,2
m018029,c_chris,cc,3
m018030,c_maya,to,0
m018031,c_noah,to,0
m018031,c_elena,to,1
m018031,c_taylor,to,2
m018031,c_chris,cc,3
m018032,c_maya,to,0
m018033,c_chris,to,0
m018033,c_noah,to,1
m018033,c_elena,to,2
m018033,c_marcus,cc,3
m018034,c_maya,to,0
m018035,c_chris,to,0
m018035,c_noah,to,1
m018035,c_elena,to,2
m018035,c_marcus,cc,3
m018036,c_maya,to,0
m018037,c_chris,to,0
m018037,c_noah,to,1
m018037,c_elena,to,2
m018037,c_marcus,cc,3
m018038,c_maya,to,0
m018039,c_chris,to,0
m018039,c_noah,to,1
m018039,c_elena,to,2
m018039,c_marcus,cc,3
m018040,c_maya,to,0
m018041,c_priya,to,0
m018041,c_quinn,cc,1
m018042,c_maya,to,0
m018043,c_priya,to,0
m018043,c_quinn,cc,1
m018044,c_maya,to,0
m018045,c_priya,to,0
m018045,c_quinn,cc,1
m018046,c_maya,to,0
m018047,c_priya,to,0
m018047,c_quinn,cc,1
m018048,c_maya,to,0
m018049,c_priya,to,0
m018049,c_quinn,cc,1
m018050,c_maya,to,0
m018051,c_priya,to,0
m018051,c_quinn,cc,1
m018052,c_maya,to,0
m018053,c_elena,to,0
m018053,c_taylor,to,1
m018053,c_lena,to,2
m018054,c_noah,to,0
m018055,c_elena,to,0
m018055,c_taylor,to,1
m018055,c_lena,to,2
m018056,c_noah,to,0
m018057,c_elena,to,0
m018057,c_taylor,to,1
m018057,c_lena,to,2
m018058,c_noah,to,0
m018059,c_elena,to,0
m018059,c_taylor,to,1
m018059,c_lena,to,2
m018060,c_noah,to,0
m018061,c_elena,to,0
m018061,c_taylor,to,1
m018061,c_lena,to,2
m018062,c_noah,to,0
m018063,c_elena,to,0
m018063,c_taylor,to,1
m018063,c_lena,to,2
m018064,c_noah,to,0
m018065,c_noah,to,0
m018065,c_taylor,to,1
m018065,c_chris,cc,2
m018066,c_elena,to,0
m018067,c_noah,to,0
m018067,c_taylor,to,1
m018067,c_chris,cc,2
m018068,c_elena,to,0
m018069,c_noah,to,0
m018069,c_taylor,to,1
m018069,c_chris,cc,2
m018070,c_elena,to,0
m018071,c_noah,to,0
m018071,c_taylor,to,1
m018071,c_chris,cc,2
m018072,c_elena,to,0
m018073,c_noah,to,0
m018074,c_taylor,to,0
m018075,c_noah,to,0
m018076,c_taylor,to,0
m018077,c_avery,to,0
m018077,c_devon,to,1
m018078,c_alex_chan,to,0
m018079,c_avery,to,0
m018079,c_devon,to,1
m018080,c_alex_chan,to,0
m018081,c_maya,to,0
m018082,c_alex_chen,to,0
m018083,c_quinn,to,0
m018084,c_priya,to,0
m018085,c_marcus,to,0
m018086,c_chris,to,0
m018087,c_marcus,to,0
m018088,c_chris,to,0
m018089,c_hana,to,0
m018090,c_sam,to,0
m018091,c_alex_chan,to,0
m018092,c_maya,to,0
m018093,c_alex_chan,to,0
m018094,c_maya,to,0
m018095,c_alex_chan,to,0
m018096,c_maya,to,0
m018097,c_alex_chan,to,0
m018098,c_maya,to,0
m018099,c_alex_chan,to,0
m018100,c_maya,to,0
m018101,c_alex_chan,to,0
m018102,c_maya,to,0
m018103,c_jamie_lee,to,0
m018104,c_maya,to,0
m018105,c_jamie_lee,to,0
m018106,c_maya,to,0
m018107,c_jamie_lee,to,0
m018108,c_maya,to,0
m018109,c_jamie_lee,to,0
m018110,c_maya,to,0
m018111,c_jamie_lee,to,0
m018112,c_maya,to,0
m018113,c_jamie_lee,to,0
m018114,c_maya,to,0
m018115,c_morgan_shaw,to,0
m018116,c_maya,to,0
m018117,c_morgan_shaw,to,0
m018118,c_maya,to,0
m018119,c_morgan_shaw,to,0
m018120,c_maya,to,0
m018121,c_morgan_shaw,to,0
m018122,c_maya,to,0
m018123,c_morgan_shaw,to,0
m018124,c_maya,to,0
m018125,c_morgan_shaw,to,0
m018126,c_maya,to,0
m018127,c_alex_chen,to,0
m018128,c_maya,to,0
m018129,c_alex_chen,to,0
m018130,c_maya,to,0
m018131,c_alex_chen,to,0
m018132,c_maya,to,0
m018133,c_alex_chen,to,0
m018134,c_maya,to,0
m018135,c_jamie_li,to,0
m018136,c_maya,to,0
m018137,c_jamie_li,to,0
m018138,c_maya,to,0
m018139,c_jamie_li,to,0
m018140,c_maya,to,0
m018141,c_jamie_li,to,0
m018142,c_maya,to,0
m018143,c_morgan_zhao,to,0
m018144,c_maya,to,0
m018145,c_morgan_zhao,to,0
m018146,c_maya,to,0
m018147,c_morgan_zhao,to,0
m018148,c_maya,to,0
m018149,c_morgan_zhao,to,0
m018150,c_maya,to,0
m018151,c_lee,to,0
m018152,c_maya,to,0
m018153,c_lee,to,0
m018154,c_maya,to,0
m018155,c_lee,to,0
m018156,c_maya,to,0
m018157,c_lee,to,0
m018158,c_maya,to,0
m018159,c_lee,to,0
m018160,c_maya,to,0
m018161,c_lee,to,0
m018162,c_maya,to,0
m018163,c_pat,to,0
m018164,c_maya,to,0
m018165,c_pat,to,0
m018166,c_maya,to,0
m018167,c_pat,to,0
m018168,c_maya,to,0
m018169,c_pat,to,0
m018170,c_maya,to,0
m018171,c_pat,to,0
m018172,c_maya,to,0
m018173,c_pat,to,0
m018174,c_maya,to,0
m018175,c_ren,to,0
m018176,c_maya,to,0
m018177,c_ren,to,0
m018178,c_maya,to,0
m018179,c_ren,to,0
m018180,c_maya,to,0
m018181,c_ren,to,0
m018182,c_maya,to,0
m018183,c_ren,to,0
m018184,c_maya,to,0
m018185,c_ren,to,0
m018186,c_maya,to,0
m018187,c_sam,to,0
m018188,c_maya,to,0
m018189,c_hana,to,0
m018190,c_maya,to,0
m018191,c_fac_001,to,0
m018192,c_maya,to,0
m018193,c_fac_002,to,0
m018194,c_maya,to,0
m018195,c_fac_003,to,0
m018196,c_maya,to,0
m018197,c_fac_004,to,0
m018198,c_maya,to,0
m018199,c_fac_005,to,0
m018200,c_maya,to,0
m018201,c_fac_006,to,0
m018202,c_maya,to,0
m018203,c_fac_007,to,0
m018204,c_maya,to,0
m018205,c_fac_008,to,0
m018206,c_maya,to,0
m018207,c_fac_009,to,0
m018208,c_maya,to,0
m018209,c_fac_010,to,0
m018210,c_maya,to,0
m018211,c_fac_011,to,0
m018212,c_maya,to,0
m018213,c_fac_012,to,0
m018214,c_maya,to,0
m018215,c_fac_013,to,0
m018216,c_maya,to,0
m018217,c_fac_014,to,0
m018218,c_maya,to,0
m018219,c_fac_015,to,0
m018220,c_maya,to,0
m018221,c_fac_016,to,0
m018222,c_maya,to,0
m018223,c_fac_017,to,0
m018224,c_maya,to,0
m018225,c_noah,to,0
m018225,c_elena,to,1
m018225,c_taylor,to,2
m018225,c_chris,cc,3
m018226,c_maya,to,0
m018227,c_noah,to,0
m018227,c_elena,to,1
m018227,c_taylor,to,2
m018227,c_chris,cc,3
m018228,c_maya,to,0
m018229,c_noah,to,0
m018229,c_elena,to,1
m018229,c_taylor,to,2
m018229,c_chris,cc,3
m018230,c_maya,to,0
m018231,c_noah,to,0
m018231,c_elena,to,1
m018231,c_taylor,to,2
m018231,c_chris,cc,3
m018232,c_maya,to,0
m018233,c_noah,to,0
m018233,c_elena,to,1
m018233,c_taylor,to,2
m018233,c_chris,cc,3
m018234,c_maya,to,0
m018235,c_noah,to,0
m018235,c_elena,to,1
m018235,c_taylor,to,2
m018235,c_chris,cc,3
m018236,c_maya,to,0
m018237,c_noah,to,0
m018237,c_elena,to,1
m018237,c_taylor,to,2
m018237,c_chris,cc,3
m018238,c_maya,to,0
m018239,c_noah,to,0
m018239,c_elena,to,1
m018239,c_taylor,to,2
m018239,c_chris,cc,3
m018240,c_maya,to,0
m018241,c_noah,to,0
m018241,c_elena,to,1
m018241,c_taylor,to,2
m018241,c_chris,cc,3
m018242,c_maya,to,0
m018243,c_noah,to,0
m018243,c_elena,to,1
m018243,c_taylor,to,2
m018243,c_chris,cc,3
m018244,c_maya,to,0
m018245,c_noah,to,0
m018245,c_elena,to,1
m018245,c_taylor,to,2
m018245,c_chris,cc,3
m018246,c_maya,to,0
m018247,c_noah,to,0
m018247,c_elena,to,1
m018247,c_taylor,to,2
m018247,c_chris,cc,3
m018248,c_maya,to,0
m018249,c_noah,to,0
m018249,c_elena,to,1
m018249,c_taylor,to,2
m018249,c_chris,cc,3
m018250,c_maya,to,0
m018251,c_noah,to,0
m018251,c_elena,to,1
m018251,c_taylor,to,2
m018251,c_chris,cc,3
m018252,c_maya,to,0
m018253,c_noah,to,0
m018253,c_elena,to,1
m018253,c_taylor,to,2
m018253,c_chris,cc,3
m018254,c_maya,to,0
m018255,c_noah,to,0
m018255,c_elena,to,1
m018255,c_taylor,to,2
m018255,c_chris,cc,3
m018256,c_maya,to,0
m018257,c_noah,to,0
m018257,c_elena,to,1
m018257,c_taylor,to,2
m018257,c_chris,cc,3
m018258,c_maya,to,0
m018259,c_noah,to,0
m018259,c_elena,to,1
m018259,c_taylor,to,2
m018259,c_chris,cc,3
m018260,c_maya,to,0
m018261,c_noah,to,0
m018261,c_elena,to,1
m018261,c_taylor,to,2
m018261,c_chris,cc,3
m018262,c_maya,to,0
m018263,c_noah,to,0
m018263,c_elena,to,1
m018263,c_taylor,to,2
m018263,c_chris,cc,3
m018264,c_maya,to,0
m018265,c_noah,to,0
m018265,c_elena,to,1
m018265,c_taylor,to,2
m018265,c_chris,cc,3
m018266,c_maya,to,0
m018267,c_noah,to,0
m018267,c_elena,to,1
m018267,c_taylor,to,2
m018267,c_chris,cc,3
m018268,c_maya,to,0
m018269,c_noah,to,0
m018269,c_elena,to,1
m018269,c_taylor,to,2
m018269,c_chris,cc,3
m018270,c_maya,to,0
m018271,c_noah,to,0
m018271,c_elena,to,1
m018271,c_taylor,to,2
m018271,c_chris,cc,3
m018272,c_maya,to,0
m018273,c_noah,to,0
m018273,c_elena,to,1
m018273,c_taylor,to,2
m018273,c_chris,cc,3
m018274,c_maya,to,0
m018275,c_noah,to,0
m018275,c_elena,to,1
m018275,c_taylor,to,2
m018275,c_chris,cc,3
m018276,c_maya,to,0
m018277,c_noah,to,0
m018277,c_elena,to,1
m018277,c_taylor,to,2
m018277,c_chris,cc,3
m018278,c_maya,to,0
m018279,c_noah,to,0
m018279,c_elena,to,1
m018279,c_taylor,to,2
m018279,c_chris,cc,3
m018280,c_maya,to,0
m018281,c_noah,to,0
m018281,c_elena,to,1
m018281,c_taylor,to,2
m018281,c_chris,cc,3
m018282,c_maya,to,0
m018283,c_noah,to,0
m018283,c_elena,to,1
m018283,c_taylor,to,2
m018283,c_chris,cc,3
m018284,c_maya,to,0
m018285,c_noah,to,0
m018285,c_elena,to,1
m018285,c_taylor,to,2
m018285,c_chris,cc,3
m018286,c_maya,to,0
m018287,c_noah,to,0
m018287,c_elena,to,1
m018287,c_taylor,to,2
m018287,c_chris,cc,3
m018288,c_maya,to,0
m018289,c_noah,to,0
m018289,c_elena,to,1
m018289,c_taylor,to,2
m018289,c_chris,cc,3
m018290,c_maya,to,0
m018291,c_noah,to,0
m018291,c_elena,to,1
m018291,c_taylor,to,2
m018291,c_chris,cc,3
m018292,c_maya,to,0
m018293,c_noah,to,0
m018293,c_elena,to,1
m018293,c_taylor,to,2
m018293,c_chris,cc,3
m018294,c_maya,to,0
m018295,c_noah,to,0
m018295,c_elena,to,1
m018295,c_taylor,to,2
m018295,c_chris,cc,3
m018296,c_maya,to,0
m018297,c_noah,to,0
m018297,c_elena,to,1
m018297,c_taylor,to,2
m018297,c_chris,cc,3
m018298,c_maya,to,0
m018299,c_noah,to,0
m018299,c_elena,to,1
m018299,c_taylor,to,2
m018299,c_chris,cc,3
m018300,c_maya,to,0
m018301,c_noah,to,0
m018301,c_elena,to,1
m018301,c_taylor,to,2
m018301,c_chris,cc,3
m018302,c_maya,to,0
m018303,c_noah,to,0
m018303,c_elena,to,1
m018303,c_taylor,to,2
m018303,c_chris,cc,3
m018304,c_maya,to,0
m018305,c_chris,to,0
m018305,c_noah,to,1
m018305,c_elena,to,2
m018305,c_marcus,cc,3
m018306,c_maya,to,0
m018307,c_chris,to,0
m018307,c_noah,to,1
m018307,c_elena,to,2
m018307,c_marcus,cc,3
m018308,c_maya,to,0
m018309,c_chris,to,0
m018309,c_noah,to,1
m018309,c_elena,to,2
m018309,c_marcus,cc,3
m018310,c_maya,to,0
m018311,c_chris,to,0
m018311,c_noah,to,1
m018311,c_elena,to,2
m018311,c_marcus,cc,3
m018312,c_maya,to,0
m018313,c_priya,to,0
m018313,c_quinn,cc,1
m018314,c_maya,to,0
m018315,c_priya,to,0
m018315,c_quinn,cc,1
m018316,c_maya,to,0
m018317,c_priya,to,0
m018317,c_quinn,cc,1
m018318,c_maya,to,0
m018319,c_priya,to,0
m018319,c_quinn,cc,1
m018320,c_maya,to,0
m018321,c_priya,to,0
m018321,c_quinn,cc,1
m018322,c_maya,to,0
m018323,c_priya,to,0
m018323,c_quinn,cc,1
m018324,c_maya,to,0
m018325,c_elena,to,0
m018325,c_taylor,to,1
m018325,c_lena,to,2
m018326,c_noah,to,0
m018327,c_elena,to,0
m018327,c_taylor,to,1
m018327,c_lena,to,2
m018328,c_noah,to,0
m018329,c_elena,to,0
m018329,c_taylor,to,1
m018329,c_lena,to,2
m018330,c_noah,to,0
m018331,c_elena,to,0
m018331,c_taylor,to,1
m018331,c_lena,to,2
m018332,c_noah,to,0
m018333,c_elena,to,0
m018333,c_taylor,to,1
m018333,c_lena,to,2
m018334,c_noah,to,0
m018335,c_elena,to,0
m018335,c_taylor,to,1
m018335,c_lena,to,2
m018336,c_noah,to,0
m018337,c_noah,to,0
m018337,c_taylor,to,1
m018337,c_chris,cc,2
m018338,c_elena,to,0
m018339,c_noah,to,0
m018339,c_taylor,to,1
m018339,c_chris,cc,2
m018340,c_elena,to,0
m018341,c_noah,to,0
m018341,c_taylor,to,1
m018341,c_chris,cc,2
m018342,c_elena,to,0
m018343,c_noah,to,0
m018343,c_taylor,to,1
m018343,c_chris,cc,2
m018344,c_elena,to,0
m018345,c_noah,to,0
m018346,c_taylor,to,0
m018347,c_noah,to,0
m018348,c_taylor,to,0
m018349,c_avery,to,0
m018349,c_devon,to,1
m018350,c_alex_chan,to,0
m018351,c_avery,to,0
m018351,c_devon,to,1
m018352,c_alex_chan,to,0
m018353,c_maya,to,0
m018354,c_alex_chen,to,0
m018355,c_quinn,to,0
m018356,c_priya,to,0
m018357,c_marcus,to,0
m018358,c_chris,to,0
m018359,c_marcus,to,0
m018360,c_chris,to,0
m018361,c_hana,to,0
m018362,c_sam,to,0
m018363,c_alex_chan,to,0
m018364,c_maya,to,0
m018365,c_alex_chan,to,0
m018366,c_maya,to,0
m018367,c_alex_chan,to,0
m018368,c_maya,to,0
m018369,c_alex_chan,to,0
m018370,c_maya,to,0
m018371,c_alex_chan,to,0
m018372,c_maya,to,0
m018373,c_alex_chan,to,0
m018374,c_maya,to,0
m018375,c_jamie_lee,to,0
m018376,c_maya,to,0
m018377,c_jamie_lee,to,0
m018378,c_maya,to,0
m018379,c_jamie_lee,to,0
m018380,c_maya,to,0
m018381,c_jamie_lee,to,0
m018382,c_maya,to,0
m018383,c_jamie_lee,to,0
m018384,c_maya,to,0
m018385,c_jamie_lee,to,0
m018386,c_maya,to,0
m018387,c_morgan_shaw,to,0
m018388,c_maya,to,0
m018389,c_morgan_shaw,to,0
m018390,c_maya,to,0
m018391,c_morgan_shaw,to,0
m018392,c_maya,to,0
m018393,c_morgan_shaw,to,0
m018394,c_maya,to,0
m018395,c_morgan_shaw,to,0
m018396,c_maya,to,0
m018397,c_morgan_shaw,to,0
m018398,c_maya,to,0
m018399,c_alex_chen,to,0
m018400,c_maya,to,0
m018401,c_alex_chen,to,0
m018402,c_maya,to,0
m018403,c_alex_chen,to,0
m018404,c_maya,to,0
m018405,c_alex_chen,to,0
m018406,c_maya,to,0
m018407,c_jamie_li,to,0
m018408,c_maya,to,0
m018409,c_jamie_li,to,0
m018410,c_maya,to,0
m018411,c_jamie_li,to,0
m018412,c_maya,to,0
m018413,c_jamie_li,to,0
m018414,c_maya,to,0
m018415,c_morgan_zhao,to,0
m018416,c_maya,to,0
m018417,c_morgan_zhao,to,0
m018418,c_maya,to,0
m018419,c_morgan_zhao,to,0
m018420,c_maya,to,0
m018421,c_morgan_zhao,to,0
m018422,c_maya,to,0
m018423,c_lee,to,0
m018424,c_maya,to,0
m018425,c_lee,to,0
m018426,c_maya,to,0
m018427,c_lee,to,0
m018428,c_maya,to,0
m018429,c_lee,to,0
m018430,c_maya,to,0
m018431,c_lee,to,0
m018432,c_maya,to,0
m018433,c_lee,to,0
m018434,c_maya,to,0
m018435,c_pat,to,0
m018436,c_maya,to,0
m018437,c_pat,to,0
m018438,c_maya,to,0
m018439,c_pat,to,0
m018440,c_maya,to,0
m018441,c_pat,to,0
m018442,c_maya,to,0
m018443,c_pat,to,0
m018444,c_maya,to,0
m018445,c_pat,to,0
m018446,c_maya,to,0
m018447,c_ren,to,0
m018448,c_maya,to,0
m018449,c_ren,to,0
m018450,c_maya,to,0
m018451,c_ren,to,0
m018452,c_maya,to,0
m018453,c_ren,to,0
m018454,c_maya,to,0
m018455,c_ren,to,0
m018456,c_maya,to,0
m018457,c_ren,to,0
m018458,c_maya,to,0
m018459,c_sam,to,0
m018460,c_maya,to,0
m018461,c_hana,to,0
m018462,c_maya,to,0
m018463,c_fac_001,to,0
m018464,c_maya,to,0
m018465,c_fac_002,to,0
m018466,c_maya,to,0
m018467,c_fac_003,to,0
m018468,c_maya,to,0
m018469,c_fac_004,to,0
m018470,c_maya,to,0
m018471,c_fac_005,to,0
m018472,c_maya,to,0
m018473,c_fac_006,to,0
m018474,c_maya,to,0
m018475,c_fac_007,to,0
m018476,c_maya,to,0
m018477,c_fac_008,to,0
m018478,c_maya,to,0
m018479,c_fac_009,to,0
m018480,c_maya,to,0
m018481,c_fac_010,to,0
m018482,c_maya,to,0
m018483,c_fac_011,to,0
m018484,c_maya,to,0
m018485,c_fac_012,to,0
m018486,c_maya,to,0
m018487,c_fac_013,to,0
m018488,c_maya,to,0
m018489,c_fac_014,to,0
m018490,c_maya,to,0
m018491,c_fac_015,to,0
m018492,c_maya,to,0
m018493,c_fac_016,to,0
m018494,c_maya,to,0
m018495,c_fac_017,to,0
m018496,c_maya,to,0
m018497,c_noah,to,0
m018497,c_elena,to,1
m018497,c_taylor,to,2
m018497,c_chris,cc,3
m018498,c_maya,to,0
m018499,c_noah,to,0
m018499,c_elena,to,1
m018499,c_taylor,to,2
m018499,c_chris,cc,3
m018500,c_maya,to,0
m018501,c_noah,to,0
m018501,c_elena,to,1
m018501,c_taylor,to,2
m018501,c_chris,cc,3
m018502,c_maya,to,0
m018503,c_noah,to,0
m018503,c_elena,to,1
m018503,c_taylor,to,2
m018503,c_chris,cc,3
m018504,c_maya,to,0
m018505,c_noah,to,0
m018505,c_elena,to,1
m018505,c_taylor,to,2
m018505,c_chris,cc,3
m018506,c_maya,to,0
m018507,c_noah,to,0
m018507,c_elena,to,1
m018507,c_taylor,to,2
m018507,c_chris,cc,3
m018508,c_maya,to,0
m018509,c_noah,to,0
m018509,c_elena,to,1
m018509,c_taylor,to,2
m018509,c_chris,cc,3
m018510,c_maya,to,0
m018511,c_noah,to,0
m018511,c_elena,to,1
m018511,c_taylor,to,2
m018511,c_chris,cc,3
m018512,c_maya,to,0
m018513,c_noah,to,0
m018513,c_elena,to,1
m018513,c_taylor,to,2
m018513,c_chris,cc,3
m018514,c_maya,to,0
m018515,c_noah,to,0
m018515,c_elena,to,1
m018515,c_taylor,to,2
m018515,c_chris,cc,3
m018516,c_maya,to,0
m018517,c_noah,to,0
m018517,c_elena,to,1
m018517,c_taylor,to,2
m018517,c_chris,cc,3
m018518,c_maya,to,0
m018519,c_noah,to,0
m018519,c_elena,to,1
m018519,c_taylor,to,2
m018519,c_chris,cc,3
m018520,c_maya,to,0
m018521,c_noah,to,0
m018521,c_elena,to,1
m018521,c_taylor,to,2
m018521,c_chris,cc,3
m018522,c_maya,to,0
m018523,c_noah,to,0
m018523,c_elena,to,1
m018523,c_taylor,to,2
m018523,c_chris,cc,3
m018524,c_maya,to,0
m018525,c_noah,to,0
m018525,c_elena,to,1
m018525,c_taylor,to,2
m018525,c_chris,cc,3
m018526,c_maya,to,0
m018527,c_noah,to,0
m018527,c_elena,to,1
m018527,c_taylor,to,2
m018527,c_chris,cc,3
m018528,c_maya,to,0
m018529,c_noah,to,0
m018529,c_elena,to,1
m018529,c_taylor,to,2
m018529,c_chris,cc,3
m018530,c_maya,to,0
m018531,c_noah,to,0
m018531,c_elena,to,1
m018531,c_taylor,to,2
m018531,c_chris,cc,3
m018532,c_maya,to,0
m018533,c_noah,to,0
m018533,c_elena,to,1
m018533,c_taylor,to,2
m018533,c_chris,cc,3
m018534,c_maya,to,0
m018535,c_noah,to,0
m018535,c_elena,to,1
m018535,c_taylor,to,2
m018535,c_chris,cc,3
m018536,c_maya,to,0
m018537,c_noah,to,0
m018537,c_elena,to,1
m018537,c_taylor,to,2
m018537,c_chris,cc,3
m018538,c_maya,to,0
m018539,c_noah,to,0
m018539,c_elena,to,1
m018539,c_taylor,to,2
m018539,c_chris,cc,3
m018540,c_maya,to,0
m018541,c_noah,to,0
m018541,c_elena,to,1
m018541,c_taylor,to,2
m018541,c_chris,cc,3
m018542,c_maya,to,0
m018543,c_noah,to,0
m018543,c_elena,to,1
m018543,c_taylor,to,2
m018543,c_chris,cc,3
m018544,c_maya,to,0
m018545,c_noah,to,0
m018545,c_elena,to,1
m018545,c_taylor,to,2
m018545,c_chris,cc,3
m018546,c_maya,to,0
m018547,c_noah,to,0
m018547,c_elena,to,1
m018547,c_taylor,to,2
m018547,c_chris,cc,3
m018548,c_maya,to,0
m018549,c_noah,to,0
m018549,c_elena,to,1
m018549,c_taylor,to,2
m018549,c_chris,cc,3
m018550,c_maya,to,0
m018551,c_noah,to,0
m018551,c_elena,to,1
m018551,c_taylor,to,2
m018551,c_chris,cc,3
m018552,c_maya,to,0
m018553,c_noah,to,0
m018553,c_elena,to,1
m018553,c_taylor,to,2
m018553,c_chris,cc,3
m018554,c_maya,to,0
m018555,c_noah,to,0
m018555,c_elena,to,1
m018555,c_taylor,to,2
m018555,c_chris,cc,3
m018556,c_maya,to,0
m018557,c_noah,to,0
m018557,c_elena,to,1
m018557,c_taylor,to,2
m018557,c_chris,cc,3
m018558,c_maya,to,0
m018559,c_noah,to,0
m018559,c_elena,to,1
m018559,c_taylor,to,2
m018559,c_chris,cc,3
m018560,c_maya,to,0
m018561,c_noah,to,0
m018561,c_elena,to,1
m018561,c_taylor,to,2
m018561,c_chris,cc,3
m018562,c_maya,to,0
m018563,c_noah,to,0
m018563,c_elena,to,1
m018563,c_taylor,to,2
m018563,c_chris,cc,3
m018564,c_maya,to,0
m018565,c_noah,to,0
m018565,c_elena,to,1
m018565,c_taylor,to,2
m018565,c_chris,cc,3
m018566,c_maya,to,0
m018567,c_noah,to,0
m018567,c_elena,to,1
m018567,c_taylor,to,2
m018567,c_chris,cc,3
m018568,c_maya,to,0
m018569,c_noah,to,0
m018569,c_elena,to,1
m018569,c_taylor,to,2
m018569,c_chris,cc,3
m018570,c_maya,to,0
m018571,c_noah,to,0
m018571,c_elena,to,1
m018571,c_taylor,to,2
m018571,c_chris,cc,3
m018572,c_maya,to,0
m018573,c_noah,to,0
m018573,c_elena,to,1
m018573,c_taylor,to,2
m018573,c_chris,cc,3
m018574,c_maya,to,0
m018575,c_noah,to,0
m018575,c_elena,to,1
m018575,c_taylor,to,2
m018575,c_chris,cc,3
m018576,c_maya,to,0
m018577,c_chris,to,0
m018577,c_noah,to,1
m018577,c_elena,to,2
m018577,c_marcus,cc,3
m018578,c_maya,to,0
m018579,c_chris,to,0
m018579,c_noah,to,1
m018579,c_elena,to,2
m018579,c_marcus,cc,3
m018580,c_maya,to,0
m018581,c_chris,to,0
m018581,c_noah,to,1
m018581,c_elena,to,2
m018581,c_marcus,cc,3
m018582,c_maya,to,0
m018583,c_chris,to,0
m018583,c_noah,to,1
m018583,c_elena,to,2
m018583,c_marcus,cc,3
m018584,c_maya,to,0
m018585,c_priya,to,0
m018585,c_quinn,cc,1
m018586,c_maya,to,0
m018587,c_priya,to,0
m018587,c_quinn,cc,1
m018588,c_maya,to,0
m018589,c_priya,to,0
m018589,c_quinn,cc,1
m018590,c_maya,to,0
m018591,c_priya,to,0
m018591,c_quinn,cc,1
m018592,c_maya,to,0
m018593,c_priya,to,0
m018593,c_quinn,cc,1
m018594,c_maya,to,0
m018595,c_priya,to,0
m018595,c_quinn,cc,1
m018596,c_maya,to,0
m018597,c_elena,to,0
m018597,c_taylor,to,1
m018597,c_lena,to,2
m018598,c_noah,to,0
m018599,c_elena,to,0
m018599,c_taylor,to,1
m018599,c_lena,to,2
m018600,c_noah,to,0
m018601,c_elena,to,0
m018601,c_taylor,to,1
m018601,c_lena,to,2
m018602,c_noah,to,0
m018603,c_elena,to,0
m018603,c_taylor,to,1
m018603,c_lena,to,2
m018604,c_noah,to,0
m018605,c_elena,to,0
m018605,c_taylor,to,1
m018605,c_lena,to,2
m018606,c_noah,to,0
m018607,c_elena,to,0
m018607,c_taylor,to,1
m018607,c_lena,to,2
m018608,c_noah,to,0
m018609,c_noah,to,0
m018609,c_taylor,to,1
m018609,c_chris,cc,2
m018610,c_elena,to,0
m018611,c_noah,to,0
m018611,c_taylor,to,1
m018611,c_chris,cc,2
m018612,c_elena,to,0
m018613,c_noah,to,0
m018613,c_taylor,to,1
m018613,c_chris,cc,2
m018614,c_elena,to,0
m018615,c_noah,to,0
m018615,c_taylor,to,1
m018615,c_chris,cc,2
m018616,c_elena,to,0
m018617,c_noah,to,0
m018618,c_taylor,to,0
m018619,c_noah,to,0
m018620,c_taylor,to,0
m018621,c_avery,to,0
m018621,c_devon,to,1
m018622,c_alex_chan,to,0
m018623,c_avery,to,0
m018623,c_devon,to,1
m018624,c_alex_chan,to,0
m018625,c_maya,to,0
m018626,c_alex_chen,to,0
m018627,c_quinn,to,0
m018628,c_priya,to,0
m018629,c_marcus,to,0
m018630,c_chris,to,0
m018631,c_marcus,to,0
m018632,c_chris,to,0
m018633,c_hana,to,0
m018634,c_sam,to,0
m018635,c_alex_chan,to,0
m018636,c_maya,to,0
m018637,c_alex_chan,to,0
m018638,c_maya,to,0
m018639,c_alex_chan,to,0
m018640,c_maya,to,0
m018641,c_alex_chan,to,0
m018642,c_maya,to,0
m018643,c_alex_chan,to,0
m018644,c_maya,to,0
m018645,c_alex_chan,to,0
m018646,c_maya,to,0
m018647,c_jamie_lee,to,0
m018648,c_maya,to,0
m018649,c_jamie_lee,to,0
m018650,c_maya,to,0
m018651,c_jamie_lee,to,0
m018652,c_maya,to,0
m018653,c_jamie_lee,to,0
m018654,c_maya,to,0
m018655,c_jamie_lee,to,0
m018656,c_maya,to,0
m018657,c_jamie_lee,to,0
m018658,c_maya,to,0
m018659,c_morgan_shaw,to,0
m018660,c_maya,to,0
m018661,c_morgan_shaw,to,0
m018662,c_maya,to,0
m018663,c_morgan_shaw,to,0
m018664,c_maya,to,0
m018665,c_morgan_shaw,to,0
m018666,c_maya,to,0
m018667,c_morgan_shaw,to,0
m018668,c_maya,to,0
m018669,c_morgan_shaw,to,0
m018670,c_maya,to,0
m018671,c_alex_chen,to,0
m018672,c_maya,to,0
m018673,c_alex_chen,to,0
m018674,c_maya,to,0
m018675,c_alex_chen,to,0
m018676,c_maya,to,0
m018677,c_alex_chen,to,0
m018678,c_maya,to,0
m018679,c_jamie_li,to,0
m018680,c_maya,to,0
m018681,c_jamie_li,to,0
m018682,c_maya,to,0
m018683,c_jamie_li,to,0
m018684,c_maya,to,0
m018685,c_jamie_li,to,0
m018686,c_maya,to,0
m018687,c_morgan_zhao,to,0
m018688,c_maya,to,0
m018689,c_morgan_zhao,to,0
m018690,c_maya,to,0
m018691,c_morgan_zhao,to,0
m018692,c_maya,to,0
m018693,c_morgan_zhao,to,0
m018694,c_maya,to,0
m018695,c_lee,to,0
m018696,c_maya,to,0
m018697,c_lee,to,0
m018698,c_maya,to,0
m018699,c_lee,to,0
m018700,c_maya,to,0
m018701,c_lee,to,0
m018702,c_maya,to,0
m018703,c_lee,to,0
m018704,c_maya,to,0
m018705,c_lee,to,0
m018706,c_maya,to,0
m018707,c_pat,to,0
m018708,c_maya,to,0
m018709,c_pat,to,0
m018710,c_maya,to,0
m018711,c_pat,to,0
m018712,c_maya,to,0
m018713,c_pat,to,0
m018714,c_maya,to,0
m018715,c_pat,to,0
m018716,c_maya,to,0
m018717,c_pat,to,0
m018718,c_maya,to,0
m018719,c_ren,to,0
m018720,c_maya,to,0
m018721,c_ren,to,0
m018722,c_maya,to,0
m018723,c_ren,to,0
m018724,c_maya,to,0
m018725,c_ren,to,0
m018726,c_maya,to,0
m018727,c_ren,to,0
m018728,c_maya,to,0
m018729,c_ren,to,0
m018730,c_maya,to,0
m018731,c_sam,to,0
m018732,c_maya,to,0
m018733,c_hana,to,0
m018734,c_maya,to,0
m018735,c_fac_001,to,0
m018736,c_maya,to,0
m018737,c_fac_002,to,0
m018738,c_maya,to,0
m018739,c_fac_003,to,0
m018740,c_maya,to,0
m018741,c_fac_004,to,0
m018742,c_maya,to,0
m018743,c_fac_005,to,0
m018744,c_maya,to,0
m018745,c_fac_006,to,0
m018746,c_maya,to,0
m018747,c_fac_007,to,0
m018748,c_maya,to,0
m018749,c_fac_008,to,0
m018750,c_maya,to,0
m018751,c_fac_009,to,0
m018752,c_maya,to,0
m018753,c_fac_010,to,0
m018754,c_maya,to,0
m018755,c_fac_011,to,0
m018756,c_maya,to,0
m018757,c_fac_012,to,0
m018758,c_maya,to,0
m018759,c_fac_013,to,0
m018760,c_maya,to,0
m018761,c_fac_014,to,0
m018762,c_maya,to,0
m018763,c_fac_015,to,0
m018764,c_maya,to,0
m018765,c_fac_016,to,0
m018766,c_maya,to,0
m018767,c_fac_017,to,0
m018768,c_maya,to,0
m018769,c_noah,to,0
m018769,c_elena,to,1
m018769,c_taylor,to,2
m018769,c_chris,cc,3
m018770,c_maya,to,0
m018771,c_noah,to,0
m018771,c_elena,to,1
m018771,c_taylor,to,2
m018771,c_chris,cc,3
m018772,c_maya,to,0
m018773,c_noah,to,0
m018773,c_elena,to,1
m018773,c_taylor,to,2
m018773,c_chris,cc,3
m018774,c_maya,to,0
m018775,c_noah,to,0
m018775,c_elena,to,1
m018775,c_taylor,to,2
m018775,c_chris,cc,3
m018776,c_maya,to,0
m018777,c_noah,to,0
m018777,c_elena,to,1
m018777,c_taylor,to,2
m018777,c_chris,cc,3
m018778,c_maya,to,0
m018779,c_noah,to,0
m018779,c_elena,to,1
m018779,c_taylor,to,2
m018779,c_chris,cc,3
m018780,c_maya,to,0
m018781,c_noah,to,0
m018781,c_elena,to,1
m018781,c_taylor,to,2
m018781,c_chris,cc,3
m018782,c_maya,to,0
m018783,c_noah,to,0
m018783,c_elena,to,1
m018783,c_taylor,to,2
m018783,c_chris,cc,3
m018784,c_maya,to,0
m018785,c_noah,to,0
m018785,c_elena,to,1
m018785,c_taylor,to,2
m018785,c_chris,cc,3
m018786,c_maya,to,0
m018787,c_noah,to,0
m018787,c_elena,to,1
m018787,c_taylor,to,2
m018787,c_chris,cc,3
m018788,c_maya,to,0
m018789,c_noah,to,0
m018789,c_elena,to,1
m018789,c_taylor,to,2
m018789,c_chris,cc,3
m018790,c_maya,to,0
m018791,c_noah,to,0
m018791,c_elena,to,1
m018791,c_taylor,to,2
m018791,c_chris,cc,3
m018792,c_maya,to,0
m018793,c_noah,to,0
m018793,c_elena,to,1
m018793,c_taylor,to,2
m018793,c_chris,cc,3
m018794,c_maya,to,0
m018795,c_noah,to,0
m018795,c_elena,to,1
m018795,c_taylor,to,2
m018795,c_chris,cc,3
m018796,c_maya,to,0
m018797,c_noah,to,0
m018797,c_elena,to,1
m018797,c_taylor,to,2
m018797,c_chris,cc,3
m018798,c_maya,to,0
m018799,c_noah,to,0
m018799,c_elena,to,1
m018799,c_taylor,to,2
m018799,c_chris,cc,3
m018800,c_maya,to,0
m018801,c_noah,to,0
m018801,c_elena,to,1
m018801,c_taylor,to,2
m018801,c_chris,cc,3
m018802,c_maya,to,0
m018803,c_noah,to,0
m018803,c_elena,to,1
m018803,c_taylor,to,2
m018803,c_chris,cc,3
m018804,c_maya,to,0
m018805,c_noah,to,0
m018805,c_elena,to,1
m018805,c_taylor,to,2
m018805,c_chris,cc,3
m018806,c_maya,to,0
m018807,c_noah,to,0
m018807,c_elena,to,1
m018807,c_taylor,to,2
m018807,c_chris,cc,3
m018808,c_maya,to,0
m018809,c_noah,to,0
m018809,c_elena,to,1
m018809,c_taylor,to,2
m018809,c_chris,cc,3
m018810,c_maya,to,0
m018811,c_noah,to,0
m018811,c_elena,to,1
m018811,c_taylor,to,2
m018811,c_chris,cc,3
m018812,c_maya,to,0
m018813,c_noah,to,0
m018813,c_elena,to,1
m018813,c_taylor,to,2
m018813,c_chris,cc,3
m018814,c_maya,to,0
m018815,c_noah,to,0
m018815,c_elena,to,1
m018815,c_taylor,to,2
m018815,c_chris,cc,3
m018816,c_maya,to,0
m018817,c_noah,to,0
m018817,c_elena,to,1
m018817,c_taylor,to,2
m018817,c_chris,cc,3
m018818,c_maya,to,0
m018819,c_noah,to,0
m018819,c_elena,to,1
m018819,c_taylor,to,2
m018819,c_chris,cc,3
m018820,c_maya,to,0
m018821,c_noah,to,0
m018821,c_elena,to,1
m018821,c_taylor,to,2
m018821,c_chris,cc,3
m018822,c_maya,to,0
m018823,c_noah,to,0
m018823,c_elena,to,1
m018823,c_taylor,to,2
m018823,c_chris,cc,3
m018824,c_maya,to,0
m018825,c_noah,to,0
m018825,c_elena,to,1
m018825,c_taylor,to,2
m018825,c_chris,cc,3
m018826,c_maya,to,0
m018827,c_noah,to,0
m018827,c_elena,to,1
m018827,c_taylor,to,2
m018827,c_chris,cc,3
m018828,c_maya,to,0
m018829,c_noah,to,0
m018829,c_elena,to,1
m018829,c_taylor,to,2
m018829,c_chris,cc,3
m018830,c_maya,to,0
m018831,c_noah,to,0
m018831,c_elena,to,1
m018831,c_taylor,to,2
m018831,c_chris,cc,3
m018832,c_maya,to,0
m018833,c_noah,to,0
m018833,c_elena,to,1
m018833,c_taylor,to,2
m018833,c_chris,cc,3
m018834,c_maya,to,0
m018835,c_noah,to,0
m018835,c_elena,to,1
m018835,c_taylor,to,2
m018835,c_chris,cc,3
m018836,c_maya,to,0
m018837,c_noah,to,0
m018837,c_elena,to,1
m018837,c_taylor,to,2
m018837,c_chris,cc,3
m018838,c_maya,to,0
m018839,c_noah,to,0
m018839,c_elena,to,1
m018839,c_taylor,to,2
m018839,c_chris,cc,3
m018840,c_maya,to,0
m018841,c_noah,to,0
m018841,c_elena,to,1
m018841,c_taylor,to,2
m018841,c_chris,cc,3
m018842,c_maya,to,0
m018843,c_noah,to,0
m018843,c_elena,to,1
m018843,c_taylor,to,2
m018843,c_chris,cc,3
m018844,c_maya,to,0
m018845,c_noah,to,0
m018845,c_elena,to,1
m018845,c_taylor,to,2
m018845,c_chris,cc,3
m018846,c_maya,to,0
m018847,c_noah,to,0
m018847,c_elena,to,1
m018847,c_taylor,to,2
m018847,c_chris,cc,3
m018848,c_maya,to,0
m018849,c_chris,to,0
m018849,c_noah,to,1
m018849,c_elena,to,2
m018849,c_marcus,cc,3
m018850,c_maya,to,0
m018851,c_chris,to,0
m018851,c_noah,to,1
m018851,c_elena,to,2
m018851,c_marcus,cc,3
m018852,c_maya,to,0
m018853,c_chris,to,0
m018853,c_noah,to,1
m018853,c_elena,to,2
m018853,c_marcus,cc,3
m018854,c_maya,to,0
m018855,c_chris,to,0
m018855,c_noah,to,1
m018855,c_elena,to,2
m018855,c_marcus,cc,3
m018856,c_maya,to,0
m018857,c_priya,to,0
m018857,c_quinn,cc,1
m018858,c_maya,to,0
m018859,c_priya,to,0
m018859,c_quinn,cc,1
m018860,c_maya,to,0
m018861,c_priya,to,0
m018861,c_quinn,cc,1
m018862,c_maya,to,0
m018863,c_priya,to,0
m018863,c_quinn,cc,1
m018864,c_maya,to,0
m018865,c_priya,to,0
m018865,c_quinn,cc,1
m018866,c_maya,to,0
m018867,c_priya,to,0
m018867,c_quinn,cc,1
m018868,c_maya,to,0
m018869,c_elena,to,0
m018869,c_taylor,to,1
m018869,c_lena,to,2
m018870,c_noah,to,0
m018871,c_elena,to,0
m018871,c_taylor,to,1
m018871,c_lena,to,2
m018872,c_noah,to,0
m018873,c_elena,to,0
m018873,c_taylor,to,1
m018873,c_lena,to,2
m018874,c_noah,to,0
m018875,c_elena,to,0
m018875,c_taylor,to,1
m018875,c_lena,to,2
m018876,c_noah,to,0
m018877,c_elena,to,0
m018877,c_taylor,to,1
m018877,c_lena,to,2
m018878,c_noah,to,0
m018879,c_elena,to,0
m018879,c_taylor,to,1
m018879,c_lena,to,2
m018880,c_noah,to,0
m018881,c_noah,to,0
m018881,c_taylor,to,1
m018881,c_chris,cc,2
m018882,c_elena,to,0
m018883,c_noah,to,0
m018883,c_taylor,to,1
m018883,c_chris,cc,2
m018884,c_elena,to,0
m018885,c_noah,to,0
m018885,c_taylor,to,1
m018885,c_chris,cc,2
m018886,c_elena,to,0
m018887,c_noah,to,0
m018887,c_taylor,to,1
m018887,c_chris,cc,2
m018888,c_elena,to,0
m018889,c_noah,to,0
m018890,c_taylor,to,0
m018891,c_noah,to,0
m018892,c_taylor,to,0
m018893,c_avery,to,0
m018893,c_devon,to,1
m018894,c_alex_chan,to,0
m018895,c_avery,to,0
m018895,c_devon,to,1
m018896,c_alex_chan,to,0
m018897,c_maya,to,0
m018898,c_alex_chen,to,0
m018899,c_quinn,to,0
m018900,c_priya,to,0
m018901,c_marcus,to,0
m018902,c_chris,to,0
m018903,c_marcus,to,0
m018904,c_chris,to,0
m018905,c_hana,to,0
m018906,c_sam,to,0
m018907,c_alex_chan,to,0
m018908,c_maya,to,0
m018909,c_alex_chan,to,0
m018910,c_maya,to,0
m018911,c_alex_chan,to,0
m018912,c_maya,to,0
m018913,c_alex_chan,to,0
m018914,c_maya,to,0
m018915,c_alex_chan,to,0
m018916,c_maya,to,0
m018917,c_alex_chan,to,0
m018918,c_maya,to,0
m018919,c_jamie_lee,to,0
m018920,c_maya,to,0
m018921,c_jamie_lee,to,0
m018922,c_maya,to,0
m018923,c_jamie_lee,to,0
m018924,c_maya,to,0
m018925,c_jamie_lee,to,0
m018926,c_maya,to,0
m018927,c_jamie_lee,to,0
m018928,c_maya,to,0
m018929,c_jamie_lee,to,0
m018930,c_maya,to,0
m018931,c_morgan_shaw,to,0
m018932,c_maya,to,0
m018933,c_morgan_shaw,to,0
m018934,c_maya,to,0
m018935,c_morgan_shaw,to,0
m018936,c_maya,to,0
m018937,c_morgan_shaw,to,0
m018938,c_maya,to,0
m018939,c_morgan_shaw,to,0
m018940,c_maya,to,0
m018941,c_morgan_shaw,to,0
m018942,c_maya,to,0
m018943,c_alex_chen,to,0
m018944,c_maya,to,0
m018945,c_alex_chen,to,0
m018946,c_maya,to,0
m018947,c_alex_chen,to,0
m018948,c_maya,to,0
m018949,c_alex_chen,to,0
m018950,c_maya,to,0
m018951,c_jamie_li,to,0
m018952,c_maya,to,0
m018953,c_jamie_li,to,0
m018954,c_maya,to,0
m018955,c_jamie_li,to,0
m018956,c_maya,to,0
m018957,c_jamie_li,to,0
m018958,c_maya,to,0
m018959,c_morgan_zhao,to,0
m018960,c_maya,to,0
m018961,c_morgan_zhao,to,0
m018962,c_maya,to,0
m018963,c_morgan_zhao,to,0
m018964,c_maya,to,0
m018965,c_morgan_zhao,to,0
m018966,c_maya,to,0
m018967,c_lee,to,0
m018968,c_maya,to,0
m018969,c_lee,to,0
m018970,c_maya,to,0
m018971,c_lee,to,0
m018972,c_maya,to,0
m018973,c_lee,to,0
m018974,c_maya,to,0
m018975,c_lee,to,0
m018976,c_maya,to,0
m018977,c_lee,to,0
m018978,c_maya,to,0
m018979,c_pat,to,0
m018980,c_maya,to,0
m018981,c_pat,to,0
m018982,c_maya,to,0
m018983,c_pat,to,0
m018984,c_maya,to,0
m018985,c_pat,to,0
m018986,c_maya,to,0
m018987,c_pat,to,0
m018988,c_maya,to,0
m018989,c_pat,to,0
m018990,c_maya,to,0
m018991,c_ren,to,0
m018992,c_maya,to,0
m018993,c_ren,to,0
m018994,c_maya,to,0
m018995,c_ren,to,0
m018996,c_maya,to,0
m018997,c_ren,to,0
m018998,c_maya,to,0
m018999,c_ren,to,0
m019000,c_maya,to,0
m019001,c_ren,to,0
m019002,c_maya,to,0
m019003,c_sam,to,0
m019004,c_maya,to,0
m019005,c_hana,to,0
m019006,c_maya,to,0
m019007,c_fac_001,to,0
m019008,c_maya,to,0
m019009,c_fac_002,to,0
m019010,c_maya,to,0
m019011,c_fac_003,to,0
m019012,c_maya,to,0
m019013,c_fac_004,to,0
m019014,c_maya,to,0
m019015,c_fac_005,to,0
m019016,c_maya,to,0
m019017,c_fac_006,to,0
m019018,c_maya,to,0
m019019,c_fac_007,to,0
m019020,c_maya,to,0
m019021,c_fac_008,to,0
m019022,c_maya,to,0
m019023,c_fac_009,to,0
m019024,c_maya,to,0
m019025,c_fac_010,to,0
m019026,c_maya,to,0
m019027,c_fac_011,to,0
m019028,c_maya,to,0
m019029,c_fac_012,to,0
m019030,c_maya,to,0
m019031,c_fac_013,to,0
m019032,c_maya,to,0
m019033,c_fac_014,to,0
m019034,c_maya,to,0
m019035,c_fac_015,to,0
m019036,c_maya,to,0
m019037,c_fac_016,to,0
m019038,c_maya,to,0
m019039,c_fac_017,to,0
m019040,c_maya,to,0
m019041,c_noah,to,0
m019041,c_elena,to,1
m019041,c_taylor,to,2
m019041,c_chris,cc,3
m019042,c_maya,to,0
m019043,c_noah,to,0
m019043,c_elena,to,1
m019043,c_taylor,to,2
m019043,c_chris,cc,3
m019044,c_maya,to,0
m019045,c_noah,to,0
m019045,c_elena,to,1
m019045,c_taylor,to,2
m019045,c_chris,cc,3
m019046,c_maya,to,0
m019047,c_noah,to,0
m019047,c_elena,to,1
m019047,c_taylor,to,2
m019047,c_chris,cc,3
m019048,c_maya,to,0
m019049,c_noah,to,0
m019049,c_elena,to,1
m019049,c_taylor,to,2
m019049,c_chris,cc,3
m019050,c_maya,to,0
m019051,c_noah,to,0
m019051,c_elena,to,1
m019051,c_taylor,to,2
m019051,c_chris,cc,3
m019052,c_maya,to,0
m019053,c_noah,to,0
m019053,c_elena,to,1
m019053,c_taylor,to,2
m019053,c_chris,cc,3
m019054,c_maya,to,0
m019055,c_noah,to,0
m019055,c_elena,to,1
m019055,c_taylor,to,2
m019055,c_chris,cc,3
m019056,c_maya,to,0
m019057,c_noah,to,0
m019057,c_elena,to,1
m019057,c_taylor,to,2
m019057,c_chris,cc,3
m019058,c_maya,to,0
m019059,c_noah,to,0
m019059,c_elena,to,1
m019059,c_taylor,to,2
m019059,c_chris,cc,3
m019060,c_maya,to,0
m019061,c_noah,to,0
m019061,c_elena,to,1
m019061,c_taylor,to,2
m019061,c_chris,cc,3
m019062,c_maya,to,0
m019063,c_noah,to,0
m019063,c_elena,to,1
m019063,c_taylor,to,2
m019063,c_chris,cc,3
m019064,c_maya,to,0
m019065,c_noah,to,0
m019065,c_elena,to,1
m019065,c_taylor,to,2
m019065,c_chris,cc,3
m019066,c_maya,to,0
m019067,c_noah,to,0
m019067,c_elena,to,1
m019067,c_taylor,to,2
m019067,c_chris,cc,3
m019068,c_maya,to,0
m019069,c_noah,to,0
m019069,c_elena,to,1
m019069,c_taylor,to,2
m019069,c_chris,cc,3
m019070,c_maya,to,0
m019071,c_noah,to,0
m019071,c_elena,to,1
m019071,c_taylor,to,2
m019071,c_chris,cc,3
m019072,c_maya,to,0
m019073,c_noah,to,0
m019073,c_elena,to,1
m019073,c_taylor,to,2
m019073,c_chris,cc,3
m019074,c_maya,to,0
m019075,c_noah,to,0
m019075,c_elena,to,1
m019075,c_taylor,to,2
m019075,c_chris,cc,3
m019076,c_maya,to,0
m019077,c_noah,to,0
m019077,c_elena,to,1
m019077,c_taylor,to,2
m019077,c_chris,cc,3
m019078,c_maya,to,0
m019079,c_noah,to,0
m019079,c_elena,to,1
m019079,c_taylor,to,2
m019079,c_chris,cc,3
m019080,c_maya,to,0
m019081,c_noah,to,0
m019081,c_elena,to,1
m019081,c_taylor,to,2
m019081,c_chris,cc,3
m019082,c_maya,to,0
m019083,c_noah,to,0
m019083,c_elena,to,1
m019083,c_taylor,to,2
m019083,c_chris,cc,3
m019084,c_maya,to,0
m019085,c_noah,to,0
m019085,c_elena,to,1
m019085,c_taylor,to,2
m019085,c_chris,cc,3
m019086,c_maya,to,0
m019087,c_noah,to,0
m019087,c_elena,to,1
m019087,c_taylor,to,2
m019087,c_chris,cc,3
m019088,c_maya,to,0
m019089,c_noah,to,0
m019089,c_elena,to,1
m019089,c_taylor,to,2
m019089,c_chris,cc,3
m019090,c_maya,to,0
m019091,c_noah,to,0
m019091,c_elena,to,1
m019091,c_taylor,to,2
m019091,c_chris,cc,3
m019092,c_maya,to,0
m019093,c_noah,to,0
m019093,c_elena,to,1
m019093,c_taylor,to,2
m019093,c_chris,cc,3
m019094,c_maya,to,0
m019095,c_noah,to,0
m019095,c_elena,to,1
m019095,c_taylor,to,2
m019095,c_chris,cc,3
m019096,c_maya,to,0
m019097,c_noah,to,0
m019097,c_elena,to,1
m019097,c_taylor,to,2
m019097,c_chris,cc,3
m019098,c_maya,to,0
m019099,c_noah,to,0
m019099,c_elena,to,1
m019099,c_taylor,to,2
m019099,c_chris,cc,3
m019100,c_maya,to,0
m019101,c_noah,to,0
m019101,c_elena,to,1
m019101,c_taylor,to,2
m019101,c_chris,cc,3
m019102,c_maya,to,0
m019103,c_noah,to,0
m019103,c_elena,to,1
m019103,c_taylor,to,2
m019103,c_chris,cc,3
m019104,c_maya,to,0
m019105,c_noah,to,0
m019105,c_elena,to,1
m019105,c_taylor,to,2
m019105,c_chris,cc,3
m019106,c_maya,to,0
m019107,c_noah,to,0
m019107,c_elena,to,1
m019107,c_taylor,to,2
m019107,c_chris,cc,3
m019108,c_maya,to,0
m019109,c_noah,to,0
m019109,c_elena,to,1
m019109,c_taylor,to,2
m019109,c_chris,cc,3
m019110,c_maya,to,0
m019111,c_noah,to,0
m019111,c_elena,to,1
m019111,c_taylor,to,2
m019111,c_chris,cc,3
m019112,c_maya,to,0
m019113,c_noah,to,0
m019113,c_elena,to,1
m019113,c_taylor,to,2
m019113,c_chris,cc,3
m019114,c_maya,to,0
m019115,c_noah,to,0
m019115,c_elena,to,1
m019115,c_taylor,to,2
m019115,c_chris,cc,3
m019116,c_maya,to,0
m019117,c_noah,to,0
m019117,c_elena,to,1
m019117,c_taylor,to,2
m019117,c_chris,cc,3
m019118,c_maya,to,0
m019119,c_noah,to,0
m019119,c_elena,to,1
m019119,c_taylor,to,2
m019119,c_chris,cc,3
m019120,c_maya,to,0
m019121,c_chris,to,0
m019121,c_noah,to,1
m019121,c_elena,to,2
m019121,c_marcus,cc,3
m019122,c_maya,to,0
m019123,c_chris,to,0
m019123,c_noah,to,1
m019123,c_elena,to,2
m019123,c_marcus,cc,3
m019124,c_maya,to,0
m019125,c_chris,to,0
m019125,c_noah,to,1
m019125,c_elena,to,2
m019125,c_marcus,cc,3
m019126,c_maya,to,0
m019127,c_chris,to,0
m019127,c_noah,to,1
m019127,c_elena,to,2
m019127,c_marcus,cc,3
m019128,c_maya,to,0
m019129,c_priya,to,0
m019129,c_quinn,cc,1
m019130,c_maya,to,0
m019131,c_priya,to,0
m019131,c_quinn,cc,1
m019132,c_maya,to,0
m019133,c_priya,to,0
m019133,c_quinn,cc,1
m019134,c_maya,to,0
m019135,c_priya,to,0
m019135,c_quinn,cc,1
m019136,c_maya,to,0
m019137,c_priya,to,0
m019137,c_quinn,cc,1
m019138,c_maya,to,0
m019139,c_priya,to,0
m019139,c_quinn,cc,1
m019140,c_maya,to,0
m019141,c_elena,to,0
m019141,c_taylor,to,1
m019141,c_lena,to,2
m019142,c_noah,to,0
m019143,c_elena,to,0
m019143,c_taylor,to,1
m019143,c_lena,to,2
m019144,c_noah,to,0
m019145,c_elena,to,0
m019145,c_taylor,to,1
m019145,c_lena,to,2
m019146,c_noah,to,0
m019147,c_elena,to,0
m019147,c_taylor,to,1
m019147,c_lena,to,2
m019148,c_noah,to,0
m019149,c_elena,to,0
m019149,c_taylor,to,1
m019149,c_lena,to,2
m019150,c_noah,to,0
m019151,c_elena,to,0
m019151,c_taylor,to,1
m019151,c_lena,to,2
m019152,c_noah,to,0
m019153,c_noah,to,0
m019153,c_taylor,to,1
m019153,c_chris,cc,2
m019154,c_elena,to,0
m019155,c_noah,to,0
m019155,c_taylor,to,1
m019155,c_chris,cc,2
m019156,c_elena,to,0
m019157,c_noah,to,0
m019157,c_taylor,to,1
m019157,c_chris,cc,2
m019158,c_elena,to,0
m019159,c_noah,to,0
m019159,c_taylor,to,1
m019159,c_chris,cc,2
m019160,c_elena,to,0
m019161,c_noah,to,0
m019162,c_taylor,to,0
m019163,c_noah,to,0
m019164,c_taylor,to,0
m019165,c_avery,to,0
m019165,c_devon,to,1
m019166,c_alex_chan,to,0
m019167,c_avery,to,0
m019167,c_devon,to,1
m019168,c_alex_chan,to,0
m019169,c_maya,to,0
m019170,c_alex_chen,to,0
m019171,c_quinn,to,0
m019172,c_priya,to,0
m019173,c_marcus,to,0
m019174,c_chris,to,0
m019175,c_marcus,to,0
m019176,c_chris,to,0
m019177,c_hana,to,0
m019178,c_sam,to,0
m019179,c_alex_chan,to,0
m019180,c_maya,to,0
m019181,c_alex_chan,to,0
m019182,c_maya,to,0
m019183,c_alex_chan,to,0
m019184,c_maya,to,0
m019185,c_alex_chan,to,0
m019186,c_maya,to,0
m019187,c_alex_chan,to,0
m019188,c_maya,to,0
m019189,c_alex_chan,to,0
m019190,c_maya,to,0
m019191,c_jamie_lee,to,0
m019192,c_maya,to,0
m019193,c_jamie_lee,to,0
m019194,c_maya,to,0
m019195,c_jamie_lee,to,0
m019196,c_maya,to,0
m019197,c_jamie_lee,to,0
m019198,c_maya,to,0
m019199,c_jamie_lee,to,0
m019200,c_maya,to,0
m019201,c_jamie_lee,to,0
m019202,c_maya,to,0
m019203,c_morgan_shaw,to,0
m019204,c_maya,to,0
m019205,c_morgan_shaw,to,0
m019206,c_maya,to,0
m019207,c_morgan_shaw,to,0
m019208,c_maya,to,0
m019209,c_morgan_shaw,to,0
m019210,c_maya,to,0
m019211,c_morgan_shaw,to,0
m019212,c_maya,to,0
m019213,c_morgan_shaw,to,0
m019214,c_maya,to,0
m019215,c_alex_chen,to,0
m019216,c_maya,to,0
m019217,c_alex_chen,to,0
m019218,c_maya,to,0
m019219,c_alex_chen,to,0
m019220,c_maya,to,0
m019221,c_alex_chen,to,0
m019222,c_maya,to,0
m019223,c_jamie_li,to,0
m019224,c_maya,to,0
m019225,c_jamie_li,to,0
m019226,c_maya,to,0
m019227,c_jamie_li,to,0
m019228,c_maya,to,0
m019229,c_jamie_li,to,0
m019230,c_maya,to,0
m019231,c_morgan_zhao,to,0
m019232,c_maya,to,0
m019233,c_morgan_zhao,to,0
m019234,c_maya,to,0
m019235,c_morgan_zhao,to,0
m019236,c_maya,to,0
m019237,c_morgan_zhao,to,0
m019238,c_maya,to,0
m019239,c_lee,to,0
m019240,c_maya,to,0
m019241,c_lee,to,0
m019242,c_maya,to,0
m019243,c_lee,to,0
m019244,c_maya,to,0
m019245,c_lee,to,0
m019246,c_maya,to,0
m019247,c_lee,to,0
m019248,c_maya,to,0
m019249,c_lee,to,0
m019250,c_maya,to,0
m019251,c_pat,to,0
m019252,c_maya,to,0
m019253,c_pat,to,0
m019254,c_maya,to,0
m019255,c_pat,to,0
m019256,c_maya,to,0
m019257,c_pat,to,0
m019258,c_maya,to,0
m019259,c_pat,to,0
m019260,c_maya,to,0
m019261,c_pat,to,0
m019262,c_maya,to,0
m019263,c_ren,to,0
m019264,c_maya,to,0
m019265,c_ren,to,0
m019266,c_maya,to,0
m019267,c_ren,to,0
m019268,c_maya,to,0
m019269,c_ren,to,0
m019270,c_maya,to,0
m019271,c_ren,to,0
m019272,c_maya,to,0
m019273,c_ren,to,0
m019274,c_maya,to,0
m019275,c_sam,to,0
m019276,c_maya,to,0
m019277,c_hana,to,0
m019278,c_maya,to,0
m019279,c_fac_001,to,0
m019280,c_maya,to,0
m019281,c_fac_002,to,0
m019282,c_maya,to,0
m019283,c_fac_003,to,0
m019284,c_maya,to,0
m019285,c_fac_004,to,0
m019286,c_maya,to,0
m019287,c_fac_005,to,0
m019288,c_maya,to,0
m019289,c_fac_006,to,0
m019290,c_maya,to,0
m019291,c_fac_007,to,0
m019292,c_maya,to,0
m019293,c_fac_008,to,0
m019294,c_maya,to,0
m019295,c_fac_009,to,0
m019296,c_maya,to,0
m019297,c_fac_010,to,0
m019298,c_maya,to,0
m019299,c_fac_011,to,0
m019300,c_maya,to,0
m019301,c_fac_012,to,0
m019302,c_maya,to,0
m019303,c_fac_013,to,0
m019304,c_maya,to,0
m019305,c_fac_014,to,0
m019306,c_maya,to,0
m019307,c_fac_015,to,0
m019308,c_maya,to,0
m019309,c_fac_016,to,0
m019310,c_maya,to,0
m019311,c_fac_017,to,0
m019312,c_maya,to,0
m019313,c_noah,to,0
m019313,c_elena,to,1
m019313,c_taylor,to,2
m019313,c_chris,cc,3
m019314,c_maya,to,0
m019315,c_noah,to,0
m019315,c_elena,to,1
m019315,c_taylor,to,2
m019315,c_chris,cc,3
m019316,c_maya,to,0
m019317,c_noah,to,0
m019317,c_elena,to,1
m019317,c_taylor,to,2
m019317,c_chris,cc,3
m019318,c_maya,to,0
m019319,c_noah,to,0
m019319,c_elena,to,1
m019319,c_taylor,to,2
m019319,c_chris,cc,3
m019320,c_maya,to,0
m019321,c_noah,to,0
m019321,c_elena,to,1
m019321,c_taylor,to,2
m019321,c_chris,cc,3
m019322,c_maya,to,0
m019323,c_noah,to,0
m019323,c_elena,to,1
m019323,c_taylor,to,2
m019323,c_chris,cc,3
m019324,c_maya,to,0
m019325,c_noah,to,0
m019325,c_elena,to,1
m019325,c_taylor,to,2
m019325,c_chris,cc,3
m019326,c_maya,to,0
m019327,c_noah,to,0
m019327,c_elena,to,1
m019327,c_taylor,to,2
m019327,c_chris,cc,3
m019328,c_maya,to,0
m019329,c_noah,to,0
m019329,c_elena,to,1
m019329,c_taylor,to,2
m019329,c_chris,cc,3
m019330,c_maya,to,0
m019331,c_noah,to,0
m019331,c_elena,to,1
m019331,c_taylor,to,2
m019331,c_chris,cc,3
m019332,c_maya,to,0
m019333,c_noah,to,0
m019333,c_elena,to,1
m019333,c_taylor,to,2
m019333,c_chris,cc,3
m019334,c_maya,to,0
m019335,c_noah,to,0
m019335,c_elena,to,1
m019335,c_taylor,to,2
m019335,c_chris,cc,3
m019336,c_maya,to,0
m019337,c_noah,to,0
m019337,c_elena,to,1
m019337,c_taylor,to,2
m019337,c_chris,cc,3
m019338,c_maya,to,0
m019339,c_noah,to,0
m019339,c_elena,to,1
m019339,c_taylor,to,2
m019339,c_chris,cc,3
m019340,c_maya,to,0
m019341,c_noah,to,0
m019341,c_elena,to,1
m019341,c_taylor,to,2
m019341,c_chris,cc,3
m019342,c_maya,to,0
m019343,c_noah,to,0
m019343,c_elena,to,1
m019343,c_taylor,to,2
m019343,c_chris,cc,3
m019344,c_maya,to,0
m019345,c_noah,to,0
m019345,c_elena,to,1
m019345,c_taylor,to,2
m019345,c_chris,cc,3
m019346,c_maya,to,0
m019347,c_noah,to,0
m019347,c_elena,to,1
m019347,c_taylor,to,2
m019347,c_chris,cc,3
m019348,c_maya,to,0
m019349,c_noah,to,0
m019349,c_elena,to,1
m019349,c_taylor,to,2
m019349,c_chris,cc,3
m019350,c_maya,to,0
m019351,c_noah,to,0
m019351,c_elena,to,1
m019351,c_taylor,to,2
m019351,c_chris,cc,3
m019352,c_maya,to,0
m019353,c_noah,to,0
m019353,c_elena,to,1
m019353,c_taylor,to,2
m019353,c_chris,cc,3
m019354,c_maya,to,0
m019355,c_noah,to,0
m019355,c_elena,to,1
m019355,c_taylor,to,2
m019355,c_chris,cc,3
m019356,c_maya,to,0
m019357,c_noah,to,0
m019357,c_elena,to,1
m019357,c_taylor,to,2
m019357,c_chris,cc,3
m019358,c_maya,to,0
m019359,c_noah,to,0
m019359,c_elena,to,1
m019359,c_taylor,to,2
m019359,c_chris,cc,3
m019360,c_maya,to,0
m019361,c_noah,to,0
m019361,c_elena,to,1
m019361,c_taylor,to,2
m019361,c_chris,cc,3
m019362,c_maya,to,0
m019363,c_noah,to,0
m019363,c_elena,to,1
m019363,c_taylor,to,2
m019363,c_chris,cc,3
m019364,c_maya,to,0
m019365,c_noah,to,0
m019365,c_elena,to,1
m019365,c_taylor,to,2
m019365,c_chris,cc,3
m019366,c_maya,to,0
m019367,c_noah,to,0
m019367,c_elena,to,1
m019367,c_taylor,to,2
m019367,c_chris,cc,3
m019368,c_maya,to,0
m019369,c_noah,to,0
m019369,c_elena,to,1
m019369,c_taylor,to,2
m019369,c_chris,cc,3
m019370,c_maya,to,0
m019371,c_noah,to,0
m019371,c_elena,to,1
m019371,c_taylor,to,2
m019371,c_chris,cc,3
m019372,c_maya,to,0
m019373,c_noah,to,0
m019373,c_elena,to,1
m019373,c_taylor,to,2
m019373,c_chris,cc,3
m019374,c_maya,to,0
m019375,c_noah,to,0
m019375,c_elena,to,1
m019375,c_taylor,to,2
m019375,c_chris,cc,3
m019376,c_maya,to,0
m019377,c_noah,to,0
m019377,c_elena,to,1
m019377,c_taylor,to,2
m019377,c_chris,cc,3
m019378,c_maya,to,0
m019379,c_noah,to,0
m019379,c_elena,to,1
m019379,c_taylor,to,2
m019379,c_chris,cc,3
m019380,c_maya,to,0
m019381,c_noah,to,0
m019381,c_elena,to,1
m019381,c_taylor,to,2
m019381,c_chris,cc,3
m019382,c_maya,to,0
m019383,c_noah,to,0
m019383,c_elena,to,1
m019383,c_taylor,to,2
m019383,c_chris,cc,3
m019384,c_maya,to,0
m019385,c_noah,to,0
m019385,c_elena,to,1
m019385,c_taylor,to,2
m019385,c_chris,cc,3
m019386,c_maya,to,0
m019387,c_noah,to,0
m019387,c_elena,to,1
m019387,c_taylor,to,2
m019387,c_chris,cc,3
m019388,c_maya,to,0
m019389,c_noah,to,0
m019389,c_elena,to,1
m019389,c_taylor,to,2
m019389,c_chris,cc,3
m019390,c_maya,to,0
m019391,c_noah,to,0
m019391,c_elena,to,1
m019391,c_taylor,to,2
m019391,c_chris,cc,3
m019392,c_maya,to,0
m019393,c_chris,to,0
m019393,c_noah,to,1
m019393,c_elena,to,2
m019393,c_marcus,cc,3
m019394,c_maya,to,0
m019395,c_chris,to,0
m019395,c_noah,to,1
m019395,c_elena,to,2
m019395,c_marcus,cc,3
m019396,c_maya,to,0
m019397,c_chris,to,0
m019397,c_noah,to,1
m019397,c_elena,to,2
m019397,c_marcus,cc,3
m019398,c_maya,to,0
m019399,c_chris,to,0
m019399,c_noah,to,1
m019399,c_elena,to,2
m019399,c_marcus,cc,3
m019400,c_maya,to,0
m019401,c_priya,to,0
m019401,c_quinn,cc,1
m019402,c_maya,to,0
m019403,c_priya,to,0
m019403,c_quinn,cc,1
m019404,c_maya,to,0
m019405,c_priya,to,0
m019405,c_quinn,cc,1
m019406,c_maya,to,0
m019407,c_priya,to,0
m019407,c_quinn,cc,1
m019408,c_maya,to,0
m019409,c_priya,to,0
m019409,c_quinn,cc,1
m019410,c_maya,to,0
m019411,c_priya,to,0
m019411,c_quinn,cc,1
m019412,c_maya,to,0
m019413,c_elena,to,0
m019413,c_taylor,to,1
m019413,c_lena,to,2
m019414,c_noah,to,0
m019415,c_elena,to,0
m019415,c_taylor,to,1
m019415,c_lena,to,2
m019416,c_noah,to,0
m019417,c_elena,to,0
m019417,c_taylor,to,1
m019417,c_lena,to,2
m019418,c_noah,to,0
m019419,c_elena,to,0
m019419,c_taylor,to,1
m019419,c_lena,to,2
m019420,c_noah,to,0
m019421,c_elena,to,0
m019421,c_taylor,to,1
m019421,c_lena,to,2
m019422,c_noah,to,0
m019423,c_elena,to,0
m019423,c_taylor,to,1
m019423,c_lena,to,2
m019424,c_noah,to,0
m019425,c_noah,to,0
m019425,c_taylor,to,1
m019425,c_chris,cc,2
m019426,c_elena,to,0
m019427,c_noah,to,0
m019427,c_taylor,to,1
m019427,c_chris,cc,2
m019428,c_elena,to,0
m019429,c_noah,to,0
m019429,c_taylor,to,1
m019429,c_chris,cc,2
m019430,c_elena,to,0
m019431,c_noah,to,0
m019431,c_taylor,to,1
m019431,c_chris,cc,2
m019432,c_elena,to,0
m019433,c_noah,to,0
m019434,c_taylor,to,0
m019435,c_noah,to,0
m019436,c_taylor,to,0
m019437,c_avery,to,0
m019437,c_devon,to,1
m019438,c_alex_chan,to,0
m019439,c_avery,to,0
m019439,c_devon,to,1
m019440,c_alex_chan,to,0
m019441,c_maya,to,0
m019442,c_alex_chen,to,0
m019443,c_quinn,to,0
m019444,c_priya,to,0
m019445,c_marcus,to,0
m019446,c_chris,to,0
m019447,c_marcus,to,0
m019448,c_chris,to,0
m019449,c_hana,to,0
m019450,c_sam,to,0
m019451,c_alex_chan,to,0
m019452,c_maya,to,0
m019453,c_alex_chan,to,0
m019454,c_maya,to,0
m019455,c_alex_chan,to,0
m019456,c_maya,to,0
m019457,c_alex_chan,to,0
m019458,c_maya,to,0
m019459,c_alex_chan,to,0
m019460,c_maya,to,0
m019461,c_alex_chan,to,0
m019462,c_maya,to,0
m019463,c_jamie_lee,to,0
m019464,c_maya,to,0
m019465,c_jamie_lee,to,0
m019466,c_maya,to,0
m019467,c_jamie_lee,to,0
m019468,c_maya,to,0
m019469,c_jamie_lee,to,0
m019470,c_maya,to,0
m019471,c_jamie_lee,to,0
m019472,c_maya,to,0
m019473,c_jamie_lee,to,0
m019474,c_maya,to,0
m019475,c_morgan_shaw,to,0
m019476,c_maya,to,0
m019477,c_morgan_shaw,to,0
m019478,c_maya,to,0
m019479,c_morgan_shaw,to,0
m019480,c_maya,to,0
m019481,c_morgan_shaw,to,0
m019482,c_maya,to,0
m019483,c_morgan_shaw,to,0
m019484,c_maya,to,0
m019485,c_morgan_shaw,to,0
m019486,c_maya,to,0
m019487,c_alex_chen,to,0
m019488,c_maya,to,0
m019489,c_alex_chen,to,0
m019490,c_maya,to,0
m019491,c_alex_chen,to,0
m019492,c_maya,to,0
m019493,c_alex_chen,to,0
m019494,c_maya,to,0
m019495,c_jamie_li,to,0
m019496,c_maya,to,0
m019497,c_jamie_li,to,0
m019498,c_maya,to,0
m019499,c_jamie_li,to,0
m019500,c_maya,to,0
m019501,c_jamie_li,to,0
m019502,c_maya,to,0
m019503,c_morgan_zhao,to,0
m019504,c_maya,to,0
m019505,c_morgan_zhao,to,0
m019506,c_maya,to,0
m019507,c_morgan_zhao,to,0
m019508,c_maya,to,0
m019509,c_morgan_zhao,to,0
m019510,c_maya,to,0
m019511,c_lee,to,0
m019512,c_maya,to,0
m019513,c_lee,to,0
m019514,c_maya,to,0
m019515,c_lee,to,0
m019516,c_maya,to,0
m019517,c_lee,to,0
m019518,c_maya,to,0
m019519,c_lee,to,0
m019520,c_maya,to,0
m019521,c_lee,to,0
m019522,c_maya,to,0
m019523,c_pat,to,0
m019524,c_maya,to,0
m019525,c_pat,to,0
m019526,c_maya,to,0
m019527,c_pat,to,0
m019528,c_maya,to,0
m019529,c_pat,to,0
m019530,c_maya,to,0
m019531,c_pat,to,0
m019532,c_maya,to,0
m019533,c_pat,to,0
m019534,c_maya,to,0
m019535,c_ren,to,0
m019536,c_maya,to,0
m019537,c_ren,to,0
m019538,c_maya,to,0
m019539,c_ren,to,0
m019540,c_maya,to,0
m019541,c_ren,to,0
m019542,c_maya,to,0
m019543,c_ren,to,0
m019544,c_maya,to,0
m019545,c_ren,to,0
m019546,c_maya,to,0
m019547,c_sam,to,0
m019548,c_maya,to,0
m019549,c_hana,to,0
m019550,c_maya,to,0
m019551,c_fac_001,to,0
m019552,c_maya,to,0
m019553,c_fac_002,to,0
m019554,c_maya,to,0
m019555,c_fac_003,to,0
m019556,c_maya,to,0
m019557,c_fac_004,to,0
m019558,c_maya,to,0
m019559,c_fac_005,to,0
m019560,c_maya,to,0
m019561,c_fac_006,to,0
m019562,c_maya,to,0
m019563,c_fac_007,to,0
m019564,c_maya,to,0
m019565,c_fac_008,to,0
m019566,c_maya,to,0
m019567,c_fac_009,to,0
m019568,c_maya,to,0
m019569,c_fac_010,to,0
m019570,c_maya,to,0
m019571,c_fac_011,to,0
m019572,c_maya,to,0
m019573,c_fac_012,to,0
m019574,c_maya,to,0
m019575,c_fac_013,to,0
m019576,c_maya,to,0
m019577,c_fac_014,to,0
m019578,c_maya,to,0
m019579,c_fac_015,to,0
m019580,c_maya,to,0
m019581,c_fac_016,to,0
m019582,c_maya,to,0
m019583,c_fac_017,to,0
m019584,c_maya,to,0
m019585,c_noah,to,0
m019585,c_elena,to,1
m019585,c_taylor,to,2
m019585,c_chris,cc,3
m019586,c_maya,to,0
m019587,c_noah,to,0
m019587,c_elena,to,1
m019587,c_taylor,to,2
m019587,c_chris,cc,3
m019588,c_maya,to,0
m019589,c_noah,to,0
m019589,c_elena,to,1
m019589,c_taylor,to,2
m019589,c_chris,cc,3
m019590,c_maya,to,0
m019591,c_noah,to,0
m019591,c_elena,to,1
m019591,c_taylor,to,2
m019591,c_chris,cc,3
m019592,c_maya,to,0
m019593,c_noah,to,0
m019593,c_elena,to,1
m019593,c_taylor,to,2
m019593,c_chris,cc,3
m019594,c_maya,to,0
m019595,c_noah,to,0
m019595,c_elena,to,1
m019595,c_taylor,to,2
m019595,c_chris,cc,3
m019596,c_maya,to,0
m019597,c_noah,to,0
m019597,c_elena,to,1
m019597,c_taylor,to,2
m019597,c_chris,cc,3
m019598,c_maya,to,0
m019599,c_noah,to,0
m019599,c_elena,to,1
m019599,c_taylor,to,2
m019599,c_chris,cc,3
m019600,c_maya,to,0
m019601,c_noah,to,0
m019601,c_elena,to,1
m019601,c_taylor,to,2
m019601,c_chris,cc,3
m019602,c_maya,to,0
m019603,c_noah,to,0
m019603,c_elena,to,1
m019603,c_taylor,to,2
m019603,c_chris,cc,3
m019604,c_maya,to,0
m019605,c_noah,to,0
m019605,c_elena,to,1
m019605,c_taylor,to,2
m019605,c_chris,cc,3
m019606,c_maya,to,0
m019607,c_noah,to,0
m019607,c_elena,to,1
m019607,c_taylor,to,2
m019607,c_chris,cc,3
m019608,c_maya,to,0
m019609,c_noah,to,0
m019609,c_elena,to,1
m019609,c_taylor,to,2
m019609,c_chris,cc,3
m019610,c_maya,to,0
m019611,c_noah,to,0
m019611,c_elena,to,1
m019611,c_taylor,to,2
m019611,c_chris,cc,3
m019612,c_maya,to,0
m019613,c_noah,to,0
m019613,c_elena,to,1
m019613,c_taylor,to,2
m019613,c_chris,cc,3
m019614,c_maya,to,0
m019615,c_noah,to,0
m019615,c_elena,to,1
m019615,c_taylor,to,2
m019615,c_chris,cc,3
m019616,c_maya,to,0
m019617,c_noah,to,0
m019617,c_elena,to,1
m019617,c_taylor,to,2
m019617,c_chris,cc,3
m019618,c_maya,to,0
m019619,c_noah,to,0
m019619,c_elena,to,1
m019619,c_taylor,to,2
m019619,c_chris,cc,3
m019620,c_maya,to,0
m019621,c_noah,to,0
m019621,c_elena,to,1
m019621,c_taylor,to,2
m019621,c_chris,cc,3
m019622,c_maya,to,0
m019623,c_noah,to,0
m019623,c_elena,to,1
m019623,c_taylor,to,2
m019623,c_chris,cc,3
m019624,c_maya,to,0
m019625,c_noah,to,0
m019625,c_elena,to,1
m019625,c_taylor,to,2
m019625,c_chris,cc,3
m019626,c_maya,to,0
m019627,c_noah,to,0
m019627,c_elena,to,1
m019627,c_taylor,to,2
m019627,c_chris,cc,3
m019628,c_maya,to,0
m019629,c_noah,to,0
m019629,c_elena,to,1
m019629,c_taylor,to,2
m019629,c_chris,cc,3
m019630,c_maya,to,0
m019631,c_noah,to,0
m019631,c_elena,to,1
m019631,c_taylor,to,2
m019631,c_chris,cc,3
m019632,c_maya,to,0
m019633,c_noah,to,0
m019633,c_elena,to,1
m019633,c_taylor,to,2
m019633,c_chris,cc,3
m019634,c_maya,to,0
m019635,c_noah,to,0
m019635,c_elena,to,1
m019635,c_taylor,to,2
m019635,c_chris,cc,3
m019636,c_maya,to,0
m019637,c_noah,to,0
m019637,c_elena,to,1
m019637,c_taylor,to,2
m019637,c_chris,cc,3
m019638,c_maya,to,0
m019639,c_noah,to,0
m019639,c_elena,to,1
m019639,c_taylor,to,2
m019639,c_chris,cc,3
m019640,c_maya,to,0
m019641,c_noah,to,0
m019641,c_elena,to,1
m019641,c_taylor,to,2
m019641,c_chris,cc,3
m019642,c_maya,to,0
m019643,c_noah,to,0
m019643,c_elena,to,1
m019643,c_taylor,to,2
m019643,c_chris,cc,3
m019644,c_maya,to,0
m019645,c_noah,to,0
m019645,c_elena,to,1
m019645,c_taylor,to,2
m019645,c_chris,cc,3
m019646,c_maya,to,0
m019647,c_noah,to,0
m019647,c_elena,to,1
m019647,c_taylor,to,2
m019647,c_chris,cc,3
m019648,c_maya,to,0
m019649,c_noah,to,0
m019649,c_elena,to,1
m019649,c_taylor,to,2
m019649,c_chris,cc,3
m019650,c_maya,to,0
m019651,c_noah,to,0
m019651,c_elena,to,1
m019651,c_taylor,to,2
m019651,c_chris,cc,3
m019652,c_maya,to,0
m019653,c_noah,to,0
m019653,c_elena,to,1
m019653,c_taylor,to,2
m019653,c_chris,cc,3
m019654,c_maya,to,0
m019655,c_noah,to,0
m019655,c_elena,to,1
m019655,c_taylor,to,2
m019655,c_chris,cc,3
m019656,c_maya,to,0
m019657,c_noah,to,0
m019657,c_elena,to,1
m019657,c_taylor,to,2
m019657,c_chris,cc,3
m019658,c_maya,to,0
m019659,c_noah,to,0
m019659,c_elena,to,1
m019659,c_taylor,to,2
m019659,c_chris,cc,3
m019660,c_maya,to,0
m019661,c_noah,to,0
m019661,c_elena,to,1
m019661,c_taylor,to,2
m019661,c_chris,cc,3
m019662,c_maya,to,0
m019663,c_noah,to,0
m019663,c_elena,to,1
m019663,c_taylor,to,2
m019663,c_chris,cc,3
m019664,c_maya,to,0
m019665,c_chris,to,0
m019665,c_noah,to,1
m019665,c_elena,to,2
m019665,c_marcus,cc,3
m019666,c_maya,to,0
m019667,c_chris,to,0
m019667,c_noah,to,1
m019667,c_elena,to,2
m019667,c_marcus,cc,3
m019668,c_maya,to,0
m019669,c_chris,to,0
m019669,c_noah,to,1
m019669,c_elena,to,2
m019669,c_marcus,cc,3
m019670,c_maya,to,0
m019671,c_chris,to,0
m019671,c_noah,to,1
m019671,c_elena,to,2
m019671,c_marcus,cc,3
m019672,c_maya,to,0
m019673,c_priya,to,0
m019673,c_quinn,cc,1
m019674,c_maya,to,0
m019675,c_priya,to,0
m019675,c_quinn,cc,1
m019676,c_maya,to,0
m019677,c_priya,to,0
m019677,c_quinn,cc,1
m019678,c_maya,to,0
m019679,c_priya,to,0
m019679,c_quinn,cc,1
m019680,c_maya,to,0
m019681,c_priya,to,0
m019681,c_quinn,cc,1
m019682,c_maya,to,0
m019683,c_priya,to,0
m019683,c_quinn,cc,1
m019684,c_maya,to,0
m019685,c_elena,to,0
m019685,c_taylor,to,1
m019685,c_lena,to,2
m019686,c_noah,to,0
m019687,c_elena,to,0
m019687,c_taylor,to,1
m019687,c_lena,to,2
m019688,c_noah,to,0
m019689,c_elena,to,0
m019689,c_taylor,to,1
m019689,c_lena,to,2
m019690,c_noah,to,0
m019691,c_elena,to,0
m019691,c_taylor,to,1
m019691,c_lena,to,2
m019692,c_noah,to,0
m019693,c_elena,to,0
m019693,c_taylor,to,1
m019693,c_lena,to,2
m019694,c_noah,to,0
m019695,c_elena,to,0
m019695,c_taylor,to,1
m019695,c_lena,to,2
m019696,c_noah,to,0
m019697,c_noah,to,0
m019697,c_taylor,to,1
m019697,c_chris,cc,2
m019698,c_elena,to,0
m019699,c_noah,to,0
m019699,c_taylor,to,1
m019699,c_chris,cc,2
m019700,c_elena,to,0
m019701,c_noah,to,0
m019701,c_taylor,to,1
m019701,c_chris,cc,2
m019702,c_elena,to,0
m019703,c_noah,to,0
m019703,c_taylor,to,1
m019703,c_chris,cc,2
m019704,c_elena,to,0
m019705,c_noah,to,0
m019706,c_taylor,to,0
m019707,c_noah,to,0
m019708,c_taylor,to,0
m019709,c_avery,to,0
m019709,c_devon,to,1
m019710,c_alex_chan,to,0
m019711,c_avery,to,0
m019711,c_devon,to,1
m019712,c_alex_chan,to,0
m019713,c_maya,to,0
m019714,c_alex_chen,to,0
m019715,c_quinn,to,0
m019716,c_priya,to,0
m019717,c_marcus,to,0
m019718,c_chris,to,0
m019719,c_marcus,to,0
m019720,c_chris,to,0
m019721,c_hana,to,0
m019722,c_sam,to,0
m019723,c_alex_chan,to,0
m019724,c_maya,to,0
m019725,c_alex_chan,to,0
m019726,c_maya,to,0
m019727,c_alex_chan,to,0
m019728,c_maya,to,0
m019729,c_alex_chan,to,0
m019730,c_maya,to,0
m019731,c_alex_chan,to,0
m019732,c_maya,to,0
m019733,c_alex_chan,to,0
m019734,c_maya,to,0
m019735,c_jamie_lee,to,0
m019736,c_maya,to,0
m019737,c_jamie_lee,to,0
m019738,c_maya,to,0
m019739,c_jamie_lee,to,0
m019740,c_maya,to,0
m019741,c_jamie_lee,to,0
m019742,c_maya,to,0
m019743,c_jamie_lee,to,0
m019744,c_maya,to,0
m019745,c_jamie_lee,to,0
m019746,c_maya,to,0
m019747,c_morgan_shaw,to,0
m019748,c_maya,to,0
m019749,c_morgan_shaw,to,0
m019750,c_maya,to,0
m019751,c_morgan_shaw,to,0
m019752,c_maya,to,0
m019753,c_morgan_shaw,to,0
m019754,c_maya,to,0
m019755,c_morgan_shaw,to,0
m019756,c_maya,to,0
m019757,c_morgan_shaw,to,0
m019758,c_maya,to,0
m019759,c_alex_chen,to,0
m019760,c_maya,to,0
m019761,c_alex_chen,to,0
m019762,c_maya,to,0
m019763,c_alex_chen,to,0
m019764,c_maya,to,0
m019765,c_alex_chen,to,0
m019766,c_maya,to,0
m019767,c_jamie_li,to,0
m019768,c_maya,to,0
m019769,c_jamie_li,to,0
m019770,c_maya,to,0
m019771,c_jamie_li,to,0
m019772,c_maya,to,0
m019773,c_jamie_li,to,0
m019774,c_maya,to,0
m019775,c_morgan_zhao,to,0
m019776,c_maya,to,0
m019777,c_morgan_zhao,to,0
m019778,c_maya,to,0
m019779,c_morgan_zhao,to,0
m019780,c_maya,to,0
m019781,c_morgan_zhao,to,0
m019782,c_maya,to,0
m019783,c_lee,to,0
m019784,c_maya,to,0
m019785,c_lee,to,0
m019786,c_maya,to,0
m019787,c_lee,to,0
m019788,c_maya,to,0
m019789,c_lee,to,0
m019790,c_maya,to,0
m019791,c_lee,to,0
m019792,c_maya,to,0
m019793,c_lee,to,0
m019794,c_maya,to,0
m019795,c_pat,to,0
m019796,c_maya,to,0
m019797,c_pat,to,0
m019798,c_maya,to,0
m019799,c_pat,to,0
m019800,c_maya,to,0
m019801,c_pat,to,0
m019802,c_maya,to,0
m019803,c_pat,to,0
m019804,c_maya,to,0
m019805,c_pat,to,0
m019806,c_maya,to,0
m019807,c_ren,to,0
m019808,c_maya,to,0
m019809,c_ren,to,0
m019810,c_maya,to,0
m019811,c_ren,to,0
m019812,c_maya,to,0
m019813,c_ren,to,0
m019814,c_maya,to,0
m019815,c_ren,to,0
m019816,c_maya,to,0
m019817,c_ren,to,0
m019818,c_maya,to,0
m019819,c_sam,to,0
m019820,c_maya,to,0
m019821,c_hana,to,0
m019822,c_maya,to,0
m019823,c_fac_001,to,0
m019824,c_maya,to,0
m019825,c_fac_002,to,0
m019826,c_maya,to,0
m019827,c_fac_003,to,0
m019828,c_maya,to,0
m019829,c_fac_004,to,0
m019830,c_maya,to,0
m019831,c_fac_005,to,0
m019832,c_maya,to,0
m019833,c_fac_006,to,0
m019834,c_maya,to,0
m019835,c_fac_007,to,0
m019836,c_maya,to,0
m019837,c_fac_008,to,0
m019838,c_maya,to,0
m019839,c_fac_009,to,0
m019840,c_maya,to,0
m019841,c_fac_010,to,0
m019842,c_maya,to,0
m019843,c_fac_011,to,0
m019844,c_maya,to,0
m019845,c_fac_012,to,0
m019846,c_maya,to,0
m019847,c_fac_013,to,0
m019848,c_maya,to,0
m019849,c_fac_014,to,0
m019850,c_maya,to,0
m019851,c_fac_015,to,0
m019852,c_maya,to,0
m019853,c_fac_016,to,0
m019854,c_maya,to,0
m019855,c_fac_017,to,0
m019856,c_maya,to,0
m019857,c_noah,to,0
m019857,c_elena,to,1
m019857,c_taylor,to,2
m019857,c_chris,cc,3
m019858,c_maya,to,0
m019859,c_noah,to,0
m019859,c_elena,to,1
m019859,c_taylor,to,2
m019859,c_chris,cc,3
m019860,c_maya,to,0
m019861,c_noah,to,0
m019861,c_elena,to,1
m019861,c_taylor,to,2
m019861,c_chris,cc,3
m019862,c_maya,to,0
m019863,c_noah,to,0
m019863,c_elena,to,1
m019863,c_taylor,to,2
m019863,c_chris,cc,3
m019864,c_maya,to,0
m019865,c_noah,to,0
m019865,c_elena,to,1
m019865,c_taylor,to,2
m019865,c_chris,cc,3
m019866,c_maya,to,0
m019867,c_noah,to,0
m019867,c_elena,to,1
m019867,c_taylor,to,2
m019867,c_chris,cc,3
m019868,c_maya,to,0
m019869,c_noah,to,0
m019869,c_elena,to,1
m019869,c_taylor,to,2
m019869,c_chris,cc,3
m019870,c_maya,to,0
m019871,c_noah,to,0
m019871,c_elena,to,1
m019871,c_taylor,to,2
m019871,c_chris,cc,3
m019872,c_maya,to,0
m019873,c_noah,to,0
m019873,c_elena,to,1
m019873,c_taylor,to,2
m019873,c_chris,cc,3
m019874,c_maya,to,0
m019875,c_noah,to,0
m019875,c_elena,to,1
m019875,c_taylor,to,2
m019875,c_chris,cc,3
m019876,c_maya,to,0
m019877,c_noah,to,0
m019877,c_elena,to,1
m019877,c_taylor,to,2
m019877,c_chris,cc,3
m019878,c_maya,to,0
m019879,c_noah,to,0
m019879,c_elena,to,1
m019879,c_taylor,to,2
m019879,c_chris,cc,3
m019880,c_maya,to,0
m019881,c_noah,to,0
m019881,c_elena,to,1
m019881,c_taylor,to,2
m019881,c_chris,cc,3
m019882,c_maya,to,0
m019883,c_noah,to,0
m019883,c_elena,to,1
m019883,c_taylor,to,2
m019883,c_chris,cc,3
m019884,c_maya,to,0
m019885,c_noah,to,0
m019885,c_elena,to,1
m019885,c_taylor,to,2
m019885,c_chris,cc,3
m019886,c_maya,to,0
m019887,c_noah,to,0
m019887,c_elena,to,1
m019887,c_taylor,to,2
m019887,c_chris,cc,3
m019888,c_maya,to,0
m019889,c_noah,to,0
m019889,c_elena,to,1
m019889,c_taylor,to,2
m019889,c_chris,cc,3
m019890,c_maya,to,0
m019891,c_noah,to,0
m019891,c_elena,to,1
m019891,c_taylor,to,2
m019891,c_chris,cc,3
m019892,c_maya,to,0
m019893,c_noah,to,0
m019893,c_elena,to,1
m019893,c_taylor,to,2
m019893,c_chris,cc,3
m019894,c_maya,to,0
m019895,c_noah,to,0
m019895,c_elena,to,1
m019895,c_taylor,to,2
m019895,c_chris,cc,3
m019896,c_maya,to,0
m019897,c_noah,to,0
m019897,c_elena,to,1
m019897,c_taylor,to,2
m019897,c_chris,cc,3
m019898,c_maya,to,0
m019899,c_noah,to,0
m019899,c_elena,to,1
m019899,c_taylor,to,2
m019899,c_chris,cc,3
m019900,c_maya,to,0
m019901,c_noah,to,0
m019901,c_elena,to,1
m019901,c_taylor,to,2
m019901,c_chris,cc,3
m019902,c_maya,to,0
m019903,c_noah,to,0
m019903,c_elena,to,1
m019903,c_taylor,to,2
m019903,c_chris,cc,3
m019904,c_maya,to,0
m019905,c_noah,to,0
m019905,c_elena,to,1
m019905,c_taylor,to,2
m019905,c_chris,cc,3
m019906,c_maya,to,0
m019907,c_noah,to,0
m019907,c_elena,to,1
m019907,c_taylor,to,2
m019907,c_chris,cc,3
m019908,c_maya,to,0
m019909,c_noah,to,0
m019909,c_elena,to,1
m019909,c_taylor,to,2
m019909,c_chris,cc,3
m019910,c_maya,to,0
m019911,c_noah,to,0
m019911,c_elena,to,1
m019911,c_taylor,to,2
m019911,c_chris,cc,3
m019912,c_maya,to,0
m019913,c_noah,to,0
m019913,c_elena,to,1
m019913,c_taylor,to,2
m019913,c_chris,cc,3
m019914,c_maya,to,0
m019915,c_noah,to,0
m019915,c_elena,to,1
m019915,c_taylor,to,2
m019915,c_chris,cc,3
m019916,c_maya,to,0
m019917,c_noah,to,0
m019917,c_elena,to,1
m019917,c_taylor,to,2
m019917,c_chris,cc,3
m019918,c_maya,to,0
m019919,c_noah,to,0
m019919,c_elena,to,1
m019919,c_taylor,to,2
m019919,c_chris,cc,3
m019920,c_maya,to,0
m019921,c_noah,to,0
m019921,c_elena,to,1
m019921,c_taylor,to,2
m019921,c_chris,cc,3
m019922,c_maya,to,0
m019923,c_noah,to,0
m019923,c_elena,to,1
m019923,c_taylor,to,2
m019923,c_chris,cc,3
m019924,c_maya,to,0
m019925,c_noah,to,0
m019925,c_elena,to,1
m019925,c_taylor,to,2
m019925,c_chris,cc,3
m019926,c_maya,to,0
m019927,c_noah,to,0
m019927,c_elena,to,1
m019927,c_taylor,to,2
m019927,c_chris,cc,3
m019928,c_maya,to,0
m019929,c_noah,to,0
m019929,c_elena,to,1
m019929,c_taylor,to,2
m019929,c_chris,cc,3
m019930,c_maya,to,0
m019931,c_noah,to,0
m019931,c_elena,to,1
m019931,c_taylor,to,2
m019931,c_chris,cc,3
m019932,c_maya,to,0
m019933,c_noah,to,0
m019933,c_elena,to,1
m019933,c_taylor,to,2
m019933,c_chris,cc,3
m019934,c_maya,to,0
m019935,c_noah,to,0
m019935,c_elena,to,1
m019935,c_taylor,to,2
m019935,c_chris,cc,3
m019936,c_maya,to,0
m019937,c_chris,to,0
m019937,c_noah,to,1
m019937,c_elena,to,2
m019937,c_marcus,cc,3
m019938,c_maya,to,0
m019939,c_chris,to,0
m019939,c_noah,to,1
m019939,c_elena,to,2
m019939,c_marcus,cc,3
m019940,c_maya,to,0
m019941,c_chris,to,0
m019941,c_noah,to,1
m019941,c_elena,to,2
m019941,c_marcus,cc,3
m019942,c_maya,to,0
m019943,c_chris,to,0
m019943,c_noah,to,1
m019943,c_elena,to,2
m019943,c_marcus,cc,3
m019944,c_maya,to,0
m019945,c_priya,to,0
m019945,c_quinn,cc,1
m019946,c_maya,to,0
m019947,c_priya,to,0
m019947,c_quinn,cc,1
m019948,c_maya,to,0
m019949,c_priya,to,0
m019949,c_quinn,cc,1
m019950,c_maya,to,0
m019951,c_priya,to,0
m019951,c_quinn,cc,1
m019952,c_maya,to,0
m019953,c_priya,to,0
m019953,c_quinn,cc,1
m019954,c_maya,to,0
m019955,c_priya,to,0
m019955,c_quinn,cc,1
m019956,c_maya,to,0
m019957,c_elena,to,0
m019957,c_taylor,to,1
m019957,c_lena,to,2
m019958,c_noah,to,0
m019959,c_elena,to,0
m019959,c_taylor,to,1
m019959,c_lena,to,2
m019960,c_noah,to,0
m019961,c_elena,to,0
m019961,c_taylor,to,1
m019961,c_lena,to,2
m019962,c_noah,to,0
m019963,c_elena,to,0
m019963,c_taylor,to,1
m019963,c_lena,to,2
m019964,c_noah,to,0
m019965,c_elena,to,0
m019965,c_taylor,to,1
m019965,c_lena,to,2
m019966,c_noah,to,0
m019967,c_elena,to,0
m019967,c_taylor,to,1
m019967,c_lena,to,2
m019968,c_noah,to,0
m019969,c_noah,to,0
m019969,c_taylor,to,1
m019969,c_chris,cc,2
m019970,c_elena,to,0
m019971,c_noah,to,0
m019971,c_taylor,to,1
m019971,c_chris,cc,2
m019972,c_elena,to,0
m019973,c_noah,to,0
m019973,c_taylor,to,1
m019973,c_chris,cc,2
m019974,c_elena,to,0
m019975,c_noah,to,0
m019975,c_taylor,to,1
m019975,c_chris,cc,2
m019976,c_elena,to,0
m019977,c_noah,to,0
m019978,c_taylor,to,0
m019979,c_noah,to,0
m019980,c_taylor,to,0
m019981,c_avery,to,0
m019981,c_devon,to,1
m019982,c_alex_chan,to,0
m019983,c_avery,to,0
m019983,c_devon,to,1
m019984,c_alex_chan,to,0
m019985,c_maya,to,0
m019986,c_alex_chen,to,0
m019987,c_quinn,to,0
m019988,c_priya,to,0
m019989,c_marcus,to,0
m019990,c_chris,to,0
m019991,c_marcus,to,0
m019992,c_chris,to,0
m019993,c_hana,to,0
m019994,c_sam,to,0
m019995,c_alex_chan,to,0
m019996,c_maya,to,0
m019997,c_alex_chan,to,0
m019998,c_maya,to,0
m019999,c_alex_chan,to,0
m020000,c_maya,to,0
m020001,c_alex_chan,to,0
m020002,c_maya,to,0
m020003,c_alex_chan,to,0
m020004,c_maya,to,0
m020005,c_alex_chan,to,0
m020006,c_maya,to,0
m020007,c_jamie_lee,to,0
m020008,c_maya,to,0
m020009,c_jamie_lee,to,0
m020010,c_maya,to,0
m020011,c_jamie_lee,to,0
m020012,c_maya,to,0
m020013,c_jamie_lee,to,0
m020014,c_maya,to,0
m020015,c_jamie_lee,to,0
m020016,c_maya,to,0
m020017,c_jamie_lee,to,0
m020018,c_maya,to,0
m020019,c_morgan_shaw,to,0
m020020,c_maya,to,0
m020021,c_morgan_shaw,to,0
m020022,c_maya,to,0
m020023,c_morgan_shaw,to,0
m020024,c_maya,to,0
m020025,c_morgan_shaw,to,0
m020026,c_maya,to,0
m020027,c_morgan_shaw,to,0
m020028,c_maya,to,0
m020029,c_morgan_shaw,to,0
m020030,c_maya,to,0
m020031,c_alex_chen,to,0
m020032,c_maya,to,0
m020033,c_alex_chen,to,0
m020034,c_maya,to,0
m020035,c_alex_chen,to,0
m020036,c_maya,to,0
m020037,c_alex_chen,to,0
m020038,c_maya,to,0
m020039,c_jamie_li,to,0
m020040,c_maya,to,0
m020041,c_jamie_li,to,0
m020042,c_maya,to,0
m020043,c_jamie_li,to,0
m020044,c_maya,to,0
m020045,c_jamie_li,to,0
m020046,c_maya,to,0
m020047,c_morgan_zhao,to,0
m020048,c_maya,to,0
m020049,c_morgan_zhao,to,0
m020050,c_maya,to,0
m020051,c_morgan_zhao,to,0
m020052,c_maya,to,0
m020053,c_morgan_zhao,to,0
m020054,c_maya,to,0
m020055,c_lee,to,0
m020056,c_maya,to,0
m020057,c_lee,to,0
m020058,c_maya,to,0
m020059,c_lee,to,0
m020060,c_maya,to,0
m020061,c_lee,to,0
m020062,c_maya,to,0
m020063,c_lee,to,0
m020064,c_maya,to,0
m020065,c_lee,to,0
m020066,c_maya,to,0
m020067,c_pat,to,0
m020068,c_maya,to,0
m020069,c_pat,to,0
m020070,c_maya,to,0
m020071,c_pat,to,0
m020072,c_maya,to,0
m020073,c_pat,to,0
m020074,c_maya,to,0
m020075,c_pat,to,0
m020076,c_maya,to,0
m020077,c_pat,to,0
m020078,c_maya,to,0
m020079,c_ren,to,0
m020080,c_maya,to,0
m020081,c_ren,to,0
m020082,c_maya,to,0
m020083,c_ren,to,0
m020084,c_maya,to,0
m020085,c_ren,to,0
m020086,c_maya,to,0
m020087,c_ren,to,0
m020088,c_maya,to,0
m020089,c_ren,to,0
m020090,c_maya,to,0
m020091,c_sam,to,0
m020092,c_maya,to,0
m020093,c_hana,to,0
m020094,c_maya,to,0
m020095,c_fac_001,to,0
m020096,c_maya,to,0
m020097,c_fac_002,to,0
m020098,c_maya,to,0
m020099,c_fac_003,to,0
m020100,c_maya,to,0
m020101,c_fac_004,to,0
m020102,c_maya,to,0
m020103,c_fac_005,to,0
m020104,c_maya,to,0
m020105,c_fac_006,to,0
m020106,c_maya,to,0
m020107,c_fac_007,to,0
m020108,c_maya,to,0
m020109,c_fac_008,to,0
m020110,c_maya,to,0
m020111,c_fac_009,to,0
m020112,c_maya,to,0
m020113,c_fac_010,to,0
m020114,c_maya,to,0
m020115,c_fac_011,to,0
m020116,c_maya,to,0
m020117,c_fac_012,to,0
m020118,c_maya,to,0
m020119,c_fac_013,to,0
m020120,c_maya,to,0
m020121,c_fac_014,to,0
m020122,c_maya,to,0
m020123,c_fac_015,to,0
m020124,c_maya,to,0
m020125,c_fac_016,to,0
m020126,c_maya,to,0
m020127,c_fac_017,to,0
m020128,c_maya,to,0
m020129,c_noah,to,0
m020129,c_elena,to,1
m020129,c_taylor,to,2
m020129,c_chris,cc,3
m020130,c_maya,to,0
m020131,c_noah,to,0
m020131,c_elena,to,1
m020131,c_taylor,to,2
m020131,c_chris,cc,3
m020132,c_maya,to,0
m020133,c_noah,to,0
m020133,c_elena,to,1
m020133,c_taylor,to,2
m020133,c_chris,cc,3
m020134,c_maya,to,0
m020135,c_noah,to,0
m020135,c_elena,to,1
m020135,c_taylor,to,2
m020135,c_chris,cc,3
m020136,c_maya,to,0
m020137,c_noah,to,0
m020137,c_elena,to,1
m020137,c_taylor,to,2
m020137,c_chris,cc,3
m020138,c_maya,to,0
m020139,c_noah,to,0
m020139,c_elena,to,1
m020139,c_taylor,to,2
m020139,c_chris,cc,3
m020140,c_maya,to,0
m020141,c_noah,to,0
m020141,c_elena,to,1
m020141,c_taylor,to,2
m020141,c_chris,cc,3
m020142,c_maya,to,0
m020143,c_noah,to,0
m020143,c_elena,to,1
m020143,c_taylor,to,2
m020143,c_chris,cc,3
m020144,c_maya,to,0
m020145,c_noah,to,0
m020145,c_elena,to,1
m020145,c_taylor,to,2
m020145,c_chris,cc,3
m020146,c_maya,to,0
m020147,c_noah,to,0
m020147,c_elena,to,1
m020147,c_taylor,to,2
m020147,c_chris,cc,3
m020148,c_maya,to,0
m020149,c_noah,to,0
m020149,c_elena,to,1
m020149,c_taylor,to,2
m020149,c_chris,cc,3
m020150,c_maya,to,0
m020151,c_noah,to,0
m020151,c_elena,to,1
m020151,c_taylor,to,2
m020151,c_chris,cc,3
m020152,c_maya,to,0
m020153,c_noah,to,0
m020153,c_elena,to,1
m020153,c_taylor,to,2
m020153,c_chris,cc,3
m020154,c_maya,to,0
m020155,c_noah,to,0
m020155,c_elena,to,1
m020155,c_taylor,to,2
m020155,c_chris,cc,3
m020156,c_maya,to,0
m020157,c_noah,to,0
m020157,c_elena,to,1
m020157,c_taylor,to,2
m020157,c_chris,cc,3
m020158,c_maya,to,0
m020159,c_noah,to,0
m020159,c_elena,to,1
m020159,c_taylor,to,2
m020159,c_chris,cc,3
m020160,c_maya,to,0
m020161,c_noah,to,0
m020161,c_elena,to,1
m020161,c_taylor,to,2
m020161,c_chris,cc,3
m020162,c_maya,to,0
m020163,c_noah,to,0
m020163,c_elena,to,1
m020163,c_taylor,to,2
m020163,c_chris,cc,3
m020164,c_maya,to,0
m020165,c_noah,to,0
m020165,c_elena,to,1
m020165,c_taylor,to,2
m020165,c_chris,cc,3
m020166,c_maya,to,0
m020167,c_noah,to,0
m020167,c_elena,to,1
m020167,c_taylor,to,2
m020167,c_chris,cc,3
m020168,c_maya,to,0
m020169,c_noah,to,0
m020169,c_elena,to,1
m020169,c_taylor,to,2
m020169,c_chris,cc,3
m020170,c_maya,to,0
m020171,c_noah,to,0
m020171,c_elena,to,1
m020171,c_taylor,to,2
m020171,c_chris,cc,3
m020172,c_maya,to,0
m020173,c_noah,to,0
m020173,c_elena,to,1
m020173,c_taylor,to,2
m020173,c_chris,cc,3
m020174,c_maya,to,0
m020175,c_noah,to,0
m020175,c_elena,to,1
m020175,c_taylor,to,2
m020175,c_chris,cc,3
m020176,c_maya,to,0
m020177,c_noah,to,0
m020177,c_elena,to,1
m020177,c_taylor,to,2
m020177,c_chris,cc,3
m020178,c_maya,to,0
m020179,c_noah,to,0
m020179,c_elena,to,1
m020179,c_taylor,to,2
m020179,c_chris,cc,3
m020180,c_maya,to,0
m020181,c_noah,to,0
m020181,c_elena,to,1
m020181,c_taylor,to,2
m020181,c_chris,cc,3
m020182,c_maya,to,0
m020183,c_noah,to,0
m020183,c_elena,to,1
m020183,c_taylor,to,2
m020183,c_chris,cc,3
m020184,c_maya,to,0
m020185,c_noah,to,0
m020185,c_elena,to,1
m020185,c_taylor,to,2
m020185,c_chris,cc,3
m020186,c_maya,to,0
m020187,c_noah,to,0
m020187,c_elena,to,1
m020187,c_taylor,to,2
m020187,c_chris,cc,3
m020188,c_maya,to,0
m020189,c_noah,to,0
m020189,c_elena,to,1
m020189,c_taylor,to,2
m020189,c_chris,cc,3
m020190,c_maya,to,0
m020191,c_noah,to,0
m020191,c_elena,to,1
m020191,c_taylor,to,2
m020191,c_chris,cc,3
m020192,c_maya,to,0
m020193,c_noah,to,0
m020193,c_elena,to,1
m020193,c_taylor,to,2
m020193,c_chris,cc,3
m020194,c_maya,to,0
m020195,c_noah,to,0
m020195,c_elena,to,1
m020195,c_taylor,to,2
m020195,c_chris,cc,3
m020196,c_maya,to,0
m020197,c_noah,to,0
m020197,c_elena,to,1
m020197,c_taylor,to,2
m020197,c_chris,cc,3
m020198,c_maya,to,0
m020199,c_noah,to,0
m020199,c_elena,to,1
m020199,c_taylor,to,2
m020199,c_chris,cc,3
m020200,c_maya,to,0
m020201,c_noah,to,0
m020201,c_elena,to,1
m020201,c_taylor,to,2
m020201,c_chris,cc,3
m020202,c_maya,to,0
m020203,c_noah,to,0
m020203,c_elena,to,1
m020203,c_taylor,to,2
m020203,c_chris,cc,3
m020204,c_maya,to,0
m020205,c_noah,to,0
m020205,c_elena,to,1
m020205,c_taylor,to,2
m020205,c_chris,cc,3
m020206,c_maya,to,0
m020207,c_noah,to,0
m020207,c_elena,to,1
m020207,c_taylor,to,2
m020207,c_chris,cc,3
m020208,c_maya,to,0
m020209,c_chris,to,0
m020209,c_noah,to,1
m020209,c_elena,to,2
m020209,c_marcus,cc,3
m020210,c_maya,to,0
m020211,c_chris,to,0
m020211,c_noah,to,1
m020211,c_elena,to,2
m020211,c_marcus,cc,3
m020212,c_maya,to,0
m020213,c_chris,to,0
m020213,c_noah,to,1
m020213,c_elena,to,2
m020213,c_marcus,cc,3
m020214,c_maya,to,0
m020215,c_chris,to,0
m020215,c_noah,to,1
m020215,c_elena,to,2
m020215,c_marcus,cc,3
m020216,c_maya,to,0
m020217,c_priya,to,0
m020217,c_quinn,cc,1
m020218,c_maya,to,0
m020219,c_priya,to,0
m020219,c_quinn,cc,1
m020220,c_maya,to,0
m020221,c_priya,to,0
m020221,c_quinn,cc,1
m020222,c_maya,to,0
m020223,c_priya,to,0
m020223,c_quinn,cc,1
m020224,c_maya,to,0
m020225,c_priya,to,0
m020225,c_quinn,cc,1
m020226,c_maya,to,0
m020227,c_priya,to,0
m020227,c_quinn,cc,1
m020228,c_maya,to,0
m020229,c_elena,to,0
m020229,c_taylor,to,1
m020229,c_lena,to,2
m020230,c_noah,to,0
m020231,c_elena,to,0
m020231,c_taylor,to,1
m020231,c_lena,to,2
m020232,c_noah,to,0
m020233,c_elena,to,0
m020233,c_taylor,to,1
m020233,c_lena,to,2
m020234,c_noah,to,0
m020235,c_elena,to,0
m020235,c_taylor,to,1
m020235,c_lena,to,2
m020236,c_noah,to,0
m020237,c_elena,to,0
m020237,c_taylor,to,1
m020237,c_lena,to,2
m020238,c_noah,to,0
m020239,c_elena,to,0
m020239,c_taylor,to,1
m020239,c_lena,to,2
m020240,c_noah,to,0
m020241,c_noah,to,0
m020241,c_taylor,to,1
m020241,c_chris,cc,2
m020242,c_elena,to,0
m020243,c_noah,to,0
m020243,c_taylor,to,1
m020243,c_chris,cc,2
m020244,c_elena,to,0
m020245,c_noah,to,0
m020245,c_taylor,to,1
m020245,c_chris,cc,2
m020246,c_elena,to,0
m020247,c_noah,to,0
m020247,c_taylor,to,1
m020247,c_chris,cc,2
m020248,c_elena,to,0
m020249,c_noah,to,0
m020250,c_taylor,to,0
m020251,c_noah,to,0
m020252,c_taylor,to,0
m020253,c_avery,to,0
m020253,c_devon,to,1
m020254,c_alex_chan,to,0
m020255,c_avery,to,0
m020255,c_devon,to,1
m020256,c_alex_chan,to,0
m020257,c_maya,to,0
m020258,c_alex_chen,to,0
m020259,c_quinn,to,0
m020260,c_priya,to,0
m020261,c_marcus,to,0
m020262,c_chris,to,0
m020263,c_marcus,to,0
m020264,c_chris,to,0
m020265,c_hana,to,0
m020266,c_sam,to,0
m020267,c_alex_chan,to,0
m020268,c_maya,to,0
m020269,c_alex_chan,to,0
m020270,c_maya,to,0
m020271,c_alex_chan,to,0
m020272,c_maya,to,0
m020273,c_alex_chan,to,0
m020274,c_maya,to,0
m020275,c_alex_chan,to,0
m020276,c_maya,to,0
m020277,c_alex_chan,to,0
m020278,c_maya,to,0
m020279,c_jamie_lee,to,0
m020280,c_maya,to,0
m020281,c_jamie_lee,to,0
m020282,c_maya,to,0
m020283,c_jamie_lee,to,0
m020284,c_maya,to,0
m020285,c_jamie_lee,to,0
m020286,c_maya,to,0
m020287,c_jamie_lee,to,0
m020288,c_maya,to,0
m020289,c_jamie_lee,to,0
m020290,c_maya,to,0
m020291,c_morgan_shaw,to,0
m020292,c_maya,to,0
m020293,c_morgan_shaw,to,0
m020294,c_maya,to,0
m020295,c_morgan_shaw,to,0
m020296,c_maya,to,0
m020297,c_morgan_shaw,to,0
m020298,c_maya,to,0
m020299,c_morgan_shaw,to,0
m020300,c_maya,to,0
m020301,c_morgan_shaw,to,0
m020302,c_maya,to,0
m020303,c_alex_chen,to,0
m020304,c_maya,to,0
m020305,c_alex_chen,to,0
m020306,c_maya,to,0
m020307,c_alex_chen,to,0
m020308,c_maya,to,0
m020309,c_alex_chen,to,0
m020310,c_maya,to,0
m020311,c_jamie_li,to,0
m020312,c_maya,to,0
m020313,c_jamie_li,to,0
m020314,c_maya,to,0
m020315,c_jamie_li,to,0
m020316,c_maya,to,0
m020317,c_jamie_li,to,0
m020318,c_maya,to,0
m020319,c_morgan_zhao,to,0
m020320,c_maya,to,0
m020321,c_morgan_zhao,to,0
m020322,c_maya,to,0
m020323,c_morgan_zhao,to,0
m020324,c_maya,to,0
m020325,c_morgan_zhao,to,0
m020326,c_maya,to,0
m020327,c_lee,to,0
m020328,c_maya,to,0
m020329,c_lee,to,0
m020330,c_maya,to,0
m020331,c_lee,to,0
m020332,c_maya,to,0
m020333,c_lee,to,0
m020334,c_maya,to,0
m020335,c_lee,to,0
m020336,c_maya,to,0
m020337,c_lee,to,0
m020338,c_maya,to,0
m020339,c_pat,to,0
m020340,c_maya,to,0
m020341,c_pat,to,0
m020342,c_maya,to,0
m020343,c_pat,to,0
m020344,c_maya,to,0
m020345,c_pat,to,0
m020346,c_maya,to,0
m020347,c_pat,to,0
m020348,c_maya,to,0
m020349,c_pat,to,0
m020350,c_maya,to,0
m020351,c_ren,to,0
m020352,c_maya,to,0
m020353,c_ren,to,0
m020354,c_maya,to,0
m020355,c_ren,to,0
m020356,c_maya,to,0
m020357,c_ren,to,0
m020358,c_maya,to,0
m020359,c_ren,to,0
m020360,c_maya,to,0
m020361,c_ren,to,0
m020362,c_maya,to,0
m020363,c_sam,to,0
m020364,c_maya,to,0
m020365,c_hana,to,0
m020366,c_maya,to,0
m020367,c_fac_001,to,0
m020368,c_maya,to,0
m020369,c_fac_002,to,0
m020370,c_maya,to,0
m020371,c_fac_003,to,0
m020372,c_maya,to,0
m020373,c_fac_004,to,0
m020374,c_maya,to,0
m020375,c_fac_005,to,0
m020376,c_maya,to,0
m020377,c_fac_006,to,0
m020378,c_maya,to,0
m020379,c_fac_007,to,0
m020380,c_maya,to,0
m020381,c_fac_008,to,0
m020382,c_maya,to,0
m020383,c_fac_009,to,0
m020384,c_maya,to,0
m020385,c_fac_010,to,0
m020386,c_maya,to,0
m020387,c_fac_011,to,0
m020388,c_maya,to,0
m020389,c_fac_012,to,0
m020390,c_maya,to,0
m020391,c_fac_013,to,0
m020392,c_maya,to,0
m020393,c_fac_014,to,0
m020394,c_maya,to,0
m020395,c_fac_015,to,0
m020396,c_maya,to,0
m020397,c_fac_016,to,0
m020398,c_maya,to,0
m020399,c_fac_017,to,0
m020400,c_maya,to,0
m020401,c_noah,to,0
m020401,c_elena,to,1
m020401,c_taylor,to,2
m020401,c_chris,cc,3
m020402,c_maya,to,0
m020403,c_noah,to,0
m020403,c_elena,to,1
m020403,c_taylor,to,2
m020403,c_chris,cc,3
m020404,c_maya,to,0
m020405,c_noah,to,0
m020405,c_elena,to,1
m020405,c_taylor,to,2
m020405,c_chris,cc,3
m020406,c_maya,to,0
m020407,c_noah,to,0
m020407,c_elena,to,1
m020407,c_taylor,to,2
m020407,c_chris,cc,3
m020408,c_maya,to,0
m020409,c_noah,to,0
m020409,c_elena,to,1
m020409,c_taylor,to,2
m020409,c_chris,cc,3
m020410,c_maya,to,0
m020411,c_noah,to,0
m020411,c_elena,to,1
m020411,c_taylor,to,2
m020411,c_chris,cc,3
m020412,c_maya,to,0
m020413,c_noah,to,0
m020413,c_elena,to,1
m020413,c_taylor,to,2
m020413,c_chris,cc,3
m020414,c_maya,to,0
m020415,c_noah,to,0
m020415,c_elena,to,1
m020415,c_taylor,to,2
m020415,c_chris,cc,3
m020416,c_maya,to,0
m020417,c_noah,to,0
m020417,c_elena,to,1
m020417,c_taylor,to,2
m020417,c_chris,cc,3
m020418,c_maya,to,0
m020419,c_noah,to,0
m020419,c_elena,to,1
m020419,c_taylor,to,2
m020419,c_chris,cc,3
m020420,c_maya,to,0
m020421,c_noah,to,0
m020421,c_elena,to,1
m020421,c_taylor,to,2
m020421,c_chris,cc,3
m020422,c_maya,to,0
m020423,c_noah,to,0
m020423,c_elena,to,1
m020423,c_taylor,to,2
m020423,c_chris,cc,3
m020424,c_maya,to,0
m020425,c_noah,to,0
m020425,c_elena,to,1
m020425,c_taylor,to,2
m020425,c_chris,cc,3
m020426,c_maya,to,0
m020427,c_noah,to,0
m020427,c_elena,to,1
m020427,c_taylor,to,2
m020427,c_chris,cc,3
m020428,c_maya,to,0
m020429,c_noah,to,0
m020429,c_elena,to,1
m020429,c_taylor,to,2
m020429,c_chris,cc,3
m020430,c_maya,to,0
m020431,c_noah,to,0
m020431,c_elena,to,1
m020431,c_taylor,to,2
m020431,c_chris,cc,3
m020432,c_maya,to,0
m020433,c_noah,to,0
m020433,c_elena,to,1
m020433,c_taylor,to,2
m020433,c_chris,cc,3
m020434,c_maya,to,0
m020435,c_noah,to,0
m020435,c_elena,to,1
m020435,c_taylor,to,2
m020435,c_chris,cc,3
m020436,c_maya,to,0
m020437,c_noah,to,0
m020437,c_elena,to,1
m020437,c_taylor,to,2
m020437,c_chris,cc,3
m020438,c_maya,to,0
m020439,c_noah,to,0
m020439,c_elena,to,1
m020439,c_taylor,to,2
m020439,c_chris,cc,3
m020440,c_maya,to,0
m020441,c_noah,to,0
m020441,c_elena,to,1
m020441,c_taylor,to,2
m020441,c_chris,cc,3
m020442,c_maya,to,0
m020443,c_noah,to,0
m020443,c_elena,to,1
m020443,c_taylor,to,2
m020443,c_chris,cc,3
m020444,c_maya,to,0
m020445,c_noah,to,0
m020445,c_elena,to,1
m020445,c_taylor,to,2
m020445,c_chris,cc,3
m020446,c_maya,to,0
m020447,c_noah,to,0
m020447,c_elena,to,1
m020447,c_taylor,to,2
m020447,c_chris,cc,3
m020448,c_maya,to,0
m020449,c_noah,to,0
m020449,c_elena,to,1
m020449,c_taylor,to,2
m020449,c_chris,cc,3
m020450,c_maya,to,0
m020451,c_noah,to,0
m020451,c_elena,to,1
m020451,c_taylor,to,2
m020451,c_chris,cc,3
m020452,c_maya,to,0
m020453,c_noah,to,0
m020453,c_elena,to,1
m020453,c_taylor,to,2
m020453,c_chris,cc,3
m020454,c_maya,to,0
m020455,c_noah,to,0
m020455,c_elena,to,1
m020455,c_taylor,to,2
m020455,c_chris,cc,3
m020456,c_maya,to,0
m020457,c_noah,to,0
m020457,c_elena,to,1
m020457,c_taylor,to,2
m020457,c_chris,cc,3
m020458,c_maya,to,0
m020459,c_noah,to,0
m020459,c_elena,to,1
m020459,c_taylor,to,2
m020459,c_chris,cc,3
m020460,c_maya,to,0
m020461,c_noah,to,0
m020461,c_elena,to,1
m020461,c_taylor,to,2
m020461,c_chris,cc,3
m020462,c_maya,to,0
m020463,c_noah,to,0
m020463,c_elena,to,1
m020463,c_taylor,to,2
m020463,c_chris,cc,3
m020464,c_maya,to,0
m020465,c_noah,to,0
m020465,c_elena,to,1
m020465,c_taylor,to,2
m020465,c_chris,cc,3
m020466,c_maya,to,0
m020467,c_noah,to,0
m020467,c_elena,to,1
m020467,c_taylor,to,2
m020467,c_chris,cc,3
m020468,c_maya,to,0
m020469,c_noah,to,0
m020469,c_elena,to,1
m020469,c_taylor,to,2
m020469,c_chris,cc,3
m020470,c_maya,to,0
m020471,c_noah,to,0
m020471,c_elena,to,1
m020471,c_taylor,to,2
m020471,c_chris,cc,3
m020472,c_maya,to,0
m020473,c_noah,to,0
m020473,c_elena,to,1
m020473,c_taylor,to,2
m020473,c_chris,cc,3
m020474,c_maya,to,0
m020475,c_noah,to,0
m020475,c_elena,to,1
m020475,c_taylor,to,2
m020475,c_chris,cc,3
m020476,c_maya,to,0
m020477,c_noah,to,0
m020477,c_elena,to,1
m020477,c_taylor,to,2
m020477,c_chris,cc,3
m020478,c_maya,to,0
m020479,c_noah,to,0
m020479,c_elena,to,1
m020479,c_taylor,to,2
m020479,c_chris,cc,3
m020480,c_maya,to,0
m020481,c_chris,to,0
m020481,c_noah,to,1
m020481,c_elena,to,2
m020481,c_marcus,cc,3
m020482,c_maya,to,0
m020483,c_chris,to,0
m020483,c_noah,to,1
m020483,c_elena,to,2
m020483,c_marcus,cc,3
m020484,c_maya,to,0
m020485,c_chris,to,0
m020485,c_noah,to,1
m020485,c_elena,to,2
m020485,c_marcus,cc,3
m020486,c_maya,to,0
m020487,c_chris,to,0
m020487,c_noah,to,1
m020487,c_elena,to,2
m020487,c_marcus,cc,3
m020488,c_maya,to,0
m020489,c_priya,to,0
m020489,c_quinn,cc,1
m020490,c_maya,to,0
m020491,c_priya,to,0
m020491,c_quinn,cc,1
m020492,c_maya,to,0
m020493,c_priya,to,0
m020493,c_quinn,cc,1
m020494,c_maya,to,0
m020495,c_priya,to,0
m020495,c_quinn,cc,1
m020496,c_maya,to,0
m020497,c_priya,to,0
m020497,c_quinn,cc,1
m020498,c_maya,to,0
m020499,c_priya,to,0
m020499,c_quinn,cc,1
m020500,c_maya,to,0
m020501,c_elena,to,0
m020501,c_taylor,to,1
m020501,c_lena,to,2
m020502,c_noah,to,0
m020503,c_elena,to,0
m020503,c_taylor,to,1
m020503,c_lena,to,2
m020504,c_noah,to,0
m020505,c_elena,to,0
m020505,c_taylor,to,1
m020505,c_lena,to,2
m020506,c_noah,to,0
m020507,c_elena,to,0
m020507,c_taylor,to,1
m020507,c_lena,to,2
m020508,c_noah,to,0
m020509,c_elena,to,0
m020509,c_taylor,to,1
m020509,c_lena,to,2
m020510,c_noah,to,0
m020511,c_elena,to,0
m020511,c_taylor,to,1
m020511,c_lena,to,2
m020512,c_noah,to,0
m020513,c_noah,to,0
m020513,c_taylor,to,1
m020513,c_chris,cc,2
m020514,c_elena,to,0
m020515,c_noah,to,0
m020515,c_taylor,to,1
m020515,c_chris,cc,2
m020516,c_elena,to,0
m020517,c_noah,to,0
m020517,c_taylor,to,1
m020517,c_chris,cc,2
m020518,c_elena,to,0
m020519,c_noah,to,0
m020519,c_taylor,to,1
m020519,c_chris,cc,2
m020520,c_elena,to,0
m020521,c_noah,to,0
m020522,c_taylor,to,0
m020523,c_noah,to,0
m020524,c_taylor,to,0
m020525,c_avery,to,0
m020525,c_devon,to,1
m020526,c_alex_chan,to,0
m020527,c_avery,to,0
m020527,c_devon,to,1
m020528,c_alex_chan,to,0
m020529,c_maya,to,0
m020530,c_alex_chen,to,0
m020531,c_quinn,to,0
m020532,c_priya,to,0
m020533,c_marcus,to,0
m020534,c_chris,to,0
m020535,c_marcus,to,0
m020536,c_chris,to,0
m020537,c_hana,to,0
m020538,c_sam,to,0
m020539,c_alex_chan,to,0
m020540,c_maya,to,0
m020541,c_alex_chan,to,0
m020542,c_maya,to,0
m020543,c_alex_chan,to,0
m020544,c_maya,to,0
m020545,c_alex_chan,to,0
m020546,c_maya,to,0
m020547,c_alex_chan,to,0
m020548,c_maya,to,0
m020549,c_alex_chan,to,0
m020550,c_maya,to,0
m020551,c_jamie_lee,to,0
m020552,c_maya,to,0
m020553,c_jamie_lee,to,0
m020554,c_maya,to,0
m020555,c_jamie_lee,to,0
m020556,c_maya,to,0
m020557,c_jamie_lee,to,0
m020558,c_maya,to,0
m020559,c_jamie_lee,to,0
m020560,c_maya,to,0
m020561,c_jamie_lee,to,0
m020562,c_maya,to,0
m020563,c_morgan_shaw,to,0
m020564,c_maya,to,0
m020565,c_morgan_shaw,to,0
m020566,c_maya,to,0
m020567,c_morgan_shaw,to,0
m020568,c_maya,to,0
m020569,c_morgan_shaw,to,0
m020570,c_maya,to,0
m020571,c_morgan_shaw,to,0
m020572,c_maya,to,0
m020573,c_morgan_shaw,to,0
m020574,c_maya,to,0
m020575,c_alex_chen,to,0
m020576,c_maya,to,0
m020577,c_alex_chen,to,0
m020578,c_maya,to,0
m020579,c_alex_chen,to,0
m020580,c_maya,to,0
m020581,c_alex_chen,to,0
m020582,c_maya,to,0
m020583,c_jamie_li,to,0
m020584,c_maya,to,0
m020585,c_jamie_li,to,0
m020586,c_maya,to,0
m020587,c_jamie_li,to,0
m020588,c_maya,to,0
m020589,c_jamie_li,to,0
m020590,c_maya,to,0
m020591,c_morgan_zhao,to,0
m020592,c_maya,to,0
m020593,c_morgan_zhao,to,0
m020594,c_maya,to,0
m020595,c_morgan_zhao,to,0
m020596,c_maya,to,0
m020597,c_morgan_zhao,to,0
m020598,c_maya,to,0
m020599,c_lee,to,0
m020600,c_maya,to,0
m020601,c_lee,to,0
m020602,c_maya,to,0
m020603,c_lee,to,0
m020604,c_maya,to,0
m020605,c_lee,to,0
m020606,c_maya,to,0
m020607,c_lee,to,0
m020608,c_maya,to,0
m020609,c_lee,to,0
m020610,c_maya,to,0
m020611,c_pat,to,0
m020612,c_maya,to,0
m020613,c_pat,to,0
m020614,c_maya,to,0
m020615,c_pat,to,0
m020616,c_maya,to,0
m020617,c_pat,to,0
m020618,c_maya,to,0
m020619,c_pat,to,0
m020620,c_maya,to,0
m020621,c_pat,to,0
m020622,c_maya,to,0
m020623,c_ren,to,0
m020624,c_maya,to,0
m020625,c_ren,to,0
m020626,c_maya,to,0
m020627,c_ren,to,0
m020628,c_maya,to,0
m020629,c_ren,to,0
m020630,c_maya,to,0
m020631,c_ren,to,0
m020632,c_maya,to,0
m020633,c_ren,to,0
m020634,c_maya,to,0
m020635,c_sam,to,0
m020636,c_maya,to,0
m020637,c_hana,to,0
m020638,c_maya,to,0
m020639,c_fac_001,to,0
m020640,c_maya,to,0
m020641,c_fac_002,to,0
m020642,c_maya,to,0
m020643,c_fac_003,to,0
m020644,c_maya,to,0
m020645,c_fac_004,to,0
m020646,c_maya,to,0
m020647,c_fac_005,to,0
m020648,c_maya,to,0
m020649,c_fac_006,to,0
m020650,c_maya,to,0
m020651,c_fac_007,to,0
m020652,c_maya,to,0
m020653,c_fac_008,to,0
m020654,c_maya,to,0
m020655,c_fac_009,to,0
m020656,c_maya,to,0
m020657,c_fac_010,to,0
m020658,c_maya,to,0
m020659,c_fac_011,to,0
m020660,c_maya,to,0
m020661,c_fac_012,to,0
m020662,c_maya,to,0
m020663,c_fac_013,to,0
m020664,c_maya,to,0
m020665,c_fac_014,to,0
m020666,c_maya,to,0
m020667,c_fac_015,to,0
m020668,c_maya,to,0
m020669,c_fac_016,to,0
m020670,c_maya,to,0
m020671,c_fac_017,to,0
m020672,c_maya,to,0
m020673,c_noah,to,0
m020673,c_elena,to,1
m020673,c_taylor,to,2
m020673,c_chris,cc,3
m020674,c_maya,to,0
m020675,c_noah,to,0
m020675,c_elena,to,1
m020675,c_taylor,to,2
m020675,c_chris,cc,3
m020676,c_maya,to,0
m020677,c_noah,to,0
m020677,c_elena,to,1
m020677,c_taylor,to,2
m020677,c_chris,cc,3
m020678,c_maya,to,0
m020679,c_noah,to,0
m020679,c_elena,to,1
m020679,c_taylor,to,2
m020679,c_chris,cc,3
m020680,c_maya,to,0
m020681,c_noah,to,0
m020681,c_elena,to,1
m020681,c_taylor,to,2
m020681,c_chris,cc,3
m020682,c_maya,to,0
m020683,c_noah,to,0
m020683,c_elena,to,1
m020683,c_taylor,to,2
m020683,c_chris,cc,3
m020684,c_maya,to,0
m020685,c_noah,to,0
m020685,c_elena,to,1
m020685,c_taylor,to,2
m020685,c_chris,cc,3
m020686,c_maya,to,0
m020687,c_noah,to,0
m020687,c_elena,to,1
m020687,c_taylor,to,2
m020687,c_chris,cc,3
m020688,c_maya,to,0
m020689,c_noah,to,0
m020689,c_elena,to,1
m020689,c_taylor,to,2
m020689,c_chris,cc,3
m020690,c_maya,to,0
m020691,c_noah,to,0
m020691,c_elena,to,1
m020691,c_taylor,to,2
m020691,c_chris,cc,3
m020692,c_maya,to,0
m020693,c_noah,to,0
m020693,c_elena,to,1
m020693,c_taylor,to,2
m020693,c_chris,cc,3
m020694,c_maya,to,0
m020695,c_noah,to,0
m020695,c_elena,to,1
m020695,c_taylor,to,2
m020695,c_chris,cc,3
m020696,c_maya,to,0
m020697,c_noah,to,0
m020697,c_elena,to,1
m020697,c_taylor,to,2
m020697,c_chris,cc,3
m020698,c_maya,to,0
m020699,c_noah,to,0
m020699,c_elena,to,1
m020699,c_taylor,to,2
m020699,c_chris,cc,3
m020700,c_maya,to,0
m020701,c_noah,to,0
m020701,c_elena,to,1
m020701,c_taylor,to,2
m020701,c_chris,cc,3
m020702,c_maya,to,0
m020703,c_noah,to,0
m020703,c_elena,to,1
m020703,c_taylor,to,2
m020703,c_chris,cc,3
m020704,c_maya,to,0
m020705,c_noah,to,0
m020705,c_elena,to,1
m020705,c_taylor,to,2
m020705,c_chris,cc,3
m020706,c_maya,to,0
m020707,c_noah,to,0
m020707,c_elena,to,1
m020707,c_taylor,to,2
m020707,c_chris,cc,3
m020708,c_maya,to,0
m020709,c_noah,to,0
m020709,c_elena,to,1
m020709,c_taylor,to,2
m020709,c_chris,cc,3
m020710,c_maya,to,0
m020711,c_noah,to,0
m020711,c_elena,to,1
m020711,c_taylor,to,2
m020711,c_chris,cc,3
m020712,c_maya,to,0
m020713,c_noah,to,0
m020713,c_elena,to,1
m020713,c_taylor,to,2
m020713,c_chris,cc,3
m020714,c_maya,to,0
m020715,c_noah,to,0
m020715,c_elena,to,1
m020715,c_taylor,to,2
m020715,c_chris,cc,3
m020716,c_maya,to,0
m020717,c_noah,to,0
m020717,c_elena,to,1
m020717,c_taylor,to,2
m020717,c_chris,cc,3
m020718,c_maya,to,0
m020719,c_noah,to,0
m020719,c_elena,to,1
m020719,c_taylor,to,2
m020719,c_chris,cc,3
m020720,c_maya,to,0
m020721,c_noah,to,0
m020721,c_elena,to,1
m020721,c_taylor,to,2
m020721,c_chris,cc,3
m020722,c_maya,to,0
m020723,c_noah,to,0
m020723,c_elena,to,1
m020723,c_taylor,to,2
m020723,c_chris,cc,3
m020724,c_maya,to,0
m020725,c_noah,to,0
m020725,c_elena,to,1
m020725,c_taylor,to,2
m020725,c_chris,cc,3
m020726,c_maya,to,0
m020727,c_noah,to,0
m020727,c_elena,to,1
m020727,c_taylor,to,2
m020727,c_chris,cc,3
m020728,c_maya,to,0
m020729,c_noah,to,0
m020729,c_elena,to,1
m020729,c_taylor,to,2
m020729,c_chris,cc,3
m020730,c_maya,to,0
m020731,c_noah,to,0
m020731,c_elena,to,1
m020731,c_taylor,to,2
m020731,c_chris,cc,3
m020732,c_maya,to,0
m020733,c_noah,to,0
m020733,c_elena,to,1
m020733,c_taylor,to,2
m020733,c_chris,cc,3
m020734,c_maya,to,0
m020735,c_noah,to,0
m020735,c_elena,to,1
m020735,c_taylor,to,2
m020735,c_chris,cc,3
m020736,c_maya,to,0
m020737,c_noah,to,0
m020737,c_elena,to,1
m020737,c_taylor,to,2
m020737,c_chris,cc,3
m020738,c_maya,to,0
m020739,c_noah,to,0
m020739,c_elena,to,1
m020739,c_taylor,to,2
m020739,c_chris,cc,3
m020740,c_maya,to,0
m020741,c_noah,to,0
m020741,c_elena,to,1
m020741,c_taylor,to,2
m020741,c_chris,cc,3
m020742,c_maya,to,0
m020743,c_noah,to,0
m020743,c_elena,to,1
m020743,c_taylor,to,2
m020743,c_chris,cc,3
m020744,c_maya,to,0
m020745,c_noah,to,0
m020745,c_elena,to,1
m020745,c_taylor,to,2
m020745,c_chris,cc,3
m020746,c_maya,to,0
m020747,c_noah,to,0
m020747,c_elena,to,1
m020747,c_taylor,to,2
m020747,c_chris,cc,3
m020748,c_maya,to,0
m020749,c_noah,to,0
m020749,c_elena,to,1
m020749,c_taylor,to,2
m020749,c_chris,cc,3
m020750,c_maya,to,0
m020751,c_noah,to,0
m020751,c_elena,to,1
m020751,c_taylor,to,2
m020751,c_chris,cc,3
m020752,c_maya,to,0
m020753,c_chris,to,0
m020753,c_noah,to,1
m020753,c_elena,to,2
m020753,c_marcus,cc,3
m020754,c_maya,to,0
m020755,c_chris,to,0
m020755,c_noah,to,1
m020755,c_elena,to,2
m020755,c_marcus,cc,3
m020756,c_maya,to,0
m020757,c_chris,to,0
m020757,c_noah,to,1
m020757,c_elena,to,2
m020757,c_marcus,cc,3
m020758,c_maya,to,0
m020759,c_chris,to,0
m020759,c_noah,to,1
m020759,c_elena,to,2
m020759,c_marcus,cc,3
m020760,c_maya,to,0
m020761,c_priya,to,0
m020761,c_quinn,cc,1
m020762,c_maya,to,0
m020763,c_priya,to,0
m020763,c_quinn,cc,1
m020764,c_maya,to,0
m020765,c_priya,to,0
m020765,c_quinn,cc,1
m020766,c_maya,to,0
m020767,c_priya,to,0
m020767,c_quinn,cc,1
m020768,c_maya,to,0
m020769,c_priya,to,0
m020769,c_quinn,cc,1
m020770,c_maya,to,0
m020771,c_priya,to,0
m020771,c_quinn,cc,1
m020772,c_maya,to,0
m020773,c_elena,to,0
m020773,c_taylor,to,1
m020773,c_lena,to,2
m020774,c_noah,to,0
m020775,c_elena,to,0
m020775,c_taylor,to,1
m020775,c_lena,to,2
m020776,c_noah,to,0
m020777,c_elena,to,0
m020777,c_taylor,to,1
m020777,c_lena,to,2
m020778,c_noah,to,0
m020779,c_elena,to,0
m020779,c_taylor,to,1
m020779,c_lena,to,2
m020780,c_noah,to,0
m020781,c_elena,to,0
m020781,c_taylor,to,1
m020781,c_lena,to,2
m020782,c_noah,to,0
m020783,c_elena,to,0
m020783,c_taylor,to,1
m020783,c_lena,to,2
m020784,c_noah,to,0
m020785,c_noah,to,0
m020785,c_taylor,to,1
m020785,c_chris,cc,2
m020786,c_elena,to,0
m020787,c_noah,to,0
m020787,c_taylor,to,1
m020787,c_chris,cc,2
m020788,c_elena,to,0
m020789,c_noah,to,0
m020789,c_taylor,to,1
m020789,c_chris,cc,2
m020790,c_elena,to,0
m020791,c_noah,to,0
m020791,c_taylor,to,1
m020791,c_chris,cc,2
m020792,c_elena,to,0
m020793,c_noah,to,0
m020794,c_taylor,to,0
m020795,c_noah,to,0
m020796,c_taylor,to,0
m020797,c_avery,to,0
m020797,c_devon,to,1
m020798,c_alex_chan,to,0
m020799,c_avery,to,0
m020799,c_devon,to,1
m020800,c_alex_chan,to,0
m020801,c_maya,to,0
m020802,c_alex_chen,to,0
m020803,c_quinn,to,0
m020804,c_priya,to,0
m020805,c_marcus,to,0
m020806,c_chris,to,0
m020807,c_marcus,to,0
m020808,c_chris,to,0
m020809,c_hana,to,0
m020810,c_sam,to,0
m020811,c_alex_chan,to,0
m020812,c_maya,to,0
m020813,c_alex_chan,to,0
m020814,c_maya,to,0
m020815,c_alex_chan,to,0
m020816,c_maya,to,0
m020817,c_alex_chan,to,0
m020818,c_maya,to,0
m020819,c_alex_chan,to,0
m020820,c_maya,to,0
m020821,c_alex_chan,to,0
m020822,c_maya,to,0
m020823,c_jamie_lee,to,0
m020824,c_maya,to,0
m020825,c_jamie_lee,to,0
m020826,c_maya,to,0
m020827,c_jamie_lee,to,0
m020828,c_maya,to,0
m020829,c_jamie_lee,to,0
m020830,c_maya,to,0
m020831,c_jamie_lee,to,0
m020832,c_maya,to,0
m020833,c_jamie_lee,to,0
m020834,c_maya,to,0
m020835,c_morgan_shaw,to,0
m020836,c_maya,to,0
m020837,c_morgan_shaw,to,0
m020838,c_maya,to,0
m020839,c_morgan_shaw,to,0
m020840,c_maya,to,0
m020841,c_morgan_shaw,to,0
m020842,c_maya,to,0
m020843,c_morgan_shaw,to,0
m020844,c_maya,to,0
m020845,c_morgan_shaw,to,0
m020846,c_maya,to,0
m020847,c_alex_chen,to,0
m020848,c_maya,to,0
m020849,c_alex_chen,to,0
m020850,c_maya,to,0
m020851,c_alex_chen,to,0
m020852,c_maya,to,0
m020853,c_alex_chen,to,0
m020854,c_maya,to,0
m020855,c_jamie_li,to,0
m020856,c_maya,to,0
m020857,c_jamie_li,to,0
m020858,c_maya,to,0
m020859,c_jamie_li,to,0
m020860,c_maya,to,0
m020861,c_jamie_li,to,0
m020862,c_maya,to,0
m020863,c_morgan_zhao,to,0
m020864,c_maya,to,0
m020865,c_morgan_zhao,to,0
m020866,c_maya,to,0
m020867,c_morgan_zhao,to,0
m020868,c_maya,to,0
m020869,c_morgan_zhao,to,0
m020870,c_maya,to,0
m020871,c_lee,to,0
m020872,c_maya,to,0
m020873,c_lee,to,0
m020874,c_maya,to,0
m020875,c_lee,to,0
m020876,c_maya,to,0
m020877,c_lee,to,0
m020878,c_maya,to,0
m020879,c_lee,to,0
m020880,c_maya,to,0
m020881,c_lee,to,0
m020882,c_maya,to,0
m020883,c_pat,to,0
m020884,c_maya,to,0
m020885,c_pat,to,0
m020886,c_maya,to,0
m020887,c_pat,to,0
m020888,c_maya,to,0
m020889,c_pat,to,0
m020890,c_maya,to,0
m020891,c_pat,to,0
m020892,c_maya,to,0
m020893,c_pat,to,0
m020894,c_maya,to,0
m020895,c_ren,to,0
m020896,c_maya,to,0
m020897,c_ren,to,0
m020898,c_maya,to,0
m020899,c_ren,to,0
m020900,c_maya,to,0
m020901,c_ren,to,0
m020902,c_maya,to,0
m020903,c_ren,to,0
m020904,c_maya,to,0
m020905,c_ren,to,0
m020906,c_maya,to,0
m020907,c_sam,to,0
m020908,c_maya,to,0
m020909,c_hana,to,0
m020910,c_maya,to,0
m020911,c_fac_001,to,0
m020912,c_maya,to,0
m020913,c_fac_002,to,0
m020914,c_maya,to,0
m020915,c_fac_003,to,0
m020916,c_maya,to,0
m020917,c_fac_004,to,0
m020918,c_maya,to,0
m020919,c_fac_005,to,0
m020920,c_maya,to,0
m020921,c_fac_006,to,0
m020922,c_maya,to,0
m020923,c_fac_007,to,0
m020924,c_maya,to,0
m020925,c_fac_008,to,0
m020926,c_maya,to,0
m020927,c_fac_009,to,0
m020928,c_maya,to,0
m020929,c_fac_010,to,0
m020930,c_maya,to,0
m020931,c_fac_011,to,0
m020932,c_maya,to,0
m020933,c_fac_012,to,0
m020934,c_maya,to,0
m020935,c_fac_013,to,0
m020936,c_maya,to,0
m020937,c_fac_014,to,0
m020938,c_maya,to,0
m020939,c_fac_015,to,0
m020940,c_maya,to,0
m020941,c_fac_016,to,0
m020942,c_maya,to,0
m020943,c_fac_017,to,0
m020944,c_maya,to,0
m020945,c_noah,to,0
m020945,c_elena,to,1
m020945,c_taylor,to,2
m020945,c_chris,cc,3
m020946,c_maya,to,0
m020947,c_noah,to,0
m020947,c_elena,to,1
m020947,c_taylor,to,2
m020947,c_chris,cc,3
m020948,c_maya,to,0
m020949,c_noah,to,0
m020949,c_elena,to,1
m020949,c_taylor,to,2
m020949,c_chris,cc,3
m020950,c_maya,to,0
m020951,c_noah,to,0
m020951,c_elena,to,1
m020951,c_taylor,to,2
m020951,c_chris,cc,3
m020952,c_maya,to,0
m020953,c_noah,to,0
m020953,c_elena,to,1
m020953,c_taylor,to,2
m020953,c_chris,cc,3
m020954,c_maya,to,0
m020955,c_noah,to,0
m020955,c_elena,to,1
m020955,c_taylor,to,2
m020955,c_chris,cc,3
m020956,c_maya,to,0
m020957,c_noah,to,0
m020957,c_elena,to,1
m020957,c_taylor,to,2
m020957,c_chris,cc,3
m020958,c_maya,to,0
m020959,c_noah,to,0
m020959,c_elena,to,1
m020959,c_taylor,to,2
m020959,c_chris,cc,3
m020960,c_maya,to,0
m020961,c_noah,to,0
m020961,c_elena,to,1
m020961,c_taylor,to,2
m020961,c_chris,cc,3
m020962,c_maya,to,0
m020963,c_noah,to,0
m020963,c_elena,to,1
m020963,c_taylor,to,2
m020963,c_chris,cc,3
m020964,c_maya,to,0
m020965,c_noah,to,0
m020965,c_elena,to,1
m020965,c_taylor,to,2
m020965,c_chris,cc,3
m020966,c_maya,to,0
m020967,c_noah,to,0
m020967,c_elena,to,1
m020967,c_taylor,to,2
m020967,c_chris,cc,3
m020968,c_maya,to,0
m020969,c_noah,to,0
m020969,c_elena,to,1
m020969,c_taylor,to,2
m020969,c_chris,cc,3
m020970,c_maya,to,0
m020971,c_noah,to,0
m020971,c_elena,to,1
m020971,c_taylor,to,2
m020971,c_chris,cc,3
m020972,c_maya,to,0
m020973,c_noah,to,0
m020973,c_elena,to,1
m020973,c_taylor,to,2
m020973,c_chris,cc,3
m020974,c_maya,to,0
m020975,c_noah,to,0
m020975,c_elena,to,1
m020975,c_taylor,to,2
m020975,c_chris,cc,3
m020976,c_maya,to,0
m020977,c_noah,to,0
m020977,c_elena,to,1
m020977,c_taylor,to,2
m020977,c_chris,cc,3
m020978,c_maya,to,0
m020979,c_noah,to,0
m020979,c_elena,to,1
m020979,c_taylor,to,2
m020979,c_chris,cc,3
m020980,c_maya,to,0
m020981,c_noah,to,0
m020981,c_elena,to,1
m020981,c_taylor,to,2
m020981,c_chris,cc,3
m020982,c_maya,to,0
m020983,c_noah,to,0
m020983,c_elena,to,1
m020983,c_taylor,to,2
m020983,c_chris,cc,3
m020984,c_maya,to,0
m020985,c_noah,to,0
m020985,c_elena,to,1
m020985,c_taylor,to,2
m020985,c_chris,cc,3
m020986,c_maya,to,0
m020987,c_noah,to,0
m020987,c_elena,to,1
m020987,c_taylor,to,2
m020987,c_chris,cc,3
m020988,c_maya,to,0
m020989,c_noah,to,0
m020989,c_elena,to,1
m020989,c_taylor,to,2
m020989,c_chris,cc,3
m020990,c_maya,to,0
m020991,c_noah,to,0
m020991,c_elena,to,1
m020991,c_taylor,to,2
m020991,c_chris,cc,3
m020992,c_maya,to,0
m020993,c_noah,to,0
m020993,c_elena,to,1
m020993,c_taylor,to,2
m020993,c_chris,cc,3
m020994,c_maya,to,0
m020995,c_noah,to,0
m020995,c_elena,to,1
m020995,c_taylor,to,2
m020995,c_chris,cc,3
m020996,c_maya,to,0
m020997,c_noah,to,0
m020997,c_elena,to,1
m020997,c_taylor,to,2
m020997,c_chris,cc,3
m020998,c_maya,to,0
m020999,c_noah,to,0
m020999,c_elena,to,1
m020999,c_taylor,to,2
m020999,c_chris,cc,3
m021000,c_maya,to,0
m021001,c_noah,to,0
m021001,c_elena,to,1
m021001,c_taylor,to,2
m021001,c_chris,cc,3
m021002,c_maya,to,0
m021003,c_noah,to,0
m021003,c_elena,to,1
m021003,c_taylor,to,2
m021003,c_chris,cc,3
m021004,c_maya,to,0
m021005,c_noah,to,0
m021005,c_elena,to,1
m021005,c_taylor,to,2
m021005,c_chris,cc,3
m021006,c_maya,to,0
m021007,c_noah,to,0
m021007,c_elena,to,1
m021007,c_taylor,to,2
m021007,c_chris,cc,3
m021008,c_maya,to,0
m021009,c_noah,to,0
m021009,c_elena,to,1
m021009,c_taylor,to,2
m021009,c_chris,cc,3
m021010,c_maya,to,0
m021011,c_noah,to,0
m021011,c_elena,to,1
m021011,c_taylor,to,2
m021011,c_chris,cc,3
m021012,c_maya,to,0
m021013,c_noah,to,0
m021013,c_elena,to,1
m021013,c_taylor,to,2
m021013,c_chris,cc,3
m021014,c_maya,to,0
m021015,c_noah,to,0
m021015,c_elena,to,1
m021015,c_taylor,to,2
m021015,c_chris,cc,3
m021016,c_maya,to,0
m021017,c_noah,to,0
m021017,c_elena,to,1
m021017,c_taylor,to,2
m021017,c_chris,cc,3
m021018,c_maya,to,0
m021019,c_noah,to,0
m021019,c_elena,to,1
m021019,c_taylor,to,2
m021019,c_chris,cc,3
m021020,c_maya,to,0
m021021,c_noah,to,0
m021021,c_elena,to,1
m021021,c_taylor,to,2
m021021,c_chris,cc,3
m021022,c_maya,to,0
m021023,c_noah,to,0
m021023,c_elena,to,1
m021023,c_taylor,to,2
m021023,c_chris,cc,3
m021024,c_maya,to,0
m021025,c_chris,to,0
m021025,c_noah,to,1
m021025,c_elena,to,2
m021025,c_marcus,cc,3
m021026,c_maya,to,0
m021027,c_chris,to,0
m021027,c_noah,to,1
m021027,c_elena,to,2
m021027,c_marcus,cc,3
m021028,c_maya,to,0
m021029,c_chris,to,0
m021029,c_noah,to,1
m021029,c_elena,to,2
m021029,c_marcus,cc,3
m021030,c_maya,to,0
m021031,c_chris,to,0
m021031,c_noah,to,1
m021031,c_elena,to,2
m021031,c_marcus,cc,3
m021032,c_maya,to,0
m021033,c_priya,to,0
m021033,c_quinn,cc,1
m021034,c_maya,to,0
m021035,c_priya,to,0
m021035,c_quinn,cc,1
m021036,c_maya,to,0
m021037,c_priya,to,0
m021037,c_quinn,cc,1
m021038,c_maya,to,0
m021039,c_priya,to,0
m021039,c_quinn,cc,1
m021040,c_maya,to,0
m021041,c_priya,to,0
m021041,c_quinn,cc,1
m021042,c_maya,to,0
m021043,c_priya,to,0
m021043,c_quinn,cc,1
m021044,c_maya,to,0
m021045,c_elena,to,0
m021045,c_taylor,to,1
m021045,c_lena,to,2
m021046,c_noah,to,0
m021047,c_elena,to,0
m021047,c_taylor,to,1
m021047,c_lena,to,2
m021048,c_noah,to,0
m021049,c_elena,to,0
m021049,c_taylor,to,1
m021049,c_lena,to,2
m021050,c_noah,to,0
m021051,c_elena,to,0
m021051,c_taylor,to,1
m021051,c_lena,to,2
m021052,c_noah,to,0
m021053,c_elena,to,0
m021053,c_taylor,to,1
m021053,c_lena,to,2
m021054,c_noah,to,0
m021055,c_elena,to,0
m021055,c_taylor,to,1
m021055,c_lena,to,2
m021056,c_noah,to,0
m021057,c_noah,to,0
m021057,c_taylor,to,1
m021057,c_chris,cc,2
m021058,c_elena,to,0
m021059,c_noah,to,0
m021059,c_taylor,to,1
m021059,c_chris,cc,2
m021060,c_elena,to,0
m021061,c_noah,to,0
m021061,c_taylor,to,1
m021061,c_chris,cc,2
m021062,c_elena,to,0
m021063,c_noah,to,0
m021063,c_taylor,to,1
m021063,c_chris,cc,2
m021064,c_elena,to,0
m021065,c_noah,to,0
m021066,c_taylor,to,0
m021067,c_noah,to,0
m021068,c_taylor,to,0
m021069,c_avery,to,0
m021069,c_devon,to,1
m021070,c_alex_chan,to,0
m021071,c_avery,to,0
m021071,c_devon,to,1
m021072,c_alex_chan,to,0
m021073,c_maya,to,0
m021074,c_alex_chen,to,0
m021075,c_quinn,to,0
m021076,c_priya,to,0
m021077,c_marcus,to,0
m021078,c_chris,to,0
m021079,c_marcus,to,0
m021080,c_chris,to,0
m021081,c_hana,to,0
m021082,c_sam,to,0
m021083,c_alex_chan,to,0
m021084,c_maya,to,0
m021085,c_alex_chan,to,0
m021086,c_maya,to,0
m021087,c_alex_chan,to,0
m021088,c_maya,to,0
m021089,c_alex_chan,to,0
m021090,c_maya,to,0
m021091,c_alex_chan,to,0
m021092,c_maya,to,0
m021093,c_alex_chan,to,0
m021094,c_maya,to,0
m021095,c_jamie_lee,to,0
m021096,c_maya,to,0
m021097,c_jamie_lee,to,0
m021098,c_maya,to,0
m021099,c_jamie_lee,to,0
m021100,c_maya,to,0
m021101,c_jamie_lee,to,0
m021102,c_maya,to,0
m021103,c_jamie_lee,to,0
m021104,c_maya,to,0
m021105,c_jamie_lee,to,0
m021106,c_maya,to,0
m021107,c_morgan_shaw,to,0
m021108,c_maya,to,0
m021109,c_morgan_shaw,to,0
m021110,c_maya,to,0
m021111,c_morgan_shaw,to,0
m021112,c_maya,to,0
m021113,c_morgan_shaw,to,0
m021114,c_maya,to,0
m021115,c_morgan_shaw,to,0
m021116,c_maya,to,0
m021117,c_morgan_shaw,to,0
m021118,c_maya,to,0
m021119,c_alex_chen,to,0
m021120,c_maya,to,0
m021121,c_alex_chen,to,0
m021122,c_maya,to,0
m021123,c_alex_chen,to,0
m021124,c_maya,to,0
m021125,c_alex_chen,to,0
m021126,c_maya,to,0
m021127,c_jamie_li,to,0
m021128,c_maya,to,0
m021129,c_jamie_li,to,0
m021130,c_maya,to,0
m021131,c_jamie_li,to,0
m021132,c_maya,to,0
m021133,c_jamie_li,to,0
m021134,c_maya,to,0
m021135,c_morgan_zhao,to,0
m021136,c_maya,to,0
m021137,c_morgan_zhao,to,0
m021138,c_maya,to,0
m021139,c_morgan_zhao,to,0
m021140,c_maya,to,0
m021141,c_morgan_zhao,to,0
m021142,c_maya,to,0
m021143,c_lee,to,0
m021144,c_maya,to,0
m021145,c_lee,to,0
m021146,c_maya,to,0
m021147,c_lee,to,0
m021148,c_maya,to,0
m021149,c_lee,to,0
m021150,c_maya,to,0
m021151,c_lee,to,0
m021152,c_maya,to,0
m021153,c_lee,to,0
m021154,c_maya,to,0
m021155,c_pat,to,0
m021156,c_maya,to,0
m021157,c_pat,to,0
m021158,c_maya,to,0
m021159,c_pat,to,0
m021160,c_maya,to,0
m021161,c_pat,to,0
m021162,c_maya,to,0
m021163,c_pat,to,0
m021164,c_maya,to,0
m021165,c_pat,to,0
m021166,c_maya,to,0
m021167,c_ren,to,0
m021168,c_maya,to,0
m021169,c_ren,to,0
m021170,c_maya,to,0
m021171,c_ren,to,0
m021172,c_maya,to,0
m021173,c_ren,to,0
m021174,c_maya,to,0
m021175,c_ren,to,0
m021176,c_maya,to,0
m021177,c_ren,to,0
m021178,c_maya,to,0
m021179,c_sam,to,0
m021180,c_maya,to,0
m021181,c_hana,to,0
m021182,c_maya,to,0
m021183,c_fac_001,to,0
m021184,c_maya,to,0
m021185,c_fac_002,to,0
m021186,c_maya,to,0
m021187,c_fac_003,to,0
m021188,c_maya,to,0
m021189,c_fac_004,to,0
m021190,c_maya,to,0
m021191,c_fac_005,to,0
m021192,c_maya,to,0
m021193,c_fac_006,to,0
m021194,c_maya,to,0
m021195,c_fac_007,to,0
m021196,c_maya,to,0
m021197,c_fac_008,to,0
m021198,c_maya,to,0
m021199,c_fac_009,to,0
m021200,c_maya,to,0
m021201,c_fac_010,to,0
m021202,c_maya,to,0
m021203,c_fac_011,to,0
m021204,c_maya,to,0
m021205,c_fac_012,to,0
m021206,c_maya,to,0
m021207,c_fac_013,to,0
m021208,c_maya,to,0
m021209,c_fac_014,to,0
m021210,c_maya,to,0
m021211,c_fac_015,to,0
m021212,c_maya,to,0
m021213,c_fac_016,to,0
m021214,c_maya,to,0
m021215,c_fac_017,to,0
m021216,c_maya,to,0
m021217,c_noah,to,0
m021217,c_elena,to,1
m021217,c_taylor,to,2
m021217,c_chris,cc,3
m021218,c_maya,to,0
m021219,c_noah,to,0
m021219,c_elena,to,1
m021219,c_taylor,to,2
m021219,c_chris,cc,3
m021220,c_maya,to,0
m021221,c_noah,to,0
m021221,c_elena,to,1
m021221,c_taylor,to,2
m021221,c_chris,cc,3
m021222,c_maya,to,0
m021223,c_noah,to,0
m021223,c_elena,to,1
m021223,c_taylor,to,2
m021223,c_chris,cc,3
m021224,c_maya,to,0
m021225,c_noah,to,0
m021225,c_elena,to,1
m021225,c_taylor,to,2
m021225,c_chris,cc,3
m021226,c_maya,to,0
m021227,c_noah,to,0
m021227,c_elena,to,1
m021227,c_taylor,to,2
m021227,c_chris,cc,3
m021228,c_maya,to,0
m021229,c_noah,to,0
m021229,c_elena,to,1
m021229,c_taylor,to,2
m021229,c_chris,cc,3
m021230,c_maya,to,0
m021231,c_noah,to,0
m021231,c_elena,to,1
m021231,c_taylor,to,2
m021231,c_chris,cc,3
m021232,c_maya,to,0
m021233,c_noah,to,0
m021233,c_elena,to,1
m021233,c_taylor,to,2
m021233,c_chris,cc,3
m021234,c_maya,to,0
m021235,c_noah,to,0
m021235,c_elena,to,1
m021235,c_taylor,to,2
m021235,c_chris,cc,3
m021236,c_maya,to,0
m021237,c_noah,to,0
m021237,c_elena,to,1
m021237,c_taylor,to,2
m021237,c_chris,cc,3
m021238,c_maya,to,0
m021239,c_noah,to,0
m021239,c_elena,to,1
m021239,c_taylor,to,2
m021239,c_chris,cc,3
m021240,c_maya,to,0
m021241,c_noah,to,0
m021241,c_elena,to,1
m021241,c_taylor,to,2
m021241,c_chris,cc,3
m021242,c_maya,to,0
m021243,c_noah,to,0
m021243,c_elena,to,1
m021243,c_taylor,to,2
m021243,c_chris,cc,3
m021244,c_maya,to,0
m021245,c_noah,to,0
m021245,c_elena,to,1
m021245,c_taylor,to,2
m021245,c_chris,cc,3
m021246,c_maya,to,0
m021247,c_noah,to,0
m021247,c_elena,to,1
m021247,c_taylor,to,2
m021247,c_chris,cc,3
m021248,c_maya,to,0
m021249,c_noah,to,0
m021249,c_elena,to,1
m021249,c_taylor,to,2
m021249,c_chris,cc,3
m021250,c_maya,to,0
m021251,c_noah,to,0
m021251,c_elena,to,1
m021251,c_taylor,to,2
m021251,c_chris,cc,3
m021252,c_maya,to,0
m021253,c_noah,to,0
m021253,c_elena,to,1
m021253,c_taylor,to,2
m021253,c_chris,cc,3
m021254,c_maya,to,0
m021255,c_noah,to,0
m021255,c_elena,to,1
m021255,c_taylor,to,2
m021255,c_chris,cc,3
m021256,c_maya,to,0
m021257,c_noah,to,0
m021257,c_elena,to,1
m021257,c_taylor,to,2
m021257,c_chris,cc,3
m021258,c_maya,to,0
m021259,c_noah,to,0
m021259,c_elena,to,1
m021259,c_taylor,to,2
m021259,c_chris,cc,3
m021260,c_maya,to,0
m021261,c_noah,to,0
m021261,c_elena,to,1
m021261,c_taylor,to,2
m021261,c_chris,cc,3
m021262,c_maya,to,0
m021263,c_noah,to,0
m021263,c_elena,to,1
m021263,c_taylor,to,2
m021263,c_chris,cc,3
m021264,c_maya,to,0
m021265,c_noah,to,0
m021265,c_elena,to,1
m021265,c_taylor,to,2
m021265,c_chris,cc,3
m021266,c_maya,to,0
m021267,c_noah,to,0
m021267,c_elena,to,1
m021267,c_taylor,to,2
m021267,c_chris,cc,3
m021268,c_maya,to,0
m021269,c_noah,to,0
m021269,c_elena,to,1
m021269,c_taylor,to,2
m021269,c_chris,cc,3
m021270,c_maya,to,0
m021271,c_noah,to,0
m021271,c_elena,to,1
m021271,c_taylor,to,2
m021271,c_chris,cc,3
m021272,c_maya,to,0
m021273,c_noah,to,0
m021273,c_elena,to,1
m021273,c_taylor,to,2
m021273,c_chris,cc,3
m021274,c_maya,to,0
m021275,c_noah,to,0
m021275,c_elena,to,1
m021275,c_taylor,to,2
m021275,c_chris,cc,3
m021276,c_maya,to,0
m021277,c_noah,to,0
m021277,c_elena,to,1
m021277,c_taylor,to,2
m021277,c_chris,cc,3
m021278,c_maya,to,0
m021279,c_noah,to,0
m021279,c_elena,to,1
m021279,c_taylor,to,2
m021279,c_chris,cc,3
m021280,c_maya,to,0
m021281,c_noah,to,0
m021281,c_elena,to,1
m021281,c_taylor,to,2
m021281,c_chris,cc,3
m021282,c_maya,to,0
m021283,c_noah,to,0
m021283,c_elena,to,1
m021283,c_taylor,to,2
m021283,c_chris,cc,3
m021284,c_maya,to,0
m021285,c_noah,to,0
m021285,c_elena,to,1
m021285,c_taylor,to,2
m021285,c_chris,cc,3
m021286,c_maya,to,0
m021287,c_noah,to,0
m021287,c_elena,to,1
m021287,c_taylor,to,2
m021287,c_chris,cc,3
m021288,c_maya,to,0
m021289,c_noah,to,0
m021289,c_elena,to,1
m021289,c_taylor,to,2
m021289,c_chris,cc,3
m021290,c_maya,to,0
m021291,c_noah,to,0
m021291,c_elena,to,1
m021291,c_taylor,to,2
m021291,c_chris,cc,3
m021292,c_maya,to,0
m021293,c_noah,to,0
m021293,c_elena,to,1
m021293,c_taylor,to,2
m021293,c_chris,cc,3
m021294,c_maya,to,0
m021295,c_noah,to,0
m021295,c_elena,to,1
m021295,c_taylor,to,2
m021295,c_chris,cc,3
m021296,c_maya,to,0
m021297,c_chris,to,0
m021297,c_noah,to,1
m021297,c_elena,to,2
m021297,c_marcus,cc,3
m021298,c_maya,to,0
m021299,c_chris,to,0
m021299,c_noah,to,1
m021299,c_elena,to,2
m021299,c_marcus,cc,3
m021300,c_maya,to,0
m021301,c_chris,to,0
m021301,c_noah,to,1
m021301,c_elena,to,2
m021301,c_marcus,cc,3
m021302,c_maya,to,0
m021303,c_chris,to,0
m021303,c_noah,to,1
m021303,c_elena,to,2
m021303,c_marcus,cc,3
m021304,c_maya,to,0
m021305,c_priya,to,0
m021305,c_quinn,cc,1
m021306,c_maya,to,0
m021307,c_priya,to,0
m021307,c_quinn,cc,1
m021308,c_maya,to,0
m021309,c_priya,to,0
m021309,c_quinn,cc,1
m021310,c_maya,to,0
m021311,c_priya,to,0
m021311,c_quinn,cc,1
m021312,c_maya,to,0
m021313,c_priya,to,0
m021313,c_quinn,cc,1
m021314,c_maya,to,0
m021315,c_priya,to,0
m021315,c_quinn,cc,1
m021316,c_maya,to,0
m021317,c_elena,to,0
m021317,c_taylor,to,1
m021317,c_lena,to,2
m021318,c_noah,to,0
m021319,c_elena,to,0
m021319,c_taylor,to,1
m021319,c_lena,to,2
m021320,c_noah,to,0
m021321,c_elena,to,0
m021321,c_taylor,to,1
m021321,c_lena,to,2
m021322,c_noah,to,0
m021323,c_elena,to,0
m021323,c_taylor,to,1
m021323,c_lena,to,2
m021324,c_noah,to,0
m021325,c_elena,to,0
m021325,c_taylor,to,1
m021325,c_lena,to,2
m021326,c_noah,to,0
m021327,c_elena,to,0
m021327,c_taylor,to,1
m021327,c_lena,to,2
m021328,c_noah,to,0
m021329,c_noah,to,0
m021329,c_taylor,to,1
m021329,c_chris,cc,2
m021330,c_elena,to,0
m021331,c_noah,to,0
m021331,c_taylor,to,1
m021331,c_chris,cc,2
m021332,c_elena,to,0
m021333,c_noah,to,0
m021333,c_taylor,to,1
m021333,c_chris,cc,2
m021334,c_elena,to,0
m021335,c_noah,to,0
m021335,c_taylor,to,1
m021335,c_chris,cc,2
m021336,c_elena,to,0
m021337,c_noah,to,0
m021338,c_taylor,to,0
m021339,c_noah,to,0
m021340,c_taylor,to,0
m021341,c_avery,to,0
m021341,c_devon,to,1
m021342,c_alex_chan,to,0
m021343,c_avery,to,0
m021343,c_devon,to,1
m021344,c_alex_chan,to,0
m021345,c_maya,to,0
m021346,c_alex_chen,to,0
m021347,c_quinn,to,0
m021348,c_priya,to,0
m021349,c_marcus,to,0
m021350,c_chris,to,0
m021351,c_marcus,to,0
m021352,c_chris,to,0
m021353,c_hana,to,0
m021354,c_sam,to,0
m021355,c_alex_chan,to,0
m021356,c_maya,to,0
m021357,c_alex_chan,to,0
m021358,c_maya,to,0
m021359,c_alex_chan,to,0
m021360,c_maya,to,0
m021361,c_alex_chan,to,0
m021362,c_maya,to,0
m021363,c_alex_chan,to,0
m021364,c_maya,to,0
m021365,c_alex_chan,to,0
m021366,c_maya,to,0
m021367,c_jamie_lee,to,0
m021368,c_maya,to,0
m021369,c_jamie_lee,to,0
m021370,c_maya,to,0
m021371,c_jamie_lee,to,0
m021372,c_maya,to,0
m021373,c_jamie_lee,to,0
m021374,c_maya,to,0
m021375,c_jamie_lee,to,0
m021376,c_maya,to,0
m021377,c_jamie_lee,to,0
m021378,c_maya,to,0
m021379,c_morgan_shaw,to,0
m021380,c_maya,to,0
m021381,c_morgan_shaw,to,0
m021382,c_maya,to,0
m021383,c_morgan_shaw,to,0
m021384,c_maya,to,0
m021385,c_morgan_shaw,to,0
m021386,c_maya,to,0
m021387,c_morgan_shaw,to,0
m021388,c_maya,to,0
m021389,c_morgan_shaw,to,0
m021390,c_maya,to,0
m021391,c_alex_chen,to,0
m021392,c_maya,to,0
m021393,c_alex_chen,to,0
m021394,c_maya,to,0
m021395,c_alex_chen,to,0
m021396,c_maya,to,0
m021397,c_alex_chen,to,0
m021398,c_maya,to,0
m021399,c_jamie_li,to,0
m021400,c_maya,to,0
m021401,c_jamie_li,to,0
m021402,c_maya,to,0
m021403,c_jamie_li,to,0
m021404,c_maya,to,0
m021405,c_jamie_li,to,0
m021406,c_maya,to,0
m021407,c_morgan_zhao,to,0
m021408,c_maya,to,0
m021409,c_morgan_zhao,to,0
m021410,c_maya,to,0
m021411,c_morgan_zhao,to,0
m021412,c_maya,to,0
m021413,c_morgan_zhao,to,0
m021414,c_maya,to,0
m021415,c_lee,to,0
m021416,c_maya,to,0
m021417,c_lee,to,0
m021418,c_maya,to,0
m021419,c_lee,to,0
m021420,c_maya,to,0
m021421,c_lee,to,0
m021422,c_maya,to,0
m021423,c_lee,to,0
m021424,c_maya,to,0
m021425,c_lee,to,0
m021426,c_maya,to,0
m021427,c_pat,to,0
m021428,c_maya,to,0
m021429,c_pat,to,0
m021430,c_maya,to,0
m021431,c_pat,to,0
m021432,c_maya,to,0
m021433,c_pat,to,0
m021434,c_maya,to,0
m021435,c_pat,to,0
m021436,c_maya,to,0
m021437,c_pat,to,0
m021438,c_maya,to,0
m021439,c_ren,to,0
m021440,c_maya,to,0
m021441,c_ren,to,0
m021442,c_maya,to,0
m021443,c_ren,to,0
m021444,c_maya,to,0
m021445,c_ren,to,0
m021446,c_maya,to,0
m021447,c_ren,to,0
m021448,c_maya,to,0
m021449,c_ren,to,0
m021450,c_maya,to,0
m021451,c_sam,to,0
m021452,c_maya,to,0
m021453,c_hana,to,0
m021454,c_maya,to,0
m021455,c_fac_001,to,0
m021456,c_maya,to,0
m021457,c_fac_002,to,0
m021458,c_maya,to,0
m021459,c_fac_003,to,0
m021460,c_maya,to,0
m021461,c_fac_004,to,0
m021462,c_maya,to,0
m021463,c_fac_005,to,0
m021464,c_maya,to,0
m021465,c_fac_006,to,0
m021466,c_maya,to,0
m021467,c_fac_007,to,0
m021468,c_maya,to,0
m021469,c_fac_008,to,0
m021470,c_maya,to,0
m021471,c_fac_009,to,0
m021472,c_maya,to,0
m021473,c_fac_010,to,0
m021474,c_maya,to,0
m021475,c_fac_011,to,0
m021476,c_maya,to,0
m021477,c_fac_012,to,0
m021478,c_maya,to,0
m021479,c_fac_013,to,0
m021480,c_maya,to,0
m021481,c_fac_014,to,0
m021482,c_maya,to,0
m021483,c_fac_015,to,0
m021484,c_maya,to,0
m021485,c_fac_016,to,0
m021486,c_maya,to,0
m021487,c_fac_017,to,0
m021488,c_maya,to,0
m021489,c_noah,to,0
m021489,c_elena,to,1
m021489,c_taylor,to,2
m021489,c_chris,cc,3
m021490,c_maya,to,0
m021491,c_noah,to,0
m021491,c_elena,to,1
m021491,c_taylor,to,2
m021491,c_chris,cc,3
m021492,c_maya,to,0
m021493,c_noah,to,0
m021493,c_elena,to,1
m021493,c_taylor,to,2
m021493,c_chris,cc,3
m021494,c_maya,to,0
m021495,c_noah,to,0
m021495,c_elena,to,1
m021495,c_taylor,to,2
m021495,c_chris,cc,3
m021496,c_maya,to,0
m021497,c_noah,to,0
m021497,c_elena,to,1
m021497,c_taylor,to,2
m021497,c_chris,cc,3
m021498,c_maya,to,0
m021499,c_noah,to,0
m021499,c_elena,to,1
m021499,c_taylor,to,2
m021499,c_chris,cc,3
m021500,c_maya,to,0
m021501,c_noah,to,0
m021501,c_elena,to,1
m021501,c_taylor,to,2
m021501,c_chris,cc,3
m021502,c_maya,to,0
m021503,c_noah,to,0
m021503,c_elena,to,1
m021503,c_taylor,to,2
m021503,c_chris,cc,3
m021504,c_maya,to,0
m021505,c_noah,to,0
m021505,c_elena,to,1
m021505,c_taylor,to,2
m021505,c_chris,cc,3
m021506,c_maya,to,0
m021507,c_noah,to,0
m021507,c_elena,to,1
m021507,c_taylor,to,2
m021507,c_chris,cc,3
m021508,c_maya,to,0
m021509,c_noah,to,0
m021509,c_elena,to,1
m021509,c_taylor,to,2
m021509,c_chris,cc,3
m021510,c_maya,to,0
m021511,c_noah,to,0
m021511,c_elena,to,1
m021511,c_taylor,to,2
m021511,c_chris,cc,3
m021512,c_maya,to,0
m021513,c_noah,to,0
m021513,c_elena,to,1
m021513,c_taylor,to,2
m021513,c_chris,cc,3
m021514,c_maya,to,0
m021515,c_noah,to,0
m021515,c_elena,to,1
m021515,c_taylor,to,2
m021515,c_chris,cc,3
m021516,c_maya,to,0
m021517,c_noah,to,0
m021517,c_elena,to,1
m021517,c_taylor,to,2
m021517,c_chris,cc,3
m021518,c_maya,to,0
m021519,c_noah,to,0
m021519,c_elena,to,1
m021519,c_taylor,to,2
m021519,c_chris,cc,3
m021520,c_maya,to,0
m021521,c_noah,to,0
m021521,c_elena,to,1
m021521,c_taylor,to,2
m021521,c_chris,cc,3
m021522,c_maya,to,0
m021523,c_noah,to,0
m021523,c_elena,to,1
m021523,c_taylor,to,2
m021523,c_chris,cc,3
m021524,c_maya,to,0
m021525,c_noah,to,0
m021525,c_elena,to,1
m021525,c_taylor,to,2
m021525,c_chris,cc,3
m021526,c_maya,to,0
m021527,c_noah,to,0
m021527,c_elena,to,1
m021527,c_taylor,to,2
m021527,c_chris,cc,3
m021528,c_maya,to,0
m021529,c_noah,to,0
m021529,c_elena,to,1
m021529,c_taylor,to,2
m021529,c_chris,cc,3
m021530,c_maya,to,0
m021531,c_noah,to,0
m021531,c_elena,to,1
m021531,c_taylor,to,2
m021531,c_chris,cc,3
m021532,c_maya,to,0
m021533,c_noah,to,0
m021533,c_elena,to,1
m021533,c_taylor,to,2
m021533,c_chris,cc,3
m021534,c_maya,to,0
m021535,c_noah,to,0
m021535,c_elena,to,1
m021535,c_taylor,to,2
m021535,c_chris,cc,3
m021536,c_maya,to,0
m021537,c_noah,to,0
m021537,c_elena,to,1
m021537,c_taylor,to,2
m021537,c_chris,cc,3
m021538,c_maya,to,0
m021539,c_noah,to,0
m021539,c_elena,to,1
m021539,c_taylor,to,2
m021539,c_chris,cc,3
m021540,c_maya,to,0
m021541,c_noah,to,0
m021541,c_elena,to,1
m021541,c_taylor,to,2
m021541,c_chris,cc,3
m021542,c_maya,to,0
m021543,c_noah,to,0
m021543,c_elena,to,1
m021543,c_taylor,to,2
m021543,c_chris,cc,3
m021544,c_maya,to,0
m021545,c_noah,to,0
m021545,c_elena,to,1
m021545,c_taylor,to,2
m021545,c_chris,cc,3
m021546,c_maya,to,0
m021547,c_noah,to,0
m021547,c_elena,to,1
m021547,c_taylor,to,2
m021547,c_chris,cc,3
m021548,c_maya,to,0
m021549,c_noah,to,0
m021549,c_elena,to,1
m021549,c_taylor,to,2
m021549,c_chris,cc,3
m021550,c_maya,to,0
m021551,c_noah,to,0
m021551,c_elena,to,1
m021551,c_taylor,to,2
m021551,c_chris,cc,3
m021552,c_maya,to,0
m021553,c_noah,to,0
m021553,c_elena,to,1
m021553,c_taylor,to,2
m021553,c_chris,cc,3
m021554,c_maya,to,0
m021555,c_noah,to,0
m021555,c_elena,to,1
m021555,c_taylor,to,2
m021555,c_chris,cc,3
m021556,c_maya,to,0
m021557,c_noah,to,0
m021557,c_elena,to,1
m021557,c_taylor,to,2
m021557,c_chris,cc,3
m021558,c_maya,to,0
m021559,c_noah,to,0
m021559,c_elena,to,1
m021559,c_taylor,to,2
m021559,c_chris,cc,3
m021560,c_maya,to,0
m021561,c_noah,to,0
m021561,c_elena,to,1
m021561,c_taylor,to,2
m021561,c_chris,cc,3
m021562,c_maya,to,0
m021563,c_noah,to,0
m021563,c_elena,to,1
m021563,c_taylor,to,2
m021563,c_chris,cc,3
m021564,c_maya,to,0
m021565,c_noah,to,0
m021565,c_elena,to,1
m021565,c_taylor,to,2
m021565,c_chris,cc,3
m021566,c_maya,to,0
m021567,c_noah,to,0
m021567,c_elena,to,1
m021567,c_taylor,to,2
m021567,c_chris,cc,3
m021568,c_maya,to,0
m021569,c_chris,to,0
m021569,c_noah,to,1
m021569,c_elena,to,2
m021569,c_marcus,cc,3
m021570,c_maya,to,0
m021571,c_chris,to,0
m021571,c_noah,to,1
m021571,c_elena,to,2
m021571,c_marcus,cc,3
m021572,c_maya,to,0
m021573,c_chris,to,0
m021573,c_noah,to,1
m021573,c_elena,to,2
m021573,c_marcus,cc,3
m021574,c_maya,to,0
m021575,c_chris,to,0
m021575,c_noah,to,1
m021575,c_elena,to,2
m021575,c_marcus,cc,3
m021576,c_maya,to,0
m021577,c_priya,to,0
m021577,c_quinn,cc,1
m021578,c_maya,to,0
m021579,c_priya,to,0
m021579,c_quinn,cc,1
m021580,c_maya,to,0
m021581,c_priya,to,0
m021581,c_quinn,cc,1
m021582,c_maya,to,0
m021583,c_priya,to,0
m021583,c_quinn,cc,1
m021584,c_maya,to,0
m021585,c_priya,to,0
m021585,c_quinn,cc,1
m021586,c_maya,to,0
m021587,c_priya,to,0
m021587,c_quinn,cc,1
m021588,c_maya,to,0
m021589,c_elena,to,0
m021589,c_taylor,to,1
m021589,c_lena,to,2
m021590,c_noah,to,0
m021591,c_elena,to,0
m021591,c_taylor,to,1
m021591,c_lena,to,2
m021592,c_noah,to,0
m021593,c_elena,to,0
m021593,c_taylor,to,1
m021593,c_lena,to,2
m021594,c_noah,to,0
m021595,c_elena,to,0
m021595,c_taylor,to,1
m021595,c_lena,to,2
m021596,c_noah,to,0
m021597,c_elena,to,0
m021597,c_taylor,to,1
m021597,c_lena,to,2
m021598,c_noah,to,0
m021599,c_elena,to,0
m021599,c_taylor,to,1
m021599,c_lena,to,2
m021600,c_noah,to,0
m021601,c_noah,to,0
m021601,c_taylor,to,1
m021601,c_chris,cc,2
m021602,c_elena,to,0
m021603,c_noah,to,0
m021603,c_taylor,to,1
m021603,c_chris,cc,2
m021604,c_elena,to,0
m021605,c_noah,to,0
m021605,c_taylor,to,1
m021605,c_chris,cc,2
m021606,c_elena,to,0
m021607,c_noah,to,0
m021607,c_taylor,to,1
m021607,c_chris,cc,2
m021608,c_elena,to,0
m021609,c_noah,to,0
m021610,c_taylor,to,0
m021611,c_noah,to,0
m021612,c_taylor,to,0
m021613,c_avery,to,0
m021613,c_devon,to,1
m021614,c_alex_chan,to,0
m021615,c_avery,to,0
m021615,c_devon,to,1
m021616,c_alex_chan,to,0
m021617,c_maya,to,0
m021618,c_alex_chen,to,0
m021619,c_quinn,to,0
m021620,c_priya,to,0
m021621,c_marcus,to,0
m021622,c_chris,to,0
m021623,c_marcus,to,0
m021624,c_chris,to,0
m021625,c_hana,to,0
m021626,c_sam,to,0
m021627,c_alex_chan,to,0
m021628,c_maya,to,0
m021629,c_alex_chan,to,0
m021630,c_maya,to,0
m021631,c_alex_chan,to,0
m021632,c_maya,to,0
m021633,c_alex_chan,to,0
m021634,c_maya,to,0
m021635,c_alex_chan,to,0
m021636,c_maya,to,0
m021637,c_alex_chan,to,0
m021638,c_maya,to,0
m021639,c_jamie_lee,to,0
m021640,c_maya,to,0
m021641,c_jamie_lee,to,0
m021642,c_maya,to,0
m021643,c_jamie_lee,to,0
m021644,c_maya,to,0
m021645,c_jamie_lee,to,0
m021646,c_maya,to,0
m021647,c_jamie_lee,to,0
m021648,c_maya,to,0
m021649,c_jamie_lee,to,0
m021650,c_maya,to,0
m021651,c_morgan_shaw,to,0
m021652,c_maya,to,0
m021653,c_morgan_shaw,to,0
m021654,c_maya,to,0
m021655,c_morgan_shaw,to,0
m021656,c_maya,to,0
m021657,c_morgan_shaw,to,0
m021658,c_maya,to,0
m021659,c_morgan_shaw,to,0
m021660,c_maya,to,0
m021661,c_morgan_shaw,to,0
m021662,c_maya,to,0
m021663,c_alex_chen,to,0
m021664,c_maya,to,0
m021665,c_alex_chen,to,0
m021666,c_maya,to,0
m021667,c_alex_chen,to,0
m021668,c_maya,to,0
m021669,c_alex_chen,to,0
m021670,c_maya,to,0
m021671,c_jamie_li,to,0
m021672,c_maya,to,0
m021673,c_jamie_li,to,0
m021674,c_maya,to,0
m021675,c_jamie_li,to,0
m021676,c_maya,to,0
m021677,c_jamie_li,to,0
m021678,c_maya,to,0
m021679,c_morgan_zhao,to,0
m021680,c_maya,to,0
m021681,c_morgan_zhao,to,0
m021682,c_maya,to,0
m021683,c_morgan_zhao,to,0
m021684,c_maya,to,0
m021685,c_morgan_zhao,to,0
m021686,c_maya,to,0
m021687,c_lee,to,0
m021688,c_maya,to,0
m021689,c_lee,to,0
m021690,c_maya,to,0
m021691,c_lee,to,0
m021692,c_maya,to,0
m021693,c_lee,to,0
m021694,c_maya,to,0
m021695,c_lee,to,0
m021696,c_maya,to,0
m021697,c_lee,to,0
m021698,c_maya,to,0
m021699,c_pat,to,0
m021700,c_maya,to,0
m021701,c_pat,to,0
m021702,c_maya,to,0
m021703,c_pat,to,0
m021704,c_maya,to,0
m021705,c_pat,to,0
m021706,c_maya,to,0
m021707,c_pat,to,0
m021708,c_maya,to,0
m021709,c_pat,to,0
m021710,c_maya,to,0
m021711,c_ren,to,0
m021712,c_maya,to,0
m021713,c_ren,to,0
m021714,c_maya,to,0
m021715,c_ren,to,0
m021716,c_maya,to,0
m021717,c_ren,to,0
m021718,c_maya,to,0
m021719,c_ren,to,0
m021720,c_maya,to,0
m021721,c_ren,to,0
m021722,c_maya,to,0
m021723,c_sam,to,0
m021724,c_maya,to,0
m021725,c_hana,to,0
m021726,c_maya,to,0
m021727,c_fac_001,to,0
m021728,c_maya,to,0
m021729,c_fac_002,to,0
m021730,c_maya,to,0
m021731,c_fac_003,to,0
m021732,c_maya,to,0
m021733,c_fac_004,to,0
m021734,c_maya,to,0
m021735,c_fac_005,to,0
m021736,c_maya,to,0
m021737,c_fac_006,to,0
m021738,c_maya,to,0
m021739,c_fac_007,to,0
m021740,c_maya,to,0
m021741,c_fac_008,to,0
m021742,c_maya,to,0
m021743,c_fac_009,to,0
m021744,c_maya,to,0
m021745,c_fac_010,to,0
m021746,c_maya,to,0
m021747,c_fac_011,to,0
m021748,c_maya,to,0
m021749,c_fac_012,to,0
m021750,c_maya,to,0
m021751,c_fac_013,to,0
m021752,c_maya,to,0
m021753,c_fac_014,to,0
m021754,c_maya,to,0
m021755,c_fac_015,to,0
m021756,c_maya,to,0
m021757,c_fac_016,to,0
m021758,c_maya,to,0
m021759,c_fac_017,to,0
m021760,c_maya,to,0
m021761,c_noah,to,0
m021761,c_elena,to,1
m021761,c_taylor,to,2
m021761,c_chris,cc,3
m021762,c_maya,to,0
m021763,c_noah,to,0
m021763,c_elena,to,1
m021763,c_taylor,to,2
m021763,c_chris,cc,3
m021764,c_maya,to,0
m021765,c_noah,to,0
m021765,c_elena,to,1
m021765,c_taylor,to,2
m021765,c_chris,cc,3
m021766,c_maya,to,0
m021767,c_noah,to,0
m021767,c_elena,to,1
m021767,c_taylor,to,2
m021767,c_chris,cc,3
m021768,c_maya,to,0
m021769,c_noah,to,0
m021769,c_elena,to,1
m021769,c_taylor,to,2
m021769,c_chris,cc,3
m021770,c_maya,to,0
m021771,c_noah,to,0
m021771,c_elena,to,1
m021771,c_taylor,to,2
m021771,c_chris,cc,3
m021772,c_maya,to,0
m021773,c_noah,to,0
m021773,c_elena,to,1
m021773,c_taylor,to,2
m021773,c_chris,cc,3
m021774,c_maya,to,0
m021775,c_noah,to,0
m021775,c_elena,to,1
m021775,c_taylor,to,2
m021775,c_chris,cc,3
m021776,c_maya,to,0
m021777,c_noah,to,0
m021777,c_elena,to,1
m021777,c_taylor,to,2
m021777,c_chris,cc,3
m021778,c_maya,to,0
m021779,c_noah,to,0
m021779,c_elena,to,1
m021779,c_taylor,to,2
m021779,c_chris,cc,3
m021780,c_maya,to,0
m021781,c_noah,to,0
m021781,c_elena,to,1
m021781,c_taylor,to,2
m021781,c_chris,cc,3
m021782,c_maya,to,0
m021783,c_noah,to,0
m021783,c_elena,to,1
m021783,c_taylor,to,2
m021783,c_chris,cc,3
m021784,c_maya,to,0
m021785,c_noah,to,0
m021785,c_elena,to,1
m021785,c_taylor,to,2
m021785,c_chris,cc,3
m021786,c_maya,to,0
m021787,c_noah,to,0
m021787,c_elena,to,1
m021787,c_taylor,to,2
m021787,c_chris,cc,3
m021788,c_maya,to,0
m021789,c_noah,to,0
m021789,c_elena,to,1
m021789,c_taylor,to,2
m021789,c_chris,cc,3
m021790,c_maya,to,0
m021791,c_noah,to,0
m021791,c_elena,to,1
m021791,c_taylor,to,2
m021791,c_chris,cc,3
m021792,c_maya,to,0
m021793,c_noah,to,0
m021793,c_elena,to,1
m021793,c_taylor,to,2
m021793,c_chris,cc,3
m021794,c_maya,to,0
m021795,c_noah,to,0
m021795,c_elena,to,1
m021795,c_taylor,to,2
m021795,c_chris,cc,3
m021796,c_maya,to,0
m021797,c_noah,to,0
m021797,c_elena,to,1
m021797,c_taylor,to,2
m021797,c_chris,cc,3
m021798,c_maya,to,0
m021799,c_noah,to,0
m021799,c_elena,to,1
m021799,c_taylor,to,2
m021799,c_chris,cc,3
m021800,c_maya,to,0
m021801,c_noah,to,0
m021801,c_elena,to,1
m021801,c_taylor,to,2
m021801,c_chris,cc,3
m021802,c_maya,to,0
m021803,c_noah,to,0
m021803,c_elena,to,1
m021803,c_taylor,to,2
m021803,c_chris,cc,3
m021804,c_maya,to,0
m021805,c_noah,to,0
m021805,c_elena,to,1
m021805,c_taylor,to,2
m021805,c_chris,cc,3
m021806,c_maya,to,0
m021807,c_noah,to,0
m021807,c_elena,to,1
m021807,c_taylor,to,2
m021807,c_chris,cc,3
m021808,c_maya,to,0
m021809,c_noah,to,0
m021809,c_elena,to,1
m021809,c_taylor,to,2
m021809,c_chris,cc,3
m021810,c_maya,to,0
m021811,c_noah,to,0
m021811,c_elena,to,1
m021811,c_taylor,to,2
m021811,c_chris,cc,3
m021812,c_maya,to,0
m021813,c_noah,to,0
m021813,c_elena,to,1
m021813,c_taylor,to,2
m021813,c_chris,cc,3
m021814,c_maya,to,0
m021815,c_noah,to,0
m021815,c_elena,to,1
m021815,c_taylor,to,2
m021815,c_chris,cc,3
m021816,c_maya,to,0
m021817,c_noah,to,0
m021817,c_elena,to,1
m021817,c_taylor,to,2
m021817,c_chris,cc,3
m021818,c_maya,to,0
m021819,c_noah,to,0
m021819,c_elena,to,1
m021819,c_taylor,to,2
m021819,c_chris,cc,3
m021820,c_maya,to,0
m021821,c_noah,to,0
m021821,c_elena,to,1
m021821,c_taylor,to,2
m021821,c_chris,cc,3
m021822,c_maya,to,0
m021823,c_noah,to,0
m021823,c_elena,to,1
m021823,c_taylor,to,2
m021823,c_chris,cc,3
m021824,c_maya,to,0
m021825,c_noah,to,0
m021825,c_elena,to,1
m021825,c_taylor,to,2
m021825,c_chris,cc,3
m021826,c_maya,to,0
m021827,c_noah,to,0
m021827,c_elena,to,1
m021827,c_taylor,to,2
m021827,c_chris,cc,3
m021828,c_maya,to,0
m021829,c_noah,to,0
m021829,c_elena,to,1
m021829,c_taylor,to,2
m021829,c_chris,cc,3
m021830,c_maya,to,0
m021831,c_noah,to,0
m021831,c_elena,to,1
m021831,c_taylor,to,2
m021831,c_chris,cc,3
m021832,c_maya,to,0
m021833,c_noah,to,0
m021833,c_elena,to,1
m021833,c_taylor,to,2
m021833,c_chris,cc,3
m021834,c_maya,to,0
m021835,c_noah,to,0
m021835,c_elena,to,1
m021835,c_taylor,to,2
m021835,c_chris,cc,3
m021836,c_maya,to,0
m021837,c_noah,to,0
m021837,c_elena,to,1
m021837,c_taylor,to,2
m021837,c_chris,cc,3
m021838,c_maya,to,0
m021839,c_noah,to,0
m021839,c_elena,to,1
m021839,c_taylor,to,2
m021839,c_chris,cc,3
m021840,c_maya,to,0
m021841,c_chris,to,0
m021841,c_noah,to,1
m021841,c_elena,to,2
m021841,c_marcus,cc,3
m021842,c_maya,to,0
m021843,c_chris,to,0
m021843,c_noah,to,1
m021843,c_elena,to,2
m021843,c_marcus,cc,3
m021844,c_maya,to,0
m021845,c_chris,to,0
m021845,c_noah,to,1
m021845,c_elena,to,2
m021845,c_marcus,cc,3
m021846,c_maya,to,0
m021847,c_chris,to,0
m021847,c_noah,to,1
m021847,c_elena,to,2
m021847,c_marcus,cc,3
m021848,c_maya,to,0
m021849,c_priya,to,0
m021849,c_quinn,cc,1
m021850,c_maya,to,0
m021851,c_priya,to,0
m021851,c_quinn,cc,1
m021852,c_maya,to,0
m021853,c_priya,to,0
m021853,c_quinn,cc,1
m021854,c_maya,to,0
m021855,c_priya,to,0
m021855,c_quinn,cc,1
m021856,c_maya,to,0
m021857,c_priya,to,0
m021857,c_quinn,cc,1
m021858,c_maya,to,0
m021859,c_priya,to,0
m021859,c_quinn,cc,1
m021860,c_maya,to,0
m021861,c_elena,to,0
m021861,c_taylor,to,1
m021861,c_lena,to,2
m021862,c_noah,to,0
m021863,c_elena,to,0
m021863,c_taylor,to,1
m021863,c_lena,to,2
m021864,c_noah,to,0
m021865,c_elena,to,0
m021865,c_taylor,to,1
m021865,c_lena,to,2
m021866,c_noah,to,0
m021867,c_elena,to,0
m021867,c_taylor,to,1
m021867,c_lena,to,2
m021868,c_noah,to,0
m021869,c_elena,to,0
m021869,c_taylor,to,1
m021869,c_lena,to,2
m021870,c_noah,to,0
m021871,c_elena,to,0
m021871,c_taylor,to,1
m021871,c_lena,to,2
m021872,c_noah,to,0
m021873,c_noah,to,0
m021873,c_taylor,to,1
m021873,c_chris,cc,2
m021874,c_elena,to,0
m021875,c_noah,to,0
m021875,c_taylor,to,1
m021875,c_chris,cc,2
m021876,c_elena,to,0
m021877,c_noah,to,0
m021877,c_taylor,to,1
m021877,c_chris,cc,2
m021878,c_elena,to,0
m021879,c_noah,to,0
m021879,c_taylor,to,1
m021879,c_chris,cc,2
m021880,c_elena,to,0
m021881,c_noah,to,0
m021882,c_taylor,to,0
m021883,c_noah,to,0
m021884,c_taylor,to,0
m021885,c_avery,to,0
m021885,c_devon,to,1
m021886,c_alex_chan,to,0
m021887,c_avery,to,0
m021887,c_devon,to,1
m021888,c_alex_chan,to,0
m021889,c_maya,to,0
m021890,c_alex_chen,to,0
m021891,c_quinn,to,0
m021892,c_priya,to,0
m021893,c_marcus,to,0
m021894,c_chris,to,0
m021895,c_marcus,to,0
m021896,c_chris,to,0
m021897,c_hana,to,0
m021898,c_sam,to,0
m021899,c_alex_chan,to,0
m021900,c_maya,to,0
m021901,c_alex_chan,to,0
m021902,c_maya,to,0
m021903,c_alex_chan,to,0
m021904,c_maya,to,0
m021905,c_alex_chan,to,0
m021906,c_maya,to,0
m021907,c_alex_chan,to,0
m021908,c_maya,to,0
m021909,c_alex_chan,to,0
m021910,c_maya,to,0
m021911,c_jamie_lee,to,0
m021912,c_maya,to,0
m021913,c_jamie_lee,to,0
m021914,c_maya,to,0
m021915,c_jamie_lee,to,0
m021916,c_maya,to,0
m021917,c_jamie_lee,to,0
m021918,c_maya,to,0
m021919,c_jamie_lee,to,0
m021920,c_maya,to,0
m021921,c_jamie_lee,to,0
m021922,c_maya,to,0
m021923,c_morgan_shaw,to,0
m021924,c_maya,to,0
m021925,c_morgan_shaw,to,0
m021926,c_maya,to,0
m021927,c_morgan_shaw,to,0
m021928,c_maya,to,0
m021929,c_morgan_shaw,to,0
m021930,c_maya,to,0
m021931,c_morgan_shaw,to,0
m021932,c_maya,to,0
m021933,c_morgan_shaw,to,0
m021934,c_maya,to,0
m021935,c_alex_chen,to,0
m021936,c_maya,to,0
m021937,c_alex_chen,to,0
m021938,c_maya,to,0
m021939,c_alex_chen,to,0
m021940,c_maya,to,0
m021941,c_alex_chen,to,0
m021942,c_maya,to,0
m021943,c_jamie_li,to,0
m021944,c_maya,to,0
m021945,c_jamie_li,to,0
m021946,c_maya,to,0
m021947,c_jamie_li,to,0
m021948,c_maya,to,0
m021949,c_jamie_li,to,0
m021950,c_maya,to,0
m021951,c_morgan_zhao,to,0
m021952,c_maya,to,0
m021953,c_morgan_zhao,to,0
m021954,c_maya,to,0
m021955,c_morgan_zhao,to,0
m021956,c_maya,to,0
m021957,c_morgan_zhao,to,0
m021958,c_maya,to,0
m021959,c_lee,to,0
m021960,c_maya,to,0
m021961,c_lee,to,0
m021962,c_maya,to,0
m021963,c_lee,to,0
m021964,c_maya,to,0
m021965,c_lee,to,0
m021966,c_maya,to,0
m021967,c_lee,to,0
m021968,c_maya,to,0
m021969,c_lee,to,0
m021970,c_maya,to,0
m021971,c_pat,to,0
m021972,c_maya,to,0
m021973,c_pat,to,0
m021974,c_maya,to,0
m021975,c_pat,to,0
m021976,c_maya,to,0
m021977,c_pat,to,0
m021978,c_maya,to,0
m021979,c_pat,to,0
m021980,c_maya,to,0
m021981,c_pat,to,0
m021982,c_maya,to,0
m021983,c_ren,to,0
m021984,c_maya,to,0
m021985,c_ren,to,0
m021986,c_maya,to,0
m021987,c_ren,to,0
m021988,c_maya,to,0
m021989,c_ren,to,0
m021990,c_maya,to,0
m021991,c_ren,to,0
m021992,c_maya,to,0
m021993,c_ren,to,0
m021994,c_maya,to,0
m021995,c_sam,to,0
m021996,c_maya,to,0
m021997,c_hana,to,0
m021998,c_maya,to,0
m021999,c_fac_001,to,0
m022000,c_maya,to,0
m022001,c_fac_002,to,0
m022002,c_maya,to,0
m022003,c_fac_003,to,0
m022004,c_maya,to,0
m022005,c_fac_004,to,0
m022006,c_maya,to,0
m022007,c_fac_005,to,0
m022008,c_maya,to,0
m022009,c_fac_006,to,0
m022010,c_maya,to,0
m022011,c_fac_007,to,0
m022012,c_maya,to,0
m022013,c_fac_008,to,0
m022014,c_maya,to,0
m022015,c_fac_009,to,0
m022016,c_maya,to,0
m022017,c_fac_010,to,0
m022018,c_maya,to,0
m022019,c_fac_011,to,0
m022020,c_maya,to,0
m022021,c_fac_012,to,0
m022022,c_maya,to,0
m022023,c_fac_013,to,0
m022024,c_maya,to,0
m022025,c_fac_014,to,0
m022026,c_maya,to,0
m022027,c_fac_015,to,0
m022028,c_maya,to,0
m022029,c_fac_016,to,0
m022030,c_maya,to,0
m022031,c_fac_017,to,0
m022032,c_maya,to,0
m022033,c_noah,to,0
m022033,c_elena,to,1
m022033,c_taylor,to,2
m022033,c_chris,cc,3
m022034,c_maya,to,0
m022035,c_noah,to,0
m022035,c_elena,to,1
m022035,c_taylor,to,2
m022035,c_chris,cc,3
m022036,c_maya,to,0
m022037,c_noah,to,0
m022037,c_elena,to,1
m022037,c_taylor,to,2
m022037,c_chris,cc,3
m022038,c_maya,to,0
m022039,c_noah,to,0
m022039,c_elena,to,1
m022039,c_taylor,to,2
m022039,c_chris,cc,3
m022040,c_maya,to,0
m022041,c_noah,to,0
m022041,c_elena,to,1
m022041,c_taylor,to,2
m022041,c_chris,cc,3
m022042,c_maya,to,0
m022043,c_noah,to,0
m022043,c_elena,to,1
m022043,c_taylor,to,2
m022043,c_chris,cc,3
m022044,c_maya,to,0
m022045,c_noah,to,0
m022045,c_elena,to,1
m022045,c_taylor,to,2
m022045,c_chris,cc,3
m022046,c_maya,to,0
m022047,c_noah,to,0
m022047,c_elena,to,1
m022047,c_taylor,to,2
m022047,c_chris,cc,3
m022048,c_maya,to,0
m022049,c_noah,to,0
m022049,c_elena,to,1
m022049,c_taylor,to,2
m022049,c_chris,cc,3
m022050,c_maya,to,0
m022051,c_noah,to,0
m022051,c_elena,to,1
m022051,c_taylor,to,2
m022051,c_chris,cc,3
m022052,c_maya,to,0
m022053,c_noah,to,0
m022053,c_elena,to,1
m022053,c_taylor,to,2
m022053,c_chris,cc,3
m022054,c_maya,to,0
m022055,c_noah,to,0
m022055,c_elena,to,1
m022055,c_taylor,to,2
m022055,c_chris,cc,3
m022056,c_maya,to,0
m022057,c_noah,to,0
m022057,c_elena,to,1
m022057,c_taylor,to,2
m022057,c_chris,cc,3
m022058,c_maya,to,0
m022059,c_noah,to,0
m022059,c_elena,to,1
m022059,c_taylor,to,2
m022059,c_chris,cc,3
m022060,c_maya,to,0
m022061,c_noah,to,0
m022061,c_elena,to,1
m022061,c_taylor,to,2
m022061,c_chris,cc,3
m022062,c_maya,to,0
m022063,c_noah,to,0
m022063,c_elena,to,1
m022063,c_taylor,to,2
m022063,c_chris,cc,3
m022064,c_maya,to,0
m022065,c_noah,to,0
m022065,c_elena,to,1
m022065,c_taylor,to,2
m022065,c_chris,cc,3
m022066,c_maya,to,0
m022067,c_noah,to,0
m022067,c_elena,to,1
m022067,c_taylor,to,2
m022067,c_chris,cc,3
m022068,c_maya,to,0
m022069,c_noah,to,0
m022069,c_elena,to,1
m022069,c_taylor,to,2
m022069,c_chris,cc,3
m022070,c_maya,to,0
m022071,c_noah,to,0
m022071,c_elena,to,1
m022071,c_taylor,to,2
m022071,c_chris,cc,3
m022072,c_maya,to,0
m022073,c_noah,to,0
m022073,c_elena,to,1
m022073,c_taylor,to,2
m022073,c_chris,cc,3
m022074,c_maya,to,0
m022075,c_noah,to,0
m022075,c_elena,to,1
m022075,c_taylor,to,2
m022075,c_chris,cc,3
m022076,c_maya,to,0
m022077,c_noah,to,0
m022077,c_elena,to,1
m022077,c_taylor,to,2
m022077,c_chris,cc,3
m022078,c_maya,to,0
m022079,c_noah,to,0
m022079,c_elena,to,1
m022079,c_taylor,to,2
m022079,c_chris,cc,3
m022080,c_maya,to,0
m022081,c_noah,to,0
m022081,c_elena,to,1
m022081,c_taylor,to,2
m022081,c_chris,cc,3
m022082,c_maya,to,0
m022083,c_noah,to,0
m022083,c_elena,to,1
m022083,c_taylor,to,2
m022083,c_chris,cc,3
m022084,c_maya,to,0
m022085,c_noah,to,0
m022085,c_elena,to,1
m022085,c_taylor,to,2
m022085,c_chris,cc,3
m022086,c_maya,to,0
m022087,c_noah,to,0
m022087,c_elena,to,1
m022087,c_taylor,to,2
m022087,c_chris,cc,3
m022088,c_maya,to,0
m022089,c_noah,to,0
m022089,c_elena,to,1
m022089,c_taylor,to,2
m022089,c_chris,cc,3
m022090,c_maya,to,0
m022091,c_noah,to,0
m022091,c_elena,to,1
m022091,c_taylor,to,2
m022091,c_chris,cc,3
m022092,c_maya,to,0
m022093,c_noah,to,0
m022093,c_elena,to,1
m022093,c_taylor,to,2
m022093,c_chris,cc,3
m022094,c_maya,to,0
m022095,c_noah,to,0
m022095,c_elena,to,1
m022095,c_taylor,to,2
m022095,c_chris,cc,3
m022096,c_maya,to,0
m022097,c_noah,to,0
m022097,c_elena,to,1
m022097,c_taylor,to,2
m022097,c_chris,cc,3
m022098,c_maya,to,0
m022099,c_noah,to,0
m022099,c_elena,to,1
m022099,c_taylor,to,2
m022099,c_chris,cc,3
m022100,c_maya,to,0
m022101,c_noah,to,0
m022101,c_elena,to,1
m022101,c_taylor,to,2
m022101,c_chris,cc,3
m022102,c_maya,to,0
m022103,c_noah,to,0
m022103,c_elena,to,1
m022103,c_taylor,to,2
m022103,c_chris,cc,3
m022104,c_maya,to,0
m022105,c_noah,to,0
m022105,c_elena,to,1
m022105,c_taylor,to,2
m022105,c_chris,cc,3
m022106,c_maya,to,0
m022107,c_noah,to,0
m022107,c_elena,to,1
m022107,c_taylor,to,2
m022107,c_chris,cc,3
m022108,c_maya,to,0
m022109,c_noah,to,0
m022109,c_elena,to,1
m022109,c_taylor,to,2
m022109,c_chris,cc,3
m022110,c_maya,to,0
m022111,c_noah,to,0
m022111,c_elena,to,1
m022111,c_taylor,to,2
m022111,c_chris,cc,3
m022112,c_maya,to,0
m022113,c_chris,to,0
m022113,c_noah,to,1
m022113,c_elena,to,2
m022113,c_marcus,cc,3
m022114,c_maya,to,0
m022115,c_chris,to,0
m022115,c_noah,to,1
m022115,c_elena,to,2
m022115,c_marcus,cc,3
m022116,c_maya,to,0
m022117,c_chris,to,0
m022117,c_noah,to,1
m022117,c_elena,to,2
m022117,c_marcus,cc,3
m022118,c_maya,to,0
m022119,c_chris,to,0
m022119,c_noah,to,1
m022119,c_elena,to,2
m022119,c_marcus,cc,3
m022120,c_maya,to,0
m022121,c_priya,to,0
m022121,c_quinn,cc,1
m022122,c_maya,to,0
m022123,c_priya,to,0
m022123,c_quinn,cc,1
m022124,c_maya,to,0
m022125,c_priya,to,0
m022125,c_quinn,cc,1
m022126,c_maya,to,0
m022127,c_priya,to,0
m022127,c_quinn,cc,1
m022128,c_maya,to,0
m022129,c_priya,to,0
m022129,c_quinn,cc,1
m022130,c_maya,to,0
m022131,c_priya,to,0
m022131,c_quinn,cc,1
m022132,c_maya,to,0
m022133,c_elena,to,0
m022133,c_taylor,to,1
m022133,c_lena,to,2
m022134,c_noah,to,0
m022135,c_elena,to,0
m022135,c_taylor,to,1
m022135,c_lena,to,2
m022136,c_noah,to,0
m022137,c_elena,to,0
m022137,c_taylor,to,1
m022137,c_lena,to,2
m022138,c_noah,to,0
m022139,c_elena,to,0
m022139,c_taylor,to,1
m022139,c_lena,to,2
m022140,c_noah,to,0
m022141,c_elena,to,0
m022141,c_taylor,to,1
m022141,c_lena,to,2
m022142,c_noah,to,0
m022143,c_elena,to,0
m022143,c_taylor,to,1
m022143,c_lena,to,2
m022144,c_noah,to,0
m022145,c_noah,to,0
m022145,c_taylor,to,1
m022145,c_chris,cc,2
m022146,c_elena,to,0
m022147,c_noah,to,0
m022147,c_taylor,to,1
m022147,c_chris,cc,2
m022148,c_elena,to,0
m022149,c_noah,to,0
m022149,c_taylor,to,1
m022149,c_chris,cc,2
m022150,c_elena,to,0
m022151,c_noah,to,0
m022151,c_taylor,to,1
m022151,c_chris,cc,2
m022152,c_elena,to,0
m022153,c_noah,to,0
m022154,c_taylor,to,0
m022155,c_noah,to,0
m022156,c_taylor,to,0
m022157,c_avery,to,0
m022157,c_devon,to,1
m022158,c_alex_chan,to,0
m022159,c_avery,to,0
m022159,c_devon,to,1
m022160,c_alex_chan,to,0
m022161,c_maya,to,0
m022162,c_alex_chen,to,0
m022163,c_quinn,to,0
m022164,c_priya,to,0
m022165,c_marcus,to,0
m022166,c_chris,to,0
m022167,c_marcus,to,0
m022168,c_chris,to,0
m022169,c_hana,to,0
m022170,c_sam,to,0
m022171,c_alex_chan,to,0
m022172,c_maya,to,0
m022173,c_alex_chan,to,0
m022174,c_maya,to,0
m022175,c_alex_chan,to,0
m022176,c_maya,to,0
m022177,c_alex_chan,to,0
m022178,c_maya,to,0
m022179,c_alex_chan,to,0
m022180,c_maya,to,0
m022181,c_alex_chan,to,0
m022182,c_maya,to,0
m022183,c_jamie_lee,to,0
m022184,c_maya,to,0
m022185,c_jamie_lee,to,0
m022186,c_maya,to,0
m022187,c_jamie_lee,to,0
m022188,c_maya,to,0
m022189,c_jamie_lee,to,0
m022190,c_maya,to,0
m022191,c_jamie_lee,to,0
m022192,c_maya,to,0
m022193,c_jamie_lee,to,0
m022194,c_maya,to,0
m022195,c_morgan_shaw,to,0
m022196,c_maya,to,0
m022197,c_morgan_shaw,to,0
m022198,c_maya,to,0
m022199,c_morgan_shaw,to,0
m022200,c_maya,to,0
m022201,c_morgan_shaw,to,0
m022202,c_maya,to,0
m022203,c_morgan_shaw,to,0
m022204,c_maya,to,0
m022205,c_morgan_shaw,to,0
m022206,c_maya,to,0
m022207,c_alex_chen,to,0
m022208,c_maya,to,0
m022209,c_alex_chen,to,0
m022210,c_maya,to,0
m022211,c_alex_chen,to,0
m022212,c_maya,to,0
m022213,c_alex_chen,to,0
m022214,c_maya,to,0
m022215,c_jamie_li,to,0
m022216,c_maya,to,0
m022217,c_jamie_li,to,0
m022218,c_maya,to,0
m022219,c_jamie_li,to,0
m022220,c_maya,to,0
m022221,c_jamie_li,to,0
m022222,c_maya,to,0
m022223,c_morgan_zhao,to,0
m022224,c_maya,to,0
m022225,c_morgan_zhao,to,0
m022226,c_maya,to,0
m022227,c_morgan_zhao,to,0
m022228,c_maya,to,0
m022229,c_morgan_zhao,to,0
m022230,c_maya,to,0
m022231,c_lee,to,0
m022232,c_maya,to,0
m022233,c_lee,to,0
m022234,c_maya,to,0
m022235,c_lee,to,0
m022236,c_maya,to,0
m022237,c_lee,to,0
m022238,c_maya,to,0
m022239,c_lee,to,0
m022240,c_maya,to,0
m022241,c_lee,to,0
m022242,c_maya,to,0
m022243,c_pat,to,0
m022244,c_maya,to,0
m022245,c_pat,to,0
m022246,c_maya,to,0
m022247,c_pat,to,0
m022248,c_maya,to,0
m022249,c_pat,to,0
m022250,c_maya,to,0
m022251,c_pat,to,0
m022252,c_maya,to,0
m022253,c_pat,to,0
m022254,c_maya,to,0
m022255,c_ren,to,0
m022256,c_maya,to,0
m022257,c_ren,to,0
m022258,c_maya,to,0
m022259,c_ren,to,0
m022260,c_maya,to,0
m022261,c_ren,to,0
m022262,c_maya,to,0
m022263,c_ren,to,0
m022264,c_maya,to,0
m022265,c_ren,to,0
m022266,c_maya,to,0
m022267,c_sam,to,0
m022268,c_maya,to,0
m022269,c_hana,to,0
m022270,c_maya,to,0
m022271,c_fac_001,to,0
m022272,c_maya,to,0
m022273,c_fac_002,to,0
m022274,c_maya,to,0
m022275,c_fac_003,to,0
m022276,c_maya,to,0
m022277,c_fac_004,to,0
m022278,c_maya,to,0
m022279,c_fac_005,to,0
m022280,c_maya,to,0
m022281,c_fac_006,to,0
m022282,c_maya,to,0
m022283,c_fac_007,to,0
m022284,c_maya,to,0
m022285,c_fac_008,to,0
m022286,c_maya,to,0
m022287,c_fac_009,to,0
m022288,c_maya,to,0
m022289,c_fac_010,to,0
m022290,c_maya,to,0
m022291,c_fac_011,to,0
m022292,c_maya,to,0
m022293,c_fac_012,to,0
m022294,c_maya,to,0
m022295,c_fac_013,to,0
m022296,c_maya,to,0
m022297,c_fac_014,to,0
m022298,c_maya,to,0
m022299,c_fac_015,to,0
m022300,c_maya,to,0
m022301,c_fac_016,to,0
m022302,c_maya,to,0
m022303,c_fac_017,to,0
m022304,c_maya,to,0
m022305,c_noah,to,0
m022305,c_elena,to,1
m022305,c_taylor,to,2
m022305,c_chris,cc,3
m022306,c_maya,to,0
m022307,c_noah,to,0
m022307,c_elena,to,1
m022307,c_taylor,to,2
m022307,c_chris,cc,3
m022308,c_maya,to,0
m022309,c_noah,to,0
m022309,c_elena,to,1
m022309,c_taylor,to,2
m022309,c_chris,cc,3
m022310,c_maya,to,0
m022311,c_noah,to,0
m022311,c_elena,to,1
m022311,c_taylor,to,2
m022311,c_chris,cc,3
m022312,c_maya,to,0
m022313,c_noah,to,0
m022313,c_elena,to,1
m022313,c_taylor,to,2
m022313,c_chris,cc,3
m022314,c_maya,to,0
m022315,c_noah,to,0
m022315,c_elena,to,1
m022315,c_taylor,to,2
m022315,c_chris,cc,3
m022316,c_maya,to,0
m022317,c_noah,to,0
m022317,c_elena,to,1
m022317,c_taylor,to,2
m022317,c_chris,cc,3
m022318,c_maya,to,0
m022319,c_noah,to,0
m022319,c_elena,to,1
m022319,c_taylor,to,2
m022319,c_chris,cc,3
m022320,c_maya,to,0
m022321,c_noah,to,0
m022321,c_elena,to,1
m022321,c_taylor,to,2
m022321,c_chris,cc,3
m022322,c_maya,to,0
m022323,c_noah,to,0
m022323,c_elena,to,1
m022323,c_taylor,to,2
m022323,c_chris,cc,3
m022324,c_maya,to,0
m022325,c_noah,to,0
m022325,c_elena,to,1
m022325,c_taylor,to,2
m022325,c_chris,cc,3
m022326,c_maya,to,0
m022327,c_noah,to,0
m022327,c_elena,to,1
m022327,c_taylor,to,2
m022327,c_chris,cc,3
m022328,c_maya,to,0
m022329,c_noah,to,0
m022329,c_elena,to,1
m022329,c_taylor,to,2
m022329,c_chris,cc,3
m022330,c_maya,to,0
m022331,c_noah,to,0
m022331,c_elena,to,1
m022331,c_taylor,to,2
m022331,c_chris,cc,3
m022332,c_maya,to,0
m022333,c_noah,to,0
m022333,c_elena,to,1
m022333,c_taylor,to,2
m022333,c_chris,cc,3
m022334,c_maya,to,0
m022335,c_noah,to,0
m022335,c_elena,to,1
m022335,c_taylor,to,2
m022335,c_chris,cc,3
m022336,c_maya,to,0
m022337,c_noah,to,0
m022337,c_elena,to,1
m022337,c_taylor,to,2
m022337,c_chris,cc,3
m022338,c_maya,to,0
m022339,c_noah,to,0
m022339,c_elena,to,1
m022339,c_taylor,to,2
m022339,c_chris,cc,3
m022340,c_maya,to,0
m022341,c_noah,to,0
m022341,c_elena,to,1
m022341,c_taylor,to,2
m022341,c_chris,cc,3
m022342,c_maya,to,0
m022343,c_noah,to,0
m022343,c_elena,to,1
m022343,c_taylor,to,2
m022343,c_chris,cc,3
m022344,c_maya,to,0
m022345,c_noah,to,0
m022345,c_elena,to,1
m022345,c_taylor,to,2
m022345,c_chris,cc,3
m022346,c_maya,to,0
m022347,c_noah,to,0
m022347,c_elena,to,1
m022347,c_taylor,to,2
m022347,c_chris,cc,3
m022348,c_maya,to,0
m022349,c_noah,to,0
m022349,c_elena,to,1
m022349,c_taylor,to,2
m022349,c_chris,cc,3
m022350,c_maya,to,0
m022351,c_noah,to,0
m022351,c_elena,to,1
m022351,c_taylor,to,2
m022351,c_chris,cc,3
m022352,c_maya,to,0
m022353,c_noah,to,0
m022353,c_elena,to,1
m022353,c_taylor,to,2
m022353,c_chris,cc,3
m022354,c_maya,to,0
m022355,c_noah,to,0
m022355,c_elena,to,1
m022355,c_taylor,to,2
m022355,c_chris,cc,3
m022356,c_maya,to,0
m022357,c_noah,to,0
m022357,c_elena,to,1
m022357,c_taylor,to,2
m022357,c_chris,cc,3
m022358,c_maya,to,0
m022359,c_noah,to,0
m022359,c_elena,to,1
m022359,c_taylor,to,2
m022359,c_chris,cc,3
m022360,c_maya,to,0
m022361,c_noah,to,0
m022361,c_elena,to,1
m022361,c_taylor,to,2
m022361,c_chris,cc,3
m022362,c_maya,to,0
m022363,c_noah,to,0
m022363,c_elena,to,1
m022363,c_taylor,to,2
m022363,c_chris,cc,3
m022364,c_maya,to,0
m022365,c_noah,to,0
m022365,c_elena,to,1
m022365,c_taylor,to,2
m022365,c_chris,cc,3
m022366,c_maya,to,0
m022367,c_noah,to,0
m022367,c_elena,to,1
m022367,c_taylor,to,2
m022367,c_chris,cc,3
m022368,c_maya,to,0
m022369,c_noah,to,0
m022369,c_elena,to,1
m022369,c_taylor,to,2
m022369,c_chris,cc,3
m022370,c_maya,to,0
m022371,c_noah,to,0
m022371,c_elena,to,1
m022371,c_taylor,to,2
m022371,c_chris,cc,3
m022372,c_maya,to,0
m022373,c_noah,to,0
m022373,c_elena,to,1
m022373,c_taylor,to,2
m022373,c_chris,cc,3
m022374,c_maya,to,0
m022375,c_noah,to,0
m022375,c_elena,to,1
m022375,c_taylor,to,2
m022375,c_chris,cc,3
m022376,c_maya,to,0
m022377,c_noah,to,0
m022377,c_elena,to,1
m022377,c_taylor,to,2
m022377,c_chris,cc,3
m022378,c_maya,to,0
m022379,c_noah,to,0
m022379,c_elena,to,1
m022379,c_taylor,to,2
m022379,c_chris,cc,3
m022380,c_maya,to,0
m022381,c_noah,to,0
m022381,c_elena,to,1
m022381,c_taylor,to,2
m022381,c_chris,cc,3
m022382,c_maya,to,0
m022383,c_noah,to,0
m022383,c_elena,to,1
m022383,c_taylor,to,2
m022383,c_chris,cc,3
m022384,c_maya,to,0
m022385,c_chris,to,0
m022385,c_noah,to,1
m022385,c_elena,to,2
m022385,c_marcus,cc,3
m022386,c_maya,to,0
m022387,c_chris,to,0
m022387,c_noah,to,1
m022387,c_elena,to,2
m022387,c_marcus,cc,3
m022388,c_maya,to,0
m022389,c_chris,to,0
m022389,c_noah,to,1
m022389,c_elena,to,2
m022389,c_marcus,cc,3
m022390,c_maya,to,0
m022391,c_chris,to,0
m022391,c_noah,to,1
m022391,c_elena,to,2
m022391,c_marcus,cc,3
m022392,c_maya,to,0
m022393,c_priya,to,0
m022393,c_quinn,cc,1
m022394,c_maya,to,0
m022395,c_priya,to,0
m022395,c_quinn,cc,1
m022396,c_maya,to,0
m022397,c_priya,to,0
m022397,c_quinn,cc,1
m022398,c_maya,to,0
m022399,c_priya,to,0
m022399,c_quinn,cc,1
m022400,c_maya,to,0
m022401,c_priya,to,0
m022401,c_quinn,cc,1
m022402,c_maya,to,0
m022403,c_priya,to,0
m022403,c_quinn,cc,1
m022404,c_maya,to,0
m022405,c_elena,to,0
m022405,c_taylor,to,1
m022405,c_lena,to,2
m022406,c_noah,to,0
m022407,c_elena,to,0
m022407,c_taylor,to,1
m022407,c_lena,to,2
m022408,c_noah,to,0
m022409,c_elena,to,0
m022409,c_taylor,to,1
m022409,c_lena,to,2
m022410,c_noah,to,0
m022411,c_elena,to,0
m022411,c_taylor,to,1
m022411,c_lena,to,2
m022412,c_noah,to,0
m022413,c_elena,to,0
m022413,c_taylor,to,1
m022413,c_lena,to,2
m022414,c_noah,to,0
m022415,c_elena,to,0
m022415,c_taylor,to,1
m022415,c_lena,to,2
m022416,c_noah,to,0
m022417,c_noah,to,0
m022417,c_taylor,to,1
m022417,c_chris,cc,2
m022418,c_elena,to,0
m022419,c_noah,to,0
m022419,c_taylor,to,1
m022419,c_chris,cc,2
m022420,c_elena,to,0
m022421,c_noah,to,0
m022421,c_taylor,to,1
m022421,c_chris,cc,2
m022422,c_elena,to,0
m022423,c_noah,to,0
m022423,c_taylor,to,1
m022423,c_chris,cc,2
m022424,c_elena,to,0
m022425,c_noah,to,0
m022426,c_taylor,to,0
m022427,c_noah,to,0
m022428,c_taylor,to,0
m022429,c_avery,to,0
m022429,c_devon,to,1
m022430,c_alex_chan,to,0
m022431,c_avery,to,0
m022431,c_devon,to,1
m022432,c_alex_chan,to,0
m022433,c_maya,to,0
m022434,c_alex_chen,to,0
m022435,c_quinn,to,0
m022436,c_priya,to,0
m022437,c_marcus,to,0
m022438,c_chris,to,0
m022439,c_marcus,to,0
m022440,c_chris,to,0
m022441,c_hana,to,0
m022442,c_sam,to,0
m022443,c_alex_chan,to,0
m022444,c_maya,to,0
m022445,c_alex_chan,to,0
m022446,c_maya,to,0
m022447,c_alex_chan,to,0
m022448,c_maya,to,0
m022449,c_alex_chan,to,0
m022450,c_maya,to,0
m022451,c_alex_chan,to,0
m022452,c_maya,to,0
m022453,c_alex_chan,to,0
m022454,c_maya,to,0
m022455,c_jamie_lee,to,0
m022456,c_maya,to,0
m022457,c_jamie_lee,to,0
m022458,c_maya,to,0
m022459,c_jamie_lee,to,0
m022460,c_maya,to,0
m022461,c_jamie_lee,to,0
m022462,c_maya,to,0
m022463,c_jamie_lee,to,0
m022464,c_maya,to,0
m022465,c_jamie_lee,to,0
m022466,c_maya,to,0
m022467,c_morgan_shaw,to,0
m022468,c_maya,to,0
m022469,c_morgan_shaw,to,0
m022470,c_maya,to,0
m022471,c_morgan_shaw,to,0
m022472,c_maya,to,0
m022473,c_morgan_shaw,to,0
m022474,c_maya,to,0
m022475,c_morgan_shaw,to,0
m022476,c_maya,to,0
m022477,c_morgan_shaw,to,0
m022478,c_maya,to,0
m022479,c_alex_chen,to,0
m022480,c_maya,to,0
m022481,c_alex_chen,to,0
m022482,c_maya,to,0
m022483,c_alex_chen,to,0
m022484,c_maya,to,0
m022485,c_alex_chen,to,0
m022486,c_maya,to,0
m022487,c_jamie_li,to,0
m022488,c_maya,to,0
m022489,c_jamie_li,to,0
m022490,c_maya,to,0
m022491,c_jamie_li,to,0
m022492,c_maya,to,0
m022493,c_jamie_li,to,0
m022494,c_maya,to,0
m022495,c_morgan_zhao,to,0
m022496,c_maya,to,0
m022497,c_morgan_zhao,to,0
m022498,c_maya,to,0
m022499,c_morgan_zhao,to,0
m022500,c_maya,to,0
m022501,c_morgan_zhao,to,0
m022502,c_maya,to,0
m022503,c_lee,to,0
m022504,c_maya,to,0
m022505,c_lee,to,0
m022506,c_maya,to,0
m022507,c_lee,to,0
m022508,c_maya,to,0
m022509,c_lee,to,0
m022510,c_maya,to,0
m022511,c_lee,to,0
m022512,c_maya,to,0
m022513,c_lee,to,0
m022514,c_maya,to,0
m022515,c_pat,to,0
m022516,c_maya,to,0
m022517,c_pat,to,0
m022518,c_maya,to,0
m022519,c_pat,to,0
m022520,c_maya,to,0
m022521,c_pat,to,0
m022522,c_maya,to,0
m022523,c_pat,to,0
m022524,c_maya,to,0
m022525,c_pat,to,0
m022526,c_maya,to,0
m022527,c_ren,to,0
m022528,c_maya,to,0
m022529,c_ren,to,0
m022530,c_maya,to,0
m022531,c_ren,to,0
m022532,c_maya,to,0
m022533,c_ren,to,0
m022534,c_maya,to,0
m022535,c_ren,to,0
m022536,c_maya,to,0
m022537,c_ren,to,0
m022538,c_maya,to,0
m022539,c_sam,to,0
m022540,c_maya,to,0
m022541,c_hana,to,0
m022542,c_maya,to,0
m022543,c_fac_001,to,0
m022544,c_maya,to,0
m022545,c_fac_002,to,0
m022546,c_maya,to,0
m022547,c_fac_003,to,0
m022548,c_maya,to,0
m022549,c_fac_004,to,0
m022550,c_maya,to,0
m022551,c_fac_005,to,0
m022552,c_maya,to,0
m022553,c_fac_006,to,0
m022554,c_maya,to,0
m022555,c_fac_007,to,0
m022556,c_maya,to,0
m022557,c_fac_008,to,0
m022558,c_maya,to,0
m022559,c_fac_009,to,0
m022560,c_maya,to,0
m022561,c_fac_010,to,0
m022562,c_maya,to,0
m022563,c_fac_011,to,0
m022564,c_maya,to,0
m022565,c_fac_012,to,0
m022566,c_maya,to,0
m022567,c_fac_013,to,0
m022568,c_maya,to,0
m022569,c_fac_014,to,0
m022570,c_maya,to,0
m022571,c_fac_015,to,0
m022572,c_maya,to,0
m022573,c_fac_016,to,0
m022574,c_maya,to,0
m022575,c_fac_017,to,0
m022576,c_maya,to,0
m022577,c_noah,to,0
m022577,c_elena,to,1
m022577,c_taylor,to,2
m022577,c_chris,cc,3
m022578,c_maya,to,0
m022579,c_noah,to,0
m022579,c_elena,to,1
m022579,c_taylor,to,2
m022579,c_chris,cc,3
m022580,c_maya,to,0
m022581,c_noah,to,0
m022581,c_elena,to,1
m022581,c_taylor,to,2
m022581,c_chris,cc,3
m022582,c_maya,to,0
m022583,c_noah,to,0
m022583,c_elena,to,1
m022583,c_taylor,to,2
m022583,c_chris,cc,3
m022584,c_maya,to,0
m022585,c_noah,to,0
m022585,c_elena,to,1
m022585,c_taylor,to,2
m022585,c_chris,cc,3
m022586,c_maya,to,0
m022587,c_noah,to,0
m022587,c_elena,to,1
m022587,c_taylor,to,2
m022587,c_chris,cc,3
m022588,c_maya,to,0
m022589,c_noah,to,0
m022589,c_elena,to,1
m022589,c_taylor,to,2
m022589,c_chris,cc,3
m022590,c_maya,to,0
m022591,c_noah,to,0
m022591,c_elena,to,1
m022591,c_taylor,to,2
m022591,c_chris,cc,3
m022592,c_maya,to,0
m022593,c_noah,to,0
m022593,c_elena,to,1
m022593,c_taylor,to,2
m022593,c_chris,cc,3
m022594,c_maya,to,0
m022595,c_noah,to,0
m022595,c_elena,to,1
m022595,c_taylor,to,2
m022595,c_chris,cc,3
m022596,c_maya,to,0
m022597,c_noah,to,0
m022597,c_elena,to,1
m022597,c_taylor,to,2
m022597,c_chris,cc,3
m022598,c_maya,to,0
m022599,c_noah,to,0
m022599,c_elena,to,1
m022599,c_taylor,to,2
m022599,c_chris,cc,3
m022600,c_maya,to,0
m022601,c_noah,to,0
m022601,c_elena,to,1
m022601,c_taylor,to,2
m022601,c_chris,cc,3
m022602,c_maya,to,0
m022603,c_noah,to,0
m022603,c_elena,to,1
m022603,c_taylor,to,2
m022603,c_chris,cc,3
m022604,c_maya,to,0
m022605,c_noah,to,0
m022605,c_elena,to,1
m022605,c_taylor,to,2
m022605,c_chris,cc,3
m022606,c_maya,to,0
m022607,c_noah,to,0
m022607,c_elena,to,1
m022607,c_taylor,to,2
m022607,c_chris,cc,3
m022608,c_maya,to,0
m022609,c_noah,to,0
m022609,c_elena,to,1
m022609,c_taylor,to,2
m022609,c_chris,cc,3
m022610,c_maya,to,0
m022611,c_noah,to,0
m022611,c_elena,to,1
m022611,c_taylor,to,2
m022611,c_chris,cc,3
m022612,c_maya,to,0
m022613,c_noah,to,0
m022613,c_elena,to,1
m022613,c_taylor,to,2
m022613,c_chris,cc,3
m022614,c_maya,to,0
m022615,c_noah,to,0
m022615,c_elena,to,1
m022615,c_taylor,to,2
m022615,c_chris,cc,3
m022616,c_maya,to,0
m022617,c_noah,to,0
m022617,c_elena,to,1
m022617,c_taylor,to,2
m022617,c_chris,cc,3
m022618,c_maya,to,0
m022619,c_noah,to,0
m022619,c_elena,to,1
m022619,c_taylor,to,2
m022619,c_chris,cc,3
m022620,c_maya,to,0
m022621,c_noah,to,0
m022621,c_elena,to,1
m022621,c_taylor,to,2
m022621,c_chris,cc,3
m022622,c_maya,to,0
m022623,c_noah,to,0
m022623,c_elena,to,1
m022623,c_taylor,to,2
m022623,c_chris,cc,3
m022624,c_maya,to,0
m022625,c_noah,to,0
m022625,c_elena,to,1
m022625,c_taylor,to,2
m022625,c_chris,cc,3
m022626,c_maya,to,0
m022627,c_noah,to,0
m022627,c_elena,to,1
m022627,c_taylor,to,2
m022627,c_chris,cc,3
m022628,c_maya,to,0
m022629,c_noah,to,0
m022629,c_elena,to,1
m022629,c_taylor,to,2
m022629,c_chris,cc,3
m022630,c_maya,to,0
m022631,c_noah,to,0
m022631,c_elena,to,1
m022631,c_taylor,to,2
m022631,c_chris,cc,3
m022632,c_maya,to,0
m022633,c_noah,to,0
m022633,c_elena,to,1
m022633,c_taylor,to,2
m022633,c_chris,cc,3
m022634,c_maya,to,0
m022635,c_noah,to,0
m022635,c_elena,to,1
m022635,c_taylor,to,2
m022635,c_chris,cc,3
m022636,c_maya,to,0
m022637,c_noah,to,0
m022637,c_elena,to,1
m022637,c_taylor,to,2
m022637,c_chris,cc,3
m022638,c_maya,to,0
m022639,c_noah,to,0
m022639,c_elena,to,1
m022639,c_taylor,to,2
m022639,c_chris,cc,3
m022640,c_maya,to,0
m022641,c_noah,to,0
m022641,c_elena,to,1
m022641,c_taylor,to,2
m022641,c_chris,cc,3
m022642,c_maya,to,0
m022643,c_noah,to,0
m022643,c_elena,to,1
m022643,c_taylor,to,2
m022643,c_chris,cc,3
m022644,c_maya,to,0
m022645,c_noah,to,0
m022645,c_elena,to,1
m022645,c_taylor,to,2
m022645,c_chris,cc,3
m022646,c_maya,to,0
m022647,c_noah,to,0
m022647,c_elena,to,1
m022647,c_taylor,to,2
m022647,c_chris,cc,3
m022648,c_maya,to,0
m022649,c_noah,to,0
m022649,c_elena,to,1
m022649,c_taylor,to,2
m022649,c_chris,cc,3
m022650,c_maya,to,0
m022651,c_noah,to,0
m022651,c_elena,to,1
m022651,c_taylor,to,2
m022651,c_chris,cc,3
m022652,c_maya,to,0
m022653,c_noah,to,0
m022653,c_elena,to,1
m022653,c_taylor,to,2
m022653,c_chris,cc,3
m022654,c_maya,to,0
m022655,c_noah,to,0
m022655,c_elena,to,1
m022655,c_taylor,to,2
m022655,c_chris,cc,3
m022656,c_maya,to,0
m022657,c_chris,to,0
m022657,c_noah,to,1
m022657,c_elena,to,2
m022657,c_marcus,cc,3
m022658,c_maya,to,0
m022659,c_chris,to,0
m022659,c_noah,to,1
m022659,c_elena,to,2
m022659,c_marcus,cc,3
m022660,c_maya,to,0
m022661,c_chris,to,0
m022661,c_noah,to,1
m022661,c_elena,to,2
m022661,c_marcus,cc,3
m022662,c_maya,to,0
m022663,c_chris,to,0
m022663,c_noah,to,1
m022663,c_elena,to,2
m022663,c_marcus,cc,3
m022664,c_maya,to,0
m022665,c_priya,to,0
m022665,c_quinn,cc,1
m022666,c_maya,to,0
m022667,c_priya,to,0
m022667,c_quinn,cc,1
m022668,c_maya,to,0
m022669,c_priya,to,0
m022669,c_quinn,cc,1
m022670,c_maya,to,0
m022671,c_priya,to,0
m022671,c_quinn,cc,1
m022672,c_maya,to,0
m022673,c_priya,to,0
m022673,c_quinn,cc,1
m022674,c_maya,to,0
m022675,c_priya,to,0
m022675,c_quinn,cc,1
m022676,c_maya,to,0
m022677,c_elena,to,0
m022677,c_taylor,to,1
m022677,c_lena,to,2
m022678,c_noah,to,0
m022679,c_elena,to,0
m022679,c_taylor,to,1
m022679,c_lena,to,2
m022680,c_noah,to,0
m022681,c_elena,to,0
m022681,c_taylor,to,1
m022681,c_lena,to,2
m022682,c_noah,to,0
m022683,c_elena,to,0
m022683,c_taylor,to,1
m022683,c_lena,to,2
m022684,c_noah,to,0
m022685,c_elena,to,0
m022685,c_taylor,to,1
m022685,c_lena,to,2
m022686,c_noah,to,0
m022687,c_elena,to,0
m022687,c_taylor,to,1
m022687,c_lena,to,2
m022688,c_noah,to,0
m022689,c_noah,to,0
m022689,c_taylor,to,1
m022689,c_chris,cc,2
m022690,c_elena,to,0
m022691,c_noah,to,0
m022691,c_taylor,to,1
m022691,c_chris,cc,2
m022692,c_elena,to,0
m022693,c_noah,to,0
m022693,c_taylor,to,1
m022693,c_chris,cc,2
m022694,c_elena,to,0
m022695,c_noah,to,0
m022695,c_taylor,to,1
m022695,c_chris,cc,2
m022696,c_elena,to,0
m022697,c_noah,to,0
m022698,c_taylor,to,0
m022699,c_noah,to,0
m022700,c_taylor,to,0
m022701,c_avery,to,0
m022701,c_devon,to,1
m022702,c_alex_chan,to,0
m022703,c_avery,to,0
m022703,c_devon,to,1
m022704,c_alex_chan,to,0
m022705,c_maya,to,0
m022706,c_alex_chen,to,0
m022707,c_quinn,to,0
m022708,c_priya,to,0
m022709,c_marcus,to,0
m022710,c_chris,to,0
m022711,c_marcus,to,0
m022712,c_chris,to,0
m022713,c_hana,to,0
m022714,c_sam,to,0
m022715,c_alex_chan,to,0
m022716,c_maya,to,0
m022717,c_alex_chan,to,0
m022718,c_maya,to,0
m022719,c_alex_chan,to,0
m022720,c_maya,to,0
m022721,c_alex_chan,to,0
m022722,c_maya,to,0
m022723,c_alex_chan,to,0
m022724,c_maya,to,0
m022725,c_alex_chan,to,0
m022726,c_maya,to,0
m022727,c_jamie_lee,to,0
m022728,c_maya,to,0
m022729,c_jamie_lee,to,0
m022730,c_maya,to,0
m022731,c_jamie_lee,to,0
m022732,c_maya,to,0
m022733,c_jamie_lee,to,0
m022734,c_maya,to,0
m022735,c_jamie_lee,to,0
m022736,c_maya,to,0
m022737,c_jamie_lee,to,0
m022738,c_maya,to,0
m022739,c_morgan_shaw,to,0
m022740,c_maya,to,0
m022741,c_morgan_shaw,to,0
m022742,c_maya,to,0
m022743,c_morgan_shaw,to,0
m022744,c_maya,to,0
m022745,c_morgan_shaw,to,0
m022746,c_maya,to,0
m022747,c_morgan_shaw,to,0
m022748,c_maya,to,0
m022749,c_morgan_shaw,to,0
m022750,c_maya,to,0
m022751,c_alex_chen,to,0
m022752,c_maya,to,0
m022753,c_alex_chen,to,0
m022754,c_maya,to,0
m022755,c_alex_chen,to,0
m022756,c_maya,to,0
m022757,c_alex_chen,to,0
m022758,c_maya,to,0
m022759,c_jamie_li,to,0
m022760,c_maya,to,0
m022761,c_jamie_li,to,0
m022762,c_maya,to,0
m022763,c_jamie_li,to,0
m022764,c_maya,to,0
m022765,c_jamie_li,to,0
m022766,c_maya,to,0
m022767,c_morgan_zhao,to,0
m022768,c_maya,to,0
m022769,c_morgan_zhao,to,0
m022770,c_maya,to,0
m022771,c_morgan_zhao,to,0
m022772,c_maya,to,0
m022773,c_morgan_zhao,to,0
m022774,c_maya,to,0
m022775,c_lee,to,0
m022776,c_maya,to,0
m022777,c_lee,to,0
m022778,c_maya,to,0
m022779,c_lee,to,0
m022780,c_maya,to,0
m022781,c_lee,to,0
m022782,c_maya,to,0
m022783,c_lee,to,0
m022784,c_maya,to,0
m022785,c_lee,to,0
m022786,c_maya,to,0
m022787,c_pat,to,0
m022788,c_maya,to,0
m022789,c_pat,to,0
m022790,c_maya,to,0
m022791,c_pat,to,0
m022792,c_maya,to,0
m022793,c_pat,to,0
m022794,c_maya,to,0
m022795,c_pat,to,0
m022796,c_maya,to,0
m022797,c_pat,to,0
m022798,c_maya,to,0
m022799,c_ren,to,0
m022800,c_maya,to,0
m022801,c_ren,to,0
m022802,c_maya,to,0
m022803,c_ren,to,0
m022804,c_maya,to,0
m022805,c_ren,to,0
m022806,c_maya,to,0
m022807,c_ren,to,0
m022808,c_maya,to,0
m022809,c_ren,to,0
m022810,c_maya,to,0
m022811,c_sam,to,0
m022812,c_maya,to,0
m022813,c_hana,to,0
m022814,c_maya,to,0
m022815,c_fac_001,to,0
m022816,c_maya,to,0
m022817,c_fac_002,to,0
m022818,c_maya,to,0
m022819,c_fac_003,to,0
m022820,c_maya,to,0
m022821,c_fac_004,to,0
m022822,c_maya,to,0
m022823,c_fac_005,to,0
m022824,c_maya,to,0
m022825,c_fac_006,to,0
m022826,c_maya,to,0
m022827,c_fac_007,to,0
m022828,c_maya,to,0
m022829,c_fac_008,to,0
m022830,c_maya,to,0
m022831,c_fac_009,to,0
m022832,c_maya,to,0
m022833,c_fac_010,to,0
m022834,c_maya,to,0
m022835,c_fac_011,to,0
m022836,c_maya,to,0
m022837,c_fac_012,to,0
m022838,c_maya,to,0
m022839,c_fac_013,to,0
m022840,c_maya,to,0
m022841,c_fac_014,to,0
m022842,c_maya,to,0
m022843,c_fac_015,to,0
m022844,c_maya,to,0
m022845,c_fac_016,to,0
m022846,c_maya,to,0
m022847,c_fac_017,to,0
m022848,c_maya,to,0
m022849,c_noah,to,0
m022849,c_elena,to,1
m022849,c_taylor,to,2
m022849,c_chris,cc,3
m022850,c_maya,to,0
m022851,c_noah,to,0
m022851,c_elena,to,1
m022851,c_taylor,to,2
m022851,c_chris,cc,3
m022852,c_maya,to,0
m022853,c_noah,to,0
m022853,c_elena,to,1
m022853,c_taylor,to,2
m022853,c_chris,cc,3
m022854,c_maya,to,0
m022855,c_noah,to,0
m022855,c_elena,to,1
m022855,c_taylor,to,2
m022855,c_chris,cc,3
m022856,c_maya,to,0
m022857,c_noah,to,0
m022857,c_elena,to,1
m022857,c_taylor,to,2
m022857,c_chris,cc,3
m022858,c_maya,to,0
m022859,c_noah,to,0
m022859,c_elena,to,1
m022859,c_taylor,to,2
m022859,c_chris,cc,3
m022860,c_maya,to,0
m022861,c_noah,to,0
m022861,c_elena,to,1
m022861,c_taylor,to,2
m022861,c_chris,cc,3
m022862,c_maya,to,0
m022863,c_noah,to,0
m022863,c_elena,to,1
m022863,c_taylor,to,2
m022863,c_chris,cc,3
m022864,c_maya,to,0
m022865,c_noah,to,0
m022865,c_elena,to,1
m022865,c_taylor,to,2
m022865,c_chris,cc,3
m022866,c_maya,to,0
m022867,c_noah,to,0
m022867,c_elena,to,1
m022867,c_taylor,to,2
m022867,c_chris,cc,3
m022868,c_maya,to,0
m022869,c_noah,to,0
m022869,c_elena,to,1
m022869,c_taylor,to,2
m022869,c_chris,cc,3
m022870,c_maya,to,0
m022871,c_noah,to,0
m022871,c_elena,to,1
m022871,c_taylor,to,2
m022871,c_chris,cc,3
m022872,c_maya,to,0
m022873,c_noah,to,0
m022873,c_elena,to,1
m022873,c_taylor,to,2
m022873,c_chris,cc,3
m022874,c_maya,to,0
m022875,c_noah,to,0
m022875,c_elena,to,1
m022875,c_taylor,to,2
m022875,c_chris,cc,3
m022876,c_maya,to,0
m022877,c_noah,to,0
m022877,c_elena,to,1
m022877,c_taylor,to,2
m022877,c_chris,cc,3
m022878,c_maya,to,0
m022879,c_noah,to,0
m022879,c_elena,to,1
m022879,c_taylor,to,2
m022879,c_chris,cc,3
m022880,c_maya,to,0
m022881,c_noah,to,0
m022881,c_elena,to,1
m022881,c_taylor,to,2
m022881,c_chris,cc,3
m022882,c_maya,to,0
m022883,c_noah,to,0
m022883,c_elena,to,1
m022883,c_taylor,to,2
m022883,c_chris,cc,3
m022884,c_maya,to,0
m022885,c_noah,to,0
m022885,c_elena,to,1
m022885,c_taylor,to,2
m022885,c_chris,cc,3
m022886,c_maya,to,0
m022887,c_noah,to,0
m022887,c_elena,to,1
m022887,c_taylor,to,2
m022887,c_chris,cc,3
m022888,c_maya,to,0
m022889,c_noah,to,0
m022889,c_elena,to,1
m022889,c_taylor,to,2
m022889,c_chris,cc,3
m022890,c_maya,to,0
m022891,c_noah,to,0
m022891,c_elena,to,1
m022891,c_taylor,to,2
m022891,c_chris,cc,3
m022892,c_maya,to,0
m022893,c_noah,to,0
m022893,c_elena,to,1
m022893,c_taylor,to,2
m022893,c_chris,cc,3
m022894,c_maya,to,0
m022895,c_noah,to,0
m022895,c_elena,to,1
m022895,c_taylor,to,2
m022895,c_chris,cc,3
m022896,c_maya,to,0
m022897,c_noah,to,0
m022897,c_elena,to,1
m022897,c_taylor,to,2
m022897,c_chris,cc,3
m022898,c_maya,to,0
m022899,c_noah,to,0
m022899,c_elena,to,1
m022899,c_taylor,to,2
m022899,c_chris,cc,3
m022900,c_maya,to,0
m022901,c_noah,to,0
m022901,c_elena,to,1
m022901,c_taylor,to,2
m022901,c_chris,cc,3
m022902,c_maya,to,0
m022903,c_noah,to,0
m022903,c_elena,to,1
m022903,c_taylor,to,2
m022903,c_chris,cc,3
m022904,c_maya,to,0
m022905,c_noah,to,0
m022905,c_elena,to,1
m022905,c_taylor,to,2
m022905,c_chris,cc,3
m022906,c_maya,to,0
m022907,c_noah,to,0
m022907,c_elena,to,1
m022907,c_taylor,to,2
m022907,c_chris,cc,3
m022908,c_maya,to,0
m022909,c_noah,to,0
m022909,c_elena,to,1
m022909,c_taylor,to,2
m022909,c_chris,cc,3
m022910,c_maya,to,0
m022911,c_noah,to,0
m022911,c_elena,to,1
m022911,c_taylor,to,2
m022911,c_chris,cc,3
m022912,c_maya,to,0
m022913,c_noah,to,0
m022913,c_elena,to,1
m022913,c_taylor,to,2
m022913,c_chris,cc,3
m022914,c_maya,to,0
m022915,c_noah,to,0
m022915,c_elena,to,1
m022915,c_taylor,to,2
m022915,c_chris,cc,3
m022916,c_maya,to,0
m022917,c_noah,to,0
m022917,c_elena,to,1
m022917,c_taylor,to,2
m022917,c_chris,cc,3
m022918,c_maya,to,0
m022919,c_noah,to,0
m022919,c_elena,to,1
m022919,c_taylor,to,2
m022919,c_chris,cc,3
m022920,c_maya,to,0
m022921,c_noah,to,0
m022921,c_elena,to,1
m022921,c_taylor,to,2
m022921,c_chris,cc,3
m022922,c_maya,to,0
m022923,c_noah,to,0
m022923,c_elena,to,1
m022923,c_taylor,to,2
m022923,c_chris,cc,3
m022924,c_maya,to,0
m022925,c_noah,to,0
m022925,c_elena,to,1
m022925,c_taylor,to,2
m022925,c_chris,cc,3
m022926,c_maya,to,0
m022927,c_noah,to,0
m022927,c_elena,to,1
m022927,c_taylor,to,2
m022927,c_chris,cc,3
m022928,c_maya,to,0
m022929,c_chris,to,0
m022929,c_noah,to,1
m022929,c_elena,to,2
m022929,c_marcus,cc,3
m022930,c_maya,to,0
m022931,c_chris,to,0
m022931,c_noah,to,1
m022931,c_elena,to,2
m022931,c_marcus,cc,3
m022932,c_maya,to,0
m022933,c_chris,to,0
m022933,c_noah,to,1
m022933,c_elena,to,2
m022933,c_marcus,cc,3
m022934,c_maya,to,0
m022935,c_chris,to,0
m022935,c_noah,to,1
m022935,c_elena,to,2
m022935,c_marcus,cc,3
m022936,c_maya,to,0
m022937,c_priya,to,0
m022937,c_quinn,cc,1
m022938,c_maya,to,0
m022939,c_priya,to,0
m022939,c_quinn,cc,1
m022940,c_maya,to,0
m022941,c_priya,to,0
m022941,c_quinn,cc,1
m022942,c_maya,to,0
m022943,c_priya,to,0
m022943,c_quinn,cc,1
m022944,c_maya,to,0
m022945,c_priya,to,0
m022945,c_quinn,cc,1
m022946,c_maya,to,0
m022947,c_priya,to,0
m022947,c_quinn,cc,1
m022948,c_maya,to,0
m022949,c_elena,to,0
m022949,c_taylor,to,1
m022949,c_lena,to,2
m022950,c_noah,to,0
m022951,c_elena,to,0
m022951,c_taylor,to,1
m022951,c_lena,to,2
m022952,c_noah,to,0
m022953,c_elena,to,0
m022953,c_taylor,to,1
m022953,c_lena,to,2
m022954,c_noah,to,0
m022955,c_elena,to,0
m022955,c_taylor,to,1
m022955,c_lena,to,2
m022956,c_noah,to,0
m022957,c_elena,to,0
m022957,c_taylor,to,1
m022957,c_lena,to,2
m022958,c_noah,to,0
m022959,c_elena,to,0
m022959,c_taylor,to,1
m022959,c_lena,to,2
m022960,c_noah,to,0
m022961,c_noah,to,0
m022961,c_taylor,to,1
m022961,c_chris,cc,2
m022962,c_elena,to,0
m022963,c_noah,to,0
m022963,c_taylor,to,1
m022963,c_chris,cc,2
m022964,c_elena,to,0
m022965,c_noah,to,0
m022965,c_taylor,to,1
m022965,c_chris,cc,2
m022966,c_elena,to,0
m022967,c_noah,to,0
m022967,c_taylor,to,1
m022967,c_chris,cc,2
m022968,c_elena,to,0
m022969,c_noah,to,0
m022970,c_taylor,to,0
m022971,c_noah,to,0
m022972,c_taylor,to,0
m022973,c_avery,to,0
m022973,c_devon,to,1
m022974,c_alex_chan,to,0
m022975,c_avery,to,0
m022975,c_devon,to,1
m022976,c_alex_chan,to,0
m022977,c_maya,to,0
m022978,c_alex_chen,to,0
m022979,c_quinn,to,0
m022980,c_priya,to,0
m022981,c_marcus,to,0
m022982,c_chris,to,0
m022983,c_marcus,to,0
m022984,c_chris,to,0
m022985,c_hana,to,0
m022986,c_sam,to,0
m022987,c_alex_chan,to,0
m022988,c_maya,to,0
m022989,c_alex_chan,to,0
m022990,c_maya,to,0
m022991,c_alex_chan,to,0
m022992,c_maya,to,0
m022993,c_alex_chan,to,0
m022994,c_maya,to,0
m022995,c_alex_chan,to,0
m022996,c_maya,to,0
m022997,c_alex_chan,to,0
m022998,c_maya,to,0
m022999,c_jamie_lee,to,0
m023000,c_maya,to,0
m023001,c_jamie_lee,to,0
m023002,c_maya,to,0
m023003,c_jamie_lee,to,0
m023004,c_maya,to,0
m023005,c_jamie_lee,to,0
m023006,c_maya,to,0
m023007,c_jamie_lee,to,0
m023008,c_maya,to,0
m023009,c_jamie_lee,to,0
m023010,c_maya,to,0
m023011,c_morgan_shaw,to,0
m023012,c_maya,to,0
m023013,c_morgan_shaw,to,0
m023014,c_maya,to,0
m023015,c_morgan_shaw,to,0
m023016,c_maya,to,0
m023017,c_morgan_shaw,to,0
m023018,c_maya,to,0
m023019,c_morgan_shaw,to,0
m023020,c_maya,to,0
m023021,c_morgan_shaw,to,0
m023022,c_maya,to,0
m023023,c_alex_chen,to,0
m023024,c_maya,to,0
m023025,c_alex_chen,to,0
m023026,c_maya,to,0
m023027,c_alex_chen,to,0
m023028,c_maya,to,0
m023029,c_alex_chen,to,0
m023030,c_maya,to,0
m023031,c_jamie_li,to,0
m023032,c_maya,to,0
m023033,c_jamie_li,to,0
m023034,c_maya,to,0
m023035,c_jamie_li,to,0
m023036,c_maya,to,0
m023037,c_jamie_li,to,0
m023038,c_maya,to,0
m023039,c_morgan_zhao,to,0
m023040,c_maya,to,0
m023041,c_morgan_zhao,to,0
m023042,c_maya,to,0
m023043,c_morgan_zhao,to,0
m023044,c_maya,to,0
m023045,c_morgan_zhao,to,0
m023046,c_maya,to,0
m023047,c_lee,to,0
m023048,c_maya,to,0
m023049,c_lee,to,0
m023050,c_maya,to,0
m023051,c_lee,to,0
m023052,c_maya,to,0
m023053,c_lee,to,0
m023054,c_maya,to,0
m023055,c_lee,to,0
m023056,c_maya,to,0
m023057,c_lee,to,0
m023058,c_maya,to,0
m023059,c_pat,to,0
m023060,c_maya,to,0
m023061,c_pat,to,0
m023062,c_maya,to,0
m023063,c_pat,to,0
m023064,c_maya,to,0
m023065,c_pat,to,0
m023066,c_maya,to,0
m023067,c_pat,to,0
m023068,c_maya,to,0
m023069,c_pat,to,0
m023070,c_maya,to,0
m023071,c_ren,to,0
m023072,c_maya,to,0
m023073,c_ren,to,0
m023074,c_maya,to,0
m023075,c_ren,to,0
m023076,c_maya,to,0
m023077,c_ren,to,0
m023078,c_maya,to,0
m023079,c_ren,to,0
m023080,c_maya,to,0
m023081,c_ren,to,0
m023082,c_maya,to,0
m023083,c_sam,to,0
m023084,c_maya,to,0
m023085,c_hana,to,0
m023086,c_maya,to,0
m023087,c_fac_001,to,0
m023088,c_maya,to,0
m023089,c_fac_002,to,0
m023090,c_maya,to,0
m023091,c_fac_003,to,0
m023092,c_maya,to,0
m023093,c_fac_004,to,0
m023094,c_maya,to,0
m023095,c_fac_005,to,0
m023096,c_maya,to,0
m023097,c_fac_006,to,0
m023098,c_maya,to,0
m023099,c_fac_007,to,0
m023100,c_maya,to,0
m023101,c_fac_008,to,0
m023102,c_maya,to,0
m023103,c_fac_009,to,0
m023104,c_maya,to,0
m023105,c_fac_010,to,0
m023106,c_maya,to,0
m023107,c_fac_011,to,0
m023108,c_maya,to,0
m023109,c_fac_012,to,0
m023110,c_maya,to,0
m023111,c_fac_013,to,0
m023112,c_maya,to,0
m023113,c_fac_014,to,0
m023114,c_maya,to,0
m023115,c_fac_015,to,0
m023116,c_maya,to,0
m023117,c_fac_016,to,0
m023118,c_maya,to,0
m023119,c_fac_017,to,0
m023120,c_maya,to,0
m023121,c_noah,to,0
m023121,c_elena,to,1
m023121,c_taylor,to,2
m023121,c_chris,cc,3
m023122,c_maya,to,0
m023123,c_noah,to,0
m023123,c_elena,to,1
m023123,c_taylor,to,2
m023123,c_chris,cc,3
m023124,c_maya,to,0
m023125,c_noah,to,0
m023125,c_elena,to,1
m023125,c_taylor,to,2
m023125,c_chris,cc,3
m023126,c_maya,to,0
m023127,c_noah,to,0
m023127,c_elena,to,1
m023127,c_taylor,to,2
m023127,c_chris,cc,3
m023128,c_maya,to,0
m023129,c_noah,to,0
m023129,c_elena,to,1
m023129,c_taylor,to,2
m023129,c_chris,cc,3
m023130,c_maya,to,0
m023131,c_noah,to,0
m023131,c_elena,to,1
m023131,c_taylor,to,2
m023131,c_chris,cc,3
m023132,c_maya,to,0
m023133,c_noah,to,0
m023133,c_elena,to,1
m023133,c_taylor,to,2
m023133,c_chris,cc,3
m023134,c_maya,to,0
m023135,c_noah,to,0
m023135,c_elena,to,1
m023135,c_taylor,to,2
m023135,c_chris,cc,3
m023136,c_maya,to,0
m023137,c_noah,to,0
m023137,c_elena,to,1
m023137,c_taylor,to,2
m023137,c_chris,cc,3
m023138,c_maya,to,0
m023139,c_noah,to,0
m023139,c_elena,to,1
m023139,c_taylor,to,2
m023139,c_chris,cc,3
m023140,c_maya,to,0
m023141,c_noah,to,0
m023141,c_elena,to,1
m023141,c_taylor,to,2
m023141,c_chris,cc,3
m023142,c_maya,to,0
m023143,c_noah,to,0
m023143,c_elena,to,1
m023143,c_taylor,to,2
m023143,c_chris,cc,3
m023144,c_maya,to,0
m023145,c_noah,to,0
m023145,c_elena,to,1
m023145,c_taylor,to,2
m023145,c_chris,cc,3
m023146,c_maya,to,0
m023147,c_noah,to,0
m023147,c_elena,to,1
m023147,c_taylor,to,2
m023147,c_chris,cc,3
m023148,c_maya,to,0
m023149,c_noah,to,0
m023149,c_elena,to,1
m023149,c_taylor,to,2
m023149,c_chris,cc,3
m023150,c_maya,to,0
m023151,c_noah,to,0
m023151,c_elena,to,1
m023151,c_taylor,to,2
m023151,c_chris,cc,3
m023152,c_maya,to,0
m023153,c_noah,to,0
m023153,c_elena,to,1
m023153,c_taylor,to,2
m023153,c_chris,cc,3
m023154,c_maya,to,0
m023155,c_noah,to,0
m023155,c_elena,to,1
m023155,c_taylor,to,2
m023155,c_chris,cc,3
m023156,c_maya,to,0
m023157,c_noah,to,0
m023157,c_elena,to,1
m023157,c_taylor,to,2
m023157,c_chris,cc,3
m023158,c_maya,to,0
m023159,c_noah,to,0
m023159,c_elena,to,1
m023159,c_taylor,to,2
m023159,c_chris,cc,3
m023160,c_maya,to,0
m023161,c_noah,to,0
m023161,c_elena,to,1
m023161,c_taylor,to,2
m023161,c_chris,cc,3
m023162,c_maya,to,0
m023163,c_noah,to,0
m023163,c_elena,to,1
m023163,c_taylor,to,2
m023163,c_chris,cc,3
m023164,c_maya,to,0
m023165,c_noah,to,0
m023165,c_elena,to,1
m023165,c_taylor,to,2
m023165,c_chris,cc,3
m023166,c_maya,to,0
m023167,c_noah,to,0
m023167,c_elena,to,1
m023167,c_taylor,to,2
m023167,c_chris,cc,3
m023168,c_maya,to,0
m023169,c_noah,to,0
m023169,c_elena,to,1
m023169,c_taylor,to,2
m023169,c_chris,cc,3
m023170,c_maya,to,0
m023171,c_noah,to,0
m023171,c_elena,to,1
m023171,c_taylor,to,2
m023171,c_chris,cc,3
m023172,c_maya,to,0
m023173,c_noah,to,0
m023173,c_elena,to,1
m023173,c_taylor,to,2
m023173,c_chris,cc,3
m023174,c_maya,to,0
m023175,c_noah,to,0
m023175,c_elena,to,1
m023175,c_taylor,to,2
m023175,c_chris,cc,3
m023176,c_maya,to,0
m023177,c_noah,to,0
m023177,c_elena,to,1
m023177,c_taylor,to,2
m023177,c_chris,cc,3
m023178,c_maya,to,0
m023179,c_noah,to,0
m023179,c_elena,to,1
m023179,c_taylor,to,2
m023179,c_chris,cc,3
m023180,c_maya,to,0
m023181,c_noah,to,0
m023181,c_elena,to,1
m023181,c_taylor,to,2
m023181,c_chris,cc,3
m023182,c_maya,to,0
m023183,c_noah,to,0
m023183,c_elena,to,1
m023183,c_taylor,to,2
m023183,c_chris,cc,3
m023184,c_maya,to,0
m023185,c_noah,to,0
m023185,c_elena,to,1
m023185,c_taylor,to,2
m023185,c_chris,cc,3
m023186,c_maya,to,0
m023187,c_noah,to,0
m023187,c_elena,to,1
m023187,c_taylor,to,2
m023187,c_chris,cc,3
m023188,c_maya,to,0
m023189,c_noah,to,0
m023189,c_elena,to,1
m023189,c_taylor,to,2
m023189,c_chris,cc,3
m023190,c_maya,to,0
m023191,c_noah,to,0
m023191,c_elena,to,1
m023191,c_taylor,to,2
m023191,c_chris,cc,3
m023192,c_maya,to,0
m023193,c_noah,to,0
m023193,c_elena,to,1
m023193,c_taylor,to,2
m023193,c_chris,cc,3
m023194,c_maya,to,0
m023195,c_noah,to,0
m023195,c_elena,to,1
m023195,c_taylor,to,2
m023195,c_chris,cc,3
m023196,c_maya,to,0
m023197,c_noah,to,0
m023197,c_elena,to,1
m023197,c_taylor,to,2
m023197,c_chris,cc,3
m023198,c_maya,to,0
m023199,c_noah,to,0
m023199,c_elena,to,1
m023199,c_taylor,to,2
m023199,c_chris,cc,3
m023200,c_maya,to,0
m023201,c_chris,to,0
m023201,c_noah,to,1
m023201,c_elena,to,2
m023201,c_marcus,cc,3
m023202,c_maya,to,0
m023203,c_chris,to,0
m023203,c_noah,to,1
m023203,c_elena,to,2
m023203,c_marcus,cc,3
m023204,c_maya,to,0
m023205,c_chris,to,0
m023205,c_noah,to,1
m023205,c_elena,to,2
m023205,c_marcus,cc,3
m023206,c_maya,to,0
m023207,c_chris,to,0
m023207,c_noah,to,1
m023207,c_elena,to,2
m023207,c_marcus,cc,3
m023208,c_maya,to,0
m023209,c_priya,to,0
m023209,c_quinn,cc,1
m023210,c_maya,to,0
m023211,c_priya,to,0
m023211,c_quinn,cc,1
m023212,c_maya,to,0
m023213,c_priya,to,0
m023213,c_quinn,cc,1
m023214,c_maya,to,0
m023215,c_priya,to,0
m023215,c_quinn,cc,1
m023216,c_maya,to,0
m023217,c_priya,to,0
m023217,c_quinn,cc,1
m023218,c_maya,to,0
m023219,c_priya,to,0
m023219,c_quinn,cc,1
m023220,c_maya,to,0
m023221,c_elena,to,0
m023221,c_taylor,to,1
m023221,c_lena,to,2
m023222,c_noah,to,0
m023223,c_elena,to,0
m023223,c_taylor,to,1
m023223,c_lena,to,2
m023224,c_noah,to,0
m023225,c_elena,to,0
m023225,c_taylor,to,1
m023225,c_lena,to,2
m023226,c_noah,to,0
m023227,c_elena,to,0
m023227,c_taylor,to,1
m023227,c_lena,to,2
m023228,c_noah,to,0
m023229,c_elena,to,0
m023229,c_taylor,to,1
m023229,c_lena,to,2
m023230,c_noah,to,0
m023231,c_elena,to,0
m023231,c_taylor,to,1
m023231,c_lena,to,2
m023232,c_noah,to,0
m023233,c_noah,to,0
m023233,c_taylor,to,1
m023233,c_chris,cc,2
m023234,c_elena,to,0
m023235,c_noah,to,0
m023235,c_taylor,to,1
m023235,c_chris,cc,2
m023236,c_elena,to,0
m023237,c_noah,to,0
m023237,c_taylor,to,1
m023237,c_chris,cc,2
m023238,c_elena,to,0
m023239,c_noah,to,0
m023239,c_taylor,to,1
m023239,c_chris,cc,2
m023240,c_elena,to,0
m023241,c_noah,to,0
m023242,c_taylor,to,0
m023243,c_noah,to,0
m023244,c_taylor,to,0
m023245,c_avery,to,0
m023245,c_devon,to,1
m023246,c_alex_chan,to,0
m023247,c_avery,to,0
m023247,c_devon,to,1
m023248,c_alex_chan,to,0
m023249,c_maya,to,0
m023250,c_alex_chen,to,0
m023251,c_quinn,to,0
m023252,c_priya,to,0
m023253,c_marcus,to,0
m023254,c_chris,to,0
m023255,c_marcus,to,0
m023256,c_chris,to,0
m023257,c_hana,to,0
m023258,c_sam,to,0
m023259,c_alex_chan,to,0
m023260,c_maya,to,0
m023261,c_alex_chan,to,0
m023262,c_maya,to,0
m023263,c_alex_chan,to,0
m023264,c_maya,to,0
m023265,c_alex_chan,to,0
m023266,c_maya,to,0
m023267,c_alex_chan,to,0
m023268,c_maya,to,0
m023269,c_alex_chan,to,0
m023270,c_maya,to,0
m023271,c_jamie_lee,to,0
m023272,c_maya,to,0
m023273,c_jamie_lee,to,0
m023274,c_maya,to,0
m023275,c_jamie_lee,to,0
m023276,c_maya,to,0
m023277,c_jamie_lee,to,0
m023278,c_maya,to,0
m023279,c_jamie_lee,to,0
m023280,c_maya,to,0
m023281,c_jamie_lee,to,0
m023282,c_maya,to,0
m023283,c_morgan_shaw,to,0
m023284,c_maya,to,0
m023285,c_morgan_shaw,to,0
m023286,c_maya,to,0
m023287,c_morgan_shaw,to,0
m023288,c_maya,to,0
m023289,c_morgan_shaw,to,0
m023290,c_maya,to,0
m023291,c_morgan_shaw,to,0
m023292,c_maya,to,0
m023293,c_morgan_shaw,to,0
m023294,c_maya,to,0
m023295,c_alex_chen,to,0
m023296,c_maya,to,0
m023297,c_alex_chen,to,0
m023298,c_maya,to,0
m023299,c_alex_chen,to,0
m023300,c_maya,to,0
m023301,c_alex_chen,to,0
m023302,c_maya,to,0
m023303,c_jamie_li,to,0
m023304,c_maya,to,0
m023305,c_jamie_li,to,0
m023306,c_maya,to,0
m023307,c_jamie_li,to,0
m023308,c_maya,to,0
m023309,c_jamie_li,to,0
m023310,c_maya,to,0
m023311,c_morgan_zhao,to,0
m023312,c_maya,to,0
m023313,c_morgan_zhao,to,0
m023314,c_maya,to,0
m023315,c_morgan_zhao,to,0
m023316,c_maya,to,0
m023317,c_morgan_zhao,to,0
m023318,c_maya,to,0
m023319,c_lee,to,0
m023320,c_maya,to,0
m023321,c_lee,to,0
m023322,c_maya,to,0
m023323,c_lee,to,0
m023324,c_maya,to,0
m023325,c_lee,to,0
m023326,c_maya,to,0
m023327,c_lee,to,0
m023328,c_maya,to,0
m023329,c_lee,to,0
m023330,c_maya,to,0
m023331,c_pat,to,0
m023332,c_maya,to,0
m023333,c_pat,to,0
m023334,c_maya,to,0
m023335,c_pat,to,0
m023336,c_maya,to,0
m023337,c_pat,to,0
m023338,c_maya,to,0
m023339,c_pat,to,0
m023340,c_maya,to,0
m023341,c_pat,to,0
m023342,c_maya,to,0
m023343,c_ren,to,0
m023344,c_maya,to,0
m023345,c_ren,to,0
m023346,c_maya,to,0
m023347,c_ren,to,0
m023348,c_maya,to,0
m023349,c_ren,to,0
m023350,c_maya,to,0
m023351,c_ren,to,0
m023352,c_maya,to,0
m023353,c_ren,to,0
m023354,c_maya,to,0
m023355,c_sam,to,0
m023356,c_maya,to,0
m023357,c_hana,to,0
m023358,c_maya,to,0
m023359,c_fac_001,to,0
m023360,c_maya,to,0
m023361,c_fac_002,to,0
m023362,c_maya,to,0
m023363,c_fac_003,to,0
m023364,c_maya,to,0
m023365,c_fac_004,to,0
m023366,c_maya,to,0
m023367,c_fac_005,to,0
m023368,c_maya,to,0
m023369,c_fac_006,to,0
m023370,c_maya,to,0
m023371,c_fac_007,to,0
m023372,c_maya,to,0
m023373,c_fac_008,to,0
m023374,c_maya,to,0
m023375,c_fac_009,to,0
m023376,c_maya,to,0
m023377,c_fac_010,to,0
m023378,c_maya,to,0
m023379,c_fac_011,to,0
m023380,c_maya,to,0
m023381,c_fac_012,to,0
m023382,c_maya,to,0
m023383,c_fac_013,to,0
m023384,c_maya,to,0
m023385,c_fac_014,to,0
m023386,c_maya,to,0
m023387,c_fac_015,to,0
m023388,c_maya,to,0
m023389,c_fac_016,to,0
m023390,c_maya,to,0
m023391,c_fac_017,to,0
m023392,c_maya,to,0
m023393,c_noah,to,0
m023393,c_elena,to,1
m023393,c_taylor,to,2
m023393,c_chris,cc,3
m023394,c_maya,to,0
m023395,c_noah,to,0
m023395,c_elena,to,1
m023395,c_taylor,to,2
m023395,c_chris,cc,3
m023396,c_maya,to,0
m023397,c_noah,to,0
m023397,c_elena,to,1
m023397,c_taylor,to,2
m023397,c_chris,cc,3
m023398,c_maya,to,0
m023399,c_noah,to,0
m023399,c_elena,to,1
m023399,c_taylor,to,2
m023399,c_chris,cc,3
m023400,c_maya,to,0
m023401,c_noah,to,0
m023401,c_elena,to,1
m023401,c_taylor,to,2
m023401,c_chris,cc,3
m023402,c_maya,to,0
m023403,c_noah,to,0
m023403,c_elena,to,1
m023403,c_taylor,to,2
m023403,c_chris,cc,3
m023404,c_maya,to,0
m023405,c_noah,to,0
m023405,c_elena,to,1
m023405,c_taylor,to,2
m023405,c_chris,cc,3
m023406,c_maya,to,0
m023407,c_noah,to,0
m023407,c_elena,to,1
m023407,c_taylor,to,2
m023407,c_chris,cc,3
m023408,c_maya,to,0
m023409,c_noah,to,0
m023409,c_elena,to,1
m023409,c_taylor,to,2
m023409,c_chris,cc,3
m023410,c_maya,to,0
m023411,c_noah,to,0
m023411,c_elena,to,1
m023411,c_taylor,to,2
m023411,c_chris,cc,3
m023412,c_maya,to,0
m023413,c_noah,to,0
m023413,c_elena,to,1
m023413,c_taylor,to,2
m023413,c_chris,cc,3
m023414,c_maya,to,0
m023415,c_noah,to,0
m023415,c_elena,to,1
m023415,c_taylor,to,2
m023415,c_chris,cc,3
m023416,c_maya,to,0
m023417,c_noah,to,0
m023417,c_elena,to,1
m023417,c_taylor,to,2
m023417,c_chris,cc,3
m023418,c_maya,to,0
m023419,c_noah,to,0
m023419,c_elena,to,1
m023419,c_taylor,to,2
m023419,c_chris,cc,3
m023420,c_maya,to,0
m023421,c_noah,to,0
m023421,c_elena,to,1
m023421,c_taylor,to,2
m023421,c_chris,cc,3
m023422,c_maya,to,0
m023423,c_noah,to,0
m023423,c_elena,to,1
m023423,c_taylor,to,2
m023423,c_chris,cc,3
m023424,c_maya,to,0
m023425,c_noah,to,0
m023425,c_elena,to,1
m023425,c_taylor,to,2
m023425,c_chris,cc,3
m023426,c_maya,to,0
m023427,c_noah,to,0
m023427,c_elena,to,1
m023427,c_taylor,to,2
m023427,c_chris,cc,3
m023428,c_maya,to,0
m023429,c_noah,to,0
m023429,c_elena,to,1
m023429,c_taylor,to,2
m023429,c_chris,cc,3
m023430,c_maya,to,0
m023431,c_noah,to,0
m023431,c_elena,to,1
m023431,c_taylor,to,2
m023431,c_chris,cc,3
m023432,c_maya,to,0
m023433,c_noah,to,0
m023433,c_elena,to,1
m023433,c_taylor,to,2
m023433,c_chris,cc,3
m023434,c_maya,to,0
m023435,c_noah,to,0
m023435,c_elena,to,1
m023435,c_taylor,to,2
m023435,c_chris,cc,3
m023436,c_maya,to,0
m023437,c_noah,to,0
m023437,c_elena,to,1
m023437,c_taylor,to,2
m023437,c_chris,cc,3
m023438,c_maya,to,0
m023439,c_noah,to,0
m023439,c_elena,to,1
m023439,c_taylor,to,2
m023439,c_chris,cc,3
m023440,c_maya,to,0
m023441,c_noah,to,0
m023441,c_elena,to,1
m023441,c_taylor,to,2
m023441,c_chris,cc,3
m023442,c_maya,to,0
m023443,c_noah,to,0
m023443,c_elena,to,1
m023443,c_taylor,to,2
m023443,c_chris,cc,3
m023444,c_maya,to,0
m023445,c_noah,to,0
m023445,c_elena,to,1
m023445,c_taylor,to,2
m023445,c_chris,cc,3
m023446,c_maya,to,0
m023447,c_noah,to,0
m023447,c_elena,to,1
m023447,c_taylor,to,2
m023447,c_chris,cc,3
m023448,c_maya,to,0
m023449,c_noah,to,0
m023449,c_elena,to,1
m023449,c_taylor,to,2
m023449,c_chris,cc,3
m023450,c_maya,to,0
m023451,c_noah,to,0
m023451,c_elena,to,1
m023451,c_taylor,to,2
m023451,c_chris,cc,3
m023452,c_maya,to,0
m023453,c_noah,to,0
m023453,c_elena,to,1
m023453,c_taylor,to,2
m023453,c_chris,cc,3
m023454,c_maya,to,0
m023455,c_noah,to,0
m023455,c_elena,to,1
m023455,c_taylor,to,2
m023455,c_chris,cc,3
m023456,c_maya,to,0
m023457,c_noah,to,0
m023457,c_elena,to,1
m023457,c_taylor,to,2
m023457,c_chris,cc,3
m023458,c_maya,to,0
m023459,c_noah,to,0
m023459,c_elena,to,1
m023459,c_taylor,to,2
m023459,c_chris,cc,3
m023460,c_maya,to,0
m023461,c_noah,to,0
m023461,c_elena,to,1
m023461,c_taylor,to,2
m023461,c_chris,cc,3
m023462,c_maya,to,0
m023463,c_noah,to,0
m023463,c_elena,to,1
m023463,c_taylor,to,2
m023463,c_chris,cc,3
m023464,c_maya,to,0
m023465,c_noah,to,0
m023465,c_elena,to,1
m023465,c_taylor,to,2
m023465,c_chris,cc,3
m023466,c_maya,to,0
m023467,c_noah,to,0
m023467,c_elena,to,1
m023467,c_taylor,to,2
m023467,c_chris,cc,3
m023468,c_maya,to,0
m023469,c_noah,to,0
m023469,c_elena,to,1
m023469,c_taylor,to,2
m023469,c_chris,cc,3
m023470,c_maya,to,0
m023471,c_noah,to,0
m023471,c_elena,to,1
m023471,c_taylor,to,2
m023471,c_chris,cc,3
m023472,c_maya,to,0
m023473,c_chris,to,0
m023473,c_noah,to,1
m023473,c_elena,to,2
m023473,c_marcus,cc,3
m023474,c_maya,to,0
m023475,c_chris,to,0
m023475,c_noah,to,1
m023475,c_elena,to,2
m023475,c_marcus,cc,3
m023476,c_maya,to,0
m023477,c_chris,to,0
m023477,c_noah,to,1
m023477,c_elena,to,2
m023477,c_marcus,cc,3
m023478,c_maya,to,0
m023479,c_chris,to,0
m023479,c_noah,to,1
m023479,c_elena,to,2
m023479,c_marcus,cc,3
m023480,c_maya,to,0
m023481,c_priya,to,0
m023481,c_quinn,cc,1
m023482,c_maya,to,0
m023483,c_priya,to,0
m023483,c_quinn,cc,1
m023484,c_maya,to,0
m023485,c_priya,to,0
m023485,c_quinn,cc,1
m023486,c_maya,to,0
m023487,c_priya,to,0
m023487,c_quinn,cc,1
m023488,c_maya,to,0
m023489,c_priya,to,0
m023489,c_quinn,cc,1
m023490,c_maya,to,0
m023491,c_priya,to,0
m023491,c_quinn,cc,1
m023492,c_maya,to,0
m023493,c_elena,to,0
m023493,c_taylor,to,1
m023493,c_lena,to,2
m023494,c_noah,to,0
m023495,c_elena,to,0
m023495,c_taylor,to,1
m023495,c_lena,to,2
m023496,c_noah,to,0
m023497,c_elena,to,0
m023497,c_taylor,to,1
m023497,c_lena,to,2
m023498,c_noah,to,0
m023499,c_elena,to,0
m023499,c_taylor,to,1
m023499,c_lena,to,2
m023500,c_noah,to,0
m023501,c_elena,to,0
m023501,c_taylor,to,1
m023501,c_lena,to,2
m023502,c_noah,to,0
m023503,c_elena,to,0
m023503,c_taylor,to,1
m023503,c_lena,to,2
m023504,c_noah,to,0
m023505,c_noah,to,0
m023505,c_taylor,to,1
m023505,c_chris,cc,2
m023506,c_elena,to,0
m023507,c_noah,to,0
m023507,c_taylor,to,1
m023507,c_chris,cc,2
m023508,c_elena,to,0
m023509,c_noah,to,0
m023509,c_taylor,to,1
m023509,c_chris,cc,2
m023510,c_elena,to,0
m023511,c_noah,to,0
m023511,c_taylor,to,1
m023511,c_chris,cc,2
m023512,c_elena,to,0
m023513,c_noah,to,0
m023514,c_taylor,to,0
m023515,c_noah,to,0
m023516,c_taylor,to,0
m023517,c_avery,to,0
m023517,c_devon,to,1
m023518,c_alex_chan,to,0
m023519,c_avery,to,0
m023519,c_devon,to,1
m023520,c_alex_chan,to,0
m023521,c_maya,to,0
m023522,c_alex_chen,to,0
m023523,c_quinn,to,0
m023524,c_priya,to,0
m023525,c_marcus,to,0
m023526,c_chris,to,0
m023527,c_marcus,to,0
m023528,c_chris,to,0
m023529,c_hana,to,0
m023530,c_sam,to,0
m023531,c_alex_chan,to,0
m023532,c_maya,to,0
m023533,c_alex_chan,to,0
m023534,c_maya,to,0
m023535,c_alex_chan,to,0
m023536,c_maya,to,0
m023537,c_alex_chan,to,0
m023538,c_maya,to,0
m023539,c_alex_chan,to,0
m023540,c_maya,to,0
m023541,c_alex_chan,to,0
m023542,c_maya,to,0
m023543,c_jamie_lee,to,0
m023544,c_maya,to,0
m023545,c_jamie_lee,to,0
m023546,c_maya,to,0
m023547,c_jamie_lee,to,0
m023548,c_maya,to,0
m023549,c_jamie_lee,to,0
m023550,c_maya,to,0
m023551,c_jamie_lee,to,0
m023552,c_maya,to,0
m023553,c_jamie_lee,to,0
m023554,c_maya,to,0
m023555,c_morgan_shaw,to,0
m023556,c_maya,to,0
m023557,c_morgan_shaw,to,0
m023558,c_maya,to,0
m023559,c_morgan_shaw,to,0
m023560,c_maya,to,0
m023561,c_morgan_shaw,to,0
m023562,c_maya,to,0
m023563,c_morgan_shaw,to,0
m023564,c_maya,to,0
m023565,c_morgan_shaw,to,0
m023566,c_maya,to,0
m023567,c_alex_chen,to,0
m023568,c_maya,to,0
m023569,c_alex_chen,to,0
m023570,c_maya,to,0
m023571,c_alex_chen,to,0
m023572,c_maya,to,0
m023573,c_alex_chen,to,0
m023574,c_maya,to,0
m023575,c_jamie_li,to,0
m023576,c_maya,to,0
m023577,c_jamie_li,to,0
m023578,c_maya,to,0
m023579,c_jamie_li,to,0
m023580,c_maya,to,0
m023581,c_jamie_li,to,0
m023582,c_maya,to,0
m023583,c_morgan_zhao,to,0
m023584,c_maya,to,0
m023585,c_morgan_zhao,to,0
m023586,c_maya,to,0
m023587,c_morgan_zhao,to,0
m023588,c_maya,to,0
m023589,c_morgan_zhao,to,0
m023590,c_maya,to,0
m023591,c_lee,to,0
m023592,c_maya,to,0
m023593,c_lee,to,0
m023594,c_maya,to,0
m023595,c_lee,to,0
m023596,c_maya,to,0
m023597,c_lee,to,0
m023598,c_maya,to,0
m023599,c_lee,to,0
m023600,c_maya,to,0
m023601,c_lee,to,0
m023602,c_maya,to,0
m023603,c_pat,to,0
m023604,c_maya,to,0
m023605,c_pat,to,0
m023606,c_maya,to,0
m023607,c_pat,to,0
m023608,c_maya,to,0
m023609,c_pat,to,0
m023610,c_maya,to,0
m023611,c_pat,to,0
m023612,c_maya,to,0
m023613,c_pat,to,0
m023614,c_maya,to,0
m023615,c_ren,to,0
m023616,c_maya,to,0
m023617,c_ren,to,0
m023618,c_maya,to,0
m023619,c_ren,to,0
m023620,c_maya,to,0
m023621,c_ren,to,0
m023622,c_maya,to,0
m023623,c_ren,to,0
m023624,c_maya,to,0
m023625,c_ren,to,0
m023626,c_maya,to,0
m023627,c_sam,to,0
m023628,c_maya,to,0
m023629,c_hana,to,0
m023630,c_maya,to,0
m023631,c_fac_001,to,0
m023632,c_maya,to,0
m023633,c_fac_002,to,0
m023634,c_maya,to,0
m023635,c_fac_003,to,0
m023636,c_maya,to,0
m023637,c_fac_004,to,0
m023638,c_maya,to,0
m023639,c_fac_005,to,0
m023640,c_maya,to,0
m023641,c_fac_006,to,0
m023642,c_maya,to,0
m023643,c_fac_007,to,0
m023644,c_maya,to,0
m023645,c_fac_008,to,0
m023646,c_maya,to,0
m023647,c_fac_009,to,0
m023648,c_maya,to,0
m023649,c_fac_010,to,0
m023650,c_maya,to,0
m023651,c_fac_011,to,0
m023652,c_maya,to,0
m023653,c_fac_012,to,0
m023654,c_maya,to,0
m023655,c_fac_013,to,0
m023656,c_maya,to,0
m023657,c_fac_014,to,0
m023658,c_maya,to,0
m023659,c_fac_015,to,0
m023660,c_maya,to,0
m023661,c_fac_016,to,0
m023662,c_maya,to,0
m023663,c_fac_017,to,0
m023664,c_maya,to,0
m023665,c_noah,to,0
m023665,c_elena,to,1
m023665,c_taylor,to,2
m023665,c_chris,cc,3
m023666,c_maya,to,0
m023667,c_noah,to,0
m023667,c_elena,to,1
m023667,c_taylor,to,2
m023667,c_chris,cc,3
m023668,c_maya,to,0
m023669,c_noah,to,0
m023669,c_elena,to,1
m023669,c_taylor,to,2
m023669,c_chris,cc,3
m023670,c_maya,to,0
m023671,c_noah,to,0
m023671,c_elena,to,1
m023671,c_taylor,to,2
m023671,c_chris,cc,3
m023672,c_maya,to,0
m023673,c_noah,to,0
m023673,c_elena,to,1
m023673,c_taylor,to,2
m023673,c_chris,cc,3
m023674,c_maya,to,0
m023675,c_noah,to,0
m023675,c_elena,to,1
m023675,c_taylor,to,2
m023675,c_chris,cc,3
m023676,c_maya,to,0
m023677,c_noah,to,0
m023677,c_elena,to,1
m023677,c_taylor,to,2
m023677,c_chris,cc,3
m023678,c_maya,to,0
m023679,c_noah,to,0
m023679,c_elena,to,1
m023679,c_taylor,to,2
m023679,c_chris,cc,3
m023680,c_maya,to,0
m023681,c_noah,to,0
m023681,c_elena,to,1
m023681,c_taylor,to,2
m023681,c_chris,cc,3
m023682,c_maya,to,0
m023683,c_noah,to,0
m023683,c_elena,to,1
m023683,c_taylor,to,2
m023683,c_chris,cc,3
m023684,c_maya,to,0
m023685,c_noah,to,0
m023685,c_elena,to,1
m023685,c_taylor,to,2
m023685,c_chris,cc,3
m023686,c_maya,to,0
m023687,c_noah,to,0
m023687,c_elena,to,1
m023687,c_taylor,to,2
m023687,c_chris,cc,3
m023688,c_maya,to,0
m023689,c_noah,to,0
m023689,c_elena,to,1
m023689,c_taylor,to,2
m023689,c_chris,cc,3
m023690,c_maya,to,0
m023691,c_noah,to,0
m023691,c_elena,to,1
m023691,c_taylor,to,2
m023691,c_chris,cc,3
m023692,c_maya,to,0
m023693,c_noah,to,0
m023693,c_elena,to,1
m023693,c_taylor,to,2
m023693,c_chris,cc,3
m023694,c_maya,to,0
m023695,c_noah,to,0
m023695,c_elena,to,1
m023695,c_taylor,to,2
m023695,c_chris,cc,3
m023696,c_maya,to,0
m023697,c_noah,to,0
m023697,c_elena,to,1
m023697,c_taylor,to,2
m023697,c_chris,cc,3
m023698,c_maya,to,0
m023699,c_noah,to,0
m023699,c_elena,to,1
m023699,c_taylor,to,2
m023699,c_chris,cc,3
m023700,c_maya,to,0
m023701,c_noah,to,0
m023701,c_elena,to,1
m023701,c_taylor,to,2
m023701,c_chris,cc,3
m023702,c_maya,to,0
m023703,c_noah,to,0
m023703,c_elena,to,1
m023703,c_taylor,to,2
m023703,c_chris,cc,3
m023704,c_maya,to,0
m023705,c_noah,to,0
m023705,c_elena,to,1
m023705,c_taylor,to,2
m023705,c_chris,cc,3
m023706,c_maya,to,0
m023707,c_noah,to,0
m023707,c_elena,to,1
m023707,c_taylor,to,2
m023707,c_chris,cc,3
m023708,c_maya,to,0
m023709,c_noah,to,0
m023709,c_elena,to,1
m023709,c_taylor,to,2
m023709,c_chris,cc,3
m023710,c_maya,to,0
m023711,c_noah,to,0
m023711,c_elena,to,1
m023711,c_taylor,to,2
m023711,c_chris,cc,3
m023712,c_maya,to,0
m023713,c_noah,to,0
m023713,c_elena,to,1
m023713,c_taylor,to,2
m023713,c_chris,cc,3
m023714,c_maya,to,0
m023715,c_noah,to,0
m023715,c_elena,to,1
m023715,c_taylor,to,2
m023715,c_chris,cc,3
m023716,c_maya,to,0
m023717,c_noah,to,0
m023717,c_elena,to,1
m023717,c_taylor,to,2
m023717,c_chris,cc,3
m023718,c_maya,to,0
m023719,c_noah,to,0
m023719,c_elena,to,1
m023719,c_taylor,to,2
m023719,c_chris,cc,3
m023720,c_maya,to,0
m023721,c_noah,to,0
m023721,c_elena,to,1
m023721,c_taylor,to,2
m023721,c_chris,cc,3
m023722,c_maya,to,0
m023723,c_noah,to,0
m023723,c_elena,to,1
m023723,c_taylor,to,2
m023723,c_chris,cc,3
m023724,c_maya,to,0
m023725,c_noah,to,0
m023725,c_elena,to,1
m023725,c_taylor,to,2
m023725,c_chris,cc,3
m023726,c_maya,to,0
m023727,c_noah,to,0
m023727,c_elena,to,1
m023727,c_taylor,to,2
m023727,c_chris,cc,3
m023728,c_maya,to,0
m023729,c_noah,to,0
m023729,c_elena,to,1
m023729,c_taylor,to,2
m023729,c_chris,cc,3
m023730,c_maya,to,0
m023731,c_noah,to,0
m023731,c_elena,to,1
m023731,c_taylor,to,2
m023731,c_chris,cc,3
m023732,c_maya,to,0
m023733,c_noah,to,0
m023733,c_elena,to,1
m023733,c_taylor,to,2
m023733,c_chris,cc,3
m023734,c_maya,to,0
m023735,c_noah,to,0
m023735,c_elena,to,1
m023735,c_taylor,to,2
m023735,c_chris,cc,3
m023736,c_maya,to,0
m023737,c_noah,to,0
m023737,c_elena,to,1
m023737,c_taylor,to,2
m023737,c_chris,cc,3
m023738,c_maya,to,0
m023739,c_noah,to,0
m023739,c_elena,to,1
m023739,c_taylor,to,2
m023739,c_chris,cc,3
m023740,c_maya,to,0
m023741,c_noah,to,0
m023741,c_elena,to,1
m023741,c_taylor,to,2
m023741,c_chris,cc,3
m023742,c_maya,to,0
m023743,c_noah,to,0
m023743,c_elena,to,1
m023743,c_taylor,to,2
m023743,c_chris,cc,3
m023744,c_maya,to,0
m023745,c_chris,to,0
m023745,c_noah,to,1
m023745,c_elena,to,2
m023745,c_marcus,cc,3
m023746,c_maya,to,0
m023747,c_chris,to,0
m023747,c_noah,to,1
m023747,c_elena,to,2
m023747,c_marcus,cc,3
m023748,c_maya,to,0
m023749,c_chris,to,0
m023749,c_noah,to,1
m023749,c_elena,to,2
m023749,c_marcus,cc,3
m023750,c_maya,to,0
m023751,c_chris,to,0
m023751,c_noah,to,1
m023751,c_elena,to,2
m023751,c_marcus,cc,3
m023752,c_maya,to,0
m023753,c_priya,to,0
m023753,c_quinn,cc,1
m023754,c_maya,to,0
m023755,c_priya,to,0
m023755,c_quinn,cc,1
m023756,c_maya,to,0
m023757,c_priya,to,0
m023757,c_quinn,cc,1
m023758,c_maya,to,0
m023759,c_priya,to,0
m023759,c_quinn,cc,1
m023760,c_maya,to,0
m023761,c_priya,to,0
m023761,c_quinn,cc,1
m023762,c_maya,to,0
m023763,c_priya,to,0
m023763,c_quinn,cc,1
m023764,c_maya,to,0
m023765,c_elena,to,0
m023765,c_taylor,to,1
m023765,c_lena,to,2
m023766,c_noah,to,0
m023767,c_elena,to,0
m023767,c_taylor,to,1
m023767,c_lena,to,2
m023768,c_noah,to,0
m023769,c_elena,to,0
m023769,c_taylor,to,1
m023769,c_lena,to,2
m023770,c_noah,to,0
m023771,c_elena,to,0
m023771,c_taylor,to,1
m023771,c_lena,to,2
m023772,c_noah,to,0
m023773,c_elena,to,0
m023773,c_taylor,to,1
m023773,c_lena,to,2
m023774,c_noah,to,0
m023775,c_elena,to,0
m023775,c_taylor,to,1
m023775,c_lena,to,2
m023776,c_noah,to,0
m023777,c_noah,to,0
m023777,c_taylor,to,1
m023777,c_chris,cc,2
m023778,c_elena,to,0
m023779,c_noah,to,0
m023779,c_taylor,to,1
m023779,c_chris,cc,2
m023780,c_elena,to,0
m023781,c_noah,to,0
m023781,c_taylor,to,1
m023781,c_chris,cc,2
m023782,c_elena,to,0
m023783,c_noah,to,0
m023783,c_taylor,to,1
m023783,c_chris,cc,2
m023784,c_elena,to,0
m023785,c_noah,to,0
m023786,c_taylor,to,0
m023787,c_noah,to,0
m023788,c_taylor,to,0
m023789,c_avery,to,0
m023789,c_devon,to,1
m023790,c_alex_chan,to,0
m023791,c_avery,to,0
m023791,c_devon,to,1
m023792,c_alex_chan,to,0
m023793,c_maya,to,0
m023794,c_alex_chen,to,0
m023795,c_quinn,to,0
m023796,c_priya,to,0
m023797,c_marcus,to,0
m023798,c_chris,to,0
m023799,c_marcus,to,0
m023800,c_chris,to,0
m023801,c_hana,to,0
m023802,c_sam,to,0
m023803,c_alex_chan,to,0
m023804,c_maya,to,0
m023805,c_alex_chan,to,0
m023806,c_maya,to,0
m023807,c_alex_chan,to,0
m023808,c_maya,to,0
m023809,c_alex_chan,to,0
m023810,c_maya,to,0
m023811,c_alex_chan,to,0
m023812,c_maya,to,0
m023813,c_alex_chan,to,0
m023814,c_maya,to,0
m023815,c_jamie_lee,to,0
m023816,c_maya,to,0
m023817,c_jamie_lee,to,0
m023818,c_maya,to,0
m023819,c_jamie_lee,to,0
m023820,c_maya,to,0
m023821,c_jamie_lee,to,0
m023822,c_maya,to,0
m023823,c_jamie_lee,to,0
m023824,c_maya,to,0
m023825,c_jamie_lee,to,0
m023826,c_maya,to,0
m023827,c_morgan_shaw,to,0
m023828,c_maya,to,0
m023829,c_morgan_shaw,to,0
m023830,c_maya,to,0
m023831,c_morgan_shaw,to,0
m023832,c_maya,to,0
m023833,c_morgan_shaw,to,0
m023834,c_maya,to,0
m023835,c_morgan_shaw,to,0
m023836,c_maya,to,0
m023837,c_morgan_shaw,to,0
m023838,c_maya,to,0
m023839,c_alex_chen,to,0
m023840,c_maya,to,0
m023841,c_alex_chen,to,0
m023842,c_maya,to,0
m023843,c_alex_chen,to,0
m023844,c_maya,to,0
m023845,c_alex_chen,to,0
m023846,c_maya,to,0
m023847,c_jamie_li,to,0
m023848,c_maya,to,0
m023849,c_jamie_li,to,0
m023850,c_maya,to,0
m023851,c_jamie_li,to,0
m023852,c_maya,to,0
m023853,c_jamie_li,to,0
m023854,c_maya,to,0
m023855,c_morgan_zhao,to,0
m023856,c_maya,to,0
m023857,c_morgan_zhao,to,0
m023858,c_maya,to,0
m023859,c_morgan_zhao,to,0
m023860,c_maya,to,0
m023861,c_morgan_zhao,to,0
m023862,c_maya,to,0
m023863,c_lee,to,0
m023864,c_maya,to,0
m023865,c_lee,to,0
m023866,c_maya,to,0
m023867,c_lee,to,0
m023868,c_maya,to,0
m023869,c_lee,to,0
m023870,c_maya,to,0
m023871,c_lee,to,0
m023872,c_maya,to,0
m023873,c_lee,to,0
m023874,c_maya,to,0
m023875,c_pat,to,0
m023876,c_maya,to,0
m023877,c_pat,to,0
m023878,c_maya,to,0
m023879,c_pat,to,0
m023880,c_maya,to,0
m023881,c_pat,to,0
m023882,c_maya,to,0
m023883,c_pat,to,0
m023884,c_maya,to,0
m023885,c_pat,to,0
m023886,c_maya,to,0
m023887,c_ren,to,0
m023888,c_maya,to,0
m023889,c_ren,to,0
m023890,c_maya,to,0
m023891,c_ren,to,0
m023892,c_maya,to,0
m023893,c_ren,to,0
m023894,c_maya,to,0
m023895,c_ren,to,0
m023896,c_maya,to,0
m023897,c_ren,to,0
m023898,c_maya,to,0
m023899,c_sam,to,0
m023900,c_maya,to,0
m023901,c_hana,to,0
m023902,c_maya,to,0
m023903,c_fac_001,to,0
m023904,c_maya,to,0
m023905,c_fac_002,to,0
m023906,c_maya,to,0
m023907,c_fac_003,to,0
m023908,c_maya,to,0
m023909,c_fac_004,to,0
m023910,c_maya,to,0
m023911,c_fac_005,to,0
m023912,c_maya,to,0
m023913,c_fac_006,to,0
m023914,c_maya,to,0
m023915,c_fac_007,to,0
m023916,c_maya,to,0
m023917,c_fac_008,to,0
m023918,c_maya,to,0
m023919,c_fac_009,to,0
m023920,c_maya,to,0
m023921,c_fac_010,to,0
m023922,c_maya,to,0
m023923,c_fac_011,to,0
m023924,c_maya,to,0
m023925,c_fac_012,to,0
m023926,c_maya,to,0
m023927,c_fac_013,to,0
m023928,c_maya,to,0
m023929,c_fac_014,to,0
m023930,c_maya,to,0
m023931,c_fac_015,to,0
m023932,c_maya,to,0
m023933,c_fac_016,to,0
m023934,c_maya,to,0
m023935,c_fac_017,to,0
m023936,c_maya,to,0
m023937,c_noah,to,0
m023937,c_elena,to,1
m023937,c_taylor,to,2
m023937,c_chris,cc,3
m023938,c_maya,to,0
m023939,c_noah,to,0
m023939,c_elena,to,1
m023939,c_taylor,to,2
m023939,c_chris,cc,3
m023940,c_maya,to,0
m023941,c_noah,to,0
m023941,c_elena,to,1
m023941,c_taylor,to,2
m023941,c_chris,cc,3
m023942,c_maya,to,0
m023943,c_noah,to,0
m023943,c_elena,to,1
m023943,c_taylor,to,2
m023943,c_chris,cc,3
m023944,c_maya,to,0
m023945,c_noah,to,0
m023945,c_elena,to,1
m023945,c_taylor,to,2
m023945,c_chris,cc,3
m023946,c_maya,to,0
m023947,c_noah,to,0
m023947,c_elena,to,1
m023947,c_taylor,to,2
m023947,c_chris,cc,3
m023948,c_maya,to,0
m023949,c_noah,to,0
m023949,c_elena,to,1
m023949,c_taylor,to,2
m023949,c_chris,cc,3
m023950,c_maya,to,0
m023951,c_noah,to,0
m023951,c_elena,to,1
m023951,c_taylor,to,2
m023951,c_chris,cc,3
m023952,c_maya,to,0
m023953,c_noah,to,0
m023953,c_elena,to,1
m023953,c_taylor,to,2
m023953,c_chris,cc,3
m023954,c_maya,to,0
m023955,c_noah,to,0
m023955,c_elena,to,1
m023955,c_taylor,to,2
m023955,c_chris,cc,3
m023956,c_maya,to,0
m023957,c_noah,to,0
m023957,c_elena,to,1
m023957,c_taylor,to,2
m023957,c_chris,cc,3
m023958,c_maya,to,0
m023959,c_noah,to,0
m023959,c_elena,to,1
m023959,c_taylor,to,2
m023959,c_chris,cc,3
m023960,c_maya,to,0
m023961,c_noah,to,0
m023961,c_elena,to,1
m023961,c_taylor,to,2
m023961,c_chris,cc,3
m023962,c_maya,to,0
m023963,c_noah,to,0
m023963,c_elena,to,1
m023963,c_taylor,to,2
m023963,c_chris,cc,3
m023964,c_maya,to,0
m023965,c_noah,to,0
m023965,c_elena,to,1
m023965,c_taylor,to,2
m023965,c_chris,cc,3
m023966,c_maya,to,0
m023967,c_noah,to,0
m023967,c_elena,to,1
m023967,c_taylor,to,2
m023967,c_chris,cc,3
m023968,c_maya,to,0
m023969,c_noah,to,0
m023969,c_elena,to,1
m023969,c_taylor,to,2
m023969,c_chris,cc,3
m023970,c_maya,to,0
m023971,c_noah,to,0
m023971,c_elena,to,1
m023971,c_taylor,to,2
m023971,c_chris,cc,3
m023972,c_maya,to,0
m023973,c_noah,to,0
m023973,c_elena,to,1
m023973,c_taylor,to,2
m023973,c_chris,cc,3
m023974,c_maya,to,0
m023975,c_noah,to,0
m023975,c_elena,to,1
m023975,c_taylor,to,2
m023975,c_chris,cc,3
m023976,c_maya,to,0
m023977,c_noah,to,0
m023977,c_elena,to,1
m023977,c_taylor,to,2
m023977,c_chris,cc,3
m023978,c_maya,to,0
m023979,c_noah,to,0
m023979,c_elena,to,1
m023979,c_taylor,to,2
m023979,c_chris,cc,3
m023980,c_maya,to,0
m023981,c_noah,to,0
m023981,c_elena,to,1
m023981,c_taylor,to,2
m023981,c_chris,cc,3
m023982,c_maya,to,0
m023983,c_noah,to,0
m023983,c_elena,to,1
m023983,c_taylor,to,2
m023983,c_chris,cc,3
m023984,c_maya,to,0
m023985,c_noah,to,0
m023985,c_elena,to,1
m023985,c_taylor,to,2
m023985,c_chris,cc,3
m023986,c_maya,to,0
m023987,c_noah,to,0
m023987,c_elena,to,1
m023987,c_taylor,to,2
m023987,c_chris,cc,3
m023988,c_maya,to,0
m023989,c_noah,to,0
m023989,c_elena,to,1
m023989,c_taylor,to,2
m023989,c_chris,cc,3
m023990,c_maya,to,0
m023991,c_noah,to,0
m023991,c_elena,to,1
m023991,c_taylor,to,2
m023991,c_chris,cc,3
m023992,c_maya,to,0
m023993,c_noah,to,0
m023993,c_elena,to,1
m023993,c_taylor,to,2
m023993,c_chris,cc,3
m023994,c_maya,to,0
m023995,c_noah,to,0
m023995,c_elena,to,1
m023995,c_taylor,to,2
m023995,c_chris,cc,3
m023996,c_maya,to,0
m023997,c_noah,to,0
m023997,c_elena,to,1
m023997,c_taylor,to,2
m023997,c_chris,cc,3
m023998,c_maya,to,0
m023999,c_noah,to,0
m023999,c_elena,to,1
m023999,c_taylor,to,2
m023999,c_chris,cc,3
m024000,c_maya,to,0
m024001,c_noah,to,0
m024001,c_elena,to,1
m024001,c_taylor,to,2
m024001,c_chris,cc,3
m024002,c_maya,to,0
m024003,c_noah,to,0
m024003,c_elena,to,1
m024003,c_taylor,to,2
m024003,c_chris,cc,3
m024004,c_maya,to,0
m024005,c_noah,to,0
m024005,c_elena,to,1
m024005,c_taylor,to,2
m024005,c_chris,cc,3
m024006,c_maya,to,0
m024007,c_noah,to,0
m024007,c_elena,to,1
m024007,c_taylor,to,2
m024007,c_chris,cc,3
m024008,c_maya,to,0
m024009,c_noah,to,0
m024009,c_elena,to,1
m024009,c_taylor,to,2
m024009,c_chris,cc,3
m024010,c_maya,to,0
m024011,c_noah,to,0
m024011,c_elena,to,1
m024011,c_taylor,to,2
m024011,c_chris,cc,3
m024012,c_maya,to,0
m024013,c_noah,to,0
m024013,c_elena,to,1
m024013,c_taylor,to,2
m024013,c_chris,cc,3
m024014,c_maya,to,0
m024015,c_noah,to,0
m024015,c_elena,to,1
m024015,c_taylor,to,2
m024015,c_chris,cc,3
m024016,c_maya,to,0
m024017,c_chris,to,0
m024017,c_noah,to,1
m024017,c_elena,to,2
m024017,c_marcus,cc,3
m024018,c_maya,to,0
m024019,c_chris,to,0
m024019,c_noah,to,1
m024019,c_elena,to,2
m024019,c_marcus,cc,3
m024020,c_maya,to,0
m024021,c_chris,to,0
m024021,c_noah,to,1
m024021,c_elena,to,2
m024021,c_marcus,cc,3
m024022,c_maya,to,0
m024023,c_chris,to,0
m024023,c_noah,to,1
m024023,c_elena,to,2
m024023,c_marcus,cc,3
m024024,c_maya,to,0
m024025,c_priya,to,0
m024025,c_quinn,cc,1
m024026,c_maya,to,0
m024027,c_priya,to,0
m024027,c_quinn,cc,1
m024028,c_maya,to,0
m024029,c_priya,to,0
m024029,c_quinn,cc,1
m024030,c_maya,to,0
m024031,c_priya,to,0
m024031,c_quinn,cc,1
m024032,c_maya,to,0
m024033,c_priya,to,0
m024033,c_quinn,cc,1
m024034,c_maya,to,0
m024035,c_priya,to,0
m024035,c_quinn,cc,1
m024036,c_maya,to,0
m024037,c_elena,to,0
m024037,c_taylor,to,1
m024037,c_lena,to,2
m024038,c_noah,to,0
m024039,c_elena,to,0
m024039,c_taylor,to,1
m024039,c_lena,to,2
m024040,c_noah,to,0
m024041,c_elena,to,0
m024041,c_taylor,to,1
m024041,c_lena,to,2
m024042,c_noah,to,0
m024043,c_elena,to,0
m024043,c_taylor,to,1
m024043,c_lena,to,2
m024044,c_noah,to,0
m024045,c_elena,to,0
m024045,c_taylor,to,1
m024045,c_lena,to,2
m024046,c_noah,to,0
m024047,c_elena,to,0
m024047,c_taylor,to,1
m024047,c_lena,to,2
m024048,c_noah,to,0
m024049,c_noah,to,0
m024049,c_taylor,to,1
m024049,c_chris,cc,2
m024050,c_elena,to,0
m024051,c_noah,to,0
m024051,c_taylor,to,1
m024051,c_chris,cc,2
m024052,c_elena,to,0
m024053,c_noah,to,0
m024053,c_taylor,to,1
m024053,c_chris,cc,2
m024054,c_elena,to,0
m024055,c_noah,to,0
m024055,c_taylor,to,1
m024055,c_chris,cc,2
m024056,c_elena,to,0
m024057,c_noah,to,0
m024058,c_taylor,to,0
m024059,c_noah,to,0
m024060,c_taylor,to,0
m024061,c_avery,to,0
m024061,c_devon,to,1
m024062,c_alex_chan,to,0
m024063,c_avery,to,0
m024063,c_devon,to,1
m024064,c_alex_chan,to,0
m024065,c_maya,to,0
m024066,c_alex_chen,to,0
m024067,c_quinn,to,0
m024068,c_priya,to,0
m024069,c_marcus,to,0
m024070,c_chris,to,0
m024071,c_marcus,to,0
m024072,c_chris,to,0
m024073,c_hana,to,0
m024074,c_sam,to,0
m024075,c_alex_chan,to,0
m024076,c_maya,to,0
m024077,c_alex_chan,to,0
m024078,c_maya,to,0
m024079,c_alex_chan,to,0
m024080,c_maya,to,0
m024081,c_alex_chan,to,0
m024082,c_maya,to,0
m024083,c_alex_chan,to,0
m024084,c_maya,to,0
m024085,c_alex_chan,to,0
m024086,c_maya,to,0
m024087,c_jamie_lee,to,0
m024088,c_maya,to,0
m024089,c_jamie_lee,to,0
m024090,c_maya,to,0
m024091,c_jamie_lee,to,0
m024092,c_maya,to,0
m024093,c_jamie_lee,to,0
m024094,c_maya,to,0
m024095,c_jamie_lee,to,0
m024096,c_maya,to,0
m024097,c_jamie_lee,to,0
m024098,c_maya,to,0
m024099,c_morgan_shaw,to,0
m024100,c_maya,to,0
m024101,c_morgan_shaw,to,0
m024102,c_maya,to,0
m024103,c_morgan_shaw,to,0
m024104,c_maya,to,0
m024105,c_morgan_shaw,to,0
m024106,c_maya,to,0
m024107,c_morgan_shaw,to,0
m024108,c_maya,to,0
m024109,c_morgan_shaw,to,0
m024110,c_maya,to,0
m024111,c_alex_chen,to,0
m024112,c_maya,to,0
m024113,c_alex_chen,to,0
m024114,c_maya,to,0
m024115,c_alex_chen,to,0
m024116,c_maya,to,0
m024117,c_alex_chen,to,0
m024118,c_maya,to,0
m024119,c_jamie_li,to,0
m024120,c_maya,to,0
m024121,c_jamie_li,to,0
m024122,c_maya,to,0
m024123,c_jamie_li,to,0
m024124,c_maya,to,0
m024125,c_jamie_li,to,0
m024126,c_maya,to,0
m024127,c_morgan_zhao,to,0
m024128,c_maya,to,0
m024129,c_morgan_zhao,to,0
m024130,c_maya,to,0
m024131,c_morgan_zhao,to,0
m024132,c_maya,to,0
m024133,c_morgan_zhao,to,0
m024134,c_maya,to,0
m024135,c_lee,to,0
m024136,c_maya,to,0
m024137,c_lee,to,0
m024138,c_maya,to,0
m024139,c_lee,to,0
m024140,c_maya,to,0
m024141,c_lee,to,0
m024142,c_maya,to,0
m024143,c_lee,to,0
m024144,c_maya,to,0
m024145,c_lee,to,0
m024146,c_maya,to,0
m024147,c_pat,to,0
m024148,c_maya,to,0
m024149,c_pat,to,0
m024150,c_maya,to,0
m024151,c_pat,to,0
m024152,c_maya,to,0
m024153,c_pat,to,0
m024154,c_maya,to,0
m024155,c_pat,to,0
m024156,c_maya,to,0
m024157,c_pat,to,0
m024158,c_maya,to,0
m024159,c_ren,to,0
m024160,c_maya,to,0
m024161,c_ren,to,0
m024162,c_maya,to,0
m024163,c_ren,to,0
m024164,c_maya,to,0
m024165,c_ren,to,0
m024166,c_maya,to,0
m024167,c_ren,to,0
m024168,c_maya,to,0
m024169,c_ren,to,0
m024170,c_maya,to,0
m024171,c_sam,to,0
m024172,c_maya,to,0
m024173,c_hana,to,0
m024174,c_maya,to,0
m024175,c_fac_001,to,0
m024176,c_maya,to,0
m024177,c_fac_002,to,0
m024178,c_maya,to,0
m024179,c_fac_003,to,0
m024180,c_maya,to,0
m024181,c_fac_004,to,0
m024182,c_maya,to,0
m024183,c_fac_005,to,0
m024184,c_maya,to,0
m024185,c_fac_006,to,0
m024186,c_maya,to,0
m024187,c_fac_007,to,0
m024188,c_maya,to,0
m024189,c_fac_008,to,0
m024190,c_maya,to,0
m024191,c_fac_009,to,0
m024192,c_maya,to,0
m024193,c_fac_010,to,0
m024194,c_maya,to,0
m024195,c_fac_011,to,0
m024196,c_maya,to,0
m024197,c_fac_012,to,0
m024198,c_maya,to,0
m024199,c_fac_013,to,0
m024200,c_maya,to,0
m024201,c_fac_014,to,0
m024202,c_maya,to,0
m024203,c_fac_015,to,0
m024204,c_maya,to,0
m024205,c_fac_016,to,0
m024206,c_maya,to,0
m024207,c_fac_017,to,0
m024208,c_maya,to,0
m024209,c_noah,to,0
m024209,c_elena,to,1
m024209,c_taylor,to,2
m024209,c_chris,cc,3
m024210,c_maya,to,0
m024211,c_noah,to,0
m024211,c_elena,to,1
m024211,c_taylor,to,2
m024211,c_chris,cc,3
m024212,c_maya,to,0
m024213,c_noah,to,0
m024213,c_elena,to,1
m024213,c_taylor,to,2
m024213,c_chris,cc,3
m024214,c_maya,to,0
m024215,c_noah,to,0
m024215,c_elena,to,1
m024215,c_taylor,to,2
m024215,c_chris,cc,3
m024216,c_maya,to,0
m024217,c_noah,to,0
m024217,c_elena,to,1
m024217,c_taylor,to,2
m024217,c_chris,cc,3
m024218,c_maya,to,0
m024219,c_noah,to,0
m024219,c_elena,to,1
m024219,c_taylor,to,2
m024219,c_chris,cc,3
m024220,c_maya,to,0
m024221,c_noah,to,0
m024221,c_elena,to,1
m024221,c_taylor,to,2
m024221,c_chris,cc,3
m024222,c_maya,to,0
m024223,c_noah,to,0
m024223,c_elena,to,1
m024223,c_taylor,to,2
m024223,c_chris,cc,3
m024224,c_maya,to,0
m024225,c_noah,to,0
m024225,c_elena,to,1
m024225,c_taylor,to,2
m024225,c_chris,cc,3
m024226,c_maya,to,0
m024227,c_noah,to,0
m024227,c_elena,to,1
m024227,c_taylor,to,2
m024227,c_chris,cc,3
m024228,c_maya,to,0
m024229,c_noah,to,0
m024229,c_elena,to,1
m024229,c_taylor,to,2
m024229,c_chris,cc,3
m024230,c_maya,to,0
m024231,c_noah,to,0
m024231,c_elena,to,1
m024231,c_taylor,to,2
m024231,c_chris,cc,3
m024232,c_maya,to,0
m024233,c_noah,to,0
m024233,c_elena,to,1
m024233,c_taylor,to,2
m024233,c_chris,cc,3
m024234,c_maya,to,0
m024235,c_noah,to,0
m024235,c_elena,to,1
m024235,c_taylor,to,2
m024235,c_chris,cc,3
m024236,c_maya,to,0
m024237,c_noah,to,0
m024237,c_elena,to,1
m024237,c_taylor,to,2
m024237,c_chris,cc,3
m024238,c_maya,to,0
m024239,c_noah,to,0
m024239,c_elena,to,1
m024239,c_taylor,to,2
m024239,c_chris,cc,3
m024240,c_maya,to,0
m024241,c_noah,to,0
m024241,c_elena,to,1
m024241,c_taylor,to,2
m024241,c_chris,cc,3
m024242,c_maya,to,0
m024243,c_noah,to,0
m024243,c_elena,to,1
m024243,c_taylor,to,2
m024243,c_chris,cc,3
m024244,c_maya,to,0
m024245,c_noah,to,0
m024245,c_elena,to,1
m024245,c_taylor,to,2
m024245,c_chris,cc,3
m024246,c_maya,to,0
m024247,c_noah,to,0
m024247,c_elena,to,1
m024247,c_taylor,to,2
m024247,c_chris,cc,3
m024248,c_maya,to,0
m024249,c_noah,to,0
m024249,c_elena,to,1
m024249,c_taylor,to,2
m024249,c_chris,cc,3
m024250,c_maya,to,0
m024251,c_noah,to,0
m024251,c_elena,to,1
m024251,c_taylor,to,2
m024251,c_chris,cc,3
m024252,c_maya,to,0
m024253,c_noah,to,0
m024253,c_elena,to,1
m024253,c_taylor,to,2
m024253,c_chris,cc,3
m024254,c_maya,to,0
m024255,c_noah,to,0
m024255,c_elena,to,1
m024255,c_taylor,to,2
m024255,c_chris,cc,3
m024256,c_maya,to,0
m024257,c_noah,to,0
m024257,c_elena,to,1
m024257,c_taylor,to,2
m024257,c_chris,cc,3
m024258,c_maya,to,0
m024259,c_noah,to,0
m024259,c_elena,to,1
m024259,c_taylor,to,2
m024259,c_chris,cc,3
m024260,c_maya,to,0
m024261,c_noah,to,0
m024261,c_elena,to,1
m024261,c_taylor,to,2
m024261,c_chris,cc,3
m024262,c_maya,to,0
m024263,c_noah,to,0
m024263,c_elena,to,1
m024263,c_taylor,to,2
m024263,c_chris,cc,3
m024264,c_maya,to,0
m024265,c_noah,to,0
m024265,c_elena,to,1
m024265,c_taylor,to,2
m024265,c_chris,cc,3
m024266,c_maya,to,0
m024267,c_noah,to,0
m024267,c_elena,to,1
m024267,c_taylor,to,2
m024267,c_chris,cc,3
m024268,c_maya,to,0
m024269,c_noah,to,0
m024269,c_elena,to,1
m024269,c_taylor,to,2
m024269,c_chris,cc,3
m024270,c_maya,to,0
m024271,c_noah,to,0
m024271,c_elena,to,1
m024271,c_taylor,to,2
m024271,c_chris,cc,3
m024272,c_maya,to,0
m024273,c_noah,to,0
m024273,c_elena,to,1
m024273,c_taylor,to,2
m024273,c_chris,cc,3
m024274,c_maya,to,0
m024275,c_noah,to,0
m024275,c_elena,to,1
m024275,c_taylor,to,2
m024275,c_chris,cc,3
m024276,c_maya,to,0
m024277,c_noah,to,0
m024277,c_elena,to,1
m024277,c_taylor,to,2
m024277,c_chris,cc,3
m024278,c_maya,to,0
m024279,c_noah,to,0
m024279,c_elena,to,1
m024279,c_taylor,to,2
m024279,c_chris,cc,3
m024280,c_maya,to,0
m024281,c_noah,to,0
m024281,c_elena,to,1
m024281,c_taylor,to,2
m024281,c_chris,cc,3
m024282,c_maya,to,0
m024283,c_noah,to,0
m024283,c_elena,to,1
m024283,c_taylor,to,2
m024283,c_chris,cc,3
m024284,c_maya,to,0
m024285,c_noah,to,0
m024285,c_elena,to,1
m024285,c_taylor,to,2
m024285,c_chris,cc,3
m024286,c_maya,to,0
m024287,c_noah,to,0
m024287,c_elena,to,1
m024287,c_taylor,to,2
m024287,c_chris,cc,3
m024288,c_maya,to,0
m024289,c_chris,to,0
m024289,c_noah,to,1
m024289,c_elena,to,2
m024289,c_marcus,cc,3
m024290,c_maya,to,0
m024291,c_chris,to,0
m024291,c_noah,to,1
m024291,c_elena,to,2
m024291,c_marcus,cc,3
m024292,c_maya,to,0
m024293,c_chris,to,0
m024293,c_noah,to,1
m024293,c_elena,to,2
m024293,c_marcus,cc,3
m024294,c_maya,to,0
m024295,c_chris,to,0
m024295,c_noah,to,1
m024295,c_elena,to,2
m024295,c_marcus,cc,3
m024296,c_maya,to,0
m024297,c_priya,to,0
m024297,c_quinn,cc,1
m024298,c_maya,to,0
m024299,c_priya,to,0
m024299,c_quinn,cc,1
m024300,c_maya,to,0
m024301,c_priya,to,0
m024301,c_quinn,cc,1
m024302,c_maya,to,0
m024303,c_priya,to,0
m024303,c_quinn,cc,1
m024304,c_maya,to,0
m024305,c_priya,to,0
m024305,c_quinn,cc,1
m024306,c_maya,to,0
m024307,c_priya,to,0
m024307,c_quinn,cc,1
m024308,c_maya,to,0
m024309,c_elena,to,0
m024309,c_taylor,to,1
m024309,c_lena,to,2
m024310,c_noah,to,0
m024311,c_elena,to,0
m024311,c_taylor,to,1
m024311,c_lena,to,2
m024312,c_noah,to,0
m024313,c_elena,to,0
m024313,c_taylor,to,1
m024313,c_lena,to,2
m024314,c_noah,to,0
m024315,c_elena,to,0
m024315,c_taylor,to,1
m024315,c_lena,to,2
m024316,c_noah,to,0
m024317,c_elena,to,0
m024317,c_taylor,to,1
m024317,c_lena,to,2
m024318,c_noah,to,0
m024319,c_elena,to,0
m024319,c_taylor,to,1
m024319,c_lena,to,2
m024320,c_noah,to,0
m024321,c_noah,to,0
m024321,c_taylor,to,1
m024321,c_chris,cc,2
m024322,c_elena,to,0
m024323,c_noah,to,0
m024323,c_taylor,to,1
m024323,c_chris,cc,2
m024324,c_elena,to,0
m024325,c_noah,to,0
m024325,c_taylor,to,1
m024325,c_chris,cc,2
m024326,c_elena,to,0
m024327,c_noah,to,0
m024327,c_taylor,to,1
m024327,c_chris,cc,2
m024328,c_elena,to,0
m024329,c_noah,to,0
m024330,c_taylor,to,0
m024331,c_noah,to,0
m024332,c_taylor,to,0
m024333,c_avery,to,0
m024333,c_devon,to,1
m024334,c_alex_chan,to,0
m024335,c_avery,to,0
m024335,c_devon,to,1
m024336,c_alex_chan,to,0
m024337,c_maya,to,0
m024338,c_alex_chen,to,0
m024339,c_quinn,to,0
m024340,c_priya,to,0
m024341,c_marcus,to,0
m024342,c_chris,to,0
m024343,c_marcus,to,0
m024344,c_chris,to,0
m024345,c_hana,to,0
m024346,c_sam,to,0
m024347,c_alex_chan,to,0
m024348,c_maya,to,0
m024349,c_alex_chan,to,0
m024350,c_maya,to,0
m024351,c_alex_chan,to,0
m024352,c_maya,to,0
m024353,c_alex_chan,to,0
m024354,c_maya,to,0
m024355,c_alex_chan,to,0
m024356,c_maya,to,0
m024357,c_alex_chan,to,0
m024358,c_maya,to,0
m024359,c_jamie_lee,to,0
m024360,c_maya,to,0
m024361,c_jamie_lee,to,0
m024362,c_maya,to,0
m024363,c_jamie_lee,to,0
m024364,c_maya,to,0
m024365,c_jamie_lee,to,0
m024366,c_maya,to,0
m024367,c_jamie_lee,to,0
m024368,c_maya,to,0
m024369,c_jamie_lee,to,0
m024370,c_maya,to,0
m024371,c_morgan_shaw,to,0
m024372,c_maya,to,0
m024373,c_morgan_shaw,to,0
m024374,c_maya,to,0
m024375,c_morgan_shaw,to,0
m024376,c_maya,to,0
m024377,c_morgan_shaw,to,0
m024378,c_maya,to,0
m024379,c_morgan_shaw,to,0
m024380,c_maya,to,0
m024381,c_morgan_shaw,to,0
m024382,c_maya,to,0
m024383,c_alex_chen,to,0
m024384,c_maya,to,0
m024385,c_alex_chen,to,0
m024386,c_maya,to,0
m024387,c_alex_chen,to,0
m024388,c_maya,to,0
m024389,c_alex_chen,to,0
m024390,c_maya,to,0
m024391,c_jamie_li,to,0
m024392,c_maya,to,0
m024393,c_jamie_li,to,0
m024394,c_maya,to,0
m024395,c_jamie_li,to,0
m024396,c_maya,to,0
m024397,c_jamie_li,to,0
m024398,c_maya,to,0
m024399,c_morgan_zhao,to,0
m024400,c_maya,to,0
m024401,c_morgan_zhao,to,0
m024402,c_maya,to,0
m024403,c_morgan_zhao,to,0
m024404,c_maya,to,0
m024405,c_morgan_zhao,to,0
m024406,c_maya,to,0
m024407,c_lee,to,0
m024408,c_maya,to,0
m024409,c_lee,to,0
m024410,c_maya,to,0
m024411,c_lee,to,0
m024412,c_maya,to,0
m024413,c_lee,to,0
m024414,c_maya,to,0
m024415,c_lee,to,0
m024416,c_maya,to,0
m024417,c_lee,to,0
m024418,c_maya,to,0
m024419,c_pat,to,0
m024420,c_maya,to,0
m024421,c_pat,to,0
m024422,c_maya,to,0
m024423,c_pat,to,0
m024424,c_maya,to,0
m024425,c_pat,to,0
m024426,c_maya,to,0
m024427,c_pat,to,0
m024428,c_maya,to,0
m024429,c_pat,to,0
m024430,c_maya,to,0
m024431,c_ren,to,0
m024432,c_maya,to,0
m024433,c_ren,to,0
m024434,c_maya,to,0
m024435,c_ren,to,0
m024436,c_maya,to,0
m024437,c_ren,to,0
m024438,c_maya,to,0
m024439,c_ren,to,0
m024440,c_maya,to,0
m024441,c_ren,to,0
m024442,c_maya,to,0
m024443,c_sam,to,0
m024444,c_maya,to,0
m024445,c_hana,to,0
m024446,c_maya,to,0
m024447,c_fac_001,to,0
m024448,c_maya,to,0
m024449,c_fac_002,to,0
m024450,c_maya,to,0
m024451,c_fac_003,to,0
m024452,c_maya,to,0
m024453,c_fac_004,to,0
m024454,c_maya,to,0
m024455,c_fac_005,to,0
m024456,c_maya,to,0
m024457,c_fac_006,to,0
m024458,c_maya,to,0
m024459,c_fac_007,to,0
m024460,c_maya,to,0
m024461,c_fac_008,to,0
m024462,c_maya,to,0
m024463,c_fac_009,to,0
m024464,c_maya,to,0
m024465,c_fac_010,to,0
m024466,c_maya,to,0
m024467,c_fac_011,to,0
m024468,c_maya,to,0
m024469,c_fac_012,to,0
m024470,c_maya,to,0
m024471,c_fac_013,to,0
m024472,c_maya,to,0
m024473,c_fac_014,to,0
m024474,c_maya,to,0
m024475,c_fac_015,to,0
m024476,c_maya,to,0
m024477,c_fac_016,to,0
m024478,c_maya,to,0
m024479,c_fac_017,to,0
m024480,c_maya,to,0
m024481,c_noah,to,0
m024481,c_elena,to,1
m024481,c_taylor,to,2
m024481,c_chris,cc,3
m024482,c_maya,to,0
m024483,c_noah,to,0
m024483,c_elena,to,1
m024483,c_taylor,to,2
m024483,c_chris,cc,3
m024484,c_maya,to,0
m024485,c_noah,to,0
m024485,c_elena,to,1
m024485,c_taylor,to,2
m024485,c_chris,cc,3
m024486,c_maya,to,0
m024487,c_noah,to,0
m024487,c_elena,to,1
m024487,c_taylor,to,2
m024487,c_chris,cc,3
m024488,c_maya,to,0
m024489,c_noah,to,0
m024489,c_elena,to,1
m024489,c_taylor,to,2
m024489,c_chris,cc,3
m024490,c_maya,to,0
m024491,c_noah,to,0
m024491,c_elena,to,1
m024491,c_taylor,to,2
m024491,c_chris,cc,3
m024492,c_maya,to,0
m024493,c_noah,to,0
m024493,c_elena,to,1
m024493,c_taylor,to,2
m024493,c_chris,cc,3
m024494,c_maya,to,0
m024495,c_noah,to,0
m024495,c_elena,to,1
m024495,c_taylor,to,2
m024495,c_chris,cc,3
m024496,c_maya,to,0
m024497,c_noah,to,0
m024497,c_elena,to,1
m024497,c_taylor,to,2
m024497,c_chris,cc,3
m024498,c_maya,to,0
m024499,c_noah,to,0
m024499,c_elena,to,1
m024499,c_taylor,to,2
m024499,c_chris,cc,3
m024500,c_maya,to,0
m024501,c_noah,to,0
m024501,c_elena,to,1
m024501,c_taylor,to,2
m024501,c_chris,cc,3
m024502,c_maya,to,0
m024503,c_noah,to,0
m024503,c_elena,to,1
m024503,c_taylor,to,2
m024503,c_chris,cc,3
m024504,c_maya,to,0
m024505,c_noah,to,0
m024505,c_elena,to,1
m024505,c_taylor,to,2
m024505,c_chris,cc,3
m024506,c_maya,to,0
m024507,c_noah,to,0
m024507,c_elena,to,1
m024507,c_taylor,to,2
m024507,c_chris,cc,3
m024508,c_maya,to,0
m024509,c_noah,to,0
m024509,c_elena,to,1
m024509,c_taylor,to,2
m024509,c_chris,cc,3
m024510,c_maya,to,0
m024511,c_noah,to,0
m024511,c_elena,to,1
m024511,c_taylor,to,2
m024511,c_chris,cc,3
m024512,c_maya,to,0
m024513,c_noah,to,0
m024513,c_elena,to,1
m024513,c_taylor,to,2
m024513,c_chris,cc,3
m024514,c_maya,to,0
m024515,c_noah,to,0
m024515,c_elena,to,1
m024515,c_taylor,to,2
m024515,c_chris,cc,3
m024516,c_maya,to,0
m024517,c_noah,to,0
m024517,c_elena,to,1
m024517,c_taylor,to,2
m024517,c_chris,cc,3
m024518,c_maya,to,0
m024519,c_noah,to,0
m024519,c_elena,to,1
m024519,c_taylor,to,2
m024519,c_chris,cc,3
m024520,c_maya,to,0
m024521,c_noah,to,0
m024521,c_elena,to,1
m024521,c_taylor,to,2
m024521,c_chris,cc,3
m024522,c_maya,to,0
m024523,c_noah,to,0
m024523,c_elena,to,1
m024523,c_taylor,to,2
m024523,c_chris,cc,3
m024524,c_maya,to,0
m024525,c_noah,to,0
m024525,c_elena,to,1
m024525,c_taylor,to,2
m024525,c_chris,cc,3
m024526,c_maya,to,0
m024527,c_noah,to,0
m024527,c_elena,to,1
m024527,c_taylor,to,2
m024527,c_chris,cc,3
m024528,c_maya,to,0
m024529,c_noah,to,0
m024529,c_elena,to,1
m024529,c_taylor,to,2
m024529,c_chris,cc,3
m024530,c_maya,to,0
m024531,c_noah,to,0
m024531,c_elena,to,1
m024531,c_taylor,to,2
m024531,c_chris,cc,3
m024532,c_maya,to,0
m024533,c_noah,to,0
m024533,c_elena,to,1
m024533,c_taylor,to,2
m024533,c_chris,cc,3
m024534,c_maya,to,0
m024535,c_noah,to,0
m024535,c_elena,to,1
m024535,c_taylor,to,2
m024535,c_chris,cc,3
m024536,c_maya,to,0
m024537,c_noah,to,0
m024537,c_elena,to,1
m024537,c_taylor,to,2
m024537,c_chris,cc,3
m024538,c_maya,to,0
m024539,c_noah,to,0
m024539,c_elena,to,1
m024539,c_taylor,to,2
m024539,c_chris,cc,3
m024540,c_maya,to,0
m024541,c_noah,to,0
m024541,c_elena,to,1
m024541,c_taylor,to,2
m024541,c_chris,cc,3
m024542,c_maya,to,0
m024543,c_noah,to,0
m024543,c_elena,to,1
m024543,c_taylor,to,2
m024543,c_chris,cc,3
m024544,c_maya,to,0
m024545,c_noah,to,0
m024545,c_elena,to,1
m024545,c_taylor,to,2
m024545,c_chris,cc,3
m024546,c_maya,to,0
m024547,c_noah,to,0
m024547,c_elena,to,1
m024547,c_taylor,to,2
m024547,c_chris,cc,3
m024548,c_maya,to,0
m024549,c_noah,to,0
m024549,c_elena,to,1
m024549,c_taylor,to,2
m024549,c_chris,cc,3
m024550,c_maya,to,0
m024551,c_noah,to,0
m024551,c_elena,to,1
m024551,c_taylor,to,2
m024551,c_chris,cc,3
m024552,c_maya,to,0
m024553,c_noah,to,0
m024553,c_elena,to,1
m024553,c_taylor,to,2
m024553,c_chris,cc,3
m024554,c_maya,to,0
m024555,c_noah,to,0
m024555,c_elena,to,1
m024555,c_taylor,to,2
m024555,c_chris,cc,3
m024556,c_maya,to,0
m024557,c_noah,to,0
m024557,c_elena,to,1
m024557,c_taylor,to,2
m024557,c_chris,cc,3
m024558,c_maya,to,0
m024559,c_noah,to,0
m024559,c_elena,to,1
m024559,c_taylor,to,2
m024559,c_chris,cc,3
m024560,c_maya,to,0
m024561,c_chris,to,0
m024561,c_noah,to,1
m024561,c_elena,to,2
m024561,c_marcus,cc,3
m024562,c_maya,to,0
m024563,c_chris,to,0
m024563,c_noah,to,1
m024563,c_elena,to,2
m024563,c_marcus,cc,3
m024564,c_maya,to,0
m024565,c_chris,to,0
m024565,c_noah,to,1
m024565,c_elena,to,2
m024565,c_marcus,cc,3
m024566,c_maya,to,0
m024567,c_chris,to,0
m024567,c_noah,to,1
m024567,c_elena,to,2
m024567,c_marcus,cc,3
m024568,c_maya,to,0
m024569,c_priya,to,0
m024569,c_quinn,cc,1
m024570,c_maya,to,0
m024571,c_priya,to,0
m024571,c_quinn,cc,1
m024572,c_maya,to,0
m024573,c_priya,to,0
m024573,c_quinn,cc,1
m024574,c_maya,to,0
m024575,c_priya,to,0
m024575,c_quinn,cc,1
m024576,c_maya,to,0
m024577,c_priya,to,0
m024577,c_quinn,cc,1
m024578,c_maya,to,0
m024579,c_priya,to,0
m024579,c_quinn,cc,1
m024580,c_maya,to,0
m024581,c_elena,to,0
m024581,c_taylor,to,1
m024581,c_lena,to,2
m024582,c_noah,to,0
m024583,c_elena,to,0
m024583,c_taylor,to,1
m024583,c_lena,to,2
m024584,c_noah,to,0
m024585,c_elena,to,0
m024585,c_taylor,to,1
m024585,c_lena,to,2
m024586,c_noah,to,0
m024587,c_elena,to,0
m024587,c_taylor,to,1
m024587,c_lena,to,2
m024588,c_noah,to,0
m024589,c_elena,to,0
m024589,c_taylor,to,1
m024589,c_lena,to,2
m024590,c_noah,to,0
m024591,c_elena,to,0
m024591,c_taylor,to,1
m024591,c_lena,to,2
m024592,c_noah,to,0
m024593,c_noah,to,0
m024593,c_taylor,to,1
m024593,c_chris,cc,2
m024594,c_elena,to,0
m024595,c_noah,to,0
m024595,c_taylor,to,1
m024595,c_chris,cc,2
m024596,c_elena,to,0
m024597,c_noah,to,0
m024597,c_taylor,to,1
m024597,c_chris,cc,2
m024598,c_elena,to,0
m024599,c_noah,to,0
m024599,c_taylor,to,1
m024599,c_chris,cc,2
m024600,c_elena,to,0
m024601,c_noah,to,0
m024602,c_taylor,to,0
m024603,c_noah,to,0
m024604,c_taylor,to,0
m024605,c_avery,to,0
m024605,c_devon,to,1
m024606,c_alex_chan,to,0
m024607,c_avery,to,0
m024607,c_devon,to,1
m024608,c_alex_chan,to,0
m024609,c_maya,to,0
m024610,c_alex_chen,to,0
m024611,c_quinn,to,0
m024612,c_priya,to,0
m024613,c_marcus,to,0
m024614,c_chris,to,0
m024615,c_marcus,to,0
m024616,c_chris,to,0
m024617,c_hana,to,0
m024618,c_sam,to,0
m024619,c_alex_chan,to,0
m024620,c_maya,to,0
m024621,c_alex_chan,to,0
m024622,c_maya,to,0
m024623,c_alex_chan,to,0
m024624,c_maya,to,0
m024625,c_alex_chan,to,0
m024626,c_maya,to,0
m024627,c_alex_chan,to,0
m024628,c_maya,to,0
m024629,c_alex_chan,to,0
m024630,c_maya,to,0
m024631,c_jamie_lee,to,0
m024632,c_maya,to,0
m024633,c_jamie_lee,to,0
m024634,c_maya,to,0
m024635,c_jamie_lee,to,0
m024636,c_maya,to,0
m024637,c_jamie_lee,to,0
m024638,c_maya,to,0
m024639,c_jamie_lee,to,0
m024640,c_maya,to,0
m024641,c_jamie_lee,to,0
m024642,c_maya,to,0
m024643,c_morgan_shaw,to,0
m024644,c_maya,to,0
m024645,c_morgan_shaw,to,0
m024646,c_maya,to,0
m024647,c_morgan_shaw,to,0
m024648,c_maya,to,0
m024649,c_morgan_shaw,to,0
m024650,c_maya,to,0
m024651,c_morgan_shaw,to,0
m024652,c_maya,to,0
m024653,c_morgan_shaw,to,0
m024654,c_maya,to,0
m024655,c_alex_chen,to,0
m024656,c_maya,to,0
m024657,c_alex_chen,to,0
m024658,c_maya,to,0
m024659,c_alex_chen,to,0
m024660,c_maya,to,0
m024661,c_alex_chen,to,0
m024662,c_maya,to,0
m024663,c_jamie_li,to,0
m024664,c_maya,to,0
m024665,c_jamie_li,to,0
m024666,c_maya,to,0
m024667,c_jamie_li,to,0
m024668,c_maya,to,0
m024669,c_jamie_li,to,0
m024670,c_maya,to,0
m024671,c_morgan_zhao,to,0
m024672,c_maya,to,0
m024673,c_morgan_zhao,to,0
m024674,c_maya,to,0
m024675,c_morgan_zhao,to,0
m024676,c_maya,to,0
m024677,c_morgan_zhao,to,0
m024678,c_maya,to,0
m024679,c_lee,to,0
m024680,c_maya,to,0
m024681,c_lee,to,0
m024682,c_maya,to,0
m024683,c_lee,to,0
m024684,c_maya,to,0
m024685,c_lee,to,0
m024686,c_maya,to,0
m024687,c_lee,to,0
m024688,c_maya,to,0
m024689,c_lee,to,0
m024690,c_maya,to,0
m024691,c_pat,to,0
m024692,c_maya,to,0
m024693,c_pat,to,0
m024694,c_maya,to,0
m024695,c_pat,to,0
m024696,c_maya,to,0
m024697,c_pat,to,0
m024698,c_maya,to,0
m024699,c_pat,to,0
m024700,c_maya,to,0
m024701,c_pat,to,0
m024702,c_maya,to,0
m024703,c_ren,to,0
m024704,c_maya,to,0
m024705,c_ren,to,0
m024706,c_maya,to,0
m024707,c_ren,to,0
m024708,c_maya,to,0
m024709,c_ren,to,0
m024710,c_maya,to,0
m024711,c_ren,to,0
m024712,c_maya,to,0
m024713,c_ren,to,0
m024714,c_maya,to,0
m024715,c_sam,to,0
m024716,c_maya,to,0
m024717,c_hana,to,0
m024718,c_maya,to,0
m024719,c_fac_001,to,0
m024720,c_maya,to,0
m024721,c_fac_002,to,0
m024722,c_maya,to,0
m024723,c_fac_003,to,0
m024724,c_maya,to,0
m024725,c_fac_004,to,0
m024726,c_maya,to,0
m024727,c_fac_005,to,0
m024728,c_maya,to,0
m024729,c_fac_006,to,0
m024730,c_maya,to,0
m024731,c_fac_007,to,0
m024732,c_maya,to,0
m024733,c_fac_008,to,0
m024734,c_maya,to,0
m024735,c_fac_009,to,0
m024736,c_maya,to,0
m024737,c_fac_010,to,0
m024738,c_maya,to,0
m024739,c_fac_011,to,0
m024740,c_maya,to,0
m024741,c_fac_012,to,0
m024742,c_maya,to,0
m024743,c_fac_013,to,0
m024744,c_maya,to,0
m024745,c_fac_014,to,0
m024746,c_maya,to,0
m024747,c_fac_015,to,0
m024748,c_maya,to,0
m024749,c_fac_016,to,0
m024750,c_maya,to,0
m024751,c_fac_017,to,0
m024752,c_maya,to,0
m024753,c_noah,to,0
m024753,c_elena,to,1
m024753,c_taylor,to,2
m024753,c_chris,cc,3
m024754,c_maya,to,0
m024755,c_noah,to,0
m024755,c_elena,to,1
m024755,c_taylor,to,2
m024755,c_chris,cc,3
m024756,c_maya,to,0
m024757,c_noah,to,0
m024757,c_elena,to,1
m024757,c_taylor,to,2
m024757,c_chris,cc,3
m024758,c_maya,to,0
m024759,c_noah,to,0
m024759,c_elena,to,1
m024759,c_taylor,to,2
m024759,c_chris,cc,3
m024760,c_maya,to,0
m024761,c_noah,to,0
m024761,c_elena,to,1
m024761,c_taylor,to,2
m024761,c_chris,cc,3
m024762,c_maya,to,0
m024763,c_noah,to,0
m024763,c_elena,to,1
m024763,c_taylor,to,2
m024763,c_chris,cc,3
m024764,c_maya,to,0
m024765,c_noah,to,0
m024765,c_elena,to,1
m024765,c_taylor,to,2
m024765,c_chris,cc,3
m024766,c_maya,to,0
m024767,c_noah,to,0
m024767,c_elena,to,1
m024767,c_taylor,to,2
m024767,c_chris,cc,3
m024768,c_maya,to,0
m024769,c_noah,to,0
m024769,c_elena,to,1
m024769,c_taylor,to,2
m024769,c_chris,cc,3
m024770,c_maya,to,0
m024771,c_noah,to,0
m024771,c_elena,to,1
m024771,c_taylor,to,2
m024771,c_chris,cc,3
m024772,c_maya,to,0
m024773,c_noah,to,0
m024773,c_elena,to,1
m024773,c_taylor,to,2
m024773,c_chris,cc,3
m024774,c_maya,to,0
m024775,c_noah,to,0
m024775,c_elena,to,1
m024775,c_taylor,to,2
m024775,c_chris,cc,3
m024776,c_maya,to,0
m024777,c_noah,to,0
m024777,c_elena,to,1
m024777,c_taylor,to,2
m024777,c_chris,cc,3
m024778,c_maya,to,0
m024779,c_noah,to,0
m024779,c_elena,to,1
m024779,c_taylor,to,2
m024779,c_chris,cc,3
m024780,c_maya,to,0
m024781,c_noah,to,0
m024781,c_elena,to,1
m024781,c_taylor,to,2
m024781,c_chris,cc,3
m024782,c_maya,to,0
m024783,c_noah,to,0
m024783,c_elena,to,1
m024783,c_taylor,to,2
m024783,c_chris,cc,3
m024784,c_maya,to,0
m024785,c_noah,to,0
m024785,c_elena,to,1
m024785,c_taylor,to,2
m024785,c_chris,cc,3
m024786,c_maya,to,0
m024787,c_noah,to,0
m024787,c_elena,to,1
m024787,c_taylor,to,2
m024787,c_chris,cc,3
m024788,c_maya,to,0
m024789,c_noah,to,0
m024789,c_elena,to,1
m024789,c_taylor,to,2
m024789,c_chris,cc,3
m024790,c_maya,to,0
m024791,c_noah,to,0
m024791,c_elena,to,1
m024791,c_taylor,to,2
m024791,c_chris,cc,3
m024792,c_maya,to,0
m024793,c_noah,to,0
m024793,c_elena,to,1
m024793,c_taylor,to,2
m024793,c_chris,cc,3
m024794,c_maya,to,0
m024795,c_noah,to,0
m024795,c_elena,to,1
m024795,c_taylor,to,2
m024795,c_chris,cc,3
m024796,c_maya,to,0
m024797,c_noah,to,0
m024797,c_elena,to,1
m024797,c_taylor,to,2
m024797,c_chris,cc,3
m024798,c_maya,to,0
m024799,c_noah,to,0
m024799,c_elena,to,1
m024799,c_taylor,to,2
m024799,c_chris,cc,3
m024800,c_maya,to,0
m024801,c_noah,to,0
m024801,c_elena,to,1
m024801,c_taylor,to,2
m024801,c_chris,cc,3
m024802,c_maya,to,0
m024803,c_noah,to,0
m024803,c_elena,to,1
m024803,c_taylor,to,2
m024803,c_chris,cc,3
m024804,c_maya,to,0
m024805,c_noah,to,0
m024805,c_elena,to,1
m024805,c_taylor,to,2
m024805,c_chris,cc,3
m024806,c_maya,to,0
m024807,c_noah,to,0
m024807,c_elena,to,1
m024807,c_taylor,to,2
m024807,c_chris,cc,3
m024808,c_maya,to,0
m024809,c_noah,to,0
m024809,c_elena,to,1
m024809,c_taylor,to,2
m024809,c_chris,cc,3
m024810,c_maya,to,0
m024811,c_noah,to,0
m024811,c_elena,to,1
m024811,c_taylor,to,2
m024811,c_chris,cc,3
m024812,c_maya,to,0
m024813,c_noah,to,0
m024813,c_elena,to,1
m024813,c_taylor,to,2
m024813,c_chris,cc,3
m024814,c_maya,to,0
m024815,c_noah,to,0
m024815,c_elena,to,1
m024815,c_taylor,to,2
m024815,c_chris,cc,3
m024816,c_maya,to,0
m024817,c_noah,to,0
m024817,c_elena,to,1
m024817,c_taylor,to,2
m024817,c_chris,cc,3
m024818,c_maya,to,0
m024819,c_noah,to,0
m024819,c_elena,to,1
m024819,c_taylor,to,2
m024819,c_chris,cc,3
m024820,c_maya,to,0
m024821,c_noah,to,0
m024821,c_elena,to,1
m024821,c_taylor,to,2
m024821,c_chris,cc,3
m024822,c_maya,to,0
m024823,c_noah,to,0
m024823,c_elena,to,1
m024823,c_taylor,to,2
m024823,c_chris,cc,3
m024824,c_maya,to,0
m024825,c_noah,to,0
m024825,c_elena,to,1
m024825,c_taylor,to,2
m024825,c_chris,cc,3
m024826,c_maya,to,0
m024827,c_noah,to,0
m024827,c_elena,to,1
m024827,c_taylor,to,2
m024827,c_chris,cc,3
m024828,c_maya,to,0
m024829,c_noah,to,0
m024829,c_elena,to,1
m024829,c_taylor,to,2
m024829,c_chris,cc,3
m024830,c_maya,to,0
m024831,c_noah,to,0
m024831,c_elena,to,1
m024831,c_taylor,to,2
m024831,c_chris,cc,3
m024832,c_maya,to,0
m024833,c_chris,to,0
m024833,c_noah,to,1
m024833,c_elena,to,2
m024833,c_marcus,cc,3
m024834,c_maya,to,0
m024835,c_chris,to,0
m024835,c_noah,to,1
m024835,c_elena,to,2
m024835,c_marcus,cc,3
m024836,c_maya,to,0
m024837,c_chris,to,0
m024837,c_noah,to,1
m024837,c_elena,to,2
m024837,c_marcus,cc,3
m024838,c_maya,to,0
m024839,c_chris,to,0
m024839,c_noah,to,1
m024839,c_elena,to,2
m024839,c_marcus,cc,3
m024840,c_maya,to,0
m024841,c_priya,to,0
m024841,c_quinn,cc,1
m024842,c_maya,to,0
m024843,c_priya,to,0
m024843,c_quinn,cc,1
m024844,c_maya,to,0
m024845,c_priya,to,0
m024845,c_quinn,cc,1
m024846,c_maya,to,0
m024847,c_priya,to,0
m024847,c_quinn,cc,1
m024848,c_maya,to,0
m024849,c_priya,to,0
m024849,c_quinn,cc,1
m024850,c_maya,to,0
m024851,c_priya,to,0
m024851,c_quinn,cc,1
m024852,c_maya,to,0
m024853,c_elena,to,0
m024853,c_taylor,to,1
m024853,c_lena,to,2
m024854,c_noah,to,0
m024855,c_elena,to,0
m024855,c_taylor,to,1
m024855,c_lena,to,2
m024856,c_noah,to,0
m024857,c_elena,to,0
m024857,c_taylor,to,1
m024857,c_lena,to,2
m024858,c_noah,to,0
m024859,c_elena,to,0
m024859,c_taylor,to,1
m024859,c_lena,to,2
m024860,c_noah,to,0
m024861,c_elena,to,0
m024861,c_taylor,to,1
m024861,c_lena,to,2
m024862,c_noah,to,0
m024863,c_elena,to,0
m024863,c_taylor,to,1
m024863,c_lena,to,2
m024864,c_noah,to,0
m024865,c_noah,to,0
m024865,c_taylor,to,1
m024865,c_chris,cc,2
m024866,c_elena,to,0
m024867,c_noah,to,0
m024867,c_taylor,to,1
m024867,c_chris,cc,2
m024868,c_elena,to,0
m024869,c_noah,to,0
m024869,c_taylor,to,1
m024869,c_chris,cc,2
m024870,c_elena,to,0
m024871,c_noah,to,0
m024871,c_taylor,to,1
m024871,c_chris,cc,2
m024872,c_elena,to,0
m024873,c_noah,to,0
m024874,c_taylor,to,0
m024875,c_noah,to,0
m024876,c_taylor,to,0
m024877,c_avery,to,0
m024877,c_devon,to,1
m024878,c_alex_chan,to,0
m024879,c_avery,to,0
m024879,c_devon,to,1
m024880,c_alex_chan,to,0
m024881,c_maya,to,0
m024882,c_alex_chen,to,0
m024883,c_quinn,to,0
m024884,c_priya,to,0
m024885,c_marcus,to,0
m024886,c_chris,to,0
m024887,c_marcus,to,0
m024888,c_chris,to,0
m024889,c_hana,to,0
m024890,c_sam,to,0
m024891,c_alex_chan,to,0
m024892,c_maya,to,0
m024893,c_alex_chan,to,0
m024894,c_maya,to,0
m024895,c_alex_chan,to,0
m024896,c_maya,to,0
m024897,c_alex_chan,to,0
m024898,c_maya,to,0
m024899,c_alex_chan,to,0
m024900,c_maya,to,0
m024901,c_alex_chan,to,0
m024902,c_maya,to,0
m024903,c_jamie_lee,to,0
m024904,c_maya,to,0
m024905,c_jamie_lee,to,0
m024906,c_maya,to,0
m024907,c_jamie_lee,to,0
m024908,c_maya,to,0
m024909,c_jamie_lee,to,0
m024910,c_maya,to,0
m024911,c_jamie_lee,to,0
m024912,c_maya,to,0
m024913,c_jamie_lee,to,0
m024914,c_maya,to,0
m024915,c_morgan_shaw,to,0
m024916,c_maya,to,0
m024917,c_morgan_shaw,to,0
m024918,c_maya,to,0
m024919,c_morgan_shaw,to,0
m024920,c_maya,to,0
m024921,c_morgan_shaw,to,0
m024922,c_maya,to,0
m024923,c_morgan_shaw,to,0
m024924,c_maya,to,0
m024925,c_morgan_shaw,to,0
m024926,c_maya,to,0
m024927,c_alex_chen,to,0
m024928,c_maya,to,0
m024929,c_alex_chen,to,0
m024930,c_maya,to,0
m024931,c_alex_chen,to,0
m024932,c_maya,to,0
m024933,c_alex_chen,to,0
m024934,c_maya,to,0
m024935,c_jamie_li,to,0
m024936,c_maya,to,0
m024937,c_jamie_li,to,0
m024938,c_maya,to,0
m024939,c_jamie_li,to,0
m024940,c_maya,to,0
m024941,c_jamie_li,to,0
m024942,c_maya,to,0
m024943,c_morgan_zhao,to,0
m024944,c_maya,to,0
m024945,c_morgan_zhao,to,0
m024946,c_maya,to,0
m024947,c_morgan_zhao,to,0
m024948,c_maya,to,0
m024949,c_morgan_zhao,to,0
m024950,c_maya,to,0
m024951,c_lee,to,0
m024952,c_maya,to,0
m024953,c_lee,to,0
m024954,c_maya,to,0
m024955,c_lee,to,0
m024956,c_maya,to,0
m024957,c_lee,to,0
m024958,c_maya,to,0
m024959,c_lee,to,0
m024960,c_maya,to,0
m024961,c_lee,to,0
m024962,c_maya,to,0
m024963,c_pat,to,0
m024964,c_maya,to,0
m024965,c_pat,to,0
m024966,c_maya,to,0
m024967,c_pat,to,0
m024968,c_maya,to,0
m024969,c_pat,to,0
m024970,c_maya,to,0
m024971,c_pat,to,0
m024972,c_maya,to,0
m024973,c_pat,to,0
m024974,c_maya,to,0
m024975,c_ren,to,0
m024976,c_maya,to,0
m024977,c_ren,to,0
m024978,c_maya,to,0
m024979,c_ren,to,0
m024980,c_maya,to,0
m024981,c_ren,to,0
m024982,c_maya,to,0
m024983,c_ren,to,0
m024984,c_maya,to,0
m024985,c_ren,to,0
m024986,c_maya,to,0
m024987,c_sam,to,0
m024988,c_maya,to,0
m024989,c_hana,to,0
m024990,c_maya,to,0
m024991,c_fac_001,to,0
m024992,c_maya,to,0
m024993,c_fac_002,to,0
m024994,c_maya,to,0
m024995,c_fac_003,to,0
m024996,c_maya,to,0
m024997,c_fac_004,to,0
m024998,c_maya,to,0
m024999,c_fac_005,to,0
m025000,c_maya,to,0
m025001,c_fac_006,to,0
m025002,c_maya,to,0
m025003,c_fac_007,to,0
m025004,c_maya,to,0
m025005,c_fac_008,to,0
m025006,c_maya,to,0
m025007,c_fac_009,to,0
m025008,c_maya,to,0
m025009,c_fac_010,to,0
m025010,c_maya,to,0
m025011,c_fac_011,to,0
m025012,c_maya,to,0
m025013,c_fac_012,to,0
m025014,c_maya,to,0
m025015,c_fac_013,to,0
m025016,c_maya,to,0
m025017,c_fac_014,to,0
m025018,c_maya,to,0
m025019,c_fac_015,to,0
m025020,c_maya,to,0
m025021,c_fac_016,to,0
m025022,c_maya,to,0
m025023,c_fac_017,to,0
m025024,c_maya,to,0
m025025,c_noah,to,0
m025025,c_elena,to,1
m025025,c_taylor,to,2
m025025,c_chris,cc,3
m025026,c_maya,to,0
m025027,c_noah,to,0
m025027,c_elena,to,1
m025027,c_taylor,to,2
m025027,c_chris,cc,3
m025028,c_maya,to,0
m025029,c_noah,to,0
m025029,c_elena,to,1
m025029,c_taylor,to,2
m025029,c_chris,cc,3
m025030,c_maya,to,0
m025031,c_noah,to,0
m025031,c_elena,to,1
m025031,c_taylor,to,2
m025031,c_chris,cc,3
m025032,c_maya,to,0
m025033,c_noah,to,0
m025033,c_elena,to,1
m025033,c_taylor,to,2
m025033,c_chris,cc,3
m025034,c_maya,to,0
m025035,c_noah,to,0
m025035,c_elena,to,1
m025035,c_taylor,to,2
m025035,c_chris,cc,3
m025036,c_maya,to,0
m025037,c_noah,to,0
m025037,c_elena,to,1
m025037,c_taylor,to,2
m025037,c_chris,cc,3
m025038,c_maya,to,0
m025039,c_noah,to,0
m025039,c_elena,to,1
m025039,c_taylor,to,2
m025039,c_chris,cc,3
m025040,c_maya,to,0
m025041,c_noah,to,0
m025041,c_elena,to,1
m025041,c_taylor,to,2
m025041,c_chris,cc,3
m025042,c_maya,to,0
m025043,c_noah,to,0
m025043,c_elena,to,1
m025043,c_taylor,to,2
m025043,c_chris,cc,3
m025044,c_maya,to,0
m025045,c_noah,to,0
m025045,c_elena,to,1
m025045,c_taylor,to,2
m025045,c_chris,cc,3
m025046,c_maya,to,0
m025047,c_noah,to,0
m025047,c_elena,to,1
m025047,c_taylor,to,2
m025047,c_chris,cc,3
m025048,c_maya,to,0
m025049,c_noah,to,0
m025049,c_elena,to,1
m025049,c_taylor,to,2
m025049,c_chris,cc,3
m025050,c_maya,to,0
m025051,c_noah,to,0
m025051,c_elena,to,1
m025051,c_taylor,to,2
m025051,c_chris,cc,3
m025052,c_maya,to,0
m025053,c_noah,to,0
m025053,c_elena,to,1
m025053,c_taylor,to,2
m025053,c_chris,cc,3
m025054,c_maya,to,0
m025055,c_noah,to,0
m025055,c_elena,to,1
m025055,c_taylor,to,2
m025055,c_chris,cc,3
m025056,c_maya,to,0
m025057,c_noah,to,0
m025057,c_elena,to,1
m025057,c_taylor,to,2
m025057,c_chris,cc,3
m025058,c_maya,to,0
m025059,c_noah,to,0
m025059,c_elena,to,1
m025059,c_taylor,to,2
m025059,c_chris,cc,3
m025060,c_maya,to,0
m025061,c_noah,to,0
m025061,c_elena,to,1
m025061,c_taylor,to,2
m025061,c_chris,cc,3
m025062,c_maya,to,0
m025063,c_noah,to,0
m025063,c_elena,to,1
m025063,c_taylor,to,2
m025063,c_chris,cc,3
m025064,c_maya,to,0
m025065,c_noah,to,0
m025065,c_elena,to,1
m025065,c_taylor,to,2
m025065,c_chris,cc,3
m025066,c_maya,to,0
m025067,c_noah,to,0
m025067,c_elena,to,1
m025067,c_taylor,to,2
m025067,c_chris,cc,3
m025068,c_maya,to,0
m025069,c_noah,to,0
m025069,c_elena,to,1
m025069,c_taylor,to,2
m025069,c_chris,cc,3
m025070,c_maya,to,0
m025071,c_noah,to,0
m025071,c_elena,to,1
m025071,c_taylor,to,2
m025071,c_chris,cc,3
m025072,c_maya,to,0
m025073,c_noah,to,0
m025073,c_elena,to,1
m025073,c_taylor,to,2
m025073,c_chris,cc,3
m025074,c_maya,to,0
m025075,c_noah,to,0
m025075,c_elena,to,1
m025075,c_taylor,to,2
m025075,c_chris,cc,3
m025076,c_maya,to,0
m025077,c_noah,to,0
m025077,c_elena,to,1
m025077,c_taylor,to,2
m025077,c_chris,cc,3
m025078,c_maya,to,0
m025079,c_noah,to,0
m025079,c_elena,to,1
m025079,c_taylor,to,2
m025079,c_chris,cc,3
m025080,c_maya,to,0
m025081,c_noah,to,0
m025081,c_elena,to,1
m025081,c_taylor,to,2
m025081,c_chris,cc,3
m025082,c_maya,to,0
m025083,c_noah,to,0
m025083,c_elena,to,1
m025083,c_taylor,to,2
m025083,c_chris,cc,3
m025084,c_maya,to,0
m025085,c_noah,to,0
m025085,c_elena,to,1
m025085,c_taylor,to,2
m025085,c_chris,cc,3
m025086,c_maya,to,0
m025087,c_noah,to,0
m025087,c_elena,to,1
m025087,c_taylor,to,2
m025087,c_chris,cc,3
m025088,c_maya,to,0
m025089,c_noah,to,0
m025089,c_elena,to,1
m025089,c_taylor,to,2
m025089,c_chris,cc,3
m025090,c_maya,to,0
m025091,c_noah,to,0
m025091,c_elena,to,1
m025091,c_taylor,to,2
m025091,c_chris,cc,3
m025092,c_maya,to,0
m025093,c_noah,to,0
m025093,c_elena,to,1
m025093,c_taylor,to,2
m025093,c_chris,cc,3
m025094,c_maya,to,0
m025095,c_noah,to,0
m025095,c_elena,to,1
m025095,c_taylor,to,2
m025095,c_chris,cc,3
m025096,c_maya,to,0
m025097,c_noah,to,0
m025097,c_elena,to,1
m025097,c_taylor,to,2
m025097,c_chris,cc,3
m025098,c_maya,to,0
m025099,c_noah,to,0
m025099,c_elena,to,1
m025099,c_taylor,to,2
m025099,c_chris,cc,3
m025100,c_maya,to,0
m025101,c_noah,to,0
m025101,c_elena,to,1
m025101,c_taylor,to,2
m025101,c_chris,cc,3
m025102,c_maya,to,0
m025103,c_noah,to,0
m025103,c_elena,to,1
m025103,c_taylor,to,2
m025103,c_chris,cc,3
m025104,c_maya,to,0
m025105,c_chris,to,0
m025105,c_noah,to,1
m025105,c_elena,to,2
m025105,c_marcus,cc,3
m025106,c_maya,to,0
m025107,c_chris,to,0
m025107,c_noah,to,1
m025107,c_elena,to,2
m025107,c_marcus,cc,3
m025108,c_maya,to,0
m025109,c_chris,to,0
m025109,c_noah,to,1
m025109,c_elena,to,2
m025109,c_marcus,cc,3
m025110,c_maya,to,0
m025111,c_chris,to,0
m025111,c_noah,to,1
m025111,c_elena,to,2
m025111,c_marcus,cc,3
m025112,c_maya,to,0
m025113,c_priya,to,0
m025113,c_quinn,cc,1
m025114,c_maya,to,0
m025115,c_priya,to,0
m025115,c_quinn,cc,1
m025116,c_maya,to,0
m025117,c_priya,to,0
m025117,c_quinn,cc,1
m025118,c_maya,to,0
m025119,c_priya,to,0
m025119,c_quinn,cc,1
m025120,c_maya,to,0
m025121,c_priya,to,0
m025121,c_quinn,cc,1
m025122,c_maya,to,0
m025123,c_priya,to,0
m025123,c_quinn,cc,1
m025124,c_maya,to,0
m025125,c_elena,to,0
m025125,c_taylor,to,1
m025125,c_lena,to,2
m025126,c_noah,to,0
m025127,c_elena,to,0
m025127,c_taylor,to,1
m025127,c_lena,to,2
m025128,c_noah,to,0
m025129,c_elena,to,0
m025129,c_taylor,to,1
m025129,c_lena,to,2
m025130,c_noah,to,0
m025131,c_elena,to,0
m025131,c_taylor,to,1
m025131,c_lena,to,2
m025132,c_noah,to,0
m025133,c_elena,to,0
m025133,c_taylor,to,1
m025133,c_lena,to,2
m025134,c_noah,to,0
m025135,c_elena,to,0
m025135,c_taylor,to,1
m025135,c_lena,to,2
m025136,c_noah,to,0
m025137,c_noah,to,0
m025137,c_taylor,to,1
m025137,c_chris,cc,2
m025138,c_elena,to,0
m025139,c_noah,to,0
m025139,c_taylor,to,1
m025139,c_chris,cc,2
m025140,c_elena,to,0
m025141,c_noah,to,0
m025141,c_taylor,to,1
m025141,c_chris,cc,2
m025142,c_elena,to,0
m025143,c_noah,to,0
m025143,c_taylor,to,1
m025143,c_chris,cc,2
m025144,c_elena,to,0
m025145,c_noah,to,0
m025146,c_taylor,to,0
m025147,c_noah,to,0
m025148,c_taylor,to,0
m025149,c_avery,to,0
m025149,c_devon,to,1
m025150,c_alex_chan,to,0
m025151,c_avery,to,0
m025151,c_devon,to,1
m025152,c_alex_chan,to,0
m025153,c_maya,to,0
m025154,c_alex_chen,to,0
m025155,c_quinn,to,0
m025156,c_priya,to,0
m025157,c_marcus,to,0
m025158,c_chris,to,0
m025159,c_marcus,to,0
m025160,c_chris,to,0
m025161,c_hana,to,0
m025162,c_sam,to,0
m025163,c_alex_chan,to,0
m025164,c_maya,to,0
m025165,c_alex_chan,to,0
m025166,c_maya,to,0
m025167,c_alex_chan,to,0
m025168,c_maya,to,0
m025169,c_alex_chan,to,0
m025170,c_maya,to,0
m025171,c_alex_chan,to,0
m025172,c_maya,to,0
m025173,c_alex_chan,to,0
m025174,c_maya,to,0
m025175,c_jamie_lee,to,0
m025176,c_maya,to,0
m025177,c_jamie_lee,to,0
m025178,c_maya,to,0
m025179,c_jamie_lee,to,0
m025180,c_maya,to,0
m025181,c_jamie_lee,to,0
m025182,c_maya,to,0
m025183,c_jamie_lee,to,0
m025184,c_maya,to,0
m025185,c_jamie_lee,to,0
m025186,c_maya,to,0
m025187,c_morgan_shaw,to,0
m025188,c_maya,to,0
m025189,c_morgan_shaw,to,0
m025190,c_maya,to,0
m025191,c_morgan_shaw,to,0
m025192,c_maya,to,0
m025193,c_morgan_shaw,to,0
m025194,c_maya,to,0
m025195,c_morgan_shaw,to,0
m025196,c_maya,to,0
m025197,c_morgan_shaw,to,0
m025198,c_maya,to,0
m025199,c_alex_chen,to,0
m025200,c_maya,to,0
m025201,c_alex_chen,to,0
m025202,c_maya,to,0
m025203,c_alex_chen,to,0
m025204,c_maya,to,0
m025205,c_alex_chen,to,0
m025206,c_maya,to,0
m025207,c_jamie_li,to,0
m025208,c_maya,to,0
m025209,c_jamie_li,to,0
m025210,c_maya,to,0
m025211,c_jamie_li,to,0
m025212,c_maya,to,0
m025213,c_jamie_li,to,0
m025214,c_maya,to,0
m025215,c_morgan_zhao,to,0
m025216,c_maya,to,0
m025217,c_morgan_zhao,to,0
m025218,c_maya,to,0
m025219,c_morgan_zhao,to,0
m025220,c_maya,to,0
m025221,c_morgan_zhao,to,0
m025222,c_maya,to,0
m025223,c_lee,to,0
m025224,c_maya,to,0
m025225,c_lee,to,0
m025226,c_maya,to,0
m025227,c_lee,to,0
m025228,c_maya,to,0
m025229,c_lee,to,0
m025230,c_maya,to,0
m025231,c_lee,to,0
m025232,c_maya,to,0
m025233,c_lee,to,0
m025234,c_maya,to,0
m025235,c_pat,to,0
m025236,c_maya,to,0
m025237,c_pat,to,0
m025238,c_maya,to,0
m025239,c_pat,to,0
m025240,c_maya,to,0
m025241,c_pat,to,0
m025242,c_maya,to,0
m025243,c_pat,to,0
m025244,c_maya,to,0
m025245,c_pat,to,0
m025246,c_maya,to,0
m025247,c_ren,to,0
m025248,c_maya,to,0
m025249,c_ren,to,0
m025250,c_maya,to,0
m025251,c_ren,to,0
m025252,c_maya,to,0
m025253,c_ren,to,0
m025254,c_maya,to,0
m025255,c_ren,to,0
m025256,c_maya,to,0
m025257,c_ren,to,0
m025258,c_maya,to,0
m025259,c_sam,to,0
m025260,c_maya,to,0
m025261,c_hana,to,0
m025262,c_maya,to,0
m025263,c_fac_001,to,0
m025264,c_maya,to,0
m025265,c_fac_002,to,0
m025266,c_maya,to,0
m025267,c_fac_003,to,0
m025268,c_maya,to,0
m025269,c_fac_004,to,0
m025270,c_maya,to,0
m025271,c_fac_005,to,0
m025272,c_maya,to,0
m025273,c_fac_006,to,0
m025274,c_maya,to,0
m025275,c_fac_007,to,0
m025276,c_maya,to,0
m025277,c_fac_008,to,0
m025278,c_maya,to,0
m025279,c_fac_009,to,0
m025280,c_maya,to,0
m025281,c_fac_010,to,0
m025282,c_maya,to,0
m025283,c_fac_011,to,0
m025284,c_maya,to,0
m025285,c_fac_012,to,0
m025286,c_maya,to,0
m025287,c_fac_013,to,0
m025288,c_maya,to,0
m025289,c_fac_014,to,0
m025290,c_maya,to,0
m025291,c_fac_015,to,0
m025292,c_maya,to,0
m025293,c_fac_016,to,0
m025294,c_maya,to,0
m025295,c_fac_017,to,0
m025296,c_maya,to,0
m025297,c_noah,to,0
m025297,c_elena,to,1
m025297,c_taylor,to,2
m025297,c_chris,cc,3
m025298,c_maya,to,0
m025299,c_noah,to,0
m025299,c_elena,to,1
m025299,c_taylor,to,2
m025299,c_chris,cc,3
m025300,c_maya,to,0
m025301,c_noah,to,0
m025301,c_elena,to,1
m025301,c_taylor,to,2
m025301,c_chris,cc,3
m025302,c_maya,to,0
m025303,c_noah,to,0
m025303,c_elena,to,1
m025303,c_taylor,to,2
m025303,c_chris,cc,3
m025304,c_maya,to,0
m025305,c_noah,to,0
m025305,c_elena,to,1
m025305,c_taylor,to,2
m025305,c_chris,cc,3
m025306,c_maya,to,0
m025307,c_noah,to,0
m025307,c_elena,to,1
m025307,c_taylor,to,2
m025307,c_chris,cc,3
m025308,c_maya,to,0
m025309,c_noah,to,0
m025309,c_elena,to,1
m025309,c_taylor,to,2
m025309,c_chris,cc,3
m025310,c_maya,to,0
m025311,c_noah,to,0
m025311,c_elena,to,1
m025311,c_taylor,to,2
m025311,c_chris,cc,3
m025312,c_maya,to,0
m025313,c_noah,to,0
m025313,c_elena,to,1
m025313,c_taylor,to,2
m025313,c_chris,cc,3
m025314,c_maya,to,0
m025315,c_noah,to,0
m025315,c_elena,to,1
m025315,c_taylor,to,2
m025315,c_chris,cc,3
m025316,c_maya,to,0
m025317,c_noah,to,0
m025317,c_elena,to,1
m025317,c_taylor,to,2
m025317,c_chris,cc,3
m025318,c_maya,to,0
m025319,c_noah,to,0
m025319,c_elena,to,1
m025319,c_taylor,to,2
m025319,c_chris,cc,3
m025320,c_maya,to,0
m025321,c_noah,to,0
m025321,c_elena,to,1
m025321,c_taylor,to,2
m025321,c_chris,cc,3
m025322,c_maya,to,0
m025323,c_noah,to,0
m025323,c_elena,to,1
m025323,c_taylor,to,2
m025323,c_chris,cc,3
m025324,c_maya,to,0
m025325,c_noah,to,0
m025325,c_elena,to,1
m025325,c_taylor,to,2
m025325,c_chris,cc,3
m025326,c_maya,to,0
m025327,c_noah,to,0
m025327,c_elena,to,1
m025327,c_taylor,to,2
m025327,c_chris,cc,3
m025328,c_maya,to,0
m025329,c_noah,to,0
m025329,c_elena,to,1
m025329,c_taylor,to,2
m025329,c_chris,cc,3
m025330,c_maya,to,0
m025331,c_noah,to,0
m025331,c_elena,to,1
m025331,c_taylor,to,2
m025331,c_chris,cc,3
m025332,c_maya,to,0
m025333,c_noah,to,0
m025333,c_elena,to,1
m025333,c_taylor,to,2
m025333,c_chris,cc,3
m025334,c_maya,to,0
m025335,c_noah,to,0
m025335,c_elena,to,1
m025335,c_taylor,to,2
m025335,c_chris,cc,3
m025336,c_maya,to,0
m025337,c_noah,to,0
m025337,c_elena,to,1
m025337,c_taylor,to,2
m025337,c_chris,cc,3
m025338,c_maya,to,0
m025339,c_noah,to,0
m025339,c_elena,to,1
m025339,c_taylor,to,2
m025339,c_chris,cc,3
m025340,c_maya,to,0
m025341,c_noah,to,0
m025341,c_elena,to,1
m025341,c_taylor,to,2
m025341,c_chris,cc,3
m025342,c_maya,to,0
m025343,c_noah,to,0
m025343,c_elena,to,1
m025343,c_taylor,to,2
m025343,c_chris,cc,3
m025344,c_maya,to,0
m025345,c_noah,to,0
m025345,c_elena,to,1
m025345,c_taylor,to,2
m025345,c_chris,cc,3
m025346,c_maya,to,0
m025347,c_noah,to,0
m025347,c_elena,to,1
m025347,c_taylor,to,2
m025347,c_chris,cc,3
m025348,c_maya,to,0
m025349,c_noah,to,0
m025349,c_elena,to,1
m025349,c_taylor,to,2
m025349,c_chris,cc,3
m025350,c_maya,to,0
m025351,c_noah,to,0
m025351,c_elena,to,1
m025351,c_taylor,to,2
m025351,c_chris,cc,3
m025352,c_maya,to,0
m025353,c_noah,to,0
m025353,c_elena,to,1
m025353,c_taylor,to,2
m025353,c_chris,cc,3
m025354,c_maya,to,0
m025355,c_noah,to,0
m025355,c_elena,to,1
m025355,c_taylor,to,2
m025355,c_chris,cc,3
m025356,c_maya,to,0
m025357,c_noah,to,0
m025357,c_elena,to,1
m025357,c_taylor,to,2
m025357,c_chris,cc,3
m025358,c_maya,to,0
m025359,c_noah,to,0
m025359,c_elena,to,1
m025359,c_taylor,to,2
m025359,c_chris,cc,3
m025360,c_maya,to,0
m025361,c_noah,to,0
m025361,c_elena,to,1
m025361,c_taylor,to,2
m025361,c_chris,cc,3
m025362,c_maya,to,0
m025363,c_noah,to,0
m025363,c_elena,to,1
m025363,c_taylor,to,2
m025363,c_chris,cc,3
m025364,c_maya,to,0
m025365,c_noah,to,0
m025365,c_elena,to,1
m025365,c_taylor,to,2
m025365,c_chris,cc,3
m025366,c_maya,to,0
m025367,c_noah,to,0
m025367,c_elena,to,1
m025367,c_taylor,to,2
m025367,c_chris,cc,3
m025368,c_maya,to,0
m025369,c_noah,to,0
m025369,c_elena,to,1
m025369,c_taylor,to,2
m025369,c_chris,cc,3
m025370,c_maya,to,0
m025371,c_noah,to,0
m025371,c_elena,to,1
m025371,c_taylor,to,2
m025371,c_chris,cc,3
m025372,c_maya,to,0
m025373,c_noah,to,0
m025373,c_elena,to,1
m025373,c_taylor,to,2
m025373,c_chris,cc,3
m025374,c_maya,to,0
m025375,c_noah,to,0
m025375,c_elena,to,1
m025375,c_taylor,to,2
m025375,c_chris,cc,3
m025376,c_maya,to,0
m025377,c_chris,to,0
m025377,c_noah,to,1
m025377,c_elena,to,2
m025377,c_marcus,cc,3
m025378,c_maya,to,0
m025379,c_chris,to,0
m025379,c_noah,to,1
m025379,c_elena,to,2
m025379,c_marcus,cc,3
m025380,c_maya,to,0
m025381,c_chris,to,0
m025381,c_noah,to,1
m025381,c_elena,to,2
m025381,c_marcus,cc,3
m025382,c_maya,to,0
m025383,c_chris,to,0
m025383,c_noah,to,1
m025383,c_elena,to,2
m025383,c_marcus,cc,3
m025384,c_maya,to,0
m025385,c_priya,to,0
m025385,c_quinn,cc,1
m025386,c_maya,to,0
m025387,c_priya,to,0
m025387,c_quinn,cc,1
m025388,c_maya,to,0
m025389,c_priya,to,0
m025389,c_quinn,cc,1
m025390,c_maya,to,0
m025391,c_priya,to,0
m025391,c_quinn,cc,1
m025392,c_maya,to,0
m025393,c_priya,to,0
m025393,c_quinn,cc,1
m025394,c_maya,to,0
m025395,c_priya,to,0
m025395,c_quinn,cc,1
m025396,c_maya,to,0
m025397,c_elena,to,0
m025397,c_taylor,to,1
m025397,c_lena,to,2
m025398,c_noah,to,0
m025399,c_elena,to,0
m025399,c_taylor,to,1
m025399,c_lena,to,2
m025400,c_noah,to,0
m025401,c_elena,to,0
m025401,c_taylor,to,1
m025401,c_lena,to,2
m025402,c_noah,to,0
m025403,c_elena,to,0
m025403,c_taylor,to,1
m025403,c_lena,to,2
m025404,c_noah,to,0
m025405,c_elena,to,0
m025405,c_taylor,to,1
m025405,c_lena,to,2
m025406,c_noah,to,0
m025407,c_elena,to,0
m025407,c_taylor,to,1
m025407,c_lena,to,2
m025408,c_noah,to,0
m025409,c_noah,to,0
m025409,c_taylor,to,1
m025409,c_chris,cc,2
m025410,c_elena,to,0
m025411,c_noah,to,0
m025411,c_taylor,to,1
m025411,c_chris,cc,2
m025412,c_elena,to,0
m025413,c_noah,to,0
m025413,c_taylor,to,1
m025413,c_chris,cc,2
m025414,c_elena,to,0
m025415,c_noah,to,0
m025415,c_taylor,to,1
m025415,c_chris,cc,2
m025416,c_elena,to,0
m025417,c_noah,to,0
m025418,c_taylor,to,0
m025419,c_noah,to,0
m025420,c_taylor,to,0
m025421,c_avery,to,0
m025421,c_devon,to,1
m025422,c_alex_chan,to,0
m025423,c_avery,to,0
m025423,c_devon,to,1
m025424,c_alex_chan,to,0
m025425,c_maya,to,0
m025426,c_alex_chen,to,0
m025427,c_quinn,to,0
m025428,c_priya,to,0
m025429,c_marcus,to,0
m025430,c_chris,to,0
m025431,c_marcus,to,0
m025432,c_chris,to,0
m025433,c_hana,to,0
m025434,c_sam,to,0
m025435,c_alex_chan,to,0
m025436,c_maya,to,0
m025437,c_alex_chan,to,0
m025438,c_maya,to,0
m025439,c_alex_chan,to,0
m025440,c_maya,to,0
m025441,c_alex_chan,to,0
m025442,c_maya,to,0
m025443,c_alex_chan,to,0
m025444,c_maya,to,0
m025445,c_alex_chan,to,0
m025446,c_maya,to,0
m025447,c_jamie_lee,to,0
m025448,c_maya,to,0
m025449,c_jamie_lee,to,0
m025450,c_maya,to,0
m025451,c_jamie_lee,to,0
m025452,c_maya,to,0
m025453,c_jamie_lee,to,0
m025454,c_maya,to,0
m025455,c_jamie_lee,to,0
m025456,c_maya,to,0
m025457,c_jamie_lee,to,0
m025458,c_maya,to,0
m025459,c_morgan_shaw,to,0
m025460,c_maya,to,0
m025461,c_morgan_shaw,to,0
m025462,c_maya,to,0
m025463,c_morgan_shaw,to,0
m025464,c_maya,to,0
m025465,c_morgan_shaw,to,0
m025466,c_maya,to,0
m025467,c_morgan_shaw,to,0
m025468,c_maya,to,0
m025469,c_morgan_shaw,to,0
m025470,c_maya,to,0
m025471,c_alex_chen,to,0
m025472,c_maya,to,0
m025473,c_alex_chen,to,0
m025474,c_maya,to,0
m025475,c_alex_chen,to,0
m025476,c_maya,to,0
m025477,c_alex_chen,to,0
m025478,c_maya,to,0
m025479,c_jamie_li,to,0
m025480,c_maya,to,0
m025481,c_jamie_li,to,0
m025482,c_maya,to,0
m025483,c_jamie_li,to,0
m025484,c_maya,to,0
m025485,c_jamie_li,to,0
m025486,c_maya,to,0
m025487,c_morgan_zhao,to,0
m025488,c_maya,to,0
m025489,c_morgan_zhao,to,0
m025490,c_maya,to,0
m025491,c_morgan_zhao,to,0
m025492,c_maya,to,0
m025493,c_morgan_zhao,to,0
m025494,c_maya,to,0
m025495,c_lee,to,0
m025496,c_maya,to,0
m025497,c_lee,to,0
m025498,c_maya,to,0
m025499,c_lee,to,0
m025500,c_maya,to,0
m025501,c_lee,to,0
m025502,c_maya,to,0
m025503,c_lee,to,0
m025504,c_maya,to,0
m025505,c_lee,to,0
m025506,c_maya,to,0
m025507,c_pat,to,0
m025508,c_maya,to,0
m025509,c_pat,to,0
m025510,c_maya,to,0
m025511,c_pat,to,0
m025512,c_maya,to,0
m025513,c_pat,to,0
m025514,c_maya,to,0
m025515,c_pat,to,0
m025516,c_maya,to,0
m025517,c_pat,to,0
m025518,c_maya,to,0
m025519,c_ren,to,0
m025520,c_maya,to,0
m025521,c_ren,to,0
m025522,c_maya,to,0
m025523,c_ren,to,0
m025524,c_maya,to,0
m025525,c_ren,to,0
m025526,c_maya,to,0
m025527,c_ren,to,0
m025528,c_maya,to,0
m025529,c_ren,to,0
m025530,c_maya,to,0
m025531,c_sam,to,0
m025532,c_maya,to,0
m025533,c_hana,to,0
m025534,c_maya,to,0
m025535,c_fac_001,to,0
m025536,c_maya,to,0
m025537,c_fac_002,to,0
m025538,c_maya,to,0
m025539,c_fac_003,to,0
m025540,c_maya,to,0
m025541,c_fac_004,to,0
m025542,c_maya,to,0
m025543,c_fac_005,to,0
m025544,c_maya,to,0
m025545,c_fac_006,to,0
m025546,c_maya,to,0
m025547,c_fac_007,to,0
m025548,c_maya,to,0
m025549,c_fac_008,to,0
m025550,c_maya,to,0
m025551,c_fac_009,to,0
m025552,c_maya,to,0
m025553,c_fac_010,to,0
m025554,c_maya,to,0
m025555,c_fac_011,to,0
m025556,c_maya,to,0
m025557,c_fac_012,to,0
m025558,c_maya,to,0
m025559,c_fac_013,to,0
m025560,c_maya,to,0
m025561,c_fac_014,to,0
m025562,c_maya,to,0
m025563,c_fac_015,to,0
m025564,c_maya,to,0
m025565,c_fac_016,to,0
m025566,c_maya,to,0
m025567,c_fac_017,to,0
m025568,c_maya,to,0
m025569,c_noah,to,0
m025569,c_elena,to,1
m025569,c_taylor,to,2
m025569,c_chris,cc,3
m025570,c_maya,to,0
m025571,c_noah,to,0
m025571,c_elena,to,1
m025571,c_taylor,to,2
m025571,c_chris,cc,3
m025572,c_maya,to,0
m025573,c_noah,to,0
m025573,c_elena,to,1
m025573,c_taylor,to,2
m025573,c_chris,cc,3
m025574,c_maya,to,0
m025575,c_noah,to,0
m025575,c_elena,to,1
m025575,c_taylor,to,2
m025575,c_chris,cc,3
m025576,c_maya,to,0
m025577,c_noah,to,0
m025577,c_elena,to,1
m025577,c_taylor,to,2
m025577,c_chris,cc,3
m025578,c_maya,to,0
m025579,c_noah,to,0
m025579,c_elena,to,1
m025579,c_taylor,to,2
m025579,c_chris,cc,3
m025580,c_maya,to,0
m025581,c_noah,to,0
m025581,c_elena,to,1
m025581,c_taylor,to,2
m025581,c_chris,cc,3
m025582,c_maya,to,0
m025583,c_noah,to,0
m025583,c_elena,to,1
m025583,c_taylor,to,2
m025583,c_chris,cc,3
m025584,c_maya,to,0
m025585,c_noah,to,0
m025585,c_elena,to,1
m025585,c_taylor,to,2
m025585,c_chris,cc,3
m025586,c_maya,to,0
m025587,c_noah,to,0
m025587,c_elena,to,1
m025587,c_taylor,to,2
m025587,c_chris,cc,3
m025588,c_maya,to,0
m025589,c_noah,to,0
m025589,c_elena,to,1
m025589,c_taylor,to,2
m025589,c_chris,cc,3
m025590,c_maya,to,0
m025591,c_noah,to,0
m025591,c_elena,to,1
m025591,c_taylor,to,2
m025591,c_chris,cc,3
m025592,c_maya,to,0
m025593,c_noah,to,0
m025593,c_elena,to,1
m025593,c_taylor,to,2
m025593,c_chris,cc,3
m025594,c_maya,to,0
m025595,c_noah,to,0
m025595,c_elena,to,1
m025595,c_taylor,to,2
m025595,c_chris,cc,3
m025596,c_maya,to,0
m025597,c_noah,to,0
m025597,c_elena,to,1
m025597,c_taylor,to,2
m025597,c_chris,cc,3
m025598,c_maya,to,0
m025599,c_noah,to,0
m025599,c_elena,to,1
m025599,c_taylor,to,2
m025599,c_chris,cc,3
m025600,c_maya,to,0
m025601,c_noah,to,0
m025601,c_elena,to,1
m025601,c_taylor,to,2
m025601,c_chris,cc,3
m025602,c_maya,to,0
m025603,c_noah,to,0
m025603,c_elena,to,1
m025603,c_taylor,to,2
m025603,c_chris,cc,3
m025604,c_maya,to,0
m025605,c_noah,to,0
m025605,c_elena,to,1
m025605,c_taylor,to,2
m025605,c_chris,cc,3
m025606,c_maya,to,0
m025607,c_noah,to,0
m025607,c_elena,to,1
m025607,c_taylor,to,2
m025607,c_chris,cc,3
m025608,c_maya,to,0
m025609,c_noah,to,0
m025609,c_elena,to,1
m025609,c_taylor,to,2
m025609,c_chris,cc,3
m025610,c_maya,to,0
m025611,c_noah,to,0
m025611,c_elena,to,1
m025611,c_taylor,to,2
m025611,c_chris,cc,3
m025612,c_maya,to,0
m025613,c_noah,to,0
m025613,c_elena,to,1
m025613,c_taylor,to,2
m025613,c_chris,cc,3
m025614,c_maya,to,0
m025615,c_noah,to,0
m025615,c_elena,to,1
m025615,c_taylor,to,2
m025615,c_chris,cc,3
m025616,c_maya,to,0
m025617,c_noah,to,0
m025617,c_elena,to,1
m025617,c_taylor,to,2
m025617,c_chris,cc,3
m025618,c_maya,to,0
m025619,c_noah,to,0
m025619,c_elena,to,1
m025619,c_taylor,to,2
m025619,c_chris,cc,3
m025620,c_maya,to,0
m025621,c_noah,to,0
m025621,c_elena,to,1
m025621,c_taylor,to,2
m025621,c_chris,cc,3
m025622,c_maya,to,0
m025623,c_noah,to,0
m025623,c_elena,to,1
m025623,c_taylor,to,2
m025623,c_chris,cc,3
m025624,c_maya,to,0
m025625,c_noah,to,0
m025625,c_elena,to,1
m025625,c_taylor,to,2
m025625,c_chris,cc,3
m025626,c_maya,to,0
m025627,c_noah,to,0
m025627,c_elena,to,1
m025627,c_taylor,to,2
m025627,c_chris,cc,3
m025628,c_maya,to,0
m025629,c_noah,to,0
m025629,c_elena,to,1
m025629,c_taylor,to,2
m025629,c_chris,cc,3
m025630,c_maya,to,0
m025631,c_noah,to,0
m025631,c_elena,to,1
m025631,c_taylor,to,2
m025631,c_chris,cc,3
m025632,c_maya,to,0
m025633,c_noah,to,0
m025633,c_elena,to,1
m025633,c_taylor,to,2
m025633,c_chris,cc,3
m025634,c_maya,to,0
m025635,c_noah,to,0
m025635,c_elena,to,1
m025635,c_taylor,to,2
m025635,c_chris,cc,3
m025636,c_maya,to,0
m025637,c_noah,to,0
m025637,c_elena,to,1
m025637,c_taylor,to,2
m025637,c_chris,cc,3
m025638,c_maya,to,0
m025639,c_noah,to,0
m025639,c_elena,to,1
m025639,c_taylor,to,2
m025639,c_chris,cc,3
m025640,c_maya,to,0
m025641,c_noah,to,0
m025641,c_elena,to,1
m025641,c_taylor,to,2
m025641,c_chris,cc,3
m025642,c_maya,to,0
m025643,c_noah,to,0
m025643,c_elena,to,1
m025643,c_taylor,to,2
m025643,c_chris,cc,3
m025644,c_maya,to,0
m025645,c_noah,to,0
m025645,c_elena,to,1
m025645,c_taylor,to,2
m025645,c_chris,cc,3
m025646,c_maya,to,0
m025647,c_noah,to,0
m025647,c_elena,to,1
m025647,c_taylor,to,2
m025647,c_chris,cc,3
m025648,c_maya,to,0
m025649,c_chris,to,0
m025649,c_noah,to,1
m025649,c_elena,to,2
m025649,c_marcus,cc,3
m025650,c_maya,to,0
m025651,c_chris,to,0
m025651,c_noah,to,1
m025651,c_elena,to,2
m025651,c_marcus,cc,3
m025652,c_maya,to,0
m025653,c_chris,to,0
m025653,c_noah,to,1
m025653,c_elena,to,2
m025653,c_marcus,cc,3
m025654,c_maya,to,0
m025655,c_chris,to,0
m025655,c_noah,to,1
m025655,c_elena,to,2
m025655,c_marcus,cc,3
m025656,c_maya,to,0
m025657,c_priya,to,0
m025657,c_quinn,cc,1
m025658,c_maya,to,0
m025659,c_priya,to,0
m025659,c_quinn,cc,1
m025660,c_maya,to,0
m025661,c_priya,to,0
m025661,c_quinn,cc,1
m025662,c_maya,to,0
m025663,c_priya,to,0
m025663,c_quinn,cc,1
m025664,c_maya,to,0
m025665,c_priya,to,0
m025665,c_quinn,cc,1
m025666,c_maya,to,0
m025667,c_priya,to,0
m025667,c_quinn,cc,1
m025668,c_maya,to,0
m025669,c_elena,to,0
m025669,c_taylor,to,1
m025669,c_lena,to,2
m025670,c_noah,to,0
m025671,c_elena,to,0
m025671,c_taylor,to,1
m025671,c_lena,to,2
m025672,c_noah,to,0
m025673,c_elena,to,0
m025673,c_taylor,to,1
m025673,c_lena,to,2
m025674,c_noah,to,0
m025675,c_elena,to,0
m025675,c_taylor,to,1
m025675,c_lena,to,2
m025676,c_noah,to,0
m025677,c_elena,to,0
m025677,c_taylor,to,1
m025677,c_lena,to,2
m025678,c_noah,to,0
m025679,c_elena,to,0
m025679,c_taylor,to,1
m025679,c_lena,to,2
m025680,c_noah,to,0
m025681,c_noah,to,0
m025681,c_taylor,to,1
m025681,c_chris,cc,2
m025682,c_elena,to,0
m025683,c_noah,to,0
m025683,c_taylor,to,1
m025683,c_chris,cc,2
m025684,c_elena,to,0
m025685,c_noah,to,0
m025685,c_taylor,to,1
m025685,c_chris,cc,2
m025686,c_elena,to,0
m025687,c_noah,to,0
m025687,c_taylor,to,1
m025687,c_chris,cc,2
m025688,c_elena,to,0
m025689,c_noah,to,0
m025690,c_taylor,to,0
m025691,c_noah,to,0
m025692,c_taylor,to,0
m025693,c_avery,to,0
m025693,c_devon,to,1
m025694,c_alex_chan,to,0
m025695,c_avery,to,0
m025695,c_devon,to,1
m025696,c_alex_chan,to,0
m025697,c_maya,to,0
m025698,c_alex_chen,to,0
m025699,c_quinn,to,0
m025700,c_priya,to,0
m025701,c_marcus,to,0
m025702,c_chris,to,0
m025703,c_marcus,to,0
m025704,c_chris,to,0
m025705,c_hana,to,0
m025706,c_sam,to,0
m025707,c_alex_chan,to,0
m025708,c_maya,to,0
m025709,c_alex_chan,to,0
m025710,c_maya,to,0
m025711,c_alex_chan,to,0
m025712,c_maya,to,0
m025713,c_alex_chan,to,0
m025714,c_maya,to,0
m025715,c_alex_chan,to,0
m025716,c_maya,to,0
m025717,c_alex_chan,to,0
m025718,c_maya,to,0
m025719,c_jamie_lee,to,0
m025720,c_maya,to,0
m025721,c_jamie_lee,to,0
m025722,c_maya,to,0
m025723,c_jamie_lee,to,0
m025724,c_maya,to,0
m025725,c_jamie_lee,to,0
m025726,c_maya,to,0
m025727,c_jamie_lee,to,0
m025728,c_maya,to,0
m025729,c_jamie_lee,to,0
m025730,c_maya,to,0
m025731,c_morgan_shaw,to,0
m025732,c_maya,to,0
m025733,c_morgan_shaw,to,0
m025734,c_maya,to,0
m025735,c_morgan_shaw,to,0
m025736,c_maya,to,0
m025737,c_morgan_shaw,to,0
m025738,c_maya,to,0
m025739,c_morgan_shaw,to,0
m025740,c_maya,to,0
m025741,c_morgan_shaw,to,0
m025742,c_maya,to,0
m025743,c_alex_chen,to,0
m025744,c_maya,to,0
m025745,c_alex_chen,to,0
m025746,c_maya,to,0
m025747,c_alex_chen,to,0
m025748,c_maya,to,0
m025749,c_alex_chen,to,0
m025750,c_maya,to,0
m025751,c_jamie_li,to,0
m025752,c_maya,to,0
m025753,c_jamie_li,to,0
m025754,c_maya,to,0
m025755,c_jamie_li,to,0
m025756,c_maya,to,0
m025757,c_jamie_li,to,0
m025758,c_maya,to,0
m025759,c_morgan_zhao,to,0
m025760,c_maya,to,0
m025761,c_morgan_zhao,to,0
m025762,c_maya,to,0
m025763,c_morgan_zhao,to,0
m025764,c_maya,to,0
m025765,c_morgan_zhao,to,0
m025766,c_maya,to,0
m025767,c_lee,to,0
m025768,c_maya,to,0
m025769,c_lee,to,0
m025770,c_maya,to,0
m025771,c_lee,to,0
m025772,c_maya,to,0
m025773,c_lee,to,0
m025774,c_maya,to,0
m025775,c_lee,to,0
m025776,c_maya,to,0
m025777,c_lee,to,0
m025778,c_maya,to,0
m025779,c_pat,to,0
m025780,c_maya,to,0
m025781,c_pat,to,0
m025782,c_maya,to,0
m025783,c_pat,to,0
m025784,c_maya,to,0
m025785,c_pat,to,0
m025786,c_maya,to,0
m025787,c_pat,to,0
m025788,c_maya,to,0
m025789,c_pat,to,0
m025790,c_maya,to,0
m025791,c_ren,to,0
m025792,c_maya,to,0
m025793,c_ren,to,0
m025794,c_maya,to,0
m025795,c_ren,to,0
m025796,c_maya,to,0
m025797,c_ren,to,0
m025798,c_maya,to,0
m025799,c_ren,to,0
m025800,c_maya,to,0
m025801,c_ren,to,0
m025802,c_maya,to,0
m025803,c_sam,to,0
m025804,c_maya,to,0
m025805,c_hana,to,0
m025806,c_maya,to,0
m025807,c_fac_001,to,0
m025808,c_maya,to,0
m025809,c_fac_002,to,0
m025810,c_maya,to,0
m025811,c_fac_003,to,0
m025812,c_maya,to,0
m025813,c_fac_004,to,0
m025814,c_maya,to,0
m025815,c_fac_005,to,0
m025816,c_maya,to,0
m025817,c_fac_006,to,0
m025818,c_maya,to,0
m025819,c_fac_007,to,0
m025820,c_maya,to,0
m025821,c_fac_008,to,0
m025822,c_maya,to,0
m025823,c_fac_009,to,0
m025824,c_maya,to,0
m025825,c_fac_010,to,0
m025826,c_maya,to,0
m025827,c_fac_011,to,0
m025828,c_maya,to,0
m025829,c_fac_012,to,0
m025830,c_maya,to,0
m025831,c_fac_013,to,0
m025832,c_maya,to,0
m025833,c_fac_014,to,0
m025834,c_maya,to,0
m025835,c_fac_015,to,0
m025836,c_maya,to,0
m025837,c_fac_016,to,0
m025838,c_maya,to,0
m025839,c_fac_017,to,0
m025840,c_maya,to,0
m025841,c_noah,to,0
m025841,c_elena,to,1
m025841,c_taylor,to,2
m025841,c_chris,cc,3
m025842,c_maya,to,0
m025843,c_noah,to,0
m025843,c_elena,to,1
m025843,c_taylor,to,2
m025843,c_chris,cc,3
m025844,c_maya,to,0
m025845,c_noah,to,0
m025845,c_elena,to,1
m025845,c_taylor,to,2
m025845,c_chris,cc,3
m025846,c_maya,to,0
m025847,c_noah,to,0
m025847,c_elena,to,1
m025847,c_taylor,to,2
m025847,c_chris,cc,3
m025848,c_maya,to,0
m025849,c_noah,to,0
m025849,c_elena,to,1
m025849,c_taylor,to,2
m025849,c_chris,cc,3
m025850,c_maya,to,0
m025851,c_noah,to,0
m025851,c_elena,to,1
m025851,c_taylor,to,2
m025851,c_chris,cc,3
m025852,c_maya,to,0
m025853,c_noah,to,0
m025853,c_elena,to,1
m025853,c_taylor,to,2
m025853,c_chris,cc,3
m025854,c_maya,to,0
m025855,c_noah,to,0
m025855,c_elena,to,1
m025855,c_taylor,to,2
m025855,c_chris,cc,3
m025856,c_maya,to,0
m025857,c_noah,to,0
m025857,c_elena,to,1
m025857,c_taylor,to,2
m025857,c_chris,cc,3
m025858,c_maya,to,0
m025859,c_noah,to,0
m025859,c_elena,to,1
m025859,c_taylor,to,2
m025859,c_chris,cc,3
m025860,c_maya,to,0
m025861,c_noah,to,0
m025861,c_elena,to,1
m025861,c_taylor,to,2
m025861,c_chris,cc,3
m025862,c_maya,to,0
m025863,c_noah,to,0
m025863,c_elena,to,1
m025863,c_taylor,to,2
m025863,c_chris,cc,3
m025864,c_maya,to,0
m025865,c_noah,to,0
m025865,c_elena,to,1
m025865,c_taylor,to,2
m025865,c_chris,cc,3
m025866,c_maya,to,0
m025867,c_noah,to,0
m025867,c_elena,to,1
m025867,c_taylor,to,2
m025867,c_chris,cc,3
m025868,c_maya,to,0
m025869,c_noah,to,0
m025869,c_elena,to,1
m025869,c_taylor,to,2
m025869,c_chris,cc,3
m025870,c_maya,to,0
m025871,c_noah,to,0
m025871,c_elena,to,1
m025871,c_taylor,to,2
m025871,c_chris,cc,3
m025872,c_maya,to,0
m025873,c_noah,to,0
m025873,c_elena,to,1
m025873,c_taylor,to,2
m025873,c_chris,cc,3
m025874,c_maya,to,0
m025875,c_noah,to,0
m025875,c_elena,to,1
m025875,c_taylor,to,2
m025875,c_chris,cc,3
m025876,c_maya,to,0
m025877,c_noah,to,0
m025877,c_elena,to,1
m025877,c_taylor,to,2
m025877,c_chris,cc,3
m025878,c_maya,to,0
m025879,c_noah,to,0
m025879,c_elena,to,1
m025879,c_taylor,to,2
m025879,c_chris,cc,3
m025880,c_maya,to,0
m025881,c_noah,to,0
m025881,c_elena,to,1
m025881,c_taylor,to,2
m025881,c_chris,cc,3
m025882,c_maya,to,0
m025883,c_noah,to,0
m025883,c_elena,to,1
m025883,c_taylor,to,2
m025883,c_chris,cc,3
m025884,c_maya,to,0
m025885,c_noah,to,0
m025885,c_elena,to,1
m025885,c_taylor,to,2
m025885,c_chris,cc,3
m025886,c_maya,to,0
m025887,c_noah,to,0
m025887,c_elena,to,1
m025887,c_taylor,to,2
m025887,c_chris,cc,3
m025888,c_maya,to,0
m025889,c_noah,to,0
m025889,c_elena,to,1
m025889,c_taylor,to,2
m025889,c_chris,cc,3
m025890,c_maya,to,0
m025891,c_noah,to,0
m025891,c_elena,to,1
m025891,c_taylor,to,2
m025891,c_chris,cc,3
m025892,c_maya,to,0
m025893,c_noah,to,0
m025893,c_elena,to,1
m025893,c_taylor,to,2
m025893,c_chris,cc,3
m025894,c_maya,to,0
m025895,c_noah,to,0
m025895,c_elena,to,1
m025895,c_taylor,to,2
m025895,c_chris,cc,3
m025896,c_maya,to,0
m025897,c_noah,to,0
m025897,c_elena,to,1
m025897,c_taylor,to,2
m025897,c_chris,cc,3
m025898,c_maya,to,0
m025899,c_noah,to,0
m025899,c_elena,to,1
m025899,c_taylor,to,2
m025899,c_chris,cc,3
m025900,c_maya,to,0
m025901,c_noah,to,0
m025901,c_elena,to,1
m025901,c_taylor,to,2
m025901,c_chris,cc,3
m025902,c_maya,to,0
m025903,c_noah,to,0
m025903,c_elena,to,1
m025903,c_taylor,to,2
m025903,c_chris,cc,3
m025904,c_maya,to,0
m025905,c_noah,to,0
m025905,c_elena,to,1
m025905,c_taylor,to,2
m025905,c_chris,cc,3
m025906,c_maya,to,0
m025907,c_noah,to,0
m025907,c_elena,to,1
m025907,c_taylor,to,2
m025907,c_chris,cc,3
m025908,c_maya,to,0
m025909,c_noah,to,0
m025909,c_elena,to,1
m025909,c_taylor,to,2
m025909,c_chris,cc,3
m025910,c_maya,to,0
m025911,c_noah,to,0
m025911,c_elena,to,1
m025911,c_taylor,to,2
m025911,c_chris,cc,3
m025912,c_maya,to,0
m025913,c_noah,to,0
m025913,c_elena,to,1
m025913,c_taylor,to,2
m025913,c_chris,cc,3
m025914,c_maya,to,0
m025915,c_noah,to,0
m025915,c_elena,to,1
m025915,c_taylor,to,2
m025915,c_chris,cc,3
m025916,c_maya,to,0
m025917,c_noah,to,0
m025917,c_elena,to,1
m025917,c_taylor,to,2
m025917,c_chris,cc,3
m025918,c_maya,to,0
m025919,c_noah,to,0
m025919,c_elena,to,1
m025919,c_taylor,to,2
m025919,c_chris,cc,3
m025920,c_maya,to,0
m025921,c_chris,to,0
m025921,c_noah,to,1
m025921,c_elena,to,2
m025921,c_marcus,cc,3
m025922,c_maya,to,0
m025923,c_chris,to,0
m025923,c_noah,to,1
m025923,c_elena,to,2
m025923,c_marcus,cc,3
m025924,c_maya,to,0
m025925,c_chris,to,0
m025925,c_noah,to,1
m025925,c_elena,to,2
m025925,c_marcus,cc,3
m025926,c_maya,to,0
m025927,c_chris,to,0
m025927,c_noah,to,1
m025927,c_elena,to,2
m025927,c_marcus,cc,3
m025928,c_maya,to,0
m025929,c_priya,to,0
m025929,c_quinn,cc,1
m025930,c_maya,to,0
m025931,c_priya,to,0
m025931,c_quinn,cc,1
m025932,c_maya,to,0
m025933,c_priya,to,0
m025933,c_quinn,cc,1
m025934,c_maya,to,0
m025935,c_priya,to,0
m025935,c_quinn,cc,1
m025936,c_maya,to,0
m025937,c_priya,to,0
m025937,c_quinn,cc,1
m025938,c_maya,to,0
m025939,c_priya,to,0
m025939,c_quinn,cc,1
m025940,c_maya,to,0
m025941,c_elena,to,0
m025941,c_taylor,to,1
m025941,c_lena,to,2
m025942,c_noah,to,0
m025943,c_elena,to,0
m025943,c_taylor,to,1
m025943,c_lena,to,2
m025944,c_noah,to,0
m025945,c_elena,to,0
m025945,c_taylor,to,1
m025945,c_lena,to,2
m025946,c_noah,to,0
m025947,c_elena,to,0
m025947,c_taylor,to,1
m025947,c_lena,to,2
m025948,c_noah,to,0
m025949,c_elena,to,0
m025949,c_taylor,to,1
m025949,c_lena,to,2
m025950,c_noah,to,0
m025951,c_elena,to,0
m025951,c_taylor,to,1
m025951,c_lena,to,2
m025952,c_noah,to,0
m025953,c_noah,to,0
m025953,c_taylor,to,1
m025953,c_chris,cc,2
m025954,c_elena,to,0
m025955,c_noah,to,0
m025955,c_taylor,to,1
m025955,c_chris,cc,2
m025956,c_elena,to,0
m025957,c_noah,to,0
m025957,c_taylor,to,1
m025957,c_chris,cc,2
m025958,c_elena,to,0
m025959,c_noah,to,0
m025959,c_taylor,to,1
m025959,c_chris,cc,2
m025960,c_elena,to,0
m025961,c_noah,to,0
m025962,c_taylor,to,0
m025963,c_noah,to,0
m025964,c_taylor,to,0
m025965,c_avery,to,0
m025965,c_devon,to,1
m025966,c_alex_chan,to,0
m025967,c_avery,to,0
m025967,c_devon,to,1
m025968,c_alex_chan,to,0
m025969,c_maya,to,0
m025970,c_alex_chen,to,0
m025971,c_quinn,to,0
m025972,c_priya,to,0
m025973,c_marcus,to,0
m025974,c_chris,to,0
m025975,c_marcus,to,0
m025976,c_chris,to,0
m025977,c_hana,to,0
m025978,c_sam,to,0
m025979,c_alex_chan,to,0
m025980,c_maya,to,0
m025981,c_alex_chan,to,0
m025982,c_maya,to,0
m025983,c_alex_chan,to,0
m025984,c_maya,to,0
m025985,c_alex_chan,to,0
m025986,c_maya,to,0
m025987,c_alex_chan,to,0
m025988,c_maya,to,0
m025989,c_alex_chan,to,0
m025990,c_maya,to,0
m025991,c_jamie_lee,to,0
m025992,c_maya,to,0
m025993,c_jamie_lee,to,0
m025994,c_maya,to,0
m025995,c_jamie_lee,to,0
m025996,c_maya,to,0
m025997,c_jamie_lee,to,0
m025998,c_maya,to,0
m025999,c_jamie_lee,to,0
m026000,c_maya,to,0
m026001,c_jamie_lee,to,0
m026002,c_maya,to,0
m026003,c_morgan_shaw,to,0
m026004,c_maya,to,0
m026005,c_morgan_shaw,to,0
m026006,c_maya,to,0
m026007,c_morgan_shaw,to,0
m026008,c_maya,to,0
m026009,c_morgan_shaw,to,0
m026010,c_maya,to,0
m026011,c_morgan_shaw,to,0
m026012,c_maya,to,0
m026013,c_morgan_shaw,to,0
m026014,c_maya,to,0
m026015,c_alex_chen,to,0
m026016,c_maya,to,0
m026017,c_alex_chen,to,0
m026018,c_maya,to,0
m026019,c_alex_chen,to,0
m026020,c_maya,to,0
m026021,c_alex_chen,to,0
m026022,c_maya,to,0
m026023,c_jamie_li,to,0
m026024,c_maya,to,0
m026025,c_jamie_li,to,0
m026026,c_maya,to,0
m026027,c_jamie_li,to,0
m026028,c_maya,to,0
m026029,c_jamie_li,to,0
m026030,c_maya,to,0
m026031,c_morgan_zhao,to,0
m026032,c_maya,to,0
m026033,c_morgan_zhao,to,0
m026034,c_maya,to,0
m026035,c_morgan_zhao,to,0
m026036,c_maya,to,0
m026037,c_morgan_zhao,to,0
m026038,c_maya,to,0
m026039,c_lee,to,0
m026040,c_maya,to,0
m026041,c_lee,to,0
m026042,c_maya,to,0
m026043,c_lee,to,0
m026044,c_maya,to,0
m026045,c_lee,to,0
m026046,c_maya,to,0
m026047,c_lee,to,0
m026048,c_maya,to,0
m026049,c_lee,to,0
m026050,c_maya,to,0
m026051,c_pat,to,0
m026052,c_maya,to,0
m026053,c_pat,to,0
m026054,c_maya,to,0
m026055,c_pat,to,0
m026056,c_maya,to,0
m026057,c_pat,to,0
m026058,c_maya,to,0
m026059,c_pat,to,0
m026060,c_maya,to,0
m026061,c_pat,to,0
m026062,c_maya,to,0
m026063,c_ren,to,0
m026064,c_maya,to,0
m026065,c_ren,to,0
m026066,c_maya,to,0
m026067,c_ren,to,0
m026068,c_maya,to,0
m026069,c_ren,to,0
m026070,c_maya,to,0
m026071,c_ren,to,0
m026072,c_maya,to,0
m026073,c_ren,to,0
m026074,c_maya,to,0
m026075,c_sam,to,0
m026076,c_maya,to,0
m026077,c_hana,to,0
m026078,c_maya,to,0
m026079,c_fac_001,to,0
m026080,c_maya,to,0
m026081,c_fac_002,to,0
m026082,c_maya,to,0
m026083,c_fac_003,to,0
m026084,c_maya,to,0
m026085,c_fac_004,to,0
m026086,c_maya,to,0
m026087,c_fac_005,to,0
m026088,c_maya,to,0
m026089,c_fac_006,to,0
m026090,c_maya,to,0
m026091,c_fac_007,to,0
m026092,c_maya,to,0
m026093,c_fac_008,to,0
m026094,c_maya,to,0
m026095,c_fac_009,to,0
m026096,c_maya,to,0
m026097,c_fac_010,to,0
m026098,c_maya,to,0
m026099,c_fac_011,to,0
m026100,c_maya,to,0
m026101,c_fac_012,to,0
m026102,c_maya,to,0
m026103,c_fac_013,to,0
m026104,c_maya,to,0
m026105,c_fac_014,to,0
m026106,c_maya,to,0
m026107,c_fac_015,to,0
m026108,c_maya,to,0
m026109,c_fac_016,to,0
m026110,c_maya,to,0
m026111,c_fac_017,to,0
m026112,c_maya,to,0
m026113,c_noah,to,0
m026113,c_elena,to,1
m026113,c_taylor,to,2
m026113,c_chris,cc,3
m026114,c_maya,to,0
m026115,c_noah,to,0
m026115,c_elena,to,1
m026115,c_taylor,to,2
m026115,c_chris,cc,3
m026116,c_maya,to,0
m026117,c_noah,to,0
m026117,c_elena,to,1
m026117,c_taylor,to,2
m026117,c_chris,cc,3
m026118,c_maya,to,0
m026119,c_noah,to,0
m026119,c_elena,to,1
m026119,c_taylor,to,2
m026119,c_chris,cc,3
m026120,c_maya,to,0
m026121,c_noah,to,0
m026121,c_elena,to,1
m026121,c_taylor,to,2
m026121,c_chris,cc,3
m026122,c_maya,to,0
m026123,c_noah,to,0
m026123,c_elena,to,1
m026123,c_taylor,to,2
m026123,c_chris,cc,3
m026124,c_maya,to,0
m026125,c_noah,to,0
m026125,c_elena,to,1
m026125,c_taylor,to,2
m026125,c_chris,cc,3
m026126,c_maya,to,0
m026127,c_noah,to,0
m026127,c_elena,to,1
m026127,c_taylor,to,2
m026127,c_chris,cc,3
m026128,c_maya,to,0
m026129,c_noah,to,0
m026129,c_elena,to,1
m026129,c_taylor,to,2
m026129,c_chris,cc,3
m026130,c_maya,to,0
m026131,c_noah,to,0
m026131,c_elena,to,1
m026131,c_taylor,to,2
m026131,c_chris,cc,3
m026132,c_maya,to,0
m026133,c_noah,to,0
m026133,c_elena,to,1
m026133,c_taylor,to,2
m026133,c_chris,cc,3
m026134,c_maya,to,0
m026135,c_noah,to,0
m026135,c_elena,to,1
m026135,c_taylor,to,2
m026135,c_chris,cc,3
m026136,c_maya,to,0
m026137,c_noah,to,0
m026137,c_elena,to,1
m026137,c_taylor,to,2
m026137,c_chris,cc,3
m026138,c_maya,to,0
m026139,c_noah,to,0
m026139,c_elena,to,1
m026139,c_taylor,to,2
m026139,c_chris,cc,3
m026140,c_maya,to,0
m026141,c_noah,to,0
m026141,c_elena,to,1
m026141,c_taylor,to,2
m026141,c_chris,cc,3
m026142,c_maya,to,0
m026143,c_noah,to,0
m026143,c_elena,to,1
m026143,c_taylor,to,2
m026143,c_chris,cc,3
m026144,c_maya,to,0
m026145,c_noah,to,0
m026145,c_elena,to,1
m026145,c_taylor,to,2
m026145,c_chris,cc,3
m026146,c_maya,to,0
m026147,c_noah,to,0
m026147,c_elena,to,1
m026147,c_taylor,to,2
m026147,c_chris,cc,3
m026148,c_maya,to,0
m026149,c_noah,to,0
m026149,c_elena,to,1
m026149,c_taylor,to,2
m026149,c_chris,cc,3
m026150,c_maya,to,0
m026151,c_noah,to,0
m026151,c_elena,to,1
m026151,c_taylor,to,2
m026151,c_chris,cc,3
m026152,c_maya,to,0
m026153,c_noah,to,0
m026153,c_elena,to,1
m026153,c_taylor,to,2
m026153,c_chris,cc,3
m026154,c_maya,to,0
m026155,c_noah,to,0
m026155,c_elena,to,1
m026155,c_taylor,to,2
m026155,c_chris,cc,3
m026156,c_maya,to,0
m026157,c_noah,to,0
m026157,c_elena,to,1
m026157,c_taylor,to,2
m026157,c_chris,cc,3
m026158,c_maya,to,0
m026159,c_noah,to,0
m026159,c_elena,to,1
m026159,c_taylor,to,2
m026159,c_chris,cc,3
m026160,c_maya,to,0
m026161,c_noah,to,0
m026161,c_elena,to,1
m026161,c_taylor,to,2
m026161,c_chris,cc,3
m026162,c_maya,to,0
m026163,c_noah,to,0
m026163,c_elena,to,1
m026163,c_taylor,to,2
m026163,c_chris,cc,3
m026164,c_maya,to,0
m026165,c_noah,to,0
m026165,c_elena,to,1
m026165,c_taylor,to,2
m026165,c_chris,cc,3
m026166,c_maya,to,0
m026167,c_noah,to,0
m026167,c_elena,to,1
m026167,c_taylor,to,2
m026167,c_chris,cc,3
m026168,c_maya,to,0
m026169,c_noah,to,0
m026169,c_elena,to,1
m026169,c_taylor,to,2
m026169,c_chris,cc,3
m026170,c_maya,to,0
m026171,c_noah,to,0
m026171,c_elena,to,1
m026171,c_taylor,to,2
m026171,c_chris,cc,3
m026172,c_maya,to,0
m026173,c_noah,to,0
m026173,c_elena,to,1
m026173,c_taylor,to,2
m026173,c_chris,cc,3
m026174,c_maya,to,0
m026175,c_noah,to,0
m026175,c_elena,to,1
m026175,c_taylor,to,2
m026175,c_chris,cc,3
m026176,c_maya,to,0
m026177,c_noah,to,0
m026177,c_elena,to,1
m026177,c_taylor,to,2
m026177,c_chris,cc,3
m026178,c_maya,to,0
m026179,c_noah,to,0
m026179,c_elena,to,1
m026179,c_taylor,to,2
m026179,c_chris,cc,3
m026180,c_maya,to,0
m026181,c_noah,to,0
m026181,c_elena,to,1
m026181,c_taylor,to,2
m026181,c_chris,cc,3
m026182,c_maya,to,0
m026183,c_noah,to,0
m026183,c_elena,to,1
m026183,c_taylor,to,2
m026183,c_chris,cc,3
m026184,c_maya,to,0
m026185,c_noah,to,0
m026185,c_elena,to,1
m026185,c_taylor,to,2
m026185,c_chris,cc,3
m026186,c_maya,to,0
m026187,c_noah,to,0
m026187,c_elena,to,1
m026187,c_taylor,to,2
m026187,c_chris,cc,3
m026188,c_maya,to,0
m026189,c_noah,to,0
m026189,c_elena,to,1
m026189,c_taylor,to,2
m026189,c_chris,cc,3
m026190,c_maya,to,0
m026191,c_noah,to,0
m026191,c_elena,to,1
m026191,c_taylor,to,2
m026191,c_chris,cc,3
m026192,c_maya,to,0
m026193,c_chris,to,0
m026193,c_noah,to,1
m026193,c_elena,to,2
m026193,c_marcus,cc,3
m026194,c_maya,to,0
m026195,c_chris,to,0
m026195,c_noah,to,1
m026195,c_elena,to,2
m026195,c_marcus,cc,3
m026196,c_maya,to,0
m026197,c_chris,to,0
m026197,c_noah,to,1
m026197,c_elena,to,2
m026197,c_marcus,cc,3
m026198,c_maya,to,0
m026199,c_chris,to,0
m026199,c_noah,to,1
m026199,c_elena,to,2
m026199,c_marcus,cc,3
m026200,c_maya,to,0
m026201,c_priya,to,0
m026201,c_quinn,cc,1
m026202,c_maya,to,0
m026203,c_priya,to,0
m026203,c_quinn,cc,1
m026204,c_maya,to,0
m026205,c_priya,to,0
m026205,c_quinn,cc,1
m026206,c_maya,to,0
m026207,c_priya,to,0
m026207,c_quinn,cc,1
m026208,c_maya,to,0
m026209,c_priya,to,0
m026209,c_quinn,cc,1
m026210,c_maya,to,0
m026211,c_priya,to,0
m026211,c_quinn,cc,1
m026212,c_maya,to,0
m026213,c_elena,to,0
m026213,c_taylor,to,1
m026213,c_lena,to,2
m026214,c_noah,to,0
m026215,c_elena,to,0
m026215,c_taylor,to,1
m026215,c_lena,to,2
m026216,c_noah,to,0
m026217,c_elena,to,0
m026217,c_taylor,to,1
m026217,c_lena,to,2
m026218,c_noah,to,0
m026219,c_elena,to,0
m026219,c_taylor,to,1
m026219,c_lena,to,2
m026220,c_noah,to,0
m026221,c_elena,to,0
m026221,c_taylor,to,1
m026221,c_lena,to,2
m026222,c_noah,to,0
m026223,c_elena,to,0
m026223,c_taylor,to,1
m026223,c_lena,to,2
m026224,c_noah,to,0
m026225,c_noah,to,0
m026225,c_taylor,to,1
m026225,c_chris,cc,2
m026226,c_elena,to,0
m026227,c_noah,to,0
m026227,c_taylor,to,1
m026227,c_chris,cc,2
m026228,c_elena,to,0
m026229,c_noah,to,0
m026229,c_taylor,to,1
m026229,c_chris,cc,2
m026230,c_elena,to,0
m026231,c_noah,to,0
m026231,c_taylor,to,1
m026231,c_chris,cc,2
m026232,c_elena,to,0
m026233,c_noah,to,0
m026234,c_taylor,to,0
m026235,c_noah,to,0
m026236,c_taylor,to,0
m026237,c_avery,to,0
m026237,c_devon,to,1
m026238,c_alex_chan,to,0
m026239,c_avery,to,0
m026239,c_devon,to,1
m026240,c_alex_chan,to,0
m026241,c_maya,to,0
m026242,c_alex_chen,to,0
m026243,c_quinn,to,0
m026244,c_priya,to,0
m026245,c_marcus,to,0
m026246,c_chris,to,0
m026247,c_marcus,to,0
m026248,c_chris,to,0
m026249,c_hana,to,0
m026250,c_sam,to,0
m026251,c_alex_chan,to,0
m026252,c_maya,to,0
m026253,c_alex_chan,to,0
m026254,c_maya,to,0
m026255,c_alex_chan,to,0
m026256,c_maya,to,0
m026257,c_alex_chan,to,0
m026258,c_maya,to,0
m026259,c_alex_chan,to,0
m026260,c_maya,to,0
m026261,c_alex_chan,to,0
m026262,c_maya,to,0
m026263,c_jamie_lee,to,0
m026264,c_maya,to,0
m026265,c_jamie_lee,to,0
m026266,c_maya,to,0
m026267,c_jamie_lee,to,0
m026268,c_maya,to,0
m026269,c_jamie_lee,to,0
m026270,c_maya,to,0
m026271,c_jamie_lee,to,0
m026272,c_maya,to,0
m026273,c_jamie_lee,to,0
m026274,c_maya,to,0
m026275,c_morgan_shaw,to,0
m026276,c_maya,to,0
m026277,c_morgan_shaw,to,0
m026278,c_maya,to,0
m026279,c_morgan_shaw,to,0
m026280,c_maya,to,0
m026281,c_morgan_shaw,to,0
m026282,c_maya,to,0
m026283,c_morgan_shaw,to,0
m026284,c_maya,to,0
m026285,c_morgan_shaw,to,0
m026286,c_maya,to,0
m026287,c_alex_chen,to,0
m026288,c_maya,to,0
m026289,c_alex_chen,to,0
m026290,c_maya,to,0
m026291,c_alex_chen,to,0
m026292,c_maya,to,0
m026293,c_alex_chen,to,0
m026294,c_maya,to,0
m026295,c_jamie_li,to,0
m026296,c_maya,to,0
m026297,c_jamie_li,to,0
m026298,c_maya,to,0
m026299,c_jamie_li,to,0
m026300,c_maya,to,0
m026301,c_jamie_li,to,0
m026302,c_maya,to,0
m026303,c_morgan_zhao,to,0
m026304,c_maya,to,0
m026305,c_morgan_zhao,to,0
m026306,c_maya,to,0
m026307,c_morgan_zhao,to,0
m026308,c_maya,to,0
m026309,c_morgan_zhao,to,0
m026310,c_maya,to,0
m026311,c_lee,to,0
m026312,c_maya,to,0
m026313,c_lee,to,0
m026314,c_maya,to,0
m026315,c_lee,to,0
m026316,c_maya,to,0
m026317,c_lee,to,0
m026318,c_maya,to,0
m026319,c_lee,to,0
m026320,c_maya,to,0
m026321,c_lee,to,0
m026322,c_maya,to,0
m026323,c_pat,to,0
m026324,c_maya,to,0
m026325,c_pat,to,0
m026326,c_maya,to,0
m026327,c_pat,to,0
m026328,c_maya,to,0
m026329,c_pat,to,0
m026330,c_maya,to,0
m026331,c_pat,to,0
m026332,c_maya,to,0
m026333,c_pat,to,0
m026334,c_maya,to,0
m026335,c_ren,to,0
m026336,c_maya,to,0
m026337,c_ren,to,0
m026338,c_maya,to,0
m026339,c_ren,to,0
m026340,c_maya,to,0
m026341,c_ren,to,0
m026342,c_maya,to,0
m026343,c_ren,to,0
m026344,c_maya,to,0
m026345,c_ren,to,0
m026346,c_maya,to,0
m026347,c_sam,to,0
m026348,c_maya,to,0
m026349,c_hana,to,0
m026350,c_maya,to,0
m026351,c_fac_001,to,0
m026352,c_maya,to,0
m026353,c_fac_002,to,0
m026354,c_maya,to,0
m026355,c_fac_003,to,0
m026356,c_maya,to,0
m026357,c_fac_004,to,0
m026358,c_maya,to,0
m026359,c_fac_005,to,0
m026360,c_maya,to,0
m026361,c_fac_006,to,0
m026362,c_maya,to,0
m026363,c_fac_007,to,0
m026364,c_maya,to,0
m026365,c_fac_008,to,0
m026366,c_maya,to,0
m026367,c_fac_009,to,0
m026368,c_maya,to,0
m026369,c_fac_010,to,0
m026370,c_maya,to,0
m026371,c_fac_011,to,0
m026372,c_maya,to,0
m026373,c_fac_012,to,0
m026374,c_maya,to,0
m026375,c_fac_013,to,0
m026376,c_maya,to,0
m026377,c_fac_014,to,0
m026378,c_maya,to,0
m026379,c_fac_015,to,0
m026380,c_maya,to,0
m026381,c_fac_016,to,0
m026382,c_maya,to,0
m026383,c_fac_017,to,0
m026384,c_maya,to,0
m026385,c_noah,to,0
m026385,c_elena,to,1
m026385,c_taylor,to,2
m026385,c_chris,cc,3
m026386,c_maya,to,0
m026387,c_noah,to,0
m026387,c_elena,to,1
m026387,c_taylor,to,2
m026387,c_chris,cc,3
m026388,c_maya,to,0
m026389,c_noah,to,0
m026389,c_elena,to,1
m026389,c_taylor,to,2
m026389,c_chris,cc,3
m026390,c_maya,to,0
m026391,c_noah,to,0
m026391,c_elena,to,1
m026391,c_taylor,to,2
m026391,c_chris,cc,3
m026392,c_maya,to,0
m026393,c_noah,to,0
m026393,c_elena,to,1
m026393,c_taylor,to,2
m026393,c_chris,cc,3
m026394,c_maya,to,0
m026395,c_noah,to,0
m026395,c_elena,to,1
m026395,c_taylor,to,2
m026395,c_chris,cc,3
m026396,c_maya,to,0
m026397,c_noah,to,0
m026397,c_elena,to,1
m026397,c_taylor,to,2
m026397,c_chris,cc,3
m026398,c_maya,to,0
m026399,c_noah,to,0
m026399,c_elena,to,1
m026399,c_taylor,to,2
m026399,c_chris,cc,3
m026400,c_maya,to,0
m026401,c_noah,to,0
m026401,c_elena,to,1
m026401,c_taylor,to,2
m026401,c_chris,cc,3
m026402,c_maya,to,0
m026403,c_noah,to,0
m026403,c_elena,to,1
m026403,c_taylor,to,2
m026403,c_chris,cc,3
m026404,c_maya,to,0
m026405,c_noah,to,0
m026405,c_elena,to,1
m026405,c_taylor,to,2
m026405,c_chris,cc,3
m026406,c_maya,to,0
m026407,c_noah,to,0
m026407,c_elena,to,1
m026407,c_taylor,to,2
m026407,c_chris,cc,3
m026408,c_maya,to,0
m026409,c_noah,to,0
m026409,c_elena,to,1
m026409,c_taylor,to,2
m026409,c_chris,cc,3
m026410,c_maya,to,0
m026411,c_noah,to,0
m026411,c_elena,to,1
m026411,c_taylor,to,2
m026411,c_chris,cc,3
m026412,c_maya,to,0
m026413,c_noah,to,0
m026413,c_elena,to,1
m026413,c_taylor,to,2
m026413,c_chris,cc,3
m026414,c_maya,to,0
m026415,c_noah,to,0
m026415,c_elena,to,1
m026415,c_taylor,to,2
m026415,c_chris,cc,3
m026416,c_maya,to,0
m026417,c_noah,to,0
m026417,c_elena,to,1
m026417,c_taylor,to,2
m026417,c_chris,cc,3
m026418,c_maya,to,0
m026419,c_noah,to,0
m026419,c_elena,to,1
m026419,c_taylor,to,2
m026419,c_chris,cc,3
m026420,c_maya,to,0
m026421,c_noah,to,0
m026421,c_elena,to,1
m026421,c_taylor,to,2
m026421,c_chris,cc,3
m026422,c_maya,to,0
m026423,c_noah,to,0
m026423,c_elena,to,1
m026423,c_taylor,to,2
m026423,c_chris,cc,3
m026424,c_maya,to,0
m026425,c_noah,to,0
m026425,c_elena,to,1
m026425,c_taylor,to,2
m026425,c_chris,cc,3
m026426,c_maya,to,0
m026427,c_noah,to,0
m026427,c_elena,to,1
m026427,c_taylor,to,2
m026427,c_chris,cc,3
m026428,c_maya,to,0
m026429,c_noah,to,0
m026429,c_elena,to,1
m026429,c_taylor,to,2
m026429,c_chris,cc,3
m026430,c_maya,to,0
m026431,c_noah,to,0
m026431,c_elena,to,1
m026431,c_taylor,to,2
m026431,c_chris,cc,3
m026432,c_maya,to,0
m026433,c_noah,to,0
m026433,c_elena,to,1
m026433,c_taylor,to,2
m026433,c_chris,cc,3
m026434,c_maya,to,0
m026435,c_noah,to,0
m026435,c_elena,to,1
m026435,c_taylor,to,2
m026435,c_chris,cc,3
m026436,c_maya,to,0
m026437,c_noah,to,0
m026437,c_elena,to,1
m026437,c_taylor,to,2
m026437,c_chris,cc,3
m026438,c_maya,to,0
m026439,c_noah,to,0
m026439,c_elena,to,1
m026439,c_taylor,to,2
m026439,c_chris,cc,3
m026440,c_maya,to,0
m026441,c_noah,to,0
m026441,c_elena,to,1
m026441,c_taylor,to,2
m026441,c_chris,cc,3
m026442,c_maya,to,0
m026443,c_noah,to,0
m026443,c_elena,to,1
m026443,c_taylor,to,2
m026443,c_chris,cc,3
m026444,c_maya,to,0
m026445,c_noah,to,0
m026445,c_elena,to,1
m026445,c_taylor,to,2
m026445,c_chris,cc,3
m026446,c_maya,to,0
m026447,c_noah,to,0
m026447,c_elena,to,1
m026447,c_taylor,to,2
m026447,c_chris,cc,3
m026448,c_maya,to,0
m026449,c_noah,to,0
m026449,c_elena,to,1
m026449,c_taylor,to,2
m026449,c_chris,cc,3
m026450,c_maya,to,0
m026451,c_noah,to,0
m026451,c_elena,to,1
m026451,c_taylor,to,2
m026451,c_chris,cc,3
m026452,c_maya,to,0
m026453,c_noah,to,0
m026453,c_elena,to,1
m026453,c_taylor,to,2
m026453,c_chris,cc,3
m026454,c_maya,to,0
m026455,c_noah,to,0
m026455,c_elena,to,1
m026455,c_taylor,to,2
m026455,c_chris,cc,3
m026456,c_maya,to,0
m026457,c_noah,to,0
m026457,c_elena,to,1
m026457,c_taylor,to,2
m026457,c_chris,cc,3
m026458,c_maya,to,0
m026459,c_noah,to,0
m026459,c_elena,to,1
m026459,c_taylor,to,2
m026459,c_chris,cc,3
m026460,c_maya,to,0
m026461,c_noah,to,0
m026461,c_elena,to,1
m026461,c_taylor,to,2
m026461,c_chris,cc,3
m026462,c_maya,to,0
m026463,c_noah,to,0
m026463,c_elena,to,1
m026463,c_taylor,to,2
m026463,c_chris,cc,3
m026464,c_maya,to,0
m026465,c_chris,to,0
m026465,c_noah,to,1
m026465,c_elena,to,2
m026465,c_marcus,cc,3
m026466,c_maya,to,0
m026467,c_chris,to,0
m026467,c_noah,to,1
m026467,c_elena,to,2
m026467,c_marcus,cc,3
m026468,c_maya,to,0
m026469,c_chris,to,0
m026469,c_noah,to,1
m026469,c_elena,to,2
m026469,c_marcus,cc,3
m026470,c_maya,to,0
m026471,c_chris,to,0
m026471,c_noah,to,1
m026471,c_elena,to,2
m026471,c_marcus,cc,3
m026472,c_maya,to,0
m026473,c_priya,to,0
m026473,c_quinn,cc,1
m026474,c_maya,to,0
m026475,c_priya,to,0
m026475,c_quinn,cc,1
m026476,c_maya,to,0
m026477,c_priya,to,0
m026477,c_quinn,cc,1
m026478,c_maya,to,0
m026479,c_priya,to,0
m026479,c_quinn,cc,1
m026480,c_maya,to,0
m026481,c_priya,to,0
m026481,c_quinn,cc,1
m026482,c_maya,to,0
m026483,c_priya,to,0
m026483,c_quinn,cc,1
m026484,c_maya,to,0
m026485,c_elena,to,0
m026485,c_taylor,to,1
m026485,c_lena,to,2
m026486,c_noah,to,0
m026487,c_elena,to,0
m026487,c_taylor,to,1
m026487,c_lena,to,2
m026488,c_noah,to,0
m026489,c_elena,to,0
m026489,c_taylor,to,1
m026489,c_lena,to,2
m026490,c_noah,to,0
m026491,c_elena,to,0
m026491,c_taylor,to,1
m026491,c_lena,to,2
m026492,c_noah,to,0
m026493,c_elena,to,0
m026493,c_taylor,to,1
m026493,c_lena,to,2
m026494,c_noah,to,0
m026495,c_elena,to,0
m026495,c_taylor,to,1
m026495,c_lena,to,2
m026496,c_noah,to,0
m026497,c_noah,to,0
m026497,c_taylor,to,1
m026497,c_chris,cc,2
m026498,c_elena,to,0
m026499,c_noah,to,0
m026499,c_taylor,to,1
m026499,c_chris,cc,2
m026500,c_elena,to,0
m026501,c_noah,to,0
m026501,c_taylor,to,1
m026501,c_chris,cc,2
m026502,c_elena,to,0
m026503,c_noah,to,0
m026503,c_taylor,to,1
m026503,c_chris,cc,2
m026504,c_elena,to,0
m026505,c_noah,to,0
m026506,c_taylor,to,0
m026507,c_noah,to,0
m026508,c_taylor,to,0
m026509,c_avery,to,0
m026509,c_devon,to,1
m026510,c_alex_chan,to,0
m026511,c_avery,to,0
m026511,c_devon,to,1
m026512,c_alex_chan,to,0
m026513,c_maya,to,0
m026514,c_alex_chen,to,0
m026515,c_quinn,to,0
m026516,c_priya,to,0
m026517,c_marcus,to,0
m026518,c_chris,to,0
m026519,c_marcus,to,0
m026520,c_chris,to,0
m026521,c_hana,to,0
m026522,c_sam,to,0
m026523,c_alex_chan,to,0
m026524,c_maya,to,0
m026525,c_alex_chan,to,0
m026526,c_maya,to,0
m026527,c_alex_chan,to,0
m026528,c_maya,to,0
m026529,c_alex_chan,to,0
m026530,c_maya,to,0
m026531,c_alex_chan,to,0
m026532,c_maya,to,0
m026533,c_alex_chan,to,0
m026534,c_maya,to,0
m026535,c_jamie_lee,to,0
m026536,c_maya,to,0
m026537,c_jamie_lee,to,0
m026538,c_maya,to,0
m026539,c_jamie_lee,to,0
m026540,c_maya,to,0
m026541,c_jamie_lee,to,0
m026542,c_maya,to,0
m026543,c_jamie_lee,to,0
m026544,c_maya,to,0
m026545,c_jamie_lee,to,0
m026546,c_maya,to,0
m026547,c_morgan_shaw,to,0
m026548,c_maya,to,0
m026549,c_morgan_shaw,to,0
m026550,c_maya,to,0
m026551,c_morgan_shaw,to,0
m026552,c_maya,to,0
m026553,c_morgan_shaw,to,0
m026554,c_maya,to,0
m026555,c_morgan_shaw,to,0
m026556,c_maya,to,0
m026557,c_morgan_shaw,to,0
m026558,c_maya,to,0
m026559,c_alex_chen,to,0
m026560,c_maya,to,0
m026561,c_alex_chen,to,0
m026562,c_maya,to,0
m026563,c_alex_chen,to,0
m026564,c_maya,to,0
m026565,c_alex_chen,to,0
m026566,c_maya,to,0
m026567,c_jamie_li,to,0
m026568,c_maya,to,0
m026569,c_jamie_li,to,0
m026570,c_maya,to,0
m026571,c_jamie_li,to,0
m026572,c_maya,to,0
m026573,c_jamie_li,to,0
m026574,c_maya,to,0
m026575,c_morgan_zhao,to,0
m026576,c_maya,to,0
m026577,c_morgan_zhao,to,0
m026578,c_maya,to,0
m026579,c_morgan_zhao,to,0
m026580,c_maya,to,0
m026581,c_morgan_zhao,to,0
m026582,c_maya,to,0
m026583,c_lee,to,0
m026584,c_maya,to,0
m026585,c_lee,to,0
m026586,c_maya,to,0
m026587,c_lee,to,0
m026588,c_maya,to,0
m026589,c_lee,to,0
m026590,c_maya,to,0
m026591,c_lee,to,0
m026592,c_maya,to,0
m026593,c_lee,to,0
m026594,c_maya,to,0
m026595,c_pat,to,0
m026596,c_maya,to,0
m026597,c_pat,to,0
m026598,c_maya,to,0
m026599,c_pat,to,0
m026600,c_maya,to,0
m026601,c_pat,to,0
m026602,c_maya,to,0
m026603,c_pat,to,0
m026604,c_maya,to,0
m026605,c_pat,to,0
m026606,c_maya,to,0
m026607,c_ren,to,0
m026608,c_maya,to,0
m026609,c_ren,to,0
m026610,c_maya,to,0
m026611,c_ren,to,0
m026612,c_maya,to,0
m026613,c_ren,to,0
m026614,c_maya,to,0
m026615,c_ren,to,0
m026616,c_maya,to,0
m026617,c_ren,to,0
m026618,c_maya,to,0
m026619,c_sam,to,0
m026620,c_maya,to,0
m026621,c_hana,to,0
m026622,c_maya,to,0
m026623,c_fac_001,to,0
m026624,c_maya,to,0
m026625,c_fac_002,to,0
m026626,c_maya,to,0
m026627,c_fac_003,to,0
m026628,c_maya,to,0
m026629,c_fac_004,to,0
m026630,c_maya,to,0
m026631,c_fac_005,to,0
m026632,c_maya,to,0
m026633,c_fac_006,to,0
m026634,c_maya,to,0
m026635,c_fac_007,to,0
m026636,c_maya,to,0
m026637,c_fac_008,to,0
m026638,c_maya,to,0
m026639,c_fac_009,to,0
m026640,c_maya,to,0
m026641,c_fac_010,to,0
m026642,c_maya,to,0
m026643,c_fac_011,to,0
m026644,c_maya,to,0
m026645,c_fac_012,to,0
m026646,c_maya,to,0
m026647,c_fac_013,to,0
m026648,c_maya,to,0
m026649,c_fac_014,to,0
m026650,c_maya,to,0
m026651,c_fac_015,to,0
m026652,c_maya,to,0
m026653,c_fac_016,to,0
m026654,c_maya,to,0
m026655,c_fac_017,to,0
m026656,c_maya,to,0
m026657,c_noah,to,0
m026657,c_elena,to,1
m026657,c_taylor,to,2
m026657,c_chris,cc,3
m026658,c_maya,to,0
m026659,c_noah,to,0
m026659,c_elena,to,1
m026659,c_taylor,to,2
m026659,c_chris,cc,3
m026660,c_maya,to,0
m026661,c_noah,to,0
m026661,c_elena,to,1
m026661,c_taylor,to,2
m026661,c_chris,cc,3
m026662,c_maya,to,0
m026663,c_noah,to,0
m026663,c_elena,to,1
m026663,c_taylor,to,2
m026663,c_chris,cc,3
m026664,c_maya,to,0
m026665,c_noah,to,0
m026665,c_elena,to,1
m026665,c_taylor,to,2
m026665,c_chris,cc,3
m026666,c_maya,to,0
m026667,c_noah,to,0
m026667,c_elena,to,1
m026667,c_taylor,to,2
m026667,c_chris,cc,3
m026668,c_maya,to,0
m026669,c_noah,to,0
m026669,c_elena,to,1
m026669,c_taylor,to,2
m026669,c_chris,cc,3
m026670,c_maya,to,0
m026671,c_noah,to,0
m026671,c_elena,to,1
m026671,c_taylor,to,2
m026671,c_chris,cc,3
m026672,c_maya,to,0
m026673,c_noah,to,0
m026673,c_elena,to,1
m026673,c_taylor,to,2
m026673,c_chris,cc,3
m026674,c_maya,to,0
m026675,c_noah,to,0
m026675,c_elena,to,1
m026675,c_taylor,to,2
m026675,c_chris,cc,3
m026676,c_maya,to,0
m026677,c_noah,to,0
m026677,c_elena,to,1
m026677,c_taylor,to,2
m026677,c_chris,cc,3
m026678,c_maya,to,0
m026679,c_noah,to,0
m026679,c_elena,to,1
m026679,c_taylor,to,2
m026679,c_chris,cc,3
m026680,c_maya,to,0
m026681,c_noah,to,0
m026681,c_elena,to,1
m026681,c_taylor,to,2
m026681,c_chris,cc,3
m026682,c_maya,to,0
m026683,c_noah,to,0
m026683,c_elena,to,1
m026683,c_taylor,to,2
m026683,c_chris,cc,3
m026684,c_maya,to,0
m026685,c_noah,to,0
m026685,c_elena,to,1
m026685,c_taylor,to,2
m026685,c_chris,cc,3
m026686,c_maya,to,0
m026687,c_noah,to,0
m026687,c_elena,to,1
m026687,c_taylor,to,2
m026687,c_chris,cc,3
m026688,c_maya,to,0
m026689,c_noah,to,0
m026689,c_elena,to,1
m026689,c_taylor,to,2
m026689,c_chris,cc,3
m026690,c_maya,to,0
m026691,c_noah,to,0
m026691,c_elena,to,1
m026691,c_taylor,to,2
m026691,c_chris,cc,3
m026692,c_maya,to,0
m026693,c_noah,to,0
m026693,c_elena,to,1
m026693,c_taylor,to,2
m026693,c_chris,cc,3
m026694,c_maya,to,0
m026695,c_noah,to,0
m026695,c_elena,to,1
m026695,c_taylor,to,2
m026695,c_chris,cc,3
m026696,c_maya,to,0
m026697,c_noah,to,0
m026697,c_elena,to,1
m026697,c_taylor,to,2
m026697,c_chris,cc,3
m026698,c_maya,to,0
m026699,c_noah,to,0
m026699,c_elena,to,1
m026699,c_taylor,to,2
m026699,c_chris,cc,3
m026700,c_maya,to,0
m026701,c_noah,to,0
m026701,c_elena,to,1
m026701,c_taylor,to,2
m026701,c_chris,cc,3
m026702,c_maya,to,0
m026703,c_noah,to,0
m026703,c_elena,to,1
m026703,c_taylor,to,2
m026703,c_chris,cc,3
m026704,c_maya,to,0
m026705,c_noah,to,0
m026705,c_elena,to,1
m026705,c_taylor,to,2
m026705,c_chris,cc,3
m026706,c_maya,to,0
m026707,c_noah,to,0
m026707,c_elena,to,1
m026707,c_taylor,to,2
m026707,c_chris,cc,3
m026708,c_maya,to,0
m026709,c_noah,to,0
m026709,c_elena,to,1
m026709,c_taylor,to,2
m026709,c_chris,cc,3
m026710,c_maya,to,0
m026711,c_noah,to,0
m026711,c_elena,to,1
m026711,c_taylor,to,2
m026711,c_chris,cc,3
m026712,c_maya,to,0
m026713,c_noah,to,0
m026713,c_elena,to,1
m026713,c_taylor,to,2
m026713,c_chris,cc,3
m026714,c_maya,to,0
m026715,c_noah,to,0
m026715,c_elena,to,1
m026715,c_taylor,to,2
m026715,c_chris,cc,3
m026716,c_maya,to,0
m026717,c_noah,to,0
m026717,c_elena,to,1
m026717,c_taylor,to,2
m026717,c_chris,cc,3
m026718,c_maya,to,0
m026719,c_noah,to,0
m026719,c_elena,to,1
m026719,c_taylor,to,2
m026719,c_chris,cc,3
m026720,c_maya,to,0
m026721,c_noah,to,0
m026721,c_elena,to,1
m026721,c_taylor,to,2
m026721,c_chris,cc,3
m026722,c_maya,to,0
m026723,c_noah,to,0
m026723,c_elena,to,1
m026723,c_taylor,to,2
m026723,c_chris,cc,3
m026724,c_maya,to,0
m026725,c_noah,to,0
m026725,c_elena,to,1
m026725,c_taylor,to,2
m026725,c_chris,cc,3
m026726,c_maya,to,0
m026727,c_noah,to,0
m026727,c_elena,to,1
m026727,c_taylor,to,2
m026727,c_chris,cc,3
m026728,c_maya,to,0
m026729,c_noah,to,0
m026729,c_elena,to,1
m026729,c_taylor,to,2
m026729,c_chris,cc,3
m026730,c_maya,to,0
m026731,c_noah,to,0
m026731,c_elena,to,1
m026731,c_taylor,to,2
m026731,c_chris,cc,3
m026732,c_maya,to,0
m026733,c_noah,to,0
m026733,c_elena,to,1
m026733,c_taylor,to,2
m026733,c_chris,cc,3
m026734,c_maya,to,0
m026735,c_noah,to,0
m026735,c_elena,to,1
m026735,c_taylor,to,2
m026735,c_chris,cc,3
m026736,c_maya,to,0
m026737,c_chris,to,0
m026737,c_noah,to,1
m026737,c_elena,to,2
m026737,c_marcus,cc,3
m026738,c_maya,to,0
m026739,c_chris,to,0
m026739,c_noah,to,1
m026739,c_elena,to,2
m026739,c_marcus,cc,3
m026740,c_maya,to,0
m026741,c_chris,to,0
m026741,c_noah,to,1
m026741,c_elena,to,2
m026741,c_marcus,cc,3
m026742,c_maya,to,0
m026743,c_chris,to,0
m026743,c_noah,to,1
m026743,c_elena,to,2
m026743,c_marcus,cc,3
m026744,c_maya,to,0
m026745,c_priya,to,0
m026745,c_quinn,cc,1
m026746,c_maya,to,0
m026747,c_priya,to,0
m026747,c_quinn,cc,1
m026748,c_maya,to,0
m026749,c_priya,to,0
m026749,c_quinn,cc,1
m026750,c_maya,to,0
m026751,c_priya,to,0
m026751,c_quinn,cc,1
m026752,c_maya,to,0
m026753,c_priya,to,0
m026753,c_quinn,cc,1
m026754,c_maya,to,0
m026755,c_priya,to,0
m026755,c_quinn,cc,1
m026756,c_maya,to,0
m026757,c_elena,to,0
m026757,c_taylor,to,1
m026757,c_lena,to,2
m026758,c_noah,to,0
m026759,c_elena,to,0
m026759,c_taylor,to,1
m026759,c_lena,to,2
m026760,c_noah,to,0
m026761,c_elena,to,0
m026761,c_taylor,to,1
m026761,c_lena,to,2
m026762,c_noah,to,0
m026763,c_elena,to,0
m026763,c_taylor,to,1
m026763,c_lena,to,2
m026764,c_noah,to,0
m026765,c_elena,to,0
m026765,c_taylor,to,1
m026765,c_lena,to,2
m026766,c_noah,to,0
m026767,c_elena,to,0
m026767,c_taylor,to,1
m026767,c_lena,to,2
m026768,c_noah,to,0
m026769,c_noah,to,0
m026769,c_taylor,to,1
m026769,c_chris,cc,2
m026770,c_elena,to,0
m026771,c_noah,to,0
m026771,c_taylor,to,1
m026771,c_chris,cc,2
m026772,c_elena,to,0
m026773,c_noah,to,0
m026773,c_taylor,to,1
m026773,c_chris,cc,2
m026774,c_elena,to,0
m026775,c_noah,to,0
m026775,c_taylor,to,1
m026775,c_chris,cc,2
m026776,c_elena,to,0
m026777,c_noah,to,0
m026778,c_taylor,to,0
m026779,c_noah,to,0
m026780,c_taylor,to,0
m026781,c_avery,to,0
m026781,c_devon,to,1
m026782,c_alex_chan,to,0
m026783,c_avery,to,0
m026783,c_devon,to,1
m026784,c_alex_chan,to,0
m026785,c_maya,to,0
m026786,c_alex_chen,to,0
m026787,c_quinn,to,0
m026788,c_priya,to,0
m026789,c_marcus,to,0
m026790,c_chris,to,0
m026791,c_marcus,to,0
m026792,c_chris,to,0
m026793,c_hana,to,0
m026794,c_sam,to,0
m026795,c_alex_chan,to,0
m026796,c_maya,to,0
m026797,c_alex_chan,to,0
m026798,c_maya,to,0
m026799,c_alex_chan,to,0
m026800,c_maya,to,0
m026801,c_alex_chan,to,0
m026802,c_maya,to,0
m026803,c_alex_chan,to,0
m026804,c_maya,to,0
m026805,c_alex_chan,to,0
m026806,c_maya,to,0
m026807,c_jamie_lee,to,0
m026808,c_maya,to,0
m026809,c_jamie_lee,to,0
m026810,c_maya,to,0
m026811,c_jamie_lee,to,0
m026812,c_maya,to,0
m026813,c_jamie_lee,to,0
m026814,c_maya,to,0
m026815,c_jamie_lee,to,0
m026816,c_maya,to,0
m026817,c_jamie_lee,to,0
m026818,c_maya,to,0
m026819,c_morgan_shaw,to,0
m026820,c_maya,to,0
m026821,c_morgan_shaw,to,0
m026822,c_maya,to,0
m026823,c_morgan_shaw,to,0
m026824,c_maya,to,0
m026825,c_morgan_shaw,to,0
m026826,c_maya,to,0
m026827,c_morgan_shaw,to,0
m026828,c_maya,to,0
m026829,c_morgan_shaw,to,0
m026830,c_maya,to,0
m026831,c_alex_chen,to,0
m026832,c_maya,to,0
m026833,c_alex_chen,to,0
m026834,c_maya,to,0
m026835,c_alex_chen,to,0
m026836,c_maya,to,0
m026837,c_alex_chen,to,0
m026838,c_maya,to,0
m026839,c_jamie_li,to,0
m026840,c_maya,to,0
m026841,c_jamie_li,to,0
m026842,c_maya,to,0
m026843,c_jamie_li,to,0
m026844,c_maya,to,0
m026845,c_jamie_li,to,0
m026846,c_maya,to,0
m026847,c_morgan_zhao,to,0
m026848,c_maya,to,0
m026849,c_morgan_zhao,to,0
m026850,c_maya,to,0
m026851,c_morgan_zhao,to,0
m026852,c_maya,to,0
m026853,c_morgan_zhao,to,0
m026854,c_maya,to,0
m026855,c_lee,to,0
m026856,c_maya,to,0
m026857,c_lee,to,0
m026858,c_maya,to,0
m026859,c_lee,to,0
m026860,c_maya,to,0
m026861,c_lee,to,0
m026862,c_maya,to,0
m026863,c_lee,to,0
m026864,c_maya,to,0
m026865,c_lee,to,0
m026866,c_maya,to,0
m026867,c_pat,to,0
m026868,c_maya,to,0
m026869,c_pat,to,0
m026870,c_maya,to,0
m026871,c_pat,to,0
m026872,c_maya,to,0
m026873,c_pat,to,0
m026874,c_maya,to,0
m026875,c_pat,to,0
m026876,c_maya,to,0
m026877,c_pat,to,0
m026878,c_maya,to,0
m026879,c_ren,to,0
m026880,c_maya,to,0
m026881,c_ren,to,0
m026882,c_maya,to,0
m026883,c_ren,to,0
m026884,c_maya,to,0
m026885,c_ren,to,0
m026886,c_maya,to,0
m026887,c_ren,to,0
m026888,c_maya,to,0
m026889,c_ren,to,0
m026890,c_maya,to,0
m026891,c_sam,to,0
m026892,c_maya,to,0
m026893,c_hana,to,0
m026894,c_maya,to,0
m026895,c_fac_001,to,0
m026896,c_maya,to,0
m026897,c_fac_002,to,0
m026898,c_maya,to,0
m026899,c_fac_003,to,0
m026900,c_maya,to,0
m026901,c_fac_004,to,0
m026902,c_maya,to,0
m026903,c_fac_005,to,0
m026904,c_maya,to,0
m026905,c_fac_006,to,0
m026906,c_maya,to,0
m026907,c_fac_007,to,0
m026908,c_maya,to,0
m026909,c_fac_008,to,0
m026910,c_maya,to,0
m026911,c_fac_009,to,0
m026912,c_maya,to,0
m026913,c_fac_010,to,0
m026914,c_maya,to,0
m026915,c_fac_011,to,0
m026916,c_maya,to,0
m026917,c_fac_012,to,0
m026918,c_maya,to,0
m026919,c_fac_013,to,0
m026920,c_maya,to,0
m026921,c_fac_014,to,0
m026922,c_maya,to,0
m026923,c_fac_015,to,0
m026924,c_maya,to,0
m026925,c_fac_016,to,0
m026926,c_maya,to,0
m026927,c_fac_017,to,0
m026928,c_maya,to,0
m026929,c_noah,to,0
m026929,c_elena,to,1
m026929,c_taylor,to,2
m026929,c_chris,cc,3
m026930,c_maya,to,0
m026931,c_noah,to,0
m026931,c_elena,to,1
m026931,c_taylor,to,2
m026931,c_chris,cc,3
m026932,c_maya,to,0
m026933,c_noah,to,0
m026933,c_elena,to,1
m026933,c_taylor,to,2
m026933,c_chris,cc,3
m026934,c_maya,to,0
m026935,c_noah,to,0
m026935,c_elena,to,1
m026935,c_taylor,to,2
m026935,c_chris,cc,3
m026936,c_maya,to,0
m026937,c_noah,to,0
m026937,c_elena,to,1
m026937,c_taylor,to,2
m026937,c_chris,cc,3
m026938,c_maya,to,0
m026939,c_noah,to,0
m026939,c_elena,to,1
m026939,c_taylor,to,2
m026939,c_chris,cc,3
m026940,c_maya,to,0
m026941,c_noah,to,0
m026941,c_elena,to,1
m026941,c_taylor,to,2
m026941,c_chris,cc,3
m026942,c_maya,to,0
m026943,c_noah,to,0
m026943,c_elena,to,1
m026943,c_taylor,to,2
m026943,c_chris,cc,3
m026944,c_maya,to,0
m026945,c_noah,to,0
m026945,c_elena,to,1
m026945,c_taylor,to,2
m026945,c_chris,cc,3
m026946,c_maya,to,0
m026947,c_noah,to,0
m026947,c_elena,to,1
m026947,c_taylor,to,2
m026947,c_chris,cc,3
m026948,c_maya,to,0
m026949,c_noah,to,0
m026949,c_elena,to,1
m026949,c_taylor,to,2
m026949,c_chris,cc,3
m026950,c_maya,to,0
m026951,c_noah,to,0
m026951,c_elena,to,1
m026951,c_taylor,to,2
m026951,c_chris,cc,3
m026952,c_maya,to,0
m026953,c_noah,to,0
m026953,c_elena,to,1
m026953,c_taylor,to,2
m026953,c_chris,cc,3
m026954,c_maya,to,0
m026955,c_noah,to,0
m026955,c_elena,to,1
m026955,c_taylor,to,2
m026955,c_chris,cc,3
m026956,c_maya,to,0
m026957,c_noah,to,0
m026957,c_elena,to,1
m026957,c_taylor,to,2
m026957,c_chris,cc,3
m026958,c_maya,to,0
m026959,c_noah,to,0
m026959,c_elena,to,1
m026959,c_taylor,to,2
m026959,c_chris,cc,3
m026960,c_maya,to,0
m026961,c_noah,to,0
m026961,c_elena,to,1
m026961,c_taylor,to,2
m026961,c_chris,cc,3
m026962,c_maya,to,0
m026963,c_noah,to,0
m026963,c_elena,to,1
m026963,c_taylor,to,2
m026963,c_chris,cc,3
m026964,c_maya,to,0
m026965,c_noah,to,0
m026965,c_elena,to,1
m026965,c_taylor,to,2
m026965,c_chris,cc,3
m026966,c_maya,to,0
m026967,c_noah,to,0
m026967,c_elena,to,1
m026967,c_taylor,to,2
m026967,c_chris,cc,3
m026968,c_maya,to,0
m026969,c_noah,to,0
m026969,c_elena,to,1
m026969,c_taylor,to,2
m026969,c_chris,cc,3
m026970,c_maya,to,0
m026971,c_noah,to,0
m026971,c_elena,to,1
m026971,c_taylor,to,2
m026971,c_chris,cc,3
m026972,c_maya,to,0
m026973,c_noah,to,0
m026973,c_elena,to,1
m026973,c_taylor,to,2
m026973,c_chris,cc,3
m026974,c_maya,to,0
m026975,c_noah,to,0
m026975,c_elena,to,1
m026975,c_taylor,to,2
m026975,c_chris,cc,3
m026976,c_maya,to,0
m026977,c_noah,to,0
m026977,c_elena,to,1
m026977,c_taylor,to,2
m026977,c_chris,cc,3
m026978,c_maya,to,0
m026979,c_noah,to,0
m026979,c_elena,to,1
m026979,c_taylor,to,2
m026979,c_chris,cc,3
m026980,c_maya,to,0
m026981,c_noah,to,0
m026981,c_elena,to,1
m026981,c_taylor,to,2
m026981,c_chris,cc,3
m026982,c_maya,to,0
m026983,c_noah,to,0
m026983,c_elena,to,1
m026983,c_taylor,to,2
m026983,c_chris,cc,3
m026984,c_maya,to,0
m026985,c_noah,to,0
m026985,c_elena,to,1
m026985,c_taylor,to,2
m026985,c_chris,cc,3
m026986,c_maya,to,0
m026987,c_noah,to,0
m026987,c_elena,to,1
m026987,c_taylor,to,2
m026987,c_chris,cc,3
m026988,c_maya,to,0
m026989,c_noah,to,0
m026989,c_elena,to,1
m026989,c_taylor,to,2
m026989,c_chris,cc,3
m026990,c_maya,to,0
m026991,c_noah,to,0
m026991,c_elena,to,1
m026991,c_taylor,to,2
m026991,c_chris,cc,3
m026992,c_maya,to,0
m026993,c_noah,to,0
m026993,c_elena,to,1
m026993,c_taylor,to,2
m026993,c_chris,cc,3
m026994,c_maya,to,0
m026995,c_noah,to,0
m026995,c_elena,to,1
m026995,c_taylor,to,2
m026995,c_chris,cc,3
m026996,c_maya,to,0
m026997,c_noah,to,0
m026997,c_elena,to,1
m026997,c_taylor,to,2
m026997,c_chris,cc,3
m026998,c_maya,to,0
m026999,c_noah,to,0
m026999,c_elena,to,1
m026999,c_taylor,to,2
m026999,c_chris,cc,3
m027000,c_maya,to,0
m027001,c_noah,to,0
m027001,c_elena,to,1
m027001,c_taylor,to,2
m027001,c_chris,cc,3
m027002,c_maya,to,0
m027003,c_noah,to,0
m027003,c_elena,to,1
m027003,c_taylor,to,2
m027003,c_chris,cc,3
m027004,c_maya,to,0
m027005,c_noah,to,0
m027005,c_elena,to,1
m027005,c_taylor,to,2
m027005,c_chris,cc,3
m027006,c_maya,to,0
m027007,c_noah,to,0
m027007,c_elena,to,1
m027007,c_taylor,to,2
m027007,c_chris,cc,3
m027008,c_maya,to,0
m027009,c_chris,to,0
m027009,c_noah,to,1
m027009,c_elena,to,2
m027009,c_marcus,cc,3
m027010,c_maya,to,0
m027011,c_chris,to,0
m027011,c_noah,to,1
m027011,c_elena,to,2
m027011,c_marcus,cc,3
m027012,c_maya,to,0
m027013,c_chris,to,0
m027013,c_noah,to,1
m027013,c_elena,to,2
m027013,c_marcus,cc,3
m027014,c_maya,to,0
m027015,c_chris,to,0
m027015,c_noah,to,1
m027015,c_elena,to,2
m027015,c_marcus,cc,3
m027016,c_maya,to,0
m027017,c_priya,to,0
m027017,c_quinn,cc,1
m027018,c_maya,to,0
m027019,c_priya,to,0
m027019,c_quinn,cc,1
m027020,c_maya,to,0
m027021,c_priya,to,0
m027021,c_quinn,cc,1
m027022,c_maya,to,0
m027023,c_priya,to,0
m027023,c_quinn,cc,1
m027024,c_maya,to,0
m027025,c_priya,to,0
m027025,c_quinn,cc,1
m027026,c_maya,to,0
m027027,c_priya,to,0
m027027,c_quinn,cc,1
m027028,c_maya,to,0
m027029,c_elena,to,0
m027029,c_taylor,to,1
m027029,c_lena,to,2
m027030,c_noah,to,0
m027031,c_elena,to,0
m027031,c_taylor,to,1
m027031,c_lena,to,2
m027032,c_noah,to,0
m027033,c_elena,to,0
m027033,c_taylor,to,1
m027033,c_lena,to,2
m027034,c_noah,to,0
m027035,c_elena,to,0
m027035,c_taylor,to,1
m027035,c_lena,to,2
m027036,c_noah,to,0
m027037,c_elena,to,0
m027037,c_taylor,to,1
m027037,c_lena,to,2
m027038,c_noah,to,0
m027039,c_elena,to,0
m027039,c_taylor,to,1
m027039,c_lena,to,2
m027040,c_noah,to,0
m027041,c_noah,to,0
m027041,c_taylor,to,1
m027041,c_chris,cc,2
m027042,c_elena,to,0
m027043,c_noah,to,0
m027043,c_taylor,to,1
m027043,c_chris,cc,2
m027044,c_elena,to,0
m027045,c_noah,to,0
m027045,c_taylor,to,1
m027045,c_chris,cc,2
m027046,c_elena,to,0
m027047,c_noah,to,0
m027047,c_taylor,to,1
m027047,c_chris,cc,2
m027048,c_elena,to,0
m027049,c_noah,to,0
m027050,c_taylor,to,0
m027051,c_noah,to,0
m027052,c_taylor,to,0
m027053,c_avery,to,0
m027053,c_devon,to,1
m027054,c_alex_chan,to,0
m027055,c_avery,to,0
m027055,c_devon,to,1
m027056,c_alex_chan,to,0
m027057,c_maya,to,0
m027058,c_alex_chen,to,0
m027059,c_quinn,to,0
m027060,c_priya,to,0
m027061,c_marcus,to,0
m027062,c_chris,to,0
m027063,c_marcus,to,0
m027064,c_chris,to,0
m027065,c_hana,to,0
m027066,c_sam,to,0
m027067,c_alex_chan,to,0
m027068,c_maya,to,0
m027069,c_alex_chan,to,0
m027070,c_maya,to,0
m027071,c_alex_chan,to,0
m027072,c_maya,to,0
m027073,c_alex_chan,to,0
m027074,c_maya,to,0
m027075,c_alex_chan,to,0
m027076,c_maya,to,0
m027077,c_alex_chan,to,0
m027078,c_maya,to,0
m027079,c_jamie_lee,to,0
m027080,c_maya,to,0
m027081,c_jamie_lee,to,0
m027082,c_maya,to,0
m027083,c_jamie_lee,to,0
m027084,c_maya,to,0
m027085,c_jamie_lee,to,0
m027086,c_maya,to,0
m027087,c_jamie_lee,to,0
m027088,c_maya,to,0
m027089,c_jamie_lee,to,0
m027090,c_maya,to,0
m027091,c_morgan_shaw,to,0
m027092,c_maya,to,0
m027093,c_morgan_shaw,to,0
m027094,c_maya,to,0
m027095,c_morgan_shaw,to,0
m027096,c_maya,to,0
m027097,c_morgan_shaw,to,0
m027098,c_maya,to,0
m027099,c_morgan_shaw,to,0
m027100,c_maya,to,0
m027101,c_morgan_shaw,to,0
m027102,c_maya,to,0
m027103,c_alex_chen,to,0
m027104,c_maya,to,0
m027105,c_alex_chen,to,0
m027106,c_maya,to,0
m027107,c_alex_chen,to,0
m027108,c_maya,to,0
m027109,c_alex_chen,to,0
m027110,c_maya,to,0
m027111,c_jamie_li,to,0
m027112,c_maya,to,0
m027113,c_jamie_li,to,0
m027114,c_maya,to,0
m027115,c_jamie_li,to,0
m027116,c_maya,to,0
m027117,c_jamie_li,to,0
m027118,c_maya,to,0
m027119,c_morgan_zhao,to,0
m027120,c_maya,to,0
m027121,c_morgan_zhao,to,0
m027122,c_maya,to,0
m027123,c_morgan_zhao,to,0
m027124,c_maya,to,0
m027125,c_morgan_zhao,to,0
m027126,c_maya,to,0
m027127,c_lee,to,0
m027128,c_maya,to,0
m027129,c_lee,to,0
m027130,c_maya,to,0
m027131,c_lee,to,0
m027132,c_maya,to,0
m027133,c_lee,to,0
m027134,c_maya,to,0
m027135,c_lee,to,0
m027136,c_maya,to,0
m027137,c_lee,to,0
m027138,c_maya,to,0
m027139,c_pat,to,0
m027140,c_maya,to,0
m027141,c_pat,to,0
m027142,c_maya,to,0
m027143,c_pat,to,0
m027144,c_maya,to,0
m027145,c_pat,to,0
m027146,c_maya,to,0
m027147,c_pat,to,0
m027148,c_maya,to,0
m027149,c_pat,to,0
m027150,c_maya,to,0
m027151,c_ren,to,0
m027152,c_maya,to,0
m027153,c_ren,to,0
m027154,c_maya,to,0
m027155,c_ren,to,0
m027156,c_maya,to,0
m027157,c_ren,to,0
m027158,c_maya,to,0
m027159,c_ren,to,0
m027160,c_maya,to,0
m027161,c_ren,to,0
m027162,c_maya,to,0
m027163,c_sam,to,0
m027164,c_maya,to,0
m027165,c_hana,to,0
m027166,c_maya,to,0
m027167,c_fac_001,to,0
m027168,c_maya,to,0
m027169,c_fac_002,to,0
m027170,c_maya,to,0
m027171,c_fac_003,to,0
m027172,c_maya,to,0
m027173,c_fac_004,to,0
m027174,c_maya,to,0
m027175,c_fac_005,to,0
m027176,c_maya,to,0
m027177,c_fac_006,to,0
m027178,c_maya,to,0
m027179,c_fac_007,to,0
m027180,c_maya,to,0
m027181,c_fac_008,to,0
m027182,c_maya,to,0
m027183,c_fac_009,to,0
m027184,c_maya,to,0
m027185,c_fac_010,to,0
m027186,c_maya,to,0
m027187,c_fac_011,to,0
m027188,c_maya,to,0
m027189,c_fac_012,to,0
m027190,c_maya,to,0
m027191,c_fac_013,to,0
m027192,c_maya,to,0
m027193,c_fac_014,to,0
m027194,c_maya,to,0
m027195,c_fac_015,to,0
m027196,c_maya,to,0
m027197,c_fac_016,to,0
m027198,c_maya,to,0
m027199,c_fac_017,to,0
m027200,c_maya,to,0
m027201,c_noah,to,0
m027201,c_elena,to,1
m027201,c_taylor,to,2
m027201,c_chris,cc,3
m027202,c_maya,to,0
m027203,c_noah,to,0
m027203,c_elena,to,1
m027203,c_taylor,to,2
m027203,c_chris,cc,3
m027204,c_maya,to,0
m027205,c_noah,to,0
m027205,c_elena,to,1
m027205,c_taylor,to,2
m027205,c_chris,cc,3
m027206,c_maya,to,0
m027207,c_noah,to,0
m027207,c_elena,to,1
m027207,c_taylor,to,2
m027207,c_chris,cc,3
m027208,c_maya,to,0
m027209,c_noah,to,0
m027209,c_elena,to,1
m027209,c_taylor,to,2
m027209,c_chris,cc,3
m027210,c_maya,to,0
m027211,c_noah,to,0
m027211,c_elena,to,1
m027211,c_taylor,to,2
m027211,c_chris,cc,3
m027212,c_maya,to,0
m027213,c_noah,to,0
m027213,c_elena,to,1
m027213,c_taylor,to,2
m027213,c_chris,cc,3
m027214,c_maya,to,0
m027215,c_noah,to,0
m027215,c_elena,to,1
m027215,c_taylor,to,2
m027215,c_chris,cc,3
m027216,c_maya,to,0
m027217,c_noah,to,0
m027217,c_elena,to,1
m027217,c_taylor,to,2
m027217,c_chris,cc,3
m027218,c_maya,to,0
m027219,c_noah,to,0
m027219,c_elena,to,1
m027219,c_taylor,to,2
m027219,c_chris,cc,3
m027220,c_maya,to,0
m027221,c_noah,to,0
m027221,c_elena,to,1
m027221,c_taylor,to,2
m027221,c_chris,cc,3
m027222,c_maya,to,0
m027223,c_noah,to,0
m027223,c_elena,to,1
m027223,c_taylor,to,2
m027223,c_chris,cc,3
m027224,c_maya,to,0
m027225,c_noah,to,0
m027225,c_elena,to,1
m027225,c_taylor,to,2
m027225,c_chris,cc,3
m027226,c_maya,to,0
m027227,c_noah,to,0
m027227,c_elena,to,1
m027227,c_taylor,to,2
m027227,c_chris,cc,3
m027228,c_maya,to,0
m027229,c_noah,to,0
m027229,c_elena,to,1
m027229,c_taylor,to,2
m027229,c_chris,cc,3
m027230,c_maya,to,0
m027231,c_noah,to,0
m027231,c_elena,to,1
m027231,c_taylor,to,2
m027231,c_chris,cc,3
m027232,c_maya,to,0
m027233,c_noah,to,0
m027233,c_elena,to,1
m027233,c_taylor,to,2
m027233,c_chris,cc,3
m027234,c_maya,to,0
m027235,c_noah,to,0
m027235,c_elena,to,1
m027235,c_taylor,to,2
m027235,c_chris,cc,3
m027236,c_maya,to,0
m027237,c_noah,to,0
m027237,c_elena,to,1
m027237,c_taylor,to,2
m027237,c_chris,cc,3
m027238,c_maya,to,0
m027239,c_noah,to,0
m027239,c_elena,to,1
m027239,c_taylor,to,2
m027239,c_chris,cc,3
m027240,c_maya,to,0
m027241,c_noah,to,0
m027241,c_elena,to,1
m027241,c_taylor,to,2
m027241,c_chris,cc,3
m027242,c_maya,to,0
m027243,c_noah,to,0
m027243,c_elena,to,1
m027243,c_taylor,to,2
m027243,c_chris,cc,3
m027244,c_maya,to,0
m027245,c_noah,to,0
m027245,c_elena,to,1
m027245,c_taylor,to,2
m027245,c_chris,cc,3
m027246,c_maya,to,0
m027247,c_noah,to,0
m027247,c_elena,to,1
m027247,c_taylor,to,2
m027247,c_chris,cc,3
m027248,c_maya,to,0
m027249,c_noah,to,0
m027249,c_elena,to,1
m027249,c_taylor,to,2
m027249,c_chris,cc,3
m027250,c_maya,to,0
m027251,c_noah,to,0
m027251,c_elena,to,1
m027251,c_taylor,to,2
m027251,c_chris,cc,3
m027252,c_maya,to,0
m027253,c_noah,to,0
m027253,c_elena,to,1
m027253,c_taylor,to,2
m027253,c_chris,cc,3
m027254,c_maya,to,0
m027255,c_noah,to,0
m027255,c_elena,to,1
m027255,c_taylor,to,2
m027255,c_chris,cc,3
m027256,c_maya,to,0
m027257,c_noah,to,0
m027257,c_elena,to,1
m027257,c_taylor,to,2
m027257,c_chris,cc,3
m027258,c_maya,to,0
m027259,c_noah,to,0
m027259,c_elena,to,1
m027259,c_taylor,to,2
m027259,c_chris,cc,3
m027260,c_maya,to,0
m027261,c_noah,to,0
m027261,c_elena,to,1
m027261,c_taylor,to,2
m027261,c_chris,cc,3
m027262,c_maya,to,0
m027263,c_noah,to,0
m027263,c_elena,to,1
m027263,c_taylor,to,2
m027263,c_chris,cc,3
m027264,c_maya,to,0
m027265,c_noah,to,0
m027265,c_elena,to,1
m027265,c_taylor,to,2
m027265,c_chris,cc,3
m027266,c_maya,to,0
m027267,c_noah,to,0
m027267,c_elena,to,1
m027267,c_taylor,to,2
m027267,c_chris,cc,3
m027268,c_maya,to,0
m027269,c_noah,to,0
m027269,c_elena,to,1
m027269,c_taylor,to,2
m027269,c_chris,cc,3
m027270,c_maya,to,0
m027271,c_noah,to,0
m027271,c_elena,to,1
m027271,c_taylor,to,2
m027271,c_chris,cc,3
m027272,c_maya,to,0
m027273,c_noah,to,0
m027273,c_elena,to,1
m027273,c_taylor,to,2
m027273,c_chris,cc,3
m027274,c_maya,to,0
m027275,c_noah,to,0
m027275,c_elena,to,1
m027275,c_taylor,to,2
m027275,c_chris,cc,3
m027276,c_maya,to,0
m027277,c_noah,to,0
m027277,c_elena,to,1
m027277,c_taylor,to,2
m027277,c_chris,cc,3
m027278,c_maya,to,0
m027279,c_noah,to,0
m027279,c_elena,to,1
m027279,c_taylor,to,2
m027279,c_chris,cc,3
m027280,c_maya,to,0
m027281,c_chris,to,0
m027281,c_noah,to,1
m027281,c_elena,to,2
m027281,c_marcus,cc,3
m027282,c_maya,to,0
m027283,c_chris,to,0
m027283,c_noah,to,1
m027283,c_elena,to,2
m027283,c_marcus,cc,3
m027284,c_maya,to,0
m027285,c_chris,to,0
m027285,c_noah,to,1
m027285,c_elena,to,2
m027285,c_marcus,cc,3
m027286,c_maya,to,0
m027287,c_chris,to,0
m027287,c_noah,to,1
m027287,c_elena,to,2
m027287,c_marcus,cc,3
m027288,c_maya,to,0
m027289,c_priya,to,0
m027289,c_quinn,cc,1
m027290,c_maya,to,0
m027291,c_priya,to,0
m027291,c_quinn,cc,1
m027292,c_maya,to,0
m027293,c_priya,to,0
m027293,c_quinn,cc,1
m027294,c_maya,to,0
m027295,c_priya,to,0
m027295,c_quinn,cc,1
m027296,c_maya,to,0
m027297,c_priya,to,0
m027297,c_quinn,cc,1
m027298,c_maya,to,0
m027299,c_priya,to,0
m027299,c_quinn,cc,1
m027300,c_maya,to,0
m027301,c_elena,to,0
m027301,c_taylor,to,1
m027301,c_lena,to,2
m027302,c_noah,to,0
m027303,c_elena,to,0
m027303,c_taylor,to,1
m027303,c_lena,to,2
m027304,c_noah,to,0
m027305,c_elena,to,0
m027305,c_taylor,to,1
m027305,c_lena,to,2
m027306,c_noah,to,0
m027307,c_elena,to,0
m027307,c_taylor,to,1
m027307,c_lena,to,2
m027308,c_noah,to,0
m027309,c_elena,to,0
m027309,c_taylor,to,1
m027309,c_lena,to,2
m027310,c_noah,to,0
m027311,c_elena,to,0
m027311,c_taylor,to,1
m027311,c_lena,to,2
m027312,c_noah,to,0
m027313,c_noah,to,0
m027313,c_taylor,to,1
m027313,c_chris,cc,2
m027314,c_elena,to,0
m027315,c_noah,to,0
m027315,c_taylor,to,1
m027315,c_chris,cc,2
m027316,c_elena,to,0
m027317,c_noah,to,0
m027317,c_taylor,to,1
m027317,c_chris,cc,2
m027318,c_elena,to,0
m027319,c_noah,to,0
m027319,c_taylor,to,1
m027319,c_chris,cc,2
m027320,c_elena,to,0
m027321,c_noah,to,0
m027322,c_taylor,to,0
m027323,c_noah,to,0
m027324,c_taylor,to,0
m027325,c_avery,to,0
m027325,c_devon,to,1
m027326,c_alex_chan,to,0
m027327,c_avery,to,0
m027327,c_devon,to,1
m027328,c_alex_chan,to,0
m027329,c_maya,to,0
m027330,c_alex_chen,to,0
m027331,c_quinn,to,0
m027332,c_priya,to,0
m027333,c_marcus,to,0
m027334,c_chris,to,0
m027335,c_marcus,to,0
m027336,c_chris,to,0
m027337,c_hana,to,0
m027338,c_sam,to,0
m027339,c_alex_chan,to,0
m027340,c_maya,to,0
m027341,c_alex_chan,to,0
m027342,c_maya,to,0
m027343,c_alex_chan,to,0
m027344,c_maya,to,0
m027345,c_alex_chan,to,0
m027346,c_maya,to,0
m027347,c_alex_chan,to,0
m027348,c_maya,to,0
m027349,c_alex_chan,to,0
m027350,c_maya,to,0
m027351,c_jamie_lee,to,0
m027352,c_maya,to,0
m027353,c_jamie_lee,to,0
m027354,c_maya,to,0
m027355,c_jamie_lee,to,0
m027356,c_maya,to,0
m027357,c_jamie_lee,to,0
m027358,c_maya,to,0
m027359,c_jamie_lee,to,0
m027360,c_maya,to,0
m027361,c_jamie_lee,to,0
m027362,c_maya,to,0
m027363,c_morgan_shaw,to,0
m027364,c_maya,to,0
m027365,c_morgan_shaw,to,0
m027366,c_maya,to,0
m027367,c_morgan_shaw,to,0
m027368,c_maya,to,0
m027369,c_morgan_shaw,to,0
m027370,c_maya,to,0
m027371,c_morgan_shaw,to,0
m027372,c_maya,to,0
m027373,c_morgan_shaw,to,0
m027374,c_maya,to,0
m027375,c_alex_chen,to,0
m027376,c_maya,to,0
m027377,c_alex_chen,to,0
m027378,c_maya,to,0
m027379,c_alex_chen,to,0
m027380,c_maya,to,0
m027381,c_alex_chen,to,0
m027382,c_maya,to,0
m027383,c_jamie_li,to,0
m027384,c_maya,to,0
m027385,c_jamie_li,to,0
m027386,c_maya,to,0
m027387,c_jamie_li,to,0
m027388,c_maya,to,0
m027389,c_jamie_li,to,0
m027390,c_maya,to,0
m027391,c_morgan_zhao,to,0
m027392,c_maya,to,0
m027393,c_morgan_zhao,to,0
m027394,c_maya,to,0
m027395,c_morgan_zhao,to,0
m027396,c_maya,to,0
m027397,c_morgan_zhao,to,0
m027398,c_maya,to,0
m027399,c_lee,to,0
m027400,c_maya,to,0
m027401,c_lee,to,0
m027402,c_maya,to,0
m027403,c_lee,to,0
m027404,c_maya,to,0
m027405,c_lee,to,0
m027406,c_maya,to,0
m027407,c_lee,to,0
m027408,c_maya,to,0
m027409,c_lee,to,0
m027410,c_maya,to,0
m027411,c_pat,to,0
m027412,c_maya,to,0
m027413,c_pat,to,0
m027414,c_maya,to,0
m027415,c_pat,to,0
m027416,c_maya,to,0
m027417,c_pat,to,0
m027418,c_maya,to,0
m027419,c_pat,to,0
m027420,c_maya,to,0
m027421,c_pat,to,0
m027422,c_maya,to,0
m027423,c_ren,to,0
m027424,c_maya,to,0
m027425,c_ren,to,0
m027426,c_maya,to,0
m027427,c_ren,to,0
m027428,c_maya,to,0
m027429,c_ren,to,0
m027430,c_maya,to,0
m027431,c_ren,to,0
m027432,c_maya,to,0
m027433,c_ren,to,0
m027434,c_maya,to,0
m027435,c_sam,to,0
m027436,c_maya,to,0
m027437,c_hana,to,0
m027438,c_maya,to,0
m027439,c_fac_001,to,0
m027440,c_maya,to,0
m027441,c_fac_002,to,0
m027442,c_maya,to,0
m027443,c_fac_003,to,0
m027444,c_maya,to,0
m027445,c_fac_004,to,0
m027446,c_maya,to,0
m027447,c_fac_005,to,0
m027448,c_maya,to,0
m027449,c_fac_006,to,0
m027450,c_maya,to,0
m027451,c_fac_007,to,0
m027452,c_maya,to,0
m027453,c_fac_008,to,0
m027454,c_maya,to,0
m027455,c_fac_009,to,0
m027456,c_maya,to,0
m027457,c_fac_010,to,0
m027458,c_maya,to,0
m027459,c_fac_011,to,0
m027460,c_maya,to,0
m027461,c_fac_012,to,0
m027462,c_maya,to,0
m027463,c_fac_013,to,0
m027464,c_maya,to,0
m027465,c_fac_014,to,0
m027466,c_maya,to,0
m027467,c_fac_015,to,0
m027468,c_maya,to,0
m027469,c_fac_016,to,0
m027470,c_maya,to,0
m027471,c_fac_017,to,0
m027472,c_maya,to,0
m027473,c_noah,to,0
m027473,c_elena,to,1
m027473,c_taylor,to,2
m027473,c_chris,cc,3
m027474,c_maya,to,0
m027475,c_noah,to,0
m027475,c_elena,to,1
m027475,c_taylor,to,2
m027475,c_chris,cc,3
m027476,c_maya,to,0
m027477,c_noah,to,0
m027477,c_elena,to,1
m027477,c_taylor,to,2
m027477,c_chris,cc,3
m027478,c_maya,to,0
m027479,c_noah,to,0
m027479,c_elena,to,1
m027479,c_taylor,to,2
m027479,c_chris,cc,3
m027480,c_maya,to,0
m027481,c_noah,to,0
m027481,c_elena,to,1
m027481,c_taylor,to,2
m027481,c_chris,cc,3
m027482,c_maya,to,0
m027483,c_noah,to,0
m027483,c_elena,to,1
m027483,c_taylor,to,2
m027483,c_chris,cc,3
m027484,c_maya,to,0
m027485,c_noah,to,0
m027485,c_elena,to,1
m027485,c_taylor,to,2
m027485,c_chris,cc,3
m027486,c_maya,to,0
m027487,c_noah,to,0
m027487,c_elena,to,1
m027487,c_taylor,to,2
m027487,c_chris,cc,3
m027488,c_maya,to,0
m027489,c_noah,to,0
m027489,c_elena,to,1
m027489,c_taylor,to,2
m027489,c_chris,cc,3
m027490,c_maya,to,0
m027491,c_noah,to,0
m027491,c_elena,to,1
m027491,c_taylor,to,2
m027491,c_chris,cc,3
m027492,c_maya,to,0
m027493,c_noah,to,0
m027493,c_elena,to,1
m027493,c_taylor,to,2
m027493,c_chris,cc,3
m027494,c_maya,to,0
m027495,c_noah,to,0
m027495,c_elena,to,1
m027495,c_taylor,to,2
m027495,c_chris,cc,3
m027496,c_maya,to,0
m027497,c_noah,to,0
m027497,c_elena,to,1
m027497,c_taylor,to,2
m027497,c_chris,cc,3
m027498,c_maya,to,0
m027499,c_noah,to,0
m027499,c_elena,to,1
m027499,c_taylor,to,2
m027499,c_chris,cc,3
m027500,c_maya,to,0
m027501,c_noah,to,0
m027501,c_elena,to,1
m027501,c_taylor,to,2
m027501,c_chris,cc,3
m027502,c_maya,to,0
m027503,c_noah,to,0
m027503,c_elena,to,1
m027503,c_taylor,to,2
m027503,c_chris,cc,3
m027504,c_maya,to,0
m027505,c_noah,to,0
m027505,c_elena,to,1
m027505,c_taylor,to,2
m027505,c_chris,cc,3
m027506,c_maya,to,0
m027507,c_noah,to,0
m027507,c_elena,to,1
m027507,c_taylor,to,2
m027507,c_chris,cc,3
m027508,c_maya,to,0
m027509,c_noah,to,0
m027509,c_elena,to,1
m027509,c_taylor,to,2
m027509,c_chris,cc,3
m027510,c_maya,to,0
m027511,c_noah,to,0
m027511,c_elena,to,1
m027511,c_taylor,to,2
m027511,c_chris,cc,3
m027512,c_maya,to,0
m027513,c_noah,to,0
m027513,c_elena,to,1
m027513,c_taylor,to,2
m027513,c_chris,cc,3
m027514,c_maya,to,0
m027515,c_noah,to,0
m027515,c_elena,to,1
m027515,c_taylor,to,2
m027515,c_chris,cc,3
m027516,c_maya,to,0
m027517,c_noah,to,0
m027517,c_elena,to,1
m027517,c_taylor,to,2
m027517,c_chris,cc,3
m027518,c_maya,to,0
m027519,c_noah,to,0
m027519,c_elena,to,1
m027519,c_taylor,to,2
m027519,c_chris,cc,3
m027520,c_maya,to,0
m027521,c_noah,to,0
m027521,c_elena,to,1
m027521,c_taylor,to,2
m027521,c_chris,cc,3
m027522,c_maya,to,0
m027523,c_noah,to,0
m027523,c_elena,to,1
m027523,c_taylor,to,2
m027523,c_chris,cc,3
m027524,c_maya,to,0
m027525,c_noah,to,0
m027525,c_elena,to,1
m027525,c_taylor,to,2
m027525,c_chris,cc,3
m027526,c_maya,to,0
m027527,c_noah,to,0
m027527,c_elena,to,1
m027527,c_taylor,to,2
m027527,c_chris,cc,3
m027528,c_maya,to,0
m027529,c_noah,to,0
m027529,c_elena,to,1
m027529,c_taylor,to,2
m027529,c_chris,cc,3
m027530,c_maya,to,0
m027531,c_noah,to,0
m027531,c_elena,to,1
m027531,c_taylor,to,2
m027531,c_chris,cc,3
m027532,c_maya,to,0
m027533,c_noah,to,0
m027533,c_elena,to,1
m027533,c_taylor,to,2
m027533,c_chris,cc,3
m027534,c_maya,to,0
m027535,c_noah,to,0
m027535,c_elena,to,1
m027535,c_taylor,to,2
m027535,c_chris,cc,3
m027536,c_maya,to,0
m027537,c_noah,to,0
m027537,c_elena,to,1
m027537,c_taylor,to,2
m027537,c_chris,cc,3
m027538,c_maya,to,0
m027539,c_noah,to,0
m027539,c_elena,to,1
m027539,c_taylor,to,2
m027539,c_chris,cc,3
m027540,c_maya,to,0
m027541,c_noah,to,0
m027541,c_elena,to,1
m027541,c_taylor,to,2
m027541,c_chris,cc,3
m027542,c_maya,to,0
m027543,c_noah,to,0
m027543,c_elena,to,1
m027543,c_taylor,to,2
m027543,c_chris,cc,3
m027544,c_maya,to,0
m027545,c_noah,to,0
m027545,c_elena,to,1
m027545,c_taylor,to,2
m027545,c_chris,cc,3
m027546,c_maya,to,0
m027547,c_noah,to,0
m027547,c_elena,to,1
m027547,c_taylor,to,2
m027547,c_chris,cc,3
m027548,c_maya,to,0
m027549,c_noah,to,0
m027549,c_elena,to,1
m027549,c_taylor,to,2
m027549,c_chris,cc,3
m027550,c_maya,to,0
m027551,c_noah,to,0
m027551,c_elena,to,1
m027551,c_taylor,to,2
m027551,c_chris,cc,3
m027552,c_maya,to,0
m027553,c_chris,to,0
m027553,c_noah,to,1
m027553,c_elena,to,2
m027553,c_marcus,cc,3
m027554,c_maya,to,0
m027555,c_chris,to,0
m027555,c_noah,to,1
m027555,c_elena,to,2
m027555,c_marcus,cc,3
m027556,c_maya,to,0
m027557,c_chris,to,0
m027557,c_noah,to,1
m027557,c_elena,to,2
m027557,c_marcus,cc,3
m027558,c_maya,to,0
m027559,c_chris,to,0
m027559,c_noah,to,1
m027559,c_elena,to,2
m027559,c_marcus,cc,3
m027560,c_maya,to,0
m027561,c_priya,to,0
m027561,c_quinn,cc,1
m027562,c_maya,to,0
m027563,c_priya,to,0
m027563,c_quinn,cc,1
m027564,c_maya,to,0
m027565,c_priya,to,0
m027565,c_quinn,cc,1
m027566,c_maya,to,0
m027567,c_priya,to,0
m027567,c_quinn,cc,1
m027568,c_maya,to,0
m027569,c_priya,to,0
m027569,c_quinn,cc,1
m027570,c_maya,to,0
m027571,c_priya,to,0
m027571,c_quinn,cc,1
m027572,c_maya,to,0
m027573,c_elena,to,0
m027573,c_taylor,to,1
m027573,c_lena,to,2
m027574,c_noah,to,0
m027575,c_elena,to,0
m027575,c_taylor,to,1
m027575,c_lena,to,2
m027576,c_noah,to,0
m027577,c_elena,to,0
m027577,c_taylor,to,1
m027577,c_lena,to,2
m027578,c_noah,to,0
m027579,c_elena,to,0
m027579,c_taylor,to,1
m027579,c_lena,to,2
m027580,c_noah,to,0
m027581,c_elena,to,0
m027581,c_taylor,to,1
m027581,c_lena,to,2
m027582,c_noah,to,0
m027583,c_elena,to,0
m027583,c_taylor,to,1
m027583,c_lena,to,2
m027584,c_noah,to,0
m027585,c_noah,to,0
m027585,c_taylor,to,1
m027585,c_chris,cc,2
m027586,c_elena,to,0
m027587,c_noah,to,0
m027587,c_taylor,to,1
m027587,c_chris,cc,2
m027588,c_elena,to,0
m027589,c_noah,to,0
m027589,c_taylor,to,1
m027589,c_chris,cc,2
m027590,c_elena,to,0
m027591,c_noah,to,0
m027591,c_taylor,to,1
m027591,c_chris,cc,2
m027592,c_elena,to,0
m027593,c_noah,to,0
m027594,c_taylor,to,0
m027595,c_noah,to,0
m027596,c_taylor,to,0
m027597,c_avery,to,0
m027597,c_devon,to,1
m027598,c_alex_chan,to,0
m027599,c_avery,to,0
m027599,c_devon,to,1
m027600,c_alex_chan,to,0
m027601,c_maya,to,0
m027602,c_alex_chen,to,0
m027603,c_quinn,to,0
m027604,c_priya,to,0
m027605,c_marcus,to,0
m027606,c_chris,to,0
m027607,c_marcus,to,0
m027608,c_chris,to,0
m027609,c_hana,to,0
m027610,c_sam,to,0
m027611,c_alex_chan,to,0
m027612,c_maya,to,0
m027613,c_alex_chan,to,0
m027614,c_maya,to,0
m027615,c_alex_chan,to,0
m027616,c_maya,to,0
m027617,c_alex_chan,to,0
m027618,c_maya,to,0
m027619,c_alex_chan,to,0
m027620,c_maya,to,0
m027621,c_alex_chan,to,0
m027622,c_maya,to,0
m027623,c_jamie_lee,to,0
m027624,c_maya,to,0
m027625,c_jamie_lee,to,0
m027626,c_maya,to,0
m027627,c_jamie_lee,to,0
m027628,c_maya,to,0
m027629,c_jamie_lee,to,0
m027630,c_maya,to,0
m027631,c_jamie_lee,to,0
m027632,c_maya,to,0
m027633,c_jamie_lee,to,0
m027634,c_maya,to,0
m027635,c_morgan_shaw,to,0
m027636,c_maya,to,0
m027637,c_morgan_shaw,to,0
m027638,c_maya,to,0
m027639,c_morgan_shaw,to,0
m027640,c_maya,to,0
m027641,c_morgan_shaw,to,0
m027642,c_maya,to,0
m027643,c_morgan_shaw,to,0
m027644,c_maya,to,0
m027645,c_morgan_shaw,to,0
m027646,c_maya,to,0
m027647,c_alex_chen,to,0
m027648,c_maya,to,0
m027649,c_alex_chen,to,0
m027650,c_maya,to,0
m027651,c_alex_chen,to,0
m027652,c_maya,to,0
m027653,c_alex_chen,to,0
m027654,c_maya,to,0
m027655,c_jamie_li,to,0
m027656,c_maya,to,0
m027657,c_jamie_li,to,0
m027658,c_maya,to,0
m027659,c_jamie_li,to,0
m027660,c_maya,to,0
m027661,c_jamie_li,to,0
m027662,c_maya,to,0
m027663,c_morgan_zhao,to,0
m027664,c_maya,to,0
m027665,c_morgan_zhao,to,0
m027666,c_maya,to,0
m027667,c_morgan_zhao,to,0
m027668,c_maya,to,0
m027669,c_morgan_zhao,to,0
m027670,c_maya,to,0
m027671,c_lee,to,0
m027672,c_maya,to,0
m027673,c_lee,to,0
m027674,c_maya,to,0
m027675,c_lee,to,0
m027676,c_maya,to,0
m027677,c_lee,to,0
m027678,c_maya,to,0
m027679,c_lee,to,0
m027680,c_maya,to,0
m027681,c_lee,to,0
m027682,c_maya,to,0
m027683,c_pat,to,0
m027684,c_maya,to,0
m027685,c_pat,to,0
m027686,c_maya,to,0
m027687,c_pat,to,0
m027688,c_maya,to,0
m027689,c_pat,to,0
m027690,c_maya,to,0
m027691,c_pat,to,0
m027692,c_maya,to,0
m027693,c_pat,to,0
m027694,c_maya,to,0
m027695,c_ren,to,0
m027696,c_maya,to,0
m027697,c_ren,to,0
m027698,c_maya,to,0
m027699,c_ren,to,0
m027700,c_maya,to,0
m027701,c_ren,to,0
m027702,c_maya,to,0
m027703,c_ren,to,0
m027704,c_maya,to,0
m027705,c_ren,to,0
m027706,c_maya,to,0
m027707,c_sam,to,0
m027708,c_maya,to,0
m027709,c_hana,to,0
m027710,c_maya,to,0
m027711,c_fac_001,to,0
m027712,c_maya,to,0
m027713,c_fac_002,to,0
m027714,c_maya,to,0
m027715,c_fac_003,to,0
m027716,c_maya,to,0
m027717,c_fac_004,to,0
m027718,c_maya,to,0
m027719,c_fac_005,to,0
m027720,c_maya,to,0
m027721,c_fac_006,to,0
m027722,c_maya,to,0
m027723,c_fac_007,to,0
m027724,c_maya,to,0
m027725,c_fac_008,to,0
m027726,c_maya,to,0
m027727,c_fac_009,to,0
m027728,c_maya,to,0
m027729,c_fac_010,to,0
m027730,c_maya,to,0
m027731,c_fac_011,to,0
m027732,c_maya,to,0
m027733,c_fac_012,to,0
m027734,c_maya,to,0
m027735,c_fac_013,to,0
m027736,c_maya,to,0
m027737,c_fac_014,to,0
m027738,c_maya,to,0
m027739,c_fac_015,to,0
m027740,c_maya,to,0
m027741,c_fac_016,to,0
m027742,c_maya,to,0
m027743,c_fac_017,to,0
m027744,c_maya,to,0
m027745,c_noah,to,0
m027745,c_elena,to,1
m027745,c_taylor,to,2
m027745,c_chris,cc,3
m027746,c_maya,to,0
m027747,c_noah,to,0
m027747,c_elena,to,1
m027747,c_taylor,to,2
m027747,c_chris,cc,3
m027748,c_maya,to,0
m027749,c_noah,to,0
m027749,c_elena,to,1
m027749,c_taylor,to,2
m027749,c_chris,cc,3
m027750,c_maya,to,0
m027751,c_noah,to,0
m027751,c_elena,to,1
m027751,c_taylor,to,2
m027751,c_chris,cc,3
m027752,c_maya,to,0
m027753,c_noah,to,0
m027753,c_elena,to,1
m027753,c_taylor,to,2
m027753,c_chris,cc,3
m027754,c_maya,to,0
m027755,c_noah,to,0
m027755,c_elena,to,1
m027755,c_taylor,to,2
m027755,c_chris,cc,3
m027756,c_maya,to,0
m027757,c_noah,to,0
m027757,c_elena,to,1
m027757,c_taylor,to,2
m027757,c_chris,cc,3
m027758,c_maya,to,0
m027759,c_noah,to,0
m027759,c_elena,to,1
m027759,c_taylor,to,2
m027759,c_chris,cc,3
m027760,c_maya,to,0
m027761,c_noah,to,0
m027761,c_elena,to,1
m027761,c_taylor,to,2
m027761,c_chris,cc,3
m027762,c_maya,to,0
m027763,c_noah,to,0
m027763,c_elena,to,1
m027763,c_taylor,to,2
m027763,c_chris,cc,3
m027764,c_maya,to,0
m027765,c_noah,to,0
m027765,c_elena,to,1
m027765,c_taylor,to,2
m027765,c_chris,cc,3
m027766,c_maya,to,0
m027767,c_noah,to,0
m027767,c_elena,to,1
m027767,c_taylor,to,2
m027767,c_chris,cc,3
m027768,c_maya,to,0
m027769,c_noah,to,0
m027769,c_elena,to,1
m027769,c_taylor,to,2
m027769,c_chris,cc,3
m027770,c_maya,to,0
m027771,c_noah,to,0
m027771,c_elena,to,1
m027771,c_taylor,to,2
m027771,c_chris,cc,3
m027772,c_maya,to,0
m027773,c_noah,to,0
m027773,c_elena,to,1
m027773,c_taylor,to,2
m027773,c_chris,cc,3
m027774,c_maya,to,0
m027775,c_noah,to,0
m027775,c_elena,to,1
m027775,c_taylor,to,2
m027775,c_chris,cc,3
m027776,c_maya,to,0
m027777,c_noah,to,0
m027777,c_elena,to,1
m027777,c_taylor,to,2
m027777,c_chris,cc,3
m027778,c_maya,to,0
m027779,c_noah,to,0
m027779,c_elena,to,1
m027779,c_taylor,to,2
m027779,c_chris,cc,3
m027780,c_maya,to,0
m027781,c_noah,to,0
m027781,c_elena,to,1
m027781,c_taylor,to,2
m027781,c_chris,cc,3
m027782,c_maya,to,0
m027783,c_noah,to,0
m027783,c_elena,to,1
m027783,c_taylor,to,2
m027783,c_chris,cc,3
m027784,c_maya,to,0
m027785,c_noah,to,0
m027785,c_elena,to,1
m027785,c_taylor,to,2
m027785,c_chris,cc,3
m027786,c_maya,to,0
m027787,c_noah,to,0
m027787,c_elena,to,1
m027787,c_taylor,to,2
m027787,c_chris,cc,3
m027788,c_maya,to,0
m027789,c_noah,to,0
m027789,c_elena,to,1
m027789,c_taylor,to,2
m027789,c_chris,cc,3
m027790,c_maya,to,0
m027791,c_noah,to,0
m027791,c_elena,to,1
m027791,c_taylor,to,2
m027791,c_chris,cc,3
m027792,c_maya,to,0
m027793,c_noah,to,0
m027793,c_elena,to,1
m027793,c_taylor,to,2
m027793,c_chris,cc,3
m027794,c_maya,to,0
m027795,c_noah,to,0
m027795,c_elena,to,1
m027795,c_taylor,to,2
m027795,c_chris,cc,3
m027796,c_maya,to,0
m027797,c_noah,to,0
m027797,c_elena,to,1
m027797,c_taylor,to,2
m027797,c_chris,cc,3
m027798,c_maya,to,0
m027799,c_noah,to,0
m027799,c_elena,to,1
m027799,c_taylor,to,2
m027799,c_chris,cc,3
m027800,c_maya,to,0
m027801,c_noah,to,0
m027801,c_elena,to,1
m027801,c_taylor,to,2
m027801,c_chris,cc,3
m027802,c_maya,to,0
m027803,c_noah,to,0
m027803,c_elena,to,1
m027803,c_taylor,to,2
m027803,c_chris,cc,3
m027804,c_maya,to,0
m027805,c_noah,to,0
m027805,c_elena,to,1
m027805,c_taylor,to,2
m027805,c_chris,cc,3
m027806,c_maya,to,0
m027807,c_noah,to,0
m027807,c_elena,to,1
m027807,c_taylor,to,2
m027807,c_chris,cc,3
m027808,c_maya,to,0
m027809,c_noah,to,0
m027809,c_elena,to,1
m027809,c_taylor,to,2
m027809,c_chris,cc,3
m027810,c_maya,to,0
m027811,c_noah,to,0
m027811,c_elena,to,1
m027811,c_taylor,to,2
m027811,c_chris,cc,3
m027812,c_maya,to,0
m027813,c_noah,to,0
m027813,c_elena,to,1
m027813,c_taylor,to,2
m027813,c_chris,cc,3
m027814,c_maya,to,0
m027815,c_noah,to,0
m027815,c_elena,to,1
m027815,c_taylor,to,2
m027815,c_chris,cc,3
m027816,c_maya,to,0
m027817,c_noah,to,0
m027817,c_elena,to,1
m027817,c_taylor,to,2
m027817,c_chris,cc,3
m027818,c_maya,to,0
m027819,c_noah,to,0
m027819,c_elena,to,1
m027819,c_taylor,to,2
m027819,c_chris,cc,3
m027820,c_maya,to,0
m027821,c_noah,to,0
m027821,c_elena,to,1
m027821,c_taylor,to,2
m027821,c_chris,cc,3
m027822,c_maya,to,0
m027823,c_noah,to,0
m027823,c_elena,to,1
m027823,c_taylor,to,2
m027823,c_chris,cc,3
m027824,c_maya,to,0
m027825,c_chris,to,0
m027825,c_noah,to,1
m027825,c_elena,to,2
m027825,c_marcus,cc,3
m027826,c_maya,to,0
m027827,c_chris,to,0
m027827,c_noah,to,1
m027827,c_elena,to,2
m027827,c_marcus,cc,3
m027828,c_maya,to,0
m027829,c_chris,to,0
m027829,c_noah,to,1
m027829,c_elena,to,2
m027829,c_marcus,cc,3
m027830,c_maya,to,0
m027831,c_chris,to,0
m027831,c_noah,to,1
m027831,c_elena,to,2
m027831,c_marcus,cc,3
m027832,c_maya,to,0
m027833,c_priya,to,0
m027833,c_quinn,cc,1
m027834,c_maya,to,0
m027835,c_priya,to,0
m027835,c_quinn,cc,1
m027836,c_maya,to,0
m027837,c_priya,to,0
m027837,c_quinn,cc,1
m027838,c_maya,to,0
m027839,c_priya,to,0
m027839,c_quinn,cc,1
m027840,c_maya,to,0
m027841,c_priya,to,0
m027841,c_quinn,cc,1
m027842,c_maya,to,0
m027843,c_priya,to,0
m027843,c_quinn,cc,1
m027844,c_maya,to,0
m027845,c_elena,to,0
m027845,c_taylor,to,1
m027845,c_lena,to,2
m027846,c_noah,to,0
m027847,c_elena,to,0
m027847,c_taylor,to,1
m027847,c_lena,to,2
m027848,c_noah,to,0
m027849,c_elena,to,0
m027849,c_taylor,to,1
m027849,c_lena,to,2
m027850,c_noah,to,0
m027851,c_elena,to,0
m027851,c_taylor,to,1
m027851,c_lena,to,2
m027852,c_noah,to,0
m027853,c_elena,to,0
m027853,c_taylor,to,1
m027853,c_lena,to,2
m027854,c_noah,to,0
m027855,c_elena,to,0
m027855,c_taylor,to,1
m027855,c_lena,to,2
m027856,c_noah,to,0
m027857,c_noah,to,0
m027857,c_taylor,to,1
m027857,c_chris,cc,2
m027858,c_elena,to,0
m027859,c_noah,to,0
m027859,c_taylor,to,1
m027859,c_chris,cc,2
m027860,c_elena,to,0
m027861,c_noah,to,0
m027861,c_taylor,to,1
m027861,c_chris,cc,2
m027862,c_elena,to,0
m027863,c_noah,to,0
m027863,c_taylor,to,1
m027863,c_chris,cc,2
m027864,c_elena,to,0
m027865,c_noah,to,0
m027866,c_taylor,to,0
m027867,c_noah,to,0
m027868,c_taylor,to,0
m027869,c_avery,to,0
m027869,c_devon,to,1
m027870,c_alex_chan,to,0
m027871,c_avery,to,0
m027871,c_devon,to,1
m027872,c_alex_chan,to,0
m027873,c_maya,to,0
m027874,c_alex_chen,to,0
m027875,c_quinn,to,0
m027876,c_priya,to,0
m027877,c_marcus,to,0
m027878,c_chris,to,0
m027879,c_marcus,to,0
m027880,c_chris,to,0
m027881,c_hana,to,0
m027882,c_sam,to,0
m027883,c_alex_chan,to,0
m027884,c_maya,to,0
m027885,c_alex_chan,to,0
m027886,c_maya,to,0
m027887,c_alex_chan,to,0
m027888,c_maya,to,0
m027889,c_alex_chan,to,0
m027890,c_maya,to,0
m027891,c_alex_chan,to,0
m027892,c_maya,to,0
m027893,c_alex_chan,to,0
m027894,c_maya,to,0
m027895,c_jamie_lee,to,0
m027896,c_maya,to,0
m027897,c_jamie_lee,to,0
m027898,c_maya,to,0
m027899,c_jamie_lee,to,0
m027900,c_maya,to,0
m027901,c_jamie_lee,to,0
m027902,c_maya,to,0
m027903,c_jamie_lee,to,0
m027904,c_maya,to,0
m027905,c_jamie_lee,to,0
m027906,c_maya,to,0
m027907,c_morgan_shaw,to,0
m027908,c_maya,to,0
m027909,c_morgan_shaw,to,0
m027910,c_maya,to,0
m027911,c_morgan_shaw,to,0
m027912,c_maya,to,0
m027913,c_morgan_shaw,to,0
m027914,c_maya,to,0
m027915,c_morgan_shaw,to,0
m027916,c_maya,to,0
m027917,c_morgan_shaw,to,0
m027918,c_maya,to,0
m027919,c_alex_chen,to,0
m027920,c_maya,to,0
m027921,c_alex_chen,to,0
m027922,c_maya,to,0
m027923,c_alex_chen,to,0
m027924,c_maya,to,0
m027925,c_alex_chen,to,0
m027926,c_maya,to,0
m027927,c_jamie_li,to,0
m027928,c_maya,to,0
m027929,c_jamie_li,to,0
m027930,c_maya,to,0
m027931,c_jamie_li,to,0
m027932,c_maya,to,0
m027933,c_jamie_li,to,0
m027934,c_maya,to,0
m027935,c_morgan_zhao,to,0
m027936,c_maya,to,0
m027937,c_morgan_zhao,to,0
m027938,c_maya,to,0
m027939,c_morgan_zhao,to,0
m027940,c_maya,to,0
m027941,c_morgan_zhao,to,0
m027942,c_maya,to,0
m027943,c_lee,to,0
m027944,c_maya,to,0
m027945,c_lee,to,0
m027946,c_maya,to,0
m027947,c_lee,to,0
m027948,c_maya,to,0
m027949,c_lee,to,0
m027950,c_maya,to,0
m027951,c_lee,to,0
m027952,c_maya,to,0
m027953,c_lee,to,0
m027954,c_maya,to,0
m027955,c_pat,to,0
m027956,c_maya,to,0
m027957,c_pat,to,0
m027958,c_maya,to,0
m027959,c_pat,to,0
m027960,c_maya,to,0
m027961,c_pat,to,0
m027962,c_maya,to,0
m027963,c_pat,to,0
m027964,c_maya,to,0
m027965,c_pat,to,0
m027966,c_maya,to,0
m027967,c_ren,to,0
m027968,c_maya,to,0
m027969,c_ren,to,0
m027970,c_maya,to,0
m027971,c_ren,to,0
m027972,c_maya,to,0
m027973,c_ren,to,0
m027974,c_maya,to,0
m027975,c_ren,to,0
m027976,c_maya,to,0
m027977,c_ren,to,0
m027978,c_maya,to,0
m027979,c_sam,to,0
m027980,c_maya,to,0
m027981,c_hana,to,0
m027982,c_maya,to,0
m027983,c_fac_001,to,0
m027984,c_maya,to,0
m027985,c_fac_002,to,0
m027986,c_maya,to,0
m027987,c_fac_003,to,0
m027988,c_maya,to,0
m027989,c_fac_004,to,0
m027990,c_maya,to,0
m027991,c_fac_005,to,0
m027992,c_maya,to,0
m027993,c_fac_006,to,0
m027994,c_maya,to,0
m027995,c_fac_007,to,0
m027996,c_maya,to,0
m027997,c_fac_008,to,0
m027998,c_maya,to,0
m027999,c_fac_009,to,0
m028000,c_maya,to,0
m028001,c_fac_010,to,0
m028002,c_maya,to,0
m028003,c_fac_011,to,0
m028004,c_maya,to,0
m028005,c_fac_012,to,0
m028006,c_maya,to,0
m028007,c_fac_013,to,0
m028008,c_maya,to,0
m028009,c_fac_014,to,0
m028010,c_maya,to,0
m028011,c_fac_015,to,0
m028012,c_maya,to,0
m028013,c_fac_016,to,0
m028014,c_maya,to,0
m028015,c_fac_017,to,0
m028016,c_maya,to,0
m028017,c_noah,to,0
m028017,c_elena,to,1
m028017,c_taylor,to,2
m028017,c_chris,cc,3
m028018,c_maya,to,0
m028019,c_noah,to,0
m028019,c_elena,to,1
m028019,c_taylor,to,2
m028019,c_chris,cc,3
m028020,c_maya,to,0
m028021,c_noah,to,0
m028021,c_elena,to,1
m028021,c_taylor,to,2
m028021,c_chris,cc,3
m028022,c_maya,to,0
m028023,c_noah,to,0
m028023,c_elena,to,1
m028023,c_taylor,to,2
m028023,c_chris,cc,3
m028024,c_maya,to,0
m028025,c_noah,to,0
m028025,c_elena,to,1
m028025,c_taylor,to,2
m028025,c_chris,cc,3
m028026,c_maya,to,0
m028027,c_noah,to,0
m028027,c_elena,to,1
m028027,c_taylor,to,2
m028027,c_chris,cc,3
m028028,c_maya,to,0
m028029,c_noah,to,0
m028029,c_elena,to,1
m028029,c_taylor,to,2
m028029,c_chris,cc,3
m028030,c_maya,to,0
m028031,c_noah,to,0
m028031,c_elena,to,1
m028031,c_taylor,to,2
m028031,c_chris,cc,3
m028032,c_maya,to,0
m028033,c_noah,to,0
m028033,c_elena,to,1
m028033,c_taylor,to,2
m028033,c_chris,cc,3
m028034,c_maya,to,0
m028035,c_noah,to,0
m028035,c_elena,to,1
m028035,c_taylor,to,2
m028035,c_chris,cc,3
m028036,c_maya,to,0
m028037,c_noah,to,0
m028037,c_elena,to,1
m028037,c_taylor,to,2
m028037,c_chris,cc,3
m028038,c_maya,to,0
m028039,c_noah,to,0
m028039,c_elena,to,1
m028039,c_taylor,to,2
m028039,c_chris,cc,3
m028040,c_maya,to,0
m028041,c_noah,to,0
m028041,c_elena,to,1
m028041,c_taylor,to,2
m028041,c_chris,cc,3
m028042,c_maya,to,0
m028043,c_noah,to,0
m028043,c_elena,to,1
m028043,c_taylor,to,2
m028043,c_chris,cc,3
m028044,c_maya,to,0
m028045,c_noah,to,0
m028045,c_elena,to,1
m028045,c_taylor,to,2
m028045,c_chris,cc,3
m028046,c_maya,to,0
m028047,c_noah,to,0
m028047,c_elena,to,1
m028047,c_taylor,to,2
m028047,c_chris,cc,3
m028048,c_maya,to,0
m028049,c_noah,to,0
m028049,c_elena,to,1
m028049,c_taylor,to,2
m028049,c_chris,cc,3
m028050,c_maya,to,0
m028051,c_noah,to,0
m028051,c_elena,to,1
m028051,c_taylor,to,2
m028051,c_chris,cc,3
m028052,c_maya,to,0
m028053,c_noah,to,0
m028053,c_elena,to,1
m028053,c_taylor,to,2
m028053,c_chris,cc,3
m028054,c_maya,to,0
m028055,c_noah,to,0
m028055,c_elena,to,1
m028055,c_taylor,to,2
m028055,c_chris,cc,3
m028056,c_maya,to,0
m028057,c_noah,to,0
m028057,c_elena,to,1
m028057,c_taylor,to,2
m028057,c_chris,cc,3
m028058,c_maya,to,0
m028059,c_noah,to,0
m028059,c_elena,to,1
m028059,c_taylor,to,2
m028059,c_chris,cc,3
m028060,c_maya,to,0
m028061,c_noah,to,0
m028061,c_elena,to,1
m028061,c_taylor,to,2
m028061,c_chris,cc,3
m028062,c_maya,to,0
m028063,c_noah,to,0
m028063,c_elena,to,1
m028063,c_taylor,to,2
m028063,c_chris,cc,3
m028064,c_maya,to,0
m028065,c_noah,to,0
m028065,c_elena,to,1
m028065,c_taylor,to,2
m028065,c_chris,cc,3
m028066,c_maya,to,0
m028067,c_noah,to,0
m028067,c_elena,to,1
m028067,c_taylor,to,2
m028067,c_chris,cc,3
m028068,c_maya,to,0
m028069,c_noah,to,0
m028069,c_elena,to,1
m028069,c_taylor,to,2
m028069,c_chris,cc,3
m028070,c_maya,to,0
m028071,c_noah,to,0
m028071,c_elena,to,1
m028071,c_taylor,to,2
m028071,c_chris,cc,3
m028072,c_maya,to,0
m028073,c_noah,to,0
m028073,c_elena,to,1
m028073,c_taylor,to,2
m028073,c_chris,cc,3
m028074,c_maya,to,0
m028075,c_noah,to,0
m028075,c_elena,to,1
m028075,c_taylor,to,2
m028075,c_chris,cc,3
m028076,c_maya,to,0
m028077,c_noah,to,0
m028077,c_elena,to,1
m028077,c_taylor,to,2
m028077,c_chris,cc,3
m028078,c_maya,to,0
m028079,c_noah,to,0
m028079,c_elena,to,1
m028079,c_taylor,to,2
m028079,c_chris,cc,3
m028080,c_maya,to,0
m028081,c_noah,to,0
m028081,c_elena,to,1
m028081,c_taylor,to,2
m028081,c_chris,cc,3
m028082,c_maya,to,0
m028083,c_noah,to,0
m028083,c_elena,to,1
m028083,c_taylor,to,2
m028083,c_chris,cc,3
m028084,c_maya,to,0
m028085,c_noah,to,0
m028085,c_elena,to,1
m028085,c_taylor,to,2
m028085,c_chris,cc,3
m028086,c_maya,to,0
m028087,c_noah,to,0
m028087,c_elena,to,1
m028087,c_taylor,to,2
m028087,c_chris,cc,3
m028088,c_maya,to,0
m028089,c_noah,to,0
m028089,c_elena,to,1
m028089,c_taylor,to,2
m028089,c_chris,cc,3
m028090,c_maya,to,0
m028091,c_noah,to,0
m028091,c_elena,to,1
m028091,c_taylor,to,2
m028091,c_chris,cc,3
m028092,c_maya,to,0
m028093,c_noah,to,0
m028093,c_elena,to,1
m028093,c_taylor,to,2
m028093,c_chris,cc,3
m028094,c_maya,to,0
m028095,c_noah,to,0
m028095,c_elena,to,1
m028095,c_taylor,to,2
m028095,c_chris,cc,3
m028096,c_maya,to,0
m028097,c_chris,to,0
m028097,c_noah,to,1
m028097,c_elena,to,2
m028097,c_marcus,cc,3
m028098,c_maya,to,0
m028099,c_chris,to,0
m028099,c_noah,to,1
m028099,c_elena,to,2
m028099,c_marcus,cc,3
m028100,c_maya,to,0
m028101,c_chris,to,0
m028101,c_noah,to,1
m028101,c_elena,to,2
m028101,c_marcus,cc,3
m028102,c_maya,to,0
m028103,c_chris,to,0
m028103,c_noah,to,1
m028103,c_elena,to,2
m028103,c_marcus,cc,3
m028104,c_maya,to,0
m028105,c_priya,to,0
m028105,c_quinn,cc,1
m028106,c_maya,to,0
m028107,c_priya,to,0
m028107,c_quinn,cc,1
m028108,c_maya,to,0
m028109,c_priya,to,0
m028109,c_quinn,cc,1
m028110,c_maya,to,0
m028111,c_priya,to,0
m028111,c_quinn,cc,1
m028112,c_maya,to,0
m028113,c_priya,to,0
m028113,c_quinn,cc,1
m028114,c_maya,to,0
m028115,c_priya,to,0
m028115,c_quinn,cc,1
m028116,c_maya,to,0
m028117,c_elena,to,0
m028117,c_taylor,to,1
m028117,c_lena,to,2
m028118,c_noah,to,0
m028119,c_elena,to,0
m028119,c_taylor,to,1
m028119,c_lena,to,2
m028120,c_noah,to,0
m028121,c_elena,to,0
m028121,c_taylor,to,1
m028121,c_lena,to,2
m028122,c_noah,to,0
m028123,c_elena,to,0
m028123,c_taylor,to,1
m028123,c_lena,to,2
m028124,c_noah,to,0
m028125,c_elena,to,0
m028125,c_taylor,to,1
m028125,c_lena,to,2
m028126,c_noah,to,0
m028127,c_elena,to,0
m028127,c_taylor,to,1
m028127,c_lena,to,2
m028128,c_noah,to,0
m028129,c_noah,to,0
m028129,c_taylor,to,1
m028129,c_chris,cc,2
m028130,c_elena,to,0
m028131,c_noah,to,0
m028131,c_taylor,to,1
m028131,c_chris,cc,2
m028132,c_elena,to,0
m028133,c_noah,to,0
m028133,c_taylor,to,1
m028133,c_chris,cc,2
m028134,c_elena,to,0
m028135,c_noah,to,0
m028135,c_taylor,to,1
m028135,c_chris,cc,2
m028136,c_elena,to,0
m028137,c_noah,to,0
m028138,c_taylor,to,0
m028139,c_noah,to,0
m028140,c_taylor,to,0
m028141,c_avery,to,0
m028141,c_devon,to,1
m028142,c_alex_chan,to,0
m028143,c_avery,to,0
m028143,c_devon,to,1
m028144,c_alex_chan,to,0
m028145,c_maya,to,0
m028146,c_alex_chen,to,0
m028147,c_quinn,to,0
m028148,c_priya,to,0
m028149,c_marcus,to,0
m028150,c_chris,to,0
m028151,c_marcus,to,0
m028152,c_chris,to,0
m028153,c_hana,to,0
m028154,c_sam,to,0
m028155,c_alex_chan,to,0
m028156,c_maya,to,0
m028157,c_alex_chan,to,0
m028158,c_maya,to,0
m028159,c_alex_chan,to,0
m028160,c_maya,to,0
m028161,c_alex_chan,to,0
m028162,c_maya,to,0
m028163,c_alex_chan,to,0
m028164,c_maya,to,0
m028165,c_alex_chan,to,0
m028166,c_maya,to,0
m028167,c_jamie_lee,to,0
m028168,c_maya,to,0
m028169,c_jamie_lee,to,0
m028170,c_maya,to,0
m028171,c_jamie_lee,to,0
m028172,c_maya,to,0
m028173,c_jamie_lee,to,0
m028174,c_maya,to,0
m028175,c_jamie_lee,to,0
m028176,c_maya,to,0
m028177,c_jamie_lee,to,0
m028178,c_maya,to,0
m028179,c_morgan_shaw,to,0
m028180,c_maya,to,0
m028181,c_morgan_shaw,to,0
m028182,c_maya,to,0
m028183,c_morgan_shaw,to,0
m028184,c_maya,to,0
m028185,c_morgan_shaw,to,0
m028186,c_maya,to,0
m028187,c_morgan_shaw,to,0
m028188,c_maya,to,0
m028189,c_morgan_shaw,to,0
m028190,c_maya,to,0
m028191,c_alex_chen,to,0
m028192,c_maya,to,0
m028193,c_alex_chen,to,0
m028194,c_maya,to,0
m028195,c_alex_chen,to,0
m028196,c_maya,to,0
m028197,c_alex_chen,to,0
m028198,c_maya,to,0
m028199,c_jamie_li,to,0
m028200,c_maya,to,0
m028201,c_jamie_li,to,0
m028202,c_maya,to,0
m028203,c_jamie_li,to,0
m028204,c_maya,to,0
m028205,c_jamie_li,to,0
m028206,c_maya,to,0
m028207,c_morgan_zhao,to,0
m028208,c_maya,to,0
m028209,c_morgan_zhao,to,0
m028210,c_maya,to,0
m028211,c_morgan_zhao,to,0
m028212,c_maya,to,0
m028213,c_morgan_zhao,to,0
m028214,c_maya,to,0
m028215,c_lee,to,0
m028216,c_maya,to,0
m028217,c_lee,to,0
m028218,c_maya,to,0
m028219,c_lee,to,0
m028220,c_maya,to,0
m028221,c_lee,to,0
m028222,c_maya,to,0
m028223,c_lee,to,0
m028224,c_maya,to,0
m028225,c_lee,to,0
m028226,c_maya,to,0
m028227,c_pat,to,0
m028228,c_maya,to,0
m028229,c_pat,to,0
m028230,c_maya,to,0
m028231,c_pat,to,0
m028232,c_maya,to,0
m028233,c_pat,to,0
m028234,c_maya,to,0
m028235,c_pat,to,0
m028236,c_maya,to,0
m028237,c_pat,to,0
m028238,c_maya,to,0
m028239,c_ren,to,0
m028240,c_maya,to,0
m028241,c_ren,to,0
m028242,c_maya,to,0
m028243,c_ren,to,0
m028244,c_maya,to,0
m028245,c_ren,to,0
m028246,c_maya,to,0
m028247,c_ren,to,0
m028248,c_maya,to,0
m028249,c_ren,to,0
m028250,c_maya,to,0
m028251,c_sam,to,0
m028252,c_maya,to,0
m028253,c_hana,to,0
m028254,c_maya,to,0
m028255,c_fac_001,to,0
m028256,c_maya,to,0
m028257,c_fac_002,to,0
m028258,c_maya,to,0
m028259,c_fac_003,to,0
m028260,c_maya,to,0
m028261,c_fac_004,to,0
m028262,c_maya,to,0
m028263,c_fac_005,to,0
m028264,c_maya,to,0
m028265,c_fac_006,to,0
m028266,c_maya,to,0
m028267,c_fac_007,to,0
m028268,c_maya,to,0
m028269,c_fac_008,to,0
m028270,c_maya,to,0
m028271,c_fac_009,to,0
m028272,c_maya,to,0
m028273,c_fac_010,to,0
m028274,c_maya,to,0
m028275,c_fac_011,to,0
m028276,c_maya,to,0
m028277,c_fac_012,to,0
m028278,c_maya,to,0
m028279,c_fac_013,to,0
m028280,c_maya,to,0
m028281,c_fac_014,to,0
m028282,c_maya,to,0
m028283,c_fac_015,to,0
m028284,c_maya,to,0
m028285,c_fac_016,to,0
m028286,c_maya,to,0
m028287,c_fac_017,to,0
m028288,c_maya,to,0
m028289,c_new_018,to,0
m028290,c_maya,to,0
m028291,c_new_019,to,0
m028292,c_maya,to,0
m028293,c_new_020,to,0
m028294,c_maya,to,0
m028295,c_new_021,to,0
m028296,c_maya,to,0
m028297,c_new_022,to,0
m028298,c_maya,to,0
m028299,c_new_023,to,0
m028300,c_maya,to,0
m028301,c_new_024,to,0
m028302,c_maya,to,0
m028303,c_new_025,to,0
m028304,c_maya,to,0
m028305,c_fac_005,to,0
m028306,c_maya,to,0
m028307,c_fac_006,to,0
m028308,c_maya,to,0
m028309,c_fac_007,to,0
m028310,c_maya,to,0
m028311,c_fac_008,to,0
m028312,c_maya,to,0
m028313,c_maya,to,0
m028313,c_noah,to,1
m028314,c_cold_026,to,0
m028315,c_maya,to,0
m028315,c_noah,to,1
m028316,c_cold_027,to,0
m028317,c_maya,to,0
m028317,c_noah,to,1
m028318,c_cold_028,to,0
m028319,c_maya,to,0
m028319,c_noah,to,1
m028320,c_cold_029,to,0
m028321,c_noah,to,0
m028322,c_noah,to,0
m028323,c_noah,to,0
m028324,c_noah,to,0
m028325,c_new_030,to,0
m028326,c_maya,to,0
m028327,c_new_031,to,0
m028328,c_maya,to,0
m028329,c_new_032,to,0
m028330,c_maya,to,0
m028331,c_new_033,to,0
m028332,c_maya,to,0
m028333,c_new_034,to,0
m028334,c_maya,to,0
m028335,c_new_035,to,0
m028336,c_maya,to,0
m028337,c_new_036,to,0
m028338,c_maya,to,0
m028339,c_new_037,to,0
m028340,c_maya,to,0
m028341,c_fac_009,to,0
m028342,c_maya,to,0
m028343,c_fac_010,to,0
m028344,c_maya,to,0
m028345,c_fac_011,to,0
m028346,c_maya,to,0
m028347,c_fac_012,to,0
m028348,c_maya,to,0
m028349,c_maya,to,0
m028349,c_noah,to,1
m028350,c_cold_038,to,0
m028351,c_maya,to,0
m028351,c_noah,to,1
m028352,c_cold_039,to,0
m028353,c_maya,to,0
m028353,c_noah,to,1
m028354,c_cold_040,to,0
m028355,c_noah,to,0
m028356,c_noah,to,0
m028357,c_noah,to,0
m028358,c_new_041,to,0
m028359,c_maya,to,0
m028360,c_new_042,to,0
m028361,c_maya,to,0
m028362,c_new_043,to,0
m028363,c_maya,to,0
m028364,c_new_044,to,0
m028365,c_maya,to,0
m028366,c_new_045,to,0
m028367,c_maya,to,0
m028368,c_new_046,to,0
m028369,c_maya,to,0
m028370,c_new_047,to,0
m028371,c_maya,to,0
m028372,c_new_048,to,0
m028373,c_maya,to,0
m028374,c_new_049,to,0
m028375,c_maya,to,0
m028376,c_new_050,to,0
m028377,c_maya,to,0
m028378,c_fac_013,to,0
m028379,c_maya,to,0
m028380,c_fac_014,to,0
m028381,c_maya,to,0
m028382,c_fac_015,to,0
m028383,c_maya,to,0
m028384,c_fac_016,to,0
m028385,c_maya,to,0
m028386,c_fac_017,to,0
m028387,c_maya,to,0
m028388,c_maya,to,0
m028388,c_noah,to,1
m028389,c_cold_051,to,0
m028390,c_maya,to,0
m028390,c_noah,to,1
m028391,c_cold_052,to,0
m028392,c_maya,to,0
m028392,c_noah,to,1
m028393,c_cold_053,to,0
m028394,c_maya,to,0
m028394,c_noah,to,1
m028395,c_cold_054,to,0
m028396,c_noah,to,0
m028397,c_noah,to,0
m028398,c_noah,to,0
m028399,c_noah,to,0
m028400,c_noah,to,0
m028400,c_elena,to,1
m028400,c_taylor,to,2
m028400,c_chris,cc,3
m028401,c_maya,to,0
m028402,c_lee,to,0
m028403,c_maya,to,0
m028406,c_jordan,to,0
m028407,c_maya,to,0
m028408,c_rina,to,0
m028409,c_maya,to,0
m028411,c_sam,to,0
m028412,c_maya,to,0
m028413,c_noah,to,0
m028413,c_elena,to,1
m028413,c_taylor,to,2
m028413,c_chris,cc,3
m028413,c_lena,bcc,4
m028414,c_maya,to,0
m028415,c_maya,to,0
m028415,c_noah,to,1
m028416,c_elliot,to,0
m028417,c_noah,to,0
