dataset_version,draft_id,family_id,split,subset,sent_at,scenario_id,scenario_variant,is_misdirected_email,is_walkthrough,frozen
med-synth-v1,d000069,fam_m006801,train,train,2024-07-01T09:00:00Z,S08,unintended_cc,true,false,false
med-synth-v1,d000121,fam_m006803,train,train,2024-07-01T09:01:00Z,S05,internal_project,false,false,false
med-synth-v1,d000131,fam_m006805,train,train,2024-07-01T09:02:00Z,S05,internal_project,false,false,false
med-synth-v1,d000132,fam_m006815,train,train,2024-07-01T09:07:00Z,S05,internal_project,false,false,false
med-synth-v1,d000049,fam_m006889,train,train,2024-07-01T09:20:00Z,S04,familiar_topic_mismatch,true,false,false
med-synth-v1,d000001,fam_m006939,train,train,2024-07-01T10:50:00Z,S01,lookalike_replacement,true,false,false
med-synth-v1,d000095,fam_m006941,train,train,2024-07-01T10:51:00Z,S09,little_text_unintended,true,false,false
med-synth-v1,d000002,fam_m006951,train,train,2024-07-01T11:00:00Z,S01,lookalike_replacement,true,false,false
med-synth-v1,d000096,fam_m006953,train,train,2024-07-01T11:01:00Z,S09,little_text_unintended,true,false,false
med-synth-v1,d000003,fam_m006963,train,train,2024-07-01T11:10:00Z,S01,lookalike_replacement,true,false,false
med-synth-v1,d000097,fam_m006965,train,train,2024-07-01T11:11:00Z,S09,little_text_unintended,true,false,false
med-synth-v1,d000126,fam_m006999,train,train,2024-07-01T11:50:00Z,S05,external_purchase,false,false,false
med-synth-v1,d000133,fam_m007011,train,train,2024-07-01T12:00:00Z,S05,external_purchase,false,false,false
med-synth-v1,d000134,fam_m007055,train,train,2024-07-01T14:00:00Z,routine,established_contact,false,false,false
med-synth-v1,d000135,fam_m006825,train,train,2024-07-02T09:04:00Z,S05,internal_project,false,false,false
med-synth-v1,d000025,fam_m006881,train,train,2024-07-02T09:10:00Z,S02,added_external,true,false,false
med-synth-v1,d000136,fam_m006915,train,train,2024-07-02T09:41:00Z,routine,established_contact,false,false,false
med-synth-v1,d000137,fam_m006991,train,train,2024-07-02T11:40:00Z,routine,established_contact,false,false,false
med-synth-v1,d000138,fam_m006833,train,train,2024-07-03T09:00:00Z,S05,internal_project,false,false,false
med-synth-v1,d000139,fam_m006845,train,train,2024-07-03T09:06:00Z,S05,internal_project,false,false,false
med-synth-v1,d000140,fam_m006921,train,train,2024-07-03T09:50:00Z,routine,established_contact,false,false,false
med-synth-v1,d000141,fam_m006967,train,train,2024-07-03T11:10:00Z,routine,established_contact,false,false,false
med-synth-v1,d000142,fam_m007027,train,train,2024-07-03T12:10:00Z,S05,external_purchase,false,false,false
med-synth-v1,d000143,fam_m006849,train,train,2024-07-04T09:00:00Z,S05,internal_project,false,false,false
med-synth-v1,d000144,fam_m006861,train,train,2024-07-04T09:06:00Z,S05,internal_project,false,false,false
med-synth-v1,d000145,fam_m006931,train,train,2024-07-04T10:20:00Z,routine,established_contact,false,false,false
med-synth-v1,d000146,fam_m006995,train,train,2024-07-04T11:40:00Z,routine,established_contact,false,false,false
med-synth-v1,d000147,fam_m006865,train,train,2024-07-05T09:00:00Z,S05,internal_project,false,false,false
med-synth-v1,d000148,fam_m006877,train,train,2024-07-05T09:06:00Z,S05,internal_project,false,false,false
med-synth-v1,d000149,fam_m006927,train,train,2024-07-05T10:00:00Z,routine,established_contact,false,false,false
med-synth-v1,d000150,fam_m006961,train,train,2024-07-05T11:01:00Z,routine,established_contact,false,false,false
med-synth-v1,d000151,fam_m007021,train,train,2024-07-05T12:01:00Z,S05,external_purchase,false,false,false
med-synth-v1,d000152,fam_m007073,train,train,2024-07-08T09:00:00Z,S05,internal_project,false,false,false
med-synth-v1,d000153,fam_m007085,train,train,2024-07-08T09:06:00Z,S05,internal_project,false,false,false
med-synth-v1,d000154,fam_m007205,train,train,2024-07-08T10:30:00Z,routine,established_contact,false,false,false
med-synth-v1,d000155,fam_m007237,train,train,2024-07-08T11:11:00Z,routine,established_contact,false,false,false
med-synth-v1,d000156,fam_m007297,train,train,2024-07-08T12:11:00Z,S05,external_purchase,false,false,false
med-synth-v1,d000157,fam_m007091,train,train,2024-07-09T09:01:00Z,S05,internal_project,false,false,false
med-synth-v1,d000158,fam_m007103,train,train,2024-07-09T09:07:00Z,S05,internal_project,false,false,false
med-synth-v1,d000159,fam_m007247,train,train,2024-07-09T11:20:00Z,routine,established_contact,false,false,false
med-synth-v1,d000160,fam_m007309,train,train,2024-07-09T12:30:00Z,routine,established_contact,false,false,false
med-synth-v1,d000161,fam_m007109,train,train,2024-07-10T09:02:00Z,S05,internal_project,false,false,false
med-synth-v1,d000070,fam_m007113,train,train,2024-07-10T09:04:00Z,S08,unintended_cc,true,false,false
med-synth-v1,d000162,fam_m007167,train,train,2024-07-10T09:21:00Z,routine,established_contact,false,false,false
med-synth-v1,d000163,fam_m007217,train,train,2024-07-10T10:51:00Z,routine,established_contact,false,false,false
med-synth-v1,d000164,fam_m007277,train,train,2024-07-10T11:51:00Z,S05,external_purchase,false,false,false
med-synth-v1,d000165,fam_m007311,train,train,2024-07-10T12:40:00Z,routine,established_contact,false,false,false
med-synth-v1,d000101,fam_m028289,train,train,2024-07-10T18:00:00Z,S03,legitimate_first_contact,false,false,false
med-synth-v1,d000105,fam_m028297,train,train,2024-07-10T19:00:00Z,S06,legitimate_new_domain,false,false,false
med-synth-v1,d000109,fam_m028305,train,train,2024-07-10T20:00:00Z,S07,legitimate_topic_change,false,false,false
med-synth-v1,d000113,fam_m028313,train,train,2024-07-10T21:00:00Z,S09,cold_start_legitimate,false,false,false
med-synth-v1,d000117,fam_m028321,train,train,2024-07-10T21:30:00Z,S09,little_text_legitimate,false,false,false
med-synth-v1,d000166,fam_m007125,train,train,2024-07-11T09:02:00Z,S05,internal_project,false,false,false
med-synth-v1,d000026,fam_m007157,train,train,2024-07-11T09:10:00Z,S02,added_external,true,false,false
med-synth-v1,d000167,fam_m007159,train,train,2024-07-11T09:11:00Z,routine,established_contact,false,false,false
med-synth-v1,d000168,fam_m007253,train,train,2024-07-11T11:21:00Z,routine,established_contact,false,false,false
med-synth-v1,d000169,fam_m007323,train,train,2024-07-11T13:40:00Z,routine,established_contact,false,false,false
med-synth-v1,d000170,fam_m007143,train,train,2024-07-12T09:03:00Z,S05,internal_project,false,false,false
med-synth-v1,d000050,fam_m007171,train,train,2024-07-12T09:21:00Z,S04,familiar_topic_mismatch,true,false,false
med-synth-v1,d000171,fam_m007181,train,train,2024-07-12T09:30:00Z,routine,established_contact,false,false,false
med-synth-v1,d000172,fam_m007221,train,train,2024-07-12T10:51:00Z,routine,established_contact,false,false,false
med-synth-v1,d000173,fam_m007281,train,train,2024-07-12T11:51:00Z,S05,external_purchase,false,false,false
med-synth-v1,d000174,fam_m007325,train,train,2024-07-12T13:50:00Z,routine,established_contact,false,false,false
med-synth-v1,d000175,fam_m007353,train,train,2024-07-15T09:04:00Z,S05,internal_project,false,false,false
med-synth-v1,d000176,fam_m007445,train,train,2024-07-15T09:30:00Z,routine,established_contact,false,false,false
med-synth-v1,d000177,fam_m007497,train,train,2024-07-15T11:01:00Z,routine,established_contact,false,false,false
med-synth-v1,d000178,fam_m007557,train,train,2024-07-15T12:01:00Z,S05,external_purchase,false,false,false
med-synth-v1,d000179,fam_m007609,train,train,2024-07-15T14:50:00Z,routine,established_contact,false,false,false
med-synth-v1,d000180,fam_m007371,train,train,2024-07-16T09:05:00Z,S05,internal_project,false,false,false
med-synth-v1,d000181,fam_m007459,train,train,2024-07-16T09:41:00Z,routine,established_contact,false,false,false
med-synth-v1,d000182,fam_m007535,train,train,2024-07-16T11:40:00Z,routine,established_contact,false,false,false
med-synth-v1,d000183,fam_m007377,train,train,2024-07-17T09:00:00Z,S05,internal_project,false,false,false
med-synth-v1,d000184,fam_m007389,train,train,2024-07-17T09:06:00Z,S05,internal_project,false,false,false
med-synth-v1,d000185,fam_m007465,train,train,2024-07-17T09:50:00Z,routine,established_contact,false,false,false
med-synth-v1,d000186,fam_m007511,train,train,2024-07-17T11:10:00Z,routine,established_contact,false,false,false
med-synth-v1,d000187,fam_m007571,train,train,2024-07-17T12:10:00Z,S05,external_purchase,false,false,false
med-synth-v1,d000188,fam_m007393,train,train,2024-07-18T09:00:00Z,S05,internal_project,false,false,false
med-synth-v1,d000189,fam_m007405,train,train,2024-07-18T09:06:00Z,S05,internal_project,false,false,false
med-synth-v1,d000190,fam_m007475,train,train,2024-07-18T10:20:00Z,routine,established_contact,false,false,false
med-synth-v1,d000191,fam_m007539,train,train,2024-07-18T11:40:00Z,routine,established_contact,false,false,false
med-synth-v1,d000192,fam_m007409,train,train,2024-07-19T09:00:00Z,S05,internal_project,false,false,false
med-synth-v1,d000193,fam_m007421,train,train,2024-07-19T09:06:00Z,S05,internal_project,false,false,false
med-synth-v1,d000194,fam_m007471,train,train,2024-07-19T10:00:00Z,routine,established_contact,false,false,false
med-synth-v1,d000195,fam_m007505,train,train,2024-07-19T11:01:00Z,routine,established_contact,false,false,false
med-synth-v1,d000196,fam_m007565,train,train,2024-07-19T12:01:00Z,S05,external_purchase,false,false,false
med-synth-v1,d000071,fam_m007617,train,train,2024-07-22T09:00:00Z,S08,unintended_cc,true,false,false
med-synth-v1,d000197,fam_m007619,train,train,2024-07-22T09:01:00Z,S05,internal_project,false,false,false
med-synth-v1,d000198,fam_m007629,train,train,2024-07-22T09:06:00Z,S05,internal_project,false,false,false
med-synth-v1,d000199,fam_m007749,train,train,2024-07-22T10:30:00Z,routine,established_contact,false,false,false
med-synth-v1,d000200,fam_m007781,train,train,2024-07-22T11:11:00Z,routine,established_contact,false,false,false
med-synth-v1,d000201,fam_m007841,train,train,2024-07-22T12:11:00Z,S05,external_purchase,false,false,false
med-synth-v1,d000202,fam_m007635,train,train,2024-07-23T09:01:00Z,S05,internal_project,false,false,false
med-synth-v1,d000203,fam_m007647,train,train,2024-07-23T09:07:00Z,S05,internal_project,false,false,false
med-synth-v1,d000027,fam_m007699,train,train,2024-07-23T09:11:00Z,S02,added_external,true,false,false
med-synth-v1,d000204,fam_m007793,train,train,2024-07-23T11:21:00Z,routine,established_contact,false,false,false
med-synth-v1,d000205,fam_m007863,train,train,2024-07-23T13:20:00Z,routine,established_contact,false,false,false
med-synth-v1,d000206,fam_m007655,train,train,2024-07-24T09:03:00Z,S05,internal_project,false,false,false
med-synth-v1,d000207,fam_m007711,train,train,2024-07-24T09:21:00Z,routine,established_contact,false,false,false
med-synth-v1,d000208,fam_m007761,train,train,2024-07-24T10:51:00Z,routine,established_contact,false,false,false
med-synth-v1,d000209,fam_m007821,train,train,2024-07-24T11:51:00Z,S05,external_purchase,false,false,false
med-synth-v1,d000210,fam_m007865,train,train,2024-07-24T13:30:00Z,routine,established_contact,false,false,false
med-synth-v1,d000211,fam_m007671,train,train,2024-07-25T09:03:00Z,S05,internal_project,false,false,false
med-synth-v1,d000212,fam_m007703,train,train,2024-07-25T09:11:00Z,routine,established_contact,false,false,false
med-synth-v1,d000213,fam_m007797,train,train,2024-07-25T11:21:00Z,routine,established_contact,false,false,false
med-synth-v1,d000214,fam_m007867,train,train,2024-07-25T13:40:00Z,routine,established_contact,false,false,false
med-synth-v1,d000215,fam_m007687,train,train,2024-07-26T09:03:00Z,S05,internal_project,false,false,false
med-synth-v1,d000051,fam_m007715,train,train,2024-07-26T09:21:00Z,S04,familiar_topic_mismatch,true,false,false
med-synth-v1,d000216,fam_m007725,train,train,2024-07-26T09:30:00Z,routine,established_contact,false,false,false
med-synth-v1,d000217,fam_m007765,train,train,2024-07-26T10:51:00Z,routine,established_contact,false,false,false
med-synth-v1,d000218,fam_m007825,train,train,2024-07-26T11:51:00Z,S05,external_purchase,false,false,false
med-synth-v1,d000219,fam_m007869,train,train,2024-07-26T13:50:00Z,routine,established_contact,false,false,false
med-synth-v1,d000220,fam_m007897,train,train,2024-07-29T09:04:00Z,S05,internal_project,false,false,false
med-synth-v1,d000221,fam_m007989,train,train,2024-07-29T09:30:00Z,routine,established_contact,false,false,false
med-synth-v1,d000222,fam_m008041,train,train,2024-07-29T11:01:00Z,routine,established_contact,false,false,false
med-synth-v1,d000223,fam_m008101,train,train,2024-07-29T12:01:00Z,S05,external_purchase,false,false,false
med-synth-v1,d000224,fam_m008153,train,train,2024-07-29T14:50:00Z,routine,established_contact,false,false,false
med-synth-v1,d000225,fam_m007915,train,train,2024-07-30T09:05:00Z,S05,internal_project,false,false,false
med-synth-v1,d000226,fam_m008003,train,train,2024-07-30T09:41:00Z,routine,established_contact,false,false,false
med-synth-v1,d000227,fam_m008079,train,train,2024-07-30T11:40:00Z,routine,established_contact,false,false,false
med-synth-v1,d000228,fam_m007921,train,train,2024-07-31T09:00:00Z,S05,internal_project,false,false,false
med-synth-v1,d000072,fam_m007929,train,train,2024-07-31T09:04:00Z,S08,unintended_cc,true,false,false
med-synth-v1,d000229,fam_m007935,train,train,2024-07-31T09:07:00Z,S05,internal_project,false,false,false
med-synth-v1,d000230,fam_m008011,train,train,2024-07-31T09:51:00Z,routine,established_contact,false,false,false
med-synth-v1,d000231,fam_m008057,train,train,2024-07-31T11:11:00Z,routine,established_contact,false,false,false
med-synth-v1,d000232,fam_m008115,train,train,2024-07-31T12:10:00Z,S05,external_purchase,false,false,false
med-synth-v1,d000233,fam_m007937,train,train,2024-08-01T09:00:00Z,S05,internal_project,false,false,false
med-synth-v1,d000234,fam_m007949,train,train,2024-08-01T09:06:00Z,S05,internal_project,false,false,false
med-synth-v1,d000028,fam_m007975,train,train,2024-08-01T09:11:00Z,S02,added_external,true,false,false
med-synth-v1,d000235,fam_m008023,train,train,2024-08-01T10:30:00Z,routine,established_contact,false,false,false
med-synth-v1,d000236,fam_m008085,train,train,2024-08-01T11:41:00Z,routine,established_contact,false,false,false
med-synth-v1,d000237,fam_m007955,train,train,2024-08-02T09:01:00Z,S05,internal_project,false,false,false
med-synth-v1,d000238,fam_m007967,train,train,2024-08-02T09:07:00Z,S05,internal_project,false,false,false
med-synth-v1,d000239,fam_m008017,train,train,2024-08-02T10:10:00Z,routine,established_contact,false,false,false
med-synth-v1,d000004,fam_m008037,train,train,2024-08-02T10:51:00Z,S01,lookalike_replacement,true,false,false
med-synth-v1,d000005,fam_m008049,train,train,2024-08-02T11:01:00Z,S01,lookalike_replacement,true,false,false
med-synth-v1,d000006,fam_m008061,train,train,2024-08-02T11:11:00Z,S01,lookalike_replacement,true,false,false
med-synth-v1,d000240,fam_m008097,train,train,2024-08-02T11:51:00Z,S05,external_purchase,false,false,false
med-synth-v1,d000241,fam_m008141,train,train,2024-08-02T13:50:00Z,routine,established_contact,false,false,false
med-synth-v1,d000242,fam_m008169,train,train,2024-08-05T09:04:00Z,S05,internal_project,false,false,false
med-synth-v1,d000243,fam_m008261,train,train,2024-08-05T09:30:00Z,routine,established_contact,false,false,false
med-synth-v1,d000244,fam_m008313,train,train,2024-08-05T11:01:00Z,routine,established_contact,false,false,false
med-synth-v1,d000245,fam_m008373,train,train,2024-08-05T12:01:00Z,S05,external_purchase,false,false,false
med-synth-v1,d000246,fam_m008425,train,train,2024-08-05T14:50:00Z,routine,established_contact,false,false,false
med-synth-v1,d000247,fam_m008187,train,train,2024-08-06T09:05:00Z,S05,internal_project,false,false,false
med-synth-v1,d000248,fam_m008275,train,train,2024-08-06T09:41:00Z,routine,established_contact,false,false,false
med-synth-v1,d000249,fam_m008351,train,train,2024-08-06T11:40:00Z,routine,established_contact,false,false,false
med-synth-v1,d000250,fam_m008193,train,train,2024-08-07T09:00:00Z,S05,internal_project,false,false,false
med-synth-v1,d000251,fam_m008205,train,train,2024-08-07T09:06:00Z,S05,internal_project,false,false,false
med-synth-v1,d000252,fam_m008281,train,train,2024-08-07T09:50:00Z,routine,established_contact,false,false,false
med-synth-v1,d000253,fam_m008327,train,train,2024-08-07T11:10:00Z,routine,established_contact,false,false,false
med-synth-v1,d000254,fam_m008387,train,train,2024-08-07T12:10:00Z,S05,external_purchase,false,false,false
med-synth-v1,d000255,fam_m008209,train,train,2024-08-08T09:00:00Z,S05,internal_project,false,false,false
med-synth-v1,d000256,fam_m008221,train,train,2024-08-08T09:06:00Z,S05,internal_project,false,false,false
med-synth-v1,d000257,fam_m008291,train,train,2024-08-08T10:20:00Z,routine,established_contact,false,false,false
med-synth-v1,d000258,fam_m008355,train,train,2024-08-08T11:40:00Z,routine,established_contact,false,false,false
med-synth-v1,d000259,fam_m008225,train,train,2024-08-09T09:00:00Z,S05,internal_project,false,false,false
med-synth-v1,d000260,fam_m008237,train,train,2024-08-09T09:06:00Z,S05,internal_project,false,false,false
med-synth-v1,d000052,fam_m008259,train,train,2024-08-09T09:21:00Z,S04,familiar_topic_mismatch,true,false,false
med-synth-v1,d000261,fam_m008289,train,train,2024-08-09T10:10:00Z,routine,established_contact,false,false,false
med-synth-v1,d000262,fam_m008331,train,train,2024-08-09T11:10:00Z,routine,established_contact,false,false,false
med-synth-v1,d000263,fam_m008391,train,train,2024-08-09T12:10:00Z,S05,external_purchase,false,false,false
med-synth-v1,d000073,fam_m008433,train,train,2024-08-12T09:00:00Z,S08,unintended_cc,true,false,false
med-synth-v1,d000264,fam_m008437,train,train,2024-08-12T09:02:00Z,S05,internal_project,false,false,false
med-synth-v1,d000265,fam_m008447,train,train,2024-08-12T09:07:00Z,S05,internal_project,false,false,false
med-synth-v1,d000266,fam_m008571,train,train,2024-08-12T10:50:00Z,routine,established_contact,false,false,false
med-synth-v1,d000267,fam_m008631,train,train,2024-08-12T11:50:00Z,S05,external_purchase,false,false,false
med-synth-v1,d000268,fam_m008667,train,train,2024-08-12T12:20:00Z,routine,established_contact,false,false,false
med-synth-v1,d000269,fam_m008453,train,train,2024-08-13T09:02:00Z,S05,internal_project,false,false,false
med-synth-v1,d000270,fam_m008513,train,train,2024-08-13T09:10:00Z,routine,established_contact,false,false,false
med-synth-v1,d000271,fam_m008609,train,train,2024-08-13T11:21:00Z,routine,established_contact,false,false,false
med-synth-v1,d000272,fam_m008679,train,train,2024-08-13T13:20:00Z,routine,established_contact,false,false,false
med-synth-v1,d000273,fam_m008471,train,train,2024-08-14T09:03:00Z,S05,internal_project,false,false,false
med-synth-v1,d000274,fam_m008527,train,train,2024-08-14T09:21:00Z,routine,established_contact,false,false,false
med-synth-v1,d000275,fam_m008577,train,train,2024-08-14T10:51:00Z,routine,established_contact,false,false,false
med-synth-v1,d000276,fam_m008637,train,train,2024-08-14T11:51:00Z,S05,external_purchase,false,false,false
med-synth-v1,d000277,fam_m008681,train,train,2024-08-14T13:30:00Z,routine,established_contact,false,false,false
med-synth-v1,d000278,fam_m008487,train,train,2024-08-15T09:03:00Z,S05,internal_project,false,false,false
med-synth-v1,d000029,fam_m008517,train,train,2024-08-15T09:10:00Z,S02,added_external,true,false,false
med-synth-v1,d000279,fam_m008549,train,train,2024-08-15T09:40:00Z,routine,established_contact,false,false,false
med-synth-v1,d000280,fam_m008619,train,train,2024-08-15T11:30:00Z,routine,established_contact,false,false,false
med-synth-v1,d000281,fam_m008693,train,train,2024-08-15T14:30:00Z,routine,established_contact,false,false,false
med-synth-v1,d000282,fam_m008505,train,train,2024-08-16T09:04:00Z,S05,internal_project,false,false,false
med-synth-v1,d000283,fam_m008541,train,train,2024-08-16T09:30:00Z,routine,established_contact,false,false,false
med-synth-v1,d000284,fam_m008581,train,train,2024-08-16T10:51:00Z,routine,established_contact,false,false,false
med-synth-v1,d000285,fam_m008641,train,train,2024-08-16T11:51:00Z,S05,external_purchase,false,false,false
med-synth-v1,d000286,fam_m008685,train,train,2024-08-16T13:50:00Z,routine,established_contact,false,false,false
med-synth-v1,d000287,fam_m008713,train,train,2024-08-19T09:04:00Z,S05,internal_project,false,false,false
med-synth-v1,d000288,fam_m008805,train,train,2024-08-19T09:30:00Z,routine,established_contact,false,false,false
med-synth-v1,d000289,fam_m008857,train,train,2024-08-19T11:01:00Z,routine,established_contact,false,false,false
med-synth-v1,d000290,fam_m008917,train,train,2024-08-19T12:01:00Z,S05,external_purchase,false,false,false
med-synth-v1,d000291,fam_m008969,train,train,2024-08-19T14:50:00Z,routine,established_contact,false,false,false
med-synth-v1,d000292,fam_m008731,train,train,2024-08-20T09:05:00Z,S05,internal_project,false,false,false
med-synth-v1,d000293,fam_m008819,train,train,2024-08-20T09:41:00Z,routine,established_contact,false,false,false
med-synth-v1,d000294,fam_m008895,train,train,2024-08-20T11:40:00Z,routine,established_contact,false,false,false
med-synth-v1,d000295,fam_m008737,train,train,2024-08-21T09:00:00Z,S05,internal_project,false,false,false
med-synth-v1,d000074,fam_m008745,train,train,2024-08-21T09:04:00Z,S08,unintended_cc,true,false,false
med-synth-v1,d000296,fam_m008751,train,train,2024-08-21T09:07:00Z,S05,internal_project,false,false,false
med-synth-v1,d000297,fam_m008827,train,train,2024-08-21T09:51:00Z,routine,established_contact,false,false,false
med-synth-v1,d000298,fam_m008873,train,train,2024-08-21T11:11:00Z,routine,established_contact,false,false,false
med-synth-v1,d000299,fam_m008931,train,train,2024-08-21T12:10:00Z,S05,external_purchase,false,false,false
med-synth-v1,d000300,fam_m008753,train,train,2024-08-22T09:00:00Z,S05,internal_project,false,false,false
med-synth-v1,d000301,fam_m008765,train,train,2024-08-22T09:06:00Z,S05,internal_project,false,false,false
med-synth-v1,d000302,fam_m008835,train,train,2024-08-22T10:20:00Z,routine,established_contact,false,false,false
med-synth-v1,d000303,fam_m008899,train,train,2024-08-22T11:40:00Z,routine,established_contact,false,false,false
med-synth-v1,d000122,fam_m008769,train,train,2024-08-23T09:00:00Z,S05,internal_project,false,false,false
med-synth-v1,d000304,fam_m008771,train,train,2024-08-23T09:01:00Z,S05,internal_project,false,false,false
med-synth-v1,d000305,fam_m008783,train,train,2024-08-23T09:07:00Z,S05,internal_project,false,false,false
med-synth-v1,d000053,fam_m008801,train,train,2024-08-23T09:20:00Z,S04,familiar_topic_mismatch,true,false,false
med-synth-v1,d000306,fam_m008841,train,train,2024-08-23T10:40:00Z,routine,established_contact,false,false,false
med-synth-v1,d000307,fam_m008877,train,train,2024-08-23T11:11:00Z,routine,established_contact,false,false,false
med-synth-v1,d000127,fam_m008911,train,train,2024-08-23T11:50:00Z,S05,external_purchase,false,false,false
med-synth-v1,d000308,fam_m008947,train,train,2024-08-23T13:00:00Z,routine,established_contact,false,false,false
med-synth-v1,d000309,fam_m008983,train,train,2024-08-26T09:03:00Z,S05,internal_project,false,false,false
med-synth-v1,d000310,fam_m009067,train,train,2024-08-26T09:21:00Z,routine,established_contact,false,false,false
med-synth-v1,d000311,fam_m009127,train,train,2024-08-26T11:00:00Z,routine,established_contact,false,false,false
med-synth-v1,d000312,fam_m009187,train,train,2024-08-26T12:00:00Z,S05,external_purchase,false,false,false
med-synth-v1,d000313,fam_m009231,train,train,2024-08-26T14:00:00Z,routine,established_contact,false,false,false
med-synth-v1,d000314,fam_m009001,train,train,2024-08-27T09:04:00Z,S05,internal_project,false,false,false
med-synth-v1,d000030,fam_m009057,train,train,2024-08-27T09:10:00Z,S02,added_external,true,false,false
med-synth-v1,d000315,fam_m009091,train,train,2024-08-27T09:41:00Z,routine,established_contact,false,false,false
med-synth-v1,d000316,fam_m009167,train,train,2024-08-27T11:40:00Z,routine,established_contact,false,false,false
med-synth-v1,d000317,fam_m009009,train,train,2024-08-28T09:00:00Z,S05,internal_project,false,false,false
med-synth-v1,d000318,fam_m009021,train,train,2024-08-28T09:06:00Z,S05,internal_project,false,false,false
med-synth-v1,d000319,fam_m009097,train,train,2024-08-28T09:50:00Z,routine,established_contact,false,false,false
med-synth-v1,d000320,fam_m009143,train,train,2024-08-28T11:10:00Z,routine,established_contact,false,false,false
med-synth-v1,d000321,fam_m009203,train,train,2024-08-28T12:10:00Z,S05,external_purchase,false,false,false
med-synth-v1,d000322,fam_m009025,train,train,2024-08-29T09:00:00Z,S05,internal_project,false,false,false
med-synth-v1,d000323,fam_m009037,train,train,2024-08-29T09:06:00Z,S05,internal_project,false,false,false
med-synth-v1,d000324,fam_m009107,train,train,2024-08-29T10:20:00Z,routine,established_contact,false,false,false
med-synth-v1,d000325,fam_m009171,train,train,2024-08-29T11:40:00Z,routine,established_contact,false,false,false
med-synth-v1,d000326,fam_m009041,train,train,2024-08-30T09:00:00Z,S05,internal_project,false,false,false
med-synth-v1,d000327,fam_m009053,train,train,2024-08-30T09:06:00Z,S05,internal_project,false,false,false
med-synth-v1,d000328,fam_m009103,train,train,2024-08-30T10:00:00Z,routine,established_contact,false,false,false
med-synth-v1,d000329,fam_m009137,train,train,2024-08-30T11:01:00Z,routine,established_contact,false,false,false
med-synth-v1,d000330,fam_m009197,train,train,2024-08-30T12:01:00Z,S05,external_purchase,false,false,false
med-synth-v1,d000075,fam_m009249,train,train,2024-09-02T09:00:00Z,S08,unintended_cc,true,false,false
med-synth-v1,d000331,fam_m009251,train,train,2024-09-02T09:01:00Z,S05,internal_project,false,false,false
med-synth-v1,d000332,fam_m009261,train,train,2024-09-02T09:06:00Z,S05,internal_project,false,false,false
med-synth-v1,d000333,fam_m009381,train,train,2024-09-02T10:30:00Z,routine,established_contact,false,false,false
med-synth-v1,d000334,fam_m009413,train,train,2024-09-02T11:11:00Z,routine,established_contact,false,false,false
med-synth-v1,d000335,fam_m009473,train,train,2024-09-02T12:11:00Z,S05,external_purchase,false,false,false
med-synth-v1,d000336,fam_m009267,train,train,2024-09-03T09:01:00Z,S05,internal_project,false,false,false
med-synth-v1,d000337,fam_m009279,train,train,2024-09-03T09:07:00Z,S05,internal_project,false,false,false
med-synth-v1,d000338,fam_m009423,train,train,2024-09-03T11:20:00Z,routine,established_contact,false,false,false
med-synth-v1,d000339,fam_m009485,train,train,2024-09-03T12:30:00Z,routine,established_contact,false,false,false
med-synth-v1,d000340,fam_m009285,train,train,2024-09-04T09:02:00Z,S05,internal_project,false,false,false
med-synth-v1,d000341,fam_m009341,train,train,2024-09-04T09:20:00Z,routine,established_contact,false,false,false
med-synth-v1,d000342,fam_m009391,train,train,2024-09-04T10:50:00Z,routine,established_contact,false,false,false
med-synth-v1,d000343,fam_m009451,train,train,2024-09-04T11:50:00Z,S05,external_purchase,false,false,false
med-synth-v1,d000344,fam_m009487,train,train,2024-09-04T12:40:00Z,routine,established_contact,false,false,false
med-synth-v1,d000345,fam_m009301,train,train,2024-09-05T09:02:00Z,S05,internal_project,false,false,false
med-synth-v1,d000346,fam_m009333,train,train,2024-09-05T09:10:00Z,routine,established_contact,false,false,false
med-synth-v1,d000031,fam_m009335,train,train,2024-09-05T09:11:00Z,S02,added_external,true,false,false
med-synth-v1,d000347,fam_m009429,train,train,2024-09-05T11:21:00Z,routine,established_contact,false,false,false
med-synth-v1,d000348,fam_m009499,train,train,2024-09-05T13:40:00Z,routine,established_contact,false,false,false
med-synth-v1,d000349,fam_m009319,train,train,2024-09-06T09:03:00Z,S05,internal_project,false,false,false
med-synth-v1,d000054,fam_m009345,train,train,2024-09-06T09:20:00Z,S04,familiar_topic_mismatch,true,false,false
med-synth-v1,d000350,fam_m009357,train,train,2024-09-06T09:30:00Z,routine,established_contact,false,false,false
med-synth-v1,d000007,fam_m009395,train,train,2024-09-06T10:50:00Z,S01,lookalike_replacement,true,false,false
med-synth-v1,d000008,fam_m009407,train,train,2024-09-06T11:00:00Z,S01,lookalike_replacement,true,false,false
med-synth-v1,d000351,fam_m009409,train,train,2024-09-06T11:01:00Z,routine,established_contact,false,false,false
med-synth-v1,d000009,fam_m009419,train,train,2024-09-06T11:10:00Z,S01,lookalike_replacement,true,false,false
med-synth-v1,d000352,fam_m009479,train,train,2024-09-06T12:10:00Z,S05,external_purchase,false,false,false
med-synth-v1,d000353,fam_m009523,train,train,2024-09-09T09:01:00Z,S05,internal_project,false,false,false
med-synth-v1,d000354,fam_m009535,train,train,2024-09-09T09:07:00Z,S05,internal_project,false,false,false
med-synth-v1,d000355,fam_m009659,train,train,2024-09-09T10:50:00Z,routine,established_contact,false,false,false
med-synth-v1,d000356,fam_m009719,train,train,2024-09-09T11:50:00Z,S05,external_purchase,false,false,false
med-synth-v1,d000357,fam_m009755,train,train,2024-09-09T12:20:00Z,routine,established_contact,false,false,false
med-synth-v1,d000358,fam_m009541,train,train,2024-09-10T09:02:00Z,S05,internal_project,false,false,false
med-synth-v1,d000359,fam_m009601,train,train,2024-09-10T09:10:00Z,routine,established_contact,false,false,false
med-synth-v1,d000360,fam_m009697,train,train,2024-09-10T11:21:00Z,routine,established_contact,false,false,false
med-synth-v1,d000361,fam_m009767,train,train,2024-09-10T13:20:00Z,routine,established_contact,false,false,false
med-synth-v1,d000362,fam_m009559,train,train,2024-09-11T09:03:00Z,S05,internal_project,false,false,false
med-synth-v1,d000076,fam_m009561,train,train,2024-09-11T09:04:00Z,S08,unintended_cc,true,false,false
med-synth-v1,d000363,fam_m009625,train,train,2024-09-11T09:30:00Z,routine,established_contact,false,false,false
med-synth-v1,d000364,fam_m009675,train,train,2024-09-11T11:00:00Z,routine,established_contact,false,false,false
med-synth-v1,d000365,fam_m009735,train,train,2024-09-11T12:00:00Z,S05,external_purchase,false,false,false
med-synth-v1,d000366,fam_m009769,train,train,2024-09-11T13:30:00Z,routine,established_contact,false,false,false
med-synth-v1,d000102,fam_m028291,train,train,2024-09-11T18:01:00Z,S03,legitimate_first_contact,false,false,false
med-synth-v1,d000106,fam_m028299,train,train,2024-09-11T19:01:00Z,S06,legitimate_new_domain,false,false,false
med-synth-v1,d000110,fam_m028307,train,train,2024-09-11T20:01:00Z,S07,legitimate_topic_change,false,false,false
med-synth-v1,d000114,fam_m028315,train,train,2024-09-11T21:01:00Z,S09,cold_start_legitimate,false,false,false
med-synth-v1,d000118,fam_m028322,train,train,2024-09-11T21:31:00Z,S09,little_text_legitimate,false,false,false
med-synth-v1,d000367,fam_m009575,train,train,2024-09-12T09:03:00Z,S05,internal_project,false,false,false
med-synth-v1,d000368,fam_m009607,train,train,2024-09-12T09:11:00Z,routine,established_contact,false,false,false
med-synth-v1,d000369,fam_m009701,train,train,2024-09-12T11:21:00Z,routine,established_contact,false,false,false
med-synth-v1,d000370,fam_m009771,train,train,2024-09-12T13:40:00Z,routine,established_contact,false,false,false
med-synth-v1,d000371,fam_m009591,train,train,2024-09-13T09:03:00Z,S05,internal_project,false,false,false
med-synth-v1,d000372,fam_m009619,train,train,2024-09-13T09:21:00Z,routine,established_contact,false,false,false
med-synth-v1,d000373,fam_m009667,train,train,2024-09-13T10:50:00Z,routine,established_contact,false,false,false
med-synth-v1,d000374,fam_m009727,train,train,2024-09-13T11:50:00Z,S05,external_purchase,false,false,false
med-synth-v1,d000375,fam_m009763,train,train,2024-09-13T13:00:00Z,routine,established_contact,false,false,false
med-synth-v1,d000376,fam_m009799,train,train,2024-09-16T09:03:00Z,S05,internal_project,false,false,false
med-synth-v1,d000377,fam_m009883,train,train,2024-09-16T09:21:00Z,routine,established_contact,false,false,false
med-synth-v1,d000378,fam_m009943,train,train,2024-09-16T11:00:00Z,routine,established_contact,false,false,false
med-synth-v1,d000379,fam_m010003,train,train,2024-09-16T12:00:00Z,S05,external_purchase,false,false,false
med-synth-v1,d000380,fam_m010047,train,train,2024-09-16T14:00:00Z,routine,established_contact,false,false,false
med-synth-v1,d000381,fam_m009817,train,train,2024-09-17T09:04:00Z,S05,internal_project,false,false,false
med-synth-v1,d000032,fam_m009875,train,train,2024-09-17T09:11:00Z,S02,added_external,true,false,false
med-synth-v1,d000382,fam_m009907,train,train,2024-09-17T09:41:00Z,routine,established_contact,false,false,false
med-synth-v1,d000383,fam_m009983,train,train,2024-09-17T11:40:00Z,routine,established_contact,false,false,false
med-synth-v1,d000384,fam_m009825,train,train,2024-09-18T09:00:00Z,S05,internal_project,false,false,false
med-synth-v1,d000385,fam_m009837,train,train,2024-09-18T09:06:00Z,S05,internal_project,false,false,false
med-synth-v1,d000386,fam_m009913,train,train,2024-09-18T09:50:00Z,routine,established_contact,false,false,false
med-synth-v1,d000387,fam_m009959,train,train,2024-09-18T11:10:00Z,routine,established_contact,false,false,false
med-synth-v1,d000388,fam_m010019,train,train,2024-09-18T12:10:00Z,S05,external_purchase,false,false,false
med-synth-v1,d000389,fam_m009841,train,train,2024-09-19T09:00:00Z,S05,internal_project,false,false,false
med-synth-v1,d000390,fam_m009853,train,train,2024-09-19T09:06:00Z,S05,internal_project,false,false,false
med-synth-v1,d000391,fam_m009923,train,train,2024-09-19T10:20:00Z,routine,established_contact,false,false,false
med-synth-v1,d000392,fam_m009987,train,train,2024-09-19T11:40:00Z,routine,established_contact,false,false,false
med-synth-v1,d000393,fam_m009857,train,train,2024-09-20T09:00:00Z,S05,internal_project,false,false,false
med-synth-v1,d000394,fam_m009869,train,train,2024-09-20T09:06:00Z,S05,internal_project,false,false,false
med-synth-v1,d000055,fam_m009889,train,train,2024-09-20T09:20:00Z,S04,familiar_topic_mismatch,true,false,false
med-synth-v1,d000395,fam_m009921,train,train,2024-09-20T10:10:00Z,routine,established_contact,false,false,false
med-synth-v1,d000396,fam_m009963,train,train,2024-09-20T11:10:00Z,routine,established_contact,false,false,false
med-synth-v1,d000397,fam_m010023,train,train,2024-09-20T12:10:00Z,S05,external_purchase,false,false,false
med-synth-v1,d000077,fam_m010065,train,train,2024-09-23T09:00:00Z,S08,unintended_cc,true,false,false
med-synth-v1,d000398,fam_m010069,train,train,2024-09-23T09:02:00Z,S05,internal_project,false,false,false
med-synth-v1,d000399,fam_m010079,train,train,2024-09-23T09:07:00Z,S05,internal_project,false,false,false
med-synth-v1,d000400,fam_m010203,train,train,2024-09-23T10:50:00Z,routine,established_contact,false,false,false
med-synth-v1,d000401,fam_m010263,train,train,2024-09-23T11:50:00Z,S05,external_purchase,false,false,false
med-synth-v1,d000402,fam_m010299,train,train,2024-09-23T12:20:00Z,routine,established_contact,false,false,false
med-synth-v1,d000403,fam_m010085,train,train,2024-09-24T09:02:00Z,S05,internal_project,false,false,false
med-synth-v1,d000404,fam_m010145,train,train,2024-09-24T09:10:00Z,routine,established_contact,false,false,false
med-synth-v1,d000405,fam_m010241,train,train,2024-09-24T11:21:00Z,routine,established_contact,false,false,false
med-synth-v1,d000406,fam_m010311,train,train,2024-09-24T13:20:00Z,routine,established_contact,false,false,false
med-synth-v1,d000407,fam_m010103,train,train,2024-09-25T09:03:00Z,S05,internal_project,false,false,false
med-synth-v1,d000408,fam_m010159,train,train,2024-09-25T09:21:00Z,routine,established_contact,false,false,false
med-synth-v1,d000409,fam_m010209,train,train,2024-09-25T10:51:00Z,routine,established_contact,false,false,false
med-synth-v1,d000410,fam_m010269,train,train,2024-09-25T11:51:00Z,S05,external_purchase,false,false,false
med-synth-v1,d000411,fam_m010313,train,train,2024-09-25T13:30:00Z,routine,established_contact,false,false,false
med-synth-v1,d000412,fam_m010119,train,train,2024-09-26T09:03:00Z,S05,internal_project,false,false,false
med-synth-v1,d000413,fam_m010151,train,train,2024-09-26T09:11:00Z,routine,established_contact,false,false,false
med-synth-v1,d000414,fam_m010245,train,train,2024-09-26T11:21:00Z,routine,established_contact,false,false,false
med-synth-v1,d000415,fam_m010315,train,train,2024-09-26T13:40:00Z,routine,established_contact,false,false,false
med-synth-v1,d000416,fam_m010135,train,train,2024-09-27T09:03:00Z,S05,internal_project,false,false,false
med-synth-v1,d000417,fam_m010163,train,train,2024-09-27T09:21:00Z,routine,established_contact,false,false,false
med-synth-v1,d000418,fam_m010211,train,train,2024-09-27T10:50:00Z,routine,established_contact,false,false,false
med-synth-v1,d000419,fam_m010271,train,train,2024-09-27T11:50:00Z,S05,external_purchase,false,false,false
med-synth-v1,d000420,fam_m010307,train,train,2024-09-27T13:00:00Z,routine,established_contact,false,false,false
med-synth-v1,d000421,fam_m010343,train,train,2024-09-30T09:03:00Z,S05,internal_project,false,false,false
med-synth-v1,d000422,fam_m010427,train,train,2024-09-30T09:21:00Z,routine,established_contact,false,false,false
med-synth-v1,d000423,fam_m010487,train,train,2024-09-30T11:00:00Z,routine,established_contact,false,false,false
med-synth-v1,d000424,fam_m010547,train,train,2024-09-30T12:00:00Z,S05,external_purchase,false,false,false
med-synth-v1,d000425,fam_m010591,train,train,2024-09-30T14:00:00Z,routine,established_contact,false,false,false
med-synth-v1,d000426,fam_m010361,train,train,2024-10-01T09:04:00Z,S05,internal_project,false,false,false
med-synth-v1,d000033,fam_m010417,train,train,2024-10-01T09:10:00Z,S02,added_external,true,false,false
med-synth-v1,d000427,fam_m010451,train,train,2024-10-01T09:41:00Z,routine,established_contact,false,false,false
med-synth-v1,d000428,fam_m010527,train,train,2024-10-01T11:40:00Z,routine,established_contact,false,false,false
med-synth-v1,d000429,fam_m010369,train,train,2024-10-02T09:00:00Z,S05,internal_project,false,false,false
med-synth-v1,d000078,fam_m010377,train,train,2024-10-02T09:04:00Z,S08,unintended_cc,true,false,false
med-synth-v1,d000430,fam_m010383,train,train,2024-10-02T09:07:00Z,S05,internal_project,false,false,false
med-synth-v1,d000056,fam_m010431,train,train,2024-10-02T09:21:00Z,S04,familiar_topic_mismatch,true,false,false
med-synth-v1,d000431,fam_m010479,train,train,2024-10-02T10:50:00Z,routine,established_contact,false,false,false
med-synth-v1,d000432,fam_m010539,train,train,2024-10-02T11:50:00Z,S05,external_purchase,false,false,false
med-synth-v1,d000433,fam_m010565,train,train,2024-10-02T12:11:00Z,S05,external_purchase,false,false,false
med-synth-v1,d000434,fam_m010387,train,train,2024-10-03T09:01:00Z,S05,internal_project,false,false,false
med-synth-v1,d000435,fam_m010399,train,train,2024-10-03T09:07:00Z,S05,internal_project,false,false,false
med-synth-v1,d000436,fam_m010471,train,train,2024-10-03T10:30:00Z,routine,established_contact,false,false,false
med-synth-v1,d000437,fam_m010533,train,train,2024-10-03T11:41:00Z,routine,established_contact,false,false,false
med-synth-v1,d000438,fam_m010403,train,train,2024-10-04T09:01:00Z,S05,internal_project,false,false,false
med-synth-v1,d000439,fam_m010415,train,train,2024-10-04T09:07:00Z,S05,internal_project,false,false,false
med-synth-v1,d000440,fam_m010465,train,train,2024-10-04T10:10:00Z,routine,established_contact,false,false,false
med-synth-v1,d000441,fam_m010507,train,train,2024-10-04T11:10:00Z,routine,established_contact,false,false,false
med-synth-v1,d000442,fam_m010567,train,train,2024-10-04T12:10:00Z,S05,external_purchase,false,false,false
med-synth-v1,d000443,fam_m010611,train,train,2024-10-07T09:01:00Z,S05,internal_project,false,false,false
med-synth-v1,d000444,fam_m010623,train,train,2024-10-07T09:07:00Z,S05,internal_project,false,false,false
med-synth-v1,d000445,fam_m010747,train,train,2024-10-07T10:50:00Z,routine,established_contact,false,false,false
med-synth-v1,d000446,fam_m010807,train,train,2024-10-07T11:50:00Z,S05,external_purchase,false,false,false
med-synth-v1,d000447,fam_m010843,train,train,2024-10-07T12:20:00Z,routine,established_contact,false,false,false
med-synth-v1,d000448,fam_m010629,train,train,2024-10-08T09:02:00Z,S05,internal_project,false,false,false
med-synth-v1,d000449,fam_m010689,train,train,2024-10-08T09:10:00Z,routine,established_contact,false,false,false
med-synth-v1,d000450,fam_m010785,train,train,2024-10-08T11:21:00Z,routine,established_contact,false,false,false
med-synth-v1,d000451,fam_m010855,train,train,2024-10-08T13:20:00Z,routine,established_contact,false,false,false
med-synth-v1,d000452,fam_m010647,train,train,2024-10-09T09:03:00Z,S05,internal_project,false,false,false
med-synth-v1,d000453,fam_m010703,train,train,2024-10-09T09:21:00Z,routine,established_contact,false,false,false
med-synth-v1,d000010,fam_m010753,train,train,2024-10-09T10:51:00Z,S01,lookalike_replacement,true,false,false
med-synth-v1,d000454,fam_m010763,train,train,2024-10-09T11:00:00Z,routine,established_contact,false,false,false
med-synth-v1,d000011,fam_m010765,train,train,2024-10-09T11:01:00Z,S01,lookalike_replacement,true,false,false
med-synth-v1,d000012,fam_m010777,train,train,2024-10-09T11:11:00Z,S01,lookalike_replacement,true,false,false
med-synth-v1,d000455,fam_m010835,train,train,2024-10-09T12:10:00Z,S05,external_purchase,false,false,false
med-synth-v1,d000456,fam_m010657,train,train,2024-10-10T09:00:00Z,S05,internal_project,false,false,false
med-synth-v1,d000457,fam_m010669,train,train,2024-10-10T09:06:00Z,S05,internal_project,false,false,false
med-synth-v1,d000034,fam_m010693,train,train,2024-10-10T09:10:00Z,S02,added_external,true,false,false
med-synth-v1,d000458,fam_m010743,train,train,2024-10-10T10:30:00Z,routine,established_contact,false,false,false
med-synth-v1,d000459,fam_m010805,train,train,2024-10-10T11:41:00Z,routine,established_contact,false,false,false
med-synth-v1,d000460,fam_m010675,train,train,2024-10-11T09:01:00Z,S05,internal_project,false,false,false
med-synth-v1,d000461,fam_m010687,train,train,2024-10-11T09:07:00Z,S05,internal_project,false,false,false
med-synth-v1,d000462,fam_m010737,train,train,2024-10-11T10:10:00Z,routine,established_contact,false,false,false
med-synth-v1,d000463,fam_m010779,train,train,2024-10-11T11:10:00Z,routine,established_contact,false,false,false
med-synth-v1,d000464,fam_m010839,train,train,2024-10-11T12:10:00Z,S05,external_purchase,false,false,false
med-synth-v1,d000079,fam_m010881,train,train,2024-10-14T09:00:00Z,S08,unintended_bcc,true,false,false
med-synth-v1,d000465,fam_m010885,train,train,2024-10-14T09:02:00Z,S05,internal_project,false,false,false
med-synth-v1,d000466,fam_m010895,train,train,2024-10-14T09:07:00Z,S05,internal_project,false,false,false
med-synth-v1,d000467,fam_m011019,train,train,2024-10-14T10:50:00Z,routine,established_contact,false,false,false
med-synth-v1,d000468,fam_m011079,train,train,2024-10-14T11:50:00Z,S05,external_purchase,false,false,false
med-synth-v1,d000469,fam_m011115,train,train,2024-10-14T12:20:00Z,routine,established_contact,false,false,false
med-synth-v1,d000470,fam_m010901,train,train,2024-10-15T09:02:00Z,S05,internal_project,false,false,false
med-synth-v1,d000471,fam_m010961,train,train,2024-10-15T09:10:00Z,routine,established_contact,false,false,false
med-synth-v1,d000472,fam_m011057,train,train,2024-10-15T11:21:00Z,routine,established_contact,false,false,false
med-synth-v1,d000473,fam_m011127,train,train,2024-10-15T13:20:00Z,routine,established_contact,false,false,false
med-synth-v1,d000474,fam_m010919,train,train,2024-10-16T09:03:00Z,S05,internal_project,false,false,false
med-synth-v1,d000057,fam_m010975,train,train,2024-10-16T09:21:00Z,S04,familiar_topic_mismatch,true,false,false
med-synth-v1,d000475,fam_m010985,train,train,2024-10-16T09:30:00Z,routine,established_contact,false,false,false
med-synth-v1,d000476,fam_m011035,train,train,2024-10-16T11:00:00Z,routine,established_contact,false,false,false
med-synth-v1,d000128,fam_m011085,train,train,2024-10-16T11:51:00Z,S05,external_purchase,false,false,false
med-synth-v1,d000477,fam_m011097,train,train,2024-10-16T12:01:00Z,S05,external_purchase,false,false,false
med-synth-v1,d000478,fam_m011149,train,train,2024-10-16T15:10:00Z,routine,established_contact,false,false,false
med-synth-v1,d000123,fam_m010929,train,train,2024-10-17T09:00:00Z,S05,internal_project,false,false,false
med-synth-v1,d000479,fam_m010941,train,train,2024-10-17T09:06:00Z,S05,internal_project,false,false,false
med-synth-v1,d000480,fam_m011011,train,train,2024-10-17T10:20:00Z,routine,established_contact,false,false,false
med-synth-v1,d000481,fam_m011075,train,train,2024-10-17T11:40:00Z,routine,established_contact,false,false,false
med-synth-v1,d000482,fam_m010945,train,train,2024-10-18T09:00:00Z,S05,internal_project,false,false,false
med-synth-v1,d000483,fam_m010957,train,train,2024-10-18T09:06:00Z,S05,internal_project,false,false,false
med-synth-v1,d000484,fam_m011007,train,train,2024-10-18T10:00:00Z,routine,established_contact,false,false,false
med-synth-v1,d000485,fam_m011041,train,train,2024-10-18T11:01:00Z,routine,established_contact,false,false,false
med-synth-v1,d000486,fam_m011101,train,train,2024-10-18T12:01:00Z,S05,external_purchase,false,false,false
med-synth-v1,d000487,fam_m011153,train,train,2024-10-21T09:00:00Z,S05,internal_project,false,false,false
med-synth-v1,d000488,fam_m011165,train,train,2024-10-21T09:06:00Z,S05,internal_project,false,false,false
med-synth-v1,d000489,fam_m011285,train,train,2024-10-21T10:30:00Z,routine,established_contact,false,false,false
med-synth-v1,d000490,fam_m011317,train,train,2024-10-21T11:11:00Z,routine,established_contact,false,false,false
med-synth-v1,d000491,fam_m011377,train,train,2024-10-21T12:11:00Z,S05,external_purchase,false,false,false
med-synth-v1,d000492,fam_m011171,train,train,2024-10-22T09:01:00Z,S05,internal_project,false,false,false
med-synth-v1,d000493,fam_m011183,train,train,2024-10-22T09:07:00Z,S05,internal_project,false,false,false
med-synth-v1,d000035,fam_m011235,train,train,2024-10-22T09:11:00Z,S02,added_external,true,false,false
med-synth-v1,d000494,fam_m011329,train,train,2024-10-22T11:21:00Z,routine,established_contact,false,false,false
med-synth-v1,d000495,fam_m011399,train,train,2024-10-22T13:20:00Z,routine,established_contact,false,false,false
med-synth-v1,d000496,fam_m011191,train,train,2024-10-23T09:03:00Z,S05,internal_project,false,false,false
med-synth-v1,d000080,fam_m011193,train,train,2024-10-23T09:04:00Z,S08,unintended_bcc,true,false,false
med-synth-v1,d000497,fam_m011257,train,train,2024-10-23T09:30:00Z,routine,established_contact,false,false,false
med-synth-v1,d000498,fam_m011307,train,train,2024-10-23T11:00:00Z,routine,established_contact,false,false,false
med-synth-v1,d000499,fam_m011367,train,train,2024-10-23T12:00:00Z,S05,external_purchase,false,false,false
med-synth-v1,d000500,fam_m011401,train,train,2024-10-23T13:30:00Z,routine,established_contact,false,false,false
med-synth-v1,d000501,fam_m011207,train,train,2024-10-24T09:03:00Z,S05,internal_project,false,false,false
med-synth-v1,d000502,fam_m011239,train,train,2024-10-24T09:11:00Z,routine,established_contact,false,false,false
med-synth-v1,d000503,fam_m011333,train,train,2024-10-24T11:21:00Z,routine,established_contact,false,false,false
med-synth-v1,d000504,fam_m011403,train,train,2024-10-24T13:40:00Z,routine,established_contact,false,false,false
med-synth-v1,d000505,fam_m011223,train,train,2024-10-25T09:03:00Z,S05,internal_project,false,false,false
med-synth-v1,d000506,fam_m011251,train,train,2024-10-25T09:21:00Z,routine,established_contact,false,false,false
med-synth-v1,d000507,fam_m011299,train,train,2024-10-25T10:50:00Z,routine,established_contact,false,false,false
med-synth-v1,d000508,fam_m011359,train,train,2024-10-25T11:50:00Z,S05,external_purchase,false,false,false
med-synth-v1,d000509,fam_m011395,train,train,2024-10-25T13:00:00Z,routine,established_contact,false,false,false
med-synth-v1,d000510,fam_m011431,train,train,2024-10-28T09:03:00Z,S05,internal_project,false,false,false
med-synth-v1,d000511,fam_m011515,train,train,2024-10-28T09:21:00Z,routine,established_contact,false,false,false
med-synth-v1,d000512,fam_m011575,train,train,2024-10-28T11:00:00Z,routine,established_contact,false,false,false
med-synth-v1,d000513,fam_m011635,train,train,2024-10-28T12:00:00Z,S05,external_purchase,false,false,false
med-synth-v1,d000514,fam_m011679,train,train,2024-10-28T14:00:00Z,routine,established_contact,false,false,false
med-synth-v1,d000515,fam_m011449,train,train,2024-10-29T09:04:00Z,S05,internal_project,false,false,false
med-synth-v1,d000516,fam_m011537,train,train,2024-10-29T09:40:00Z,routine,established_contact,false,false,false
med-synth-v1,d000517,fam_m011609,train,train,2024-10-29T11:31:00Z,routine,established_contact,false,false,false
med-synth-v1,d000518,fam_m011691,train,train,2024-10-29T15:00:00Z,routine,established_contact,false,false,false
med-synth-v1,d000519,fam_m011467,train,train,2024-10-30T09:05:00Z,S05,internal_project,false,false,false
med-synth-v1,d000058,fam_m011519,train,train,2024-10-30T09:21:00Z,S04,familiar_topic_mismatch,true,false,false
med-synth-v1,d000520,fam_m011545,train,train,2024-10-30T09:50:00Z,routine,established_contact,false,false,false
med-synth-v1,d000521,fam_m011591,train,train,2024-10-30T11:10:00Z,routine,established_contact,false,false,false
med-synth-v1,d000522,fam_m011651,train,train,2024-10-30T12:10:00Z,S05,external_purchase,false,false,false
med-synth-v1,d000523,fam_m011473,train,train,2024-10-31T09:00:00Z,S05,internal_project,false,false,false
med-synth-v1,d000524,fam_m011485,train,train,2024-10-31T09:06:00Z,S05,internal_project,false,false,false
med-synth-v1,d000036,fam_m011511,train,train,2024-10-31T09:11:00Z,S02,added_external,true,false,false
med-synth-v1,d000525,fam_m011559,train,train,2024-10-31T10:30:00Z,routine,established_contact,false,false,false
med-synth-v1,d000526,fam_m011621,train,train,2024-10-31T11:41:00Z,routine,established_contact,false,false,false
med-synth-v1,d000527,fam_m011491,train,train,2024-11-01T09:01:00Z,S05,internal_project,false,false,false
med-synth-v1,d000528,fam_m011503,train,train,2024-11-01T09:07:00Z,S05,internal_project,false,false,false
med-synth-v1,d000529,fam_m011553,train,train,2024-11-01T10:10:00Z,routine,established_contact,false,false,false
med-synth-v1,d000530,fam_m011595,train,train,2024-11-01T11:10:00Z,routine,established_contact,false,false,false
med-synth-v1,d000531,fam_m011655,train,train,2024-11-01T12:10:00Z,S05,external_purchase,false,false,false
med-synth-v1,d000081,fam_m011697,train,train,2024-11-04T09:00:00Z,S08,unintended_bcc,true,false,false
med-synth-v1,d000532,fam_m011701,train,train,2024-11-04T09:02:00Z,S05,internal_project,false,false,false
med-synth-v1,d000533,fam_m011711,train,train,2024-11-04T09:07:00Z,S05,internal_project,false,false,false
med-synth-v1,d000534,fam_m011835,train,train,2024-11-04T10:50:00Z,routine,established_contact,false,false,false
med-synth-v1,d000535,fam_m011895,train,train,2024-11-04T11:50:00Z,S05,external_purchase,false,false,false
med-synth-v1,d000536,fam_m011931,train,train,2024-11-04T12:20:00Z,routine,established_contact,false,false,false
med-synth-v1,d000537,fam_m011717,train,train,2024-11-05T09:02:00Z,S05,internal_project,false,false,false
med-synth-v1,d000538,fam_m011777,train,train,2024-11-05T09:10:00Z,routine,established_contact,false,false,false
med-synth-v1,d000539,fam_m011873,train,train,2024-11-05T11:21:00Z,routine,established_contact,false,false,false
med-synth-v1,d000540,fam_m011943,train,train,2024-11-05T13:20:00Z,routine,established_contact,false,false,false
med-synth-v1,d000541,fam_m011735,train,train,2024-11-06T09:03:00Z,S05,internal_project,false,false,false
med-synth-v1,d000542,fam_m011791,train,train,2024-11-06T09:21:00Z,routine,established_contact,false,false,false
med-synth-v1,d000543,fam_m011841,train,train,2024-11-06T10:51:00Z,routine,established_contact,false,false,false
med-synth-v1,d000544,fam_m011901,train,train,2024-11-06T11:51:00Z,S05,external_purchase,false,false,false
med-synth-v1,d000545,fam_m011945,train,train,2024-11-06T13:30:00Z,routine,established_contact,false,false,false
med-synth-v1,d000546,fam_m011751,train,train,2024-11-07T09:03:00Z,S05,internal_project,false,false,false
med-synth-v1,d000547,fam_m011783,train,train,2024-11-07T09:11:00Z,routine,established_contact,false,false,false
med-synth-v1,d000548,fam_m011877,train,train,2024-11-07T11:21:00Z,routine,established_contact,false,false,false
med-synth-v1,d000549,fam_m011947,train,train,2024-11-07T13:40:00Z,routine,established_contact,false,false,false
med-synth-v1,d000550,fam_m011767,train,train,2024-11-08T09:03:00Z,S05,internal_project,false,false,false
med-synth-v1,d000551,fam_m011795,train,train,2024-11-08T09:21:00Z,routine,established_contact,false,false,false
med-synth-v1,d000552,fam_m011843,train,train,2024-11-08T10:50:00Z,routine,established_contact,false,false,false
med-synth-v1,d000553,fam_m011903,train,train,2024-11-08T11:50:00Z,S05,external_purchase,false,false,false
med-synth-v1,d000554,fam_m011939,train,train,2024-11-08T13:00:00Z,routine,established_contact,false,false,false
med-synth-v1,d000555,fam_m011975,train,train,2024-11-11T09:03:00Z,S05,internal_project,false,false,false
med-synth-v1,d000556,fam_m012059,train,train,2024-11-11T09:21:00Z,routine,established_contact,false,false,false
med-synth-v1,d000557,fam_m012119,train,train,2024-11-11T11:00:00Z,routine,established_contact,false,false,false
med-synth-v1,d000558,fam_m012179,train,train,2024-11-11T12:00:00Z,S05,external_purchase,false,false,false
med-synth-v1,d000559,fam_m012223,train,train,2024-11-11T14:00:00Z,routine,established_contact,false,false,false
med-synth-v1,d000560,fam_m011993,train,train,2024-11-12T09:04:00Z,S05,internal_project,false,false,false
med-synth-v1,d000561,fam_m012081,train,train,2024-11-12T09:40:00Z,routine,established_contact,false,false,false
med-synth-v1,d000562,fam_m012153,train,train,2024-11-12T11:31:00Z,routine,established_contact,false,false,false
med-synth-v1,d000563,fam_m012235,train,train,2024-11-12T15:00:00Z,routine,established_contact,false,false,false
med-synth-v1,d000082,fam_m012009,train,train,2024-11-13T09:04:00Z,S08,unintended_bcc,true,false,false
med-synth-v1,d000564,fam_m012013,train,train,2024-11-13T09:06:00Z,S05,internal_project,false,false,false
med-synth-v1,d000059,fam_m012063,train,train,2024-11-13T09:21:00Z,S04,familiar_topic_mismatch,true,false,false
med-synth-v1,d000565,fam_m012091,train,train,2024-11-13T09:51:00Z,routine,established_contact,false,false,false
med-synth-v1,d000013,fam_m012113,train,train,2024-11-13T10:51:00Z,S01,lookalike_replacement,true,false,false
med-synth-v1,d000014,fam_m012125,train,train,2024-11-13T11:01:00Z,S01,lookalike_replacement,true,false,false
med-synth-v1,d000015,fam_m012137,train,train,2024-11-13T11:11:00Z,S01,lookalike_replacement,true,false,false
med-synth-v1,d000566,fam_m012183,train,train,2024-11-13T12:00:00Z,S05,external_purchase,false,false,false
med-synth-v1,d000567,fam_m012217,train,train,2024-11-13T13:30:00Z,routine,established_contact,false,false,false
med-synth-v1,d000568,fam_m012023,train,train,2024-11-14T09:03:00Z,S05,internal_project,false,false,false
med-synth-v1,d000037,fam_m012053,train,train,2024-11-14T09:10:00Z,S02,added_external,true,false,false
med-synth-v1,d000569,fam_m012085,train,train,2024-11-14T09:40:00Z,routine,established_contact,false,false,false
med-synth-v1,d000570,fam_m012155,train,train,2024-11-14T11:30:00Z,routine,established_contact,false,false,false
med-synth-v1,d000571,fam_m012229,train,train,2024-11-14T14:30:00Z,routine,established_contact,false,false,false
med-synth-v1,d000572,fam_m012041,train,train,2024-11-15T09:04:00Z,S05,internal_project,false,false,false
med-synth-v1,d000573,fam_m012077,train,train,2024-11-15T09:30:00Z,routine,established_contact,false,false,false
med-synth-v1,d000098,fam_m012115,train,train,2024-11-15T10:50:00Z,S09,little_text_unintended,true,false,false
med-synth-v1,d000099,fam_m012127,train,train,2024-11-15T11:00:00Z,S09,little_text_unintended,true,false,false
med-synth-v1,d000574,fam_m012129,train,train,2024-11-15T11:01:00Z,routine,established_contact,false,false,false
med-synth-v1,d000100,fam_m012139,train,train,2024-11-15T11:10:00Z,S09,little_text_unintended,true,false,false
med-synth-v1,d000575,fam_m012199,train,train,2024-11-15T12:10:00Z,S05,external_purchase,false,false,false
med-synth-v1,d000576,fam_m012243,train,train,2024-11-18T09:01:00Z,S05,internal_project,false,false,false
med-synth-v1,d000577,fam_m012255,train,train,2024-11-18T09:07:00Z,S05,internal_project,false,false,false
med-synth-v1,d000578,fam_m012379,train,train,2024-11-18T10:50:00Z,routine,established_contact,false,false,false
med-synth-v1,d000579,fam_m012439,train,train,2024-11-18T11:50:00Z,S05,external_purchase,false,false,false
med-synth-v1,d000580,fam_m012475,train,train,2024-11-18T12:20:00Z,routine,established_contact,false,false,false
med-synth-v1,d000581,fam_m012261,train,train,2024-11-19T09:02:00Z,S05,internal_project,false,false,false
med-synth-v1,d000582,fam_m012321,train,train,2024-11-19T09:10:00Z,routine,established_contact,false,false,false
med-synth-v1,d000583,fam_m012417,train,train,2024-11-19T11:21:00Z,routine,established_contact,false,false,false
med-synth-v1,d000584,fam_m012487,train,train,2024-11-19T13:20:00Z,routine,established_contact,false,false,false
med-synth-v1,d000585,fam_m012279,train,train,2024-11-20T09:03:00Z,S05,internal_project,false,false,false
med-synth-v1,d000586,fam_m012335,train,train,2024-11-20T09:21:00Z,routine,established_contact,false,false,false
med-synth-v1,d000587,fam_m012385,train,train,2024-11-20T10:51:00Z,routine,established_contact,false,false,false
med-synth-v1,d000588,fam_m012445,train,train,2024-11-20T11:51:00Z,S05,external_purchase,false,false,false
med-synth-v1,d000589,fam_m012489,train,train,2024-11-20T13:30:00Z,routine,established_contact,false,false,false
med-synth-v1,d000103,fam_m028293,train,train,2024-11-20T18:02:00Z,S03,legitimate_first_contact,false,false,false
med-synth-v1,d000107,fam_m028301,train,train,2024-11-20T19:02:00Z,S06,legitimate_new_domain,false,false,false
med-synth-v1,d000111,fam_m028309,train,train,2024-11-20T20:02:00Z,S07,legitimate_topic_change,false,false,false
med-synth-v1,d000115,fam_m028317,train,train,2024-11-20T21:02:00Z,S09,cold_start_legitimate,false,false,false
med-synth-v1,d000119,fam_m028323,train,train,2024-11-20T21:32:00Z,S09,little_text_legitimate,false,false,false
med-synth-v1,d000590,fam_m012295,train,train,2024-11-21T09:03:00Z,S05,internal_project,false,false,false
med-synth-v1,d000591,fam_m012327,train,train,2024-11-21T09:11:00Z,routine,established_contact,false,false,false
med-synth-v1,d000592,fam_m012421,train,train,2024-11-21T11:21:00Z,routine,established_contact,false,false,false
med-synth-v1,d000593,fam_m012491,train,train,2024-11-21T13:40:00Z,routine,established_contact,false,false,false
med-synth-v1,d000594,fam_m012311,train,train,2024-11-22T09:03:00Z,S05,internal_project,false,false,false
med-synth-v1,d000595,fam_m012339,train,train,2024-11-22T09:21:00Z,routine,established_contact,false,false,false
med-synth-v1,d000596,fam_m012387,train,train,2024-11-22T10:50:00Z,routine,established_contact,false,false,false
med-synth-v1,d000597,fam_m012447,train,train,2024-11-22T11:50:00Z,S05,external_purchase,false,false,false
med-synth-v1,d000598,fam_m012483,train,train,2024-11-22T13:00:00Z,routine,established_contact,false,false,false
med-synth-v1,d000083,fam_m012513,train,train,2024-11-25T09:00:00Z,S08,unintended_bcc,true,false,false
med-synth-v1,d000599,fam_m012521,train,train,2024-11-25T09:04:00Z,S05,internal_project,false,false,false
med-synth-v1,d000600,fam_m012603,train,train,2024-11-25T09:21:00Z,routine,established_contact,false,false,false
med-synth-v1,d000601,fam_m012663,train,train,2024-11-25T11:00:00Z,routine,established_contact,false,false,false
med-synth-v1,d000602,fam_m012723,train,train,2024-11-25T12:00:00Z,S05,external_purchase,false,false,false
med-synth-v1,d000603,fam_m012767,train,train,2024-11-25T14:00:00Z,routine,established_contact,false,false,false
med-synth-v1,d000604,fam_m012537,train,train,2024-11-26T09:04:00Z,S05,internal_project,false,false,false
med-synth-v1,d000038,fam_m012593,train,train,2024-11-26T09:10:00Z,S02,added_external,true,false,false
med-synth-v1,d000605,fam_m012627,train,train,2024-11-26T09:41:00Z,routine,established_contact,false,false,false
med-synth-v1,d000606,fam_m012703,train,train,2024-11-26T11:40:00Z,routine,established_contact,false,false,false
med-synth-v1,d000607,fam_m012545,train,train,2024-11-27T09:00:00Z,S05,internal_project,false,false,false
med-synth-v1,d000608,fam_m012557,train,train,2024-11-27T09:06:00Z,S05,internal_project,false,false,false
med-synth-v1,d000060,fam_m012605,train,train,2024-11-27T09:20:00Z,S04,familiar_topic_mismatch,true,false,false
med-synth-v1,d000609,fam_m012635,train,train,2024-11-27T09:51:00Z,routine,established_contact,false,false,false
med-synth-v1,d000610,fam_m012681,train,train,2024-11-27T11:11:00Z,routine,established_contact,false,false,false
med-synth-v1,d000611,fam_m012741,train,train,2024-11-27T12:11:00Z,S05,external_purchase,false,false,false
med-synth-v1,d000612,fam_m012563,train,train,2024-11-28T09:01:00Z,S05,internal_project,false,false,false
med-synth-v1,d000613,fam_m012575,train,train,2024-11-28T09:07:00Z,S05,internal_project,false,false,false
med-synth-v1,d000614,fam_m012647,train,train,2024-11-28T10:30:00Z,routine,established_contact,false,false,false
med-synth-v1,d000615,fam_m012709,train,train,2024-11-28T11:41:00Z,routine,established_contact,false,false,false
med-synth-v1,d000616,fam_m012579,train,train,2024-11-29T09:01:00Z,S05,internal_project,false,false,false
med-synth-v1,d000617,fam_m012591,train,train,2024-11-29T09:07:00Z,S05,internal_project,false,false,false
med-synth-v1,d000618,fam_m012641,train,train,2024-11-29T10:10:00Z,routine,established_contact,false,false,false
med-synth-v1,d000619,fam_m012683,train,train,2024-11-29T11:10:00Z,routine,established_contact,false,false,false
med-synth-v1,d000620,fam_m012743,train,train,2024-11-29T12:10:00Z,S05,external_purchase,false,false,false
med-synth-v1,d000621,fam_m012787,train,train,2024-12-02T09:01:00Z,S05,internal_project,false,false,false
med-synth-v1,d000622,fam_m012799,train,train,2024-12-02T09:07:00Z,S05,internal_project,false,false,false
med-synth-v1,d000623,fam_m012923,train,train,2024-12-02T10:50:00Z,routine,established_contact,false,false,false
med-synth-v1,d000624,fam_m012983,train,train,2024-12-02T11:50:00Z,S05,external_purchase,false,false,false
med-synth-v1,d000625,fam_m013019,train,train,2024-12-02T12:20:00Z,routine,established_contact,false,false,false
med-synth-v1,d000626,fam_m012805,train,train,2024-12-03T09:02:00Z,S05,internal_project,false,false,false
med-synth-v1,d000627,fam_m012865,train,train,2024-12-03T09:10:00Z,routine,established_contact,false,false,false
med-synth-v1,d000628,fam_m012961,train,train,2024-12-03T11:21:00Z,routine,established_contact,false,false,false
med-synth-v1,d000629,fam_m013031,train,train,2024-12-03T13:20:00Z,routine,established_contact,false,false,false
med-synth-v1,d000630,fam_m012823,train,train,2024-12-04T09:03:00Z,S05,internal_project,false,false,false
med-synth-v1,d000084,fam_m012825,train,train,2024-12-04T09:04:00Z,S08,unintended_bcc,true,false,false
med-synth-v1,d000631,fam_m012889,train,train,2024-12-04T09:30:00Z,routine,established_contact,false,false,false
med-synth-v1,d000632,fam_m012939,train,train,2024-12-04T11:00:00Z,routine,established_contact,false,false,false
med-synth-v1,d000633,fam_m012989,train,train,2024-12-04T11:51:00Z,S05,external_purchase,false,false,false
med-synth-v1,d000634,fam_m013033,train,train,2024-12-04T13:30:00Z,routine,established_contact,false,false,false
med-synth-v1,d000635,fam_m012839,train,train,2024-12-05T09:03:00Z,S05,internal_project,false,false,false
med-synth-v1,d000039,fam_m012871,train,train,2024-12-05T09:11:00Z,S02,added_external,true,false,false
med-synth-v1,d000636,fam_m012901,train,train,2024-12-05T09:40:00Z,routine,established_contact,false,false,false
med-synth-v1,d000637,fam_m012971,train,train,2024-12-05T11:30:00Z,routine,established_contact,false,false,false
med-synth-v1,d000638,fam_m013045,train,train,2024-12-05T14:30:00Z,routine,established_contact,false,false,false
med-synth-v1,d000639,fam_m012857,train,train,2024-12-06T09:04:00Z,S05,internal_project,false,false,false
med-synth-v1,d000640,fam_m012893,train,train,2024-12-06T09:30:00Z,routine,established_contact,false,false,false
med-synth-v1,d000641,fam_m012933,train,train,2024-12-06T10:51:00Z,routine,established_contact,false,false,false
med-synth-v1,d000642,fam_m012993,train,train,2024-12-06T11:51:00Z,S05,external_purchase,false,false,false
med-synth-v1,d000643,fam_m013037,train,train,2024-12-06T13:50:00Z,routine,established_contact,false,false,false
med-synth-v1,d000644,fam_m013065,train,train,2024-12-09T09:04:00Z,S05,internal_project,false,false,false
med-synth-v1,d000645,fam_m013157,train,train,2024-12-09T09:30:00Z,routine,established_contact,false,false,false
med-synth-v1,d000646,fam_m013209,train,train,2024-12-09T11:01:00Z,routine,established_contact,false,false,false
med-synth-v1,d000647,fam_m013269,train,train,2024-12-09T12:01:00Z,S05,external_purchase,false,false,false
med-synth-v1,d000648,fam_m013321,train,train,2024-12-09T14:50:00Z,routine,established_contact,false,false,false
med-synth-v1,d000649,fam_m013083,train,train,2024-12-10T09:05:00Z,S05,internal_project,false,false,false
med-synth-v1,d000650,fam_m013171,train,train,2024-12-10T09:41:00Z,routine,established_contact,false,false,false
med-synth-v1,d000651,fam_m013247,train,train,2024-12-10T11:40:00Z,routine,established_contact,false,false,false
med-synth-v1,d000124,fam_m013089,train,train,2024-12-11T09:00:00Z,S05,internal_project,false,false,false
med-synth-v1,d000652,fam_m013091,train,train,2024-12-11T09:01:00Z,S05,internal_project,false,false,false
med-synth-v1,d000653,fam_m013103,train,train,2024-12-11T09:07:00Z,S05,internal_project,false,false,false
med-synth-v1,d000061,fam_m013149,train,train,2024-12-11T09:20:00Z,S04,familiar_topic_mismatch,true,false,false
med-synth-v1,d000654,fam_m013199,train,train,2024-12-11T10:50:00Z,routine,established_contact,false,false,false
med-synth-v1,d000129,fam_m013259,train,train,2024-12-11T11:50:00Z,S05,external_purchase,false,false,false
med-synth-v1,d000655,fam_m013261,train,train,2024-12-11T11:51:00Z,S05,external_purchase,false,false,false
med-synth-v1,d000656,fam_m013305,train,train,2024-12-11T13:30:00Z,routine,established_contact,false,false,false
med-synth-v1,d000657,fam_m013111,train,train,2024-12-12T09:03:00Z,S05,internal_project,false,false,false
med-synth-v1,d000658,fam_m013143,train,train,2024-12-12T09:11:00Z,routine,established_contact,false,false,false
med-synth-v1,d000659,fam_m013237,train,train,2024-12-12T11:21:00Z,routine,established_contact,false,false,false
med-synth-v1,d000660,fam_m013307,train,train,2024-12-12T13:40:00Z,routine,established_contact,false,false,false
med-synth-v1,d000661,fam_m013127,train,train,2024-12-13T09:03:00Z,S05,internal_project,false,false,false
med-synth-v1,d000662,fam_m013155,train,train,2024-12-13T09:21:00Z,routine,established_contact,false,false,false
med-synth-v1,d000663,fam_m013203,train,train,2024-12-13T10:50:00Z,routine,established_contact,false,false,false
med-synth-v1,d000664,fam_m013263,train,train,2024-12-13T11:50:00Z,S05,external_purchase,false,false,false
med-synth-v1,d000665,fam_m013299,train,train,2024-12-13T13:00:00Z,routine,established_contact,false,false,false
med-synth-v1,d000085,fam_m013329,train,train,2024-12-16T09:00:00Z,S08,unintended_bcc,true,false,false
med-synth-v1,d000666,fam_m013337,train,train,2024-12-16T09:04:00Z,S05,internal_project,false,false,false
med-synth-v1,d000667,fam_m013419,train,train,2024-12-16T09:21:00Z,routine,established_contact,false,false,false
med-synth-v1,d000668,fam_m013479,train,train,2024-12-16T11:00:00Z,routine,established_contact,false,false,false
med-synth-v1,d000669,fam_m013539,train,train,2024-12-16T12:00:00Z,S05,external_purchase,false,false,false
med-synth-v1,d000670,fam_m013583,train,train,2024-12-16T14:00:00Z,routine,established_contact,false,false,false
med-synth-v1,d000671,fam_m013353,train,train,2024-12-17T09:04:00Z,S05,internal_project,false,false,false
med-synth-v1,d000040,fam_m013411,train,train,2024-12-17T09:11:00Z,S02,added_external,true,false,false
med-synth-v1,d000672,fam_m013443,train,train,2024-12-17T09:41:00Z,routine,established_contact,false,false,false
med-synth-v1,d000673,fam_m013519,train,train,2024-12-17T11:40:00Z,routine,established_contact,false,false,false
med-synth-v1,d000674,fam_m013361,train,train,2024-12-18T09:00:00Z,S05,internal_project,false,false,false
med-synth-v1,d000675,fam_m013373,train,train,2024-12-18T09:06:00Z,S05,internal_project,false,false,false
med-synth-v1,d000676,fam_m013449,train,train,2024-12-18T09:50:00Z,routine,established_contact,false,false,false
med-synth-v1,d000016,fam_m013471,train,train,2024-12-18T10:50:00Z,S01,lookalike_replacement,true,false,false
med-synth-v1,d000017,fam_m013483,train,train,2024-12-18T11:00:00Z,S01,lookalike_replacement,true,false,false
med-synth-v1,d000018,fam_m013495,train,train,2024-12-18T11:10:00Z,S01,lookalike_replacement,true,false,false
med-synth-v1,d000677,fam_m013533,train,train,2024-12-18T11:51:00Z,S05,external_purchase,false,false,false
med-synth-v1,d000678,fam_m013577,train,train,2024-12-18T13:30:00Z,routine,established_contact,false,false,false
med-synth-v1,d000679,fam_m013383,train,train,2024-12-19T09:03:00Z,S05,internal_project,false,false,false
med-synth-v1,d000680,fam_m013415,train,train,2024-12-19T09:11:00Z,routine,established_contact,false,false,false
med-synth-v1,d000681,fam_m013509,train,train,2024-12-19T11:21:00Z,routine,established_contact,false,false,false
med-synth-v1,d000682,fam_m013579,train,train,2024-12-19T13:40:00Z,routine,established_contact,false,false,false
med-synth-v1,d000683,fam_m013399,train,train,2024-12-20T09:03:00Z,S05,internal_project,false,false,false
med-synth-v1,d000684,fam_m013427,train,train,2024-12-20T09:21:00Z,routine,established_contact,false,false,false
med-synth-v1,d000685,fam_m013475,train,train,2024-12-20T10:50:00Z,routine,established_contact,false,false,false
med-synth-v1,d000686,fam_m013535,train,train,2024-12-20T11:50:00Z,S05,external_purchase,false,false,false
med-synth-v1,d000687,fam_m013571,train,train,2024-12-20T13:00:00Z,routine,established_contact,false,false,false
med-synth-v1,d000688,fam_m013607,train,train,2024-12-23T09:03:00Z,S05,internal_project,false,false,false
med-synth-v1,d000689,fam_m013691,train,train,2024-12-23T09:21:00Z,routine,established_contact,false,false,false
med-synth-v1,d000690,fam_m013751,train,train,2024-12-23T11:00:00Z,routine,established_contact,false,false,false
med-synth-v1,d000691,fam_m013811,train,train,2024-12-23T12:00:00Z,S05,external_purchase,false,false,false
med-synth-v1,d000692,fam_m013855,train,train,2024-12-23T14:00:00Z,routine,established_contact,false,false,false
med-synth-v1,d000693,fam_m013625,train,train,2024-12-24T09:04:00Z,S05,internal_project,false,false,false
med-synth-v1,d000694,fam_m013713,train,train,2024-12-24T09:40:00Z,routine,established_contact,false,false,false
med-synth-v1,d000695,fam_m013785,train,train,2024-12-24T11:31:00Z,routine,established_contact,false,false,false
med-synth-v1,d000696,fam_m013867,train,train,2024-12-24T15:00:00Z,routine,established_contact,false,false,false
med-synth-v1,d000086,fam_m013641,train,train,2024-12-25T09:04:00Z,S08,unintended_bcc,true,false,false
med-synth-v1,d000697,fam_m013645,train,train,2024-12-25T09:06:00Z,S05,internal_project,false,false,false
med-synth-v1,d000062,fam_m013693,train,train,2024-12-25T09:20:00Z,S04,familiar_topic_mismatch,true,false,false
med-synth-v1,d000698,fam_m013723,train,train,2024-12-25T09:51:00Z,routine,established_contact,false,false,false
med-synth-v1,d000699,fam_m013769,train,train,2024-12-25T11:11:00Z,routine,established_contact,false,false,false
med-synth-v1,d000700,fam_m013827,train,train,2024-12-25T12:10:00Z,S05,external_purchase,false,false,false
med-synth-v1,d000701,fam_m013649,train,train,2024-12-26T09:00:00Z,S05,internal_project,false,false,false
med-synth-v1,d000702,fam_m013661,train,train,2024-12-26T09:06:00Z,S05,internal_project,false,false,false
med-synth-v1,d000703,fam_m013731,train,train,2024-12-26T10:20:00Z,routine,established_contact,false,false,false
med-synth-v1,d000704,fam_m013795,train,train,2024-12-26T11:40:00Z,routine,established_contact,false,false,false
med-synth-v1,d000705,fam_m013665,train,train,2024-12-27T09:00:00Z,S05,internal_project,false,false,false
med-synth-v1,d000706,fam_m013677,train,train,2024-12-27T09:06:00Z,S05,internal_project,false,false,false
med-synth-v1,d000707,fam_m013727,train,train,2024-12-27T10:00:00Z,routine,established_contact,false,false,false
med-synth-v1,d000708,fam_m013761,train,train,2024-12-27T11:01:00Z,routine,established_contact,false,false,false
med-synth-v1,d000709,fam_m013821,train,train,2024-12-27T12:01:00Z,S05,external_purchase,false,false,false
med-synth-v1,d000710,fam_m013873,train,train,2024-12-30T09:00:00Z,S05,internal_project,false,false,false
med-synth-v1,d000711,fam_m013885,train,train,2024-12-30T09:06:00Z,S05,internal_project,false,false,false
med-synth-v1,d000712,fam_m014005,train,train,2024-12-30T10:30:00Z,routine,established_contact,false,false,false
med-synth-v1,d000713,fam_m014037,train,train,2024-12-30T11:11:00Z,routine,established_contact,false,false,false
med-synth-v1,d000714,fam_m014097,train,train,2024-12-30T12:11:00Z,S05,external_purchase,false,false,false
med-synth-v1,d000715,fam_m013891,train,train,2024-12-31T09:01:00Z,S05,internal_project,false,false,false
med-synth-v1,d000716,fam_m013903,train,train,2024-12-31T09:07:00Z,S05,internal_project,false,false,false
med-synth-v1,d000041,fam_m013953,train,train,2024-12-31T09:10:00Z,S02,added_external,true,false,false
med-synth-v1,d000717,fam_m014049,train,train,2024-12-31T11:21:00Z,routine,established_contact,false,false,false
med-synth-v1,d000718,fam_m014119,train,train,2024-12-31T13:20:00Z,routine,established_contact,false,false,false
med-synth-v1,d000719,fam_m013911,train,train,2025-01-01T09:03:00Z,S05,internal_project,false,false,false
med-synth-v1,d000720,fam_m013967,train,train,2025-01-01T09:21:00Z,routine,established_contact,false,false,false
med-synth-v1,d000721,fam_m014017,train,train,2025-01-01T10:51:00Z,routine,established_contact,false,false,false
med-synth-v1,d000722,fam_m014077,train,train,2025-01-01T11:51:00Z,S05,external_purchase,false,false,false
med-synth-v1,d000723,fam_m014121,train,train,2025-01-01T13:30:00Z,routine,established_contact,false,false,false
med-synth-v1,d000724,fam_m013927,train,train,2025-01-02T09:03:00Z,S05,internal_project,false,false,false
med-synth-v1,d000725,fam_m013959,train,train,2025-01-02T09:11:00Z,routine,established_contact,false,false,false
med-synth-v1,d000726,fam_m014053,train,train,2025-01-02T11:21:00Z,routine,established_contact,false,false,false
med-synth-v1,d000727,fam_m014123,train,train,2025-01-02T13:40:00Z,routine,established_contact,false,false,false
med-synth-v1,d000728,fam_m013943,train,train,2025-01-03T09:03:00Z,S05,internal_project,false,false,false
med-synth-v1,d000729,fam_m013971,train,train,2025-01-03T09:21:00Z,routine,established_contact,false,false,false
med-synth-v1,d000730,fam_m014019,train,train,2025-01-03T10:50:00Z,routine,established_contact,false,false,false
med-synth-v1,d000731,fam_m014079,train,train,2025-01-03T11:50:00Z,S05,external_purchase,false,false,false
med-synth-v1,d000732,fam_m014115,train,train,2025-01-03T13:00:00Z,routine,established_contact,false,false,false
med-synth-v1,d000087,fam_m014145,train,train,2025-01-06T09:00:00Z,S08,two_unintended,true,false,false
med-synth-v1,d000733,fam_m014153,train,train,2025-01-06T09:04:00Z,S05,internal_project,false,false,false
med-synth-v1,d000063,fam_m014235,train,train,2025-01-06T09:21:00Z,S04,familiar_topic_mismatch,true,false,false
med-synth-v1,d000734,fam_m014245,train,train,2025-01-06T09:30:00Z,routine,established_contact,false,false,false
med-synth-v1,d000735,fam_m014297,train,train,2025-01-06T11:01:00Z,routine,established_contact,false,false,false
med-synth-v1,d000736,fam_m014357,train,train,2025-01-06T12:01:00Z,S05,external_purchase,false,false,false
med-synth-v1,d000737,fam_m014409,train,train,2025-01-06T14:50:00Z,routine,established_contact,false,false,false
med-synth-v1,d000738,fam_m014171,train,train,2025-01-07T09:05:00Z,S05,internal_project,false,false,false
med-synth-v1,d000739,fam_m014259,train,train,2025-01-07T09:41:00Z,routine,established_contact,false,false,false
med-synth-v1,d000740,fam_m014335,train,train,2025-01-07T11:40:00Z,routine,established_contact,false,false,false
med-synth-v1,d000741,fam_m014177,train,train,2025-01-08T09:00:00Z,S05,internal_project,false,false,false
med-synth-v1,d000742,fam_m014189,train,train,2025-01-08T09:06:00Z,S05,internal_project,false,false,false
med-synth-v1,d000743,fam_m014265,train,train,2025-01-08T09:50:00Z,routine,established_contact,false,false,false
med-synth-v1,d000744,fam_m014311,train,train,2025-01-08T11:10:00Z,routine,established_contact,false,false,false
med-synth-v1,d000745,fam_m014371,train,train,2025-01-08T12:10:00Z,S05,external_purchase,false,false,false
med-synth-v1,d000746,fam_m014193,train,train,2025-01-09T09:00:00Z,S05,internal_project,false,false,false
med-synth-v1,d000747,fam_m014205,train,train,2025-01-09T09:06:00Z,S05,internal_project,false,false,false
med-synth-v1,d000042,fam_m014229,train,train,2025-01-09T09:10:00Z,S02,added_external,true,false,false
med-synth-v1,d000748,fam_m014279,train,train,2025-01-09T10:30:00Z,routine,established_contact,false,false,false
med-synth-v1,d000749,fam_m014341,train,train,2025-01-09T11:41:00Z,routine,established_contact,false,false,false
med-synth-v1,d000750,fam_m014211,train,train,2025-01-10T09:01:00Z,S05,internal_project,false,false,false
med-synth-v1,d000751,fam_m014223,train,train,2025-01-10T09:07:00Z,S05,internal_project,false,false,false
med-synth-v1,d000752,fam_m014273,train,train,2025-01-10T10:10:00Z,routine,established_contact,false,false,false
med-synth-v1,d000753,fam_m014315,train,train,2025-01-10T11:10:00Z,routine,established_contact,false,false,false
med-synth-v1,d000754,fam_m014375,train,train,2025-01-10T12:10:00Z,S05,external_purchase,false,false,false
med-synth-v1,d000755,fam_m014419,train,train,2025-01-13T09:01:00Z,S05,internal_project,false,false,false
med-synth-v1,d000756,fam_m014431,train,train,2025-01-13T09:07:00Z,S05,internal_project,false,false,false
med-synth-v1,d000757,fam_m014555,train,train,2025-01-13T10:50:00Z,routine,established_contact,false,false,false
med-synth-v1,d000758,fam_m014615,train,train,2025-01-13T11:50:00Z,S05,external_purchase,false,false,false
med-synth-v1,d000759,fam_m014651,train,train,2025-01-13T12:20:00Z,routine,established_contact,false,false,false
med-synth-v1,d000760,fam_m014437,train,train,2025-01-14T09:02:00Z,S05,internal_project,false,false,false
med-synth-v1,d000761,fam_m014497,train,train,2025-01-14T09:10:00Z,routine,established_contact,false,false,false
med-synth-v1,d000762,fam_m014593,train,train,2025-01-14T11:21:00Z,routine,established_contact,false,false,false
med-synth-v1,d000763,fam_m014663,train,train,2025-01-14T13:20:00Z,routine,established_contact,false,false,false
med-synth-v1,d000764,fam_m014455,train,train,2025-01-15T09:03:00Z,S05,internal_project,false,false,false
med-synth-v1,d000088,fam_m014457,train,train,2025-01-15T09:04:00Z,S08,two_unintended,true,false,false
med-synth-v1,d000765,fam_m014521,train,train,2025-01-15T09:30:00Z,routine,established_contact,false,false,false
med-synth-v1,d000766,fam_m014571,train,train,2025-01-15T11:00:00Z,routine,established_contact,false,false,false
med-synth-v1,d000767,fam_m014621,train,train,2025-01-15T11:51:00Z,S05,external_purchase,false,false,false
med-synth-v1,d000768,fam_m014665,train,train,2025-01-15T13:30:00Z,routine,established_contact,false,false,false
med-synth-v1,d000769,fam_m014471,train,train,2025-01-16T09:03:00Z,S05,internal_project,false,false,false
med-synth-v1,d000770,fam_m014503,train,train,2025-01-16T09:11:00Z,routine,established_contact,false,false,false
med-synth-v1,d000771,fam_m014597,train,train,2025-01-16T11:21:00Z,routine,established_contact,false,false,false
med-synth-v1,d000772,fam_m014667,train,train,2025-01-16T13:40:00Z,routine,established_contact,false,false,false
med-synth-v1,d000773,fam_m014487,train,train,2025-01-17T09:03:00Z,S05,internal_project,false,false,false
med-synth-v1,d000774,fam_m014515,train,train,2025-01-17T09:21:00Z,routine,established_contact,false,false,false
med-synth-v1,d000775,fam_m014563,train,train,2025-01-17T10:50:00Z,routine,established_contact,false,false,false
med-synth-v1,d000776,fam_m014623,train,train,2025-01-17T11:50:00Z,S05,external_purchase,false,false,false
med-synth-v1,d000777,fam_m014659,train,train,2025-01-17T13:00:00Z,routine,established_contact,false,false,false
med-synth-v1,d000778,fam_m014695,train,train,2025-01-20T09:03:00Z,S05,internal_project,false,false,false
med-synth-v1,d000064,fam_m014779,train,train,2025-01-20T09:21:00Z,S04,familiar_topic_mismatch,true,false,false
med-synth-v1,d000779,fam_m014789,train,train,2025-01-20T09:30:00Z,routine,established_contact,false,false,false
med-synth-v1,d000019,fam_m014829,train,train,2025-01-20T10:51:00Z,S01,lookalike_replacement,true,false,false
med-synth-v1,d000020,fam_m014841,train,train,2025-01-20T11:01:00Z,S01,lookalike_replacement,true,false,false
med-synth-v1,d000021,fam_m014853,train,train,2025-01-20T11:11:00Z,S01,lookalike_replacement,true,false,false
med-synth-v1,d000780,fam_m014887,train,train,2025-01-20T11:50:00Z,S05,external_purchase,false,false,false
med-synth-v1,d000781,fam_m014923,train,train,2025-01-20T12:20:00Z,routine,established_contact,false,false,false
med-synth-v1,d000782,fam_m014709,train,train,2025-01-21T09:02:00Z,S05,internal_project,false,false,false
med-synth-v1,d000783,fam_m014769,train,train,2025-01-21T09:10:00Z,routine,established_contact,false,false,false
med-synth-v1,d000043,fam_m014771,train,train,2025-01-21T09:11:00Z,S02,added_external,true,false,false
med-synth-v1,d000784,fam_m014871,train,train,2025-01-21T11:30:00Z,routine,established_contact,false,false,false
med-synth-v1,d000785,fam_m014945,train,train,2025-01-21T14:10:00Z,routine,established_contact,false,false,false
med-synth-v1,d000786,fam_m014729,train,train,2025-01-22T09:04:00Z,S05,internal_project,false,false,false
med-synth-v1,d000787,fam_m014793,train,train,2025-01-22T09:30:00Z,routine,established_contact,false,false,false
med-synth-v1,d000788,fam_m014843,train,train,2025-01-22T11:00:00Z,routine,established_contact,false,false,false
med-synth-v1,d000789,fam_m014903,train,train,2025-01-22T12:00:00Z,S05,external_purchase,false,false,false
med-synth-v1,d000790,fam_m014947,train,train,2025-01-22T14:20:00Z,routine,established_contact,false,false,false
med-synth-v1,d000104,fam_m028295,train,train,2025-01-22T18:03:00Z,S03,legitimate_first_contact,false,false,false
med-synth-v1,d000108,fam_m028303,train,train,2025-01-22T19:03:00Z,S06,legitimate_new_domain,false,false,false
med-synth-v1,d000112,fam_m028311,train,train,2025-01-22T20:03:00Z,S07,legitimate_topic_change,false,false,false
med-synth-v1,d000116,fam_m028319,train,train,2025-01-22T21:03:00Z,S09,cold_start_legitimate,false,false,false
med-synth-v1,d000120,fam_m028324,train,train,2025-01-22T21:33:00Z,S09,little_text_legitimate,false,false,false
med-synth-v1,d000791,fam_m014745,train,train,2025-01-23T09:04:00Z,S05,internal_project,false,false,false
med-synth-v1,d000792,fam_m014805,train,train,2025-01-23T09:40:00Z,routine,established_contact,false,false,false
med-synth-v1,d000793,fam_m014875,train,train,2025-01-23T11:30:00Z,routine,established_contact,false,false,false
med-synth-v1,d000794,fam_m014949,train,train,2025-01-23T14:30:00Z,routine,established_contact,false,false,false
med-synth-v1,d000795,fam_m014761,train,train,2025-01-24T09:04:00Z,S05,internal_project,false,false,false
med-synth-v1,d000796,fam_m014797,train,train,2025-01-24T09:30:00Z,routine,established_contact,false,false,false
med-synth-v1,d000797,fam_m014837,train,train,2025-01-24T10:51:00Z,routine,established_contact,false,false,false
med-synth-v1,d000798,fam_m014897,train,train,2025-01-24T11:51:00Z,S05,external_purchase,false,false,false
med-synth-v1,d000799,fam_m014941,train,train,2025-01-24T13:50:00Z,routine,established_contact,false,false,false
med-synth-v1,d000089,fam_m014961,train,train,2025-01-27T09:00:00Z,S08,two_unintended,true,false,false
med-synth-v1,d000800,fam_m014971,train,train,2025-01-27T09:05:00Z,S05,internal_project,false,false,false
med-synth-v1,d000801,fam_m015061,train,train,2025-01-27T09:30:00Z,routine,established_contact,false,false,false
med-synth-v1,d000802,fam_m015113,train,train,2025-01-27T11:01:00Z,routine,established_contact,false,false,false
med-synth-v1,d000803,fam_m015173,train,train,2025-01-27T12:01:00Z,S05,external_purchase,false,false,false
med-synth-v1,d000804,fam_m015225,train,train,2025-01-27T14:50:00Z,routine,established_contact,false,false,false
med-synth-v1,d000805,fam_m014987,train,train,2025-01-28T09:05:00Z,S05,internal_project,false,false,false
med-synth-v1,d000806,fam_m015075,train,train,2025-01-28T09:41:00Z,routine,established_contact,false,false,false
med-synth-v1,d000807,fam_m015151,train,train,2025-01-28T11:40:00Z,routine,established_contact,false,false,false
med-synth-v1,d000808,fam_m014993,train,train,2025-01-29T09:00:00Z,S05,internal_project,false,false,false
med-synth-v1,d000809,fam_m015005,train,train,2025-01-29T09:06:00Z,S05,internal_project,false,false,false
med-synth-v1,d000810,fam_m015081,train,train,2025-01-29T09:50:00Z,routine,established_contact,false,false,false
med-synth-v1,d000811,fam_m015127,train,train,2025-01-29T11:10:00Z,routine,established_contact,false,false,false
med-synth-v1,d000812,fam_m015187,train,train,2025-01-29T12:10:00Z,S05,external_purchase,false,false,false
med-synth-v1,d000813,fam_m015009,train,train,2025-01-30T09:00:00Z,S05,internal_project,false,false,false
med-synth-v1,d000814,fam_m015021,train,train,2025-01-30T09:06:00Z,S05,internal_project,false,false,false
med-synth-v1,d000044,fam_m015047,train,train,2025-01-30T09:11:00Z,S02,added_external,true,false,false
med-synth-v1,d000815,fam_m015095,train,train,2025-01-30T10:30:00Z,routine,established_contact,false,false,false
med-synth-v1,d000816,fam_m015157,train,train,2025-01-30T11:41:00Z,routine,established_contact,false,false,false
med-synth-v1,d000817,fam_m015027,train,train,2025-01-31T09:01:00Z,S05,internal_project,false,false,false
med-synth-v1,d000818,fam_m015039,train,train,2025-01-31T09:07:00Z,S05,internal_project,false,false,false
med-synth-v1,d000819,fam_m015089,train,train,2025-01-31T10:10:00Z,routine,established_contact,false,false,false
med-synth-v1,d000820,fam_m015131,train,train,2025-01-31T11:10:00Z,routine,established_contact,false,false,false
med-synth-v1,d000821,fam_m015191,train,train,2025-01-31T12:10:00Z,S05,external_purchase,false,false,false
med-synth-v1,d000822,fam_m015235,train,train,2025-02-03T09:01:00Z,S05,internal_project,false,false,false
med-synth-v1,d000823,fam_m015247,train,train,2025-02-03T09:07:00Z,S05,internal_project,false,false,false
med-synth-v1,d000065,fam_m015323,train,train,2025-02-03T09:21:00Z,S04,familiar_topic_mismatch,true,false,false
med-synth-v1,d000824,fam_m015373,train,train,2025-02-03T10:51:00Z,routine,established_contact,false,false,false
med-synth-v1,d000130,fam_m015433,train,train,2025-02-03T11:51:00Z,S05,external_purchase,false,false,false
med-synth-v1,d000825,fam_m015443,train,train,2025-02-03T12:00:00Z,S05,external_purchase,false,false,false
med-synth-v1,d000826,fam_m015487,train,train,2025-02-03T14:00:00Z,routine,established_contact,false,false,false
med-synth-v1,d000125,fam_m015249,train,train,2025-02-04T09:00:00Z,S05,internal_project,false,false,false
med-synth-v1,d000827,fam_m015259,train,train,2025-02-04T09:05:00Z,S05,internal_project,false,false,false
med-synth-v1,d000828,fam_m015347,train,train,2025-02-04T09:41:00Z,routine,established_contact,false,false,false
med-synth-v1,d000829,fam_m015423,train,train,2025-02-04T11:40:00Z,routine,established_contact,false,false,false
med-synth-v1,d000830,fam_m015265,train,train,2025-02-05T09:00:00Z,S05,internal_project,false,false,false
med-synth-v1,d000090,fam_m015273,train,train,2025-02-05T09:04:00Z,S08,two_unintended,true,false,false
med-synth-v1,d000831,fam_m015279,train,train,2025-02-05T09:07:00Z,S05,internal_project,false,false,false
med-synth-v1,d000832,fam_m015355,train,train,2025-02-05T09:51:00Z,routine,established_contact,false,false,false
med-synth-v1,d000833,fam_m015401,train,train,2025-02-05T11:11:00Z,routine,established_contact,false,false,false
med-synth-v1,d000834,fam_m015459,train,train,2025-02-05T12:10:00Z,S05,external_purchase,false,false,false
med-synth-v1,d000835,fam_m015281,train,train,2025-02-06T09:00:00Z,S05,internal_project,false,false,false
med-synth-v1,d000836,fam_m015293,train,train,2025-02-06T09:06:00Z,S05,internal_project,false,false,false
med-synth-v1,d000837,fam_m015363,train,train,2025-02-06T10:20:00Z,routine,established_contact,false,false,false
med-synth-v1,d000838,fam_m015427,train,train,2025-02-06T11:40:00Z,routine,established_contact,false,false,false
med-synth-v1,d000839,fam_m015297,train,train,2025-02-07T09:00:00Z,S05,internal_project,false,false,false
med-synth-v1,d000840,fam_m015309,train,train,2025-02-07T09:06:00Z,S05,internal_project,false,false,false
med-synth-v1,d000841,fam_m015359,train,train,2025-02-07T10:00:00Z,routine,established_contact,false,false,false
med-synth-v1,d000842,fam_m015393,train,train,2025-02-07T11:01:00Z,routine,established_contact,false,false,false
med-synth-v1,d000843,fam_m015453,train,train,2025-02-07T12:01:00Z,S05,external_purchase,false,false,false
med-synth-v1,d000844,fam_m015505,train,train,2025-02-10T09:00:00Z,S05,internal_project,false,false,false
med-synth-v1,d000845,fam_m015517,train,train,2025-02-10T09:06:00Z,S05,internal_project,false,false,false
med-synth-v1,d000846,fam_m015637,train,train,2025-02-10T10:30:00Z,routine,established_contact,false,false,false
med-synth-v1,d000847,fam_m015669,train,train,2025-02-10T11:11:00Z,routine,established_contact,false,false,false
med-synth-v1,d000848,fam_m015729,train,train,2025-02-10T12:11:00Z,S05,external_purchase,false,false,false
med-synth-v1,d000849,fam_m015523,train,train,2025-02-11T09:01:00Z,S05,internal_project,false,false,false
med-synth-v1,d000850,fam_m015535,train,train,2025-02-11T09:07:00Z,S05,internal_project,false,false,false
med-synth-v1,d000851,fam_m015679,train,train,2025-02-11T11:20:00Z,routine,established_contact,false,false,false
med-synth-v1,d000852,fam_m015741,train,train,2025-02-11T12:30:00Z,routine,established_contact,false,false,false
med-synth-v1,d000853,fam_m015541,train,train,2025-02-12T09:02:00Z,S05,internal_project,false,false,false
med-synth-v1,d000854,fam_m015597,train,train,2025-02-12T09:20:00Z,routine,established_contact,false,false,false
med-synth-v1,d000855,fam_m015647,train,train,2025-02-12T10:50:00Z,routine,established_contact,false,false,false
med-synth-v1,d000856,fam_m015707,train,train,2025-02-12T11:50:00Z,S05,external_purchase,false,false,false
med-synth-v1,d000857,fam_m015743,train,train,2025-02-12T12:40:00Z,routine,established_contact,false,false,false
med-synth-v1,d000858,fam_m015557,train,train,2025-02-13T09:02:00Z,S05,internal_project,false,false,false
med-synth-v1,d000045,fam_m015589,train,train,2025-02-13T09:10:00Z,S02,added_external,true,false,false
med-synth-v1,d000859,fam_m015591,train,train,2025-02-13T09:11:00Z,routine,established_contact,false,false,false
med-synth-v1,d000860,fam_m015685,train,train,2025-02-13T11:21:00Z,routine,established_contact,false,false,false
med-synth-v1,d000861,fam_m015755,train,train,2025-02-13T13:40:00Z,routine,established_contact,false,false,false
med-synth-v1,d000862,fam_m015575,train,train,2025-02-14T09:03:00Z,S05,internal_project,false,false,false
med-synth-v1,d000863,fam_m015603,train,train,2025-02-14T09:21:00Z,routine,established_contact,false,false,false
med-synth-v1,d000864,fam_m015651,train,train,2025-02-14T10:50:00Z,routine,established_contact,false,false,false
med-synth-v1,d000865,fam_m015711,train,train,2025-02-14T11:50:00Z,S05,external_purchase,false,false,false
med-synth-v1,d000866,fam_m015747,train,train,2025-02-14T13:00:00Z,routine,established_contact,false,false,false
med-synth-v1,d000091,fam_m015777,train,train,2025-02-17T09:00:00Z,S08,two_unintended,true,false,false
med-synth-v1,d000867,fam_m015785,train,train,2025-02-17T09:04:00Z,S05,internal_project,false,false,false
med-synth-v1,d000066,fam_m015865,train,train,2025-02-17T09:20:00Z,S04,familiar_topic_mismatch,true,false,false
med-synth-v1,d000868,fam_m015877,train,train,2025-02-17T09:30:00Z,routine,established_contact,false,false,false
med-synth-v1,d000869,fam_m015929,train,train,2025-02-17T11:01:00Z,routine,established_contact,false,false,false
med-synth-v1,d000870,fam_m015989,train,train,2025-02-17T12:01:00Z,S05,external_purchase,false,false,false
med-synth-v1,d000871,fam_m016041,train,train,2025-02-17T14:50:00Z,routine,established_contact,false,false,false
med-synth-v1,d000872,fam_m015803,train,train,2025-02-18T09:05:00Z,S05,internal_project,false,false,false
med-synth-v1,d000873,fam_m015891,train,train,2025-02-18T09:41:00Z,routine,established_contact,false,false,false
med-synth-v1,d000874,fam_m015967,train,train,2025-02-18T11:40:00Z,routine,established_contact,false,false,false
med-synth-v1,d000875,fam_m015809,train,train,2025-02-19T09:00:00Z,S05,internal_project,false,false,false
med-synth-v1,d000876,fam_m015821,train,train,2025-02-19T09:06:00Z,S05,internal_project,false,false,false
med-synth-v1,d000877,fam_m015897,train,train,2025-02-19T09:50:00Z,routine,established_contact,false,false,false
med-synth-v1,d000878,fam_m015943,train,train,2025-02-19T11:10:00Z,routine,established_contact,false,false,false
med-synth-v1,d000879,fam_m016003,train,train,2025-02-19T12:10:00Z,S05,external_purchase,false,false,false
med-synth-v1,d000880,fam_m015825,train,train,2025-02-20T09:00:00Z,S05,internal_project,false,false,false
med-synth-v1,d000881,fam_m015837,train,train,2025-02-20T09:06:00Z,S05,internal_project,false,false,false
med-synth-v1,d000882,fam_m015907,train,train,2025-02-20T10:20:00Z,routine,established_contact,false,false,false
med-synth-v1,d000883,fam_m015971,train,train,2025-02-20T11:40:00Z,routine,established_contact,false,false,false
med-synth-v1,d000884,fam_m015841,train,train,2025-02-21T09:00:00Z,S05,internal_project,false,false,false
med-synth-v1,d000885,fam_m015853,train,train,2025-02-21T09:06:00Z,S05,internal_project,false,false,false
med-synth-v1,d000886,fam_m015903,train,train,2025-02-21T10:00:00Z,routine,established_contact,false,false,false
med-synth-v1,d000887,fam_m015937,train,train,2025-02-21T11:01:00Z,routine,established_contact,false,false,false
med-synth-v1,d000888,fam_m015997,train,train,2025-02-21T12:01:00Z,S05,external_purchase,false,false,false
med-synth-v1,d000889,fam_m016049,train,train,2025-02-24T09:00:00Z,S05,internal_project,false,false,false
med-synth-v1,d000890,fam_m016061,train,train,2025-02-24T09:06:00Z,S05,internal_project,false,false,false
med-synth-v1,d000891,fam_m016181,train,train,2025-02-24T10:30:00Z,routine,established_contact,false,false,false
med-synth-v1,d000022,fam_m016187,train,train,2025-02-24T10:50:00Z,S01,lookalike_replacement,true,false,false
med-synth-v1,d000023,fam_m016199,train,train,2025-02-24T11:00:00Z,S01,lookalike_replacement,true,false,false
med-synth-v1,d000024,fam_m016211,train,train,2025-02-24T11:10:00Z,S01,lookalike_replacement,true,false,false
med-synth-v1,d000892,fam_m016259,train,train,2025-02-24T12:00:00Z,S05,external_purchase,false,false,false
med-synth-v1,d000893,fam_m016303,train,train,2025-02-24T14:00:00Z,routine,established_contact,false,false,false
med-synth-v1,d000894,fam_m016073,train,train,2025-02-25T09:04:00Z,S05,internal_project,false,false,false
med-synth-v1,d000046,fam_m016129,train,train,2025-02-25T09:10:00Z,S02,added_external,true,false,false
med-synth-v1,d000895,fam_m016163,train,train,2025-02-25T09:41:00Z,routine,established_contact,false,false,false
med-synth-v1,d000896,fam_m016239,train,train,2025-02-25T11:40:00Z,routine,established_contact,false,false,false
med-synth-v1,d000897,fam_m016081,train,train,2025-02-26T09:00:00Z,S05,internal_project,false,false,false
med-synth-v1,d000092,fam_m016089,train,train,2025-02-26T09:04:00Z,S08,two_unintended,true,false,false
med-synth-v1,d000898,fam_m016095,train,train,2025-02-26T09:07:00Z,S05,internal_project,false,false,false
med-synth-v1,d000899,fam_m016171,train,train,2025-02-26T09:51:00Z,routine,established_contact,false,false,false
med-synth-v1,d000900,fam_m016217,train,train,2025-02-26T11:11:00Z,routine,established_contact,false,false,false
med-synth-v1,d000901,fam_m016275,train,train,2025-02-26T12:10:00Z,S05,external_purchase,false,false,false
med-synth-v1,d000902,fam_m016097,train,train,2025-02-27T09:00:00Z,S05,internal_project,false,false,false
med-synth-v1,d000903,fam_m016109,train,train,2025-02-27T09:06:00Z,S05,internal_project,false,false,false
med-synth-v1,d000904,fam_m016179,train,train,2025-02-27T10:20:00Z,routine,established_contact,false,false,false
med-synth-v1,d000905,fam_m016243,train,train,2025-02-27T11:40:00Z,routine,established_contact,false,false,false
med-synth-v1,d000906,fam_m016113,train,train,2025-02-28T09:00:00Z,S05,internal_project,false,false,false
med-synth-v1,d000907,fam_m016125,train,train,2025-02-28T09:06:00Z,S05,internal_project,false,false,false
med-synth-v1,d000908,fam_m016175,train,train,2025-02-28T10:00:00Z,routine,established_contact,false,false,false
med-synth-v1,d000909,fam_m016209,train,train,2025-02-28T11:01:00Z,routine,established_contact,false,false,false
med-synth-v1,d000910,fam_m016269,train,train,2025-02-28T12:01:00Z,S05,external_purchase,false,false,false
med-synth-v1,d000911,fam_m016321,train,train,2025-03-03T09:00:00Z,S05,internal_project,false,false,false
med-synth-v1,d000912,fam_m016333,train,train,2025-03-03T09:06:00Z,S05,internal_project,false,false,false
med-synth-v1,d000067,fam_m016409,train,train,2025-03-03T09:20:00Z,S04,familiar_topic_mismatch,true,false,false
med-synth-v1,d000913,fam_m016459,train,train,2025-03-03T10:50:00Z,routine,established_contact,false,false,false
med-synth-v1,d000914,fam_m016519,train,train,2025-03-03T11:50:00Z,S05,external_purchase,false,false,false
med-synth-v1,d000915,fam_m016555,train,train,2025-03-03T12:20:00Z,routine,established_contact,false,false,false
med-synth-v1,d000916,fam_m016341,train,train,2025-03-04T09:02:00Z,S05,internal_project,false,false,false
med-synth-v1,d000917,fam_m016401,train,train,2025-03-04T09:10:00Z,routine,established_contact,false,false,false
med-synth-v1,d000918,fam_m016497,train,train,2025-03-04T11:21:00Z,routine,established_contact,false,false,false
med-synth-v1,d000919,fam_m016567,train,train,2025-03-04T13:20:00Z,routine,established_contact,false,false,false
med-synth-v1,d000920,fam_m016359,train,train,2025-03-05T09:03:00Z,S05,internal_project,false,false,false
med-synth-v1,d000921,fam_m016415,train,train,2025-03-05T09:21:00Z,routine,established_contact,false,false,false
med-synth-v1,d000922,fam_m016465,train,train,2025-03-05T10:51:00Z,routine,established_contact,false,false,false
med-synth-v1,d000923,fam_m016525,train,train,2025-03-05T11:51:00Z,S05,external_purchase,false,false,false
med-synth-v1,d000924,fam_m016569,train,train,2025-03-05T13:30:00Z,routine,established_contact,false,false,false
med-synth-v1,d000925,fam_m016375,train,train,2025-03-06T09:03:00Z,S05,internal_project,false,false,false
med-synth-v1,d000047,fam_m016407,train,train,2025-03-06T09:11:00Z,S02,added_external,true,false,false
med-synth-v1,d000926,fam_m016437,train,train,2025-03-06T09:40:00Z,routine,established_contact,false,false,false
med-synth-v1,d000927,fam_m016507,train,train,2025-03-06T11:30:00Z,routine,established_contact,false,false,false
med-synth-v1,d000928,fam_m016581,train,train,2025-03-06T14:30:00Z,routine,established_contact,false,false,false
med-synth-v1,d000929,fam_m016393,train,train,2025-03-07T09:04:00Z,S05,internal_project,false,false,false
med-synth-v1,d000930,fam_m016429,train,train,2025-03-07T09:30:00Z,routine,established_contact,false,false,false
med-synth-v1,d000931,fam_m016469,train,train,2025-03-07T10:51:00Z,routine,established_contact,false,false,false
med-synth-v1,d000932,fam_m016529,train,train,2025-03-07T11:51:00Z,S05,external_purchase,false,false,false
med-synth-v1,d000933,fam_m016573,train,train,2025-03-07T13:50:00Z,routine,established_contact,false,false,false
med-synth-v1,d000093,fam_m016593,train,train,2025-03-10T09:00:00Z,S08,two_unintended,true,false,false
med-synth-v1,d000934,fam_m016603,train,train,2025-03-10T09:05:00Z,S05,internal_project,false,false,false
med-synth-v1,d000935,fam_m016693,train,train,2025-03-10T09:30:00Z,routine,established_contact,false,false,false
med-synth-v1,d000936,fam_m016745,train,train,2025-03-10T11:01:00Z,routine,established_contact,false,false,false
med-synth-v1,d000937,fam_m016805,train,train,2025-03-10T12:01:00Z,S05,external_purchase,false,false,false
med-synth-v1,d000938,fam_m016857,train,train,2025-03-10T14:50:00Z,routine,established_contact,false,false,false
med-synth-v1,d000939,fam_m016619,train,train,2025-03-11T09:05:00Z,S05,internal_project,false,false,false
med-synth-v1,d000940,fam_m016707,train,train,2025-03-11T09:41:00Z,routine,established_contact,false,false,false
med-synth-v1,d000941,fam_m016783,train,train,2025-03-11T11:40:00Z,routine,established_contact,false,false,false
med-synth-v1,d000942,fam_m016625,train,train,2025-03-12T09:00:00Z,S05,internal_project,false,false,false
med-synth-v1,d000943,fam_m016637,train,train,2025-03-12T09:06:00Z,S05,internal_project,false,false,false
med-synth-v1,d000944,fam_m016713,train,train,2025-03-12T09:50:00Z,routine,established_contact,false,false,false
med-synth-v1,d000945,fam_m016759,train,train,2025-03-12T11:10:00Z,routine,established_contact,false,false,false
med-synth-v1,d000946,fam_m016819,train,train,2025-03-12T12:10:00Z,S05,external_purchase,false,false,false
med-synth-v1,d000947,fam_m016641,train,train,2025-03-13T09:00:00Z,S05,internal_project,false,false,false
med-synth-v1,d000948,fam_m016653,train,train,2025-03-13T09:06:00Z,S05,internal_project,false,false,false
med-synth-v1,d000949,fam_m016723,train,train,2025-03-13T10:20:00Z,routine,established_contact,false,false,false
med-synth-v1,d000950,fam_m016787,train,train,2025-03-13T11:40:00Z,routine,established_contact,false,false,false
med-synth-v1,d000951,fam_m016657,train,train,2025-03-14T09:00:00Z,S05,internal_project,false,false,false
med-synth-v1,d000952,fam_m016669,train,train,2025-03-14T09:06:00Z,S05,internal_project,false,false,false
med-synth-v1,d000953,fam_m016719,train,train,2025-03-14T10:00:00Z,routine,established_contact,false,false,false
med-synth-v1,d000954,fam_m016753,train,train,2025-03-14T11:01:00Z,routine,established_contact,false,false,false
med-synth-v1,d000955,fam_m016813,train,train,2025-03-14T12:01:00Z,S05,external_purchase,false,false,false
med-synth-v1,d000956,fam_m016865,train,train,2025-03-17T09:00:00Z,S05,internal_project,false,false,false
med-synth-v1,d000957,fam_m016877,train,train,2025-03-17T09:06:00Z,S05,internal_project,false,false,false
med-synth-v1,d000068,fam_m016953,train,train,2025-03-17T09:20:00Z,S04,familiar_topic_mismatch,true,false,false
med-synth-v1,d000958,fam_m017003,train,train,2025-03-17T10:50:00Z,routine,established_contact,false,false,false
med-synth-v1,d000959,fam_m017063,train,train,2025-03-17T11:50:00Z,S05,external_purchase,false,false,false
med-synth-v1,d000960,fam_m017099,train,train,2025-03-17T12:20:00Z,routine,established_contact,false,false,false
med-synth-v1,d000961,fam_m016885,train,train,2025-03-18T09:02:00Z,S05,internal_project,false,false,false
med-synth-v1,d000962,fam_m016945,train,train,2025-03-18T09:10:00Z,routine,established_contact,false,false,false
med-synth-v1,d000048,fam_m016947,train,train,2025-03-18T09:11:00Z,S02,added_external,true,false,false
med-synth-v1,d000963,fam_m017047,train,train,2025-03-18T11:30:00Z,routine,established_contact,false,false,false
med-synth-v1,d000964,fam_m017121,train,train,2025-03-18T14:10:00Z,routine,established_contact,false,false,false
med-synth-v1,d000094,fam_m016905,train,train,2025-03-19T09:04:00Z,S08,two_unintended,true,false,false
med-synth-v1,d000965,fam_m016907,train,train,2025-03-19T09:05:00Z,S05,internal_project,false,false,false
med-synth-v1,d000966,fam_m016971,train,train,2025-03-19T09:31:00Z,routine,established_contact,false,false,false
med-synth-v1,d000967,fam_m017021,train,train,2025-03-19T11:01:00Z,routine,established_contact,false,false,false
med-synth-v1,d000968,fam_m017079,train,train,2025-03-19T12:00:00Z,S05,external_purchase,false,false,false
med-synth-v1,d000969,fam_m017123,train,train,2025-03-19T14:20:00Z,routine,established_contact,false,false,false
med-synth-v1,d000970,fam_m016921,train,train,2025-03-20T09:04:00Z,S05,internal_project,false,false,false
med-synth-v1,d000971,fam_m016981,train,train,2025-03-20T09:40:00Z,routine,established_contact,false,false,false
med-synth-v1,d000972,fam_m017051,train,train,2025-03-20T11:30:00Z,routine,established_contact,false,false,false
med-synth-v1,d000973,fam_m017125,train,train,2025-03-20T14:30:00Z,routine,established_contact,false,false,false
med-synth-v1,d000974,fam_m016937,train,train,2025-03-21T09:04:00Z,S05,internal_project,false,false,false
med-synth-v1,d000975,fam_m016973,train,train,2025-03-21T09:30:00Z,routine,established_contact,false,false,false
med-synth-v1,d000976,fam_m017013,train,train,2025-03-21T10:51:00Z,routine,established_contact,false,false,false
med-synth-v1,d000977,fam_m017073,train,train,2025-03-21T11:51:00Z,S05,external_purchase,false,false,false
med-synth-v1,d000978,fam_m017117,train,train,2025-03-21T13:50:00Z,routine,established_contact,false,false,false
med-synth-v1,d000979,fam_m017145,train,train,2025-03-24T09:04:00Z,S05,internal_project,false,false,false
med-synth-v1,d000980,fam_m017237,train,train,2025-03-24T09:30:00Z,routine,established_contact,false,false,false
med-synth-v1,d000981,fam_m017289,train,train,2025-03-24T11:01:00Z,routine,established_contact,false,false,false
med-synth-v1,d000982,fam_m017349,train,train,2025-03-24T12:01:00Z,S05,external_purchase,false,false,false
med-synth-v1,d000983,fam_m017401,train,train,2025-03-24T14:50:00Z,routine,established_contact,false,false,false
med-synth-v1,d000984,fam_m017163,train,train,2025-03-25T09:05:00Z,S05,internal_project,false,false,false
med-synth-v1,d000985,fam_m017251,train,train,2025-03-25T09:41:00Z,routine,established_contact,false,false,false
med-synth-v1,d000986,fam_m017327,train,train,2025-03-25T11:40:00Z,routine,established_contact,false,false,false
med-synth-v1,d000987,fam_m017169,train,train,2025-03-26T09:00:00Z,S05,internal_project,false,false,false
med-synth-v1,d000988,fam_m017181,train,train,2025-03-26T09:06:00Z,S05,internal_project,false,false,false
med-synth-v1,d000989,fam_m017257,train,train,2025-03-26T09:50:00Z,routine,established_contact,false,false,false
med-synth-v1,d000990,fam_m017303,train,train,2025-03-26T11:10:00Z,routine,established_contact,false,false,false
med-synth-v1,d000991,fam_m017363,train,train,2025-03-26T12:10:00Z,S05,external_purchase,false,false,false
med-synth-v1,d000992,fam_m017185,train,train,2025-03-27T09:00:00Z,S05,internal_project,false,false,false
med-synth-v1,d000993,fam_m017197,train,train,2025-03-27T09:06:00Z,S05,internal_project,false,false,false
med-synth-v1,d000994,fam_m017267,train,train,2025-03-27T10:20:00Z,routine,established_contact,false,false,false
med-synth-v1,d000995,fam_m017331,train,train,2025-03-27T11:40:00Z,routine,established_contact,false,false,false
med-synth-v1,d000996,fam_m017201,train,train,2025-03-28T09:00:00Z,S05,internal_project,false,false,false
med-synth-v1,d000997,fam_m017213,train,train,2025-03-28T09:06:00Z,S05,internal_project,false,false,false
med-synth-v1,d000998,fam_m017263,train,train,2025-03-28T10:00:00Z,routine,established_contact,false,false,false
med-synth-v1,d000999,fam_m017297,train,train,2025-03-28T11:01:00Z,routine,established_contact,false,false,false
med-synth-v1,d001000,fam_m017357,train,train,2025-03-28T12:01:00Z,S05,external_purchase,false,false,false
med-synth-v1,d001028,fam_m017409,validation,validation_product_like,2025-03-31T09:00:00Z,S08,unintended_cc,true,false,false
med-synth-v1,d001063,fam_m017411,validation,validation_diagnostic,2025-03-31T09:01:00Z,S05,internal_project,false,false,false
med-synth-v1,d001083,fam_m017413,validation,validation_product_like,2025-03-31T09:02:00Z,S05,internal_project,false,false,false
med-synth-v1,d001093,fam_m017415,validation,validation_product_like,2025-03-31T09:03:00Z,S05,internal_project,false,false,false
med-synth-v1,d001094,fam_m017421,validation,validation_product_like,2025-03-31T09:06:00Z,S05,internal_project,false,false,false
med-synth-v1,d001019,fam_m017497,validation,validation_product_like,2025-03-31T09:20:00Z,S04,familiar_topic_mismatch,true,false,false
med-synth-v1,d001095,fam_m017509,validation,validation_product_like,2025-03-31T09:30:00Z,routine,established_contact,false,false,false
med-synth-v1,d001001,fam_m017547,validation,validation_product_like,2025-03-31T10:50:00Z,S01,lookalike_replacement,true,false,false
med-synth-v1,d001055,fam_m017549,validation,validation_diagnostic,2025-03-31T10:51:00Z,S09,little_text_unintended,true,false,false
med-synth-v1,d001056,fam_m017549,validation,validation_diagnostic,2025-03-31T10:51:00Z,S09,clean_twin,false,false,false
med-synth-v1,d001002,fam_m017559,validation,validation_diagnostic,2025-03-31T11:00:00Z,S01,lookalike_replacement,true,false,false
med-synth-v1,d001003,fam_m017559,validation,validation_diagnostic,2025-03-31T11:00:00Z,S01,clean_twin,false,false,false
med-synth-v1,d001057,fam_m017561,validation,validation_diagnostic,2025-03-31T11:01:00Z,S09,little_text_unintended,true,false,false
med-synth-v1,d001058,fam_m017561,validation,validation_diagnostic,2025-03-31T11:01:00Z,S09,clean_twin,false,false,false
med-synth-v1,d001004,fam_m017571,validation,validation_diagnostic,2025-03-31T11:10:00Z,S01,lookalike_replacement,true,false,false
med-synth-v1,d001005,fam_m017571,validation,validation_diagnostic,2025-03-31T11:10:00Z,S01,clean_twin,false,false,false
med-synth-v1,d001059,fam_m017573,validation,validation_diagnostic,2025-03-31T11:11:00Z,S09,little_text_unintended,true,false,false
med-synth-v1,d001060,fam_m017573,validation,validation_diagnostic,2025-03-31T11:11:00Z,S09,clean_twin,false,false,false
med-synth-v1,d001064,fam_m017607,validation,validation_diagnostic,2025-03-31T11:50:00Z,S05,external_purchase,false,false,false
med-synth-v1,d001088,fam_m017609,validation,validation_product_like,2025-03-31T11:51:00Z,S05,external_purchase,false,false,false
med-synth-v1,d001096,fam_m017619,validation,validation_product_like,2025-03-31T12:00:00Z,S05,external_purchase,false,false,false
med-synth-v1,d001097,fam_m017633,validation,validation_product_like,2025-03-31T12:11:00Z,S05,external_purchase,false,false,false
med-synth-v1,d001098,fam_m017663,validation,validation_product_like,2025-03-31T14:00:00Z,routine,established_contact,false,false,false
med-synth-v1,d001099,fam_m017427,validation,validation_product_like,2025-04-01T09:01:00Z,S05,internal_project,false,false,false
med-synth-v1,d001100,fam_m017433,validation,validation_product_like,2025-04-01T09:04:00Z,S05,internal_project,false,false,false
med-synth-v1,d001101,fam_m017439,validation,validation_product_like,2025-04-01T09:07:00Z,S05,internal_project,false,false,false
med-synth-v1,d001010,fam_m017489,validation,validation_product_like,2025-04-01T09:10:00Z,S02,added_external,true,false,false
med-synth-v1,d001102,fam_m017523,validation,validation_product_like,2025-04-01T09:41:00Z,routine,established_contact,false,false,false
med-synth-v1,d001103,fam_m017585,validation,validation_product_like,2025-04-01T11:21:00Z,routine,established_contact,false,false,false
med-synth-v1,d001104,fam_m017599,validation,validation_product_like,2025-04-01T11:40:00Z,routine,established_contact,false,false,false
med-synth-v1,d001105,fam_m017655,validation,validation_product_like,2025-04-01T13:20:00Z,routine,established_contact,false,false,false
med-synth-v1,d001106,fam_m017441,validation,validation_product_like,2025-04-02T09:00:00Z,S05,internal_project,false,false,false
med-synth-v1,d001107,fam_m017447,validation,validation_product_like,2025-04-02T09:03:00Z,S05,internal_project,false,false,false
med-synth-v1,d001108,fam_m017453,validation,validation_product_like,2025-04-02T09:06:00Z,S05,internal_project,false,false,false
med-synth-v1,d001109,fam_m017503,validation,validation_product_like,2025-04-02T09:21:00Z,routine,established_contact,false,false,false
med-synth-v1,d001110,fam_m017529,validation,validation_product_like,2025-04-02T09:50:00Z,routine,established_contact,false,false,false
med-synth-v1,d001111,fam_m017553,validation,validation_product_like,2025-04-02T10:51:00Z,routine,established_contact,false,false,false
med-synth-v1,d001112,fam_m017575,validation,validation_product_like,2025-04-02T11:10:00Z,routine,established_contact,false,false,false
med-synth-v1,d001113,fam_m017613,validation,validation_product_like,2025-04-02T11:51:00Z,S05,external_purchase,false,false,false
med-synth-v1,d001114,fam_m017635,validation,validation_product_like,2025-04-02T12:10:00Z,S05,external_purchase,false,false,false
med-synth-v1,d001115,fam_m017657,validation,validation_product_like,2025-04-02T13:30:00Z,routine,established_contact,false,false,false
med-synth-v1,d001116,fam_m017457,validation,validation_product_like,2025-04-03T09:00:00Z,S05,internal_project,false,false,false
med-synth-v1,d001117,fam_m017463,validation,validation_product_like,2025-04-03T09:03:00Z,S05,internal_project,false,false,false
med-synth-v1,d001118,fam_m017469,validation,validation_product_like,2025-04-03T09:06:00Z,S05,internal_project,false,false,false
med-synth-v1,d001119,fam_m017495,validation,validation_product_like,2025-04-03T09:11:00Z,routine,established_contact,false,false,false
med-synth-v1,d001120,fam_m017539,validation,validation_product_like,2025-04-03T10:20:00Z,routine,established_contact,false,false,false
med-synth-v1,d001121,fam_m017589,validation,validation_product_like,2025-04-03T11:21:00Z,routine,established_contact,false,false,false
med-synth-v1,d001122,fam_m017603,validation,validation_product_like,2025-04-03T11:40:00Z,routine,established_contact,false,false,false
med-synth-v1,d001123,fam_m017659,validation,validation_product_like,2025-04-03T13:40:00Z,routine,established_contact,false,false,false
med-synth-v1,d001124,fam_m017473,validation,validation_product_like,2025-04-04T09:00:00Z,S05,internal_project,false,false,false
med-synth-v1,d001125,fam_m017479,validation,validation_product_like,2025-04-04T09:03:00Z,S05,internal_project,false,false,false
med-synth-v1,d001126,fam_m017487,validation,validation_product_like,2025-04-04T09:07:00Z,S05,internal_project,false,false,false
med-synth-v1,d001127,fam_m017517,validation,validation_product_like,2025-04-04T09:30:00Z,routine,established_contact,false,false,false
med-synth-v1,d001128,fam_m017537,validation,validation_product_like,2025-04-04T10:10:00Z,routine,established_contact,false,false,false
med-synth-v1,d001129,fam_m017557,validation,validation_product_like,2025-04-04T10:51:00Z,routine,established_contact,false,false,false
med-synth-v1,d001130,fam_m017579,validation,validation_product_like,2025-04-04T11:10:00Z,routine,established_contact,false,false,false
med-synth-v1,d001131,fam_m017617,validation,validation_product_like,2025-04-04T11:51:00Z,S05,external_purchase,false,false,false
med-synth-v1,d001132,fam_m017639,validation,validation_product_like,2025-04-04T12:10:00Z,S05,external_purchase,false,false,false
med-synth-v1,d001133,fam_m017661,validation,validation_product_like,2025-04-04T13:50:00Z,routine,established_contact,false,false,false
med-synth-v1,d001134,fam_m017683,validation,validation_product_like,2025-04-07T09:01:00Z,S05,internal_project,false,false,false
med-synth-v1,d001135,fam_m017689,validation,validation_product_like,2025-04-07T09:04:00Z,S05,internal_project,false,false,false
med-synth-v1,d001136,fam_m017695,validation,validation_product_like,2025-04-07T09:07:00Z,S05,internal_project,false,false,false
med-synth-v1,d001137,fam_m017781,validation,validation_product_like,2025-04-07T09:30:00Z,routine,established_contact,false,false,false
med-synth-v1,d001138,fam_m017819,validation,validation_product_like,2025-04-07T10:50:00Z,routine,established_contact,false,false,false
med-synth-v1,d001139,fam_m017833,validation,validation_product_like,2025-04-07T11:01:00Z,routine,established_contact,false,false,false
med-synth-v1,d001140,fam_m017879,validation,validation_product_like,2025-04-07T11:50:00Z,S05,external_purchase,false,false,false
med-synth-v1,d001141,fam_m017893,validation,validation_product_like,2025-04-07T12:01:00Z,S05,external_purchase,false,false,false
med-synth-v1,d001142,fam_m017915,validation,validation_product_like,2025-04-07T12:20:00Z,routine,established_contact,false,false,false
med-synth-v1,d001143,fam_m017945,validation,validation_product_like,2025-04-07T14:50:00Z,routine,established_contact,false,false,false
med-synth-v1,d001144,fam_m017701,validation,validation_product_like,2025-04-08T09:02:00Z,S05,internal_project,false,false,false
med-synth-v1,d001145,fam_m017707,validation,validation_product_like,2025-04-08T09:05:00Z,S05,internal_project,false,false,false
med-synth-v1,d001146,fam_m017761,validation,validation_product_like,2025-04-08T09:10:00Z,routine,established_contact,false,false,false
med-synth-v1,d001147,fam_m017795,validation,validation_product_like,2025-04-08T09:41:00Z,routine,established_contact,false,false,false
med-synth-v1,d001148,fam_m017857,validation,validation_product_like,2025-04-08T11:21:00Z,routine,established_contact,false,false,false
med-synth-v1,d001149,fam_m017871,validation,validation_product_like,2025-04-08T11:40:00Z,routine,established_contact,false,false,false
med-synth-v1,d001150,fam_m017927,validation,validation_product_like,2025-04-08T13:20:00Z,routine,established_contact,false,false,false
med-synth-v1,d001151,fam_m017713,validation,validation_product_like,2025-04-09T09:00:00Z,S05,internal_project,false,false,false
med-synth-v1,d001029,fam_m017717,validation,validation_diagnostic,2025-04-09T09:02:00Z,S08,unintended_cc,true,false,false
med-synth-v1,d001030,fam_m017717,validation,validation_diagnostic,2025-04-09T09:02:00Z,S08,clean_twin,false,false,false
med-synth-v1,d001152,fam_m017721,validation,validation_product_like,2025-04-09T09:04:00Z,S05,internal_project,false,false,false
med-synth-v1,d001153,fam_m017727,validation,validation_product_like,2025-04-09T09:07:00Z,S05,internal_project,false,false,false
med-synth-v1,d001154,fam_m017785,validation,validation_product_like,2025-04-09T09:30:00Z,routine,established_contact,false,false,false
med-synth-v1,d001155,fam_m017803,validation,validation_product_like,2025-04-09T09:51:00Z,routine,established_contact,false,false,false
med-synth-v1,d001156,fam_m017835,validation,validation_product_like,2025-04-09T11:00:00Z,routine,established_contact,false,false,false
med-synth-v1,d001157,fam_m017849,validation,validation_product_like,2025-04-09T11:11:00Z,routine,established_contact,false,false,false
med-synth-v1,d001158,fam_m017897,validation,validation_product_like,2025-04-09T12:01:00Z,S05,external_purchase,false,false,false
med-synth-v1,d001159,fam_m017919,validation,validation_product_like,2025-04-09T12:40:00Z,routine,established_contact,false,false,false
med-synth-v1,d001160,fam_m017949,validation,validation_product_like,2025-04-09T15:10:00Z,routine,established_contact,false,false,false
med-synth-v1,d001065,fam_m028325,validation,validation_product_like,2025-04-09T18:00:00Z,S03,legitimate_first_contact,false,false,false
med-synth-v1,d001069,fam_m028333,validation,validation_product_like,2025-04-09T19:00:00Z,S06,legitimate_new_domain,false,false,false
med-synth-v1,d001073,fam_m028341,validation,validation_product_like,2025-04-09T20:00:00Z,S07,legitimate_topic_change,false,false,false
med-synth-v1,d001077,fam_m028349,validation,validation_product_like,2025-04-09T21:00:00Z,S09,cold_start_legitimate,false,false,false
med-synth-v1,d001080,fam_m028355,validation,validation_product_like,2025-04-09T21:30:00Z,S09,little_text_legitimate,false,false,false
med-synth-v1,d001161,fam_m017733,validation,validation_product_like,2025-04-10T09:02:00Z,S05,internal_project,false,false,false
med-synth-v1,d001162,fam_m017739,validation,validation_product_like,2025-04-10T09:05:00Z,S05,internal_project,false,false,false
med-synth-v1,d001163,fam_m017765,validation,validation_product_like,2025-04-10T09:10:00Z,routine,established_contact,false,false,false
med-synth-v1,d001164,fam_m017799,validation,validation_product_like,2025-04-10T09:41:00Z,routine,established_contact,false,false,false
med-synth-v1,d001165,fam_m017859,validation,validation_product_like,2025-04-10T11:20:00Z,routine,established_contact,false,false,false
med-synth-v1,d001166,fam_m017869,validation,validation_product_like,2025-04-10T11:31:00Z,routine,established_contact,false,false,false
med-synth-v1,d001167,fam_m017921,validation,validation_product_like,2025-04-10T12:50:00Z,routine,established_contact,false,false,false
med-synth-v1,d001168,fam_m017951,validation,validation_product_like,2025-04-10T15:20:00Z,routine,established_contact,false,false,false
med-synth-v1,d001169,fam_m017749,validation,validation_product_like,2025-04-11T09:02:00Z,S05,internal_project,false,false,false
med-synth-v1,d001170,fam_m017755,validation,validation_product_like,2025-04-11T09:05:00Z,S05,internal_project,false,false,false
med-synth-v1,d001171,fam_m017777,validation,validation_product_like,2025-04-11T09:20:00Z,routine,established_contact,false,false,false
med-synth-v1,d001172,fam_m017791,validation,validation_product_like,2025-04-11T09:31:00Z,routine,established_contact,false,false,false
med-synth-v1,d001173,fam_m017817,validation,validation_product_like,2025-04-11T10:40:00Z,routine,established_contact,false,false,false
med-synth-v1,d001174,fam_m017839,validation,validation_product_like,2025-04-11T11:00:00Z,routine,established_contact,false,false,false
med-synth-v1,d001175,fam_m017853,validation,validation_product_like,2025-04-11T11:11:00Z,routine,established_contact,false,false,false
med-synth-v1,d001176,fam_m017899,validation,validation_product_like,2025-04-11T12:00:00Z,S05,external_purchase,false,false,false
med-synth-v1,d001177,fam_m017913,validation,validation_product_like,2025-04-11T12:11:00Z,S05,external_purchase,false,false,false
med-synth-v1,d001178,fam_m017943,validation,validation_product_like,2025-04-11T14:40:00Z,routine,established_contact,false,false,false
med-synth-v1,d001179,fam_m017957,validation,validation_product_like,2025-04-14T09:02:00Z,S05,internal_project,false,false,false
med-synth-v1,d001180,fam_m017963,validation,validation_product_like,2025-04-14T09:05:00Z,S05,internal_project,false,false,false
med-synth-v1,d001181,fam_m018041,validation,validation_product_like,2025-04-14T09:20:00Z,routine,established_contact,false,false,false
med-synth-v1,d001182,fam_m018055,validation,validation_product_like,2025-04-14T09:31:00Z,routine,established_contact,false,false,false
med-synth-v1,d001183,fam_m018093,validation,validation_product_like,2025-04-14T10:51:00Z,routine,established_contact,false,false,false
med-synth-v1,d001184,fam_m018115,validation,validation_product_like,2025-04-14T11:10:00Z,routine,established_contact,false,false,false
med-synth-v1,d001185,fam_m018153,validation,validation_product_like,2025-04-14T11:51:00Z,S05,external_purchase,false,false,false
med-synth-v1,d001186,fam_m018175,validation,validation_product_like,2025-04-14T12:10:00Z,S05,external_purchase,false,false,false
med-synth-v1,d001187,fam_m018197,validation,validation_product_like,2025-04-14T13:10:00Z,routine,established_contact,false,false,false
med-synth-v1,d001188,fam_m017969,validation,validation_product_like,2025-04-15T09:00:00Z,S05,internal_project,false,false,false
med-synth-v1,d001189,fam_m017975,validation,validation_product_like,2025-04-15T09:03:00Z,S05,internal_project,false,false,false
med-synth-v1,d001190,fam_m017981,validation,validation_product_like,2025-04-15T09:06:00Z,S05,internal_project,false,false,false
med-synth-v1,d001191,fam_m018065,validation,validation_product_like,2025-04-15T09:40:00Z,routine,established_contact,false,false,false
med-synth-v1,d001192,fam_m018127,validation,validation_product_like,2025-04-15T11:20:00Z,routine,established_contact,false,false,false
med-synth-v1,d001193,fam_m018137,validation,validation_product_like,2025-04-15T11:31:00Z,routine,established_contact,false,false,false
med-synth-v1,d001194,fam_m018189,validation,validation_product_like,2025-04-15T12:30:00Z,routine,established_contact,false,false,false
med-synth-v1,d001195,fam_m018219,validation,validation_product_like,2025-04-15T15:00:00Z,routine,established_contact,false,false,false
med-synth-v1,d001196,fam_m017989,validation,validation_product_like,2025-04-16T09:02:00Z,S05,internal_project,false,false,false
med-synth-v1,d001197,fam_m017995,validation,validation_product_like,2025-04-16T09:05:00Z,S05,internal_project,false,false,false
med-synth-v1,d001198,fam_m018045,validation,validation_product_like,2025-04-16T09:20:00Z,routine,established_contact,false,false,false
med-synth-v1,d001199,fam_m018059,validation,validation_product_like,2025-04-16T09:31:00Z,routine,established_contact,false,false,false
med-synth-v1,d001200,fam_m018095,validation,validation_product_like,2025-04-16T10:50:00Z,routine,established_contact,false,false,false
med-synth-v1,d001201,fam_m018109,validation,validation_product_like,2025-04-16T11:01:00Z,routine,established_contact,false,false,false
med-synth-v1,d001202,fam_m018155,validation,validation_product_like,2025-04-16T11:50:00Z,S05,external_purchase,false,false,false
med-synth-v1,d001203,fam_m018169,validation,validation_product_like,2025-04-16T12:01:00Z,S05,external_purchase,false,false,false
med-synth-v1,d001204,fam_m018191,validation,validation_product_like,2025-04-16T12:40:00Z,routine,established_contact,false,false,false
med-synth-v1,d001205,fam_m018221,validation,validation_product_like,2025-04-16T15:10:00Z,routine,established_contact,false,false,false
med-synth-v1,d001206,fam_m018005,validation,validation_product_like,2025-04-17T09:02:00Z,S05,internal_project,false,false,false
med-synth-v1,d001207,fam_m018011,validation,validation_product_like,2025-04-17T09:05:00Z,S05,internal_project,false,false,false
med-synth-v1,d001208,fam_m018037,validation,validation_product_like,2025-04-17T09:10:00Z,routine,established_contact,false,false,false
med-synth-v1,d001209,fam_m018071,validation,validation_product_like,2025-04-17T09:41:00Z,routine,established_contact,false,false,false
med-synth-v1,d001210,fam_m018131,validation,validation_product_like,2025-04-17T11:20:00Z,routine,established_contact,false,false,false
med-synth-v1,d001211,fam_m018141,validation,validation_product_like,2025-04-17T11:31:00Z,routine,established_contact,false,false,false
med-synth-v1,d001212,fam_m018193,validation,validation_product_like,2025-04-17T12:50:00Z,routine,established_contact,false,false,false
med-synth-v1,d001213,fam_m018223,validation,validation_product_like,2025-04-17T15:20:00Z,routine,established_contact,false,false,false
med-synth-v1,d001214,fam_m018021,validation,validation_product_like,2025-04-18T09:02:00Z,S05,internal_project,false,false,false
med-synth-v1,d001031,fam_m018027,validation,validation_diagnostic,2025-04-18T09:05:00Z,S08,unintended_cc,true,false,false
med-synth-v1,d001032,fam_m018027,validation,validation_diagnostic,2025-04-18T09:05:00Z,S08,clean_twin,false,false,false
med-synth-v1,d001215,fam_m018029,validation,validation_product_like,2025-04-18T09:06:00Z,S05,internal_project,false,false,false
med-synth-v1,d001216,fam_m018051,validation,validation_product_like,2025-04-18T09:21:00Z,routine,established_contact,false,false,false
med-synth-v1,d001217,fam_m018079,validation,validation_product_like,2025-04-18T10:00:00Z,routine,established_contact,false,false,false
med-synth-v1,d001218,fam_m018099,validation,validation_product_like,2025-04-18T10:50:00Z,routine,established_contact,false,false,false
med-synth-v1,d001219,fam_m018113,validation,validation_product_like,2025-04-18T11:01:00Z,routine,established_contact,false,false,false
med-synth-v1,d001220,fam_m018159,validation,validation_product_like,2025-04-18T11:50:00Z,S05,external_purchase,false,false,false
med-synth-v1,d001221,fam_m018173,validation,validation_product_like,2025-04-18T12:01:00Z,S05,external_purchase,false,false,false
med-synth-v1,d001222,fam_m018195,validation,validation_product_like,2025-04-18T13:00:00Z,routine,established_contact,false,false,false
med-synth-v1,d001223,fam_m018227,validation,validation_product_like,2025-04-21T09:01:00Z,S05,internal_project,false,false,false
med-synth-v1,d001224,fam_m018233,validation,validation_product_like,2025-04-21T09:04:00Z,S05,internal_project,false,false,false
med-synth-v1,d001225,fam_m018239,validation,validation_product_like,2025-04-21T09:07:00Z,S05,internal_project,false,false,false
med-synth-v1,d001226,fam_m018325,validation,validation_product_like,2025-04-21T09:30:00Z,routine,established_contact,false,false,false
med-synth-v1,d001227,fam_m018363,validation,validation_product_like,2025-04-21T10:50:00Z,routine,established_contact,false,false,false
med-synth-v1,d001228,fam_m018377,validation,validation_product_like,2025-04-21T11:01:00Z,routine,established_contact,false,false,false
med-synth-v1,d001229,fam_m018423,validation,validation_product_like,2025-04-21T11:50:00Z,S05,external_purchase,false,false,false
med-synth-v1,d001230,fam_m018437,validation,validation_product_like,2025-04-21T12:01:00Z,S05,external_purchase,false,false,false
med-synth-v1,d001231,fam_m018459,validation,validation_product_like,2025-04-21T12:20:00Z,routine,established_contact,false,false,false
med-synth-v1,d001232,fam_m018489,validation,validation_product_like,2025-04-21T14:50:00Z,routine,established_contact,false,false,false
med-synth-v1,d001233,fam_m018245,validation,validation_product_like,2025-04-22T09:02:00Z,S05,internal_project,false,false,false
med-synth-v1,d001234,fam_m018251,validation,validation_product_like,2025-04-22T09:05:00Z,S05,internal_project,false,false,false
med-synth-v1,d001235,fam_m018305,validation,validation_product_like,2025-04-22T09:10:00Z,routine,established_contact,false,false,false
med-synth-v1,d001236,fam_m018339,validation,validation_product_like,2025-04-22T09:41:00Z,routine,established_contact,false,false,false
med-synth-v1,d001237,fam_m018401,validation,validation_product_like,2025-04-22T11:21:00Z,routine,established_contact,false,false,false
med-synth-v1,d001238,fam_m018415,validation,validation_product_like,2025-04-22T11:40:00Z,routine,established_contact,false,false,false
med-synth-v1,d001239,fam_m018471,validation,validation_product_like,2025-04-22T13:20:00Z,routine,established_contact,false,false,false
med-synth-v1,d001240,fam_m018257,validation,validation_product_like,2025-04-23T09:00:00Z,S05,internal_project,false,false,false
med-synth-v1,d001241,fam_m018263,validation,validation_product_like,2025-04-23T09:03:00Z,S05,internal_project,false,false,false
med-synth-v1,d001242,fam_m018269,validation,validation_product_like,2025-04-23T09:06:00Z,S05,internal_project,false,false,false
med-synth-v1,d001243,fam_m018319,validation,validation_product_like,2025-04-23T09:21:00Z,routine,established_contact,false,false,false
med-synth-v1,d001244,fam_m018345,validation,validation_product_like,2025-04-23T09:50:00Z,routine,established_contact,false,false,false
med-synth-v1,d001245,fam_m018369,validation,validation_product_like,2025-04-23T10:51:00Z,routine,established_contact,false,false,false
med-synth-v1,d001246,fam_m018391,validation,validation_product_like,2025-04-23T11:10:00Z,routine,established_contact,false,false,false
med-synth-v1,d001247,fam_m018429,validation,validation_product_like,2025-04-23T11:51:00Z,S05,external_purchase,false,false,false
med-synth-v1,d001248,fam_m018451,validation,validation_product_like,2025-04-23T12:10:00Z,S05,external_purchase,false,false,false
med-synth-v1,d001249,fam_m018473,validation,validation_product_like,2025-04-23T13:30:00Z,routine,established_contact,false,false,false
med-synth-v1,d001250,fam_m018273,validation,validation_product_like,2025-04-24T09:00:00Z,S05,internal_project,false,false,false
med-synth-v1,d001251,fam_m018279,validation,validation_product_like,2025-04-24T09:03:00Z,S05,internal_project,false,false,false
med-synth-v1,d001252,fam_m018285,validation,validation_product_like,2025-04-24T09:06:00Z,S05,internal_project,false,false,false
med-synth-v1,d001253,fam_m018311,validation,validation_product_like,2025-04-24T09:11:00Z,routine,established_contact,false,false,false
med-synth-v1,d001254,fam_m018355,validation,validation_product_like,2025-04-24T10:20:00Z,routine,established_contact,false,false,false
med-synth-v1,d001255,fam_m018411,validation,validation_product_like,2025-04-24T11:30:00Z,routine,established_contact,false,false,false
med-synth-v1,d001256,fam_m018421,validation,validation_product_like,2025-04-24T11:41:00Z,routine,established_contact,false,false,false
med-synth-v1,d001257,fam_m018485,validation,validation_product_like,2025-04-24T14:30:00Z,routine,established_contact,false,false,false
med-synth-v1,d001258,fam_m018291,validation,validation_product_like,2025-04-25T09:01:00Z,S05,internal_project,false,false,false
med-synth-v1,d001259,fam_m018297,validation,validation_product_like,2025-04-25T09:04:00Z,S05,internal_project,false,false,false
med-synth-v1,d001260,fam_m018303,validation,validation_product_like,2025-04-25T09:07:00Z,S05,internal_project,false,false,false
med-synth-v1,d001261,fam_m018333,validation,validation_product_like,2025-04-25T09:30:00Z,routine,established_contact,false,false,false
med-synth-v1,d001262,fam_m018353,validation,validation_product_like,2025-04-25T10:10:00Z,routine,established_contact,false,false,false
med-synth-v1,d001263,fam_m018373,validation,validation_product_like,2025-04-25T10:51:00Z,routine,established_contact,false,false,false
med-synth-v1,d001264,fam_m018395,validation,validation_product_like,2025-04-25T11:10:00Z,routine,established_contact,false,false,false
med-synth-v1,d001265,fam_m018433,validation,validation_product_like,2025-04-25T11:51:00Z,S05,external_purchase,false,false,false
med-synth-v1,d001266,fam_m018455,validation,validation_product_like,2025-04-25T12:10:00Z,S05,external_purchase,false,false,false
med-synth-v1,d001267,fam_m018477,validation,validation_product_like,2025-04-25T13:50:00Z,routine,established_contact,false,false,false
med-synth-v1,d001268,fam_m018499,validation,validation_product_like,2025-04-28T09:01:00Z,S05,internal_project,false,false,false
med-synth-v1,d001269,fam_m018505,validation,validation_product_like,2025-04-28T09:04:00Z,S05,internal_project,false,false,false
med-synth-v1,d001270,fam_m018511,validation,validation_product_like,2025-04-28T09:07:00Z,S05,internal_project,false,false,false
med-synth-v1,d001271,fam_m018597,validation,validation_product_like,2025-04-28T09:30:00Z,routine,established_contact,false,false,false
med-synth-v1,d001272,fam_m018635,validation,validation_product_like,2025-04-28T10:50:00Z,routine,established_contact,false,false,false
med-synth-v1,d001273,fam_m018649,validation,validation_product_like,2025-04-28T11:01:00Z,routine,established_contact,false,false,false
med-synth-v1,d001274,fam_m018695,validation,validation_product_like,2025-04-28T11:50:00Z,S05,external_purchase,false,false,false
med-synth-v1,d001275,fam_m018709,validation,validation_product_like,2025-04-28T12:01:00Z,S05,external_purchase,false,false,false
med-synth-v1,d001276,fam_m018731,validation,validation_product_like,2025-04-28T12:20:00Z,routine,established_contact,false,false,false
med-synth-v1,d001277,fam_m018761,validation,validation_product_like,2025-04-28T14:50:00Z,routine,established_contact,false,false,false
med-synth-v1,d001278,fam_m018517,validation,validation_product_like,2025-04-29T09:02:00Z,S05,internal_project,false,false,false
med-synth-v1,d001279,fam_m018523,validation,validation_product_like,2025-04-29T09:05:00Z,S05,internal_project,false,false,false
med-synth-v1,d001280,fam_m018577,validation,validation_product_like,2025-04-29T09:10:00Z,routine,established_contact,false,false,false
med-synth-v1,d001011,fam_m018579,validation,validation_diagnostic,2025-04-29T09:11:00Z,S02,added_external,true,false,false
med-synth-v1,d001012,fam_m018579,validation,validation_diagnostic,2025-04-29T09:11:00Z,S02,clean_twin,false,false,false
med-synth-v1,d001281,fam_m018621,validation,validation_product_like,2025-04-29T10:00:00Z,routine,established_contact,false,false,false
med-synth-v1,d001282,fam_m018679,validation,validation_product_like,2025-04-29T11:30:00Z,routine,established_contact,false,false,false
med-synth-v1,d001283,fam_m018689,validation,validation_product_like,2025-04-29T11:41:00Z,routine,established_contact,false,false,false
med-synth-v1,d001284,fam_m018753,validation,validation_product_like,2025-04-29T14:10:00Z,routine,established_contact,false,false,false
med-synth-v1,d001033,fam_m018529,validation,validation_diagnostic,2025-04-30T09:00:00Z,S08,unintended_cc,true,false,false
med-synth-v1,d001034,fam_m018529,validation,validation_diagnostic,2025-04-30T09:00:00Z,S08,clean_twin,false,false,false
med-synth-v1,d001084,fam_m018531,validation,validation_product_like,2025-04-30T09:01:00Z,S05,internal_project,false,false,false
med-synth-v1,d001285,fam_m018535,validation,validation_product_like,2025-04-30T09:03:00Z,S05,internal_project,false,false,false
med-synth-v1,d001286,fam_m018541,validation,validation_product_like,2025-04-30T09:06:00Z,S05,internal_project,false,false,false
med-synth-v1,d001020,fam_m018589,validation,validation_diagnostic,2025-04-30T09:20:00Z,S04,familiar_topic_mismatch,true,false,false
med-synth-v1,d001021,fam_m018589,validation,validation_diagnostic,2025-04-30T09:20:00Z,S04,clean_twin,false,false,false
med-synth-v1,d001287,fam_m018601,validation,validation_product_like,2025-04-30T09:30:00Z,routine,established_contact,false,false,false
med-synth-v1,d001288,fam_m018639,validation,validation_product_like,2025-04-30T10:50:00Z,routine,established_contact,false,false,false
med-synth-v1,d001289,fam_m018653,validation,validation_product_like,2025-04-30T11:01:00Z,routine,established_contact,false,false,false
med-synth-v1,d001290,fam_m018699,validation,validation_product_like,2025-04-30T11:50:00Z,S05,external_purchase,false,false,false
med-synth-v1,d001089,fam_m018701,validation,validation_product_like,2025-04-30T11:51:00Z,S05,external_purchase,false,false,false
med-synth-v1,d001291,fam_m018723,validation,validation_product_like,2025-04-30T12:10:00Z,S05,external_purchase,false,false,false
med-synth-v1,d001292,fam_m018745,validation,validation_product_like,2025-04-30T13:30:00Z,routine,established_contact,false,false,false
med-synth-v1,d001293,fam_m018545,validation,validation_product_like,2025-05-01T09:00:00Z,S05,internal_project,false,false,false
med-synth-v1,d001294,fam_m018551,validation,validation_product_like,2025-05-01T09:03:00Z,S05,internal_project,false,false,false
med-synth-v1,d001295,fam_m018557,validation,validation_product_like,2025-05-01T09:06:00Z,S05,internal_project,false,false,false
med-synth-v1,d001296,fam_m018583,validation,validation_product_like,2025-05-01T09:11:00Z,routine,established_contact,false,false,false
med-synth-v1,d001297,fam_m018627,validation,validation_product_like,2025-05-01T10:20:00Z,routine,established_contact,false,false,false
med-synth-v1,d001298,fam_m018677,validation,validation_product_like,2025-05-01T11:21:00Z,routine,established_contact,false,false,false
med-synth-v1,d001299,fam_m018691,validation,validation_product_like,2025-05-01T11:40:00Z,routine,established_contact,false,false,false
med-synth-v1,d001300,fam_m018747,validation,validation_product_like,2025-05-01T13:40:00Z,routine,established_contact,false,false,false
med-synth-v1,d001301,fam_m018561,validation,validation_product_like,2025-05-02T09:00:00Z,S05,internal_project,false,false,false
med-synth-v1,d001302,fam_m018567,validation,validation_product_like,2025-05-02T09:03:00Z,S05,internal_project,false,false,false
med-synth-v1,d001303,fam_m018573,validation,validation_product_like,2025-05-02T09:06:00Z,S05,internal_project,false,false,false
med-synth-v1,d001304,fam_m018595,validation,validation_product_like,2025-05-02T09:21:00Z,routine,established_contact,false,false,false
med-synth-v1,d001305,fam_m018623,validation,validation_product_like,2025-05-02T10:00:00Z,routine,established_contact,false,false,false
med-synth-v1,d001306,fam_m018643,validation,validation_product_like,2025-05-02T10:50:00Z,routine,established_contact,false,false,false
med-synth-v1,d001307,fam_m018657,validation,validation_product_like,2025-05-02T11:01:00Z,routine,established_contact,false,false,false
med-synth-v1,d001308,fam_m018703,validation,validation_product_like,2025-05-02T11:50:00Z,S05,external_purchase,false,false,false
med-synth-v1,d001309,fam_m018717,validation,validation_product_like,2025-05-02T12:01:00Z,S05,external_purchase,false,false,false
med-synth-v1,d001310,fam_m018739,validation,validation_product_like,2025-05-02T13:00:00Z,routine,established_contact,false,false,false
med-synth-v1,d001311,fam_m018769,validation,validation_product_like,2025-05-05T09:00:00Z,S05,internal_project,false,false,false
med-synth-v1,d001312,fam_m018775,validation,validation_product_like,2025-05-05T09:03:00Z,S05,internal_project,false,false,false
med-synth-v1,d001313,fam_m018781,validation,validation_product_like,2025-05-05T09:06:00Z,S05,internal_project,false,false,false
med-synth-v1,d001314,fam_m018859,validation,validation_product_like,2025-05-05T09:21:00Z,routine,established_contact,false,false,false
med-synth-v1,d001315,fam_m018901,validation,validation_product_like,2025-05-05T10:30:00Z,routine,established_contact,false,false,false
med-synth-v1,d001316,fam_m018919,validation,validation_product_like,2025-05-05T11:00:00Z,routine,established_contact,false,false,false
med-synth-v1,d001317,fam_m018933,validation,validation_product_like,2025-05-05T11:11:00Z,routine,established_contact,false,false,false
med-synth-v1,d001318,fam_m018979,validation,validation_product_like,2025-05-05T12:00:00Z,S05,external_purchase,false,false,false
med-synth-v1,d001319,fam_m018993,validation,validation_product_like,2025-05-05T12:11:00Z,S05,external_purchase,false,false,false
med-synth-v1,d001320,fam_m019033,validation,validation_product_like,2025-05-05T14:50:00Z,routine,established_contact,false,false,false
med-synth-v1,d001321,fam_m018789,validation,validation_product_like,2025-05-06T09:02:00Z,S05,internal_project,false,false,false
med-synth-v1,d001322,fam_m018795,validation,validation_product_like,2025-05-06T09:05:00Z,S05,internal_project,false,false,false
med-synth-v1,d001323,fam_m018849,validation,validation_product_like,2025-05-06T09:10:00Z,routine,established_contact,false,false,false
med-synth-v1,d001324,fam_m018883,validation,validation_product_like,2025-05-06T09:41:00Z,routine,established_contact,false,false,false
med-synth-v1,d001325,fam_m018945,validation,validation_product_like,2025-05-06T11:21:00Z,routine,established_contact,false,false,false
med-synth-v1,d001326,fam_m018959,validation,validation_product_like,2025-05-06T11:40:00Z,routine,established_contact,false,false,false
med-synth-v1,d001327,fam_m019015,validation,validation_product_like,2025-05-06T13:20:00Z,routine,established_contact,false,false,false
med-synth-v1,d001328,fam_m018801,validation,validation_product_like,2025-05-07T09:00:00Z,S05,internal_project,false,false,false
med-synth-v1,d001329,fam_m018807,validation,validation_product_like,2025-05-07T09:03:00Z,S05,internal_project,false,false,false
med-synth-v1,d001330,fam_m018813,validation,validation_product_like,2025-05-07T09:06:00Z,S05,internal_project,false,false,false
med-synth-v1,d001331,fam_m018863,validation,validation_product_like,2025-05-07T09:21:00Z,routine,established_contact,false,false,false
med-synth-v1,d001332,fam_m018889,validation,validation_product_like,2025-05-07T09:50:00Z,routine,established_contact,false,false,false
med-synth-v1,d001333,fam_m018913,validation,validation_product_like,2025-05-07T10:51:00Z,routine,established_contact,false,false,false
med-synth-v1,d001334,fam_m018935,validation,validation_product_like,2025-05-07T11:10:00Z,routine,established_contact,false,false,false
med-synth-v1,d001335,fam_m018973,validation,validation_product_like,2025-05-07T11:51:00Z,S05,external_purchase,false,false,false
med-synth-v1,d001336,fam_m018995,validation,validation_product_like,2025-05-07T12:10:00Z,S05,external_purchase,false,false,false
med-synth-v1,d001337,fam_m019017,validation,validation_product_like,2025-05-07T13:30:00Z,routine,established_contact,false,false,false
med-synth-v1,d001338,fam_m018817,validation,validation_product_like,2025-05-08T09:00:00Z,S05,internal_project,false,false,false
med-synth-v1,d001339,fam_m018823,validation,validation_product_like,2025-05-08T09:03:00Z,S05,internal_project,false,false,false
med-synth-v1,d001340,fam_m018829,validation,validation_product_like,2025-05-08T09:06:00Z,S05,internal_project,false,false,false
med-synth-v1,d001341,fam_m018855,validation,validation_product_like,2025-05-08T09:11:00Z,routine,established_contact,false,false,false
med-synth-v1,d001342,fam_m018899,validation,validation_product_like,2025-05-08T10:20:00Z,routine,established_contact,false,false,false
med-synth-v1,d001343,fam_m018949,validation,validation_product_like,2025-05-08T11:21:00Z,routine,established_contact,false,false,false
med-synth-v1,d001344,fam_m018963,validation,validation_product_like,2025-05-08T11:40:00Z,routine,established_contact,false,false,false
med-synth-v1,d001345,fam_m019019,validation,validation_product_like,2025-05-08T13:40:00Z,routine,established_contact,false,false,false
med-synth-v1,d001346,fam_m018833,validation,validation_product_like,2025-05-09T09:00:00Z,S05,internal_project,false,false,false
med-synth-v1,d001035,fam_m018837,validation,validation_diagnostic,2025-05-09T09:02:00Z,S08,unintended_cc,true,false,false
med-synth-v1,d001036,fam_m018837,validation,validation_diagnostic,2025-05-09T09:02:00Z,S08,clean_twin,false,false,false
med-synth-v1,d001347,fam_m018841,validation,validation_product_like,2025-05-09T09:04:00Z,S05,internal_project,false,false,false
med-synth-v1,d001348,fam_m018847,validation,validation_product_like,2025-05-09T09:07:00Z,S05,internal_project,false,false,false
med-synth-v1,d001349,fam_m018877,validation,validation_product_like,2025-05-09T09:30:00Z,routine,established_contact,false,false,false
med-synth-v1,d001350,fam_m018897,validation,validation_product_like,2025-05-09T10:10:00Z,routine,established_contact,false,false,false
med-synth-v1,d001351,fam_m018917,validation,validation_product_like,2025-05-09T10:51:00Z,routine,established_contact,false,false,false
med-synth-v1,d001352,fam_m018939,validation,validation_product_like,2025-05-09T11:10:00Z,routine,established_contact,false,false,false
med-synth-v1,d001353,fam_m018987,validation,validation_product_like,2025-05-09T12:00:00Z,S05,external_purchase,false,false,false
med-synth-v1,d001354,fam_m019001,validation,validation_product_like,2025-05-09T12:11:00Z,S05,external_purchase,false,false,false
med-synth-v1,d001355,fam_m019031,validation,validation_product_like,2025-05-09T14:40:00Z,routine,established_contact,false,false,false
med-synth-v1,d001356,fam_m019045,validation,validation_product_like,2025-05-12T09:02:00Z,S05,internal_project,false,false,false
med-synth-v1,d001357,fam_m019051,validation,validation_product_like,2025-05-12T09:05:00Z,S05,internal_project,false,false,false
med-synth-v1,d001358,fam_m019129,validation,validation_product_like,2025-05-12T09:20:00Z,routine,established_contact,false,false,false
med-synth-v1,d001359,fam_m019143,validation,validation_product_like,2025-05-12T09:31:00Z,routine,established_contact,false,false,false
med-synth-v1,d001360,fam_m019181,validation,validation_product_like,2025-05-12T10:51:00Z,routine,established_contact,false,false,false
med-synth-v1,d001361,fam_m019203,validation,validation_product_like,2025-05-12T11:10:00Z,routine,established_contact,false,false,false
med-synth-v1,d001362,fam_m019241,validation,validation_product_like,2025-05-12T11:51:00Z,S05,external_purchase,false,false,false
med-synth-v1,d001363,fam_m019263,validation,validation_product_like,2025-05-12T12:10:00Z,S05,external_purchase,false,false,false
med-synth-v1,d001364,fam_m019285,validation,validation_product_like,2025-05-12T13:10:00Z,routine,established_contact,false,false,false
med-synth-v1,d001365,fam_m019057,validation,validation_product_like,2025-05-13T09:00:00Z,S05,internal_project,false,false,false
med-synth-v1,d001366,fam_m019063,validation,validation_product_like,2025-05-13T09:03:00Z,S05,internal_project,false,false,false
med-synth-v1,d001367,fam_m019069,validation,validation_product_like,2025-05-13T09:06:00Z,S05,internal_project,false,false,false
med-synth-v1,d001368,fam_m019123,validation,validation_product_like,2025-05-13T09:11:00Z,routine,established_contact,false,false,false
med-synth-v1,d001369,fam_m019165,validation,validation_product_like,2025-05-13T10:00:00Z,routine,established_contact,false,false,false
med-synth-v1,d001370,fam_m019223,validation,validation_product_like,2025-05-13T11:30:00Z,routine,established_contact,false,false,false
med-synth-v1,d001371,fam_m019233,validation,validation_product_like,2025-05-13T11:41:00Z,routine,established_contact,false,false,false
med-synth-v1,d001372,fam_m019297,validation,validation_product_like,2025-05-13T14:10:00Z,routine,established_contact,false,false,false
med-synth-v1,d001373,fam_m019075,validation,validation_product_like,2025-05-14T09:01:00Z,S05,internal_project,false,false,false
med-synth-v1,d001374,fam_m019081,validation,validation_product_like,2025-05-14T09:04:00Z,S05,internal_project,false,false,false
med-synth-v1,d001375,fam_m019087,validation,validation_product_like,2025-05-14T09:07:00Z,S05,internal_project,false,false,false
med-synth-v1,d001376,fam_m019145,validation,validation_product_like,2025-05-14T09:30:00Z,routine,established_contact,false,false,false
med-synth-v1,d001377,fam_m019163,validation,validation_product_like,2025-05-14T09:51:00Z,routine,established_contact,false,false,false
med-synth-v1,d001378,fam_m019195,validation,validation_product_like,2025-05-14T11:00:00Z,routine,established_contact,false,false,false
med-synth-v1,d001379,fam_m019209,validation,validation_product_like,2025-05-14T11:11:00Z,routine,established_contact,false,false,false
med-synth-v1,d001380,fam_m019255,validation,validation_product_like,2025-05-14T12:00:00Z,S05,external_purchase,false,false,false
med-synth-v1,d001381,fam_m019269,validation,validation_product_like,2025-05-14T12:11:00Z,S05,external_purchase,false,false,false
med-synth-v1,d001382,fam_m019299,validation,validation_product_like,2025-05-14T14:20:00Z,routine,established_contact,false,false,false
med-synth-v1,d001066,fam_m028327,validation,validation_product_like,2025-05-14T18:01:00Z,S03,legitimate_first_contact,false,false,false
med-synth-v1,d001070,fam_m028335,validation,validation_product_like,2025-05-14T19:01:00Z,S06,legitimate_new_domain,false,false,false
med-synth-v1,d001074,fam_m028343,validation,validation_product_like,2025-05-14T20:01:00Z,S07,legitimate_topic_change,false,false,false
med-synth-v1,d001383,fam_m019091,validation,validation_product_like,2025-05-15T09:01:00Z,S05,internal_project,false,false,false
med-synth-v1,d001384,fam_m019097,validation,validation_product_like,2025-05-15T09:04:00Z,S05,internal_project,false,false,false
med-synth-v1,d001385,fam_m019125,validation,validation_product_like,2025-05-15T09:10:00Z,routine,established_contact,false,false,false
med-synth-v1,d001386,fam_m019159,validation,validation_product_like,2025-05-15T09:41:00Z,routine,established_contact,false,false,false
med-synth-v1,d001387,fam_m019219,validation,validation_product_like,2025-05-15T11:20:00Z,routine,established_contact,false,false,false
med-synth-v1,d001388,fam_m019229,validation,validation_product_like,2025-05-15T11:31:00Z,routine,established_contact,false,false,false
med-synth-v1,d001389,fam_m019281,validation,validation_product_like,2025-05-15T12:50:00Z,routine,established_contact,false,false,false
med-synth-v1,d001390,fam_m019311,validation,validation_product_like,2025-05-15T15:20:00Z,routine,established_contact,false,false,false
med-synth-v1,d001391,fam_m019109,validation,validation_product_like,2025-05-16T09:02:00Z,S05,internal_project,false,false,false
med-synth-v1,d001392,fam_m019115,validation,validation_product_like,2025-05-16T09:05:00Z,S05,internal_project,false,false,false
med-synth-v1,d001393,fam_m019137,validation,validation_product_like,2025-05-16T09:20:00Z,routine,established_contact,false,false,false
med-synth-v1,d001394,fam_m019151,validation,validation_product_like,2025-05-16T09:31:00Z,routine,established_contact,false,false,false
med-synth-v1,d001395,fam_m019177,validation,validation_product_like,2025-05-16T10:40:00Z,routine,established_contact,false,false,false
med-synth-v1,d001396,fam_m019199,validation,validation_product_like,2025-05-16T11:00:00Z,routine,established_contact,false,false,false
med-synth-v1,d001397,fam_m019213,validation,validation_product_like,2025-05-16T11:11:00Z,routine,established_contact,false,false,false
med-synth-v1,d001398,fam_m019259,validation,validation_product_like,2025-05-16T12:00:00Z,S05,external_purchase,false,false,false
med-synth-v1,d001399,fam_m019273,validation,validation_product_like,2025-05-16T12:11:00Z,S05,external_purchase,false,false,false
med-synth-v1,d001400,fam_m019303,validation,validation_product_like,2025-05-16T14:40:00Z,routine,established_contact,false,false,false
med-synth-v1,d001401,fam_m019317,validation,validation_product_like,2025-05-19T09:02:00Z,S05,internal_project,false,false,false
med-synth-v1,d001402,fam_m019323,validation,validation_product_like,2025-05-19T09:05:00Z,S05,internal_project,false,false,false
med-synth-v1,d001403,fam_m019401,validation,validation_product_like,2025-05-19T09:20:00Z,routine,established_contact,false,false,false
med-synth-v1,d001404,fam_m019415,validation,validation_product_like,2025-05-19T09:31:00Z,routine,established_contact,false,false,false
med-synth-v1,d001405,fam_m019453,validation,validation_product_like,2025-05-19T10:51:00Z,routine,established_contact,false,false,false
med-synth-v1,d001406,fam_m019475,validation,validation_product_like,2025-05-19T11:10:00Z,routine,established_contact,false,false,false
med-synth-v1,d001407,fam_m019513,validation,validation_product_like,2025-05-19T11:51:00Z,S05,external_purchase,false,false,false
med-synth-v1,d001408,fam_m019535,validation,validation_product_like,2025-05-19T12:10:00Z,S05,external_purchase,false,false,false
med-synth-v1,d001409,fam_m019557,validation,validation_product_like,2025-05-19T13:10:00Z,routine,established_contact,false,false,false
med-synth-v1,d001410,fam_m019329,validation,validation_product_like,2025-05-20T09:00:00Z,S05,internal_project,false,false,false
med-synth-v1,d001411,fam_m019335,validation,validation_product_like,2025-05-20T09:03:00Z,S05,internal_project,false,false,false
med-synth-v1,d001037,fam_m019339,validation,validation_diagnostic,2025-05-20T09:05:00Z,S08,unintended_bcc,true,false,false
med-synth-v1,d001038,fam_m019339,validation,validation_diagnostic,2025-05-20T09:05:00Z,S08,clean_twin,false,false,false
med-synth-v1,d001412,fam_m019343,validation,validation_product_like,2025-05-20T09:07:00Z,S05,internal_project,false,false,false
med-synth-v1,d001413,fam_m019425,validation,validation_product_like,2025-05-20T09:40:00Z,routine,established_contact,false,false,false
med-synth-v1,d001414,fam_m019487,validation,validation_product_like,2025-05-20T11:20:00Z,routine,established_contact,false,false,false
med-synth-v1,d001415,fam_m019497,validation,validation_product_like,2025-05-20T11:31:00Z,routine,established_contact,false,false,false
med-synth-v1,d001416,fam_m019549,validation,validation_product_like,2025-05-20T12:30:00Z,routine,established_contact,false,false,false
med-synth-v1,d001417,fam_m019345,validation,validation_product_like,2025-05-21T09:00:00Z,S05,internal_project,false,false,false
med-synth-v1,d001418,fam_m019351,validation,validation_product_like,2025-05-21T09:03:00Z,S05,internal_project,false,false,false
med-synth-v1,d001419,fam_m019357,validation,validation_product_like,2025-05-21T09:06:00Z,S05,internal_project,false,false,false
med-synth-v1,d001420,fam_m019407,validation,validation_product_like,2025-05-21T09:21:00Z,routine,established_contact,false,false,false
med-synth-v1,d001421,fam_m019433,validation,validation_product_like,2025-05-21T09:50:00Z,routine,established_contact,false,false,false
med-synth-v1,d001422,fam_m019457,validation,validation_product_like,2025-05-21T10:51:00Z,routine,established_contact,false,false,false
med-synth-v1,d001423,fam_m019479,validation,validation_product_like,2025-05-21T11:10:00Z,routine,established_contact,false,false,false
med-synth-v1,d001424,fam_m019517,validation,validation_product_like,2025-05-21T11:51:00Z,S05,external_purchase,false,false,false
med-synth-v1,d001425,fam_m019539,validation,validation_product_like,2025-05-21T12:10:00Z,S05,external_purchase,false,false,false
med-synth-v1,d001426,fam_m019561,validation,validation_product_like,2025-05-21T13:30:00Z,routine,established_contact,false,false,false
med-synth-v1,d001427,fam_m019361,validation,validation_product_like,2025-05-22T09:00:00Z,S05,internal_project,false,false,false
med-synth-v1,d001428,fam_m019367,validation,validation_product_like,2025-05-22T09:03:00Z,S05,internal_project,false,false,false
med-synth-v1,d001429,fam_m019373,validation,validation_product_like,2025-05-22T09:06:00Z,S05,internal_project,false,false,false
med-synth-v1,d001430,fam_m019399,validation,validation_product_like,2025-05-22T09:11:00Z,routine,established_contact,false,false,false
med-synth-v1,d001431,fam_m019443,validation,validation_product_like,2025-05-22T10:20:00Z,routine,established_contact,false,false,false
med-synth-v1,d001432,fam_m019493,validation,validation_product_like,2025-05-22T11:21:00Z,routine,established_contact,false,false,false
med-synth-v1,d001433,fam_m019507,validation,validation_product_like,2025-05-22T11:40:00Z,routine,established_contact,false,false,false
med-synth-v1,d001434,fam_m019563,validation,validation_product_like,2025-05-22T13:40:00Z,routine,established_contact,false,false,false
med-synth-v1,d001435,fam_m019377,validation,validation_product_like,2025-05-23T09:00:00Z,S05,internal_project,false,false,false
med-synth-v1,d001436,fam_m019383,validation,validation_product_like,2025-05-23T09:03:00Z,S05,internal_project,false,false,false
med-synth-v1,d001437,fam_m019389,validation,validation_product_like,2025-05-23T09:06:00Z,S05,internal_project,false,false,false
med-synth-v1,d001438,fam_m019411,validation,validation_product_like,2025-05-23T09:21:00Z,routine,established_contact,false,false,false
med-synth-v1,d001439,fam_m019439,validation,validation_product_like,2025-05-23T10:00:00Z,routine,established_contact,false,false,false
med-synth-v1,d001440,fam_m019459,validation,validation_product_like,2025-05-23T10:50:00Z,routine,established_contact,false,false,false
med-synth-v1,d001441,fam_m019473,validation,validation_product_like,2025-05-23T11:01:00Z,routine,established_contact,false,false,false
med-synth-v1,d001442,fam_m019519,validation,validation_product_like,2025-05-23T11:50:00Z,S05,external_purchase,false,false,false
med-synth-v1,d001443,fam_m019533,validation,validation_product_like,2025-05-23T12:01:00Z,S05,external_purchase,false,false,false
med-synth-v1,d001444,fam_m019555,validation,validation_product_like,2025-05-23T13:00:00Z,routine,established_contact,false,false,false
med-synth-v1,d001445,fam_m019585,validation,validation_product_like,2025-05-26T09:00:00Z,S05,internal_project,false,false,false
med-synth-v1,d001446,fam_m019591,validation,validation_product_like,2025-05-26T09:03:00Z,S05,internal_project,false,false,false
med-synth-v1,d001447,fam_m019597,validation,validation_product_like,2025-05-26T09:06:00Z,S05,internal_project,false,false,false
med-synth-v1,d001448,fam_m019675,validation,validation_product_like,2025-05-26T09:21:00Z,routine,established_contact,false,false,false
med-synth-v1,d001449,fam_m019717,validation,validation_product_like,2025-05-26T10:30:00Z,routine,established_contact,false,false,false
med-synth-v1,d001450,fam_m019737,validation,validation_product_like,2025-05-26T11:01:00Z,routine,established_contact,false,false,false
med-synth-v1,d001451,fam_m019783,validation,validation_product_like,2025-05-26T11:50:00Z,S05,external_purchase,false,false,false
med-synth-v1,d001452,fam_m019797,validation,validation_product_like,2025-05-26T12:01:00Z,S05,external_purchase,false,false,false
med-synth-v1,d001453,fam_m019819,validation,validation_product_like,2025-05-26T12:20:00Z,routine,established_contact,false,false,false
med-synth-v1,d001454,fam_m019849,validation,validation_product_like,2025-05-26T14:50:00Z,routine,established_contact,false,false,false
med-synth-v1,d001455,fam_m019605,validation,validation_product_like,2025-05-27T09:02:00Z,S05,internal_project,false,false,false
med-synth-v1,d001456,fam_m019611,validation,validation_product_like,2025-05-27T09:05:00Z,S05,internal_project,false,false,false
med-synth-v1,d001457,fam_m019665,validation,validation_product_like,2025-05-27T09:10:00Z,routine,established_contact,false,false,false
med-synth-v1,d001458,fam_m019699,validation,validation_product_like,2025-05-27T09:41:00Z,routine,established_contact,false,false,false
med-synth-v1,d001459,fam_m019761,validation,validation_product_like,2025-05-27T11:21:00Z,routine,established_contact,false,false,false
med-synth-v1,d001460,fam_m019775,validation,validation_product_like,2025-05-27T11:40:00Z,routine,established_contact,false,false,false
med-synth-v1,d001461,fam_m019831,validation,validation_product_like,2025-05-27T13:20:00Z,routine,established_contact,false,false,false
med-synth-v1,d001462,fam_m019617,validation,validation_product_like,2025-05-28T09:00:00Z,S05,internal_project,false,false,false
med-synth-v1,d001463,fam_m019623,validation,validation_product_like,2025-05-28T09:03:00Z,S05,internal_project,false,false,false
med-synth-v1,d001464,fam_m019629,validation,validation_product_like,2025-05-28T09:06:00Z,S05,internal_project,false,false,false
med-synth-v1,d001465,fam_m019679,validation,validation_product_like,2025-05-28T09:21:00Z,routine,established_contact,false,false,false
med-synth-v1,d001466,fam_m019705,validation,validation_product_like,2025-05-28T09:50:00Z,routine,established_contact,false,false,false
med-synth-v1,d001467,fam_m019729,validation,validation_product_like,2025-05-28T10:51:00Z,routine,established_contact,false,false,false
med-synth-v1,d001468,fam_m019751,validation,validation_product_like,2025-05-28T11:10:00Z,routine,established_contact,false,false,false
med-synth-v1,d001469,fam_m019789,validation,validation_product_like,2025-05-28T11:51:00Z,S05,external_purchase,false,false,false
med-synth-v1,d001470,fam_m019811,validation,validation_product_like,2025-05-28T12:10:00Z,S05,external_purchase,false,false,false
med-synth-v1,d001471,fam_m019833,validation,validation_product_like,2025-05-28T13:30:00Z,routine,established_contact,false,false,false
med-synth-v1,d001078,fam_m028351,validation,validation_product_like,2025-05-28T21:01:00Z,S09,cold_start_legitimate,false,false,false
med-synth-v1,d001081,fam_m028356,validation,validation_product_like,2025-05-28T21:31:00Z,S09,little_text_legitimate,false,false,false
med-synth-v1,d001472,fam_m019633,validation,validation_product_like,2025-05-29T09:00:00Z,S05,internal_project,false,false,false
med-synth-v1,d001473,fam_m019639,validation,validation_product_like,2025-05-29T09:03:00Z,S05,internal_project,false,false,false
med-synth-v1,d001474,fam_m019645,validation,validation_product_like,2025-05-29T09:06:00Z,S05,internal_project,false,false,false
med-synth-v1,d001013,fam_m019671,validation,validation_diagnostic,2025-05-29T09:11:00Z,S02,added_external,true,false,false
med-synth-v1,d001014,fam_m019671,validation,validation_diagnostic,2025-05-29T09:11:00Z,S02,clean_twin,false,false,false
med-synth-v1,d001475,fam_m019701,validation,validation_product_like,2025-05-29T09:40:00Z,routine,established_contact,false,false,false
med-synth-v1,d001476,fam_m019719,validation,validation_product_like,2025-05-29T10:30:00Z,routine,established_contact,false,false,false
med-synth-v1,d001477,fam_m019771,validation,validation_product_like,2025-05-29T11:30:00Z,routine,established_contact,false,false,false
med-synth-v1,d001478,fam_m019781,validation,validation_product_like,2025-05-29T11:41:00Z,routine,established_contact,false,false,false
med-synth-v1,d001479,fam_m019845,validation,validation_product_like,2025-05-29T14:30:00Z,routine,established_contact,false,false,false
med-synth-v1,d001039,fam_m019649,validation,validation_diagnostic,2025-05-30T09:00:00Z,S08,unintended_bcc,true,false,false
med-synth-v1,d001040,fam_m019649,validation,validation_diagnostic,2025-05-30T09:00:00Z,S08,clean_twin,false,false,false
med-synth-v1,d001085,fam_m019651,validation,validation_product_like,2025-05-30T09:01:00Z,S05,internal_project,false,false,false
med-synth-v1,d001480,fam_m019655,validation,validation_product_like,2025-05-30T09:03:00Z,S05,internal_project,false,false,false
med-synth-v1,d001481,fam_m019661,validation,validation_product_like,2025-05-30T09:06:00Z,S05,internal_project,false,false,false
med-synth-v1,d001022,fam_m019681,validation,validation_diagnostic,2025-05-30T09:20:00Z,S04,familiar_topic_mismatch,true,false,false
med-synth-v1,d001023,fam_m019681,validation,validation_diagnostic,2025-05-30T09:20:00Z,S04,clean_twin,false,false,false
med-synth-v1,d001482,fam_m019695,validation,validation_product_like,2025-05-30T09:31:00Z,routine,established_contact,false,false,false
med-synth-v1,d001483,fam_m019721,validation,validation_product_like,2025-05-30T10:40:00Z,routine,established_contact,false,false,false
med-synth-v1,d001484,fam_m019743,validation,validation_product_like,2025-05-30T11:00:00Z,routine,established_contact,false,false,false
med-synth-v1,d001485,fam_m019757,validation,validation_product_like,2025-05-30T11:11:00Z,routine,established_contact,false,false,false
med-synth-v1,d001090,fam_m019793,validation,validation_product_like,2025-05-30T11:51:00Z,S05,external_purchase,false,false,false
med-synth-v1,d001486,fam_m019805,validation,validation_product_like,2025-05-30T12:01:00Z,S05,external_purchase,false,false,false
med-synth-v1,d001487,fam_m019827,validation,validation_product_like,2025-05-30T13:00:00Z,routine,established_contact,false,false,false
med-synth-v1,d001488,fam_m019857,validation,validation_product_like,2025-06-02T09:00:00Z,S05,internal_project,false,false,false
med-synth-v1,d001489,fam_m019863,validation,validation_product_like,2025-06-02T09:03:00Z,S05,internal_project,false,false,false
med-synth-v1,d001490,fam_m019869,validation,validation_product_like,2025-06-02T09:06:00Z,S05,internal_project,false,false,false
med-synth-v1,d001491,fam_m019947,validation,validation_product_like,2025-06-02T09:21:00Z,routine,established_contact,false,false,false
med-synth-v1,d001492,fam_m019989,validation,validation_product_like,2025-06-02T10:30:00Z,routine,established_contact,false,false,false
med-synth-v1,d001493,fam_m020007,validation,validation_product_like,2025-06-02T11:00:00Z,routine,established_contact,false,false,false
med-synth-v1,d001494,fam_m020021,validation,validation_product_like,2025-06-02T11:11:00Z,routine,established_contact,false,false,false
med-synth-v1,d001495,fam_m020067,validation,validation_product_like,2025-06-02T12:00:00Z,S05,external_purchase,false,false,false
med-synth-v1,d001496,fam_m020081,validation,validation_product_like,2025-06-02T12:11:00Z,S05,external_purchase,false,false,false
med-synth-v1,d001497,fam_m020111,validation,validation_product_like,2025-06-02T14:00:00Z,routine,established_contact,false,false,false
med-synth-v1,d001498,fam_m019875,validation,validation_product_like,2025-06-03T09:01:00Z,S05,internal_project,false,false,false
med-synth-v1,d001499,fam_m019881,validation,validation_product_like,2025-06-03T09:04:00Z,S05,internal_project,false,false,false
med-synth-v1,d001500,fam_m019887,validation,validation_product_like,2025-06-03T09:07:00Z,S05,internal_project,false,false,false
med-synth-v1,d001501,fam_m019969,validation,validation_product_like,2025-06-03T09:40:00Z,routine,established_contact,false,false,false
med-synth-v1,d001502,fam_m020031,validation,validation_product_like,2025-06-03T11:20:00Z,routine,established_contact,false,false,false
med-synth-v1,d001503,fam_m020041,validation,validation_product_like,2025-06-03T11:31:00Z,routine,established_contact,false,false,false
med-synth-v1,d001504,fam_m020093,validation,validation_product_like,2025-06-03T12:30:00Z,routine,established_contact,false,false,false
med-synth-v1,d001505,fam_m020123,validation,validation_product_like,2025-06-03T15:00:00Z,routine,established_contact,false,false,false
med-synth-v1,d001506,fam_m019893,validation,validation_product_like,2025-06-04T09:02:00Z,S05,internal_project,false,false,false
med-synth-v1,d001507,fam_m019899,validation,validation_product_like,2025-06-04T09:05:00Z,S05,internal_project,false,false,false
med-synth-v1,d001508,fam_m019949,validation,validation_product_like,2025-06-04T09:20:00Z,routine,established_contact,false,false,false
med-synth-v1,d001509,fam_m019963,validation,validation_product_like,2025-06-04T09:31:00Z,routine,established_contact,false,false,false
med-synth-v1,d001510,fam_m019999,validation,validation_product_like,2025-06-04T10:50:00Z,routine,established_contact,false,false,false
med-synth-v1,d001511,fam_m020013,validation,validation_product_like,2025-06-04T11:01:00Z,routine,established_contact,false,false,false
med-synth-v1,d001512,fam_m020059,validation,validation_product_like,2025-06-04T11:50:00Z,S05,external_purchase,false,false,false
med-synth-v1,d001513,fam_m020073,validation,validation_product_like,2025-06-04T12:01:00Z,S05,external_purchase,false,false,false
med-synth-v1,d001514,fam_m020095,validation,validation_product_like,2025-06-04T12:40:00Z,routine,established_contact,false,false,false
med-synth-v1,d001515,fam_m019905,validation,validation_product_like,2025-06-05T09:00:00Z,S05,internal_project,false,false,false
med-synth-v1,d001516,fam_m019911,validation,validation_product_like,2025-06-05T09:03:00Z,S05,internal_project,false,false,false
med-synth-v1,d001517,fam_m019917,validation,validation_product_like,2025-06-05T09:06:00Z,S05,internal_project,false,false,false
med-synth-v1,d001518,fam_m019943,validation,validation_product_like,2025-06-05T09:11:00Z,routine,established_contact,false,false,false
med-synth-v1,d001519,fam_m019987,validation,validation_product_like,2025-06-05T10:20:00Z,routine,established_contact,false,false,false
med-synth-v1,d001520,fam_m020037,validation,validation_product_like,2025-06-05T11:21:00Z,routine,established_contact,false,false,false
med-synth-v1,d001521,fam_m020051,validation,validation_product_like,2025-06-05T11:40:00Z,routine,established_contact,false,false,false
med-synth-v1,d001522,fam_m020107,validation,validation_product_like,2025-06-05T13:40:00Z,routine,established_contact,false,false,false
med-synth-v1,d001523,fam_m019921,validation,validation_product_like,2025-06-06T09:00:00Z,S05,internal_project,false,false,false
med-synth-v1,d001524,fam_m019927,validation,validation_product_like,2025-06-06T09:03:00Z,S05,internal_project,false,false,false
med-synth-v1,d001525,fam_m019933,validation,validation_product_like,2025-06-06T09:06:00Z,S05,internal_project,false,false,false
med-synth-v1,d001526,fam_m019955,validation,validation_product_like,2025-06-06T09:21:00Z,routine,established_contact,false,false,false
med-synth-v1,d001527,fam_m019983,validation,validation_product_like,2025-06-06T10:00:00Z,routine,established_contact,false,false,false
med-synth-v1,d001528,fam_m020003,validation,validation_product_like,2025-06-06T10:50:00Z,routine,established_contact,false,false,false
med-synth-v1,d001529,fam_m020017,validation,validation_product_like,2025-06-06T11:01:00Z,routine,established_contact,false,false,false
med-synth-v1,d001530,fam_m020063,validation,validation_product_like,2025-06-06T11:50:00Z,S05,external_purchase,false,false,false
med-synth-v1,d001531,fam_m020077,validation,validation_product_like,2025-06-06T12:01:00Z,S05,external_purchase,false,false,false
med-synth-v1,d001532,fam_m020099,validation,validation_product_like,2025-06-06T13:00:00Z,routine,established_contact,false,false,false
med-synth-v1,d001533,fam_m020129,validation,validation_product_like,2025-06-09T09:00:00Z,S05,internal_project,false,false,false
med-synth-v1,d001534,fam_m020135,validation,validation_product_like,2025-06-09T09:03:00Z,S05,internal_project,false,false,false
med-synth-v1,d001535,fam_m020141,validation,validation_product_like,2025-06-09T09:06:00Z,S05,internal_project,false,false,false
med-synth-v1,d001536,fam_m020219,validation,validation_product_like,2025-06-09T09:21:00Z,routine,established_contact,false,false,false
med-synth-v1,d001537,fam_m020261,validation,validation_product_like,2025-06-09T10:30:00Z,routine,established_contact,false,false,false
med-synth-v1,d001538,fam_m020279,validation,validation_product_like,2025-06-09T11:00:00Z,routine,established_contact,false,false,false
med-synth-v1,d001539,fam_m020293,validation,validation_product_like,2025-06-09T11:11:00Z,routine,established_contact,false,false,false
med-synth-v1,d001540,fam_m020339,validation,validation_product_like,2025-06-09T12:00:00Z,S05,external_purchase,false,false,false
med-synth-v1,d001541,fam_m020353,validation,validation_product_like,2025-06-09T12:11:00Z,S05,external_purchase,false,false,false
med-synth-v1,d001542,fam_m020383,validation,validation_product_like,2025-06-09T14:00:00Z,routine,established_contact,false,false,false
med-synth-v1,d001543,fam_m020147,validation,validation_product_like,2025-06-10T09:01:00Z,S05,internal_project,false,false,false
med-synth-v1,d001041,fam_m020149,validation,validation_diagnostic,2025-06-10T09:02:00Z,S08,unintended_bcc,true,false,false
med-synth-v1,d001042,fam_m020149,validation,validation_diagnostic,2025-06-10T09:02:00Z,S08,clean_twin,false,false,false
med-synth-v1,d001544,fam_m020155,validation,validation_product_like,2025-06-10T09:05:00Z,S05,internal_project,false,false,false
med-synth-v1,d001545,fam_m020209,validation,validation_product_like,2025-06-10T09:10:00Z,routine,established_contact,false,false,false
med-synth-v1,d001546,fam_m020243,validation,validation_product_like,2025-06-10T09:41:00Z,routine,established_contact,false,false,false
med-synth-v1,d001547,fam_m020311,validation,validation_product_like,2025-06-10T11:30:00Z,routine,established_contact,false,false,false
med-synth-v1,d001548,fam_m020321,validation,validation_product_like,2025-06-10T11:41:00Z,routine,established_contact,false,false,false
med-synth-v1,d001549,fam_m020385,validation,validation_product_like,2025-06-10T14:10:00Z,routine,established_contact,false,false,false
med-synth-v1,d001550,fam_m020163,validation,validation_product_like,2025-06-11T09:01:00Z,S05,internal_project,false,false,false
med-synth-v1,d001551,fam_m020169,validation,validation_product_like,2025-06-11T09:04:00Z,S05,internal_project,false,false,false
med-synth-v1,d001552,fam_m020175,validation,validation_product_like,2025-06-11T09:07:00Z,S05,internal_project,false,false,false
med-synth-v1,d001553,fam_m020233,validation,validation_product_like,2025-06-11T09:30:00Z,routine,established_contact,false,false,false
med-synth-v1,d001554,fam_m020251,validation,validation_product_like,2025-06-11T09:51:00Z,routine,established_contact,false,false,false
med-synth-v1,d001555,fam_m020283,validation,validation_product_like,2025-06-11T11:00:00Z,routine,established_contact,false,false,false
med-synth-v1,d001556,fam_m020297,validation,validation_product_like,2025-06-11T11:11:00Z,routine,established_contact,false,false,false
med-synth-v1,d001557,fam_m020343,validation,validation_product_like,2025-06-11T12:00:00Z,S05,external_purchase,false,false,false
med-synth-v1,d001558,fam_m020357,validation,validation_product_like,2025-06-11T12:11:00Z,S05,external_purchase,false,false,false
med-synth-v1,d001559,fam_m020387,validation,validation_product_like,2025-06-11T14:20:00Z,routine,established_contact,false,false,false
med-synth-v1,d001560,fam_m020179,validation,validation_product_like,2025-06-12T09:01:00Z,S05,internal_project,false,false,false
med-synth-v1,d001561,fam_m020185,validation,validation_product_like,2025-06-12T09:04:00Z,S05,internal_project,false,false,false
med-synth-v1,d001562,fam_m020191,validation,validation_product_like,2025-06-12T09:07:00Z,S05,internal_project,false,false,false
med-synth-v1,d001563,fam_m020245,validation,validation_product_like,2025-06-12T09:40:00Z,routine,established_contact,false,false,false
med-synth-v1,d001564,fam_m020263,validation,validation_product_like,2025-06-12T10:30:00Z,routine,established_contact,false,false,false
med-synth-v1,d001565,fam_m020315,validation,validation_product_like,2025-06-12T11:30:00Z,routine,established_contact,false,false,false
med-synth-v1,d001566,fam_m020325,validation,validation_product_like,2025-06-12T11:41:00Z,routine,established_contact,false,false,false
med-synth-v1,d001567,fam_m020389,validation,validation_product_like,2025-06-12T14:30:00Z,routine,established_contact,false,false,false
med-synth-v1,d001568,fam_m020195,validation,validation_product_like,2025-06-13T09:01:00Z,S05,internal_project,false,false,false
med-synth-v1,d001569,fam_m020201,validation,validation_product_like,2025-06-13T09:04:00Z,S05,internal_project,false,false,false
med-synth-v1,d001570,fam_m020207,validation,validation_product_like,2025-06-13T09:07:00Z,S05,internal_project,false,false,false
med-synth-v1,d001571,fam_m020237,validation,validation_product_like,2025-06-13T09:30:00Z,routine,established_contact,false,false,false
med-synth-v1,d001572,fam_m020257,validation,validation_product_like,2025-06-13T10:10:00Z,routine,established_contact,false,false,false
med-synth-v1,d001573,fam_m020277,validation,validation_product_like,2025-06-13T10:51:00Z,routine,established_contact,false,false,false
med-synth-v1,d001574,fam_m020299,validation,validation_product_like,2025-06-13T11:10:00Z,routine,established_contact,false,false,false
med-synth-v1,d001575,fam_m020337,validation,validation_product_like,2025-06-13T11:51:00Z,S05,external_purchase,false,false,false
med-synth-v1,d001576,fam_m020359,validation,validation_product_like,2025-06-13T12:10:00Z,S05,external_purchase,false,false,false
med-synth-v1,d001577,fam_m020381,validation,validation_product_like,2025-06-13T13:50:00Z,routine,established_contact,false,false,false
med-synth-v1,d001578,fam_m020403,validation,validation_product_like,2025-06-16T09:01:00Z,S05,internal_project,false,false,false
med-synth-v1,d001579,fam_m020411,validation,validation_product_like,2025-06-16T09:05:00Z,S05,internal_project,false,false,false
med-synth-v1,d001580,fam_m020489,validation,validation_product_like,2025-06-16T09:20:00Z,routine,established_contact,false,false,false
med-synth-v1,d001581,fam_m020503,validation,validation_product_like,2025-06-16T09:31:00Z,routine,established_contact,false,false,false
med-synth-v1,d001006,fam_m020539,validation,validation_diagnostic,2025-06-16T10:50:00Z,S01,lookalike_replacement,true,false,false
med-synth-v1,d001007,fam_m020539,validation,validation_diagnostic,2025-06-16T10:50:00Z,S01,clean_twin,false,false,false
med-synth-v1,d001061,fam_m020541,validation,validation_diagnostic,2025-06-16T10:51:00Z,S09,little_text_unintended,true,false,false
med-synth-v1,d001062,fam_m020541,validation,validation_diagnostic,2025-06-16T10:51:00Z,S09,clean_twin,false,false,false
med-synth-v1,d001008,fam_m020551,validation,validation_diagnostic,2025-06-16T11:00:00Z,S01,lookalike_replacement,true,false,false
med-synth-v1,d001009,fam_m020551,validation,validation_diagnostic,2025-06-16T11:00:00Z,S01,clean_twin,false,false,false
med-synth-v1,d001582,fam_m020563,validation,validation_product_like,2025-06-16T11:10:00Z,routine,established_contact,false,false,false
med-synth-v1,d001583,fam_m020601,validation,validation_product_like,2025-06-16T11:51:00Z,S05,external_purchase,false,false,false
med-synth-v1,d001584,fam_m020623,validation,validation_product_like,2025-06-16T12:10:00Z,S05,external_purchase,false,false,false
med-synth-v1,d001585,fam_m020645,validation,validation_product_like,2025-06-16T13:10:00Z,routine,established_contact,false,false,false
med-synth-v1,d001586,fam_m020417,validation,validation_product_like,2025-06-17T09:00:00Z,S05,internal_project,false,false,false
med-synth-v1,d001587,fam_m020423,validation,validation_product_like,2025-06-17T09:03:00Z,S05,internal_project,false,false,false
med-synth-v1,d001588,fam_m020429,validation,validation_product_like,2025-06-17T09:06:00Z,S05,internal_project,false,false,false
med-synth-v1,d001589,fam_m020483,validation,validation_product_like,2025-06-17T09:11:00Z,routine,established_contact,false,false,false
med-synth-v1,d001590,fam_m020525,validation,validation_product_like,2025-06-17T10:00:00Z,routine,established_contact,false,false,false
med-synth-v1,d001591,fam_m020583,validation,validation_product_like,2025-06-17T11:30:00Z,routine,established_contact,false,false,false
med-synth-v1,d001592,fam_m020593,validation,validation_product_like,2025-06-17T11:41:00Z,routine,established_contact,false,false,false
med-synth-v1,d001593,fam_m020657,validation,validation_product_like,2025-06-17T14:10:00Z,routine,established_contact,false,false,false
med-synth-v1,d001594,fam_m020435,validation,validation_product_like,2025-06-18T09:01:00Z,S05,internal_project,false,false,false
med-synth-v1,d001595,fam_m020441,validation,validation_product_like,2025-06-18T09:04:00Z,S05,internal_project,false,false,false
med-synth-v1,d001596,fam_m020447,validation,validation_product_like,2025-06-18T09:07:00Z,S05,internal_project,false,false,false
med-synth-v1,d001597,fam_m020505,validation,validation_product_like,2025-06-18T09:30:00Z,routine,established_contact,false,false,false
med-synth-v1,d001598,fam_m020523,validation,validation_product_like,2025-06-18T09:51:00Z,routine,established_contact,false,false,false
med-synth-v1,d001599,fam_m020555,validation,validation_product_like,2025-06-18T11:00:00Z,routine,established_contact,false,false,false
med-synth-v1,d001600,fam_m020569,validation,validation_product_like,2025-06-18T11:11:00Z,routine,established_contact,false,false,false
med-synth-v1,d001601,fam_m020615,validation,validation_product_like,2025-06-18T12:00:00Z,S05,external_purchase,false,false,false
med-synth-v1,d001602,fam_m020629,validation,validation_product_like,2025-06-18T12:11:00Z,S05,external_purchase,false,false,false
med-synth-v1,d001603,fam_m020659,validation,validation_product_like,2025-06-18T14:20:00Z,routine,established_contact,false,false,false
med-synth-v1,d001067,fam_m028329,validation,validation_product_like,2025-06-18T18:02:00Z,S03,legitimate_first_contact,false,false,false
med-synth-v1,d001071,fam_m028337,validation,validation_product_like,2025-06-18T19:02:00Z,S06,legitimate_new_domain,false,false,false
med-synth-v1,d001075,fam_m028345,validation,validation_product_like,2025-06-18T20:02:00Z,S07,legitimate_topic_change,false,false,false
med-synth-v1,d001604,fam_m020451,validation,validation_product_like,2025-06-19T09:01:00Z,S05,internal_project,false,false,false
med-synth-v1,d001605,fam_m020457,validation,validation_product_like,2025-06-19T09:04:00Z,S05,internal_project,false,false,false
med-synth-v1,d001043,fam_m020459,validation,validation_diagnostic,2025-06-19T09:05:00Z,S08,unintended_bcc,true,false,false
med-synth-v1,d001044,fam_m020459,validation,validation_diagnostic,2025-06-19T09:05:00Z,S08,clean_twin,false,false,false
med-synth-v1,d001606,fam_m020485,validation,validation_product_like,2025-06-19T09:10:00Z,routine,established_contact,false,false,false
med-synth-v1,d001607,fam_m020519,validation,validation_product_like,2025-06-19T09:41:00Z,routine,established_contact,false,false,false
med-synth-v1,d001608,fam_m020579,validation,validation_product_like,2025-06-19T11:20:00Z,routine,established_contact,false,false,false
med-synth-v1,d001609,fam_m020589,validation,validation_product_like,2025-06-19T11:31:00Z,routine,established_contact,false,false,false
med-synth-v1,d001610,fam_m020641,validation,validation_product_like,2025-06-19T12:50:00Z,routine,established_contact,false,false,false
med-synth-v1,d001611,fam_m020671,validation,validation_product_like,2025-06-19T15:20:00Z,routine,established_contact,false,false,false
med-synth-v1,d001612,fam_m020471,validation,validation_product_like,2025-06-20T09:03:00Z,S05,internal_project,false,false,false
med-synth-v1,d001613,fam_m020477,validation,validation_product_like,2025-06-20T09:06:00Z,S05,internal_project,false,false,false
med-synth-v1,d001614,fam_m020499,validation,validation_product_like,2025-06-20T09:21:00Z,routine,established_contact,false,false,false
med-synth-v1,d001615,fam_m020527,validation,validation_product_like,2025-06-20T10:00:00Z,routine,established_contact,false,false,false
med-synth-v1,d001616,fam_m020547,validation,validation_product_like,2025-06-20T10:50:00Z,routine,established_contact,false,false,false
med-synth-v1,d001617,fam_m020561,validation,validation_product_like,2025-06-20T11:01:00Z,routine,established_contact,false,false,false
med-synth-v1,d001618,fam_m020607,validation,validation_product_like,2025-06-20T11:50:00Z,S05,external_purchase,false,false,false
med-synth-v1,d001619,fam_m020621,validation,validation_product_like,2025-06-20T12:01:00Z,S05,external_purchase,false,false,false
med-synth-v1,d001620,fam_m020643,validation,validation_product_like,2025-06-20T13:00:00Z,routine,established_contact,false,false,false
med-synth-v1,d001621,fam_m020673,validation,validation_product_like,2025-06-23T09:00:00Z,S05,internal_project,false,false,false
med-synth-v1,d001622,fam_m020679,validation,validation_product_like,2025-06-23T09:03:00Z,S05,internal_project,false,false,false
med-synth-v1,d001623,fam_m020685,validation,validation_product_like,2025-06-23T09:06:00Z,S05,internal_project,false,false,false
med-synth-v1,d001624,fam_m020763,validation,validation_product_like,2025-06-23T09:21:00Z,routine,established_contact,false,false,false
med-synth-v1,d001625,fam_m020805,validation,validation_product_like,2025-06-23T10:30:00Z,routine,established_contact,false,false,false
med-synth-v1,d001626,fam_m020823,validation,validation_product_like,2025-06-23T11:00:00Z,routine,established_contact,false,false,false
med-synth-v1,d001627,fam_m020837,validation,validation_product_like,2025-06-23T11:11:00Z,routine,established_contact,false,false,false
med-synth-v1,d001628,fam_m020883,validation,validation_product_like,2025-06-23T12:00:00Z,S05,external_purchase,false,false,false
med-synth-v1,d001629,fam_m020897,validation,validation_product_like,2025-06-23T12:11:00Z,S05,external_purchase,false,false,false
med-synth-v1,d001630,fam_m020927,validation,validation_product_like,2025-06-23T14:00:00Z,routine,established_contact,false,false,false
med-synth-v1,d001631,fam_m020691,validation,validation_product_like,2025-06-24T09:01:00Z,S05,internal_project,false,false,false
med-synth-v1,d001632,fam_m020697,validation,validation_product_like,2025-06-24T09:04:00Z,S05,internal_project,false,false,false
med-synth-v1,d001633,fam_m020703,validation,validation_product_like,2025-06-24T09:07:00Z,S05,internal_project,false,false,false
med-synth-v1,d001634,fam_m020785,validation,validation_product_like,2025-06-24T09:40:00Z,routine,established_contact,false,false,false
med-synth-v1,d001635,fam_m020847,validation,validation_product_like,2025-06-24T11:20:00Z,routine,established_contact,false,false,false
med-synth-v1,d001636,fam_m020857,validation,validation_product_like,2025-06-24T11:31:00Z,routine,established_contact,false,false,false
med-synth-v1,d001637,fam_m020909,validation,validation_product_like,2025-06-24T12:30:00Z,routine,established_contact,false,false,false
med-synth-v1,d001638,fam_m020939,validation,validation_product_like,2025-06-24T15:00:00Z,routine,established_contact,false,false,false
med-synth-v1,d001639,fam_m020709,validation,validation_product_like,2025-06-25T09:02:00Z,S05,internal_project,false,false,false
med-synth-v1,d001640,fam_m020715,validation,validation_product_like,2025-06-25T09:05:00Z,S05,internal_project,false,false,false
med-synth-v1,d001641,fam_m020765,validation,validation_product_like,2025-06-25T09:20:00Z,routine,established_contact,false,false,false
med-synth-v1,d001642,fam_m020779,validation,validation_product_like,2025-06-25T09:31:00Z,routine,established_contact,false,false,false
med-synth-v1,d001643,fam_m020815,validation,validation_product_like,2025-06-25T10:50:00Z,routine,established_contact,false,false,false
med-synth-v1,d001644,fam_m020839,validation,validation_product_like,2025-06-25T11:10:00Z,routine,established_contact,false,false,false
med-synth-v1,d001645,fam_m020877,validation,validation_product_like,2025-06-25T11:51:00Z,S05,external_purchase,false,false,false
med-synth-v1,d001646,fam_m020899,validation,validation_product_like,2025-06-25T12:10:00Z,S05,external_purchase,false,false,false
med-synth-v1,d001647,fam_m020921,validation,validation_product_like,2025-06-25T13:30:00Z,routine,established_contact,false,false,false
med-synth-v1,d001648,fam_m020721,validation,validation_product_like,2025-06-26T09:00:00Z,S05,internal_project,false,false,false
med-synth-v1,d001649,fam_m020727,validation,validation_product_like,2025-06-26T09:03:00Z,S05,internal_project,false,false,false
med-synth-v1,d001650,fam_m020733,validation,validation_product_like,2025-06-26T09:06:00Z,S05,internal_project,false,false,false
med-synth-v1,d001651,fam_m020759,validation,validation_product_like,2025-06-26T09:11:00Z,routine,established_contact,false,false,false
med-synth-v1,d001652,fam_m020803,validation,validation_product_like,2025-06-26T10:20:00Z,routine,established_contact,false,false,false
med-synth-v1,d001653,fam_m020853,validation,validation_product_like,2025-06-26T11:21:00Z,routine,established_contact,false,false,false
med-synth-v1,d001654,fam_m020867,validation,validation_product_like,2025-06-26T11:40:00Z,routine,established_contact,false,false,false
med-synth-v1,d001655,fam_m020923,validation,validation_product_like,2025-06-26T13:40:00Z,routine,established_contact,false,false,false
med-synth-v1,d001656,fam_m020737,validation,validation_product_like,2025-06-27T09:00:00Z,S05,internal_project,false,false,false
med-synth-v1,d001657,fam_m020743,validation,validation_product_like,2025-06-27T09:03:00Z,S05,internal_project,false,false,false
med-synth-v1,d001658,fam_m020749,validation,validation_product_like,2025-06-27T09:06:00Z,S05,internal_project,false,false,false
med-synth-v1,d001659,fam_m020771,validation,validation_product_like,2025-06-27T09:21:00Z,routine,established_contact,false,false,false
med-synth-v1,d001660,fam_m020799,validation,validation_product_like,2025-06-27T10:00:00Z,routine,established_contact,false,false,false
med-synth-v1,d001661,fam_m020819,validation,validation_product_like,2025-06-27T10:50:00Z,routine,established_contact,false,false,false
med-synth-v1,d001662,fam_m020833,validation,validation_product_like,2025-06-27T11:01:00Z,routine,established_contact,false,false,false
med-synth-v1,d001663,fam_m020879,validation,validation_product_like,2025-06-27T11:50:00Z,S05,external_purchase,false,false,false
med-synth-v1,d001664,fam_m020893,validation,validation_product_like,2025-06-27T12:01:00Z,S05,external_purchase,false,false,false
med-synth-v1,d001665,fam_m020915,validation,validation_product_like,2025-06-27T13:00:00Z,routine,established_contact,false,false,false
med-synth-v1,d001666,fam_m020945,validation,validation_product_like,2025-06-30T09:00:00Z,S05,internal_project,false,false,false
med-synth-v1,d001667,fam_m020951,validation,validation_product_like,2025-06-30T09:03:00Z,S05,internal_project,false,false,false
med-synth-v1,d001668,fam_m020957,validation,validation_product_like,2025-06-30T09:06:00Z,S05,internal_project,false,false,false
med-synth-v1,d001024,fam_m021035,validation,validation_diagnostic,2025-06-30T09:21:00Z,S04,familiar_topic_mismatch,true,false,false
med-synth-v1,d001025,fam_m021035,validation,validation_diagnostic,2025-06-30T09:21:00Z,S04,clean_twin,false,false,false
med-synth-v1,d001669,fam_m021045,validation,validation_product_like,2025-06-30T09:30:00Z,routine,established_contact,false,false,false
med-synth-v1,d001670,fam_m021083,validation,validation_product_like,2025-06-30T10:50:00Z,routine,established_contact,false,false,false
med-synth-v1,d001671,fam_m021097,validation,validation_product_like,2025-06-30T11:01:00Z,routine,established_contact,false,false,false
med-synth-v1,d001672,fam_m021143,validation,validation_product_like,2025-06-30T11:50:00Z,S05,external_purchase,false,false,false
med-synth-v1,d001091,fam_m021145,validation,validation_product_like,2025-06-30T11:51:00Z,S05,external_purchase,false,false,false
med-synth-v1,d001673,fam_m021167,validation,validation_product_like,2025-06-30T12:10:00Z,S05,external_purchase,false,false,false
med-synth-v1,d001674,fam_m021189,validation,validation_product_like,2025-06-30T13:10:00Z,routine,established_contact,false,false,false
med-synth-v1,d001045,fam_m020961,validation,validation_product_like,2025-07-01T09:00:00Z,S08,two_unintended,true,false,false
med-synth-v1,d001086,fam_m020963,validation,validation_product_like,2025-07-01T09:01:00Z,S05,internal_project,false,false,false
med-synth-v1,d001675,fam_m020965,validation,validation_product_like,2025-07-01T09:02:00Z,S05,internal_project,false,false,false
med-synth-v1,d001676,fam_m020971,validation,validation_product_like,2025-07-01T09:05:00Z,S05,internal_project,false,false,false
med-synth-v1,d001015,fam_m021025,validation,validation_diagnostic,2025-07-01T09:10:00Z,S02,added_external,true,false,false
med-synth-v1,d001016,fam_m021025,validation,validation_diagnostic,2025-07-01T09:10:00Z,S02,clean_twin,false,false,false
med-synth-v1,d001677,fam_m021057,validation,validation_product_like,2025-07-01T09:40:00Z,routine,established_contact,false,false,false
med-synth-v1,d001678,fam_m021119,validation,validation_product_like,2025-07-01T11:20:00Z,routine,established_contact,false,false,false
med-synth-v1,d001679,fam_m021129,validation,validation_product_like,2025-07-01T11:31:00Z,routine,established_contact,false,false,false
med-synth-v1,d001680,fam_m021181,validation,validation_product_like,2025-07-01T12:30:00Z,routine,established_contact,false,false,false
med-synth-v1,d001681,fam_m021211,validation,validation_product_like,2025-07-01T15:00:00Z,routine,established_contact,false,false,false
med-synth-v1,d001682,fam_m020981,validation,validation_product_like,2025-07-02T09:02:00Z,S05,internal_project,false,false,false
med-synth-v1,d001683,fam_m020987,validation,validation_product_like,2025-07-02T09:05:00Z,S05,internal_project,false,false,false
med-synth-v1,d001684,fam_m021037,validation,validation_product_like,2025-07-02T09:20:00Z,routine,established_contact,false,false,false
med-synth-v1,d001685,fam_m021051,validation,validation_product_like,2025-07-02T09:31:00Z,routine,established_contact,false,false,false
med-synth-v1,d001686,fam_m021087,validation,validation_product_like,2025-07-02T10:50:00Z,routine,established_contact,false,false,false
med-synth-v1,d001687,fam_m021101,validation,validation_product_like,2025-07-02T11:01:00Z,routine,established_contact,false,false,false
med-synth-v1,d001688,fam_m021147,validation,validation_product_like,2025-07-02T11:50:00Z,S05,external_purchase,false,false,false
med-synth-v1,d001689,fam_m021161,validation,validation_product_like,2025-07-02T12:01:00Z,S05,external_purchase,false,false,false
med-synth-v1,d001690,fam_m021183,validation,validation_product_like,2025-07-02T12:40:00Z,routine,established_contact,false,false,false
med-synth-v1,d001691,fam_m021213,validation,validation_product_like,2025-07-02T15:10:00Z,routine,established_contact,false,false,false
med-synth-v1,d001692,fam_m020997,validation,validation_product_like,2025-07-03T09:02:00Z,S05,internal_project,false,false,false
med-synth-v1,d001693,fam_m021003,validation,validation_product_like,2025-07-03T09:05:00Z,S05,internal_project,false,false,false
med-synth-v1,d001694,fam_m021029,validation,validation_product_like,2025-07-03T09:10:00Z,routine,established_contact,false,false,false
med-synth-v1,d001695,fam_m021063,validation,validation_product_like,2025-07-03T09:41:00Z,routine,established_contact,false,false,false
med-synth-v1,d001696,fam_m021123,validation,validation_product_like,2025-07-03T11:20:00Z,routine,established_contact,false,false,false
med-synth-v1,d001697,fam_m021133,validation,validation_product_like,2025-07-03T11:31:00Z,routine,established_contact,false,false,false
med-synth-v1,d001698,fam_m021185,validation,validation_product_like,2025-07-03T12:50:00Z,routine,established_contact,false,false,false
med-synth-v1,d001699,fam_m021215,validation,validation_product_like,2025-07-03T15:20:00Z,routine,established_contact,false,false,false
med-synth-v1,d001700,fam_m021013,validation,validation_product_like,2025-07-04T09:02:00Z,S05,internal_project,false,false,false
med-synth-v1,d001701,fam_m021019,validation,validation_product_like,2025-07-04T09:05:00Z,S05,internal_project,false,false,false
med-synth-v1,d001702,fam_m021041,validation,validation_product_like,2025-07-04T09:20:00Z,routine,established_contact,false,false,false
med-synth-v1,d001703,fam_m021055,validation,validation_product_like,2025-07-04T09:31:00Z,routine,established_contact,false,false,false
med-synth-v1,d001704,fam_m021081,validation,validation_product_like,2025-07-04T10:40:00Z,routine,established_contact,false,false,false
med-synth-v1,d001705,fam_m021103,validation,validation_product_like,2025-07-04T11:00:00Z,routine,established_contact,false,false,false
med-synth-v1,d001706,fam_m021117,validation,validation_product_like,2025-07-04T11:11:00Z,routine,established_contact,false,false,false
med-synth-v1,d001707,fam_m021163,validation,validation_product_like,2025-07-04T12:00:00Z,S05,external_purchase,false,false,false
med-synth-v1,d001708,fam_m021177,validation,validation_product_like,2025-07-04T12:11:00Z,S05,external_purchase,false,false,false
med-synth-v1,d001709,fam_m021217,validation,validation_product_like,2025-07-07T09:00:00Z,S05,internal_project,false,false,false
med-synth-v1,d001710,fam_m021223,validation,validation_product_like,2025-07-07T09:03:00Z,S05,internal_project,false,false,false
med-synth-v1,d001711,fam_m021229,validation,validation_product_like,2025-07-07T09:06:00Z,S05,internal_project,false,false,false
med-synth-v1,d001712,fam_m021307,validation,validation_product_like,2025-07-07T09:21:00Z,routine,established_contact,false,false,false
med-synth-v1,d001713,fam_m021349,validation,validation_product_like,2025-07-07T10:30:00Z,routine,established_contact,false,false,false
med-synth-v1,d001714,fam_m021367,validation,validation_product_like,2025-07-07T11:00:00Z,routine,established_contact,false,false,false
med-synth-v1,d001715,fam_m021381,validation,validation_product_like,2025-07-07T11:11:00Z,routine,established_contact,false,false,false
med-synth-v1,d001716,fam_m021427,validation,validation_product_like,2025-07-07T12:00:00Z,S05,external_purchase,false,false,false
med-synth-v1,d001717,fam_m021441,validation,validation_product_like,2025-07-07T12:11:00Z,S05,external_purchase,false,false,false
med-synth-v1,d001718,fam_m021471,validation,validation_product_like,2025-07-07T14:00:00Z,routine,established_contact,false,false,false
med-synth-v1,d001719,fam_m021235,validation,validation_product_like,2025-07-08T09:01:00Z,S05,internal_project,false,false,false
med-synth-v1,d001720,fam_m021241,validation,validation_product_like,2025-07-08T09:04:00Z,S05,internal_project,false,false,false
med-synth-v1,d001721,fam_m021247,validation,validation_product_like,2025-07-08T09:07:00Z,S05,internal_project,false,false,false
med-synth-v1,d001722,fam_m021329,validation,validation_product_like,2025-07-08T09:40:00Z,routine,established_contact,false,false,false
med-synth-v1,d001723,fam_m021391,validation,validation_product_like,2025-07-08T11:20:00Z,routine,established_contact,false,false,false
med-synth-v1,d001724,fam_m021401,validation,validation_product_like,2025-07-08T11:31:00Z,routine,established_contact,false,false,false
med-synth-v1,d001725,fam_m021453,validation,validation_product_like,2025-07-08T12:30:00Z,routine,established_contact,false,false,false
med-synth-v1,d001726,fam_m021483,validation,validation_product_like,2025-07-08T15:00:00Z,routine,established_contact,false,false,false
med-synth-v1,d001727,fam_m021253,validation,validation_product_like,2025-07-09T09:02:00Z,S05,internal_project,false,false,false
med-synth-v1,d001728,fam_m021259,validation,validation_product_like,2025-07-09T09:05:00Z,S05,internal_project,false,false,false
med-synth-v1,d001729,fam_m021309,validation,validation_product_like,2025-07-09T09:20:00Z,routine,established_contact,false,false,false
med-synth-v1,d001730,fam_m021323,validation,validation_product_like,2025-07-09T09:31:00Z,routine,established_contact,false,false,false
med-synth-v1,d001731,fam_m021359,validation,validation_product_like,2025-07-09T10:50:00Z,routine,established_contact,false,false,false
med-synth-v1,d001732,fam_m021373,validation,validation_product_like,2025-07-09T11:01:00Z,routine,established_contact,false,false,false
med-synth-v1,d001733,fam_m021419,validation,validation_product_like,2025-07-09T11:50:00Z,S05,external_purchase,false,false,false
med-synth-v1,d001734,fam_m021433,validation,validation_product_like,2025-07-09T12:01:00Z,S05,external_purchase,false,false,false
med-synth-v1,d001735,fam_m021455,validation,validation_product_like,2025-07-09T12:40:00Z,routine,established_contact,false,false,false
med-synth-v1,d001736,fam_m021485,validation,validation_product_like,2025-07-09T15:10:00Z,routine,established_contact,false,false,false
med-synth-v1,d001046,fam_m021269,validation,validation_diagnostic,2025-07-10T09:02:00Z,S08,two_unintended,true,false,false
med-synth-v1,d001047,fam_m021269,validation,validation_diagnostic,2025-07-10T09:02:00Z,S08,clean_twin,false,false,false
med-synth-v1,d001737,fam_m021271,validation,validation_product_like,2025-07-10T09:03:00Z,S05,internal_project,false,false,false
med-synth-v1,d001738,fam_m021277,validation,validation_product_like,2025-07-10T09:06:00Z,S05,internal_project,false,false,false
med-synth-v1,d001739,fam_m021303,validation,validation_product_like,2025-07-10T09:11:00Z,routine,established_contact,false,false,false
med-synth-v1,d001740,fam_m021347,validation,validation_product_like,2025-07-10T10:20:00Z,routine,established_contact,false,false,false
med-synth-v1,d001741,fam_m021403,validation,validation_product_like,2025-07-10T11:30:00Z,routine,established_contact,false,false,false
med-synth-v1,d001742,fam_m021413,validation,validation_product_like,2025-07-10T11:41:00Z,routine,established_contact,false,false,false
med-synth-v1,d001743,fam_m021477,validation,validation_product_like,2025-07-10T14:30:00Z,routine,established_contact,false,false,false
med-synth-v1,d001744,fam_m021283,validation,validation_product_like,2025-07-11T09:01:00Z,S05,internal_project,false,false,false
med-synth-v1,d001745,fam_m021289,validation,validation_product_like,2025-07-11T09:04:00Z,S05,internal_project,false,false,false
med-synth-v1,d001746,fam_m021295,validation,validation_product_like,2025-07-11T09:07:00Z,S05,internal_project,false,false,false
med-synth-v1,d001747,fam_m021325,validation,validation_product_like,2025-07-11T09:30:00Z,routine,established_contact,false,false,false
med-synth-v1,d001748,fam_m021345,validation,validation_product_like,2025-07-11T10:10:00Z,routine,established_contact,false,false,false
med-synth-v1,d001749,fam_m021365,validation,validation_product_like,2025-07-11T10:51:00Z,routine,established_contact,false,false,false
med-synth-v1,d001750,fam_m021387,validation,validation_product_like,2025-07-11T11:10:00Z,routine,established_contact,false,false,false
med-synth-v1,d001751,fam_m021425,validation,validation_product_like,2025-07-11T11:51:00Z,S05,external_purchase,false,false,false
med-synth-v1,d001752,fam_m021447,validation,validation_product_like,2025-07-11T12:10:00Z,S05,external_purchase,false,false,false
med-synth-v1,d001753,fam_m021469,validation,validation_product_like,2025-07-11T13:50:00Z,routine,established_contact,false,false,false
med-synth-v1,d001754,fam_m021491,validation,validation_product_like,2025-07-14T09:01:00Z,S05,internal_project,false,false,false
med-synth-v1,d001755,fam_m021497,validation,validation_product_like,2025-07-14T09:04:00Z,S05,internal_project,false,false,false
med-synth-v1,d001756,fam_m021503,validation,validation_product_like,2025-07-14T09:07:00Z,S05,internal_project,false,false,false
med-synth-v1,d001757,fam_m021589,validation,validation_product_like,2025-07-14T09:30:00Z,routine,established_contact,false,false,false
med-synth-v1,d001758,fam_m021627,validation,validation_product_like,2025-07-14T10:50:00Z,routine,established_contact,false,false,false
med-synth-v1,d001759,fam_m021641,validation,validation_product_like,2025-07-14T11:01:00Z,routine,established_contact,false,false,false
med-synth-v1,d001760,fam_m021687,validation,validation_product_like,2025-07-14T11:50:00Z,S05,external_purchase,false,false,false
med-synth-v1,d001761,fam_m021701,validation,validation_product_like,2025-07-14T12:01:00Z,S05,external_purchase,false,false,false
med-synth-v1,d001762,fam_m021723,validation,validation_product_like,2025-07-14T12:20:00Z,routine,established_contact,false,false,false
med-synth-v1,d001763,fam_m021753,validation,validation_product_like,2025-07-14T14:50:00Z,routine,established_contact,false,false,false
med-synth-v1,d001764,fam_m021509,validation,validation_product_like,2025-07-15T09:02:00Z,S05,internal_project,false,false,false
med-synth-v1,d001765,fam_m021515,validation,validation_product_like,2025-07-15T09:05:00Z,S05,internal_project,false,false,false
med-synth-v1,d001766,fam_m021569,validation,validation_product_like,2025-07-15T09:10:00Z,routine,established_contact,false,false,false
med-synth-v1,d001767,fam_m021603,validation,validation_product_like,2025-07-15T09:41:00Z,routine,established_contact,false,false,false
med-synth-v1,d001768,fam_m021665,validation,validation_product_like,2025-07-15T11:21:00Z,routine,established_contact,false,false,false
med-synth-v1,d001769,fam_m021679,validation,validation_product_like,2025-07-15T11:40:00Z,routine,established_contact,false,false,false
med-synth-v1,d001770,fam_m021735,validation,validation_product_like,2025-07-15T13:20:00Z,routine,established_contact,false,false,false
med-synth-v1,d001771,fam_m021521,validation,validation_product_like,2025-07-16T09:00:00Z,S05,internal_project,false,false,false
med-synth-v1,d001772,fam_m021527,validation,validation_product_like,2025-07-16T09:03:00Z,S05,internal_project,false,false,false
med-synth-v1,d001773,fam_m021533,validation,validation_product_like,2025-07-16T09:06:00Z,S05,internal_project,false,false,false
med-synth-v1,d001774,fam_m021593,validation,validation_product_like,2025-07-16T09:30:00Z,routine,established_contact,false,false,false
med-synth-v1,d001775,fam_m021611,validation,validation_product_like,2025-07-16T09:51:00Z,routine,established_contact,false,false,false
med-synth-v1,d001776,fam_m021643,validation,validation_product_like,2025-07-16T11:00:00Z,routine,established_contact,false,false,false
med-synth-v1,d001777,fam_m021657,validation,validation_product_like,2025-07-16T11:11:00Z,routine,established_contact,false,false,false
med-synth-v1,d001778,fam_m021703,validation,validation_product_like,2025-07-16T12:00:00Z,S05,external_purchase,false,false,false
med-synth-v1,d001779,fam_m021717,validation,validation_product_like,2025-07-16T12:11:00Z,S05,external_purchase,false,false,false
med-synth-v1,d001780,fam_m021747,validation,validation_product_like,2025-07-16T14:20:00Z,routine,established_contact,false,false,false
med-synth-v1,d001079,fam_m028353,validation,validation_diagnostic,2025-07-16T21:02:00Z,S09,cold_start_legitimate,false,false,false
med-synth-v1,d001082,fam_m028357,validation,validation_diagnostic,2025-07-16T21:32:00Z,S09,little_text_legitimate,false,false,false
med-synth-v1,d001781,fam_m021539,validation,validation_product_like,2025-07-17T09:01:00Z,S05,internal_project,false,false,false
med-synth-v1,d001782,fam_m021545,validation,validation_product_like,2025-07-17T09:04:00Z,S05,internal_project,false,false,false
med-synth-v1,d001783,fam_m021551,validation,validation_product_like,2025-07-17T09:07:00Z,S05,internal_project,false,false,false
med-synth-v1,d001784,fam_m021605,validation,validation_product_like,2025-07-17T09:40:00Z,routine,established_contact,false,false,false
med-synth-v1,d001785,fam_m021623,validation,validation_product_like,2025-07-17T10:30:00Z,routine,established_contact,false,false,false
med-synth-v1,d001786,fam_m021675,validation,validation_product_like,2025-07-17T11:30:00Z,routine,established_contact,false,false,false
med-synth-v1,d001787,fam_m021685,validation,validation_product_like,2025-07-17T11:41:00Z,routine,established_contact,false,false,false
med-synth-v1,d001788,fam_m021749,validation,validation_product_like,2025-07-17T14:30:00Z,routine,established_contact,false,false,false
med-synth-v1,d001789,fam_m021555,validation,validation_product_like,2025-07-18T09:01:00Z,S05,internal_project,false,false,false
med-synth-v1,d001790,fam_m021561,validation,validation_product_like,2025-07-18T09:04:00Z,S05,internal_project,false,false,false
med-synth-v1,d001791,fam_m021567,validation,validation_product_like,2025-07-18T09:07:00Z,S05,internal_project,false,false,false
med-synth-v1,d001792,fam_m021597,validation,validation_product_like,2025-07-18T09:30:00Z,routine,established_contact,false,false,false
med-synth-v1,d001793,fam_m021617,validation,validation_product_like,2025-07-18T10:10:00Z,routine,established_contact,false,false,false
med-synth-v1,d001794,fam_m021637,validation,validation_product_like,2025-07-18T10:51:00Z,routine,established_contact,false,false,false
med-synth-v1,d001795,fam_m021659,validation,validation_product_like,2025-07-18T11:10:00Z,routine,established_contact,false,false,false
med-synth-v1,d001796,fam_m021697,validation,validation_product_like,2025-07-18T11:51:00Z,S05,external_purchase,false,false,false
med-synth-v1,d001797,fam_m021719,validation,validation_product_like,2025-07-18T12:10:00Z,S05,external_purchase,false,false,false
med-synth-v1,d001798,fam_m021741,validation,validation_product_like,2025-07-18T13:50:00Z,routine,established_contact,false,false,false
med-synth-v1,d001799,fam_m021763,validation,validation_product_like,2025-07-21T09:01:00Z,S05,internal_project,false,false,false
med-synth-v1,d001800,fam_m021769,validation,validation_product_like,2025-07-21T09:04:00Z,S05,internal_project,false,false,false
med-synth-v1,d001048,fam_m021771,validation,validation_diagnostic,2025-07-21T09:05:00Z,S08,two_unintended,true,false,false
med-synth-v1,d001049,fam_m021771,validation,validation_diagnostic,2025-07-21T09:05:00Z,S08,clean_twin,false,false,false
med-synth-v1,d001801,fam_m021849,validation,validation_product_like,2025-07-21T09:20:00Z,routine,established_contact,false,false,false
med-synth-v1,d001802,fam_m021863,validation,validation_product_like,2025-07-21T09:31:00Z,routine,established_contact,false,false,false
med-synth-v1,d001803,fam_m021901,validation,validation_product_like,2025-07-21T10:51:00Z,routine,established_contact,false,false,false
med-synth-v1,d001804,fam_m021923,validation,validation_product_like,2025-07-21T11:10:00Z,routine,established_contact,false,false,false
med-synth-v1,d001805,fam_m021961,validation,validation_product_like,2025-07-21T11:51:00Z,S05,external_purchase,false,false,false
med-synth-v1,d001806,fam_m021985,validation,validation_product_like,2025-07-21T12:11:00Z,S05,external_purchase,false,false,false
med-synth-v1,d001807,fam_m022015,validation,validation_product_like,2025-07-21T14:00:00Z,routine,established_contact,false,false,false
med-synth-v1,d001808,fam_m021779,validation,validation_product_like,2025-07-22T09:01:00Z,S05,internal_project,false,false,false
med-synth-v1,d001809,fam_m021785,validation,validation_product_like,2025-07-22T09:04:00Z,S05,internal_project,false,false,false
med-synth-v1,d001810,fam_m021791,validation,validation_product_like,2025-07-22T09:07:00Z,S05,internal_project,false,false,false
med-synth-v1,d001811,fam_m021873,validation,validation_product_like,2025-07-22T09:40:00Z,routine,established_contact,false,false,false
med-synth-v1,d001812,fam_m021935,validation,validation_product_like,2025-07-22T11:20:00Z,routine,established_contact,false,false,false
med-synth-v1,d001813,fam_m021945,validation,validation_product_like,2025-07-22T11:31:00Z,routine,established_contact,false,false,false
med-synth-v1,d001814,fam_m021997,validation,validation_product_like,2025-07-22T12:30:00Z,routine,established_contact,false,false,false
med-synth-v1,d001815,fam_m022027,validation,validation_product_like,2025-07-22T15:00:00Z,routine,established_contact,false,false,false
med-synth-v1,d001816,fam_m021797,validation,validation_product_like,2025-07-23T09:02:00Z,S05,internal_project,false,false,false
med-synth-v1,d001817,fam_m021803,validation,validation_product_like,2025-07-23T09:05:00Z,S05,internal_project,false,false,false
med-synth-v1,d001818,fam_m021853,validation,validation_product_like,2025-07-23T09:20:00Z,routine,established_contact,false,false,false
med-synth-v1,d001819,fam_m021867,validation,validation_product_like,2025-07-23T09:31:00Z,routine,established_contact,false,false,false
med-synth-v1,d001820,fam_m021903,validation,validation_product_like,2025-07-23T10:50:00Z,routine,established_contact,false,false,false
med-synth-v1,d001821,fam_m021917,validation,validation_product_like,2025-07-23T11:01:00Z,routine,established_contact,false,false,false
med-synth-v1,d001822,fam_m021963,validation,validation_product_like,2025-07-23T11:50:00Z,S05,external_purchase,false,false,false
med-synth-v1,d001823,fam_m021977,validation,validation_product_like,2025-07-23T12:01:00Z,S05,external_purchase,false,false,false
med-synth-v1,d001824,fam_m021999,validation,validation_product_like,2025-07-23T12:40:00Z,routine,established_contact,false,false,false
med-synth-v1,d001825,fam_m022029,validation,validation_product_like,2025-07-23T15:10:00Z,routine,established_contact,false,false,false
med-synth-v1,d001068,fam_m028331,validation,validation_diagnostic,2025-07-23T18:03:00Z,S03,legitimate_first_contact,false,false,false
med-synth-v1,d001072,fam_m028339,validation,validation_diagnostic,2025-07-23T19:03:00Z,S06,legitimate_new_domain,false,false,false
med-synth-v1,d001076,fam_m028347,validation,validation_diagnostic,2025-07-23T20:03:00Z,S07,legitimate_topic_change,false,false,false
med-synth-v1,d001826,fam_m021813,validation,validation_product_like,2025-07-24T09:02:00Z,S05,internal_project,false,false,false
med-synth-v1,d001827,fam_m021819,validation,validation_product_like,2025-07-24T09:05:00Z,S05,internal_project,false,false,false
med-synth-v1,d001828,fam_m021845,validation,validation_product_like,2025-07-24T09:10:00Z,routine,established_contact,false,false,false
med-synth-v1,d001829,fam_m021879,validation,validation_product_like,2025-07-24T09:41:00Z,routine,established_contact,false,false,false
med-synth-v1,d001830,fam_m021939,validation,validation_product_like,2025-07-24T11:20:00Z,routine,established_contact,false,false,false
med-synth-v1,d001831,fam_m021949,validation,validation_product_like,2025-07-24T11:31:00Z,routine,established_contact,false,false,false
med-synth-v1,d001832,fam_m022001,validation,validation_product_like,2025-07-24T12:50:00Z,routine,established_contact,false,false,false
med-synth-v1,d001833,fam_m022031,validation,validation_product_like,2025-07-24T15:20:00Z,routine,established_contact,false,false,false
med-synth-v1,d001834,fam_m021829,validation,validation_product_like,2025-07-25T09:02:00Z,S05,internal_project,false,false,false
med-synth-v1,d001835,fam_m021835,validation,validation_product_like,2025-07-25T09:05:00Z,S05,internal_project,false,false,false
med-synth-v1,d001836,fam_m021857,validation,validation_product_like,2025-07-25T09:20:00Z,routine,established_contact,false,false,false
med-synth-v1,d001837,fam_m021871,validation,validation_product_like,2025-07-25T09:31:00Z,routine,established_contact,false,false,false
med-synth-v1,d001838,fam_m021897,validation,validation_product_like,2025-07-25T10:40:00Z,routine,established_contact,false,false,false
med-synth-v1,d001839,fam_m021921,validation,validation_product_like,2025-07-25T11:01:00Z,routine,established_contact,false,false,false
med-synth-v1,d001840,fam_m021967,validation,validation_product_like,2025-07-25T11:50:00Z,S05,external_purchase,false,false,false
med-synth-v1,d001841,fam_m021981,validation,validation_product_like,2025-07-25T12:01:00Z,S05,external_purchase,false,false,false
med-synth-v1,d001842,fam_m022003,validation,validation_product_like,2025-07-25T13:00:00Z,routine,established_contact,false,false,false
med-synth-v1,d001843,fam_m022033,validation,validation_product_like,2025-07-28T09:00:00Z,S05,internal_project,false,false,false
med-synth-v1,d001844,fam_m022039,validation,validation_product_like,2025-07-28T09:03:00Z,S05,internal_project,false,false,false
med-synth-v1,d001845,fam_m022045,validation,validation_product_like,2025-07-28T09:06:00Z,S05,internal_project,false,false,false
med-synth-v1,d001846,fam_m022123,validation,validation_product_like,2025-07-28T09:21:00Z,routine,established_contact,false,false,false
med-synth-v1,d001847,fam_m022165,validation,validation_product_like,2025-07-28T10:30:00Z,routine,established_contact,false,false,false
med-synth-v1,d001848,fam_m022183,validation,validation_product_like,2025-07-28T11:00:00Z,routine,established_contact,false,false,false
med-synth-v1,d001849,fam_m022197,validation,validation_product_like,2025-07-28T11:11:00Z,routine,established_contact,false,false,false
med-synth-v1,d001850,fam_m022243,validation,validation_product_like,2025-07-28T12:00:00Z,S05,external_purchase,false,false,false
med-synth-v1,d001851,fam_m022257,validation,validation_product_like,2025-07-28T12:11:00Z,S05,external_purchase,false,false,false
med-synth-v1,d001852,fam_m022287,validation,validation_product_like,2025-07-28T14:00:00Z,routine,established_contact,false,false,false
med-synth-v1,d001853,fam_m022051,validation,validation_product_like,2025-07-29T09:01:00Z,S05,internal_project,false,false,false
med-synth-v1,d001854,fam_m022057,validation,validation_product_like,2025-07-29T09:04:00Z,S05,internal_project,false,false,false
med-synth-v1,d001855,fam_m022063,validation,validation_product_like,2025-07-29T09:07:00Z,S05,internal_project,false,false,false
med-synth-v1,d001856,fam_m022145,validation,validation_product_like,2025-07-29T09:40:00Z,routine,established_contact,false,false,false
med-synth-v1,d001857,fam_m022207,validation,validation_product_like,2025-07-29T11:20:00Z,routine,established_contact,false,false,false
med-synth-v1,d001858,fam_m022217,validation,validation_product_like,2025-07-29T11:31:00Z,routine,established_contact,false,false,false
med-synth-v1,d001859,fam_m022269,validation,validation_product_like,2025-07-29T12:30:00Z,routine,established_contact,false,false,false
med-synth-v1,d001860,fam_m022299,validation,validation_product_like,2025-07-29T15:00:00Z,routine,established_contact,false,false,false
med-synth-v1,d001861,fam_m022069,validation,validation_product_like,2025-07-30T09:02:00Z,S05,internal_project,false,false,false
med-synth-v1,d001862,fam_m022075,validation,validation_product_like,2025-07-30T09:05:00Z,S05,internal_project,false,false,false
med-synth-v1,d001863,fam_m022125,validation,validation_product_like,2025-07-30T09:20:00Z,routine,established_contact,false,false,false
med-synth-v1,d001026,fam_m022127,validation,validation_diagnostic,2025-07-30T09:21:00Z,S04,familiar_topic_mismatch,true,false,false
med-synth-v1,d001027,fam_m022127,validation,validation_diagnostic,2025-07-30T09:21:00Z,S04,clean_twin,false,false,false
med-synth-v1,d001864,fam_m022153,validation,validation_product_like,2025-07-30T09:50:00Z,routine,established_contact,false,false,false
med-synth-v1,d001865,fam_m022177,validation,validation_product_like,2025-07-30T10:51:00Z,routine,established_contact,false,false,false
med-synth-v1,d001866,fam_m022199,validation,validation_product_like,2025-07-30T11:10:00Z,routine,established_contact,false,false,false
med-synth-v1,d001092,fam_m022237,validation,validation_product_like,2025-07-30T11:51:00Z,S05,external_purchase,false,false,false
med-synth-v1,d001867,fam_m022247,validation,validation_product_like,2025-07-30T12:00:00Z,S05,external_purchase,false,false,false
med-synth-v1,d001868,fam_m022261,validation,validation_product_like,2025-07-30T12:11:00Z,S05,external_purchase,false,false,false
med-synth-v1,d001869,fam_m022291,validation,validation_product_like,2025-07-30T14:20:00Z,routine,established_contact,false,false,false
med-synth-v1,d001050,fam_m022081,validation,validation_diagnostic,2025-07-31T09:00:00Z,S08,two_unintended,true,false,false
med-synth-v1,d001051,fam_m022081,validation,validation_diagnostic,2025-07-31T09:00:00Z,S08,clean_twin,false,false,false
med-synth-v1,d001087,fam_m022083,validation,validation_product_like,2025-07-31T09:01:00Z,S05,internal_project,false,false,false
med-synth-v1,d001870,fam_m022087,validation,validation_product_like,2025-07-31T09:03:00Z,S05,internal_project,false,false,false
med-synth-v1,d001871,fam_m022095,validation,validation_product_like,2025-07-31T09:07:00Z,S05,internal_project,false,false,false
med-synth-v1,d001017,fam_m022117,validation,validation_diagnostic,2025-07-31T09:10:00Z,S02,added_external,true,false,false
med-synth-v1,d001018,fam_m022117,validation,validation_diagnostic,2025-07-31T09:10:00Z,S02,clean_twin,false,false,false
med-synth-v1,d001872,fam_m022151,validation,validation_product_like,2025-07-31T09:41:00Z,routine,established_contact,false,false,false
med-synth-v1,d001873,fam_m022211,validation,validation_product_like,2025-07-31T11:20:00Z,routine,established_contact,false,false,false
med-synth-v1,d001874,fam_m022221,validation,validation_product_like,2025-07-31T11:31:00Z,routine,established_contact,false,false,false
med-synth-v1,d001875,fam_m022273,validation,validation_product_like,2025-07-31T12:50:00Z,routine,established_contact,false,false,false
med-synth-v1,d001876,fam_m022303,validation,validation_product_like,2025-07-31T15:20:00Z,routine,established_contact,false,false,false
med-synth-v1,d001877,fam_m022101,validation,validation_product_like,2025-08-01T09:02:00Z,S05,internal_project,false,false,false
med-synth-v1,d001878,fam_m022107,validation,validation_product_like,2025-08-01T09:05:00Z,S05,internal_project,false,false,false
med-synth-v1,d001879,fam_m022129,validation,validation_product_like,2025-08-01T09:20:00Z,routine,established_contact,false,false,false
med-synth-v1,d001880,fam_m022143,validation,validation_product_like,2025-08-01T09:31:00Z,routine,established_contact,false,false,false
med-synth-v1,d001881,fam_m022169,validation,validation_product_like,2025-08-01T10:40:00Z,routine,established_contact,false,false,false
med-synth-v1,d001882,fam_m022191,validation,validation_product_like,2025-08-01T11:00:00Z,routine,established_contact,false,false,false
med-synth-v1,d001883,fam_m022205,validation,validation_product_like,2025-08-01T11:11:00Z,routine,established_contact,false,false,false
med-synth-v1,d001884,fam_m022251,validation,validation_product_like,2025-08-01T12:00:00Z,S05,external_purchase,false,false,false
med-synth-v1,d001885,fam_m022265,validation,validation_product_like,2025-08-01T12:11:00Z,S05,external_purchase,false,false,false
med-synth-v1,d001886,fam_m022295,validation,validation_product_like,2025-08-01T14:40:00Z,routine,established_contact,false,false,false
med-synth-v1,d001887,fam_m022309,validation,validation_product_like,2025-08-04T09:02:00Z,S05,internal_project,false,false,false
med-synth-v1,d001888,fam_m022315,validation,validation_product_like,2025-08-04T09:05:00Z,S05,internal_project,false,false,false
med-synth-v1,d001889,fam_m022393,validation,validation_product_like,2025-08-04T09:20:00Z,routine,established_contact,false,false,false
med-synth-v1,d001890,fam_m022407,validation,validation_product_like,2025-08-04T09:31:00Z,routine,established_contact,false,false,false
med-synth-v1,d001891,fam_m022445,validation,validation_product_like,2025-08-04T10:51:00Z,routine,established_contact,false,false,false
med-synth-v1,d001892,fam_m022467,validation,validation_product_like,2025-08-04T11:10:00Z,routine,established_contact,false,false,false
med-synth-v1,d001893,fam_m022505,validation,validation_product_like,2025-08-04T11:51:00Z,S05,external_purchase,false,false,false
med-synth-v1,d001894,fam_m022527,validation,validation_product_like,2025-08-04T12:10:00Z,S05,external_purchase,false,false,false
med-synth-v1,d001895,fam_m022549,validation,validation_product_like,2025-08-04T13:10:00Z,routine,established_contact,false,false,false
med-synth-v1,d001896,fam_m022321,validation,validation_product_like,2025-08-05T09:00:00Z,S05,internal_project,false,false,false
med-synth-v1,d001897,fam_m022327,validation,validation_product_like,2025-08-05T09:03:00Z,S05,internal_project,false,false,false
med-synth-v1,d001898,fam_m022333,validation,validation_product_like,2025-08-05T09:06:00Z,S05,internal_project,false,false,false
med-synth-v1,d001899,fam_m022387,validation,validation_product_like,2025-08-05T09:11:00Z,routine,established_contact,false,false,false
med-synth-v1,d001900,fam_m022429,validation,validation_product_like,2025-08-05T10:00:00Z,routine,established_contact,false,false,false
med-synth-v1,d001901,fam_m022487,validation,validation_product_like,2025-08-05T11:30:00Z,routine,established_contact,false,false,false
med-synth-v1,d001902,fam_m022497,validation,validation_product_like,2025-08-05T11:41:00Z,routine,established_contact,false,false,false
med-synth-v1,d001903,fam_m022571,validation,validation_product_like,2025-08-05T15:00:00Z,routine,established_contact,false,false,false
med-synth-v1,d001904,fam_m022341,validation,validation_product_like,2025-08-06T09:02:00Z,S05,internal_project,false,false,false
med-synth-v1,d001905,fam_m022347,validation,validation_product_like,2025-08-06T09:05:00Z,S05,internal_project,false,false,false
med-synth-v1,d001906,fam_m022397,validation,validation_product_like,2025-08-06T09:20:00Z,routine,established_contact,false,false,false
med-synth-v1,d001907,fam_m022411,validation,validation_product_like,2025-08-06T09:31:00Z,routine,established_contact,false,false,false
med-synth-v1,d001908,fam_m022447,validation,validation_product_like,2025-08-06T10:50:00Z,routine,established_contact,false,false,false
med-synth-v1,d001909,fam_m022461,validation,validation_product_like,2025-08-06T11:01:00Z,routine,established_contact,false,false,false
med-synth-v1,d001910,fam_m022507,validation,validation_product_like,2025-08-06T11:50:00Z,S05,external_purchase,false,false,false
med-synth-v1,d001911,fam_m022521,validation,validation_product_like,2025-08-06T12:01:00Z,S05,external_purchase,false,false,false
med-synth-v1,d001912,fam_m022543,validation,validation_product_like,2025-08-06T12:40:00Z,routine,established_contact,false,false,false
med-synth-v1,d001913,fam_m022573,validation,validation_product_like,2025-08-06T15:10:00Z,routine,established_contact,false,false,false
med-synth-v1,d001914,fam_m022357,validation,validation_product_like,2025-08-07T09:02:00Z,S05,internal_project,false,false,false
med-synth-v1,d001915,fam_m022363,validation,validation_product_like,2025-08-07T09:05:00Z,S05,internal_project,false,false,false
med-synth-v1,d001916,fam_m022389,validation,validation_product_like,2025-08-07T09:10:00Z,routine,established_contact,false,false,false
med-synth-v1,d001917,fam_m022423,validation,validation_product_like,2025-08-07T09:41:00Z,routine,established_contact,false,false,false
med-synth-v1,d001918,fam_m022483,validation,validation_product_like,2025-08-07T11:20:00Z,routine,established_contact,false,false,false
med-synth-v1,d001919,fam_m022493,validation,validation_product_like,2025-08-07T11:31:00Z,routine,established_contact,false,false,false
med-synth-v1,d001920,fam_m022545,validation,validation_product_like,2025-08-07T12:50:00Z,routine,established_contact,false,false,false
med-synth-v1,d001921,fam_m022575,validation,validation_product_like,2025-08-07T15:20:00Z,routine,established_contact,false,false,false
med-synth-v1,d001922,fam_m022373,validation,validation_product_like,2025-08-08T09:02:00Z,S05,internal_project,false,false,false
med-synth-v1,d001923,fam_m022379,validation,validation_product_like,2025-08-08T09:05:00Z,S05,internal_project,false,false,false
med-synth-v1,d001924,fam_m022401,validation,validation_product_like,2025-08-08T09:20:00Z,routine,established_contact,false,false,false
med-synth-v1,d001925,fam_m022415,validation,validation_product_like,2025-08-08T09:31:00Z,routine,established_contact,false,false,false
med-synth-v1,d001926,fam_m022441,validation,validation_product_like,2025-08-08T10:40:00Z,routine,established_contact,false,false,false
med-synth-v1,d001927,fam_m022463,validation,validation_product_like,2025-08-08T11:00:00Z,routine,established_contact,false,false,false
med-synth-v1,d001928,fam_m022477,validation,validation_product_like,2025-08-08T11:11:00Z,routine,established_contact,false,false,false
med-synth-v1,d001929,fam_m022523,validation,validation_product_like,2025-08-08T12:00:00Z,S05,external_purchase,false,false,false
med-synth-v1,d001930,fam_m022537,validation,validation_product_like,2025-08-08T12:11:00Z,S05,external_purchase,false,false,false
med-synth-v1,d001931,fam_m022567,validation,validation_product_like,2025-08-08T14:40:00Z,routine,established_contact,false,false,false
med-synth-v1,d001052,fam_m022581,validation,validation_diagnostic,2025-08-11T09:02:00Z,S08,two_unintended,true,false,false
med-synth-v1,d001053,fam_m022581,validation,validation_diagnostic,2025-08-11T09:02:00Z,S08,clean_twin,false,false,false
med-synth-v1,d001932,fam_m022583,validation,validation_product_like,2025-08-11T09:03:00Z,S05,internal_project,false,false,false
med-synth-v1,d001933,fam_m022589,validation,validation_product_like,2025-08-11T09:06:00Z,S05,internal_project,false,false,false
med-synth-v1,d001934,fam_m022667,validation,validation_product_like,2025-08-11T09:21:00Z,routine,established_contact,false,false,false
med-synth-v1,d001935,fam_m022709,validation,validation_product_like,2025-08-11T10:30:00Z,routine,established_contact,false,false,false
med-synth-v1,d001936,fam_m022729,validation,validation_product_like,2025-08-11T11:01:00Z,routine,established_contact,false,false,false
med-synth-v1,d001937,fam_m022775,validation,validation_product_like,2025-08-11T11:50:00Z,S05,external_purchase,false,false,false
med-synth-v1,d001938,fam_m022789,validation,validation_product_like,2025-08-11T12:01:00Z,S05,external_purchase,false,false,false
med-synth-v1,d001939,fam_m022811,validation,validation_product_like,2025-08-11T12:20:00Z,routine,established_contact,false,false,false
med-synth-v1,d001940,fam_m022841,validation,validation_product_like,2025-08-11T14:50:00Z,routine,established_contact,false,false,false
med-synth-v1,d001941,fam_m022597,validation,validation_product_like,2025-08-12T09:02:00Z,S05,internal_project,false,false,false
med-synth-v1,d001942,fam_m022603,validation,validation_product_like,2025-08-12T09:05:00Z,S05,internal_project,false,false,false
med-synth-v1,d001943,fam_m022657,validation,validation_product_like,2025-08-12T09:10:00Z,routine,established_contact,false,false,false
med-synth-v1,d001944,fam_m022691,validation,validation_product_like,2025-08-12T09:41:00Z,routine,established_contact,false,false,false
med-synth-v1,d001945,fam_m022753,validation,validation_product_like,2025-08-12T11:21:00Z,routine,established_contact,false,false,false
med-synth-v1,d001946,fam_m022767,validation,validation_product_like,2025-08-12T11:40:00Z,routine,established_contact,false,false,false
med-synth-v1,d001947,fam_m022823,validation,validation_product_like,2025-08-12T13:20:00Z,routine,established_contact,false,false,false
med-synth-v1,d001948,fam_m022609,validation,validation_product_like,2025-08-13T09:00:00Z,S05,internal_project,false,false,false
med-synth-v1,d001949,fam_m022615,validation,validation_product_like,2025-08-13T09:03:00Z,S05,internal_project,false,false,false
med-synth-v1,d001950,fam_m022621,validation,validation_product_like,2025-08-13T09:06:00Z,S05,internal_project,false,false,false
med-synth-v1,d001951,fam_m022671,validation,validation_product_like,2025-08-13T09:21:00Z,routine,established_contact,false,false,false
med-synth-v1,d001952,fam_m022697,validation,validation_product_like,2025-08-13T09:50:00Z,routine,established_contact,false,false,false
med-synth-v1,d001953,fam_m022721,validation,validation_product_like,2025-08-13T10:51:00Z,routine,established_contact,false,false,false
med-synth-v1,d001954,fam_m022743,validation,validation_product_like,2025-08-13T11:10:00Z,routine,established_contact,false,false,false
med-synth-v1,d001955,fam_m022781,validation,validation_product_like,2025-08-13T11:51:00Z,S05,external_purchase,false,false,false
med-synth-v1,d001956,fam_m022803,validation,validation_product_like,2025-08-13T12:10:00Z,S05,external_purchase,false,false,false
med-synth-v1,d001957,fam_m022825,validation,validation_product_like,2025-08-13T13:30:00Z,routine,established_contact,false,false,false
med-synth-v1,d001958,fam_m022625,validation,validation_product_like,2025-08-14T09:00:00Z,S05,internal_project,false,false,false
med-synth-v1,d001959,fam_m022631,validation,validation_product_like,2025-08-14T09:03:00Z,S05,internal_project,false,false,false
med-synth-v1,d001960,fam_m022637,validation,validation_product_like,2025-08-14T09:06:00Z,S05,internal_project,false,false,false
med-synth-v1,d001961,fam_m022663,validation,validation_product_like,2025-08-14T09:11:00Z,routine,established_contact,false,false,false
med-synth-v1,d001962,fam_m022707,validation,validation_product_like,2025-08-14T10:20:00Z,routine,established_contact,false,false,false
med-synth-v1,d001963,fam_m022757,validation,validation_product_like,2025-08-14T11:21:00Z,routine,established_contact,false,false,false
med-synth-v1,d001964,fam_m022771,validation,validation_product_like,2025-08-14T11:40:00Z,routine,established_contact,false,false,false
med-synth-v1,d001965,fam_m022827,validation,validation_product_like,2025-08-14T13:40:00Z,routine,established_contact,false,false,false
med-synth-v1,d001966,fam_m022641,validation,validation_product_like,2025-08-15T09:00:00Z,S05,internal_project,false,false,false
med-synth-v1,d001967,fam_m022647,validation,validation_product_like,2025-08-15T09:03:00Z,S05,internal_project,false,false,false
med-synth-v1,d001968,fam_m022655,validation,validation_product_like,2025-08-15T09:07:00Z,S05,internal_project,false,false,false
med-synth-v1,d001969,fam_m022685,validation,validation_product_like,2025-08-15T09:30:00Z,routine,established_contact,false,false,false
med-synth-v1,d001970,fam_m022705,validation,validation_product_like,2025-08-15T10:10:00Z,routine,established_contact,false,false,false
med-synth-v1,d001971,fam_m022725,validation,validation_product_like,2025-08-15T10:51:00Z,routine,established_contact,false,false,false
med-synth-v1,d001972,fam_m022747,validation,validation_product_like,2025-08-15T11:10:00Z,routine,established_contact,false,false,false
med-synth-v1,d001973,fam_m022785,validation,validation_product_like,2025-08-15T11:51:00Z,S05,external_purchase,false,false,false
med-synth-v1,d001974,fam_m022807,validation,validation_product_like,2025-08-15T12:10:00Z,S05,external_purchase,false,false,false
med-synth-v1,d001975,fam_m022829,validation,validation_product_like,2025-08-15T13:50:00Z,routine,established_contact,false,false,false
med-synth-v1,d001976,fam_m022851,validation,validation_product_like,2025-08-18T09:01:00Z,S05,internal_project,false,false,false
med-synth-v1,d001977,fam_m022857,validation,validation_product_like,2025-08-18T09:04:00Z,S05,internal_project,false,false,false
med-synth-v1,d001978,fam_m022863,validation,validation_product_like,2025-08-18T09:07:00Z,S05,internal_project,false,false,false
med-synth-v1,d001979,fam_m022949,validation,validation_product_like,2025-08-18T09:30:00Z,routine,established_contact,false,false,false
med-synth-v1,d001980,fam_m022987,validation,validation_product_like,2025-08-18T10:50:00Z,routine,established_contact,false,false,false
med-synth-v1,d001981,fam_m023001,validation,validation_product_like,2025-08-18T11:01:00Z,routine,established_contact,false,false,false
med-synth-v1,d001982,fam_m023047,validation,validation_product_like,2025-08-18T11:50:00Z,S05,external_purchase,false,false,false
med-synth-v1,d001983,fam_m023061,validation,validation_product_like,2025-08-18T12:01:00Z,S05,external_purchase,false,false,false
med-synth-v1,d001984,fam_m023083,validation,validation_product_like,2025-08-18T12:20:00Z,routine,established_contact,false,false,false
med-synth-v1,d001985,fam_m023113,validation,validation_product_like,2025-08-18T14:50:00Z,routine,established_contact,false,false,false
med-synth-v1,d001986,fam_m022869,validation,validation_product_like,2025-08-19T09:02:00Z,S05,internal_project,false,false,false
med-synth-v1,d001987,fam_m022875,validation,validation_product_like,2025-08-19T09:05:00Z,S05,internal_project,false,false,false
med-synth-v1,d001988,fam_m022929,validation,validation_product_like,2025-08-19T09:10:00Z,routine,established_contact,false,false,false
med-synth-v1,d001989,fam_m022963,validation,validation_product_like,2025-08-19T09:41:00Z,routine,established_contact,false,false,false
med-synth-v1,d001990,fam_m023025,validation,validation_product_like,2025-08-19T11:21:00Z,routine,established_contact,false,false,false
med-synth-v1,d001991,fam_m023039,validation,validation_product_like,2025-08-19T11:40:00Z,routine,established_contact,false,false,false
med-synth-v1,d001992,fam_m023095,validation,validation_product_like,2025-08-19T13:20:00Z,routine,established_contact,false,false,false
med-synth-v1,d001993,fam_m022881,validation,validation_product_like,2025-08-20T09:00:00Z,S05,internal_project,false,false,false
med-synth-v1,d001994,fam_m022887,validation,validation_product_like,2025-08-20T09:03:00Z,S05,internal_project,false,false,false
med-synth-v1,d001054,fam_m022891,validation,validation_diagnostic,2025-08-20T09:05:00Z,S08,all_intended,false,false,false
med-synth-v1,d001995,fam_m022895,validation,validation_product_like,2025-08-20T09:07:00Z,S05,internal_project,false,false,false
med-synth-v1,d001996,fam_m022953,validation,validation_product_like,2025-08-20T09:30:00Z,routine,established_contact,false,false,false
med-synth-v1,d001997,fam_m022971,validation,validation_product_like,2025-08-20T09:51:00Z,routine,established_contact,false,false,false
med-synth-v1,d001998,fam_m023003,validation,validation_product_like,2025-08-20T11:00:00Z,routine,established_contact,false,false,false
med-synth-v1,d001999,fam_m023017,validation,validation_product_like,2025-08-20T11:11:00Z,routine,established_contact,false,false,false
med-synth-v1,d002000,fam_m023063,validation,validation_product_like,2025-08-20T12:00:00Z,S05,external_purchase,false,false,false
med-synth-v1,d002001,fam_m023087,validation,validation_product_like,2025-08-20T12:40:00Z,routine,established_contact,false,false,false
med-synth-v1,d002002,fam_m023117,validation,validation_product_like,2025-08-20T15:10:00Z,routine,established_contact,false,false,false
med-synth-v1,d002003,fam_m022901,validation,validation_product_like,2025-08-21T09:02:00Z,S05,internal_project,false,false,false
med-synth-v1,d002004,fam_m022907,validation,validation_product_like,2025-08-21T09:05:00Z,S05,internal_project,false,false,false
med-synth-v1,d002005,fam_m022933,validation,validation_product_like,2025-08-21T09:10:00Z,routine,established_contact,false,false,false
med-synth-v1,d002006,fam_m022967,validation,validation_product_like,2025-08-21T09:41:00Z,routine,established_contact,false,false,false
med-synth-v1,d002007,fam_m023027,validation,validation_product_like,2025-08-21T11:20:00Z,routine,established_contact,false,false,false
med-synth-v1,d002008,fam_m023037,validation,validation_product_like,2025-08-21T11:31:00Z,routine,established_contact,false,false,false
med-synth-v1,d002009,fam_m023089,validation,validation_product_like,2025-08-21T12:50:00Z,routine,established_contact,false,false,false
med-synth-v1,d002010,fam_m023119,validation,validation_product_like,2025-08-21T15:20:00Z,routine,established_contact,false,false,false
med-synth-v1,d002011,fam_m022917,validation,validation_product_like,2025-08-22T09:02:00Z,S05,internal_project,false,false,false
med-synth-v1,d002012,fam_m022923,validation,validation_product_like,2025-08-22T09:05:00Z,S05,internal_project,false,false,false
med-synth-v1,d002013,fam_m022945,validation,validation_product_like,2025-08-22T09:20:00Z,routine,established_contact,false,false,false
med-synth-v1,d002014,fam_m022959,validation,validation_product_like,2025-08-22T09:31:00Z,routine,established_contact,false,false,false
med-synth-v1,d002015,fam_m022985,validation,validation_product_like,2025-08-22T10:40:00Z,routine,established_contact,false,false,false
med-synth-v1,d002016,fam_m023007,validation,validation_product_like,2025-08-22T11:00:00Z,routine,established_contact,false,false,false
med-synth-v1,d002017,fam_m023021,validation,validation_product_like,2025-08-22T11:11:00Z,routine,established_contact,false,false,false
med-synth-v1,d002018,fam_m023067,validation,validation_product_like,2025-08-22T12:00:00Z,S05,external_purchase,false,false,false
med-synth-v1,d002019,fam_m023081,validation,validation_product_like,2025-08-22T12:11:00Z,S05,external_purchase,false,false,false
med-synth-v1,d002020,fam_m023111,validation,validation_product_like,2025-08-22T14:40:00Z,routine,established_contact,false,false,false
med-synth-v1,d002021,fam_m023125,validation,validation_product_like,2025-08-25T09:02:00Z,S05,internal_project,false,false,false
med-synth-v1,d002022,fam_m023131,validation,validation_product_like,2025-08-25T09:05:00Z,S05,internal_project,false,false,false
med-synth-v1,d002023,fam_m023209,validation,validation_product_like,2025-08-25T09:20:00Z,routine,established_contact,false,false,false
med-synth-v1,d002024,fam_m023223,validation,validation_product_like,2025-08-25T09:31:00Z,routine,established_contact,false,false,false
med-synth-v1,d002025,fam_m023261,validation,validation_product_like,2025-08-25T10:51:00Z,routine,established_contact,false,false,false
med-synth-v1,d002026,fam_m023283,validation,validation_product_like,2025-08-25T11:10:00Z,routine,established_contact,false,false,false
med-synth-v1,d002027,fam_m023321,validation,validation_product_like,2025-08-25T11:51:00Z,S05,external_purchase,false,false,false
med-synth-v1,d002028,fam_m023343,validation,validation_product_like,2025-08-25T12:10:00Z,S05,external_purchase,false,false,false
med-synth-v1,d002029,fam_m023365,validation,validation_product_like,2025-08-25T13:10:00Z,routine,established_contact,false,false,false
med-synth-v1,d002030,fam_m023137,validation,validation_product_like,2025-08-26T09:00:00Z,S05,internal_project,false,false,false
med-synth-v1,d002031,fam_m023143,validation,validation_product_like,2025-08-26T09:03:00Z,S05,internal_project,false,false,false
med-synth-v1,d002032,fam_m023149,validation,validation_product_like,2025-08-26T09:06:00Z,S05,internal_project,false,false,false
med-synth-v1,d002033,fam_m023233,validation,validation_product_like,2025-08-26T09:40:00Z,routine,established_contact,false,false,false
med-synth-v1,d002034,fam_m023295,validation,validation_product_like,2025-08-26T11:20:00Z,routine,established_contact,false,false,false
med-synth-v1,d002035,fam_m023305,validation,validation_product_like,2025-08-26T11:31:00Z,routine,established_contact,false,false,false
med-synth-v1,d002036,fam_m023357,validation,validation_product_like,2025-08-26T12:30:00Z,routine,established_contact,false,false,false
med-synth-v1,d002037,fam_m023387,validation,validation_product_like,2025-08-26T15:00:00Z,routine,established_contact,false,false,false
med-synth-v1,d002038,fam_m023157,validation,validation_product_like,2025-08-27T09:02:00Z,S05,internal_project,false,false,false
med-synth-v1,d002039,fam_m023163,validation,validation_product_like,2025-08-27T09:05:00Z,S05,internal_project,false,false,false
med-synth-v1,d002040,fam_m023213,validation,validation_product_like,2025-08-27T09:20:00Z,routine,established_contact,false,false,false
med-synth-v1,d002041,fam_m023227,validation,validation_product_like,2025-08-27T09:31:00Z,routine,established_contact,false,false,false
med-synth-v1,d002042,fam_m023263,validation,validation_product_like,2025-08-27T10:50:00Z,routine,established_contact,false,false,false
med-synth-v1,d002043,fam_m023277,validation,validation_product_like,2025-08-27T11:01:00Z,routine,established_contact,false,false,false
med-synth-v1,d002044,fam_m023323,validation,validation_product_like,2025-08-27T11:50:00Z,S05,external_purchase,false,false,false
med-synth-v1,d002045,fam_m023337,validation,validation_product_like,2025-08-27T12:01:00Z,S05,external_purchase,false,false,false
med-synth-v1,d002046,fam_m023359,validation,validation_product_like,2025-08-27T12:40:00Z,routine,established_contact,false,false,false
med-synth-v1,d002047,fam_m023389,validation,validation_product_like,2025-08-27T15:10:00Z,routine,established_contact,false,false,false
med-synth-v1,d002048,fam_m023173,validation,validation_product_like,2025-08-28T09:02:00Z,S05,internal_project,false,false,false
med-synth-v1,d002049,fam_m023179,validation,validation_product_like,2025-08-28T09:05:00Z,S05,internal_project,false,false,false
med-synth-v1,d002050,fam_m023205,validation,validation_product_like,2025-08-28T09:10:00Z,routine,established_contact,false,false,false
med-synth-v1,d002051,fam_m023239,validation,validation_product_like,2025-08-28T09:41:00Z,routine,established_contact,false,false,false
med-synth-v1,d002052,fam_m023299,validation,validation_product_like,2025-08-28T11:20:00Z,routine,established_contact,false,false,false
med-synth-v1,d002053,fam_m023309,validation,validation_product_like,2025-08-28T11:31:00Z,routine,established_contact,false,false,false
med-synth-v1,d002054,fam_m023361,validation,validation_product_like,2025-08-28T12:50:00Z,routine,established_contact,false,false,false
med-synth-v1,d002055,fam_m023391,validation,validation_product_like,2025-08-28T15:20:00Z,routine,established_contact,false,false,false
med-synth-v1,d002056,fam_m023189,validation,validation_product_like,2025-08-29T09:02:00Z,S05,internal_project,false,false,false
med-synth-v1,d002057,fam_m023195,validation,validation_product_like,2025-08-29T09:05:00Z,S05,internal_project,false,false,false
med-synth-v1,d002058,fam_m023217,validation,validation_product_like,2025-08-29T09:20:00Z,routine,established_contact,false,false,false
med-synth-v1,d002059,fam_m023231,validation,validation_product_like,2025-08-29T09:31:00Z,routine,established_contact,false,false,false
med-synth-v1,d002060,fam_m023257,validation,validation_product_like,2025-08-29T10:40:00Z,routine,established_contact,false,false,false
med-synth-v1,d002061,fam_m023279,validation,validation_product_like,2025-08-29T11:00:00Z,routine,established_contact,false,false,false
med-synth-v1,d002062,fam_m023293,validation,validation_product_like,2025-08-29T11:11:00Z,routine,established_contact,false,false,false
med-synth-v1,d002063,fam_m023339,validation,validation_product_like,2025-08-29T12:00:00Z,S05,external_purchase,false,false,false
med-synth-v1,d002064,fam_m023353,validation,validation_product_like,2025-08-29T12:11:00Z,S05,external_purchase,false,false,false
med-synth-v1,d002097,fam_m023393,test,test_product_like,2025-09-01T09:00:00Z,S08,unintended_cc,true,false,true
med-synth-v1,d002132,fam_m023395,test,test_diagnostic,2025-09-01T09:01:00Z,S05,internal_project,false,false,true
med-synth-v1,d002157,fam_m023397,test,test_product_like,2025-09-01T09:02:00Z,S05,internal_project,false,false,true
med-synth-v1,d002167,fam_m023399,test,test_product_like,2025-09-01T09:03:00Z,S05,internal_project,false,false,true
med-synth-v1,d002168,fam_m023401,test,test_product_like,2025-09-01T09:04:00Z,S05,internal_project,false,false,true
med-synth-v1,d002169,fam_m023403,test,test_product_like,2025-09-01T09:05:00Z,S05,internal_project,false,false,true
med-synth-v1,d002170,fam_m023405,test,test_product_like,2025-09-01T09:06:00Z,S05,internal_project,false,false,true
med-synth-v1,d002171,fam_m023407,test,test_product_like,2025-09-01T09:07:00Z,S05,internal_project,false,false,true
med-synth-v1,d002087,fam_m023481,test,test_product_like,2025-09-01T09:20:00Z,S04,familiar_topic_mismatch,true,false,true
med-synth-v1,d002172,fam_m023493,test,test_product_like,2025-09-01T09:30:00Z,routine,established_contact,false,false,true
med-synth-v1,d002173,fam_m023495,test,test_product_like,2025-09-01T09:31:00Z,routine,established_contact,false,false,true
med-synth-v1,d002174,fam_m023525,test,test_product_like,2025-09-01T10:30:00Z,routine,established_contact,false,false,true
med-synth-v1,d002065,fam_m023531,test,test_product_like,2025-09-01T10:50:00Z,S01,lookalike_replacement,true,false,true
med-synth-v1,d002124,fam_m023533,test,test_diagnostic,2025-09-01T10:51:00Z,S09,little_text_unintended,true,false,true
med-synth-v1,d002125,fam_m023533,test,test_diagnostic,2025-09-01T10:51:00Z,S09,clean_twin,false,false,true
med-synth-v1,d002066,fam_m023543,test,test_product_like,2025-09-01T11:00:00Z,S01,lookalike_replacement,true,false,true
med-synth-v1,d002126,fam_m023545,test,test_diagnostic,2025-09-01T11:01:00Z,S09,little_text_unintended,true,false,true
med-synth-v1,d002127,fam_m023545,test,test_diagnostic,2025-09-01T11:01:00Z,S09,clean_twin,false,false,true
med-synth-v1,d002067,fam_m023555,test,test_product_like,2025-09-01T11:10:00Z,S01,lookalike_replacement,true,false,true
med-synth-v1,d002128,fam_m023557,test,test_diagnostic,2025-09-01T11:11:00Z,S09,little_text_unintended,true,false,true
med-synth-v1,d002129,fam_m023557,test,test_diagnostic,2025-09-01T11:11:00Z,S09,clean_twin,false,false,true
med-synth-v1,d002133,fam_m023591,test,test_diagnostic,2025-09-01T11:50:00Z,S05,external_purchase,false,false,true
med-synth-v1,d002162,fam_m023593,test,test_product_like,2025-09-01T11:51:00Z,S05,external_purchase,false,false,true
med-synth-v1,d002175,fam_m023603,test,test_product_like,2025-09-01T12:00:00Z,S05,external_purchase,false,false,true
med-synth-v1,d002176,fam_m023605,test,test_product_like,2025-09-01T12:01:00Z,S05,external_purchase,false,false,true
med-synth-v1,d002177,fam_m023617,test,test_product_like,2025-09-01T12:11:00Z,S05,external_purchase,false,false,true
med-synth-v1,d002178,fam_m023627,test,test_product_like,2025-09-01T12:20:00Z,routine,established_contact,false,false,true
med-synth-v1,d002179,fam_m023637,test,test_product_like,2025-09-01T13:10:00Z,routine,established_contact,false,false,true
med-synth-v1,d002180,fam_m023647,test,test_product_like,2025-09-01T14:00:00Z,routine,established_contact,false,false,true
med-synth-v1,d002181,fam_m023409,test,test_product_like,2025-09-02T09:00:00Z,S05,internal_project,false,false,true
med-synth-v1,d002182,fam_m023411,test,test_product_like,2025-09-02T09:01:00Z,S05,internal_project,false,false,true
med-synth-v1,d002183,fam_m023413,test,test_product_like,2025-09-02T09:02:00Z,S05,internal_project,false,false,true
med-synth-v1,d002184,fam_m023415,test,test_product_like,2025-09-02T09:03:00Z,S05,internal_project,false,false,true
med-synth-v1,d002185,fam_m023417,test,test_product_like,2025-09-02T09:04:00Z,S05,internal_project,false,false,true
med-synth-v1,d002186,fam_m023421,test,test_product_like,2025-09-02T09:06:00Z,S05,internal_project,false,false,true
med-synth-v1,d002187,fam_m023423,test,test_product_like,2025-09-02T09:07:00Z,S05,internal_project,false,false,true
med-synth-v1,d002076,fam_m023473,test,test_product_like,2025-09-02T09:10:00Z,S02,added_external,true,false,true
med-synth-v1,d002188,fam_m023475,test,test_product_like,2025-09-02T09:11:00Z,routine,established_contact,false,false,true
med-synth-v1,d002189,fam_m023505,test,test_product_like,2025-09-02T09:40:00Z,routine,established_contact,false,false,true
med-synth-v1,d002190,fam_m023517,test,test_product_like,2025-09-02T10:00:00Z,routine,established_contact,false,false,true
med-synth-v1,d002191,fam_m023567,test,test_product_like,2025-09-02T11:20:00Z,routine,established_contact,false,false,true
med-synth-v1,d002192,fam_m023569,test,test_product_like,2025-09-02T11:21:00Z,routine,established_contact,false,false,true
med-synth-v1,d002193,fam_m023575,test,test_product_like,2025-09-02T11:30:00Z,routine,established_contact,false,false,true
med-synth-v1,d002194,fam_m023577,test,test_product_like,2025-09-02T11:31:00Z,routine,established_contact,false,false,true
med-synth-v1,d002195,fam_m023585,test,test_product_like,2025-09-02T11:41:00Z,routine,established_contact,false,false,true
med-synth-v1,d002196,fam_m023629,test,test_product_like,2025-09-02T12:30:00Z,routine,established_contact,false,false,true
med-synth-v1,d002197,fam_m023639,test,test_product_like,2025-09-02T13:20:00Z,routine,established_contact,false,false,true
med-synth-v1,d002198,fam_m023649,test,test_product_like,2025-09-02T14:10:00Z,routine,established_contact,false,false,true
med-synth-v1,d002199,fam_m023425,test,test_product_like,2025-09-03T09:00:00Z,S05,internal_project,false,false,true
med-synth-v1,d002200,fam_m023427,test,test_product_like,2025-09-03T09:01:00Z,S05,internal_project,false,false,true
med-synth-v1,d002201,fam_m023429,test,test_product_like,2025-09-03T09:02:00Z,S05,internal_project,false,false,true
med-synth-v1,d002202,fam_m023431,test,test_product_like,2025-09-03T09:03:00Z,S05,internal_project,false,false,true
med-synth-v1,d002203,fam_m023433,test,test_product_like,2025-09-03T09:04:00Z,S05,internal_project,false,false,true
med-synth-v1,d002204,fam_m023437,test,test_product_like,2025-09-03T09:06:00Z,S05,internal_project,false,false,true
med-synth-v1,d002205,fam_m023439,test,test_product_like,2025-09-03T09:07:00Z,S05,internal_project,false,false,true
med-synth-v1,d002206,fam_m023485,test,test_product_like,2025-09-03T09:20:00Z,routine,established_contact,false,false,true
med-synth-v1,d002207,fam_m023487,test,test_product_like,2025-09-03T09:21:00Z,routine,established_contact,false,false,true
med-synth-v1,d002208,fam_m023499,test,test_product_like,2025-09-03T09:31:00Z,routine,established_contact,false,false,true
med-synth-v1,d002209,fam_m023513,test,test_product_like,2025-09-03T09:50:00Z,routine,established_contact,false,false,true
med-synth-v1,d002210,fam_m023515,test,test_product_like,2025-09-03T09:51:00Z,routine,established_contact,false,false,true
med-synth-v1,d002211,fam_m023535,test,test_product_like,2025-09-03T10:50:00Z,routine,established_contact,false,false,true
med-synth-v1,d002212,fam_m023537,test,test_product_like,2025-09-03T10:51:00Z,routine,established_contact,false,false,true
med-synth-v1,d002213,fam_m023549,test,test_product_like,2025-09-03T11:01:00Z,routine,established_contact,false,false,true
med-synth-v1,d002214,fam_m023559,test,test_product_like,2025-09-03T11:10:00Z,routine,established_contact,false,false,true
med-synth-v1,d002215,fam_m023561,test,test_product_like,2025-09-03T11:11:00Z,routine,established_contact,false,false,true
med-synth-v1,d002216,fam_m023595,test,test_product_like,2025-09-03T11:50:00Z,S05,external_purchase,false,false,true
med-synth-v1,d002217,fam_m023607,test,test_product_like,2025-09-03T12:00:00Z,S05,external_purchase,false,false,true
med-synth-v1,d002218,fam_m023609,test,test_product_like,2025-09-03T12:01:00Z,S05,external_purchase,false,false,true
med-synth-v1,d002219,fam_m023619,test,test_product_like,2025-09-03T12:10:00Z,S05,external_purchase,false,false,true
med-synth-v1,d002220,fam_m023621,test,test_product_like,2025-09-03T12:11:00Z,S05,external_purchase,false,false,true
med-synth-v1,d002221,fam_m023631,test,test_product_like,2025-09-03T12:40:00Z,routine,established_contact,false,false,true
med-synth-v1,d002222,fam_m023651,test,test_product_like,2025-09-03T14:20:00Z,routine,established_contact,false,false,true
med-synth-v1,d002223,fam_m023661,test,test_product_like,2025-09-03T15:10:00Z,routine,established_contact,false,false,true
med-synth-v1,d002224,fam_m023441,test,test_product_like,2025-09-04T09:00:00Z,S05,internal_project,false,false,true
med-synth-v1,d002225,fam_m023443,test,test_product_like,2025-09-04T09:01:00Z,S05,internal_project,false,false,true
med-synth-v1,d002226,fam_m023447,test,test_product_like,2025-09-04T09:03:00Z,S05,internal_project,false,false,true
med-synth-v1,d002227,fam_m023449,test,test_product_like,2025-09-04T09:04:00Z,S05,internal_project,false,false,true
med-synth-v1,d002228,fam_m023451,test,test_product_like,2025-09-04T09:05:00Z,S05,internal_project,false,false,true
med-synth-v1,d002229,fam_m023453,test,test_product_like,2025-09-04T09:06:00Z,S05,internal_project,false,false,true
med-synth-v1,d002230,fam_m023455,test,test_product_like,2025-09-04T09:07:00Z,S05,internal_project,false,false,true
med-synth-v1,d002231,fam_m023479,test,test_product_like,2025-09-04T09:11:00Z,routine,established_contact,false,false,true
med-synth-v1,d002232,fam_m023509,test,test_product_like,2025-09-04T09:40:00Z,routine,established_contact,false,false,true
med-synth-v1,d002233,fam_m023511,test,test_product_like,2025-09-04T09:41:00Z,routine,established_contact,false,false,true
med-synth-v1,d002234,fam_m023523,test,test_product_like,2025-09-04T10:20:00Z,routine,established_contact,false,false,true
med-synth-v1,d002235,fam_m023571,test,test_product_like,2025-09-04T11:20:00Z,routine,established_contact,false,false,true
med-synth-v1,d002236,fam_m023573,test,test_product_like,2025-09-04T11:21:00Z,routine,established_contact,false,false,true
med-synth-v1,d002237,fam_m023579,test,test_product_like,2025-09-04T11:30:00Z,routine,established_contact,false,false,true
med-synth-v1,d002238,fam_m023581,test,test_product_like,2025-09-04T11:31:00Z,routine,established_contact,false,false,true
med-synth-v1,d002239,fam_m023587,test,test_product_like,2025-09-04T11:40:00Z,routine,established_contact,false,false,true
med-synth-v1,d002240,fam_m023633,test,test_product_like,2025-09-04T12:50:00Z,routine,established_contact,false,false,true
med-synth-v1,d002241,fam_m023643,test,test_product_like,2025-09-04T13:40:00Z,routine,established_contact,false,false,true
med-synth-v1,d002242,fam_m023653,test,test_product_like,2025-09-04T14:30:00Z,routine,established_contact,false,false,true
med-synth-v1,d002243,fam_m023663,test,test_product_like,2025-09-04T15:20:00Z,routine,established_contact,false,false,true
med-synth-v1,d002244,fam_m023459,test,test_product_like,2025-09-05T09:01:00Z,S05,internal_project,false,false,true
med-synth-v1,d002245,fam_m023461,test,test_product_like,2025-09-05T09:02:00Z,S05,internal_project,false,false,true
med-synth-v1,d002246,fam_m023463,test,test_product_like,2025-09-05T09:03:00Z,S05,internal_project,false,false,true
med-synth-v1,d002247,fam_m023465,test,test_product_like,2025-09-05T09:04:00Z,S05,internal_project,false,false,true
med-synth-v1,d002248,fam_m023467,test,test_product_like,2025-09-05T09:05:00Z,S05,internal_project,false,false,true
med-synth-v1,d002249,fam_m023471,test,test_product_like,2025-09-05T09:07:00Z,S05,internal_project,false,false,true
med-synth-v1,d002250,fam_m023489,test,test_product_like,2025-09-05T09:20:00Z,routine,established_contact,false,false,true
med-synth-v1,d002251,fam_m023491,test,test_product_like,2025-09-05T09:21:00Z,routine,established_contact,false,false,true
med-synth-v1,d002252,fam_m023501,test,test_product_like,2025-09-05T09:30:00Z,routine,established_contact,false,false,true
med-synth-v1,d002253,fam_m023519,test,test_product_like,2025-09-05T10:00:00Z,routine,established_contact,false,false,true
med-synth-v1,d002254,fam_m023521,test,test_product_like,2025-09-05T10:10:00Z,routine,established_contact,false,false,true
med-synth-v1,d002255,fam_m023529,test,test_product_like,2025-09-05T10:40:00Z,routine,established_contact,false,false,true
med-synth-v1,d002256,fam_m023539,test,test_product_like,2025-09-05T10:50:00Z,routine,established_contact,false,false,true
med-synth-v1,d002257,fam_m023541,test,test_product_like,2025-09-05T10:51:00Z,routine,established_contact,false,false,true
med-synth-v1,d002258,fam_m023553,test,test_product_like,2025-09-05T11:01:00Z,routine,established_contact,false,false,true
med-synth-v1,d002259,fam_m023563,test,test_product_like,2025-09-05T11:10:00Z,routine,established_contact,false,false,true
med-synth-v1,d002260,fam_m023565,test,test_product_like,2025-09-05T11:11:00Z,routine,established_contact,false,false,true
med-synth-v1,d002261,fam_m023599,test,test_product_like,2025-09-05T11:50:00Z,S05,external_purchase,false,false,true
med-synth-v1,d002262,fam_m023611,test,test_product_like,2025-09-05T12:00:00Z,S05,external_purchase,false,false,true
med-synth-v1,d002263,fam_m023613,test,test_product_like,2025-09-05T12:01:00Z,S05,external_purchase,false,false,true
med-synth-v1,d002264,fam_m023623,test,test_product_like,2025-09-05T12:10:00Z,S05,external_purchase,false,false,true
med-synth-v1,d002265,fam_m023625,test,test_product_like,2025-09-05T12:11:00Z,S05,external_purchase,false,false,true
med-synth-v1,d002266,fam_m023635,test,test_product_like,2025-09-05T13:00:00Z,routine,established_contact,false,false,true
med-synth-v1,d002267,fam_m023655,test,test_product_like,2025-09-05T14:40:00Z,routine,established_contact,false,false,true
med-synth-v1,d002268,fam_m023665,test,test_product_like,2025-09-08T09:00:00Z,S05,internal_project,false,false,true
med-synth-v1,d002269,fam_m023667,test,test_product_like,2025-09-08T09:01:00Z,S05,internal_project,false,false,true
med-synth-v1,d002270,fam_m023669,test,test_product_like,2025-09-08T09:02:00Z,S05,internal_project,false,false,true
med-synth-v1,d002271,fam_m023673,test,test_product_like,2025-09-08T09:04:00Z,S05,internal_project,false,false,true
med-synth-v1,d002272,fam_m023675,test,test_product_like,2025-09-08T09:05:00Z,S05,internal_project,false,false,true
med-synth-v1,d002273,fam_m023677,test,test_product_like,2025-09-08T09:06:00Z,S05,internal_project,false,false,true
med-synth-v1,d002274,fam_m023679,test,test_product_like,2025-09-08T09:07:00Z,S05,internal_project,false,false,true
med-synth-v1,d002275,fam_m023753,test,test_product_like,2025-09-08T09:20:00Z,routine,established_contact,false,false,true
med-synth-v1,d002276,fam_m023765,test,test_product_like,2025-09-08T09:30:00Z,routine,established_contact,false,false,true
med-synth-v1,d002277,fam_m023767,test,test_product_like,2025-09-08T09:31:00Z,routine,established_contact,false,false,true
med-synth-v1,d002278,fam_m023797,test,test_product_like,2025-09-08T10:30:00Z,routine,established_contact,false,false,true
med-synth-v1,d002279,fam_m023803,test,test_product_like,2025-09-08T10:50:00Z,routine,established_contact,false,false,true
med-synth-v1,d002280,fam_m023815,test,test_product_like,2025-09-08T11:00:00Z,routine,established_contact,false,false,true
med-synth-v1,d002281,fam_m023817,test,test_product_like,2025-09-08T11:01:00Z,routine,established_contact,false,false,true
med-synth-v1,d002282,fam_m023827,test,test_product_like,2025-09-08T11:10:00Z,routine,established_contact,false,false,true
med-synth-v1,d002283,fam_m023829,test,test_product_like,2025-09-08T11:11:00Z,routine,established_contact,false,false,true
med-synth-v1,d002284,fam_m023863,test,test_product_like,2025-09-08T11:50:00Z,S05,external_purchase,false,false,true
med-synth-v1,d002285,fam_m023875,test,test_product_like,2025-09-08T12:00:00Z,S05,external_purchase,false,false,true
med-synth-v1,d002286,fam_m023877,test,test_product_like,2025-09-08T12:01:00Z,S05,external_purchase,false,false,true
med-synth-v1,d002287,fam_m023887,test,test_product_like,2025-09-08T12:10:00Z,S05,external_purchase,false,false,true
med-synth-v1,d002288,fam_m023889,test,test_product_like,2025-09-08T12:11:00Z,S05,external_purchase,false,false,true
med-synth-v1,d002289,fam_m023909,test,test_product_like,2025-09-08T13:10:00Z,routine,established_contact,false,false,true
med-synth-v1,d002290,fam_m023919,test,test_product_like,2025-09-08T14:00:00Z,routine,established_contact,false,false,true
med-synth-v1,d002291,fam_m023929,test,test_product_like,2025-09-08T14:50:00Z,routine,established_contact,false,false,true
med-synth-v1,d002098,fam_m023681,test,test_diagnostic,2025-09-09T09:00:00Z,S08,unintended_cc,true,false,true
med-synth-v1,d002099,fam_m023681,test,test_diagnostic,2025-09-09T09:00:00Z,S08,clean_twin,false,false,true
med-synth-v1,d002292,fam_m023683,test,test_product_like,2025-09-09T09:01:00Z,S05,internal_project,false,false,true
med-synth-v1,d002293,fam_m023685,test,test_product_like,2025-09-09T09:02:00Z,S05,internal_project,false,false,true
med-synth-v1,d002294,fam_m023689,test,test_product_like,2025-09-09T09:04:00Z,S05,internal_project,false,false,true
med-synth-v1,d002295,fam_m023691,test,test_product_like,2025-09-09T09:05:00Z,S05,internal_project,false,false,true
med-synth-v1,d002296,fam_m023693,test,test_product_like,2025-09-09T09:06:00Z,S05,internal_project,false,false,true
med-synth-v1,d002297,fam_m023695,test,test_product_like,2025-09-09T09:07:00Z,S05,internal_project,false,false,true
med-synth-v1,d002298,fam_m023747,test,test_product_like,2025-09-09T09:11:00Z,routine,established_contact,false,false,true
med-synth-v1,d002299,fam_m023777,test,test_product_like,2025-09-09T09:40:00Z,routine,established_contact,false,false,true
med-synth-v1,d002300,fam_m023779,test,test_product_like,2025-09-09T09:41:00Z,routine,established_contact,false,false,true
med-synth-v1,d002301,fam_m023789,test,test_product_like,2025-09-09T10:00:00Z,routine,established_contact,false,false,true
med-synth-v1,d002302,fam_m023839,test,test_product_like,2025-09-09T11:20:00Z,routine,established_contact,false,false,true
med-synth-v1,d002303,fam_m023847,test,test_product_like,2025-09-09T11:30:00Z,routine,established_contact,false,false,true
med-synth-v1,d002304,fam_m023849,test,test_product_like,2025-09-09T11:31:00Z,routine,established_contact,false,false,true
med-synth-v1,d002305,fam_m023855,test,test_product_like,2025-09-09T11:40:00Z,routine,established_contact,false,false,true
med-synth-v1,d002306,fam_m023857,test,test_product_like,2025-09-09T11:41:00Z,routine,established_contact,false,false,true
med-synth-v1,d002307,fam_m023911,test,test_product_like,2025-09-09T13:20:00Z,routine,established_contact,false,false,true
med-synth-v1,d002308,fam_m023921,test,test_product_like,2025-09-09T14:10:00Z,routine,established_contact,false,false,true
med-synth-v1,d002309,fam_m023931,test,test_product_like,2025-09-09T15:00:00Z,routine,established_contact,false,false,true
med-synth-v1,d002310,fam_m023697,test,test_product_like,2025-09-10T09:00:00Z,S05,internal_project,false,false,true
med-synth-v1,d002311,fam_m023699,test,test_product_like,2025-09-10T09:01:00Z,S05,internal_project,false,false,true
med-synth-v1,d002312,fam_m023703,test,test_product_like,2025-09-10T09:03:00Z,S05,internal_project,false,false,true
med-synth-v1,d002313,fam_m023705,test,test_product_like,2025-09-10T09:04:00Z,S05,internal_project,false,false,true
med-synth-v1,d002314,fam_m023707,test,test_product_like,2025-09-10T09:05:00Z,S05,internal_project,false,false,true
med-synth-v1,d002315,fam_m023709,test,test_product_like,2025-09-10T09:06:00Z,S05,internal_project,false,false,true
med-synth-v1,d002316,fam_m023757,test,test_product_like,2025-09-10T09:20:00Z,routine,established_contact,false,false,true
med-synth-v1,d002317,fam_m023759,test,test_product_like,2025-09-10T09:21:00Z,routine,established_contact,false,false,true
med-synth-v1,d002318,fam_m023769,test,test_product_like,2025-09-10T09:30:00Z,routine,established_contact,false,false,true
med-synth-v1,d002319,fam_m023771,test,test_product_like,2025-09-10T09:31:00Z,routine,established_contact,false,false,true
med-synth-v1,d002320,fam_m023785,test,test_product_like,2025-09-10T09:50:00Z,routine,established_contact,false,false,true
med-synth-v1,d002321,fam_m023807,test,test_product_like,2025-09-10T10:50:00Z,routine,established_contact,false,false,true
med-synth-v1,d002322,fam_m023809,test,test_product_like,2025-09-10T10:51:00Z,routine,established_contact,false,false,true
med-synth-v1,d002323,fam_m023819,test,test_product_like,2025-09-10T11:00:00Z,routine,established_contact,false,false,true
med-synth-v1,d002324,fam_m023821,test,test_product_like,2025-09-10T11:01:00Z,routine,established_contact,false,false,true
med-synth-v1,d002325,fam_m023833,test,test_product_like,2025-09-10T11:11:00Z,routine,established_contact,false,false,true
med-synth-v1,d002326,fam_m023867,test,test_product_like,2025-09-10T11:50:00Z,S05,external_purchase,false,false,true
med-synth-v1,d002327,fam_m023869,test,test_product_like,2025-09-10T11:51:00Z,S05,external_purchase,false,false,true
med-synth-v1,d002328,fam_m023879,test,test_product_like,2025-09-10T12:00:00Z,S05,external_purchase,false,false,true
med-synth-v1,d002329,fam_m023881,test,test_product_like,2025-09-10T12:01:00Z,S05,external_purchase,false,false,true
med-synth-v1,d002330,fam_m023893,test,test_product_like,2025-09-10T12:11:00Z,S05,external_purchase,false,false,true
med-synth-v1,d002331,fam_m023903,test,test_product_like,2025-09-10T12:40:00Z,routine,established_contact,false,false,true
med-synth-v1,d002332,fam_m023913,test,test_product_like,2025-09-10T13:30:00Z,routine,established_contact,false,false,true
med-synth-v1,d002333,fam_m023923,test,test_product_like,2025-09-10T14:20:00Z,routine,established_contact,false,false,true
med-synth-v1,d002134,fam_m028358,test,test_product_like,2025-09-10T18:00:00Z,S03,legitimate_first_contact,false,false,true
med-synth-v1,d002139,fam_m028368,test,test_product_like,2025-09-10T19:00:00Z,S06,legitimate_new_domain,false,false,true
med-synth-v1,d002144,fam_m028378,test,test_product_like,2025-09-10T20:00:00Z,S07,legitimate_topic_change,false,false,true
med-synth-v1,d002149,fam_m028388,test,test_product_like,2025-09-10T21:00:00Z,S09,cold_start_legitimate,false,false,true
med-synth-v1,d002153,fam_m028396,test,test_product_like,2025-09-10T21:30:00Z,S09,little_text_legitimate,false,false,true
med-synth-v1,d002334,fam_m023713,test,test_product_like,2025-09-11T09:00:00Z,S05,internal_project,false,false,true
med-synth-v1,d002335,fam_m023715,test,test_product_like,2025-09-11T09:01:00Z,S05,internal_project,false,false,true
med-synth-v1,d002336,fam_m023717,test,test_product_like,2025-09-11T09:02:00Z,S05,internal_project,false,false,true
med-synth-v1,d002337,fam_m023719,test,test_product_like,2025-09-11T09:03:00Z,S05,internal_project,false,false,true
med-synth-v1,d002338,fam_m023721,test,test_product_like,2025-09-11T09:04:00Z,S05,internal_project,false,false,true
med-synth-v1,d002339,fam_m023725,test,test_product_like,2025-09-11T09:06:00Z,S05,internal_project,false,false,true
med-synth-v1,d002340,fam_m023727,test,test_product_like,2025-09-11T09:07:00Z,S05,internal_project,false,false,true
med-synth-v1,d002341,fam_m023749,test,test_product_like,2025-09-11T09:10:00Z,routine,established_contact,false,false,true
med-synth-v1,d002342,fam_m023751,test,test_product_like,2025-09-11T09:11:00Z,routine,established_contact,false,false,true
med-synth-v1,d002343,fam_m023783,test,test_product_like,2025-09-11T09:41:00Z,routine,established_contact,false,false,true
med-synth-v1,d002344,fam_m023795,test,test_product_like,2025-09-11T10:20:00Z,routine,established_contact,false,false,true
med-synth-v1,d002345,fam_m023799,test,test_product_like,2025-09-11T10:30:00Z,routine,established_contact,false,false,true
med-synth-v1,d002346,fam_m023843,test,test_product_like,2025-09-11T11:20:00Z,routine,established_contact,false,false,true
med-synth-v1,d002347,fam_m023845,test,test_product_like,2025-09-11T11:21:00Z,routine,established_contact,false,false,true
med-synth-v1,d002348,fam_m023853,test,test_product_like,2025-09-11T11:31:00Z,routine,established_contact,false,false,true
med-synth-v1,d002349,fam_m023859,test,test_product_like,2025-09-11T11:40:00Z,routine,established_contact,false,false,true
med-synth-v1,d002350,fam_m023861,test,test_product_like,2025-09-11T11:41:00Z,routine,established_contact,false,false,true
med-synth-v1,d002351,fam_m023905,test,test_product_like,2025-09-11T12:50:00Z,routine,established_contact,false,false,true
med-synth-v1,d002352,fam_m023925,test,test_product_like,2025-09-11T14:30:00Z,routine,established_contact,false,false,true
med-synth-v1,d002353,fam_m023935,test,test_product_like,2025-09-11T15:20:00Z,routine,established_contact,false,false,true
med-synth-v1,d002354,fam_m023729,test,test_product_like,2025-09-12T09:00:00Z,S05,internal_project,false,false,true
med-synth-v1,d002355,fam_m023731,test,test_product_like,2025-09-12T09:01:00Z,S05,internal_project,false,false,true
med-synth-v1,d002356,fam_m023733,test,test_product_like,2025-09-12T09:02:00Z,S05,internal_project,false,false,true
med-synth-v1,d002357,fam_m023737,test,test_product_like,2025-09-12T09:04:00Z,S05,internal_project,false,false,true
med-synth-v1,d002358,fam_m023739,test,test_product_like,2025-09-12T09:05:00Z,S05,internal_project,false,false,true
med-synth-v1,d002359,fam_m023741,test,test_product_like,2025-09-12T09:06:00Z,S05,internal_project,false,false,true
med-synth-v1,d002360,fam_m023743,test,test_product_like,2025-09-12T09:07:00Z,S05,internal_project,false,false,true
med-synth-v1,d002361,fam_m023763,test,test_product_like,2025-09-12T09:21:00Z,routine,established_contact,false,false,true
med-synth-v1,d002362,fam_m023773,test,test_product_like,2025-09-12T09:30:00Z,routine,established_contact,false,false,true
med-synth-v1,d002363,fam_m023775,test,test_product_like,2025-09-12T09:31:00Z,routine,established_contact,false,false,true
med-synth-v1,d002364,fam_m023791,test,test_product_like,2025-09-12T10:00:00Z,routine,established_contact,false,false,true
med-synth-v1,d002365,fam_m023793,test,test_product_like,2025-09-12T10:10:00Z,routine,established_contact,false,false,true
med-synth-v1,d002366,fam_m023811,test,test_product_like,2025-09-12T10:50:00Z,routine,established_contact,false,false,true
med-synth-v1,d002367,fam_m023813,test,test_product_like,2025-09-12T10:51:00Z,routine,established_contact,false,false,true
med-synth-v1,d002368,fam_m023823,test,test_product_like,2025-09-12T11:00:00Z,routine,established_contact,false,false,true
med-synth-v1,d002369,fam_m023825,test,test_product_like,2025-09-12T11:01:00Z,routine,established_contact,false,false,true
med-synth-v1,d002370,fam_m023837,test,test_product_like,2025-09-12T11:11:00Z,routine,established_contact,false,false,true
med-synth-v1,d002371,fam_m023871,test,test_product_like,2025-09-12T11:50:00Z,S05,external_purchase,false,false,true
med-synth-v1,d002372,fam_m023873,test,test_product_like,2025-09-12T11:51:00Z,S05,external_purchase,false,false,true
med-synth-v1,d002373,fam_m023883,test,test_product_like,2025-09-12T12:00:00Z,S05,external_purchase,false,false,true
med-synth-v1,d002374,fam_m023885,test,test_product_like,2025-09-12T12:01:00Z,S05,external_purchase,false,false,true
med-synth-v1,d002375,fam_m023897,test,test_product_like,2025-09-12T12:11:00Z,S05,external_purchase,false,false,true
med-synth-v1,d002376,fam_m023907,test,test_product_like,2025-09-12T13:00:00Z,routine,established_contact,false,false,true
med-synth-v1,d002377,fam_m023917,test,test_product_like,2025-09-12T13:50:00Z,routine,established_contact,false,false,true
med-synth-v1,d002378,fam_m023927,test,test_product_like,2025-09-12T14:40:00Z,routine,established_contact,false,false,true
med-synth-v1,d002379,fam_m023939,test,test_product_like,2025-09-15T09:01:00Z,S05,internal_project,false,false,true
med-synth-v1,d002380,fam_m023941,test,test_product_like,2025-09-15T09:02:00Z,S05,internal_project,false,false,true
med-synth-v1,d002381,fam_m023943,test,test_product_like,2025-09-15T09:03:00Z,S05,internal_project,false,false,true
med-synth-v1,d002382,fam_m023945,test,test_product_like,2025-09-15T09:04:00Z,S05,internal_project,false,false,true
med-synth-v1,d002383,fam_m023947,test,test_product_like,2025-09-15T09:05:00Z,S05,internal_project,false,false,true
med-synth-v1,d002384,fam_m023951,test,test_product_like,2025-09-15T09:07:00Z,S05,internal_project,false,false,true
med-synth-v1,d002385,fam_m024025,test,test_product_like,2025-09-15T09:20:00Z,routine,established_contact,false,false,true
med-synth-v1,d002386,fam_m024027,test,test_product_like,2025-09-15T09:21:00Z,routine,established_contact,false,false,true
med-synth-v1,d002387,fam_m024037,test,test_product_like,2025-09-15T09:30:00Z,routine,established_contact,false,false,true
med-synth-v1,d002388,fam_m024039,test,test_product_like,2025-09-15T09:31:00Z,routine,established_contact,false,false,true
med-synth-v1,d002389,fam_m024075,test,test_product_like,2025-09-15T10:50:00Z,routine,established_contact,false,false,true
med-synth-v1,d002390,fam_m024077,test,test_product_like,2025-09-15T10:51:00Z,routine,established_contact,false,false,true
med-synth-v1,d002391,fam_m024087,test,test_product_like,2025-09-15T11:00:00Z,routine,established_contact,false,false,true
med-synth-v1,d002392,fam_m024089,test,test_product_like,2025-09-15T11:01:00Z,routine,established_contact,false,false,true
med-synth-v1,d002393,fam_m024101,test,test_product_like,2025-09-15T11:11:00Z,routine,established_contact,false,false,true
med-synth-v1,d002394,fam_m024135,test,test_product_like,2025-09-15T11:50:00Z,S05,external_purchase,false,false,true
med-synth-v1,d002395,fam_m024137,test,test_product_like,2025-09-15T11:51:00Z,S05,external_purchase,false,false,true
med-synth-v1,d002396,fam_m024147,test,test_product_like,2025-09-15T12:00:00Z,S05,external_purchase,false,false,true
med-synth-v1,d002397,fam_m024149,test,test_product_like,2025-09-15T12:01:00Z,S05,external_purchase,false,false,true
med-synth-v1,d002398,fam_m024161,test,test_product_like,2025-09-15T12:11:00Z,S05,external_purchase,false,false,true
med-synth-v1,d002399,fam_m024171,test,test_product_like,2025-09-15T12:20:00Z,routine,established_contact,false,false,true
med-synth-v1,d002400,fam_m024181,test,test_product_like,2025-09-15T13:10:00Z,routine,established_contact,false,false,true
med-synth-v1,d002401,fam_m024191,test,test_product_like,2025-09-15T14:00:00Z,routine,established_contact,false,false,true
med-synth-v1,d002402,fam_m023953,test,test_product_like,2025-09-16T09:00:00Z,S05,internal_project,false,false,true
med-synth-v1,d002403,fam_m023955,test,test_product_like,2025-09-16T09:01:00Z,S05,internal_project,false,false,true
med-synth-v1,d002404,fam_m023957,test,test_product_like,2025-09-16T09:02:00Z,S05,internal_project,false,false,true
med-synth-v1,d002405,fam_m023959,test,test_product_like,2025-09-16T09:03:00Z,S05,internal_project,false,false,true
med-synth-v1,d002406,fam_m023961,test,test_product_like,2025-09-16T09:04:00Z,S05,internal_project,false,false,true
med-synth-v1,d002407,fam_m023965,test,test_product_like,2025-09-16T09:06:00Z,S05,internal_project,false,false,true
med-synth-v1,d002408,fam_m023967,test,test_product_like,2025-09-16T09:07:00Z,S05,internal_project,false,false,true
med-synth-v1,d002409,fam_m024017,test,test_product_like,2025-09-16T09:10:00Z,routine,established_contact,false,false,true
med-synth-v1,d002410,fam_m024019,test,test_product_like,2025-09-16T09:11:00Z,routine,established_contact,false,false,true
med-synth-v1,d002411,fam_m024051,test,test_product_like,2025-09-16T09:41:00Z,routine,established_contact,false,false,true
med-synth-v1,d002412,fam_m024061,test,test_product_like,2025-09-16T10:00:00Z,routine,established_contact,false,false,true
med-synth-v1,d002413,fam_m024111,test,test_product_like,2025-09-16T11:20:00Z,routine,established_contact,false,false,true
med-synth-v1,d002414,fam_m024113,test,test_product_like,2025-09-16T11:21:00Z,routine,established_contact,false,false,true
med-synth-v1,d002415,fam_m024119,test,test_product_like,2025-09-16T11:30:00Z,routine,established_contact,false,false,true
med-synth-v1,d002416,fam_m024127,test,test_product_like,2025-09-16T11:40:00Z,routine,established_contact,false,false,true
med-synth-v1,d002417,fam_m024129,test,test_product_like,2025-09-16T11:41:00Z,routine,established_contact,false,false,true
med-synth-v1,d002418,fam_m024173,test,test_product_like,2025-09-16T12:30:00Z,routine,established_contact,false,false,true
med-synth-v1,d002419,fam_m024183,test,test_product_like,2025-09-16T13:20:00Z,routine,established_contact,false,false,true
med-synth-v1,d002420,fam_m024203,test,test_product_like,2025-09-16T15:00:00Z,routine,established_contact,false,false,true
med-synth-v1,d002100,fam_m023969,test,test_diagnostic,2025-09-17T09:00:00Z,S08,unintended_cc,true,false,true
med-synth-v1,d002101,fam_m023969,test,test_diagnostic,2025-09-17T09:00:00Z,S08,clean_twin,false,false,true
med-synth-v1,d002421,fam_m023971,test,test_product_like,2025-09-17T09:01:00Z,S05,internal_project,false,false,true
med-synth-v1,d002422,fam_m023973,test,test_product_like,2025-09-17T09:02:00Z,S05,internal_project,false,false,true
med-synth-v1,d002423,fam_m023975,test,test_product_like,2025-09-17T09:03:00Z,S05,internal_project,false,false,true
med-synth-v1,d002424,fam_m023977,test,test_product_like,2025-09-17T09:04:00Z,S05,internal_project,false,false,true
med-synth-v1,d002425,fam_m023981,test,test_product_like,2025-09-17T09:06:00Z,S05,internal_project,false,false,true
med-synth-v1,d002426,fam_m023983,test,test_product_like,2025-09-17T09:07:00Z,S05,internal_project,false,false,true
med-synth-v1,d002427,fam_m024029,test,test_product_like,2025-09-17T09:20:00Z,routine,established_contact,false,false,true
med-synth-v1,d002428,fam_m024031,test,test_product_like,2025-09-17T09:21:00Z,routine,established_contact,false,false,true
med-synth-v1,d002429,fam_m024043,test,test_product_like,2025-09-17T09:31:00Z,routine,established_contact,false,false,true
med-synth-v1,d002430,fam_m024057,test,test_product_like,2025-09-17T09:50:00Z,routine,established_contact,false,false,true
med-synth-v1,d002431,fam_m024059,test,test_product_like,2025-09-17T09:51:00Z,routine,established_contact,false,false,true
med-synth-v1,d002432,fam_m024079,test,test_product_like,2025-09-17T10:50:00Z,routine,established_contact,false,false,true
med-synth-v1,d002433,fam_m024081,test,test_product_like,2025-09-17T10:51:00Z,routine,established_contact,false,false,true
med-synth-v1,d002434,fam_m024093,test,test_product_like,2025-09-17T11:01:00Z,routine,established_contact,false,false,true
med-synth-v1,d002435,fam_m024103,test,test_product_like,2025-09-17T11:10:00Z,routine,established_contact,false,false,true
med-synth-v1,d002436,fam_m024105,test,test_product_like,2025-09-17T11:11:00Z,routine,established_contact,false,false,true
med-synth-v1,d002437,fam_m024139,test,test_product_like,2025-09-17T11:50:00Z,S05,external_purchase,false,false,true
med-synth-v1,d002438,fam_m024151,test,test_product_like,2025-09-17T12:00:00Z,S05,external_purchase,false,false,true
med-synth-v1,d002439,fam_m024153,test,test_product_like,2025-09-17T12:01:00Z,S05,external_purchase,false,false,true
med-synth-v1,d002440,fam_m024163,test,test_product_like,2025-09-17T12:10:00Z,S05,external_purchase,false,false,true
med-synth-v1,d002441,fam_m024165,test,test_product_like,2025-09-17T12:11:00Z,S05,external_purchase,false,false,true
med-synth-v1,d002442,fam_m024175,test,test_product_like,2025-09-17T12:40:00Z,routine,established_contact,false,false,true
med-synth-v1,d002443,fam_m024195,test,test_product_like,2025-09-17T14:20:00Z,routine,established_contact,false,false,true
med-synth-v1,d002444,fam_m024205,test,test_product_like,2025-09-17T15:10:00Z,routine,established_contact,false,false,true
med-synth-v1,d002445,fam_m023985,test,test_product_like,2025-09-18T09:00:00Z,S05,internal_project,false,false,true
med-synth-v1,d002446,fam_m023987,test,test_product_like,2025-09-18T09:01:00Z,S05,internal_project,false,false,true
med-synth-v1,d002447,fam_m023991,test,test_product_like,2025-09-18T09:03:00Z,S05,internal_project,false,false,true
med-synth-v1,d002448,fam_m023993,test,test_product_like,2025-09-18T09:04:00Z,S05,internal_project,false,false,true
med-synth-v1,d002449,fam_m023995,test,test_product_like,2025-09-18T09:05:00Z,S05,internal_project,false,false,true
med-synth-v1,d002450,fam_m023997,test,test_product_like,2025-09-18T09:06:00Z,S05,internal_project,false,false,true
med-synth-v1,d002451,fam_m023999,test,test_product_like,2025-09-18T09:07:00Z,S05,internal_project,false,false,true
med-synth-v1,d002077,fam_m024021,test,test_product_like,2025-09-18T09:10:00Z,S02,added_external,true,false,true
med-synth-v1,d002452,fam_m024053,test,test_product_like,2025-09-18T09:40:00Z,routine,established_contact,false,false,true
med-synth-v1,d002453,fam_m024055,test,test_product_like,2025-09-18T09:41:00Z,routine,established_contact,false,false,true
med-synth-v1,d002454,fam_m024067,test,test_product_like,2025-09-18T10:20:00Z,routine,established_contact,false,false,true
med-synth-v1,d002455,fam_m024071,test,test_product_like,2025-09-18T10:30:00Z,routine,established_contact,false,false,true
med-synth-v1,d002456,fam_m024117,test,test_product_like,2025-09-18T11:21:00Z,routine,established_contact,false,false,true
med-synth-v1,d002457,fam_m024123,test,test_product_like,2025-09-18T11:30:00Z,routine,established_contact,false,false,true
med-synth-v1,d002458,fam_m024125,test,test_product_like,2025-09-18T11:31:00Z,routine,established_contact,false,false,true
med-synth-v1,d002459,fam_m024131,test,test_product_like,2025-09-18T11:40:00Z,routine,established_contact,false,false,true
med-synth-v1,d002460,fam_m024133,test,test_product_like,2025-09-18T11:41:00Z,routine,established_contact,false,false,true
med-synth-v1,d002461,fam_m024187,test,test_product_like,2025-09-18T13:40:00Z,routine,established_contact,false,false,true
med-synth-v1,d002462,fam_m024197,test,test_product_like,2025-09-18T14:30:00Z,routine,established_contact,false,false,true
med-synth-v1,d002463,fam_m024207,test,test_product_like,2025-09-18T15:20:00Z,routine,established_contact,false,false,true
med-synth-v1,d002464,fam_m024001,test,test_product_like,2025-09-19T09:00:00Z,S05,internal_project,false,false,true
med-synth-v1,d002465,fam_m024005,test,test_product_like,2025-09-19T09:02:00Z,S05,internal_project,false,false,true
med-synth-v1,d002466,fam_m024007,test,test_product_like,2025-09-19T09:03:00Z,S05,internal_project,false,false,true
med-synth-v1,d002467,fam_m024009,test,test_product_like,2025-09-19T09:04:00Z,S05,internal_project,false,false,true
med-synth-v1,d002468,fam_m024011,test,test_product_like,2025-09-19T09:05:00Z,S05,internal_project,false,false,true
med-synth-v1,d002469,fam_m024013,test,test_product_like,2025-09-19T09:06:00Z,S05,internal_project,false,false,true
med-synth-v1,d002470,fam_m024033,test,test_product_like,2025-09-19T09:20:00Z,routine,established_contact,false,false,true
med-synth-v1,d002471,fam_m024035,test,test_product_like,2025-09-19T09:21:00Z,routine,established_contact,false,false,true
med-synth-v1,d002472,fam_m024045,test,test_product_like,2025-09-19T09:30:00Z,routine,established_contact,false,false,true
med-synth-v1,d002473,fam_m024047,test,test_product_like,2025-09-19T09:31:00Z,routine,established_contact,false,false,true
med-synth-v1,d002474,fam_m024065,test,test_product_like,2025-09-19T10:10:00Z,routine,established_contact,false,false,true
med-synth-v1,d002475,fam_m024073,test,test_product_like,2025-09-19T10:40:00Z,routine,established_contact,false,false,true
med-synth-v1,d002476,fam_m024083,test,test_product_like,2025-09-19T10:50:00Z,routine,established_contact,false,false,true
med-synth-v1,d002477,fam_m024085,test,test_product_like,2025-09-19T10:51:00Z,routine,established_contact,false,false,true
med-synth-v1,d002478,fam_m024095,test,test_product_like,2025-09-19T11:00:00Z,routine,established_contact,false,false,true
med-synth-v1,d002479,fam_m024107,test,test_product_like,2025-09-19T11:10:00Z,routine,established_contact,false,false,true
med-synth-v1,d002480,fam_m024109,test,test_product_like,2025-09-19T11:11:00Z,routine,established_contact,false,false,true
med-synth-v1,d002481,fam_m024143,test,test_product_like,2025-09-19T11:50:00Z,S05,external_purchase,false,false,true
med-synth-v1,d002482,fam_m024145,test,test_product_like,2025-09-19T11:51:00Z,S05,external_purchase,false,false,true
med-synth-v1,d002483,fam_m024157,test,test_product_like,2025-09-19T12:01:00Z,S05,external_purchase,false,false,true
med-synth-v1,d002484,fam_m024167,test,test_product_like,2025-09-19T12:10:00Z,S05,external_purchase,false,false,true
med-synth-v1,d002485,fam_m024169,test,test_product_like,2025-09-19T12:11:00Z,S05,external_purchase,false,false,true
med-synth-v1,d002486,fam_m024179,test,test_product_like,2025-09-19T13:00:00Z,routine,established_contact,false,false,true
med-synth-v1,d002487,fam_m024189,test,test_product_like,2025-09-19T13:50:00Z,routine,established_contact,false,false,true
med-synth-v1,d002488,fam_m024209,test,test_product_like,2025-09-22T09:00:00Z,S05,internal_project,false,false,true
med-synth-v1,d002489,fam_m024211,test,test_product_like,2025-09-22T09:01:00Z,S05,internal_project,false,false,true
med-synth-v1,d002490,fam_m024213,test,test_product_like,2025-09-22T09:02:00Z,S05,internal_project,false,false,true
med-synth-v1,d002491,fam_m024215,test,test_product_like,2025-09-22T09:03:00Z,S05,internal_project,false,false,true
med-synth-v1,d002492,fam_m024219,test,test_product_like,2025-09-22T09:05:00Z,S05,internal_project,false,false,true
med-synth-v1,d002493,fam_m024221,test,test_product_like,2025-09-22T09:06:00Z,S05,internal_project,false,false,true
med-synth-v1,d002494,fam_m024223,test,test_product_like,2025-09-22T09:07:00Z,S05,internal_project,false,false,true
med-synth-v1,d002088,fam_m024297,test,test_product_like,2025-09-22T09:20:00Z,S04,familiar_topic_mismatch,true,false,true
med-synth-v1,d002495,fam_m024299,test,test_product_like,2025-09-22T09:21:00Z,routine,established_contact,false,false,true
med-synth-v1,d002496,fam_m024309,test,test_product_like,2025-09-22T09:30:00Z,routine,established_contact,false,false,true
med-synth-v1,d002497,fam_m024341,test,test_product_like,2025-09-22T10:30:00Z,routine,established_contact,false,false,true
med-synth-v1,d002498,fam_m024347,test,test_product_like,2025-09-22T10:50:00Z,routine,established_contact,false,false,true
med-synth-v1,d002499,fam_m024349,test,test_product_like,2025-09-22T10:51:00Z,routine,established_contact,false,false,true
med-synth-v1,d002500,fam_m024359,test,test_product_like,2025-09-22T11:00:00Z,routine,established_contact,false,false,true
med-synth-v1,d002501,fam_m024371,test,test_product_like,2025-09-22T11:10:00Z,routine,established_contact,false,false,true
med-synth-v1,d002502,fam_m024373,test,test_product_like,2025-09-22T11:11:00Z,routine,established_contact,false,false,true
med-synth-v1,d002503,fam_m024407,test,test_product_like,2025-09-22T11:50:00Z,S05,external_purchase,false,false,true
med-synth-v1,d002504,fam_m024409,test,test_product_like,2025-09-22T11:51:00Z,S05,external_purchase,false,false,true
med-synth-v1,d002505,fam_m024419,test,test_product_like,2025-09-22T12:00:00Z,S05,external_purchase,false,false,true
med-synth-v1,d002506,fam_m024431,test,test_product_like,2025-09-22T12:10:00Z,S05,external_purchase,false,false,true
med-synth-v1,d002507,fam_m024433,test,test_product_like,2025-09-22T12:11:00Z,S05,external_purchase,false,false,true
med-synth-v1,d002508,fam_m024443,test,test_product_like,2025-09-22T12:20:00Z,routine,established_contact,false,false,true
med-synth-v1,d002509,fam_m024453,test,test_product_like,2025-09-22T13:10:00Z,routine,established_contact,false,false,true
med-synth-v1,d002510,fam_m024473,test,test_product_like,2025-09-22T14:50:00Z,routine,established_contact,false,false,true
med-synth-v1,d002511,fam_m024225,test,test_product_like,2025-09-23T09:00:00Z,S05,internal_project,false,false,true
med-synth-v1,d002512,fam_m024227,test,test_product_like,2025-09-23T09:01:00Z,S05,internal_project,false,false,true
med-synth-v1,d002513,fam_m024229,test,test_product_like,2025-09-23T09:02:00Z,S05,internal_project,false,false,true
med-synth-v1,d002514,fam_m024231,test,test_product_like,2025-09-23T09:03:00Z,S05,internal_project,false,false,true
med-synth-v1,d002515,fam_m024235,test,test_product_like,2025-09-23T09:05:00Z,S05,internal_project,false,false,true
med-synth-v1,d002516,fam_m024237,test,test_product_like,2025-09-23T09:06:00Z,S05,internal_project,false,false,true
med-synth-v1,d002517,fam_m024239,test,test_product_like,2025-09-23T09:07:00Z,S05,internal_project,false,false,true
med-synth-v1,d002518,fam_m024289,test,test_product_like,2025-09-23T09:10:00Z,routine,established_contact,false,false,true
med-synth-v1,d002519,fam_m024321,test,test_product_like,2025-09-23T09:40:00Z,routine,established_contact,false,false,true
med-synth-v1,d002520,fam_m024323,test,test_product_like,2025-09-23T09:41:00Z,routine,established_contact,false,false,true
med-synth-v1,d002521,fam_m024333,test,test_product_like,2025-09-23T10:00:00Z,routine,established_contact,false,false,true
med-synth-v1,d002522,fam_m024383,test,test_product_like,2025-09-23T11:20:00Z,routine,established_contact,false,false,true
med-synth-v1,d002523,fam_m024385,test,test_product_like,2025-09-23T11:21:00Z,routine,established_contact,false,false,true
med-synth-v1,d002524,fam_m024393,test,test_product_like,2025-09-23T11:31:00Z,routine,established_contact,false,false,true
med-synth-v1,d002525,fam_m024399,test,test_product_like,2025-09-23T11:40:00Z,routine,established_contact,false,false,true
med-synth-v1,d002526,fam_m024401,test,test_product_like,2025-09-23T11:41:00Z,routine,established_contact,false,false,true
med-synth-v1,d002527,fam_m024445,test,test_product_like,2025-09-23T12:30:00Z,routine,established_contact,false,false,true
med-synth-v1,d002528,fam_m024465,test,test_product_like,2025-09-23T14:10:00Z,routine,established_contact,false,false,true
med-synth-v1,d002529,fam_m024475,test,test_product_like,2025-09-23T15:00:00Z,routine,established_contact,false,false,true
med-synth-v1,d002530,fam_m024241,test,test_product_like,2025-09-24T09:00:00Z,S05,internal_project,false,false,true
med-synth-v1,d002531,fam_m024243,test,test_product_like,2025-09-24T09:01:00Z,S05,internal_project,false,false,true
med-synth-v1,d002532,fam_m024245,test,test_product_like,2025-09-24T09:02:00Z,S05,internal_project,false,false,true
med-synth-v1,d002533,fam_m024249,test,test_product_like,2025-09-24T09:04:00Z,S05,internal_project,false,false,true
med-synth-v1,d002534,fam_m024251,test,test_product_like,2025-09-24T09:05:00Z,S05,internal_project,false,false,true
med-synth-v1,d002535,fam_m024253,test,test_product_like,2025-09-24T09:06:00Z,S05,internal_project,false,false,true
med-synth-v1,d002536,fam_m024255,test,test_product_like,2025-09-24T09:07:00Z,S05,internal_project,false,false,true
med-synth-v1,d002537,fam_m024303,test,test_product_like,2025-09-24T09:21:00Z,routine,established_contact,false,false,true
med-synth-v1,d002538,fam_m024313,test,test_product_like,2025-09-24T09:30:00Z,routine,established_contact,false,false,true
med-synth-v1,d002539,fam_m024315,test,test_product_like,2025-09-24T09:31:00Z,routine,established_contact,false,false,true
med-synth-v1,d002540,fam_m024329,test,test_product_like,2025-09-24T09:50:00Z,routine,established_contact,false,false,true
med-synth-v1,d002541,fam_m024331,test,test_product_like,2025-09-24T09:51:00Z,routine,established_contact,false,false,true
med-synth-v1,d002542,fam_m024353,test,test_product_like,2025-09-24T10:51:00Z,routine,established_contact,false,false,true
med-synth-v1,d002543,fam_m024363,test,test_product_like,2025-09-24T11:00:00Z,routine,established_contact,false,false,true
med-synth-v1,d002544,fam_m024365,test,test_product_like,2025-09-24T11:01:00Z,routine,established_contact,false,false,true
med-synth-v1,d002545,fam_m024375,test,test_product_like,2025-09-24T11:10:00Z,routine,established_contact,false,false,true
med-synth-v1,d002546,fam_m024411,test,test_product_like,2025-09-24T11:50:00Z,S05,external_purchase,false,false,true
med-synth-v1,d002547,fam_m024413,test,test_product_like,2025-09-24T11:51:00Z,S05,external_purchase,false,false,true
med-synth-v1,d002548,fam_m024423,test,test_product_like,2025-09-24T12:00:00Z,S05,external_purchase,false,false,true
med-synth-v1,d002549,fam_m024425,test,test_product_like,2025-09-24T12:01:00Z,S05,external_purchase,false,false,true
med-synth-v1,d002550,fam_m024435,test,test_product_like,2025-09-24T12:10:00Z,S05,external_purchase,false,false,true
med-synth-v1,d002551,fam_m024447,test,test_product_like,2025-09-24T12:40:00Z,routine,established_contact,false,false,true
med-synth-v1,d002552,fam_m024457,test,test_product_like,2025-09-24T13:30:00Z,routine,established_contact,false,false,true
med-synth-v1,d002553,fam_m024467,test,test_product_like,2025-09-24T14:20:00Z,routine,established_contact,false,false,true
med-synth-v1,d002554,fam_m024477,test,test_product_like,2025-09-24T15:10:00Z,routine,established_contact,false,false,true
med-synth-v1,d002102,fam_m024257,test,test_diagnostic,2025-09-25T09:00:00Z,S08,unintended_cc,true,false,true
med-synth-v1,d002103,fam_m024257,test,test_diagnostic,2025-09-25T09:00:00Z,S08,clean_twin,false,false,true
med-synth-v1,d002158,fam_m024259,test,test_product_like,2025-09-25T09:01:00Z,S05,internal_project,false,false,true
med-synth-v1,d002555,fam_m024263,test,test_product_like,2025-09-25T09:03:00Z,S05,internal_project,false,false,true
med-synth-v1,d002556,fam_m024265,test,test_product_like,2025-09-25T09:04:00Z,S05,internal_project,false,false,true
med-synth-v1,d002557,fam_m024267,test,test_product_like,2025-09-25T09:05:00Z,S05,internal_project,false,false,true
med-synth-v1,d002558,fam_m024269,test,test_product_like,2025-09-25T09:06:00Z,S05,internal_project,false,false,true
med-synth-v1,d002559,fam_m024271,test,test_product_like,2025-09-25T09:07:00Z,S05,internal_project,false,false,true
med-synth-v1,d002560,fam_m024295,test,test_product_like,2025-09-25T09:11:00Z,routine,established_contact,false,false,true
med-synth-v1,d002561,fam_m024325,test,test_product_like,2025-09-25T09:40:00Z,routine,established_contact,false,false,true
med-synth-v1,d002562,fam_m024327,test,test_product_like,2025-09-25T09:41:00Z,routine,established_contact,false,false,true
med-synth-v1,d002563,fam_m024339,test,test_product_like,2025-09-25T10:20:00Z,routine,established_contact,false,false,true
med-synth-v1,d002564,fam_m024387,test,test_product_like,2025-09-25T11:20:00Z,routine,established_contact,false,false,true
med-synth-v1,d002565,fam_m024389,test,test_product_like,2025-09-25T11:21:00Z,routine,established_contact,false,false,true
med-synth-v1,d002566,fam_m024395,test,test_product_like,2025-09-25T11:30:00Z,routine,established_contact,false,false,true
med-synth-v1,d002567,fam_m024397,test,test_product_like,2025-09-25T11:31:00Z,routine,established_contact,false,false,true
med-synth-v1,d002568,fam_m024403,test,test_product_like,2025-09-25T11:40:00Z,routine,established_contact,false,false,true
med-synth-v1,d002569,fam_m024449,test,test_product_like,2025-09-25T12:50:00Z,routine,established_contact,false,false,true
med-synth-v1,d002570,fam_m024459,test,test_product_like,2025-09-25T13:40:00Z,routine,established_contact,false,false,true
med-synth-v1,d002571,fam_m024469,test,test_product_like,2025-09-25T14:30:00Z,routine,established_contact,false,false,true
med-synth-v1,d002572,fam_m024479,test,test_product_like,2025-09-25T15:20:00Z,routine,established_contact,false,false,true
med-synth-v1,d002573,fam_m024275,test,test_product_like,2025-09-26T09:01:00Z,S05,internal_project,false,false,true
med-synth-v1,d002574,fam_m024277,test,test_product_like,2025-09-26T09:02:00Z,S05,internal_project,false,false,true
med-synth-v1,d002575,fam_m024279,test,test_product_like,2025-09-26T09:03:00Z,S05,internal_project,false,false,true
med-synth-v1,d002576,fam_m024281,test,test_product_like,2025-09-26T09:04:00Z,S05,internal_project,false,false,true
med-synth-v1,d002577,fam_m024283,test,test_product_like,2025-09-26T09:05:00Z,S05,internal_project,false,false,true
med-synth-v1,d002578,fam_m024287,test,test_product_like,2025-09-26T09:07:00Z,S05,internal_project,false,false,true
med-synth-v1,d002579,fam_m024305,test,test_product_like,2025-09-26T09:20:00Z,routine,established_contact,false,false,true
med-synth-v1,d002580,fam_m024307,test,test_product_like,2025-09-26T09:21:00Z,routine,established_contact,false,false,true
med-synth-v1,d002581,fam_m024317,test,test_product_like,2025-09-26T09:30:00Z,routine,established_contact,false,false,true
med-synth-v1,d002582,fam_m024335,test,test_product_like,2025-09-26T10:00:00Z,routine,established_contact,false,false,true
med-synth-v1,d002583,fam_m024337,test,test_product_like,2025-09-26T10:10:00Z,routine,established_contact,false,false,true
med-synth-v1,d002584,fam_m024345,test,test_product_like,2025-09-26T10:40:00Z,routine,established_contact,false,false,true
med-synth-v1,d002585,fam_m024355,test,test_product_like,2025-09-26T10:50:00Z,routine,established_contact,false,false,true
med-synth-v1,d002586,fam_m024357,test,test_product_like,2025-09-26T10:51:00Z,routine,established_contact,false,false,true
med-synth-v1,d002587,fam_m024369,test,test_product_like,2025-09-26T11:01:00Z,routine,established_contact,false,false,true
med-synth-v1,d002588,fam_m024379,test,test_product_like,2025-09-26T11:10:00Z,routine,established_contact,false,false,true
med-synth-v1,d002589,fam_m024381,test,test_product_like,2025-09-26T11:11:00Z,routine,established_contact,false,false,true
med-synth-v1,d002163,fam_m024415,test,test_product_like,2025-09-26T11:50:00Z,S05,external_purchase,false,false,true
med-synth-v1,d002590,fam_m024417,test,test_product_like,2025-09-26T11:51:00Z,S05,external_purchase,false,false,true
med-synth-v1,d002591,fam_m024429,test,test_product_like,2025-09-26T12:01:00Z,S05,external_purchase,false,false,true
med-synth-v1,d002592,fam_m024439,test,test_product_like,2025-09-26T12:10:00Z,S05,external_purchase,false,false,true
med-synth-v1,d002593,fam_m024441,test,test_product_like,2025-09-26T12:11:00Z,S05,external_purchase,false,false,true
med-synth-v1,d002594,fam_m024451,test,test_product_like,2025-09-26T13:00:00Z,routine,established_contact,false,false,true
med-synth-v1,d002595,fam_m024461,test,test_product_like,2025-09-26T13:50:00Z,routine,established_contact,false,false,true
med-synth-v1,d002596,fam_m024481,test,test_product_like,2025-09-29T09:00:00Z,S05,internal_project,false,false,true
med-synth-v1,d002597,fam_m024483,test,test_product_like,2025-09-29T09:01:00Z,S05,internal_project,false,false,true
med-synth-v1,d002598,fam_m024485,test,test_product_like,2025-09-29T09:02:00Z,S05,internal_project,false,false,true
med-synth-v1,d002599,fam_m024487,test,test_product_like,2025-09-29T09:03:00Z,S05,internal_project,false,false,true
med-synth-v1,d002600,fam_m024491,test,test_product_like,2025-09-29T09:05:00Z,S05,internal_project,false,false,true
med-synth-v1,d002601,fam_m024493,test,test_product_like,2025-09-29T09:06:00Z,S05,internal_project,false,false,true
med-synth-v1,d002602,fam_m024495,test,test_product_like,2025-09-29T09:07:00Z,S05,internal_project,false,false,true
med-synth-v1,d002603,fam_m024569,test,test_product_like,2025-09-29T09:20:00Z,routine,established_contact,false,false,true
med-synth-v1,d002604,fam_m024571,test,test_product_like,2025-09-29T09:21:00Z,routine,established_contact,false,false,true
med-synth-v1,d002605,fam_m024583,test,test_product_like,2025-09-29T09:31:00Z,routine,established_contact,false,false,true
med-synth-v1,d002606,fam_m024613,test,test_product_like,2025-09-29T10:30:00Z,routine,established_contact,false,false,true
med-synth-v1,d002607,fam_m024619,test,test_product_like,2025-09-29T10:50:00Z,routine,established_contact,false,false,true
med-synth-v1,d002608,fam_m024621,test,test_product_like,2025-09-29T10:51:00Z,routine,established_contact,false,false,true
med-synth-v1,d002609,fam_m024631,test,test_product_like,2025-09-29T11:00:00Z,routine,established_contact,false,false,true
med-synth-v1,d002610,fam_m024643,test,test_product_like,2025-09-29T11:10:00Z,routine,established_contact,false,false,true
med-synth-v1,d002611,fam_m024645,test,test_product_like,2025-09-29T11:11:00Z,routine,established_contact,false,false,true
med-synth-v1,d002612,fam_m024679,test,test_product_like,2025-09-29T11:50:00Z,S05,external_purchase,false,false,true
med-synth-v1,d002613,fam_m024681,test,test_product_like,2025-09-29T11:51:00Z,S05,external_purchase,false,false,true
med-synth-v1,d002614,fam_m024693,test,test_product_like,2025-09-29T12:01:00Z,S05,external_purchase,false,false,true
med-synth-v1,d002615,fam_m024703,test,test_product_like,2025-09-29T12:10:00Z,S05,external_purchase,false,false,true
med-synth-v1,d002616,fam_m024705,test,test_product_like,2025-09-29T12:11:00Z,S05,external_purchase,false,false,true
med-synth-v1,d002617,fam_m024715,test,test_product_like,2025-09-29T12:20:00Z,routine,established_contact,false,false,true
med-synth-v1,d002618,fam_m024725,test,test_product_like,2025-09-29T13:10:00Z,routine,established_contact,false,false,true
med-synth-v1,d002619,fam_m024745,test,test_product_like,2025-09-29T14:50:00Z,routine,established_contact,false,false,true
med-synth-v1,d002620,fam_m024497,test,test_product_like,2025-09-30T09:00:00Z,S05,internal_project,false,false,true
med-synth-v1,d002621,fam_m024499,test,test_product_like,2025-09-30T09:01:00Z,S05,internal_project,false,false,true
med-synth-v1,d002622,fam_m024501,test,test_product_like,2025-09-30T09:02:00Z,S05,internal_project,false,false,true
med-synth-v1,d002623,fam_m024505,test,test_product_like,2025-09-30T09:04:00Z,S05,internal_project,false,false,true
med-synth-v1,d002624,fam_m024507,test,test_product_like,2025-09-30T09:05:00Z,S05,internal_project,false,false,true
med-synth-v1,d002625,fam_m024509,test,test_product_like,2025-09-30T09:06:00Z,S05,internal_project,false,false,true
med-synth-v1,d002626,fam_m024511,test,test_product_like,2025-09-30T09:07:00Z,S05,internal_project,false,false,true
med-synth-v1,d002627,fam_m024561,test,test_product_like,2025-09-30T09:10:00Z,routine,established_contact,false,false,true
med-synth-v1,d002628,fam_m024593,test,test_product_like,2025-09-30T09:40:00Z,routine,established_contact,false,false,true
med-synth-v1,d002629,fam_m024595,test,test_product_like,2025-09-30T09:41:00Z,routine,established_contact,false,false,true
med-synth-v1,d002630,fam_m024605,test,test_product_like,2025-09-30T10:00:00Z,routine,established_contact,false,false,true
med-synth-v1,d002631,fam_m024655,test,test_product_like,2025-09-30T11:20:00Z,routine,established_contact,false,false,true
med-synth-v1,d002632,fam_m024663,test,test_product_like,2025-09-30T11:30:00Z,routine,established_contact,false,false,true
med-synth-v1,d002633,fam_m024665,test,test_product_like,2025-09-30T11:31:00Z,routine,established_contact,false,false,true
med-synth-v1,d002634,fam_m024671,test,test_product_like,2025-09-30T11:40:00Z,routine,established_contact,false,false,true
med-synth-v1,d002635,fam_m024673,test,test_product_like,2025-09-30T11:41:00Z,routine,established_contact,false,false,true
med-synth-v1,d002636,fam_m024717,test,test_product_like,2025-09-30T12:30:00Z,routine,established_contact,false,false,true
med-synth-v1,d002637,fam_m024737,test,test_product_like,2025-09-30T14:10:00Z,routine,established_contact,false,false,true
med-synth-v1,d002638,fam_m024747,test,test_product_like,2025-09-30T15:00:00Z,routine,established_contact,false,false,true
med-synth-v1,d002639,fam_m024513,test,test_product_like,2025-10-01T09:00:00Z,S05,internal_project,false,false,true
med-synth-v1,d002640,fam_m024515,test,test_product_like,2025-10-01T09:01:00Z,S05,internal_project,false,false,true
med-synth-v1,d002641,fam_m024519,test,test_product_like,2025-10-01T09:03:00Z,S05,internal_project,false,false,true
med-synth-v1,d002642,fam_m024521,test,test_product_like,2025-10-01T09:04:00Z,S05,internal_project,false,false,true
med-synth-v1,d002643,fam_m024523,test,test_product_like,2025-10-01T09:05:00Z,S05,internal_project,false,false,true
med-synth-v1,d002644,fam_m024525,test,test_product_like,2025-10-01T09:06:00Z,S05,internal_project,false,false,true
med-synth-v1,d002645,fam_m024527,test,test_product_like,2025-10-01T09:07:00Z,S05,internal_project,false,false,true
med-synth-v1,d002646,fam_m024575,test,test_product_like,2025-10-01T09:21:00Z,routine,established_contact,false,false,true
med-synth-v1,d002647,fam_m024585,test,test_product_like,2025-10-01T09:30:00Z,routine,established_contact,false,false,true
med-synth-v1,d002648,fam_m024587,test,test_product_like,2025-10-01T09:31:00Z,routine,established_contact,false,false,true
med-synth-v1,d002649,fam_m024601,test,test_product_like,2025-10-01T09:50:00Z,routine,established_contact,false,false,true
med-synth-v1,d002650,fam_m024623,test,test_product_like,2025-10-01T10:50:00Z,routine,established_contact,false,false,true
med-synth-v1,d002651,fam_m024625,test,test_product_like,2025-10-01T10:51:00Z,routine,established_contact,false,false,true
med-synth-v1,d002652,fam_m024635,test,test_product_like,2025-10-01T11:00:00Z,routine,established_contact,false,false,true
med-synth-v1,d002653,fam_m024637,test,test_product_like,2025-10-01T11:01:00Z,routine,established_contact,false,false,true
med-synth-v1,d002654,fam_m024647,test,test_product_like,2025-10-01T11:10:00Z,routine,established_contact,false,false,true
med-synth-v1,d002655,fam_m024683,test,test_product_like,2025-10-01T11:50:00Z,S05,external_purchase,false,false,true
med-synth-v1,d002656,fam_m024685,test,test_product_like,2025-10-01T11:51:00Z,S05,external_purchase,false,false,true
med-synth-v1,d002657,fam_m024695,test,test_product_like,2025-10-01T12:00:00Z,S05,external_purchase,false,false,true
med-synth-v1,d002658,fam_m024697,test,test_product_like,2025-10-01T12:01:00Z,S05,external_purchase,false,false,true
med-synth-v1,d002659,fam_m024709,test,test_product_like,2025-10-01T12:11:00Z,S05,external_purchase,false,false,true
med-synth-v1,d002660,fam_m024719,test,test_product_like,2025-10-01T12:40:00Z,routine,established_contact,false,false,true
med-synth-v1,d002661,fam_m024729,test,test_product_like,2025-10-01T13:30:00Z,routine,established_contact,false,false,true
med-synth-v1,d002662,fam_m024739,test,test_product_like,2025-10-01T14:20:00Z,routine,established_contact,false,false,true
med-synth-v1,d002663,fam_m024749,test,test_product_like,2025-10-01T15:10:00Z,routine,established_contact,false,false,true
med-synth-v1,d002135,fam_m028360,test,test_product_like,2025-10-01T18:01:00Z,S03,legitimate_first_contact,false,false,true
med-synth-v1,d002140,fam_m028370,test,test_product_like,2025-10-01T19:01:00Z,S06,legitimate_new_domain,false,false,true
med-synth-v1,d002145,fam_m028380,test,test_product_like,2025-10-01T20:01:00Z,S07,legitimate_topic_change,false,false,true
med-synth-v1,d002664,fam_m024531,test,test_product_like,2025-10-02T09:01:00Z,S05,internal_project,false,false,true
med-synth-v1,d002665,fam_m024533,test,test_product_like,2025-10-02T09:02:00Z,S05,internal_project,false,false,true
med-synth-v1,d002666,fam_m024535,test,test_product_like,2025-10-02T09:03:00Z,S05,internal_project,false,false,true
med-synth-v1,d002667,fam_m024537,test,test_product_like,2025-10-02T09:04:00Z,S05,internal_project,false,false,true
med-synth-v1,d002668,fam_m024541,test,test_product_like,2025-10-02T09:06:00Z,S05,internal_project,false,false,true
med-synth-v1,d002669,fam_m024543,test,test_product_like,2025-10-02T09:07:00Z,S05,internal_project,false,false,true
med-synth-v1,d002670,fam_m024565,test,test_product_like,2025-10-02T09:10:00Z,routine,established_contact,false,false,true
med-synth-v1,d002671,fam_m024567,test,test_product_like,2025-10-02T09:11:00Z,routine,established_contact,false,false,true
med-synth-v1,d002672,fam_m024597,test,test_product_like,2025-10-02T09:40:00Z,routine,established_contact,false,false,true
med-synth-v1,d002673,fam_m024611,test,test_product_like,2025-10-02T10:20:00Z,routine,established_contact,false,false,true
med-synth-v1,d002674,fam_m024615,test,test_product_like,2025-10-02T10:30:00Z,routine,established_contact,false,false,true
med-synth-v1,d002675,fam_m024659,test,test_product_like,2025-10-02T11:20:00Z,routine,established_contact,false,false,true
med-synth-v1,d002676,fam_m024661,test,test_product_like,2025-10-02T11:21:00Z,routine,established_contact,false,false,true
med-synth-v1,d002677,fam_m024669,test,test_product_like,2025-10-02T11:31:00Z,routine,established_contact,false,false,true
med-synth-v1,d002678,fam_m024675,test,test_product_like,2025-10-02T11:40:00Z,routine,established_contact,false,false,true
med-synth-v1,d002679,fam_m024677,test,test_product_like,2025-10-02T11:41:00Z,routine,established_contact,false,false,true
med-synth-v1,d002680,fam_m024721,test,test_product_like,2025-10-02T12:50:00Z,routine,established_contact,false,false,true
med-synth-v1,d002681,fam_m024731,test,test_product_like,2025-10-02T13:40:00Z,routine,established_contact,false,false,true
med-synth-v1,d002682,fam_m024751,test,test_product_like,2025-10-02T15:20:00Z,routine,established_contact,false,false,true
med-synth-v1,d002104,fam_m024545,test,test_diagnostic,2025-10-03T09:00:00Z,S08,unintended_cc,true,false,true
med-synth-v1,d002105,fam_m024545,test,test_diagnostic,2025-10-03T09:00:00Z,S08,clean_twin,false,false,true
med-synth-v1,d002683,fam_m024547,test,test_product_like,2025-10-03T09:01:00Z,S05,internal_project,false,false,true
med-synth-v1,d002684,fam_m024549,test,test_product_like,2025-10-03T09:02:00Z,S05,internal_project,false,false,true
med-synth-v1,d002685,fam_m024551,test,test_product_like,2025-10-03T09:03:00Z,S05,internal_project,false,false,true
med-synth-v1,d002686,fam_m024555,test,test_product_like,2025-10-03T09:05:00Z,S05,internal_project,false,false,true
med-synth-v1,d002687,fam_m024557,test,test_product_like,2025-10-03T09:06:00Z,S05,internal_project,false,false,true
med-synth-v1,d002688,fam_m024559,test,test_product_like,2025-10-03T09:07:00Z,S05,internal_project,false,false,true
med-synth-v1,d002689,fam_m024577,test,test_product_like,2025-10-03T09:20:00Z,routine,established_contact,false,false,true
med-synth-v1,d002690,fam_m024579,test,test_product_like,2025-10-03T09:21:00Z,routine,established_contact,false,false,true
med-synth-v1,d002691,fam_m024591,test,test_product_like,2025-10-03T09:31:00Z,routine,established_contact,false,false,true
med-synth-v1,d002692,fam_m024607,test,test_product_like,2025-10-03T10:00:00Z,routine,established_contact,false,false,true
med-synth-v1,d002693,fam_m024609,test,test_product_like,2025-10-03T10:10:00Z,routine,established_contact,false,false,true
med-synth-v1,d002694,fam_m024617,test,test_product_like,2025-10-03T10:40:00Z,routine,established_contact,false,false,true
med-synth-v1,d002695,fam_m024629,test,test_product_like,2025-10-03T10:51:00Z,routine,established_contact,false,false,true
med-synth-v1,d002696,fam_m024639,test,test_product_like,2025-10-03T11:00:00Z,routine,established_contact,false,false,true
med-synth-v1,d002697,fam_m024641,test,test_product_like,2025-10-03T11:01:00Z,routine,established_contact,false,false,true
med-synth-v1,d002698,fam_m024651,test,test_product_like,2025-10-03T11:10:00Z,routine,established_contact,false,false,true
med-synth-v1,d002699,fam_m024653,test,test_product_like,2025-10-03T11:11:00Z,routine,established_contact,false,false,true
med-synth-v1,d002700,fam_m024689,test,test_product_like,2025-10-03T11:51:00Z,S05,external_purchase,false,false,true
med-synth-v1,d002701,fam_m024699,test,test_product_like,2025-10-03T12:00:00Z,S05,external_purchase,false,false,true
med-synth-v1,d002702,fam_m024701,test,test_product_like,2025-10-03T12:01:00Z,S05,external_purchase,false,false,true
med-synth-v1,d002703,fam_m024711,test,test_product_like,2025-10-03T12:10:00Z,S05,external_purchase,false,false,true
med-synth-v1,d002704,fam_m024723,test,test_product_like,2025-10-03T13:00:00Z,routine,established_contact,false,false,true
med-synth-v1,d002705,fam_m024733,test,test_product_like,2025-10-03T13:50:00Z,routine,established_contact,false,false,true
med-synth-v1,d002706,fam_m024743,test,test_product_like,2025-10-03T14:40:00Z,routine,established_contact,false,false,true
med-synth-v1,d002707,fam_m024753,test,test_product_like,2025-10-06T09:00:00Z,S05,internal_project,false,false,true
med-synth-v1,d002708,fam_m024755,test,test_product_like,2025-10-06T09:01:00Z,S05,internal_project,false,false,true
med-synth-v1,d002709,fam_m024759,test,test_product_like,2025-10-06T09:03:00Z,S05,internal_project,false,false,true
med-synth-v1,d002710,fam_m024761,test,test_product_like,2025-10-06T09:04:00Z,S05,internal_project,false,false,true
med-synth-v1,d002711,fam_m024763,test,test_product_like,2025-10-06T09:05:00Z,S05,internal_project,false,false,true
med-synth-v1,d002712,fam_m024765,test,test_product_like,2025-10-06T09:06:00Z,S05,internal_project,false,false,true
med-synth-v1,d002713,fam_m024841,test,test_product_like,2025-10-06T09:20:00Z,routine,established_contact,false,false,true
med-synth-v1,d002714,fam_m024843,test,test_product_like,2025-10-06T09:21:00Z,routine,established_contact,false,false,true
med-synth-v1,d002715,fam_m024853,test,test_product_like,2025-10-06T09:30:00Z,routine,established_contact,false,false,true
med-synth-v1,d002716,fam_m024855,test,test_product_like,2025-10-06T09:31:00Z,routine,established_contact,false,false,true
med-synth-v1,d002717,fam_m024885,test,test_product_like,2025-10-06T10:30:00Z,routine,established_contact,false,false,true
med-synth-v1,d002718,fam_m024893,test,test_product_like,2025-10-06T10:51:00Z,routine,established_contact,false,false,true
med-synth-v1,d002719,fam_m024903,test,test_product_like,2025-10-06T11:00:00Z,routine,established_contact,false,false,true
med-synth-v1,d002720,fam_m024905,test,test_product_like,2025-10-06T11:01:00Z,routine,established_contact,false,false,true
med-synth-v1,d002721,fam_m024915,test,test_product_like,2025-10-06T11:10:00Z,routine,established_contact,false,false,true
med-synth-v1,d002722,fam_m024951,test,test_product_like,2025-10-06T11:50:00Z,S05,external_purchase,false,false,true
med-synth-v1,d002723,fam_m024953,test,test_product_like,2025-10-06T11:51:00Z,S05,external_purchase,false,false,true
med-synth-v1,d002724,fam_m024963,test,test_product_like,2025-10-06T12:00:00Z,S05,external_purchase,false,false,true
med-synth-v1,d002725,fam_m024965,test,test_product_like,2025-10-06T12:01:00Z,S05,external_purchase,false,false,true
med-synth-v1,d002726,fam_m024975,test,test_product_like,2025-10-06T12:10:00Z,S05,external_purchase,false,false,true
med-synth-v1,d002727,fam_m024987,test,test_product_like,2025-10-06T12:20:00Z,routine,established_contact,false,false,true
med-synth-v1,d002728,fam_m024997,test,test_product_like,2025-10-06T13:10:00Z,routine,established_contact,false,false,true
med-synth-v1,d002729,fam_m025007,test,test_product_like,2025-10-06T14:00:00Z,routine,established_contact,false,false,true
med-synth-v1,d002730,fam_m025017,test,test_product_like,2025-10-06T14:50:00Z,routine,established_contact,false,false,true
med-synth-v1,d002731,fam_m024771,test,test_product_like,2025-10-07T09:01:00Z,S05,internal_project,false,false,true
med-synth-v1,d002732,fam_m024773,test,test_product_like,2025-10-07T09:02:00Z,S05,internal_project,false,false,true
med-synth-v1,d002733,fam_m024775,test,test_product_like,2025-10-07T09:03:00Z,S05,internal_project,false,false,true
med-synth-v1,d002734,fam_m024777,test,test_product_like,2025-10-07T09:04:00Z,S05,internal_project,false,false,true
med-synth-v1,d002735,fam_m024779,test,test_product_like,2025-10-07T09:05:00Z,S05,internal_project,false,false,true
med-synth-v1,d002736,fam_m024783,test,test_product_like,2025-10-07T09:07:00Z,S05,internal_project,false,false,true
med-synth-v1,d002078,fam_m024833,test,test_product_like,2025-10-07T09:10:00Z,S02,added_external,true,false,true
med-synth-v1,d002737,fam_m024835,test,test_product_like,2025-10-07T09:11:00Z,routine,established_contact,false,false,true
med-synth-v1,d002738,fam_m024865,test,test_product_like,2025-10-07T09:40:00Z,routine,established_contact,false,false,true
med-synth-v1,d002739,fam_m024867,test,test_product_like,2025-10-07T09:41:00Z,routine,established_contact,false,false,true
med-synth-v1,d002740,fam_m024927,test,test_product_like,2025-10-07T11:20:00Z,routine,established_contact,false,false,true
med-synth-v1,d002741,fam_m024929,test,test_product_like,2025-10-07T11:21:00Z,routine,established_contact,false,false,true
med-synth-v1,d002742,fam_m024935,test,test_product_like,2025-10-07T11:30:00Z,routine,established_contact,false,false,true
med-synth-v1,d002743,fam_m024937,test,test_product_like,2025-10-07T11:31:00Z,routine,established_contact,false,false,true
med-synth-v1,d002744,fam_m024943,test,test_product_like,2025-10-07T11:40:00Z,routine,established_contact,false,false,true
med-synth-v1,d002745,fam_m024989,test,test_product_like,2025-10-07T12:30:00Z,routine,established_contact,false,false,true
med-synth-v1,d002746,fam_m024999,test,test_product_like,2025-10-07T13:20:00Z,routine,established_contact,false,false,true
med-synth-v1,d002747,fam_m025009,test,test_product_like,2025-10-07T14:10:00Z,routine,established_contact,false,false,true
med-synth-v1,d002748,fam_m025019,test,test_product_like,2025-10-07T15:00:00Z,routine,established_contact,false,false,true
med-synth-v1,d002749,fam_m024787,test,test_product_like,2025-10-08T09:01:00Z,S05,internal_project,false,false,true
med-synth-v1,d002750,fam_m024789,test,test_product_like,2025-10-08T09:02:00Z,S05,internal_project,false,false,true
med-synth-v1,d002751,fam_m024791,test,test_product_like,2025-10-08T09:03:00Z,S05,internal_project,false,false,true
med-synth-v1,d002752,fam_m024793,test,test_product_like,2025-10-08T09:04:00Z,S05,internal_project,false,false,true
med-synth-v1,d002753,fam_m024795,test,test_product_like,2025-10-08T09:05:00Z,S05,internal_project,false,false,true
med-synth-v1,d002754,fam_m024799,test,test_product_like,2025-10-08T09:07:00Z,S05,internal_project,false,false,true
med-synth-v1,d002755,fam_m024845,test,test_product_like,2025-10-08T09:20:00Z,routine,established_contact,false,false,true
med-synth-v1,d002756,fam_m024847,test,test_product_like,2025-10-08T09:21:00Z,routine,established_contact,false,false,true
med-synth-v1,d002757,fam_m024857,test,test_product_like,2025-10-08T09:30:00Z,routine,established_contact,false,false,true
med-synth-v1,d002758,fam_m024873,test,test_product_like,2025-10-08T09:50:00Z,routine,established_contact,false,false,true
med-synth-v1,d002759,fam_m024875,test,test_product_like,2025-10-08T09:51:00Z,routine,established_contact,false,false,true
med-synth-v1,d002760,fam_m024895,test,test_product_like,2025-10-08T10:50:00Z,routine,established_contact,false,false,true
med-synth-v1,d002761,fam_m024897,test,test_product_like,2025-10-08T10:51:00Z,routine,established_contact,false,false,true
med-synth-v1,d002762,fam_m024907,test,test_product_like,2025-10-08T11:00:00Z,routine,established_contact,false,false,true
med-synth-v1,d002763,fam_m024919,test,test_product_like,2025-10-08T11:10:00Z,routine,established_contact,false,false,true
med-synth-v1,d002764,fam_m024921,test,test_product_like,2025-10-08T11:11:00Z,routine,established_contact,false,false,true
med-synth-v1,d002765,fam_m024955,test,test_product_like,2025-10-08T11:50:00Z,S05,external_purchase,false,false,true
med-synth-v1,d002766,fam_m024957,test,test_product_like,2025-10-08T11:51:00Z,S05,external_purchase,false,false,true
med-synth-v1,d002767,fam_m024969,test,test_product_like,2025-10-08T12:01:00Z,S05,external_purchase,false,false,true
med-synth-v1,d002768,fam_m024979,test,test_product_like,2025-10-08T12:10:00Z,S05,external_purchase,false,false,true
med-synth-v1,d002769,fam_m024981,test,test_product_like,2025-10-08T12:11:00Z,S05,external_purchase,false,false,true
med-synth-v1,d002770,fam_m024991,test,test_product_like,2025-10-08T12:40:00Z,routine,established_contact,false,false,true
med-synth-v1,d002771,fam_m025001,test,test_product_like,2025-10-08T13:30:00Z,routine,established_contact,false,false,true
med-synth-v1,d002772,fam_m025021,test,test_product_like,2025-10-08T15:10:00Z,routine,established_contact,false,false,true
med-synth-v1,d002150,fam_m028390,test,test_product_like,2025-10-08T21:01:00Z,S09,cold_start_legitimate,false,false,true
med-synth-v1,d002154,fam_m028397,test,test_product_like,2025-10-08T21:31:00Z,S09,little_text_legitimate,false,false,true
med-synth-v1,d002773,fam_m024801,test,test_product_like,2025-10-09T09:00:00Z,S05,internal_project,false,false,true
med-synth-v1,d002774,fam_m024803,test,test_product_like,2025-10-09T09:01:00Z,S05,internal_project,false,false,true
med-synth-v1,d002775,fam_m024805,test,test_product_like,2025-10-09T09:02:00Z,S05,internal_project,false,false,true
med-synth-v1,d002776,fam_m024809,test,test_product_like,2025-10-09T09:04:00Z,S05,internal_project,false,false,true
med-synth-v1,d002777,fam_m024811,test,test_product_like,2025-10-09T09:05:00Z,S05,internal_project,false,false,true
med-synth-v1,d002778,fam_m024813,test,test_product_like,2025-10-09T09:06:00Z,S05,internal_project,false,false,true
med-synth-v1,d002779,fam_m024815,test,test_product_like,2025-10-09T09:07:00Z,S05,internal_project,false,false,true
med-synth-v1,d002780,fam_m024837,test,test_product_like,2025-10-09T09:10:00Z,routine,established_contact,false,false,true
med-synth-v1,d002781,fam_m024869,test,test_product_like,2025-10-09T09:40:00Z,routine,established_contact,false,false,true
med-synth-v1,d002782,fam_m024871,test,test_product_like,2025-10-09T09:41:00Z,routine,established_contact,false,false,true
med-synth-v1,d002783,fam_m024883,test,test_product_like,2025-10-09T10:20:00Z,routine,established_contact,false,false,true
med-synth-v1,d002784,fam_m024887,test,test_product_like,2025-10-09T10:30:00Z,routine,established_contact,false,false,true
med-synth-v1,d002785,fam_m024933,test,test_product_like,2025-10-09T11:21:00Z,routine,established_contact,false,false,true
med-synth-v1,d002786,fam_m024939,test,test_product_like,2025-10-09T11:30:00Z,routine,established_contact,false,false,true
med-synth-v1,d002787,fam_m024941,test,test_product_like,2025-10-09T11:31:00Z,routine,established_contact,false,false,true
med-synth-v1,d002788,fam_m024947,test,test_product_like,2025-10-09T11:40:00Z,routine,established_contact,false,false,true
med-synth-v1,d002789,fam_m024949,test,test_product_like,2025-10-09T11:41:00Z,routine,established_contact,false,false,true
med-synth-v1,d002790,fam_m025003,test,test_product_like,2025-10-09T13:40:00Z,routine,established_contact,false,false,true
med-synth-v1,d002791,fam_m025013,test,test_product_like,2025-10-09T14:30:00Z,routine,established_contact,false,false,true
med-synth-v1,d002792,fam_m025023,test,test_product_like,2025-10-09T15:20:00Z,routine,established_contact,false,false,true
med-synth-v1,d002793,fam_m024817,test,test_product_like,2025-10-10T09:00:00Z,S05,internal_project,false,false,true
med-synth-v1,d002794,fam_m024821,test,test_product_like,2025-10-10T09:02:00Z,S05,internal_project,false,false,true
med-synth-v1,d002795,fam_m024823,test,test_product_like,2025-10-10T09:03:00Z,S05,internal_project,false,false,true
med-synth-v1,d002796,fam_m024825,test,test_product_like,2025-10-10T09:04:00Z,S05,internal_project,false,false,true
med-synth-v1,d002797,fam_m024827,test,test_product_like,2025-10-10T09:05:00Z,S05,internal_project,false,false,true
med-synth-v1,d002798,fam_m024829,test,test_product_like,2025-10-10T09:06:00Z,S05,internal_project,false,false,true
med-synth-v1,d002799,fam_m024849,test,test_product_like,2025-10-10T09:20:00Z,routine,established_contact,false,false,true
med-synth-v1,d002800,fam_m024851,test,test_product_like,2025-10-10T09:21:00Z,routine,established_contact,false,false,true
med-synth-v1,d002801,fam_m024861,test,test_product_like,2025-10-10T09:30:00Z,routine,established_contact,false,false,true
med-synth-v1,d002802,fam_m024863,test,test_product_like,2025-10-10T09:31:00Z,routine,established_contact,false,false,true
med-synth-v1,d002803,fam_m024881,test,test_product_like,2025-10-10T10:10:00Z,routine,established_contact,false,false,true
med-synth-v1,d002804,fam_m024889,test,test_product_like,2025-10-10T10:40:00Z,routine,established_contact,false,false,true
med-synth-v1,d002805,fam_m024899,test,test_product_like,2025-10-10T10:50:00Z,routine,established_contact,false,false,true
med-synth-v1,d002806,fam_m024901,test,test_product_like,2025-10-10T10:51:00Z,routine,established_contact,false,false,true
med-synth-v1,d002807,fam_m024911,test,test_product_like,2025-10-10T11:00:00Z,routine,established_contact,false,false,true
med-synth-v1,d002808,fam_m024923,test,test_product_like,2025-10-10T11:10:00Z,routine,established_contact,false,false,true
med-synth-v1,d002809,fam_m024925,test,test_product_like,2025-10-10T11:11:00Z,routine,established_contact,false,false,true
med-synth-v1,d002810,fam_m024959,test,test_product_like,2025-10-10T11:50:00Z,S05,external_purchase,false,false,true
med-synth-v1,d002811,fam_m024961,test,test_product_like,2025-10-10T11:51:00Z,S05,external_purchase,false,false,true
med-synth-v1,d002812,fam_m024973,test,test_product_like,2025-10-10T12:01:00Z,S05,external_purchase,false,false,true
med-synth-v1,d002813,fam_m024983,test,test_product_like,2025-10-10T12:10:00Z,S05,external_purchase,false,false,true
med-synth-v1,d002814,fam_m024985,test,test_product_like,2025-10-10T12:11:00Z,S05,external_purchase,false,false,true
med-synth-v1,d002815,fam_m024995,test,test_product_like,2025-10-10T13:00:00Z,routine,established_contact,false,false,true
med-synth-v1,d002816,fam_m025005,test,test_product_like,2025-10-10T13:50:00Z,routine,established_contact,false,false,true
med-synth-v1,d002106,fam_m025025,test,test_diagnostic,2025-10-13T09:00:00Z,S08,unintended_bcc,true,false,true
med-synth-v1,d002107,fam_m025025,test,test_diagnostic,2025-10-13T09:00:00Z,S08,clean_twin,false,false,true
med-synth-v1,d002817,fam_m025027,test,test_product_like,2025-10-13T09:01:00Z,S05,internal_project,false,false,true
med-synth-v1,d002818,fam_m025029,test,test_product_like,2025-10-13T09:02:00Z,S05,internal_project,false,false,true
med-synth-v1,d002819,fam_m025031,test,test_product_like,2025-10-13T09:03:00Z,S05,internal_project,false,false,true
med-synth-v1,d002820,fam_m025033,test,test_product_like,2025-10-13T09:04:00Z,S05,internal_project,false,false,true
med-synth-v1,d002821,fam_m025037,test,test_product_like,2025-10-13T09:06:00Z,S05,internal_project,false,false,true
med-synth-v1,d002822,fam_m025039,test,test_product_like,2025-10-13T09:07:00Z,S05,internal_project,false,false,true
med-synth-v1,d002089,fam_m025113,test,test_diagnostic,2025-10-13T09:20:00Z,S04,familiar_topic_mismatch,true,false,true
med-synth-v1,d002090,fam_m025113,test,test_diagnostic,2025-10-13T09:20:00Z,S04,clean_twin,false,false,true
med-synth-v1,d002823,fam_m025115,test,test_product_like,2025-10-13T09:21:00Z,routine,established_contact,false,false,true
med-synth-v1,d002824,fam_m025125,test,test_product_like,2025-10-13T09:30:00Z,routine,established_contact,false,false,true
med-synth-v1,d002825,fam_m025127,test,test_product_like,2025-10-13T09:31:00Z,routine,established_contact,false,false,true
med-synth-v1,d002068,fam_m025163,test,test_diagnostic,2025-10-13T10:50:00Z,S01,lookalike_replacement,true,false,true
med-synth-v1,d002069,fam_m025163,test,test_diagnostic,2025-10-13T10:50:00Z,S01,clean_twin,false,false,true
med-synth-v1,d002826,fam_m025165,test,test_product_like,2025-10-13T10:51:00Z,routine,established_contact,false,false,true
med-synth-v1,d002827,fam_m025175,test,test_product_like,2025-10-13T11:00:00Z,routine,established_contact,false,false,true
med-synth-v1,d002828,fam_m025177,test,test_product_like,2025-10-13T11:01:00Z,routine,established_contact,false,false,true
med-synth-v1,d002829,fam_m025187,test,test_product_like,2025-10-13T11:10:00Z,routine,established_contact,false,false,true
med-synth-v1,d002830,fam_m025189,test,test_product_like,2025-10-13T11:11:00Z,routine,established_contact,false,false,true
med-synth-v1,d002831,fam_m025225,test,test_product_like,2025-10-13T11:51:00Z,S05,external_purchase,false,false,true
med-synth-v1,d002832,fam_m025235,test,test_product_like,2025-10-13T12:00:00Z,S05,external_purchase,false,false,true
med-synth-v1,d002833,fam_m025237,test,test_product_like,2025-10-13T12:01:00Z,S05,external_purchase,false,false,true
med-synth-v1,d002834,fam_m025247,test,test_product_like,2025-10-13T12:10:00Z,S05,external_purchase,false,false,true
med-synth-v1,d002835,fam_m025259,test,test_product_like,2025-10-13T12:20:00Z,routine,established_contact,false,false,true
med-synth-v1,d002836,fam_m025269,test,test_product_like,2025-10-13T13:10:00Z,routine,established_contact,false,false,true
med-synth-v1,d002837,fam_m025279,test,test_product_like,2025-10-13T14:00:00Z,routine,established_contact,false,false,true
med-synth-v1,d002838,fam_m025289,test,test_product_like,2025-10-13T14:50:00Z,routine,established_contact,false,false,true
med-synth-v1,d002839,fam_m025041,test,test_product_like,2025-10-14T09:00:00Z,S05,internal_project,false,false,true
med-synth-v1,d002840,fam_m025045,test,test_product_like,2025-10-14T09:02:00Z,S05,internal_project,false,false,true
med-synth-v1,d002841,fam_m025047,test,test_product_like,2025-10-14T09:03:00Z,S05,internal_project,false,false,true
med-synth-v1,d002842,fam_m025049,test,test_product_like,2025-10-14T09:04:00Z,S05,internal_project,false,false,true
med-synth-v1,d002843,fam_m025051,test,test_product_like,2025-10-14T09:05:00Z,S05,internal_project,false,false,true
med-synth-v1,d002844,fam_m025055,test,test_product_like,2025-10-14T09:07:00Z,S05,internal_project,false,false,true
med-synth-v1,d002845,fam_m025105,test,test_product_like,2025-10-14T09:10:00Z,routine,established_contact,false,false,true
med-synth-v1,d002846,fam_m025107,test,test_product_like,2025-10-14T09:11:00Z,routine,established_contact,false,false,true
med-synth-v1,d002847,fam_m025137,test,test_product_like,2025-10-14T09:40:00Z,routine,established_contact,false,false,true
med-synth-v1,d002848,fam_m025139,test,test_product_like,2025-10-14T09:41:00Z,routine,established_contact,false,false,true
med-synth-v1,d002849,fam_m025199,test,test_product_like,2025-10-14T11:20:00Z,routine,established_contact,false,false,true
med-synth-v1,d002850,fam_m025201,test,test_product_like,2025-10-14T11:21:00Z,routine,established_contact,false,false,true
med-synth-v1,d002851,fam_m025207,test,test_product_like,2025-10-14T11:30:00Z,routine,established_contact,false,false,true
med-synth-v1,d002852,fam_m025209,test,test_product_like,2025-10-14T11:31:00Z,routine,established_contact,false,false,true
med-synth-v1,d002853,fam_m025217,test,test_product_like,2025-10-14T11:41:00Z,routine,established_contact,false,false,true
med-synth-v1,d002854,fam_m025261,test,test_product_like,2025-10-14T12:30:00Z,routine,established_contact,false,false,true
med-synth-v1,d002855,fam_m025271,test,test_product_like,2025-10-14T13:20:00Z,routine,established_contact,false,false,true
med-synth-v1,d002856,fam_m025281,test,test_product_like,2025-10-14T14:10:00Z,routine,established_contact,false,false,true
med-synth-v1,d002857,fam_m025291,test,test_product_like,2025-10-14T15:00:00Z,routine,established_contact,false,false,true
med-synth-v1,d002858,fam_m025059,test,test_product_like,2025-10-15T09:01:00Z,S05,internal_project,false,false,true
med-synth-v1,d002859,fam_m025061,test,test_product_like,2025-10-15T09:02:00Z,S05,internal_project,false,false,true
med-synth-v1,d002860,fam_m025063,test,test_product_like,2025-10-15T09:03:00Z,S05,internal_project,false,false,true
med-synth-v1,d002861,fam_m025065,test,test_product_like,2025-10-15T09:04:00Z,S05,internal_project,false,false,true
med-synth-v1,d002862,fam_m025069,test,test_product_like,2025-10-15T09:06:00Z,S05,internal_project,false,false,true
med-synth-v1,d002863,fam_m025071,test,test_product_like,2025-10-15T09:07:00Z,S05,internal_project,false,false,true
med-synth-v1,d002864,fam_m025117,test,test_product_like,2025-10-15T09:20:00Z,routine,established_contact,false,false,true
med-synth-v1,d002865,fam_m025119,test,test_product_like,2025-10-15T09:21:00Z,routine,established_contact,false,false,true
med-synth-v1,d002866,fam_m025129,test,test_product_like,2025-10-15T09:30:00Z,routine,established_contact,false,false,true
med-synth-v1,d002867,fam_m025145,test,test_product_like,2025-10-15T09:50:00Z,routine,established_contact,false,false,true
med-synth-v1,d002868,fam_m025147,test,test_product_like,2025-10-15T09:51:00Z,routine,established_contact,false,false,true
med-synth-v1,d002869,fam_m025167,test,test_product_like,2025-10-15T10:50:00Z,routine,established_contact,false,false,true
med-synth-v1,d002870,fam_m025169,test,test_product_like,2025-10-15T10:51:00Z,routine,established_contact,false,false,true
med-synth-v1,d002871,fam_m025181,test,test_product_like,2025-10-15T11:01:00Z,routine,established_contact,false,false,true
med-synth-v1,d002872,fam_m025191,test,test_product_like,2025-10-15T11:10:00Z,routine,established_contact,false,false,true
med-synth-v1,d002873,fam_m025193,test,test_product_like,2025-10-15T11:11:00Z,routine,established_contact,false,false,true
med-synth-v1,d002874,fam_m025227,test,test_product_like,2025-10-15T11:50:00Z,S05,external_purchase,false,false,true
med-synth-v1,d002875,fam_m025229,test,test_product_like,2025-10-15T11:51:00Z,S05,external_purchase,false,false,true
med-synth-v1,d002876,fam_m025241,test,test_product_like,2025-10-15T12:01:00Z,S05,external_purchase,false,false,true
med-synth-v1,d002877,fam_m025251,test,test_product_like,2025-10-15T12:10:00Z,S05,external_purchase,false,false,true
med-synth-v1,d002878,fam_m025253,test,test_product_like,2025-10-15T12:11:00Z,S05,external_purchase,false,false,true
med-synth-v1,d002879,fam_m025263,test,test_product_like,2025-10-15T12:40:00Z,routine,established_contact,false,false,true
med-synth-v1,d002880,fam_m025283,test,test_product_like,2025-10-15T14:20:00Z,routine,established_contact,false,false,true
med-synth-v1,d002881,fam_m025293,test,test_product_like,2025-10-15T15:10:00Z,routine,established_contact,false,false,true
med-synth-v1,d002882,fam_m025073,test,test_product_like,2025-10-16T09:00:00Z,S05,internal_project,false,false,true
med-synth-v1,d002883,fam_m025075,test,test_product_like,2025-10-16T09:01:00Z,S05,internal_project,false,false,true
med-synth-v1,d002884,fam_m025077,test,test_product_like,2025-10-16T09:02:00Z,S05,internal_project,false,false,true
med-synth-v1,d002885,fam_m025081,test,test_product_like,2025-10-16T09:04:00Z,S05,internal_project,false,false,true
med-synth-v1,d002886,fam_m025083,test,test_product_like,2025-10-16T09:05:00Z,S05,internal_project,false,false,true
med-synth-v1,d002887,fam_m025085,test,test_product_like,2025-10-16T09:06:00Z,S05,internal_project,false,false,true
med-synth-v1,d002888,fam_m025087,test,test_product_like,2025-10-16T09:07:00Z,S05,internal_project,false,false,true
med-synth-v1,d002889,fam_m025111,test,test_product_like,2025-10-16T09:11:00Z,routine,established_contact,false,false,true
med-synth-v1,d002890,fam_m025141,test,test_product_like,2025-10-16T09:40:00Z,routine,established_contact,false,false,true
med-synth-v1,d002891,fam_m025143,test,test_product_like,2025-10-16T09:41:00Z,routine,established_contact,false,false,true
med-synth-v1,d002892,fam_m025155,test,test_product_like,2025-10-16T10:20:00Z,routine,established_contact,false,false,true
med-synth-v1,d002893,fam_m025159,test,test_product_like,2025-10-16T10:30:00Z,routine,established_contact,false,false,true
med-synth-v1,d002894,fam_m025205,test,test_product_like,2025-10-16T11:21:00Z,routine,established_contact,false,false,true
med-synth-v1,d002895,fam_m025211,test,test_product_like,2025-10-16T11:30:00Z,routine,established_contact,false,false,true
med-synth-v1,d002896,fam_m025213,test,test_product_like,2025-10-16T11:31:00Z,routine,established_contact,false,false,true
med-synth-v1,d002897,fam_m025219,test,test_product_like,2025-10-16T11:40:00Z,routine,established_contact,false,false,true
med-synth-v1,d002898,fam_m025265,test,test_product_like,2025-10-16T12:50:00Z,routine,established_contact,false,false,true
med-synth-v1,d002899,fam_m025275,test,test_product_like,2025-10-16T13:40:00Z,routine,established_contact,false,false,true
med-synth-v1,d002900,fam_m025285,test,test_product_like,2025-10-16T14:30:00Z,routine,established_contact,false,false,true
med-synth-v1,d002901,fam_m025295,test,test_product_like,2025-10-16T15:20:00Z,routine,established_contact,false,false,true
med-synth-v1,d002902,fam_m025089,test,test_product_like,2025-10-17T09:00:00Z,S05,internal_project,false,false,true
med-synth-v1,d002903,fam_m025093,test,test_product_like,2025-10-17T09:02:00Z,S05,internal_project,false,false,true
med-synth-v1,d002904,fam_m025095,test,test_product_like,2025-10-17T09:03:00Z,S05,internal_project,false,false,true
med-synth-v1,d002905,fam_m025097,test,test_product_like,2025-10-17T09:04:00Z,S05,internal_project,false,false,true
med-synth-v1,d002906,fam_m025099,test,test_product_like,2025-10-17T09:05:00Z,S05,internal_project,false,false,true
med-synth-v1,d002907,fam_m025103,test,test_product_like,2025-10-17T09:07:00Z,S05,internal_project,false,false,true
med-synth-v1,d002908,fam_m025121,test,test_product_like,2025-10-17T09:20:00Z,routine,established_contact,false,false,true
med-synth-v1,d002909,fam_m025123,test,test_product_like,2025-10-17T09:21:00Z,routine,established_contact,false,false,true
med-synth-v1,d002910,fam_m025133,test,test_product_like,2025-10-17T09:30:00Z,routine,established_contact,false,false,true
med-synth-v1,d002911,fam_m025135,test,test_product_like,2025-10-17T09:31:00Z,routine,established_contact,false,false,true
med-synth-v1,d002912,fam_m025153,test,test_product_like,2025-10-17T10:10:00Z,routine,established_contact,false,false,true
med-synth-v1,d002913,fam_m025161,test,test_product_like,2025-10-17T10:40:00Z,routine,established_contact,false,false,true
med-synth-v1,d002914,fam_m025171,test,test_product_like,2025-10-17T10:50:00Z,routine,established_contact,false,false,true
med-synth-v1,d002915,fam_m025173,test,test_product_like,2025-10-17T10:51:00Z,routine,established_contact,false,false,true
med-synth-v1,d002916,fam_m025185,test,test_product_like,2025-10-17T11:01:00Z,routine,established_contact,false,false,true
med-synth-v1,d002917,fam_m025195,test,test_product_like,2025-10-17T11:10:00Z,routine,established_contact,false,false,true
med-synth-v1,d002918,fam_m025197,test,test_product_like,2025-10-17T11:11:00Z,routine,established_contact,false,false,true
med-synth-v1,d002919,fam_m025231,test,test_product_like,2025-10-17T11:50:00Z,S05,external_purchase,false,false,true
med-synth-v1,d002920,fam_m025233,test,test_product_like,2025-10-17T11:51:00Z,S05,external_purchase,false,false,true
med-synth-v1,d002921,fam_m025245,test,test_product_like,2025-10-17T12:01:00Z,S05,external_purchase,false,false,true
med-synth-v1,d002922,fam_m025255,test,test_product_like,2025-10-17T12:10:00Z,S05,external_purchase,false,false,true
med-synth-v1,d002923,fam_m025257,test,test_product_like,2025-10-17T12:11:00Z,S05,external_purchase,false,false,true
med-synth-v1,d002924,fam_m025267,test,test_product_like,2025-10-17T13:00:00Z,routine,established_contact,false,false,true
med-synth-v1,d002925,fam_m025287,test,test_product_like,2025-10-17T14:40:00Z,routine,established_contact,false,false,true
med-synth-v1,d002926,fam_m025297,test,test_product_like,2025-10-20T09:00:00Z,S05,internal_project,false,false,true
med-synth-v1,d002927,fam_m025299,test,test_product_like,2025-10-20T09:01:00Z,S05,internal_project,false,false,true
med-synth-v1,d002928,fam_m025301,test,test_product_like,2025-10-20T09:02:00Z,S05,internal_project,false,false,true
med-synth-v1,d002929,fam_m025303,test,test_product_like,2025-10-20T09:03:00Z,S05,internal_project,false,false,true
med-synth-v1,d002930,fam_m025307,test,test_product_like,2025-10-20T09:05:00Z,S05,internal_project,false,false,true
med-synth-v1,d002931,fam_m025309,test,test_product_like,2025-10-20T09:06:00Z,S05,internal_project,false,false,true
med-synth-v1,d002932,fam_m025311,test,test_product_like,2025-10-20T09:07:00Z,S05,internal_project,false,false,true
med-synth-v1,d002933,fam_m025385,test,test_product_like,2025-10-20T09:20:00Z,routine,established_contact,false,false,true
med-synth-v1,d002934,fam_m025397,test,test_product_like,2025-10-20T09:30:00Z,routine,established_contact,false,false,true
med-synth-v1,d002935,fam_m025399,test,test_product_like,2025-10-20T09:31:00Z,routine,established_contact,false,false,true
med-synth-v1,d002936,fam_m025429,test,test_product_like,2025-10-20T10:30:00Z,routine,established_contact,false,false,true
med-synth-v1,d002937,fam_m025435,test,test_product_like,2025-10-20T10:50:00Z,routine,established_contact,false,false,true
med-synth-v1,d002938,fam_m025437,test,test_product_like,2025-10-20T10:51:00Z,routine,established_contact,false,false,true
med-synth-v1,d002939,fam_m025449,test,test_product_like,2025-10-20T11:01:00Z,routine,established_contact,false,false,true
med-synth-v1,d002940,fam_m025459,test,test_product_like,2025-10-20T11:10:00Z,routine,established_contact,false,false,true
med-synth-v1,d002941,fam_m025461,test,test_product_like,2025-10-20T11:11:00Z,routine,established_contact,false,false,true
med-synth-v1,d002942,fam_m025495,test,test_product_like,2025-10-20T11:50:00Z,S05,external_purchase,false,false,true
med-synth-v1,d002164,fam_m025497,test,test_product_like,2025-10-20T11:51:00Z,S05,external_purchase,false,false,true
med-synth-v1,d002943,fam_m025509,test,test_product_like,2025-10-20T12:01:00Z,S05,external_purchase,false,false,true
med-synth-v1,d002944,fam_m025519,test,test_product_like,2025-10-20T12:10:00Z,S05,external_purchase,false,false,true
med-synth-v1,d002945,fam_m025521,test,test_product_like,2025-10-20T12:11:00Z,S05,external_purchase,false,false,true
med-synth-v1,d002946,fam_m025531,test,test_product_like,2025-10-20T12:20:00Z,routine,established_contact,false,false,true
med-synth-v1,d002947,fam_m025541,test,test_product_like,2025-10-20T13:10:00Z,routine,established_contact,false,false,true
med-synth-v1,d002948,fam_m025561,test,test_product_like,2025-10-20T14:50:00Z,routine,established_contact,false,false,true
med-synth-v1,d002108,fam_m025313,test,test_diagnostic,2025-10-21T09:00:00Z,S08,unintended_bcc,true,false,true
med-synth-v1,d002109,fam_m025313,test,test_diagnostic,2025-10-21T09:00:00Z,S08,clean_twin,false,false,true
med-synth-v1,d002159,fam_m025315,test,test_product_like,2025-10-21T09:01:00Z,S05,internal_project,false,false,true
med-synth-v1,d002949,fam_m025317,test,test_product_like,2025-10-21T09:02:00Z,S05,internal_project,false,false,true
med-synth-v1,d002950,fam_m025319,test,test_product_like,2025-10-21T09:03:00Z,S05,internal_project,false,false,true
med-synth-v1,d002951,fam_m025321,test,test_product_like,2025-10-21T09:04:00Z,S05,internal_project,false,false,true
med-synth-v1,d002952,fam_m025325,test,test_product_like,2025-10-21T09:06:00Z,S05,internal_project,false,false,true
med-synth-v1,d002953,fam_m025327,test,test_product_like,2025-10-21T09:07:00Z,S05,internal_project,false,false,true
med-synth-v1,d002954,fam_m025377,test,test_product_like,2025-10-21T09:10:00Z,routine,established_contact,false,false,true
med-synth-v1,d002955,fam_m025379,test,test_product_like,2025-10-21T09:11:00Z,routine,established_contact,false,false,true
med-synth-v1,d002956,fam_m025409,test,test_product_like,2025-10-21T09:40:00Z,routine,established_contact,false,false,true
med-synth-v1,d002957,fam_m025421,test,test_product_like,2025-10-21T10:00:00Z,routine,established_contact,false,false,true
med-synth-v1,d002958,fam_m025471,test,test_product_like,2025-10-21T11:20:00Z,routine,established_contact,false,false,true
med-synth-v1,d002959,fam_m025473,test,test_product_like,2025-10-21T11:21:00Z,routine,established_contact,false,false,true
med-synth-v1,d002960,fam_m025479,test,test_product_like,2025-10-21T11:30:00Z,routine,established_contact,false,false,true
med-synth-v1,d002961,fam_m025487,test,test_product_like,2025-10-21T11:40:00Z,routine,established_contact,false,false,true
med-synth-v1,d002962,fam_m025489,test,test_product_like,2025-10-21T11:41:00Z,routine,established_contact,false,false,true
med-synth-v1,d002963,fam_m025533,test,test_product_like,2025-10-21T12:30:00Z,routine,established_contact,false,false,true
med-synth-v1,d002964,fam_m025543,test,test_product_like,2025-10-21T13:20:00Z,routine,established_contact,false,false,true
med-synth-v1,d002965,fam_m025553,test,test_product_like,2025-10-21T14:10:00Z,routine,established_contact,false,false,true
med-synth-v1,d002966,fam_m025329,test,test_product_like,2025-10-22T09:00:00Z,S05,internal_project,false,false,true
med-synth-v1,d002967,fam_m025331,test,test_product_like,2025-10-22T09:01:00Z,S05,internal_project,false,false,true
med-synth-v1,d002968,fam_m025333,test,test_product_like,2025-10-22T09:02:00Z,S05,internal_project,false,false,true
med-synth-v1,d002969,fam_m025335,test,test_product_like,2025-10-22T09:03:00Z,S05,internal_project,false,false,true
med-synth-v1,d002970,fam_m025339,test,test_product_like,2025-10-22T09:05:00Z,S05,internal_project,false,false,true
med-synth-v1,d002971,fam_m025341,test,test_product_like,2025-10-22T09:06:00Z,S05,internal_project,false,false,true
med-synth-v1,d002972,fam_m025343,test,test_product_like,2025-10-22T09:07:00Z,S05,internal_project,false,false,true
med-synth-v1,d002973,fam_m025389,test,test_product_like,2025-10-22T09:20:00Z,routine,established_contact,false,false,true
med-synth-v1,d002974,fam_m025391,test,test_product_like,2025-10-22T09:21:00Z,routine,established_contact,false,false,true
med-synth-v1,d002975,fam_m025403,test,test_product_like,2025-10-22T09:31:00Z,routine,established_contact,false,false,true
med-synth-v1,d002976,fam_m025417,test,test_product_like,2025-10-22T09:50:00Z,routine,established_contact,false,false,true
med-synth-v1,d002977,fam_m025419,test,test_product_like,2025-10-22T09:51:00Z,routine,established_contact,false,false,true
med-synth-v1,d002978,fam_m025439,test,test_product_like,2025-10-22T10:50:00Z,routine,established_contact,false,false,true
med-synth-v1,d002979,fam_m025451,test,test_product_like,2025-10-22T11:00:00Z,routine,established_contact,false,false,true
med-synth-v1,d002980,fam_m025453,test,test_product_like,2025-10-22T11:01:00Z,routine,established_contact,false,false,true
med-synth-v1,d002981,fam_m025463,test,test_product_like,2025-10-22T11:10:00Z,routine,established_contact,false,false,true
med-synth-v1,d002982,fam_m025465,test,test_product_like,2025-10-22T11:11:00Z,routine,established_contact,false,false,true
med-synth-v1,d002983,fam_m025499,test,test_product_like,2025-10-22T11:50:00Z,S05,external_purchase,false,false,true
med-synth-v1,d002984,fam_m025511,test,test_product_like,2025-10-22T12:00:00Z,S05,external_purchase,false,false,true
med-synth-v1,d002985,fam_m025513,test,test_product_like,2025-10-22T12:01:00Z,S05,external_purchase,false,false,true
med-synth-v1,d002986,fam_m025523,test,test_product_like,2025-10-22T12:10:00Z,S05,external_purchase,false,false,true
med-synth-v1,d002987,fam_m025525,test,test_product_like,2025-10-22T12:11:00Z,S05,external_purchase,false,false,true
med-synth-v1,d002988,fam_m025545,test,test_product_like,2025-10-22T13:30:00Z,routine,established_contact,false,false,true
med-synth-v1,d002989,fam_m025555,test,test_product_like,2025-10-22T14:20:00Z,routine,established_contact,false,false,true
med-synth-v1,d002990,fam_m025565,test,test_product_like,2025-10-22T15:10:00Z,routine,established_contact,false,false,true
med-synth-v1,d002136,fam_m028362,test,test_product_like,2025-10-22T18:02:00Z,S03,legitimate_first_contact,false,false,true
med-synth-v1,d002141,fam_m028372,test,test_product_like,2025-10-22T19:02:00Z,S06,legitimate_new_domain,false,false,true
med-synth-v1,d002146,fam_m028382,test,test_product_like,2025-10-22T20:02:00Z,S07,legitimate_topic_change,false,false,true
med-synth-v1,d002991,fam_m025345,test,test_product_like,2025-10-23T09:00:00Z,S05,internal_project,false,false,true
med-synth-v1,d002992,fam_m025347,test,test_product_like,2025-10-23T09:01:00Z,S05,internal_project,false,false,true
med-synth-v1,d002993,fam_m025351,test,test_product_like,2025-10-23T09:03:00Z,S05,internal_project,false,false,true
med-synth-v1,d002994,fam_m025353,test,test_product_like,2025-10-23T09:04:00Z,S05,internal_project,false,false,true
med-synth-v1,d002995,fam_m025355,test,test_product_like,2025-10-23T09:05:00Z,S05,internal_project,false,false,true
med-synth-v1,d002996,fam_m025357,test,test_product_like,2025-10-23T09:06:00Z,S05,internal_project,false,false,true
med-synth-v1,d002079,fam_m025381,test,test_diagnostic,2025-10-23T09:10:00Z,S02,added_external,true,false,true
med-synth-v1,d002080,fam_m025381,test,test_diagnostic,2025-10-23T09:10:00Z,S02,clean_twin,false,false,true
med-synth-v1,d002997,fam_m025383,test,test_product_like,2025-10-23T09:11:00Z,routine,established_contact,false,false,true
med-synth-v1,d002998,fam_m025413,test,test_product_like,2025-10-23T09:40:00Z,routine,established_contact,false,false,true
med-synth-v1,d002999,fam_m025415,test,test_product_like,2025-10-23T09:41:00Z,routine,established_contact,false,false,true
med-synth-v1,d003000,fam_m025427,test,test_product_like,2025-10-23T10:20:00Z,routine,established_contact,false,false,true
med-synth-v1,d003001,fam_m025431,test,test_product_like,2025-10-23T10:30:00Z,routine,established_contact,false,false,true
med-synth-v1,d003002,fam_m025477,test,test_product_like,2025-10-23T11:21:00Z,routine,established_contact,false,false,true
med-synth-v1,d003003,fam_m025483,test,test_product_like,2025-10-23T11:30:00Z,routine,established_contact,false,false,true
med-synth-v1,d003004,fam_m025485,test,test_product_like,2025-10-23T11:31:00Z,routine,established_contact,false,false,true
med-synth-v1,d003005,fam_m025491,test,test_product_like,2025-10-23T11:40:00Z,routine,established_contact,false,false,true
med-synth-v1,d003006,fam_m025537,test,test_product_like,2025-10-23T12:50:00Z,routine,established_contact,false,false,true
med-synth-v1,d003007,fam_m025547,test,test_product_like,2025-10-23T13:40:00Z,routine,established_contact,false,false,true
med-synth-v1,d003008,fam_m025557,test,test_product_like,2025-10-23T14:30:00Z,routine,established_contact,false,false,true
med-synth-v1,d003009,fam_m025567,test,test_product_like,2025-10-23T15:20:00Z,routine,established_contact,false,false,true
med-synth-v1,d003010,fam_m025361,test,test_product_like,2025-10-24T09:00:00Z,S05,internal_project,false,false,true
med-synth-v1,d003011,fam_m025365,test,test_product_like,2025-10-24T09:02:00Z,S05,internal_project,false,false,true
med-synth-v1,d003012,fam_m025367,test,test_product_like,2025-10-24T09:03:00Z,S05,internal_project,false,false,true
med-synth-v1,d003013,fam_m025369,test,test_product_like,2025-10-24T09:04:00Z,S05,internal_project,false,false,true
med-synth-v1,d003014,fam_m025371,test,test_product_like,2025-10-24T09:05:00Z,S05,internal_project,false,false,true
med-synth-v1,d003015,fam_m025375,test,test_product_like,2025-10-24T09:07:00Z,S05,internal_project,false,false,true
med-synth-v1,d003016,fam_m025393,test,test_product_like,2025-10-24T09:20:00Z,routine,established_contact,false,false,true
med-synth-v1,d003017,fam_m025395,test,test_product_like,2025-10-24T09:21:00Z,routine,established_contact,false,false,true
med-synth-v1,d003018,fam_m025405,test,test_product_like,2025-10-24T09:30:00Z,routine,established_contact,false,false,true
med-synth-v1,d003019,fam_m025407,test,test_product_like,2025-10-24T09:31:00Z,routine,established_contact,false,false,true
med-synth-v1,d003020,fam_m025425,test,test_product_like,2025-10-24T10:10:00Z,routine,established_contact,false,false,true
med-synth-v1,d003021,fam_m025433,test,test_product_like,2025-10-24T10:40:00Z,routine,established_contact,false,false,true
med-synth-v1,d003022,fam_m025443,test,test_product_like,2025-10-24T10:50:00Z,routine,established_contact,false,false,true
med-synth-v1,d003023,fam_m025445,test,test_product_like,2025-10-24T10:51:00Z,routine,established_contact,false,false,true
med-synth-v1,d003024,fam_m025457,test,test_product_like,2025-10-24T11:01:00Z,routine,established_contact,false,false,true
med-synth-v1,d003025,fam_m025467,test,test_product_like,2025-10-24T11:10:00Z,routine,established_contact,false,false,true
med-synth-v1,d003026,fam_m025469,test,test_product_like,2025-10-24T11:11:00Z,routine,established_contact,false,false,true
med-synth-v1,d003027,fam_m025503,test,test_product_like,2025-10-24T11:50:00Z,S05,external_purchase,false,false,true
med-synth-v1,d003028,fam_m025505,test,test_product_like,2025-10-24T11:51:00Z,S05,external_purchase,false,false,true
med-synth-v1,d003029,fam_m025517,test,test_product_like,2025-10-24T12:01:00Z,S05,external_purchase,false,false,true
med-synth-v1,d003030,fam_m025527,test,test_product_like,2025-10-24T12:10:00Z,S05,external_purchase,false,false,true
med-synth-v1,d003031,fam_m025529,test,test_product_like,2025-10-24T12:11:00Z,S05,external_purchase,false,false,true
med-synth-v1,d003032,fam_m025539,test,test_product_like,2025-10-24T13:00:00Z,routine,established_contact,false,false,true
med-synth-v1,d003033,fam_m025559,test,test_product_like,2025-10-24T14:40:00Z,routine,established_contact,false,false,true
med-synth-v1,d003034,fam_m025569,test,test_product_like,2025-10-27T09:00:00Z,S05,internal_project,false,false,true
med-synth-v1,d003035,fam_m025571,test,test_product_like,2025-10-27T09:01:00Z,S05,internal_project,false,false,true
med-synth-v1,d003036,fam_m025573,test,test_product_like,2025-10-27T09:02:00Z,S05,internal_project,false,false,true
med-synth-v1,d003037,fam_m025575,test,test_product_like,2025-10-27T09:03:00Z,S05,internal_project,false,false,true
med-synth-v1,d003038,fam_m025579,test,test_product_like,2025-10-27T09:05:00Z,S05,internal_project,false,false,true
med-synth-v1,d003039,fam_m025581,test,test_product_like,2025-10-27T09:06:00Z,S05,internal_project,false,false,true
med-synth-v1,d003040,fam_m025583,test,test_product_like,2025-10-27T09:07:00Z,S05,internal_project,false,false,true
med-synth-v1,d003041,fam_m025657,test,test_product_like,2025-10-27T09:20:00Z,routine,established_contact,false,false,true
med-synth-v1,d003042,fam_m025659,test,test_product_like,2025-10-27T09:21:00Z,routine,established_contact,false,false,true
med-synth-v1,d003043,fam_m025671,test,test_product_like,2025-10-27T09:31:00Z,routine,established_contact,false,false,true
med-synth-v1,d003044,fam_m025701,test,test_product_like,2025-10-27T10:30:00Z,routine,established_contact,false,false,true
med-synth-v1,d003045,fam_m025707,test,test_product_like,2025-10-27T10:50:00Z,routine,established_contact,false,false,true
med-synth-v1,d003046,fam_m025709,test,test_product_like,2025-10-27T10:51:00Z,routine,established_contact,false,false,true
med-synth-v1,d003047,fam_m025721,test,test_product_like,2025-10-27T11:01:00Z,routine,established_contact,false,false,true
med-synth-v1,d003048,fam_m025731,test,test_product_like,2025-10-27T11:10:00Z,routine,established_contact,false,false,true
med-synth-v1,d003049,fam_m025733,test,test_product_like,2025-10-27T11:11:00Z,routine,established_contact,false,false,true
med-synth-v1,d003050,fam_m025767,test,test_product_like,2025-10-27T11:50:00Z,S05,external_purchase,false,false,true
med-synth-v1,d003051,fam_m025769,test,test_product_like,2025-10-27T11:51:00Z,S05,external_purchase,false,false,true
med-synth-v1,d003052,fam_m025781,test,test_product_like,2025-10-27T12:01:00Z,S05,external_purchase,false,false,true
med-synth-v1,d003053,fam_m025791,test,test_product_like,2025-10-27T12:10:00Z,S05,external_purchase,false,false,true
med-synth-v1,d003054,fam_m025793,test,test_product_like,2025-10-27T12:11:00Z,S05,external_purchase,false,false,true
med-synth-v1,d003055,fam_m025803,test,test_product_like,2025-10-27T12:20:00Z,routine,established_contact,false,false,true
med-synth-v1,d003056,fam_m025823,test,test_product_like,2025-10-27T14:00:00Z,routine,established_contact,false,false,true
med-synth-v1,d003057,fam_m025833,test,test_product_like,2025-10-27T14:50:00Z,routine,established_contact,false,false,true
med-synth-v1,d003058,fam_m025585,test,test_product_like,2025-10-28T09:00:00Z,S05,internal_project,false,false,true
med-synth-v1,d003059,fam_m025587,test,test_product_like,2025-10-28T09:01:00Z,S05,internal_project,false,false,true
med-synth-v1,d003060,fam_m025589,test,test_product_like,2025-10-28T09:02:00Z,S05,internal_project,false,false,true
med-synth-v1,d003061,fam_m025593,test,test_product_like,2025-10-28T09:04:00Z,S05,internal_project,false,false,true
med-synth-v1,d003062,fam_m025595,test,test_product_like,2025-10-28T09:05:00Z,S05,internal_project,false,false,true
med-synth-v1,d003063,fam_m025597,test,test_product_like,2025-10-28T09:06:00Z,S05,internal_project,false,false,true
med-synth-v1,d003064,fam_m025599,test,test_product_like,2025-10-28T09:07:00Z,S05,internal_project,false,false,true
med-synth-v1,d003065,fam_m025651,test,test_product_like,2025-10-28T09:11:00Z,routine,established_contact,false,false,true
med-synth-v1,d003066,fam_m025681,test,test_product_like,2025-10-28T09:40:00Z,routine,established_contact,false,false,true
med-synth-v1,d003067,fam_m025683,test,test_product_like,2025-10-28T09:41:00Z,routine,established_contact,false,false,true
med-synth-v1,d003068,fam_m025693,test,test_product_like,2025-10-28T10:00:00Z,routine,established_contact,false,false,true
med-synth-v1,d003069,fam_m025743,test,test_product_like,2025-10-28T11:20:00Z,routine,established_contact,false,false,true
med-synth-v1,d003070,fam_m025751,test,test_product_like,2025-10-28T11:30:00Z,routine,established_contact,false,false,true
med-synth-v1,d003071,fam_m025753,test,test_product_like,2025-10-28T11:31:00Z,routine,established_contact,false,false,true
med-synth-v1,d003072,fam_m025759,test,test_product_like,2025-10-28T11:40:00Z,routine,established_contact,false,false,true
med-synth-v1,d003073,fam_m025761,test,test_product_like,2025-10-28T11:41:00Z,routine,established_contact,false,false,true
med-synth-v1,d003074,fam_m025815,test,test_product_like,2025-10-28T13:20:00Z,routine,established_contact,false,false,true
med-synth-v1,d003075,fam_m025825,test,test_product_like,2025-10-28T14:10:00Z,routine,established_contact,false,false,true
med-synth-v1,d003076,fam_m025835,test,test_product_like,2025-10-28T15:00:00Z,routine,established_contact,false,false,true
med-synth-v1,d002110,fam_m025601,test,test_diagnostic,2025-10-29T09:00:00Z,S08,unintended_bcc,true,false,true
med-synth-v1,d002111,fam_m025601,test,test_diagnostic,2025-10-29T09:00:00Z,S08,clean_twin,false,false,true
med-synth-v1,d003077,fam_m025603,test,test_product_like,2025-10-29T09:01:00Z,S05,internal_project,false,false,true
med-synth-v1,d003078,fam_m025605,test,test_product_like,2025-10-29T09:02:00Z,S05,internal_project,false,false,true
med-synth-v1,d003079,fam_m025609,test,test_product_like,2025-10-29T09:04:00Z,S05,internal_project,false,false,true
med-synth-v1,d003080,fam_m025611,test,test_product_like,2025-10-29T09:05:00Z,S05,internal_project,false,false,true
med-synth-v1,d003081,fam_m025613,test,test_product_like,2025-10-29T09:06:00Z,S05,internal_project,false,false,true
med-synth-v1,d003082,fam_m025615,test,test_product_like,2025-10-29T09:07:00Z,S05,internal_project,false,false,true
med-synth-v1,d003083,fam_m025663,test,test_product_like,2025-10-29T09:21:00Z,routine,established_contact,false,false,true
med-synth-v1,d003084,fam_m025673,test,test_product_like,2025-10-29T09:30:00Z,routine,established_contact,false,false,true
med-synth-v1,d003085,fam_m025675,test,test_product_like,2025-10-29T09:31:00Z,routine,established_contact,false,false,true
med-synth-v1,d003086,fam_m025689,test,test_product_like,2025-10-29T09:50:00Z,routine,established_contact,false,false,true
med-synth-v1,d003087,fam_m025691,test,test_product_like,2025-10-29T09:51:00Z,routine,established_contact,false,false,true
med-synth-v1,d003088,fam_m025713,test,test_product_like,2025-10-29T10:51:00Z,routine,established_contact,false,false,true
med-synth-v1,d003089,fam_m025723,test,test_product_like,2025-10-29T11:00:00Z,routine,established_contact,false,false,true
med-synth-v1,d003090,fam_m025725,test,test_product_like,2025-10-29T11:01:00Z,routine,established_contact,false,false,true
med-synth-v1,d003091,fam_m025735,test,test_product_like,2025-10-29T11:10:00Z,routine,established_contact,false,false,true
med-synth-v1,d003092,fam_m025771,test,test_product_like,2025-10-29T11:50:00Z,S05,external_purchase,false,false,true
med-synth-v1,d003093,fam_m025773,test,test_product_like,2025-10-29T11:51:00Z,S05,external_purchase,false,false,true
med-synth-v1,d003094,fam_m025783,test,test_product_like,2025-10-29T12:00:00Z,S05,external_purchase,false,false,true
med-synth-v1,d003095,fam_m025785,test,test_product_like,2025-10-29T12:01:00Z,S05,external_purchase,false,false,true
med-synth-v1,d003096,fam_m025795,test,test_product_like,2025-10-29T12:10:00Z,S05,external_purchase,false,false,true
med-synth-v1,d003097,fam_m025807,test,test_product_like,2025-10-29T12:40:00Z,routine,established_contact,false,false,true
med-synth-v1,d003098,fam_m025817,test,test_product_like,2025-10-29T13:30:00Z,routine,established_contact,false,false,true
med-synth-v1,d003099,fam_m025827,test,test_product_like,2025-10-29T14:20:00Z,routine,established_contact,false,false,true
med-synth-v1,d003100,fam_m025837,test,test_product_like,2025-10-29T15:10:00Z,routine,established_contact,false,false,true
med-synth-v1,d003101,fam_m025619,test,test_product_like,2025-10-30T09:01:00Z,S05,internal_project,false,false,true
med-synth-v1,d003102,fam_m025621,test,test_product_like,2025-10-30T09:02:00Z,S05,internal_project,false,false,true
med-synth-v1,d003103,fam_m025623,test,test_product_like,2025-10-30T09:03:00Z,S05,internal_project,false,false,true
med-synth-v1,d003104,fam_m025625,test,test_product_like,2025-10-30T09:04:00Z,S05,internal_project,false,false,true
med-synth-v1,d003105,fam_m025627,test,test_product_like,2025-10-30T09:05:00Z,S05,internal_project,false,false,true
med-synth-v1,d003106,fam_m025631,test,test_product_like,2025-10-30T09:07:00Z,S05,internal_project,false,false,true
med-synth-v1,d003107,fam_m025653,test,test_product_like,2025-10-30T09:10:00Z,routine,established_contact,false,false,true
med-synth-v1,d003108,fam_m025655,test,test_product_like,2025-10-30T09:11:00Z,routine,established_contact,false,false,true
med-synth-v1,d003109,fam_m025685,test,test_product_like,2025-10-30T09:40:00Z,routine,established_contact,false,false,true
med-synth-v1,d003110,fam_m025699,test,test_product_like,2025-10-30T10:20:00Z,routine,established_contact,false,false,true
med-synth-v1,d003111,fam_m025703,test,test_product_like,2025-10-30T10:30:00Z,routine,established_contact,false,false,true
med-synth-v1,d003112,fam_m025747,test,test_product_like,2025-10-30T11:20:00Z,routine,established_contact,false,false,true
med-synth-v1,d003113,fam_m025749,test,test_product_like,2025-10-30T11:21:00Z,routine,established_contact,false,false,true
med-synth-v1,d003114,fam_m025755,test,test_product_like,2025-10-30T11:30:00Z,routine,established_contact,false,false,true
med-synth-v1,d003115,fam_m025763,test,test_product_like,2025-10-30T11:40:00Z,routine,established_contact,false,false,true
med-synth-v1,d003116,fam_m025765,test,test_product_like,2025-10-30T11:41:00Z,routine,established_contact,false,false,true
med-synth-v1,d003117,fam_m025809,test,test_product_like,2025-10-30T12:50:00Z,routine,established_contact,false,false,true
med-synth-v1,d003118,fam_m025819,test,test_product_like,2025-10-30T13:40:00Z,routine,established_contact,false,false,true
med-synth-v1,d003119,fam_m025839,test,test_product_like,2025-10-30T15:20:00Z,routine,established_contact,false,false,true
med-synth-v1,d003120,fam_m025633,test,test_product_like,2025-10-31T09:00:00Z,S05,internal_project,false,false,true
med-synth-v1,d003121,fam_m025635,test,test_product_like,2025-10-31T09:01:00Z,S05,internal_project,false,false,true
med-synth-v1,d003122,fam_m025637,test,test_product_like,2025-10-31T09:02:00Z,S05,internal_project,false,false,true
med-synth-v1,d003123,fam_m025639,test,test_product_like,2025-10-31T09:03:00Z,S05,internal_project,false,false,true
med-synth-v1,d003124,fam_m025643,test,test_product_like,2025-10-31T09:05:00Z,S05,internal_project,false,false,true
med-synth-v1,d003125,fam_m025645,test,test_product_like,2025-10-31T09:06:00Z,S05,internal_project,false,false,true
med-synth-v1,d003126,fam_m025647,test,test_product_like,2025-10-31T09:07:00Z,S05,internal_project,false,false,true
med-synth-v1,d003127,fam_m025665,test,test_product_like,2025-10-31T09:20:00Z,routine,established_contact,false,false,true
med-synth-v1,d003128,fam_m025677,test,test_product_like,2025-10-31T09:30:00Z,routine,established_contact,false,false,true
med-synth-v1,d003129,fam_m025679,test,test_product_like,2025-10-31T09:31:00Z,routine,established_contact,false,false,true
med-synth-v1,d003130,fam_m025695,test,test_product_like,2025-10-31T10:00:00Z,routine,established_contact,false,false,true
med-synth-v1,d003131,fam_m025697,test,test_product_like,2025-10-31T10:10:00Z,routine,established_contact,false,false,true
med-synth-v1,d003132,fam_m025705,test,test_product_like,2025-10-31T10:40:00Z,routine,established_contact,false,false,true
med-synth-v1,d003133,fam_m025717,test,test_product_like,2025-10-31T10:51:00Z,routine,established_contact,false,false,true
med-synth-v1,d003134,fam_m025727,test,test_product_like,2025-10-31T11:00:00Z,routine,established_contact,false,false,true
med-synth-v1,d003135,fam_m025729,test,test_product_like,2025-10-31T11:01:00Z,routine,established_contact,false,false,true
med-synth-v1,d003136,fam_m025739,test,test_product_like,2025-10-31T11:10:00Z,routine,established_contact,false,false,true
med-synth-v1,d003137,fam_m025775,test,test_product_like,2025-10-31T11:50:00Z,S05,external_purchase,false,false,true
med-synth-v1,d003138,fam_m025777,test,test_product_like,2025-10-31T11:51:00Z,S05,external_purchase,false,false,true
med-synth-v1,d003139,fam_m025787,test,test_product_like,2025-10-31T12:00:00Z,S05,external_purchase,false,false,true
med-synth-v1,d003140,fam_m025789,test,test_product_like,2025-10-31T12:01:00Z,S05,external_purchase,false,false,true
med-synth-v1,d003141,fam_m025799,test,test_product_like,2025-10-31T12:10:00Z,S05,external_purchase,false,false,true
med-synth-v1,d003142,fam_m025811,test,test_product_like,2025-10-31T13:00:00Z,routine,established_contact,false,false,true
med-synth-v1,d003143,fam_m025821,test,test_product_like,2025-10-31T13:50:00Z,routine,established_contact,false,false,true
med-synth-v1,d003144,fam_m025831,test,test_product_like,2025-10-31T14:40:00Z,routine,established_contact,false,false,true
med-synth-v1,d003145,fam_m025841,test,test_product_like,2025-11-03T09:00:00Z,S05,internal_project,false,false,true
med-synth-v1,d003146,fam_m025845,test,test_product_like,2025-11-03T09:02:00Z,S05,internal_project,false,false,true
med-synth-v1,d003147,fam_m025847,test,test_product_like,2025-11-03T09:03:00Z,S05,internal_project,false,false,true
med-synth-v1,d003148,fam_m025849,test,test_product_like,2025-11-03T09:04:00Z,S05,internal_project,false,false,true
med-synth-v1,d003149,fam_m025851,test,test_product_like,2025-11-03T09:05:00Z,S05,internal_project,false,false,true
med-synth-v1,d003150,fam_m025853,test,test_product_like,2025-11-03T09:06:00Z,S05,internal_project,false,false,true
med-synth-v1,d002091,fam_m025929,test,test_diagnostic,2025-11-03T09:20:00Z,S04,familiar_topic_mismatch,true,false,true
med-synth-v1,d002092,fam_m025929,test,test_diagnostic,2025-11-03T09:20:00Z,S04,clean_twin,false,false,true
med-synth-v1,d003151,fam_m025931,test,test_product_like,2025-11-03T09:21:00Z,routine,established_contact,false,false,true
med-synth-v1,d003152,fam_m025941,test,test_product_like,2025-11-03T09:30:00Z,routine,established_contact,false,false,true
med-synth-v1,d003153,fam_m025943,test,test_product_like,2025-11-03T09:31:00Z,routine,established_contact,false,false,true
med-synth-v1,d003154,fam_m025973,test,test_product_like,2025-11-03T10:30:00Z,routine,established_contact,false,false,true
med-synth-v1,d002130,fam_m025979,test,test_diagnostic,2025-11-03T10:50:00Z,S09,little_text_unintended,true,false,true
med-synth-v1,d002131,fam_m025979,test,test_diagnostic,2025-11-03T10:50:00Z,S09,clean_twin,false,false,true
med-synth-v1,d002070,fam_m025991,test,test_diagnostic,2025-11-03T11:00:00Z,S01,lookalike_replacement,true,false,true
med-synth-v1,d002071,fam_m025991,test,test_diagnostic,2025-11-03T11:00:00Z,S01,clean_twin,false,false,true
med-synth-v1,d003155,fam_m025993,test,test_product_like,2025-11-03T11:01:00Z,routine,established_contact,false,false,true
med-synth-v1,d002072,fam_m026003,test,test_diagnostic,2025-11-03T11:10:00Z,S01,lookalike_replacement,true,false,true
med-synth-v1,d002073,fam_m026003,test,test_diagnostic,2025-11-03T11:10:00Z,S01,clean_twin,false,false,true
med-synth-v1,d003156,fam_m026005,test,test_product_like,2025-11-03T11:11:00Z,routine,established_contact,false,false,true
med-synth-v1,d003157,fam_m026039,test,test_product_like,2025-11-03T11:50:00Z,S05,external_purchase,false,false,true
med-synth-v1,d003158,fam_m026041,test,test_product_like,2025-11-03T11:51:00Z,S05,external_purchase,false,false,true
med-synth-v1,d003159,fam_m026051,test,test_product_like,2025-11-03T12:00:00Z,S05,external_purchase,false,false,true
med-synth-v1,d003160,fam_m026063,test,test_product_like,2025-11-03T12:10:00Z,S05,external_purchase,false,false,true
med-synth-v1,d003161,fam_m026065,test,test_product_like,2025-11-03T12:11:00Z,S05,external_purchase,false,false,true
med-synth-v1,d003162,fam_m026075,test,test_product_like,2025-11-03T12:20:00Z,routine,established_contact,false,false,true
med-synth-v1,d003163,fam_m026085,test,test_product_like,2025-11-03T13:10:00Z,routine,established_contact,false,false,true
med-synth-v1,d003164,fam_m026105,test,test_product_like,2025-11-03T14:50:00Z,routine,established_contact,false,false,true
med-synth-v1,d003165,fam_m025857,test,test_product_like,2025-11-04T09:00:00Z,S05,internal_project,false,false,true
med-synth-v1,d003166,fam_m025859,test,test_product_like,2025-11-04T09:01:00Z,S05,internal_project,false,false,true
med-synth-v1,d003167,fam_m025861,test,test_product_like,2025-11-04T09:02:00Z,S05,internal_project,false,false,true
med-synth-v1,d003168,fam_m025863,test,test_product_like,2025-11-04T09:03:00Z,S05,internal_project,false,false,true
med-synth-v1,d003169,fam_m025867,test,test_product_like,2025-11-04T09:05:00Z,S05,internal_project,false,false,true
med-synth-v1,d003170,fam_m025869,test,test_product_like,2025-11-04T09:06:00Z,S05,internal_project,false,false,true
med-synth-v1,d003171,fam_m025871,test,test_product_like,2025-11-04T09:07:00Z,S05,internal_project,false,false,true
med-synth-v1,d003172,fam_m025921,test,test_product_like,2025-11-04T09:10:00Z,routine,established_contact,false,false,true
med-synth-v1,d003173,fam_m025953,test,test_product_like,2025-11-04T09:40:00Z,routine,established_contact,false,false,true
med-synth-v1,d003174,fam_m025955,test,test_product_like,2025-11-04T09:41:00Z,routine,established_contact,false,false,true
med-synth-v1,d003175,fam_m025965,test,test_product_like,2025-11-04T10:00:00Z,routine,established_contact,false,false,true
med-synth-v1,d003176,fam_m026015,test,test_product_like,2025-11-04T11:20:00Z,routine,established_contact,false,false,true
med-synth-v1,d003177,fam_m026017,test,test_product_like,2025-11-04T11:21:00Z,routine,established_contact,false,false,true
med-synth-v1,d003178,fam_m026025,test,test_product_like,2025-11-04T11:31:00Z,routine,established_contact,false,false,true
med-synth-v1,d003179,fam_m026031,test,test_product_like,2025-11-04T11:40:00Z,routine,established_contact,false,false,true
med-synth-v1,d003180,fam_m026033,test,test_product_like,2025-11-04T11:41:00Z,routine,established_contact,false,false,true
med-synth-v1,d003181,fam_m026077,test,test_product_like,2025-11-04T12:30:00Z,routine,established_contact,false,false,true
med-synth-v1,d003182,fam_m026097,test,test_product_like,2025-11-04T14:10:00Z,routine,established_contact,false,false,true
med-synth-v1,d003183,fam_m026107,test,test_product_like,2025-11-04T15:00:00Z,routine,established_contact,false,false,true
med-synth-v1,d003184,fam_m025873,test,test_product_like,2025-11-05T09:00:00Z,S05,internal_project,false,false,true
med-synth-v1,d003185,fam_m025875,test,test_product_like,2025-11-05T09:01:00Z,S05,internal_project,false,false,true
med-synth-v1,d003186,fam_m025877,test,test_product_like,2025-11-05T09:02:00Z,S05,internal_project,false,false,true
med-synth-v1,d003187,fam_m025881,test,test_product_like,2025-11-05T09:04:00Z,S05,internal_project,false,false,true
med-synth-v1,d003188,fam_m025883,test,test_product_like,2025-11-05T09:05:00Z,S05,internal_project,false,false,true
med-synth-v1,d003189,fam_m025885,test,test_product_like,2025-11-05T09:06:00Z,S05,internal_project,false,false,true
med-synth-v1,d003190,fam_m025887,test,test_product_like,2025-11-05T09:07:00Z,S05,internal_project,false,false,true
med-synth-v1,d003191,fam_m025935,test,test_product_like,2025-11-05T09:21:00Z,routine,established_contact,false,false,true
med-synth-v1,d003192,fam_m025945,test,test_product_like,2025-11-05T09:30:00Z,routine,established_contact,false,false,true
med-synth-v1,d003193,fam_m025947,test,test_product_like,2025-11-05T09:31:00Z,routine,established_contact,false,false,true
med-synth-v1,d003194,fam_m025961,test,test_product_like,2025-11-05T09:50:00Z,routine,established_contact,false,false,true
med-synth-v1,d003195,fam_m025963,test,test_product_like,2025-11-05T09:51:00Z,routine,established_contact,false,false,true
med-synth-v1,d003196,fam_m025985,test,test_product_like,2025-11-05T10:51:00Z,routine,established_contact,false,false,true
med-synth-v1,d003197,fam_m025995,test,test_product_like,2025-11-05T11:00:00Z,routine,established_contact,false,false,true
med-synth-v1,d003198,fam_m025997,test,test_product_like,2025-11-05T11:01:00Z,routine,established_contact,false,false,true
med-synth-v1,d003199,fam_m026007,test,test_product_like,2025-11-05T11:10:00Z,routine,established_contact,false,false,true
med-synth-v1,d003200,fam_m026043,test,test_product_like,2025-11-05T11:50:00Z,S05,external_purchase,false,false,true
med-synth-v1,d003201,fam_m026045,test,test_product_like,2025-11-05T11:51:00Z,S05,external_purchase,false,false,true
med-synth-v1,d003202,fam_m026055,test,test_product_like,2025-11-05T12:00:00Z,S05,external_purchase,false,false,true
med-synth-v1,d003203,fam_m026057,test,test_product_like,2025-11-05T12:01:00Z,S05,external_purchase,false,false,true
med-synth-v1,d003204,fam_m026067,test,test_product_like,2025-11-05T12:10:00Z,S05,external_purchase,false,false,true
med-synth-v1,d003205,fam_m026079,test,test_product_like,2025-11-05T12:40:00Z,routine,established_contact,false,false,true
med-synth-v1,d003206,fam_m026089,test,test_product_like,2025-11-05T13:30:00Z,routine,established_contact,false,false,true
med-synth-v1,d003207,fam_m026099,test,test_product_like,2025-11-05T14:20:00Z,routine,established_contact,false,false,true
med-synth-v1,d003208,fam_m026109,test,test_product_like,2025-11-05T15:10:00Z,routine,established_contact,false,false,true
med-synth-v1,d002151,fam_m028392,test,test_product_like,2025-11-05T21:02:00Z,S09,cold_start_legitimate,false,false,true
med-synth-v1,d002155,fam_m028398,test,test_product_like,2025-11-05T21:32:00Z,S09,little_text_legitimate,false,false,true
med-synth-v1,d002112,fam_m025889,test,test_diagnostic,2025-11-06T09:00:00Z,S08,unintended_bcc,true,false,true
med-synth-v1,d002113,fam_m025889,test,test_diagnostic,2025-11-06T09:00:00Z,S08,clean_twin,false,false,true
med-synth-v1,d003209,fam_m025893,test,test_product_like,2025-11-06T09:02:00Z,S05,internal_project,false,false,true
med-synth-v1,d003210,fam_m025895,test,test_product_like,2025-11-06T09:03:00Z,S05,internal_project,false,false,true
med-synth-v1,d003211,fam_m025897,test,test_product_like,2025-11-06T09:04:00Z,S05,internal_project,false,false,true
med-synth-v1,d003212,fam_m025899,test,test_product_like,2025-11-06T09:05:00Z,S05,internal_project,false,false,true
med-synth-v1,d003213,fam_m025901,test,test_product_like,2025-11-06T09:06:00Z,S05,internal_project,false,false,true
med-synth-v1,d003214,fam_m025925,test,test_product_like,2025-11-06T09:10:00Z,routine,established_contact,false,false,true
med-synth-v1,d003215,fam_m025927,test,test_product_like,2025-11-06T09:11:00Z,routine,established_contact,false,false,true
med-synth-v1,d003216,fam_m025957,test,test_product_like,2025-11-06T09:40:00Z,routine,established_contact,false,false,true
med-synth-v1,d003217,fam_m025959,test,test_product_like,2025-11-06T09:41:00Z,routine,established_contact,false,false,true
med-synth-v1,d003218,fam_m025975,test,test_product_like,2025-11-06T10:30:00Z,routine,established_contact,false,false,true
med-synth-v1,d003219,fam_m026019,test,test_product_like,2025-11-06T11:20:00Z,routine,established_contact,false,false,true
med-synth-v1,d003220,fam_m026021,test,test_product_like,2025-11-06T11:21:00Z,routine,established_contact,false,false,true
med-synth-v1,d003221,fam_m026027,test,test_product_like,2025-11-06T11:30:00Z,routine,established_contact,false,false,true
med-synth-v1,d003222,fam_m026029,test,test_product_like,2025-11-06T11:31:00Z,routine,established_contact,false,false,true
med-synth-v1,d003223,fam_m026037,test,test_product_like,2025-11-06T11:41:00Z,routine,established_contact,false,false,true
med-synth-v1,d003224,fam_m026081,test,test_product_like,2025-11-06T12:50:00Z,routine,established_contact,false,false,true
med-synth-v1,d003225,fam_m026091,test,test_product_like,2025-11-06T13:40:00Z,routine,established_contact,false,false,true
med-synth-v1,d003226,fam_m026101,test,test_product_like,2025-11-06T14:30:00Z,routine,established_contact,false,false,true
med-synth-v1,d003227,fam_m025905,test,test_product_like,2025-11-07T09:00:00Z,S05,internal_project,false,false,true
med-synth-v1,d003228,fam_m025907,test,test_product_like,2025-11-07T09:01:00Z,S05,internal_project,false,false,true
med-synth-v1,d003229,fam_m025909,test,test_product_like,2025-11-07T09:02:00Z,S05,internal_project,false,false,true
med-synth-v1,d003230,fam_m025911,test,test_product_like,2025-11-07T09:03:00Z,S05,internal_project,false,false,true
med-synth-v1,d003231,fam_m025913,test,test_product_like,2025-11-07T09:04:00Z,S05,internal_project,false,false,true
med-synth-v1,d003232,fam_m025917,test,test_product_like,2025-11-07T09:06:00Z,S05,internal_project,false,false,true
med-synth-v1,d003233,fam_m025919,test,test_product_like,2025-11-07T09:07:00Z,S05,internal_project,false,false,true
med-synth-v1,d003234,fam_m025937,test,test_product_like,2025-11-07T09:20:00Z,routine,established_contact,false,false,true
med-synth-v1,d003235,fam_m025939,test,test_product_like,2025-11-07T09:21:00Z,routine,established_contact,false,false,true
med-synth-v1,d003236,fam_m025951,test,test_product_like,2025-11-07T09:31:00Z,routine,established_contact,false,false,true
med-synth-v1,d003237,fam_m025967,test,test_product_like,2025-11-07T10:00:00Z,routine,established_contact,false,false,true
med-synth-v1,d003238,fam_m025969,test,test_product_like,2025-11-07T10:10:00Z,routine,established_contact,false,false,true
med-synth-v1,d003239,fam_m025977,test,test_product_like,2025-11-07T10:40:00Z,routine,established_contact,false,false,true
med-synth-v1,d003240,fam_m025987,test,test_product_like,2025-11-07T10:50:00Z,routine,established_contact,false,false,true
med-synth-v1,d003241,fam_m025999,test,test_product_like,2025-11-07T11:00:00Z,routine,established_contact,false,false,true
med-synth-v1,d003242,fam_m026001,test,test_product_like,2025-11-07T11:01:00Z,routine,established_contact,false,false,true
med-synth-v1,d003243,fam_m026011,test,test_product_like,2025-11-07T11:10:00Z,routine,established_contact,false,false,true
med-synth-v1,d003244,fam_m026013,test,test_product_like,2025-11-07T11:11:00Z,routine,established_contact,false,false,true
med-synth-v1,d003245,fam_m026049,test,test_product_like,2025-11-07T11:51:00Z,S05,external_purchase,false,false,true
med-synth-v1,d003246,fam_m026059,test,test_product_like,2025-11-07T12:00:00Z,S05,external_purchase,false,false,true
med-synth-v1,d003247,fam_m026061,test,test_product_like,2025-11-07T12:01:00Z,S05,external_purchase,false,false,true
med-synth-v1,d003248,fam_m026071,test,test_product_like,2025-11-07T12:10:00Z,S05,external_purchase,false,false,true
med-synth-v1,d003249,fam_m026073,test,test_product_like,2025-11-07T12:11:00Z,S05,external_purchase,false,false,true
med-synth-v1,d003250,fam_m026093,test,test_product_like,2025-11-07T13:50:00Z,routine,established_contact,false,false,true
med-synth-v1,d003251,fam_m026103,test,test_product_like,2025-11-07T14:40:00Z,routine,established_contact,false,false,true
med-synth-v1,d003252,fam_m026113,test,test_product_like,2025-11-10T09:00:00Z,S05,internal_project,false,false,true
med-synth-v1,d003253,fam_m026115,test,test_product_like,2025-11-10T09:01:00Z,S05,internal_project,false,false,true
med-synth-v1,d003254,fam_m026119,test,test_product_like,2025-11-10T09:03:00Z,S05,internal_project,false,false,true
med-synth-v1,d003255,fam_m026121,test,test_product_like,2025-11-10T09:04:00Z,S05,internal_project,false,false,true
med-synth-v1,d003256,fam_m026123,test,test_product_like,2025-11-10T09:05:00Z,S05,internal_project,false,false,true
med-synth-v1,d003257,fam_m026125,test,test_product_like,2025-11-10T09:06:00Z,S05,internal_project,false,false,true
med-synth-v1,d003258,fam_m026127,test,test_product_like,2025-11-10T09:07:00Z,S05,internal_project,false,false,true
med-synth-v1,d003259,fam_m026203,test,test_product_like,2025-11-10T09:21:00Z,routine,established_contact,false,false,true
med-synth-v1,d003260,fam_m026213,test,test_product_like,2025-11-10T09:30:00Z,routine,established_contact,false,false,true
med-synth-v1,d003261,fam_m026215,test,test_product_like,2025-11-10T09:31:00Z,routine,established_contact,false,false,true
med-synth-v1,d003262,fam_m026245,test,test_product_like,2025-11-10T10:30:00Z,routine,established_contact,false,false,true
med-synth-v1,d003263,fam_m026251,test,test_product_like,2025-11-10T10:50:00Z,routine,established_contact,false,false,true
med-synth-v1,d003264,fam_m026263,test,test_product_like,2025-11-10T11:00:00Z,routine,established_contact,false,false,true
med-synth-v1,d003265,fam_m026265,test,test_product_like,2025-11-10T11:01:00Z,routine,established_contact,false,false,true
med-synth-v1,d003266,fam_m026275,test,test_product_like,2025-11-10T11:10:00Z,routine,established_contact,false,false,true
med-synth-v1,d003267,fam_m026277,test,test_product_like,2025-11-10T11:11:00Z,routine,established_contact,false,false,true
med-synth-v1,d003268,fam_m026313,test,test_product_like,2025-11-10T11:51:00Z,S05,external_purchase,false,false,true
med-synth-v1,d003269,fam_m026323,test,test_product_like,2025-11-10T12:00:00Z,S05,external_purchase,false,false,true
med-synth-v1,d003270,fam_m026325,test,test_product_like,2025-11-10T12:01:00Z,S05,external_purchase,false,false,true
med-synth-v1,d003271,fam_m026335,test,test_product_like,2025-11-10T12:10:00Z,S05,external_purchase,false,false,true
med-synth-v1,d003272,fam_m026337,test,test_product_like,2025-11-10T12:11:00Z,S05,external_purchase,false,false,true
med-synth-v1,d003273,fam_m026357,test,test_product_like,2025-11-10T13:10:00Z,routine,established_contact,false,false,true
med-synth-v1,d003274,fam_m026367,test,test_product_like,2025-11-10T14:00:00Z,routine,established_contact,false,false,true
med-synth-v1,d003275,fam_m026377,test,test_product_like,2025-11-10T14:50:00Z,routine,established_contact,false,false,true
med-synth-v1,d003276,fam_m026129,test,test_product_like,2025-11-11T09:00:00Z,S05,internal_project,false,false,true
med-synth-v1,d003277,fam_m026133,test,test_product_like,2025-11-11T09:02:00Z,S05,internal_project,false,false,true
med-synth-v1,d003278,fam_m026135,test,test_product_like,2025-11-11T09:03:00Z,S05,internal_project,false,false,true
med-synth-v1,d003279,fam_m026137,test,test_product_like,2025-11-11T09:04:00Z,S05,internal_project,false,false,true
med-synth-v1,d003280,fam_m026139,test,test_product_like,2025-11-11T09:05:00Z,S05,internal_project,false,false,true
med-synth-v1,d003281,fam_m026141,test,test_product_like,2025-11-11T09:06:00Z,S05,internal_project,false,false,true
med-synth-v1,d003282,fam_m026193,test,test_product_like,2025-11-11T09:10:00Z,routine,established_contact,false,false,true
med-synth-v1,d002081,fam_m026195,test,test_diagnostic,2025-11-11T09:11:00Z,S02,added_external,true,false,true
med-synth-v1,d002082,fam_m026195,test,test_diagnostic,2025-11-11T09:11:00Z,S02,clean_twin,false,false,true
med-synth-v1,d003283,fam_m026225,test,test_product_like,2025-11-11T09:40:00Z,routine,established_contact,false,false,true
med-synth-v1,d003284,fam_m026227,test,test_product_like,2025-11-11T09:41:00Z,routine,established_contact,false,false,true
med-synth-v1,d003285,fam_m026237,test,test_product_like,2025-11-11T10:00:00Z,routine,established_contact,false,false,true
med-synth-v1,d003286,fam_m026289,test,test_product_like,2025-11-11T11:21:00Z,routine,established_contact,false,false,true
med-synth-v1,d003287,fam_m026295,test,test_product_like,2025-11-11T11:30:00Z,routine,established_contact,false,false,true
med-synth-v1,d003288,fam_m026297,test,test_product_like,2025-11-11T11:31:00Z,routine,established_contact,false,false,true
med-synth-v1,d003289,fam_m026303,test,test_product_like,2025-11-11T11:40:00Z,routine,established_contact,false,false,true
med-synth-v1,d003290,fam_m026305,test,test_product_like,2025-11-11T11:41:00Z,routine,established_contact,false,false,true
med-synth-v1,d003291,fam_m026359,test,test_product_like,2025-11-11T13:20:00Z,routine,established_contact,false,false,true
med-synth-v1,d003292,fam_m026369,test,test_product_like,2025-11-11T14:10:00Z,routine,established_contact,false,false,true
med-synth-v1,d003293,fam_m026379,test,test_product_like,2025-11-11T15:00:00Z,routine,established_contact,false,false,true
med-synth-v1,d003294,fam_m026145,test,test_product_like,2025-11-12T09:00:00Z,S05,internal_project,false,false,true
med-synth-v1,d003295,fam_m026149,test,test_product_like,2025-11-12T09:02:00Z,S05,internal_project,false,false,true
med-synth-v1,d003296,fam_m026151,test,test_product_like,2025-11-12T09:03:00Z,S05,internal_project,false,false,true
med-synth-v1,d003297,fam_m026153,test,test_product_like,2025-11-12T09:04:00Z,S05,internal_project,false,false,true
med-synth-v1,d003298,fam_m026155,test,test_product_like,2025-11-12T09:05:00Z,S05,internal_project,false,false,true
med-synth-v1,d003299,fam_m026157,test,test_product_like,2025-11-12T09:06:00Z,S05,internal_project,false,false,true
med-synth-v1,d003300,fam_m026205,test,test_product_like,2025-11-12T09:20:00Z,routine,established_contact,false,false,true
med-synth-v1,d003301,fam_m026207,test,test_product_like,2025-11-12T09:21:00Z,routine,established_contact,false,false,true
med-synth-v1,d003302,fam_m026217,test,test_product_like,2025-11-12T09:30:00Z,routine,established_contact,false,false,true
med-synth-v1,d003303,fam_m026219,test,test_product_like,2025-11-12T09:31:00Z,routine,established_contact,false,false,true
med-synth-v1,d003304,fam_m026235,test,test_product_like,2025-11-12T09:51:00Z,routine,established_contact,false,false,true
med-synth-v1,d003305,fam_m026255,test,test_product_like,2025-11-12T10:50:00Z,routine,established_contact,false,false,true
med-synth-v1,d003306,fam_m026257,test,test_product_like,2025-11-12T10:51:00Z,routine,established_contact,false,false,true
med-synth-v1,d003307,fam_m026267,test,test_product_like,2025-11-12T11:00:00Z,routine,established_contact,false,false,true
med-synth-v1,d003308,fam_m026269,test,test_product_like,2025-11-12T11:01:00Z,routine,established_contact,false,false,true
med-synth-v1,d003309,fam_m026281,test,test_product_like,2025-11-12T11:11:00Z,routine,established_contact,false,false,true
med-synth-v1,d003310,fam_m026315,test,test_product_like,2025-11-12T11:50:00Z,S05,external_purchase,false,false,true
med-synth-v1,d003311,fam_m026317,test,test_product_like,2025-11-12T11:51:00Z,S05,external_purchase,false,false,true
med-synth-v1,d003312,fam_m026327,test,test_product_like,2025-11-12T12:00:00Z,S05,external_purchase,false,false,true
med-synth-v1,d003313,fam_m026339,test,test_product_like,2025-11-12T12:10:00Z,S05,external_purchase,false,false,true
med-synth-v1,d003314,fam_m026341,test,test_product_like,2025-11-12T12:11:00Z,S05,external_purchase,false,false,true
med-synth-v1,d003315,fam_m026351,test,test_product_like,2025-11-12T12:40:00Z,routine,established_contact,false,false,true
med-synth-v1,d003316,fam_m026361,test,test_product_like,2025-11-12T13:30:00Z,routine,established_contact,false,false,true
med-synth-v1,d003317,fam_m026371,test,test_product_like,2025-11-12T14:20:00Z,routine,established_contact,false,false,true
med-synth-v1,d002137,fam_m028364,test,test_product_like,2025-11-12T18:03:00Z,S03,legitimate_first_contact,false,false,true
med-synth-v1,d002142,fam_m028374,test,test_product_like,2025-11-12T19:03:00Z,S06,legitimate_new_domain,false,false,true
med-synth-v1,d002147,fam_m028384,test,test_product_like,2025-11-12T20:03:00Z,S07,legitimate_topic_change,false,false,true
med-synth-v1,d003318,fam_m026161,test,test_product_like,2025-11-13T09:00:00Z,S05,internal_project,false,false,true
med-synth-v1,d003319,fam_m026163,test,test_product_like,2025-11-13T09:01:00Z,S05,internal_project,false,false,true
med-synth-v1,d003320,fam_m026165,test,test_product_like,2025-11-13T09:02:00Z,S05,internal_project,false,false,true
med-synth-v1,d003321,fam_m026167,test,test_product_like,2025-11-13T09:03:00Z,S05,internal_project,false,false,true
med-synth-v1,d003322,fam_m026171,test,test_product_like,2025-11-13T09:05:00Z,S05,internal_project,false,false,true
med-synth-v1,d003323,fam_m026173,test,test_product_like,2025-11-13T09:06:00Z,S05,internal_project,false,false,true
med-synth-v1,d003324,fam_m026175,test,test_product_like,2025-11-13T09:07:00Z,S05,internal_project,false,false,true
med-synth-v1,d003325,fam_m026197,test,test_product_like,2025-11-13T09:10:00Z,routine,established_contact,false,false,true
med-synth-v1,d003326,fam_m026199,test,test_product_like,2025-11-13T09:11:00Z,routine,established_contact,false,false,true
med-synth-v1,d003327,fam_m026231,test,test_product_like,2025-11-13T09:41:00Z,routine,established_contact,false,false,true
med-synth-v1,d003328,fam_m026243,test,test_product_like,2025-11-13T10:20:00Z,routine,established_contact,false,false,true
med-synth-v1,d003329,fam_m026247,test,test_product_like,2025-11-13T10:30:00Z,routine,established_contact,false,false,true
med-synth-v1,d003330,fam_m026291,test,test_product_like,2025-11-13T11:20:00Z,routine,established_contact,false,false,true
med-synth-v1,d003331,fam_m026299,test,test_product_like,2025-11-13T11:30:00Z,routine,established_contact,false,false,true
med-synth-v1,d003332,fam_m026301,test,test_product_like,2025-11-13T11:31:00Z,routine,established_contact,false,false,true
med-synth-v1,d003333,fam_m026307,test,test_product_like,2025-11-13T11:40:00Z,routine,established_contact,false,false,true
med-synth-v1,d003334,fam_m026309,test,test_product_like,2025-11-13T11:41:00Z,routine,established_contact,false,false,true
med-synth-v1,d003335,fam_m026353,test,test_product_like,2025-11-13T12:50:00Z,routine,established_contact,false,false,true
med-synth-v1,d003336,fam_m026373,test,test_product_like,2025-11-13T14:30:00Z,routine,established_contact,false,false,true
med-synth-v1,d003337,fam_m026383,test,test_product_like,2025-11-13T15:20:00Z,routine,established_contact,false,false,true
med-synth-v1,d002114,fam_m026177,test,test_product_like,2025-11-14T09:00:00Z,S08,two_unintended,true,false,true
med-synth-v1,d002160,fam_m026179,test,test_product_like,2025-11-14T09:01:00Z,S05,internal_project,false,false,true
med-synth-v1,d003338,fam_m026181,test,test_product_like,2025-11-14T09:02:00Z,S05,internal_project,false,false,true
med-synth-v1,d003339,fam_m026183,test,test_product_like,2025-11-14T09:03:00Z,S05,internal_project,false,false,true
med-synth-v1,d003340,fam_m026187,test,test_product_like,2025-11-14T09:05:00Z,S05,internal_project,false,false,true
med-synth-v1,d003341,fam_m026189,test,test_product_like,2025-11-14T09:06:00Z,S05,internal_project,false,false,true
med-synth-v1,d003342,fam_m026191,test,test_product_like,2025-11-14T09:07:00Z,S05,internal_project,false,false,true
med-synth-v1,d003343,fam_m026209,test,test_product_like,2025-11-14T09:20:00Z,routine,established_contact,false,false,true
med-synth-v1,d003344,fam_m026211,test,test_product_like,2025-11-14T09:21:00Z,routine,established_contact,false,false,true
med-synth-v1,d003345,fam_m026223,test,test_product_like,2025-11-14T09:31:00Z,routine,established_contact,false,false,true
med-synth-v1,d003346,fam_m026239,test,test_product_like,2025-11-14T10:00:00Z,routine,established_contact,false,false,true
med-synth-v1,d003347,fam_m026241,test,test_product_like,2025-11-14T10:10:00Z,routine,established_contact,false,false,true
med-synth-v1,d003348,fam_m026249,test,test_product_like,2025-11-14T10:40:00Z,routine,established_contact,false,false,true
med-synth-v1,d003349,fam_m026261,test,test_product_like,2025-11-14T10:51:00Z,routine,established_contact,false,false,true
med-synth-v1,d003350,fam_m026271,test,test_product_like,2025-11-14T11:00:00Z,routine,established_contact,false,false,true
med-synth-v1,d003351,fam_m026273,test,test_product_like,2025-11-14T11:01:00Z,routine,established_contact,false,false,true
med-synth-v1,d003352,fam_m026283,test,test_product_like,2025-11-14T11:10:00Z,routine,established_contact,false,false,true
med-synth-v1,d003353,fam_m026285,test,test_product_like,2025-11-14T11:11:00Z,routine,established_contact,false,false,true
med-synth-v1,d002165,fam_m026321,test,test_product_like,2025-11-14T11:51:00Z,S05,external_purchase,false,false,true
med-synth-v1,d003354,fam_m026331,test,test_product_like,2025-11-14T12:00:00Z,S05,external_purchase,false,false,true
med-synth-v1,d003355,fam_m026333,test,test_product_like,2025-11-14T12:01:00Z,S05,external_purchase,false,false,true
med-synth-v1,d003356,fam_m026343,test,test_product_like,2025-11-14T12:10:00Z,S05,external_purchase,false,false,true
med-synth-v1,d003357,fam_m026345,test,test_product_like,2025-11-14T12:11:00Z,S05,external_purchase,false,false,true
med-synth-v1,d003358,fam_m026365,test,test_product_like,2025-11-14T13:50:00Z,routine,established_contact,false,false,true
med-synth-v1,d003359,fam_m026375,test,test_product_like,2025-11-14T14:40:00Z,routine,established_contact,false,false,true
med-synth-v1,d003360,fam_m026385,test,test_product_like,2025-11-17T09:00:00Z,S05,internal_project,false,false,true
med-synth-v1,d003361,fam_m026387,test,test_product_like,2025-11-17T09:01:00Z,S05,internal_project,false,false,true
med-synth-v1,d003362,fam_m026389,test,test_product_like,2025-11-17T09:02:00Z,S05,internal_project,false,false,true
med-synth-v1,d003363,fam_m026393,test,test_product_like,2025-11-17T09:04:00Z,S05,internal_project,false,false,true
med-synth-v1,d003364,fam_m026395,test,test_product_like,2025-11-17T09:05:00Z,S05,internal_project,false,false,true
med-synth-v1,d003365,fam_m026397,test,test_product_like,2025-11-17T09:06:00Z,S05,internal_project,false,false,true
med-synth-v1,d003366,fam_m026399,test,test_product_like,2025-11-17T09:07:00Z,S05,internal_project,false,false,true
med-synth-v1,d003367,fam_m026475,test,test_product_like,2025-11-17T09:21:00Z,routine,established_contact,false,false,true
med-synth-v1,d003368,fam_m026485,test,test_product_like,2025-11-17T09:30:00Z,routine,established_contact,false,false,true
med-synth-v1,d003369,fam_m026487,test,test_product_like,2025-11-17T09:31:00Z,routine,established_contact,false,false,true
med-synth-v1,d003370,fam_m026517,test,test_product_like,2025-11-17T10:30:00Z,routine,established_contact,false,false,true
med-synth-v1,d003371,fam_m026523,test,test_product_like,2025-11-17T10:50:00Z,routine,established_contact,false,false,true
med-synth-v1,d003372,fam_m026535,test,test_product_like,2025-11-17T11:00:00Z,routine,established_contact,false,false,true
med-synth-v1,d003373,fam_m026537,test,test_product_like,2025-11-17T11:01:00Z,routine,established_contact,false,false,true
med-synth-v1,d003374,fam_m026547,test,test_product_like,2025-11-17T11:10:00Z,routine,established_contact,false,false,true
med-synth-v1,d003375,fam_m026549,test,test_product_like,2025-11-17T11:11:00Z,routine,established_contact,false,false,true
med-synth-v1,d003376,fam_m026585,test,test_product_like,2025-11-17T11:51:00Z,S05,external_purchase,false,false,true
med-synth-v1,d003377,fam_m026595,test,test_product_like,2025-11-17T12:00:00Z,S05,external_purchase,false,false,true
med-synth-v1,d003378,fam_m026597,test,test_product_like,2025-11-17T12:01:00Z,S05,external_purchase,false,false,true
med-synth-v1,d003379,fam_m026607,test,test_product_like,2025-11-17T12:10:00Z,S05,external_purchase,false,false,true
med-synth-v1,d003380,fam_m026609,test,test_product_like,2025-11-17T12:11:00Z,S05,external_purchase,false,false,true
med-synth-v1,d003381,fam_m026629,test,test_product_like,2025-11-17T13:10:00Z,routine,established_contact,false,false,true
med-synth-v1,d003382,fam_m026639,test,test_product_like,2025-11-17T14:00:00Z,routine,established_contact,false,false,true
med-synth-v1,d003383,fam_m026649,test,test_product_like,2025-11-17T14:50:00Z,routine,established_contact,false,false,true
med-synth-v1,d003384,fam_m026401,test,test_product_like,2025-11-18T09:00:00Z,S05,internal_project,false,false,true
med-synth-v1,d003385,fam_m026405,test,test_product_like,2025-11-18T09:02:00Z,S05,internal_project,false,false,true
med-synth-v1,d003386,fam_m026407,test,test_product_like,2025-11-18T09:03:00Z,S05,internal_project,false,false,true
med-synth-v1,d003387,fam_m026409,test,test_product_like,2025-11-18T09:04:00Z,S05,internal_project,false,false,true
med-synth-v1,d003388,fam_m026411,test,test_product_like,2025-11-18T09:05:00Z,S05,internal_project,false,false,true
med-synth-v1,d003389,fam_m026413,test,test_product_like,2025-11-18T09:06:00Z,S05,internal_project,false,false,true
med-synth-v1,d003390,fam_m026465,test,test_product_like,2025-11-18T09:10:00Z,routine,established_contact,false,false,true
med-synth-v1,d003391,fam_m026467,test,test_product_like,2025-11-18T09:11:00Z,routine,established_contact,false,false,true
med-synth-v1,d003392,fam_m026497,test,test_product_like,2025-11-18T09:40:00Z,routine,established_contact,false,false,true
med-synth-v1,d003393,fam_m026499,test,test_product_like,2025-11-18T09:41:00Z,routine,established_contact,false,false,true
med-synth-v1,d003394,fam_m026559,test,test_product_like,2025-11-18T11:20:00Z,routine,established_contact,false,false,true
med-synth-v1,d003395,fam_m026561,test,test_product_like,2025-11-18T11:21:00Z,routine,established_contact,false,false,true
med-synth-v1,d003396,fam_m026567,test,test_product_like,2025-11-18T11:30:00Z,routine,established_contact,false,false,true
med-synth-v1,d003397,fam_m026569,test,test_product_like,2025-11-18T11:31:00Z,routine,established_contact,false,false,true
med-synth-v1,d003398,fam_m026575,test,test_product_like,2025-11-18T11:40:00Z,routine,established_contact,false,false,true
med-synth-v1,d003399,fam_m026621,test,test_product_like,2025-11-18T12:30:00Z,routine,established_contact,false,false,true
med-synth-v1,d003400,fam_m026631,test,test_product_like,2025-11-18T13:20:00Z,routine,established_contact,false,false,true
med-synth-v1,d003401,fam_m026641,test,test_product_like,2025-11-18T14:10:00Z,routine,established_contact,false,false,true
med-synth-v1,d003402,fam_m026651,test,test_product_like,2025-11-18T15:00:00Z,routine,established_contact,false,false,true
med-synth-v1,d003403,fam_m026419,test,test_product_like,2025-11-19T09:01:00Z,S05,internal_project,false,false,true
med-synth-v1,d003404,fam_m026421,test,test_product_like,2025-11-19T09:02:00Z,S05,internal_project,false,false,true
med-synth-v1,d003405,fam_m026423,test,test_product_like,2025-11-19T09:03:00Z,S05,internal_project,false,false,true
med-synth-v1,d003406,fam_m026425,test,test_product_like,2025-11-19T09:04:00Z,S05,internal_project,false,false,true
med-synth-v1,d003407,fam_m026427,test,test_product_like,2025-11-19T09:05:00Z,S05,internal_project,false,false,true
med-synth-v1,d003408,fam_m026431,test,test_product_like,2025-11-19T09:07:00Z,S05,internal_project,false,false,true
med-synth-v1,d003409,fam_m026477,test,test_product_like,2025-11-19T09:20:00Z,routine,established_contact,false,false,true
med-synth-v1,d003410,fam_m026479,test,test_product_like,2025-11-19T09:21:00Z,routine,established_contact,false,false,true
med-synth-v1,d003411,fam_m026489,test,test_product_like,2025-11-19T09:30:00Z,routine,established_contact,false,false,true
med-synth-v1,d003412,fam_m026505,test,test_product_like,2025-11-19T09:50:00Z,routine,established_contact,false,false,true
med-synth-v1,d003413,fam_m026507,test,test_product_like,2025-11-19T09:51:00Z,routine,established_contact,false,false,true
med-synth-v1,d003414,fam_m026527,test,test_product_like,2025-11-19T10:50:00Z,routine,established_contact,false,false,true
med-synth-v1,d003415,fam_m026529,test,test_product_like,2025-11-19T10:51:00Z,routine,established_contact,false,false,true
med-synth-v1,d003416,fam_m026539,test,test_product_like,2025-11-19T11:00:00Z,routine,established_contact,false,false,true
med-synth-v1,d003417,fam_m026551,test,test_product_like,2025-11-19T11:10:00Z,routine,established_contact,false,false,true
med-synth-v1,d003418,fam_m026553,test,test_product_like,2025-11-19T11:11:00Z,routine,established_contact,false,false,true
med-synth-v1,d003419,fam_m026587,test,test_product_like,2025-11-19T11:50:00Z,S05,external_purchase,false,false,true
med-synth-v1,d003420,fam_m026589,test,test_product_like,2025-11-19T11:51:00Z,S05,external_purchase,false,false,true
med-synth-v1,d003421,fam_m026601,test,test_product_like,2025-11-19T12:01:00Z,S05,external_purchase,false,false,true
med-synth-v1,d003422,fam_m026611,test,test_product_like,2025-11-19T12:10:00Z,S05,external_purchase,false,false,true
med-synth-v1,d003423,fam_m026613,test,test_product_like,2025-11-19T12:11:00Z,S05,external_purchase,false,false,true
med-synth-v1,d003424,fam_m026623,test,test_product_like,2025-11-19T12:40:00Z,routine,established_contact,false,false,true
med-synth-v1,d003425,fam_m026633,test,test_product_like,2025-11-19T13:30:00Z,routine,established_contact,false,false,true
med-synth-v1,d003426,fam_m026653,test,test_product_like,2025-11-19T15:10:00Z,routine,established_contact,false,false,true
med-synth-v1,d003427,fam_m026433,test,test_product_like,2025-11-20T09:00:00Z,S05,internal_project,false,false,true
med-synth-v1,d003428,fam_m026435,test,test_product_like,2025-11-20T09:01:00Z,S05,internal_project,false,false,true
med-synth-v1,d003429,fam_m026437,test,test_product_like,2025-11-20T09:02:00Z,S05,internal_project,false,false,true
med-synth-v1,d003430,fam_m026441,test,test_product_like,2025-11-20T09:04:00Z,S05,internal_project,false,false,true
med-synth-v1,d003431,fam_m026443,test,test_product_like,2025-11-20T09:05:00Z,S05,internal_project,false,false,true
med-synth-v1,d003432,fam_m026445,test,test_product_like,2025-11-20T09:06:00Z,S05,internal_project,false,false,true
med-synth-v1,d003433,fam_m026447,test,test_product_like,2025-11-20T09:07:00Z,S05,internal_project,false,false,true
med-synth-v1,d003434,fam_m026469,test,test_product_like,2025-11-20T09:10:00Z,routine,established_contact,false,false,true
med-synth-v1,d003435,fam_m026501,test,test_product_like,2025-11-20T09:40:00Z,routine,established_contact,false,false,true
med-synth-v1,d003436,fam_m026503,test,test_product_like,2025-11-20T09:41:00Z,routine,established_contact,false,false,true
med-synth-v1,d003437,fam_m026515,test,test_product_like,2025-11-20T10:20:00Z,routine,established_contact,false,false,true
med-synth-v1,d003438,fam_m026519,test,test_product_like,2025-11-20T10:30:00Z,routine,established_contact,false,false,true
med-synth-v1,d003439,fam_m026565,test,test_product_like,2025-11-20T11:21:00Z,routine,established_contact,false,false,true
med-synth-v1,d003440,fam_m026571,test,test_product_like,2025-11-20T11:30:00Z,routine,established_contact,false,false,true
med-synth-v1,d003441,fam_m026573,test,test_product_like,2025-11-20T11:31:00Z,routine,established_contact,false,false,true
med-synth-v1,d003442,fam_m026579,test,test_product_like,2025-11-20T11:40:00Z,routine,established_contact,false,false,true
med-synth-v1,d003443,fam_m026581,test,test_product_like,2025-11-20T11:41:00Z,routine,established_contact,false,false,true
med-synth-v1,d003444,fam_m026635,test,test_product_like,2025-11-20T13:40:00Z,routine,established_contact,false,false,true
med-synth-v1,d003445,fam_m026645,test,test_product_like,2025-11-20T14:30:00Z,routine,established_contact,false,false,true
med-synth-v1,d003446,fam_m026655,test,test_product_like,2025-11-20T15:20:00Z,routine,established_contact,false,false,true
med-synth-v1,d003447,fam_m026449,test,test_product_like,2025-11-21T09:00:00Z,S05,internal_project,false,false,true
med-synth-v1,d003448,fam_m026453,test,test_product_like,2025-11-21T09:02:00Z,S05,internal_project,false,false,true
med-synth-v1,d003449,fam_m026455,test,test_product_like,2025-11-21T09:03:00Z,S05,internal_project,false,false,true
med-synth-v1,d003450,fam_m026457,test,test_product_like,2025-11-21T09:04:00Z,S05,internal_project,false,false,true
med-synth-v1,d003451,fam_m026459,test,test_product_like,2025-11-21T09:05:00Z,S05,internal_project,false,false,true
med-synth-v1,d003452,fam_m026461,test,test_product_like,2025-11-21T09:06:00Z,S05,internal_project,false,false,true
med-synth-v1,d003453,fam_m026481,test,test_product_like,2025-11-21T09:20:00Z,routine,established_contact,false,false,true
med-synth-v1,d003454,fam_m026483,test,test_product_like,2025-11-21T09:21:00Z,routine,established_contact,false,false,true
med-synth-v1,d003455,fam_m026493,test,test_product_like,2025-11-21T09:30:00Z,routine,established_contact,false,false,true
med-synth-v1,d003456,fam_m026495,test,test_product_like,2025-11-21T09:31:00Z,routine,established_contact,false,false,true
med-synth-v1,d003457,fam_m026513,test,test_product_like,2025-11-21T10:10:00Z,routine,established_contact,false,false,true
med-synth-v1,d003458,fam_m026521,test,test_product_like,2025-11-21T10:40:00Z,routine,established_contact,false,false,true
med-synth-v1,d003459,fam_m026531,test,test_product_like,2025-11-21T10:50:00Z,routine,established_contact,false,false,true
med-synth-v1,d003460,fam_m026533,test,test_product_like,2025-11-21T10:51:00Z,routine,established_contact,false,false,true
med-synth-v1,d003461,fam_m026543,test,test_product_like,2025-11-21T11:00:00Z,routine,established_contact,false,false,true
med-synth-v1,d003462,fam_m026555,test,test_product_like,2025-11-21T11:10:00Z,routine,established_contact,false,false,true
med-synth-v1,d003463,fam_m026557,test,test_product_like,2025-11-21T11:11:00Z,routine,established_contact,false,false,true
med-synth-v1,d003464,fam_m026591,test,test_product_like,2025-11-21T11:50:00Z,S05,external_purchase,false,false,true
med-synth-v1,d003465,fam_m026593,test,test_product_like,2025-11-21T11:51:00Z,S05,external_purchase,false,false,true
med-synth-v1,d003466,fam_m026605,test,test_product_like,2025-11-21T12:01:00Z,S05,external_purchase,false,false,true
med-synth-v1,d003467,fam_m026615,test,test_product_like,2025-11-21T12:10:00Z,S05,external_purchase,false,false,true
med-synth-v1,d003468,fam_m026617,test,test_product_like,2025-11-21T12:11:00Z,S05,external_purchase,false,false,true
med-synth-v1,d003469,fam_m026627,test,test_product_like,2025-11-21T13:00:00Z,routine,established_contact,false,false,true
med-synth-v1,d003470,fam_m026637,test,test_product_like,2025-11-21T13:50:00Z,routine,established_contact,false,false,true
med-synth-v1,d002115,fam_m026657,test,test_diagnostic,2025-11-24T09:00:00Z,S08,two_unintended,true,false,true
med-synth-v1,d002116,fam_m026657,test,test_diagnostic,2025-11-24T09:00:00Z,S08,clean_twin,false,false,true
med-synth-v1,d003471,fam_m026659,test,test_product_like,2025-11-24T09:01:00Z,S05,internal_project,false,false,true
med-synth-v1,d003472,fam_m026661,test,test_product_like,2025-11-24T09:02:00Z,S05,internal_project,false,false,true
med-synth-v1,d003473,fam_m026663,test,test_product_like,2025-11-24T09:03:00Z,S05,internal_project,false,false,true
med-synth-v1,d003474,fam_m026665,test,test_product_like,2025-11-24T09:04:00Z,S05,internal_project,false,false,true
med-synth-v1,d003475,fam_m026669,test,test_product_like,2025-11-24T09:06:00Z,S05,internal_project,false,false,true
med-synth-v1,d003476,fam_m026671,test,test_product_like,2025-11-24T09:07:00Z,S05,internal_project,false,false,true
med-synth-v1,d002093,fam_m026745,test,test_diagnostic,2025-11-24T09:20:00Z,S04,familiar_topic_mismatch,true,false,true
med-synth-v1,d002094,fam_m026745,test,test_diagnostic,2025-11-24T09:20:00Z,S04,clean_twin,false,false,true
med-synth-v1,d003477,fam_m026747,test,test_product_like,2025-11-24T09:21:00Z,routine,established_contact,false,false,true
med-synth-v1,d003478,fam_m026757,test,test_product_like,2025-11-24T09:30:00Z,routine,established_contact,false,false,true
med-synth-v1,d003479,fam_m026759,test,test_product_like,2025-11-24T09:31:00Z,routine,established_contact,false,false,true
med-synth-v1,d002074,fam_m026795,test,test_diagnostic,2025-11-24T10:50:00Z,S01,lookalike_replacement,true,false,true
med-synth-v1,d002075,fam_m026795,test,test_diagnostic,2025-11-24T10:50:00Z,S01,clean_twin,false,false,true
med-synth-v1,d003480,fam_m026797,test,test_product_like,2025-11-24T10:51:00Z,routine,established_contact,false,false,true
med-synth-v1,d003481,fam_m026807,test,test_product_like,2025-11-24T11:00:00Z,routine,established_contact,false,false,true
med-synth-v1,d003482,fam_m026809,test,test_product_like,2025-11-24T11:01:00Z,routine,established_contact,false,false,true
med-synth-v1,d003483,fam_m026819,test,test_product_like,2025-11-24T11:10:00Z,routine,established_contact,false,false,true
med-synth-v1,d003484,fam_m026821,test,test_product_like,2025-11-24T11:11:00Z,routine,established_contact,false,false,true
med-synth-v1,d003485,fam_m026857,test,test_product_like,2025-11-24T11:51:00Z,S05,external_purchase,false,false,true
med-synth-v1,d003486,fam_m026867,test,test_product_like,2025-11-24T12:00:00Z,S05,external_purchase,false,false,true
med-synth-v1,d003487,fam_m026869,test,test_product_like,2025-11-24T12:01:00Z,S05,external_purchase,false,false,true
med-synth-v1,d003488,fam_m026879,test,test_product_like,2025-11-24T12:10:00Z,S05,external_purchase,false,false,true
med-synth-v1,d003489,fam_m026891,test,test_product_like,2025-11-24T12:20:00Z,routine,established_contact,false,false,true
med-synth-v1,d003490,fam_m026901,test,test_product_like,2025-11-24T13:10:00Z,routine,established_contact,false,false,true
med-synth-v1,d003491,fam_m026911,test,test_product_like,2025-11-24T14:00:00Z,routine,established_contact,false,false,true
med-synth-v1,d003492,fam_m026921,test,test_product_like,2025-11-24T14:50:00Z,routine,established_contact,false,false,true
med-synth-v1,d003493,fam_m026673,test,test_product_like,2025-11-25T09:00:00Z,S05,internal_project,false,false,true
med-synth-v1,d003494,fam_m026677,test,test_product_like,2025-11-25T09:02:00Z,S05,internal_project,false,false,true
med-synth-v1,d003495,fam_m026679,test,test_product_like,2025-11-25T09:03:00Z,S05,internal_project,false,false,true
med-synth-v1,d003496,fam_m026681,test,test_product_like,2025-11-25T09:04:00Z,S05,internal_project,false,false,true
med-synth-v1,d003497,fam_m026683,test,test_product_like,2025-11-25T09:05:00Z,S05,internal_project,false,false,true
med-synth-v1,d003498,fam_m026687,test,test_product_like,2025-11-25T09:07:00Z,S05,internal_project,false,false,true
med-synth-v1,d003499,fam_m026737,test,test_product_like,2025-11-25T09:10:00Z,routine,established_contact,false,false,true
med-synth-v1,d003500,fam_m026739,test,test_product_like,2025-11-25T09:11:00Z,routine,established_contact,false,false,true
med-synth-v1,d003501,fam_m026769,test,test_product_like,2025-11-25T09:40:00Z,routine,established_contact,false,false,true
med-synth-v1,d003502,fam_m026771,test,test_product_like,2025-11-25T09:41:00Z,routine,established_contact,false,false,true
med-synth-v1,d003503,fam_m026831,test,test_product_like,2025-11-25T11:20:00Z,routine,established_contact,false,false,true
med-synth-v1,d003504,fam_m026833,test,test_product_like,2025-11-25T11:21:00Z,routine,established_contact,false,false,true
med-synth-v1,d003505,fam_m026839,test,test_product_like,2025-11-25T11:30:00Z,routine,established_contact,false,false,true
med-synth-v1,d003506,fam_m026841,test,test_product_like,2025-11-25T11:31:00Z,routine,established_contact,false,false,true
med-synth-v1,d003507,fam_m026849,test,test_product_like,2025-11-25T11:41:00Z,routine,established_contact,false,false,true
med-synth-v1,d003508,fam_m026893,test,test_product_like,2025-11-25T12:30:00Z,routine,established_contact,false,false,true
med-synth-v1,d003509,fam_m026903,test,test_product_like,2025-11-25T13:20:00Z,routine,established_contact,false,false,true
med-synth-v1,d003510,fam_m026913,test,test_product_like,2025-11-25T14:10:00Z,routine,established_contact,false,false,true
med-synth-v1,d003511,fam_m026923,test,test_product_like,2025-11-25T15:00:00Z,routine,established_contact,false,false,true
med-synth-v1,d003512,fam_m026691,test,test_product_like,2025-11-26T09:01:00Z,S05,internal_project,false,false,true
med-synth-v1,d003513,fam_m026693,test,test_product_like,2025-11-26T09:02:00Z,S05,internal_project,false,false,true
med-synth-v1,d003514,fam_m026695,test,test_product_like,2025-11-26T09:03:00Z,S05,internal_project,false,false,true
med-synth-v1,d003515,fam_m026697,test,test_product_like,2025-11-26T09:04:00Z,S05,internal_project,false,false,true
med-synth-v1,d003516,fam_m026701,test,test_product_like,2025-11-26T09:06:00Z,S05,internal_project,false,false,true
med-synth-v1,d003517,fam_m026703,test,test_product_like,2025-11-26T09:07:00Z,S05,internal_project,false,false,true
med-synth-v1,d003518,fam_m026749,test,test_product_like,2025-11-26T09:20:00Z,routine,established_contact,false,false,true
med-synth-v1,d003519,fam_m026751,test,test_product_like,2025-11-26T09:21:00Z,routine,established_contact,false,false,true
med-synth-v1,d003520,fam_m026761,test,test_product_like,2025-11-26T09:30:00Z,routine,established_contact,false,false,true
med-synth-v1,d003521,fam_m026777,test,test_product_like,2025-11-26T09:50:00Z,routine,established_contact,false,false,true
med-synth-v1,d003522,fam_m026779,test,test_product_like,2025-11-26T09:51:00Z,routine,established_contact,false,false,true
med-synth-v1,d003523,fam_m026799,test,test_product_like,2025-11-26T10:50:00Z,routine,established_contact,false,false,true
med-synth-v1,d003524,fam_m026801,test,test_product_like,2025-11-26T10:51:00Z,routine,established_contact,false,false,true
med-synth-v1,d003525,fam_m026813,test,test_product_like,2025-11-26T11:01:00Z,routine,established_contact,false,false,true
med-synth-v1,d003526,fam_m026823,test,test_product_like,2025-11-26T11:10:00Z,routine,established_contact,false,false,true
med-synth-v1,d003527,fam_m026825,test,test_product_like,2025-11-26T11:11:00Z,routine,established_contact,false,false,true
med-synth-v1,d003528,fam_m026859,test,test_product_like,2025-11-26T11:50:00Z,S05,external_purchase,false,false,true
med-synth-v1,d003529,fam_m026861,test,test_product_like,2025-11-26T11:51:00Z,S05,external_purchase,false,false,true
med-synth-v1,d003530,fam_m026873,test,test_product_like,2025-11-26T12:01:00Z,S05,external_purchase,false,false,true
med-synth-v1,d003531,fam_m026883,test,test_product_like,2025-11-26T12:10:00Z,S05,external_purchase,false,false,true
med-synth-v1,d003532,fam_m026885,test,test_product_like,2025-11-26T12:11:00Z,S05,external_purchase,false,false,true
med-synth-v1,d003533,fam_m026895,test,test_product_like,2025-11-26T12:40:00Z,routine,established_contact,false,false,true
med-synth-v1,d003534,fam_m026915,test,test_product_like,2025-11-26T14:20:00Z,routine,established_contact,false,false,true
med-synth-v1,d003535,fam_m026925,test,test_product_like,2025-11-26T15:10:00Z,routine,established_contact,false,false,true
med-synth-v1,d003536,fam_m026705,test,test_product_like,2025-11-27T09:00:00Z,S05,internal_project,false,false,true
med-synth-v1,d003537,fam_m026707,test,test_product_like,2025-11-27T09:01:00Z,S05,internal_project,false,false,true
med-synth-v1,d003538,fam_m026709,test,test_product_like,2025-11-27T09:02:00Z,S05,internal_project,false,false,true
med-synth-v1,d003539,fam_m026713,test,test_product_like,2025-11-27T09:04:00Z,S05,internal_project,false,false,true
med-synth-v1,d003540,fam_m026715,test,test_product_like,2025-11-27T09:05:00Z,S05,internal_project,false,false,true
med-synth-v1,d003541,fam_m026717,test,test_product_like,2025-11-27T09:06:00Z,S05,internal_project,false,false,true
med-synth-v1,d003542,fam_m026719,test,test_product_like,2025-11-27T09:07:00Z,S05,internal_project,false,false,true
med-synth-v1,d002083,fam_m026743,test,test_diagnostic,2025-11-27T09:11:00Z,S02,added_external,true,false,true
med-synth-v1,d002084,fam_m026743,test,test_diagnostic,2025-11-27T09:11:00Z,S02,clean_twin,false,false,true
med-synth-v1,d003543,fam_m026773,test,test_product_like,2025-11-27T09:40:00Z,routine,established_contact,false,false,true
med-synth-v1,d003544,fam_m026775,test,test_product_like,2025-11-27T09:41:00Z,routine,established_contact,false,false,true
med-synth-v1,d003545,fam_m026787,test,test_product_like,2025-11-27T10:20:00Z,routine,established_contact,false,false,true
med-synth-v1,d003546,fam_m026791,test,test_product_like,2025-11-27T10:30:00Z,routine,established_contact,false,false,true
med-synth-v1,d003547,fam_m026835,test,test_product_like,2025-11-27T11:20:00Z,routine,established_contact,false,false,true
med-synth-v1,d003548,fam_m026843,test,test_product_like,2025-11-27T11:30:00Z,routine,established_contact,false,false,true
med-synth-v1,d003549,fam_m026845,test,test_product_like,2025-11-27T11:31:00Z,routine,established_contact,false,false,true
med-synth-v1,d003550,fam_m026851,test,test_product_like,2025-11-27T11:40:00Z,routine,established_contact,false,false,true
med-synth-v1,d003551,fam_m026853,test,test_product_like,2025-11-27T11:41:00Z,routine,established_contact,false,false,true
med-synth-v1,d003552,fam_m026907,test,test_product_like,2025-11-27T13:40:00Z,routine,established_contact,false,false,true
med-synth-v1,d003553,fam_m026917,test,test_product_like,2025-11-27T14:30:00Z,routine,established_contact,false,false,true
med-synth-v1,d003554,fam_m026927,test,test_product_like,2025-11-27T15:20:00Z,routine,established_contact,false,false,true
med-synth-v1,d003555,fam_m026721,test,test_product_like,2025-11-28T09:00:00Z,S05,internal_project,false,false,true
med-synth-v1,d003556,fam_m026723,test,test_product_like,2025-11-28T09:01:00Z,S05,internal_project,false,false,true
med-synth-v1,d003557,fam_m026727,test,test_product_like,2025-11-28T09:03:00Z,S05,internal_project,false,false,true
med-synth-v1,d003558,fam_m026729,test,test_product_like,2025-11-28T09:04:00Z,S05,internal_project,false,false,true
med-synth-v1,d003559,fam_m026731,test,test_product_like,2025-11-28T09:05:00Z,S05,internal_project,false,false,true
med-synth-v1,d003560,fam_m026733,test,test_product_like,2025-11-28T09:06:00Z,S05,internal_project,false,false,true
med-synth-v1,d003561,fam_m026753,test,test_product_like,2025-11-28T09:20:00Z,routine,established_contact,false,false,true
med-synth-v1,d003562,fam_m026755,test,test_product_like,2025-11-28T09:21:00Z,routine,established_contact,false,false,true
med-synth-v1,d003563,fam_m026765,test,test_product_like,2025-11-28T09:30:00Z,routine,established_contact,false,false,true
med-synth-v1,d003564,fam_m026767,test,test_product_like,2025-11-28T09:31:00Z,routine,established_contact,false,false,true
med-synth-v1,d003565,fam_m026783,test,test_product_like,2025-11-28T10:00:00Z,routine,established_contact,false,false,true
med-synth-v1,d003566,fam_m026793,test,test_product_like,2025-11-28T10:40:00Z,routine,established_contact,false,false,true
med-synth-v1,d003567,fam_m026803,test,test_product_like,2025-11-28T10:50:00Z,routine,established_contact,false,false,true
med-synth-v1,d003568,fam_m026805,test,test_product_like,2025-11-28T10:51:00Z,routine,established_contact,false,false,true
med-synth-v1,d003569,fam_m026815,test,test_product_like,2025-11-28T11:00:00Z,routine,established_contact,false,false,true
med-synth-v1,d003570,fam_m026827,test,test_product_like,2025-11-28T11:10:00Z,routine,established_contact,false,false,true
med-synth-v1,d003571,fam_m026829,test,test_product_like,2025-11-28T11:11:00Z,routine,established_contact,false,false,true
med-synth-v1,d003572,fam_m026863,test,test_product_like,2025-11-28T11:50:00Z,S05,external_purchase,false,false,true
med-synth-v1,d003573,fam_m026865,test,test_product_like,2025-11-28T11:51:00Z,S05,external_purchase,false,false,true
med-synth-v1,d003574,fam_m026875,test,test_product_like,2025-11-28T12:00:00Z,S05,external_purchase,false,false,true
med-synth-v1,d003575,fam_m026887,test,test_product_like,2025-11-28T12:10:00Z,S05,external_purchase,false,false,true
med-synth-v1,d003576,fam_m026889,test,test_product_like,2025-11-28T12:11:00Z,S05,external_purchase,false,false,true
med-synth-v1,d003577,fam_m026899,test,test_product_like,2025-11-28T13:00:00Z,routine,established_contact,false,false,true
med-synth-v1,d003578,fam_m026909,test,test_product_like,2025-11-28T13:50:00Z,routine,established_contact,false,false,true
med-synth-v1,d003579,fam_m026929,test,test_product_like,2025-12-01T09:00:00Z,S05,internal_project,false,false,true
med-synth-v1,d003580,fam_m026931,test,test_product_like,2025-12-01T09:01:00Z,S05,internal_project,false,false,true
med-synth-v1,d003581,fam_m026933,test,test_product_like,2025-12-01T09:02:00Z,S05,internal_project,false,false,true
med-synth-v1,d003582,fam_m026935,test,test_product_like,2025-12-01T09:03:00Z,S05,internal_project,false,false,true
med-synth-v1,d003583,fam_m026937,test,test_product_like,2025-12-01T09:04:00Z,S05,internal_project,false,false,true
med-synth-v1,d003584,fam_m026941,test,test_product_like,2025-12-01T09:06:00Z,S05,internal_project,false,false,true
med-synth-v1,d003585,fam_m026943,test,test_product_like,2025-12-01T09:07:00Z,S05,internal_project,false,false,true
med-synth-v1,d003586,fam_m027017,test,test_product_like,2025-12-01T09:20:00Z,routine,established_contact,false,false,true
med-synth-v1,d003587,fam_m027019,test,test_product_like,2025-12-01T09:21:00Z,routine,established_contact,false,false,true
med-synth-v1,d003588,fam_m027031,test,test_product_like,2025-12-01T09:31:00Z,routine,established_contact,false,false,true
med-synth-v1,d003589,fam_m027061,test,test_product_like,2025-12-01T10:30:00Z,routine,established_contact,false,false,true
med-synth-v1,d003590,fam_m027067,test,test_product_like,2025-12-01T10:50:00Z,routine,established_contact,false,false,true
med-synth-v1,d003591,fam_m027069,test,test_product_like,2025-12-01T10:51:00Z,routine,established_contact,false,false,true
med-synth-v1,d003592,fam_m027079,test,test_product_like,2025-12-01T11:00:00Z,routine,established_contact,false,false,true
med-synth-v1,d003593,fam_m027091,test,test_product_like,2025-12-01T11:10:00Z,routine,established_contact,false,false,true
med-synth-v1,d003594,fam_m027093,test,test_product_like,2025-12-01T11:11:00Z,routine,established_contact,false,false,true
med-synth-v1,d003595,fam_m027127,test,test_product_like,2025-12-01T11:50:00Z,S05,external_purchase,false,false,true
med-synth-v1,d003596,fam_m027129,test,test_product_like,2025-12-01T11:51:00Z,S05,external_purchase,false,false,true
med-synth-v1,d003597,fam_m027141,test,test_product_like,2025-12-01T12:01:00Z,S05,external_purchase,false,false,true
med-synth-v1,d003598,fam_m027151,test,test_product_like,2025-12-01T12:10:00Z,S05,external_purchase,false,false,true
med-synth-v1,d003599,fam_m027153,test,test_product_like,2025-12-01T12:11:00Z,S05,external_purchase,false,false,true
med-synth-v1,d003600,fam_m027163,test,test_product_like,2025-12-01T12:20:00Z,routine,established_contact,false,false,true
med-synth-v1,d003601,fam_m027173,test,test_product_like,2025-12-01T13:10:00Z,routine,established_contact,false,false,true
med-synth-v1,d003602,fam_m027193,test,test_product_like,2025-12-01T14:50:00Z,routine,established_contact,false,false,true
med-synth-v1,d002117,fam_m026945,test,test_diagnostic,2025-12-02T09:00:00Z,S08,two_unintended,true,false,true
med-synth-v1,d002118,fam_m026945,test,test_diagnostic,2025-12-02T09:00:00Z,S08,clean_twin,false,false,true
med-synth-v1,d003603,fam_m026947,test,test_product_like,2025-12-02T09:01:00Z,S05,internal_project,false,false,true
med-synth-v1,d003604,fam_m026949,test,test_product_like,2025-12-02T09:02:00Z,S05,internal_project,false,false,true
med-synth-v1,d003605,fam_m026951,test,test_product_like,2025-12-02T09:03:00Z,S05,internal_project,false,false,true
med-synth-v1,d003606,fam_m026955,test,test_product_like,2025-12-02T09:05:00Z,S05,internal_project,false,false,true
med-synth-v1,d003607,fam_m026957,test,test_product_like,2025-12-02T09:06:00Z,S05,internal_project,false,false,true
med-synth-v1,d003608,fam_m026959,test,test_product_like,2025-12-02T09:07:00Z,S05,internal_project,false,false,true
med-synth-v1,d003609,fam_m027009,test,test_product_like,2025-12-02T09:10:00Z,routine,established_contact,false,false,true
med-synth-v1,d003610,fam_m027011,test,test_product_like,2025-12-02T09:11:00Z,routine,established_contact,false,false,true
med-synth-v1,d003611,fam_m027043,test,test_product_like,2025-12-02T09:41:00Z,routine,established_contact,false,false,true
med-synth-v1,d003612,fam_m027053,test,test_product_like,2025-12-02T10:00:00Z,routine,established_contact,false,false,true
med-synth-v1,d003613,fam_m027103,test,test_product_like,2025-12-02T11:20:00Z,routine,established_contact,false,false,true
med-synth-v1,d003614,fam_m027105,test,test_product_like,2025-12-02T11:21:00Z,routine,established_contact,false,false,true
med-synth-v1,d003615,fam_m027113,test,test_product_like,2025-12-02T11:31:00Z,routine,established_contact,false,false,true
med-synth-v1,d003616,fam_m027119,test,test_product_like,2025-12-02T11:40:00Z,routine,established_contact,false,false,true
med-synth-v1,d003617,fam_m027121,test,test_product_like,2025-12-02T11:41:00Z,routine,established_contact,false,false,true
med-synth-v1,d003618,fam_m027165,test,test_product_like,2025-12-02T12:30:00Z,routine,established_contact,false,false,true
med-synth-v1,d003619,fam_m027175,test,test_product_like,2025-12-02T13:20:00Z,routine,established_contact,false,false,true
med-synth-v1,d003620,fam_m027195,test,test_product_like,2025-12-02T15:00:00Z,routine,established_contact,false,false,true
med-synth-v1,d003621,fam_m026961,test,test_product_like,2025-12-03T09:00:00Z,S05,internal_project,false,false,true
med-synth-v1,d003622,fam_m026963,test,test_product_like,2025-12-03T09:01:00Z,S05,internal_project,false,false,true
med-synth-v1,d003623,fam_m026965,test,test_product_like,2025-12-03T09:02:00Z,S05,internal_project,false,false,true
med-synth-v1,d003624,fam_m026969,test,test_product_like,2025-12-03T09:04:00Z,S05,internal_project,false,false,true
med-synth-v1,d003625,fam_m026971,test,test_product_like,2025-12-03T09:05:00Z,S05,internal_project,false,false,true
med-synth-v1,d003626,fam_m026973,test,test_product_like,2025-12-03T09:06:00Z,S05,internal_project,false,false,true
med-synth-v1,d003627,fam_m026975,test,test_product_like,2025-12-03T09:07:00Z,S05,internal_project,false,false,true
med-synth-v1,d003628,fam_m027021,test,test_product_like,2025-12-03T09:20:00Z,routine,established_contact,false,false,true
med-synth-v1,d003629,fam_m027033,test,test_product_like,2025-12-03T09:30:00Z,routine,established_contact,false,false,true
med-synth-v1,d003630,fam_m027035,test,test_product_like,2025-12-03T09:31:00Z,routine,established_contact,false,false,true
med-synth-v1,d003631,fam_m027049,test,test_product_like,2025-12-03T09:50:00Z,routine,established_contact,false,false,true
med-synth-v1,d003632,fam_m027051,test,test_product_like,2025-12-03T09:51:00Z,routine,established_contact,false,false,true
med-synth-v1,d003633,fam_m027073,test,test_product_like,2025-12-03T10:51:00Z,routine,established_contact,false,false,true
med-synth-v1,d003634,fam_m027083,test,test_product_like,2025-12-03T11:00:00Z,routine,established_contact,false,false,true
med-synth-v1,d003635,fam_m027085,test,test_product_like,2025-12-03T11:01:00Z,routine,established_contact,false,false,true
med-synth-v1,d003636,fam_m027095,test,test_product_like,2025-12-03T11:10:00Z,routine,established_contact,false,false,true
med-synth-v1,d003637,fam_m027097,test,test_product_like,2025-12-03T11:11:00Z,routine,established_contact,false,false,true
med-synth-v1,d003638,fam_m027133,test,test_product_like,2025-12-03T11:51:00Z,S05,external_purchase,false,false,true
med-synth-v1,d003639,fam_m027143,test,test_product_like,2025-12-03T12:00:00Z,S05,external_purchase,false,false,true
med-synth-v1,d003640,fam_m027145,test,test_product_like,2025-12-03T12:01:00Z,S05,external_purchase,false,false,true
med-synth-v1,d003641,fam_m027155,test,test_product_like,2025-12-03T12:10:00Z,S05,external_purchase,false,false,true
med-synth-v1,d003642,fam_m027167,test,test_product_like,2025-12-03T12:40:00Z,routine,established_contact,false,false,true
med-synth-v1,d003643,fam_m027177,test,test_product_like,2025-12-03T13:30:00Z,routine,established_contact,false,false,true
med-synth-v1,d003644,fam_m027187,test,test_product_like,2025-12-03T14:20:00Z,routine,established_contact,false,false,true
med-synth-v1,d003645,fam_m027197,test,test_product_like,2025-12-03T15:10:00Z,routine,established_contact,false,false,true
med-synth-v1,d002138,fam_m028366,test,test_diagnostic,2025-12-03T18:04:00Z,S03,legitimate_first_contact,false,false,true
med-synth-v1,d002143,fam_m028376,test,test_diagnostic,2025-12-03T19:04:00Z,S06,legitimate_new_domain,false,false,true
med-synth-v1,d002148,fam_m028386,test,test_diagnostic,2025-12-03T20:04:00Z,S07,legitimate_topic_change,false,false,true
med-synth-v1,d002152,fam_m028394,test,test_diagnostic,2025-12-03T21:03:00Z,S09,cold_start_legitimate,false,false,true
med-synth-v1,d002156,fam_m028399,test,test_diagnostic,2025-12-03T21:33:00Z,S09,little_text_legitimate,false,false,true
med-synth-v1,d003646,fam_m026977,test,test_product_like,2025-12-04T09:00:00Z,S05,internal_project,false,false,true
med-synth-v1,d003647,fam_m026981,test,test_product_like,2025-12-04T09:02:00Z,S05,internal_project,false,false,true
med-synth-v1,d003648,fam_m026983,test,test_product_like,2025-12-04T09:03:00Z,S05,internal_project,false,false,true
med-synth-v1,d003649,fam_m026985,test,test_product_like,2025-12-04T09:04:00Z,S05,internal_project,false,false,true
med-synth-v1,d003650,fam_m026987,test,test_product_like,2025-12-04T09:05:00Z,S05,internal_project,false,false,true
med-synth-v1,d003651,fam_m026991,test,test_product_like,2025-12-04T09:07:00Z,S05,internal_project,false,false,true
med-synth-v1,d003652,fam_m027013,test,test_product_like,2025-12-04T09:10:00Z,routine,established_contact,false,false,true
med-synth-v1,d003653,fam_m027015,test,test_product_like,2025-12-04T09:11:00Z,routine,established_contact,false,false,true
med-synth-v1,d003654,fam_m027045,test,test_product_like,2025-12-04T09:40:00Z,routine,established_contact,false,false,true
med-synth-v1,d003655,fam_m027047,test,test_product_like,2025-12-04T09:41:00Z,routine,established_contact,false,false,true
med-synth-v1,d003656,fam_m027063,test,test_product_like,2025-12-04T10:30:00Z,routine,established_contact,false,false,true
med-synth-v1,d003657,fam_m027107,test,test_product_like,2025-12-04T11:20:00Z,routine,established_contact,false,false,true
med-synth-v1,d003658,fam_m027109,test,test_product_like,2025-12-04T11:21:00Z,routine,established_contact,false,false,true
med-synth-v1,d003659,fam_m027115,test,test_product_like,2025-12-04T11:30:00Z,routine,established_contact,false,false,true
med-synth-v1,d003660,fam_m027123,test,test_product_like,2025-12-04T11:40:00Z,routine,established_contact,false,false,true
med-synth-v1,d003661,fam_m027125,test,test_product_like,2025-12-04T11:41:00Z,routine,established_contact,false,false,true
med-synth-v1,d003662,fam_m027169,test,test_product_like,2025-12-04T12:50:00Z,routine,established_contact,false,false,true
med-synth-v1,d003663,fam_m027179,test,test_product_like,2025-12-04T13:40:00Z,routine,established_contact,false,false,true
med-synth-v1,d003664,fam_m027189,test,test_product_like,2025-12-04T14:30:00Z,routine,established_contact,false,false,true
med-synth-v1,d003665,fam_m026993,test,test_product_like,2025-12-05T09:00:00Z,S05,internal_project,false,false,true
med-synth-v1,d003666,fam_m026995,test,test_product_like,2025-12-05T09:01:00Z,S05,internal_project,false,false,true
med-synth-v1,d003667,fam_m026997,test,test_product_like,2025-12-05T09:02:00Z,S05,internal_project,false,false,true
med-synth-v1,d003668,fam_m026999,test,test_product_like,2025-12-05T09:03:00Z,S05,internal_project,false,false,true
med-synth-v1,d003669,fam_m027003,test,test_product_like,2025-12-05T09:05:00Z,S05,internal_project,false,false,true
med-synth-v1,d003670,fam_m027005,test,test_product_like,2025-12-05T09:06:00Z,S05,internal_project,false,false,true
med-synth-v1,d003671,fam_m027007,test,test_product_like,2025-12-05T09:07:00Z,S05,internal_project,false,false,true
med-synth-v1,d003672,fam_m027025,test,test_product_like,2025-12-05T09:20:00Z,routine,established_contact,false,false,true
med-synth-v1,d003673,fam_m027027,test,test_product_like,2025-12-05T09:21:00Z,routine,established_contact,false,false,true
med-synth-v1,d003674,fam_m027039,test,test_product_like,2025-12-05T09:31:00Z,routine,established_contact,false,false,true
med-synth-v1,d003675,fam_m027055,test,test_product_like,2025-12-05T10:00:00Z,routine,established_contact,false,false,true
med-synth-v1,d003676,fam_m027057,test,test_product_like,2025-12-05T10:10:00Z,routine,established_contact,false,false,true
med-synth-v1,d003677,fam_m027065,test,test_product_like,2025-12-05T10:40:00Z,routine,established_contact,false,false,true
med-synth-v1,d003678,fam_m027077,test,test_product_like,2025-12-05T10:51:00Z,routine,established_contact,false,false,true
med-synth-v1,d003679,fam_m027087,test,test_product_like,2025-12-05T11:00:00Z,routine,established_contact,false,false,true
med-synth-v1,d003680,fam_m027089,test,test_product_like,2025-12-05T11:01:00Z,routine,established_contact,false,false,true
med-synth-v1,d003681,fam_m027099,test,test_product_like,2025-12-05T11:10:00Z,routine,established_contact,false,false,true
med-synth-v1,d003682,fam_m027101,test,test_product_like,2025-12-05T11:11:00Z,routine,established_contact,false,false,true
med-synth-v1,d003683,fam_m027137,test,test_product_like,2025-12-05T11:51:00Z,S05,external_purchase,false,false,true
med-synth-v1,d003684,fam_m027147,test,test_product_like,2025-12-05T12:00:00Z,S05,external_purchase,false,false,true
med-synth-v1,d003685,fam_m027149,test,test_product_like,2025-12-05T12:01:00Z,S05,external_purchase,false,false,true
med-synth-v1,d003686,fam_m027159,test,test_product_like,2025-12-05T12:10:00Z,S05,external_purchase,false,false,true
med-synth-v1,d003687,fam_m027171,test,test_product_like,2025-12-05T13:00:00Z,routine,established_contact,false,false,true
med-synth-v1,d003688,fam_m027181,test,test_product_like,2025-12-05T13:50:00Z,routine,established_contact,false,false,true
med-synth-v1,d003689,fam_m027191,test,test_product_like,2025-12-05T14:40:00Z,routine,established_contact,false,false,true
med-synth-v1,d003690,fam_m027201,test,test_product_like,2025-12-08T09:00:00Z,S05,internal_project,false,false,true
med-synth-v1,d003691,fam_m027203,test,test_product_like,2025-12-08T09:01:00Z,S05,internal_project,false,false,true
med-synth-v1,d003692,fam_m027207,test,test_product_like,2025-12-08T09:03:00Z,S05,internal_project,false,false,true
med-synth-v1,d003693,fam_m027209,test,test_product_like,2025-12-08T09:04:00Z,S05,internal_project,false,false,true
med-synth-v1,d003694,fam_m027211,test,test_product_like,2025-12-08T09:05:00Z,S05,internal_project,false,false,true
med-synth-v1,d003695,fam_m027213,test,test_product_like,2025-12-08T09:06:00Z,S05,internal_project,false,false,true
med-synth-v1,d003696,fam_m027215,test,test_product_like,2025-12-08T09:07:00Z,S05,internal_project,false,false,true
med-synth-v1,d003697,fam_m027291,test,test_product_like,2025-12-08T09:21:00Z,routine,established_contact,false,false,true
med-synth-v1,d003698,fam_m027301,test,test_product_like,2025-12-08T09:30:00Z,routine,established_contact,false,false,true
med-synth-v1,d003699,fam_m027303,test,test_product_like,2025-12-08T09:31:00Z,routine,established_contact,false,false,true
med-synth-v1,d003700,fam_m027333,test,test_product_like,2025-12-08T10:30:00Z,routine,established_contact,false,false,true
med-synth-v1,d003701,fam_m027341,test,test_product_like,2025-12-08T10:51:00Z,routine,established_contact,false,false,true
med-synth-v1,d003702,fam_m027351,test,test_product_like,2025-12-08T11:00:00Z,routine,established_contact,false,false,true
med-synth-v1,d003703,fam_m027353,test,test_product_like,2025-12-08T11:01:00Z,routine,established_contact,false,false,true
med-synth-v1,d003704,fam_m027363,test,test_product_like,2025-12-08T11:10:00Z,routine,established_contact,false,false,true
med-synth-v1,d003705,fam_m027365,test,test_product_like,2025-12-08T11:11:00Z,routine,established_contact,false,false,true
med-synth-v1,d003706,fam_m027401,test,test_product_like,2025-12-08T11:51:00Z,S05,external_purchase,false,false,true
med-synth-v1,d003707,fam_m027411,test,test_product_like,2025-12-08T12:00:00Z,S05,external_purchase,false,false,true
med-synth-v1,d003708,fam_m027413,test,test_product_like,2025-12-08T12:01:00Z,S05,external_purchase,false,false,true
med-synth-v1,d003709,fam_m027423,test,test_product_like,2025-12-08T12:10:00Z,S05,external_purchase,false,false,true
med-synth-v1,d003710,fam_m027435,test,test_product_like,2025-12-08T12:20:00Z,routine,established_contact,false,false,true
med-synth-v1,d003711,fam_m027445,test,test_product_like,2025-12-08T13:10:00Z,routine,established_contact,false,false,true
med-synth-v1,d003712,fam_m027455,test,test_product_like,2025-12-08T14:00:00Z,routine,established_contact,false,false,true
med-synth-v1,d003713,fam_m027465,test,test_product_like,2025-12-08T14:50:00Z,routine,established_contact,false,false,true
med-synth-v1,d003714,fam_m027217,test,test_product_like,2025-12-09T09:00:00Z,S05,internal_project,false,false,true
med-synth-v1,d003715,fam_m027221,test,test_product_like,2025-12-09T09:02:00Z,S05,internal_project,false,false,true
med-synth-v1,d003716,fam_m027223,test,test_product_like,2025-12-09T09:03:00Z,S05,internal_project,false,false,true
med-synth-v1,d003717,fam_m027225,test,test_product_like,2025-12-09T09:04:00Z,S05,internal_project,false,false,true
med-synth-v1,d003718,fam_m027227,test,test_product_like,2025-12-09T09:05:00Z,S05,internal_project,false,false,true
med-synth-v1,d003719,fam_m027231,test,test_product_like,2025-12-09T09:07:00Z,S05,internal_project,false,false,true
med-synth-v1,d003720,fam_m027281,test,test_product_like,2025-12-09T09:10:00Z,routine,established_contact,false,false,true
med-synth-v1,d003721,fam_m027283,test,test_product_like,2025-12-09T09:11:00Z,routine,established_contact,false,false,true
med-synth-v1,d003722,fam_m027313,test,test_product_like,2025-12-09T09:40:00Z,routine,established_contact,false,false,true
med-synth-v1,d003723,fam_m027315,test,test_product_like,2025-12-09T09:41:00Z,routine,established_contact,false,false,true
med-synth-v1,d003724,fam_m027375,test,test_product_like,2025-12-09T11:20:00Z,routine,established_contact,false,false,true
med-synth-v1,d003725,fam_m027377,test,test_product_like,2025-12-09T11:21:00Z,routine,established_contact,false,false,true
med-synth-v1,d003726,fam_m027383,test,test_product_like,2025-12-09T11:30:00Z,routine,established_contact,false,false,true
med-synth-v1,d003727,fam_m027385,test,test_product_like,2025-12-09T11:31:00Z,routine,established_contact,false,false,true
med-synth-v1,d003728,fam_m027393,test,test_product_like,2025-12-09T11:41:00Z,routine,established_contact,false,false,true
med-synth-v1,d003729,fam_m027437,test,test_product_like,2025-12-09T12:30:00Z,routine,established_contact,false,false,true
med-synth-v1,d003730,fam_m027447,test,test_product_like,2025-12-09T13:20:00Z,routine,established_contact,false,false,true
med-synth-v1,d003731,fam_m027457,test,test_product_like,2025-12-09T14:10:00Z,routine,established_contact,false,false,true
med-synth-v1,d003732,fam_m027467,test,test_product_like,2025-12-09T15:00:00Z,routine,established_contact,false,false,true
med-synth-v1,d002119,fam_m027233,test,test_diagnostic,2025-12-10T09:00:00Z,S08,two_unintended,true,false,true
med-synth-v1,d002120,fam_m027233,test,test_diagnostic,2025-12-10T09:00:00Z,S08,clean_twin,false,false,true
med-synth-v1,d002161,fam_m027235,test,test_product_like,2025-12-10T09:01:00Z,S05,internal_project,false,false,true
med-synth-v1,d003733,fam_m027239,test,test_product_like,2025-12-10T09:03:00Z,S05,internal_project,false,false,true
med-synth-v1,d003734,fam_m027241,test,test_product_like,2025-12-10T09:04:00Z,S05,internal_project,false,false,true
med-synth-v1,d003735,fam_m027243,test,test_product_like,2025-12-10T09:05:00Z,S05,internal_project,false,false,true
med-synth-v1,d003736,fam_m027245,test,test_product_like,2025-12-10T09:06:00Z,S05,internal_project,false,false,true
med-synth-v1,d003737,fam_m027293,test,test_product_like,2025-12-10T09:20:00Z,routine,established_contact,false,false,true
med-synth-v1,d003738,fam_m027295,test,test_product_like,2025-12-10T09:21:00Z,routine,established_contact,false,false,true
med-synth-v1,d003739,fam_m027305,test,test_product_like,2025-12-10T09:30:00Z,routine,established_contact,false,false,true
med-synth-v1,d003740,fam_m027307,test,test_product_like,2025-12-10T09:31:00Z,routine,established_contact,false,false,true
med-synth-v1,d003741,fam_m027321,test,test_product_like,2025-12-10T09:50:00Z,routine,established_contact,false,false,true
med-synth-v1,d003742,fam_m027343,test,test_product_like,2025-12-10T10:50:00Z,routine,established_contact,false,false,true
med-synth-v1,d003743,fam_m027345,test,test_product_like,2025-12-10T10:51:00Z,routine,established_contact,false,false,true
med-synth-v1,d003744,fam_m027355,test,test_product_like,2025-12-10T11:00:00Z,routine,established_contact,false,false,true
med-synth-v1,d003745,fam_m027357,test,test_product_like,2025-12-10T11:01:00Z,routine,established_contact,false,false,true
med-synth-v1,d003746,fam_m027369,test,test_product_like,2025-12-10T11:11:00Z,routine,established_contact,false,false,true
med-synth-v1,d002166,fam_m027403,test,test_product_like,2025-12-10T11:50:00Z,S05,external_purchase,false,false,true
med-synth-v1,d003747,fam_m027405,test,test_product_like,2025-12-10T11:51:00Z,S05,external_purchase,false,false,true
med-synth-v1,d003748,fam_m027415,test,test_product_like,2025-12-10T12:00:00Z,S05,external_purchase,false,false,true
med-synth-v1,d003749,fam_m027417,test,test_product_like,2025-12-10T12:01:00Z,S05,external_purchase,false,false,true
med-synth-v1,d003750,fam_m027427,test,test_product_like,2025-12-10T12:10:00Z,S05,external_purchase,false,false,true
med-synth-v1,d003751,fam_m027439,test,test_product_like,2025-12-10T12:40:00Z,routine,established_contact,false,false,true
med-synth-v1,d003752,fam_m027449,test,test_product_like,2025-12-10T13:30:00Z,routine,established_contact,false,false,true
med-synth-v1,d003753,fam_m027459,test,test_product_like,2025-12-10T14:20:00Z,routine,established_contact,false,false,true
med-synth-v1,d003754,fam_m027469,test,test_product_like,2025-12-10T15:10:00Z,routine,established_contact,false,false,true
med-synth-v1,d003755,fam_m027251,test,test_product_like,2025-12-11T09:01:00Z,S05,internal_project,false,false,true
med-synth-v1,d003756,fam_m027253,test,test_product_like,2025-12-11T09:02:00Z,S05,internal_project,false,false,true
med-synth-v1,d003757,fam_m027255,test,test_product_like,2025-12-11T09:03:00Z,S05,internal_project,false,false,true
med-synth-v1,d003758,fam_m027257,test,test_product_like,2025-12-11T09:04:00Z,S05,internal_project,false,false,true
med-synth-v1,d003759,fam_m027259,test,test_product_like,2025-12-11T09:05:00Z,S05,internal_project,false,false,true
med-synth-v1,d003760,fam_m027263,test,test_product_like,2025-12-11T09:07:00Z,S05,internal_project,false,false,true
med-synth-v1,d003761,fam_m027285,test,test_product_like,2025-12-11T09:10:00Z,routine,established_contact,false,false,true
med-synth-v1,d003762,fam_m027287,test,test_product_like,2025-12-11T09:11:00Z,routine,established_contact,false,false,true
med-synth-v1,d003763,fam_m027317,test,test_product_like,2025-12-11T09:40:00Z,routine,established_contact,false,false,true
med-synth-v1,d003764,fam_m027331,test,test_product_like,2025-12-11T10:20:00Z,routine,established_contact,false,false,true
med-synth-v1,d003765,fam_m027335,test,test_product_like,2025-12-11T10:30:00Z,routine,established_contact,false,false,true
med-synth-v1,d003766,fam_m027379,test,test_product_like,2025-12-11T11:20:00Z,routine,established_contact,false,false,true
med-synth-v1,d003767,fam_m027381,test,test_product_like,2025-12-11T11:21:00Z,routine,established_contact,false,false,true
med-synth-v1,d003768,fam_m027387,test,test_product_like,2025-12-11T11:30:00Z,routine,established_contact,false,false,true
med-synth-v1,d003769,fam_m027395,test,test_product_like,2025-12-11T11:40:00Z,routine,established_contact,false,false,true
med-synth-v1,d003770,fam_m027397,test,test_product_like,2025-12-11T11:41:00Z,routine,established_contact,false,false,true
med-synth-v1,d003771,fam_m027441,test,test_product_like,2025-12-11T12:50:00Z,routine,established_contact,false,false,true
med-synth-v1,d003772,fam_m027451,test,test_product_like,2025-12-11T13:40:00Z,routine,established_contact,false,false,true
med-synth-v1,d003773,fam_m027471,test,test_product_like,2025-12-11T15:20:00Z,routine,established_contact,false,false,true
med-synth-v1,d003774,fam_m027265,test,test_product_like,2025-12-12T09:00:00Z,S05,internal_project,false,false,true
med-synth-v1,d003775,fam_m027267,test,test_product_like,2025-12-12T09:01:00Z,S05,internal_project,false,false,true
med-synth-v1,d003776,fam_m027269,test,test_product_like,2025-12-12T09:02:00Z,S05,internal_project,false,false,true
med-synth-v1,d003777,fam_m027271,test,test_product_like,2025-12-12T09:03:00Z,S05,internal_project,false,false,true
med-synth-v1,d003778,fam_m027275,test,test_product_like,2025-12-12T09:05:00Z,S05,internal_project,false,false,true
med-synth-v1,d003779,fam_m027277,test,test_product_like,2025-12-12T09:06:00Z,S05,internal_project,false,false,true
med-synth-v1,d003780,fam_m027279,test,test_product_like,2025-12-12T09:07:00Z,S05,internal_project,false,false,true
med-synth-v1,d003781,fam_m027297,test,test_product_like,2025-12-12T09:20:00Z,routine,established_contact,false,false,true
med-synth-v1,d003782,fam_m027309,test,test_product_like,2025-12-12T09:30:00Z,routine,established_contact,false,false,true
med-synth-v1,d003783,fam_m027311,test,test_product_like,2025-12-12T09:31:00Z,routine,established_contact,false,false,true
med-synth-v1,d003784,fam_m027327,test,test_product_like,2025-12-12T10:00:00Z,routine,established_contact,false,false,true
med-synth-v1,d003785,fam_m027329,test,test_product_like,2025-12-12T10:10:00Z,routine,established_contact,false,false,true
med-synth-v1,d003786,fam_m027337,test,test_product_like,2025-12-12T10:40:00Z,routine,established_contact,false,false,true
med-synth-v1,d003787,fam_m027349,test,test_product_like,2025-12-12T10:51:00Z,routine,established_contact,false,false,true
med-synth-v1,d003788,fam_m027359,test,test_product_like,2025-12-12T11:00:00Z,routine,established_contact,false,false,true
med-synth-v1,d003789,fam_m027361,test,test_product_like,2025-12-12T11:01:00Z,routine,established_contact,false,false,true
med-synth-v1,d003790,fam_m027371,test,test_product_like,2025-12-12T11:10:00Z,routine,established_contact,false,false,true
med-synth-v1,d003791,fam_m027407,test,test_product_like,2025-12-12T11:50:00Z,S05,external_purchase,false,false,true
med-synth-v1,d003792,fam_m027409,test,test_product_like,2025-12-12T11:51:00Z,S05,external_purchase,false,false,true
med-synth-v1,d003793,fam_m027419,test,test_product_like,2025-12-12T12:00:00Z,S05,external_purchase,false,false,true
med-synth-v1,d003794,fam_m027421,test,test_product_like,2025-12-12T12:01:00Z,S05,external_purchase,false,false,true
med-synth-v1,d003795,fam_m027431,test,test_product_like,2025-12-12T12:10:00Z,S05,external_purchase,false,false,true
med-synth-v1,d003796,fam_m027443,test,test_product_like,2025-12-12T13:00:00Z,routine,established_contact,false,false,true
med-synth-v1,d003797,fam_m027453,test,test_product_like,2025-12-12T13:50:00Z,routine,established_contact,false,false,true
med-synth-v1,d003798,fam_m027463,test,test_product_like,2025-12-12T14:40:00Z,routine,established_contact,false,false,true
med-synth-v1,d003799,fam_m027473,test,test_product_like,2025-12-15T09:00:00Z,S05,internal_project,false,false,true
med-synth-v1,d003800,fam_m027477,test,test_product_like,2025-12-15T09:02:00Z,S05,internal_project,false,false,true
med-synth-v1,d003801,fam_m027479,test,test_product_like,2025-12-15T09:03:00Z,S05,internal_project,false,false,true
med-synth-v1,d003802,fam_m027481,test,test_product_like,2025-12-15T09:04:00Z,S05,internal_project,false,false,true
med-synth-v1,d003803,fam_m027483,test,test_product_like,2025-12-15T09:05:00Z,S05,internal_project,false,false,true
med-synth-v1,d003804,fam_m027485,test,test_product_like,2025-12-15T09:06:00Z,S05,internal_project,false,false,true
med-synth-v1,d002095,fam_m027561,test,test_diagnostic,2025-12-15T09:20:00Z,S04,familiar_topic_mismatch,true,false,true
med-synth-v1,d002096,fam_m027561,test,test_diagnostic,2025-12-15T09:20:00Z,S04,clean_twin,false,false,true
med-synth-v1,d003805,fam_m027563,test,test_product_like,2025-12-15T09:21:00Z,routine,established_contact,false,false,true
med-synth-v1,d003806,fam_m027573,test,test_product_like,2025-12-15T09:30:00Z,routine,established_contact,false,false,true
med-synth-v1,d003807,fam_m027575,test,test_product_like,2025-12-15T09:31:00Z,routine,established_contact,false,false,true
med-synth-v1,d003808,fam_m027605,test,test_product_like,2025-12-15T10:30:00Z,routine,established_contact,false,false,true
med-synth-v1,d003809,fam_m027613,test,test_product_like,2025-12-15T10:51:00Z,routine,established_contact,false,false,true
med-synth-v1,d003810,fam_m027623,test,test_product_like,2025-12-15T11:00:00Z,routine,established_contact,false,false,true
med-synth-v1,d003811,fam_m027625,test,test_product_like,2025-12-15T11:01:00Z,routine,established_contact,false,false,true
med-synth-v1,d003812,fam_m027635,test,test_product_like,2025-12-15T11:10:00Z,routine,established_contact,false,false,true
med-synth-v1,d003813,fam_m027637,test,test_product_like,2025-12-15T11:11:00Z,routine,established_contact,false,false,true
med-synth-v1,d003814,fam_m027673,test,test_product_like,2025-12-15T11:51:00Z,S05,external_purchase,false,false,true
med-synth-v1,d003815,fam_m027683,test,test_product_like,2025-12-15T12:00:00Z,S05,external_purchase,false,false,true
med-synth-v1,d003816,fam_m027685,test,test_product_like,2025-12-15T12:01:00Z,S05,external_purchase,false,false,true
med-synth-v1,d003817,fam_m027695,test,test_product_like,2025-12-15T12:10:00Z,S05,external_purchase,false,false,true
med-synth-v1,d003818,fam_m027707,test,test_product_like,2025-12-15T12:20:00Z,routine,established_contact,false,false,true
med-synth-v1,d003819,fam_m027717,test,test_product_like,2025-12-15T13:10:00Z,routine,established_contact,false,false,true
med-synth-v1,d003820,fam_m027727,test,test_product_like,2025-12-15T14:00:00Z,routine,established_contact,false,false,true
med-synth-v1,d003821,fam_m027737,test,test_product_like,2025-12-15T14:50:00Z,routine,established_contact,false,false,true
med-synth-v1,d003822,fam_m027489,test,test_product_like,2025-12-16T09:00:00Z,S05,internal_project,false,false,true
med-synth-v1,d003823,fam_m027493,test,test_product_like,2025-12-16T09:02:00Z,S05,internal_project,false,false,true
med-synth-v1,d003824,fam_m027495,test,test_product_like,2025-12-16T09:03:00Z,S05,internal_project,false,false,true
med-synth-v1,d003825,fam_m027497,test,test_product_like,2025-12-16T09:04:00Z,S05,internal_project,false,false,true
med-synth-v1,d003826,fam_m027499,test,test_product_like,2025-12-16T09:05:00Z,S05,internal_project,false,false,true
med-synth-v1,d003827,fam_m027503,test,test_product_like,2025-12-16T09:07:00Z,S05,internal_project,false,false,true
med-synth-v1,d003828,fam_m027553,test,test_product_like,2025-12-16T09:10:00Z,routine,established_contact,false,false,true
med-synth-v1,d002085,fam_m027555,test,test_diagnostic,2025-12-16T09:11:00Z,S02,added_external,true,false,true
med-synth-v1,d002086,fam_m027555,test,test_diagnostic,2025-12-16T09:11:00Z,S02,clean_twin,false,false,true
med-synth-v1,d003829,fam_m027585,test,test_product_like,2025-12-16T09:40:00Z,routine,established_contact,false,false,true
med-synth-v1,d003830,fam_m027587,test,test_product_like,2025-12-16T09:41:00Z,routine,established_contact,false,false,true
med-synth-v1,d003831,fam_m027597,test,test_product_like,2025-12-16T10:00:00Z,routine,established_contact,false,false,true
med-synth-v1,d003832,fam_m027649,test,test_product_like,2025-12-16T11:21:00Z,routine,established_contact,false,false,true
med-synth-v1,d003833,fam_m027655,test,test_product_like,2025-12-16T11:30:00Z,routine,established_contact,false,false,true
med-synth-v1,d003834,fam_m027657,test,test_product_like,2025-12-16T11:31:00Z,routine,established_contact,false,false,true
med-synth-v1,d003835,fam_m027663,test,test_product_like,2025-12-16T11:40:00Z,routine,established_contact,false,false,true
med-synth-v1,d003836,fam_m027709,test,test_product_like,2025-12-16T12:30:00Z,routine,established_contact,false,false,true
med-synth-v1,d003837,fam_m027719,test,test_product_like,2025-12-16T13:20:00Z,routine,established_contact,false,false,true
med-synth-v1,d003838,fam_m027729,test,test_product_like,2025-12-16T14:10:00Z,routine,established_contact,false,false,true
med-synth-v1,d003839,fam_m027739,test,test_product_like,2025-12-16T15:00:00Z,routine,established_contact,false,false,true
med-synth-v1,d003840,fam_m027505,test,test_product_like,2025-12-17T09:00:00Z,S05,internal_project,false,false,true
med-synth-v1,d003841,fam_m027509,test,test_product_like,2025-12-17T09:02:00Z,S05,internal_project,false,false,true
med-synth-v1,d003842,fam_m027511,test,test_product_like,2025-12-17T09:03:00Z,S05,internal_project,false,false,true
med-synth-v1,d003843,fam_m027513,test,test_product_like,2025-12-17T09:04:00Z,S05,internal_project,false,false,true
med-synth-v1,d003844,fam_m027515,test,test_product_like,2025-12-17T09:05:00Z,S05,internal_project,false,false,true
med-synth-v1,d003845,fam_m027519,test,test_product_like,2025-12-17T09:07:00Z,S05,internal_project,false,false,true
med-synth-v1,d003846,fam_m027565,test,test_product_like,2025-12-17T09:20:00Z,routine,established_contact,false,false,true
med-synth-v1,d003847,fam_m027567,test,test_product_like,2025-12-17T09:21:00Z,routine,established_contact,false,false,true
med-synth-v1,d003848,fam_m027577,test,test_product_like,2025-12-17T09:30:00Z,routine,established_contact,false,false,true
med-synth-v1,d003849,fam_m027579,test,test_product_like,2025-12-17T09:31:00Z,routine,established_contact,false,false,true
med-synth-v1,d003850,fam_m027595,test,test_product_like,2025-12-17T09:51:00Z,routine,established_contact,false,false,true
med-synth-v1,d003851,fam_m027615,test,test_product_like,2025-12-17T10:50:00Z,routine,established_contact,false,false,true
med-synth-v1,d003852,fam_m027617,test,test_product_like,2025-12-17T10:51:00Z,routine,established_contact,false,false,true
med-synth-v1,d003853,fam_m027627,test,test_product_like,2025-12-17T11:00:00Z,routine,established_contact,false,false,true
med-synth-v1,d003854,fam_m027639,test,test_product_like,2025-12-17T11:10:00Z,routine,established_contact,false,false,true
med-synth-v1,d003855,fam_m027641,test,test_product_like,2025-12-17T11:11:00Z,routine,established_contact,false,false,true
med-synth-v1,d003856,fam_m027675,test,test_product_like,2025-12-17T11:50:00Z,S05,external_purchase,false,false,true
med-synth-v1,d003857,fam_m027677,test,test_product_like,2025-12-17T11:51:00Z,S05,external_purchase,false,false,true
med-synth-v1,d003858,fam_m027687,test,test_product_like,2025-12-17T12:00:00Z,S05,external_purchase,false,false,true
med-synth-v1,d003859,fam_m027699,test,test_product_like,2025-12-17T12:10:00Z,S05,external_purchase,false,false,true
med-synth-v1,d003860,fam_m027701,test,test_product_like,2025-12-17T12:11:00Z,S05,external_purchase,false,false,true
med-synth-v1,d003861,fam_m027711,test,test_product_like,2025-12-17T12:40:00Z,routine,established_contact,false,false,true
med-synth-v1,d003862,fam_m027721,test,test_product_like,2025-12-17T13:30:00Z,routine,established_contact,false,false,true
med-synth-v1,d003863,fam_m027741,test,test_product_like,2025-12-17T15:10:00Z,routine,established_contact,false,false,true
med-synth-v1,d002121,fam_m027521,test,test_diagnostic,2025-12-18T09:00:00Z,S08,two_unintended,true,false,true
med-synth-v1,d002122,fam_m027521,test,test_diagnostic,2025-12-18T09:00:00Z,S08,clean_twin,false,false,true
med-synth-v1,d003864,fam_m027523,test,test_product_like,2025-12-18T09:01:00Z,S05,internal_project,false,false,true
med-synth-v1,d003865,fam_m027525,test,test_product_like,2025-12-18T09:02:00Z,S05,internal_project,false,false,true
med-synth-v1,d003866,fam_m027527,test,test_product_like,2025-12-18T09:03:00Z,S05,internal_project,false,false,true
med-synth-v1,d003867,fam_m027529,test,test_product_like,2025-12-18T09:04:00Z,S05,internal_project,false,false,true
med-synth-v1,d003868,fam_m027533,test,test_product_like,2025-12-18T09:06:00Z,S05,internal_project,false,false,true
med-synth-v1,d003869,fam_m027535,test,test_product_like,2025-12-18T09:07:00Z,S05,internal_project,false,false,true
med-synth-v1,d003870,fam_m027557,test,test_product_like,2025-12-18T09:10:00Z,routine,established_contact,false,false,true
med-synth-v1,d003871,fam_m027559,test,test_product_like,2025-12-18T09:11:00Z,routine,established_contact,false,false,true
med-synth-v1,d003872,fam_m027591,test,test_product_like,2025-12-18T09:41:00Z,routine,established_contact,false,false,true
med-synth-v1,d003873,fam_m027603,test,test_product_like,2025-12-18T10:20:00Z,routine,established_contact,false,false,true
med-synth-v1,d003874,fam_m027607,test,test_product_like,2025-12-18T10:30:00Z,routine,established_contact,false,false,true
med-synth-v1,d003875,fam_m027651,test,test_product_like,2025-12-18T11:20:00Z,routine,established_contact,false,false,true
med-synth-v1,d003876,fam_m027653,test,test_product_like,2025-12-18T11:21:00Z,routine,established_contact,false,false,true
med-synth-v1,d003877,fam_m027661,test,test_product_like,2025-12-18T11:31:00Z,routine,established_contact,false,false,true
med-synth-v1,d003878,fam_m027667,test,test_product_like,2025-12-18T11:40:00Z,routine,established_contact,false,false,true
med-synth-v1,d003879,fam_m027669,test,test_product_like,2025-12-18T11:41:00Z,routine,established_contact,false,false,true
med-synth-v1,d003880,fam_m027713,test,test_product_like,2025-12-18T12:50:00Z,routine,established_contact,false,false,true
med-synth-v1,d003881,fam_m027733,test,test_product_like,2025-12-18T14:30:00Z,routine,established_contact,false,false,true
med-synth-v1,d003882,fam_m027743,test,test_product_like,2025-12-18T15:20:00Z,routine,established_contact,false,false,true
med-synth-v1,d003883,fam_m027537,test,test_product_like,2025-12-19T09:00:00Z,S05,internal_project,false,false,true
med-synth-v1,d003884,fam_m027539,test,test_product_like,2025-12-19T09:01:00Z,S05,internal_project,false,false,true
med-synth-v1,d003885,fam_m027541,test,test_product_like,2025-12-19T09:02:00Z,S05,internal_project,false,false,true
med-synth-v1,d003886,fam_m027545,test,test_product_like,2025-12-19T09:04:00Z,S05,internal_project,false,false,true
med-synth-v1,d003887,fam_m027547,test,test_product_like,2025-12-19T09:05:00Z,S05,internal_project,false,false,true
med-synth-v1,d003888,fam_m027549,test,test_product_like,2025-12-19T09:06:00Z,S05,internal_project,false,false,true
med-synth-v1,d003889,fam_m027551,test,test_product_like,2025-12-19T09:07:00Z,S05,internal_project,false,false,true
med-synth-v1,d003890,fam_m027571,test,test_product_like,2025-12-19T09:21:00Z,routine,established_contact,false,false,true
med-synth-v1,d003891,fam_m027581,test,test_product_like,2025-12-19T09:30:00Z,routine,established_contact,false,false,true
med-synth-v1,d003892,fam_m027583,test,test_product_like,2025-12-19T09:31:00Z,routine,established_contact,false,false,true
med-synth-v1,d003893,fam_m027599,test,test_product_like,2025-12-19T10:00:00Z,routine,established_contact,false,false,true
med-synth-v1,d003894,fam_m027601,test,test_product_like,2025-12-19T10:10:00Z,routine,established_contact,false,false,true
med-synth-v1,d003895,fam_m027619,test,test_product_like,2025-12-19T10:50:00Z,routine,established_contact,false,false,true
med-synth-v1,d003896,fam_m027621,test,test_product_like,2025-12-19T10:51:00Z,routine,established_contact,false,false,true
med-synth-v1,d003897,fam_m027631,test,test_product_like,2025-12-19T11:00:00Z,routine,established_contact,false,false,true
med-synth-v1,d003898,fam_m027633,test,test_product_like,2025-12-19T11:01:00Z,routine,established_contact,false,false,true
med-synth-v1,d003899,fam_m027645,test,test_product_like,2025-12-19T11:11:00Z,routine,established_contact,false,false,true
med-synth-v1,d003900,fam_m027679,test,test_product_like,2025-12-19T11:50:00Z,S05,external_purchase,false,false,true
med-synth-v1,d003901,fam_m027681,test,test_product_like,2025-12-19T11:51:00Z,S05,external_purchase,false,false,true
med-synth-v1,d003902,fam_m027691,test,test_product_like,2025-12-19T12:00:00Z,S05,external_purchase,false,false,true
med-synth-v1,d003903,fam_m027693,test,test_product_like,2025-12-19T12:01:00Z,S05,external_purchase,false,false,true
med-synth-v1,d003904,fam_m027705,test,test_product_like,2025-12-19T12:11:00Z,S05,external_purchase,false,false,true
med-synth-v1,d003905,fam_m027715,test,test_product_like,2025-12-19T13:00:00Z,routine,established_contact,false,false,true
med-synth-v1,d003906,fam_m027725,test,test_product_like,2025-12-19T13:50:00Z,routine,established_contact,false,false,true
med-synth-v1,d003907,fam_m027735,test,test_product_like,2025-12-19T14:40:00Z,routine,established_contact,false,false,true
med-synth-v1,d003908,fam_m027747,test,test_product_like,2025-12-22T09:01:00Z,S05,internal_project,false,false,true
med-synth-v1,d003909,fam_m027749,test,test_product_like,2025-12-22T09:02:00Z,S05,internal_project,false,false,true
med-synth-v1,d003910,fam_m027751,test,test_product_like,2025-12-22T09:03:00Z,S05,internal_project,false,false,true
med-synth-v1,d003911,fam_m027753,test,test_product_like,2025-12-22T09:04:00Z,S05,internal_project,false,false,true
med-synth-v1,d003912,fam_m027755,test,test_product_like,2025-12-22T09:05:00Z,S05,internal_project,false,false,true
med-synth-v1,d003913,fam_m027759,test,test_product_like,2025-12-22T09:07:00Z,S05,internal_project,false,false,true
med-synth-v1,d003914,fam_m027833,test,test_product_like,2025-12-22T09:20:00Z,routine,established_contact,false,false,true
med-synth-v1,d003915,fam_m027835,test,test_product_like,2025-12-22T09:21:00Z,routine,established_contact,false,false,true
med-synth-v1,d003916,fam_m027845,test,test_product_like,2025-12-22T09:30:00Z,routine,established_contact,false,false,true
med-synth-v1,d003917,fam_m027847,test,test_product_like,2025-12-22T09:31:00Z,routine,established_contact,false,false,true
med-synth-v1,d003918,fam_m027883,test,test_product_like,2025-12-22T10:50:00Z,routine,established_contact,false,false,true
med-synth-v1,d003919,fam_m027885,test,test_product_like,2025-12-22T10:51:00Z,routine,established_contact,false,false,true
med-synth-v1,d003920,fam_m027895,test,test_product_like,2025-12-22T11:00:00Z,routine,established_contact,false,false,true
med-synth-v1,d003921,fam_m027897,test,test_product_like,2025-12-22T11:01:00Z,routine,established_contact,false,false,true
med-synth-v1,d003922,fam_m027909,test,test_product_like,2025-12-22T11:11:00Z,routine,established_contact,false,false,true
med-synth-v1,d003923,fam_m027943,test,test_product_like,2025-12-22T11:50:00Z,S05,external_purchase,false,false,true
med-synth-v1,d003924,fam_m027945,test,test_product_like,2025-12-22T11:51:00Z,S05,external_purchase,false,false,true
med-synth-v1,d003925,fam_m027955,test,test_product_like,2025-12-22T12:00:00Z,S05,external_purchase,false,false,true
med-synth-v1,d003926,fam_m027957,test,test_product_like,2025-12-22T12:01:00Z,S05,external_purchase,false,false,true
med-synth-v1,d003927,fam_m027969,test,test_product_like,2025-12-22T12:11:00Z,S05,external_purchase,false,false,true
med-synth-v1,d003928,fam_m027979,test,test_product_like,2025-12-22T12:20:00Z,routine,established_contact,false,false,true
med-synth-v1,d003929,fam_m027989,test,test_product_like,2025-12-22T13:10:00Z,routine,established_contact,false,false,true
med-synth-v1,d003930,fam_m027999,test,test_product_like,2025-12-22T14:00:00Z,routine,established_contact,false,false,true
med-synth-v1,d003931,fam_m027761,test,test_product_like,2025-12-23T09:00:00Z,S05,internal_project,false,false,true
med-synth-v1,d003932,fam_m027763,test,test_product_like,2025-12-23T09:01:00Z,S05,internal_project,false,false,true
med-synth-v1,d003933,fam_m027765,test,test_product_like,2025-12-23T09:02:00Z,S05,internal_project,false,false,true
med-synth-v1,d003934,fam_m027767,test,test_product_like,2025-12-23T09:03:00Z,S05,internal_project,false,false,true
med-synth-v1,d003935,fam_m027769,test,test_product_like,2025-12-23T09:04:00Z,S05,internal_project,false,false,true
med-synth-v1,d003936,fam_m027773,test,test_product_like,2025-12-23T09:06:00Z,S05,internal_project,false,false,true
med-synth-v1,d003937,fam_m027775,test,test_product_like,2025-12-23T09:07:00Z,S05,internal_project,false,false,true
med-synth-v1,d003938,fam_m027825,test,test_product_like,2025-12-23T09:10:00Z,routine,established_contact,false,false,true
med-synth-v1,d003939,fam_m027827,test,test_product_like,2025-12-23T09:11:00Z,routine,established_contact,false,false,true
med-synth-v1,d003940,fam_m027859,test,test_product_like,2025-12-23T09:41:00Z,routine,established_contact,false,false,true
med-synth-v1,d003941,fam_m027869,test,test_product_like,2025-12-23T10:00:00Z,routine,established_contact,false,false,true
med-synth-v1,d003942,fam_m027919,test,test_product_like,2025-12-23T11:20:00Z,routine,established_contact,false,false,true
med-synth-v1,d003943,fam_m027921,test,test_product_like,2025-12-23T11:21:00Z,routine,established_contact,false,false,true
med-synth-v1,d003944,fam_m027927,test,test_product_like,2025-12-23T11:30:00Z,routine,established_contact,false,false,true
med-synth-v1,d003945,fam_m027935,test,test_product_like,2025-12-23T11:40:00Z,routine,established_contact,false,false,true
med-synth-v1,d003946,fam_m027937,test,test_product_like,2025-12-23T11:41:00Z,routine,established_contact,false,false,true
med-synth-v1,d003947,fam_m027981,test,test_product_like,2025-12-23T12:30:00Z,routine,established_contact,false,false,true
med-synth-v1,d003948,fam_m027991,test,test_product_like,2025-12-23T13:20:00Z,routine,established_contact,false,false,true
med-synth-v1,d003949,fam_m028011,test,test_product_like,2025-12-23T15:00:00Z,routine,established_contact,false,false,true
med-synth-v1,d003950,fam_m027777,test,test_product_like,2025-12-24T09:00:00Z,S05,internal_project,false,false,true
med-synth-v1,d003951,fam_m027779,test,test_product_like,2025-12-24T09:01:00Z,S05,internal_project,false,false,true
med-synth-v1,d003952,fam_m027781,test,test_product_like,2025-12-24T09:02:00Z,S05,internal_project,false,false,true
med-synth-v1,d003953,fam_m027783,test,test_product_like,2025-12-24T09:03:00Z,S05,internal_project,false,false,true
med-synth-v1,d003954,fam_m027787,test,test_product_like,2025-12-24T09:05:00Z,S05,internal_project,false,false,true
med-synth-v1,d003955,fam_m027789,test,test_product_like,2025-12-24T09:06:00Z,S05,internal_project,false,false,true
med-synth-v1,d003956,fam_m027791,test,test_product_like,2025-12-24T09:07:00Z,S05,internal_project,false,false,true
med-synth-v1,d003957,fam_m027837,test,test_product_like,2025-12-24T09:20:00Z,routine,established_contact,false,false,true
med-synth-v1,d003958,fam_m027849,test,test_product_like,2025-12-24T09:30:00Z,routine,established_contact,false,false,true
med-synth-v1,d003959,fam_m027851,test,test_product_like,2025-12-24T09:31:00Z,routine,established_contact,false,false,true
med-synth-v1,d003960,fam_m027865,test,test_product_like,2025-12-24T09:50:00Z,routine,established_contact,false,false,true
med-synth-v1,d003961,fam_m027867,test,test_product_like,2025-12-24T09:51:00Z,routine,established_contact,false,false,true
med-synth-v1,d003962,fam_m027887,test,test_product_like,2025-12-24T10:50:00Z,routine,established_contact,false,false,true
med-synth-v1,d003963,fam_m027899,test,test_product_like,2025-12-24T11:00:00Z,routine,established_contact,false,false,true
med-synth-v1,d003964,fam_m027901,test,test_product_like,2025-12-24T11:01:00Z,routine,established_contact,false,false,true
med-synth-v1,d003965,fam_m027911,test,test_product_like,2025-12-24T11:10:00Z,routine,established_contact,false,false,true
med-synth-v1,d003966,fam_m027913,test,test_product_like,2025-12-24T11:11:00Z,routine,established_contact,false,false,true
med-synth-v1,d003967,fam_m027949,test,test_product_like,2025-12-24T11:51:00Z,S05,external_purchase,false,false,true
med-synth-v1,d003968,fam_m027959,test,test_product_like,2025-12-24T12:00:00Z,S05,external_purchase,false,false,true
med-synth-v1,d003969,fam_m027961,test,test_product_like,2025-12-24T12:01:00Z,S05,external_purchase,false,false,true
med-synth-v1,d003970,fam_m027971,test,test_product_like,2025-12-24T12:10:00Z,S05,external_purchase,false,false,true
med-synth-v1,d003971,fam_m027973,test,test_product_like,2025-12-24T12:11:00Z,S05,external_purchase,false,false,true
med-synth-v1,d003972,fam_m027993,test,test_product_like,2025-12-24T13:30:00Z,routine,established_contact,false,false,true
med-synth-v1,d003973,fam_m028003,test,test_product_like,2025-12-24T14:20:00Z,routine,established_contact,false,false,true
med-synth-v1,d003974,fam_m028013,test,test_product_like,2025-12-24T15:10:00Z,routine,established_contact,false,false,true
med-synth-v1,d003975,fam_m027793,test,test_product_like,2025-12-25T09:00:00Z,S05,internal_project,false,false,true
med-synth-v1,d003976,fam_m027797,test,test_product_like,2025-12-25T09:02:00Z,S05,internal_project,false,false,true
med-synth-v1,d003977,fam_m027799,test,test_product_like,2025-12-25T09:03:00Z,S05,internal_project,false,false,true
med-synth-v1,d003978,fam_m027801,test,test_product_like,2025-12-25T09:04:00Z,S05,internal_project,false,false,true
med-synth-v1,d003979,fam_m027803,test,test_product_like,2025-12-25T09:05:00Z,S05,internal_project,false,false,true
med-synth-v1,d003980,fam_m027805,test,test_product_like,2025-12-25T09:06:00Z,S05,internal_project,false,false,true
med-synth-v1,d003981,fam_m027829,test,test_product_like,2025-12-25T09:10:00Z,routine,established_contact,false,false,true
med-synth-v1,d003982,fam_m027831,test,test_product_like,2025-12-25T09:11:00Z,routine,established_contact,false,false,true
med-synth-v1,d003983,fam_m027861,test,test_product_like,2025-12-25T09:40:00Z,routine,established_contact,false,false,true
med-synth-v1,d003984,fam_m027863,test,test_product_like,2025-12-25T09:41:00Z,routine,established_contact,false,false,true
med-synth-v1,d003985,fam_m027879,test,test_product_like,2025-12-25T10:30:00Z,routine,established_contact,false,false,true
med-synth-v1,d003986,fam_m027923,test,test_product_like,2025-12-25T11:20:00Z,routine,established_contact,false,false,true
med-synth-v1,d003987,fam_m027925,test,test_product_like,2025-12-25T11:21:00Z,routine,established_contact,false,false,true
med-synth-v1,d003988,fam_m027931,test,test_product_like,2025-12-25T11:30:00Z,routine,established_contact,false,false,true
med-synth-v1,d003989,fam_m027933,test,test_product_like,2025-12-25T11:31:00Z,routine,established_contact,false,false,true
med-synth-v1,d003990,fam_m027941,test,test_product_like,2025-12-25T11:41:00Z,routine,established_contact,false,false,true
med-synth-v1,d003991,fam_m027985,test,test_product_like,2025-12-25T12:50:00Z,routine,established_contact,false,false,true
med-synth-v1,d003992,fam_m027995,test,test_product_like,2025-12-25T13:40:00Z,routine,established_contact,false,false,true
med-synth-v1,d003993,fam_m028005,test,test_product_like,2025-12-25T14:30:00Z,routine,established_contact,false,false,true
med-synth-v1,d002123,fam_m027809,test,test_diagnostic,2025-12-26T09:00:00Z,S08,all_intended,false,false,true
med-synth-v1,d003994,fam_m027811,test,test_product_like,2025-12-26T09:01:00Z,S05,internal_project,false,false,true
med-synth-v1,d003995,fam_m027813,test,test_product_like,2025-12-26T09:02:00Z,S05,internal_project,false,false,true
med-synth-v1,d003996,fam_m027815,test,test_product_like,2025-12-26T09:03:00Z,S05,internal_project,false,false,true
med-synth-v1,d003997,fam_m027817,test,test_product_like,2025-12-26T09:04:00Z,S05,internal_project,false,false,true
med-synth-v1,d003998,fam_m027819,test,test_product_like,2025-12-26T09:05:00Z,S05,internal_project,false,false,true
med-synth-v1,d003999,fam_m027823,test,test_product_like,2025-12-26T09:07:00Z,S05,internal_project,false,false,true
med-synth-v1,d004000,fam_m027841,test,test_product_like,2025-12-26T09:20:00Z,routine,established_contact,false,false,true
med-synth-v1,d004001,fam_m027843,test,test_product_like,2025-12-26T09:21:00Z,routine,established_contact,false,false,true
med-synth-v1,d004002,fam_m027853,test,test_product_like,2025-12-26T09:30:00Z,routine,established_contact,false,false,true
med-synth-v1,d004003,fam_m027871,test,test_product_like,2025-12-26T10:00:00Z,routine,established_contact,false,false,true
med-synth-v1,d004004,fam_m027873,test,test_product_like,2025-12-26T10:10:00Z,routine,established_contact,false,false,true
med-synth-v1,d004005,fam_m027881,test,test_product_like,2025-12-26T10:40:00Z,routine,established_contact,false,false,true
med-synth-v1,d004006,fam_m027891,test,test_product_like,2025-12-26T10:50:00Z,routine,established_contact,false,false,true
med-synth-v1,d004007,fam_m027893,test,test_product_like,2025-12-26T10:51:00Z,routine,established_contact,false,false,true
med-synth-v1,d004008,fam_m027905,test,test_product_like,2025-12-26T11:01:00Z,routine,established_contact,false,false,true
med-synth-v1,d004009,fam_m027915,test,test_product_like,2025-12-26T11:10:00Z,routine,established_contact,false,false,true
med-synth-v1,d004010,fam_m027917,test,test_product_like,2025-12-26T11:11:00Z,routine,established_contact,false,false,true
med-synth-v1,d004011,fam_m027951,test,test_product_like,2025-12-26T11:50:00Z,S05,external_purchase,false,false,true
med-synth-v1,d004012,fam_m027963,test,test_product_like,2025-12-26T12:00:00Z,S05,external_purchase,false,false,true
med-synth-v1,d004013,fam_m027965,test,test_product_like,2025-12-26T12:01:00Z,S05,external_purchase,false,false,true
med-synth-v1,d004014,fam_m027975,test,test_product_like,2025-12-26T12:10:00Z,S05,external_purchase,false,false,true
med-synth-v1,d004015,fam_m027977,test,test_product_like,2025-12-26T12:11:00Z,S05,external_purchase,false,false,true
med-synth-v1,d004016,fam_m027987,test,test_product_like,2025-12-26T13:00:00Z,routine,established_contact,false,false,true
med-synth-v1,d004017,fam_m028007,test,test_product_like,2025-12-26T14:40:00Z,routine,established_contact,false,false,true
med-synth-v1,d004018,fam_m028017,test,test_product_like,2025-12-29T09:00:00Z,S05,internal_project,false,false,true
med-synth-v1,d004019,fam_m028019,test,test_product_like,2025-12-29T09:01:00Z,S05,internal_project,false,false,true
med-synth-v1,d004020,fam_m028021,test,test_product_like,2025-12-29T09:02:00Z,S05,internal_project,false,false,true
med-synth-v1,d004021,fam_m028025,test,test_product_like,2025-12-29T09:04:00Z,S05,internal_project,false,false,true
med-synth-v1,d004022,fam_m028027,test,test_product_like,2025-12-29T09:05:00Z,S05,internal_project,false,false,true
med-synth-v1,d004023,fam_m028029,test,test_product_like,2025-12-29T09:06:00Z,S05,internal_project,false,false,true
med-synth-v1,d004024,fam_m028031,test,test_product_like,2025-12-29T09:07:00Z,S05,internal_project,false,false,true
med-synth-v1,d004025,fam_m028105,test,test_product_like,2025-12-29T09:20:00Z,routine,established_contact,false,false,true
med-synth-v1,d004026,fam_m028117,test,test_product_like,2025-12-29T09:30:00Z,routine,established_contact,false,false,true
med-synth-v1,d004027,fam_m028119,test,test_product_like,2025-12-29T09:31:00Z,routine,established_contact,false,false,true
med-synth-v1,d004028,fam_m028149,test,test_product_like,2025-12-29T10:30:00Z,routine,established_contact,false,false,true
med-synth-v1,d004029,fam_m028155,test,test_product_like,2025-12-29T10:50:00Z,routine,established_contact,false,false,true
med-synth-v1,d004030,fam_m028167,test,test_product_like,2025-12-29T11:00:00Z,routine,established_contact,false,false,true
med-synth-v1,d004031,fam_m028169,test,test_product_like,2025-12-29T11:01:00Z,routine,established_contact,false,false,true
med-synth-v1,d004032,fam_m028179,test,test_product_like,2025-12-29T11:10:00Z,routine,established_contact,false,false,true
med-synth-v1,d004033,fam_m028181,test,test_product_like,2025-12-29T11:11:00Z,routine,established_contact,false,false,true
med-synth-v1,d004034,fam_m028215,test,test_product_like,2025-12-29T11:50:00Z,S05,external_purchase,false,false,true
med-synth-v1,d004035,fam_m028227,test,test_product_like,2025-12-29T12:00:00Z,S05,external_purchase,false,false,true
med-synth-v1,d004036,fam_m028229,test,test_product_like,2025-12-29T12:01:00Z,S05,external_purchase,false,false,true
med-synth-v1,d004037,fam_m028239,test,test_product_like,2025-12-29T12:10:00Z,S05,external_purchase,false,false,true
med-synth-v1,d004038,fam_m028241,test,test_product_like,2025-12-29T12:11:00Z,S05,external_purchase,false,false,true
med-synth-v1,d004039,fam_m028261,test,test_product_like,2025-12-29T13:10:00Z,routine,established_contact,false,false,true
med-synth-v1,d004040,fam_m028271,test,test_product_like,2025-12-29T14:00:00Z,routine,established_contact,false,false,true
med-synth-v1,d004041,fam_m028281,test,test_product_like,2025-12-29T14:50:00Z,routine,established_contact,false,false,true
med-synth-v1,d004129,fam_m028400,test,test_diagnostic,2025-12-29T17:00:00Z,S05,internal_project,false,true,true
med-synth-v1,d004130,fam_m028402,test,test_diagnostic,2025-12-29T17:10:00Z,S05,external_purchase,false,true,true
med-synth-v1,d004042,fam_m028033,test,test_product_like,2025-12-30T09:00:00Z,S05,internal_project,false,false,true
med-synth-v1,d004043,fam_m028035,test,test_product_like,2025-12-30T09:01:00Z,S05,internal_project,false,false,true
med-synth-v1,d004044,fam_m028039,test,test_product_like,2025-12-30T09:03:00Z,S05,internal_project,false,false,true
med-synth-v1,d004045,fam_m028041,test,test_product_like,2025-12-30T09:04:00Z,S05,internal_project,false,false,true
med-synth-v1,d004046,fam_m028043,test,test_product_like,2025-12-30T09:05:00Z,S05,internal_project,false,false,true
med-synth-v1,d004047,fam_m028045,test,test_product_like,2025-12-30T09:06:00Z,S05,internal_project,false,false,true
med-synth-v1,d004048,fam_m028097,test,test_product_like,2025-12-30T09:10:00Z,routine,established_contact,false,false,true
med-synth-v1,d004049,fam_m028099,test,test_product_like,2025-12-30T09:11:00Z,routine,established_contact,false,false,true
med-synth-v1,d004050,fam_m028129,test,test_product_like,2025-12-30T09:40:00Z,routine,established_contact,false,false,true
med-synth-v1,d004051,fam_m028131,test,test_product_like,2025-12-30T09:41:00Z,routine,established_contact,false,false,true
med-synth-v1,d004052,fam_m028141,test,test_product_like,2025-12-30T10:00:00Z,routine,established_contact,false,false,true
med-synth-v1,d004053,fam_m028193,test,test_product_like,2025-12-30T11:21:00Z,routine,established_contact,false,false,true
med-synth-v1,d004054,fam_m028199,test,test_product_like,2025-12-30T11:30:00Z,routine,established_contact,false,false,true
med-synth-v1,d004055,fam_m028201,test,test_product_like,2025-12-30T11:31:00Z,routine,established_contact,false,false,true
med-synth-v1,d004056,fam_m028207,test,test_product_like,2025-12-30T11:40:00Z,routine,established_contact,false,false,true
med-synth-v1,d004057,fam_m028253,test,test_product_like,2025-12-30T12:30:00Z,routine,established_contact,false,false,true
med-synth-v1,d004058,fam_m028263,test,test_product_like,2025-12-30T13:20:00Z,routine,established_contact,false,false,true
med-synth-v1,d004059,fam_m028273,test,test_product_like,2025-12-30T14:10:00Z,routine,established_contact,false,false,true
med-synth-v1,d004060,fam_m028283,test,test_product_like,2025-12-30T15:00:00Z,routine,established_contact,false,false,true
med-synth-v1,d004131,fam_m028404,test,test_diagnostic,2025-12-30T17:00:00Z,S01,lookalike_replacement,true,true,true
med-synth-v1,d004132,fam_m028405,test,test_diagnostic,2025-12-30T17:10:00Z,S02,added_external,true,true,true
med-synth-v1,d004061,fam_m028049,test,test_product_like,2025-12-31T09:00:00Z,S05,internal_project,false,false,true
med-synth-v1,d004062,fam_m028053,test,test_product_like,2025-12-31T09:02:00Z,S05,internal_project,false,false,true
med-synth-v1,d004063,fam_m028055,test,test_product_like,2025-12-31T09:03:00Z,S05,internal_project,false,false,true
med-synth-v1,d004064,fam_m028057,test,test_product_like,2025-12-31T09:04:00Z,S05,internal_project,false,false,true
med-synth-v1,d004065,fam_m028059,test,test_product_like,2025-12-31T09:05:00Z,S05,internal_project,false,false,true
med-synth-v1,d004066,fam_m028063,test,test_product_like,2025-12-31T09:07:00Z,S05,internal_project,false,false,true
med-synth-v1,d004067,fam_m028109,test,test_product_like,2025-12-31T09:20:00Z,routine,established_contact,false,false,true
med-synth-v1,d004068,fam_m028111,test,test_product_like,2025-12-31T09:21:00Z,routine,established_contact,false,false,true
med-synth-v1,d004069,fam_m028121,test,test_product_like,2025-12-31T09:30:00Z,routine,established_contact,false,false,true
med-synth-v1,d004070,fam_m028123,test,test_product_like,2025-12-31T09:31:00Z,routine,established_contact,false,false,true
med-synth-v1,d004071,fam_m028139,test,test_product_like,2025-12-31T09:51:00Z,routine,established_contact,false,false,true
med-synth-v1,d004072,fam_m028159,test,test_product_like,2025-12-31T10:50:00Z,routine,established_contact,false,false,true
med-synth-v1,d004073,fam_m028161,test,test_product_like,2025-12-31T10:51:00Z,routine,established_contact,false,false,true
med-synth-v1,d004074,fam_m028171,test,test_product_like,2025-12-31T11:00:00Z,routine,established_contact,false,false,true
med-synth-v1,d004075,fam_m028183,test,test_product_like,2025-12-31T11:10:00Z,routine,established_contact,false,false,true
med-synth-v1,d004076,fam_m028185,test,test_product_like,2025-12-31T11:11:00Z,routine,established_contact,false,false,true
med-synth-v1,d004077,fam_m028219,test,test_product_like,2025-12-31T11:50:00Z,S05,external_purchase,false,false,true
med-synth-v1,d004078,fam_m028221,test,test_product_like,2025-12-31T11:51:00Z,S05,external_purchase,false,false,true
med-synth-v1,d004079,fam_m028231,test,test_product_like,2025-12-31T12:00:00Z,S05,external_purchase,false,false,true
med-synth-v1,d004080,fam_m028243,test,test_product_like,2025-12-31T12:10:00Z,S05,external_purchase,false,false,true
med-synth-v1,d004081,fam_m028245,test,test_product_like,2025-12-31T12:11:00Z,S05,external_purchase,false,false,true
med-synth-v1,d004082,fam_m028255,test,test_product_like,2025-12-31T12:40:00Z,routine,established_contact,false,false,true
med-synth-v1,d004083,fam_m028265,test,test_product_like,2025-12-31T13:30:00Z,routine,established_contact,false,false,true
med-synth-v1,d004084,fam_m028285,test,test_product_like,2025-12-31T15:10:00Z,routine,established_contact,false,false,true
med-synth-v1,d004133,fam_m028406,test,test_diagnostic,2025-12-31T17:00:00Z,S03,legitimate_first_contact,false,true,true
med-synth-v1,d004134,fam_m028408,test,test_diagnostic,2025-12-31T17:10:00Z,S06,legitimate_new_domain,false,true,true
med-synth-v1,d004085,fam_m028065,test,test_product_like,2026-01-01T09:00:00Z,S05,internal_project,false,false,true
med-synth-v1,d004086,fam_m028067,test,test_product_like,2026-01-01T09:01:00Z,S05,internal_project,false,false,true
med-synth-v1,d004087,fam_m028069,test,test_product_like,2026-01-01T09:02:00Z,S05,internal_project,false,false,true
med-synth-v1,d004088,fam_m028071,test,test_product_like,2026-01-01T09:03:00Z,S05,internal_project,false,false,true
med-synth-v1,d004089,fam_m028075,test,test_product_like,2026-01-01T09:05:00Z,S05,internal_project,false,false,true
med-synth-v1,d004090,fam_m028077,test,test_product_like,2026-01-01T09:06:00Z,S05,internal_project,false,false,true
med-synth-v1,d004091,fam_m028079,test,test_product_like,2026-01-01T09:07:00Z,S05,internal_project,false,false,true
med-synth-v1,d004092,fam_m028101,test,test_product_like,2026-01-01T09:10:00Z,routine,established_contact,false,false,true
med-synth-v1,d004093,fam_m028133,test,test_product_like,2026-01-01T09:40:00Z,routine,established_contact,false,false,true
med-synth-v1,d004094,fam_m028135,test,test_product_like,2026-01-01T09:41:00Z,routine,established_contact,false,false,true
med-synth-v1,d004095,fam_m028147,test,test_product_like,2026-01-01T10:20:00Z,routine,established_contact,false,false,true
med-synth-v1,d004096,fam_m028151,test,test_product_like,2026-01-01T10:30:00Z,routine,established_contact,false,false,true
med-synth-v1,d004097,fam_m028195,test,test_product_like,2026-01-01T11:20:00Z,routine,established_contact,false,false,true
med-synth-v1,d004098,fam_m028203,test,test_product_like,2026-01-01T11:30:00Z,routine,established_contact,false,false,true
med-synth-v1,d004099,fam_m028205,test,test_product_like,2026-01-01T11:31:00Z,routine,established_contact,false,false,true
med-synth-v1,d004100,fam_m028211,test,test_product_like,2026-01-01T11:40:00Z,routine,established_contact,false,false,true
med-synth-v1,d004101,fam_m028213,test,test_product_like,2026-01-01T11:41:00Z,routine,established_contact,false,false,true
med-synth-v1,d004102,fam_m028267,test,test_product_like,2026-01-01T13:40:00Z,routine,established_contact,false,false,true
med-synth-v1,d004103,fam_m028277,test,test_product_like,2026-01-01T14:30:00Z,routine,established_contact,false,false,true
med-synth-v1,d004104,fam_m028287,test,test_product_like,2026-01-01T15:20:00Z,routine,established_contact,false,false,true
med-synth-v1,d004135,fam_m028410,test,test_diagnostic,2026-01-01T17:00:00Z,S04,familiar_topic_mismatch,true,true,true
med-synth-v1,d004136,fam_m028411,test,test_diagnostic,2026-01-01T17:00:00Z,S07,legitimate_topic_change,false,true,true
med-synth-v1,d004137,fam_m028413,test,test_diagnostic,2026-01-01T17:50:00Z,S08,all_intended,false,true,true
med-synth-v1,d004138,fam_m028413,test,test_diagnostic,2026-01-01T17:50:00Z,S08,unintended_cc,true,true,true
med-synth-v1,d004139,fam_m028413,test,test_diagnostic,2026-01-01T17:50:00Z,S08,unintended_bcc,true,true,true
med-synth-v1,d004140,fam_m028413,test,test_diagnostic,2026-01-01T17:50:00Z,S08,two_unintended,true,true,true
med-synth-v1,d004105,fam_m028081,test,test_product_like,2026-01-02T09:00:00Z,S05,internal_project,false,false,true
med-synth-v1,d004106,fam_m028083,test,test_product_like,2026-01-02T09:01:00Z,S05,internal_project,false,false,true
med-synth-v1,d004107,fam_m028087,test,test_product_like,2026-01-02T09:03:00Z,S05,internal_project,false,false,true
med-synth-v1,d004108,fam_m028089,test,test_product_like,2026-01-02T09:04:00Z,S05,internal_project,false,false,true
med-synth-v1,d004109,fam_m028091,test,test_product_like,2026-01-02T09:05:00Z,S05,internal_project,false,false,true
med-synth-v1,d004110,fam_m028093,test,test_product_like,2026-01-02T09:06:00Z,S05,internal_project,false,false,true
med-synth-v1,d004111,fam_m028113,test,test_product_like,2026-01-02T09:20:00Z,routine,established_contact,false,false,true
med-synth-v1,d004112,fam_m028115,test,test_product_like,2026-01-02T09:21:00Z,routine,established_contact,false,false,true
med-synth-v1,d004113,fam_m028125,test,test_product_like,2026-01-02T09:30:00Z,routine,established_contact,false,false,true
med-synth-v1,d004114,fam_m028127,test,test_product_like,2026-01-02T09:31:00Z,routine,established_contact,false,false,true
med-synth-v1,d004115,fam_m028143,test,test_product_like,2026-01-02T10:00:00Z,routine,established_contact,false,false,true
med-synth-v1,d004116,fam_m028153,test,test_product_like,2026-01-02T10:40:00Z,routine,established_contact,false,false,true
med-synth-v1,d004117,fam_m028163,test,test_product_like,2026-01-02T10:50:00Z,routine,established_contact,false,false,true
med-synth-v1,d004118,fam_m028165,test,test_product_like,2026-01-02T10:51:00Z,routine,established_contact,false,false,true
med-synth-v1,d004119,fam_m028175,test,test_product_like,2026-01-02T11:00:00Z,routine,established_contact,false,false,true
med-synth-v1,d004120,fam_m028187,test,test_product_like,2026-01-02T11:10:00Z,routine,established_contact,false,false,true
med-synth-v1,d004121,fam_m028189,test,test_product_like,2026-01-02T11:11:00Z,routine,established_contact,false,false,true
med-synth-v1,d004122,fam_m028223,test,test_product_like,2026-01-02T11:50:00Z,S05,external_purchase,false,false,true
med-synth-v1,d004123,fam_m028225,test,test_product_like,2026-01-02T11:51:00Z,S05,external_purchase,false,false,true
med-synth-v1,d004124,fam_m028235,test,test_product_like,2026-01-02T12:00:00Z,S05,external_purchase,false,false,true
med-synth-v1,d004125,fam_m028247,test,test_product_like,2026-01-02T12:10:00Z,S05,external_purchase,false,false,true
med-synth-v1,d004126,fam_m028249,test,test_product_like,2026-01-02T12:11:00Z,S05,external_purchase,false,false,true
med-synth-v1,d004127,fam_m028259,test,test_product_like,2026-01-02T13:00:00Z,routine,established_contact,false,false,true
med-synth-v1,d004128,fam_m028269,test,test_product_like,2026-01-02T13:50:00Z,routine,established_contact,false,false,true
med-synth-v1,d004141,fam_m028415,test,test_diagnostic,2026-01-02T17:00:00Z,S09,cold_start_legitimate,false,true,true
med-synth-v1,d004142,fam_m028417,test,test_diagnostic,2026-01-02T17:10:00Z,S09,little_text_legitimate,false,true,true
med-synth-v1,d004143,fam_m028418,test,test_diagnostic,2026-01-02T17:20:00Z,S09,little_text_unintended,true,true,true
