draft_id,contact_id,recipient_order,feature_spec_version,sender_outbound_count,sender_history_available,sender_history_span_days,pair_outbound_count,pair_inbound_count,pair_outbound_count_28d,pair_inbound_count_28d,pair_outbound_rate_per_day,pair_recency_days,pair_recency_observed,recipient_novel_to_sender,domain_outbound_count,domain_novel_to_sender,domain_seen_in_history,recipient_is_internal,addressed_recipient_count,co_support_applicable,co_joint_message_count,co_partner_fraction,co_focus_conditional_fraction,co_focus_history_available,name_similarity_max,address_similarity_max,contact_similarity_observed,near_name_count,content_cosine,content_similarity_observed,pair_text_message_count,draft_raw_token_count,draft_text_empty,draft_text_short,draft_text_oov,draft_subject_blank,draft_body_blank
d000201,c_dir_090,0,med-features-v2,17750,1,175,0,0,0,0,0,3650,0,1,16700,0,1,1,1,0,0,0,0,0,0.63636363636363635,0.63636363636363635,1,0,0,0,0,17,0,0,0,0,0
d000001,c_alex_chen,0,med-features-v2,17751,1,175.00238425925926,575,525,92,84,3.2856695206401287,2.6981250000000001,1,0,16701,0,1,1,1,0,0,0,0,1,0.88888888888888884,0.88888888888888884,1,1,0.18169532868813829,1,1100,18,0,0,0,0,0
d000395,c_alex_chen,0,med-features-v2,17752,1,175.00479166666668,575,525,92,84,3.2856243221911781,2.7005324074074073,1,0,16702,0,1,1,1,0,0,0,0,1,0.88888888888888884,0.88888888888888884,1,1,0.51898897315707559,1,1100,15,0,0,0,0,0
d000002,c_jamie_li,0,med-features-v2,17753,1,175.00719907407407,475,425,76,68,2.7141740597708219,2.6931481481481483,1,0,16703,0,1,1,1,0,0,0,0,1,0.77777777777777779,0.77777777777777779,1,0,0.25211531419610583,1,900,24,0,0,0,0,0
d000071,c_chris,0,med-features-v2,17754,1,175.00960648148148,1276,375,204,60,7.2910283364074591,0.0096064814814814815,1,0,16704,0,1,1,5,1,1126,0.75,0.88244514106583072,1,0.33333333333333337,0.33333333333333337,1,0,0.44780134103542674,1,1651,28,0,0,0,0,0
d000071,c_noah,1,med-features-v2,17754,1,175.00960648148148,1426,1201,228,192,8.148124143978869,0.0092592592592592587,1,0,16704,0,1,1,5,1,1126,0.75,0.78962131837307148,1,0.40000000000000002,0.33333333333333337,1,0,0.20734502059209833,1,2627,28,0,0,0,0,0
d000071,c_elena,2,med-features-v2,17754,1,175.00960648148148,1276,150,204,24,7.2910283364074591,0.0096064814814814815,1,0,16704,0,1,1,5,1,1126,0.75,0.88244514106583072,1,0.45454545454545459,0.80000000000000004,1,0,0.3269300888788097,1,1426,28,0,0,0,0,0
d000071,c_marcus,3,med-features-v2,17754,1,175.00960648148148,325,100,52,16,1.8570409164047212,2.7130555555555556,1,0,16704,0,1,1,5,1,225,0.75,0.69230769230769229,1,0.41666666666666663,0.33333333333333337,1,0,0.62851800190208329,1,425,28,0,0,0,0,0
d000071,c_lee,4,med-features-v2,17754,1,175.00960648148148,350,350,56,56,1.9998902176666227,2.6881944444444446,1,0,350,0,1,0,5,1,0,0,0,1,0.5,0.5,1,0,0.087516236048618468,1,700,28,0,0,0,0,0
d000003,c_morgan_zhao,0,med-features-v2,17757,1,175.01680555555555,475,425,76,68,2.7140250817183431,2.6978472222222223,1,0,16707,0,1,1,1,0,0,0,0,1,0.81818181818181812,0.81818181818181812,1,1,0.25719411232586931,1,900,24,0,0,0,0,0
d000382,c_lee,0,med-features-v2,17761,1,175.02884259259258,350,350,56,56,1.9996704246892643,2.7074305555555553,1,0,350,0,1,0,1,0,0,0,0,1,0.5,0.5,1,0,0.53282590809477937,1,700,14,0,0,0,0,0
d000231,c_noah,0,med-features-v2,17764,1,175.03604166666668,1428,1202,228,192,8.158319774617846,0.011666666666666667,1,0,16711,0,1,1,5,1,1127,1,0.78921568627450978,1,0.40000000000000002,0.33333333333333337,1,0,0.57123751445478843,1,2630,28,0,0,0,0,0
d000231,c_elena,1,med-features-v2,17764,1,175.03604166666668,1277,150,204,24,7.2956403026519538,0.026435185185185187,1,0,16711,0,1,1,5,1,1127,1,0.88253719655442442,1,0.45454545454545459,0.80000000000000004,1,0,0.72563490243762574,1,1427,28,0,0,0,0,0
d000231,c_taylor,2,med-features-v2,17764,1,175.03604166666668,1052,151,168,24,6.0101907583319143,0.023680555555555555,1,0,16711,0,1,1,5,1,901,1,0.85646387832699622,1,0.46153846153846156,0.33333333333333337,1,0,0.72534158126956561,1,1203,28,0,0,0,0,0
d000231,c_chris,3,med-features-v2,17764,1,175.03604166666668,1278,377,204,60,7.3013534117378205,0.016481481481481482,1,0,16711,0,1,1,5,1,1127,1,0.88184663536776209,1,0.33333333333333337,0.33333333333333337,1,0,0.6620067468837133,1,1655,28,0,0,0,0,0
d000231,c_lena,4,med-features-v2,17764,1,175.03604166666668,300,150,48,24,1.7139327257600516,2.7366898148148149,1,0,16711,0,1,1,5,1,150,1,0.5,1,0.46153846153846156,0.80000000000000004,1,0,0.54021095532765195,1,450,28,0,0,0,0,0
d000396,c_maya,0,med-features-v2,526,1,175.03571759259259,526,576,84,92,3.0051009430218145,0.035717592592592592,1,0,526,0,1,1,1,0,0,0,0,1,0.33333333333333337,0.5,1,0,0.36022751581628554,1,1102,14,0,0,0,0,0
d000377,c_noah,0,med-features-v2,17767,1,175.04567129629629,1429,1203,228,192,8.1635837631263701,0.0092824074074074076,1,0,16714,0,1,1,5,1,1128,1,0.78936319104268715,1,0.40000000000000002,0.33333333333333337,1,0,0.60382154434156443,1,2632,17,0,0,0,0,0
d000377,c_elena,1,med-features-v2,17767,1,175.04567129629629,1278,150,204,24,7.3009517489681599,0.0096296296296296303,1,0,16714,0,1,1,5,1,1128,1,0.88262910798122063,1,0.45454545454545459,0.80000000000000004,1,0,0.71686900394452557,1,1428,17,0,0,0,0,0
d000377,c_taylor,2,med-features-v2,17767,1,175.04567129629629,1053,151,168,24,6.0155729199244696,0.0096296296296296303,1,0,16714,0,1,1,5,1,902,1,0.85660018993352327,1,0.46153846153846156,0.33333333333333337,1,0,0.73463352403531679,1,1204,17,0,0,0,0,0
d000377,c_chris,3,med-features-v2,17767,1,175.04567129629629,1279,377,204,60,7.3066645437639091,0.0096296296296296303,1,0,16714,0,1,1,5,1,1128,1,0.88193901485535575,1,0.33333333333333337,0.33333333333333337,1,0,0.60714832263458773,1,1656,17,0,0,0,0,0
d000377,c_lena,4,med-features-v2,17767,1,175.04567129629629,300,150,48,24,1.7138384387249201,2.7463194444444445,1,0,16714,0,1,1,5,1,150,1,0.5,1,0.46153846153846156,0.80000000000000004,1,0,0.56804548668638166,1,450,17,0,0,0,0,0
d000397,c_fac_024,0,med-features-v2,17777,1,175.06969907407407,125,125,20,20,0.71400134152918726,3.9109027777777778,1,0,16724,0,1,1,1,0,0,0,0,1,0.75,0.75,1,0,0.34312037585353894,1,250,16,0,0,0,0,0
d000398,c_fac_079,0,med-features-v2,17788,1,175.09613425925926,125,125,20,20,0.71389354498778645,3.7392824074074076,1,0,16735,0,1,1,1,0,0,0,0,1,0.83333333333333337,0.83333333333333337,1,1,0.43021234792075158,1,250,27,0,0,0,0,0
d000291,c_alex_chen,0,med-features-v2,17792,1,175.1057638888889,577,527,92,84,3.2951513827159218,0.064560185185185179,1,0,16739,0,1,1,1,0,0,0,0,1,0.88888888888888884,0.88888888888888884,1,1,0.061101415533741502,1,1104,2,0,1,0,0,1
d000292,c_jamie_li,0,med-features-v2,17794,1,175.11055555555555,476,426,76,68,2.7182827356685779,0.095787037037037032,1,0,16741,0,1,1,1,0,0,0,0,1,0.77777777777777779,0.77777777777777779,1,0,0.084816634620129575,1,902,2,0,1,0,0,1
d000293,c_morgan_zhao,0,med-features-v2,17798,1,175.12018518518519,476,426,76,68,2.7181332608610593,0.093402777777777779,1,0,16745,0,1,1,1,0,0,0,0,1,0.81818181818181812,0.81818181818181812,1,1,0.11101757682514266,1,902,2,0,1,0,0,1
d000399,c_morgan_zhao,0,med-features-v2,17801,1,175.12979166666668,476,426,76,68,2.7179841617467044,0.10300925925925926,1,0,16748,0,1,1,1,0,0,0,0,1,0.81818181818181812,0.81818181818181812,1,1,0.39656495263840225,1,902,14,0,0,0,0,0
d000400,c_fac_012,0,med-features-v2,17812,1,175.15625,125,125,20,20,0.71364852809991075,2.9990509259259261,1,0,16756,0,1,1,1,0,0,0,0,1,0.69230769230769229,0.69230769230769229,1,0,0.28238687928823608,1,250,26,0,0,0,0,0
d000401,c_fac_031,0,med-features-v2,17823,1,175.18268518518519,125,125,20,20,0.71354083805635704,2.9985185185185186,1,0,16767,0,1,1,1,0,0,0,0,1,0.84615384615384615,0.84615384615384615,1,1,0.33571954684836708,1,250,15,0,0,0,0,0
d000402,c_fac_047,0,med-features-v2,17834,1,175.20912037037036,125,125,20,20,0.71343318050889992,2.9980092592592591,1,0,16778,0,1,1,1,0,0,0,0,1,0.84615384615384615,0.84615384615384615,1,1,0.29758726949159481,1,250,26,0,0,0,0,0
d000403,c_priya,0,med-features-v2,17845,1,175.23555555555555,251,251,40,40,1.4323577153292077,0.19675925925925927,1,0,16789,0,1,1,1,0,0,0,0,1,0.45454545454545459,0.40000000000000002,1,0,0.44900428307620455,1,502,24,0,0,0,0,0
d000387,c_noah,0,med-features-v2,17847,1,175.24277777777777,1435,1208,228,192,8.1886398868870813,0.0092592592592592587,1,0,16791,0,1,1,5,1,1133,1,0.78954703832752615,1,0.40000000000000002,0.33333333333333337,1,0,0.57129058057494608,1,2643,28,0,0,0,0,0
d000387,c_elena,1,med-features-v2,17847,1,175.24277777777777,1283,150,204,24,7.3212717594955574,0.0096064814814814815,1,0,16791,0,1,1,5,1,1133,1,0.88308651597817611,1,0.45454545454545459,0.80000000000000004,1,0,0.72604961780332533,1,1433,28,0,0,0,0,0
d000387,c_taylor,2,med-features-v2,17847,1,175.24277777777777,1058,152,168,24,6.0373386761857359,0.0096064814814814815,1,0,16791,0,1,1,5,1,906,1,0.85633270321361055,1,0.46153846153846156,0.33333333333333337,1,0,0.72621920550834262,1,1210,28,0,0,0,0,0
d000387,c_chris,3,med-features-v2,17847,1,175.24277777777777,1285,379,204,60,7.332684498013867,0.0096064814814814815,1,0,16791,0,1,1,5,1,1133,1,0.88171206225680931,1,0.33333333333333337,0.33333333333333337,1,0,0.66225326119572026,1,1664,28,0,0,0,0,0
d000387,c_lena,4,med-features-v2,17847,1,175.24277777777777,301,150,48,24,1.7176171470055828,0.19710648148148149,1,0,16791,0,1,1,5,1,151,1,0.50166112956810627,1,0.46153846153846156,0.80000000000000004,1,0,0.54013013542624899,1,451,28,0,0,0,0,0
d000404,c_fac_019,0,med-features-v2,17856,1,175.26442129629629,126,126,20,20,0.71891373655916468,0.19678240740740741,1,0,16800,0,1,1,1,0,0,0,0,1,0.75,0.75,1,0,0.434162273121599,1,252,27,0,0,0,0,0
d000405,c_fac_074,0,med-features-v2,17867,1,175.29085648148148,126,126,20,20,0.71880531893750665,0.19678240740740741,1,0,16811,0,1,1,1,0,0,0,0,1,0.75,0.75,1,0,0.37033679065891201,1,252,16,0,0,0,0,0
d000406,c_jamie_li,0,med-features-v2,17877,1,175.31729166666668,477,427,76,68,2.720781250185675,0.19916666666666666,1,0,16821,0,1,1,1,0,0,0,0,1,0.77777777777777779,0.77777777777777779,1,0,0.38074545904816531,1,904,14,0,0,0,0,0
d000407,c_fac_068,0,med-features-v2,17888,1,175.34372685185184,125,125,20,20,0.71288549778352017,3.0517129629629629,1,0,16829,0,1,1,1,0,0,0,0,1,0.80000000000000004,0.80000000000000004,1,1,0.24521090932161016,1,250,14,0,0,0,0,0
d000408,c_fac_087,0,med-features-v2,17899,1,175.37018518518519,125,125,20,20,0.71277794379930703,2.9972916666666665,1,0,16840,0,1,1,1,0,0,0,0,1,0.75,0.75,1,0,0.26063847654451283,1,250,19,0,0,0,0,0
d000141,c_fac_001,0,med-features-v2,17902,1,176.00268518518519,126,126,20,20,0.71589816864115607,0.86291666666666667,1,0,16843,0,1,1,1,0,0,0,0,1,0.75,0.75,1,0,0.065997929227509605,1,252,26,0,0,0,0,0
d000409,c_alex_chen,0,med-features-v2,17908,1,176.0269675925926,580,530,92,84,3.2949496769289741,0.72134259259259259,1,0,16849,0,1,1,1,0,0,0,0,1,0.88888888888888884,0.88888888888888884,1,1,0.1704006202739507,1,1110,17,0,0,0,0,0
d000410,c_morgan_zhao,0,med-features-v2,17918,1,176.05664351851851,479,429,76,68,2.7207152790551548,0.010439814814814815,1,0,16856,0,1,1,1,0,0,0,0,1,0.81818181818181812,0.81818181818181812,1,1,0.30755495242223219,1,908,26,0,0,0,0,0
d000411,c_fac_050,0,med-features-v2,17929,1,176.08631944444446,125,125,20,20,0.70987911153107908,3.8727546296296298,1,0,16867,0,1,1,1,0,0,0,0,1,0.75,0.75,1,0,0.3762512505871401,1,250,18,0,0,0,0,0
d000412,c_fac_003,0,med-features-v2,17940,1,176.11599537037037,126,126,20,20,0.71543757132918628,0.97143518518518523,1,0,16878,0,1,1,1,0,0,0,0,1,0.75,0.75,1,0,0.26923762066848156,1,252,26,0,0,0,0,0
d000413,c_fac_018,0,med-features-v2,17951,1,176.14567129629629,126,126,20,20,0.71531703886185327,0.97946759259259264,1,0,16889,0,1,1,1,0,0,0,0,1,0.66666666666666674,0.66666666666666674,1,0,0.31798659951132285,1,252,14,0,0,0,0,0
d000414,c_fac_037,0,med-features-v2,17962,1,176.17534722222223,126,126,20,20,0.71519654700079816,0.98270833333333329,1,0,16900,0,1,1,1,0,0,0,0,1,0.76923076923076916,0.76923076923076916,1,0,0.37440609598144575,1,252,26,0,0,0,0,0
d000415,c_fac_053,0,med-features-v2,17973,1,176.20502314814814,126,126,20,20,0.71507609572550501,0.98592592592592587,1,0,16911,0,1,1,1,0,0,0,0,1,0.75,0.75,1,0,0.28571138888668235,1,252,26,0,0,0,0,0
d000416,c_noah,0,med-features-v2,17984,1,176.23469907407409,1445,1217,228,192,8.1992933718044068,0.03201388888888889,1,0,16922,0,1,1,4,1,1140,1,0.78892733564013839,1,0.40000000000000002,0.33333333333333337,1,0,0.57177852686907038,1,2662,28,0,0,0,0,0
d000416,c_elena,1,med-features-v2,17984,1,176.23469907407409,1292,152,204,24,7.3311328971427647,0.032361111111111111,1,0,16922,0,1,1,4,1,1140,1,0.88235294117647056,1,0.45454545454545459,0.80000000000000004,1,0,0.72697373817148347,1,1444,28,0,0,0,0,0
d000416,c_taylor,2,med-features-v2,17984,1,176.23469907407409,1065,153,168,24,6.0430778138212418,0.032361111111111111,1,0,16922,0,1,1,4,1,912,1,0.85633802816901405,1,0.46153846153846156,0.33333333333333337,1,0,0.72764453640271565,1,1218,28,0,0,0,0,0
d000416,c_chris,3,med-features-v2,17984,1,176.23469907407409,1293,381,204,60,7.3368071486111415,0.032361111111111111,1,0,16922,0,1,1,4,1,1140,1,0.88167053364269143,1,0.33333333333333337,0.33333333333333337,1,0,0.66320170845430104,1,1674,28,0,0,0,0,0
d000417,c_morgan_shaw,0,med-features-v2,17991,1,176.264375,481,481,76,76,2.7288554479599183,0.22356481481481483,1,0,16929,0,1,1,1,0,0,0,0,1,0.81818181818181812,0.81818181818181812,1,1,0.23356940799481479,1,962,14,0,0,0,0,0
d000418,c_fac_015,0,med-features-v2,18002,1,176.29405092592592,126,126,20,20,0.71471498520923915,0.22627314814814814,1,0,16937,0,1,1,1,0,0,0,0,1,0.76923076923076916,0.76923076923076916,1,0,0.37305330787679369,1,252,16,0,0,0,0,0
d000419,c_fac_055,0,med-features-v2,18013,1,176.32372685185186,126,126,20,20,0.71459469607210535,0.23435185185185184,1,0,16948,0,1,1,1,0,0,0,0,1,0.83333333333333337,0.83333333333333337,1,1,0.3925760484411463,1,252,16,0,0,0,0,0
d000420,c_fac_078,0,med-features-v2,18024,1,176.35340277777777,126,126,20,20,0.71447444741835864,0.99488425925925927,1,0,16959,0,1,1,1,0,0,0,0,1,0.80000000000000004,0.80000000000000004,1,1,0.33528135899794964,1,252,19,0,0,0,0,0
d000421,c_alex_chen,0,med-features-v2,18035,1,177.00733796296296,584,534,92,84,3.2992982478624486,0.73990740740740746,1,0,16970,0,1,1,1,0,0,0,0,1,0.88888888888888884,0.88888888888888884,1,1,0.44385858371886422,1,1118,25,0,0,0,0,0
d000422,c_noah,0,med-features-v2,18045,1,177.03430555555556,1450,1221,228,192,8.1905029392451389,0.024513888888888891,1,0,16977,0,1,1,4,1,1144,1,0.78896551724137931,1,0.40000000000000002,0.33333333333333337,1,0,0.60338774767997017,1,2671,17,0,0,0,0,0
d000422,c_elena,1,med-features-v2,18045,1,177.03430555555556,1297,153,204,24,7.3262636635868592,0.024513888888888891,1,0,16977,0,1,1,4,1,1144,1,0.88203546646106401,1,0.45454545454545459,0.80000000000000004,1,0,0.71574740711743956,1,1450,17,0,0,0,0,0
d000422,c_taylor,2,med-features-v2,18045,1,177.03430555555556,1069,154,168,24,6.0383776841745203,0.021712962962962962,1,0,16977,0,1,1,4,1,915,1,0.85594013096351729,1,0.46153846153846156,0.33333333333333337,1,0,0.73251217533878676,1,1223,17,0,0,0,0,0
d000422,c_chris,3,med-features-v2,18045,1,177.03430555555556,1297,382,204,60,7.3262636635868592,0.024166666666666666,1,0,16977,0,1,1,4,1,1144,1,0.88203546646106401,1,0.33333333333333337,0.33333333333333337,1,0,0.60643454118096585,1,1679,17,0,0,0,0,0
d000423,c_fac_016,0,med-features-v2,18055,1,177.06127314814816,126,126,20,20,0.71161806170101971,1.8998842592592593,1,0,16987,0,1,1,1,0,0,0,0,1,0.66666666666666674,0.66666666666666674,1,0,0.37926687559491085,1,252,16,0,0,0,0,0
d000424,c_fac_071,0,med-features-v2,18066,1,177.0882175925926,126,126,20,20,0.71150978711567558,1.7417361111111112,1,0,16998,0,1,1,1,0,0,0,0,1,0.83333333333333337,0.83333333333333337,1,1,0.43067504837969517,1,252,27,0,0,0,0,0
d000425,c_jamie_li,0,med-features-v2,18077,1,177.1151851851852,484,433,76,68,2.732684944511941,0.068634259259259256,1,0,17009,0,1,1,1,0,0,0,0,1,0.77777777777777779,0.77777777777777779,1,0,0.47157015158135723,1,917,15,0,0,0,0,0
d000426,c_hana,0,med-features-v2,18087,1,177.14215277777777,127,127,20,20,0.71693833460023282,0.85585648148148152,1,0,17013,0,1,1,1,0,0,0,0,1,0.38461538461538458,0.5,1,0,0.28227017697864132,1,254,14,0,0,0,0,0
d000427,c_fac_019,0,med-features-v2,18098,1,177.16909722222223,128,128,20,20,0.72247362551862138,1.0203703703703704,1,0,17024,0,1,1,1,0,0,0,0,1,0.75,0.75,1,0,0.27362294845280749,1,256,26,0,0,0,0,0
d000428,c_fac_038,0,med-features-v2,18109,1,177.1960648148148,127,127,20,20,0.71672020556848126,1.0176620370370371,1,0,17035,0,1,1,1,0,0,0,0,1,0.76923076923076916,0.76923076923076916,1,0,0.30498575716559051,1,254,15,0,0,0,0,0
d000429,c_fac_054,0,med-features-v2,18120,1,177.2230324074074,128,128,20,20,0.72225375145228565,1.0149537037037037,1,0,17046,0,1,1,1,0,0,0,0,1,0.80000000000000004,0.80000000000000004,1,1,0.29683595708275112,1,256,26,0,0,0,0,0
d000142,c_fac_002,0,med-features-v2,18127,1,177.2401851851852,127,127,20,20,0.71654179252468653,1.1265509259259259,1,0,17053,0,1,1,1,0,0,0,0,1,0.76923076923076916,0.76923076923076916,1,0,0.066789929073970064,1,254,26,0,0,0,0,0
d000072,c_morgan_shaw,0,med-features-v2,18131,1,177.25,485,485,76,76,2.7362482369534558,0.13201388888888888,1,0,17057,0,1,1,3,1,51,0.5,0.10515463917525773,1,0.81818181818181812,0.81818181818181812,1,1,0.25967622425290238,1,970,20,0,0,0,0,0
d000072,c_morgan_zhao,1,med-features-v2,18131,1,177.25,485,434,76,68,2.7362482369534558,0.12710648148148149,1,0,17057,0,1,1,3,1,51,0.5,0.10515463917525773,1,0.81818181818181812,0.81818181818181812,1,1,0.23444234796766425,1,919,20,0,0,0,0,0
d000072,c_pat,2,med-features-v2,18131,1,177.25,358,358,56,56,2.0197461212976022,0.11240740740740741,1,0,358,0,1,0,3,1,0,0,0,1,0.77777777777777779,0.33333333333333337,1,0,0.022554149979276922,1,716,20,0,0,0,0,0
d000430,c_noah,0,med-features-v2,256,1,177.24252314814814,101,331,16,52,0.56984068047586511,0.13479166666666667,1,0,256,0,1,1,1,0,0,0,0,1,0.40000000000000002,0.33333333333333337,1,0,0.5979875042868591,1,432,15,0,0,0,0,0
d000431,c_fac_056,0,med-features-v2,18143,1,177.28185185185185,127,127,20,20,0.71637338325035882,0.200625,1,0,17069,0,1,1,1,0,0,0,0,1,0.75,0.75,1,0,0.43688504769897496,1,254,27,0,0,0,0,0
d000432,c_jamie_lee,0,med-features-v2,18154,1,177.30881944444445,486,486,76,76,2.7409804065176613,0.060925925925925925,1,0,17080,0,1,1,1,0,0,0,0,1,0.77777777777777779,0.77777777777777779,1,0,0.35683610957171652,1,972,17,0,0,0,0,0
d000433,c_fac_064,0,med-features-v2,18164,1,177.33576388888889,128,128,20,20,0.72179461825985314,1.1115046296296296,1,0,17087,0,1,1,1,0,0,0,0,1,0.66666666666666674,0.66666666666666674,1,0,0.26981982403550248,1,256,26,0,0,0,0,0
d000434,c_fac_083,0,med-features-v2,18175,1,177.36273148148149,127,127,20,20,0.71604670800449488,1.0008796296296296,1,0,17098,0,1,1,1,0,0,0,0,1,0.63636363636363635,0.63636363636363635,1,0,0.3095644848063816,1,254,15,0,0,0,0,0
d000435,c_noah,0,med-features-v2,18184,1,178.01583333333335,1460,1229,228,192,8.2015176552647464,0.015486111111111112,1,0,17107,0,1,1,1,0,0,0,0,1,0.40000000000000002,0.33333333333333337,1,0,0.55192422205853264,1,2689,15,0,0,0,0,0
d000436,c_morgan_shaw,0,med-features-v2,18193,1,178.04488425925925,487,487,76,76,2.7352653350649332,0.72837962962962965,1,0,17116,0,1,1,1,0,0,0,0,1,0.81818181818181812,0.81818181818181812,1,1,0.23538441640242094,1,974,14,0,0,0,0,0
d000437,c_fac_027,0,med-features-v2,18204,1,178.07393518518518,127,127,20,20,0.71318691232340292,1.9144212962962963,1,0,17124,0,1,1,1,0,0,0,0,1,0.75,0.75,1,0,0.35237298703016312,1,254,18,0,0,0,0,0
d000438,c_fac_082,0,med-features-v2,18215,1,178.10298611111111,127,127,20,20,0.71307058221230457,1.7438425925925927,1,0,17135,0,1,1,1,0,0,0,0,1,0.69230769230769229,0.69230769230769229,1,0,0.37726067808001618,1,254,27,0,0,0,0,0
d000232,c_noah,0,med-features-v2,18217,1,178.1082638888889,1462,1231,228,192,8.2084905443357439,0.081527777777777782,1,0,17137,0,1,1,5,1,1155,0.75,0.79001367989056093,1,0.40000000000000002,0.33333333333333337,1,0,0.60333475091717415,1,2693,17,0,0,0,0,0
d000232,c_elena,1,med-features-v2,18217,1,178.1082638888889,1309,154,204,24,7.3494624641145618,0.081875000000000003,1,0,17137,0,1,1,5,1,1155,0.75,0.88235294117647056,1,0.45454545454545459,0.80000000000000004,1,0,0.71542940825399415,1,1463,17,0,0,0,0,0
d000232,c_taylor,2,med-features-v2,18217,1,178.1082638888889,1080,156,168,24,6.0637276250907002,0.081875000000000003,1,0,17137,0,1,1,5,1,924,0.75,0.85555555555555551,1,0.46153846153846156,0.33333333333333337,1,0,0.73182693057824688,1,1236,17,0,0,0,0,0
d000232,c_chris,3,med-features-v2,18217,1,178.1082638888889,1309,385,204,60,7.3494624641145618,0.081875000000000003,1,0,17137,0,1,1,5,1,1155,0.75,0.88235294117647056,1,0.33333333333333337,0.33333333333333337,1,0,0.60665228921043179,1,1694,17,0,0,0,0,0
d000232,c_jamie_li,4,med-features-v2,18217,1,178.1082638888889,488,436,76,68,2.7399065565224645,0.068310185185185182,1,0,17137,0,1,1,5,1,0,0,0,1,0.77777777777777779,0.77777777777777779,1,0,0.15569117916405711,1,924,17,0,0,0,0,0
d000439,c_fac_009,0,med-features-v2,18227,1,178.13467592592593,129,129,20,20,0.72417118862159269,0.97993055555555553,1,0,17147,0,1,1,1,0,0,0,0,1,0.69230769230769229,0.69230769230769229,1,0,0.28878633886017802,1,258,15,0,0,0,0,0
d000440,c_fac_026,0,med-features-v2,18238,1,178.16372685185186,128,128,20,20,0.71844029231851214,0.8962268518518518,1,0,17158,0,1,1,1,0,0,0,0,1,0.76923076923076916,0.76923076923076916,1,0,0.31463443123593499,1,256,25,0,0,0,0,0
d000441,c_fac_045,0,med-features-v2,18249,1,178.19277777777779,128,128,20,20,0.71832316436318966,0.98166666666666669,1,0,17169,0,1,1,1,0,0,0,0,1,0.76923076923076916,0.76923076923076916,1,0,0.28374417615221559,1,256,14,0,0,0,0,0
d000442,c_fac_061,0,med-features-v2,18260,1,178.22182870370369,128,128,20,20,0.71820607459258989,0.93717592592592591,1,0,17180,0,1,1,1,0,0,0,0,1,0.75,0.75,1,0,0.27840130166763277,1,256,25,0,0,0,0,0
d000443,c_avery,0,med-features-v2,18267,1,178.25087962962962,103,103,16,16,0.57783726068569086,0.22942129629629629,1,0,17187,0,1,1,2,1,103,1,1,1,0.5,0.30000000000000004,1,0,0.45476901351412286,1,206,25,0,0,0,0,0
d000443,c_devon,1,med-features-v2,18267,1,178.25087962962962,103,0,16,0,0.57783726068569086,0.22976851851851851,1,0,17187,0,1,1,2,1,103,1,1,1,0.45454545454545459,0.40000000000000002,1,0,0.59225108385291803,1,103,25,0,0,0,0,0
d000444,c_pat,0,med-features-v2,18278,1,178.27990740740742,360,360,56,56,2.0192965389942885,0.22675925925925927,1,0,360,0,1,0,1,0,0,0,0,1,0.77777777777777779,0.33333333333333337,1,0,0.29147912168996754,1,720,15,0,0,0,0,0
d000445,c_fac_032,0,med-features-v2,18289,1,178.30895833333332,128,128,20,20,0.7178551273947491,0.23203703703703704,1,0,17206,0,1,1,1,0,0,0,0,1,0.76923076923076916,0.76923076923076916,1,0,0.43178320118162061,1,256,27,0,0,0,0,0
d000446,c_fac_082,0,med-features-v2,18300,1,178.33800925925925,128,128,20,20,0.71773819014610474,0.23467592592592593,1,0,17217,0,1,1,1,0,0,0,0,1,0.69230769230769229,0.69230769230769229,1,0,0.42154288362627662,1,256,16,0,0,0,0,0
d000447,c_fac_085,0,med-features-v2,18311,1,178.36706018518518,128,128,20,20,0.71762129098897054,0.99907407407407411,1,0,17228,0,1,1,1,0,0,0,0,1,0.75,0.75,1,0,0.25007412797752143,1,256,14,0,0,0,0,0
d000448,c_elena,0,med-features-v2,1675,1,179.01925925925926,335,335,52,52,1.8713070391764179,0.77368055555555559,1,0,1675,0,1,1,3,1,231,1,0.68955223880597016,1,0.45454545454545459,0.80000000000000004,1,0,0.53468402034393925,1,670,28,0,0,0,0,0
d000448,c_taylor,1,med-features-v2,1675,1,179.01925925925926,333,102,52,16,1.8601350568529766,1.7083333333333333,1,0,1675,0,1,1,3,1,231,1,0.69369369369369371,1,0.46153846153846156,0.33333333333333337,1,0,0.63994534505881806,1,435,28,0,0,0,0,0
d000448,c_lena,2,med-features-v2,1675,1,179.01925925925926,231,0,36,0,1.2903639583574704,1.7083333333333333,1,0,1675,0,1,1,3,1,231,1,1,1,0.46153846153846156,0.80000000000000004,1,0,0.6954704883266779,1,231,28,0,0,0,0,0
d000449,c_marcus,0,med-features-v2,18331,1,179.04655092592591,334,102,52,16,1.8654366603140013,0.036759259259259262,1,0,17245,0,1,1,1,0,0,0,0,1,0.41666666666666663,0.33333333333333337,1,0,0.59729077242652728,1,436,14,0,0,0,0,0
d000450,c_fac_033,0,med-features-v2,18341,1,179.07351851851851,128,128,20,20,0.71479022168631345,1.8844675925925927,1,0,17255,0,1,1,1,0,0,0,0,1,0.69230769230769229,0.69230769230769229,1,0,0.32232749979429554,1,256,16,0,0,0,0,0
d000451,c_fac_088,0,med-features-v2,18352,1,179.10048611111111,128,128,20,20,0.7146825939969299,1.7300462962962964,1,0,17266,0,1,1,1,0,0,0,0,1,0.63636363636363635,0.63636363636363635,1,0,0.39068397913025094,1,256,16,0,0,0,0,0
d000452,c_morgan_zhao,0,med-features-v2,18362,1,179.12743055555555,491,439,76,68,2.7410653883505498,0.070717592592592596,1,0,17276,0,1,1,1,0,0,0,0,1,0.81818181818181812,0.81818181818181812,1,1,0.40387447412812877,1,930,25,0,0,0,0,0
d000453,c_fac_011,0,med-features-v2,18373,1,179.15439814814815,129,129,20,20,0.72004930570181158,1.0140972222222222,1,0,17284,0,1,1,1,0,0,0,0,1,0.66666666666666674,0.66666666666666674,1,0,0.33749390840477073,1,258,19,0,0,0,0,0
d000454,c_fac_030,0,med-features-v2,18384,1,179.18136574074074,129,129,20,20,0.71994093507832368,1.012013888888889,1,0,17295,0,1,1,1,0,0,0,0,1,0.81818181818181812,0.81818181818181812,1,1,0.32910876012891227,1,258,15,0,0,0,0,0
d000455,c_fac_046,0,med-features-v2,18395,1,179.20833333333334,129,129,20,20,0.71983259707044867,1.0125694444444444,1,0,17306,0,1,1,1,0,0,0,0,1,0.81818181818181812,0.81818181818181812,1,1,0.29494186397299887,1,258,19,0,0,0,0,0
d000456,c_noah,0,med-features-v2,18406,1,179.23527777777778,1477,1244,228,192,8.2405652409077454,0.031504629629629632,1,0,17317,0,1,1,4,1,1166,1,0.78943805010155721,1,0.40000000000000002,0.33333333333333337,1,0,0.60792761391983874,1,2721,17,0,0,0,0,0
d000456,c_elena,1,med-features-v2,18406,1,179.23527777777778,1322,156,204,24,7.3757801276100468,0.031851851851851853,1,0,17317,0,1,1,4,1,1166,1,0.88199697428139179,1,0.45454545454545459,0.80000000000000004,1,0,0.73681523171638397,1,1478,17,0,0,0,0,0
d000456,c_taylor,2,med-features-v2,18406,1,179.23527777777778,1089,156,168,24,6.0758128282657644,0.031851851851851853,1,0,17317,0,1,1,4,1,933,1,0.85674931129476584,1,0.46153846153846156,0.33333333333333337,1,0,0.75591030562702666,1,1245,17,0,0,0,0,0
d000456,c_chris,3,med-features-v2,18406,1,179.23527777777778,1322,389,204,60,7.3757801276100468,0.031851851851851853,1,0,17317,0,1,1,4,1,1166,1,0.88199697428139179,1,0.33333333333333337,0.33333333333333337,1,0,0.62642477620456194,1,1711,17,0,0,0,0,0
d000457,c_fac_008,0,med-features-v2,18415,1,179.26224537037038,129,129,20,20,0.71961611176673324,0.200625,1,0,17326,0,1,1,1,0,0,0,0,1,0.76923076923076916,0.76923076923076916,1,0,0.3347379293682336,1,258,16,0,0,0,0,0
d000458,c_fac_063,0,med-features-v2,18426,1,179.28921296296295,129,129,20,20,0.71950787148944895,0.20064814814814816,1,0,17337,0,1,1,1,0,0,0,0,1,0.75,0.75,1,0,0.42091552300817936,1,258,27,0,0,0,0,0
d000459,c_morgan_shaw,0,med-features-v2,18436,1,179.31615740740742,493,493,76,76,2.7493339536598533,0.19571759259259258,1,0,17347,0,1,1,1,0,0,0,0,1,0.81818181818181812,0.81818181818181812,1,1,0.34631589759235326,1,986,18,0,0,0,0,0
d000460,c_fac_067,0,med-features-v2,18447,1,179.34312499999999,129,129,20,20,0.7192915814308467,1.0126851851851852,1,0,17355,0,1,1,1,0,0,0,0,1,0.72727272727272729,0.72727272727272729,1,0,0.23134441673552153,1,258,14,0,0,0,0,0
d000461,c_fac_086,0,med-features-v2,18458,1,179.37009259259258,129,129,20,20,0.71918343875196999,1.0000462962962964,1,0,17366,0,1,1,1,0,0,0,0,1,0.75,0.75,1,0,0.25750103622228421,1,258,14,0,0,0,0,0
d000462,c_elena,0,med-features-v2,1691,1,182.02127314814814,338,338,52,52,1.8569258095722685,2.7124537037037038,1,0,1691,0,1,1,3,1,234,1,0.69230769230769229,1,0.45454545454545459,0.80000000000000004,1,0,0.53716450071959765,1,676,28,0,0,0,0,0
d000462,c_taylor,1,med-features-v2,1691,1,182.02127314814814,338,104,52,16,1.8569258095722685,2.7128009259259258,1,0,1691,0,1,1,3,1,234,1,0.69230769230769229,1,0.46153846153846156,0.33333333333333337,1,0,0.64335291762917746,1,442,28,0,0,0,0,0
d000462,c_lena,2,med-features-v2,1691,1,182.02127314814814,234,0,36,0,1.2855640220115705,2.7128009259259258,1,0,1691,0,1,1,3,1,234,1,1,1,0.46153846153846156,0.80000000000000004,1,0,0.69997745049060378,1,234,28,0,0,0,0,0
d000463,c_avery,0,med-features-v2,18478,1,182.04805555555555,104,104,16,16,0.5712777303917006,3.7968287037037038,1,0,17383,0,1,1,2,1,104,1,1,1,0.5,0.30000000000000004,1,0,0.55211832906252478,1,208,19,0,0,0,0,0
d000463,c_devon,1,med-features-v2,18478,1,182.04805555555555,104,0,16,0,0.5712777303917006,3.7971759259259259,1,0,17383,0,1,1,2,1,104,1,1,1,0.45454545454545459,0.40000000000000002,1,0,0.70645536547058851,1,104,19,0,0,0,0,0
d000464,c_fac_034,0,med-features-v2,18489,1,182.0745138888889,130,130,20,20,0.71399339327267186,3.8998842592592591,1,0,17394,0,1,1,1,0,0,0,0,1,0.7142857142857143,0.7142857142857143,1,0,0.45778715032509665,1,260,27,0,0,0,0,0
d000465,c_fac_089,0,med-features-v2,18500,1,182.10094907407407,130,130,20,20,0.71388974445772535,3.7282638888888888,1,0,17405,0,1,1,1,0,0,0,0,1,0.80000000000000004,0.80000000000000004,1,1,0.37285239732340397,1,260,27,0,0,0,0,0
d000466,c_noah,0,med-features-v2,18510,1,182.12738425925926,1489,1253,228,192,8.1755964708766751,0.014421296296296297,1,0,17415,0,1,1,1,0,0,0,0,1,0.40000000000000002,0.33333333333333337,1,0,0.54753508842788379,1,2742,15,0,0,0,0,0
d000467,c_fac_011,0,med-features-v2,18521,1,182.15384259259258,130,130,20,20,0.71368244638549583,2.9990972222222223,1,0,17423,0,1,1,1,0,0,0,0,1,0.66666666666666674,0.66666666666666674,1,0,0.30787389646354868,1,260,15,0,0,0,0,0
d000468,c_fac_028,0,med-features-v2,18532,1,182.18027777777777,130,130,20,20,0.71357888782326417,2.9078935185185184,1,0,17434,0,1,1,1,0,0,0,0,1,0.75,0.75,1,0,0.25135231306946682,1,260,25,0,0,0,0,0
d000469,c_fac_046,0,med-features-v2,18543,1,182.20671296296297,130,130,20,20,0.71347535931030714,2.9980324074074076,1,0,17445,0,1,1,1,0,0,0,0,1,0.81818181818181812,0.81818181818181812,1,1,0.3497446306494752,1,260,15,0,0,0,0,0
d000073,c_fac_047,0,med-features-v2,18544,1,182.20912037037036,130,130,20,20,0.71346593263692493,2.9980092592592591,1,0,17446,0,1,1,2,1,0,0,0,1,0.84615384615384615,0.84615384615384615,1,1,0.26423599952886956,1,260,19,0,0,0,0,0
d000073,c_ren,1,med-features-v2,18544,1,182.20912037037036,366,366,56,56,2.0086810103470349,0.071759259259259259,1,0,366,0,1,0,2,1,0,0,0,1,0.54545454545454541,0.5,1,0,0.024443630555140004,1,732,19,0,0,0,0,0
d000470,c_priya,0,med-features-v2,18555,1,182.23555555555555,261,261,40,40,1.4322122771504524,0.19675925925925927,1,0,17457,0,1,1,1,0,0,0,0,1,0.45454545454545459,0.40000000000000002,1,0,0.45681237059780433,1,522,24,0,0,0,0,0
d000471,c_fac_014,0,med-features-v2,18565,1,182.2620138888889,131,131,20,20,0.71874548736118216,0.19678240740740741,1,0,17467,0,1,1,1,0,0,0,0,1,0.76923076923076916,0.76923076923076916,1,0,0.40615260041427531,1,262,16,0,0,0,0,0
d000472,c_fac_069,0,med-features-v2,18576,1,182.28844907407407,131,131,20,20,0.71864125601709039,0.19675925925925927,1,0,17478,0,1,1,1,0,0,0,0,1,0.75,0.75,1,0,0.40962703304449155,1,262,16,0,0,0,0,0
d000473,c_jamie_lee,0,med-features-v2,18586,1,182.31488425925926,498,498,76,76,2.7315378117555311,0.064537037037037032,1,0,17488,0,1,1,1,0,0,0,0,1,0.77777777777777779,0.77777777777777779,1,0,0.36465723768297148,1,996,17,0,0,0,0,0
d000474,c_fac_067,0,med-features-v2,18597,1,182.34134259259258,130,130,20,20,0.71294857299839309,2.9978703703703702,1,0,17496,0,1,1,1,0,0,0,0,1,0.72727272727272729,0.72727272727272729,1,0,0.30372950284493011,1,260,14,0,0,0,0,0
d000475,c_fac_086,0,med-features-v2,18608,1,182.36777777777777,130,130,20,20,0.71284522728795907,2.9973379629629631,1,0,17507,0,1,1,1,0,0,0,0,1,0.75,0.75,1,0,0.33054457112649349,1,260,15,0,0,0,0,0
d000476,c_alex_chan,0,med-features-v2,18616,1,183.02157407407407,499,499,76,76,2.7264545315190025,0.71835648148148146,1,0,17515,0,1,1,1,0,0,0,0,1,0.88888888888888884,0.88888888888888884,1,1,0.22177583269896012,1,998,14,0,0,0,0,0
d000477,c_pat,0,med-features-v2,18626,1,183.05125000000001,367,367,56,56,2.0049029984772022,0.72159722222222222,1,0,367,0,1,0,1,0,0,0,0,1,0.77777777777777779,0.33333333333333337,1,0,0.27760869137574773,1,734,14,0,0,0,0,0
d000478,c_fac_040,0,med-features-v2,18637,1,183.08092592592592,130,130,20,20,0.71006850846164971,3.8845138888888888,1,0,17533,0,1,1,1,0,0,0,0,1,0.66666666666666674,0.66666666666666674,1,0,0.36041014778457625,1,260,18,0,0,0,0,0
d000479,c_sam,0,med-features-v2,18648,1,183.11060185185184,132,132,20,20,0.72087579127065737,0.85546296296296298,1,0,17544,0,1,1,1,0,0,0,0,1,0.45454545454545459,0.33333333333333337,1,0,0.26973392246215105,1,264,15,0,0,0,0,0
d000480,c_fac_014,0,med-features-v2,18659,1,183.14027777777778,132,132,20,20,0.720758981048225,0.87791666666666668,1,0,17555,0,1,1,1,0,0,0,0,1,0.76923076923076916,0.76923076923076916,1,0,0.27910544987534608,1,264,15,0,0,0,0,0
d000202,c_dir_091,0,med-features-v2,18669,1,183.16724537037038,0,0,0,0,0,3650,0,1,17565,0,1,1,1,0,0,0,0,0,0.72727272727272729,0.72727272727272729,1,0,0,0,0,15,0,0,0,0,0
d000481,c_fac_034,0,med-features-v2,18671,1,183.17263888888888,132,132,20,20,0.72063164455511386,0.90067129629629628,1,0,17567,0,1,1,1,0,0,0,0,1,0.7142857142857143,0.7142857142857143,1,0,0.27891878483297511,1,264,25,0,0,0,0,0
d000233,c_noah,0,med-features-v2,18682,1,183.20233796296296,1501,1264,228,192,8.1931268819475935,0.080601851851851855,1,0,17578,0,1,1,5,1,1184,1,0.78880746169220517,1,0.40000000000000002,0.33333333333333337,1,0,0.60780306150000085,1,2765,17,0,0,0,0,0
d000233,c_elena,1,med-features-v2,18682,1,183.20233796296296,1342,158,204,24,7.3252340276973156,0.083287037037037034,1,0,17578,0,1,1,5,1,1184,1,0.8822652757078987,1,0.45454545454545459,0.80000000000000004,1,0,0.73846734095492494,1,1500,17,0,0,0,0,0
d000233,c_taylor,2,med-features-v2,18682,1,183.20233796296296,1106,159,168,24,6.0370408603824375,0.094444444444444442,1,0,17578,0,1,1,5,1,947,1,0.85623869801084995,1,0.46153846153846156,0.33333333333333337,1,0,0.75605695119530036,1,1265,17,0,0,0,0,0
d000233,c_chris,3,med-features-v2,18682,1,183.20233796296296,1343,396,204,60,7.3306924733215313,0.094444444444444442,1,0,17578,0,1,1,5,1,1184,1,0.88160833953834694,1,0.33333333333333337,0.33333333333333337,1,0,0.62662455455358113,1,1739,17,0,0,0,0,0
d000233,c_lena,4,med-features-v2,18682,1,183.20233796296296,314,156,48,24,1.7139519260036939,0.95956018518518515,1,0,17578,0,1,1,5,1,158,1,0.50318471337579618,1,0.46153846153846156,0.80000000000000004,1,0,0.60484495721648657,1,470,17,0,0,0,0,0
d000482,c_fac_053,0,med-features-v2,18683,1,183.20502314814814,131,131,20,20,0.71504589638935434,0.98592592592592587,1,0,17579,0,1,1,1,0,0,0,0,1,0.75,0.75,1,0,0.27441785235892063,1,262,19,0,0,0,0,0
d000483,c_noah,0,med-features-v2,18694,1,183.23469907407409,1502,1265,228,192,8.1971373740341864,0.03201388888888889,1,0,17590,0,1,1,4,1,1185,1,0.78894806924101202,1,0.40000000000000002,0.33333333333333337,1,0,0.6036178529748879,1,2767,17,0,0,0,0,0
d000483,c_elena,1,med-features-v2,18694,1,183.23469907407409,1343,158,204,24,7.3293977984872916,0.032361111111111111,1,0,17590,0,1,1,4,1,1185,1,0.88235294117647056,1,0.45454545454545459,0.80000000000000004,1,0,0.71530356173867293,1,1501,17,0,0,0,0,0
d000483,c_taylor,2,med-features-v2,18694,1,183.23469907407409,1107,159,168,24,6.041432139184983,0.032361111111111111,1,0,17590,0,1,1,4,1,948,1,0.85636856368563685,1,0.46153846153846156,0.33333333333333337,1,0,0.7327801610076764,1,1266,17,0,0,0,0,0
d000483,c_chris,3,med-features-v2,18694,1,183.23469907407409,1344,396,204,60,7.334855280094505,0.032361111111111111,1,0,17590,0,1,1,4,1,1185,1,0.8816964285714286,1,0.33333333333333337,0.33333333333333337,1,0,0.60630006188402241,1,1740,17,0,0,0,0,0
d000143,c_fac_003,0,med-features-v2,18695,1,183.2374074074074,132,132,20,20,0.72037692449180479,0.12106481481481482,1,0,17591,0,1,1,1,0,0,0,0,1,0.75,0.75,1,0,0.017749554665691423,1,264,18,0,0,0,0,0
d000321,c_fac_009,0,med-features-v2,18698,1,183.25431712962964,133,133,20,20,0.72576734934936915,0.12179398148148148,1,0,17594,0,1,1,1,0,0,0,0,1,0.69230769230769229,0.69230769230769229,1,0,0.077652343412193681,1,266,17,0,0,0,0,0
d000484,c_alex_chen,0,med-features-v2,18703,1,183.26708333333335,606,554,92,84,3.306649448323371,0.010462962962962962,1,0,17599,0,1,1,1,0,0,0,0,1,0.88888888888888884,0.88888888888888884,1,1,0.27166130468086375,1,1160,15,0,0,0,0,0
d000485,c_elena,0,med-features-v2,18714,1,183.29675925925926,1344,158,204,24,7.3323718620633915,0.062060185185185184,1,0,17607,0,1,1,1,0,0,0,0,1,0.45454545454545459,0.80000000000000004,1,0,0.54902885135222468,1,1502,15,0,0,0,0,0
d000486,c_fac_060,0,med-features-v2,18725,1,183.32643518518518,131,131,20,20,0.71457234123203128,0.234375,1,0,17618,0,1,1,1,0,0,0,0,1,0.69230769230769229,0.69230769230769229,1,0,0.38923885558227667,1,262,18,0,0,0,0,0
d000487,c_fac_079,0,med-features-v2,18736,1,183.35611111111112,132,132,20,20,0.71991055656721437,1.0625,1,0,17629,0,1,1,1,0,0,0,0,1,0.83333333333333337,0.83333333333333337,1,1,0.2433290907259702,1,264,14,0,0,0,0,0
d000301,c_new_170,0,med-features-v2,18743,1,183.39959490740742,0,0,0,0,0,3650,0,1,17636,0,1,1,1,0,0,0,0,0,0.63636363636363635,0.63636363636363635,1,0,0,0,0,21,0,0,0,0,0
d000311,c_new_180,0,med-features-v2,18744,1,183.42107638888888,0,0,0,0,0,3650,0,1,0,1,0,0,1,0,0,0,0,0,0.66666666666666674,0.66666666666666674,1,0,0,0,0,21,0,0,0,0,0
d000367,c_noah,0,med-features-v2,18745,1,183.50984953703704,1505,1268,228,192,8.2011946704596479,0.1965625,1,0,17637,0,1,1,1,0,0,0,0,1,0.40000000000000002,0.33333333333333337,1,0,0,0,2773,0,0,1,1,1,0
d000357,c_maya,0,med-features-v2,0,0,0,0,0,0,0,0,3650,0,1,0,1,1,1,2,1,0,0,0,0,0.33333333333333337,0.5,1,0,0,0,0,14,0,0,0,0,0
d000357,c_noah,1,med-features-v2,0,0,0,0,0,0,0,0,3650,0,1,0,1,1,1,2,1,0,0,0,0,0.40000000000000002,0.33333333333333337,1,0,0,0,0,14,0,0,0,0,0
d000488,c_chris,0,med-features-v2,18751,1,184.00979166666667,1347,396,204,60,7.3202626218939884,0.0097916666666666673,1,0,17643,0,1,1,4,1,1188,1,0.8819599109131403,1,0.33333333333333337,0.33333333333333337,1,0,0.46334210287451111,1,1743,16,0,0,0,0,0
d000488,c_noah,1,med-features-v2,18751,1,184.00979166666667,1507,1269,229,192,8.1897815673305434,0.0094444444444444445,1,0,17643,0,1,1,4,1,1188,1,0.78832116788321172,1,0.40000000000000002,0.33333333333333337,1,0,0.21064708201111282,1,2775,16,0,0,0,0,0
d000488,c_elena,2,med-features-v2,18751,1,184.00979166666667,1347,159,204,24,7.3202626218939884,0.0097916666666666673,1,0,17643,0,1,1,4,1,1188,1,0.8819599109131403,1,0.45454545454545459,0.80000000000000004,1,0,0.31998894219672497,1,1506,16,0,0,0,0,0
d000488,c_marcus,3,med-features-v2,18751,1,184.00979166666667,343,106,52,16,1.8640312392796126,0.75856481481481486,1,0,17643,0,1,1,4,1,237,1,0.69096209912536444,1,0.41666666666666663,0.33333333333333337,1,0,0.67834343217944604,1,449,16,0,0,0,0,0
d000489,c_priya,0,med-features-v2,18761,1,184.03675925925927,264,264,40,40,1.4344960271121359,0.79900462962962959,1,0,17650,0,1,1,1,0,0,0,0,1,0.45454545454545459,0.40000000000000002,1,0,0.36617923054315749,1,528,18,0,0,0,0,0
d000490,c_fac_021,0,med-features-v2,18771,1,184.06370370370371,131,131,20,20,0.7117101164653139,1.8950925925925926,1,0,17660,0,1,1,1,0,0,0,0,1,0.76923076923076916,0.76923076923076916,1,0,0.38758481086779045,1,262,18,0,0,0,0,0
d000491,c_fac_076,0,med-features-v2,18782,1,184.09067129629631,131,131,20,20,0.71160585746984328,1.7369675925925927,1,0,17671,0,1,1,1,0,0,0,0,1,0.72727272727272729,0.72727272727272729,1,0,0.36837626760463998,1,262,18,0,0,0,0,0
d000492,c_morgan_shaw,0,med-features-v2,18793,1,184.11763888888888,503,503,76,76,2.7319490030151319,0.068287037037037035,1,0,17682,0,1,1,1,0,0,0,0,1,0.81818181818181812,0.81818181818181812,1,1,0.35067618328153349,1,1006,18,0,0,0,0,0
d000493,c_fac_003,0,med-features-v2,18803,1,184.14460648148147,132,132,20,20,0.71682794583111831,1.0282638888888889,1,0,17686,0,1,1,1,0,0,0,0,1,0.75,0.75,1,0,0.3459972074337706,1,264,15,0,0,0,0,0
d000494,c_fac_020,0,med-features-v2,18814,1,184.17155092592591,132,132,20,20,0.71672307333226837,0.86905092592592592,1,0,17697,0,1,1,1,0,0,0,0,1,0.81818181818181812,0.81818181818181812,1,1,0.25632300882604625,1,264,15,0,0,0,0,0
d000495,c_fac_039,0,med-features-v2,18825,1,184.19851851851851,133,133,20,20,0.72204706677176,1.0174305555555556,1,0,17708,0,1,1,1,0,0,0,0,1,0.76923076923076916,0.76923076923076916,1,0,0.26980746627868857,1,266,19,0,0,0,0,0
d000496,c_fac_055,0,med-features-v2,18836,1,184.22548611111111,132,132,20,20,0.71651324030371899,0.90141203703703698,1,0,17719,0,1,1,1,0,0,0,0,1,0.83333333333333337,0.83333333333333337,1,1,0.26591506629902451,1,264,14,0,0,0,0,0
d000497,c_fac_001,0,med-features-v2,18847,1,184.25243055555555,132,132,20,20,0.71640845986126378,0.200625,1,0,17730,0,1,1,1,0,0,0,0,1,0.75,0.75,1,0,0.33795218406572769,1,264,18,0,0,0,0,0
d000498,c_fac_051,0,med-features-v2,18857,1,184.27939814814815,132,132,20,20,0.71630362008172477,0.200625,1,0,17740,0,1,1,1,0,0,0,0,1,0.72727272727272729,0.72727272727272729,1,0,0.40366565241878805,1,264,16,0,0,0,0,0
d000004,c_alex_chen,0,med-features-v2,18867,1,184.30391203703704,611,557,92,84,3.3151765106169622,0.061273148148148146,1,0,17750,0,1,1,1,0,0,0,0,1,0.88888888888888884,0.88888888888888884,1,1,0.25432241322728988,1,1168,24,0,0,0,0,0
d000499,c_jamie_lee,0,med-features-v2,18869,1,184.30881944444445,505,505,76,76,2.7399665491982619,0.060925925925925925,1,0,17752,0,1,1,1,0,0,0,0,1,0.77777777777777779,0.77777777777777779,1,0,0.36578792934272475,1,1010,18,0,0,0,0,0
d000500,c_fac_064,0,med-features-v2,18879,1,184.33576388888889,133,133,20,20,0.7215094737674872,1.1115046296296296,1,0,17759,0,1,1,1,0,0,0,0,1,0.66666666666666674,0.66666666666666674,1,0,0.28184491898673264,1,266,14,0,0,0,0,0
d000501,c_fac_083,0,med-features-v2,18890,1,184.36273148148149,132,132,20,20,0.71597984548877702,1.0008796296296296,1,0,17770,0,1,1,1,0,0,0,0,1,0.63636363636363635,0.63636363636363635,1,0,0.31991041586489782,1,264,15,0,0,0,0,0
d000502,c_noah,0,med-features-v2,18899,1,185.01583333333335,1518,1277,229,192,8.2047032010773844,0.015486111111111112,1,0,17779,0,1,1,1,0,0,0,0,1,0.40000000000000002,0.33333333333333337,1,0,0.5468035151184264,1,2794,15,0,0,0,0,0
d000503,c_morgan_shaw,0,med-features-v2,18908,1,185.04488425925925,506,506,76,76,2.7344717041248376,0.72837962962962965,1,0,17788,0,1,1,1,0,0,0,0,1,0.81818181818181812,0.81818181818181812,1,1,0.23714826537487863,1,1012,14,0,0,0,0,0
d000504,c_fac_027,0,med-features-v2,18919,1,185.07393518518518,132,132,20,20,0.71322847200455675,1.9144212962962963,1,0,17796,0,1,1,1,0,0,0,0,1,0.75,0.75,1,0,0.40889096329919339,1,264,27,0,0,0,0,0
d000505,c_fac_082,0,med-features-v2,18930,1,185.10298611111111,132,132,20,20,0.71311653460179636,1.7438425925925927,1,0,17807,0,1,1,1,0,0,0,0,1,0.69230769230769229,0.69230769230769229,1,0,0.36816843341770877,1,264,18,0,0,0,0,0
d000506,c_fac_006,0,med-features-v2,18941,1,185.13203703703704,133,133,20,20,0.71840618257439881,0.87435185185185182,1,0,17818,0,1,1,1,0,0,0,0,1,0.81818181818181812,0.81818181818181812,1,1,0.30487526542128895,1,266,25,0,0,0,0,0
d000074,c_fac_015,0,med-features-v2,18946,1,185.14523148148149,133,133,20,20,0.71835498508803275,0.98067129629629635,1,0,17823,0,1,1,2,1,0,0,0,1,0.76923076923076916,0.76923076923076916,1,0,0.29606663091568225,1,266,19,0,0,0,0,0
d000074,c_lee,1,med-features-v2,18946,1,185.14523148148149,374,374,56,56,2.0200358227287536,0.094722222222222222,1,0,374,0,1,0,2,1,0,0,0,1,0.5,0.5,1,0,0.024361070804512452,1,748,19,0,0,0,0,0
d000507,c_fac_026,0,med-features-v2,18953,1,185.16372685185186,133,133,20,20,0.71828323106940017,0.8962268518518518,1,0,17830,0,1,1,1,0,0,0,0,1,0.76923076923076916,0.76923076923076916,1,0,0.23050003940621877,1,266,14,0,0,0,0,0
d000508,c_fac_045,0,med-features-v2,18964,1,185.19277777777779,133,133,20,20,0.71817055500724469,0.98166666666666669,1,0,17841,0,1,1,1,0,0,0,0,1,0.76923076923076916,0.76923076923076916,1,0,0.30581613957972581,1,266,19,0,0,0,0,0
d000509,c_fac_061,0,med-features-v2,18975,1,185.22182870370369,133,133,20,20,0.71805791429020982,0.93717592592592591,1,0,17852,0,1,1,1,0,0,0,0,1,0.75,0.75,1,0,0.28397125939553858,1,266,25,0,0,0,0,0
d000144,c_fac_004,0,med-features-v2,18981,1,185.23766203703704,135,135,20,20,0.72879347814812978,0.11055555555555556,1,0,17858,0,1,1,1,0,0,0,0,1,0.75,0.75,1,0,0.075757552962717301,1,270,26,0,0,0,0,0
d000510,c_alex_chan,0,med-features-v2,18983,1,185.25351851851852,508,508,76,76,2.7421881325790785,0.21884259259259259,1,0,17860,0,1,1,1,0,0,0,0,1,0.88888888888888884,0.88888888888888884,1,1,0.22383134535557203,1,1016,14,0,0,0,0,0
d000511,c_ren,0,med-features-v2,18994,1,185.28256944444445,374,374,56,56,2.0185385010657519,0.22414351851851852,1,0,374,0,1,0,1,0,0,0,0,1,0.54545454545454541,0.5,1,0,0.24750714803459278,1,748,14,0,0,0,0,0
d000512,c_noah,0,med-features-v2,19005,1,185.31159722222222,1525,1284,229,192,8.2293824178270309,0.010208333333333333,1,0,17879,0,1,1,4,1,1203,1,0.78885245901639345,1,0.40000000000000002,0.33333333333333337,1,0,0.60398790314835571,1,2808,17,0,0,0,0,0
d000512,c_elena,1,med-features-v2,19005,1,185.31159722222222,1365,162,204,24,7.3659718034976374,0.015486111111111112,1,0,17879,0,1,1,4,1,1203,1,0.8813186813186813,1,0.45454545454545459,0.80000000000000004,1,0,0.71596600513451403,1,1527,17,0,0,0,0,0
d000512,c_taylor,2,med-features-v2,19005,1,185.31159722222222,1125,162,168,24,6.0708558820035474,0.076574074074074072,1,0,17879,0,1,1,4,1,963,1,0.85599999999999998,1,0.46153846153846156,0.33333333333333337,1,0,0.73193813088752524,1,1287,17,0,0,0,0,0
d000512,c_chris,3,med-features-v2,19005,1,185.31159722222222,1365,402,204,60,7.3659718034976374,0.012847222222222222,1,0,17879,0,1,1,4,1,1203,1,0.8813186813186813,1,0.33333333333333337,0.33333333333333337,1,0,0.60656165791644068,1,1767,17,0,0,0,0,0
d000513,c_fac_087,0,med-features-v2,19016,1,185.34064814814815,133,133,20,20,0.71759757683424763,0.23467592592592593,1,0,17890,0,1,1,1,0,0,0,0,1,0.75,0.75,1,0,0.38561845844531534,1,266,16,0,0,0,0,0
d000514,c_fac_086,0,med-features-v2,19027,1,185.36969907407408,133,133,20,20,0.71748511576777685,1.0384722222222222,1,0,17901,0,1,1,1,0,0,0,0,1,0.75,0.75,1,0,0.19284117179715465,1,266,14,0,0,0,0,0
d000005,c_jamie_li,0,med-features-v2,19034,1,186.01224537037038,508,454,76,68,2.7310029992300633,0.750462962962963,1,0,17908,0,1,1,1,0,0,0,0,1,0.77777777777777779,0.77777777777777779,1,0,0.25409188769574204,1,962,24,0,0,0,0,0
d000006,c_morgan_zhao,0,med-features-v2,19036,1,186.01715277777777,508,454,76,68,2.7309309513347597,0.74481481481481482,1,0,17910,0,1,1,1,0,0,0,0,1,0.81818181818181812,0.81818181818181812,1,1,0.25700580822362873,1,962,24,0,0,0,0,0
d000515,c_lee,0,med-features-v2,19039,1,186.02694444444444,375,375,56,56,2.0158370128580536,0.7519675925925926,1,0,375,0,1,0,1,0,0,0,0,1,0.5,0.5,1,0,0.44439700347290695,1,750,16,0,0,0,0,0
d000516,c_noah,0,med-features-v2,268,1,186.04155092592592,106,347,16,52,0.56976519208982956,0.034305555555555554,1,0,268,0,1,1,1,0,0,0,0,1,0.40000000000000002,0.33333333333333337,1,0,0.59837480184479874,1,453,15,0,0,0,0,0
d000517,c_fac_048,0,med-features-v2,19059,1,186.08087962962964,133,133,20,20,0.71474296695458239,1.8673148148148149,1,0,17930,0,1,1,1,0,0,0,0,1,0.75,0.75,1,0,0.4114443806764424,1,266,18,0,0,0,0,0
d000518,c_alex_chan,0,med-features-v2,19070,1,186.10782407407407,511,511,76,76,2.7457201358531456,0.1025925925925926,1,0,17941,0,1,1,1,0,0,0,0,1,0.88888888888888884,0.88888888888888884,1,1,0.3624234555645347,1,1022,18,0,0,0,0,0
d000519,c_ren,0,med-features-v2,19080,1,186.13479166666667,376,376,56,56,2.0200414797967872,0.1025925925925926,1,0,376,0,1,0,1,0,0,0,0,1,0.54545454545454541,0.5,1,0,0.45321826223406941,1,752,16,0,0,0,0,0
d000520,c_fac_016,0,med-features-v2,19091,1,186.16175925925927,134,134,20,20,0.71980411301004155,1.0135416666666666,1,0,17959,0,1,1,1,0,0,0,0,1,0.66666666666666674,0.66666666666666674,1,0,0.24536608433958371,1,268,14,0,0,0,0,0
d000521,c_fac_035,0,med-features-v2,19102,1,186.18870370370371,134,134,20,20,0.71969994599266573,1.0114351851851853,1,0,17970,0,1,1,1,0,0,0,0,1,0.66666666666666674,0.66666666666666674,1,0,0.30912604689467604,1,268,15,0,0,0,0,0
d000522,c_fac_051,0,med-features-v2,19113,1,186.21567129629631,134,134,20,20,0.71959571966843994,1.0093518518518518,1,0,17981,0,1,1,1,0,0,0,0,1,0.72727272727272729,0.72727272727272729,1,0,0.28107948208740507,1,268,14,0,0,0,0,0
d000523,c_hana,0,med-features-v2,242,1,186.1846064814815,107,107,16,16,0.57469842444059716,0.200625,1,0,242,0,1,1,1,0,0,0,0,1,0.38461538461538458,0.5,1,0,0.47001041433942592,1,214,18,0,0,0,0,0
d000234,c_noah,0,med-features-v2,19124,1,186.24509259259258,1536,1293,229,192,8.2471971670145923,0.0094675925925925934,1,0,17992,0,1,1,6,1,1212,0.80000000000000004,0.7890625,1,0.40000000000000002,0.33333333333333337,1,0,0.57174290892039092,1,2828,28,0,0,0,0,0
d000234,c_elena,1,med-features-v2,19124,1,186.24509259259258,1374,162,204,24,7.3773755908060217,0.0098148148148148144,1,0,17992,0,1,1,6,1,1212,0.80000000000000004,0.88209606986899558,1,0.45454545454545459,0.80000000000000004,1,0,0.72553583158013035,1,1536,28,0,0,0,0,0
d000234,c_taylor,2,med-features-v2,19124,1,186.24509259259258,1132,162,168,24,6.078012495482108,0.0098148148148148144,1,0,17992,0,1,1,6,1,970,0.80000000000000004,0.85689045936395758,1,0.46153846153846156,0.33333333333333337,1,0,0.72636395472131066,1,1294,28,0,0,0,0,0
d000234,c_chris,3,med-features-v2,19124,1,186.24509259259258,1374,404,204,60,7.3773755908060217,0.0098148148148148144,1,0,17992,0,1,1,6,1,1212,0.80000000000000004,0.88209606986899558,1,0.33333333333333337,0.33333333333333337,1,0,0.66258970162862263,1,1778,28,0,0,0,0,0
d000234,c_lena,4,med-features-v2,19124,1,186.24509259259258,322,161,48,24,1.728904614439257,0.139375,1,0,17992,0,1,1,6,1,161,0.80000000000000004,0.5,1,0.46153846153846156,0.80000000000000004,1,0,0.53880847956005873,1,483,28,0,0,0,0,0
d000234,c_alex_chen,5,med-features-v2,19124,1,186.24509259259258,619,565,92,84,3.3235775041549691,0.0045601851851851853,1,0,17992,0,1,1,6,1,0,0,0,1,0.88888888888888884,0.88888888888888884,1,1,0.19009359613506757,1,1184,28,0,0,0,0,0
d000524,c_fac_028,0,med-features-v2,19134,1,186.27203703703702,134,134,20,20,0.7193779706900203,0.200625,1,0,18002,0,1,1,1,0,0,0,0,1,0.75,0.75,1,0,0.35541580381014398,1,268,18,0,0,0,0,0
d000525,c_lena,0,med-features-v2,19145,1,186.29900462962962,323,161,48,24,1.7337720115152402,0.053912037037037036,1,0,18013,0,1,1,1,0,0,0,0,1,0.46153846153846156,0.80000000000000004,1,0,0.64989778289715205,1,484,15,0,0,0,0,0
d000526,c_ren,0,med-features-v2,19155,1,186.32597222222222,377,377,56,56,2.0233357459708827,0.19083333333333333,1,0,377,0,1,0,1,0,0,0,0,1,0.54545454545454541,0.5,1,0,0.4553028630925201,1,754,16,0,0,0,0,0
d000527,c_fac_075,0,med-features-v2,19166,1,186.35293981481482,134,134,20,20,0.71906566181977227,1.0013657407407408,1,0,18031,0,1,1,1,0,0,0,0,1,0.72727272727272729,0.72727272727272729,1,0,0.31931581669845371,1,268,15,0,0,0,0,0
d000528,c_alex_chen,0,med-features-v2,19177,1,189.00479166666668,621,567,92,84,3.2856309859869071,2.7005324074074073,1,0,18042,0,1,1,1,0,0,0,0,1,0.88888888888888884,0.88888888888888884,1,1,0.43941322840458658,1,1188,25,0,0,0,0,0
d000529,c_pat,0,med-features-v2,19187,1,189.03125,378,378,56,56,1.9996693668374939,2.7073842592592592,1,0,378,0,1,0,1,0,0,0,0,1,0.77777777777777779,0.33333333333333337,1,0,0.42310162419163827,1,756,16,0,0,0,0,0
d000530,c_sam,0,med-features-v2,19197,1,189.05768518518519,135,135,20,20,0.71406777179020897,3.9464351851851851,1,0,18059,0,1,1,1,0,0,0,0,1,0.45454545454545459,0.33333333333333337,1,0,0.44269948266323761,1,270,16,0,0,0,0,0
d000531,c_fac_054,0,med-features-v2,19208,1,189.08412037037036,135,135,20,20,0.7139679404889604,3.875162037037037,1,0,18070,0,1,1,1,0,0,0,0,1,0.80000000000000004,0.80000000000000004,1,1,0.44227074761729579,1,270,27,0,0,0,0,0
d000532,c_jamie_lee,0,med-features-v2,19219,1,189.11055555555555,515,515,76,76,2.723274745225456,0.057337962962962966,1,0,18081,0,1,1,1,0,0,0,0,1,0.77777777777777779,0.77777777777777779,1,0,0.36498092296345913,1,1030,17,0,0,0,0,0
d000533,c_ren,0,med-features-v2,19229,1,189.1370138888889,379,379,56,56,2.0038383402978366,0.10303240740740741,1,0,379,0,1,0,1,0,0,0,0,1,0.54545454545454541,0.5,1,0,0.45669896502142132,1,758,16,0,0,0,0,0
d000534,c_fac_017,0,med-features-v2,19240,1,189.16344907407407,135,135,20,20,0.71366852666730385,2.9988888888888887,1,0,18099,0,1,1,1,0,0,0,0,1,0.81818181818181812,0.81818181818181812,1,1,0.29376428128682874,1,270,19,0,0,0,0,0
d000535,c_fac_036,0,med-features-v2,19251,1,189.18988425925926,135,135,20,20,0.71356880696116221,2.9983796296296297,1,0,18110,0,1,1,1,0,0,0,0,1,0.69230769230769229,0.69230769230769229,1,0,0.33312043938644526,1,270,15,0,0,0,0,0
d000536,c_fac_052,0,med-features-v2,19262,1,189.21634259259258,135,135,20,20,0.71346902783483446,2.9978703703703702,1,0,18121,0,1,1,1,0,0,0,0,1,0.72727272727272729,0.72727272727272729,1,0,0.29124970503417147,1,270,14,0,0,0,0,0
d000537,c_noah,0,med-features-v2,19272,1,189.24277777777777,1550,1304,229,192,8.190537140709905,0.0092592592592592587,1,0,18131,0,1,1,5,1,1223,1,0.78903225806451616,1,0.40000000000000002,0.33333333333333337,1,0,0.60528989345257989,1,2853,17,0,0,0,0,0
d000537,c_elena,1,med-features-v2,19272,1,189.24277777777777,1385,162,204,24,7.318641251537561,0.0096064814814814815,1,0,18131,0,1,1,5,1,1223,1,0.88303249097472925,1,0.45454545454545459,0.80000000000000004,1,0,0.71899013656874466,1,1547,17,0,0,0,0,0
d000537,c_taylor,2,med-features-v2,19272,1,189.24277777777777,1142,164,168,24,6.0345763965746526,0.0096064814814814815,1,0,18131,0,1,1,5,1,978,1,0.85639229422066554,1,0.46153846153846156,0.33333333333333337,1,0,0.73458713869860459,1,1306,17,0,0,0,0,0
d000537,c_chris,3,med-features-v2,19272,1,189.24277777777777,1387,409,204,60,7.3292096865578316,0.0096064814814814815,1,0,18131,0,1,1,5,1,1223,1,0.88175919250180246,1,0.33333333333333337,0.33333333333333337,1,0,0.60910458611243312,1,1796,17,0,0,0,0,0
d000537,c_lena,4,med-features-v2,19272,1,189.24277777777777,325,162,48,24,1.7173706907940125,0.19710648148148149,1,0,18131,0,1,1,5,1,163,1,0.50153846153846149,1,0.46153846153846156,0.80000000000000004,1,0,0.57871110958085314,1,487,17,0,0,0,0,0
d000538,c_fac_029,0,med-features-v2,19283,1,189.26921296296297,136,136,20,20,0.71855320720656812,0.19675925925925927,1,0,18142,0,1,1,1,0,0,0,0,1,0.76923076923076916,0.76923076923076916,1,0,0.41984297163740653,1,272,27,0,0,0,0,0
d000539,c_fac_084,0,med-features-v2,19294,1,189.29567129629629,136,136,20,20,0.71845277321278578,0.19678240740740741,1,0,18153,0,1,1,1,0,0,0,0,1,0.66666666666666674,0.66666666666666674,1,0,0.41213487228481072,1,272,27,0,0,0,0,0
d000540,c_morgan_zhao,0,med-features-v2,19304,1,189.32210648148148,515,461,76,68,2.7202317234431082,0.19196759259259261,1,0,18163,0,1,1,1,0,0,0,0,1,0.81818181818181812,0.81818181818181812,1,1,0.4089701927351404,1,976,25,0,0,0,0,0
d000541,c_fac_072,0,med-features-v2,19315,1,189.34854166666668,135,135,20,20,0.71297089912452016,2.9977083333333332,1,0,18171,0,1,1,1,0,0,0,0,1,0.72727272727272729,0.72727272727272729,1,0,0.30667800231000608,1,270,14,0,0,0,0,0
d000542,c_noah,0,med-features-v2,19326,1,190,1554,1307,229,192,8.1789473684210527,0.67273148148148143,1,0,18182,0,1,1,4,1,1226,1,0.78893178893178895,1,0.40000000000000002,0.33333333333333337,1,0,0.60665223406735369,1,2860,17,0,0,0,0,0
d000542,c_elena,1,med-features-v2,19326,1,190,1388,162,204,24,7.3052631578947365,0.67307870370370371,1,0,18182,0,1,1,4,1,1226,1,0.88328530259365989,1,0.45454545454545459,0.80000000000000004,1,0,0.73939681688385284,1,1550,17,0,0,0,0,0
d000542,c_taylor,2,med-features-v2,19326,1,190,1145,165,168,24,6.0263157894736841,0.67307870370370371,1,0,18182,0,1,1,4,1,980,1,0.85589519650655022,1,0.46153846153846156,0.33333333333333337,1,0,0.75708562616104402,1,1310,17,0,0,0,0,0
d000542,c_chris,3,med-features-v2,19326,1,190,1391,411,204,60,7.3210526315789473,0.67307870370370371,1,0,18182,0,1,1,4,1,1226,1,0.88138030194104966,1,0.33333333333333337,0.33333333333333337,1,0,0.62641838975114539,1,1802,17,0,0,0,0,0
d000543,c_jamie_lee,0,med-features-v2,19334,1,190.02967592592591,518,518,76,76,2.7258900352064894,0.71444444444444444,1,0,18190,0,1,1,1,0,0,0,0,1,0.77777777777777779,0.77777777777777779,1,0,0.22838640122221404,1,1036,14,0,0,0,0,0
d000544,c_hana,0,med-features-v2,19344,1,190.05935185185186,135,135,20,20,0.71030443219247785,3.9217592592592592,1,0,18197,0,1,1,1,0,0,0,0,1,0.38461538461538458,0.5,1,0,0.46643566886922616,1,270,16,0,0,0,0,0
d000545,c_fac_055,0,med-features-v2,19355,1,190.08902777777777,135,135,20,20,0.7101935423533271,3.868101851851852,1,0,18208,0,1,1,1,0,0,0,0,1,0.83333333333333337,0.83333333333333337,1,1,0.37999454229792551,1,270,27,0,0,0,0,0
d000546,c_elena,0,med-features-v2,19366,1,190.11870370370372,1392,163,204,24,7.3217414850955684,0.010810185185185185,1,0,18219,0,1,1,1,0,0,0,0,1,0.45454545454545459,0.80000000000000004,1,0,0.58213548976412754,1,1555,26,0,0,0,0,0
d000075,c_fac_008,0,med-features-v2,19370,1,190.12949074074075,136,136,20,20,0.71530197377664395,0.97770833333333329,1,0,18223,0,1,1,2,1,0,0,0,1,0.76923076923076916,0.76923076923076916,1,0,0.27417396534275373,1,272,19,0,0,0,0,0
d000075,c_pat,1,med-features-v2,19370,1,190.12949074074075,382,382,56,56,2.0091570145785145,0.077893518518518515,1,0,382,0,1,0,2,1,0,0,0,1,0.77777777777777779,0.33333333333333337,1,0,0.024858229972386774,1,764,19,0,0,0,0,0
d000547,c_fac_022,0,med-features-v2,19378,1,190.15106481481482,136,136,20,20,0.71522081736669896,0.98004629629629625,1,0,18231,0,1,1,1,0,0,0,0,1,0.81818181818181812,0.81818181818181812,1,1,0.39461789480013165,1,272,26,0,0,0,0,0
d000548,c_fac_039,0,med-features-v2,19389,1,190.18074074074073,137,137,20,20,0.72036736983142746,0.90636574074074072,1,0,18242,0,1,1,1,0,0,0,0,1,0.76923076923076916,0.76923076923076916,1,0,0.30831784339947238,1,274,25,0,0,0,0,0
d000549,c_fac_057,0,med-features-v2,19400,1,190.21041666666667,136,136,20,20,0.71499764515175079,0.98652777777777778,1,0,18253,0,1,1,1,0,0,0,0,1,0.66666666666666674,0.66666666666666674,1,0,0.3230939212324957,1,272,15,0,0,0,0,0
d000550,c_avery,0,med-features-v2,628,1,190.23736111111111,109,109,16,16,0.57296841883933014,0.23435185185185184,1,0,628,0,1,1,2,1,109,1,1,1,0.5,0.30000000000000004,1,0,0.54772441457711618,1,218,25,0,0,0,0,0
d000550,c_devon,1,med-features-v2,628,1,190.23736111111111,109,0,16,0,0.57296841883933014,0.23469907407407409,1,0,628,0,1,1,2,1,109,1,1,1,0.45454545454545459,0.40000000000000002,1,0,0.72726425069912226,1,109,25,0,0,0,0,0
d000551,c_morgan_zhao,0,med-features-v2,19418,1,190.26976851851853,518,464,76,68,2.7224503610492605,0.21277777777777779,1,0,18271,0,1,1,1,0,0,0,0,1,0.81818181818181812,0.81818181818181812,1,1,0.215530640268318,1,982,18,0,0,0,0,0
d000552,c_noah,0,med-features-v2,19429,1,190.29944444444445,1561,1314,229,192,8.202861571966988,0.064398148148148149,1,0,18279,0,1,1,1,0,0,0,0,1,0.40000000000000002,0.33333333333333337,1,0,0.55085659551603949,1,2874,15,0,0,0,0,0
d000553,c_fac_065,0,med-features-v2,19440,1,190.32912037037036,136,136,20,20,0.71455171828331487,0.23435185185185184,1,0,18290,0,1,1,1,0,0,0,0,1,0.80000000000000004,0.80000000000000004,1,1,0.45956829280049077,1,272,16,0,0,0,0,0
d000554,c_fac_082,0,med-features-v2,19451,1,190.3587962962963,136,136,20,20,0.7144403234632456,0.99548611111111107,1,0,18301,0,1,1,1,0,0,0,0,1,0.69230769230769229,0.69230769230769229,1,0,0.375216243556804,1,272,26,0,0,0,0,0
d000555,c_taylor,0,med-features-v2,19462,1,191.01224537037038,1152,165,168,24,6.0310269520484736,0.01224537037037037,1,0,18312,0,1,1,1,0,0,0,0,1,0.46153846153846156,0.33333333333333337,1,0,0.61742817220282764,1,1317,26,0,0,0,0,0
d000556,c_quinn,0,med-features-v2,19472,1,191.03921296296295,164,54,24,8,0.85846249812490028,0.80180555555555555,1,0,18319,0,1,1,1,0,0,0,0,1,0.27272727272727271,0.19999999999999996,1,0,0.63077913770429972,1,218,14,0,0,0,0,0
d000557,c_fac_026,0,med-features-v2,19482,1,191.06615740740742,136,136,20,20,0.71179533751761859,1.8903472222222222,1,0,18329,0,1,1,1,0,0,0,0,1,0.76923076923076916,0.76923076923076916,1,0,0.38183960926366722,1,272,16,0,0,0,0,0
d000558,c_fac_081,0,med-features-v2,19493,1,191.09312499999999,136,136,20,20,0.71169488698245953,1.7322222222222223,1,0,18340,0,1,1,1,0,0,0,0,1,0.66666666666666674,0.66666666666666674,1,0,0.40762568574051583,1,272,27,0,0,0,0,0
d000559,c_elena,0,med-features-v2,1786,1,191.11974537037037,357,357,52,52,1.8679388637117049,0.097708333333333328,1,0,1786,0,1,1,3,1,247,1,0.6918767507002801,1,0.45454545454545459,0.80000000000000004,1,0,0.61212112388237994,1,714,17,0,0,0,0,0
d000559,c_taylor,1,med-features-v2,1786,1,191.11974537037037,356,109,52,16,1.8627065419646134,0.065833333333333327,1,0,1786,0,1,1,3,1,247,1,0.6938202247191011,1,0.46153846153846156,0.33333333333333337,1,0,0.7001833336216593,1,465,17,0,0,0,0,0
d000559,c_lena,2,med-features-v2,1786,1,191.11974537037037,247,0,36,0,1.2923834715316278,0.098055555555555562,1,0,1786,0,1,1,3,1,247,1,1,1,0.46153846153846156,0.80000000000000004,1,0,0.74933599996712374,1,247,17,0,0,0,0,0
d000560,c_fac_004,0,med-features-v2,19514,1,191.14703703703702,138,138,20,20,0.72195730647533318,1.0225925925925925,1,0,18355,0,1,1,1,0,0,0,0,1,0.75,0.75,1,0,0.30454797025719138,1,276,19,0,0,0,0,0
d000561,c_fac_023,0,med-features-v2,19525,1,191.17400462962962,137,137,20,20,0.71662462825642292,1.0198842592592592,1,0,18366,0,1,1,1,0,0,0,0,1,0.84615384615384615,0.84615384615384615,1,1,0.36022336460715615,1,274,26,0,0,0,0,0
d000562,c_fac_040,0,med-features-v2,19536,1,191.20097222222222,137,137,20,20,0.71652355324204386,0.88500000000000001,1,0,18377,0,1,1,1,0,0,0,0,1,0.66666666666666674,0.66666666666666674,1,0,0.2841558329643083,1,274,15,0,0,0,0,0
d000563,c_fac_058,0,med-features-v2,19547,1,191.22793981481482,137,137,20,20,0.71642250673552632,1.0144675925925926,1,0,18388,0,1,1,1,0,0,0,0,1,0.7142857142857143,0.7142857142857143,1,0,0.382720743323681,1,274,26,0,0,0,0,0
d000145,c_fac_005,0,med-features-v2,19552,1,191.2401851851852,138,138,20,20,0.72160565974337099,0.090347222222222218,1,0,18393,0,1,1,1,0,0,0,0,1,0.76923076923076916,0.76923076923076916,1,0,0.011593748410617097,1,276,14,0,0,0,0,0
d000564,c_fac_006,0,med-features-v2,19558,1,191.25733796296296,137,137,20,20,0.7163123854967075,0.200625,1,0,18399,0,1,1,1,0,0,0,0,1,0.81818181818181812,0.81818181818181812,1,1,0.36016408172565351,1,274,16,0,0,0,0,0
d000565,c_fac_061,0,med-features-v2,19569,1,191.28430555555556,137,137,20,20,0.71621139853635551,0.200625,1,0,18410,0,1,1,1,0,0,0,0,1,0.75,0.75,1,0,0.40727843515092538,1,274,16,0,0,0,0,0
d000566,c_elena,0,med-features-v2,1791,1,191.31092592592591,358,358,52,52,1.8712992907609196,0.19083333333333333,1,0,1791,0,1,1,3,1,248,1,0.69273743016759781,1,0.45454545454545459,0.80000000000000004,1,0,0.62290887518275428,1,716,17,0,0,0,0,0
d000566,c_taylor,1,med-features-v2,1791,1,191.31092592592591,358,110,52,16,1.8712992907609196,0.056041666666666663,1,0,1791,0,1,1,3,1,248,1,0.69273743016759781,1,0.46153846153846156,0.33333333333333337,1,0,0.72177275723597201,1,468,17,0,0,0,0,0
d000566,c_lena,2,med-features-v2,1791,1,191.31092592592591,248,0,36,0,1.2963190617561677,0.19118055555555555,1,0,1791,0,1,1,3,1,248,1,1,1,0.46153846153846156,0.80000000000000004,1,0,0.82453834574531315,1,248,17,0,0,0,0,0
d000567,c_fac_065,0,med-features-v2,19590,1,191.3382175925926,137,137,20,20,0.71600959663849073,1.00875,1,0,18428,0,1,1,1,0,0,0,0,1,0.80000000000000004,0.80000000000000004,1,1,0.27344251705921807,1,274,25,0,0,0,0,0
d000568,c_fac_084,0,med-features-v2,19601,1,191.3651851851852,138,138,20,20,0.72113430594210015,1.0006481481481482,1,0,18439,0,1,1,1,0,0,0,0,1,0.66666666666666674,0.66666666666666674,1,0,0.26983745832850731,1,276,26,0,0,0,0,0
d000235,c_noah,0,med-features-v2,19605,1,192,1574,1324,229,192,8.1979166666666661,0.67122685185185182,1,0,18443,0,1,1,5,1,1243,1,0.78970775095298607,1,0.40000000000000002,0.33333333333333337,1,0,0.60747514241505507,1,2897,17,0,0,0,0,0
d000235,c_elena,1,med-features-v2,19605,1,192,1408,165,204,24,7.333333333333333,0.6715740740740741,1,0,18443,0,1,1,5,1,1243,1,0.8828125,1,0.45454545454545459,0.80000000000000004,1,0,0.74031204181679933,1,1573,17,0,0,0,0,0
d000235,c_taylor,2,med-features-v2,19605,1,192,1162,168,168,24,6.052083333333333,0.6715740740740741,1,0,18443,0,1,1,5,1,994,1,0.85542168674698793,1,0.46153846153846156,0.33333333333333337,1,0,0.75729188185675222,1,1330,17,0,0,0,0,0
d000235,c_chris,3,med-features-v2,19605,1,192,1408,414,204,60,7.333333333333333,0.6715740740740741,1,0,18443,0,1,1,5,1,1243,1,0.8828125,1,0.33333333333333337,0.33333333333333337,1,0,0.62866950509560593,1,1822,17,0,0,0,0,0
d000235,c_lena,4,med-features-v2,19605,1,192,331,165,48,24,1.7239583333333333,0.69819444444444445,1,0,18443,0,1,1,5,1,166,1,0.50151057401812693,1,0.46153846153846156,0.80000000000000004,1,0,0.59860851040251839,1,496,17,0,0,0,0,0
d000203,c_dir_092,0,med-features-v2,19609,1,192.01583333333335,0,0,0,0,0,3650,0,1,18447,0,1,1,1,0,0,0,0,0,0.80000000000000004,0.80000000000000004,1,1,0,0,0,15,0,0,0,0,0
d000569,c_alex_chan,0,med-features-v2,19611,1,192.02375000000001,525,525,76,76,2.7340368053430888,0.71949074074074071,1,0,18449,0,1,1,1,0,0,0,0,1,0.88888888888888884,0.88888888888888884,1,1,0.25613886379238104,1,1050,25,0,0,0,0,0
d000570,c_pat,0,med-features-v2,19621,1,192.05280092592594,387,387,56,56,2.0150708457996638,0.72893518518518519,1,0,387,0,1,0,1,0,0,0,0,1,0.77777777777777779,0.33333333333333337,1,0,0.29106627707822758,1,774,15,0,0,0,0,0
d000571,c_fac_042,0,med-features-v2,19632,1,192.08185185185187,137,137,20,20,0.71323760511047563,1.8980555555555556,1,0,18467,0,1,1,1,0,0,0,0,1,0.66666666666666674,0.66666666666666674,1,0,0.40410078143346884,1,274,18,0,0,0,0,0
d000572,c_sam,0,med-features-v2,19643,1,192.11090277777777,139,139,20,20,0.72354040291397081,0.97821759259259256,1,0,18478,0,1,1,1,0,0,0,0,1,0.45454545454545459,0.33333333333333337,1,0,0.35694364660402983,1,278,15,0,0,0,0,0
d000573,c_fac_011,0,med-features-v2,19654,1,192.1399537037037,138,138,20,20,0.71822646638505938,0.87981481481481483,1,0,18489,0,1,1,1,0,0,0,0,1,0.66666666666666674,0.66666666666666674,1,0,0.31089446398292025,1,276,25,0,0,0,0,0
d000574,c_fac_030,0,med-features-v2,19665,1,192.16900462962963,138,138,20,20,0.7181178893337643,0.98238425925925921,1,0,18500,0,1,1,1,0,0,0,0,1,0.81818181818181812,0.81818181818181812,1,1,0.26668161750726987,1,276,26,0,0,0,0,0
d000575,c_fac_049,0,med-features-v2,19676,1,192.19805555555556,139,139,20,20,0.72321231137440689,0.98203703703703704,1,0,18511,0,1,1,1,0,0,0,0,1,0.72727272727272729,0.72727272727272729,1,0,0.38458498634813498,1,278,26,0,0,0,0,0
d000576,c_fac_065,0,med-features-v2,19687,1,192.22710648148148,138,138,20,20,0.71790083368546387,0.88854166666666667,1,0,18522,0,1,1,1,0,0,0,0,1,0.80000000000000004,0.80000000000000004,1,1,0.28383424100582039,1,276,26,0,0,0,0,0
d000577,c_alex_chen,0,med-features-v2,19694,1,192.25615740740741,636,580,92,84,3.3080865059227258,0.2267824074074074,1,0,18529,0,1,1,1,0,0,0,0,1,0.88888888888888884,0.88888888888888884,1,1,0.1813904493507757,1,1216,18,0,0,0,0,0
d000578,c_fac_002,0,med-features-v2,19705,1,192.28520833333334,138,138,20,20,0.71768390921038516,0.22414351851851852,1,0,18537,0,1,1,1,0,0,0,0,1,0.76923076923076916,0.76923076923076916,1,0,0.39632205173072255,1,276,18,0,0,0,0,0
d000322,c_fac_010,0,med-features-v2,19713,1,192.30586805555555,139,139,20,20,0.72280685662615385,0.16820601851851852,1,0,18545,0,1,1,1,0,0,0,0,1,0.64285714285714279,0.64285714285714279,1,0,0.26988784332720495,1,278,14,0,0,0,0,0
d000579,c_fac_037,0,med-features-v2,19717,1,192.31425925925927,138,138,20,20,0.71757549612565075,0.23469907407407409,1,0,18549,0,1,1,1,0,0,0,0,1,0.76923076923076916,0.76923076923076916,1,0,0.42345084263410143,1,276,27,0,0,0,0,0
d000580,c_fac_070,0,med-features-v2,19728,1,192.34328703703704,138,138,20,20,0.71746720213545656,0.99736111111111114,1,0,18560,0,1,1,1,0,0,0,0,1,0.80000000000000004,0.80000000000000004,1,1,0.27934853697544682,1,276,14,0,0,0,0,0
d000076,c_fac_080,0,med-features-v2,19734,1,192.35914351851852,138,138,20,20,0.7174080601305789,0.99851851851851847,1,0,18566,0,1,1,2,1,0,0,0,1,0.75,0.75,1,0,0.3282621923493283,1,276,19,0,0,0,0,0
d000076,c_ren,1,med-features-v2,19734,1,192.35914351851852,389,389,56,56,2.0222589521072116,0.076226851851851851,1,0,389,0,1,0,2,1,0,0,0,1,0.54545454545454541,0.5,1,0,0.024400760780888115,1,778,19,0,0,0,0,0
d000581,c_noah,0,med-features-v2,19740,1,193,1583,1333,229,192,8.2020725388601043,0.68805555555555553,1,0,18572,0,1,1,4,1,1249,1,0.78900821225521167,1,0.40000000000000002,0.33333333333333337,1,0,0.60842689161957542,1,2915,17,0,0,0,0,0
d000581,c_elena,1,med-features-v2,19740,1,193,1417,168,204,24,7.3419689119170988,0.68840277777777781,1,0,18572,0,1,1,4,1,1249,1,0.88143966125617501,1,0.45454545454545459,0.80000000000000004,1,0,0.74209556528024823,1,1585,17,0,0,0,0,0
d000581,c_taylor,2,med-features-v2,19740,1,193,1168,168,168,24,6.0518134715025909,0.68840277777777781,1,0,18572,0,1,1,4,1,1000,1,0.85616438356164382,1,0.46153846153846156,0.33333333333333337,1,0,0.7587810345192717,1,1336,17,0,0,0,0,0
d000581,c_chris,3,med-features-v2,19740,1,193,1417,417,204,60,7.3419689119170988,0.68840277777777781,1,0,18572,0,1,1,4,1,1249,1,0.88143966125617501,1,0.33333333333333337,0.33333333333333337,1,0,0.62963629989577918,1,1834,17,0,0,0,0,0
d000582,c_lee,0,med-features-v2,19750,1,193.02694444444444,389,389,56,56,2.0152626936078297,0.7519675925925926,1,0,389,0,1,0,1,0,0,0,0,1,0.5,0.5,1,0,0.53360974171456843,1,778,14,0,0,0,0,0
d000583,c_noah,0,med-features-v2,278,1,193.04155092592592,110,360,16,52,0.5698255089248081,0.034305555555555554,1,0,278,0,1,1,1,0,0,0,0,1,0.40000000000000002,0.33333333333333337,1,0,0.59353175598337515,1,470,15,0,0,0,0,0
d000584,c_fac_048,0,med-features-v2,19770,1,193.08087962962964,138,138,20,20,0.71472638960788593,1.8673148148148149,1,0,18599,0,1,1,1,0,0,0,0,1,0.75,0.75,1,0,0.32042194380144756,1,276,16,0,0,0,0,0
d000585,c_alex_chan,0,med-features-v2,19781,1,193.10782407407407,530,530,76,76,2.7445806638921981,0.1025925925925926,1,0,18610,0,1,1,1,0,0,0,0,1,0.88888888888888884,0.88888888888888884,1,1,0.38895370775666205,1,1060,24,0,0,0,0,0
d000586,c_ren,0,med-features-v2,19791,1,193.13479166666667,390,390,56,56,2.0193150940567199,0.1025925925925926,1,0,390,0,1,0,1,0,0,0,0,1,0.54545454545454541,0.5,1,0,0.50415386445321397,1,780,14,0,0,0,0,0
d000587,c_fac_016,0,med-features-v2,19802,1,193.16175925925927,139,139,20,20,0.71960413144423663,1.0135416666666666,1,0,18628,0,1,1,1,0,0,0,0,1,0.66666666666666674,0.66666666666666674,1,0,0.30616437004181868,1,278,19,0,0,0,0,0
d000588,c_fac_035,0,med-features-v2,19813,1,193.18870370370371,139,139,20,20,0.71950376670670302,1.0114351851851853,1,0,18639,0,1,1,1,0,0,0,0,1,0.66666666666666674,0.66666666666666674,1,0,0.37074350335477191,1,278,26,0,0,0,0,0
d000589,c_fac_051,0,med-features-v2,19824,1,193.21567129629631,139,139,20,20,0.71940334377351534,1.0093518518518518,1,0,18650,0,1,1,1,0,0,0,0,1,0.72727272727272729,0.72727272727272729,1,0,0.28016864462301316,1,278,26,0,0,0,0,0
d000590,c_hana,0,med-features-v2,251,1,193.1846064814815,111,111,16,16,0.57457994206510632,0.200625,1,0,251,0,1,1,1,0,0,0,0,1,0.38461538461538458,0.5,1,0,0.58604545974894462,1,222,16,0,0,0,0,0
d000591,c_fac_023,0,med-features-v2,19844,1,193.26960648148147,139,139,20,20,0.71920258198134512,0.20064814814814816,1,0,18670,0,1,1,1,0,0,0,0,1,0.84615384615384615,0.84615384615384615,1,1,0.42020701643189057,1,278,27,0,0,0,0,0
d000592,c_chris,0,med-features-v2,19855,1,193.29655092592591,1426,419,204,60,7.377265622015492,0.051458333333333335,1,0,18681,0,1,1,4,1,1258,1,0.88218793828892006,1,0.33333333333333337,0.33333333333333337,1,0,0.43756898753168033,1,1845,21,0,0,0,0,0
d000592,c_noah,1,med-features-v2,19855,1,193.29655092592591,1594,1342,229,192,8.2463964947354089,0.051111111111111114,1,0,18681,0,1,1,4,1,1258,1,0.78920953575909658,1,0.40000000000000002,0.33333333333333337,1,0,0.19268089870573027,1,2935,21,0,0,0,0,0
d000592,c_elena,2,med-features-v2,19855,1,193.29655092592591,1426,168,204,24,7.377265622015492,0.051458333333333335,1,0,18681,0,1,1,4,1,1258,1,0.88218793828892006,1,0.45454545454545459,0.80000000000000004,1,0,0.294411790655079,1,1594,21,0,0,0,0,0
d000592,c_marcus,3,med-features-v2,19855,1,193.29655092592591,363,112,52,16,1.8779434928412506,0.048657407407407406,1,0,18681,0,1,1,4,1,251,1,0.69146005509641872,1,0.41666666666666663,0.33333333333333337,1,0,0.65720769361273379,1,475,21,0,0,0,0,0
d000593,c_pat,0,med-features-v2,19865,1,193.32351851851851,391,391,56,56,2.0225164687479347,0.19083333333333333,1,0,391,0,1,0,1,0,0,0,0,1,0.77777777777777779,0.33333333333333337,1,0,0.42164831302721451,1,782,16,0,0,0,0,0
d000594,c_fac_072,0,med-features-v2,19876,1,193.35048611111111,139,139,20,20,0.71890173537046098,1.0174074074074073,1,0,18699,0,1,1,1,0,0,0,0,1,0.72727272727272729,0.72727272727272729,1,0,0.25573056925749255,1,278,14,0,0,0,0,0
d000595,c_alex_chan,0,med-features-v2,19887,1,196.00238425925926,532,532,76,76,2.7142526965197775,2.7005787037037039,1,0,18710,0,1,1,1,0,0,0,0,1,0.88888888888888884,0.88888888888888884,1,1,0.39046465745807418,1,1064,24,0,0,0,0,0
d000596,c_lee,0,med-features-v2,19897,1,196.02884259259258,392,392,56,56,1.9997057311341422,2.7074305555555553,1,0,392,0,1,0,1,0,0,0,0,1,0.5,0.5,1,0,0.53711632027779543,1,784,14,0,0,0,0,0
d000597,c_morgan_shaw,0,med-features-v2,19907,1,196.05527777777777,533,533,76,76,2.7186210238325641,0.038124999999999999,1,0,18727,0,1,1,1,0,0,0,0,1,0.81818181818181812,0.81818181818181812,1,1,0.31868196173828689,1,1066,15,0,0,0,0,0
d000598,c_fac_049,0,med-features-v2,19918,1,196.08171296296297,140,140,20,20,0.71398805061665283,3.8833101851851852,1,0,18738,0,1,1,1,0,0,0,0,1,0.72727272727272729,0.72727272727272729,1,0,0.3001196188514722,1,280,16,0,0,0,0,0
d000599,c_alex_chen,0,med-features-v2,19929,1,196.10817129629629,646,590,92,84,3.2941003719012314,0.066967592592592592,1,0,18749,0,1,1,1,0,0,0,0,1,0.88888888888888884,0.88888888888888884,1,1,0.52661769436531058,1,1236,15,0,0,0,0,0
d000600,c_pat,0,med-features-v2,19939,1,196.13460648148148,393,393,56,56,2.003725946431111,0.10300925925925926,1,0,393,0,1,0,1,0,0,0,0,1,0.77777777777777779,0.33333333333333337,1,0,0.4231645041595179,1,786,16,0,0,0,0,0
d000601,c_fac_016,0,med-features-v2,19950,1,196.16104166666668,140,140,20,20,0.71369930955964112,2.9989351851851853,1,0,18767,0,1,1,1,0,0,0,0,1,0.66666666666666674,0.66666666666666674,1,0,0.33989275791565626,1,280,15,0,0,0,0,0
d000602,c_fac_033,0,med-features-v2,19961,1,196.18747685185184,140,140,20,20,0.71360314249680168,2.912638888888889,1,0,18778,0,1,1,1,0,0,0,0,1,0.69230769230769229,0.69230769230769229,1,0,0.27307254603866932,1,280,25,0,0,0,0,0
d000603,c_fac_051,0,med-features-v2,19972,1,196.21393518518519,140,140,20,20,0.71350691717114323,2.9979166666666668,1,0,18789,0,1,1,1,0,0,0,0,1,0.72727272727272729,0.72727272727272729,1,0,0.31099202706592793,1,280,15,0,0,0,0,0
d000604,c_marcus,0,med-features-v2,537,1,196.23041666666666,113,113,16,16,0.57585364144617401,0.19675925925925927,1,0,537,0,1,1,1,0,0,0,0,1,0.41666666666666663,0.33333333333333337,1,0,0.61140352971391976,1,226,14,0,0,0,0,0
d000605,c_fac_024,0,med-features-v2,19993,1,196.26680555555555,141,141,20,20,0.71840981770138579,0.19675925925925927,1,0,18810,0,1,1,1,0,0,0,0,1,0.75,0.75,1,0,0.36403652422910876,1,282,18,0,0,0,0,0
d000606,c_fac_079,0,med-features-v2,20004,1,196.2932638888889,141,141,20,20,0.71831298337273841,0.19678240740740741,1,0,18821,0,1,1,1,0,0,0,0,1,0.83333333333333337,0.83333333333333337,1,1,0.44935916379288027,1,282,27,0,0,0,0,0
d000323,c_fac_011,0,med-features-v2,20006,1,196.29700231481482,141,141,20,20,0.71829930328670399,0.14281250000000001,1,0,18823,0,1,1,1,0,0,0,0,1,0.66666666666666674,0.66666666666666674,1,0,0.33549899535088601,1,282,19,0,0,0,0,0
d000007,c_alex_chen,0,med-features-v2,20009,1,196.30287037037036,648,592,92,84,3.3010215223924106,0.064560185185185179,1,0,18826,0,1,1,1,0,0,0,0,1,0.88888888888888884,0.88888888888888884,1,1,0.24993088953797796,1,1240,24,0,0,0,0,0
d000607,c_morgan_zhao,0,med-features-v2,20016,1,196.32210648148148,534,478,76,68,2.7200197143889691,0.19196759259259261,1,0,18833,0,1,1,1,0,0,0,0,1,0.81818181818181812,0.81818181818181812,1,1,0.47044106025268256,1,1012,15,0,0,0,0,0
d000608,c_fac_072,0,med-features-v2,20027,1,196.34854166666668,140,140,20,20,0.71301777345345696,2.9977083333333332,1,0,18841,0,1,1,1,0,0,0,0,1,0.72727272727272729,0.72727272727272729,1,0,0.31159553063580825,1,280,14,0,0,0,0,0
d000609,c_noah,0,med-features-v2,20038,1,197,1611,1355,229,192,8.1776649746192902,0.67273148148148143,1,0,18852,0,1,1,4,1,1271,1,0.78895096213531968,1,0.40000000000000002,0.33333333333333337,1,0,0.56987451156322377,1,2965,28,0,0,0,0,0
d000609,c_elena,1,med-features-v2,20038,1,197,1439,168,204,24,7.3045685279187813,0.67307870370370371,1,0,18852,0,1,1,4,1,1271,1,0.88325225851285616,1,0.45454545454545459,0.80000000000000004,1,0,0.72068098872420228,1,1607,28,0,0,0,0,0
d000609,c_taylor,2,med-features-v2,20038,1,197,1187,171,168,24,6.0253807106598982,0.67307870370370371,1,0,18852,0,1,1,4,1,1016,1,0.85593934288121309,1,0.46153846153846156,0.33333333333333337,1,0,0.72117480512098675,1,1358,28,0,0,0,0,0
d000609,c_chris,3,med-features-v2,20038,1,197,1442,426,204,60,7.3197969543147208,0.67307870370370371,1,0,18852,0,1,1,4,1,1271,1,0.88141470180305137,1,0.33333333333333337,0.33333333333333337,1,0,0.65812026033526549,1,1868,28,0,0,0,0,0
d000236,c_noah,0,med-features-v2,20044,1,197.02425925925925,1613,1357,229,192,8.1868091069815616,0.010439814814814815,1,0,18858,0,1,1,5,1,1272,0.75,0.78859268443893371,1,0.40000000000000002,0.33333333333333337,1,0,0.60926139800796852,1,2969,17,0,0,0,0,0
d000236,c_elena,1,med-features-v2,20044,1,197.02425925925925,1441,169,204,24,7.3138201631496784,0.013125,1,0,18858,0,1,1,5,1,1272,0.75,0.88272033310201248,1,0.45454545454545459,0.80000000000000004,1,0,0.74344230932372035,1,1610,17,0,0,0,0,0
d000236,c_taylor,2,med-features-v2,20044,1,197.02425925925925,1188,171,168,24,6.0297143329783607,0.024259259259259258,1,0,18858,0,1,1,5,1,1017,0.75,0.85606060606060608,1,0.46153846153846156,0.33333333333333337,1,0,0.75968120810426121,1,1359,17,0,0,0,0,0
d000236,c_chris,3,med-features-v2,20044,1,197.02425925925925,1443,426,204,60,7.3239711973802812,0.024259259259259258,1,0,18858,0,1,1,5,1,1272,0.75,0.88149688149688155,1,0.33333333333333337,0.33333333333333337,1,0,0.63030677114267963,1,1869,17,0,0,0,0,0
d000236,c_morgan_zhao,4,med-features-v2,20044,1,197.02425925925925,535,479,76,68,2.715401656686383,0.70180555555555557,1,0,18858,0,1,1,5,1,0,0,0,1,0.81818181818181812,0.81818181818181812,1,1,0.15727071044655003,1,1014,17,0,0,0,0,0
d000610,c_jamie_li,0,med-features-v2,20047,1,197.0323611111111,535,479,76,68,2.7152900010080128,0.71472222222222226,1,0,18861,0,1,1,1,0,0,0,0,1,0.77777777777777779,0.77777777777777779,1,0,0.22339661413551168,1,1014,18,0,0,0,0,0
d000611,c_fac_005,0,med-features-v2,20057,1,197.06203703703704,140,140,20,20,0.71043617586114538,3.9170833333333333,1,0,18868,0,1,1,1,0,0,0,0,1,0.76923076923076916,0.76923076923076916,1,0,0.40372044020190279,1,280,27,0,0,0,0,0
d000612,c_fac_060,0,med-features-v2,20068,1,197.09171296296296,140,140,20,20,0.7103292061108043,3.863425925925926,1,0,18879,0,1,1,1,0,0,0,0,1,0.69230769230769229,0.69230769230769229,1,0,0.3714677523942837,1,280,27,0,0,0,0,0
d000613,c_noah,0,med-features-v2,20079,1,197.1213888888889,1615,1359,229,192,8.1929211695557012,0.013148148148148148,1,0,18890,0,1,1,1,0,0,0,0,1,0.40000000000000002,0.33333333333333337,1,0,0.51576953258658564,1,2973,26,0,0,0,0,0
d000614,c_fac_022,0,med-features-v2,20090,1,197.15106481481482,141,141,20,20,0.71518761581349888,0.98004629629629625,1,0,18901,0,1,1,1,0,0,0,0,1,0.81818181818181812,0.81818181818181812,1,1,0.31292701681776908,1,282,15,0,0,0,0,0
d000615,c_fac_039,0,med-features-v2,20101,1,197.18074074074073,142,142,20,20,0.72015146847787703,0.90636574074074072,1,0,18912,0,1,1,1,0,0,0,0,1,0.76923076923076916,0.76923076923076916,1,0,0.31267222296901037,1,284,25,0,0,0,0,0
d000616,c_fac_057,0,med-features-v2,20112,1,197.21041666666667,141,141,20,20,0.71497237510696066,0.98652777777777778,1,0,18923,0,1,1,1,0,0,0,0,1,0.66666666666666674,0.66666666666666674,1,0,0.37133274349231776,1,282,26,0,0,0,0,0
d000146,c_fac_006,0,med-features-v2,20122,1,197.2374074074074,141,141,20,20,0.71487453548177515,1.0904398148148149,1,0,18933,0,1,1,1,0,0,0,0,1,0.81818181818181812,0.81818181818181812,1,1,0.078119489433797401,1,282,26,0,0,0,0,0
d000617,c_hana,0,med-features-v2,256,1,197.18476851851852,113,113,16,16,0.57306657531911576,0.234375,1,0,256,0,1,1,1,0,0,0,0,1,0.38461538461538458,0.5,1,0,0.5449503302063835,1,226,27,0,0,0,0,0
d000077,c_marcus,0,med-features-v2,20123,1,197.25087962962962,368,113,52,16,1.8656444051908889,0.23166666666666666,1,0,18934,0,1,1,2,1,0,0,0,1,0.41666666666666663,0.33333333333333337,1,0,0.59116443804488517,1,481,14,0,0,0,0,0
d000077,c_lee,1,med-features-v2,20123,1,197.25087962962962,396,396,56,56,2.007595609933674,0.20199074074074075,1,0,396,0,1,0,2,1,0,0,0,1,0.5,0.5,1,0,0.018935671704898998,1,792,14,0,0,0,0,0
d000618,c_lee,0,med-features-v2,20132,1,197.27516203703703,396,396,56,56,2.0073484969468876,0.22627314814814814,1,0,396,0,1,0,1,0,0,0,0,1,0.5,0.5,1,0,0.36866078867575158,1,792,25,0,0,0,0,0
d000619,c_fac_025,0,med-features-v2,20143,1,197.30483796296295,141,141,20,20,0.71463022121367237,0.23166666666666666,1,0,18951,0,1,1,1,0,0,0,0,1,0.75,0.75,1,0,0.41560803699401927,1,282,27,0,0,0,0,0
d000620,c_fac_075,0,med-features-v2,20154,1,197.33451388888889,141,141,20,20,0.71452275236247531,0.23435185185185184,1,0,18962,0,1,1,1,0,0,0,0,1,0.72727272727272729,0.72727272727272729,1,0,0.38266155696689214,1,282,18,0,0,0,0,0
d000621,c_fac_084,0,med-features-v2,20165,1,197.36418981481481,142,142,20,20,0.71948209111915096,1.0681712962962964,1,0,18973,0,1,1,1,0,0,0,0,1,0.66666666666666674,0.66666666666666674,1,0,0.23343923818908299,1,284,25,0,0,0,0,0
d000008,c_jamie_li,0,med-features-v2,20175,1,198.01469907407409,539,483,76,68,2.722020145577015,0.74187499999999995,1,0,18983,0,1,1,1,0,0,0,0,1,0.77777777777777779,0.77777777777777779,1,0,0.25007391065648676,1,1022,24,0,0,0,0,0
d000009,c_morgan_zhao,0,med-features-v2,20177,1,198.01960648148147,539,483,76,68,2.7219526872981969,0.73870370370370375,1,0,18985,0,1,1,1,0,0,0,0,1,0.81818181818181812,0.81818181818181812,1,1,0.25664695327774678,1,1022,24,0,0,0,0,0
d000622,c_elena,0,med-features-v2,1846,1,198.02168981481481,369,369,52,52,1.8634322348480112,0.77620370370370373,1,0,1846,0,1,1,3,1,255,1,0.69105691056910568,1,0.45454545454545459,0.80000000000000004,1,0,0.54303219997555752,1,738,28,0,0,0,0,0
d000622,c_taylor,1,med-features-v2,1846,1,198.02168981481481,367,112,52,16,1.8533323311360979,1.7119444444444445,1,0,1846,0,1,1,3,1,255,1,0.69482288828337879,1,0.46153846153846156,0.33333333333333337,1,0,0.65225942557039096,1,479,28,0,0,0,0,0
d000622,c_lena,2,med-features-v2,1846,1,198.02168981481481,255,0,36,0,1.2877377232689509,1.7119444444444445,1,0,1846,0,1,1,3,1,255,1,1,1,0.46153846153846156,0.80000000000000004,1,0,0.7105237083511039,1,255,28,0,0,0,0,0
d000623,c_morgan_shaw,0,med-features-v2,20188,1,198.04900462962962,540,540,76,76,2.7265978993928854,0.029050925925925924,1,0,18993,0,1,1,2,1,56,1,0.1037037037037037,1,0.81818181818181812,0.81818181818181812,1,1,0.2726991236128003,1,1080,15,0,0,0,0,0
d000623,c_morgan_zhao,1,med-features-v2,20188,1,198.04900462962962,540,484,76,68,2.7265978993928854,0.024166666666666666,1,0,18993,0,1,1,2,1,56,1,0.1037037037037037,1,0.81818181818181812,0.81818181818181812,1,1,0.25155571965072759,1,1024,15,0,0,0,0,0
d000624,c_fac_046,0,med-features-v2,20198,1,198.07597222222222,141,141,20,20,0.7118480773721082,1.8689120370370371,1,0,19003,0,1,1,1,0,0,0,0,1,0.81818181818181812,0.81818181818181812,1,1,0.37142012940713698,1,282,18,0,0,0,0,0
d000625,c_alex_chan,0,med-features-v2,20209,1,198.10293981481482,541,541,76,76,2.7309034409369333,0.060925925925925925,1,0,19014,0,1,1,1,0,0,0,0,1,0.88888888888888884,0.88888888888888884,1,1,0.36651725607182223,1,1082,18,0,0,0,0,0
d000626,c_ren,0,med-features-v2,20219,1,198.12988425925926,398,398,56,56,2.0087832862164516,0.09768518518518518,1,0,398,0,1,0,1,0,0,0,0,1,0.54545454545454541,0.5,1,0,0.50792773208753028,1,796,14,0,0,0,0,0
d000627,c_fac_010,0,med-features-v2,20230,1,198.15685185185185,143,143,21,21,0.72165054432188491,0.8651388888888889,1,0,19029,0,1,1,1,0,0,0,0,1,0.64285714285714279,0.64285714285714279,1,0,0.25530856212953401,1,286,25,0,0,0,0,0
d000628,c_fac_029,0,med-features-v2,20241,1,198.18381944444445,143,143,20,20,0.72155234670954682,1.018912037037037,1,0,19040,0,1,1,1,0,0,0,0,1,0.76923076923076916,0.76923076923076916,1,0,0.261852002776716,1,286,14,0,0,0,0,0
d000629,c_fac_045,0,med-features-v2,20252,1,198.21076388888889,142,142,20,20,0.71640912538736301,0.89208333333333334,1,0,19051,0,1,1,1,0,0,0,0,1,0.76923076923076916,0.76923076923076916,1,0,0.2811061279536568,1,284,25,0,0,0,0,0
d000630,c_priya,0,med-features-v2,20263,1,198.23773148148149,285,285,40,40,1.4376677833736382,0.200625,1,0,19062,0,1,1,1,0,0,0,0,1,0.45454545454545459,0.40000000000000002,1,0,0.36099368421116851,1,570,17,0,0,0,0,0
d000631,c_fac_021,0,med-features-v2,20273,1,198.26469907407409,142,142,20,20,0.71621423613563751,0.20064814814814816,1,0,19072,0,1,1,1,0,0,0,0,1,0.76923076923076916,0.76923076923076916,1,0,0.39937576220905824,1,284,27,0,0,0,0,0
d000632,c_fac_076,0,med-features-v2,20284,1,198.29166666666666,142,142,20,20,0.71611683126707293,0.20064814814814816,1,0,19083,0,1,1,1,0,0,0,0,1,0.72727272727272729,0.72727272727272729,1,0,0.37336886236675132,1,284,18,0,0,0,0,0
d000633,c_morgan_zhao,0,med-features-v2,20294,1,198.31861111111112,543,485,76,68,2.7380183683102524,0.068611111111111109,1,0,19093,0,1,1,1,0,0,0,0,1,0.81818181818181812,0.81818181818181812,1,1,0.39596725794340265,1,1028,14,0,0,0,0,0
d000634,c_fac_070,0,med-features-v2,20305,1,198.34557870370369,142,142,20,20,0.7159221845429945,1.0134027777777779,1,0,19101,0,1,1,1,0,0,0,0,1,0.80000000000000004,0.80000000000000004,1,1,0.2864279837492677,1,284,15,0,0,0,0,0
d000635,c_fac_089,0,med-features-v2,20316,1,198.37254629629629,143,143,20,20,0.72086587922509249,0.99990740740740736,1,0,19112,0,1,1,1,0,0,0,0,1,0.80000000000000004,0.80000000000000004,1,1,0.28230671144754738,1,286,14,0,0,0,0,0
d000636,c_noah,0,med-features-v2,20324,1,199.0263888888889,1633,1374,229,192,8.2049421140412697,0.010208333333333333,1,0,19120,0,1,1,4,1,1289,1,0.78934476423759947,1,0.40000000000000002,0.33333333333333337,1,0,0.60540577128540163,1,3006,17,0,0,0,0,0
d000636,c_elena,1,med-features-v2,20324,1,199.0263888888889,1461,172,204,24,7.3407351063161634,0.015486111111111112,1,0,19120,0,1,1,4,1,1289,1,0.88227241615331964,1,0.45454545454545459,0.80000000000000004,1,0,0.71952029143656837,1,1633,17,0,0,0,0,0
d000636,c_taylor,2,med-features-v2,20324,1,199.0263888888889,1205,174,168,24,6.0544735134229821,0.026388888888888889,1,0,19120,0,1,1,4,1,1031,1,0.8556016597510373,1,0.46153846153846156,0.33333333333333337,1,0,0.73623672159397713,1,1379,17,0,0,0,0,0
d000636,c_chris,3,med-features-v2,20324,1,199.0263888888889,1461,430,204,60,7.3407351063161634,0.012847222222222222,1,0,19120,0,1,1,4,1,1289,1,0.88227241615331964,1,0.33333333333333337,0.33333333333333337,1,0,0.61029757593795897,1,1891,17,0,0,0,0,0
d000637,c_morgan_shaw,0,med-features-v2,20334,1,199.0554398148148,545,545,76,76,2.7379307016528873,0.010208333333333333,1,0,19128,0,1,1,1,0,0,0,0,1,0.81818181818181812,0.81818181818181812,1,1,0.31135378057047974,1,1090,26,0,0,0,0,0
d000638,c_fac_047,0,med-features-v2,20345,1,199.08449074074073,142,142,20,20,0.71326500357539435,1.8926157407407407,1,0,19138,0,1,1,1,0,0,0,0,1,0.84615384615384615,0.84615384615384615,1,1,0.41213999068807228,1,284,16,0,0,0,0,0
d000639,c_hana,0,med-features-v2,20356,1,199.11354166666666,143,143,20,20,0.71818319740098036,0.97104166666666669,1,0,19149,0,1,1,1,0,0,0,0,1,0.38461538461538458,0.5,1,0,0.28411544239179931,1,286,26,0,0,0,0,0
d000640,c_fac_014,0,med-features-v2,20367,1,199.14259259259259,144,144,20,20,0.72309995629411272,0.98048611111111106,1,0,19160,0,1,1,1,0,0,0,0,1,0.76923076923076916,0.76923076923076916,1,0,0.32897991109389396,1,288,15,0,0,0,0,0
d000641,c_fac_031,0,med-features-v2,20378,1,199.17164351851852,143,143,20,20,0.71797369080154316,0.90168981481481481,1,0,19171,0,1,1,1,0,0,0,0,1,0.84615384615384615,0.84615384615384615,1,1,0.24568432536271201,1,286,25,0,0,0,0,0
d000642,c_fac_050,0,med-features-v2,20389,1,199.20069444444445,143,143,20,20,0.71786898333269422,0.98222222222222222,1,0,19182,0,1,1,1,0,0,0,0,1,0.75,0.75,1,0,0.30247364719967851,1,286,14,0,0,0,0,0
d000643,c_fac_066,0,med-features-v2,20400,1,199.22974537037038,143,143,20,20,0.71776430639993727,0.94263888888888892,1,0,19193,0,1,1,1,0,0,0,0,1,0.72727272727272729,0.66666666666666674,1,0,0.28146127329992637,1,286,25,0,0,0,0,0
d000147,c_fac_007,0,med-features-v2,20403,1,199.23766203703704,143,143,20,20,0.71773578618593303,0.17393518518518519,1,0,19196,0,1,1,1,0,0,0,0,1,0.84615384615384615,0.84615384615384615,1,1,0.017797613779175367,1,286,18,0,0,0,0,0
d000644,c_jamie_li,0,med-features-v2,20408,1,199.26143518518518,545,487,76,68,2.7351002440261456,0.22148148148148147,1,0,19201,0,1,1,1,0,0,0,0,1,0.77777777777777779,0.77777777777777779,1,0,0.20579078558550509,1,1032,17,0,0,0,0,0
d000645,c_fac_012,0,med-features-v2,20419,1,199.29048611111111,143,143,20,20,0.71754554264207437,0.22412037037037036,1,0,19209,0,1,1,1,0,0,0,0,1,0.69230769230769229,0.69230769230769229,1,0,0.31018419659720964,1,286,18,0,0,0,0,0
d000646,c_fac_047,0,med-features-v2,20430,1,199.31953703703704,143,143,20,20,0.71744096000698676,0.23469907407407409,1,0,19220,0,1,1,1,0,0,0,0,1,0.84615384615384615,0.84615384615384615,1,1,0.39615586646574596,1,286,27,0,0,0,0,0
d000647,c_fac_074,0,med-features-v2,20441,1,199.34858796296297,144,144,20,20,0.72235274636986047,0.99775462962962957,1,0,19231,0,1,1,1,0,0,0,0,1,0.75,0.75,1,0,0.33043770256260219,1,288,15,0,0,0,0,0
d000648,c_lena,0,med-features-v2,20452,1,200.00243055555555,343,171,48,24,1.7149791582393965,1.7006250000000001,1,0,19242,0,1,1,1,0,0,0,0,1,0.46153846153846156,0.80000000000000004,1,0,0.57045211496376902,1,514,26,0,0,0,0,0
d000649,c_pat,0,med-features-v2,20462,1,200.02939814814815,403,403,56,56,2.014703857187659,0.74914351851851857,1,0,403,0,1,0,1,0,0,0,0,1,0.77777777777777779,0.33333333333333337,1,0,0.54725116992757605,1,806,14,0,0,0,0,0
d000650,c_morgan_zhao,0,med-features-v2,20471,1,200.05636574074074,547,489,76,68,2.7342294156681537,0.03152777777777778,1,0,19258,0,1,1,1,0,0,0,0,1,0.81818181818181812,0.81818181818181812,1,1,0.31890323564482109,1,1036,15,0,0,0,0,0
d000651,c_fac_053,0,med-features-v2,20482,1,200.08333333333334,143,143,20,20,0.71470220741357759,1.8624074074074075,1,0,19269,0,1,1,1,0,0,0,0,1,0.75,0.75,1,0,0.42431698405311752,1,286,27,0,0,0,0,0
d000652,c_alex_chen,0,med-features-v2,20493,1,200.11027777777778,663,605,92,84,3.3131731531363955,0.060925925925925925,1,0,19280,0,1,1,1,0,0,0,0,1,0.88888888888888884,0.88888888888888884,1,1,0.4406693782617081,1,1268,25,0,0,0,0,0
d000653,c_hana,0,med-features-v2,20503,1,200.13724537037038,144,144,20,20,0.7195062554874091,1.0233564814814815,1,0,19287,0,1,1,1,0,0,0,0,1,0.38461538461538458,0.5,1,0,0.32818240303695395,1,288,15,0,0,0,0,0
d000654,c_fac_017,0,med-features-v2,20514,1,200.16421296296295,144,144,20,20,0.71940931832127653,0.8707407407407407,1,0,19298,0,1,1,1,0,0,0,0,1,0.81818181818181812,0.81818181818181812,1,1,0.27439323259427179,1,288,14,0,0,0,0,0
d000655,c_fac_036,0,med-features-v2,20525,1,200.19115740740742,144,144,20,20,0.71931249044605283,1.01125,1,0,19309,0,1,1,1,0,0,0,0,1,0.69230769230769229,0.69230769230769229,1,0,0.29637614673344348,1,288,26,0,0,0,0,0
d000204,c_dir_093,0,med-features-v2,20527,1,200.1960648148148,0,0,0,0,0,3650,0,1,19311,0,1,1,1,0,0,0,0,0,0.75,0.75,1,0,0,0,0,15,0,0,0,0,0
d000078,c_fac_041,0,med-features-v2,20528,1,200.19851851851851,144,144,20,20,0.71928604200275281,1.0106712962962963,1,0,19312,0,1,1,2,1,0,0,0,1,0.81818181818181812,0.81818181818181812,1,1,0.25348181625141636,1,288,26,0,0,0,0,0
d000078,c_pat,1,med-features-v2,20528,1,200.19851851851851,405,405,56,56,2.0229919931327425,0.065833333333333327,1,0,405,0,1,0,2,1,0,0,0,1,0.77777777777777779,0.33333333333333337,1,0,0.09088464186200336,1,810,26,0,0,0,0,0
d000237,c_noah,0,med-features-v2,20530,1,200.20342592592593,1648,1387,229,192,8.2316273679040339,0.078078703703703706,1,0,19314,0,1,1,5,1,1300,1,0.78883495145631066,1,0.40000000000000002,0.33333333333333337,1,0,0.56923502299998074,1,3034,28,0,0,0,0,0
d000237,c_elena,1,med-features-v2,20530,1,200.20342592592593,1474,174,204,24,7.3625113715355264,0.090694444444444439,1,0,19314,0,1,1,5,1,1300,1,0.88195386702849388,1,0.45454545454545459,0.80000000000000004,1,0,0.7192332343588701,1,1648,28,0,0,0,0,0
d000237,c_taylor,2,med-features-v2,20530,1,200.20342592592593,1214,174,168,24,6.063832296502123,0.10048611111111111,1,0,19314,0,1,1,5,1,1040,1,0.85667215815485998,1,0.46153846153846156,0.33333333333333337,1,0,0.72058969277013807,1,1388,28,0,0,0,0,0
d000237,c_chris,3,med-features-v2,20530,1,200.20342592592593,1474,434,204,60,7.3625113715355264,0.090347222222222218,1,0,19314,0,1,1,5,1,1300,1,0.88195386702849388,1,0.33333333333333337,0.33333333333333337,1,0,0.65835689484318871,1,1908,28,0,0,0,0,0
d000237,c_lena,4,med-features-v2,20530,1,200.20342592592593,346,173,48,24,1.7282421536982986,0.097708333333333328,1,0,19314,0,1,1,5,1,173,1,0.5,1,0.46153846153846156,0.80000000000000004,1,0,0.54486312592805197,1,519,28,0,0,0,0,0
d000656,c_fac_057,0,med-features-v2,20539,1,200.22548611111111,144,144,20,20,0.71918916416110035,0.90032407407407411,1,0,19323,0,1,1,1,0,0,0,0,1,0.66666666666666674,0.66666666666666674,1,0,0.24847815621613156,1,288,14,0,0,0,0,0
d000657,c_jamie_li,0,med-features-v2,20549,1,200.25243055555555,549,491,76,68,2.7415397579790786,0.13444444444444445,1,0,19333,0,1,1,1,0,0,0,0,1,0.77777777777777779,0.77777777777777779,1,0,0.30605934367602755,1,1040,26,0,0,0,0,0
d000658,c_fac_043,0,med-features-v2,20559,1,200.27939814814815,144,144,20,20,0.71899556984629109,0.200625,1,0,19343,0,1,1,1,0,0,0,0,1,0.75,0.75,1,0,0.37992364381505439,1,288,18,0,0,0,0,0
d000659,c_noah,0,med-features-v2,20570,1,200.30636574074074,1652,1390,229,192,8.2473664473459927,0.0098148148148148144,1,0,19354,0,1,1,1,0,0,0,0,1,0.40000000000000002,0.33333333333333337,1,0,0.51522926441644745,1,3041,26,0,0,0,0,0
d000660,c_fac_083,0,med-features-v2,20580,1,200.33333333333334,144,144,20,20,0.7188019966722129,0.23495370370370369,1,0,19361,0,1,1,1,0,0,0,0,1,0.63636363636363635,0.63636363636363635,1,0,0.33319908536790155,1,288,18,0,0,0,0,0
d000661,c_fac_080,0,med-features-v2,20591,1,200.36027777777778,144,144,20,20,0.7187053322001894,1.0007870370370371,1,0,19372,0,1,1,1,0,0,0,0,1,0.75,0.75,1,0,0.37093889864406954,1,288,26,0,0,0,0,0
d000662,c_taylor,0,med-features-v2,20602,1,203.0120138888889,1219,174,168,24,6.0045707475577013,0.012013888888888888,1,0,19383,0,1,1,1,0,0,0,0,1,0.46153846153846156,0.33333333333333337,1,0,0.61424599216263376,1,1393,26,0,0,0,0,0
d000663,c_priya,0,med-features-v2,20612,1,203.03844907407407,290,290,40,40,1.4283009022305915,2.8003703703703704,1,0,19390,0,1,1,1,0,0,0,0,1,0.45454545454545459,0.40000000000000002,1,0,0.36794042343145494,1,580,18,0,0,0,0,0
d000664,c_fac_014,0,med-features-v2,20622,1,203.06488425925926,145,145,20,20,0.71405748231128918,3.9219444444444442,1,0,19400,0,1,1,1,0,0,0,0,1,0.76923076923076916,0.76923076923076916,1,0,0.39586533625663894,1,290,27,0,0,0,0,0
d000665,c_fac_069,0,med-features-v2,20633,1,203.09134259259258,145,145,20,20,0.71396445633270744,3.8586111111111112,1,0,19411,0,1,1,1,0,0,0,0,1,0.75,0.75,1,0,0.42958623122091444,1,290,27,0,0,0,0,0
d000666,c_jamie_li,0,med-features-v2,20644,1,203.11777777777777,552,494,76,68,2.7176350885638327,0.10300925925925926,1,0,19422,0,1,1,1,0,0,0,0,1,0.77777777777777779,0.77777777777777779,1,0,0.38438891359127869,1,1046,14,0,0,0,0,0
d000667,c_fac_003,0,med-features-v2,20654,1,203.14421296296297,145,145,20,20,0.71377863974119826,2.884074074074074,1,0,19429,0,1,1,1,0,0,0,0,1,0.75,0.75,1,0,0.29444695676614469,1,290,25,0,0,0,0,0
d000668,c_fac_022,0,med-features-v2,20665,1,203.17067129629629,145,145,20,20,0.71368568639780483,2.9987731481481483,1,0,19440,0,1,1,1,0,0,0,0,1,0.81818181818181812,0.81818181818181812,1,1,0.26524439176744047,1,290,19,0,0,0,0,0
d000669,c_fac_041,0,med-features-v2,20676,1,203.19710648148148,145,145,20,20,0.71359283855360744,2.9982407407407408,1,0,19451,0,1,1,1,0,0,0,0,1,0.81818181818181812,0.81818181818181812,1,1,0.32629018930976089,1,290,15,0,0,0,0,0
d000670,c_fac_057,0,med-features-v2,20687,1,203.22354166666668,145,145,20,20,0.71350001486458359,2.9977083333333332,1,0,19462,0,1,1,1,0,0,0,0,1,0.66666666666666674,0.66666666666666674,1,0,0.30906685714945814,1,290,14,0,0,0,0,0
d000671,c_jamie_lee,0,med-features-v2,20697,1,203.25,554,554,76,76,2.7257072570725707,0.13909722222222223,1,0,19472,0,1,1,1,0,0,0,0,1,0.77777777777777779,0.77777777777777779,1,0,0.31779131323827559,1,1108,26,0,0,0,0,0
d000672,c_fac_044,0,med-features-v2,20708,1,203.27643518518519,146,146,20,20,0.71823376805576966,0.19678240740740741,1,0,19483,0,1,1,1,0,0,0,0,1,0.81818181818181812,0.81818181818181812,1,1,0.34366258979524222,1,292,16,0,0,0,0,0
d000673,c_alex_chan,0,med-features-v2,20719,1,203.30287037037036,555,555,76,76,2.7299171870466936,0.054930555555555559,1,0,19494,0,1,1,1,0,0,0,0,1,0.88888888888888884,0.88888888888888884,1,1,0.39006019423642796,1,1110,24,0,0,0,0,0
d000674,c_pat,0,med-features-v2,20729,1,203.32930555555555,408,408,56,56,2.0065971252162784,0.19435185185185186,1,0,408,0,1,0,1,0,0,0,0,1,0.77777777777777779,0.33333333333333337,1,0,0.42044789177486785,1,816,16,0,0,0,0,0
d000675,c_fac_077,0,med-features-v2,20740,1,203.3557638888889,145,145,20,20,0.71303609608639484,2.9975925925925928,1,0,19512,0,1,1,1,0,0,0,0,1,0.75,0.75,1,0,0.34091310479839848,1,290,14,0,0,0,0,0
d000676,c_hana,0,med-features-v2,263,1,203.95004629629631,116,116,16,16,0.56876672551217033,3.7650925925925924,1,0,263,0,1,1,1,0,0,0,0,1,0.38461538461538458,0.5,1,0,0.58735243228692602,1,232,16,0,0,0,0,0
d000677,c_alex_chen,0,med-features-v2,20758,1,204.03775462962963,673,615,92,84,3.2984091656058117,0.010439814814814815,1,0,19530,0,1,1,1,0,0,0,0,1,0.88888888888888884,0.88888888888888884,1,1,0.26854730740623683,1,1288,15,0,0,0,0,0
d000678,c_fac_015,0,med-features-v2,20769,1,204.06743055555555,145,145,20,20,0.71054944733341485,3.9077777777777776,1,0,19538,0,1,1,1,0,0,0,0,1,0.76923076923076916,0.76923076923076916,1,0,0.44355423932962251,1,290,27,0,0,0,0,0
d000679,c_fac_070,0,med-features-v2,20780,1,204.09710648148149,145,145,20,20,0.71044613272435786,3.7511805555555555,1,0,19549,0,1,1,1,0,0,0,0,1,0.80000000000000004,0.80000000000000004,1,1,0.36924729193799555,1,290,18,0,0,0,0,0
d000680,c_fac_007,0,med-features-v2,20791,1,204.1267824074074,146,146,20,20,0.71524176434920339,0.97740740740740739,1,0,19560,0,1,1,1,0,0,0,0,1,0.84615384615384615,0.84615384615384615,1,1,0.30965501193522943,1,292,15,0,0,0,0,0
d000681,c_fac_024,0,med-features-v2,20802,1,204.15645833333335,147,147,20,20,0.72003600180008998,0.88930555555555557,1,0,19571,0,1,1,1,0,0,0,0,1,0.75,0.75,1,0,0.22498793917456644,1,294,14,0,0,0,0,0
d000682,c_fac_043,0,med-features-v2,20813,1,204.18613425925926,146,146,20,20,0.71503386128374835,0.98386574074074074,1,0,19582,0,1,1,1,0,0,0,0,1,0.75,0.75,1,0,0.29120439010000948,1,292,14,0,0,0,0,0
d000683,c_fac_059,0,med-features-v2,20824,1,204.21581018518518,147,147,20,20,0.71982673558280708,0.93182870370370374,1,0,19593,0,1,1,1,0,0,0,0,1,0.66666666666666674,0.66666666666666674,1,0,0.26078993210662516,1,294,14,0,0,0,0,0
d000684,c_noah,0,med-features-v2,557,1,204.22351851851852,381,381,52,52,1.8656029568183734,0.21006944444444445,1,0,557,0,1,1,3,1,117,1,0.30708661417322836,1,0.40000000000000002,0.33333333333333337,1,0,0.53331819676068537,1,762,16,0,0,0,0,0
d000684,c_taylor,1,med-features-v2,557,1,204.22351851851852,117,0,16,0,0.57290169540091784,0.21041666666666667,1,0,557,0,1,1,3,1,117,1,1,1,0.46153846153846156,0.33333333333333337,1,0,0.80796834141690455,1,117,16,0,0,0,0,0
d000684,c_chris,2,med-features-v2,557,1,204.22351851851852,117,0,16,0,0.57290169540091784,0.21041666666666667,1,0,557,0,1,1,3,1,117,1,1,1,0.33333333333333337,0.33333333333333337,1,0,0.80796834141690455,1,117,16,0,0,0,0,0
d000685,c_lee,0,med-features-v2,20842,1,204.27516203703703,410,410,56,56,2.0070966822959275,0.22627314814814814,1,0,410,0,1,0,1,0,0,0,0,1,0.5,0.5,1,0,0.37043837226740733,1,820,25,0,0,0,0,0
d000686,c_fac_025,0,med-features-v2,20853,1,204.30483796296295,146,146,20,20,0.71461841753579691,0.23166666666666666,1,0,19619,0,1,1,1,0,0,0,0,1,0.75,0.75,1,0,0.41924919467392541,1,292,27,0,0,0,0,0
d000687,c_fac_075,0,med-features-v2,20864,1,204.33451388888889,146,146,20,20,0.71451463201850718,0.23435185185185184,1,0,19630,0,1,1,1,0,0,0,0,1,0.72727272727272729,0.72727272727272729,1,0,0.40462039242961856,1,292,16,0,0,0,0,0
d000688,c_fac_084,0,med-features-v2,20875,1,204.36418981481481,147,147,20,20,0.71930410182529758,1.0681712962962964,1,0,19641,0,1,1,1,0,0,0,0,1,0.66666666666666674,0.66666666666666674,1,0,0.25231315261074549,1,294,15,0,0,0,0,0
d000689,c_jamie_li,0,med-features-v2,20886,1,205.01715277777777,558,500,76,68,2.7217234872285418,0.74432870370370374,1,0,19652,0,1,1,1,0,0,0,0,1,0.77777777777777779,0.77777777777777779,1,0,0.41256142022321546,1,1058,25,0,0,0,0,0
d000690,c_noah,0,med-features-v2,20896,1,205.04409722222223,1680,1414,229,192,8.1933594907599474,0.0094444444444444445,1,0,19659,0,1,1,5,1,1325,1,0.78869047619047616,1,0.40000000000000002,0.33333333333333337,1,0,0.60413254931005844,1,3093,17,0,0,0,0,0
d000690,c_elena,1,med-features-v2,20896,1,205.04409722222223,1502,177,204,24,7.3252535447151441,0.0097916666666666673,1,0,19659,0,1,1,5,1,1325,1,0.88215712383488687,1,0.45454545454545459,0.80000000000000004,1,0,0.71775229114951222,1,1679,17,0,0,0,0,0
d000690,c_taylor,2,med-features-v2,20896,1,205.04409722222223,1238,178,168,24,6.0377256247385809,0.0097916666666666673,1,0,19659,0,1,1,5,1,1060,1,0.85621970920840063,1,0.46153846153846156,0.33333333333333337,1,0,0.73315264296523763,1,1416,17,0,0,0,0,0
d000690,c_chris,3,med-features-v2,20896,1,205.04409722222223,1502,442,204,60,7.3252535447151441,0.0097916666666666673,1,0,19659,0,1,1,5,1,1325,1,0.88215712383488687,1,0.33333333333333337,0.33333333333333337,1,0,0.60820323604735538,1,1944,17,0,0,0,0,0
d000690,c_lena,4,med-features-v2,20896,1,205.04409722222223,351,175,48,24,1.7118268936052035,0.041319444444444443,1,0,19659,0,1,1,5,1,176,1,0.50142450142450146,1,0.46153846153846156,0.80000000000000004,1,0,0.58242476553003886,1,526,17,0,0,0,0,0
d000691,c_fac_036,0,med-features-v2,20906,1,205.0710648148148,146,146,20,20,0.71194831963174465,1.8808333333333334,1,0,19669,0,1,1,1,0,0,0,0,1,0.69230769230769229,0.69230769230769229,1,0,0.42182344374336628,1,292,27,0,0,0,0,0
d000692,c_noah,0,med-features-v2,20917,1,205.0980324074074,1681,1415,229,192,8.1960805779982131,0.053587962962962962,1,0,19680,0,1,1,4,1,1326,1,0.78881618084473526,1,0.40000000000000002,0.33333333333333337,1,0,0.60888073848364066,1,3095,17,0,0,0,0,0
d000692,c_elena,1,med-features-v2,20917,1,205.0980324074074,1503,177,204,24,7.3282029201257082,0.053935185185185183,1,0,19680,0,1,1,4,1,1326,1,0.88223552894211577,1,0.45454545454545459,0.80000000000000004,1,0,0.74312782242416486,1,1680,17,0,0,0,0,0
d000692,c_taylor,2,med-features-v2,20917,1,205.0980324074074,1239,178,168,24,6.0410135848541264,0.053935185185185183,1,0,19680,0,1,1,4,1,1061,1,0.85633575464083944,1,0.46153846153846156,0.33333333333333337,1,0,0.75938116834584457,1,1417,17,0,0,0,0,0
d000692,c_chris,3,med-features-v2,20917,1,205.0980324074074,1503,442,204,60,7.3282029201257082,0.053935185185185183,1,0,19680,0,1,1,4,1,1326,1,0.88223552894211577,1,0.33333333333333337,0.33333333333333337,1,0,0.63026054376968665,1,1945,17,0,0,0,0,0
d000693,c_lee,0,med-features-v2,20927,1,205.125,412,412,56,56,2.0085313833028642,0.097708333333333328,1,0,412,0,1,0,1,0,0,0,0,1,0.5,0.5,1,0,0.44456038310152957,1,824,16,0,0,0,0,0
d000694,c_fac_008,0,med-features-v2,20938,1,205.15194444444444,147,147,20,20,0.71654207518275748,1.0221064814814815,1,0,19695,0,1,1,1,0,0,0,0,1,0.76923076923076916,0.76923076923076916,1,0,0.38075551359755799,1,294,15,0,0,0,0,0
d000079,c_fac_019,0,med-features-v2,20945,1,205.16909722222223,148,148,20,20,0.72135619839326293,1.0203703703703704,1,0,19702,0,1,1,2,1,0,0,0,1,0.75,0.75,1,0,0.28862036156115484,1,296,14,0,0,0,0,0
d000079,c_ren,1,med-features-v2,20945,1,205.16909722222223,414,414,56,56,2.0178477441541274,0.029050925925925924,1,0,414,0,1,0,2,1,0,0,0,1,0.54545454545454541,0.5,1,0,0.018881342071950812,1,828,14,0,0,0,0,0
d000695,c_fac_028,0,med-features-v2,20950,1,205.18136574074074,147,147,20,20,0.71643932902631868,1.0191666666666668,1,0,19707,0,1,1,1,0,0,0,0,1,0.75,0.75,1,0,0.3773792006904842,1,294,26,0,0,0,0,0
d000696,c_fac_044,0,med-features-v2,20961,1,205.20833333333334,148,148,20,20,0.72121827411167505,1.0191435185185185,1,0,19718,0,1,1,1,0,0,0,0,1,0.81818181818181812,0.81818181818181812,1,1,0.26595527640655214,1,296,26,0,0,0,0,0
d000697,c_noah,0,med-features-v2,20972,1,205.23527777777778,1684,1417,229,192,8.2052170476431527,0.031504629629629632,1,0,19729,0,1,1,4,1,1329,1,0.78919239904988125,1,0.40000000000000002,0.33333333333333337,1,0,0.6041752812117448,1,3100,17,0,0,0,0,0
d000697,c_elena,1,med-features-v2,20972,1,205.23527777777778,1506,177,204,24,7.3379197587592557,0.031851851851851853,1,0,19729,0,1,1,4,1,1329,1,0.88247011952191234,1,0.45454545454545459,0.80000000000000004,1,0,0.71776486289303421,1,1683,17,0,0,0,0,0
d000697,c_taylor,2,med-features-v2,20972,1,205.23527777777778,1242,179,168,24,6.0515911954707811,0.031851851851851853,1,0,19729,0,1,1,4,1,1063,1,0.85587761674718199,1,0.46153846153846156,0.33333333333333337,1,0,0.73280027987118967,1,1421,17,0,0,0,0,0
d000697,c_chris,3,med-features-v2,20972,1,205.23527777777778,1506,443,204,60,7.3379197587592557,0.031851851851851853,1,0,19729,0,1,1,4,1,1329,1,0.88247011952191234,1,0.33333333333333337,0.33333333333333337,1,0,0.60828250994147637,1,1949,17,0,0,0,0,0
d000148,c_fac_008,0,med-features-v2,20974,1,205.2401851851852,148,148,20,20,0.72110634604262214,0.087893518518518524,1,0,19731,0,1,1,1,0,0,0,0,1,0.76923076923076916,0.76923076923076916,1,0,0.017566153079626418,1,296,18,0,0,0,0,0
d000238,c_noah,0,med-features-v2,20976,1,205.24509259259258,1685,1418,229,192,8.2096968980627043,0.0094675925925925934,1,0,19733,0,1,1,6,1,1330,0.80000000000000004,0.78931750741839768,1,0.40000000000000002,0.33333333333333337,1,0,0.57095304244419287,1,3102,28,0,0,0,0,0
d000238,c_elena,1,med-features-v2,20976,1,205.24509259259258,1507,177,204,24,7.3424410833118676,0.0098148148148148144,1,0,19733,0,1,1,6,1,1330,0.80000000000000004,0.88254810882548107,1,0.45454545454545459,0.80000000000000004,1,0,0.72199911246968573,1,1684,28,0,0,0,0,0
d000238,c_taylor,2,med-features-v2,20976,1,205.24509259259258,1243,179,168,24,6.0561740322207376,0.0098148148148148144,1,0,19733,0,1,1,6,1,1064,0.80000000000000004,0.85599356395816573,1,0.46153846153846156,0.33333333333333337,1,0,0.72433092517433373,1,1422,28,0,0,0,0,0
d000238,c_chris,3,med-features-v2,20976,1,205.24509259259258,1507,443,204,60,7.3424410833118676,0.0098148148148148144,1,0,19733,0,1,1,6,1,1330,0.80000000000000004,0.88254810882548107,1,0.33333333333333337,0.33333333333333337,1,0,0.66116000942833386,1,1950,28,0,0,0,0,0
d000238,c_lena,4,med-features-v2,20976,1,205.24509259259258,353,176,48,24,1.7198949584665488,0.14425925925925925,1,0,19733,0,1,1,6,1,177,0.80000000000000004,0.50141643059490082,1,0.46153846153846156,0.80000000000000004,1,0,0.54272336799763266,1,529,28,0,0,0,0,0
d000238,c_jamie_li,5,med-features-v2,20976,1,205.24509259259258,561,502,76,68,2.7333174835686513,0.12956018518518519,1,0,19733,0,1,1,6,1,0,0,0,1,0.77777777777777779,0.77777777777777779,1,0,0.19352251933470513,1,1063,28,0,0,0,0,0
d000698,c_fac_026,0,med-features-v2,20984,1,205.26715277777777,147,147,20,20,0.71613990845940267,0.20064814814814816,1,0,19741,0,1,1,1,0,0,0,0,1,0.76923076923076916,0.76923076923076916,1,0,0.39681131333767783,1,294,16,0,0,0,0,0
d000324,c_fac_012,0,med-features-v2,20991,1,205.28422453703703,147,147,20,20,0.71608035313730845,1.1489930555555556,1,0,19748,0,1,1,1,0,0,0,0,1,0.69230769230769229,0.69230769230769229,1,0,0.32649342039381557,1,294,15,0,0,0,0,0
d000699,c_fac_081,0,med-features-v2,20996,1,205.29409722222223,147,147,20,20,0.71604591651204996,0.200625,1,0,19753,0,1,1,1,0,0,0,0,1,0.66666666666666674,0.66666666666666674,1,0,0.31552522837852115,1,294,18,0,0,0,0,0
d000700,c_lee,0,med-features-v2,21006,1,205.3210648148148,414,414,56,56,2.0163542419449216,0.18592592592592594,1,0,414,0,1,0,1,0,0,0,0,1,0.5,0.5,1,0,0.43903628981614728,1,828,23,0,0,0,0,0
d000701,c_fac_073,0,med-features-v2,21017,1,205.3480324074074,147,147,20,20,0.71585784522324625,1.0023842592592593,1,0,19771,0,1,1,1,0,0,0,0,1,0.72727272727272729,0.72727272727272729,1,0,0.32650313559107735,1,294,15,0,0,0,0,0
d000702,c_noah,0,med-features-v2,21028,1,206,1688,1420,229,192,8.1941747572815533,0.67122685185185182,1,0,19782,0,1,1,4,1,1333,1,0.78969194312796209,1,0.40000000000000002,0.33333333333333337,1,0,0.60423165588357752,1,3107,17,0,0,0,0,0
d000702,c_elena,1,med-features-v2,21028,1,206,1510,177,204,24,7.3300970873786406,0.6715740740740741,1,0,19782,0,1,1,4,1,1333,1,0.88278145695364241,1,0.45454545454545459,0.80000000000000004,1,0,0.71779888596972963,1,1687,17,0,0,0,0,0
d000702,c_taylor,2,med-features-v2,21028,1,206,1246,180,168,24,6.0485436893203888,0.6715740740740741,1,0,19782,0,1,1,4,1,1066,1,0.85553772070626,1,0.46153846153846156,0.33333333333333337,1,0,0.73244942220054066,1,1426,17,0,0,0,0,0
d000702,c_chris,3,med-features-v2,21028,1,206,1510,444,204,60,7.3300970873786406,0.6715740740740741,1,0,19782,0,1,1,4,1,1333,1,0.88278145695364241,1,0.33333333333333337,0.33333333333333337,1,0,0.60839731650863049,1,1954,17,0,0,0,0,0
d000703,c_alex_chen,0,med-features-v2,21036,1,206.02902777777777,681,621,92,84,3.30535947941532,0.72231481481481485,1,0,19790,0,1,1,1,0,0,0,0,1,0.88888888888888884,0.88888888888888884,1,1,0.17465472213538194,1,1302,17,0,0,0,0,0
d000704,c_ren,0,med-features-v2,21046,1,206.0580787037037,415,415,56,56,2.0139952901178866,0.73175925925925922,1,0,415,0,1,0,1,0,0,0,0,1,0.54545454545454541,0.5,1,0,0.29363704079169556,1,830,15,0,0,0,0,0
d000705,c_fac_052,0,med-features-v2,21057,1,206.08712962962963,147,147,20,20,0.71329054009428772,1.8871527777777777,1,0,19808,0,1,1,1,0,0,0,0,1,0.72727272727272729,0.72727272727272729,1,0,0.35838045434126325,1,294,16,0,0,0,0,0
d000706,c_fac_001,0,med-features-v2,21068,1,206.11618055555556,148,148,20,20,0.71804163846374403,0.86340277777777774,1,0,19819,0,1,1,1,0,0,0,0,1,0.75,0.75,1,0,0.24024795588181719,1,296,15,0,0,0,0,0
d000707,c_fac_015,0,med-features-v2,21079,1,206.14523148148149,148,148,20,20,0.71794044876218832,0.98067129629629635,1,0,19830,0,1,1,1,0,0,0,0,1,0.76923076923076916,0.76923076923076916,1,0,0.28387593732005645,1,296,14,0,0,0,0,0
d000708,c_fac_034,0,med-features-v2,21090,1,206.17428240740742,149,149,20,20,0.7226895530334424,0.98277777777777775,1,0,19841,0,1,1,1,0,0,0,0,1,0.7142857142857143,0.7142857142857143,1,0,0.33332218002019703,1,298,15,0,0,0,0,0
d000709,c_noah,0,med-features-v2,21101,1,206.20333333333335,1693,1425,229,192,8.2103425421509506,0.078888888888888883,1,0,19852,0,1,1,4,1,1336,1,0.78913171884229183,1,0.40000000000000002,0.33333333333333337,1,0,0.57079696682360936,1,3117,28,0,0,0,0,0
d000709,c_elena,1,med-features-v2,21101,1,206.20333333333335,1515,179,204,24,7.3471169234250979,0.084166666666666667,1,0,19852,0,1,1,4,1,1336,1,0.88184818481848182,1,0.45454545454545459,0.80000000000000004,1,0,0.72089082086581302,1,1694,28,0,0,0,0,0
d000709,c_taylor,2,med-features-v2,21101,1,206.20333333333335,1249,180,168,24,6.0571280774639913,0.095069444444444443,1,0,19852,0,1,1,4,1,1069,1,0.85588470776621295,1,0.46153846153846156,0.33333333333333337,1,0,0.72434607422412678,1,1429,28,0,0,0,0,0
d000709,c_chris,3,med-features-v2,21101,1,206.20333333333335,1515,446,204,60,7.3471169234250979,0.081527777777777782,1,0,19852,0,1,1,4,1,1336,1,0.88184818481848182,1,0.33333333333333337,0.33333333333333337,1,0,0.66038223092879011,1,1961,28,0,0,0,0,0
d000710,c_fac_069,0,med-features-v2,21112,1,206.23238425925925,149,149,20,20,0.72248594969783619,0.88891203703703703,1,0,19863,0,1,1,1,0,0,0,0,1,0.75,0.75,1,0,0.31051445028842672,1,298,15,0,0,0,0,0
d000711,c_jamie_li,0,med-features-v2,21119,1,206.26143518518518,564,504,76,68,2.7343938506664167,0.22148148148148147,1,0,19870,0,1,1,1,0,0,0,0,1,0.77777777777777779,0.77777777777777779,1,0,0.25163429164152978,1,1068,24,0,0,0,0,0
d000712,c_fac_012,0,med-features-v2,21130,1,206.29048611111111,149,149,21,21,0.72228246105225813,0.22412037037037036,1,0,19878,0,1,1,1,0,0,0,0,1,0.69230769230769229,0.69230769230769229,1,0,0.32218908574810728,1,298,18,0,0,0,0,0
d000713,c_fac_047,0,med-features-v2,21141,1,206.31953703703704,148,148,20,20,0.71733390897165539,0.23469907407407409,1,0,19889,0,1,1,1,0,0,0,0,1,0.84615384615384615,0.84615384615384615,1,1,0.41380234858279014,1,296,16,0,0,0,0,0
d000714,c_fac_074,0,med-features-v2,21152,1,206.34858796296297,149,149,20,20,0.72207908699982803,0.99775462962962957,1,0,19900,0,1,1,1,0,0,0,0,1,0.75,0.75,1,0,0.37913733255529924,1,298,26,0,0,0,0,0
d000302,c_new_171,0,med-features-v2,21162,1,206.40559027777778,0,0,0,0,0,3650,0,1,19910,0,1,1,1,0,0,0,0,0,0.69999999999999996,0.69999999999999996,1,0,0,0,0,14,0,0,0,0,0
d000312,c_new_181,0,med-features-v2,21163,1,206.47982638888888,0,0,0,0,0,3650,0,1,0,1,0,0,1,0,0,0,0,0,0.59999999999999998,0.59999999999999998,1,0,0,0,0,14,0,0,0,0,0
d000368,c_noah,0,med-features-v2,21164,1,206.48538194444444,1697,1429,229,192,8.2184994599597534,0.17343749999999999,1,0,19911,0,1,1,1,0,0,0,0,1,0.40000000000000002,0.33333333333333337,1,0,0,1,3125,1,0,1,0,0,1
d000358,c_maya,0,med-features-v2,0,0,0,0,0,0,0,0,3650,0,1,0,1,1,1,2,1,0,0,0,0,0.33333333333333337,0.5,1,0,0,0,0,14,0,0,0,0,0
d000358,c_noah,1,med-features-v2,0,0,0,0,0,0,0,0,3650,0,1,0,1,1,1,2,1,0,0,0,0,0.40000000000000002,0.33333333333333337,1,0,0,0,0,14,0,0,0,0,0
d000715,c_lena,0,med-features-v2,21167,1,207.00243055555555,355,177,48,24,1.7149557087192011,1.7006250000000001,1,0,19914,0,1,1,1,0,0,0,0,1,0.46153846153846156,0.80000000000000004,1,0,0.6750870489901144,1,532,15,0,0,0,0,0
d000716,c_pat,0,med-features-v2,21177,1,207.02939814814815,417,417,56,56,2.0142066959089502,0.74914351851851857,1,0,417,0,1,0,1,0,0,0,0,1,0.77777777777777779,0.33333333333333337,1,0,0.45085940328344082,1,834,23,0,0,0,0,0
d000717,c_morgan_zhao,0,med-features-v2,21186,1,207.05636574074074,566,506,76,68,2.7335551745784019,0.03152777777777778,1,0,19930,0,1,1,1,0,0,0,0,1,0.81818181818181812,0.81818181818181812,1,1,0.31494022957788265,1,1072,15,0,0,0,0,0
d000718,c_fac_053,0,med-features-v2,21197,1,207.08333333333334,148,148,20,20,0.71468812877263577,1.8624074074074075,1,0,19941,0,1,1,1,0,0,0,0,1,0.75,0.75,1,0,0.40298546587822015,1,296,16,0,0,0,0,0
d000010,c_alex_chen,0,med-features-v2,21207,1,207.10782407407407,686,626,92,84,3.3122843285468808,0.058472222222222224,1,0,19951,0,1,1,1,0,0,0,0,1,0.88888888888888884,0.88888888888888884,1,1,0.17633200560796333,1,1312,17,0,0,0,0,0
d000719,c_chris,0,med-features-v2,21209,1,207.11273148148149,1524,448,204,60,7.35831152966212,0.0097916666666666673,1,0,19953,0,1,1,4,1,1344,1,0.88188976377952755,1,0.33333333333333337,0.33333333333333337,1,0,0.44764043581496649,1,1972,28,0,0,0,0,0
d000719,c_noah,1,med-features-v2,21209,1,207.11273148148149,1704,1434,230,192,8.2274034426143388,0.0094444444444444445,1,0,19953,0,1,1,4,1,1344,1,0.78873239436619713,1,0.40000000000000002,0.33333333333333337,1,0,0.20706704767502127,1,3137,28,0,0,0,0,0
d000719,c_elena,2,med-features-v2,21209,1,207.11273148148149,1524,180,204,24,7.35831152966212,0.0097916666666666673,1,0,19953,0,1,1,4,1,1344,1,0.88188976377952755,1,0.45454545454545459,0.80000000000000004,1,0,0.3257193327782828,1,1704,28,0,0,0,0,0
d000719,c_marcus,3,med-features-v2,21209,1,207.11273148148149,387,119,52,16,1.8685476128472707,0.065833333333333327,1,0,19953,0,1,1,4,1,268,1,0.69250645994832039,1,0.41666666666666663,0.33333333333333337,1,0,0.6246355268963022,1,506,28,0,0,0,0,0
d000720,c_fac_001,0,med-features-v2,21219,1,207.13969907407409,149,149,20,20,0.71932131149189771,1.0231712962962962,1,0,19960,0,1,1,1,0,0,0,0,1,0.75,0.75,1,0,0.2441588918895673,1,298,26,0,0,0,0,0
d000721,c_fac_020,0,med-features-v2,21230,1,207.16666666666666,149,149,20,20,0.71922767497988738,1.0131712962962962,1,0,19971,0,1,1,1,0,0,0,0,1,0.81818181818181812,0.81818181818181812,1,1,0.32117952907804337,1,298,15,0,0,0,0,0
d000722,c_fac_037,0,med-features-v2,21241,1,207.19361111111112,149,149,20,20,0.71913414318598945,0.87900462962962966,1,0,19982,0,1,1,1,0,0,0,0,1,0.76923076923076916,0.76923076923076916,1,0,0.27808124440615178,1,298,15,0,0,0,0,0
d000723,c_fac_055,0,med-features-v2,21252,1,207.22057870370369,149,149,20,20,0.71904055539314493,1.0089814814814815,1,0,19993,0,1,1,1,0,0,0,0,1,0.83333333333333337,0.83333333333333337,1,1,0.3193749416311718,1,298,15,0,0,0,0,0
d000388,c_noah,0,med-features-v2,21261,1,207.24509259259258,1708,1437,230,192,8.2414496702106614,0.0094675925925925934,1,0,20002,0,1,1,5,1,1347,1,0.78864168618266983,1,0.40000000000000002,0.33333333333333337,1,0,0.60932021917596302,1,3144,17,0,0,0,0,0
d000388,c_elena,1,med-features-v2,21261,1,207.24509259259258,1527,180,204,24,7.3680876149951278,0.0098148148148148144,1,0,20002,0,1,1,5,1,1347,1,0.88212180746561886,1,0.45454545454545459,0.80000000000000004,1,0,0.74337470143062656,1,1707,17,0,0,0,0,0
d000388,c_taylor,2,med-features-v2,21261,1,207.24509259259258,1258,180,168,24,6.0701075439841983,0.0098148148148148144,1,0,20002,0,1,1,5,1,1078,1,0.85691573926868048,1,0.46153846153846156,0.33333333333333337,1,0,0.75942300350693537,1,1438,17,0,0,0,0,0
d000388,c_chris,3,med-features-v2,21261,1,207.24509259259258,1527,449,204,60,7.3680876149951278,0.0098148148148148144,1,0,20002,0,1,1,5,1,1347,1,0.88212180746561886,1,0.33333333333333337,0.33333333333333337,1,0,0.63051202891373714,1,1976,17,0,0,0,0,0
d000388,c_lena,4,med-features-v2,21261,1,207.24509259259258,358,179,48,24,1.7274232915312744,0.139375,1,0,20002,0,1,1,5,1,179,1,0.5,1,0.46153846153846156,0.80000000000000004,1,0,0.59501104340600219,1,537,17,0,0,0,0,0
d000724,c_alex_chen,0,med-features-v2,21263,1,207.25,688,628,92,84,3.3196622436670689,0.0094675925925925934,1,0,20004,0,1,1,1,0,0,0,0,1,0.88888888888888884,0.88888888888888884,1,1,0.29271562681173324,1,1316,26,0,0,0,0,0
d000725,c_fac_038,0,med-features-v2,21273,1,207.27694444444444,149,149,20,20,0.71884502349915635,0.200625,1,0,20014,0,1,1,1,0,0,0,0,1,0.76923076923076916,0.76923076923076916,1,0,0.47623786461231199,1,298,27,0,0,0,0,0
d000726,c_alex_chen,0,med-features-v2,21284,1,207.30391203703704,689,629,92,84,3.3236227586332423,0.053564814814814815,1,0,20025,0,1,1,1,0,0,0,0,1,0.88888888888888884,0.88888888888888884,1,1,0.40909985793460235,1,1318,14,0,0,0,0,0
d000727,c_fac_078,0,med-features-v2,21294,1,207.33087962962964,149,149,20,20,0.71865802270346624,0.23495370370370369,1,0,20032,0,1,1,1,0,0,0,0,1,0.80000000000000004,0.80000000000000004,1,1,0.42663423151215635,1,298,16,0,0,0,0,0
d000728,c_fac_077,0,med-features-v2,21305,1,207.35782407407407,149,149,20,20,0.71856463900186851,1.0221064814814815,1,0,20043,0,1,1,1,0,0,0,0,1,0.75,0.75,1,0,0.26002101009629752,1,298,15,0,0,0,0,0
d000011,c_jamie_li,0,med-features-v2,21315,1,210.00719907407407,570,510,76,68,2.7141926682187152,2.6931481481481483,1,0,20053,0,1,1,1,0,0,0,0,1,0.77777777777777779,0.77777777777777779,1,0,0.25300546955222597,1,1080,24,0,0,0,0,0
d000729,c_taylor,0,med-features-v2,21317,1,210.0120138888889,1261,180,168,24,6.0044183980215413,0.012013888888888888,1,0,20055,0,1,1,1,0,0,0,0,1,0.46153846153846156,0.33333333333333337,1,0,0.60971496718640039,1,1441,15,0,0,0,0,0
d000012,c_morgan_zhao,0,med-features-v2,21319,1,210.01680555555555,570,510,76,68,2.7140685170035996,2.6978472222222223,1,0,20057,0,1,1,1,0,0,0,0,1,0.81818181818181812,0.81818181818181812,1,1,0.25580786355596713,1,1080,24,0,0,0,0,0
d000080,c_chris,0,med-features-v2,21320,1,210.01921296296297,1532,451,204,60,7.2945707127764985,0.0092592592592592587,1,0,20058,0,1,1,2,1,0,0,0,1,0.33333333333333337,0.33333333333333337,1,0,0.36342358347153908,1,1983,26,0,0,0,0,0
d000080,c_lee,1,med-features-v2,21320,1,210.01921296296297,420,420,56,56,1.9998170361397711,2.6978009259259261,1,0,420,0,1,0,2,1,0,0,0,1,0.5,0.5,1,0,0.091892021823021752,1,840,26,0,0,0,0,0
d000730,c_marcus,0,med-features-v2,572,1,210.03331018518517,120,120,16,16,0.57133794584390774,3.7999768518518517,1,0,572,0,1,1,1,0,0,0,0,1,0.41666666666666663,0.33333333333333337,1,0,0.61321657487333903,1,240,14,0,0,0,0,0
d000731,c_fac_024,0,med-features-v2,21339,1,210.06969907407407,150,150,20,20,0.71404872126325802,3.9109027777777778,1,0,20074,0,1,1,1,0,0,0,0,1,0.75,0.75,1,0,0.35780505898277165,1,300,16,0,0,0,0,0
d000732,c_fac_079,0,med-features-v2,21350,1,210.09613425925926,150,150,20,20,0.71395887662977919,3.7392824074074076,1,0,20085,0,1,1,1,0,0,0,0,1,0.83333333333333337,0.83333333333333337,1,1,0.41804052396835678,1,300,16,0,0,0,0,0
d000733,c_chris,0,med-features-v2,21361,1,210.12259259259258,1537,453,204,60,7.3147774403302481,0.0092824074074074076,1,0,20096,0,1,1,1,0,0,0,0,1,0.33333333333333337,0.33333333333333337,1,0,0.35149841886632327,1,1990,19,0,0,0,0,0
d000734,c_fac_007,0,med-features-v2,21371,1,210.14902777777777,150,150,20,20,0.7137791765499748,2.9991898148148146,1,0,20103,0,1,1,1,0,0,0,0,1,0.84615384615384615,0.84615384615384615,1,1,0.27633858093770836,1,300,26,0,0,0,0,0
d000735,c_fac_026,0,med-features-v2,21382,1,210.17546296296297,150,150,20,20,0.71368939972994339,2.9986574074074075,1,0,20114,0,1,1,1,0,0,0,0,1,0.76923076923076916,0.76923076923076916,1,0,0.30463207319195595,1,300,15,0,0,0,0,0
d000736,c_fac_043,0,med-features-v2,21393,1,210.20192129629629,150,150,20,20,0.71359956690673199,2.9221759259259259,1,0,20125,0,1,1,1,0,0,0,0,1,0.75,0.75,1,0,0.31132633629411299,1,300,25,0,0,0,0,0
d000737,c_fac_061,0,med-features-v2,21404,1,210.22835648148148,150,150,20,20,0.71350983525960798,2.997638888888889,1,0,20136,0,1,1,1,0,0,0,0,1,0.75,0.75,1,0,0.38613451968588619,1,300,26,0,0,0,0,0
d000738,c_sam,0,med-features-v2,21414,1,210.25479166666668,151,151,20,20,0.71817626035078463,0.19675925925925927,1,0,20146,0,1,1,1,0,0,0,0,1,0.45454545454545459,0.33333333333333337,1,0,0.44511753171362045,1,302,16,0,0,0,0,0
d000739,c_fac_054,0,med-features-v2,21425,1,210.28125,151,151,20,20,0.71808589686431867,0.19678240740740741,1,0,20157,0,1,1,1,0,0,0,0,1,0.80000000000000004,0.80000000000000004,1,1,0.39621137774213727,1,302,18,0,0,0,0,0
d000740,c_chris,0,med-features-v2,21436,1,210.30768518518519,1542,455,204,60,7.3321143668249738,0.0092824074074074076,1,0,20168,0,1,1,1,0,0,0,0,1,0.33333333333333337,0.33333333333333337,1,0,0.35302805151094385,1,1997,19,0,0,0,0,0
d000239,c_noah,0,med-features-v2,21443,1,210.32692129629629,1725,1450,230,192,8.2015178531041233,0.014074074074074074,1,0,20174,0,1,1,5,1,1360,1,0.78840579710144931,1,0.40000000000000002,0.33333333333333337,1,0,0.56988433440570696,1,3174,28,0,0,0,0,0
d000239,c_elena,1,med-features-v2,21443,1,210.32692129629629,1540,180,204,24,7.3219347790031017,0.02886574074074074,1,0,20174,0,1,1,5,1,1360,1,0.88311688311688308,1,0.45454545454545459,0.80000000000000004,1,0,0.71957607964110271,1,1720,28,0,0,0,0,0
d000239,c_taylor,2,med-features-v2,21443,1,210.32692129629629,1270,183,168,24,6.038218941125935,0.026111111111111113,1,0,20174,0,1,1,5,1,1087,1,0.85590551181102359,1,0.46153846153846156,0.33333333333333337,1,0,0.72282978532992948,1,1453,28,0,0,0,0,0
d000239,c_chris,3,med-features-v2,21443,1,210.32692129629629,1543,456,204,60,7.3361982883128478,0.018888888888888889,1,0,20174,0,1,1,5,1,1360,1,0.881399870382372,1,0.33333333333333337,0.33333333333333337,1,0,0.65865239754228966,1,1999,28,0,0,0,0,0
d000239,c_lena,4,med-features-v2,21443,1,210.32692129629629,362,180,48,24,1.7211301233760539,0.08414351851851852,1,0,20174,0,1,1,5,1,182,1,0.50276243093922657,1,0.46153846153846156,0.80000000000000004,1,0,0.54196045000614634,1,542,28,0,0,0,0,0
d000741,c_fac_063,0,med-features-v2,21447,1,210.33652777777777,150,150,20,20,0.71314289336598824,3.0469675925925928,1,0,20176,0,1,1,1,0,0,0,0,1,0.75,0.75,1,0,0.24974069114142877,1,300,14,0,0,0,0,0
d000205,c_dir_094,0,med-features-v2,21457,1,210.36055555555555,0,0,0,0,0,3650,0,1,20186,0,1,1,1,0,0,0,0,0,0.80000000000000004,0.80000000000000004,1,1,0,0,0,15,0,0,0,0,0
d000742,c_fac_083,0,med-features-v2,21459,1,210.36537037037036,150,150,20,20,0.71304511638920998,3.0316898148148148,1,0,20188,0,1,1,1,0,0,0,0,1,0.63636363636363635,0.63636363636363635,1,0,0.25986885408443167,1,300,14,0,0,0,0,0
d000743,c_marcus,0,med-features-v2,21467,1,211.01886574074075,393,120,52,16,1.862392723136151,0.72081018518518514,1,0,20196,0,1,1,1,0,0,0,0,1,0.41666666666666663,0.33333333333333337,1,0,0.62023950066645728,1,513,19,0,0,0,0,0
d000744,c_lee,0,med-features-v2,21477,1,211.04854166666667,423,423,56,56,2.0042782416762335,0.72368055555555555,1,0,423,0,1,0,1,0,0,0,0,1,0.5,0.5,1,0,0.25365867573703654,1,846,14,0,0,0,0,0
d000745,c_fac_035,0,med-features-v2,21488,1,211.07821759259258,150,150,20,20,0.71063704114423976,3.8891666666666667,1,0,20214,0,1,1,1,0,0,0,0,1,0.66666666666666674,0.66666666666666674,1,0,0.40576404316905412,1,300,27,0,0,0,0,0
d000746,c_noah,0,med-features-v2,21499,1,211.10789351851852,1729,1454,230,192,8.1901248275604193,0.083287037037037034,1,0,20225,0,1,1,4,1,1363,1,0.78831694621168302,1,0.40000000000000002,0.33333333333333337,1,0,0.60502576010052789,1,3182,17,0,0,0,0,0
d000746,c_elena,1,med-features-v2,21499,1,211.10789351851852,1544,181,204,24,7.3137956817543603,0.083634259259259255,1,0,20225,0,1,1,4,1,1363,1,0.88277202072538863,1,0.45454545454545459,0.80000000000000004,1,0,0.72023220041252922,1,1725,17,0,0,0,0,0
d000746,c_taylor,2,med-features-v2,21499,1,211.10789351851852,1273,183,168,24,6.0300919060060236,0.083634259259259255,1,0,20225,0,1,1,4,1,1090,1,0.85624509033778473,1,0.46153846153846156,0.33333333333333337,1,0,0.73468113080570296,1,1456,17,0,0,0,0,0
d000746,c_chris,3,med-features-v2,21499,1,211.10789351851852,1546,456,204,60,7.3232695103576688,0.083634259259259255,1,0,20225,0,1,1,4,1,1363,1,0.88163001293661059,1,0.33333333333333337,0.33333333333333337,1,0,0.60960956878496075,1,2002,17,0,0,0,0,0
d000747,c_fac_013,0,med-features-v2,21510,1,211.13756944444444,151,151,20,20,0.71517352594954386,0.97858796296296291,1,0,20236,0,1,1,1,0,0,0,0,1,0.76923076923076916,0.76923076923076916,1,0,0.2562415109192796,1,302,26,0,0,0,0,0
d000748,c_fac_032,0,med-features-v2,21521,1,211.16724537037038,151,151,20,20,0.71507302060581479,0.9818055555555556,1,0,20247,0,1,1,1,0,0,0,0,1,0.76923076923076916,0.76923076923076916,1,0,0.42205323549759027,1,302,26,0,0,0,0,0
d000749,c_fac_049,0,med-features-v2,21532,1,211.1969212962963,152,152,20,20,0.71970746101337979,0.91773148148148154,1,0,20258,0,1,1,1,0,0,0,0,1,0.72727272727272729,0.72727272727272729,1,0,0.25631439615560397,1,304,14,0,0,0,0,0
d000750,c_fac_067,0,med-features-v2,21543,1,211.22659722222221,151,151,20,20,0.7148720946403333,0.88490740740740736,1,0,20269,0,1,1,1,0,0,0,0,1,0.72727272727272729,0.72727272727272729,1,0,0.32691307923749913,1,302,15,0,0,0,0,0
d000149,c_fac_001,0,med-features-v2,21547,1,211.2374074074074,151,151,20,20,0.71483551068571261,1.0976388888888888,1,0,20273,0,1,1,1,0,0,0,0,1,0.75,0.75,1,0,0.015843291550588889,1,302,18,0,0,0,0,0
d000751,c_jamie_lee,0,med-features-v2,21551,1,211.25898148148147,576,576,76,76,2.7265112988840712,0.22895833333333335,1,0,20277,0,1,1,1,0,0,0,0,1,0.77777777777777779,0.77777777777777779,1,0,0.2780968966448491,1,1152,15,0,0,0,0,0
d000752,c_fac_005,0,med-features-v2,21562,1,211.28865740740741,151,151,20,20,0.71466212078219304,0.22627314814814814,1,0,20285,0,1,1,1,0,0,0,0,1,0.76923076923076916,0.76923076923076916,1,0,0.43431539409271086,1,302,16,0,0,0,0,0
d000753,c_fac_045,0,med-features-v2,21573,1,211.31833333333333,151,151,20,20,0.71456175911539466,0.234375,1,0,20296,0,1,1,1,0,0,0,0,1,0.76923076923076916,0.76923076923076916,1,0,0.44061764332215492,1,302,27,0,0,0,0,0
d000754,c_fac_074,0,med-features-v2,21584,1,211.34800925925927,152,152,20,20,0.71919295825276763,1.0568055555555556,1,0,20307,0,1,1,1,0,0,0,0,1,0.75,0.75,1,0,0.24838283288825241,1,304,14,0,0,0,0,0
d000755,c_lena,0,med-features-v2,21595,1,212.00243055555555,362,180,48,24,1.7075275932043494,1.7596527777777777,1,0,20318,0,1,1,1,0,0,0,0,1,0.46153846153846156,0.80000000000000004,1,0,0.56886672564001273,1,542,26,0,0,0,0,0
d000756,c_pat,0,med-features-v2,21605,1,212.02939814814815,425,425,56,56,2.004439024550011,0.75118055555555552,1,0,425,0,1,0,1,0,0,0,0,1,0.77777777777777779,0.33333333333333337,1,0,0.54402391487456436,1,850,14,0,0,0,0,0
d000757,c_fac_006,0,med-features-v2,21615,1,212.05636574074074,151,151,20,20,0.7120748272400933,1.9093981481481481,1,0,20335,0,1,1,1,0,0,0,0,1,0.81818181818181812,0.81818181818181812,1,1,0.35491490676303689,1,302,16,0,0,0,0,0
d000758,c_fac_061,0,med-features-v2,21626,1,212.08333333333334,151,151,20,20,0.71198428290766202,1.8546296296296296,1,0,20346,0,1,1,1,0,0,0,0,1,0.75,0.75,1,0,0.32001409902517375,1,302,18,0,0,0,0,0
d000759,c_taylor,0,med-features-v2,21637,1,212.11027777777778,1282,184,168,24,6.044025840855844,0.01224537037037037,1,0,20357,0,1,1,1,0,0,0,0,1,0.46153846153846156,0.33333333333333337,1,0,0.63714697133531606,1,1466,15,0,0,0,0,0
d000760,c_pat,0,med-features-v2,21647,1,212.13724537037038,427,427,56,56,2.0128478582556344,0.0094675925925925934,1,0,427,0,1,0,1,0,0,0,0,1,0.77777777777777779,0.33333333333333337,1,0,0.1511118292935307,1,854,16,0,0,0,0,0
d000761,c_fac_015,0,med-features-v2,21658,1,212.16421296296295,152,152,20,20,0.71642619590389789,0.86981481481481482,1,0,20372,0,1,1,1,0,0,0,0,1,0.76923076923076916,0.76923076923076916,1,0,0.20623282053418754,1,304,14,0,0,0,0,0
d000762,c_fac_034,0,med-features-v2,21669,1,212.19115740740742,153,153,20,20,0.72104795444533876,1.0181712962962963,1,0,20383,0,1,1,1,0,0,0,0,1,0.7142857142857143,0.7142857142857143,1,0,0.27900427724884636,1,306,19,0,0,0,0,0
d000763,c_fac_050,0,med-features-v2,21680,1,212.21812499999999,152,152,20,20,0.71624419450506416,0.89673611111111107,1,0,20394,0,1,1,1,0,0,0,0,1,0.75,0.75,1,0,0.26577307377105347,1,304,14,0,0,0,0,0
d000764,c_noah,0,med-features-v2,21691,1,212.24509259259258,1743,1466,229,192,8.2122040076832903,0.0094675925925925934,1,0,20405,0,1,1,5,1,1375,1,0.78886976477337922,1,0.40000000000000002,0.33333333333333337,1,0,0.56980616604667811,1,3208,28,0,0,0,0,0
d000764,c_elena,1,med-features-v2,21691,1,212.24509259259258,1558,183,204,24,7.3405701916067514,0.0098148148148148144,1,0,20405,0,1,1,5,1,1375,1,0.88254172015404364,1,0.45454545454545459,0.80000000000000004,1,0,0.72139628300342962,1,1741,28,0,0,0,0,0
d000764,c_taylor,2,med-features-v2,21691,1,212.24509259259258,1285,185,168,24,6.0543213711262354,0.0098148148148148144,1,0,20405,0,1,1,5,1,1100,1,0.85603112840466922,1,0.46153846153846156,0.33333333333333337,1,0,0.72275853182837357,1,1470,28,0,0,0,0,0
d000764,c_chris,3,med-features-v2,21691,1,212.24509259259258,1558,458,204,60,7.3405701916067514,0.0098148148148148144,1,0,20405,0,1,1,5,1,1375,1,0.88254172015404364,1,0.33333333333333337,0.33333333333333337,1,0,0.66013938521074178,1,2016,28,0,0,0,0,0
d000764,c_lena,4,med-features-v2,21691,1,212.24509259259258,365,182,48,24,1.7197099614483082,0.14425925925925925,1,0,20405,0,1,1,5,1,183,1,0.50136986301369868,1,0.46153846153846156,0.80000000000000004,1,0,0.54396147709972198,1,547,28,0,0,0,0,0
d000765,c_fac_036,0,med-features-v2,21701,1,212.27203703703702,152,152,20,20,0.71606228555426343,0.200625,1,0,20415,0,1,1,1,0,0,0,0,1,0.69230769230769229,0.69230769230769229,1,0,0.43098186402006305,1,304,27,0,0,0,0,0
d000766,c_taylor,0,med-features-v2,21712,1,212.29900462962962,1286,185,168,24,6.0574942508256999,0.053912037037037036,1,0,20426,0,1,1,1,0,0,0,0,1,0.46153846153846156,0.33333333333333337,1,0,0.61069738000640628,1,1471,15,0,0,0,0,0
d000767,c_ren,0,med-features-v2,21722,1,212.32597222222222,428,428,56,56,2.0157684692104056,0.18592592592592594,1,0,428,0,1,0,1,0,0,0,0,1,0.54545454545454541,0.5,1,0,0.45426900347228183,1,856,16,0,0,0,0,0
d000081,c_fac_064,0,med-features-v2,21726,1,212.33576388888889,153,153,20,20,0.72055690100355341,1.1115046296296296,1,0,20437,0,1,1,2,1,0,0,0,1,0.66666666666666674,0.66666666666666674,1,0,0.26755254530267381,1,306,19,0,0,0,0,0
d000081,c_pat,1,med-features-v2,21726,1,212.33576388888889,429,429,56,56,2.0203850361472182,0.011898148148148149,1,0,429,0,1,0,2,1,0,0,0,1,0.77777777777777779,0.33333333333333337,1,0,0.025305704510002129,1,858,19,0,0,0,0,0
d000768,c_fac_075,0,med-features-v2,21733,1,212.35293981481482,152,152,20,20,0.71578947827401684,1.0180787037037038,1,0,20444,0,1,1,1,0,0,0,0,1,0.72727272727272729,0.72727272727272729,1,0,0.28476926192892948,1,304,15,0,0,0,0,0
d000769,c_avery,0,med-features-v2,704,1,213.00254629629629,122,122,16,16,0.5727631059879088,1.7648379629629629,1,0,704,0,1,1,2,1,122,1,1,1,0.5,0.30000000000000004,1,0,0.46546189809911759,1,244,18,0,0,0,0,0
d000769,c_devon,1,med-features-v2,704,1,213.00254629629629,122,0,16,0,0.5727631059879088,1.7651851851851852,1,0,704,0,1,1,2,1,122,1,1,1,0.45454545454545459,0.40000000000000002,1,0,0.61345579722810573,1,122,18,0,0,0,0,0
d000770,c_alex_chan,0,med-features-v2,21752,1,213.03432870370369,583,583,76,76,2.7366481428017111,0.010231481481481482,1,0,20463,0,1,1,1,0,0,0,0,1,0.88888888888888884,0.88888888888888884,1,1,0.32967147061363539,1,1166,15,0,0,0,0,0
d000771,c_fac_007,0,med-features-v2,21762,1,213.06337962962962,152,152,20,20,0.71340274553150917,1.93625,1,0,20470,0,1,1,1,0,0,0,0,1,0.84615384615384615,0.84615384615384615,1,1,0.4241799630337269,1,304,27,0,0,0,0,0
d000772,c_fac_062,0,med-features-v2,21773,1,213.09240740740742,152,152,20,20,0.71330556470458384,1.8735416666666667,1,0,20481,0,1,1,1,0,0,0,0,1,0.75,0.75,1,0,0.39337773024413336,1,304,18,0,0,0,0,0
d000773,c_chris,0,med-features-v2,21784,1,213.12145833333332,1565,460,204,60,7.3432305326676985,0.013194444444444444,1,0,20492,0,1,1,1,0,0,0,0,1,0.33333333333333337,0.33333333333333337,1,0,0.35409907694938508,1,2025,14,0,0,0,0,0
d000774,c_fac_019,0,med-features-v2,21795,1,213.15050925925925,154,154,20,20,0.72249416872228389,0.98106481481481478,1,0,20503,0,1,1,1,0,0,0,0,1,0.75,0.75,1,0,0.27924569569702445,1,308,15,0,0,0,0,0
d000775,c_fac_036,0,med-features-v2,21806,1,213.17956018518518,153,153,20,20,0.71770482998975937,0.90717592592592589,1,0,20514,0,1,1,1,0,0,0,0,1,0.69230769230769229,0.69230769230769229,1,0,0.21434834530162764,1,306,14,0,0,0,0,0
d000776,c_fac_054,0,med-features-v2,21817,1,213.20861111111111,154,154,20,20,0.72229728057158415,0.98523148148148143,1,0,20525,0,1,1,1,0,0,0,0,1,0.80000000000000004,0.80000000000000004,1,1,0.33632854818494717,1,308,15,0,0,0,0,0
d000150,c_fac_002,0,med-features-v2,21828,1,213.23766203703704,153,153,20,20,0.71750927363584383,0.17659722222222221,1,0,20536,0,1,1,1,0,0,0,0,1,0.76923076923076916,0.76923076923076916,1,0,0.018781184518516025,1,306,18,0,0,0,0,0
d000777,c_avery,0,med-features-v2,707,1,213.23756944444443,123,123,16,16,0.57682143123491958,0.23467592592592593,1,0,707,0,1,1,2,1,123,1,1,1,0.5,0.30000000000000004,1,0,0.55104030718506325,1,246,25,0,0,0,0,0
d000777,c_devon,1,med-features-v2,707,1,213.23756944444443,123,0,16,0,0.57682143123491958,0.23502314814814815,1,0,707,0,1,1,2,1,123,1,1,1,0.45454545454545459,0.40000000000000002,1,0,0.73186752284886514,1,123,25,0,0,0,0,0
d000778,c_jamie_lee,0,med-features-v2,21836,1,213.26935185185187,585,585,76,76,2.7430101649409608,0.010208333333333333,1,0,20544,0,1,1,1,0,0,0,0,1,0.77777777777777779,0.77777777777777779,1,0,0.31974447498565534,1,1170,26,0,0,0,0,0
d000779,c_chris,0,med-features-v2,21847,1,213.29840277777777,1568,461,204,60,7.3512036638811633,0.063379629629629633,1,0,20552,0,1,1,1,0,0,0,0,1,0.33333333333333337,0.33333333333333337,1,0,0.36344484154531587,1,2029,26,0,0,0,0,0
d000780,c_fac_062,0,med-features-v2,21858,1,213.3274537037037,153,153,20,20,0.71720726678013913,0.23469907407407409,1,0,20563,0,1,1,1,0,0,0,0,1,0.75,0.75,1,0,0.40036669783157458,1,306,18,0,0,0,0,0
d000781,c_fac_079,0,med-features-v2,21869,1,213.35650462962963,154,154,20,20,0.72179660173629145,0.99833333333333329,1,0,20574,0,1,1,1,0,0,0,0,1,0.83333333333333337,0.83333333333333337,1,1,0.32562642664137847,1,308,15,0,0,0,0,0
d000782,c_chris,0,med-features-v2,21880,1,214.00979166666667,1571,462,204,60,7.3407856143653865,0.0097916666666666673,1,0,20585,0,1,1,4,1,1385,1,0.88160407383831951,1,0.33333333333333337,0.33333333333333337,1,0,0.44350393216919531,1,2033,21,0,0,0,0,0
d000782,c_noah,1,med-features-v2,21880,1,214.00979166666667,1756,1478,229,192,8.2052320425369949,0.0094444444444444445,1,0,20585,0,1,1,4,1,1385,1,0.78872437357630976,1,0.40000000000000002,0.33333333333333337,1,0,0.19327260167362922,1,3233,21,0,0,0,0,0
d000782,c_elena,2,med-features-v2,21880,1,214.00979166666667,1571,186,204,24,7.3407856143653865,0.0097916666666666673,1,0,20585,0,1,1,4,1,1385,1,0.88160407383831951,1,0.45454545454545459,0.80000000000000004,1,0,0.29544765684155433,1,1757,21,0,0,0,0,0
d000782,c_marcus,3,med-features-v2,21880,1,214.00979166666667,398,122,52,16,1.8597279914178382,1.7132407407407408,1,0,20585,0,1,1,4,1,276,1,0.69346733668341709,1,0.41666666666666663,0.33333333333333337,1,0,0.6651711997057469,1,520,21,0,0,0,0,0
d000783,c_priya,0,med-features-v2,21890,1,214.03675925925927,308,308,40,40,1.4390051553103762,0.79874999999999996,1,0,20592,0,1,1,1,0,0,0,0,1,0.45454545454545459,0.40000000000000002,1,0,0.36219954178007691,1,616,17,0,0,0,0,0
d000240,c_noah,0,med-features-v2,21892,1,214.04409722222223,1759,1480,229,192,8.2179327663205424,0.0094444444444444445,1,0,20594,0,1,1,6,1,1387,0.80000000000000004,0.78851620238772024,1,0.40000000000000002,0.33333333333333337,1,0,0.57048504144251844,1,3238,28,0,0,0,0,0
d000240,c_elena,1,med-features-v2,21892,1,214.04409722222223,1573,186,204,24,7.3489529513486147,0.0097916666666666673,1,0,20594,0,1,1,6,1,1387,0.80000000000000004,0.88175460902733627,1,0.45454545454545459,0.80000000000000004,1,0,0.72263210605425576,1,1759,28,0,0,0,0,0
d000240,c_taylor,2,med-features-v2,21892,1,214.04409722222223,1296,186,168,24,6.054827097868916,0.0097916666666666673,1,0,20594,0,1,1,6,1,1110,0.80000000000000004,0.85648148148148151,1,0.46153846153846156,0.33333333333333337,1,0,0.72316945166175317,1,1482,28,0,0,0,0,0
d000240,c_chris,3,med-features-v2,21892,1,214.04409722222223,1573,463,204,60,7.3489529513486147,0.0097916666666666673,1,0,20594,0,1,1,6,1,1387,0.80000000000000004,0.88175460902733627,1,0.33333333333333337,0.33333333333333337,1,0,0.66057128081370897,1,2036,28,0,0,0,0,0
d000240,c_lena,4,med-features-v2,21892,1,214.04409722222223,368,184,48,24,1.7192718919874701,0.041319444444444443,1,0,20594,0,1,1,6,1,184,0.80000000000000004,0.5,1,0.46153846153846156,0.80000000000000004,1,0,0.54557988465231799,1,552,28,0,0,0,0,0
d000240,c_alex_chen,5,med-features-v2,21892,1,214.04409722222223,708,646,92,84,3.3077296182802414,0.0045370370370370373,1,0,20594,0,1,1,6,1,0,0,0,1,0.88888888888888884,0.88888888888888884,1,1,0.19047525756238584,1,1354,28,0,0,0,0,0
d000784,c_fac_018,0,med-features-v2,21900,1,214.06615740740742,153,153,20,20,0.71473231384638136,1.8991435185185186,1,0,20602,0,1,1,1,0,0,0,0,1,0.66666666666666674,0.66666666666666674,1,0,0.37058574527312227,1,306,16,0,0,0,0,0
d000785,c_fac_073,0,med-features-v2,21911,1,214.09312499999999,153,153,20,20,0.71464228475342217,1.7447453703703704,1,0,20613,0,1,1,1,0,0,0,0,1,0.72727272727272729,0.72727272727272729,1,0,0.38356973429707747,1,306,16,0,0,0,0,0
d000786,c_morgan_shaw,0,med-features-v2,21922,1,214.12009259259258,587,587,76,76,2.7414522051271852,0.1025925925925926,1,0,20624,0,1,1,1,0,0,0,0,1,0.81818181818181812,0.81818181818181812,1,1,0.35886366843699313,1,1174,17,0,0,0,0,0
d000787,c_fac_006,0,med-features-v2,21932,1,214.14703703703702,154,154,20,20,0.71913206052608369,1.0146527777777778,1,0,20631,0,1,1,1,0,0,0,0,1,0.81818181818181812,0.81818181818181812,1,1,0.26963211960157774,1,308,26,0,0,0,0,0
d000788,c_fac_025,0,med-features-v2,21943,1,214.17400462962962,154,154,20,20,0.71904151143978312,1.0125694444444444,1,0,20642,0,1,1,1,0,0,0,0,1,0.75,0.75,1,0,0.37352022519230982,1,308,26,0,0,0,0,0
d000789,c_fac_042,0,med-features-v2,21954,1,214.20097222222222,154,154,20,20,0.71895098515348066,0.88372685185185185,1,0,20653,0,1,1,1,0,0,0,0,1,0.66666666666666674,0.66666666666666674,1,0,0.30160822215868066,1,308,15,0,0,0,0,0
d000790,c_fac_060,0,med-features-v2,21965,1,214.22793981481482,154,154,20,20,0.71886048165856564,1.0084027777777778,1,0,20664,0,1,1,1,0,0,0,0,1,0.69230769230769229,0.69230769230769229,1,0,0.30167371245421254,1,308,15,0,0,0,0,0
d000791,c_noah,0,med-features-v2,309,1,214.24252314814814,123,401,16,52,0.5741157179844536,0.13233796296296296,1,0,309,0,1,1,1,0,0,0,0,1,0.40000000000000002,0.33333333333333337,1,0,0.59527220244237822,1,524,15,0,0,0,0,0
d000792,c_fac_048,0,med-features-v2,21985,1,214.28185185185185,154,154,20,20,0.71867962064501412,0.200625,1,0,20684,0,1,1,1,0,0,0,0,1,0.75,0.75,1,0,0.33799535661752622,1,308,16,0,0,0,0,0
d000793,c_elena,0,med-features-v2,2013,1,214.30847222222224,402,402,52,52,1.8758007830094339,0.18592592592592594,1,0,2013,0,1,1,3,1,278,1,0.69154228855721389,1,0.45454545454545459,0.80000000000000004,1,0,0.54421731172050336,1,804,28,0,0,0,0,0
d000793,c_taylor,1,med-features-v2,2013,1,214.30847222222224,402,124,52,16,1.8758007830094339,0.053587962962962962,1,0,2013,0,1,1,3,1,278,1,0.69154228855721389,1,0.46153846153846156,0.33333333333333337,1,0,0.653865720523227,1,526,28,0,0,0,0,0
d000793,c_lena,2,med-features-v2,2013,1,214.30847222222224,278,0,36,0,1.2971955663597579,0.18627314814814816,1,0,2013,0,1,1,3,1,278,1,1,1,0.46153846153846156,0.80000000000000004,1,0,0.71409756991058038,1,278,28,0,0,0,0,0
d000325,c_fac_013,0,med-features-v2,21997,1,214.31267361111111,155,155,20,20,0.72324234208034244,0.047627314814814817,1,0,20696,0,1,1,1,0,0,0,0,1,0.76923076923076916,0.76923076923076916,1,0,0.33442284958732954,1,310,18,0,0,0,0,0
d000794,c_fac_088,0,med-features-v2,22007,1,214.33576388888889,154,154,20,20,0.71849885061567798,0.23493055555555556,1,0,20703,0,1,1,1,0,0,0,0,1,0.63636363636363635,0.63636363636363635,1,0,0.35799724810746913,1,308,18,0,0,0,0,0
d000795,c_fac_081,0,med-features-v2,22018,1,214.36273148148149,154,154,20,20,0.71840846090965138,1.0006018518518518,1,0,20714,0,1,1,1,0,0,0,0,1,0.66666666666666674,0.66666666666666674,1,0,0.26513465722975388,1,308,26,0,0,0,0,0
d000796,c_jamie_li,0,med-features-v2,22029,1,217.01442129629629,589,527,76,68,2.7141053413948959,2.7003703703703703,1,0,20725,0,1,1,1,0,0,0,0,1,0.77777777777777779,0.77777777777777779,1,0,0.41443739888118625,1,1116,25,0,0,0,0,0
d000797,c_maya,0,med-features-v2,652,1,217.03571759259259,652,714,84,92,3.0041138262039349,0.035717592592592592,1,0,652,0,1,1,1,0,0,0,0,1,0.33333333333333337,0.5,1,0,0.41371229511597091,1,1366,25,0,0,0,0,0
d000798,c_fac_019,0,med-features-v2,22049,1,217.06729166666668,155,155,20,20,0.71406428306122427,3.9164351851851853,1,0,20742,0,1,1,1,0,0,0,0,1,0.75,0.75,1,0,0.33666706835930249,1,310,18,0,0,0,0,0
d000799,c_fac_074,0,med-features-v2,22060,1,217.09372685185184,155,155,20,20,0.71397733249922246,3.7447916666666665,1,0,20753,0,1,1,1,0,0,0,0,1,0.75,0.75,1,0,0.35940219398738332,1,310,16,0,0,0,0,0
d000800,c_morgan_shaw,0,med-features-v2,22071,1,217.12018518518519,591,591,76,76,2.721994730687646,0.064560185185185179,1,0,20764,0,1,1,1,0,0,0,0,1,0.81818181818181812,0.81818181818181812,1,1,0.36411222911932961,1,1182,17,0,0,0,0,0
d000801,c_fac_006,0,med-features-v2,22081,1,217.14662037037036,155,155,20,20,0.71380341879430764,2.9992361111111112,1,0,20771,0,1,1,1,0,0,0,0,1,0.81818181818181812,0.81818181818181812,1,1,0.29432351665570611,1,310,15,0,0,0,0,0
d000802,c_fac_023,0,med-features-v2,22092,1,217.17305555555555,155,155,20,20,0.71371653174695548,2.9031018518518517,1,0,20782,0,1,1,1,0,0,0,0,1,0.84615384615384615,0.84615384615384615,1,1,0.27365117285931284,1,310,25,0,0,0,0,0
d000803,c_fac_042,0,med-features-v2,22103,1,217.1995138888889,155,155,20,20,0.71362958979407365,2.9981944444444446,1,0,20793,0,1,1,1,0,0,0,0,1,0.66666666666666674,0.66666666666666674,1,0,0.31227305425040486,1,310,19,0,0,0,0,0
d000082,c_fac_052,0,med-features-v2,22110,1,217.21634259259258,155,155,20,20,0.71357430177671055,2.9978703703703702,1,0,20800,0,1,1,2,1,0,0,0,1,0.72727272727272729,0.72727272727272729,1,0,0.30046828514810875,1,310,26,0,0,0,0,0
d000082,c_ren,1,med-features-v2,22110,1,217.21634259259258,436,436,56,56,2.0072154553202952,0.078981481481481486,1,0,436,0,1,0,2,1,0,0,0,1,0.54545454545454541,0.5,1,0,0.092508876581322771,1,872,26,0,0,0,0,0
d000804,c_fac_061,0,med-features-v2,22115,1,217.22835648148148,155,155,20,20,0.71353483730478628,2.997638888888889,1,0,20805,0,1,1,1,0,0,0,0,1,0.75,0.75,1,0,0.32238897712487746,1,310,15,0,0,0,0,0
d000805,c_sam,0,med-features-v2,22125,1,217.25479166666668,156,156,20,20,0.71805090605021171,0.19675925925925927,1,0,20815,0,1,1,1,0,0,0,0,1,0.45454545454545459,0.33333333333333337,1,0,0.44675488451849449,1,312,16,0,0,0,0,0
d000806,c_fac_054,0,med-features-v2,22136,1,217.28125,156,156,20,20,0.71796346900618435,0.19678240740740741,1,0,20826,0,1,1,1,0,0,0,0,1,0.80000000000000004,0.80000000000000004,1,1,0.29834927709178011,1,312,16,0,0,0,0,0
d000807,c_chris,0,med-features-v2,22147,1,217.30768518518519,1593,470,204,60,7.3306197092959584,0.0092824074074074076,1,0,20837,0,1,1,1,0,0,0,0,1,0.33333333333333337,0.33333333333333337,1,0,0.35631394629259378,1,2063,14,0,0,0,0,0
d000808,c_fac_089,0,med-features-v2,22157,1,217.33412037037036,156,156,20,20,0.71778881168843756,0.23282407407407407,1,0,20844,0,1,1,1,0,0,0,0,1,0.80000000000000004,0.80000000000000004,1,1,0.37797699261524065,1,312,18,0,0,0,0,0
d000809,c_fac_081,0,med-features-v2,22168,1,217.36055555555555,155,155,20,20,0.7131008641555634,2.997476851851852,1,0,20855,0,1,1,1,0,0,0,0,1,0.66666666666666674,0.66666666666666674,1,0,0.36866240242778364,1,310,26,0,0,0,0,0
d000810,c_noah,0,med-features-v2,22177,1,218.01347222222222,1784,1500,229,192,8.1829805370080972,0.013125,1,0,20864,0,1,1,1,0,0,0,0,1,0.40000000000000002,0.33333333333333337,1,0,0.5524529918995984,1,3283,15,0,0,0,0,0
d000811,c_jamie_li,0,med-features-v2,22186,1,218.04314814814813,593,531,76,68,2.7196451942488449,0.010439814814814815,1,0,20873,0,1,1,1,0,0,0,0,1,0.77777777777777779,0.77777777777777779,1,0,0.30894587184111655,1,1124,26,0,0,0,0,0
d000812,c_fac_025,0,med-features-v2,22197,1,218.07282407407408,155,155,20,20,0.7107717371851443,3.8984722222222223,1,0,20881,0,1,1,1,0,0,0,0,1,0.75,0.75,1,0,0.42620931838908049,1,310,27,0,0,0,0,0
d000813,c_fac_080,0,med-features-v2,22208,1,218.10249999999999,155,155,20,20,0.71067502665031357,3.7418749999999998,1,0,20892,0,1,1,1,0,0,0,0,1,0.75,0.75,1,0,0.37439077609576399,1,310,16,0,0,0,0,0
d000814,c_fac_009,0,med-features-v2,22219,1,218.13217592592594,158,158,20,20,0.72433147163788514,0.87222222222222223,1,0,20903,0,1,1,1,0,0,0,0,1,0.69230769230769229,0.69230769230769229,1,0,0.27562652587126862,1,316,15,0,0,0,0,0
d000815,c_fac_028,0,med-features-v2,22230,1,218.16185185185185,156,156,20,20,0.71506543731548278,0.98122685185185188,1,0,20914,0,1,1,1,0,0,0,0,1,0.75,0.75,1,0,0.28775378712152766,1,312,14,0,0,0,0,0
d000816,c_fac_047,0,med-features-v2,22241,1,218.19152777777776,156,156,20,20,0.71496818226087044,0.98206018518518523,1,0,20925,0,1,1,1,0,0,0,0,1,0.84615384615384615,0.84615384615384615,1,1,0.3335012304180362,1,312,15,0,0,0,0,0
d000817,c_fac_063,0,med-features-v2,22252,1,218.22120370370371,156,156,20,20,0.7148709536577097,0.88432870370370376,1,0,20936,0,1,1,1,0,0,0,0,1,0.75,0.75,1,0,0.3012540454466171,1,312,19,0,0,0,0,0
d000818,c_marcus,0,med-features-v2,22259,1,218.25087962962962,407,125,52,16,1.8648263901189148,0.23166666666666666,1,0,20943,0,1,1,1,0,0,0,0,1,0.41666666666666663,0.33333333333333337,1,0,0.62101116526250755,1,532,19,0,0,0,0,0
d000819,c_morgan_zhao,0,med-features-v2,22270,1,218.28055555555557,595,533,76,68,2.7258497601201306,0.010439814814814815,1,0,20952,0,1,1,1,0,0,0,0,1,0.81818181818181812,0.81818181818181812,1,1,0.31989752284467843,1,1128,15,0,0,0,0,0
d000820,c_fac_035,0,med-features-v2,22281,1,218.31023148148148,156,156,20,20,0.71457942644906658,0.23166666666666666,1,0,20962,0,1,1,1,0,0,0,0,1,0.66666666666666674,0.66666666666666674,1,0,0.42262743329076585,1,312,27,0,0,0,0,0
d000821,c_fac_085,0,med-features-v2,22292,1,218.3399074074074,156,156,20,20,0.71448230354387132,0.23435185185185184,1,0,20973,0,1,1,1,0,0,0,0,1,0.75,0.75,1,0,0.41071047342204886,1,312,16,0,0,0,0,0
d000326,c_fac_014,0,med-features-v2,22297,1,218.35315972222222,158,158,20,20,0.72359841369366751,0.21253472222222222,1,0,20978,0,1,1,1,0,0,0,0,1,0.76923076923076916,0.76923076923076916,1,0,0.06276300143700822,1,316,21,0,0,0,0,0
d000822,c_fac_088,0,med-features-v2,22304,1,218.36958333333334,156,156,20,20,0.71438520703623631,0.99664351851851851,1,0,20985,0,1,1,1,0,0,0,0,1,0.63636363636363635,0.63636363636363635,1,0,0.29500401912026875,1,312,19,0,0,0,0,0
d000823,c_elena,0,med-features-v2,2041,1,219.02168981481481,408,408,52,52,1.8628292035595579,0.77620370370370373,1,0,2041,0,1,1,3,1,282,1,0.69117647058823528,1,0.45454545454545459,0.80000000000000004,1,0,0.54671342283084423,1,816,28,0,0,0,0,0
d000823,c_taylor,1,med-features-v2,2041,1,219.02168981481481,406,124,52,16,1.8536976878558347,1.7119444444444445,1,0,2041,0,1,1,3,1,282,1,0.69458128078817738,1,0.46153846153846156,0.33333333333333337,1,0,0.65861716527918623,1,530,28,0,0,0,0,0
d000823,c_lena,2,med-features-v2,2041,1,219.02168981481481,282,0,36,0,1.2875437142249886,1.7119444444444445,1,0,2041,0,1,1,3,1,282,1,1,1,0.46153846153846156,0.80000000000000004,1,0,0.71998030427210524,1,282,28,0,0,0,0,0
d000824,c_morgan_shaw,0,med-features-v2,22325,1,219.04900462962962,597,597,76,76,2.7254175430261092,0.029050925925925924,1,0,21003,0,1,1,2,1,62,1,0.10385259631490787,1,0.81818181818181812,0.81818181818181812,1,1,0.27067141254783905,1,1194,27,0,0,0,0,0
d000824,c_morgan_zhao,1,med-features-v2,22325,1,219.04900462962962,597,535,76,68,2.7254175430261092,0.024166666666666666,1,0,21003,0,1,1,2,1,62,1,0.10385259631490787,1,0.81818181818181812,0.81818181818181812,1,1,0.25399242423591128,1,1132,27,0,0,0,0,0
d000825,c_fac_046,0,med-features-v2,22335,1,219.07597222222222,156,156,20,20,0.7120817423179554,1.8689120370370371,1,0,21013,0,1,1,1,0,0,0,0,1,0.81818181818181812,0.81818181818181812,1,1,0.45363766913681253,1,312,27,0,0,0,0,0
d000013,c_alex_chen,0,med-features-v2,22346,1,219.10293981481482,724,661,92,84,3.304382865021906,0.061273148148148146,1,0,21024,0,1,1,1,0,0,0,0,1,0.88888888888888884,0.88888888888888884,1,1,0.18251231365678997,1,1385,18,0,0,0,0,0
d000826,c_alex_chen,0,med-features-v2,22347,1,219.10537037037037,724,661,92,84,3.3043462092059546,0.063703703703703707,1,0,21025,0,1,1,1,0,0,0,0,1,0.88888888888888884,0.88888888888888884,1,1,0.44402682454676307,1,1385,25,0,0,0,0,0
d000827,c_sam,0,med-features-v2,22357,1,219.13233796296296,158,158,20,20,0.72102548381838849,1.0213888888888889,1,0,21032,0,1,1,1,0,0,0,0,1,0.45454545454545459,0.33333333333333337,1,0,0.30761709067239768,1,316,14,0,0,0,0,0
d000828,c_fac_013,0,med-features-v2,22368,1,219.15930555555556,158,158,21,21,0.7209367615008615,1.0213888888888889,1,0,21040,0,1,1,1,0,0,0,0,1,0.76923076923076916,0.76923076923076916,1,0,0.30728462108768478,1,316,15,0,0,0,0,0
d000829,c_fac_030,0,med-features-v2,22379,1,219.18627314814816,157,157,20,20,0.71628573151514641,0.87837962962962968,1,0,21051,0,1,1,1,0,0,0,0,1,0.81818181818181812,0.81818181818181812,1,1,0.25453602791597452,1,314,15,0,0,0,0,0
d000206,c_dir_095,0,med-features-v2,22386,1,219.20342592592593,0,0,0,0,0,3650,0,1,21058,0,1,1,1,0,0,0,0,0,0.83333333333333337,0.83333333333333337,1,1,0,0,0,28,0,0,0,0,0
d000830,c_fac_049,0,med-features-v2,22391,1,219.21567129629631,158,158,20,20,0.72075139092790508,1.0184027777777778,1,0,21063,0,1,1,1,0,0,0,0,1,0.72727272727272729,0.72727272727272729,1,0,0.29432480283432505,1,316,14,0,0,0,0,0
d000241,c_noah,0,med-features-v2,22399,1,219.23527777777778,1799,1513,229,192,8.2057961576033858,0.031504629629629632,1,0,21071,0,1,1,5,1,1419,1,0.78877153974430236,1,0.40000000000000002,0.33333333333333337,1,0,0.57166075657264748,1,3311,28,0,0,0,0,0
d000241,c_elena,1,med-features-v2,22399,1,219.23527777777778,1608,189,204,24,7.3345860041279849,0.031851851851851853,1,0,21071,0,1,1,5,1,1419,1,0.8824626865671642,1,0.45454545454545459,0.80000000000000004,1,0,0.72412183103757466,1,1797,28,0,0,0,0,0
d000241,c_taylor,2,med-features-v2,22399,1,219.23527777777778,1326,191,168,24,6.048296667583152,0.031851851851851853,1,0,21071,0,1,1,5,1,1135,1,0.85595776772247356,1,0.46153846153846156,0.33333333333333337,1,0,0.72411886403964909,1,1517,28,0,0,0,0,0
d000241,c_chris,3,med-features-v2,22399,1,219.23527777777778,1608,473,204,60,7.3345860041279849,0.031851851851851853,1,0,21071,0,1,1,5,1,1419,1,0.8824626865671642,1,0.33333333333333337,0.33333333333333337,1,0,0.66188803931430429,1,2081,28,0,0,0,0,0
d000241,c_lena,4,med-features-v2,22399,1,219.23527777777778,377,188,48,24,1.719613758430504,0.13444444444444445,1,0,21071,0,1,1,5,1,189,1,0.50132625994694957,1,0.46153846153846156,0.80000000000000004,1,0,0.54832168320753361,1,565,28,0,0,0,0,0
d000151,c_fac_003,0,med-features-v2,22401,1,219.2401851851852,158,158,20,20,0.72067080159844987,0.095231481481481486,1,0,21073,0,1,1,1,0,0,0,0,1,0.75,0.75,1,0,0.01268112338341369,1,316,14,0,0,0,0,0
d000831,c_jamie_lee,0,med-features-v2,22404,1,219.24754629629629,599,599,76,76,2.732071624603257,0.13446759259259258,1,0,21076,0,1,1,2,1,63,1,0.10517529215358931,1,0.77777777777777779,0.77777777777777779,1,0,0.26304172073748072,1,1198,20,0,0,0,0,0
d000831,c_jamie_li,1,med-features-v2,22404,1,219.24754629629629,599,536,76,68,2.732071624603257,0.13201388888888888,1,0,21076,0,1,1,2,1,63,1,0.10517529215358931,1,0.77777777777777779,0.77777777777777779,1,0,0.23574259608733525,1,1135,20,0,0,0,0,0
d000832,c_fac_041,0,med-features-v2,22414,1,219.27449074074073,157,157,20,20,0.71599755844663671,0.200625,1,0,21086,0,1,1,1,0,0,0,0,1,0.81818181818181812,0.81818181818181812,1,1,0.39037409604937473,1,314,16,0,0,0,0,0
d000833,c_lena,0,med-features-v2,22425,1,219.30145833333333,378,188,48,24,1.7236547484579352,0.056365740740740744,1,0,21097,0,1,1,1,0,0,0,0,1,0.46153846153846156,0.80000000000000004,1,0,0.66896396043658435,1,566,15,0,0,0,0,0
d000834,c_noah,0,med-features-v2,22435,1,219.32842592592593,1802,1515,229,192,8.2159892972951525,0.031875000000000001,1,0,21104,0,1,1,4,1,1422,1,0.78912319644839068,1,0.40000000000000002,0.33333333333333337,1,0,0.60386131645838814,1,3316,17,0,0,0,0,0
d000834,c_elena,1,med-features-v2,22435,1,219.32842592592593,1611,189,204,24,7.3451491442522139,0.031875000000000001,1,0,21104,0,1,1,4,1,1422,1,0.88268156424581001,1,0.45454545454545459,0.80000000000000004,1,0,0.71659861633029087,1,1800,17,0,0,0,0,0
d000834,c_taylor,2,med-features-v2,22435,1,219.32842592592593,1329,192,168,24,6.0594060910684,0.029074074074074075,1,0,21104,0,1,1,4,1,1137,1,0.85553047404063209,1,0.46153846153846156,0.33333333333333337,1,0,0.73262793111295244,1,1521,17,0,0,0,0,0
d000834,c_chris,3,med-features-v2,22435,1,219.32842592592593,1611,474,204,60,7.3451491442522139,0.03152777777777778,1,0,21104,0,1,1,4,1,1422,1,0.88268156424581001,1,0.33333333333333337,0.33333333333333337,1,0,0.6077149888812462,1,2085,17,0,0,0,0,0
d000835,c_fac_078,0,med-features-v2,22446,1,219.35537037037037,157,157,20,20,0.71573355936038174,1.0016203703703703,1,0,21115,0,1,1,1,0,0,0,0,1,0.80000000000000004,0.80000000000000004,1,1,0.31129702850432395,1,314,15,0,0,0,0,0
d000836,c_marcus,0,med-features-v2,600,1,219.99796296296296,126,126,16,16,0.57273257580667836,2.7671990740740742,1,0,600,0,1,1,1,0,0,0,0,1,0.41666666666666663,0.33333333333333337,1,0,0.60463022541569345,1,252,19,0,0,0,0,0
d000837,c_noah,0,med-features-v2,601,1,220.01499999999999,411,411,52,52,1.8680544508328978,0.72534722222222225,1,0,601,0,1,1,3,1,126,1,0.30656934306569344,1,0.40000000000000002,0.33333333333333337,1,0,0.47795122361745146,1,822,27,0,0,0,0,0
d000837,c_taylor,1,med-features-v2,601,1,220.01499999999999,126,0,16,0,0.57268822580278622,1.7914814814814815,1,0,601,0,1,1,3,1,126,1,1,1,0.46153846153846156,0.33333333333333337,1,0,0.63538451645048521,1,126,27,0,0,0,0,0
d000837,c_chris,2,med-features-v2,601,1,220.01499999999999,126,0,16,0,0.57268822580278622,1.7914814814814815,1,0,601,0,1,1,3,1,126,1,1,1,0.33333333333333337,0.33333333333333337,1,0,0.63538451645048521,1,126,27,0,0,0,0,0
d000838,c_fac_012,0,med-features-v2,22475,1,220.06601851851852,158,158,21,21,0.71796636783658774,1.930787037037037,1,0,21141,0,1,1,1,0,0,0,0,1,0.69230769230769229,0.69230769230769229,1,0,0.32229895655458457,1,316,18,0,0,0,0,0
d000839,c_fac_067,0,med-features-v2,22486,1,220.09506944444445,157,157,20,20,0.71332811042197986,1.868125,1,0,21152,0,1,1,1,0,0,0,0,1,0.72727272727272729,0.72727272727272729,1,0,0.45119719310312689,1,314,16,0,0,0,0,0
d000840,c_noah,0,med-features-v2,22497,1,220.12409722222222,1807,1520,229,192,8.2090058417174401,0.015486111111111112,1,0,21163,0,1,1,1,0,0,0,0,1,0.40000000000000002,0.33333333333333337,1,0,0.51713598440003916,1,3326,26,0,0,0,0,0
d000841,c_fac_020,0,med-features-v2,22508,1,220.15314814814815,158,158,20,20,0.71768221953236255,0.98124999999999996,1,0,21174,0,1,1,1,0,0,0,0,1,0.81818181818181812,0.81818181818181812,1,1,0.26410098485592015,1,316,19,0,0,0,0,0
d000083,c_fac_025,0,med-features-v2,22511,1,220.16108796296297,158,158,20,20,0.71765633728417921,0.98182870370370368,1,0,21177,0,1,1,2,1,0,0,0,1,0.75,0.75,1,0,0.30852232898081167,1,316,14,0,0,0,0,0
d000083,c_lee,1,med-features-v2,22511,1,220.16108796296297,444,444,56,56,2.0167051503428834,0.11057870370370371,1,0,444,0,1,0,2,1,0,0,0,1,0.5,0.5,1,0,0.019024403416296649,1,888,14,0,0,0,0,0
d000842,c_fac_040,0,med-features-v2,22520,1,220.18483796296297,158,158,20,20,0.71757892805760304,0.98351851851851857,1,0,21186,0,1,1,1,0,0,0,0,1,0.66666666666666674,0.66666666666666674,1,0,0.2761605927356453,1,316,14,0,0,0,0,0
d000843,c_fac_056,0,med-features-v2,22531,1,220.2138888888889,158,158,20,20,0.71748426403622734,0.93168981481481483,1,0,21197,0,1,1,1,0,0,0,0,1,0.75,0.75,1,0,0.28068106989684011,1,316,15,0,0,0,0,0
d000844,c_marcus,0,med-features-v2,603,1,220.2329861111111,127,127,16,16,0.57666202616862505,0.23467592592592593,1,0,603,0,1,1,1,0,0,0,0,1,0.41666666666666663,0.33333333333333337,1,0,0.44670381459324393,1,254,26,0,0,0,0,0
d000845,c_morgan_zhao,0,med-features-v2,22549,1,220.27199074074073,602,538,76,68,2.7329847883771641,0.22412037037037036,1,0,21215,0,1,1,1,0,0,0,0,1,0.81818181818181812,0.81818181818181812,1,1,0.21660471781101401,1,1140,18,0,0,0,0,0
d000846,c_noah,0,med-features-v2,22560,1,220.30104166666666,1810,1523,229,192,8.2160301481400921,0.065671296296296297,1,0,21223,0,1,1,1,0,0,0,0,1,0.40000000000000002,0.33333333333333337,1,0,0.51715534567338783,1,3332,26,0,0,0,0,0
d000847,c_fac_067,0,med-features-v2,22571,1,220.33009259259259,158,158,20,20,0.71710585758321377,0.23467592592592593,1,0,21234,0,1,1,1,0,0,0,0,1,0.72727272727272729,0.72727272727272729,1,0,0.45786382067579762,1,316,16,0,0,0,0,0
d000848,c_fac_080,0,med-features-v2,22582,1,220.35914351851852,158,158,20,20,0.71701131832871734,0.99851851851851847,1,0,21245,0,1,1,1,0,0,0,0,1,0.75,0.75,1,0,0.32729559550173137,1,316,19,0,0,0,0,0
d000849,c_jamie_lee,0,med-features-v2,22593,1,221.01224537037038,605,605,76,76,2.7374048844494854,0.74254629629629632,1,0,21256,0,1,1,1,0,0,0,0,1,0.77777777777777779,0.77777777777777779,1,0,0.3574554437405047,1,1210,18,0,0,0,0,0
d000850,c_maya,0,med-features-v2,666,1,221.03407407407408,666,730,84,92,3.0131100953095884,0.03152777777777778,1,0,666,0,1,1,1,0,0,0,0,1,0.33333333333333337,0.5,1,0,0.46934694647454789,1,1396,15,0,0,0,0,0
d000851,c_fac_018,0,med-features-v2,22612,1,221.06615740740742,158,158,20,20,0.71471817239225144,1.8991435185185186,1,0,21272,0,1,1,1,0,0,0,0,1,0.66666666666666674,0.66666666666666674,1,0,0.38211175257394792,1,316,16,0,0,0,0,0
d000852,c_fac_073,0,med-features-v2,22623,1,221.09312499999999,158,158,20,20,0.71463099542330866,1.7447453703703704,1,0,21283,0,1,1,1,0,0,0,0,1,0.72727272727272729,0.72727272727272729,1,0,0.36902044842423271,1,316,27,0,0,0,0,0
d000014,c_jamie_li,0,med-features-v2,22632,1,221.1151851851852,605,541,76,68,2.7361304900579722,0.063379629629629633,1,0,21292,0,1,1,1,0,0,0,0,1,0.77777777777777779,0.77777777777777779,1,0,0.21025794549469379,1,1146,17,0,0,0,0,0
d000015,c_morgan_zhao,0,med-features-v2,22634,1,221.12009259259258,605,541,76,68,2.7360697660103424,0.063379629629629633,1,0,21294,0,1,1,1,0,0,0,0,1,0.81818181818181812,0.81818181818181812,1,1,0.25747549334428305,1,1146,24,0,0,0,0,0
d000853,c_noah,0,med-features-v2,22635,1,221.125,1819,1530,229,192,8.2261164499717356,0.012268518518518519,1,0,21295,0,1,1,1,0,0,0,0,1,0.40000000000000002,0.33333333333333337,1,0,0.51791771206564707,1,3348,26,0,0,0,0,0
d000854,c_fac_010,0,med-features-v2,22646,1,221.15194444444444,160,160,20,20,0.72348448213709282,1.0142824074074075,1,0,21303,0,1,1,1,0,0,0,0,1,0.64285714285714279,0.64285714285714279,1,0,0.31850725723223011,1,320,15,0,0,0,0,0
d000855,c_fac_027,0,med-features-v2,22657,1,221.17891203703704,159,159,20,20,0.71887504344616271,0.87224537037037042,1,0,21314,0,1,1,1,0,0,0,0,1,0.75,0.75,1,0,0.26293165916972622,1,318,25,0,0,0,0,0
d000856,c_fac_045,0,med-features-v2,22668,1,221.20587962962964,159,159,20,20,0.71878740414232001,1.0127546296296297,1,0,21325,0,1,1,1,0,0,0,0,1,0.76923076923076916,0.76923076923076916,1,0,0.3008251466501517,1,318,15,0,0,0,0,0
d000857,c_fac_062,0,med-features-v2,22679,1,221.23282407407407,159,159,20,20,0.71869986140376241,0.9050231481481481,1,0,21336,0,1,1,1,0,0,0,0,1,0.75,0.75,1,0,0.26916744870321269,1,318,25,0,0,0,0,0
d000858,c_fac_003,0,med-features-v2,22688,1,221.25979166666667,159,159,20,20,0.71861226480560647,0.200625,1,0,21345,0,1,1,1,0,0,0,0,1,0.75,0.75,1,0,0.37747892758616175,1,318,16,0,0,0,0,0
d000859,c_fac_058,0,med-features-v2,22699,1,221.28675925925927,159,159,20,20,0.71852468955775073,0.20064814814814816,1,0,21356,0,1,1,1,0,0,0,0,1,0.7142857142857143,0.7142857142857143,1,0,0.35217313039274495,1,318,18,0,0,0,0,0
d000860,c_jamie_li,0,med-features-v2,22709,1,221.31370370370371,607,543,76,68,2.7427131254947308,0.060925925925925925,1,0,21366,0,1,1,1,0,0,0,0,1,0.77777777777777779,0.77777777777777779,1,0,0.41439752808675029,1,1150,25,0,0,0,0,0
d000861,c_fac_066,0,med-features-v2,22720,1,221.34067129629631,159,159,20,20,0.71834967820783213,1.1105787037037036,1,0,21374,0,1,1,1,0,0,0,0,1,0.72727272727272729,0.66666666666666674,1,0,0.29057191958755774,1,318,14,0,0,0,0,0
d000862,c_fac_085,0,med-features-v2,22731,1,221.36763888888888,159,159,20,20,0.71826216694576084,1.0002314814814814,1,0,21385,0,1,1,1,0,0,0,0,1,0.75,0.75,1,0,0.33535655097899986,1,318,26,0,0,0,0,0
d000863,c_chris,0,med-features-v2,22742,1,224.01921296296297,1634,481,204,60,7.2940172335582156,0.0092592592592592587,1,0,21396,0,1,1,1,0,0,0,0,1,0.33333333333333337,0.33333333333333337,1,0,0.36280562722203236,1,2115,26,0,0,0,0,0
d000864,c_noah,0,med-features-v2,22751,1,224.04567129629629,1830,1539,229,192,8.1679774905352165,0.0092824074074074076,1,0,21402,0,1,1,5,1,1443,1,0.78852459016393439,1,0.40000000000000002,0.33333333333333337,1,0,0.60795846426687261,1,3368,17,0,0,0,0,0
d000864,c_elena,1,med-features-v2,22751,1,224.04567129629629,1635,192,204,24,7.2976192333470369,0.0096296296296296303,1,0,21402,0,1,1,5,1,1443,1,0.88256880733944953,1,0.45454545454545459,0.80000000000000004,1,0,0.74306357685550217,1,1827,17,0,0,0,0,0
d000864,c_taylor,2,med-features-v2,22751,1,224.04567129629629,1347,193,168,24,6.0121670381152654,0.0096296296296296303,1,0,21402,0,1,1,5,1,1154,1,0.85671863400148474,1,0.46153846153846156,0.33333333333333337,1,0,0.75989882820194987,1,1540,17,0,0,0,0,0
d000864,c_chris,3,med-features-v2,22751,1,224.04567129629629,1636,482,204,60,7.3020826090249251,0.0096296296296296303,1,0,21402,0,1,1,5,1,1443,1,0.88202933985330079,1,0.33333333333333337,0.33333333333333337,1,0,0.62967895900306114,1,2118,17,0,0,0,0,0
d000864,c_lena,4,med-features-v2,22751,1,224.04567129629629,384,192,48,24,1.7139362603090289,2.7463194444444445,1,0,21402,0,1,1,5,1,192,1,0.5,1,0.46153846153846156,0.80000000000000004,1,0,0.59080669719302659,1,576,17,0,0,0,0,0
d000865,c_fac_029,0,med-features-v2,22762,1,224.07210648148148,160,160,20,20,0.7140558568954376,3.9053935185185185,1,0,21413,0,1,1,1,0,0,0,0,1,0.76923076923076916,0.76923076923076916,1,0,0.37459444593006641,1,320,18,0,0,0,0,0
d000866,c_fac_084,0,med-features-v2,22773,1,224.09854166666668,160,160,20,20,0.71397162520580137,3.7337731481481482,1,0,21424,0,1,1,1,0,0,0,0,1,0.66666666666666674,0.66666666666666674,1,0,0.4226808134464069,1,320,16,0,0,0,0,0
d000867,c_elena,0,med-features-v2,2086,1,224.12465277777778,417,417,52,52,1.8605717614360808,0.10303240740740741,1,0,2086,0,1,1,3,1,289,1,0.69304556354916069,1,0.45454545454545459,0.80000000000000004,1,0,0.60475327706101767,1,834,17,0,0,0,0,0
d000867,c_taylor,1,med-features-v2,2086,1,224.12465277777778,417,128,52,16,1.8605717614360808,0.10337962962962963,1,0,2086,0,1,1,3,1,289,1,0.69304556354916069,1,0.46153846153846156,0.33333333333333337,1,0,0.69339920640099661,1,545,17,0,0,0,0,0
d000867,c_lena,2,med-features-v2,2086,1,224.12465277777778,289,0,36,0,1.2894610049281232,0.10337962962962963,1,0,2086,0,1,1,3,1,289,1,1,1,0.46153846153846156,0.80000000000000004,1,0,0.74119673204712466,1,289,17,0,0,0,0,0
d000868,c_fac_008,0,med-features-v2,22794,1,224.15143518518519,160,160,20,20,0.71380314771491082,2.8888425925925927,1,0,21442,0,1,1,1,0,0,0,0,1,0.76923076923076916,0.76923076923076916,1,0,0.23794445214050045,1,320,14,0,0,0,0,0
d000869,c_fac_027,0,med-features-v2,22805,1,224.17787037037036,160,160,20,20,0.71371897563153597,2.9986111111111109,1,0,21453,0,1,1,1,0,0,0,0,1,0.75,0.75,1,0,0.26751443220863402,1,320,19,0,0,0,0,0
d000870,c_noah,0,med-features-v2,22816,1,224.20430555555555,1834,1542,229,192,8.1800391631888321,0.076574074074074072,1,0,21464,0,1,1,4,1,1446,1,0.78844056706652121,1,0.40000000000000002,0.33333333333333337,1,0,0.5726666224785425,1,3375,28,0,0,0,0,0
d000870,c_elena,1,med-features-v2,22816,1,224.20430555555555,1638,192,204,24,7.3058365045274307,0.091342592592592586,1,0,21464,0,1,1,4,1,1446,1,0.88278388278388276,1,0.45454545454545459,0.80000000000000004,1,0,0.72292561517647635,1,1830,28,0,0,0,0,0
d000870,c_taylor,2,med-features-v2,22816,1,224.20430555555555,1350,194,168,24,6.0212938224127175,0.088587962962962966,1,0,21464,0,1,1,4,1,1156,1,0.85629629629629633,1,0.46153846153846156,0.33333333333333337,1,0,0.72364221066324397,1,1544,28,0,0,0,0,0
d000870,c_chris,3,med-features-v2,22816,1,224.20430555555555,1640,484,204,60,7.3147569398198939,0.081365740740740738,1,0,21464,0,1,1,4,1,1446,1,0.88170731707317074,1,0.33333333333333337,0.33333333333333337,1,0,0.66078538318959545,1,2124,28,0,0,0,0,0
d000871,c_fac_062,0,med-features-v2,22827,1,224.2307638888889,160,160,20,20,0.71355061734206726,2.9975925925925928,1,0,21475,0,1,1,1,0,0,0,0,1,0.75,0.75,1,0,0.3018502950839736,1,320,26,0,0,0,0,0
d000242,c_noah,0,med-features-v2,22831,1,224.24277777777777,1836,1544,229,192,8.1875546592606732,0.0092592592592592587,1,0,21479,0,1,1,6,1,1448,0.80000000000000004,0.78867102396514166,1,0.40000000000000002,0.33333333333333337,1,0,0.60831361612360213,1,3379,17,0,0,0,0,0
d000242,c_elena,1,med-features-v2,22831,1,224.24277777777777,1640,192,204,24,7.313501983217594,0.0096064814814814815,1,0,21479,0,1,1,6,1,1448,0.80000000000000004,0.88292682926829269,1,0.45454545454545459,0.80000000000000004,1,0,0.74400395809629172,1,1832,17,0,0,0,0,0
d000242,c_taylor,2,med-features-v2,22831,1,224.24277777777777,1352,194,168,24,6.0291796837257241,0.0096064814814814815,1,0,21479,0,1,1,6,1,1158,0.80000000000000004,0.85650887573964496,1,0.46153846153846156,0.33333333333333337,1,0,0.76116017153727977,1,1546,17,0,0,0,0,0
d000242,c_chris,3,med-features-v2,22831,1,224.24277777777777,1642,484,204,60,7.3224208880751762,0.0096064814814814815,1,0,21479,0,1,1,6,1,1448,0.80000000000000004,0.88185140073081603,1,0.33333333333333337,0.33333333333333337,1,0,0.63040931084722562,1,2126,17,0,0,0,0,0
d000242,c_lena,4,med-features-v2,22831,1,224.24277777777777,385,192,48,24,1.7168891850846182,0.19710648148148149,1,0,21479,0,1,1,6,1,193,0.80000000000000004,0.50129870129870124,1,0.46153846153846156,0.80000000000000004,1,0,0.59255449216223965,1,577,17,0,0,0,0,0
d000242,c_morgan_zhao,5,med-features-v2,22831,1,224.24277777777777,610,546,76,68,2.7202659815626418,0.11263888888888889,1,0,21479,0,1,1,6,1,0,0,0,1,0.81818181818181812,0.81818181818181812,1,1,0.15919129442072474,1,1156,17,0,0,0,0,0
d000872,c_fac_009,0,med-features-v2,22838,1,224.25960648148148,162,162,20,20,0.72237708137322243,0.19675925925925927,1,0,21486,0,1,1,1,0,0,0,0,1,0.69230769230769229,0.69230769230769229,1,0,0.42689511427508542,1,324,16,0,0,0,0,0
d000873,c_fac_064,0,med-features-v2,22849,1,224.28604166666668,161,161,20,20,0.71783334711162172,0.19675925925925927,1,0,21497,0,1,1,1,0,0,0,0,1,0.66666666666666674,0.66666666666666674,1,0,0.37775812751692706,1,322,16,0,0,0,0,0
d000874,c_noah,0,med-features-v2,22859,1,224.3125,1838,1545,229,192,8.193925884647534,0.014444444444444444,1,0,21507,0,1,1,1,0,0,0,0,1,0.40000000000000002,0.33333333333333337,1,0,0.55216169421669625,1,3382,15,0,0,0,0,0
d000875,c_fac_066,0,med-features-v2,22870,1,224.33893518518519,160,160,20,20,0.71320655894138352,2.9979166666666668,1,0,21515,0,1,1,1,0,0,0,0,1,0.72727272727272729,0.66666666666666674,1,0,0.32530508884338827,1,320,15,0,0,0,0,0
d000876,c_fac_083,0,med-features-v2,22881,1,224.36537037037036,160,160,20,20,0.71312252749112104,3.0316898148148148,1,0,21526,0,1,1,1,0,0,0,0,1,0.63636363636363635,0.63636363636363635,1,0,0.26655684807128882,1,320,25,0,0,0,0,0
d000152,c_fac_004,0,med-features-v2,22886,1,225.00268518518519,162,162,20,20,0.7199914075099515,0.74513888888888891,1,0,21531,0,1,1,1,0,0,0,0,1,0.75,0.75,1,0,0.075143779534170591,1,324,26,0,0,0,0,0
d000877,c_alex_chan,0,med-features-v2,22890,1,225.02157407407407,613,613,76,76,2.7241832367513732,0.71835648148148146,1,0,21535,0,1,1,1,0,0,0,0,1,0.88888888888888884,0.88888888888888884,1,1,0.25189355859624329,1,1226,25,0,0,0,0,0
d000878,c_pat,0,med-features-v2,22900,1,225.05125000000001,451,451,56,56,2.0039879805155492,0.72159722222222222,1,0,451,0,1,0,1,0,0,0,0,1,0.77777777777777779,0.33333333333333337,1,0,0.28916931633297133,1,902,15,0,0,0,0,0
d000879,c_fac_040,0,med-features-v2,22911,1,225.08092592592592,160,160,20,20,0.71085543718020761,3.8845138888888888,1,0,21553,0,1,1,1,0,0,0,0,1,0.66666666666666674,0.66666666666666674,1,0,0.43438916413229872,1,320,16,0,0,0,0,0
d000880,c_sam,0,med-features-v2,22922,1,225.11060185185184,162,162,20,20,0.71964624796576337,0.85546296296296298,1,0,21564,0,1,1,1,0,0,0,0,1,0.45454545454545459,0.33333333333333337,1,0,0.26391142926611882,1,324,14,0,0,0,0,0
d000881,c_fac_014,0,med-features-v2,22933,1,225.14027777777778,163,163,21,21,0.72399306605141234,0.87791666666666668,1,0,21575,0,1,1,1,0,0,0,0,1,0.76923076923076916,0.76923076923076916,1,0,0.25239683010771718,1,326,25,0,0,0,0,0
d000084,c_fac_018,0,med-features-v2,22935,1,225.14567129629629,161,161,20,20,0.71509258460546077,0.97946759259259264,1,0,21577,0,1,1,2,1,0,0,0,1,0.66666666666666674,0.66666666666666674,1,0,0.33161592686861829,1,322,14,0,0,0,0,0
d000084,c_pat,1,med-features-v2,22935,1,225.14567129629629,452,452,56,56,2.0075891195134674,0.094074074074074074,1,0,452,0,1,0,2,1,0,0,0,1,0.77777777777777779,0.33333333333333337,1,0,0.018818093830443829,1,904,14,0,0,0,0,0
d000882,c_fac_034,0,med-features-v2,22945,1,225.17263888888888,162,162,20,20,0.71944797911232305,0.90067129629629628,1,0,21587,0,1,1,1,0,0,0,0,1,0.7142857142857143,0.7142857142857143,1,0,0.26510414328074844,1,324,15,0,0,0,0,0
d000883,c_noah,0,med-features-v2,22956,1,225.20233796296296,1845,1552,229,192,8.1926325307663141,0.080601851851851855,1,0,21598,0,1,1,4,1,1454,1,0.78807588075880763,1,0.40000000000000002,0.33333333333333337,1,0,0.60867195076830827,1,3396,17,0,0,0,0,0
d000883,c_elena,1,med-features-v2,22956,1,225.20233796296296,1648,194,204,24,7.3178636372373367,0.083287037037037034,1,0,21598,0,1,1,4,1,1454,1,0.88228155339805825,1,0.45454545454545459,0.80000000000000004,1,0,0.74374910652175519,1,1842,17,0,0,0,0,0
d000883,c_taylor,2,med-features-v2,22956,1,225.20233796296296,1358,195,168,24,6.0301327787429022,0.094444444444444442,1,0,21598,0,1,1,4,1,1163,1,0.85640648011782028,1,0.46153846153846156,0.33333333333333337,1,0,0.7611608832447625,1,1553,17,0,0,0,0,0
d000883,c_chris,3,med-features-v2,22956,1,225.20233796296296,1649,486,204,60,7.3223040884735244,0.094444444444444442,1,0,21598,0,1,1,4,1,1454,1,0.88174651303820495,1,0.33333333333333337,0.33333333333333337,1,0,0.63069928963917576,1,2135,17,0,0,0,0,0
d000884,c_fac_069,0,med-features-v2,22967,1,225.2320138888889,162,162,20,20,0.71925832035546056,0.94321759259259264,1,0,21609,0,1,1,1,0,0,0,0,1,0.75,0.75,1,0,0.25958864098902928,1,324,14,0,0,0,0,0
d000885,c_jamie_li,0,med-features-v2,22974,1,225.26168981481482,613,549,76,68,2.7212794173032293,0.21819444444444444,1,0,21616,0,1,1,1,0,0,0,0,1,0.77777777777777779,0.77777777777777779,1,0,0.21076486553693055,1,1162,17,0,0,0,0,0
d000886,c_fac_010,0,med-features-v2,22985,1,225.29136574074073,162,162,20,20,0.71906883544940314,0.22627314814814814,1,0,21624,0,1,1,1,0,0,0,0,1,0.64285714285714279,0.64285714285714279,1,0,0.41169176591978784,1,324,16,0,0,0,0,0
d000887,c_fac_050,0,med-features-v2,22996,1,225.32104166666667,161,161,20,20,0.71453601851432358,0.234375,1,0,21635,0,1,1,1,0,0,0,0,1,0.75,0.75,1,0,0.37137537780822649,1,322,16,0,0,0,0,0
d000888,c_fac_077,0,med-features-v2,23007,1,225.35071759259259,161,161,20,20,0.71444192288337394,0.99460648148148145,1,0,21646,0,1,1,1,0,0,0,0,1,0.75,0.75,1,0,0.3146842762813013,1,322,15,0,0,0,0,0
d000889,c_alex_chan,0,med-features-v2,23018,1,226.00488425925926,615,615,76,76,2.7211801285431907,0.75094907407407407,1,0,21657,0,1,1,1,0,0,0,0,1,0.88888888888888884,0.88888888888888884,1,1,0.39186102562488839,1,1230,24,0,0,0,0,0
d000890,c_ren,0,med-features-v2,23028,1,226.03185185185185,453,453,56,56,2.0041423201580897,0.74824074074074076,1,0,453,0,1,0,1,0,0,0,0,1,0.54545454545454541,0.5,1,0,0.51037502047454786,1,906,14,0,0,0,0,0
d000891,c_fac_011,0,med-features-v2,23038,1,226.05881944444445,162,162,20,20,0.71662764761015063,1.9046296296296297,1,0,21674,0,1,1,1,0,0,0,0,1,0.66666666666666674,0.66666666666666674,1,0,0.45502694497438173,1,324,27,0,0,0,0,0
d000892,c_fac_066,0,med-features-v2,23049,1,226.08576388888889,161,161,20,20,0.71211914111993513,1.7464814814814815,1,0,21685,0,1,1,1,0,0,0,0,1,0.72727272727272729,0.66666666666666674,1,0,0.39553537530553179,1,322,27,0,0,0,0,0
d000893,c_jamie_lee,0,med-features-v2,23060,1,226.11273148148149,617,617,76,76,2.7287273739848299,0.065833333333333327,1,0,21696,0,1,1,1,0,0,0,0,1,0.77777777777777779,0.77777777777777779,1,0,0.37029682986675516,1,1234,24,0,0,0,0,0
d000894,c_ren,0,med-features-v2,23070,1,226.13969907407409,455,455,56,56,2.0120306247111466,0.0094675925925925934,1,0,455,0,1,0,1,0,0,0,0,1,0.54545454545454541,0.5,1,0,0.17991355072943524,1,910,18,0,0,0,0,0
d000895,c_fac_018,0,med-features-v2,23081,1,226.16666666666666,162,162,20,20,0.71628592483419307,1.0206481481481482,1,0,21711,0,1,1,1,0,0,0,0,1,0.66666666666666674,0.66666666666666674,1,0,0.33810180477764123,1,324,26,0,0,0,0,0
d000896,c_fac_035,0,med-features-v2,23092,1,226.19361111111112,162,162,20,20,0.71620060002677155,0.8830324074074074,1,0,21722,0,1,1,1,0,0,0,0,1,0.66666666666666674,0.66666666666666674,1,0,0.26633995629548102,1,324,25,0,0,0,0,0
d000897,c_fac_053,0,med-features-v2,23103,1,226.22057870370369,162,162,20,20,0.71611522226800728,1.0152083333333333,1,0,21733,0,1,1,1,0,0,0,0,1,0.75,0.75,1,0,0.3517885563812308,1,324,15,0,0,0,0,0
d000898,c_jamie_lee,0,med-features-v2,23114,1,226.24754629629629,618,618,76,76,2.7315213363271589,0.13446759259259258,1,0,21744,0,1,1,2,1,65,1,0.10517799352750809,1,0.77777777777777779,0.77777777777777779,1,0,0.26337179787004067,1,1236,20,0,0,0,0,0
d000898,c_jamie_li,1,med-features-v2,23114,1,226.24754629629629,618,553,76,68,2.7315213363271589,0.13201388888888888,1,0,21744,0,1,1,2,1,65,1,0.10517799352750809,1,0.77777777777777779,0.77777777777777779,1,0,0.23612968621140473,1,1171,20,0,0,0,0,0
d000899,c_fac_041,0,med-features-v2,23124,1,226.27449074074073,162,162,20,20,0.71594460104482249,0.200625,1,0,21754,0,1,1,1,0,0,0,0,1,0.81818181818181812,0.81818181818181812,1,1,0.40129779630349732,1,324,16,0,0,0,0,0
d000900,c_lena,0,med-features-v2,23135,1,226.30145833333333,390,194,48,24,1.72336494370065,0.056365740740740744,1,0,21765,0,1,1,1,0,0,0,0,1,0.46153846153846156,0.80000000000000004,1,0,0.67338459144847318,1,584,15,0,0,0,0,0
d000901,c_noah,0,med-features-v2,23145,1,226.32842592592593,1859,1563,229,192,8.2137274290434217,0.031875000000000001,1,0,21772,0,1,1,4,1,1467,1,0.78913394298009687,1,0.40000000000000002,0.33333333333333337,1,0,0.5723637325285037,1,3421,28,0,0,0,0,0
d000901,c_elena,1,med-features-v2,23145,1,226.32842592592593,1662,195,204,24,7.3433109128941183,0.031875000000000001,1,0,21772,0,1,1,4,1,1467,1,0.88267148014440433,1,0.45454545454545459,0.80000000000000004,1,0,0.72382009784011114,1,1857,28,0,0,0,0,0
d000901,c_taylor,2,med-features-v2,23145,1,226.32842592592593,1371,198,168,24,6.0575687494451484,0.029074074074074075,1,0,21772,0,1,1,4,1,1173,1,0.85557986870897151,1,0.46153846153846156,0.33333333333333337,1,0,0.72271453150080067,1,1569,28,0,0,0,0,0
d000901,c_chris,3,med-features-v2,23145,1,226.32842592592593,1662,489,204,60,7.3433109128941183,0.03152777777777778,1,0,21772,0,1,1,4,1,1467,1,0.88267148014440433,1,0.33333333333333337,0.33333333333333337,1,0,0.66162434185416541,1,2151,28,0,0,0,0,0
d000902,c_fac_078,0,med-features-v2,23156,1,226.35537037037037,162,162,20,20,0.71568878500620547,1.0016203703703703,1,0,21783,0,1,1,1,0,0,0,0,1,0.80000000000000004,0.80000000000000004,1,1,0.31509708824763155,1,324,15,0,0,0,0,0
d000153,c_fac_005,0,med-features-v2,23165,1,227.0026388888889,163,163,20,20,0.71805332659495513,0.85280092592592593,1,0,21792,0,1,1,1,0,0,0,0,1,0.76923076923076916,0.76923076923076916,1,0,0.011397267535539858,1,326,14,0,0,0,0,0
d000903,c_elena,0,med-features-v2,23166,1,227.01055555555556,1664,195,204,24,7.3300556263903536,0.010555555555555556,1,0,21793,0,1,1,1,0,0,0,0,1,0.45454545454545459,0.80000000000000004,1,0,0.58251837564241304,1,1859,26,0,0,0,0,0
d000904,c_jamie_li,0,med-features-v2,23175,1,227.03960648148148,620,554,76,68,2.7308010686257527,0.72555555555555551,1,0,21802,0,1,1,1,0,0,0,0,1,0.77777777777777779,0.77777777777777779,1,0,0.21200426940740752,1,1174,17,0,0,0,0,0
d000905,c_fac_017,0,med-features-v2,23186,1,227.06865740740741,162,162,20,20,0.7134406036027201,1.9253472222222223,1,0,21810,0,1,1,1,0,0,0,0,1,0.81818181818181812,0.81818181818181812,1,1,0.35617986498040127,1,324,18,0,0,0,0,0
d000906,c_fac_072,0,med-features-v2,23197,1,227.09770833333334,162,162,20,20,0.71334933843637416,1.7547453703703704,1,0,21821,0,1,1,1,0,0,0,0,1,0.72727272727272729,0.72727272727272729,1,0,0.36465159652926166,1,324,16,0,0,0,0,0
d000907,c_fac_004,0,med-features-v2,23208,1,227.12675925925927,164,164,20,20,0.72206375213058127,0.979375,1,0,21832,0,1,1,1,0,0,0,0,1,0.75,0.75,1,0,0.3952440750455033,1,328,26,0,0,0,0,0
d000908,c_fac_021,0,med-features-v2,23219,1,227.15578703703704,163,163,20,20,0.71756921593823786,0.89074074074074072,1,0,21843,0,1,1,1,0,0,0,0,1,0.76923076923076916,0.76923076923076916,1,0,0.22675581846211851,1,326,14,0,0,0,0,0
d000909,c_fac_040,0,med-features-v2,23230,1,227.18483796296297,163,163,20,20,0.71747745783357797,0.98351851851851857,1,0,21854,0,1,1,1,0,0,0,0,1,0.66666666666666674,0.66666666666666674,1,0,0.25936223053846658,1,326,26,0,0,0,0,0
d000910,c_fac_056,0,med-features-v2,23241,1,227.2138888888889,163,163,20,20,0.71738572319278204,0.93168981481481483,1,0,21865,0,1,1,1,0,0,0,0,1,0.75,0.75,1,0,0.23587752449569799,1,326,14,0,0,0,0,0
d000911,c_marcus,0,med-features-v2,622,1,227.2329861111111,131,131,16,16,0.57650080757176847,0.23467592592592593,1,0,622,0,1,1,1,0,0,0,0,1,0.41666666666666663,0.33333333333333337,1,0,0.60693260591900544,1,262,14,0,0,0,0,0
d000912,c_morgan_zhao,0,med-features-v2,23259,1,227.27199074074073,621,555,76,68,2.7324088550286971,0.22412037037037036,1,0,21883,0,1,1,1,0,0,0,0,1,0.81818181818181812,0.81818181818181812,1,1,0.21811404422213962,1,1176,18,0,0,0,0,0
d000913,c_noah,0,med-features-v2,23270,1,227.30104166666666,1867,1571,229,192,8.2137767003194195,0.065671296296296297,1,0,21891,0,1,1,1,0,0,0,0,1,0.40000000000000002,0.33333333333333337,1,0,0.51842101756958303,1,3437,26,0,0,0,0,0
d000327,c_fac_015,0,med-features-v2,23278,1,227.31987268518517,164,164,20,20,0.72145034247455908,0.17429398148148148,1,0,21899,0,1,1,1,0,0,0,0,1,0.76923076923076916,0.76923076923076916,1,0,0.29437985445911491,1,328,15,0,0,0,0,0
d000914,c_fac_067,0,med-features-v2,23282,1,227.33009259259259,163,163,20,20,0.7170190190883301,0.23467592592592593,1,0,21903,0,1,1,1,0,0,0,0,1,0.72727272727272729,0.72727272727272729,1,0,0.4656410942173364,1,326,16,0,0,0,0,0
d000915,c_fac_080,0,med-features-v2,23293,1,227.35914351851852,163,163,20,20,0.71692740163196278,0.99851851851851847,1,0,21914,0,1,1,1,0,0,0,0,1,0.75,0.75,1,0,0.33088852049189355,1,326,19,0,0,0,0,0
d000085,c_fac_085,0,med-features-v2,23296,1,227.36706018518518,163,163,20,20,0.71690243902190709,0.99907407407407411,1,0,21917,0,1,1,2,1,0,0,0,1,0.75,0.75,1,0,0.25853757154685486,1,326,14,0,0,0,0,0
d000085,c_ren,1,med-features-v2,23296,1,227.36706018518518,459,459,56,56,2.0187620828899102,0.08414351851851852,1,0,459,0,1,0,2,1,0,0,0,1,0.54545454545454541,0.5,1,0,0.019189586262826477,1,918,14,0,0,0,0,0
d000207,c_dir_096,0,med-features-v2,23300,1,228.00243055555555,0,0,0,0,0,3650,0,1,21921,0,1,1,1,0,0,0,0,0,0.72727272727272729,0.72727272727272729,1,0,0,0,0,15,0,0,0,0,0
d000916,c_morgan_shaw,0,med-features-v2,23306,1,228.01715277777777,624,624,76,76,2.7366362240657458,0.73953703703703699,1,0,21927,0,1,1,1,0,0,0,0,1,0.81818181818181812,0.81818181818181812,1,1,0.38098118193076796,1,1248,24,0,0,0,0,0
d000243,c_noah,0,med-features-v2,23312,1,228.03430555555556,1872,1575,229,192,8.2092911215235027,0.011921296296296296,1,0,21930,0,1,1,5,1,1476,1,0.78846153846153844,1,0.40000000000000002,0.33333333333333337,1,0,0.57340141283892143,1,3446,28,0,0,0,0,0
d000243,c_elena,1,med-features-v2,23312,1,228.03430555555556,1674,198,204,24,7.3410007144392866,0.024513888888888891,1,0,21930,0,1,1,5,1,1476,1,0.88172043010752688,1,0.45454545454545459,0.80000000000000004,1,0,0.72561756691773194,1,1872,28,0,0,0,0,0
d000243,c_taylor,2,med-features-v2,23312,1,228.03430555555556,1379,198,168,24,6.0473357139855297,0.034305555555555554,1,0,21930,0,1,1,5,1,1181,1,0.85641769398114576,1,0.46153846153846156,0.33333333333333337,1,0,0.72422806186020272,1,1577,28,0,0,0,0,0
d000243,c_chris,3,med-features-v2,23312,1,228.03430555555556,1674,493,204,60,7.3410007144392866,0.024166666666666666,1,0,21930,0,1,1,5,1,1476,1,0.88172043010752688,1,0.33333333333333337,0.33333333333333337,1,0,0.66261764653866562,1,2167,28,0,0,0,0,0
d000243,c_lena,4,med-features-v2,23312,1,228.03430555555556,392,196,48,24,1.7190395938232976,0.03152777777777778,1,0,21930,0,1,1,5,1,196,1,0.5,1,0.46153846153846156,0.80000000000000004,1,0,0.54730070391608443,1,588,28,0,0,0,0,0
d000378,c_noah,0,med-features-v2,23315,1,228.04409722222223,1873,1576,229,192,8.2133237510410844,0.0094444444444444445,1,0,21933,0,1,1,5,1,1477,1,0.78857447944474102,1,0.40000000000000002,0.33333333333333337,1,0,0.60297178345107461,1,3448,17,0,0,0,0,0
d000378,c_elena,1,med-features-v2,23315,1,228.04409722222223,1675,198,204,24,7.3450706262647172,0.0097916666666666673,1,0,21933,0,1,1,5,1,1477,1,0.88179104477611936,1,0.45454545454545459,0.80000000000000004,1,0,0.71425426829172967,1,1873,17,0,0,0,0,0
d000378,c_taylor,2,med-features-v2,23315,1,228.04409722222223,1380,198,168,24,6.0514611726837675,0.0097916666666666673,1,0,21933,0,1,1,5,1,1182,1,0.85652173913043483,1,0.46153846153846156,0.33333333333333337,1,0,0.73224344975808953,1,1578,17,0,0,0,0,0
d000378,c_chris,3,med-features-v2,23315,1,228.04409722222223,1675,493,204,60,7.3450706262647172,0.0097916666666666673,1,0,21933,0,1,1,5,1,1477,1,0.88179104477611936,1,0.33333333333333337,0.33333333333333337,1,0,0.60629737016541019,1,2168,17,0,0,0,0,0
d000378,c_lena,4,med-features-v2,23315,1,228.04409722222223,392,196,48,24,1.718965782385534,0.041319444444444443,1,0,21933,0,1,1,5,1,196,1,0.5,1,0.46153846153846156,0.80000000000000004,1,0,0.57647430582261572,1,588,17,0,0,0,0,0
d000917,c_alex_chen,0,med-features-v2,23317,1,228.04900462962962,754,688,92,84,3.3063069107648952,0.0094444444444444445,1,0,21935,0,1,1,1,0,0,0,0,1,0.88888888888888884,0.88888888888888884,1,1,0.27171346587630446,1,1442,15,0,0,0,0,0
d000918,c_fac_038,0,med-features-v2,23327,1,228.07597222222222,163,163,20,20,0.71467414305783827,1.8795601851851851,1,0,21945,0,1,1,1,0,0,0,0,1,0.76923076923076916,0.76923076923076916,1,0,0.36304722055021504,1,326,16,0,0,0,0,0
d000919,c_noah,0,med-features-v2,23338,1,228.10293981481482,1874,1577,229,192,8.2155889859262903,0.058495370370370371,1,0,21956,0,1,1,4,1,1478,1,0.78868729989327646,1,0.40000000000000002,0.33333333333333337,1,0,0.60765802254684431,1,3450,17,0,0,0,0,0
d000919,c_elena,1,med-features-v2,23338,1,228.10293981481482,1676,198,204,24,7.3475598401347177,0.058842592592592592,1,0,21956,0,1,1,4,1,1478,1,0.88186157517899766,1,0.45454545454545459,0.80000000000000004,1,0,0.742636187944682,1,1874,17,0,0,0,0,0
d000919,c_taylor,2,med-features-v2,23338,1,228.10293981481482,1381,198,168,24,6.0542840926169728,0.058842592592592592,1,0,21956,0,1,1,4,1,1183,1,0.85662563359884147,1,0.46153846153846156,0.33333333333333337,1,0,0.75975018731121735,1,1579,17,0,0,0,0,0
d000919,c_chris,3,med-features-v2,23338,1,228.10293981481482,1676,493,204,60,7.3475598401347177,0.058842592592592592,1,0,21956,0,1,1,4,1,1478,1,0.88186157517899766,1,0.33333333333333337,0.33333333333333337,1,0,0.62964874480901534,1,2169,17,0,0,0,0,0
d000383,c_lee,0,med-features-v2,23348,1,228.12988425925926,460,460,56,56,2.0163951842329912,0.1025925925925926,1,0,460,0,1,0,1,0,0,0,0,1,0.5,0.5,1,0,0.53170596614285526,1,920,14,0,0,0,0,0
d000920,c_pat,0,med-features-v2,23349,1,228.13233796296296,460,460,56,56,2.016373496661751,0.1025925925925926,1,0,460,0,1,0,1,0,0,0,0,1,0.77777777777777779,0.33333333333333337,1,0,0.44994014466156385,1,920,23,0,0,0,0,0
d000921,c_fac_015,0,med-features-v2,23360,1,228.15930555555556,165,165,21,21,0.72317891921275768,0.83908564814814812,1,0,21975,0,1,1,1,0,0,0,0,1,0.76923076923076916,0.76923076923076916,1,0,0.37798963578491629,1,330,26,0,0,0,0,0
d000922,c_fac_032,0,med-features-v2,23371,1,228.18627314814816,164,164,20,20,0.71871106766148141,0.8769675925925926,1,0,21986,0,1,1,1,0,0,0,0,1,0.76923076923076916,0.76923076923076916,1,0,0.26335193877874785,1,328,25,0,0,0,0,0
d000923,c_fac_050,0,med-features-v2,23382,1,228.2132175925926,164,164,20,20,0.71862621161923068,1.012175925925926,1,0,21997,0,1,1,1,0,0,0,0,1,0.75,0.75,1,0,0.41579847106580359,1,328,26,0,0,0,0,0
d000924,c_maya,0,med-features-v2,690,1,228.2350462962963,690,756,84,92,3.0231991589242488,0.12956018518518519,1,0,690,0,1,1,1,0,0,0,0,1,0.33333333333333337,0.5,1,0,0.47149630934487191,1,1446,15,0,0,0,0,0
d000925,c_fac_018,0,med-features-v2,23402,1,228.26715277777777,164,164,20,20,0.71845641391802428,0.20064814814814816,1,0,22017,0,1,1,1,0,0,0,0,1,0.66666666666666674,0.66666666666666674,1,0,0.38970741589216001,1,328,27,0,0,0,0,0
d000926,c_fac_073,0,med-features-v2,23413,1,228.29409722222223,164,164,20,20,0.71837161799396787,0.200625,1,0,22028,0,1,1,1,0,0,0,0,1,0.72727272727272729,0.72727272727272729,1,0,0.39467530784775218,1,328,18,0,0,0,0,0
d000927,c_lee,0,med-features-v2,23423,1,228.3210648148148,461,461,56,56,2.0190865892023804,0.19083333333333333,1,0,461,0,1,0,1,0,0,0,0,1,0.5,0.5,1,0,0.43706549867459199,1,922,23,0,0,0,0,0
d000928,c_fac_071,0,med-features-v2,23434,1,228.3480324074074,164,164,20,20,0.71820194056850561,1.0017361111111112,1,0,22046,0,1,1,1,0,0,0,0,1,0.83333333333333337,0.83333333333333337,1,1,0.3096115881753766,1,328,14,0,0,0,0,0
d000929,c_noah,0,med-features-v2,23445,1,231,1883,1584,229,192,8.1515151515151523,2.671226851851852,1,0,22057,0,1,1,4,1,1485,1,0.78863515666489648,1,0.40000000000000002,0.33333333333333337,1,0,0.60727746071602628,1,3466,17,0,0,0,0,0
d000929,c_elena,1,med-features-v2,23445,1,231,1683,198,204,24,7.2857142857142856,2.6715740740740741,1,0,22057,0,1,1,4,1,1485,1,0.88235294117647056,1,0.45454545454545459,0.80000000000000004,1,0,0.7422956133542199,1,1881,17,0,0,0,0,0
d000929,c_taylor,2,med-features-v2,23445,1,231,1386,198,168,24,6,2.6715740740740741,1,0,22057,0,1,1,4,1,1188,1,0.8571428571428571,1,0.46153846153846156,0.33333333333333337,1,0,0.75953025507767524,1,1584,17,0,0,0,0,0
d000929,c_chris,3,med-features-v2,23445,1,231,1683,495,204,60,7.2857142857142856,2.6715740740740741,1,0,22057,0,1,1,4,1,1485,1,0.88235294117647056,1,0.33333333333333337,0.33333333333333337,1,0,0.62935285550875664,1,2178,17,0,0,0,0,0
d000930,c_morgan_zhao,0,med-features-v2,23455,1,231.02643518518519,627,561,76,68,2.7139751323151051,2.7074768518518519,1,0,22067,0,1,1,1,0,0,0,0,1,0.81818181818181812,0.81818181818181812,1,1,0.47454653705922412,1,1188,15,0,0,0,0,0
d000931,c_jamie_lee,0,med-features-v2,23465,1,231.05287037037036,628,628,76,76,2.7179926351632684,0.045324074074074072,1,0,22074,0,1,1,1,0,0,0,0,1,0.77777777777777779,0.77777777777777779,1,0,0.31868967903857459,1,1256,26,0,0,0,0,0
d000932,c_fac_044,0,med-features-v2,23476,1,231.07930555555555,165,165,20,20,0.71404057409342991,3.8888194444444446,1,0,22085,0,1,1,1,0,0,0,0,1,0.81818181818181812,0.81818181818181812,1,1,0.38093945808517787,1,330,18,0,0,0,0,0
d000016,c_alex_chen,0,med-features-v2,23487,1,231.1057638888889,761,695,92,84,3.2928646486111606,0.064560185185185179,1,0,22096,0,1,1,1,0,0,0,0,1,0.88888888888888884,0.88888888888888884,1,1,0.17876585527764829,1,1456,18,0,0,0,0,0
d000933,c_alex_chen,0,med-features-v2,23488,1,231.10817129629629,761,695,92,84,3.2928303475014156,0.066967592592592592,1,0,22097,0,1,1,1,0,0,0,0,1,0.88888888888888884,0.88888888888888884,1,1,0.52806777346290468,1,1456,15,0,0,0,0,0
d000934,c_pat,0,med-features-v2,23498,1,231.13460648148148,463,463,56,56,2.0031617378641893,0.10300925925925926,1,0,463,0,1,0,1,0,0,0,0,1,0.77777777777777779,0.33333333333333337,1,0,0.54858774215054529,1,926,14,0,0,0,0,0
d000935,c_fac_016,0,med-features-v2,23509,1,231.16104166666668,165,165,20,20,0.71378809686248668,2.9989351851851853,1,0,22115,0,1,1,1,0,0,0,0,1,0.66666666666666674,0.66666666666666674,1,0,0.37543438187761907,1,330,26,0,0,0,0,0
d000936,c_fac_033,0,med-features-v2,23520,1,231.18747685185184,165,165,20,20,0.71370647859846792,2.912638888888889,1,0,22126,0,1,1,1,0,0,0,0,1,0.69230769230769229,0.69230769230769229,1,0,0.27660943061413473,1,330,25,0,0,0,0,0
d000937,c_fac_051,0,med-features-v2,23531,1,231.21393518518519,165,165,20,20,0.71362480755256918,2.9979166666666668,1,0,22137,0,1,1,1,0,0,0,0,1,0.72727272727272729,0.72727272727272729,1,0,0.31526975279597913,1,330,15,0,0,0,0,0
d000938,c_marcus,0,med-features-v2,632,1,231.23041666666666,133,133,16,16,0.5751838443976337,0.19675925925925927,1,0,632,0,1,1,1,0,0,0,0,1,0.41666666666666663,0.33333333333333337,1,0,0.60848225666877997,1,266,14,0,0,0,0,0
d000939,c_fac_024,0,med-features-v2,23552,1,231.26680555555555,166,166,20,20,0.7177856744344705,0.19675925925925927,1,0,22158,0,1,1,1,0,0,0,0,1,0.75,0.75,1,0,0.36844762102694878,1,332,16,0,0,0,0,0
d000940,c_fac_079,0,med-features-v2,23563,1,231.2932638888889,166,166,20,20,0.71770356476851327,0.19678240740740741,1,0,22169,0,1,1,1,0,0,0,0,1,0.83333333333333337,0.83333333333333337,1,1,0.42257000046033483,1,332,16,0,0,0,0,0
d000328,c_fac_016,0,med-features-v2,23569,1,231.3071875,166,166,20,20,0.71766036236984643,0.14579861111111111,1,0,22175,0,1,1,1,0,0,0,0,1,0.66666666666666674,0.66666666666666674,1,0,0.2992466206817545,1,332,19,0,0,0,0,0
d000941,c_morgan_shaw,0,med-features-v2,23574,1,231.31969907407407,631,631,76,76,2.7278264779254222,0.066967592592592592,1,0,22180,0,1,1,1,0,0,0,0,1,0.81818181818181812,0.81818181818181812,1,1,0.35051851174367221,1,1262,18,0,0,0,0,0
d000942,c_fac_071,0,med-features-v2,23585,1,231.34613425925926,165,165,20,20,0.71321701799041903,2.9977546296296298,1,0,22188,0,1,1,1,0,0,0,0,1,0.83333333333333337,0.83333333333333337,1,1,0.32246883980362118,1,330,15,0,0,0,0,0
d000943,c_fac_088,0,med-features-v2,23596,1,231.37259259259258,165,165,20,20,0.71313545891987595,3.0364814814814816,1,0,22199,0,1,1,1,0,0,0,0,1,0.63636363636363635,0.63636363636363635,1,0,0.29695569636890018,1,330,25,0,0,0,0,0
d000303,c_new_172,0,med-features-v2,23597,1,231.47431712962964,0,0,0,0,0,3650,0,1,22200,0,1,1,1,0,0,0,0,0,0.63636363636363635,0.63636363636363635,1,0,0,0,0,13,0,0,0,0,0
d000313,c_new_182,0,med-features-v2,23598,1,231.51464120370369,0,0,0,0,0,3650,0,1,0,1,0,0,1,0,0,0,0,0,0.75,0.75,1,0,0,0,0,13,0,0,0,0,0
d000369,c_noah,0,med-features-v2,23599,1,231.55190972222223,1897,1595,229,192,8.1925474174482407,0.22464120370370369,1,0,22201,0,1,1,1,0,0,0,0,1,0.40000000000000002,0.33333333333333337,1,0,0,0,3491,0,0,1,1,1,0
d000359,c_maya,0,med-features-v2,0,0,0,0,0,0,0,0,3650,0,1,0,1,1,1,2,1,0,0,0,0,0.33333333333333337,0.5,1,0,0,0,0,14,0,0,0,0,0
d000359,c_noah,1,med-features-v2,0,0,0,0,0,0,0,0,3650,0,1,0,1,1,1,2,1,0,0,0,0,0.40000000000000002,0.33333333333333337,1,0,0,0,0,14,0,0,0,0,0
d000944,c_alex_chen,0,med-features-v2,23608,1,232.0269675925926,764,698,92,84,3.2927207036618209,0.72134259259259259,1,0,22210,0,1,1,1,0,0,0,0,1,0.88888888888888884,0.88888888888888884,1,1,0.18065081702801833,1,1462,17,0,0,0,0,0
d000945,c_morgan_zhao,0,med-features-v2,23618,1,232.05664351851851,631,565,76,68,2.7191636939695938,0.010439814814814815,1,0,22217,0,1,1,1,0,0,0,0,1,0.81818181818181812,0.81818181818181812,1,1,0.31910017851951666,1,1196,15,0,0,0,0,0
d000946,c_fac_050,0,med-features-v2,23629,1,232.08631944444446,165,165,20,20,0.71094237865880239,3.8727546296296298,1,0,22228,0,1,1,1,0,0,0,0,1,0.75,0.75,1,0,0.39218393050962158,1,330,18,0,0,0,0,0
d000947,c_fac_003,0,med-features-v2,23640,1,232.11599537037037,166,166,20,20,0.71515967581262996,0.97143518518518523,1,0,22239,0,1,1,1,0,0,0,0,1,0.75,0.75,1,0,0.30939338367038621,1,332,14,0,0,0,0,0
d000948,c_fac_018,0,med-features-v2,23651,1,232.14567129629629,166,166,20,20,0.71506825465691293,0.97946759259259264,1,0,22250,0,1,1,1,0,0,0,0,1,0.66666666666666674,0.66666666666666674,1,0,0.33526018179393996,1,332,14,0,0,0,0,0
d000949,c_fac_037,0,med-features-v2,23662,1,232.17534722222223,166,166,20,20,0.71497685687152757,0.98270833333333329,1,0,22261,0,1,1,1,0,0,0,0,1,0.76923076923076916,0.76923076923076916,1,0,0.38845791691814213,1,332,26,0,0,0,0,0
d000950,c_fac_053,0,med-features-v2,23673,1,232.20502314814814,166,166,20,20,0.71488548244751382,0.98592592592592587,1,0,22272,0,1,1,1,0,0,0,0,1,0.75,0.75,1,0,0.26950612320433653,1,332,14,0,0,0,0,0
d000951,c_noah,0,med-features-v2,23684,1,232.23469907407409,1904,1601,230,192,8.1986025671068905,0.03201388888888889,1,0,22283,0,1,1,4,1,1500,1,0.78781512605042014,1,0.40000000000000002,0.33333333333333337,1,0,0.60757465604779481,1,3503,17,0,0,0,0,0
d000951,c_elena,1,med-features-v2,23684,1,232.23469907407409,1700,200,204,24,7.3201808634882948,0.032361111111111111,1,0,22283,0,1,1,4,1,1500,1,0.88235294117647056,1,0.45454545454545459,0.80000000000000004,1,0,0.74296915204825609,1,1900,17,0,0,0,0,0
d000951,c_taylor,2,med-features-v2,23684,1,232.23469907407409,1401,201,168,24,6.0326902292630011,0.032361111111111111,1,0,22283,0,1,1,4,1,1200,1,0.85653104925053536,1,0.46153846153846156,0.33333333333333337,1,0,0.75996980994157337,1,1602,17,0,0,0,0,0
d000951,c_chris,3,med-features-v2,23684,1,232.23469907407409,1701,501,204,60,7.3244868522315238,0.032361111111111111,1,0,22283,0,1,1,4,1,1500,1,0.88183421516754845,1,0.33333333333333337,0.33333333333333337,1,0,0.63000138257852567,1,2202,17,0,0,0,0,0
d000952,c_morgan_shaw,0,med-features-v2,23691,1,232.264375,633,633,76,76,2.7253426187291958,0.22356481481481483,1,0,22290,0,1,1,1,0,0,0,0,1,0.81818181818181812,0.81818181818181812,1,1,0.2634441293884538,1,1266,25,0,0,0,0,0
d000953,c_fac_015,0,med-features-v2,23702,1,232.29405092592592,167,167,21,21,0.718916387803892,0.22627314814814814,1,0,22298,0,1,1,1,0,0,0,0,1,0.76923076923076916,0.76923076923076916,1,0,0.44219926779612295,1,334,27,0,0,0,0,0
d000954,c_fac_055,0,med-features-v2,23713,1,232.32372685185186,166,166,20,20,0.71452021818612976,0.23435185185185184,1,0,22309,0,1,1,1,0,0,0,0,1,0.83333333333333337,0.83333333333333337,1,1,0.4068750887630832,1,332,16,0,0,0,0,0
d000086,c_fac_078,0,med-features-v2,23724,1,232.35340277777777,166,166,20,20,0.71442896043473048,0.99488425925925927,1,0,22320,0,1,1,2,1,0,0,0,1,0.80000000000000004,0.80000000000000004,1,1,0.29014935731721919,1,332,14,0,0,0,0,0
d000086,c_lee,1,med-features-v2,23724,1,232.35340277777777,467,467,56,56,2.0098694248374649,0.077893518518518515,1,0,467,0,1,0,2,1,0,0,0,1,0.5,0.5,1,0,0.018841927066220662,1,934,14,0,0,0,0,0
d000955,c_fac_079,0,med-features-v2,23725,1,232.35611111111112,167,167,20,20,0.71872437183346438,1.0625,1,0,22321,0,1,1,1,0,0,0,0,1,0.83333333333333337,0.83333333333333337,1,1,0.26744562029554908,1,334,15,0,0,0,0,0
d000956,c_chris,0,med-features-v2,23736,1,233.00979166666667,1704,501,204,60,7.3129973972839126,0.0097916666666666673,1,0,22332,0,1,1,4,1,1503,1,0.88204225352112675,1,0.33333333333333337,0.33333333333333337,1,0,0.4431545931885465,1,2205,21,0,0,0,0,0
d000956,c_noah,1,med-features-v2,23736,1,233.00979166666667,1908,1605,230,192,8.1884970856911412,0.0094444444444444445,1,0,22332,0,1,1,4,1,1503,1,0.78773584905660377,1,0.40000000000000002,0.33333333333333337,1,0,0.19342550399553096,1,3511,21,0,0,0,0,0
d000956,c_elena,2,med-features-v2,23736,1,233.00979166666667,1704,201,204,24,7.3129973972839126,0.0097916666666666673,1,0,22332,0,1,1,4,1,1503,1,0.88204225352112675,1,0.45454545454545459,0.80000000000000004,1,0,0.29593262418382821,1,1905,21,0,0,0,0,0
d000956,c_marcus,3,med-features-v2,23736,1,233.00979166666667,434,134,52,16,1.862582670434987,0.75856481481481486,1,0,22332,0,1,1,4,1,300,1,0.69124423963133641,1,0.41666666666666663,0.33333333333333337,1,0,0.66068556936597467,1,568,21,0,0,0,0,0
d000957,c_priya,0,med-features-v2,23746,1,233.03675925925927,334,334,40,40,1.4332502780319587,0.79900462962962959,1,0,22339,0,1,1,1,0,0,0,0,1,0.45454545454545459,0.40000000000000002,1,0,0.3710596579313013,1,668,18,0,0,0,0,0
d000154,c_fac_006,0,med-features-v2,23747,1,233.03921296296295,166,166,20,20,0.7123264702510923,1.8922453703703703,1,0,22340,0,1,1,1,0,0,0,0,1,0.81818181818181812,0.81818181818181812,1,1,0.077012221607996825,1,332,26,0,0,0,0,0
d000244,c_noah,0,med-features-v2,23749,1,233.04409722222223,1910,1606,230,192,8.1958737542221236,0.0094444444444444445,1,0,22342,0,1,1,6,1,1505,0.80000000000000004,0.7879581151832461,1,0.40000000000000002,0.33333333333333337,1,0,0.60338628924262727,1,3514,17,0,0,0,0,0
d000244,c_elena,1,med-features-v2,23749,1,233.04409722222223,1706,201,204,24,7.3205029448706505,0.0097916666666666673,1,0,22342,0,1,1,6,1,1505,0.80000000000000004,0.88218053927315354,1,0.45454545454545459,0.80000000000000004,1,0,0.71414736232675136,1,1907,17,0,0,0,0,0
d000244,c_taylor,2,med-features-v2,23749,1,233.04409722222223,1406,202,168,24,6.0331929311184842,0.0097916666666666673,1,0,22342,0,1,1,6,1,1204,0.80000000000000004,0.85633001422475108,1,0.46153846153846156,0.33333333333333337,1,0,0.73173463855256649,1,1608,17,0,0,0,0,0
d000244,c_chris,3,med-features-v2,23749,1,233.04409722222223,1706,502,204,60,7.3205029448706505,0.0097916666666666673,1,0,22342,0,1,1,6,1,1505,0.80000000000000004,0.88218053927315354,1,0.33333333333333337,0.33333333333333337,1,0,0.60624502290398474,1,2208,17,0,0,0,0,0
d000244,c_lena,4,med-features-v2,23749,1,233.04409722222223,399,199,48,24,1.7121223182903806,0.041319444444444443,1,0,22342,0,1,1,6,1,200,0.80000000000000004,0.50125313283208017,1,0.46153846153846156,0.80000000000000004,1,0,0.57602513686420831,1,598,17,0,0,0,0,0
d000244,c_jamie_li,5,med-features-v2,23749,1,233.04409722222223,635,569,76,68,2.7248061957754177,0.026597222222222223,1,0,22342,0,1,1,6,1,0,0,0,1,0.77777777777777779,0.77777777777777779,1,0,0.16355465135360114,1,1204,17,0,0,0,0,0
d000958,c_fac_031,0,med-features-v2,23758,1,233.06861111111112,166,166,20,20,0.71223662083292116,1.8855787037037037,1,0,22351,0,1,1,1,0,0,0,0,1,0.84615384615384615,0.84615384615384615,1,1,0.46792488461173953,1,332,16,0,0,0,0,0
d000959,c_fac_086,0,med-features-v2,23769,1,233.09557870370369,166,166,20,20,0.71215421984047433,1.7274537037037037,1,0,22362,0,1,1,1,0,0,0,0,1,0.75,0.75,1,0,0.37585804162421027,1,332,16,0,0,0,0,0
d000017,c_jamie_li,0,med-features-v2,23776,1,233.11273148148149,636,569,76,68,2.7282937141960604,0.066180555555555562,1,0,22369,0,1,1,1,0,0,0,0,1,0.77777777777777779,0.77777777777777779,1,0,0.24526801131338344,1,1205,24,0,0,0,0,0
d000018,c_morgan_zhao,0,med-features-v2,23778,1,233.11763888888888,636,569,76,68,2.7282362803234181,0.068634259259259256,1,0,22371,0,1,1,1,0,0,0,0,1,0.81818181818181812,0.81818181818181812,1,1,0.25681826979761657,1,1205,24,0,0,0,0,0
d000960,c_pat,0,med-features-v2,23781,1,233.12743055555555,468,468,56,56,2.0074857724152415,0.09768518518518518,1,0,468,0,1,0,1,0,0,0,0,1,0.77777777777777779,0.33333333333333337,1,0,0.41503203404311084,1,936,16,0,0,0,0,0
d000961,c_fac_009,0,med-features-v2,23792,1,233.15439814814815,169,169,20,20,0.72484156997379934,1.0218750000000001,1,0,22379,0,1,1,1,0,0,0,0,1,0.69230769230769229,0.69230769230769229,1,0,0.27807257161563137,1,338,19,0,0,0,0,0
d000962,c_fac_028,0,med-features-v2,23803,1,233.18136574074074,167,167,20,20,0.71618072683250544,1.0191666666666668,1,0,22390,0,1,1,1,0,0,0,0,1,0.75,0.75,1,0,0.38933121902598861,1,334,26,0,0,0,0,0
d000963,c_fac_044,0,med-features-v2,23814,1,233.20833333333334,168,168,20,20,0.72038592102912269,1.0191435185185185,1,0,22401,0,1,1,1,0,0,0,0,1,0.81818181818181812,0.81818181818181812,1,1,0.28567653232503043,1,336,19,0,0,0,0,0
d000964,c_noah,0,med-features-v2,23825,1,233.23527777777778,1914,1609,230,192,8.2063057451524273,0.031504629629629632,1,0,22412,0,1,1,4,1,1509,1,0.78840125391849525,1,0.40000000000000002,0.33333333333333337,1,0,0.60742920841628545,1,3521,17,0,0,0,0,0
d000964,c_elena,1,med-features-v2,23825,1,233.23527777777778,1710,201,204,24,7.3316524682396293,0.031851851851851853,1,0,22412,0,1,1,4,1,1509,1,0.88245614035087716,1,0.45454545454545459,0.80000000000000004,1,0,0.74216417690623127,1,1911,17,0,0,0,0,0
d000964,c_taylor,2,med-features-v2,23825,1,233.23527777777778,1410,203,168,24,6.0453976492502202,0.031851851851851853,1,0,22412,0,1,1,4,1,1207,1,0.8560283687943262,1,0.46153846153846156,0.33333333333333337,1,0,0.75937930562098699,1,1613,17,0,0,0,0,0
d000964,c_chris,3,med-features-v2,23825,1,233.23527777777778,1710,503,204,60,7.3316524682396293,0.031851851851851853,1,0,22412,0,1,1,4,1,1509,1,0.88245614035087716,1,0.33333333333333337,0.33333333333333337,1,0,0.62968864113655021,1,2213,17,0,0,0,0,0
d000965,c_fac_016,0,med-features-v2,23835,1,233.26224537037038,168,168,21,21,0.72021942399316297,0.200625,1,0,22422,0,1,1,1,0,0,0,0,1,0.66666666666666674,0.66666666666666674,1,0,0.37583458962695027,1,336,18,0,0,0,0,0
d000966,c_fac_071,0,med-features-v2,23846,1,233.28921296296295,167,167,20,20,0.71584964379177263,0.20064814814814816,1,0,22433,0,1,1,1,0,0,0,0,1,0.83333333333333337,0.83333333333333337,1,1,0.3323803983129926,1,334,18,0,0,0,0,0
d000967,c_morgan_shaw,0,med-features-v2,23856,1,233.31615740740742,638,638,76,76,2.7344870029123176,0.06581018518518518,1,0,22443,0,1,1,1,0,0,0,0,1,0.81818181818181812,0.81818181818181812,1,1,0.38445637593129428,1,1276,24,0,0,0,0,0
d000968,c_fac_069,0,med-features-v2,23867,1,233.34312499999999,168,168,20,20,0.71996978698215341,1.1107638888888889,1,0,22451,0,1,1,1,0,0,0,0,1,0.75,0.75,1,0,0.27809238030718364,1,336,19,0,0,0,0,0
d000969,c_fac_088,0,med-features-v2,23878,1,233.37009259259258,167,167,20,20,0.71560155007326232,1.000162037037037,1,0,22462,0,1,1,1,0,0,0,0,1,0.63636363636363635,0.63636363636363635,1,0,0.31267864832970105,1,334,15,0,0,0,0,0
d000970,c_alex_chan,0,med-features-v2,23886,1,234.02375000000001,639,639,76,76,2.7304920974901052,0.71949074074074071,1,0,22470,0,1,1,1,0,0,0,0,1,0.88888888888888884,0.88888888888888884,1,1,0.23012323921280481,1,1278,14,0,0,0,0,0
d000971,c_pat,0,med-features-v2,23896,1,234.05280092592594,471,471,56,56,2.0123664324319033,0.72893518518518519,1,0,471,0,1,0,1,0,0,0,0,1,0.77777777777777779,0.33333333333333337,1,0,0.3620201507703093,1,942,25,0,0,0,0,0
d000972,c_fac_042,0,med-features-v2,23907,1,234.08185185185187,167,167,20,20,0.71342566148909603,1.8980555555555556,1,0,22488,0,1,1,1,0,0,0,0,1,0.66666666666666674,0.66666666666666674,1,0,0.41185770679712896,1,334,18,0,0,0,0,0
d000973,c_sam,0,med-features-v2,23918,1,234.11090277777777,169,169,20,20,0.72188009184868163,0.97821759259259256,1,0,22499,0,1,1,1,0,0,0,0,1,0.45454545454545459,0.33333333333333337,1,0,0.36860322067191487,1,338,26,0,0,0,0,0
d000974,c_fac_011,0,med-features-v2,23929,1,234.1399537037037,169,169,20,20,0.72179052454184678,0.87981481481481483,1,0,22510,0,1,1,1,0,0,0,0,1,0.66666666666666674,0.66666666666666674,1,0,0.26067093026434252,1,338,15,0,0,0,0,0
d000975,c_fac_030,0,med-features-v2,23940,1,234.16900462962963,168,168,20,20,0.71743055946159495,0.98238425925925921,1,0,22521,0,1,1,1,0,0,0,0,1,0.81818181818181812,0.81818181818181812,1,1,0.31524037642742925,1,336,14,0,0,0,0,0
d000976,c_fac_049,0,med-features-v2,23951,1,234.19805555555556,169,169,20,20,0.72161145659004189,0.98203703703703704,1,0,22532,0,1,1,1,0,0,0,0,1,0.72727272727272729,0.72727272727272729,1,0,0.32788920049560927,1,338,15,0,0,0,0,0
d000977,c_fac_065,0,med-features-v2,23962,1,234.22710648148148,168,168,20,20,0.71725259524256835,0.88854166666666667,1,0,22543,0,1,1,1,0,0,0,0,1,0.80000000000000004,0.80000000000000004,1,1,0.27371491842373669,1,336,14,0,0,0,0,0
d000978,c_alex_chen,0,med-features-v2,23969,1,234.25615740740741,774,706,92,84,3.3040753701679448,0.2267824074074074,1,0,22550,0,1,1,1,0,0,0,0,1,0.88888888888888884,0.88888888888888884,1,1,0.17773608750661565,1,1480,18,0,0,0,0,0
d000979,c_fac_002,0,med-features-v2,23980,1,234.28520833333334,168,168,20,20,0.71707471929245781,0.22414351851851852,1,0,22558,0,1,1,1,0,0,0,0,1,0.76923076923076916,0.76923076923076916,1,0,0.4046701816264402,1,336,18,0,0,0,0,0
d000980,c_fac_037,0,med-features-v2,23991,1,234.31425925925927,168,168,20,20,0.71698581439772635,0.23469907407407409,1,0,22569,0,1,1,1,0,0,0,0,1,0.76923076923076916,0.76923076923076916,1,0,0.37384210324189321,1,336,16,0,0,0,0,0
d000981,c_fac_070,0,med-features-v2,24002,1,234.34328703703704,168,168,20,20,0.71689700235982545,0.99736111111111114,1,0,22580,0,1,1,1,0,0,0,0,1,0.80000000000000004,0.80000000000000004,1,1,0.28993314118760394,1,336,26,0,0,0,0,0
d000982,c_fac_089,0,med-features-v2,24013,1,234.37233796296297,169,169,20,20,0.72107485665269277,0.99944444444444447,1,0,22591,0,1,1,1,0,0,0,0,1,0.80000000000000004,0.80000000000000004,1,1,0.3576410697840674,1,338,15,0,0,0,0,0
d000983,c_morgan_zhao,0,med-features-v2,24023,1,235.02449074074073,641,573,76,68,2.7273753385433239,0.75215277777777778,1,0,22601,0,1,1,1,0,0,0,0,1,0.81818181818181812,0.81818181818181812,1,1,0.39423247548300744,1,1214,14,0,0,0,0,0
d000984,c_jamie_li,0,med-features-v2,24033,1,235.05145833333333,642,574,76,68,2.7313168127192009,0.036412037037037034,1,0,22608,0,1,1,1,0,0,0,0,1,0.77777777777777779,0.77777777777777779,1,0,0.32663031808901394,1,1216,15,0,0,0,0,0
d000985,c_fac_043,0,med-features-v2,24043,1,235.07842592592593,168,168,20,20,0.71465511706692053,1.8721990740740742,1,0,22618,0,1,1,1,0,0,0,0,1,0.75,0.75,1,0,0.43451021757746211,1,336,27,0,0,0,0,0
d000986,c_lena,0,med-features-v2,24054,1,235.10537037037037,405,202,48,24,1.7226318538023535,0.061273148148148146,1,0,22629,0,1,1,1,0,0,0,0,1,0.46153846153846156,0.80000000000000004,1,0,0.65286197618267638,1,607,15,0,0,0,0,0
d000987,c_pat,0,med-features-v2,24064,1,235.13233796296296,474,474,56,56,2.0158860499854447,0.1025925925925926,1,0,474,0,1,0,1,0,0,0,0,1,0.77777777777777779,0.33333333333333337,1,0,0.4150827317463382,1,948,16,0,0,0,0,0
d000988,c_fac_015,0,med-features-v2,24075,1,235.15930555555556,170,170,21,21,0.72291419469189622,1.0137268518518519,1,0,22647,0,1,1,1,0,0,0,0,1,0.76923076923076916,0.76923076923076916,1,0,0.38310363288300153,1,340,26,0,0,0,0,0
d000989,c_fac_032,0,med-features-v2,24086,1,235.18627314814816,169,169,20,20,0.71857935302858345,0.8769675925925926,1,0,22658,0,1,1,1,0,0,0,0,1,0.76923076923076916,0.76923076923076916,1,0,0.30061770332921384,1,338,15,0,0,0,0,0
d000990,c_fac_050,0,med-features-v2,24097,1,235.2132175925926,169,169,20,20,0.71849703741020632,1.012175925925926,1,0,22669,0,1,1,1,0,0,0,0,1,0.75,0.75,1,0,0.28098598975698669,1,338,15,0,0,0,0,0
d000087,c_fac_051,0,med-features-v2,24098,1,235.21567129629631,169,169,20,20,0.71848954225126527,1.0093518518518518,1,0,22670,0,1,1,2,1,0,0,0,1,0.72727272727272729,0.72727272727272729,1,0,0.27652361885268623,1,338,19,0,0,0,0,0
d000087,c_pat,1,med-features-v2,24098,1,235.21567129629631,475,475,56,56,2.0194232696411301,0.082986111111111108,1,0,475,0,1,0,2,1,0,0,0,1,0.77777777777777779,0.33333333333333337,1,0,0.024515960851277559,1,950,19,0,0,0,0,0
d000991,c_hana,0,med-features-v2,305,1,235.1846064814815,135,135,16,16,0.57401716047529638,0.200625,1,0,305,0,1,1,1,0,0,0,0,1,0.38461538461538458,0.5,1,0,0.58819956605239698,1,270,16,0,0,0,0,0
d000992,c_fac_023,0,med-features-v2,24118,1,235.26960648148147,169,169,20,20,0.71832482966006206,0.20064814814814816,1,0,22690,0,1,1,1,0,0,0,0,1,0.84615384615384615,0.84615384615384615,1,1,0.34739747062976095,1,338,18,0,0,0,0,0
d000993,c_chris,0,med-features-v2,24129,1,235.29655092592591,1732,509,204,60,7.3609238774828185,0.051458333333333335,1,0,22701,0,1,1,4,1,1528,1,0.88221709006928406,1,0.33333333333333337,0.33333333333333337,1,0,0.46032327340719881,1,2241,16,0,0,0,0,0
d000993,c_noah,1,med-features-v2,24129,1,235.29655092592591,1938,1630,229,192,8.2364148236499428,0.051111111111111114,1,0,22701,0,1,1,4,1,1528,1,0.78844169246646023,1,0.40000000000000002,0.33333333333333337,1,0,0.21000889737729542,1,3566,16,0,0,0,0,0
d000993,c_elena,2,med-features-v2,24129,1,235.29655092592591,1732,204,204,24,7.3609238774828185,0.051458333333333335,1,0,22701,0,1,1,4,1,1528,1,0.88221709006928406,1,0.45454545454545459,0.80000000000000004,1,0,0.3183717344278626,1,1936,16,0,0,0,0,0
d000993,c_marcus,3,med-features-v2,24129,1,235.29655092592591,441,136,52,16,1.8742306177655443,0.048657407407407406,1,0,22701,0,1,1,4,1,305,1,0.69160997732426299,1,0.41666666666666663,0.33333333333333337,1,0,0.67465428286965723,1,577,16,0,0,0,0,0
d000994,c_pat,0,med-features-v2,24139,1,235.32351851851851,475,475,56,56,2.0184977812263183,0.19083333333333333,1,0,475,0,1,0,1,0,0,0,0,1,0.77777777777777779,0.33333333333333337,1,0,0.41687777272923016,1,950,16,0,0,0,0,0
d000995,c_fac_072,0,med-features-v2,24150,1,235.35048611111111,169,169,20,20,0.71807797295227838,1.0174074074074073,1,0,22719,0,1,1,1,0,0,0,0,1,0.72727272727272729,0.72727272727272729,1,0,0.26198149878518717,1,338,14,0,0,0,0,0
d000996,c_alex_chan,0,med-features-v2,24161,1,238.00238425925926,646,646,76,76,2.7142585231259839,2.7005787037037039,1,0,22730,0,1,1,1,0,0,0,0,1,0.88888888888888884,0.88888888888888884,1,1,0.37507376856747909,1,1292,18,0,0,0,0,0
d000997,c_lee,0,med-features-v2,24171,1,238.02884259259258,476,476,56,56,1.9997576546415263,2.7074305555555553,1,0,476,0,1,0,1,0,0,0,0,1,0.5,0.5,1,0,0.52643674898941328,1,952,14,0,0,0,0,0
d000998,c_morgan_shaw,0,med-features-v2,24181,1,238.05527777777777,647,647,76,76,2.7178561468566476,0.038124999999999999,1,0,22747,0,1,1,1,0,0,0,0,1,0.81818181818181812,0.81818181818181812,1,1,0.31926143969453852,1,1294,15,0,0,0,0,0
d000999,c_fac_049,0,med-features-v2,24192,1,238.08171296296297,170,170,20,20,0.71404056147078354,3.8833101851851852,1,0,22758,0,1,1,1,0,0,0,0,1,0.72727272727272729,0.72727272727272729,1,0,0.34566353437964387,1,340,18,0,0,0,0,0
d001000,c_alex_chen,0,med-features-v2,24203,1,238.10817129629629,784,716,92,84,3.292621146648548,0.066967592592592592,1,0,22769,0,1,1,1,0,0,0,0,1,0.88888888888888884,0.88888888888888884,1,1,0.44389647568232138,1,1500,25,0,0,0,0,0
d001001,c_pat,0,med-features-v2,24213,1,238.13460648148148,477,477,56,56,2.0030687981383077,0.10300925925925926,1,0,477,0,1,0,1,0,0,0,0,1,0.77777777777777779,0.33333333333333337,1,0,0.55217262566133229,1,954,14,0,0,0,0,0
d001002,c_fac_016,0,med-features-v2,24224,1,238.16104166666668,171,171,21,21,0.71800156231821433,2.9989351851851853,1,0,22787,0,1,1,1,0,0,0,0,1,0.66666666666666674,0.66666666666666674,1,0,0.3800134711043377,1,342,26,0,0,0,0,0
d001003,c_fac_033,0,med-features-v2,24235,1,238.18747685185184,170,170,20,20,0.71372350153294084,2.912638888888889,1,0,22798,0,1,1,1,0,0,0,0,1,0.69230769230769229,0.69230769230769229,1,0,0.278048882724236,1,340,14,0,0,0,0,0
d000208,c_dir_097,0,med-features-v2,24236,1,238.18988425925926,0,0,0,0,0,3650,0,1,22799,0,1,1,1,0,0,0,0,0,0.72727272727272729,0.72727272727272729,1,0,0,0,0,15,0,0,0,0,0
d000245,c_noah,0,med-features-v2,24242,1,238.20430555555555,1949,1638,229,192,8.1820519383745633,0.076574074074074072,1,0,22805,0,1,1,5,1,1536,1,0.78809645972293485,1,0.40000000000000002,0.33333333333333337,1,0,0.57238920643902691,1,3585,28,0,0,0,0,0
d000245,c_elena,1,med-features-v2,24242,1,238.20430555555555,1740,204,204,24,7.3046538598110518,0.091342592592592586,1,0,22805,0,1,1,5,1,1536,1,0.88275862068965516,1,0.45454545454545459,0.80000000000000004,1,0,0.72479685353890522,1,1944,28,0,0,0,0,0
d000245,c_taylor,2,med-features-v2,24242,1,238.20430555555555,1434,206,168,24,6.0200423189477288,0.088587962962962966,1,0,22805,0,1,1,5,1,1228,1,0.85634588563458858,1,0.46153846153846156,0.33333333333333337,1,0,0.72436190501273456,1,1640,28,0,0,0,0,0
d000245,c_chris,3,med-features-v2,24242,1,238.20430555555555,1742,514,204,60,7.3130500136729033,0.081365740740740738,1,0,22805,0,1,1,5,1,1536,1,0.88174512055109067,1,0.33333333333333337,0.33333333333333337,1,0,0.66153281876771564,1,2256,28,0,0,0,0,0
d000245,c_lena,4,med-features-v2,24242,1,238.20430555555555,409,204,48,24,1.7170134647486897,0.15863425925925925,1,0,22805,0,1,1,5,1,205,1,0.5012224938875306,1,0.46153846153846156,0.80000000000000004,1,0,0.54463079799488912,1,613,28,0,0,0,0,0
d001004,c_fac_053,0,med-features-v2,24248,1,238.21875,170,170,20,20,0.71362980453889546,2.9340972222222224,1,0,22811,0,1,1,1,0,0,0,0,1,0.75,0.75,1,0,0.267702561371787,1,340,15,0,0,0,0,0
d001005,c_avery,0,med-features-v2,24258,1,238.24518518518519,137,137,16,16,0.57503785393820872,0.19678240740740741,1,0,22821,0,1,1,2,1,137,1,1,1,0.5,0.30000000000000004,1,0,0.55174981409650092,1,274,19,0,0,0,0,0
d001005,c_devon,1,med-features-v2,24258,1,238.24518518518519,137,0,16,0,0.57503785393820872,0.19712962962962963,1,0,22821,0,1,1,2,1,137,1,1,1,0.45454545454545459,0.40000000000000002,1,0,0.70597562680728365,1,137,19,0,0,0,0,0
d001006,c_fac_034,0,med-features-v2,24269,1,238.27162037037036,171,171,20,20,0.71766834730127294,0.19675925925925927,1,0,22832,0,1,1,1,0,0,0,0,1,0.7142857142857143,0.7142857142857143,1,0,0.32585114596649606,1,342,18,0,0,0,0,0
d001007,c_chris,0,med-features-v2,24280,1,238.29805555555555,1745,514,204,60,7.3227622270429311,0.05527777777777778,1,0,22843,0,1,1,4,1,1539,1,0.88194842406876794,1,0.33333333333333337,0.33333333333333337,1,0,0.46171593461433635,1,2259,16,0,0,0,0,0
d001007,c_noah,1,med-features-v2,24280,1,238.29805555555555,1952,1641,229,192,8.1914222734600575,0.054930555555555559,1,0,22843,0,1,1,4,1,1539,1,0.78842213114754101,1,0.40000000000000002,0.33333333333333337,1,0,0.21072520981259427,1,3591,16,0,0,0,0,0
d001007,c_elena,2,med-features-v2,24280,1,238.29805555555555,1743,204,204,24,7.3143693763529098,0.05527777777777778,1,0,22843,0,1,1,4,1,1539,1,0.88296041308089501,1,0.45454545454545459,0.80000000000000004,1,0,0.3199727515512894,1,1947,16,0,0,0,0,0
d001007,c_marcus,3,med-features-v2,24280,1,238.29805555555555,444,136,52,16,1.8632128531845624,0.18509259259259259,1,0,22843,0,1,1,4,1,308,1,0.69369369369369371,1,0.41666666666666663,0.33333333333333337,1,0,0.67926409240211494,1,580,16,0,0,0,0,0
d001008,c_lee,0,med-features-v2,24290,1,238.3245138888889,478,478,56,56,2.0056686246839552,0.19196759259259261,1,0,478,0,1,0,1,0,0,0,0,1,0.5,0.5,1,0,0.45287837707226219,1,956,16,0,0,0,0,0
d001009,c_fac_073,0,med-features-v2,24301,1,238.35094907407407,170,170,20,20,0.71323399659368614,3.0565046296296297,1,0,22861,0,1,1,1,0,0,0,0,1,0.72727272727272729,0.72727272727272729,1,0,0.27315229995546764,1,340,15,0,0,0,0,0
d000155,c_fac_007,0,med-features-v2,24312,1,239.00268518518519,171,171,20,20,0.71547313314703964,0.8533101851851852,1,0,22872,0,1,1,1,0,0,0,0,1,0.84615384615384615,0.84615384615384615,1,1,0.074438283064609215,1,342,26,0,0,0,0,0
d001010,c_avery,0,med-features-v2,787,1,239.00266203703703,136,136,16,16,0.56903131890189895,4.7647453703703704,1,0,787,0,1,1,2,1,136,1,1,1,0.5,0.30000000000000004,1,0,0.48738468391646911,1,272,19,0,0,0,0,0
d001010,c_devon,1,med-features-v2,787,1,239.00266203703703,136,0,16,0,0.56903131890189895,4.7650925925925929,1,0,787,0,1,1,2,1,136,1,1,1,0.45454545454545459,0.40000000000000002,1,0,0.61488172360114834,1,136,19,0,0,0,0,0
d001011,c_noah,0,med-features-v2,650,1,239.01310185185184,445,445,52,52,1.8618226220746075,0.72462962962962962,1,0,650,0,1,1,3,1,136,1,0.30561797752808989,1,0.40000000000000002,0.33333333333333337,1,0,0.48135986234470446,1,890,27,0,0,0,0,0
d001011,c_taylor,1,med-features-v2,650,1,239.01310185185184,136,0,16,0,0.56900646427448676,4.7894907407407405,1,0,650,0,1,1,3,1,136,1,1,1,0.46153846153846156,0.33333333333333337,1,0,0.65552773645404216,1,136,27,0,0,0,0,0
d001011,c_chris,2,med-features-v2,650,1,239.01310185185184,136,0,16,0,0.56900646427448676,4.7894907407407405,1,0,650,0,1,1,3,1,136,1,1,1,0.33333333333333337,0.33333333333333337,1,0,0.65552773645404216,1,136,27,0,0,0,0,0
d001012,c_fac_010,0,med-features-v2,24331,1,239.06474537037036,171,171,20,20,0.71528739938245078,3.9124537037037035,1,0,22888,0,1,1,1,0,0,0,0,1,0.64285714285714279,0.64285714285714279,1,0,0.35810417355807,1,342,18,0,0,0,0,0
d001013,c_fac_065,0,med-features-v2,24342,1,239.0944212962963,170,170,20,20,0.71101617126117944,3.7558564814814814,1,0,22899,0,1,1,1,0,0,0,0,1,0.80000000000000004,0.80000000000000004,1,1,0.47165887547580782,1,340,16,0,0,0,0,0
d001014,c_fac_004,0,med-features-v2,24353,1,239.12409722222222,172,172,20,20,0.71929179032156421,0.86655092592592597,1,0,22910,0,1,1,1,0,0,0,0,1,0.75,0.75,1,0,0.25808330872975677,1,344,15,0,0,0,0,0
d001015,c_fac_023,0,med-features-v2,24364,1,239.15377314814816,171,171,20,20,0.71502112531618278,0.98037037037037034,1,0,22921,0,1,1,1,0,0,0,0,1,0.84615384615384615,0.84615384615384615,1,1,0.26778344400184062,1,342,19,0,0,0,0,0
d001016,c_fac_042,0,med-features-v2,24375,1,239.18344907407408,171,171,20,20,0.71493241134357099,0.98358796296296291,1,0,22932,0,1,1,1,0,0,0,0,1,0.66666666666666674,0.66666666666666674,1,0,0.33229543869064032,1,342,15,0,0,0,0,0
d001017,c_fac_058,0,med-features-v2,24386,1,239.21312499999999,171,171,20,20,0.71484371938203639,0.98682870370370368,1,0,22943,0,1,1,1,0,0,0,0,1,0.7142857142857143,0.7142857142857143,1,0,0.29695435640445672,1,342,14,0,0,0,0,0
d001018,c_hana,0,med-features-v2,310,1,239.18476851851852,137,137,16,16,0.57277894762514103,0.234375,1,0,310,0,1,1,1,0,0,0,0,1,0.38461538461538458,0.5,1,0,0.53959543115439701,1,274,27,0,0,0,0,0
d001019,c_jamie_li,0,med-features-v2,24404,1,239.27247685185185,652,584,76,68,2.7249268640441788,0.010439814814814815,1,0,22961,0,1,1,1,0,0,0,0,1,0.77777777777777779,0.77777777777777779,1,0,0.30811258212128245,1,1236,26,0,0,0,0,0
d001020,c_fac_020,0,med-features-v2,24415,1,239.30215277777779,171,171,20,20,0.71457777548200774,0.23166666666666666,1,0,22969,0,1,1,1,0,0,0,0,1,0.81818181818181812,0.81818181818181812,1,1,0.3832224648482066,1,342,18,0,0,0,0,0
d001021,c_fac_070,0,med-features-v2,24426,1,239.33182870370371,171,171,20,20,0.71448917148291413,0.234375,1,0,22980,0,1,1,1,0,0,0,0,1,0.80000000000000004,0.80000000000000004,1,1,0.342865970894071,1,342,16,0,0,0,0,0
d001022,c_fac_083,0,med-features-v2,24437,1,239.36150462962962,171,171,20,20,0.71440058945398432,0.99578703703703708,1,0,22991,0,1,1,1,0,0,0,0,1,0.63636363636363635,0.63636363636363635,1,0,0.28823439211975771,1,342,26,0,0,0,0,0
d001023,c_jamie_lee,0,med-features-v2,24448,1,240.01469907407409,653,653,76,76,2.720666702994174,0.75537037037037036,1,0,23002,0,1,1,1,0,0,0,0,1,0.77777777777777779,0.77777777777777779,1,0,0.37328855424982987,1,1306,24,0,0,0,0,0
d001024,c_alex_chan,0,med-features-v2,24458,1,240.04166666666666,654,654,76,76,2.7245269918416941,0.036435185185185189,1,0,23009,0,1,1,2,1,68,1,0.10397553516819572,1,0.88888888888888884,0.88888888888888884,1,1,0.25711760625785407,1,1308,27,0,0,0,0,0
d001024,c_alex_chen,1,med-features-v2,24458,1,240.04166666666666,792,724,92,84,3.2994271827807675,0.033981481481481481,1,0,23009,0,1,1,2,1,68,1,0.085858585858585856,1,0.88888888888888884,0.88888888888888884,1,1,0.22178663065385876,1,1516,27,0,0,0,0,0
d001025,c_fac_031,0,med-features-v2,24468,1,240.06861111111112,171,171,20,20,0.71229636897785009,1.8855787037037037,1,0,23019,0,1,1,1,0,0,0,0,1,0.84615384615384615,0.84615384615384615,1,1,0.47569149188038773,1,342,16,0,0,0,0,0
d001026,c_fac_086,0,med-features-v2,24479,1,240.09557870370369,171,171,20,20,0.71221636368001207,1.7274537037037037,1,0,23030,0,1,1,1,0,0,0,0,1,0.75,0.75,1,0,0.37904107683637722,1,342,16,0,0,0,0,0
d001027,c_morgan_zhao,0,med-features-v2,24489,1,240.12254629629629,655,586,76,68,2.7277738392452773,0.073541666666666672,1,0,23040,0,1,1,1,0,0,0,0,1,0.81818181818181812,0.81818181818181812,1,1,0.39563542188823747,1,1241,14,0,0,0,0,0
d001028,c_fac_005,0,med-features-v2,24500,1,240.14949074074073,172,172,20,20,0.71622054858191153,0.86048611111111106,1,0,23045,0,1,1,1,0,0,0,0,1,0.76923076923076916,0.76923076923076916,1,0,0.22272288023101319,1,344,14,0,0,0,0,0
d000088,c_fac_024,0,med-features-v2,24511,1,240.17645833333333,173,173,20,20,0.72030373501427336,1.0196527777777777,1,0,23056,0,1,1,2,1,0,0,0,1,0.75,0.75,1,0,0.23774401685067598,1,346,19,0,0,0,0,0
d000088,c_ren,1,med-features-v2,24511,1,240.17645833333333,484,484,56,56,2.0151850158780826,0.036412037037037034,1,0,484,0,1,0,2,1,0,0,0,1,0.54545454545454541,0.5,1,0,0.024483990549089327,1,968,19,0,0,0,0,0
d001029,c_fac_025,0,med-features-v2,24512,1,240.17891203703704,172,172,20,20,0.71613281341484536,0.87372685185185184,1,0,23057,0,1,1,1,0,0,0,0,1,0.75,0.75,1,0,0.25594544657397034,1,344,15,0,0,0,0,0
d001030,c_fac_043,0,med-features-v2,24523,1,240.20587962962964,172,172,20,20,0.7160524141424206,1.0193981481481482,1,0,23068,0,1,1,1,0,0,0,0,1,0.75,0.75,1,0,0.33553072895072289,1,344,15,0,0,0,0,0
d001031,c_fac_060,0,med-features-v2,24534,1,240.23282407407407,172,172,20,20,0.71597210190962512,0.90604166666666663,1,0,23079,0,1,1,1,0,0,0,0,1,0.69230769230769229,0.69230769230769229,1,0,0.28379815045439399,1,344,15,0,0,0,0,0
d001032,c_fac_011,0,med-features-v2,24544,1,240.25979166666667,173,173,20,20,0.72005389998846736,0.200625,1,0,23089,0,1,1,1,0,0,0,0,1,0.66666666666666674,0.66666666666666674,1,0,0.45550261182406732,1,346,27,0,0,0,0,0
d001033,c_fac_066,0,med-features-v2,24555,1,240.28675925925927,172,172,20,20,0.71581139356255274,0.20064814814814816,1,0,23100,0,1,1,1,0,0,0,0,1,0.72727272727272729,0.66666666666666674,1,0,0.42358032411029828,1,344,16,0,0,0,0,0
d000329,c_fac_017,0,med-features-v2,24557,1,240.28989583333333,172,172,20,20,0.71580204986771623,1.1465856481481482,1,0,23102,0,1,1,1,0,0,0,0,1,0.81818181818181812,0.81818181818181812,1,1,0.31141402843905069,1,344,15,0,0,0,0,0
d001034,c_jamie_li,0,med-features-v2,24566,1,240.31370370370371,657,587,76,68,2.733926488062671,0.066157407407407401,1,0,23111,0,1,1,1,0,0,0,0,1,0.77777777777777779,0.77777777777777779,1,0,0.39477474648747707,1,1244,14,0,0,0,0,0
d001035,c_fac_068,0,med-features-v2,24577,1,240.34067129629631,172,172,20,20,0.7156508262721597,1.1110185185185186,1,0,23119,0,1,1,1,0,0,0,0,1,0.80000000000000004,0.80000000000000004,1,1,0.36567052223765101,1,344,26,0,0,0,0,0
d001036,c_fac_085,0,med-features-v2,24588,1,240.36763888888888,172,172,20,20,0.71557053518135127,1.0273842592592592,1,0,23130,0,1,1,1,0,0,0,0,1,0.75,0.75,1,0,0.27496072210920619,1,344,15,0,0,0,0,0
d000156,c_fac_008,0,med-features-v2,24592,1,241.0026388888889,173,173,20,20,0.71783446354609992,0.85034722222222225,1,0,23134,0,1,1,1,0,0,0,0,1,0.76923076923076916,0.76923076923076916,1,0,0.017437438952601494,1,346,18,0,0,0,0,0
d001037,c_alex_chan,0,med-features-v2,24597,1,241.02375000000001,658,658,76,76,2.730021419051027,0.71949074074074071,1,0,23139,0,1,1,1,0,0,0,0,1,0.88888888888888884,0.88888888888888884,1,1,0.26397736338111827,1,1316,15,0,0,0,0,0
d001038,c_pat,0,med-features-v2,24607,1,241.05280092592594,485,485,56,56,2.0120073201266702,0.72893518518518519,1,0,485,0,1,0,1,0,0,0,0,1,0.77777777777777779,0.33333333333333337,1,0,0.29445843769528296,1,970,15,0,0,0,0,0
d001039,c_fac_042,0,med-features-v2,24618,1,241.08185185185187,172,172,20,20,0.71345063379426987,1.8980555555555556,1,0,23157,0,1,1,1,0,0,0,0,1,0.66666666666666674,0.66666666666666674,1,0,0.41319614007132605,1,344,18,0,0,0,0,0
d001040,c_sam,0,med-features-v2,24629,1,241.11090277777777,174,174,20,20,0.72165960972892551,0.97821759259259256,1,0,23168,0,1,1,1,0,0,0,0,1,0.45454545454545459,0.33333333333333337,1,0,0.32870546116157506,1,348,15,0,0,0,0,0
d001041,c_fac_011,0,med-features-v2,24640,1,241.1399537037037,174,174,20,20,0.72157266901444006,0.87981481481481483,1,0,23179,0,1,1,1,0,0,0,0,1,0.66666666666666674,0.66666666666666674,1,0,0.20419718512317864,1,348,14,0,0,0,0,0
d001042,c_fac_030,0,med-features-v2,24651,1,241.16900462962963,173,173,20,20,0.71733927942225084,0.98238425925925921,1,0,23190,0,1,1,1,0,0,0,0,1,0.81818181818181812,0.81818181818181812,1,1,0.26616163305339713,1,346,19,0,0,0,0,0
d001043,c_fac_049,0,med-features-v2,24662,1,241.19805555555556,174,174,20,20,0.72139885041453944,0.98203703703703704,1,0,23201,0,1,1,1,0,0,0,0,1,0.72727272727272729,0.72727272727272729,1,0,0.32961219210851955,1,348,15,0,0,0,0,0
d001044,c_fac_065,0,med-features-v2,24673,1,241.22710648148148,173,173,20,20,0.71716650140758897,0.88854166666666667,1,0,23212,0,1,1,1,0,0,0,0,1,0.80000000000000004,0.80000000000000004,1,1,0.27795441773277785,1,346,14,0,0,0,0,0
d001045,c_alex_chen,0,med-features-v2,24680,1,241.25615740740741,797,727,92,84,3.303542626910501,0.2267824074074074,1,0,23219,0,1,1,1,0,0,0,0,1,0.88888888888888884,0.88888888888888884,1,1,0.1791692876462567,1,1524,17,0,0,0,0,0
d001046,c_fac_002,0,med-features-v2,24691,1,241.28520833333334,173,173,20,20,0.7169938066033541,0.22414351851851852,1,0,23227,0,1,1,1,0,0,0,0,1,0.76923076923076916,0.76923076923076916,1,0,0.40591553338623687,1,346,18,0,0,0,0,0
d000246,c_noah,0,med-features-v2,24701,1,241.31159722222222,1983,1668,229,192,8.21759096051181,0.010208333333333333,1,0,23237,0,1,1,5,1,1563,0.75,0.78819969742813922,1,0.40000000000000002,0.33333333333333337,1,0,0.60640083985057758,1,3649,17,0,0,0,0,0
d000246,c_elena,1,med-features-v2,24701,1,241.31159722222222,1773,210,204,24,7.3473468345877144,0.015486111111111112,1,0,23237,0,1,1,5,1,1563,0.75,0.88155668358714045,1,0.45454545454545459,0.80000000000000004,1,0,0.71929984467814867,1,1983,17,0,0,0,0,0
d000246,c_taylor,2,med-features-v2,24701,1,241.31159722222222,1461,210,168,24,6.0544127046433456,0.076574074074074072,1,0,23237,0,1,1,5,1,1251,0.75,0.85626283367556466,1,0.46153846153846156,0.33333333333333337,1,0,0.73604444751141618,1,1671,17,0,0,0,0,0
d000246,c_chris,3,med-features-v2,24701,1,241.31159722222222,1773,522,204,60,7.3473468345877144,0.012847222222222222,1,0,23237,0,1,1,5,1,1563,0.75,0.88155668358714045,1,0.33333333333333337,0.33333333333333337,1,0,0.61056370900277435,1,2295,17,0,0,0,0,0
d000246,c_alex_chen,4,med-features-v2,24701,1,241.31159722222222,798,728,92,84,3.3069276785115602,0.055092592592592596,1,0,23237,0,1,1,5,1,0,0,0,1,0.88888888888888884,0.88888888888888884,1,1,0.13397627737290133,1,1526,17,0,0,0,0,0
d001047,c_fac_042,0,med-features-v2,24703,1,241.31689814814814,173,173,20,20,0.71689965073972006,0.23469907407407409,1,0,23239,0,1,1,1,0,0,0,0,1,0.66666666666666674,0.66666666666666674,1,0,0.41907395933822461,1,346,18,0,0,0,0,0
d001048,c_fac_071,0,med-features-v2,24714,1,241.34594907407407,173,173,20,20,0.7168133571900257,1.0563888888888888,1,0,23250,0,1,1,1,0,0,0,0,1,0.83333333333333337,0.83333333333333337,1,1,0.28121725123424923,1,346,25,0,0,0,0,0
d001049,c_noah,0,med-features-v2,24725,1,242,1984,1669,229,192,8.1983471074380159,0.68805555555555553,1,0,23261,0,1,1,4,1,1564,1,0.78830645161290325,1,0.40000000000000002,0.33333333333333337,1,0,0.60661956798341954,1,3651,17,0,0,0,0,0
d001049,c_elena,1,med-features-v2,24725,1,242,1774,210,204,24,7.330578512396694,0.68840277777777781,1,0,23261,0,1,1,4,1,1564,1,0.88162344983089069,1,0.45454545454545459,0.80000000000000004,1,0,0.71969264473172112,1,1984,17,0,0,0,0,0
d001049,c_taylor,2,med-features-v2,24725,1,242,1462,210,168,24,6.0413223140495864,0.68840277777777781,1,0,23261,0,1,1,4,1,1252,1,0.85636114911080707,1,0.46153846153846156,0.33333333333333337,1,0,0.73644094156298545,1,1672,17,0,0,0,0,0
d001049,c_chris,3,med-features-v2,24725,1,242,1774,522,204,60,7.330578512396694,0.68840277777777781,1,0,23261,0,1,1,4,1,1564,1,0.88162344983089069,1,0.33333333333333337,0.33333333333333337,1,0,0.61106838450281598,1,2296,17,0,0,0,0,0
d000019,c_alex_chen,0,med-features-v2,24727,1,242.00488425925926,798,728,92,84,3.2974541090051077,0.74837962962962967,1,0,23263,0,1,1,1,0,0,0,0,1,0.88888888888888884,0.88888888888888884,1,1,0.17740303369081661,1,1526,18,0,0,0,0,0
d001050,c_pat,0,med-features-v2,24736,1,242.02939814814815,487,487,56,56,2.0121522580571116,0.74914351851851857,1,0,487,0,1,0,1,0,0,0,0,1,0.77777777777777779,0.33333333333333337,1,0,0.4185530964450983,1,974,16,0,0,0,0,0
d001051,c_morgan_zhao,0,med-features-v2,24745,1,242.05636574074074,661,591,76,68,2.730768918128669,0.03152777777777778,1,0,23278,0,1,1,1,0,0,0,0,1,0.81818181818181812,0.81818181818181812,1,1,0.31495873533677998,1,1252,26,0,0,0,0,0
d001052,c_fac_053,0,med-features-v2,24756,1,242.08333333333334,173,173,20,20,0.71462994836488813,1.8624074074074075,1,0,23289,0,1,1,1,0,0,0,0,1,0.75,0.75,1,0,0.41665565947481459,1,346,27,0,0,0,0,0
d000294,c_alex_chen,0,med-features-v2,24766,1,242.10782407407407,801,731,92,84,3.3084432651582962,0.058472222222222224,1,0,23299,0,1,1,1,0,0,0,0,1,0.88888888888888884,0.88888888888888884,1,1,0.068016772121187175,1,1532,2,0,1,0,0,1
d001053,c_chris,0,med-features-v2,24768,1,242.11273148148149,1779,523,204,60,7.3478168170436362,0.0097916666666666673,1,0,23301,0,1,1,4,1,1569,1,0.88195615514333892,1,0.33333333333333337,0.33333333333333337,1,0,0.44423307447937205,1,2302,28,0,0,0,0,0
d001053,c_noah,1,med-features-v2,24768,1,242.11273148148149,1990,1674,229,192,8.219311672803169,0.0094444444444444445,1,0,23301,0,1,1,4,1,1569,1,0.78844221105527634,1,0.40000000000000002,0.33333333333333337,1,0,0.20631693175043475,1,3662,28,0,0,0,0,0
d001053,c_elena,2,med-features-v2,24768,1,242.11273148148149,1779,210,204,24,7.3478168170436362,0.0097916666666666673,1,0,23301,0,1,1,4,1,1569,1,0.88195615514333892,1,0.45454545454545459,0.80000000000000004,1,0,0.32417976614379596,1,1989,28,0,0,0,0,0
d001053,c_marcus,3,med-features-v2,24768,1,242.11273148148149,452,139,52,16,1.8668989327171015,0.065833333333333327,1,0,23301,0,1,1,4,1,313,1,0.69247787610619471,1,0.41666666666666663,0.33333333333333337,1,0,0.62200287934738696,1,591,28,0,0,0,0,0
d001054,c_fac_001,0,med-features-v2,24778,1,242.13969907407409,174,174,20,20,0.71859344281571458,1.0231712962962962,1,0,23308,0,1,1,1,0,0,0,0,1,0.75,0.75,1,0,0.2991640773608174,1,348,14,0,0,0,0,0
d001055,c_fac_020,0,med-features-v2,24789,1,242.16666666666666,174,174,20,20,0.71851342050929112,1.0131712962962962,1,0,23319,0,1,1,1,0,0,0,0,1,0.81818181818181812,0.81818181818181812,1,1,0.31627312787182849,1,348,15,0,0,0,0,0
d001056,c_fac_037,0,med-features-v2,24800,1,242.19361111111112,174,174,20,20,0.71843348468913182,0.87900462962962966,1,0,23330,0,1,1,1,0,0,0,0,1,0.76923076923076916,0.76923076923076916,1,0,0.29221045760373981,1,348,15,0,0,0,0,0
d001057,c_fac_055,0,med-features-v2,24811,1,242.22057870370369,174,174,20,20,0.71835349800251902,1.0089814814814815,1,0,23341,0,1,1,1,0,0,0,0,1,0.83333333333333337,0.83333333333333337,1,1,0.31198030390319548,1,348,15,0,0,0,0,0
d001058,c_marcus,0,med-features-v2,24821,1,242.24754629629629,453,139,52,16,1.8699879809966351,0.1348148148148148,1,0,23351,0,1,1,1,0,0,0,0,1,0.41666666666666663,0.33333333333333337,1,0,0.59012437908223669,1,592,14,0,0,0,0,0
d001059,c_fac_033,0,med-features-v2,24831,1,242.27449074074073,174,174,20,20,0.71819364666913432,0.200625,1,0,23361,0,1,1,1,0,0,0,0,1,0.69230769230769229,0.69230769230769229,1,0,0.41749475233587385,1,348,18,0,0,0,0,0
d001060,c_alex_chan,0,med-features-v2,24842,1,242.30145833333333,664,664,76,76,2.7403879636850448,0.19328703703703703,1,0,23372,0,1,1,1,0,0,0,0,1,0.88888888888888884,0.88888888888888884,1,1,0.38726828361582172,1,1328,24,0,0,0,0,0
d001061,c_noah,0,med-features-v2,24852,1,242.32842592592593,1997,1679,229,192,8.2408821514420083,0.021712962962962962,1,0,23379,0,1,1,4,1,1574,1,0.78818227341011515,1,0.40000000000000002,0.33333333333333337,1,0,0.60739586974434134,1,3674,17,0,0,0,0,0
d001061,c_elena,1,med-features-v2,24852,1,242.32842592592593,1784,210,204,24,7.3619097437018253,0.031875000000000001,1,0,23379,0,1,1,4,1,1574,1,0.88228699551569512,1,0.45454545454545459,0.80000000000000004,1,0,0.72051771290804778,1,1994,17,0,0,0,0,0
d001061,c_taylor,2,med-features-v2,24852,1,242.32842592592593,1469,210,168,24,6.0620209716916928,0.083333333333333329,1,0,23379,0,1,1,4,1,1259,1,0.85704560925799866,1,0.46153846153846156,0.33333333333333337,1,0,0.73745523076068531,1,1679,17,0,0,0,0,0
d001061,c_chris,3,med-features-v2,24852,1,242.32842592592593,1784,525,204,60,7.3619097437018253,0.03152777777777778,1,0,23379,0,1,1,4,1,1574,1,0.88228699551569512,1,0.33333333333333337,0.33333333333333337,1,0,0.61185972322832649,1,2309,17,0,0,0,0,0
d001062,c_fac_076,0,med-features-v2,24863,1,242.35537037037037,174,174,20,20,0.71795396872819917,1.0011574074074074,1,0,23390,0,1,1,1,0,0,0,0,1,0.72727272727272729,0.72727272727272729,1,0,0.26271572905040891,1,348,19,0,0,0,0,0
d001063,c_jamie_lee,0,med-features-v2,24874,1,245.00719907407407,665,665,76,76,2.7142059601234316,2.6955787037037036,1,0,23401,0,1,1,1,0,0,0,0,1,0.77777777777777779,0.77777777777777779,1,0,0.37117859472155867,1,1330,17,0,0,0,0,0
d001064,c_ren,0,med-features-v2,24884,1,245.03363425925926,490,490,56,56,1.9997254723061924,2.707314814814815,1,0,490,0,1,0,1,0,0,0,0,1,0.54545454545454541,0.5,1,0,0.45449939051352894,1,980,16,0,0,0,0,0
d000389,c_noah,0,med-features-v2,24888,1,245.04567129629629,2002,1683,229,192,8.1699055911062697,0.0092824074074074076,1,0,23412,0,1,1,5,1,1578,1,0.78821178821178817,1,0.40000000000000002,0.33333333333333337,1,0,0.60785764382151475,1,3683,17,0,0,0,0,0
d000389,c_elena,1,med-features-v2,24888,1,245.04567129629629,1788,210,204,24,7.2965989994495546,0.0096296296296296303,1,0,23412,0,1,1,5,1,1578,1,0.8825503355704698,1,0.45454545454545459,0.80000000000000004,1,0,0.7210159905625132,1,1998,17,0,0,0,0,0
d000389,c_taylor,2,med-features-v2,24888,1,245.04567129629629,1473,211,168,24,6.0111243435062605,0.0096296296296296303,1,0,23412,0,1,1,5,1,1262,1,0.85675492192803804,1,0.46153846153846156,0.33333333333333337,1,0,0.73773077548128208,1,1684,17,0,0,0,0,0
d000389,c_chris,3,med-features-v2,24888,1,245.04567129629629,1789,527,204,60,7.300679871373184,0.0096296296296296303,1,0,23412,0,1,1,5,1,1578,1,0.88205701509223033,1,0.33333333333333337,0.33333333333333337,1,0,0.61204509538253993,1,2316,17,0,0,0,0,0
d000389,c_lena,4,med-features-v2,24888,1,245.04567129629629,420,210,48,24,1.713966207924392,2.7463194444444445,1,0,23412,0,1,1,5,1,210,1,0.5,1,0.46153846153846156,0.80000000000000004,1,0,0.57987818996502827,1,630,17,0,0,0,0,0
d001065,c_fac_009,0,med-features-v2,24895,1,245.0625,176,176,20,20,0.71818413669982151,3.9274768518518517,1,0,23419,0,1,1,1,0,0,0,0,1,0.69230769230769229,0.69230769230769229,1,0,0.38033597753707366,1,352,18,0,0,0,0,0
d001066,c_fac_064,0,med-features-v2,24906,1,245.08893518518519,175,175,20,20,0.71402652211848272,3.8641203703703701,1,0,23430,0,1,1,1,0,0,0,0,1,0.66666666666666674,0.66666666666666674,1,0,0.38742960104359808,1,350,16,0,0,0,0,0
d000020,c_jamie_li,0,med-features-v2,24915,1,245.11055555555555,666,596,76,68,2.717141244653773,0.095787037037037032,1,0,23439,0,1,1,1,0,0,0,0,1,0.77777777777777779,0.77777777777777779,1,0,0.24739542261733796,1,1262,24,0,0,0,0,0
d001067,c_jamie_li,0,med-features-v2,24918,1,245.11777777777777,666,596,76,68,2.7170611860058203,0.10300925925925926,1,0,23442,0,1,1,1,0,0,0,0,1,0.77777777777777779,0.77777777777777779,1,0,0.40995881898997527,1,1262,25,0,0,0,0,0
d000021,c_morgan_zhao,0,med-features-v2,24919,1,245.12018518518519,666,596,76,68,2.7170345008382131,0.093402777777777779,1,0,23443,0,1,1,1,0,0,0,0,1,0.81818181818181812,0.81818181818181812,1,1,0.21777661571908449,1,1262,18,0,0,0,0,0
d000089,c_chris,0,med-features-v2,24920,1,245.12259259259258,1792,528,204,60,7.3106276375691079,0.0092824074074074076,1,0,23444,0,1,1,2,1,0,0,0,1,0.33333333333333337,0.33333333333333337,1,0,0.35559448489361689,1,2320,19,0,0,0,0,0
d000089,c_lee,1,med-features-v2,24920,1,245.12259259259258,491,491,56,56,2.0030793359634105,0.093402777777777779,1,0,491,0,1,0,2,1,0,0,0,1,0.5,0.5,1,0,0.024607126945337284,1,982,19,0,0,0,0,0
d001068,c_fac_007,0,med-features-v2,24930,1,245.14902777777777,175,175,20,20,0.71385149509397061,2.9991898148148146,1,0,23451,0,1,1,1,0,0,0,0,1,0.84615384615384615,0.84615384615384615,1,1,0.27946022442113472,1,350,26,0,0,0,0,0
d001069,c_fac_026,0,med-features-v2,24941,1,245.17546296296297,175,175,20,20,0.71377452655788842,2.9986574074074075,1,0,23462,0,1,1,1,0,0,0,0,1,0.76923076923076916,0.76923076923076916,1,0,0.31205920897028488,1,350,15,0,0,0,0,0
d001070,c_fac_043,0,med-features-v2,24952,1,245.20192129629629,175,175,20,20,0.71369750724152803,2.9221759259259259,1,0,23473,0,1,1,1,0,0,0,0,1,0.75,0.75,1,0,0.32462178508150363,1,350,25,0,0,0,0,0
d001071,c_fac_061,0,med-features-v2,24963,1,245.22835648148148,175,175,20,20,0.7136205719064761,2.997638888888889,1,0,23484,0,1,1,1,0,0,0,0,1,0.75,0.75,1,0,0.31229295846506877,1,350,15,0,0,0,0,0
d001072,c_sam,0,med-features-v2,24973,1,245.25479166666668,176,176,20,20,0.71762104546037575,0.19675925925925927,1,0,23494,0,1,1,1,0,0,0,0,1,0.45454545454545459,0.33333333333333337,1,0,0.45658131949591413,1,352,16,0,0,0,0,0
d001073,c_fac_054,0,med-features-v2,24984,1,245.28125,176,176,20,20,0.71754363613199135,0.19678240740740741,1,0,23505,0,1,1,1,0,0,0,0,1,0.80000000000000004,0.80000000000000004,1,1,0.44097934236850761,1,352,27,0,0,0,0,0
d001074,c_chris,0,med-features-v2,24995,1,245.30768518518519,1797,530,204,60,7.3254940979261489,0.0092824074074074076,1,0,23516,0,1,1,1,0,0,0,0,1,0.33333333333333337,0.33333333333333337,1,0,0.35903853058777896,1,2327,26,0,0,0,0,0
d001075,c_fac_089,0,med-features-v2,25005,1,245.33412037037036,176,176,20,20,0.71738900294137797,0.23282407407407407,1,0,23523,0,1,1,1,0,0,0,0,1,0.80000000000000004,0.80000000000000004,1,1,0.38595948718213197,1,352,27,0,0,0,0,0
d001076,c_fac_081,0,med-features-v2,25016,1,245.36055555555555,175,175,20,20,0.7132360766128758,2.997476851851852,1,0,23534,0,1,1,1,0,0,0,0,1,0.66666666666666674,0.66666666666666674,1,0,0.32462362860143917,1,350,15,0,0,0,0,0
d001077,c_noah,0,med-features-v2,25025,1,246.01347222222222,2013,1692,229,192,8.1824787147497009,0.013125,1,0,23543,0,1,1,1,0,0,0,0,1,0.40000000000000002,0.33333333333333337,1,0,0.54927050917436215,1,3703,15,0,0,0,0,0
d001078,c_jamie_li,0,med-features-v2,25034,1,246.04314814814813,669,599,76,68,2.7190352791177097,0.010439814814814815,1,0,23552,0,1,1,1,0,0,0,0,1,0.77777777777777779,0.77777777777777779,1,0,0.32753923128196982,1,1268,15,0,0,0,0,0
d001079,c_fac_025,0,med-features-v2,25045,1,246.07282407407408,175,175,20,20,0.71117158369069078,3.8984722222222223,1,0,23560,0,1,1,1,0,0,0,0,1,0.75,0.75,1,0,0.35364004602680832,1,350,18,0,0,0,0,0
d001080,c_fac_080,0,med-features-v2,25056,1,246.10249999999999,175,175,20,20,0.71108582805944676,3.7418749999999998,1,0,23571,0,1,1,1,0,0,0,0,1,0.75,0.75,1,0,0.41754913190180593,1,350,27,0,0,0,0,0
d001081,c_fac_009,0,med-features-v2,25067,1,246.13217592592594,178,178,20,20,0.72318866613184907,0.87222222222222223,1,0,23582,0,1,1,1,0,0,0,0,1,0.69230769230769229,0.69230769230769229,1,0,0.28438278793754679,1,356,15,0,0,0,0,0
d001082,c_fac_028,0,med-features-v2,25078,1,246.16185185185185,176,176,20,20,0.71497674670534439,0.98122685185185188,1,0,23593,0,1,1,1,0,0,0,0,1,0.75,0.75,1,0,0.27489032327080448,1,352,26,0,0,0,0,0
d001083,c_fac_047,0,med-features-v2,25089,1,246.19152777777776,176,176,20,20,0.714890563410714,0.98206018518518523,1,0,23604,0,1,1,1,0,0,0,0,1,0.84615384615384615,0.84615384615384615,1,1,0.34592709072492778,1,352,15,0,0,0,0,0
d001084,c_fac_063,0,med-features-v2,25100,1,246.22120370370371,176,176,20,20,0.71480440089064745,0.88432870370370376,1,0,23615,0,1,1,1,0,0,0,0,1,0.75,0.75,1,0,0.30354703278293316,1,352,19,0,0,0,0,0
d001085,c_marcus,0,med-features-v2,25107,1,246.25087962962962,459,141,52,16,1.8639527326373528,0.23166666666666666,1,0,23622,0,1,1,1,0,0,0,0,1,0.41666666666666663,0.33333333333333337,1,0,0.61934211054356025,1,600,19,0,0,0,0,0
d001086,c_morgan_zhao,0,med-features-v2,25118,1,246.28055555555557,671,601,76,68,2.7245350266746371,0.010439814814814815,1,0,23631,0,1,1,1,0,0,0,0,1,0.81818181818181812,0.81818181818181812,1,1,0.31583087716733943,1,1272,26,0,0,0,0,0
d001087,c_fac_035,0,med-features-v2,25129,1,246.31023148148148,176,176,20,20,0.71454603790274274,0.23166666666666666,1,0,23641,0,1,1,1,0,0,0,0,1,0.66666666666666674,0.66666666666666674,1,0,0.29591223154989421,1,352,18,0,0,0,0,0
d001088,c_fac_085,0,med-features-v2,25140,1,246.3399074074074,176,176,20,20,0.7144599584058613,0.23435185185185184,1,0,23652,0,1,1,1,0,0,0,0,1,0.75,0.75,1,0,0.38010110322113572,1,352,27,0,0,0,0,0
d000209,c_dir_098,0,med-features-v2,25147,1,246.3587962962963,0,0,0,0,0,3650,0,1,23659,0,1,1,1,0,0,0,0,0,0.75,0.75,1,0,0,0,0,26,0,0,0,0,0
d001089,c_fac_089,0,med-features-v2,25152,1,246.37229166666665,177,177,20,20,0.71842494463409456,1.0378240740740741,1,0,23664,0,1,1,1,0,0,0,0,1,0.80000000000000004,0.80000000000000004,1,1,0.24609988219342765,1,354,25,0,0,0,0,0
d000247,c_noah,0,med-features-v2,25153,1,247,2021,1700,229,192,8.1821862348178129,0.68671296296296291,1,0,23665,0,1,1,5,1,1592,1,0.78772884710539337,1,0.40000000000000002,0.33333333333333337,1,0,0.60603841374851308,1,3719,17,0,0,0,0,0
d000247,c_elena,1,med-features-v2,25153,1,247,1805,213,204,24,7.3076923076923075,0.68706018518518519,1,0,23665,0,1,1,5,1,1592,1,0.88199445983379499,1,0.45454545454545459,0.80000000000000004,1,0,0.73901279494419614,1,2018,17,0,0,0,0,0
d000247,c_taylor,2,med-features-v2,25153,1,247,1487,213,168,24,6.0202429149797574,0.68706018518518519,1,0,23665,0,1,1,5,1,1274,1,0.85675857431069269,1,0.46153846153846156,0.33333333333333337,1,0,0.75664905621682543,1,1700,17,0,0,0,0,0
d000247,c_chris,3,med-features-v2,25153,1,247,1805,531,204,60,7.3076923076923075,0.68706018518518519,1,0,23665,0,1,1,5,1,1592,1,0.88199445983379499,1,0.33333333333333337,0.33333333333333337,1,0,0.62701859010447991,1,2336,17,0,0,0,0,0
d000247,c_lena,4,med-features-v2,25153,1,247,422,210,48,24,1.7085020242914979,1.7572222222222222,1,0,23665,0,1,1,5,1,212,1,0.50236966824644547,1,0.46153846153846156,0.80000000000000004,1,0,0.59805043593985929,1,632,17,0,0,0,0,0
d001090,c_lee,0,med-features-v2,25163,1,247.02694444444444,495,495,56,56,2.0038299915551274,0.75143518518518515,1,0,495,0,1,0,1,0,0,0,0,1,0.5,0.5,1,0,0.52604376917919848,1,990,14,0,0,0,0,0
d000157,c_fac_001,0,med-features-v2,25168,1,247.03921296296295,176,176,20,20,0.71243750289305929,1.8994444444444445,1,0,23677,0,1,1,1,0,0,0,0,1,0.75,0.75,1,0,0.016166933860896543,1,352,18,0,0,0,0,0
d001091,c_fac_006,0,med-features-v2,25174,1,247.05636574074074,176,176,20,20,0.71238803935411721,1.9093981481481481,1,0,23683,0,1,1,1,0,0,0,0,1,0.81818181818181812,0.81818181818181812,1,1,0.42997635343122875,1,352,27,0,0,0,0,0
d001092,c_fac_061,0,med-features-v2,25185,1,247.08333333333334,176,176,20,20,0.71231028667790885,1.8546296296296296,1,0,23694,0,1,1,1,0,0,0,0,1,0.75,0.75,1,0,0.35270928804087315,1,352,18,0,0,0,0,0
d001093,c_taylor,0,med-features-v2,25196,1,247.11027777777778,1492,214,168,24,6.0377901454254008,0.01224537037037037,1,0,23705,0,1,1,1,0,0,0,0,1,0.46153846153846156,0.33333333333333337,1,0,0.61527760698837197,1,1706,15,0,0,0,0,0
d001094,c_pat,0,med-features-v2,25206,1,247.13724537037038,497,497,56,56,2.0110283225629333,0.0094675925925925934,1,0,497,0,1,0,1,0,0,0,0,1,0.77777777777777779,0.33333333333333337,1,0,0.17412722782564627,1,994,18,0,0,0,0,0
d001095,c_fac_015,0,med-features-v2,25217,1,247.16421296296295,178,178,21,21,0.72016898347121527,0.86981481481481482,1,0,23720,0,1,1,1,0,0,0,0,1,0.76923076923076916,0.76923076923076916,1,0,0.29351050866581158,1,356,15,0,0,0,0,0
d001096,c_fac_034,0,med-features-v2,25228,1,247.19115740740742,178,178,20,20,0.72009048327982783,1.0181712962962963,1,0,23731,0,1,1,1,0,0,0,0,1,0.7142857142857143,0.7142857142857143,1,0,0.31024192447476628,1,356,14,0,0,0,0,0
d001097,c_fac_050,0,med-features-v2,25239,1,247.21812499999999,177,177,20,20,0.71596692192370603,0.89673611111111107,1,0,23742,0,1,1,1,0,0,0,0,1,0.75,0.75,1,0,0.25636578354817902,1,354,25,0,0,0,0,0
d001098,c_noah,0,med-features-v2,25250,1,247.24509259259258,2029,1706,229,192,8.2064318394515574,0.0094675925925925934,1,0,23753,0,1,1,5,1,1600,1,0.78856579595860032,1,0.40000000000000002,0.33333333333333337,1,0,0.60637709594661426,1,3733,17,0,0,0,0,0
d001098,c_elena,1,med-features-v2,25250,1,247.24509259259258,1813,213,204,24,7.3328047929648461,0.0098148148148148144,1,0,23753,0,1,1,5,1,1600,1,0.88251516822945397,1,0.45454545454545459,0.80000000000000004,1,0,0.73959214632582004,1,2026,17,0,0,0,0,0
d001098,c_taylor,2,med-features-v2,25250,1,247.24509259259258,1495,215,168,24,6.0466316411927439,0.0098148148148148144,1,0,23753,0,1,1,5,1,1280,1,0.85618729096989965,1,0.46153846153846156,0.33333333333333337,1,0,0.75722891129411485,1,1710,17,0,0,0,0,0
d001098,c_chris,3,med-features-v2,25250,1,247.24509259259258,1813,533,204,60,7.3328047929648461,0.0098148148148148144,1,0,23753,0,1,1,5,1,1600,1,0.88251516822945397,1,0.33333333333333337,0.33333333333333337,1,0,0.62773763180804476,1,2346,17,0,0,0,0,0
d001098,c_lena,4,med-features-v2,25250,1,247.24509259259258,425,212,48,24,1.7189421053557967,0.14425925925925925,1,0,23753,0,1,1,5,1,213,1,0.50117647058823533,1,0.46153846153846156,0.80000000000000004,1,0,0.59717228252948273,1,637,17,0,0,0,0,0
d001099,c_fac_036,0,med-features-v2,25260,1,247.27203703703702,177,177,20,20,0.71581082163968468,0.200625,1,0,23763,0,1,1,1,0,0,0,0,1,0.69230769230769229,0.69230769230769229,1,0,0.44636237075993085,1,354,27,0,0,0,0,0
d001100,c_taylor,0,med-features-v2,25271,1,247.29900462962962,1496,215,168,24,6.0493571425429016,0.053912037037037036,1,0,23774,0,1,1,1,0,0,0,0,1,0.46153846153846156,0.33333333333333337,1,0,0.61331727396860025,1,1711,26,0,0,0,0,0
d001101,c_ren,0,med-features-v2,25281,1,247.32597222222222,498,498,56,56,2.0135370156456811,0.18592592592592594,1,0,498,0,1,0,1,0,0,0,0,1,0.54545454545454541,0.5,1,0,0.50837325575515113,1,996,14,0,0,0,0,0
d000090,c_fac_069,0,med-features-v2,25288,1,247.34312499999999,178,178,20,20,0.71964805975504675,1.1107638888888889,1,0,23788,0,1,1,2,1,0,0,0,1,0.75,0.75,1,0,0.29127193492746972,1,356,14,0,0,0,0,0
d000090,c_pat,1,med-features-v2,25288,1,247.34312499999999,499,499,56,56,2.0174403472908335,0.019259259259259261,1,0,499,0,1,0,2,1,0,0,0,1,0.77777777777777779,0.33333333333333337,1,0,0.01850551992454726,1,998,14,0,0,0,0,0
d001102,c_fac_078,0,med-features-v2,25293,1,247.35537037037037,177,177,20,20,0.71556966697336788,1.0016203703703703,1,0,23793,0,1,1,1,0,0,0,0,1,0.80000000000000004,0.80000000000000004,1,1,0.31550424120497411,1,354,15,0,0,0,0,0
d001103,c_marcus,0,med-features-v2,676,1,247.99796296296296,142,142,16,16,0.57258534829661833,2.7671990740740742,1,0,676,0,1,1,1,0,0,0,0,1,0.41666666666666663,0.33333333333333337,1,0,0.60601829772693006,1,284,14,0,0,0,0,0
d001104,c_noah,0,med-features-v2,677,1,248.01499999999999,463,463,52,52,1.8668225712154507,0.72534722222222225,1,0,677,0,1,1,3,1,142,1,0.30669546436285094,1,0.40000000000000002,0.33333333333333337,1,0,0.48646385688074845,1,926,27,0,0,0,0,0
d001104,c_taylor,1,med-features-v2,677,1,248.01499999999999,142,0,16,0,0.57254601536197414,1.7914814814814815,1,0,677,0,1,1,3,1,142,1,1,1,0.46153846153846156,0.33333333333333337,1,0,0.67296457587004732,1,142,27,0,0,0,0,0
d001104,c_chris,2,med-features-v2,677,1,248.01499999999999,142,0,16,0,0.57254601536197414,1.7914814814814815,1,0,677,0,1,1,3,1,142,1,1,1,0.33333333333333337,0.33333333333333337,1,0,0.67296457587004732,1,142,27,0,0,0,0,0
d001105,c_fac_012,0,med-features-v2,25322,1,248.06601851851852,178,178,20,20,0.71755092077116567,1.930787037037037,1,0,23819,0,1,1,1,0,0,0,0,1,0.69230769230769229,0.69230769230769229,1,0,0.42251719930036508,1,356,27,0,0,0,0,0
d001106,c_fac_067,0,med-features-v2,25333,1,248.09506944444445,177,177,20,20,0.71343618555722788,1.868125,1,0,23830,0,1,1,1,0,0,0,0,1,0.72727272727272729,0.72727272727272729,1,0,0.37012092332754321,1,354,27,0,0,0,0,0
d001107,c_noah,0,med-features-v2,25344,1,248.12409722222222,2036,1712,229,192,8.2055714168565412,0.015486111111111112,1,0,23841,0,1,1,1,0,0,0,0,1,0.40000000000000002,0.33333333333333337,1,0,0.51450462728375324,1,3746,26,0,0,0,0,0
d001108,c_fac_020,0,med-features-v2,25355,1,248.15314814814815,178,178,20,20,0.71729897979667578,0.98124999999999996,1,0,23852,0,1,1,1,0,0,0,0,1,0.81818181818181812,0.81818181818181812,1,1,0.28666920008602748,1,356,26,0,0,0,0,0
d001109,c_fac_039,0,med-features-v2,25366,1,248.18219907407408,179,179,20,20,0.72124431432962888,0.98333333333333328,1,0,23863,0,1,1,1,0,0,0,0,1,0.76923076923076916,0.76923076923076916,1,0,0.33351244352024978,1,358,15,0,0,0,0,0
d001110,c_fac_055,0,med-features-v2,25377,1,248.21125000000001,178,178,20,20,0.71713107282607047,0.98541666666666672,1,0,23874,0,1,1,1,0,0,0,0,1,0.83333333333333337,0.83333333333333337,1,1,0.2668982168682742,1,356,26,0,0,0,0,0
d001111,c_avery,0,med-features-v2,822,1,248.23756944444443,143,143,16,16,0.57606107053027444,0.23467592592592593,1,0,822,0,1,1,2,1,143,1,1,1,0.5,0.30000000000000004,1,0,0.55118534140664244,1,286,25,0,0,0,0,0
d001111,c_devon,1,med-features-v2,822,1,248.23756944444443,143,0,16,0,0.57606107053027444,0.23502314814814815,1,0,822,0,1,1,2,1,143,1,1,1,0.45454545454545459,0.40000000000000002,1,0,0.7320459535288415,1,143,25,0,0,0,0,0
d001112,c_jamie_lee,0,med-features-v2,25395,1,248.26935185185187,680,680,76,76,2.7389607091163306,0.010208333333333333,1,0,23892,0,1,1,1,0,0,0,0,1,0.77777777777777779,0.77777777777777779,1,0,0.3259852949150791,1,1360,26,0,0,0,0,0
d001113,c_chris,0,med-features-v2,25406,1,248.29840277777777,1823,536,204,60,7.3419723188133013,0.063379629629629633,1,0,23900,0,1,1,1,0,0,0,0,1,0.33333333333333337,0.33333333333333337,1,0,0.35639372625618404,1,2359,19,0,0,0,0,0
d001114,c_fac_062,0,med-features-v2,25417,1,248.3274537037037,178,178,20,20,0.71679549459877223,0.23469907407407409,1,0,23911,0,1,1,1,0,0,0,0,1,0.75,0.75,1,0,0.37653808278858797,1,356,16,0,0,0,0,0
d001115,c_fac_079,0,med-features-v2,25428,1,248.35650462962963,179,179,20,20,0.72073811904761687,0.99833333333333329,1,0,23922,0,1,1,1,0,0,0,0,1,0.83333333333333337,0.83333333333333337,1,1,0.3265604993185609,1,358,15,0,0,0,0,0
d001116,c_chris,0,med-features-v2,25439,1,249.00979166666667,1826,537,204,60,7.3330449689478412,0.0097916666666666673,1,0,23933,0,1,1,4,1,1610,1,0.88170865279299016,1,0.33333333333333337,0.33333333333333337,1,0,0.44285389069970366,1,2363,28,0,0,0,0,0
d001116,c_noah,1,med-features-v2,25439,1,249.00979166666667,2042,1718,229,192,8.2004807374542672,0.0094444444444444445,1,0,23933,0,1,1,4,1,1610,1,0.7884427032321254,1,0.40000000000000002,0.33333333333333337,1,0,0.20584251268435771,1,3758,28,0,0,0,0,0
d001116,c_elena,2,med-features-v2,25439,1,249.00979166666667,1826,216,204,24,7.3330449689478412,0.0097916666666666673,1,0,23933,0,1,1,4,1,1610,1,0.88170865279299016,1,0.45454545454545459,0.80000000000000004,1,0,0.32344350997562249,1,2042,28,0,0,0,0,0
d001116,c_marcus,3,med-features-v2,25439,1,249.00979166666667,463,142,52,16,1.8593646334188665,1.7132407407407408,1,0,23933,0,1,1,4,1,321,1,0.693304535637149,1,0.41666666666666663,0.33333333333333337,1,0,0.61922997301652949,1,605,28,0,0,0,0,0
d001117,c_priya,0,med-features-v2,25449,1,249.03675925925927,358,358,40,40,1.4375387836913858,0.79874999999999996,1,0,23940,0,1,1,1,0,0,0,0,1,0.45454545454545459,0.40000000000000002,1,0,0.45650675980365507,1,716,24,0,0,0,0,0
d001118,c_fac_013,0,med-features-v2,25458,1,249.06370370370371,179,179,20,20,0.71869163325759289,1.904050925925926,1,0,23949,0,1,1,1,0,0,0,0,1,0.76923076923076916,0.76923076923076916,1,0,0.40782702714007529,1,358,16,0,0,0,0,0
d001119,c_fac_068,0,med-features-v2,25469,1,249.09067129629631,178,178,20,20,0.71459922233806539,1.7496527777777777,1,0,23960,0,1,1,1,0,0,0,0,1,0.80000000000000004,0.80000000000000004,1,1,0.3582693531863545,1,356,16,0,0,0,0,0
d001120,c_jamie_li,0,med-features-v2,25480,1,249.11763888888888,681,609,76,68,2.7336482596631333,0.065833333333333327,1,0,23971,0,1,1,1,0,0,0,0,1,0.77777777777777779,0.77777777777777779,1,0,0.39741892583935018,1,1290,14,0,0,0,0,0
d001121,c_fac_005,0,med-features-v2,25490,1,249.14460648148147,179,179,20,20,0.71845825814938835,1.0148611111111112,1,0,23978,0,1,1,1,0,0,0,0,1,0.76923076923076916,0.76923076923076916,1,0,0.32401033178168998,1,358,15,0,0,0,0,0
d001122,c_fac_022,0,med-features-v2,25501,1,249.17155092592591,179,179,20,20,0.71838056686179785,0.86752314814814813,1,0,23989,0,1,1,1,0,0,0,0,1,0.81818181818181812,0.81818181818181812,1,1,0.23536933128177601,1,358,14,0,0,0,0,0
d001123,c_fac_041,0,med-features-v2,25512,1,249.19851851851851,179,179,20,20,0.71830282565142178,1.0106712962962963,1,0,24000,0,1,1,1,0,0,0,0,1,0.81818181818181812,0.81818181818181812,1,1,0.25418359452392364,1,358,26,0,0,0,0,0
d001124,c_fac_057,0,med-features-v2,25523,1,249.22548611111111,179,179,20,20,0.71822510126511385,0.90032407407407411,1,0,24011,0,1,1,1,0,0,0,0,1,0.66666666666666674,0.66666666666666674,1,0,0.29021754276200773,1,358,15,0,0,0,0,0
d001125,c_jamie_li,0,med-features-v2,25533,1,249.25243055555555,682,610,76,68,2.7361819440632895,0.13444444444444445,1,0,24021,0,1,1,1,0,0,0,0,1,0.77777777777777779,0.77777777777777779,1,0,0.31118108738730565,1,1292,15,0,0,0,0,0
d000330,c_fac_018,0,med-features-v2,25536,1,249.2622337962963,179,179,20,20,0.71811921635221942,0.19572916666666668,1,0,24024,0,1,1,1,0,0,0,0,1,0.66666666666666674,0.66666666666666674,1,0,0.39838649450375779,1,358,27,0,0,0,0,0
d001126,c_fac_043,0,med-features-v2,25544,1,249.27939814814815,179,179,20,20,0.71806976962299662,0.200625,1,0,24032,0,1,1,1,0,0,0,0,1,0.75,0.75,1,0,0.38014902798663325,1,358,18,0,0,0,0,0
d001127,c_noah,0,med-features-v2,25555,1,249.30636574074074,2053,1726,229,192,8.2348478904664653,0.0098148148148148144,1,0,24043,0,1,1,1,0,0,0,0,1,0.40000000000000002,0.33333333333333337,1,0,0.51499449342376435,1,3777,26,0,0,0,0,0
d001128,c_fac_083,0,med-features-v2,25565,1,249.33333333333334,179,179,20,20,0.71791443850267378,0.23495370370370369,1,0,24050,0,1,1,1,0,0,0,0,1,0.63636363636363635,0.63636363636363635,1,0,0.37228509028824891,1,358,16,0,0,0,0,0
d001129,c_fac_080,0,med-features-v2,25576,1,249.36027777777778,179,179,20,20,0.71783686477731345,1.0007870370370371,1,0,24061,0,1,1,1,0,0,0,0,1,0.75,0.75,1,0,0.34289288604663831,1,358,15,0,0,0,0,0
d001130,c_taylor,0,med-features-v2,25587,1,252.0120138888889,1513,216,168,24,6.0036820334568484,0.012013888888888888,1,0,24072,0,1,1,1,0,0,0,0,1,0.46153846153846156,0.33333333333333337,1,0,0.61468249529225516,1,1729,26,0,0,0,0,0
d001131,c_priya,0,med-features-v2,25597,1,252.03844907407407,360,360,40,40,1.4283534965500286,2.8003703703703704,1,0,24079,0,1,1,1,0,0,0,0,1,0.45454545454545459,0.40000000000000002,1,0,0.37478941988952669,1,720,18,0,0,0,0,0
d000248,c_noah,0,med-features-v2,25599,1,252.04567129629629,2059,1731,229,192,8.169154381467278,0.0092824074074074076,1,0,24081,0,1,1,6,1,1623,0.80000000000000004,0.78824672170956778,1,0.40000000000000002,0.33333333333333337,1,0,0.60568888740166105,1,3788,17,0,0,0,0,0
d000248,c_elena,1,med-features-v2,25599,1,252.04567129629629,1839,216,204,24,7.2962967010773792,0.0096296296296296303,1,0,24081,0,1,1,6,1,1623,0.80000000000000004,0.88254486133768351,1,0.45454545454545459,0.80000000000000004,1,0,0.73913704186058449,1,2055,17,0,0,0,0,0
d000248,c_taylor,2,med-features-v2,25599,1,252.04567129629629,1515,217,168,24,6.0108153899577097,0.0096296296296296303,1,0,24081,0,1,1,6,1,1298,0.80000000000000004,0.85676567656765679,1,0.46153846153846156,0.33333333333333337,1,0,0.75665028487186659,1,1732,17,0,0,0,0,0
d000248,c_chris,3,med-features-v2,25599,1,252.04567129629629,1840,542,204,60,7.3002642359882417,0.0096296296296296303,1,0,24081,0,1,1,6,1,1623,0.80000000000000004,0.88206521739130439,1,0.33333333333333337,0.33333333333333337,1,0,0.62672762556218842,1,2382,17,0,0,0,0,0
d000248,c_lena,4,med-features-v2,25599,1,252.04567129629629,432,216,48,24,1.7139750814928916,2.7463194444444445,1,0,24081,0,1,1,6,1,216,0.80000000000000004,0.5,1,0.46153846153846156,0.80000000000000004,1,0,0.59638256610537754,1,648,17,0,0,0,0,0
d000248,c_morgan_zhao,5,med-features-v2,25599,1,252.04567129629629,685,613,76,68,2.7177614139412749,0.018888888888888889,1,0,24081,0,1,1,6,1,0,0,0,1,0.81818181818181812,0.81818181818181812,1,1,0.15873364586639702,1,1298,17,0,0,0,0,0
d001132,c_fac_019,0,med-features-v2,25608,1,252.06729166666668,180,180,20,20,0.71409502918780776,3.9164351851851853,1,0,24090,0,1,1,1,0,0,0,0,1,0.75,0.75,1,0,0.4024408295458779,1,360,16,0,0,0,0,0
d001133,c_fac_074,0,med-features-v2,25619,1,252.09372685185184,180,180,20,20,0.71402014737868025,3.7447916666666665,1,0,24101,0,1,1,1,0,0,0,0,1,0.75,0.75,1,0,0.37853582713354833,1,360,18,0,0,0,0,0
d001134,c_morgan_shaw,0,med-features-v2,25630,1,252.12018518518519,686,686,76,76,2.7209245443641294,0.064560185185185179,1,0,24112,0,1,1,1,0,0,0,0,1,0.81818181818181812,0.81818181818181812,1,1,0.35208145321436041,1,1372,17,0,0,0,0,0
d001135,c_fac_006,0,med-features-v2,25640,1,252.14662037037036,180,180,20,20,0.71387036532793335,2.9992361111111112,1,0,24119,0,1,1,1,0,0,0,0,1,0.81818181818181812,0.81818181818181812,1,1,0.39616995502972668,1,360,26,0,0,0,0,0
d001136,c_fac_023,0,med-features-v2,25651,1,252.17305555555555,180,180,20,20,0.71379553062656487,2.9031018518518517,1,0,24130,0,1,1,1,0,0,0,0,1,0.84615384615384615,0.84615384615384615,1,1,0.29185315988200661,1,360,15,0,0,0,0,0
d001137,c_fac_042,0,med-features-v2,25662,1,252.1995138888889,180,180,20,20,0.7137206461044262,2.9981944444444446,1,0,24141,0,1,1,1,0,0,0,0,1,0.66666666666666674,0.66666666666666674,1,0,0.26709264392472726,1,360,26,0,0,0,0,0
d001138,c_fac_058,0,med-features-v2,25673,1,252.22594907407407,180,180,20,20,0.71364584278811594,2.9388425925925925,1,0,24152,0,1,1,1,0,0,0,0,1,0.7142857142857143,0.7142857142857143,1,0,0.27162539883718623,1,360,15,0,0,0,0,0
d000091,c_fac_062,0,med-features-v2,25675,1,252.2307638888889,180,180,20,20,0.71363222005422167,2.9975925925925928,1,0,24154,0,1,1,2,1,0,0,0,1,0.75,0.75,1,0,0.3092631392397211,1,360,26,0,0,0,0,0
d000091,c_ren,1,med-features-v2,25675,1,252.2307638888889,506,506,56,56,2.0060994630413123,0.093402777777777779,1,0,506,0,1,0,2,1,0,0,0,1,0.54545454545454541,0.5,1,0,0.092592122391999779,1,1012,26,0,0,0,0,0
d001139,c_sam,0,med-features-v2,25684,1,252.25479166666668,181,181,20,20,0.71752849095202187,0.19675925925925927,1,0,24163,0,1,1,1,0,0,0,0,1,0.45454545454545459,0.33333333333333337,1,0,0.36623634005751116,1,362,18,0,0,0,0,0
d001140,c_fac_049,0,med-features-v2,25694,1,252.27884259259258,181,181,20,20,0.71746008559385444,0.19678240740740741,1,0,24173,0,1,1,1,0,0,0,0,1,0.72727272727272729,0.72727272727272729,1,0,0.3404689733947891,1,362,16,0,0,0,0,0
d001141,c_alex_chen,0,med-features-v2,25705,1,252.30527777777777,832,760,92,84,3.2975925328553704,0.066967592592592592,1,0,24184,0,1,1,1,0,0,0,0,1,0.88888888888888884,0.88888888888888884,1,1,0.52779729827225208,1,1592,15,0,0,0,0,0
d001142,c_ren,0,med-features-v2,25715,1,252.33171296296297,506,506,56,56,2.0052968929603798,0.19435185185185186,1,0,506,0,1,0,1,0,0,0,0,1,0.54545454545454541,0.5,1,0,0.4515209896640876,1,1012,23,0,0,0,0,0
d001143,c_fac_078,0,med-features-v2,25726,1,252.35817129629629,180,180,20,20,0.71327193042883552,3.0269444444444447,1,0,24202,0,1,1,1,0,0,0,0,1,0.80000000000000004,0.80000000000000004,1,1,0.25713644916667239,1,360,14,0,0,0,0,0
d000158,c_fac_002,0,med-features-v2,25734,1,253.00268518518519,181,181,20,20,0.71540742687184189,0.86053240740740744,1,0,24210,0,1,1,1,0,0,0,0,1,0.76923076923076916,0.76923076923076916,1,0,0.012952481436704065,1,362,14,0,0,0,0,0
d001144,c_noah,0,med-features-v2,25736,1,253.01347222222222,2070,1740,229,192,8.181382524097037,0.013125,1,0,24212,0,1,1,1,0,0,0,0,1,0.40000000000000002,0.33333333333333337,1,0,0.55160401387639246,1,3808,15,0,0,0,0,0
d001145,c_jamie_li,0,med-features-v2,25745,1,253.04314814814813,688,616,76,68,2.7189038906408145,0.010439814814814815,1,0,24221,0,1,1,1,0,0,0,0,1,0.77777777777777779,0.77777777777777779,1,0,0.31142430865622606,1,1304,15,0,0,0,0,0
d001146,c_fac_025,0,med-features-v2,25756,1,253.07282407407408,180,180,20,20,0.71125772061291825,3.8984722222222223,1,0,24229,0,1,1,1,0,0,0,0,1,0.75,0.75,1,0,0.3850987968827263,1,360,16,0,0,0,0,0
d001147,c_fac_080,0,med-features-v2,25767,1,253.10249999999999,180,180,20,20,0.71117432660680957,3.7418749999999998,1,0,24240,0,1,1,1,0,0,0,0,1,0.75,0.75,1,0,0.41910348275913434,1,360,27,0,0,0,0,0
d001148,c_fac_009,0,med-features-v2,25778,1,253.13217592592594,183,183,20,20,0.72294246802331164,0.87222222222222223,1,0,24251,0,1,1,1,0,0,0,0,1,0.69230769230769229,0.69230769230769229,1,0,0.26422002656471183,1,366,14,0,0,0,0,0
d001149,c_fac_028,0,med-features-v2,25789,1,253.16185185185185,181,181,20,20,0.71495763945477719,0.98122685185185188,1,0,24262,0,1,1,1,0,0,0,0,1,0.75,0.75,1,0,0.27941013964685291,1,362,26,0,0,0,0,0
d001150,c_fac_047,0,med-features-v2,25800,1,253.19152777777776,181,181,20,20,0.71487384111391306,0.98206018518518523,1,0,24273,0,1,1,1,0,0,0,0,1,0.84615384615384615,0.84615384615384615,1,1,0.39674597485718116,1,362,26,0,0,0,0,0
d001151,c_fac_063,0,med-features-v2,25811,1,253.22120370370371,181,181,20,20,0.71479006241432153,0.88432870370370376,1,0,24284,0,1,1,1,0,0,0,0,1,0.75,0.75,1,0,0.3076313959562354,1,362,19,0,0,0,0,0
d001152,c_marcus,0,med-features-v2,25818,1,253.25087962962962,472,145,52,16,1.8637645037611841,0.23166666666666666,1,0,24291,0,1,1,1,0,0,0,0,1,0.41666666666666663,0.33333333333333337,1,0,0.5445530404463943,1,617,26,0,0,0,0,0
d001153,c_morgan_zhao,0,med-features-v2,25829,1,253.28055555555557,690,618,76,68,2.7242517629769361,0.010439814814814815,1,0,24300,0,1,1,1,0,0,0,0,1,0.81818181818181812,0.81818181818181812,1,1,0.31920071302238234,1,1308,15,0,0,0,0,0
d000331,c_fac_019,0,med-features-v2,25840,1,253.30996527777779,183,183,20,20,0.72243506014192371,0.16123842592592594,1,0,24310,0,1,1,1,0,0,0,0,1,0.75,0.75,1,0,0.085065777116392891,1,366,17,0,0,0,0,0
d001154,c_fac_035,0,med-features-v2,25841,1,253.31023148148148,181,181,20,20,0.71453884409415258,0.23166666666666666,1,0,24311,0,1,1,1,0,0,0,0,1,0.66666666666666674,0.66666666666666674,1,0,0.44968493525597936,1,362,16,0,0,0,0,0
d001155,c_fac_085,0,med-features-v2,25852,1,253.3399074074074,181,181,20,20,0.71445514389063736,0.23435185185185184,1,0,24322,0,1,1,1,0,0,0,0,1,0.75,0.75,1,0,0.38353237456316741,1,362,27,0,0,0,0,0
d001156,c_fac_088,0,med-features-v2,25863,1,253.36958333333334,181,181,20,20,0.71437146329390366,0.99664351851851851,1,0,24333,0,1,1,1,0,0,0,0,1,0.63636363636363635,0.63636363636363635,1,0,0.28658944269974046,1,362,26,0,0,0,0,0
d000022,c_alex_chen,0,med-features-v2,25867,1,254.00488425925926,837,765,92,84,3.2952122257054151,0.73745370370370367,1,0,24337,0,1,1,1,0,0,0,0,1,0.88888888888888884,0.88888888888888884,1,1,0.1803959317546843,1,1602,17,0,0,0,0,0
d001157,c_morgan_zhao,0,med-features-v2,25874,1,254.02449074074073,691,619,76,68,2.720210157630981,0.74358796296296292,1,0,24344,0,1,1,1,0,0,0,0,1,0.81818181818181812,0.81818181818181812,1,1,0.39428690632587288,1,1310,14,0,0,0,0,0
d001158,c_fac_001,0,med-features-v2,25885,1,254.05145833333333,181,181,20,20,0.71245408779553354,1.9116898148148149,1,0,24352,0,1,1,1,0,0,0,0,1,0.75,0.75,1,0,0.34797762680619054,1,362,18,0,0,0,0,0
d001159,c_fac_051,0,med-features-v2,25895,1,254.07842592592593,181,181,20,20,0.71237846873614041,1.8641435185185184,1,0,24362,0,1,1,1,0,0,0,0,1,0.72727272727272729,0.72727272727272729,1,0,0.40245092968233293,1,362,16,0,0,0,0,0
d001160,c_alex_chen,0,med-features-v2,25906,1,254.10537037037037,839,766,92,84,3.3017798827986931,0.063703703703703707,1,0,24373,0,1,1,1,0,0,0,0,1,0.88888888888888884,0.88888888888888884,1,1,0.52702489437891953,1,1605,15,0,0,0,0,0
d001161,c_sam,0,med-features-v2,25916,1,254.13233796296296,183,183,20,20,0.72009725903780997,1.0213888888888889,1,0,24380,0,1,1,1,0,0,0,0,1,0.45454545454545459,0.33333333333333337,1,0,0.28253806978472173,1,366,19,0,0,0,0,0
d001162,c_fac_013,0,med-features-v2,25927,1,254.15930555555556,183,183,20,20,0.72002085306295749,1.0213888888888889,1,0,24388,0,1,1,1,0,0,0,0,1,0.76923076923076916,0.76923076923076916,1,0,0.32108089343838564,1,366,15,0,0,0,0,0
d001163,c_fac_030,0,med-features-v2,25938,1,254.18627314814816,182,182,20,20,0.7160103405502326,0.87837962962962968,1,0,24399,0,1,1,1,0,0,0,0,1,0.81818181818181812,0.81818181818181812,1,1,0.24756199285939082,1,364,14,0,0,0,0,0
d001164,c_fac_048,0,med-features-v2,25949,1,254.2132175925926,182,182,20,20,0.71593444952841512,1.0186342592592592,1,0,24410,0,1,1,1,0,0,0,0,1,0.75,0.75,1,0,0.33044337748784686,1,364,15,0,0,0,0,0
d001165,c_quinn,0,med-features-v2,25960,1,254.2401851851852,219,73,24,8,0.86139018440567638,0.200625,1,0,24421,0,1,1,1,0,0,0,0,1,0.27272727272727271,0.19999999999999996,1,0,0.72636416568884832,1,292,26,0,0,0,0,0
d001166,c_fac_026,0,med-features-v2,25970,1,254.26715277777777,182,182,20,20,0.71578258540953899,0.20064814814814816,1,0,24431,0,1,1,1,0,0,0,0,1,0.76923076923076916,0.76923076923076916,1,0,0.44295701737103088,1,364,27,0,0,0,0,0
d001167,c_fac_081,0,med-features-v2,25981,1,254.29409722222223,182,182,20,20,0.71570674265771117,0.200625,1,0,24442,0,1,1,1,0,0,0,0,1,0.66666666666666674,0.66666666666666674,1,0,0.42649992541453347,1,364,16,0,0,0,0,0
d001168,c_lee,0,med-features-v2,25991,1,254.3210648148148,512,512,56,56,2.0132032726931821,0.18592592592592594,1,0,512,0,1,0,1,0,0,0,0,1,0.5,0.5,1,0,0.52096775183485433,1,1024,14,0,0,0,0,0
d001169,c_fac_073,0,med-features-v2,26002,1,254.3480324074074,182,182,20,20,0.71555497511566202,1.0023842592592593,1,0,24460,0,1,1,1,0,0,0,0,1,0.72727272727272729,0.72727272727272729,1,0,0.33176177268660989,1,364,15,0,0,0,0,0
d001170,c_noah,0,med-features-v2,26013,1,255,2089,1756,229,192,8.1921568627450974,0.67122685185185182,1,0,24471,0,1,1,4,1,1648,1,0.78889420775490671,1,0.40000000000000002,0.33333333333333337,1,0,0.60584181346819843,1,3843,17,0,0,0,0,0
d001170,c_elena,1,med-features-v2,26013,1,255,1867,219,204,24,7.3215686274509801,0.6715740740740741,1,0,24471,0,1,1,4,1,1648,1,0.88269951794322443,1,0.45454545454545459,0.80000000000000004,1,0,0.73975102001133719,1,2086,17,0,0,0,0,0
d001170,c_taylor,2,med-features-v2,26013,1,255,1540,222,168,24,6.0392156862745097,0.6715740740740741,1,0,24471,0,1,1,4,1,1318,1,0.85584415584415585,1,0.46153846153846156,0.33333333333333337,1,0,0.75641628306390585,1,1762,17,0,0,0,0,0
d001170,c_chris,3,med-features-v2,26013,1,255,1867,549,204,60,7.3215686274509801,0.6715740740740741,1,0,24471,0,1,1,4,1,1648,1,0.88269951794322443,1,0.33333333333333337,0.33333333333333337,1,0,0.62730017324205356,1,2416,17,0,0,0,0,0
d000159,c_fac_003,0,med-features-v2,26014,1,255.0026388888889,183,183,20,20,0.7176396322696007,0.85768518518518522,1,0,24472,0,1,1,1,0,0,0,0,1,0.75,0.75,1,0,0.012506148501634078,1,366,14,0,0,0,0,0
d001171,c_jamie_lee,0,med-features-v2,26022,1,255.03168981481483,696,696,76,76,2.7290726125266387,0.72252314814814811,1,0,24480,0,1,1,1,0,0,0,0,1,0.77777777777777779,0.77777777777777779,1,0,0.28151988142536388,1,1392,15,0,0,0,0,0
d001172,c_fac_002,0,med-features-v2,26032,1,255.0607175925926,182,182,20,20,0.71355558675525965,1.9470833333333333,1,0,24487,0,1,1,1,0,0,0,0,1,0.76923076923076916,0.76923076923076916,1,0,0.35878392697410227,1,364,27,0,0,0,0,0
d001173,c_fac_057,0,med-features-v2,26043,1,255.08976851851853,182,182,20,20,0.71347432339995054,1.8790046296296297,1,0,24498,0,1,1,1,0,0,0,0,1,0.66666666666666674,0.66666666666666674,1,0,0.35817712513839106,1,364,27,0,0,0,0,0
d001174,c_elena,0,med-features-v2,26054,1,255.11881944444445,1871,220,204,24,7.3338376372011842,0.010555555555555556,1,0,24509,0,1,1,1,0,0,0,0,1,0.45454545454545459,0.80000000000000004,1,0,0.55381909714997468,1,2091,15,0,0,0,0,0
d001175,c_fac_016,0,med-features-v2,26065,1,255.14787037037038,184,184,21,21,0.7211504439872739,0.88527777777777783,1,0,24520,0,1,1,1,0,0,0,0,1,0.66666666666666674,0.66666666666666674,1,0,0.31665947187984567,1,368,25,0,0,0,0,0
d000092,c_fac_035,0,med-features-v2,26076,1,255.17692129629629,183,183,20,20,0.7171494940465688,0.98296296296296293,1,0,24531,0,1,1,2,1,0,0,0,1,0.66666666666666674,0.66666666666666674,1,0,0.28779667947412052,1,366,26,0,0,0,0,0
d000092,c_lee,1,med-features-v2,26076,1,255.17692129629629,514,514,56,56,2.0142887428411824,0.12641203703703704,1,0,514,0,1,0,2,1,0,0,0,1,0.5,0.5,1,0,0.088550327182123176,1,1028,26,0,0,0,0,0
d001176,c_fac_036,0,med-features-v2,26077,1,255.17956018518518,183,183,20,20,0.71714207778709205,0.90717592592592589,1,0,24532,0,1,1,1,0,0,0,0,1,0.69230769230769229,0.69230769230769229,1,0,0.29996064274354101,1,366,25,0,0,0,0,0
d000210,c_dir_099,0,med-features-v2,26084,1,255.19805555555556,0,0,0,0,0,3650,0,1,24539,0,1,1,1,0,0,0,0,0,0.72727272727272729,0.72727272727272729,1,0,0,0,0,15,0,0,0,0,0
d000249,c_noah,0,med-features-v2,26086,1,255.20333333333335,2094,1761,229,192,8.2052219798591963,0.078888888888888883,1,0,24541,0,1,1,5,1,1651,1,0.78844317096466099,1,0.40000000000000002,0.33333333333333337,1,0,0.60805550297248911,1,3853,17,0,0,0,0,0
d000249,c_elena,1,med-features-v2,26086,1,255.20333333333335,1872,221,204,24,7.3353273860059298,0.084166666666666667,1,0,24541,0,1,1,5,1,1651,1,0.88194444444444442,1,0.45454545454545459,0.80000000000000004,1,0,0.72138161869178175,1,2093,17,0,0,0,0,0
d000249,c_taylor,2,med-features-v2,26086,1,255.20333333333335,1543,222,168,24,6.0461592716918533,0.095069444444444443,1,0,24541,0,1,1,5,1,1321,1,0.85612443292287754,1,0.46153846153846156,0.33333333333333337,1,0,0.7359289724769621,1,1765,17,0,0,0,0,0
d000249,c_chris,3,med-features-v2,26086,1,255.20333333333335,1872,551,204,60,7.3353273860059298,0.081527777777777782,1,0,24541,0,1,1,5,1,1651,1,0.88194444444444442,1,0.33333333333333337,0.33333333333333337,1,0,0.61183256894531657,1,2423,17,0,0,0,0,0
d000249,c_lena,4,med-features-v2,26086,1,255.20333333333335,439,219,48,24,1.7201969671242539,0.90152777777777782,1,0,24541,0,1,1,5,1,220,1,0.50113895216400917,1,0.46153846153846156,0.80000000000000004,1,0,0.58147026094447096,1,658,17,0,0,0,0,0
d001177,c_fac_056,0,med-features-v2,26090,1,255.2138888888889,183,183,20,20,0.71704561533354372,0.93168981481481483,1,0,24545,0,1,1,1,0,0,0,0,1,0.75,0.75,1,0,0.24162651295241974,1,366,14,0,0,0,0,0
d001178,c_marcus,0,med-features-v2,698,1,255.2329861111111,147,147,16,16,0.57594436455798148,0.23467592592592593,1,0,698,0,1,1,1,0,0,0,0,1,0.41666666666666663,0.33333333333333337,1,0,0.45826143044100426,1,294,26,0,0,0,0,0
d001179,c_morgan_zhao,0,med-features-v2,26108,1,255.27199074074073,697,623,76,68,2.7304209834281701,0.22412037037037036,1,0,24563,0,1,1,1,0,0,0,0,1,0.81818181818181812,0.81818181818181812,1,1,0.21549647692022272,1,1320,18,0,0,0,0,0
d001180,c_noah,0,med-features-v2,26119,1,255.30104166666666,2096,1763,229,192,8.2099155816866531,0.065671296296296297,1,0,24571,0,1,1,1,0,0,0,0,1,0.40000000000000002,0.33333333333333337,1,0,0.54947903555063837,1,3857,15,0,0,0,0,0
d001181,c_fac_067,0,med-features-v2,26130,1,255.33009259259259,183,183,20,20,0.71671927950927716,0.23467592592592593,1,0,24582,0,1,1,1,0,0,0,0,1,0.72727272727272729,0.72727272727272729,1,0,0.3363315388297356,1,366,18,0,0,0,0,0
d001182,c_fac_080,0,med-features-v2,26141,1,255.35914351851852,183,183,20,20,0.71663774196019314,0.99851851851851847,1,0,24593,0,1,1,1,0,0,0,0,1,0.75,0.75,1,0,0.23460097143476688,1,366,26,0,0,0,0,0
d001183,c_jamie_lee,0,med-features-v2,26152,1,256.01224537037035,700,700,76,76,2.7342442115896333,0.74254629629629632,1,0,24604,0,1,1,1,0,0,0,0,1,0.77777777777777779,0.77777777777777779,1,0,0.34852756971938537,1,1400,18,0,0,0,0,0
d001184,c_maya,0,med-features-v2,771,1,256.03407407407406,771,845,84,92,3.0113179380059369,0.03152777777777778,1,0,771,0,1,1,1,0,0,0,0,1,0.33333333333333337,0.5,1,0,0.35163910587244313,1,1616,14,0,0,0,0,0
d001185,c_fac_018,0,med-features-v2,26171,1,256.06615740740739,184,184,21,21,0.71856430331498899,1.8991435185185186,1,0,24620,0,1,1,1,0,0,0,0,1,0.66666666666666674,0.66666666666666674,1,0,0.38860601514895693,1,368,16,0,0,0,0,0
d001186,c_fac_073,0,med-features-v2,26182,1,256.09312499999999,183,183,20,20,0.7145838061837857,1.7447453703703704,1,0,24631,0,1,1,1,0,0,0,0,1,0.72727272727272729,0.72727272727272729,1,0,0.35901559433462421,1,366,27,0,0,0,0,0
d000023,c_jamie_li,0,med-features-v2,26191,1,256.11518518518517,700,626,76,68,2.7331452428088636,0.063379629629629633,1,0,24640,0,1,1,1,0,0,0,0,1,0.77777777777777779,0.77777777777777779,1,0,0.25150871557018989,1,1326,24,0,0,0,0,0
d000024,c_morgan_zhao,0,med-features-v2,26193,1,256.12009259259258,700,626,76,68,2.7330928741833711,0.063379629629629633,1,0,24642,0,1,1,1,0,0,0,0,1,0.81818181818181812,0.81818181818181812,1,1,0.21010350022668897,1,1326,17,0,0,0,0,0
d001187,c_noah,0,med-features-v2,26194,1,256.125,2105,1770,229,192,8.2186432406051733,0.012268518518518519,1,0,24643,0,1,1,1,0,0,0,0,1,0.40000000000000002,0.33333333333333337,1,0,0.55251802742151435,1,3873,15,0,0,0,0,0
d001188,c_fac_010,0,med-features-v2,26205,1,256.15194444444444,185,185,20,20,0.72222758410535415,1.0142824074074075,1,0,24651,0,1,1,1,0,0,0,0,1,0.64285714285714279,0.64285714285714279,1,0,0.32434729750814317,1,370,15,0,0,0,0,0
d001189,c_fac_027,0,med-features-v2,26216,1,256.17891203703704,184,184,20,20,0.71824803430111461,0.87224537037037042,1,0,24662,0,1,1,1,0,0,0,0,1,0.75,0.75,1,0,0.27622240116833124,1,368,25,0,0,0,0,0
d001190,c_fac_045,0,med-features-v2,26227,1,256.20587962962964,184,184,20,20,0.71817243330242764,1.0127546296296297,1,0,24673,0,1,1,1,0,0,0,0,1,0.76923076923076916,0.76923076923076916,1,0,0.33423383215422231,1,368,15,0,0,0,0,0
d001191,c_fac_062,0,med-features-v2,26238,1,256.23282407407407,184,184,20,20,0.71809691309029022,0.9050231481481481,1,0,24684,0,1,1,1,0,0,0,0,1,0.75,0.75,1,0,0.23985970808544799,1,368,15,0,0,0,0,0
d001192,c_fac_003,0,med-features-v2,26247,1,256.25979166666667,184,184,20,20,0.71802134389986727,0.200625,1,0,24693,0,1,1,1,0,0,0,0,1,0.75,0.75,1,0,0.38068752167381809,1,368,18,0,0,0,0,0
d001193,c_fac_058,0,med-features-v2,26258,1,256.28675925925927,184,184,20,20,0.71794579061287322,0.20064814814814816,1,0,24704,0,1,1,1,0,0,0,0,1,0.7142857142857143,0.7142857142857143,1,0,0.35835916714687621,1,368,18,0,0,0,0,0
d001194,c_jamie_li,0,med-features-v2,26268,1,256.31370370370371,702,628,76,68,2.7388313221500851,0.060925925925925925,1,0,24714,0,1,1,1,0,0,0,0,1,0.77777777777777779,0.77777777777777779,1,0,0.41185974866949981,1,1330,25,0,0,0,0,0
d001195,c_fac_066,0,med-features-v2,26279,1,256.34067129629631,184,184,20,20,0.71779479654759915,1.1105787037037036,1,0,24722,0,1,1,1,0,0,0,0,1,0.72727272727272729,0.66666666666666674,1,0,0.31444345474648389,1,368,19,0,0,0,0,0
d001196,c_fac_085,0,med-features-v2,26290,1,256.36763888888891,184,184,20,20,0.71771929092714615,1.0002314814814814,1,0,24733,0,1,1,1,0,0,0,0,1,0.75,0.75,1,0,0.33157837890599734,1,368,15,0,0,0,0,0
d001197,c_chris,0,med-features-v2,26301,1,259.01921296296297,1889,556,204,60,7.2928952968060603,0.0092592592592592587,1,0,24744,0,1,1,1,0,0,0,0,1,0.33333333333333337,0.33333333333333337,1,0,0.35529657482124116,1,2445,19,0,0,0,0,0
d001198,c_noah,0,med-features-v2,26310,1,259.04567129629629,2116,1779,229,192,8.1684437705956512,0.0092824074074074076,1,0,24750,0,1,1,5,1,1668,1,0.78827977315689979,1,0.40000000000000002,0.33333333333333337,1,0,0.56928361968523278,1,3893,28,0,0,0,0,0
d001198,c_elena,1,med-features-v2,26310,1,259.04567129629629,1890,222,204,24,7.2960107402768335,0.0096296296296296303,1,0,24750,0,1,1,5,1,1668,1,0.88253968253968251,1,0.45454545454545459,0.80000000000000004,1,0,0.72070893725233087,1,2112,28,0,0,0,0,0
d001198,c_taylor,2,med-features-v2,26310,1,259.04567129629629,1557,223,168,24,6.0105231336566298,0.0096296296296296303,1,0,24750,0,1,1,5,1,1334,1,0.85677585099550413,1,0.46153846153846156,0.33333333333333337,1,0,0.72276819172314521,1,1780,28,0,0,0,0,0
d001198,c_chris,3,med-features-v2,26310,1,259.04567129629629,1891,557,204,60,7.2998710634198369,0.0096296296296296303,1,0,24750,0,1,1,5,1,1668,1,0.88207297726070866,1,0.33333333333333337,0.33333333333333337,1,0,0.65894609767823265,1,2448,28,0,0,0,0,0
d001198,c_lena,4,med-features-v2,26310,1,259.04567129629629,444,222,48,24,1.7139834754936054,2.7463194444444445,1,0,24750,0,1,1,5,1,222,1,0.5,1,0.46153846153846156,0.80000000000000004,1,0,0.53950337312980912,1,666,28,0,0,0,0,0
d001199,c_fac_029,0,med-features-v2,26321,1,259.07210648148146,185,185,20,20,0.71408691005962799,3.9053935185185185,1,0,24761,0,1,1,1,0,0,0,0,1,0.76923076923076916,0.76923076923076916,1,0,0.40279056354062487,1,370,27,0,0,0,0,0
d001200,c_fac_084,0,med-features-v2,26332,1,259.09854166666668,185,185,20,20,0.71401405353336445,3.7337731481481482,1,0,24772,0,1,1,1,0,0,0,0,1,0.66666666666666674,0.66666666666666674,1,0,0.43091991702814131,1,370,16,0,0,0,0,0
d001201,c_elena,0,med-features-v2,2411,1,259.12465277777778,482,482,52,52,1.8601086188945422,0.10303240740740741,1,0,2411,0,1,1,3,1,334,1,0.69294605809128629,1,0.45454545454545459,0.80000000000000004,1,0,0.6233659274434824,1,964,17,0,0,0,0,0
d001201,c_taylor,1,med-features-v2,2411,1,259.12465277777778,482,148,52,16,1.8601086188945422,0.10337962962962963,1,0,2411,0,1,1,3,1,334,1,0.69294605809128629,1,0.46153846153846156,0.33333333333333337,1,0,0.72004503059622293,1,630,17,0,0,0,0,0
d001201,c_lena,2,med-features-v2,2411,1,259.12465277777778,334,0,36,0,1.2889549350845997,0.10337962962962963,1,0,2411,0,1,1,3,1,334,1,1,1,0.46153846153846156,0.80000000000000004,1,0,0.8199843756017311,1,334,17,0,0,0,0,0
d001202,c_fac_008,0,med-features-v2,26353,1,259.15143518518516,185,185,20,20,0.7138683213072009,2.8888425925925927,1,0,24790,0,1,1,1,0,0,0,0,1,0.76923076923076916,0.76923076923076916,1,0,0.23341577299374031,1,370,14,0,0,0,0,0
d001203,c_fac_027,0,med-features-v2,26364,1,259.17787037037039,185,185,20,20,0.71379550937597902,2.9986111111111109,1,0,24801,0,1,1,1,0,0,0,0,1,0.75,0.75,1,0,0.29702175647072487,1,370,14,0,0,0,0,0
d001204,c_noah,0,med-features-v2,26375,1,259.20430555555555,2120,1782,229,192,8.178876486855339,0.076574074074074072,1,0,24812,0,1,1,4,1,1671,1,0.78820754716981134,1,0.40000000000000002,0.33333333333333337,1,0,0.60561286435543638,1,3900,17,0,0,0,0,0
d001204,c_elena,1,med-features-v2,26375,1,259.20430555555555,1893,222,204,24,7.3031194290646964,0.091342592592592586,1,0,24812,0,1,1,4,1,1671,1,0.88272583201267829,1,0.45454545454545459,0.80000000000000004,1,0,0.73891820069782832,1,2115,17,0,0,0,0,0
d001204,c_taylor,2,med-features-v2,26375,1,259.20430555555555,1560,224,168,24,6.0184185469312874,0.088587962962962966,1,0,24812,0,1,1,4,1,1336,1,0.85641025641025637,1,0.46153846153846156,0.33333333333333337,1,0,0.75583540738273292,1,1784,17,0,0,0,0,0
d001204,c_chris,3,med-features-v2,26375,1,259.20430555555555,1895,559,204,60,7.3108353502787109,0.081365740740740738,1,0,24812,0,1,1,4,1,1671,1,0.88179419525065961,1,0.33333333333333337,0.33333333333333337,1,0,0.62606606787256769,1,2454,17,0,0,0,0,0
d001205,c_fac_062,0,med-features-v2,26386,1,259.23076388888887,185,185,20,20,0.71364986633798777,2.9975925925925928,1,0,24823,0,1,1,1,0,0,0,0,1,0.75,0.75,1,0,0.27007761683011594,1,370,14,0,0,0,0,0
d001206,c_fac_004,0,med-features-v2,26396,1,259.25719907407409,186,186,20,20,0.71743427246877223,0.19675925925925927,1,0,24833,0,1,1,1,0,0,0,0,1,0.75,0.75,1,0,0.4160289700013784,1,372,16,0,0,0,0,0
d001207,c_fac_059,0,med-features-v2,26407,1,259.28363425925926,186,186,20,20,0.71736112667264407,0.19675925925925927,1,0,24844,0,1,1,1,0,0,0,0,1,0.66666666666666674,0.66666666666666674,1,0,0.4023762829441011,1,372,16,0,0,0,0,0
d001208,c_elena,0,med-features-v2,2416,1,259.30974537037036,483,483,52,52,1.8626372846501944,0.18474537037037037,1,0,2416,0,1,1,3,1,335,1,0.69358178053830233,1,0.45454545454545459,0.80000000000000004,1,0,0.60340406095220644,1,966,17,0,0,0,0,0
d001208,c_taylor,1,med-features-v2,2416,1,259.30974537037036,483,148,52,16,1.8626372846501944,0.18509259259259259,1,0,2416,0,1,1,3,1,335,1,0.69358178053830233,1,0.46153846153846156,0.33333333333333337,1,0,0.69490647277456385,1,631,17,0,0,0,0,0
d001208,c_lena,2,med-features-v2,2416,1,259.30974537037036,335,0,36,0,1.2918912843847106,0.18509259259259259,1,0,2416,0,1,1,3,1,335,1,1,1,0.46153846153846156,0.80000000000000004,1,0,0.74764542846080251,1,335,17,0,0,0,0,0
d001209,c_fac_063,0,med-features-v2,26428,1,259.3365277777778,185,185,20,20,0.71335882216532243,3.0469675925925928,1,0,24862,0,1,1,1,0,0,0,0,1,0.75,0.75,1,0,0.26218495190416197,1,370,15,0,0,0,0,0
d001210,c_fac_082,0,med-features-v2,26439,1,259.36296296296297,185,185,20,20,0.71328611412577825,2.9974305555555554,1,0,24873,0,1,1,1,0,0,0,0,1,0.69230769230769229,0.69230769230769229,1,0,0.30185771074769435,1,370,14,0,0,0,0,0
d001211,c_quinn,0,med-features-v2,521,1,259.97738425925928,148,148,16,16,0.56928028728994673,4.7676157407407409,1,0,521,0,1,1,1,0,0,0,0,1,0.27272727272727271,0.19999999999999996,1,0,0.59705794600983619,1,296,14,0,0,0,0,0
d001212,c_morgan_zhao,0,med-features-v2,26457,1,260.04585648148151,706,632,76,68,2.7149057845121867,0.72340277777777773,1,0,24891,0,1,1,1,0,0,0,0,1,0.81818181818181812,0.81818181818181812,1,1,0.21556634900835084,1,1338,18,0,0,0,0,0
d001213,c_fac_030,0,med-features-v2,26468,1,260.07553240740742,185,185,20,20,0.71133181306036175,3.8938194444444445,1,0,24899,0,1,1,1,0,0,0,0,1,0.81818181818181812,0.81818181818181812,1,1,0.34198941597110427,1,370,16,0,0,0,0,0
d001214,c_fac_085,0,med-features-v2,26479,1,260.10520833333334,185,185,20,20,0.71125065578431801,3.737222222222222,1,0,24910,0,1,1,1,0,0,0,0,1,0.75,0.75,1,0,0.40520146053282075,1,370,16,0,0,0,0,0
d001215,c_fac_012,0,med-features-v2,26490,1,260.13488425925925,187,187,20,20,0.71885783612792764,0.97828703703703701,1,0,24921,0,1,1,1,0,0,0,0,1,0.69230769230769229,0.69230769230769229,1,0,0.33267721066189915,1,374,15,0,0,0,0,0
d000093,c_fac_023,0,med-features-v2,26497,1,260.15377314814816,186,186,20,20,0.71496176184259963,0.98037037037037034,1,0,24928,0,1,1,2,1,0,0,0,1,0.84615384615384615,0.84615384615384615,1,1,0.31253903295981778,1,372,14,0,0,0,0,0
d000093,c_pat,1,med-features-v2,26497,1,260.15377314814816,522,522,56,56,2.0065055896872956,0.10217592592592592,1,0,522,0,1,0,2,1,0,0,0,1,0.77777777777777779,0.33333333333333337,1,0,0.018467026693440823,1,1044,14,0,0,0,0,0
d001216,c_fac_032,0,med-features-v2,26502,1,260.16724537037038,186,186,20,20,0.71492473902782439,0.9818055555555556,1,0,24933,0,1,1,1,0,0,0,0,1,0.76923076923076916,0.76923076923076916,1,0,0.31587944881108304,1,372,15,0,0,0,0,0
d001217,c_fac_049,0,med-features-v2,26513,1,260.1969212962963,187,187,20,20,0.71868644359191269,0.91773148148148154,1,0,24944,0,1,1,1,0,0,0,0,1,0.72727272727272729,0.72727272727272729,1,0,0.26234484028068877,1,374,15,0,0,0,0,0
d001218,c_fac_067,0,med-features-v2,26524,1,260.22659722222221,186,186,20,20,0.71476168072537216,0.88490740740740736,1,0,24955,0,1,1,1,0,0,0,0,1,0.72727272727272729,0.72727272727272729,1,0,0.32559477651184293,1,372,15,0,0,0,0,0
d000250,c_noah,0,med-features-v2,26527,1,260.23469907407406,2132,1793,228,192,8.1926046279982838,0.03201388888888889,1,0,24958,0,1,1,5,1,1680,0.75,0.7879924953095685,1,0.40000000000000002,0.33333333333333337,1,0,0.56973802354821101,1,3923,28,0,0,0,0,0
d000250,c_elena,1,med-features-v2,26527,1,260.23469907407406,1904,224,204,24,7.3164724257545659,0.032361111111111111,1,0,24958,0,1,1,5,1,1680,0.75,0.88235294117647056,1,0.45454545454545459,0.80000000000000004,1,0,0.72221444545542268,1,2128,28,0,0,0,0,0
d000250,c_taylor,2,med-features-v2,26527,1,260.23469907407406,1569,225,168,24,6.0291729180719082,0.032361111111111111,1,0,24958,0,1,1,5,1,1344,0.75,0.85659655831739967,1,0.46153846153846156,0.33333333333333337,1,0,0.72429869739260422,1,1794,28,0,0,0,0,0
d000250,c_chris,3,med-features-v2,26527,1,260.23469907407406,1905,561,204,60,7.3203151108521256,0.032361111111111111,1,0,24958,0,1,1,5,1,1680,0.75,0.88188976377952755,1,0.33333333333333337,0.33333333333333337,1,0,0.66033834224988464,1,2466,28,0,0,0,0,0
d000250,c_jamie_li,4,med-features-v2,26527,1,260.23469907407406,708,634,76,68,2.720621049072601,0.19120370370370371,1,0,24958,0,1,1,5,1,0,0,0,1,0.77777777777777779,0.77777777777777779,1,0,0.19754004105553702,1,1342,28,0,0,0,0,0
d001219,c_jamie_lee,0,med-features-v2,26532,1,260.2589814814815,709,709,76,76,2.724209539144947,0.22895833333333335,1,0,24963,0,1,1,1,0,0,0,0,1,0.77777777777777779,0.77777777777777779,1,0,0.28439056679974628,1,1418,15,0,0,0,0,0
d001220,c_fac_005,0,med-features-v2,26543,1,260.28865740740741,186,186,20,20,0.71459126130444561,0.22627314814814814,1,0,24971,0,1,1,1,0,0,0,0,1,0.76923076923076916,0.76923076923076916,1,0,0.4151842924817476,1,372,27,0,0,0,0,0
d001221,c_fac_045,0,med-features-v2,26554,1,260.31833333333333,186,186,20,20,0.71450979890006472,0.234375,1,0,24982,0,1,1,1,0,0,0,0,1,0.76923076923076916,0.76923076923076916,1,0,0.38022436308569718,1,372,18,0,0,0,0,0
d001222,c_fac_074,0,med-features-v2,26565,1,260.34800925925924,187,187,20,20,0.71826936772841632,1.0568055555555556,1,0,24993,0,1,1,1,0,0,0,0,1,0.75,0.75,1,0,0.29619736055529738,1,374,25,0,0,0,0,0
d001223,c_lena,0,med-features-v2,26576,1,261.00243055555558,446,222,48,24,1.7087963474158792,1.7596527777777777,1,0,25004,0,1,1,1,0,0,0,0,1,0.46153846153846156,0.80000000000000004,1,0,0.66070985519547576,1,668,15,0,0,0,0,0
d001224,c_pat,0,med-features-v2,26586,1,261.02939814814818,523,523,56,56,2.0036057383205912,0.75118055555555552,1,0,523,0,1,0,1,0,0,0,0,1,0.77777777777777779,0.33333333333333337,1,0,0.42087405045708154,1,1046,16,0,0,0,0,0
d000160,c_fac_004,0,med-features-v2,26590,1,261.03921296296295,188,188,20,20,0.72019830992470091,0.91476851851851848,1,0,25015,0,1,1,1,0,0,0,0,1,0.75,0.75,1,0,0.074515449551866966,1,376,26,0,0,0,0,0
d001225,c_fac_011,0,med-features-v2,26597,1,261.05881944444445,187,187,20,20,0.71631366600811275,1.9046296296296297,1,0,25022,0,1,1,1,0,0,0,0,1,0.66666666666666674,0.66666666666666674,1,0,0.45372835366483066,1,374,27,0,0,0,0,0
d001226,c_fac_066,0,med-features-v2,26608,1,261.08576388888889,186,186,20,20,0.71240958231317664,1.7464814814814815,1,0,25033,0,1,1,1,0,0,0,0,1,0.72727272727272729,0.66666666666666674,1,0,0.34794968534812681,1,372,18,0,0,0,0,0
d001227,c_jamie_lee,0,med-features-v2,26619,1,261.11273148148149,712,712,76,76,2.7267915890592875,0.065833333333333327,1,0,25044,0,1,1,1,0,0,0,0,1,0.77777777777777779,0.77777777777777779,1,0,0.37624950193098156,1,1424,24,0,0,0,0,0
d001228,c_ren,0,med-features-v2,26629,1,261.13969907407409,525,525,56,56,2.0104181855975876,0.0094675925925925934,1,0,525,0,1,0,1,0,0,0,0,1,0.54545454545454541,0.5,1,0,0.17799820073579845,1,1050,18,0,0,0,0,0
d001229,c_fac_018,0,med-features-v2,26640,1,261.16666666666669,188,188,21,21,0.71984684109763875,1.0206481481481482,1,0,25059,0,1,1,1,0,0,0,0,1,0.66666666666666674,0.66666666666666674,1,0,0.34247494715349408,1,376,26,0,0,0,0,0
d001230,c_fac_035,0,med-features-v2,26651,1,261.19361111111112,187,187,20,20,0.71594400492610311,0.8830324074074074,1,0,25070,0,1,1,1,0,0,0,0,1,0.66666666666666674,0.66666666666666674,1,0,0.27072942453256105,1,374,25,0,0,0,0,0
d001231,c_fac_053,0,med-features-v2,26662,1,261.22057870370372,187,187,20,20,0.7158700931143317,1.0152083333333333,1,0,25081,0,1,1,1,0,0,0,0,1,0.75,0.75,1,0,0.32581416543638542,1,374,15,0,0,0,0,0
d001232,c_jamie_lee,0,med-features-v2,26673,1,261.24754629629632,713,713,76,76,2.7292122360886961,0.13446759259259258,1,0,25092,0,1,1,2,1,75,1,0.10518934081346423,1,0.77777777777777779,0.77777777777777779,1,0,0.2814383267476428,1,1426,15,0,0,0,0,0
d001232,c_jamie_li,1,med-features-v2,26673,1,261.24754629629632,713,638,76,68,2.7292122360886961,0.13201388888888888,1,0,25092,0,1,1,2,1,75,1,0.10518934081346423,1,0.77777777777777779,0.77777777777777779,1,0,0.25736669230568976,1,1351,15,0,0,0,0,0
d001233,c_fac_041,0,med-features-v2,26683,1,261.27449074074076,187,187,20,20,0.71572237867476174,0.200625,1,0,25102,0,1,1,1,0,0,0,0,1,0.81818181818181812,0.81818181818181812,1,1,0.40484355849981801,1,374,16,0,0,0,0,0
d001234,c_lena,0,med-features-v2,26694,1,261.30145833333336,450,224,48,24,1.7221488271448924,0.056365740740740744,1,0,25113,0,1,1,1,0,0,0,0,1,0.46153846153846156,0.80000000000000004,1,0,0.66004589461476693,1,674,15,0,0,0,0,0
d001235,c_noah,0,med-features-v2,26704,1,261.3284259259259,2145,1803,228,192,8.2080622970882047,0.031875000000000001,1,0,25120,0,1,1,4,1,1692,1,0.78881118881118883,1,0.40000000000000002,0.33333333333333337,1,0,0.60587539289510872,1,3946,17,0,0,0,0,0
d001235,c_elena,1,med-features-v2,26704,1,261.3284259259259,1917,225,204,24,7.3355969340410665,0.031875000000000001,1,0,25120,0,1,1,4,1,1692,1,0.88262910798122063,1,0.45454545454545459,0.80000000000000004,1,0,0.73775653444601075,1,2142,17,0,0,0,0,0
d001235,c_taylor,2,med-features-v2,26704,1,261.3284259259259,1581,228,168,24,6.04985850428739,0.029074074074074075,1,0,25120,0,1,1,4,1,1353,1,0.85578747628083496,1,0.46153846153846156,0.33333333333333337,1,0,0.7548475684348297,1,1809,17,0,0,0,0,0
d001235,c_chris,3,med-features-v2,26704,1,261.3284259259259,1917,564,204,60,7.3355969340410665,0.03152777777777778,1,0,25120,0,1,1,4,1,1692,1,0.88262910798122063,1,0.33333333333333337,0.33333333333333337,1,0,0.62600171055530074,1,2481,17,0,0,0,0,0
d001236,c_fac_078,0,med-features-v2,26715,1,261.35537037037039,187,187,20,20,0.71550088959335201,1.0016203703703703,1,0,25131,0,1,1,1,0,0,0,0,1,0.80000000000000004,0.80000000000000004,1,1,0.32252314201217575,1,374,15,0,0,0,0,0
d000304,c_new_173,0,med-features-v2,26723,1,261.3763310185185,0,0,0,0,0,3650,0,1,25139,0,1,1,1,0,0,0,0,0,0.75,0.75,1,0,0,0,0,14,0,0,0,0,0
d000314,c_new_183,0,med-features-v2,26724,1,261.4270486111111,0,0,0,0,0,3650,0,1,0,1,0,0,1,0,0,0,0,0,0.75,0.75,1,0,0,0,0,13,0,0,0,0,0
d000360,c_maya,0,med-features-v2,0,0,0,0,0,0,0,0,3650,0,1,0,1,1,1,2,1,0,0,0,0,0.33333333333333337,0.5,1,0,0,0,0,22,0,0,0,0,0
d000360,c_noah,1,med-features-v2,0,0,0,0,0,0,0,0,3650,0,1,0,1,1,1,2,1,0,0,0,0,0.40000000000000002,0.33333333333333337,1,0,0,0,0,22,0,0,0,0,0
d000370,c_noah,0,med-features-v2,26726,1,261.57271990740742,2146,1804,228,192,8.204219464322005,0.24394675925925927,1,0,25141,0,1,1,1,0,0,0,0,1,0.40000000000000002,0.33333333333333337,1,0,0.00038394444580466293,1,3948,1,0,1,0,0,1
d001237,c_marcus,0,med-features-v2,714,1,261.99796296296296,150,150,16,16,0.57252353531162603,2.7671990740740742,1,0,714,0,1,1,1,0,0,0,0,1,0.41666666666666663,0.33333333333333337,1,0,0.60181716028747034,1,300,19,0,0,0,0,0
d001238,c_noah,0,med-features-v2,715,1,262.01499999999999,489,489,52,52,1.8663053641967065,0.72534722222222225,1,0,715,0,1,1,3,1,150,1,0.30674846625766872,1,0.40000000000000002,0.33333333333333337,1,0,0.51705724723740709,1,978,16,0,0,0,0,0
d001238,c_taylor,1,med-features-v2,715,1,262.01499999999999,150,0,16,0,0.57248630803579947,1.7914814814814815,1,0,715,0,1,1,3,1,150,1,1,1,0.46153846153846156,0.33333333333333337,1,0,0.72363416301931571,1,150,16,0,0,0,0,0
d001238,c_chris,2,med-features-v2,715,1,262.01499999999999,150,0,16,0,0.57248630803579947,1.7914814814814815,1,0,715,0,1,1,3,1,150,1,1,1,0.33333333333333337,0.33333333333333337,1,0,0.72363416301931571,1,150,16,0,0,0,0,0
d001239,c_fac_012,0,med-features-v2,26748,1,262.06601851851855,188,188,20,20,0.71737648804213516,1.930787037037037,1,0,25160,0,1,1,1,0,0,0,0,1,0.69230769230769229,0.69230769230769229,1,0,0.33634613119881801,1,376,18,0,0,0,0,0
d001240,c_fac_067,0,med-features-v2,26759,1,262.09506944444445,187,187,20,20,0.71348156375615401,1.868125,1,0,25171,0,1,1,1,0,0,0,0,1,0.72727272727272729,0.72727272727272729,1,0,0.46806231525327396,1,374,16,0,0,0,0,0
d001241,c_noah,0,med-features-v2,26770,1,262.12409722222225,2151,1808,229,192,8.2060368458853894,0.015486111111111112,1,0,25182,0,1,1,1,0,0,0,0,1,0.40000000000000002,0.33333333333333337,1,0,0.55096261612696784,1,3957,15,0,0,0,0,0
d001242,c_fac_020,0,med-features-v2,26781,1,262.15314814814815,188,188,20,20,0.71713805967249844,0.98124999999999996,1,0,25193,0,1,1,1,0,0,0,0,1,0.81818181818181812,0.81818181818181812,1,1,0.27543079076340454,1,376,19,0,0,0,0,0
d001243,c_fac_039,0,med-features-v2,26792,1,262.18219907407405,189,189,20,20,0.72087273913894523,0.98333333333333328,1,0,25204,0,1,1,1,0,0,0,0,1,0.76923076923076916,0.76923076923076916,1,0,0.33387954226820171,1,378,15,0,0,0,0,0
d001244,c_fac_055,0,med-features-v2,26803,1,262.21125000000001,188,188,20,20,0.71697915325906114,0.98541666666666672,1,0,25215,0,1,1,1,0,0,0,0,1,0.83333333333333337,0.83333333333333337,1,1,0.28932047705660469,1,376,19,0,0,0,0,0
d000332,c_fac_020,0,med-features-v2,26811,1,262.23195601851853,189,189,20,20,0.72073595785043465,0.078460648148148154,1,0,25223,0,1,1,1,0,0,0,0,1,0.81818181818181812,0.81818181818181812,1,1,0.30737309708748117,1,378,25,0,0,0,0,0
d001245,c_avery,0,med-features-v2,868,1,262.23756944444443,151,151,16,16,0.57581375666307666,0.23467592592592593,1,0,868,0,1,1,2,1,151,1,1,1,0.5,0.30000000000000004,1,0,0.5613050617401768,1,302,25,0,0,0,0,0
d001245,c_devon,1,med-features-v2,868,1,262.23756944444443,151,0,16,0,0.57581375666307666,0.23502314814814815,1,0,868,0,1,1,2,1,151,1,1,1,0.45454545454545459,0.40000000000000002,1,0,0.74584156388496325,1,151,25,0,0,0,0,0
d001246,c_jamie_lee,0,med-features-v2,26822,1,262.26935185185187,718,718,76,76,2.7376435520593225,0.010208333333333333,1,0,25234,0,1,1,1,0,0,0,0,1,0.77777777777777779,0.77777777777777779,1,0,0.30249340777672834,1,1436,15,0,0,0,0,0
d001247,c_chris,0,med-features-v2,26833,1,262.29840277777777,1925,566,204,60,7.3389695843130323,0.063379629629629633,1,0,25242,0,1,1,1,0,0,0,0,1,0.33333333333333337,0.33333333333333337,1,0,0.35821496773708411,1,2491,26,0,0,0,0,0
d001248,c_fac_062,0,med-features-v2,26844,1,262.32745370370372,188,188,20,20,0.71666155160543799,0.23469907407407409,1,0,25253,0,1,1,1,0,0,0,0,1,0.75,0.75,1,0,0.38879126997366387,1,376,27,0,0,0,0,0
d001249,c_fac_079,0,med-features-v2,26855,1,262.35650462962963,189,189,20,20,0.72039380257338204,0.99833333333333329,1,0,25264,0,1,1,1,0,0,0,0,1,0.83333333333333337,0.83333333333333337,1,1,0.33221000833179143,1,378,15,0,0,0,0,0
d001250,c_chris,0,med-features-v2,26866,1,263.00979166666667,1928,567,204,60,7.3305255586967215,0.0097916666666666673,1,0,25275,0,1,1,4,1,1700,1,0.88174273858921159,1,0.33333333333333337,0.33333333333333337,1,0,0.4443053365541616,1,2495,28,0,0,0,0,0
d001250,c_noah,1,med-features-v2,26866,1,263.00979166666667,2157,1814,229,192,8.2012155757825873,0.0094444444444444445,1,0,25275,0,1,1,4,1,1700,1,0.78813166434863235,1,0.40000000000000002,0.33333333333333337,1,0,0.20606152604951777,1,3969,28,0,0,0,0,0
d001250,c_elena,2,med-features-v2,26866,1,263.00979166666667,1928,228,204,24,7.3305255586967215,0.0097916666666666673,1,0,25275,0,1,1,4,1,1700,1,0.88174273858921159,1,0.45454545454545459,0.80000000000000004,1,0,0.3238700463164878,1,2156,28,0,0,0,0,0
d001250,c_marcus,3,med-features-v2,26866,1,263.00979166666667,489,150,52,16,1.8592463683623945,1.7132407407407408,1,0,25275,0,1,1,4,1,339,1,0.69325153374233128,1,0.41666666666666663,0.33333333333333337,1,0,0.62326807077676949,1,639,28,0,0,0,0,0
d001251,c_priya,0,med-features-v2,26876,1,263.03675925925927,378,378,40,40,1.4370615006985714,0.79874999999999996,1,0,25282,0,1,1,1,0,0,0,0,1,0.45454545454545459,0.40000000000000002,1,0,0.35427363794946926,1,756,17,0,0,0,0,0
d000094,c_marcus,0,med-features-v2,26879,1,263.04655092592594,490,150,52,16,1.862788157743168,0.036759259259259262,1,0,25285,0,1,1,2,1,0,0,0,1,0.41666666666666663,0.33333333333333337,1,0,0.5937181734205178,1,640,14,0,0,0,0,0
d000094,c_ren,1,med-features-v2,26879,1,263.04655092592594,530,530,56,56,2.0148524971507733,0.014351851851851852,1,0,530,0,1,0,2,1,0,0,0,1,0.54545454545454541,0.5,1,0,0.019374385638100358,1,1060,14,0,0,0,0,0
d001252,c_fac_018,0,med-features-v2,26886,1,263.06615740740739,189,189,21,21,0.71845045315843492,1.8991435185185186,1,0,25292,0,1,1,1,0,0,0,0,1,0.66666666666666674,0.66666666666666674,1,0,0.40392213110915598,1,378,27,0,0,0,0,0
d001253,c_fac_073,0,med-features-v2,26897,1,263.09312499999999,188,188,20,20,0.7145758749872313,1.7447453703703704,1,0,25303,0,1,1,1,0,0,0,0,1,0.72727272727272729,0.72727272727272729,1,0,0.36839664119488752,1,376,27,0,0,0,0,0
d001254,c_morgan_shaw,0,med-features-v2,26908,1,263.12009259259258,720,720,76,76,2.736393077798231,0.1025925925925926,1,0,25314,0,1,1,1,0,0,0,0,1,0.81818181818181812,0.81818181818181812,1,1,0.35461959225648038,1,1440,18,0,0,0,0,0
d001255,c_fac_006,0,med-features-v2,26918,1,263.14703703703702,189,189,20,20,0.71822963362266135,1.0146527777777778,1,0,25321,0,1,1,1,0,0,0,0,1,0.81818181818181812,0.81818181818181812,1,1,0.2957702663782692,1,378,19,0,0,0,0,0
d001256,c_fac_025,0,med-features-v2,26929,1,263.17400462962962,189,189,20,20,0.71815603621635704,1.0125694444444444,1,0,25332,0,1,1,1,0,0,0,0,1,0.75,0.75,1,0,0.30993512066282358,1,378,15,0,0,0,0,0
d001257,c_fac_042,0,med-features-v2,26940,1,263.20097222222222,189,189,20,20,0.71808245389164493,0.88372685185185185,1,0,25343,0,1,1,1,0,0,0,0,1,0.66666666666666674,0.66666666666666674,1,0,0.23928094376833353,1,378,14,0,0,0,0,0
d001258,c_fac_060,0,med-features-v2,26951,1,263.22793981481482,189,189,20,20,0.71800888664388973,1.0084027777777778,1,0,25354,0,1,1,1,0,0,0,0,1,0.69230769230769229,0.69230769230769229,1,0,0.32630168621535954,1,378,15,0,0,0,0,0
d001259,c_noah,0,med-features-v2,379,1,263.24252314814817,151,492,16,52,0.57361553214949212,0.13233796296296296,1,0,379,0,1,1,1,0,0,0,0,1,0.40000000000000002,0.33333333333333337,1,0,0.58776023110180631,1,643,15,0,0,0,0,0
d001260,c_fac_048,0,med-features-v2,26971,1,263.28185185185185,189,189,20,20,0.71786186047623934,0.200625,1,0,25374,0,1,1,1,0,0,0,0,1,0.75,0.75,1,0,0.38346179749109438,1,378,18,0,0,0,0,0
d001261,c_elena,0,med-features-v2,2468,1,263.30847222222224,493,493,52,52,1.8723286639403192,0.18592592592592594,1,0,2468,0,1,1,3,1,341,1,0.69168356997971603,1,0.45454545454545459,0.80000000000000004,1,0,0.60506769401051441,1,986,17,0,0,0,0,0
d001261,c_taylor,1,med-features-v2,2468,1,263.30847222222224,493,152,52,16,1.8723286639403192,0.053587962962962962,1,0,2468,0,1,1,3,1,341,1,0.69168356997971603,1,0.46153846153846156,0.33333333333333337,1,0,0.69666449613745518,1,645,17,0,0,0,0,0
d001261,c_lena,2,med-features-v2,2468,1,263.30847222222224,341,0,36,0,1.2950589744495919,0.18627314814814816,1,0,2468,0,1,1,3,1,341,1,1,1,0.46153846153846156,0.80000000000000004,1,0,0.75275355456983872,1,341,17,0,0,0,0,0
d001262,c_fac_088,0,med-features-v2,26992,1,263.33576388888889,189,189,20,20,0.71771489450914883,0.23493055555555556,1,0,25392,0,1,1,1,0,0,0,0,1,0.63636363636363635,0.63636363636363635,1,0,0.39238263799404693,1,378,27,0,0,0,0,0
d001263,c_fac_081,0,med-features-v2,27003,1,263.36273148148149,189,189,20,20,0.7176414025508755,1.0006018518518518,1,0,25403,0,1,1,1,0,0,0,0,1,0.66666666666666674,0.66666666666666674,1,0,0.27766444575618482,1,378,26,0,0,0,0,0
d000211,c_dir_100,0,med-features-v2,27008,1,266,0,0,0,0,0,3650,0,1,25408,0,1,1,1,0,0,0,0,0,0.72727272727272729,0.72727272727272729,1,0,0,0,0,17,0,0,0,0,0
d000025,c_alex_chen,0,med-features-v2,27009,1,266.00238425925926,874,798,92,84,3.2856848348703362,2.6981250000000001,1,0,25409,0,1,1,1,0,0,0,0,1,0.88888888888888884,0.88888888888888884,1,1,0.17788252354754766,1,1672,18,0,0,0,0,0
d000295,c_jamie_li,0,med-features-v2,27011,1,266.00719907407409,722,646,76,68,2.7142122563342626,2.6931481481481483,1,0,25411,0,1,1,1,0,0,0,0,1,0.77777777777777779,0.77777777777777779,1,0,0.083903524307809743,1,1368,2,0,1,0,0,1
d000296,c_morgan_zhao,0,med-features-v2,27015,1,266.01680555555555,722,646,76,68,2.7141142398584885,2.6978472222222223,1,0,25415,0,1,1,1,0,0,0,0,1,0.81818181818181812,0.81818181818181812,1,1,0.08059213592238941,1,1368,2,0,1,0,0,1
d001264,c_noah,0,med-features-v2,27017,1,266.0240277777778,2172,1825,229,192,8.1646760187180245,0.014421296296296297,1,0,25417,0,1,1,1,0,0,0,0,1,0.40000000000000002,0.33333333333333337,1,0,0.516289024343627,1,3995,26,0,0,0,0,0
d000251,c_noah,0,med-features-v2,27022,1,266.03604166666668,2173,1826,229,192,8.1680662003033735,0.011666666666666667,1,0,25419,0,1,1,5,1,1712,1,0.78785089737689828,1,0.40000000000000002,0.33333333333333337,1,0,0.60765007604961974,1,3997,17,0,0,0,0,0
d000251,c_elena,1,med-features-v2,27022,1,266.03604166666668,1940,228,204,24,7.2922450200591555,0.026435185185185187,1,0,25419,0,1,1,5,1,1712,1,0.88247422680412368,1,0.45454545454545459,0.80000000000000004,1,0,0.72082884654887625,1,2168,17,0,0,0,0,0
d000251,c_taylor,2,med-features-v2,27022,1,266.03604166666668,1598,229,168,24,6.0067049185848091,0.023680555555555555,1,0,25419,0,1,1,5,1,1369,1,0.85669586983729662,1,0.46153846153846156,0.33333333333333337,1,0,0.73661211655019965,1,1827,17,0,0,0,0,0
d000251,c_chris,3,med-features-v2,27022,1,266.03604166666668,1941,572,204,60,7.2960039092447531,0.016481481481481482,1,0,25419,0,1,1,5,1,1712,1,0.88201957753735183,1,0.33333333333333337,0.33333333333333337,1,0,0.61098515615111348,1,2513,17,0,0,0,0,0
d000251,c_lena,4,med-features-v2,27022,1,266.03604166666668,456,228,48,24,1.7140534686324613,2.7366898148148149,1,0,25419,0,1,1,5,1,228,1,0.5,1,0.46153846153846156,0.80000000000000004,1,0,0.58508945978047333,1,684,17,0,0,0,0,0
d001265,c_jamie_lee,0,med-features-v2,27028,1,266.05287037037039,723,723,76,76,2.7175049793430781,0.045324074074074072,1,0,25425,0,1,1,1,0,0,0,0,1,0.77777777777777779,0.77777777777777779,1,0,0.31605131980042334,1,1446,15,0,0,0,0,0
d001266,c_fac_044,0,med-features-v2,27039,1,266.07930555555555,190,190,20,20,0.71407281976812476,3.8888194444444446,1,0,25436,0,1,1,1,0,0,0,0,1,0.81818181818181812,0.81818181818181812,1,1,0.37042754346254814,1,380,18,0,0,0,0,0
d001267,c_alex_chan,0,med-features-v2,27050,1,266.10576388888887,724,724,76,76,2.7207227285099416,0.054953703703703706,1,0,25447,0,1,1,1,0,0,0,0,1,0.88888888888888884,0.88888888888888884,1,1,0.3303627973461174,1,1448,17,0,0,0,0,0
d001268,c_lee,0,med-features-v2,27060,1,266.13219907407409,533,533,56,56,2.0027640467948302,0.10300925925925926,1,0,533,0,1,0,1,0,0,0,0,1,0.5,0.5,1,0,0.52384460373652986,1,1066,14,0,0,0,0,0
d001269,c_fac_013,0,med-features-v2,27071,1,266.15863425925926,191,191,20,20,0.71761714787712316,2.8935879629629628,1,0,25465,0,1,1,1,0,0,0,0,1,0.76923076923076916,0.76923076923076916,1,0,0.29683443709183593,1,382,25,0,0,0,0,0
d001270,c_fac_032,0,med-features-v2,27082,1,266.18509259259258,190,190,20,20,0.71378903359852297,2.9984722222222224,1,0,25476,0,1,1,1,0,0,0,0,1,0.76923076923076916,0.76923076923076916,1,0,0.27087029674571428,1,380,14,0,0,0,0,0
d001271,c_fac_048,0,med-features-v2,27093,1,266.2115277777778,190,190,20,20,0.71371815332731958,2.9293287037037037,1,0,25487,0,1,1,1,0,0,0,0,1,0.75,0.75,1,0,0.29566587716215825,1,380,25,0,0,0,0,0
d001272,c_maya,0,med-features-v2,801,1,266.23282407407407,801,877,84,92,3.0086447934652019,0.12944444444444445,1,0,801,0,1,1,1,0,0,0,0,1,0.33333333333333337,0.5,1,0,0.41842109147096551,1,1678,25,0,0,0,0,0
d001273,c_fac_019,0,med-features-v2,27114,1,266.26442129629629,192,192,21,21,0.7210877032134323,0.19678240740740741,1,0,25508,0,1,1,1,0,0,0,0,1,0.75,0.75,1,0,0.35040895945921402,1,384,18,0,0,0,0,0
d001274,c_fac_074,0,med-features-v2,27125,1,266.29085648148146,191,191,20,20,0.71726082721613327,0.19678240740740741,1,0,25519,0,1,1,1,0,0,0,0,1,0.75,0.75,1,0,0.39468712861206429,1,382,18,0,0,0,0,0
d000333,c_fac_021,0,med-features-v2,27130,1,266.30103009259261,191,191,20,20,0.71723342539677548,0.13241898148148148,1,0,25524,0,1,1,1,0,0,0,0,1,0.76923076923076916,0.76923076923076916,1,0,0.32101188074665182,1,382,14,0,0,0,0,0
d001275,c_jamie_li,0,med-features-v2,27136,1,266.31729166666668,724,648,76,68,2.7185617406555305,0.19916666666666666,1,0,25530,0,1,1,1,0,0,0,0,1,0.77777777777777779,0.77777777777777779,1,0,0.41412974520963458,1,1372,25,0,0,0,0,0
d001276,c_fac_068,0,med-features-v2,27147,1,266.34372685185184,190,190,20,20,0.71336390102284464,3.0517129629629629,1,0,25538,0,1,1,1,0,0,0,0,1,0.80000000000000004,0.80000000000000004,1,1,0.26311014979053421,1,380,14,0,0,0,0,0
d001277,c_fac_087,0,med-features-v2,27158,1,266.37018518518516,190,190,20,20,0.71329304316813347,2.9972916666666665,1,0,25549,0,1,1,1,0,0,0,0,1,0.75,0.75,1,0,0.30597284719938334,1,380,14,0,0,0,0,0
d000161,c_fac_005,0,med-features-v2,27161,1,267.00268518518516,190,190,20,20,0.71160333038681478,3.8577314814814816,1,0,25552,0,1,1,1,0,0,0,0,1,0.76923076923076916,0.76923076923076916,1,0,0.018274270860538285,1,380,18,0,0,0,0,0
d001278,c_alex_chen,0,med-features-v2,27167,1,267.0269675925926,879,803,92,84,3.2918023521171262,0.72134259259259259,1,0,25558,0,1,1,1,0,0,0,0,1,0.88888888888888884,0.88888888888888884,1,1,0.17705622391747361,1,1682,18,0,0,0,0,0
d001279,c_morgan_zhao,0,med-features-v2,27177,1,267.05664351851851,726,650,76,68,2.7185243940567125,0.010439814814814815,1,0,25565,0,1,1,1,0,0,0,0,1,0.81818181818181812,0.81818181818181812,1,1,0.31266378046387222,1,1376,15,0,0,0,0,0
d001280,c_fac_050,0,med-features-v2,27188,1,267.08631944444443,190,190,20,20,0.71138050198606728,3.8727546296296298,1,0,25576,0,1,1,1,0,0,0,0,1,0.75,0.75,1,0,0.3742756078448547,1,380,16,0,0,0,0,0
d001281,c_fac_003,0,med-features-v2,27199,1,267.11599537037034,191,191,20,20,0.71504516131715912,0.97143518518518523,1,0,25587,0,1,1,1,0,0,0,0,1,0.75,0.75,1,0,0.31523838922808989,1,382,14,0,0,0,0,0
d001282,c_fac_018,0,med-features-v2,27210,1,267.14567129629631,192,192,21,21,0.71870900646954217,0.97946759259259264,1,0,25598,0,1,1,1,0,0,0,0,1,0.66666666666666674,0.66666666666666674,1,0,0.28097064790988358,1,384,26,0,0,0,0,0
d001283,c_fac_037,0,med-features-v2,27221,1,267.17534722222223,191,191,20,20,0.71488631711643802,0.98270833333333329,1,0,25609,0,1,1,1,0,0,0,0,1,0.76923076923076916,0.76923076923076916,1,0,0.31555363038260531,1,382,15,0,0,0,0,0
d001284,c_fac_053,0,med-features-v2,27232,1,267.20502314814814,191,191,20,20,0.71480692147805425,0.98592592592592587,1,0,25620,0,1,1,1,0,0,0,0,1,0.75,0.75,1,0,0.2691812398778069,1,382,19,0,0,0,0,0
d001285,c_noah,0,med-features-v2,27243,1,267.23469907407406,2190,1841,229,192,8.1950435612890224,0.03201388888888889,1,0,25631,0,1,1,4,1,1725,1,0.78767123287671237,1,0.40000000000000002,0.33333333333333337,1,0,0.60485114619589775,1,4029,17,0,0,0,0,0
d001285,c_elena,1,med-features-v2,27243,1,267.23469907407406,1955,230,204,24,7.3156667407854057,0.032361111111111111,1,0,25631,0,1,1,4,1,1725,1,0.88235294117647056,1,0.45454545454545459,0.80000000000000004,1,0,0.73754362156822562,1,2185,17,0,0,0,0,0
d001285,c_taylor,2,med-features-v2,27243,1,267.23469907407406,1611,231,168,24,6.0284087567290481,0.032361111111111111,1,0,25631,0,1,1,4,1,1380,1,0.85661080074487894,1,0.46153846153846156,0.33333333333333337,1,0,0.7542466046953572,1,1842,17,0,0,0,0,0
d001285,c_chris,3,med-features-v2,27243,1,267.23469907407406,1956,576,204,60,7.3194087698088248,0.032361111111111111,1,0,25631,0,1,1,4,1,1725,1,0.88190184049079756,1,0.33333333333333337,0.33333333333333337,1,0,0.62531603839671324,1,2532,17,0,0,0,0,0
d001286,c_morgan_shaw,0,med-features-v2,27250,1,267.26437499999997,728,728,76,76,2.7238946455171966,0.22356481481481483,1,0,25638,0,1,1,1,0,0,0,0,1,0.81818181818181812,0.81818181818181812,1,1,0.26577108172266672,1,1456,15,0,0,0,0,0
d001287,c_fac_015,0,med-features-v2,27261,1,267.29405092592594,192,192,20,20,0.71831003845726493,0.22627314814814814,1,0,25646,0,1,1,1,0,0,0,0,1,0.76923076923076916,0.76923076923076916,1,0,0.44125637307535437,1,384,27,0,0,0,0,0
d001288,c_fac_055,0,med-features-v2,27272,1,267.32372685185186,191,191,20,20,0.71448951520061033,0.23435185185185184,1,0,25657,0,1,1,1,0,0,0,0,1,0.83333333333333337,0.83333333333333337,1,1,0.41005291697633817,1,382,16,0,0,0,0,0
d001289,c_fac_078,0,med-features-v2,27283,1,267.35340277777777,191,191,20,20,0.71441020767092245,0.99488425925925927,1,0,25668,0,1,1,1,0,0,0,0,1,0.80000000000000004,0.80000000000000004,1,1,0.30267095522673837,1,382,19,0,0,0,0,0
d000095,c_fac_088,0,med-features-v2,27289,1,267.36958333333331,191,191,20,20,0.7143669733063005,0.99664351851851851,1,0,25674,0,1,1,2,1,0,0,0,1,0.63636363636363635,0.63636363636363635,1,0,0.2959884966098606,1,382,19,0,0,0,0,0
d000095,c_lee,1,med-features-v2,27289,1,267.36958333333331,537,537,56,56,2.0084558359449391,0.094074074074074074,1,0,537,0,1,0,2,1,0,0,0,1,0.5,0.5,1,0,0.023979057565013107,1,1074,19,0,0,0,0,0
d001290,c_chris,0,med-features-v2,27295,1,268.00979166666667,1959,576,204,60,7.3094344345316982,0.0097916666666666673,1,0,25680,0,1,1,4,1,1728,1,0.8820826952526799,1,0.33333333333333337,0.33333333333333337,1,0,0.45824961856745539,1,2535,16,0,0,0,0,0
d001290,c_noah,1,med-features-v2,27295,1,268.00979166666667,2194,1845,229,192,8.1862680701187074,0.0094444444444444445,1,0,25680,0,1,1,4,1,1728,1,0.78760255241567911,1,0.40000000000000002,0.33333333333333337,1,0,0.20969589512655457,1,4037,16,0,0,0,0,0
d001290,c_elena,2,med-features-v2,27295,1,268.00979166666667,1959,231,204,24,7.3094344345316982,0.0097916666666666673,1,0,25680,0,1,1,4,1,1728,1,0.8820826952526799,1,0.45454545454545459,0.80000000000000004,1,0,0.31806768097214172,1,2190,16,0,0,0,0,0
d001290,c_marcus,3,med-features-v2,27295,1,268.00979166666667,499,154,52,16,1.8618722730124133,0.75856481481481486,1,0,25680,0,1,1,4,1,345,1,0.69138276553106215,1,0.41666666666666663,0.33333333333333337,1,0,0.67517418389729789,1,653,16,0,0,0,0,0
d001291,c_priya,0,med-features-v2,27305,1,268.03675925925927,384,384,40,40,1.4326393180592629,0.79900462962962959,1,0,25687,0,1,1,1,0,0,0,0,1,0.45454545454545459,0.40000000000000002,1,0,0.38162061817270898,1,768,18,0,0,0,0,0
d001292,c_fac_021,0,med-features-v2,27315,1,268.06370370370371,192,192,21,21,0.71624765810227531,1.7623263888888889,1,0,25697,0,1,1,1,0,0,0,0,1,0.76923076923076916,0.76923076923076916,1,0,0.39251497230282262,1,384,27,0,0,0,0,0
d001293,c_fac_076,0,med-features-v2,27326,1,268.09067129629631,191,191,20,20,0.7124455285089164,1.7369675925925927,1,0,25708,0,1,1,1,0,0,0,0,1,0.72727272727272729,0.72727272727272729,1,0,0.40696070813528534,1,382,27,0,0,0,0,0
d001294,c_morgan_shaw,0,med-features-v2,27337,1,268.11763888888891,731,731,76,76,2.7264151774174579,0.068287037037037035,1,0,25719,0,1,1,1,0,0,0,0,1,0.81818181818181812,0.81818181818181812,1,1,0.35741106122351274,1,1462,18,0,0,0,0,0
d001295,c_fac_003,0,med-features-v2,27347,1,268.1446064814815,192,192,20,20,0.71603155670132723,1.0282638888888889,1,0,25723,0,1,1,1,0,0,0,0,1,0.75,0.75,1,0,0.32167156840987654,1,384,15,0,0,0,0,0
d001296,c_fac_020,0,med-features-v2,27358,1,268.17155092592594,193,193,21,21,0.71968856999790498,0.86905092592592592,1,0,25734,0,1,1,1,0,0,0,0,1,0.81818181818181812,0.81818181818181812,1,1,0.31132288318635554,1,386,25,0,0,0,0,0
d001297,c_fac_039,0,med-features-v2,27369,1,268.19851851851854,193,193,20,20,0.71961620469083154,1.0174305555555556,1,0,25745,0,1,1,1,0,0,0,0,1,0.76923076923076916,0.76923076923076916,1,0,0.28872112190795168,1,386,14,0,0,0,0,0
d001298,c_fac_055,0,med-features-v2,27380,1,268.22548611111114,192,192,20,20,0.71581564743801007,0.90141203703703698,1,0,25756,0,1,1,1,0,0,0,0,1,0.83333333333333337,0.83333333333333337,1,1,0.26493547139595569,1,384,14,0,0,0,0,0
d000162,c_fac_006,0,med-features-v2,27386,1,268.24018518518517,192,192,20,20,0.71577642204298664,0.18347222222222223,1,0,25762,0,1,1,1,0,0,0,0,1,0.81818181818181812,0.81818181818181812,1,1,0.018140939788019231,1,384,18,0,0,0,0,0
d001299,c_noah,0,med-features-v2,386,1,268.24252314814817,153,500,16,52,0.57037936492827923,0.13479166666666667,1,0,386,0,1,1,1,0,0,0,0,1,0.40000000000000002,0.33333333333333337,1,0,0.55326526740697812,1,653,26,0,0,0,0,0
d001300,c_fac_056,0,med-features-v2,27402,1,268.28185185185185,192,192,20,20,0.71566525530778158,0.200625,1,0,25778,0,1,1,1,0,0,0,0,1,0.75,0.75,1,0,0.38173230311654377,1,384,18,0,0,0,0,0
d000026,c_jamie_li,0,med-features-v2,27413,1,268.30881944444445,733,655,76,68,2.7319265968138393,0.061273148148148146,1,0,25789,0,1,1,1,0,0,0,0,1,0.77777777777777779,0.77777777777777779,1,0,0.22168857274224829,1,1388,18,0,0,0,0,0
d001301,c_elena,0,med-features-v2,2506,1,268.31092592592591,501,501,52,52,1.8672366705570307,0.19083333333333333,1,0,2506,0,1,1,3,1,347,1,0.69261477045908182,1,0.45454545454545459,0.80000000000000004,1,0,0.6209308271415479,1,1002,17,0,0,0,0,0
d001301,c_taylor,1,med-features-v2,2506,1,268.31092592592591,501,154,52,16,1.8672366705570307,0.056041666666666663,1,0,2506,0,1,1,3,1,347,1,0.69261477045908182,1,0.46153846153846156,0.33333333333333337,1,0,0.71891666138871368,1,655,17,0,0,0,0,0
d001301,c_lena,2,med-features-v2,2506,1,268.31092592592591,347,0,36,0,1.2932756979706381,0.19118055555555555,1,0,2506,0,1,1,3,1,347,1,1,1,0.46153846153846156,0.80000000000000004,1,0,0.81649926465267864,1,347,17,0,0,0,0,0
d000027,c_morgan_zhao,0,med-features-v2,27415,1,268.31615740740739,733,655,76,68,2.7318518835487917,0.066157407407407401,1,0,25791,0,1,1,1,0,0,0,0,1,0.81818181818181812,0.81818181818181812,1,1,0.21621253036239588,1,1388,18,0,0,0,0,0
d001302,c_fac_068,0,med-features-v2,27425,1,268.34067129629631,192,192,20,20,0.71550838369930703,1.1110185185185186,1,0,25798,0,1,1,1,0,0,0,0,1,0.80000000000000004,0.80000000000000004,1,1,0.37654822491814866,1,384,26,0,0,0,0,0
d001303,c_fac_085,0,med-features-v2,27436,1,268.36763888888891,192,192,20,20,0.71543648405198712,1.0273842592592592,1,0,25809,0,1,1,1,0,0,0,0,1,0.75,0.75,1,0,0.27444290726861248,1,384,15,0,0,0,0,0
d001304,c_avery,0,med-features-v2,27444,1,269.02111111111111,154,154,16,16,0.57244578079374198,2.7755787037037036,1,0,25817,0,1,1,2,1,154,1,1,1,0.5,0.30000000000000004,1,0,0.50092703352686663,1,308,18,0,0,0,0,0
d001304,c_devon,1,med-features-v2,27444,1,269.02111111111111,154,0,16,0,0.57244578079374198,2.7759259259259261,1,0,25817,0,1,1,2,1,154,1,1,1,0.45454545454545459,0.40000000000000002,1,0,0.66226457215122636,1,154,18,0,0,0,0,0
d001305,c_lee,0,med-features-v2,27454,1,269.05016203703701,541,541,56,56,2.0107774546722883,0.72875000000000001,1,0,541,0,1,0,1,0,0,0,0,1,0.5,0.5,1,0,0.25145000820270808,1,1082,14,0,0,0,0,0
d001306,c_fac_037,0,med-features-v2,27465,1,269.07921296296297,192,192,20,20,0.7135445279692697,1.9035185185185186,1,0,25835,0,1,1,1,0,0,0,0,1,0.76923076923076916,0.76923076923076916,1,0,0.42043203303690191,1,384,27,0,0,0,0,0
d000252,c_noah,0,med-features-v2,27476,1,269.10826388888887,2207,1855,229,192,8.2011602620692479,0.081527777777777782,1,0,25846,0,1,1,5,1,1740,0.75,0.78840054372451296,1,0.40000000000000002,0.33333333333333337,1,0,0.60501593114988039,1,4060,17,0,0,0,0,0
d000252,c_elena,1,med-features-v2,27476,1,269.10826388888887,1972,232,204,24,7.3279057710922322,0.081875000000000003,1,0,25846,0,1,1,5,1,1740,0.75,0.88235294117647056,1,0.45454545454545459,0.80000000000000004,1,0,0.738187383854781,1,2204,17,0,0,0,0,0
d000252,c_taylor,2,med-features-v2,27476,1,269.10826388888887,1626,234,168,24,6.0421778822494767,0.081875000000000003,1,0,25846,0,1,1,5,1,1392,0.75,0.85608856088560881,1,0.46153846153846156,0.33333333333333337,1,0,0.75468281603428422,1,1860,17,0,0,0,0,0
d000252,c_chris,3,med-features-v2,27476,1,269.10826388888887,1972,580,204,60,7.3279057710922322,0.081875000000000003,1,0,25846,0,1,1,5,1,1740,0.75,0.88235294117647056,1,0.33333333333333337,0.33333333333333337,1,0,0.62611355747225916,1,2552,17,0,0,0,0,0
d000252,c_alex_chen,4,med-features-v2,27476,1,269.10826388888887,889,811,92,84,3.3035031594832627,0.078888888888888883,1,0,25846,0,1,1,5,1,0,0,0,1,0.88888888888888884,0.88888888888888884,1,1,0.13508349738572162,1,1700,17,0,0,0,0,0
d001307,c_sam,0,med-features-v2,27477,1,269.11090277777777,194,194,20,20,0.72089238301949554,0.97821759259259256,1,0,25847,0,1,1,1,0,0,0,0,1,0.45454545454545459,0.33333333333333337,1,0,0.34944229856516246,1,388,15,0,0,0,0,0
d001308,c_fac_011,0,med-features-v2,27488,1,269.13995370370372,194,194,20,20,0.72081457000462545,0.87981481481481483,1,0,25858,0,1,1,1,0,0,0,0,1,0.66666666666666674,0.66666666666666674,1,0,0.22599808378963052,1,388,14,0,0,0,0,0
d001309,c_fac_030,0,med-features-v2,27499,1,269.16900462962963,193,193,20,20,0.71702163577698541,0.98238425925925921,1,0,25869,0,1,1,1,0,0,0,0,1,0.81818181818181812,0.81818181818181812,1,1,0.27201307489513793,1,386,19,0,0,0,0,0
d001310,c_fac_049,0,med-features-v2,27510,1,269.19805555555558,194,194,20,20,0.72065899435875891,0.98203703703703704,1,0,25880,0,1,1,1,0,0,0,0,1,0.72727272727272729,0.72727272727272729,1,0,0.33677206357311162,1,388,15,0,0,0,0,0
d001311,c_fac_065,0,med-features-v2,27521,1,269.22710648148148,193,193,20,20,0.71686689547092586,0.88854166666666667,1,0,25891,0,1,1,1,0,0,0,0,1,0.80000000000000004,0.80000000000000004,1,1,0.28322837039775434,1,386,26,0,0,0,0,0
d001312,c_alex_chen,0,med-features-v2,27528,1,269.25615740740739,889,811,92,84,3.3016886542537547,0.2267824074074074,1,0,25898,0,1,1,1,0,0,0,0,1,0.88888888888888884,0.88888888888888884,1,1,0.18027709459447494,1,1700,18,0,0,0,0,0
d001313,c_fac_002,0,med-features-v2,27539,1,269.28520833333334,193,193,20,20,0.71671222193940898,0.22414351851851852,1,0,25906,0,1,1,1,0,0,0,0,1,0.76923076923076916,0.76923076923076916,1,0,0.40403903489204357,1,386,18,0,0,0,0,0
d001314,c_fac_037,0,med-features-v2,27550,1,269.31425925925925,193,193,20,20,0.71663491020059866,0.23469907407407409,1,0,25917,0,1,1,1,0,0,0,0,1,0.76923076923076916,0.76923076923076916,1,0,0.42543084529463099,1,386,27,0,0,0,0,0
d001315,c_fac_070,0,med-features-v2,27561,1,269.34328703703704,193,193,20,20,0.71655767672227455,0.99736111111111114,1,0,25928,0,1,1,1,0,0,0,0,1,0.80000000000000004,0.80000000000000004,1,1,0.28608763945886306,1,386,14,0,0,0,0,0
d001316,c_fac_089,0,med-features-v2,27572,1,269.37233796296294,194,194,20,20,0.72019273198970346,0.99944444444444447,1,0,25939,0,1,1,1,0,0,0,0,1,0.80000000000000004,0.80000000000000004,1,1,0.33351676143999953,1,388,26,0,0,0,0,0
d001317,c_morgan_zhao,0,med-features-v2,27582,1,270.02449074074076,736,658,76,68,2.7256786892958438,0.75215277777777778,1,0,25949,0,1,1,1,0,0,0,0,1,0.81818181818181812,0.81818181818181812,1,1,0.40410414404431771,1,1394,25,0,0,0,0,0
d001318,c_jamie_li,0,med-features-v2,27592,1,270.05145833333336,737,659,76,68,2.7291094984212112,0.036412037037037034,1,0,25956,0,1,1,1,0,0,0,0,1,0.77777777777777779,0.77777777777777779,1,0,0.31379684612546471,1,1396,26,0,0,0,0,0
d001319,c_fac_043,0,med-features-v2,27602,1,270.0784259259259,193,193,20,20,0.71460724542631138,1.8721990740740742,1,0,25966,0,1,1,1,0,0,0,0,1,0.75,0.75,1,0,0.38626753247179585,1,386,18,0,0,0,0,0
d001320,c_lena,0,med-features-v2,27613,1,270.10537037037039,465,232,48,24,1.7215503688889588,0.061273148148148146,1,0,25977,0,1,1,1,0,0,0,0,1,0.46153846153846156,0.80000000000000004,1,0,0.56775233013189585,1,697,26,0,0,0,0,0
d001321,c_pat,0,med-features-v2,27623,1,270.13233796296294,544,544,56,56,2.0138277560629794,0.1025925925925926,1,0,544,0,1,0,1,0,0,0,0,1,0.77777777777777779,0.33333333333333337,1,0,0.44544032316581811,1,1088,23,0,0,0,0,0
d001322,c_fac_015,0,med-features-v2,27634,1,270.15930555555553,195,195,20,20,0.72179634752540556,1.0137268518518519,1,0,25995,0,1,1,1,0,0,0,0,1,0.76923076923076916,0.76923076923076916,1,0,0.37881004243205851,1,390,26,0,0,0,0,0
d001323,c_fac_032,0,med-features-v2,27645,1,270.18627314814813,194,194,20,20,0.71802315395063099,0.8769675925925926,1,0,26006,0,1,1,1,0,0,0,0,1,0.76923076923076916,0.76923076923076916,1,0,0.26419558704419954,1,388,25,0,0,0,0,0
d001324,c_fac_050,0,med-features-v2,27656,1,270.21321759259257,194,194,20,20,0.71795155591721938,1.012175925925926,1,0,26017,0,1,1,1,0,0,0,0,1,0.75,0.75,1,0,0.29204353817870243,1,388,15,0,0,0,0,0
d000096,c_fac_056,0,med-features-v2,27660,1,270.2230324074074,194,194,20,20,0.71792547908170845,1.0087962962962962,1,0,26021,0,1,1,2,1,0,0,0,1,0.75,0.75,1,0,0.27113099564755699,1,388,26,0,0,0,0,0
d000096,c_pat,1,med-features-v2,27660,1,270.2230324074074,545,545,56,56,2.016852505667686,0.090347222222222218,1,0,545,0,1,0,2,1,0,0,0,1,0.77777777777777779,0.33333333333333337,1,0,0.090635009568560188,1,1090,26,0,0,0,0,0
d001325,c_hana,0,med-features-v2,350,1,270.18460648148147,155,155,16,16,0.57368183190933841,0.200625,1,0,350,0,1,1,1,0,0,0,0,1,0.38461538461538458,0.5,1,0,0.52642615690332817,1,310,27,0,0,0,0,0
d001326,c_fac_023,0,med-features-v2,27677,1,270.2696064814815,194,194,20,20,0.71780176293442233,0.20064814814814816,1,0,26038,0,1,1,1,0,0,0,0,1,0.84615384615384615,0.84615384615384615,1,1,0.38832515902047676,1,388,16,0,0,0,0,0
d001327,c_chris,0,med-features-v2,27688,1,270.29655092592594,1987,584,204,60,7.3511851823241807,0.051458333333333335,1,0,26049,0,1,1,4,1,1753,1,0.88223452440865624,1,0.33333333333333337,0.33333333333333337,1,0,0.44961933021588602,1,2571,21,0,0,0,0,0
d001327,c_noah,1,med-features-v2,27688,1,270.29655092592594,2224,1870,229,192,8.227999922239043,0.051111111111111114,1,0,26049,0,1,1,4,1,1753,1,0.78821942446043169,1,0.40000000000000002,0.33333333333333337,1,0,0.19421630810835683,1,4092,21,0,0,0,0,0
d001327,c_elena,2,med-features-v2,27688,1,270.29655092592594,1987,234,204,24,7.3511851823241807,0.051458333333333335,1,0,26049,0,1,1,4,1,1753,1,0.88223452440865624,1,0.45454545454545459,0.80000000000000004,1,0,0.2977473624671072,1,2221,21,0,0,0,0,0
d001327,c_marcus,3,med-features-v2,27688,1,270.29655092592594,506,156,52,16,1.8720179679194944,0.048657407407407406,1,0,26049,0,1,1,4,1,350,1,0.69169960474308301,1,0.41666666666666663,0.33333333333333337,1,0,0.66318721094043087,1,662,21,0,0,0,0,0
d001328,c_pat,0,med-features-v2,27698,1,270.32351851851854,545,545,56,56,2.0161027904150512,0.19083333333333333,1,0,545,0,1,0,1,0,0,0,0,1,0.77777777777777779,0.33333333333333337,1,0,0.44695885223953824,1,1090,23,0,0,0,0,0
d001329,c_fac_072,0,med-features-v2,27709,1,270.35048611111114,194,194,20,20,0.71758702116876572,1.0174074074074073,1,0,26067,0,1,1,1,0,0,0,0,1,0.72727272727272729,0.72727272727272729,1,0,0.27586473989854121,1,388,15,0,0,0,0,0
d001330,c_alex_chan,0,med-features-v2,27720,1,273.00238425925926,741,741,76,76,2.7142620091416583,2.7005787037037039,1,0,26078,0,1,1,1,0,0,0,0,1,0.88888888888888884,0.88888888888888884,1,1,0.3838548140931185,1,1482,24,0,0,0,0,0
d001331,c_lee,0,med-features-v2,27730,1,273.02884259259258,546,546,56,56,1.9997887212770731,2.7074305555555553,1,0,546,0,1,0,1,0,0,0,0,1,0.5,0.5,1,0,0.45446391387315527,1,1092,16,0,0,0,0,0
d001332,c_morgan_shaw,0,med-features-v2,27740,1,273.0552777777778,742,742,76,76,2.717398491758384,0.038124999999999999,1,0,26095,0,1,1,1,0,0,0,0,1,0.81818181818181812,0.81818181818181812,1,1,0.3216080433870831,1,1484,26,0,0,0,0,0
d001333,c_fac_049,0,med-features-v2,27751,1,273.08171296296297,195,195,20,20,0.71407198191424526,3.8833101851851852,1,0,26106,0,1,1,1,0,0,0,0,1,0.72727272727272729,0.72727272727272729,1,0,0.35197575458114555,1,390,16,0,0,0,0,0
d001334,c_alex_chen,0,med-features-v2,27762,1,273.10817129629629,899,821,92,84,3.2917360023793312,0.066967592592592592,1,0,26117,0,1,1,1,0,0,0,0,1,0.88888888888888884,0.88888888888888884,1,1,0.52620302612630288,1,1720,15,0,0,0,0,0
d001335,c_pat,0,med-features-v2,27772,1,273.13460648148146,547,547,56,56,2.0026755563729219,0.10300925925925926,1,0,547,0,1,0,1,0,0,0,0,1,0.77777777777777779,0.33333333333333337,1,0,0.54518179269119516,1,1094,14,0,0,0,0,0
d001336,c_fac_016,0,med-features-v2,27783,1,273.16104166666668,196,196,20,20,0.71752545240025534,2.9989351851851853,1,0,26135,0,1,1,1,0,0,0,0,1,0.66666666666666674,0.66666666666666674,1,0,0.3813882604608938,1,392,26,0,0,0,0,0
d001337,c_fac_033,0,med-features-v2,27794,1,273.18747685185184,195,195,20,20,0.71379553062656487,2.912638888888889,1,0,26146,0,1,1,1,0,0,0,0,1,0.69230769230769229,0.69230769230769229,1,0,0.27600632593658292,1,390,14,0,0,0,0,0
d001338,c_fac_051,0,med-features-v2,27805,1,273.21393518518516,195,195,20,20,0.7137264058944448,2.9979166666666668,1,0,26157,0,1,1,1,0,0,0,0,1,0.72727272727272729,0.72727272727272729,1,0,0.38918240575192697,1,390,26,0,0,0,0,0
d001339,c_marcus,0,med-features-v2,746,1,273.23041666666666,157,157,16,16,0.57460659730111796,0.19675925925925927,1,0,746,0,1,1,1,0,0,0,0,1,0.41666666666666663,0.33333333333333337,1,0,0.47006120261935369,1,314,26,0,0,0,0,0
d001340,c_fac_024,0,med-features-v2,27826,1,273.26680555555555,196,196,20,20,0.71724774475088193,0.19675925925925927,1,0,26178,0,1,1,1,0,0,0,0,1,0.75,0.75,1,0,0.35163606071510628,1,392,16,0,0,0,0,0
d001341,c_fac_079,0,med-features-v2,27837,1,273.29326388888887,196,196,20,20,0.71717830586445219,0.19678240740740741,1,0,26189,0,1,1,1,0,0,0,0,1,0.83333333333333337,0.83333333333333337,1,1,0.4432920929169491,1,392,16,0,0,0,0,0
d001342,c_morgan_shaw,0,med-features-v2,27847,1,273.31969907407409,745,745,76,76,2.7257457202091127,0.066967592592592592,1,0,26199,0,1,1,1,0,0,0,0,1,0.81818181818181812,0.81818181818181812,1,1,0.34741979539158196,1,1490,17,0,0,0,0,0
d001343,c_fac_071,0,med-features-v2,27858,1,273.34613425925926,195,195,20,20,0.71338122460897624,2.9977546296296298,1,0,26207,0,1,1,1,0,0,0,0,1,0.83333333333333337,0.83333333333333337,1,1,0.32327009592459788,1,390,15,0,0,0,0,0
d001344,c_fac_088,0,med-features-v2,27869,1,273.37259259259258,195,195,20,20,0.71331218009337416,3.0364814814814816,1,0,26218,0,1,1,1,0,0,0,0,1,0.63636363636363635,0.63636363636363635,1,0,0.21598062261463444,1,390,14,0,0,0,0,0
d001345,c_alex_chen,0,med-features-v2,27877,1,274.0269675925926,902,824,92,84,3.2916468328804824,0.72134259259259259,1,0,26226,0,1,1,1,0,0,0,0,1,0.88888888888888884,0.88888888888888884,1,1,0.17885801135991872,1,1726,17,0,0,0,0,0
d001346,c_morgan_zhao,0,med-features-v2,27887,1,274.05664351851851,745,667,76,68,2.7184161289987445,0.010439814814814815,1,0,26233,0,1,1,1,0,0,0,0,1,0.81818181818181812,0.81818181818181812,1,1,0.31377371246193109,1,1412,26,0,0,0,0,0
d001347,c_fac_050,0,med-features-v2,27898,1,274.08631944444443,195,195,20,20,0.71145469936351668,3.8727546296296298,1,0,26244,0,1,1,1,0,0,0,0,1,0.75,0.75,1,0,0.39438275165871756,1,390,18,0,0,0,0,0
d001348,c_fac_003,0,med-features-v2,27909,1,274.11599537037034,196,196,20,20,0.71502576759585179,0.97143518518518523,1,0,26255,0,1,1,1,0,0,0,0,1,0.75,0.75,1,0,0.31860108744715876,1,392,14,0,0,0,0,0
d001349,c_fac_018,0,med-features-v2,27920,1,274.14567129629631,197,197,21,21,0.71859606270085019,0.97946759259259264,1,0,26266,0,1,1,1,0,0,0,0,1,0.66666666666666674,0.66666666666666674,1,0,0.28441509002168242,1,394,26,0,0,0,0,0
d000212,c_dir_101,0,med-features-v2,27928,1,274.16724537037038,0,0,0,0,0,3650,0,1,26274,0,1,1,1,0,0,0,0,0,0.75,0.75,1,0,0,0,0,26,0,0,0,0,0
d001350,c_fac_038,0,med-features-v2,27932,1,274.17805555555555,196,196,20,20,0.71486392155948941,0.9830092592592593,1,0,26278,0,1,1,1,0,0,0,0,1,0.76923076923076916,0.76923076923076916,1,0,0.2626058492022702,1,392,14,0,0,0,0,0
d000253,c_noah,0,med-features-v2,27941,1,274.20233796296299,2246,1888,229,192,8.1910315451189604,0.080601851851851855,1,0,26287,0,1,1,5,1,1769,1,0.7876224398931434,1,0.40000000000000002,0.33333333333333337,1,0,0.57000337221568143,1,4132,28,0,0,0,0,0
d000253,c_elena,1,med-features-v2,27941,1,274.20233796296299,2005,236,204,24,7.3121185431716453,0.083287037037037034,1,0,26287,0,1,1,5,1,1769,1,0.88229426433915215,1,0.45454545454545459,0.80000000000000004,1,0,0.72346892388976125,1,2241,28,0,0,0,0,0
d000253,c_taylor,2,med-features-v2,27941,1,274.20233796296299,1652,237,168,24,6.0247480465434204,0.094444444444444442,1,0,26287,0,1,1,5,1,1415,1,0.85653753026634383,1,0.46153846153846156,0.33333333333333337,1,0,0.72525964529342368,1,1889,28,0,0,0,0,0
d000253,c_chris,3,med-features-v2,27941,1,274.20233796296299,2006,591,204,60,7.3157654850884386,0.094444444444444442,1,0,26287,0,1,1,5,1,1769,1,0.88185443668993024,1,0.33333333333333337,0.33333333333333337,1,0,0.66163053714566966,1,2597,28,0,0,0,0,0
d000253,c_lena,4,med-features-v2,27941,1,274.20233796296299,470,234,48,24,1.7140627008931038,0.95956018518518515,1,0,26287,0,1,1,5,1,236,1,0.50212765957446803,1,0.46153846153846156,0.80000000000000004,1,0,0.54440502193698848,1,704,28,0,0,0,0,0
d001351,c_fac_057,0,med-features-v2,27944,1,274.21041666666667,196,196,20,20,0.71477955645375735,0.98652777777777778,1,0,26290,0,1,1,1,0,0,0,0,1,0.66666666666666674,0.66666666666666674,1,0,0.37180932056420241,1,392,26,0,0,0,0,0
d000163,c_fac_007,0,med-features-v2,27954,1,274.23740740740743,197,197,20,20,0.71835568262697491,0.11027777777777778,1,0,26300,0,1,1,1,0,0,0,0,1,0.84615384615384615,0.84615384615384615,1,1,0.012543675420900046,1,394,14,0,0,0,0,0
d001352,c_hana,0,med-features-v2,355,1,274.18476851851852,157,157,16,16,0.57260657055570963,0.234375,1,0,355,0,1,1,1,0,0,0,0,1,0.38461538461538458,0.5,1,0,0.53308204265542158,1,314,27,0,0,0,0,0
d001353,c_jamie_li,0,med-features-v2,27963,1,274.27247685185188,747,669,76,68,2.7235689434616206,0.010439814814814815,1,0,26309,0,1,1,1,0,0,0,0,1,0.77777777777777779,0.77777777777777779,1,0,0.31291925900052769,1,1416,15,0,0,0,0,0
d001354,c_fac_020,0,med-features-v2,27974,1,274.30215277777779,197,197,21,21,0.71818612433420059,0.23166666666666666,1,0,26317,0,1,1,1,0,0,0,0,1,0.81818181818181812,0.81818181818181812,1,1,0.36461637814926912,1,394,18,0,0,0,0,0
d001355,c_fac_070,0,med-features-v2,27985,1,274.33182870370371,196,196,20,20,0.71446321386095091,0.234375,1,0,26328,0,1,1,1,0,0,0,0,1,0.80000000000000004,0.80000000000000004,1,1,0.40764573301681289,1,392,18,0,0,0,0,0
d001356,c_fac_083,0,med-features-v2,27996,1,274.36150462962962,196,196,20,20,0.71438593495318303,0.99578703703703708,1,0,26339,0,1,1,1,0,0,0,0,1,0.63636363636363635,0.63636363636363635,1,0,0.2752202928426114,1,392,14,0,0,0,0,0
d001357,c_jamie_lee,0,med-features-v2,28007,1,275.01469907407409,748,748,76,76,2.7198546205653149,0.75537037037037036,1,0,26350,0,1,1,1,0,0,0,0,1,0.77777777777777779,0.77777777777777779,1,0,0.36461992573148738,1,1496,17,0,0,0,0,0
d001358,c_alex_chan,0,med-features-v2,28017,1,275.04166666666669,749,749,76,76,2.7232237539766699,0.036435185185185189,1,0,26357,0,1,1,2,1,78,1,0.1041388518024032,1,0.88888888888888884,0.88888888888888884,1,1,0.2543101283893181,1,1498,20,0,0,0,0,0
d001358,c_alex_chen,1,med-features-v2,28017,1,275.04166666666669,907,829,92,84,3.2976821693682772,0.033981481481481481,1,0,26357,0,1,1,2,1,78,1,0.085997794928335175,1,0.88888888888888884,0.88888888888888884,1,1,0.20670861085452832,1,1736,20,0,0,0,0,0
d001359,c_fac_031,0,med-features-v2,28027,1,275.06861111111112,196,196,20,20,0.71254949522694844,1.8855787037037037,1,0,26367,0,1,1,1,0,0,0,0,1,0.84615384615384615,0.84615384615384615,1,1,0.30403741884547947,1,392,18,0,0,0,0,0
d001360,c_fac_086,0,med-features-v2,28038,1,275.09557870370372,196,196,20,20,0.71247964406983455,1.7274537037037037,1,0,26378,0,1,1,1,0,0,0,0,1,0.75,0.75,1,0,0.33622108449955629,1,392,18,0,0,0,0,0
d001361,c_morgan_zhao,0,med-features-v2,28048,1,275.12254629629632,750,671,76,68,2.7260579334427906,0.073541666666666672,1,0,26388,0,1,1,1,0,0,0,0,1,0.81818181818181812,0.81818181818181812,1,1,0.39307441255661685,1,1421,14,0,0,0,0,0
d001362,c_fac_005,0,med-features-v2,28059,1,275.14949074074076,197,197,20,20,0.71597443073453837,0.86048611111111106,1,0,26393,0,1,1,1,0,0,0,0,1,0.76923076923076916,0.76923076923076916,1,0,0.28325622722718113,1,394,25,0,0,0,0,0
d001363,c_fac_024,0,med-features-v2,28070,1,275.17645833333336,198,198,20,20,0.71953829625989985,1.0196527777777777,1,0,26404,0,1,1,1,0,0,0,0,1,0.75,0.75,1,0,0.31075985106565351,1,396,14,0,0,0,0,0
d000097,c_fac_034,0,med-features-v2,28076,1,275.19115740740739,198,198,20,20,0.71949986280580391,1.0181712962962963,1,0,26410,0,1,1,2,1,0,0,0,1,0.7142857142857143,0.7142857142857143,1,0,0.26998994064411652,1,396,26,0,0,0,0,0
d000097,c_ren,1,med-features-v2,28076,1,275.19115740740739,554,554,56,56,2.0131460807798756,0.051111111111111114,1,0,554,0,1,0,2,1,0,0,0,1,0.54545454545454541,0.5,1,0,0.092122037278480201,1,1108,26,0,0,0,0,0
d001364,c_fac_043,0,med-features-v2,28082,1,275.20587962962964,197,197,20,20,0.71582772964415364,1.0193981481481482,1,0,26416,0,1,1,1,0,0,0,0,1,0.75,0.75,1,0,0.32534265858021483,1,394,15,0,0,0,0,0
d001365,c_fac_060,0,med-features-v2,28093,1,275.23282407407407,197,197,20,20,0.7157576523175917,0.90604166666666663,1,0,26427,0,1,1,1,0,0,0,0,1,0.69230769230769229,0.69230769230769229,1,0,0.29114263629317383,1,394,25,0,0,0,0,0
d000334,c_fac_022,0,med-features-v2,28096,1,275.23781250000002,197,197,20,20,0.71574467988478141,1.0864004629629629,1,0,26430,0,1,1,1,0,0,0,0,1,0.81818181818181812,0.81818181818181812,1,1,0.33209129130497306,1,394,15,0,0,0,0,0
d001366,c_fac_011,0,med-features-v2,28104,1,275.25979166666667,198,198,20,20,0.71932046014106366,0.200625,1,0,26438,0,1,1,1,0,0,0,0,1,0.66666666666666674,0.66666666666666674,1,0,0.39640509804142232,1,396,16,0,0,0,0,0
d001367,c_fac_066,0,med-features-v2,28115,1,275.28675925925927,197,197,20,20,0.71561741846969673,0.20064814814814816,1,0,26449,0,1,1,1,0,0,0,0,1,0.72727272727272729,0.66666666666666674,1,0,0.41200565102371728,1,394,16,0,0,0,0,0
d000028,c_alex_chen,0,med-features-v2,28122,1,275.30391203703704,910,830,92,84,3.3054379549738342,0.061273148148148146,1,0,26456,0,1,1,1,0,0,0,0,1,0.88888888888888884,0.88888888888888884,1,1,0.18006892618203033,1,1740,18,0,0,0,0,0
d001368,c_morgan_shaw,0,med-features-v2,28126,1,275.31615740740739,752,752,76,76,2.7314052581636368,0.06581018518518518,1,0,26460,0,1,1,1,0,0,0,0,1,0.81818181818181812,0.81818181818181812,1,1,0.34732943907148395,1,1504,17,0,0,0,0,0
d001369,c_fac_069,0,med-features-v2,28137,1,275.34312499999999,198,198,20,20,0.71910275587959571,1.1107638888888889,1,0,26468,0,1,1,1,0,0,0,0,1,0.75,0.75,1,0,0.29532856163917637,1,396,14,0,0,0,0,0
d001370,c_fac_088,0,med-features-v2,28148,1,275.37009259259258,197,197,20,20,0.71540085615419247,1.000162037037037,1,0,26479,0,1,1,1,0,0,0,0,1,0.63636363636363635,0.63636363636363635,1,0,0.42020449021954709,1,394,26,0,0,0,0,0
d001371,c_alex_chan,0,med-features-v2,28156,1,276.02375000000001,753,753,76,76,2.72802612094068,0.71949074074074071,1,0,26487,0,1,1,1,0,0,0,0,1,0.88888888888888884,0.88888888888888884,1,1,0.21861634235171909,1,1506,14,0,0,0,0,0
d001372,c_pat,0,med-features-v2,28166,1,276.05280092592591,555,555,56,56,2.0104849439615897,0.72893518518518519,1,0,555,0,1,0,1,0,0,0,0,1,0.77777777777777779,0.33333333333333337,1,0,0.27503362589042329,1,1110,14,0,0,0,0,0
d001373,c_fac_042,0,med-features-v2,28177,1,276.08185185185187,197,197,20,20,0.71355650028641526,1.8980555555555556,1,0,26505,0,1,1,1,0,0,0,0,1,0.66666666666666674,0.66666666666666674,1,0,0.395128994632237,1,394,27,0,0,0,0,0
d001374,c_sam,0,med-features-v2,28188,1,276.11090277777777,199,199,20,20,0.72072488988296524,0.97821759259259256,1,0,26516,0,1,1,1,0,0,0,0,1,0.45454545454545459,0.33333333333333337,1,0,0.33493097831337826,1,398,15,0,0,0,0,0
d001375,c_fac_011,0,med-features-v2,28199,1,276.13995370370372,199,199,20,20,0.72064906700725251,0.87981481481481483,1,0,26527,0,1,1,1,0,0,0,0,1,0.66666666666666674,0.66666666666666674,1,0,0.23082191710320005,1,398,14,0,0,0,0,0
d001376,c_fac_030,0,med-features-v2,28210,1,276.16900462962963,198,198,20,20,0.71695228892734686,0.98238425925925921,1,0,26538,0,1,1,1,0,0,0,0,1,0.81818181818181812,0.81818181818181812,1,1,0.27625277960161265,1,396,19,0,0,0,0,0
d001377,c_fac_049,0,med-features-v2,28221,1,276.19805555555558,199,199,20,20,0.72049746910681034,0.98203703703703704,1,0,26549,0,1,1,1,0,0,0,0,1,0.72727272727272729,0.72727272727272729,1,0,0.36759143777389264,1,398,26,0,0,0,0,0
d001378,c_fac_065,0,med-features-v2,28232,1,276.22710648148148,198,198,20,20,0.716801484554066,0.88854166666666667,1,0,26560,0,1,1,1,0,0,0,0,1,0.80000000000000004,0.80000000000000004,1,1,0.27798840862725266,1,396,19,0,0,0,0,0
d000164,c_fac_008,0,med-features-v2,28236,1,276.23766203703701,198,198,20,20,0.71677409423430771,1.0853703703703703,1,0,26564,0,1,1,1,0,0,0,0,1,0.76923076923076916,0.76923076923076916,1,0,0.012051601159554087,1,396,14,0,0,0,0,0
d001379,c_jamie_lee,0,med-features-v2,28240,1,276.25879629629628,755,755,76,76,2.732944652340549,0.2162037037037037,1,0,26568,0,1,1,1,0,0,0,0,1,0.77777777777777779,0.77777777777777779,1,0,0.28212943311628175,1,1510,15,0,0,0,0,0
d001380,c_fac_007,0,med-features-v2,28251,1,276.28784722222224,198,198,20,20,0.71664389871171497,0.22412037037037036,1,0,26576,0,1,1,1,0,0,0,0,1,0.84615384615384615,0.84615384615384615,1,1,0.36263050228964294,1,396,16,0,0,0,0,0
d001381,c_fac_042,0,med-features-v2,28262,1,276.31689814814814,198,198,20,20,0.71656855345068948,0.23469907407407409,1,0,26587,0,1,1,1,0,0,0,0,1,0.66666666666666674,0.66666666666666674,1,0,0.36328358516298104,1,396,16,0,0,0,0,0
d001382,c_fac_071,0,med-features-v2,28273,1,276.3459490740741,198,198,20,20,0.71649322403103655,1.0563888888888888,1,0,26598,0,1,1,1,0,0,0,0,1,0.83333333333333337,0.83333333333333337,1,1,0.2468515346118256,1,396,14,0,0,0,0,0
d001383,c_noah,0,med-features-v2,28284,1,277,2270,1909,229,192,8.1949458483754505,0.68805555555555553,1,0,26609,0,1,1,4,1,1789,1,0.78810572687224667,1,0.40000000000000002,0.33333333333333337,1,0,0.56936601877193571,1,4177,28,0,0,0,0,0
d001383,c_elena,1,med-features-v2,28284,1,277,2029,240,204,24,7.3249097472924189,0.68840277777777781,1,0,26609,0,1,1,4,1,1789,1,0.88171513060620998,1,0.45454545454545459,0.80000000000000004,1,0,0.72235745890415903,1,2269,28,0,0,0,0,0
d001383,c_taylor,2,med-features-v2,28284,1,277,1672,240,168,24,6.0361010830324906,0.68840277777777781,1,0,26609,0,1,1,4,1,1432,1,0.8564593301435407,1,0.46153846153846156,0.33333333333333337,1,0,0.72303105699926651,1,1912,28,0,0,0,0,0
d001383,c_chris,3,med-features-v2,28284,1,277,2029,597,204,60,7.3249097472924189,0.68840277777777781,1,0,26609,0,1,1,4,1,1789,1,0.88171513060620998,1,0.33333333333333337,0.33333333333333337,1,0,0.66056951323641211,1,2626,28,0,0,0,0,0
d001384,c_lee,0,med-features-v2,28294,1,277.02694444444444,557,557,56,56,2.0106347457176748,0.7519675925925926,1,0,557,0,1,0,1,0,0,0,0,1,0.5,0.5,1,0,0.45378224578418841,1,1114,16,0,0,0,0,0
d000390,c_noah,0,med-features-v2,28300,1,277.04409722222221,2274,1912,229,192,8.2080795902176629,0.0094444444444444445,1,0,26622,0,1,1,5,1,1792,1,0.7880386983289358,1,0.40000000000000002,0.33333333333333337,1,0,0.6050057431829573,1,4184,17,0,0,0,0,0
d000390,c_elena,1,med-features-v2,28300,1,277.04409722222221,2032,240,204,24,7.3345724394557132,0.0097916666666666673,1,0,26622,0,1,1,5,1,1792,1,0.88188976377952755,1,0.45454545454545459,0.80000000000000004,1,0,0.7376374727336904,1,2272,17,0,0,0,0,0
d000390,c_taylor,2,med-features-v2,28300,1,277.04409722222221,1674,240,168,24,6.0423593817169605,0.0097916666666666673,1,0,26622,0,1,1,5,1,1434,1,0.85663082437275984,1,0.46153846153846156,0.33333333333333337,1,0,0.7542209935240014,1,1914,17,0,0,0,0,0
d000390,c_chris,3,med-features-v2,28300,1,277.04409722222221,2032,598,204,60,7.3345724394557132,0.0097916666666666673,1,0,26622,0,1,1,5,1,1792,1,0.88188976377952755,1,0.33333333333333337,0.33333333333333337,1,0,0.62528953173918167,1,2630,17,0,0,0,0,0
d000390,c_lena,4,med-features-v2,28300,1,277.04409722222221,476,238,48,24,1.7181380320772242,0.041319444444444443,1,0,26622,0,1,1,5,1,238,1,0.5,1,0.46153846153846156,0.80000000000000004,1,0,0.58968233648352053,1,714,17,0,0,0,0,0
d001385,c_morgan_zhao,0,med-features-v2,28304,1,277.05636574074072,756,676,76,68,2.7286866265597283,0.03152777777777778,1,0,26626,0,1,1,1,0,0,0,0,1,0.81818181818181812,0.81818181818181812,1,1,0.31853049309567372,1,1432,15,0,0,0,0,0
d001386,c_fac_053,0,med-features-v2,28315,1,277.08333333333331,198,198,20,20,0.71458646616541355,1.8624074074074075,1,0,26637,0,1,1,1,0,0,0,0,1,0.75,0.75,1,0,0.40231174474179093,1,396,16,0,0,0,0,0
d001387,c_alex_chen,0,med-features-v2,28326,1,277.11027777777775,916,836,92,84,3.3055432203585218,0.060925925925925925,1,0,26648,0,1,1,1,0,0,0,0,1,0.88888888888888884,0.88888888888888884,1,1,0.39814993367332552,1,1752,14,0,0,0,0,0
d001388,c_hana,0,med-features-v2,28336,1,277.13724537037035,199,199,20,20,0.71805577678328092,1.0233564814814815,1,0,26655,0,1,1,1,0,0,0,0,1,0.38461538461538458,0.5,1,0,0.38897869429996612,1,398,26,0,0,0,0,0
d001389,c_fac_017,0,med-features-v2,28347,1,277.16421296296295,200,200,20,20,0.72159388061663543,0.8707407407407407,1,0,26666,0,1,1,1,0,0,0,0,1,0.81818181818181812,0.81818181818181812,1,1,0.26441944735262379,1,400,15,0,0,0,0,0
d001390,c_fac_036,0,med-features-v2,28358,1,277.19115740740739,199,199,20,20,0.71791611919104503,1.01125,1,0,26677,0,1,1,1,0,0,0,0,1,0.69230769230769229,0.69230769230769229,1,0,0.25505059499892357,1,398,14,0,0,0,0,0
d001391,c_fac_052,0,med-features-v2,28369,1,277.21812499999999,199,199,20,20,0.71784628079423018,0.89560185185185182,1,0,26688,0,1,1,1,0,0,0,0,1,0.72727272727272729,0.72727272727272729,1,0,0.22795194614572187,1,398,14,0,0,0,0,0
d000254,c_noah,0,med-features-v2,28379,1,277.24509259259258,2280,1917,229,192,8.22377045046718,0.0094675925925925934,1,0,26698,0,1,1,6,1,1797,0.80000000000000004,0.78815789473684206,1,0.40000000000000002,0.33333333333333337,1,0,0.56916476392502702,1,4195,28,0,0,0,0,0
d000254,c_elena,1,med-features-v2,28379,1,277.24509259259258,2037,240,204,24,7.3472896524568618,0.0098148148148148144,1,0,26698,0,1,1,6,1,1797,0.80000000000000004,0.88217967599410896,1,0.45454545454545459,0.80000000000000004,1,0,0.7224530595039228,1,2277,28,0,0,0,0,0
d000254,c_taylor,2,med-features-v2,28379,1,277.24509259259258,1678,240,168,24,6.0524064981947046,0.0098148148148148144,1,0,26698,0,1,1,6,1,1438,0.80000000000000004,0.85697258641239571,1,0.46153846153846156,0.33333333333333337,1,0,0.72311303060612819,1,1918,28,0,0,0,0,0
d000254,c_chris,3,med-features-v2,28379,1,277.24509259259258,2037,599,204,60,7.3472896524568618,0.0098148148148148144,1,0,26698,0,1,1,6,1,1797,0.80000000000000004,0.88217967599410896,1,0.33333333333333337,0.33333333333333337,1,0,0.66073313905210684,1,2636,28,0,0,0,0,0
d000254,c_lena,4,med-features-v2,28379,1,277.24509259259258,478,239,48,24,1.7241062611067157,0.139375,1,0,26698,0,1,1,6,1,239,0.80000000000000004,0.5,1,0.46153846153846156,0.80000000000000004,1,0,0.54105111313024246,1,717,28,0,0,0,0,0
d000254,c_morgan_zhao,5,med-features-v2,28379,1,277.24509259259258,758,678,76,68,2.734042983093913,0.11731481481481482,1,0,26698,0,1,1,6,1,0,0,0,1,0.81818181818181812,0.81818181818181812,1,1,0.19874500981036111,1,1436,28,0,0,0,0,0
d001392,c_marcus,0,med-features-v2,28380,1,277.24754629629632,518,159,52,16,1.8683664000633207,0.1348148148148148,1,0,26699,0,1,1,1,0,0,0,0,1,0.41666666666666663,0.33333333333333337,1,0,0.62210951919204982,1,677,19,0,0,0,0,0
d001393,c_fac_033,0,med-features-v2,28390,1,277.27449074074076,199,199,20,20,0.71770035342367811,0.200625,1,0,26709,0,1,1,1,0,0,0,0,1,0.69230769230769229,0.69230769230769229,1,0,0.33808244558293826,1,398,16,0,0,0,0,0
d001394,c_alex_chan,0,med-features-v2,28401,1,277.30145833333336,759,759,76,76,2.7370934309607398,0.19328703703703703,1,0,26720,0,1,1,1,0,0,0,0,1,0.88888888888888884,0.88888888888888884,1,1,0.38736216548112357,1,1518,24,0,0,0,0,0
d001395,c_noah,0,med-features-v2,28411,1,277.3284259259259,2283,1919,229,192,8.2321168209774012,0.021712962962962962,1,0,26727,0,1,1,4,1,1799,1,0.78799824791940432,1,0.40000000000000002,0.33333333333333337,1,0,0.56926341542519665,1,4200,28,0,0,0,0,0
d001395,c_elena,1,med-features-v2,28411,1,277.3284259259259,2039,240,204,24,7.3522935602159096,0.031875000000000001,1,0,26727,0,1,1,4,1,1799,1,0.88229524276606175,1,0.45454545454545459,0.80000000000000004,1,0,0.72278090991167732,1,2279,28,0,0,0,0,0
d001395,c_taylor,2,med-features-v2,28411,1,277.3284259259259,1679,240,168,24,6.0541936672891188,0.083333333333333329,1,0,26727,0,1,1,4,1,1439,1,0.85705777248362125,1,0.46153846153846156,0.33333333333333337,1,0,0.72347266423716505,1,1919,28,0,0,0,0,0
d001395,c_chris,3,med-features-v2,28411,1,277.3284259259259,2039,600,204,60,7.3522935602159096,0.03152777777777778,1,0,26727,0,1,1,4,1,1799,1,0.88229524276606175,1,0.33333333333333337,0.33333333333333337,1,0,0.66093745665539361,1,2639,28,0,0,0,0,0
d001396,c_fac_076,0,med-features-v2,28422,1,277.35537037037039,199,199,20,20,0.71749106474579005,1.0011574074074074,1,0,26738,0,1,1,1,0,0,0,0,1,0.72727272727272729,0.72727272727272729,1,0,0.26200954003696425,1,398,19,0,0,0,0,0
d001397,c_jamie_lee,0,med-features-v2,28433,1,280.00719907407409,760,760,76,76,2.7142159291374037,2.6955787037037036,1,0,26749,0,1,1,1,0,0,0,0,1,0.77777777777777779,0.77777777777777779,1,0,0.35304974020541341,1,1520,18,0,0,0,0,0
d001398,c_ren,0,med-features-v2,28443,1,280.03363425925926,560,560,56,56,1.9997597841462993,2.707314814814815,1,0,560,0,1,0,1,0,0,0,0,1,0.54545454545454541,0.5,1,0,0.50971860158283655,1,1120,14,0,0,0,0,0
d001399,c_fac_004,0,med-features-v2,28453,1,280.06009259259258,200,200,20,20,0.7141324497487147,3.9329861111111111,1,0,26766,0,1,1,1,0,0,0,0,1,0.75,0.75,1,0,0.40841084011425793,1,400,16,0,0,0,0,0
d001400,c_fac_059,0,med-features-v2,28464,1,280.0865277777778,200,200,20,20,0.71406504835063367,3.8696527777777776,1,0,26777,0,1,1,1,0,0,0,0,1,0.66666666666666674,0.66666666666666674,1,0,0.34051877844939149,1,400,18,0,0,0,0,0
d001401,c_chris,0,med-features-v2,28475,1,280.11296296296297,2046,602,204,60,7.3041960584684746,0.0096064814814814815,1,0,26788,0,1,1,4,1,1805,1,0.88220918866080156,1,0.33333333333333337,0.33333333333333337,1,0,0.44159540907504974,1,2648,28,0,0,0,0,0
d001401,c_noah,1,med-features-v2,28475,1,280.11296296296297,2290,1925,229,192,8.1752732032711677,0.0092592592592592587,1,0,26788,0,1,1,4,1,1805,1,0.78820960698689957,1,0.40000000000000002,0.33333333333333337,1,0,0.20621314648451905,1,4213,28,0,0,0,0,0
d001401,c_elena,2,med-features-v2,28475,1,280.11296296296297,2045,240,204,24,7.3006260701701029,0.0096064814814814815,1,0,26788,0,1,1,4,1,1805,1,0.88264058679706603,1,0.45454545454545459,0.80000000000000004,1,0,0.32456821808962916,1,2285,28,0,0,0,0,0
d001401,c_marcus,3,med-features-v2,28475,1,280.11296296296297,521,160,52,16,1.8599639034516497,0.10335648148148148,1,0,26788,0,1,1,4,1,361,1,0.69289827255278313,1,0.41666666666666663,0.33333333333333337,1,0,0.62020466476257352,1,681,28,0,0,0,0,0
d001402,c_fac_001,0,med-features-v2,28485,1,280.13942129629629,200,200,20,20,0.71393022472358547,2.9993750000000001,1,0,26795,0,1,1,1,0,0,0,0,1,0.75,0.75,1,0,0.3682658541860237,1,400,26,0,0,0,0,0
d000098,c_fac_002,0,med-features-v2,28486,1,280.14180555555555,200,200,20,20,0.71392414853390229,2.9993055555555554,1,0,26796,0,1,1,2,1,0,0,0,1,0.76923076923076916,0.76923076923076916,1,0,0.28403537328688166,1,400,19,0,0,0,0,0
d000098,c_lee,1,med-features-v2,28486,1,280.14180555555555,562,562,56,56,2.0061268573802651,0.0092592592592592587,1,0,562,0,1,0,2,1,0,0,0,1,0.5,0.5,1,0,0.024102812593246793,1,1124,19,0,0,0,0,0
d001403,c_fac_021,0,med-features-v2,28497,1,280.16826388888887,201,201,21,21,0.71742601110493376,2.9988194444444445,1,0,26807,0,1,1,1,0,0,0,0,1,0.76923076923076916,0.76923076923076916,1,0,0.33067832341352943,1,402,15,0,0,0,0,0
d001404,c_fac_038,0,med-features-v2,28508,1,280.19469907407409,200,200,20,20,0.71378937810356902,2.9174074074074072,1,0,26818,0,1,1,1,0,0,0,0,1,0.76923076923076916,0.76923076923076916,1,0,0.29817891582562062,1,400,25,0,0,0,0,0
d001405,c_fac_056,0,med-features-v2,28519,1,280.22113425925926,200,200,20,20,0.7137220414465989,2.9977546296296298,1,0,26829,0,1,1,1,0,0,0,0,1,0.75,0.75,1,0,0.32011092033382049,1,400,15,0,0,0,0,0
d001406,c_alex_chan,0,med-features-v2,28529,1,280.24759259259258,763,763,76,76,2.7225925223529197,0.14148148148148149,1,0,26839,0,1,1,1,0,0,0,0,1,0.88888888888888884,0.88888888888888884,1,1,0.32873378507283985,1,1526,15,0,0,0,0,0
d001407,c_fac_039,0,med-features-v2,28540,1,280.2740277777778,201,201,20,20,0.71715528403997475,0.19675925925925927,1,0,26850,0,1,1,1,0,0,0,0,1,0.76923076923076916,0.76923076923076916,1,0,0.37743810314159693,1,402,16,0,0,0,0,0
d001408,c_taylor,0,med-features-v2,28551,1,280.30046296296297,1689,242,168,24,6.0256768117545825,0.057685185185185187,1,0,26861,0,1,1,1,0,0,0,0,1,0.46153846153846156,0.33333333333333337,1,0,0.6165076793074914,1,1931,26,0,0,0,0,0
d000029,c_jamie_li,0,med-features-v2,28556,1,280.31488425925926,762,682,76,68,2.7183715271260338,0.19675925925925927,1,0,26866,0,1,1,1,0,0,0,0,1,0.77777777777777779,0.77777777777777779,1,0,0.21275055697694453,1,1444,17,0,0,0,0,0
d000030,c_morgan_zhao,0,med-features-v2,28558,1,280.31969907407409,762,682,76,68,2.7183248359532612,0.18956018518518519,1,0,26868,0,1,1,1,0,0,0,0,1,0.81818181818181812,0.81818181818181812,1,1,0.20862828330048883,1,1444,17,0,0,0,0,0
d001409,c_ren,0,med-features-v2,28563,1,280.33171296296297,562,562,56,56,2.0047678304389724,0.19435185185185186,1,0,562,0,1,0,1,0,0,0,0,1,0.54545454545454541,0.5,1,0,0.45627477350172563,1,1124,16,0,0,0,0,0
d001410,c_fac_078,0,med-features-v2,28574,1,280.35817129629629,200,200,20,20,0.71337317929866995,3.0269444444444447,1,0,26881,0,1,1,1,0,0,0,0,1,0.80000000000000004,0.80000000000000004,1,1,0.26019083225771772,1,400,14,0,0,0,0,0
d001411,c_elena,0,med-features-v2,28583,1,281.01078703703706,2052,240,204,24,7.302210785700364,0.010787037037037038,1,0,26890,0,1,1,1,0,0,0,0,1,0.45454545454545459,0.80000000000000004,1,0,0.56869235792224693,1,2292,15,0,0,0,0,0
d001412,c_morgan_shaw,0,med-features-v2,28592,1,281.04046296296298,765,765,76,76,2.7220279668441045,0.72041666666666671,1,0,26899,0,1,1,1,0,0,0,0,1,0.81818181818181812,0.81818181818181812,1,1,0.26489883894401406,1,1530,25,0,0,0,0,0
d001413,c_fac_020,0,med-features-v2,28603,1,281.07013888888889,201,201,21,21,0.71512399287445549,3.9031250000000002,1,0,26907,0,1,1,1,0,0,0,0,1,0.81818181818181812,0.81818181818181812,1,1,0.44060188493620039,1,402,27,0,0,0,0,0
d001414,c_fac_075,0,med-features-v2,28614,1,281.09981481481481,200,200,20,20,0.71149104147136355,3.7465277777777777,1,0,26918,0,1,1,1,0,0,0,0,1,0.72727272727272729,0.72727272727272729,1,0,0.37148949526394959,1,400,18,0,0,0,0,0
d001415,c_fac_008,0,med-features-v2,28625,1,281.12949074074072,201,201,20,20,0.71497301642168654,0.97770833333333329,1,0,26929,0,1,1,1,0,0,0,0,1,0.76923076923076916,0.76923076923076916,1,0,0.27719067853753787,1,402,19,0,0,0,0,0
d001416,c_fac_027,0,med-features-v2,28636,1,281.15916666666669,201,201,20,20,0.71489755209830719,0.98094907407407406,1,0,26940,0,1,1,1,0,0,0,0,1,0.75,0.75,1,0,0.3486637220785776,1,402,15,0,0,0,0,0
d001417,c_fac_044,0,med-features-v2,28647,1,281.18884259259261,202,202,20,20,0.71837843257768474,0.91206018518518517,1,0,26951,0,1,1,1,0,0,0,0,1,0.81818181818181812,0.81818181818181812,1,1,0.22621514861257735,1,404,14,0,0,0,0,0
d001418,c_fac_062,0,med-features-v2,28658,1,281.21851851851852,201,201,20,20,0.71474667123233548,0.9874074074074074,1,0,26962,0,1,1,1,0,0,0,0,1,0.75,0.75,1,0,0.386400260939812,1,402,26,0,0,0,0,0
d001419,c_quinn,0,med-features-v2,565,1,281.20939814814813,161,161,16,16,0.57252709568113791,0.23166666666666666,1,0,565,0,1,1,1,0,0,0,0,1,0.27272727272727271,0.19999999999999996,1,0,0.57417192156914743,1,322,26,0,0,0,0,0
d001420,c_pat,0,med-features-v2,28676,1,281.27787037037035,564,564,56,56,2.0051346352180413,0.22627314814814814,1,0,564,0,1,0,1,0,0,0,0,1,0.77777777777777779,0.33333333333333337,1,0,0.29626933562971186,1,1128,15,0,0,0,0,0
d001421,c_fac_030,0,med-features-v2,28687,1,281.30754629629632,201,201,20,20,0.71452046930973623,0.23166666666666666,1,0,26988,0,1,1,1,0,0,0,0,1,0.81818181818181812,0.81818181818181812,1,1,0.40131513132012131,1,402,18,0,0,0,0,0
d001422,c_fac_080,0,med-features-v2,28698,1,281.33722222222224,201,201,20,20,0.71444510048241827,0.234375,1,0,26999,0,1,1,1,0,0,0,0,1,0.75,0.75,1,0,0.34465424180245746,1,402,18,0,0,0,0,0
d001423,c_fac_087,0,med-features-v2,28709,1,281.36689814814815,201,201,20,20,0.71436974755348603,0.99636574074074069,1,0,27010,0,1,1,1,0,0,0,0,1,0.75,0.75,1,0,0.32968292446530945,1,402,15,0,0,0,0,0
d001424,c_morgan_shaw,0,med-features-v2,28720,1,282.0196064814815,767,767,76,76,2.7196690668751931,0.75488425925925928,1,0,27021,0,1,1,1,0,0,0,0,1,0.81818181818181812,0.81818181818181812,1,1,0.36067251001136735,1,1534,18,0,0,0,0,0
d001425,c_jamie_lee,0,med-features-v2,28730,1,282.04655092592594,768,768,76,76,2.7229547657248263,0.031504629629629632,1,0,27028,0,1,1,2,1,80,1,0.10416666666666667,1,0.77777777777777779,0.77777777777777779,1,0,0.26986825413704163,1,1536,20,0,0,0,0,0
d001425,c_jamie_li,1,med-features-v2,28730,1,282.04655092592594,768,688,76,68,2.7229547657248263,0.029050925925925924,1,0,27028,0,1,1,2,1,80,1,0.10416666666666667,1,0.77777777777777779,0.77777777777777779,1,0,0.24105493040291812,1,1456,20,0,0,0,0,0
d001426,c_fac_041,0,med-features-v2,28740,1,282.07351851851854,201,201,20,20,0.71258018496622555,1.8760648148148149,1,0,27038,0,1,1,1,0,0,0,0,1,0.81818181818181812,0.81818181818181812,1,1,0.37109651319746678,1,402,18,0,0,0,0,0
d001427,c_lena,0,med-features-v2,28751,1,282.10048611111114,484,241,48,24,1.7157006947140336,0.056388888888888891,1,0,27049,0,1,1,1,0,0,0,0,1,0.46153846153846156,0.80000000000000004,1,0,0.6668613253487381,1,725,15,0,0,0,0,0
d001428,c_pat,0,med-features-v2,28761,1,282.12743055555558,566,566,56,56,2.0061856406002505,0.09768518518518518,1,0,566,0,1,0,1,0,0,0,0,1,0.77777777777777779,0.33333333333333337,1,0,0.42220756669281367,1,1132,16,0,0,0,0,0
d001429,c_fac_009,0,med-features-v2,28772,1,282.15439814814818,204,204,20,20,0.72300840014865775,1.0218750000000001,1,0,27064,0,1,1,1,0,0,0,0,1,0.69230769230769229,0.69230769230769229,1,0,0.28295986075152707,1,408,19,0,0,0,0,0
d001430,c_fac_028,0,med-features-v2,28783,1,282.18136574074072,202,202,20,20,0.71585166323700899,1.0191666666666668,1,0,27075,0,1,1,1,0,0,0,0,1,0.75,0.75,1,0,0.38575699748836534,1,404,26,0,0,0,0,0
d001431,c_fac_044,0,med-features-v2,28794,1,282.20833333333331,203,203,20,20,0.71932673852059659,1.0191435185185185,1,0,27086,0,1,1,1,0,0,0,0,1,0.81818181818181812,0.81818181818181812,1,1,0.28029087912268291,1,406,26,0,0,0,0,0
d001432,c_noah,0,med-features-v2,28805,1,282.23527777777775,2314,1945,229,192,8.1988333216868909,0.031504629629629632,1,0,27097,0,1,1,4,1,1824,1,0.78824546240276583,1,0.40000000000000002,0.33333333333333337,1,0,0.6042891574570558,1,4257,17,0,0,0,0,0
d001432,c_elena,1,med-features-v2,28805,1,282.23527777777775,2067,243,204,24,7.3236769558888524,0.031851851851851853,1,0,27097,0,1,1,4,1,1824,1,0.88243831640058057,1,0.45454545454545459,0.80000000000000004,1,0,0.73718015003711279,1,2310,17,0,0,0,0,0
d001432,c_taylor,2,med-features-v2,28805,1,282.23527777777775,1704,245,168,24,6.0375159810520582,0.031851851851851853,1,0,27097,0,1,1,4,1,1459,1,0.85622065727699526,1,0.46153846153846156,0.33333333333333337,1,0,0.75340804163717445,1,1949,17,0,0,0,0,0
d001432,c_chris,3,med-features-v2,28805,1,282.23527777777775,2067,608,204,60,7.3236769558888524,0.031851851851851853,1,0,27097,0,1,1,4,1,1824,1,0.88243831640058057,1,0.33333333333333337,0.33333333333333337,1,0,0.6248919896716798,1,2675,17,0,0,0,0,0
d000165,c_fac_001,0,med-features-v2,28807,1,282.24018518518517,202,202,20,20,0.71570247825433686,0.18837962962962962,1,0,27099,0,1,1,1,0,0,0,0,1,0.75,0.75,1,0,0.017213229051266141,1,404,18,0,0,0,0,0
d001433,c_fac_021,0,med-features-v2,28816,1,282.26469907407409,203,203,21,21,0.71918309539205671,0.20064814814814816,1,0,27108,0,1,1,1,0,0,0,0,1,0.76923076923076916,0.76923076923076916,1,0,0.37292646525500245,1,406,16,0,0,0,0,0
d001434,c_fac_076,0,med-features-v2,28827,1,282.29166666666669,202,202,20,20,0.71557195571955712,0.20064814814814816,1,0,27119,0,1,1,1,0,0,0,0,1,0.72727272727272729,0.72727272727272729,1,0,0.36896976404158999,1,404,18,0,0,0,0,0
d001435,c_morgan_zhao,0,med-features-v2,28837,1,282.31861111111112,771,689,76,68,2.7309570451824032,0.068611111111111109,1,0,27129,0,1,1,1,0,0,0,0,1,0.81818181818181812,0.81818181818181812,1,1,0.40360951978034976,1,1460,25,0,0,0,0,0
d000384,c_lee,0,med-features-v2,28838,1,282.3210648148148,568,568,56,56,2.0118938003176381,0.18592592592592594,1,0,568,0,1,0,1,0,0,0,0,1,0.5,0.5,1,0,0.43437279754501762,1,1136,23,0,0,0,0,0
d001436,c_fac_073,0,med-features-v2,28849,1,282.3480324074074,202,202,20,20,0.71542910456173781,1.0023842592592593,1,0,27138,0,1,1,1,0,0,0,0,1,0.72727272727272729,0.72727272727272729,1,0,0.34376250485421844,1,404,15,0,0,0,0,0
d000099,c_fac_079,0,med-features-v2,28853,1,282.35782407407407,203,203,20,20,0.7189459001736207,1.0013657407407408,1,0,27142,0,1,1,2,1,0,0,0,1,0.83333333333333337,0.83333333333333337,1,1,0.24468089094934853,1,406,19,0,0,0,0,0
d000099,c_pat,1,med-features-v2,28853,1,282.35782407407407,569,569,56,56,2.0151734837378825,0.033958333333333333,1,0,569,0,1,0,2,1,0,0,0,1,0.77777777777777779,0.33333333333333337,1,0,0.024740690988587177,1,1138,19,0,0,0,0,0
d000255,c_noah,0,med-features-v2,28860,1,283,2318,1948,229,192,8.1908127208480561,0.67122685185185182,1,0,27149,0,1,1,5,1,1828,1,0.78861087144089737,1,0.40000000000000002,0.33333333333333337,1,0,0.6095261265832872,1,4264,17,0,0,0,0,0
d000255,c_elena,1,med-features-v2,28860,1,283,2071,243,204,24,7.3180212014134272,0.6715740740740741,1,0,27149,0,1,1,5,1,1828,1,0.88266537904394016,1,0.45454545454545459,0.80000000000000004,1,0,0.72238899134205881,1,2314,17,0,0,0,0,0
d000255,c_taylor,2,med-features-v2,28860,1,283,1708,246,168,24,6.0353356890459366,0.6715740740740741,1,0,27149,0,1,1,5,1,1462,1,0.85597189695550346,1,0.46153846153846156,0.33333333333333337,1,0,0.73865756734763077,1,1954,17,0,0,0,0,0
d000255,c_chris,3,med-features-v2,28860,1,283,2071,609,204,60,7.3180212014134272,0.6715740740740741,1,0,27149,0,1,1,5,1,1828,1,0.88266537904394016,1,0.33333333333333337,0.33333333333333337,1,0,0.61271435627538451,1,2680,17,0,0,0,0,0
d000255,c_lena,4,med-features-v2,28860,1,283,487,243,48,24,1.7208480565371025,0.69819444444444445,1,0,27149,0,1,1,5,1,244,1,0.50102669404517453,1,0.46153846153846156,0.80000000000000004,1,0,0.58833418385995262,1,730,17,0,0,0,0,0
d001437,c_avery,0,med-features-v2,934,1,283.00254629629632,162,162,16,16,0.5724330120704646,1.7648379629629629,1,0,934,0,1,1,2,1,162,1,1,1,0.5,0.30000000000000004,1,0,0.48230358267446488,1,324,19,0,0,0,0,0
d001437,c_devon,1,med-features-v2,934,1,283.00254629629632,162,0,16,0,0.5724330120704646,1.7651851851851852,1,0,934,0,1,1,2,1,162,1,1,1,0.45454545454545459,0.40000000000000002,1,0,0.60736759118080386,1,162,19,0,0,0,0,0
d000213,c_dir_102,0,med-features-v2,28864,1,283.01583333333332,0,0,0,0,0,3650,0,1,27153,0,1,1,1,0,0,0,0,0,0.80000000000000004,0.80000000000000004,1,1,0,0,0,26,0,0,0,0,0
d000379,c_noah,0,med-features-v2,28867,1,283.0263888888889,2320,1950,229,192,8.1971155025787734,0.010208333333333333,1,0,27156,0,1,1,4,1,1829,1,0.78836206896551719,1,0.40000000000000002,0.33333333333333337,1,0,0.60414410083417336,1,4268,17,0,0,0,0,0
d000379,c_elena,1,med-features-v2,28867,1,283.0263888888889,2073,244,204,24,7.3244053607093953,0.015486111111111112,1,0,27156,0,1,1,4,1,1829,1,0.88229618909792573,1,0.45454545454545459,0.80000000000000004,1,0,0.7369022766337785,1,2317,17,0,0,0,0,0
d000379,c_taylor,2,med-features-v2,28867,1,283.0263888888889,1709,246,168,24,6.0383062042703122,0.026388888888888889,1,0,27156,0,1,1,4,1,1463,1,0.85605617320070215,1,0.46153846153846156,0.33333333333333337,1,0,0.75312251028785748,1,1955,17,0,0,0,0,0
d000379,c_chris,3,med-features-v2,28867,1,283.0263888888889,2073,610,204,60,7.3244053607093953,0.012847222222222222,1,0,27156,0,1,1,4,1,1829,1,0.88229618909792573,1,0.33333333333333337,0.33333333333333337,1,0,0.62466171188958919,1,2683,17,0,0,0,0,0
d001438,c_jamie_li,0,med-features-v2,28871,1,283.03960648148148,772,690,76,68,2.7275334699509974,0.72555555555555551,1,0,27160,0,1,1,1,0,0,0,0,1,0.77777777777777779,0.77777777777777779,1,0,0.24818669379609598,1,1462,24,0,0,0,0,0
d001439,c_fac_017,0,med-features-v2,28882,1,283.06865740740739,203,203,20,20,0.71714050527265427,1.9253472222222223,1,0,27168,0,1,1,1,0,0,0,0,1,0.81818181818181812,0.81818181818181812,1,1,0.40038397406930637,1,406,27,0,0,0,0,0
d001440,c_fac_072,0,med-features-v2,28893,1,283.09770833333334,202,202,20,20,0.71353456440613483,1.7547453703703704,1,0,27179,0,1,1,1,0,0,0,0,1,0.72727272727272729,0.72727272727272729,1,0,0.36397785648911157,1,404,18,0,0,0,0,0
d001441,c_fac_004,0,med-features-v2,28904,1,283.12675925925925,204,204,20,20,0.72052532418243498,0.979375,1,0,27190,0,1,1,1,0,0,0,0,1,0.75,0.75,1,0,0.30948402956231941,1,408,15,0,0,0,0,0
d001442,c_fac_021,0,med-features-v2,28915,1,283.15578703703704,204,204,21,21,0.72045145937037336,0.89074074074074072,1,0,27201,0,1,1,1,0,0,0,0,1,0.76923076923076916,0.76923076923076916,1,0,0.28550299459607598,1,408,25,0,0,0,0,0
d001443,c_fac_040,0,med-features-v2,28926,1,283.18483796296294,203,203,20,20,0.71684628831205244,0.98351851851851857,1,0,27212,0,1,1,1,0,0,0,0,1,0.66666666666666674,0.66666666666666674,1,0,0.27921471464047004,1,406,14,0,0,0,0,0
d001444,c_fac_056,0,med-features-v2,28937,1,283.2138888888889,203,203,20,20,0.71677275714271704,0.93168981481481483,1,0,27223,0,1,1,1,0,0,0,0,1,0.75,0.75,1,0,0.25280549548160502,1,406,14,0,0,0,0,0
d001445,c_marcus,0,med-features-v2,774,1,283.23298611111113,163,163,16,16,0.57549793983408337,0.23467592592592593,1,0,774,0,1,1,1,0,0,0,0,1,0.41666666666666663,0.33333333333333337,1,0,0.612353499732885,1,326,19,0,0,0,0,0
d001446,c_morgan_zhao,0,med-features-v2,28955,1,283.27199074074076,773,691,76,68,2.7288260938847051,0.22412037037037036,1,0,27241,0,1,1,1,0,0,0,0,1,0.81818181818181812,0.81818181818181812,1,1,0.25772231452458599,1,1464,24,0,0,0,0,0
d001447,c_noah,0,med-features-v2,28966,1,283.30104166666666,2325,1955,229,192,8.2068176887807063,0.065671296296296297,1,0,27249,0,1,1,1,0,0,0,0,1,0.40000000000000002,0.33333333333333337,1,0,0.51513667181359246,1,4278,26,0,0,0,0,0
d001448,c_fac_067,0,med-features-v2,28977,1,283.33009259259262,203,203,20,20,0.71647878325405678,0.23467592592592593,1,0,27260,0,1,1,1,0,0,0,0,1,0.72727272727272729,0.72727272727272729,1,0,0.34186161524036685,1,406,18,0,0,0,0,0
d001449,c_fac_080,0,med-features-v2,28988,1,283.35914351851852,203,203,20,20,0.71640532745587304,0.99851851851851847,1,0,27271,0,1,1,1,0,0,0,0,1,0.75,0.75,1,0,0.24347563031644096,1,406,26,0,0,0,0,0
d001450,c_jamie_lee,0,med-features-v2,28999,1,284.01224537037035,776,776,76,76,2.7322765572591625,0.74254629629629632,1,0,27282,0,1,1,1,0,0,0,0,1,0.77777777777777779,0.77777777777777779,1,0,0.37605495513378301,1,1552,24,0,0,0,0,0
d001451,c_maya,0,med-features-v2,855,1,284.03407407407406,855,937,84,92,3.010202218826119,0.03152777777777778,1,0,855,0,1,1,1,0,0,0,0,1,0.33333333333333337,0.5,1,0,0.3521576452974699,1,1792,14,0,0,0,0,0
d001452,c_fac_018,0,med-features-v2,29018,1,284.06615740740739,204,204,20,20,0.71814256883625671,1.8991435185185186,1,0,27298,0,1,1,1,0,0,0,0,1,0.66666666666666674,0.66666666666666674,1,0,0.40430021265645588,1,408,27,0,0,0,0,0
d001453,c_fac_073,0,med-features-v2,29029,1,284.09312499999999,203,203,20,20,0.71455442647547351,1.7447453703703704,1,0,27309,0,1,1,1,0,0,0,0,1,0.72727272727272729,0.72727272727272729,1,0,0.39429103817805738,1,406,16,0,0,0,0,0
d001454,c_morgan_shaw,0,med-features-v2,29040,1,284.12009259259258,777,777,76,76,2.7347590693424175,0.1025925925925926,1,0,27320,0,1,1,1,0,0,0,0,1,0.81818181818181812,0.81818181818181812,1,1,0.38540404554879187,1,1554,24,0,0,0,0,0
d001455,c_fac_006,0,med-features-v2,29050,1,284.14703703703702,204,204,20,20,0.71793815669247929,1.0146527777777778,1,0,27327,0,1,1,1,0,0,0,0,1,0.81818181818181812,0.81818181818181812,1,1,0.27736958751872076,1,408,14,0,0,0,0,0
d001456,c_fac_025,0,med-features-v2,29061,1,284.17400462962962,204,204,20,20,0.71787002567626756,1.0125694444444444,1,0,27338,0,1,1,1,0,0,0,0,1,0.75,0.75,1,0,0.37530429173162322,1,408,26,0,0,0,0,0
d001457,c_fac_042,0,med-features-v2,29072,1,284.20097222222222,204,204,20,20,0.71780190758984619,0.88372685185185185,1,0,27349,0,1,1,1,0,0,0,0,1,0.66666666666666674,0.66666666666666674,1,0,0.29376888628459574,1,408,15,0,0,0,0,0
d001458,c_fac_060,0,med-features-v2,29083,1,284.22793981481482,204,204,20,20,0.71773380242953477,1.0084027777777778,1,0,27360,0,1,1,1,0,0,0,0,1,0.69230769230769229,0.69230769230769229,1,0,0.37836223822470783,1,408,26,0,0,0,0,0
d001459,c_noah,0,med-features-v2,409,1,284.24252314814817,163,531,16,52,0.57345395824200396,0.13233796296296296,1,0,409,0,1,1,1,0,0,0,0,1,0.40000000000000002,0.33333333333333337,1,0,0.59213910848085638,1,694,15,0,0,0,0,0
d001460,c_fac_048,0,med-features-v2,29103,1,284.28185185185185,204,204,20,20,0.71759768930417256,0.200625,1,0,27380,0,1,1,1,0,0,0,0,1,0.75,0.75,1,0,0.34771615747772833,1,408,16,0,0,0,0,0
d000335,c_fac_023,0,med-features-v2,29109,1,284.29494212962965,205,205,20,20,0.72108212149101958,0.024988425925925924,1,0,27386,0,1,1,1,0,0,0,0,1,0.84615384615384615,0.84615384615384615,1,1,0.39883662184972191,1,410,16,0,0,0,0,0
d001461,c_elena,0,med-features-v2,2663,1,284.30847222222224,532,532,52,52,1.8712069881061306,0.18592592592592594,1,0,2663,0,1,1,3,1,368,1,0.69172932330827064,1,0.45454545454545459,0.80000000000000004,1,0,0.55866392362712536,1,1064,28,0,0,0,0,0
d001461,c_taylor,1,med-features-v2,2663,1,284.30847222222224,532,164,52,16,1.8712069881061306,0.053587962962962962,1,0,2663,0,1,1,3,1,368,1,0.69172932330827064,1,0.46153846153846156,0.33333333333333337,1,0,0.66310480926826676,1,696,28,0,0,0,0,0
d001461,c_lena,2,med-features-v2,2663,1,284.30847222222224,368,0,36,0,1.2943687436523612,0.18627314814814816,1,0,2663,0,1,1,3,1,368,1,1,1,0.46153846153846156,0.80000000000000004,1,0,0.72311008580332581,1,368,28,0,0,0,0,0
d001462,c_fac_088,0,med-features-v2,29125,1,284.33576388888889,204,204,20,20,0.71746162779479949,0.23493055555555556,1,0,27399,0,1,1,1,0,0,0,0,1,0.63636363636363635,0.63636363636363635,1,0,0.40847981776788972,1,408,16,0,0,0,0,0
d001463,c_fac_081,0,med-features-v2,29136,1,284.36273148148149,204,204,20,20,0.71739358718772561,1.0006018518518518,1,0,27410,0,1,1,1,0,0,0,0,1,0.66666666666666674,0.66666666666666674,1,0,0.28320034968446217,1,408,26,0,0,0,0,0
d001464,c_jamie_li,0,med-features-v2,29147,1,287.01442129629629,779,697,76,68,2.7141493325724131,2.7003703703703703,1,0,27421,0,1,1,1,0,0,0,0,1,0.77777777777777779,0.77777777777777779,1,0,0.46381505375628373,1,1476,15,0,0,0,0,0
d001465,c_maya,0,med-features-v2,862,1,287.03571759259262,862,944,84,92,3.0031105788147574,0.035717592592592592,1,0,862,0,1,1,1,0,0,0,0,1,0.33333333333333337,0.5,1,0,0.47166503133420234,1,1806,15,0,0,0,0,0
d001466,c_fac_019,0,med-features-v2,29167,1,287.06729166666668,206,206,20,20,0.71760178181219125,3.9164351851851853,1,0,27438,0,1,1,1,0,0,0,0,1,0.75,0.75,1,0,0.35225748085826808,1,412,18,0,0,0,0,0
d001467,c_fac_074,0,med-features-v2,29178,1,287.09372685185184,205,205,20,20,0.71405252301380162,3.7447916666666665,1,0,27449,0,1,1,1,0,0,0,0,1,0.75,0.75,1,0,0.38781677513956281,1,410,16,0,0,0,0,0
d001468,c_morgan_shaw,0,med-features-v2,29189,1,287.12018518518516,781,781,76,76,2.7201152698347384,0.064560185185185179,1,0,27460,0,1,1,1,0,0,0,0,1,0.81818181818181812,0.81818181818181812,1,1,0.38751093465048175,1,1562,24,0,0,0,0,0
d001469,c_fac_006,0,med-features-v2,29199,1,287.14662037037039,205,205,20,20,0.71392099177620416,2.9992361111111112,1,0,27467,0,1,1,1,0,0,0,0,1,0.81818181818181812,0.81818181818181812,1,1,0.39853183094736433,1,410,26,0,0,0,0,0
d001470,c_fac_023,0,med-features-v2,29210,1,287.17305555555555,206,206,21,21,0.71733749394238666,2.8777662037037035,1,0,27478,0,1,1,1,0,0,0,0,1,0.84615384615384615,0.84615384615384615,1,1,0.23292532199174409,1,412,14,0,0,0,0,0
d001471,c_fac_042,0,med-features-v2,29221,1,287.19951388888887,205,205,20,20,0.71378950898680826,2.9981944444444446,1,0,27489,0,1,1,1,0,0,0,0,1,0.66666666666666674,0.66666666666666674,1,0,0.29760680329430617,1,410,19,0,0,0,0,0
d001472,c_fac_058,0,med-features-v2,29232,1,287.22594907407409,205,205,20,20,0.71372381451207789,2.9388425925925925,1,0,27500,0,1,1,1,0,0,0,0,1,0.7142857142857143,0.7142857142857143,1,0,0.28876870090556228,1,410,15,0,0,0,0,0
d001473,c_morgan_shaw,0,med-features-v2,29242,1,287.25238425925926,782,782,76,76,2.7223446796326916,0.13185185185185186,1,0,27510,0,1,1,1,0,0,0,0,1,0.81818181818181812,0.81818181818181812,1,1,0.31730188645597424,1,1564,15,0,0,0,0,0
d001474,c_fac_049,0,med-features-v2,29253,1,287.27884259259258,206,206,20,20,0.71707334289194768,0.19678240740740741,1,0,27521,0,1,1,1,0,0,0,0,1,0.72727272727272729,0.72727272727272729,1,0,0.33440351461441942,1,412,18,0,0,0,0,0
d000031,c_alex_chen,0,med-features-v2,29263,1,287.30287037037039,947,865,92,84,3.296173124825363,0.064560185185185179,1,0,27531,0,1,1,1,0,0,0,0,1,0.88888888888888884,0.88888888888888884,1,1,0.17987834987131909,1,1812,18,0,0,0,0,0
d000100,c_chris,0,med-features-v2,29265,1,287.30768518518516,2103,620,204,60,7.3196788963180852,0.0092824074074074076,1,0,27533,0,1,1,2,1,0,0,0,1,0.33333333333333337,0.33333333333333337,1,0,0.3648010498190572,1,2723,19,0,0,0,0,0
d000100,c_ren,1,med-features-v2,29265,1,287.30768518518516,576,576,56,56,2.0048193268089478,0.17032407407407407,1,0,576,0,1,0,2,1,0,0,0,1,0.54545454545454541,0.5,1,0,0.024914270416590837,1,1152,19,0,0,0,0,0
d001475,c_elena,0,med-features-v2,2676,1,287.30974537037036,535,535,52,52,1.8621018208426334,0.18474537037037037,1,0,2676,0,1,1,3,1,371,1,0.69345794392523363,1,0.45454545454545459,0.80000000000000004,1,0,0.55886586819095008,1,1070,28,0,0,0,0,0
d001475,c_taylor,1,med-features-v2,2676,1,287.30974537037036,535,164,52,16,1.8621018208426334,0.18509259259259259,1,0,2676,0,1,1,3,1,371,1,0.69345794392523363,1,0.46153846153846156,0.33333333333333337,1,0,0.66380803618684636,1,699,28,0,0,0,0,0
d001475,c_lena,2,med-features-v2,2676,1,287.30974537037036,371,0,36,0,1.2912893000609662,0.18509259259259259,1,0,2676,0,1,1,3,1,371,1,1,1,0.46153846153846156,0.80000000000000004,1,0,0.72325425927845211,1,371,28,0,0,0,0,0
d001476,c_fac_063,0,med-features-v2,29276,1,287.3365277777778,205,205,20,20,0.71344914475525445,3.0469675925925928,1,0,27541,0,1,1,1,0,0,0,0,1,0.75,0.75,1,0,0.28520922638475715,1,410,25,0,0,0,0,0
d001477,c_fac_082,0,med-features-v2,29287,1,287.36296296296297,205,205,20,20,0.71338351291436819,2.9974305555555554,1,0,27552,0,1,1,1,0,0,0,0,1,0.69230769230769229,0.69230769230769229,1,0,0.29862299996262559,1,410,14,0,0,0,0,0
d001478,c_quinn,0,med-features-v2,577,1,287.97738425925928,164,164,16,16,0.56948916465035548,4.7676157407407409,1,0,577,0,1,1,1,0,0,0,0,1,0.27272727272727271,0.19999999999999996,1,0,0.67405992184264241,1,328,18,0,0,0,0,0
d000256,c_noah,0,med-features-v2,29298,1,288.02425925925928,2357,1981,229,192,8.1833384662171582,0.010439814814814815,1,0,27563,0,1,1,5,1,1857,1,0.78786593126856175,1,0.40000000000000002,0.33333333333333337,1,0,0.57104719348589927,1,4336,28,0,0,0,0,0
d000256,c_elena,1,med-features-v2,29298,1,288.02425925925928,2104,247,204,24,7.3049402345867209,0.013125,1,0,27563,0,1,1,5,1,1857,1,0.88260456273764254,1,0.45454545454545459,0.80000000000000004,1,0,0.72387456678381001,1,2351,28,0,0,0,0,0
d000256,c_taylor,2,med-features-v2,29298,1,288.02425925925928,1734,249,168,24,6.0203262199493226,0.024259259259259258,1,0,27563,0,1,1,5,1,1485,1,0.856401384083045,1,0.46153846153846156,0.33333333333333337,1,0,0.72512228656593003,1,1983,28,0,0,0,0,0
d000256,c_chris,3,med-features-v2,29298,1,288.02425925925928,2106,621,204,60,7.3118840941253014,0.024259259259259258,1,0,27563,0,1,1,5,1,1857,1,0.88176638176638178,1,0.33333333333333337,0.33333333333333337,1,0,0.66188096175211053,1,2727,28,0,0,0,0,0
d000256,c_lena,4,med-features-v2,29298,1,288.02425925925928,494,246,48,24,1.7151333060293916,0.78148148148148144,1,0,27563,0,1,1,5,1,248,1,0.50202429149797567,1,0.46153846153846156,0.80000000000000004,1,0,0.54384593234243006,1,740,28,0,0,0,0,0
d001479,c_lee,0,med-features-v2,29306,1,288.04854166666667,577,577,56,56,2.0031345989861373,0.72368055555555555,1,0,577,0,1,0,1,0,0,0,0,1,0.5,0.5,1,0,0.256907293247916,1,1154,14,0,0,0,0,0
d001480,c_fac_035,0,med-features-v2,29317,1,288.07821759259258,205,205,20,20,0.71161228958281086,3.8891666666666667,1,0,27579,0,1,1,1,0,0,0,0,1,0.66666666666666674,0.66666666666666674,1,0,0.31954486737211008,1,410,18,0,0,0,0,0
d001481,c_noah,0,med-features-v2,29328,1,288.10789351851849,2358,1982,229,192,8.184433863310435,0.083287037037037034,1,0,27590,0,1,1,4,1,1858,1,0.78795589482612383,1,0.40000000000000002,0.33333333333333337,1,0,0.57125813189313901,1,4338,28,0,0,0,0,0
d001481,c_elena,1,med-features-v2,29328,1,288.10789351851849,2105,247,204,24,7.3062906201308175,0.083634259259259255,1,0,27590,0,1,1,4,1,1858,1,0.88266033254156773,1,0.45454545454545459,0.80000000000000004,1,0,0.7242014771893357,1,2352,28,0,0,0,0,0
d001481,c_taylor,2,med-features-v2,29328,1,288.10789351851849,1735,249,168,24,6.0220495135044976,0.083634259259259255,1,0,27590,0,1,1,4,1,1486,1,0.85648414985590782,1,0.46153846153846156,0.33333333333333337,1,0,0.72546812490093415,1,1984,28,0,0,0,0,0
d001481,c_chris,3,med-features-v2,29328,1,288.10789351851849,2107,621,204,60,7.3132324639504187,0.083634259259259255,1,0,27590,0,1,1,4,1,1858,1,0.88182249644043664,1,0.33333333333333337,0.33333333333333337,1,0,0.66226141213086032,1,2728,28,0,0,0,0,0
d001482,c_fac_013,0,med-features-v2,29339,1,288.13756944444447,207,207,20,20,0.71840683739754896,0.97858796296296291,1,0,27601,0,1,1,1,0,0,0,0,1,0.76923076923076916,0.76923076923076916,1,0,0.28674872909765076,1,414,19,0,0,0,0,0
d001483,c_fac_032,0,med-features-v2,29350,1,288.16724537037038,206,206,20,20,0.71486264767960028,0.9818055555555556,1,0,27612,0,1,1,1,0,0,0,0,1,0.76923076923076916,0.76923076923076916,1,0,0.41109304647531852,1,412,26,0,0,0,0,0
d001484,c_fac_049,0,med-features-v2,29361,1,288.1969212962963,207,207,20,20,0.71825888725293685,0.91773148148148154,1,0,27623,0,1,1,1,0,0,0,0,1,0.72727272727272729,0.72727272727272729,1,0,0.24378552146993226,1,414,14,0,0,0,0,0
d001485,c_fac_067,0,med-features-v2,29372,1,288.22659722222221,206,206,20,20,0.71471544259038089,0.88490740740740736,1,0,27634,0,1,1,1,0,0,0,0,1,0.72727272727272729,0.72727272727272729,1,0,0.36318654614415119,1,412,26,0,0,0,0,0
d000166,c_fac_002,0,med-features-v2,29376,1,288.23740740740743,207,207,20,20,0.71815799989977391,0.12377314814814815,1,0,27638,0,1,1,1,0,0,0,0,1,0.76923076923076916,0.76923076923076916,1,0,0.068262948426676753,1,414,26,0,0,0,0,0
d001486,c_jamie_lee,0,med-features-v2,29380,1,288.2589814814815,785,785,76,76,2.7232455896623309,0.22895833333333335,1,0,27642,0,1,1,1,0,0,0,0,1,0.77777777777777779,0.77777777777777779,1,0,0.22910339089284437,1,1570,14,0,0,0,0,0
d001487,c_fac_005,0,med-features-v2,29391,1,288.28865740740741,206,206,20,20,0.7145615850882483,0.22627314814814814,1,0,27650,0,1,1,1,0,0,0,0,1,0.76923076923076916,0.76923076923076916,1,0,0.32567190627340969,1,412,18,0,0,0,0,0
d001488,c_fac_045,0,med-features-v2,29402,1,288.31833333333333,206,206,20,20,0.71448803694989915,0.234375,1,0,27661,0,1,1,1,0,0,0,0,1,0.76923076923076916,0.76923076923076916,1,0,0.37176730352498943,1,412,16,0,0,0,0,0
d000336,c_fac_024,0,med-features-v2,29410,1,288.33906250000001,208,208,20,20,0.72137294959818354,0.18225694444444446,1,0,27669,0,1,1,1,0,0,0,0,1,0.75,0.75,1,0,0.128352087672231,1,416,21,0,0,0,0,0
d001489,c_fac_074,0,med-features-v2,29414,1,288.34800925925924,207,207,20,20,0.71788253552283876,1.0568055555555556,1,0,27673,0,1,1,1,0,0,0,0,1,0.75,0.75,1,0,0.26633189607788232,1,414,15,0,0,0,0,0
d001490,c_lena,0,med-features-v2,29425,1,289.00243055555558,494,246,48,24,1.7093281847158628,1.7596527777777777,1,0,27684,0,1,1,1,0,0,0,0,1,0.46153846153846156,0.80000000000000004,1,0,0.66069601148360069,1,740,15,0,0,0,0,0
d001491,c_pat,0,med-features-v2,29435,1,289.02939814814818,579,579,56,56,2.0032564289644377,0.75118055555555552,1,0,579,0,1,0,1,0,0,0,0,1,0.77777777777777779,0.33333333333333337,1,0,0.42525107775182303,1,1158,16,0,0,0,0,0
d001492,c_fac_006,0,med-features-v2,29445,1,289.05636574074072,206,206,20,20,0.71266377224421584,1.9093981481481481,1,0,27701,0,1,1,1,0,0,0,0,1,0.81818181818181812,0.81818181818181812,1,1,0.34330916477344731,1,412,16,0,0,0,0,0
d001493,c_fac_061,0,med-features-v2,29456,1,289.08333333333331,206,206,20,20,0.71259729028538488,1.8546296296296296,1,0,27712,0,1,1,1,0,0,0,0,1,0.75,0.75,1,0,0.33636325829379926,1,412,18,0,0,0,0,0
d001494,c_taylor,0,med-features-v2,29467,1,289.11027777777775,1744,250,168,24,6.0323002468300739,0.01224537037037037,1,0,27723,0,1,1,1,0,0,0,0,1,0.46153846153846156,0.33333333333333337,1,0,0.62088196671319862,1,1994,26,0,0,0,0,0
d001495,c_pat,0,med-features-v2,29477,1,289.13724537037035,581,581,56,56,2.0094263513362591,0.0094675925925925934,1,0,581,0,1,0,1,0,0,0,0,1,0.77777777777777779,0.33333333333333337,1,0,0.14899044908892603,1,1162,16,0,0,0,0,0
d001496,c_fac_015,0,med-features-v2,29488,1,289.16421296296295,208,208,20,20,0.71931446104169638,0.86981481481481482,1,0,27738,0,1,1,1,0,0,0,0,1,0.76923076923076916,0.76923076923076916,1,0,0.2189340314797904,1,416,14,0,0,0,0,0
d001497,c_fac_034,0,med-features-v2,29499,1,289.19115740740739,208,208,20,20,0.71924744125897766,1.0181712962962963,1,0,27749,0,1,1,1,0,0,0,0,1,0.7142857142857143,0.7142857142857143,1,0,0.2703628362212811,1,416,19,0,0,0,0,0
d001498,c_fac_050,0,med-features-v2,29510,1,289.21812499999999,207,207,20,20,0.71572277843928356,0.89673611111111107,1,0,27760,0,1,1,1,0,0,0,0,1,0.75,0.75,1,0,0.26006959461806428,1,414,25,0,0,0,0,0
d001499,c_noah,0,med-features-v2,29521,1,289.24509259259258,2372,1994,229,192,8.2006577146704043,0.0094675925925925934,1,0,27771,0,1,1,5,1,1870,1,0.78836424957841489,1,0.40000000000000002,0.33333333333333337,1,0,0.60370095994317874,1,4364,17,0,0,0,0,0
d001499,c_elena,1,med-features-v2,29521,1,289.24509259259258,2119,249,204,24,7.3259669887801806,0.0098148148148148144,1,0,27771,0,1,1,5,1,1870,1,0.8824917413874469,1,0.45454545454545459,0.80000000000000004,1,0,0.73636090316699765,1,2368,17,0,0,0,0,0
d001499,c_taylor,2,med-features-v2,29521,1,289.24509259259258,1747,251,168,24,6.0398604669178741,0.0098148148148148144,1,0,27771,0,1,1,5,1,1496,1,0.85632512879221523,1,0.46153846153846156,0.33333333333333337,1,0,0.75272221898246794,1,1998,17,0,0,0,0,0
d001499,c_chris,3,med-features-v2,29521,1,289.24509259259258,2119,623,204,60,7.3259669887801806,0.0098148148148148144,1,0,27771,0,1,1,5,1,1870,1,0.8824917413874469,1,0.33333333333333337,0.33333333333333337,1,0,0.62403050231219392,1,2742,17,0,0,0,0,0
d001499,c_lena,4,med-features-v2,29521,1,289.24509259259258,497,248,48,24,1.7182659714128126,0.14425925925925925,1,0,27771,0,1,1,5,1,249,1,0.50100603621730377,1,0.46153846153846156,0.80000000000000004,1,0,0.58979772699848709,1,745,17,0,0,0,0,0
d001500,c_fac_036,0,med-features-v2,29531,1,289.27203703703702,207,207,20,20,0.71558938817683471,0.200625,1,0,27781,0,1,1,1,0,0,0,0,1,0.69230769230769229,0.69230769230769229,1,0,0.37628046766885698,1,414,16,0,0,0,0,0
d001501,c_taylor,0,med-features-v2,29542,1,289.29900462962962,1748,251,168,24,6.042191545863937,0.053912037037037036,1,0,27792,0,1,1,1,0,0,0,0,1,0.46153846153846156,0.33333333333333337,1,0,0.6209033520468239,1,1999,26,0,0,0,0,0
d001502,c_ren,0,med-features-v2,29552,1,289.32597222222222,582,582,56,56,2.0115719149920768,0.18592592592592594,1,0,582,0,1,0,1,0,0,0,0,1,0.54545454545454541,0.5,1,0,0.51257468553803021,1,1164,14,0,0,0,0,0
d001503,c_fac_075,0,med-features-v2,29563,1,289.35293981481482,207,207,20,20,0.71538931013619389,1.0180787037037038,1,0,27810,0,1,1,1,0,0,0,0,1,0.72727272727272729,0.72727272727272729,1,0,0.27462559611342691,1,414,25,0,0,0,0,0
d001504,c_avery,0,med-features-v2,957,1,290.00254629629632,166,166,16,16,0.5724087671644007,1.7648379629629629,1,0,957,0,1,1,2,1,166,1,1,1,0.5,0.30000000000000004,1,0,0.49175442900215743,1,332,19,0,0,0,0,0
d001504,c_devon,1,med-features-v2,957,1,290.00254629629632,166,0,16,0,0.5724087671644007,1.7651851851851852,1,0,957,0,1,1,2,1,166,1,1,1,0.45454545454545459,0.40000000000000002,1,0,0.6215963794242062,1,166,19,0,0,0,0,0
d001505,c_alex_chan,0,med-features-v2,29582,1,290.03432870370369,792,792,76,76,2.7307112352520853,0.010231481481481482,1,0,27829,0,1,1,1,0,0,0,0,1,0.88888888888888884,0.88888888888888884,1,1,0.31706855062031308,1,1584,26,0,0,0,0,0
d001506,c_fac_007,0,med-features-v2,29592,1,290.06337962962965,207,207,20,20,0.71363713773282944,1.93625,1,0,27836,0,1,1,1,0,0,0,0,1,0.84615384615384615,0.84615384615384615,1,1,0.38368288317468119,1,414,18,0,0,0,0,0
d001507,c_fac_062,0,med-features-v2,29603,1,290.09240740740739,207,207,20,20,0.71356572841731791,1.8735416666666667,1,0,27847,0,1,1,1,0,0,0,0,1,0.75,0.75,1,0,0.40758167614356505,1,414,18,0,0,0,0,0
d001508,c_chris,0,med-features-v2,29614,1,290.12145833333335,2126,625,204,60,7.327965370825293,0.013194444444444444,1,0,27858,0,1,1,1,0,0,0,0,1,0.33333333333333337,0.33333333333333337,1,0,0.3538703986214593,1,2751,26,0,0,0,0,0
d001509,c_fac_019,0,med-features-v2,29625,1,290.15050925925925,210,210,20,20,0.72376230024934374,0.98106481481481478,1,0,27869,0,1,1,1,0,0,0,0,1,0.75,0.75,1,0,0.40180456727563829,1,420,26,0,0,0,0,0
d001510,c_fac_036,0,med-features-v2,29636,1,290.17956018518521,208,208,20,20,0.71679755757869268,0.90717592592592589,1,0,27880,0,1,1,1,0,0,0,0,1,0.69230769230769229,0.69230769230769229,1,0,0.26884166565581263,1,416,15,0,0,0,0,0
d000101,c_fac_040,0,med-features-v2,29638,1,290.18483796296294,208,208,20,20,0.71678452072174625,0.98351851851851857,1,0,27882,0,1,1,2,1,0,0,0,1,0.66666666666666674,0.66666666666666674,1,0,0.27860120290131662,1,416,19,0,0,0,0,0
d000101,c_lee,1,med-features-v2,29638,1,290.18483796296294,584,584,56,56,2.0125103851033646,0.1343287037037037,1,0,584,0,1,0,2,1,0,0,0,1,0.5,0.5,1,0,0.024199604780230487,1,1168,19,0,0,0,0,0
d001511,c_fac_055,0,med-features-v2,29648,1,290.21125000000001,208,208,20,20,0.71671928638190285,0.98541666666666672,1,0,27892,0,1,1,1,0,0,0,0,1,0.83333333333333337,0.83333333333333337,1,1,0.28610831523353225,1,416,14,0,0,0,0,0
d000167,c_fac_003,0,med-features-v2,29658,1,290.23766203703701,208,208,20,20,0.71665406391489361,1.0927083333333334,1,0,27902,0,1,1,1,0,0,0,0,1,0.75,0.75,1,0,0.06842603014419564,1,416,26,0,0,0,0,0
d001512,c_avery,0,med-features-v2,960,1,290.23756944444443,167,167,16,16,0.57539070603320419,0.23467592592592593,1,0,960,0,1,1,2,1,167,1,1,1,0.5,0.30000000000000004,1,0,0.55842946627909584,1,334,25,0,0,0,0,0
d001512,c_devon,1,med-features-v2,960,1,290.23756944444443,167,0,16,0,0.57539070603320419,0.23502314814814815,1,0,960,0,1,1,2,1,167,1,1,1,0.45454545454545459,0.40000000000000002,1,0,0.74189877962514461,1,167,25,0,0,0,0,0
d001513,c_jamie_lee,0,med-features-v2,29666,1,290.26935185185187,794,794,76,76,2.7353904052717319,0.010208333333333333,1,0,27910,0,1,1,1,0,0,0,0,1,0.77777777777777779,0.77777777777777779,1,0,0.30061302736166851,1,1588,15,0,0,0,0,0
d001514,c_chris,0,med-features-v2,29677,1,290.29840277777777,2129,626,204,60,7.3338329788529384,0.063379629629629633,1,0,27918,0,1,1,1,0,0,0,0,1,0.33333333333333337,0.33333333333333337,1,0,0.35429952523021341,1,2755,26,0,0,0,0,0
d001515,c_fac_062,0,med-features-v2,29688,1,290.32745370370372,208,208,20,20,0.71643241914103051,0.23469907407407409,1,0,27929,0,1,1,1,0,0,0,0,1,0.75,0.75,1,0,0.39253505392889254,1,416,27,0,0,0,0,0
d001516,c_fac_079,0,med-features-v2,29699,1,290.35650462962963,209,209,20,20,0.71980478021869831,0.99833333333333329,1,0,27940,0,1,1,1,0,0,0,0,1,0.83333333333333337,0.83333333333333337,1,1,0.31170243723274482,1,418,15,0,0,0,0,0
d001517,c_chris,0,med-features-v2,29710,1,291.00979166666667,2132,627,204,60,7.3262139661680914,0.0097916666666666673,1,0,27951,0,1,1,4,1,1880,1,0.88180112570356473,1,0.33333333333333337,0.33333333333333337,1,0,0.45342828265441343,1,2759,21,0,0,0,0,0
d001517,c_noah,1,med-features-v2,29710,1,291.00979166666667,2385,2006,228,192,8.1956005203146791,0.0094444444444444445,1,0,27951,0,1,1,4,1,1880,1,0.7882599580712788,1,0.40000000000000002,0.33333333333333337,1,0,0.19488962631629322,1,4389,21,0,0,0,0,0
d001517,c_elena,2,med-features-v2,29710,1,291.00979166666667,2132,252,204,24,7.3262139661680914,0.0097916666666666673,1,0,27951,0,1,1,4,1,1880,1,0.88180112570356473,1,0.45454545454545459,0.80000000000000004,1,0,0.29902978606310415,1,2384,21,0,0,0,0,0
d001517,c_marcus,3,med-features-v2,29710,1,291.00979166666667,541,166,52,16,1.8590439754676067,1.7132407407407408,1,0,27951,0,1,1,4,1,375,1,0.69316081330868762,1,0.41666666666666663,0.33333333333333337,1,0,0.66757306185775933,1,707,21,0,0,0,0,0
d001518,c_priya,0,med-features-v2,29720,1,291.03675925925927,418,418,40,40,1.4362446897219614,0.79874999999999996,1,0,27958,0,1,1,1,0,0,0,0,1,0.45454545454545459,0.40000000000000002,1,0,0.36914503360169865,1,836,17,0,0,0,0,0
d001519,c_fac_013,0,med-features-v2,29729,1,291.06370370370371,209,209,20,20,0.71805586660423071,1.904050925925926,1,0,27967,0,1,1,1,0,0,0,0,1,0.76923076923076916,0.76923076923076916,1,0,0.34030946539689494,1,418,18,0,0,0,0,0
d001520,c_fac_068,0,med-features-v2,29740,1,291.09067129629631,208,208,20,20,0.71455398784758817,1.7496527777777777,1,0,27978,0,1,1,1,0,0,0,0,1,0.80000000000000004,0.80000000000000004,1,1,0.37946875314167761,1,416,18,0,0,0,0,0
d001521,c_jamie_li,0,med-features-v2,29751,1,291.11763888888891,795,711,76,68,2.7308547947636668,0.065833333333333327,1,0,27989,0,1,1,1,0,0,0,0,1,0.77777777777777779,0.77777777777777779,1,0,0.39129002820567371,1,1506,14,0,0,0,0,0
d001522,c_fac_005,0,med-features-v2,29761,1,291.1446064814815,209,209,20,20,0.71785633443734642,1.0148611111111112,1,0,27996,0,1,1,1,0,0,0,0,1,0.76923076923076916,0.76923076923076916,1,0,0.37869944006322381,1,418,26,0,0,0,0,0
d001523,c_fac_022,0,med-features-v2,29772,1,291.17155092592594,210,210,21,21,0.72122430688094252,0.86752314814814813,1,0,28007,0,1,1,1,0,0,0,0,1,0.81818181818181812,0.81818181818181812,1,1,0.2362119745436074,1,420,14,0,0,0,0,0
d000214,c_dir_103,0,med-features-v2,29782,1,291.1960648148148,0,0,0,0,0,3650,0,1,28017,0,1,1,1,0,0,0,0,0,0.83333333333333337,0.83333333333333337,1,1,0,0,0,26,0,0,0,0,0
d001524,c_fac_042,0,med-features-v2,29784,1,291.20097222222222,209,209,20,20,0.71771738399453988,0.88372685185185185,1,0,28019,0,1,1,1,0,0,0,0,1,0.66666666666666674,0.66666666666666674,1,0,0.24482102534674721,1,418,14,0,0,0,0,0
d000257,c_noah,0,med-features-v2,29785,1,291.2034259259259,2392,2011,228,192,8.2141890755380693,0.078078703703703706,1,0,28020,0,1,1,5,1,1885,0.75,0.78804347826086951,1,0.40000000000000002,0.33333333333333337,1,0,0.60485586146280212,1,4401,17,0,0,0,0,0
d000257,c_elena,1,med-features-v2,29785,1,291.2034259259259,2137,252,204,24,7.3385125645588856,0.090694444444444439,1,0,28020,0,1,1,5,1,1885,0.75,0.88207767898923728,1,0.45454545454545459,0.80000000000000004,1,0,0.73840773449539709,1,2389,17,0,0,0,0,0
d000257,c_taylor,2,med-features-v2,29785,1,291.2034259259259,1760,252,168,24,6.0438849385229947,0.10048611111111111,1,0,28020,0,1,1,5,1,1508,0.75,0.85681818181818181,1,0.46153846153846156,0.33333333333333337,1,0,0.75493535360285713,1,2012,17,0,0,0,0,0
d000257,c_chris,3,med-features-v2,29785,1,291.2034259259259,2137,629,204,60,7.3385125645588856,0.090347222222222218,1,0,28020,0,1,1,5,1,1885,0.75,0.88207767898923728,1,0.33333333333333337,0.33333333333333337,1,0,0.62584296763562275,1,2766,17,0,0,0,0,0
d000257,c_pat,4,med-features-v2,29785,1,291.2034259259259,587,587,56,56,2.0157729880187487,0.070740740740740743,1,0,587,0,1,0,5,1,0,0,0,1,0.77777777777777779,0.33333333333333337,1,0,0.018610644745188604,1,1174,17,0,0,0,0,0
d001525,c_fac_061,0,med-features-v2,29796,1,291.23037037037039,209,209,20,20,0.71764493426357134,1.0081944444444444,1,0,28031,0,1,1,1,0,0,0,0,1,0.75,0.75,1,0,0.31759072249294318,1,418,14,0,0,0,0,0
d001526,c_morgan_zhao,0,med-features-v2,29805,1,291.25733796296294,796,712,76,68,2.7329783536688832,0.12956018518518519,1,0,28040,0,1,1,1,0,0,0,0,1,0.81818181818181812,0.81818181818181812,1,1,0.3213447050318301,1,1508,15,0,0,0,0,0
d001527,c_fac_053,0,med-features-v2,29816,1,291.28430555555553,209,209,20,20,0.71751205270528462,0.200625,1,0,28051,0,1,1,1,0,0,0,0,1,0.75,0.75,1,0,0.41177429212132127,1,418,27,0,0,0,0,0
d000032,c_jamie_li,0,med-features-v2,29826,1,291.31127314814813,797,713,76,68,2.7359051072310572,0.058495370370370371,1,0,28061,0,1,1,1,0,0,0,0,1,0.77777777777777779,0.77777777777777779,1,0,0.21362327541737799,1,1510,17,0,0,0,0,0
d001528,c_jamie_li,0,med-features-v2,29827,1,291.31370370370371,797,713,76,68,2.7358822803977385,0.060925925925925925,1,0,28062,0,1,1,1,0,0,0,0,1,0.77777777777777779,0.77777777777777779,1,0,0.41324764347675946,1,1510,25,0,0,0,0,0
d000033,c_morgan_zhao,0,med-features-v2,29828,1,291.31615740740739,797,713,76,68,2.7358592365523715,0.058472222222222224,1,0,28063,0,1,1,1,0,0,0,0,1,0.81818181818181812,0.81818181818181812,1,1,0.20801355592442,1,1510,17,0,0,0,0,0
d001529,c_fac_067,0,med-features-v2,29839,1,291.34312499999999,209,209,20,20,0.71736719375135416,1.0126851851851852,1,0,28071,0,1,1,1,0,0,0,0,1,0.72727272727272729,0.72727272727272729,1,0,0.24874251989809398,1,418,14,0,0,0,0,0
d001530,c_fac_086,0,med-features-v2,29850,1,291.37009259259258,209,209,20,20,0.7173007982402424,1.0000462962962964,1,0,28082,0,1,1,1,0,0,0,0,1,0.75,0.75,1,0,0.25739584165462726,1,418,19,0,0,0,0,0
d000305,c_new_174,0,med-features-v2,29852,1,291.42686342592594,0,0,0,0,0,3650,0,1,28084,0,1,1,1,0,0,0,0,0,0.72727272727272729,0.72727272727272729,1,0,0,0,0,13,0,0,0,0,0
d000361,c_maya,0,med-features-v2,0,0,0,0,0,0,0,0,3650,0,1,0,1,1,1,2,1,0,0,0,0,0.33333333333333337,0.5,1,0,0,0,0,14,0,0,0,0,0
d000361,c_noah,1,med-features-v2,0,0,0,0,0,0,0,0,3650,0,1,0,1,1,1,2,1,0,0,0,0,0.40000000000000002,0.33333333333333337,1,0,0,0,0,14,0,0,0,0,0
d000315,c_new_184,0,med-features-v2,29854,1,291.48866898148145,0,0,0,0,0,3650,0,1,0,1,0,0,1,0,0,0,0,0,0.63636363636363635,0.63636363636363635,1,0,0,0,0,14,0,0,0,0,0
d000371,c_noah,0,med-features-v2,29855,1,291.58028935185183,2398,2016,228,192,8.2241498742266419,0.2515162037037037,1,0,28086,0,1,1,1,0,0,0,0,1,0.40000000000000002,0.33333333333333337,1,0,0,0,4412,0,0,1,1,1,0
d001531,c_elena,0,med-features-v2,2731,1,294.02127314814817,546,546,52,52,1.8570084883786202,2.7124537037037038,1,0,2731,0,1,1,3,1,378,1,0.69230769230769229,1,0.45454545454545459,0.80000000000000004,1,0,0.55799208182237892,1,1092,28,0,0,0,0,0
d001531,c_taylor,1,med-features-v2,2731,1,294.02127314814817,546,168,52,16,1.8570084883786202,2.7128009259259258,1,0,2731,0,1,1,3,1,378,1,0.69230769230769229,1,0.46153846153846156,0.33333333333333337,1,0,0.66369692964523042,1,714,28,0,0,0,0,0
d001531,c_lena,2,med-features-v2,2731,1,294.02127314814817,378,0,36,0,1.2856212611851985,2.7128009259259258,1,0,2731,0,1,1,3,1,378,1,1,1,0.46153846153846156,0.80000000000000004,1,0,0.72233566509160674,1,378,28,0,0,0,0,0
d001532,c_avery,0,med-features-v2,29874,1,294.04805555555555,168,168,16,16,0.57133518425276297,3.7968287037037038,1,0,28102,0,1,1,2,1,168,1,1,1,0.5,0.30000000000000004,1,0,0.45516712126390907,1,336,25,0,0,0,0,0
d001532,c_devon,1,med-features-v2,29874,1,294.04805555555555,168,0,16,0,0.57133518425276297,3.7971759259259259,1,0,28102,0,1,1,2,1,168,1,1,1,0.45454545454545459,0.40000000000000002,1,0,0.59293543823154349,1,168,25,0,0,0,0,0
d001533,c_fac_034,0,med-features-v2,29885,1,294.07451388888887,210,210,20,20,0.7141047254416103,3.8998842592592591,1,0,28113,0,1,1,1,0,0,0,0,1,0.7142857142857143,0.7142857142857143,1,0,0.43634949517441224,1,420,27,0,0,0,0,0
d001534,c_fac_089,0,med-features-v2,29896,1,294.10094907407409,210,210,20,20,0.71404053832926628,3.7282638888888888,1,0,28124,0,1,1,1,0,0,0,0,1,0.80000000000000004,0.80000000000000004,1,1,0.39648248170347916,1,420,16,0,0,0,0,0
d001535,c_noah,0,med-features-v2,29906,1,294.12738425925926,2406,2021,229,192,8.1801291847046311,0.014421296296296297,1,0,28134,0,1,1,1,0,0,0,0,1,0.40000000000000002,0.33333333333333337,1,0,0.55158296043969746,1,4424,15,0,0,0,0,0
d001536,c_fac_011,0,med-features-v2,29917,1,294.15384259259258,211,211,20,20,0.71731172416550115,2.9990972222222223,1,0,28142,0,1,1,1,0,0,0,0,1,0.66666666666666674,0.66666666666666674,1,0,0.31258214648705901,1,422,15,0,0,0,0,0
d001537,c_fac_028,0,med-features-v2,29928,1,294.1802777777778,210,210,20,20,0.71384799003634392,2.9078935185185184,1,0,28153,0,1,1,1,0,0,0,0,1,0.75,0.75,1,0,0.25074889125713912,1,420,14,0,0,0,0,0
d001538,c_fac_046,0,med-features-v2,29939,1,294.20671296296297,210,210,20,20,0.71378384906681736,2.9980324074074076,1,0,28164,0,1,1,1,0,0,0,0,1,0.81818181818181812,0.81818181818181812,1,1,0.3524770341641415,1,420,15,0,0,0,0,0
d001539,c_noah,0,med-features-v2,29950,1,294.23317129629629,2408,2023,229,192,8.1839854744831459,0.028518518518518519,1,0,28175,0,1,1,4,1,1897,1,0.78779069767441856,1,0.40000000000000002,0.33333333333333337,1,0,0.57090485603452923,1,4428,28,0,0,0,0,0
d001539,c_elena,1,med-features-v2,29950,1,294.23317129629629,2149,252,204,24,7.303731222867226,0.02886574074074074,1,0,28175,0,1,1,4,1,1897,1,0.88273615635179148,1,0.45454545454545459,0.80000000000000004,1,0,0.72484087714219103,1,2401,28,0,0,0,0,0
d001539,c_taylor,2,med-features-v2,29950,1,294.23317129629629,1771,254,168,24,6.0190358286169641,0.02886574074074074,1,0,28175,0,1,1,4,1,1517,1,0.85657820440429133,1,0.46153846153846156,0.33333333333333337,1,0,0.72723173101048766,1,2025,28,0,0,0,0,0
d001539,c_chris,3,med-features-v2,29950,1,294.23317129629629,2151,634,204,60,7.3105285529955344,0.02886574074074074,1,0,28175,0,1,1,4,1,1897,1,0.88191538819153881,1,0.33333333333333337,0.33333333333333337,1,0,0.66231579825555931,1,2785,28,0,0,0,0,0
d001540,c_fac_009,0,med-features-v2,29960,1,294.25960648148146,212,212,20,20,0.72045226504216686,0.19675925925925927,1,0,28185,0,1,1,1,0,0,0,0,1,0.69230769230769229,0.69230769230769229,1,0,0.37899372618725069,1,424,18,0,0,0,0,0
d001541,c_fac_064,0,med-features-v2,29971,1,294.28604166666668,211,211,20,20,0.7169894936403286,0.19675925925925927,1,0,28196,0,1,1,1,0,0,0,0,1,0.66666666666666674,0.66666666666666674,1,0,0.3964337229695572,1,422,16,0,0,0,0,0
d001542,c_noah,0,med-features-v2,29981,1,294.3125,2411,2025,229,192,8.19197281800807,0.014444444444444444,1,0,28206,0,1,1,1,0,0,0,0,1,0.40000000000000002,0.33333333333333337,1,0,0.54801645076613614,1,4433,15,0,0,0,0,0
d001543,c_fac_066,0,med-features-v2,29992,1,294.33893518518516,210,210,20,20,0.71346320481820458,2.9979166666666668,1,0,28214,0,1,1,1,0,0,0,0,1,0.72727272727272729,0.66666666666666674,1,0,0.39562735657419967,1,420,26,0,0,0,0,0
d001544,c_fac_083,0,med-features-v2,30003,1,294.36537037037039,210,210,20,20,0.71339913297470448,3.0316898148148148,1,0,28225,0,1,1,1,0,0,0,0,1,0.63636363636363635,0.63636363636363635,1,0,0.27726637778265212,1,420,25,0,0,0,0,0
d001545,c_marcus,0,med-features-v2,30011,1,295.01886574074075,549,168,52,16,1.8608979416335192,0.72081018518518514,1,0,28233,0,1,1,1,0,0,0,0,1,0.41666666666666663,0.33333333333333337,1,0,0.6248127056420395,1,717,19,0,0,0,0,0
d001546,c_lee,0,med-features-v2,30021,1,295.04854166666667,591,591,56,56,2.0030602309083321,0.72368055555555555,1,0,591,0,1,0,1,0,0,0,0,1,0.5,0.5,1,0,0.36040524825764753,1,1182,25,0,0,0,0,0
d001547,c_fac_035,0,med-features-v2,30032,1,295.07821759259258,210,210,20,20,0.71167570996359331,3.8891666666666667,1,0,28251,0,1,1,1,0,0,0,0,1,0.66666666666666674,0.66666666666666674,1,0,0.32257129058490613,1,420,18,0,0,0,0,0
d001548,c_noah,0,med-features-v2,30043,1,295.10789351851849,2416,2030,229,192,8.1868362489205744,0.083287037037037034,1,0,28262,0,1,1,4,1,1903,1,0.78766556291390732,1,0.40000000000000002,0.33333333333333337,1,0,0.57107909706127646,1,4443,28,0,0,0,0,0
d001548,c_elena,1,med-features-v2,30043,1,295.10789351851849,2156,253,204,24,7.305802546636075,0.083634259259259255,1,0,28262,0,1,1,4,1,1903,1,0.88265306122448983,1,0.45454545454545459,0.80000000000000004,1,0,0.72524222787175385,1,2409,28,0,0,0,0,0
d001548,c_taylor,2,med-features-v2,30043,1,295.10789351851849,1777,255,168,24,6.0215264959982857,0.083634259259259255,1,0,28262,0,1,1,4,1,1522,1,0.85649971862689922,1,0.46153846153846156,0.33333333333333337,1,0,0.72764181903313907,1,2032,28,0,0,0,0,0
d001548,c_chris,3,med-features-v2,30043,1,295.10789351851849,2158,636,204,60,7.3125797289613406,0.083634259259259255,1,0,28262,0,1,1,4,1,1903,1,0.8818350324374421,1,0.33333333333333337,0.33333333333333337,1,0,0.66283468224722419,1,2794,28,0,0,0,0,0
d001549,c_fac_013,0,med-features-v2,30054,1,295.13756944444447,212,212,20,20,0.71830909361712436,0.97858796296296291,1,0,28273,0,1,1,1,0,0,0,0,1,0.76923076923076916,0.76923076923076916,1,0,0.29011421678347682,1,424,14,0,0,0,0,0
d001550,c_fac_032,0,med-features-v2,30065,1,295.16724537037038,211,211,20,20,0.71484896549155075,0.9818055555555556,1,0,28284,0,1,1,1,0,0,0,0,1,0.76923076923076916,0.76923076923076916,1,0,0.41258256578615216,1,422,26,0,0,0,0,0
d000102,c_fac_033,0,med-features-v2,30066,1,295.1699537037037,211,211,20,20,0.71484240639142138,0.98212962962962957,1,0,28285,0,1,1,2,1,0,0,0,1,0.69230769230769229,0.69230769230769229,1,0,0.30048982018043602,1,422,14,0,0,0,0,0
d000102,c_pat,1,med-features-v2,30066,1,295.1699537037037,592,592,56,56,2.0056241923399121,0.11835648148148148,1,0,592,0,1,0,2,1,0,0,0,1,0.77777777777777779,0.33333333333333337,1,0,0.018817521911561639,1,1184,14,0,0,0,0,0
d001551,c_fac_052,0,med-features-v2,30077,1,295.19962962962961,211,211,20,20,0.71477054447774835,0.98293981481481485,1,0,28296,0,1,1,1,0,0,0,0,1,0.72727272727272729,0.72727272727272729,1,0,0.30926943491474307,1,422,15,0,0,0,0,0
d001552,c_fac_068,0,med-features-v2,30088,1,295.22930555555558,211,211,20,20,0.71469869701093913,0.88523148148148145,1,0,28307,0,1,1,1,0,0,0,0,1,0.80000000000000004,0.80000000000000004,1,1,0.30663217189689057,1,422,19,0,0,0,0,0
d001553,c_jamie_lee,0,med-features-v2,30095,1,295.2589814814815,804,804,76,76,2.7230331689348679,0.22895833333333335,1,0,28314,0,1,1,1,0,0,0,0,1,0.77777777777777779,0.77777777777777779,1,0,0.28312958380059478,1,1608,15,0,0,0,0,0
d001554,c_fac_005,0,med-features-v2,30106,1,295.28865740740741,211,211,20,20,0.71455504540049086,0.22627314814814814,1,0,28322,0,1,1,1,0,0,0,0,1,0.76923076923076916,0.76923076923076916,1,0,0.3287367345916527,1,422,18,0,0,0,0,0
d001555,c_fac_045,0,med-features-v2,30117,1,295.31833333333333,211,211,20,20,0.71448324124814466,0.234375,1,0,28333,0,1,1,1,0,0,0,0,1,0.76923076923076916,0.76923076923076916,1,0,0.42295857815776855,1,422,27,0,0,0,0,0
d001556,c_fac_074,0,med-features-v2,30128,1,295.34800925925924,212,212,20,20,0.71779728778840157,1.0568055555555556,1,0,28344,0,1,1,1,0,0,0,0,1,0.75,0.75,1,0,0.22938727468767584,1,424,14,0,0,0,0,0
d001557,c_lena,0,med-features-v2,30139,1,296.00243055555558,506,252,48,24,1.7094454226281455,1.7596527777777777,1,0,28355,0,1,1,1,0,0,0,0,1,0.46153846153846156,0.80000000000000004,1,0,0.65952434650008884,1,758,15,0,0,0,0,0
d001558,c_pat,0,med-features-v2,30149,1,296.02939814814818,593,593,56,56,2.0031794264677476,0.75118055555555552,1,0,593,0,1,0,1,0,0,0,0,1,0.77777777777777779,0.33333333333333337,1,0,0.54387844377354944,1,1186,14,0,0,0,0,0
d001559,c_fac_006,0,med-features-v2,30159,1,296.05636574074072,211,211,20,20,0.71270212167900027,1.9093981481481481,1,0,28372,0,1,1,1,0,0,0,0,1,0.81818181818181812,0.81818181818181812,1,1,0.34673956804495687,1,422,16,0,0,0,0,0
d001560,c_fac_061,0,med-features-v2,30170,1,296.08333333333331,211,211,20,20,0.71263720799324515,1.8546296296296296,1,0,28383,0,1,1,1,0,0,0,0,1,0.75,0.75,1,0,0.34497429686851566,1,422,18,0,0,0,0,0
d001561,c_taylor,0,med-features-v2,30181,1,296.11027777777775,1786,256,168,24,6.0315366741182199,0.01224537037037037,1,0,28394,0,1,1,1,0,0,0,0,1,0.46153846153846156,0.33333333333333337,1,0,0.61027542511058297,1,2042,15,0,0,0,0,0
d001562,c_pat,0,med-features-v2,30191,1,296.13724537037035,595,595,56,56,2.0092035341783863,0.0094675925925925934,1,0,595,0,1,0,1,0,0,0,0,1,0.77777777777777779,0.33333333333333337,1,0,0.15015361661595972,1,1190,16,0,0,0,0,0
d001563,c_fac_015,0,med-features-v2,30202,1,296.16421296296295,213,213,20,20,0.7191956039153079,0.86981481481481482,1,0,28409,0,1,1,1,0,0,0,0,1,0.76923076923076916,0.76923076923076916,1,0,0.22358585217019095,1,426,14,0,0,0,0,0
d001564,c_fac_034,0,med-features-v2,30213,1,296.19115740740739,213,213,20,20,0.71913017884940111,1.0181712962962963,1,0,28420,0,1,1,1,0,0,0,0,1,0.7142857142857143,0.7142857142857143,1,0,0.27426690026178746,1,426,19,0,0,0,0,0
d001565,c_fac_050,0,med-features-v2,30224,1,296.21812499999999,212,212,20,20,0.7156888188391578,0.89673611111111107,1,0,28431,0,1,1,1,0,0,0,0,1,0.75,0.75,1,0,0.27222277794001365,1,424,14,0,0,0,0,0
d000168,c_fac_004,0,med-features-v2,30233,1,296.24018518518517,214,214,20,20,0.72238680200062888,0.092800925925925926,1,0,28440,0,1,1,1,0,0,0,0,1,0.75,0.75,1,0,0.073955030059217663,1,428,26,0,0,0,0,0
d000258,c_noah,0,med-features-v2,30235,1,296.24509259259258,2430,2042,229,192,8.2026675234814022,0.0094675925925925934,1,0,28442,0,1,1,6,1,1915,0.80000000000000004,0.7880658436213992,1,0.40000000000000002,0.33333333333333337,1,0,0.60763361947617633,1,4469,17,0,0,0,0,0
d000258,c_elena,1,med-features-v2,30235,1,296.24509259259258,2170,255,204,24,7.3250158543023218,0.0098148148148148144,1,0,28442,0,1,1,6,1,1915,0.80000000000000004,0.88248847926267282,1,0.45454545454545459,0.80000000000000004,1,0,0.71954809826620569,1,2425,17,0,0,0,0,0
d000258,c_taylor,2,med-features-v2,30235,1,296.24509259259258,1789,257,168,24,6.0389186006206703,0.0098148148148148144,1,0,28442,0,1,1,6,1,1532,0.80000000000000004,0.85634432643935154,1,0.46153846153846156,0.33333333333333337,1,0,0.73422117983182134,1,2046,17,0,0,0,0,0
d000258,c_chris,3,med-features-v2,30235,1,296.24509259259258,2170,638,204,60,7.3250158543023218,0.0098148148148148144,1,0,28442,0,1,1,6,1,1915,0.80000000000000004,0.88248847926267282,1,0.33333333333333337,0.33333333333333337,1,0,0.60963053472998185,1,2808,17,0,0,0,0,0
d000258,c_lena,4,med-features-v2,30235,1,296.24509259259258,509,254,48,24,1.7181719215851989,0.14425925925925925,1,0,28442,0,1,1,6,1,255,0.80000000000000004,0.50098231827111983,1,0.46153846153846156,0.80000000000000004,1,0,0.58589032226406168,1,763,17,0,0,0,0,0
d000258,c_alex_chan,5,med-features-v2,30235,1,296.24509259259258,809,809,76,76,2.7308469244841374,0.0021064814814814813,1,0,28442,0,1,1,6,1,0,0,0,1,0.88888888888888884,0.88888888888888884,1,1,0.16394606819541652,1,1618,17,0,0,0,0,0
d001566,c_morgan_shaw,0,med-features-v2,30237,1,296.25,808,808,76,76,2.7274261603375529,0.13201388888888888,1,0,28444,0,1,1,2,1,85,1,0.10519801980198019,1,0.81818181818181812,0.81818181818181812,1,1,0.27664323196028645,1,1616,27,0,0,0,0,0
d001566,c_morgan_zhao,1,med-features-v2,30237,1,296.25,808,723,76,68,2.7274261603375529,0.12710648148148149,1,0,28444,0,1,1,2,1,85,1,0.10519801980198019,1,0.81818181818181812,0.81818181818181812,1,1,0.25811091236333789,1,1531,27,0,0,0,0,0
d001567,c_fac_046,0,med-features-v2,30247,1,296.27694444444444,212,212,20,20,0.71554673414607395,0.200625,1,0,28454,0,1,1,1,0,0,0,0,1,0.81818181818181812,0.81818181818181812,1,1,0.37430123623833395,1,424,16,0,0,0,0,0
d001568,c_alex_chan,0,med-features-v2,30258,1,296.30391203703704,809,809,76,76,2.7303048226338555,0.060925925925925925,1,0,28465,0,1,1,1,0,0,0,0,1,0.88888888888888884,0.88888888888888884,1,1,0.39141592616391868,1,1618,24,0,0,0,0,0
d001569,c_fac_086,0,med-features-v2,30268,1,296.33087962962964,212,212,20,20,0.7154164974806847,0.23495370370370369,1,0,28472,0,1,1,1,0,0,0,0,1,0.75,0.75,1,0,0.39022798390619623,1,424,16,0,0,0,0,0
d001570,c_fac_079,0,med-features-v2,30279,1,296.35782407407407,213,213,20,20,0.71872575210553935,1.0013657407407408,1,0,28483,0,1,1,1,0,0,0,0,1,0.83333333333333337,0.83333333333333337,1,1,0.32380113501811636,1,426,14,0,0,0,0,0
d001571,c_elena,0,med-features-v2,30288,1,297.01055555555558,2174,255,204,24,7.3196051767707466,0.010555555555555556,1,0,28492,0,1,1,1,0,0,0,0,1,0.45454545454545459,0.80000000000000004,1,0,0.5678019082675988,1,2429,15,0,0,0,0,0
d001572,c_jamie_li,0,med-features-v2,30297,1,297.03960648148148,810,724,76,68,2.7269090798856088,0.72555555555555551,1,0,28501,0,1,1,1,0,0,0,0,1,0.77777777777777779,0.77777777777777779,1,0,0.21357892823913108,1,1534,17,0,0,0,0,0
d001573,c_fac_017,0,med-features-v2,30308,1,297.06865740740739,213,213,20,20,0.71700596710169417,1.9253472222222223,1,0,28509,0,1,1,1,0,0,0,0,1,0.81818181818181812,0.81818181818181812,1,1,0.4042442204073084,1,426,27,0,0,0,0,0
d001574,c_fac_072,0,med-features-v2,30319,1,297.09770833333334,212,212,20,20,0.71356996049980748,1.7547453703703704,1,0,28520,0,1,1,1,0,0,0,0,1,0.72727272727272729,0.72727272727272729,1,0,0.34839176615610506,1,424,16,0,0,0,0,0
d001575,c_fac_004,0,med-features-v2,30330,1,297.12675925925925,214,214,20,20,0.72023132663481637,0.979375,1,0,28531,0,1,1,1,0,0,0,0,1,0.75,0.75,1,0,0.31521042181414488,1,428,15,0,0,0,0,0
d001576,c_fac_021,0,med-features-v2,30341,1,297.15578703703704,214,214,20,20,0.72016097055961881,0.89074074074074072,1,0,28542,0,1,1,1,0,0,0,0,1,0.76923076923076916,0.76923076923076916,1,0,0.2930984514752612,1,428,25,0,0,0,0,0
d001577,c_fac_040,0,med-features-v2,30352,1,297.18483796296294,213,213,20,20,0.71672566292411399,0.98351851851851857,1,0,28553,0,1,1,1,0,0,0,0,1,0.66666666666666674,0.66666666666666674,1,0,0.27490881332396033,1,426,26,0,0,0,0,0
d001578,c_fac_056,0,med-features-v2,30363,1,297.2138888888889,213,213,20,20,0.71665560716655607,0.93168981481481483,1,0,28564,0,1,1,1,0,0,0,0,1,0.75,0.75,1,0,0.27269095827221362,1,426,15,0,0,0,0,0
d001579,c_marcus,0,med-features-v2,812,1,297.23298611111113,171,171,16,16,0.575306268114122,0.23467592592592593,1,0,812,0,1,1,1,0,0,0,0,1,0.41666666666666663,0.33333333333333337,1,0,0.46132547177352157,1,342,26,0,0,0,0,0
d000337,c_fac_025,0,med-features-v2,30377,1,297.26047453703706,214,214,20,20,0.71990734837280479,0.099039351851851851,1,0,28578,0,1,1,1,0,0,0,0,1,0.75,0.75,1,0,0.25888352599207748,1,428,25,0,0,0,0,0
d001580,c_morgan_zhao,0,med-features-v2,30382,1,297.27199074074076,811,725,76,68,2.7281413159011536,0.22412037037037036,1,0,28583,0,1,1,1,0,0,0,0,1,0.81818181818181812,0.81818181818181812,1,1,0.26011953836382856,1,1536,24,0,0,0,0,0
d001581,c_noah,0,med-features-v2,30393,1,297.30104166666666,2440,2051,229,192,8.2071693604616538,0.065671296296296297,1,0,28591,0,1,1,1,0,0,0,0,1,0.40000000000000002,0.33333333333333337,1,0,0.54692343496964102,1,4488,15,0,0,0,0,0
d001582,c_fac_067,0,med-features-v2,30404,1,297.33009259259262,213,213,20,20,0.71637552103364344,0.23467592592592593,1,0,28602,0,1,1,1,0,0,0,0,1,0.72727272727272729,0.72727272727272729,1,0,0.36315670551458729,1,426,27,0,0,0,0,0
d001583,c_fac_080,0,med-features-v2,30415,1,297.35914351851852,213,213,20,20,0.71630553370468353,0.99851851851851847,1,0,28613,0,1,1,1,0,0,0,0,1,0.75,0.75,1,0,0.32768394467382445,1,426,19,0,0,0,0,0
d001584,c_jamie_lee,0,med-features-v2,30426,1,298.01224537037035,814,814,76,76,2.7314313846008536,0.74254629629629632,1,0,28624,0,1,1,1,0,0,0,0,1,0.77777777777777779,0.77777777777777779,1,0,0.35949733384967703,1,1628,17,0,0,0,0,0
d001585,c_maya,0,med-features-v2,897,1,298.03407407407406,897,983,84,92,3.0097229747530734,0.03152777777777778,1,0,897,0,1,1,1,0,0,0,0,1,0.33333333333333337,0.5,1,0,0.47265522064952631,1,1880,15,0,0,0,0,0
d001586,c_fac_018,0,med-features-v2,30445,1,298.06615740740739,214,214,20,20,0.7179614145442792,1.8991435185185186,1,0,28640,0,1,1,1,0,0,0,0,1,0.66666666666666674,0.66666666666666674,1,0,0.3956486329363611,1,428,16,0,0,0,0,0
d001587,c_fac_073,0,med-features-v2,30456,1,298.09312499999999,213,213,20,20,0.71454180635665454,1.7447453703703704,1,0,28651,0,1,1,1,0,0,0,0,1,0.72727272727272729,0.72727272727272729,1,0,0.38373300187389842,1,426,18,0,0,0,0,0
d000034,c_alex_chen,0,med-features-v2,30462,1,298.10782407407407,985,899,92,84,3.3041735924222051,0.058472222222222224,1,0,28657,0,1,1,1,0,0,0,0,1,0.88888888888888884,0.88888888888888884,1,1,0.24893066655505758,1,1884,24,0,0,0,0,0
d001588,c_elena,0,med-features-v2,2786,1,298.12219907407405,557,557,52,52,1.8683613690290903,0.1025925925925926,1,0,2786,0,1,1,3,1,385,1,0.69120287253141832,1,0.45454545454545459,0.80000000000000004,1,0,0.60438576912512276,1,1114,17,0,0,0,0,0
d001588,c_taylor,1,med-features-v2,2786,1,298.12219907407405,556,171,52,16,1.8650070398207796,0.068287037037037035,1,0,2786,0,1,1,3,1,385,1,0.69244604316546765,1,0.46153846153846156,0.33333333333333337,1,0,0.6975262581798457,1,727,17,0,0,0,0,0
d001588,c_lena,2,med-features-v2,2786,1,298.12219907407405,385,0,36,0,1.2914167451996406,0.10293981481481482,1,0,2786,0,1,1,3,1,385,1,1,1,0.46153846153846156,0.80000000000000004,1,0,0.75324854385439532,1,385,17,0,0,0,0,0
d000103,c_fac_001,0,med-features-v2,30474,1,298.13969907407409,214,214,20,20,0.71778431609280846,1.0231712962962962,1,0,28666,0,1,1,2,1,0,0,0,1,0.75,0.75,1,0,0.29070150839750836,1,428,19,0,0,0,0,0
d000103,c_ren,1,med-features-v2,30474,1,298.13969907407409,601,601,56,56,2.0158335232326072,0.0045601851851851853,1,0,601,0,1,0,2,1,0,0,0,1,0.54545454545454541,0.5,1,0,0.02469811214631857,1,1202,19,0,0,0,0,0
d001589,c_fac_010,0,med-features-v2,30479,1,298.15194444444444,215,215,20,20,0.72110883060184638,1.0142824074074075,1,0,28671,0,1,1,1,0,0,0,0,1,0.64285714285714279,0.64285714285714279,1,0,0.36658243274107372,1,430,26,0,0,0,0,0
d001590,c_fac_027,0,med-features-v2,30490,1,298.17891203703704,214,214,20,20,0.71768992159116496,0.87224537037037042,1,0,28682,0,1,1,1,0,0,0,0,1,0.75,0.75,1,0,0.28315668429891488,1,428,25,0,0,0,0,0
d001591,c_fac_045,0,med-features-v2,30501,1,298.20587962962964,214,214,20,20,0.71762501888221331,1.0127546296296297,1,0,28693,0,1,1,1,0,0,0,0,1,0.76923076923076916,0.76923076923076916,1,0,0.30924002259156097,1,428,15,0,0,0,0,0
d001592,c_fac_062,0,med-features-v2,30512,1,298.23282407407407,214,214,20,20,0.71756018360623974,0.9050231481481481,1,0,28704,0,1,1,1,0,0,0,0,1,0.75,0.75,1,0,0.28792304126224438,1,428,25,0,0,0,0,0
d001593,c_fac_003,0,med-features-v2,30521,1,298.25979166666667,214,214,20,20,0.71749530435924502,0.200625,1,0,28713,0,1,1,1,0,0,0,0,1,0.75,0.75,1,0,0.37914355825375184,1,428,18,0,0,0,0,0
d001594,c_fac_058,0,med-features-v2,30532,1,298.28675925925927,214,214,20,20,0.71743043684349228,0.20064814814814816,1,0,28724,0,1,1,1,0,0,0,0,1,0.7142857142857143,0.7142857142857143,1,0,0.36440353083885979,1,428,18,0,0,0,0,0
d001595,c_jamie_li,0,med-features-v2,30542,1,298.31370370370371,816,730,76,68,2.7353755119827872,0.060925925925925925,1,0,28734,0,1,1,1,0,0,0,0,1,0.77777777777777779,0.77777777777777779,1,0,0.41462146241429376,1,1546,25,0,0,0,0,0
d001596,c_fac_066,0,med-features-v2,30553,1,298.34067129629631,214,214,20,20,0.71730079264810132,1.1105787037037036,1,0,28742,0,1,1,1,0,0,0,0,1,0.72727272727272729,0.66666666666666674,1,0,0.28910030939347303,1,428,14,0,0,0,0,0
d001597,c_fac_085,0,med-features-v2,30564,1,298.36763888888891,214,214,20,20,0.71723596029693049,1.0002314814814814,1,0,28753,0,1,1,1,0,0,0,0,1,0.75,0.75,1,0,0.35346717635526465,1,428,26,0,0,0,0,0
d001598,c_chris,0,med-features-v2,30575,1,301.01921296296297,2195,646,204,60,7.2918933592124899,0.0092592592592592587,1,0,28764,0,1,1,1,0,0,0,0,1,0.33333333333333337,0.33333333333333337,1,0,0.36454865336324743,1,2841,19,0,0,0,0,0
d001599,c_noah,0,med-features-v2,30584,1,301.04567129629629,2460,2067,229,192,8.1715175953445609,0.0092824074074074076,1,0,28770,0,1,1,5,1,1938,1,0.78780487804878052,1,0.40000000000000002,0.33333333333333337,1,0,0.57271282986165384,1,4524,28,0,0,0,0,0
d001599,c_elena,1,med-features-v2,30584,1,301.04567129629629,2196,258,204,24,7.2945742436490466,0.0096296296296296303,1,0,28770,0,1,1,5,1,1938,1,0.88251366120218577,1,0.45454545454545459,0.80000000000000004,1,0,0.72723323989981115,1,2454,28,0,0,0,0,0
d001599,c_taylor,2,med-features-v2,30584,1,301.04567129629629,1809,259,168,24,6.0090550121863044,0.0096296296296296303,1,0,28770,0,1,1,5,1,1550,1,0.85682697622996129,1,0.46153846153846156,0.33333333333333337,1,0,0.72941939675948564,1,2068,28,0,0,0,0,0
d001599,c_chris,3,med-features-v2,30584,1,301.04567129629629,2197,647,204,60,7.2978959987691052,0.0096296296296296303,1,0,28770,0,1,1,5,1,1938,1,0.88211197086936732,1,0.33333333333333337,0.33333333333333337,1,0,0.66478219826116902,1,2844,28,0,0,0,0,0
d001599,c_lena,4,med-features-v2,30584,1,301.04567129629629,516,258,48,24,1.7140256419503224,2.7463194444444445,1,0,28770,0,1,1,5,1,258,1,0.5,1,0.46153846153846156,0.80000000000000004,1,0,0.54199676863339397,1,774,28,0,0,0,0,0
d001600,c_fac_029,0,med-features-v2,30595,1,301.07210648148146,215,215,20,20,0.71411464354046483,3.9053935185185185,1,0,28781,0,1,1,1,0,0,0,0,1,0.76923076923076916,0.76923076923076916,1,0,0.41305736351451894,1,430,27,0,0,0,0,0
d001601,c_fac_084,0,med-features-v2,30606,1,301.09854166666668,215,215,20,20,0.71405194727916455,3.7337731481481482,1,0,28792,0,1,1,1,0,0,0,0,1,0.66666666666666674,0.66666666666666674,1,0,0.34870531392311443,1,430,18,0,0,0,0,0
d001602,c_elena,0,med-features-v2,2801,1,301.12465277777778,560,560,52,52,1.8596949629802164,0.10303240740740741,1,0,2801,0,1,1,3,1,388,1,0.69285714285714284,1,0.45454545454545459,0.80000000000000004,1,0,0.6178952233049072,1,1120,17,0,0,0,0,0
d001602,c_taylor,1,med-features-v2,2801,1,301.12465277777778,560,172,52,16,1.8596949629802164,0.10337962962962963,1,0,2801,0,1,1,3,1,388,1,0.69285714285714284,1,0.46153846153846156,0.33333333333333337,1,0,0.71196431795945725,1,732,17,0,0,0,0,0
d001602,c_lena,2,med-features-v2,2801,1,301.12465277777778,388,0,36,0,1.2885029386362929,0.10337962962962963,1,0,2801,0,1,1,3,1,388,1,1,1,0.46153846153846156,0.80000000000000004,1,0,0.80957634638987608,1,388,17,0,0,0,0,0
d001603,c_fac_008,0,med-features-v2,30627,1,301.15143518518516,215,215,20,20,0.7139265329012674,2.8888425925925927,1,0,28810,0,1,1,1,0,0,0,0,1,0.76923076923076916,0.76923076923076916,1,0,0.28931675630982312,1,430,15,0,0,0,0,0
d001604,c_fac_027,0,med-features-v2,30638,1,301.17787037037039,215,215,20,20,0.71386386966481286,2.9986111111111109,1,0,28821,0,1,1,1,0,0,0,0,1,0.75,0.75,1,0,0.29126623832280429,1,430,14,0,0,0,0,0
d001605,c_noah,0,med-features-v2,30649,1,301.20430555555555,2464,2070,229,192,8.1804939522869073,0.076574074074074072,1,0,28832,0,1,1,4,1,1941,1,0.78774350649350644,1,0.40000000000000002,0.33333333333333337,1,0,0.60761687345423254,1,4531,17,0,0,0,0,0
d001605,c_elena,1,med-features-v2,30649,1,301.20430555555555,2199,258,204,24,7.3006924517365706,0.091342592592592586,1,0,28832,0,1,1,4,1,1941,1,0.88267394270122779,1,0.45454545454545459,0.80000000000000004,1,0,0.71946179139965016,1,2457,17,0,0,0,0,0
d001605,c_taylor,2,med-features-v2,30649,1,301.20430555555555,1812,260,168,24,6.0158502603668333,0.088587962962962966,1,0,28832,0,1,1,4,1,1552,1,0.85651214128035325,1,0.46153846153846156,0.33333333333333337,1,0,0.73464551055564109,1,2072,17,0,0,0,0,0
d001605,c_chris,3,med-features-v2,30649,1,301.20430555555555,2201,649,204,60,7.3073324630614787,0.081365740740740738,1,0,28832,0,1,1,4,1,1941,1,0.88187187641980913,1,0.33333333333333337,0.33333333333333337,1,0,0.60927394721508532,1,2850,17,0,0,0,0,0
d001606,c_fac_062,0,med-features-v2,30660,1,301.23076388888887,215,215,20,20,0.71373852133942162,2.9975925925925928,1,0,28843,0,1,1,1,0,0,0,0,1,0.75,0.75,1,0,0.26890641678109306,1,430,19,0,0,0,0,0
d001607,c_fac_004,0,med-features-v2,30670,1,301.25719907407409,216,216,20,20,0.71699531385103665,0.19675925925925927,1,0,28853,0,1,1,1,0,0,0,0,1,0.75,0.75,1,0,0.41481003855876436,1,432,27,0,0,0,0,0
d001608,c_fac_059,0,med-features-v2,30681,1,301.28363425925926,216,216,20,20,0.71693240335161601,0.19675925925925927,1,0,28864,0,1,1,1,0,0,0,0,1,0.66666666666666674,0.66666666666666674,1,0,0.43852067477286116,1,432,27,0,0,0,0,0
d001609,c_elena,0,med-features-v2,2806,1,301.30974537037036,561,561,52,52,1.8618714084750827,0.18474537037037037,1,0,2806,0,1,1,3,1,389,1,0.69340463458110513,1,0.45454545454545459,0.80000000000000004,1,0,0.55854796494433467,1,1122,28,0,0,0,0,0
d001609,c_taylor,1,med-features-v2,2806,1,301.30974537037036,561,172,52,16,1.8618714084750827,0.18509259259259259,1,0,2806,0,1,1,3,1,389,1,0.69340463458110513,1,0.46153846153846156,0.33333333333333337,1,0,0.66593984460986921,1,733,28,0,0,0,0,0
d001609,c_lena,2,med-features-v2,2806,1,301.30974537037036,389,0,36,0,1.2910302636306723,0.18509259259259259,1,0,2806,0,1,1,3,1,389,1,1,1,0.46153846153846156,0.80000000000000004,1,0,0.72372901076273732,1,389,28,0,0,0,0,0
d000259,c_noah,0,med-features-v2,30698,1,301.32692129629629,2469,2074,229,192,8.1937584248312803,0.014074074074074074,1,0,28880,0,1,1,5,1,1945,0.75,0.78776832725799917,1,0.40000000000000002,0.33333333333333337,1,0,0.60324162658752933,1,4540,17,0,0,0,0,0
d000259,c_elena,1,med-features-v2,30698,1,301.32692129629629,2203,258,204,24,7.3109962778061206,0.02886574074074074,1,0,28880,0,1,1,5,1,1945,0.75,0.88288697231048574,1,0.45454545454545459,0.80000000000000004,1,0,0.73589334958939912,1,2461,17,0,0,0,0,0
d000259,c_taylor,2,med-features-v2,30698,1,301.32692129629629,1816,261,168,24,6.0266769135251543,0.026111111111111113,1,0,28880,0,1,1,5,1,1555,0.75,0.8562775330396476,1,0.46153846153846156,0.33333333333333337,1,0,0.75188521279608422,1,2077,17,0,0,0,0,0
d000259,c_chris,3,med-features-v2,30698,1,301.32692129629629,2206,651,204,60,7.3209522418703141,0.018888888888888889,1,0,28880,0,1,1,5,1,1945,0.75,0.88168631006346332,1,0.33333333333333337,0.33333333333333337,1,0,0.62240239106631834,1,2857,17,0,0,0,0,0
d000259,c_lee,4,med-features-v2,30698,1,301.32692129629629,605,605,56,56,2.00778608627903,0.0020601851851851853,1,0,605,0,1,0,5,1,0,0,0,1,0.5,0.5,1,0,0.019707460555931245,1,1210,17,0,0,0,0,0
d001610,c_fac_066,0,med-features-v2,30703,1,301.33893518518516,215,215,20,20,0.71348231143072716,2.9979166666666668,1,0,28883,0,1,1,1,0,0,0,0,1,0.72727272727272729,0.66666666666666674,1,0,0.39991473465226729,1,430,26,0,0,0,0,0
d000338,c_fac_026,0,med-features-v2,30707,1,301.34702546296296,216,216,20,20,0.71678158982374784,0.17121527777777779,1,0,28887,0,1,1,1,0,0,0,0,1,0.76923076923076916,0.76923076923076916,1,0,0.27528738012783632,1,432,26,0,0,0,0,0
d000215,c_dir_104,0,med-features-v2,30713,1,301.36055555555555,0,0,0,0,0,3650,0,1,28893,0,1,1,1,0,0,0,0,0,0.75,0.75,1,0,0,0,0,26,0,0,0,0,0
d001611,c_fac_086,0,med-features-v2,30716,1,301.3677777777778,215,215,20,20,0.71341402715766256,2.9973379629629631,1,0,28896,0,1,1,1,0,0,0,0,1,0.75,0.75,1,0,0.32196338213717735,1,430,15,0,0,0,0,0
d001612,c_alex_chan,0,med-features-v2,30724,1,302.02157407407407,822,822,76,76,2.7216598765172835,0.71835648148148146,1,0,28904,0,1,1,1,0,0,0,0,1,0.88888888888888884,0.88888888888888884,1,1,0.2173854526498494,1,1644,14,0,0,0,0,0
d001613,c_pat,0,med-features-v2,30734,1,302.05124999999998,605,605,56,56,2.0029713500606272,0.72159722222222222,1,0,605,0,1,0,1,0,0,0,0,1,0.77777777777777779,0.33333333333333337,1,0,0.29807026670471171,1,1210,15,0,0,0,0,0
d001614,c_fac_040,0,med-features-v2,30745,1,302.08092592592595,215,215,20,20,0.71172980995404089,3.8845138888888888,1,0,28922,0,1,1,1,0,0,0,0,1,0.66666666666666674,0.66666666666666674,1,0,0.36700525387339322,1,430,27,0,0,0,0,0
d001615,c_sam,0,med-features-v2,30756,1,302.11060185185187,217,217,20,20,0.71827998974498697,0.85546296296296298,1,0,28933,0,1,1,1,0,0,0,0,1,0.45454545454545459,0.33333333333333337,1,0,0.28890272358955915,1,434,14,0,0,0,0,0
d001616,c_fac_014,0,med-features-v2,30767,1,302.14027777777778,218,218,20,20,0.72151916190511212,0.87791666666666668,1,0,28944,0,1,1,1,0,0,0,0,1,0.76923076923076916,0.76923076923076916,1,0,0.2886131261662494,1,436,15,0,0,0,0,0
d001617,c_fac_033,0,med-features-v2,30778,1,302.1699537037037,216,216,20,20,0.71482951018949203,0.98212962962962957,1,0,28955,0,1,1,1,0,0,0,0,1,0.69230769230769229,0.69230769230769229,1,0,0.30380477489479513,1,432,14,0,0,0,0,0
d001618,c_fac_052,0,med-features-v2,30789,1,302.19962962962961,216,216,20,20,0.71475931411539351,0.98293981481481485,1,0,28966,0,1,1,1,0,0,0,0,1,0.72727272727272729,0.72727272727272729,1,0,0.38161084048785043,1,432,26,0,0,0,0,0
d001619,c_fac_068,0,med-features-v2,30800,1,302.22930555555558,216,216,20,20,0.71468913182641391,0.88523148148148145,1,0,28977,0,1,1,1,0,0,0,0,1,0.80000000000000004,0.80000000000000004,1,1,0.3094486885392545,1,432,19,0,0,0,0,0
d000169,c_fac_005,0,med-features-v2,30803,1,302.23740740740743,216,216,20,20,0.71466997369004737,0.17502314814814815,1,0,28980,0,1,1,1,0,0,0,0,1,0.76923076923076916,0.76923076923076916,1,0,0.073321706364246647,1,432,26,0,0,0,0,0
d001620,c_jamie_li,0,med-features-v2,30808,1,302.26168981481482,822,736,76,68,2.7194977984262931,0.21819444444444444,1,0,28985,0,1,1,1,0,0,0,0,1,0.77777777777777779,0.77777777777777779,1,0,0.24948421591881267,1,1558,24,0,0,0,0,0
d001621,c_fac_010,0,med-features-v2,30819,1,302.29136574074073,217,217,20,20,0.7178504733942993,0.22627314814814814,1,0,28993,0,1,1,1,0,0,0,0,1,0.64285714285714279,0.64285714285714279,1,0,0.40470212556469898,1,434,16,0,0,0,0,0
d001622,c_fac_050,0,med-features-v2,30830,1,302.32104166666664,216,216,20,20,0.71447226699541955,0.234375,1,0,29004,0,1,1,1,0,0,0,0,1,0.75,0.75,1,0,0.3799655556217103,1,432,16,0,0,0,0,0
d001623,c_fac_077,0,med-features-v2,30841,1,302.35071759259262,216,216,20,20,0.7144021410627267,0.99460648148148145,1,0,29015,0,1,1,1,0,0,0,0,1,0.75,0.75,1,0,0.31820350616387638,1,432,15,0,0,0,0,0
d001624,c_alex_chan,0,med-features-v2,30852,1,303.00488425925926,824,824,76,76,2.7194281109177205,0.75094907407407407,1,0,29026,0,1,1,1,0,0,0,0,1,0.88888888888888884,0.88888888888888884,1,1,0.33046641015016537,1,1648,17,0,0,0,0,0
d000104,c_chris,0,med-features-v2,30854,1,303.00979166666667,2214,651,204,60,7.3066945718888343,0.0097916666666666673,1,0,29028,0,1,1,5,1,1953,0.75,0.88211382113821135,1,0.33333333333333337,0.33333333333333337,1,0,0.44000303482439462,1,2865,28,0,0,0,0,0
d000104,c_noah,1,med-features-v2,30854,1,303.00979166666667,2480,2085,229,192,8.1845539919983334,0.0094444444444444445,1,0,29028,0,1,1,5,1,1953,0.75,0.78749999999999998,1,0.40000000000000002,0.33333333333333337,1,0,0.20598584804253334,1,4562,28,0,0,0,0,0
d000104,c_elena,2,med-features-v2,30854,1,303.00979166666667,2214,261,204,24,7.3066945718888343,0.0097916666666666673,1,0,29028,0,1,1,5,1,1953,0.75,0.88211382113821135,1,0.45454545454545459,0.80000000000000004,1,0,0.32375304788741388,1,2475,28,0,0,0,0,0
d000104,c_marcus,3,med-features-v2,30854,1,303.00979166666667,564,174,52,16,1.8613259885028468,0.75856481481481486,1,0,29028,0,1,1,5,1,390,0.75,0.69148936170212771,1,0.41666666666666663,0.33333333333333337,1,0,0.61691339745135865,1,738,28,0,0,0,0,0
d000104,c_lee,4,med-features-v2,30854,1,303.00979166666667,607,607,56,56,2.0032355940092694,0.73428240740740736,1,0,607,0,1,0,5,1,0,0,0,1,0.5,0.5,1,0,0.085249861732877547,1,1214,28,0,0,0,0,0
d001625,c_noah,0,med-features-v2,30863,1,303.03430555555553,2481,2085,229,192,8.1871918608408389,0.024513888888888891,1,0,29034,0,1,1,4,1,1954,1,0.78758565094719868,1,0.40000000000000002,0.33333333333333337,1,0,0.57275455581278234,1,4563,28,0,0,0,0,0
d001625,c_elena,1,med-features-v2,30863,1,303.03430555555553,2215,261,204,24,7.3094034549626992,0.024513888888888891,1,0,29034,0,1,1,4,1,1954,1,0.88216704288939052,1,0.45454545454545459,0.80000000000000004,1,0,0.72710865166971539,1,2476,28,0,0,0,0,0
d001625,c_taylor,2,med-features-v2,30863,1,303.03430555555553,1825,262,168,24,6.0224204538631723,0.021712962962962962,1,0,29034,0,1,1,4,1,1563,1,0.85643835616438357,1,0.46153846153846156,0.33333333333333337,1,0,0.72930522332865233,1,2087,28,0,0,0,0,0
d001625,c_chris,3,med-features-v2,30863,1,303.03430555555553,2215,652,204,60,7.3094034549626992,0.024166666666666666,1,0,29034,0,1,1,4,1,1954,1,0.88216704288939052,1,0.33333333333333337,0.33333333333333337,1,0,0.66439389148341643,1,2867,28,0,0,0,0,0
d001626,c_fac_016,0,med-features-v2,30873,1,303.06127314814813,217,217,20,20,0.71602682106440552,1.8998842592592593,1,0,29044,0,1,1,1,0,0,0,0,1,0.66666666666666674,0.66666666666666674,1,0,0.40479489507031075,1,434,27,0,0,0,0,0
d001627,c_fac_071,0,med-features-v2,30884,1,303.08821759259257,216,216,20,20,0.71266379708083716,1.7417361111111112,1,0,29055,0,1,1,1,0,0,0,0,1,0.83333333333333337,0.83333333333333337,1,1,0.38461819297873928,1,432,16,0,0,0,0,0
d001628,c_jamie_li,0,med-features-v2,30895,1,303.11518518518517,826,739,76,68,2.7250366869458014,0.068634259259259256,1,0,29066,0,1,1,1,0,0,0,0,1,0.77777777777777779,0.77777777777777779,1,0,0.39348328089644891,1,1565,14,0,0,0,0,0
d001629,c_hana,0,med-features-v2,30905,1,303.14215277777777,217,217,20,20,0.71583578203020359,0.85585648148148152,1,0,29070,0,1,1,1,0,0,0,0,1,0.38461538461538458,0.5,1,0,0.28564566398622621,1,434,15,0,0,0,0,0
d001630,c_fac_019,0,med-features-v2,30916,1,303.16909722222221,219,219,20,20,0.72236913988457585,1.0203703703703704,1,0,29081,0,1,1,1,0,0,0,0,1,0.75,0.75,1,0,0.2836704659713537,1,438,19,0,0,0,0,0
d001631,c_fac_038,0,med-features-v2,30927,1,303.1960648148148,217,217,20,20,0.71570849751146548,1.0176620370370371,1,0,29092,0,1,1,1,0,0,0,0,1,0.76923076923076916,0.76923076923076916,1,0,0.4063160521778203,1,434,26,0,0,0,0,0
d001632,c_fac_054,0,med-features-v2,30938,1,303.2230324074074,218,218,20,20,0.71894274741998299,1.0149537037037037,1,0,29103,0,1,1,1,0,0,0,0,1,0.80000000000000004,0.80000000000000004,1,1,0.29046739537944133,1,436,26,0,0,0,0,0
d001633,c_morgan_shaw,0,med-features-v2,30949,1,303.25,827,827,76,76,2.7271228359439408,0.13201388888888888,1,0,29114,0,1,1,2,1,87,1,0.10519951632406288,1,0.81818181818181812,0.81818181818181812,1,1,0.25675721726313522,1,1654,20,0,0,0,0,0
d001633,c_morgan_zhao,1,med-features-v2,30949,1,303.25,827,740,76,68,2.7271228359439408,0.12710648148148149,1,0,29114,0,1,1,2,1,87,1,0.10519951632406288,1,0.81818181818181812,0.81818181818181812,1,1,0.23136387414823242,1,1567,20,0,0,0,0,0
d001634,c_fac_046,0,med-features-v2,30959,1,303.27694444444444,217,217,20,20,0.71551762827705157,0.200625,1,0,29124,0,1,1,1,0,0,0,0,1,0.81818181818181812,0.81818181818181812,1,1,0.34145463971220058,1,434,18,0,0,0,0,0
d001635,c_alex_chan,0,med-features-v2,30970,1,303.30391203703704,828,828,76,76,2.7299351150435913,0.060925925925925925,1,0,29135,0,1,1,1,0,0,0,0,1,0.88888888888888884,0.88888888888888884,1,1,0.39099865715487275,1,1656,24,0,0,0,0,0
d000035,c_jamie_li,0,med-features-v2,30972,1,303.30881944444445,828,740,76,68,2.7298909458571172,0.061273148148148146,1,0,29137,0,1,1,1,0,0,0,0,1,0.77777777777777779,0.77777777777777779,1,0,0.21310534077323748,1,1568,17,0,0,0,0,0
d000036,c_morgan_zhao,0,med-features-v2,30974,1,303.31615740740739,828,740,76,68,2.7298249030889878,0.066157407407407401,1,0,29139,0,1,1,1,0,0,0,0,1,0.81818181818181812,0.81818181818181812,1,1,0.21204233501692787,1,1568,18,0,0,0,0,0
d001636,c_fac_064,0,med-features-v2,30982,1,303.33576388888889,218,218,20,20,0.71867556006304889,1.1115046296296296,1,0,29144,0,1,1,1,0,0,0,0,1,0.66666666666666674,0.66666666666666674,1,0,0.27766239415003624,1,436,26,0,0,0,0,0
d001637,c_fac_083,0,med-features-v2,30993,1,303.36273148148149,217,217,20,20,0.71531528919282084,1.0008796296296296,1,0,29155,0,1,1,1,0,0,0,0,1,0.63636363636363635,0.63636363636363635,1,0,0.39344381051264243,1,434,26,0,0,0,0,0
d001638,c_noah,0,med-features-v2,31002,1,304.01583333333332,2491,2093,229,192,8.1936521946499496,0.015486111111111112,1,0,29164,0,1,1,1,0,0,0,0,1,0.40000000000000002,0.33333333333333337,1,0,0.51811774175148473,1,4581,26,0,0,0,0,0
d001639,c_morgan_shaw,0,med-features-v2,31011,1,304.04488425925928,829,829,76,76,2.726571118010034,0.72837962962962965,1,0,29173,0,1,1,1,0,0,0,0,1,0.81818181818181812,0.81818181818181812,1,1,0.26940266364188098,1,1658,15,0,0,0,0,0
d001640,c_fac_027,0,med-features-v2,31022,1,304.07393518518518,217,217,20,20,0.71364222608506067,1.9144212962962963,1,0,29181,0,1,1,1,0,0,0,0,1,0.75,0.75,1,0,0.35214358051047029,1,434,18,0,0,0,0,0
d001641,c_fac_082,0,med-features-v2,31033,1,304.10298611111114,217,217,20,20,0.71357405191908896,1.7438425925925927,1,0,29192,0,1,1,1,0,0,0,0,1,0.69230769230769229,0.69230769230769229,1,0,0.39833873922116125,1,434,27,0,0,0,0,0
d001642,c_fac_006,0,med-features-v2,31044,1,304.13203703703704,218,218,20,20,0.71679393635683331,0.87435185185185182,1,0,29203,0,1,1,1,0,0,0,0,1,0.81818181818181812,0.81818181818181812,1,1,0.26678127864783868,1,436,15,0,0,0,0,0
d001643,c_fac_025,0,med-features-v2,31055,1,304.16108796296294,219,219,21,21,0.7200132057216575,0.98182870370370368,1,0,29214,0,1,1,1,0,0,0,0,1,0.75,0.75,1,0,0.28047022118258147,1,438,19,0,0,0,0,0
d001644,c_fac_044,0,med-features-v2,31066,1,304.1901388888889,219,219,20,20,0.71994444264346724,0.98145833333333332,1,0,29225,0,1,1,1,0,0,0,0,1,0.81818181818181812,0.81818181818181812,1,1,0.40307677809489795,1,438,26,0,0,0,0,0
d001645,c_fac_060,0,med-features-v2,31077,1,304.2191898148148,218,218,20,20,0.71658858907849177,0.98601851851851852,1,0,29236,0,1,1,1,0,0,0,0,1,0.69230769230769229,0.69230769230769229,1,0,0.2772927736891711,1,436,19,0,0,0,0,0
d000170,c_fac_006,0,med-features-v2,31084,1,304.23766203703701,219,219,20,20,0.71983198442190099,0.10527777777777778,1,0,29243,0,1,1,1,0,0,0,0,1,0.81818181818181812,0.81818181818181812,1,1,0.075855834732440328,1,438,26,0,0,0,0,0
d001646,c_avery,0,med-features-v2,31085,1,304.25087962962965,175,175,16,16,0.57518321791881366,0.22942129629629629,1,0,29244,0,1,1,2,1,175,1,1,1,0.5,0.30000000000000004,1,0,0.54765925058153109,1,350,19,0,0,0,0,0
d001646,c_devon,1,med-features-v2,31085,1,304.25087962962965,175,0,16,0,0.57518321791881366,0.22976851851851851,1,0,29244,0,1,1,2,1,175,1,1,1,0.45454545454545459,0.40000000000000002,1,0,0.70005417420369942,1,175,19,0,0,0,0,0
d001647,c_pat,0,med-features-v2,31096,1,304.27990740740739,612,612,56,56,2.0113059886684503,0.22675925925925927,1,0,612,0,1,0,1,0,0,0,0,1,0.77777777777777779,0.33333333333333337,1,0,0.36809437293420744,1,1224,25,0,0,0,0,0
d001648,c_fac_032,0,med-features-v2,31107,1,304.30895833333335,218,218,20,20,0.71637720162417162,0.23203703703703704,1,0,29263,0,1,1,1,0,0,0,0,1,0.76923076923076916,0.76923076923076916,1,0,0.39270330998262509,1,436,16,0,0,0,0,0
d001649,c_fac_082,0,med-features-v2,31118,1,304.33800925925925,218,218,20,20,0.71630881903512189,0.23467592592592593,1,0,29274,0,1,1,1,0,0,0,0,1,0.69230769230769229,0.69230769230769229,1,0,0.4164332168140279,1,436,16,0,0,0,0,0
d001650,c_fac_085,0,med-features-v2,31129,1,304.36706018518521,218,218,20,20,0.7162404494998994,0.99907407407407411,1,0,29285,0,1,1,1,0,0,0,0,1,0.75,0.75,1,0,0.29118764032294436,1,436,26,0,0,0,0,0
d001651,c_elena,0,med-features-v2,2845,1,305.01925925925929,569,569,52,52,1.8654559760646563,0.77368055555555559,1,0,2845,0,1,1,3,1,393,1,0.69068541300527242,1,0.45454545454545459,0.80000000000000004,1,0,0.60350278882038055,1,1138,17,0,0,0,0,0
d001651,c_taylor,1,med-features-v2,2845,1,305.01925925925929,567,174,52,16,1.8588990130556418,1.7083333333333333,1,0,2845,0,1,1,3,1,393,1,0.69312169312169314,1,0.46153846153846156,0.33333333333333337,1,0,0.6954819235921551,1,741,17,0,0,0,0,0
d001651,c_lena,2,med-features-v2,2845,1,305.01925925925929,393,0,36,0,1.2884432312713707,1.7083333333333333,1,0,2845,0,1,1,3,1,393,1,1,1,0.46153846153846156,0.80000000000000004,1,0,0.75183724587635914,1,393,17,0,0,0,0,0
d000260,c_noah,0,med-features-v2,31148,1,305.04409722222221,2503,2104,229,192,8.2053710358361212,0.0094444444444444445,1,0,29301,0,1,1,6,1,1972,0.80000000000000004,0.78785457451058727,1,0.40000000000000002,0.33333333333333337,1,0,0.60753627993981374,1,4604,17,0,0,0,0,0
d000260,c_elena,1,med-features-v2,31148,1,305.04409722222221,2236,264,204,24,7.3300877491528436,0.0097916666666666673,1,0,29301,0,1,1,6,1,1972,0.80000000000000004,0.88193202146690519,1,0.45454545454545459,0.80000000000000004,1,0,0.720133872139052,1,2500,17,0,0,0,0,0
d000260,c_taylor,2,med-features-v2,31148,1,305.04409722222221,1842,264,168,24,6.0384712137475569,0.0097916666666666673,1,0,29301,0,1,1,6,1,1578,0.80000000000000004,0.85667752442996747,1,0.46153846153846156,0.33333333333333337,1,0,0.73481754166198909,1,2106,17,0,0,0,0,0
d000260,c_chris,3,med-features-v2,31148,1,305.04409722222221,2236,658,204,60,7.3300877491528436,0.0097916666666666673,1,0,29301,0,1,1,6,1,1972,0.80000000000000004,0.88193202146690519,1,0.33333333333333337,0.33333333333333337,1,0,0.61007670353454346,1,2894,17,0,0,0,0,0
d000260,c_lena,4,med-features-v2,31148,1,305.04409722222221,524,262,48,24,1.7177844277978935,0.041319444444444443,1,0,29301,0,1,1,6,1,262,0.80000000000000004,0.5,1,0.46153846153846156,0.80000000000000004,1,0,0.58522772042890314,1,786,17,0,0,0,0,0
d000260,c_alex_chan,5,med-features-v2,31148,1,305.04409722222221,834,834,76,76,2.7340309404264183,0.038865740740740742,1,0,29301,0,1,1,6,1,0,0,0,1,0.88888888888888884,0.88888888888888884,1,1,0.16341073336477563,1,1668,17,0,0,0,0,0
d001652,c_alex_chen,0,med-features-v2,31150,1,305.04900462962962,1007,919,92,84,3.3011089520604502,0.0094444444444444445,1,0,29303,0,1,1,1,0,0,0,0,1,0.88888888888888884,0.88888888888888884,1,1,0.27204061198261781,1,1926,15,0,0,0,0,0
d001653,c_fac_038,0,med-features-v2,31160,1,305.07597222222222,218,218,20,20,0.71457610513228265,1.8795601851851851,1,0,29313,0,1,1,1,0,0,0,0,1,0.76923076923076916,0.76923076923076916,1,0,0.31824291369637975,1,436,18,0,0,0,0,0
d001654,c_noah,0,med-features-v2,31171,1,305.10293981481482,2504,2105,229,192,8.2070661184707916,0.058495370370370371,1,0,29324,0,1,1,4,1,1973,1,0.78793929712460065,1,0.40000000000000002,0.33333333333333337,1,0,0.60770899133788503,1,4606,17,0,0,0,0,0
d001654,c_elena,1,med-features-v2,31171,1,305.10293981481482,2237,264,204,24,7.3319516401833713,0.058842592592592592,1,0,29324,0,1,1,4,1,1973,1,0.88198480107286548,1,0.45454545454545459,0.80000000000000004,1,0,0.72044478828782621,1,2501,17,0,0,0,0,0
d001654,c_taylor,2,med-features-v2,31171,1,305.10293981481482,1843,264,168,24,6.0405842078041818,0.058842592592592592,1,0,29324,0,1,1,4,1,1579,1,0.85675529028757458,1,0.46153846153846156,0.33333333333333337,1,0,0.73513344695949834,1,2107,17,0,0,0,0,0
d001654,c_chris,3,med-features-v2,31171,1,305.10293981481482,2237,658,204,60,7.3319516401833713,0.058842592592592592,1,0,29324,0,1,1,4,1,1973,1,0.88198480107286548,1,0.33333333333333337,0.33333333333333337,1,0,0.61047712135863696,1,2895,17,0,0,0,0,0
d001655,c_lee,0,med-features-v2,31181,1,305.12988425925926,614,614,56,56,2.0122578340386466,0.1025925925925926,1,0,614,0,1,0,1,0,0,0,0,1,0.5,0.5,1,0,0.43192112084982343,1,1228,23,0,0,0,0,0
d001656,c_fac_012,0,med-features-v2,31192,1,305.15685185185185,220,220,20,20,0.72094071840407514,0.86601851851851852,1,0,29342,0,1,1,1,0,0,0,0,1,0.69230769230769229,0.69230769230769229,1,0,0.2931476990138186,1,440,25,0,0,0,0,0
d001657,c_fac_031,0,med-features-v2,31203,1,305.18381944444445,219,219,20,20,0.71760029872706499,1.0118287037037037,1,0,29353,0,1,1,1,0,0,0,0,1,0.84615384615384615,0.84615384615384615,1,1,0.25310185385343725,1,438,26,0,0,0,0,0
d001658,c_fac_047,0,med-features-v2,31214,1,305.21076388888889,219,219,20,20,0.71753694794239409,0.89087962962962963,1,0,29364,0,1,1,1,0,0,0,0,1,0.84615384615384615,0.84615384615384615,1,1,0.26436804618177162,1,438,14,0,0,0,0,0
d001659,c_priya,0,med-features-v2,31225,1,305.23773148148149,439,439,40,40,1.4382232428124102,0.200625,1,0,29375,0,1,1,1,0,0,0,0,1,0.45454545454545459,0.40000000000000002,1,0,0.4457640017575315,1,878,24,0,0,0,0,0
d000105,c_marcus,0,med-features-v2,31228,1,305.24754629629632,570,175,52,16,1.8673368776131454,0.1348148148148148,1,0,29378,0,1,1,2,1,0,0,0,1,0.41666666666666663,0.33333333333333337,1,0,0.59005387045090318,1,745,14,0,0,0,0,0
d000105,c_pat,1,med-features-v2,31228,1,305.24754629629632,615,615,56,56,2.0147582100562884,0.11486111111111111,1,0,615,0,1,0,2,1,0,0,0,1,0.77777777777777779,0.33333333333333337,1,0,0.018953711688180611,1,1230,14,0,0,0,0,0
d001660,c_fac_018,0,med-features-v2,31235,1,305.26715277777777,220,220,20,20,0.72068022385674479,0.20064814814814816,1,0,29385,0,1,1,1,0,0,0,0,1,0.66666666666666674,0.66666666666666674,1,0,0.40882790225052285,1,440,16,0,0,0,0,0
d001661,c_fac_073,0,med-features-v2,31246,1,305.29409722222221,219,219,20,20,0.71734108845409772,0.200625,1,0,29396,0,1,1,1,0,0,0,0,1,0.72727272727272729,0.72727272727272729,1,0,0.39031363268480301,1,438,18,0,0,0,0,0
d001662,c_lee,0,med-features-v2,31256,1,305.3210648148148,615,615,56,56,2.0142730747156721,0.19083333333333333,1,0,615,0,1,0,1,0,0,0,0,1,0.5,0.5,1,0,0.45895721413152862,1,1230,16,0,0,0,0,0
d001663,c_fac_071,0,med-features-v2,31267,1,305.3480324074074,219,219,20,20,0.71721438082758482,1.0017361111111112,1,0,29414,0,1,1,1,0,0,0,0,1,0.83333333333333337,0.83333333333333337,1,1,0.25692497360068839,1,438,19,0,0,0,0,0
d001664,c_noah,0,med-features-v2,31278,1,308,2513,2112,229,192,8.1590909090909083,2.671226851851852,1,0,29425,0,1,1,4,1,1980,1,0.78790290489454839,1,0.40000000000000002,0.33333333333333337,1,0,0.6026875816529742,1,4622,17,0,0,0,0,0
d001664,c_elena,1,med-features-v2,31278,1,308,2244,264,204,24,7.2857142857142856,2.6715740740740741,1,0,29425,0,1,1,4,1,1980,1,0.88235294117647056,1,0.45454545454545459,0.80000000000000004,1,0,0.73586959492555193,1,2508,17,0,0,0,0,0
d001664,c_taylor,2,med-features-v2,31278,1,308,1848,264,168,24,6,2.6715740740740741,1,0,29425,0,1,1,4,1,1584,1,0.8571428571428571,1,0.46153846153846156,0.33333333333333337,1,0,0.75291129113623223,1,2112,17,0,0,0,0,0
d001664,c_chris,3,med-features-v2,31278,1,308,2244,660,204,60,7.2857142857142856,2.6715740740740741,1,0,29425,0,1,1,4,1,1980,1,0.88235294117647056,1,0.33333333333333337,0.33333333333333337,1,0,0.62367815225753576,1,2904,17,0,0,0,0,0
d001665,c_morgan_zhao,0,med-features-v2,31288,1,308.02643518518516,836,748,76,68,2.7140527711441313,2.7074768518518519,1,0,29435,0,1,1,1,0,0,0,0,1,0.81818181818181812,0.81818181818181812,1,1,0.3944079191841241,1,1584,14,0,0,0,0,0
d001666,c_jamie_lee,0,med-features-v2,31298,1,308.05287037037039,837,837,76,76,2.7170660639963495,0.045324074074074072,1,0,29442,0,1,1,1,0,0,0,0,1,0.77777777777777779,0.77777777777777779,1,0,0.30080635014172852,1,1674,15,0,0,0,0,0
d001667,c_fac_044,0,med-features-v2,31309,1,308.07930555555555,220,220,20,20,0.71410184336554761,3.8888194444444446,1,0,29453,0,1,1,1,0,0,0,0,1,0.81818181818181812,0.81818181818181812,1,1,0.43864697881458253,1,440,27,0,0,0,0,0
d001668,c_alex_chan,0,med-features-v2,31320,1,308.10576388888887,838,838,76,76,2.7198452551579173,0.054953703703703706,1,0,29464,0,1,1,1,0,0,0,0,1,0.88888888888888884,0.88888888888888884,1,1,0.3287794910741545,1,1676,17,0,0,0,0,0
d001669,c_lee,0,med-features-v2,31330,1,308.13219907407409,617,617,56,56,2.0023872930322191,0.10300925925925926,1,0,617,0,1,0,1,0,0,0,0,1,0.5,0.5,1,0,0.52398036984126928,1,1234,14,0,0,0,0,0
d001670,c_fac_013,0,med-features-v2,31341,1,308.15863425925926,221,221,20,20,0.71716309533637412,2.8935879629629628,1,0,29482,0,1,1,1,0,0,0,0,1,0.76923076923076916,0.76923076923076916,1,0,0.29483546735713584,1,442,25,0,0,0,0,0
d001671,c_fac_032,0,med-features-v2,31352,1,308.18509259259258,220,220,20,20,0.71385672210573314,2.9984722222222224,1,0,29493,0,1,1,1,0,0,0,0,1,0.76923076923076916,0.76923076923076916,1,0,0.30062170507502178,1,440,26,0,0,0,0,0
d001672,c_fac_048,0,med-features-v2,31363,1,308.2115277777778,220,220,20,20,0.71379549488694405,2.9293287037037037,1,0,29504,0,1,1,1,0,0,0,0,1,0.75,0.75,1,0,0.27347807798676604,1,440,15,0,0,0,0,0
d001673,c_maya,0,med-features-v2,927,1,308.23282407407407,927,1015,84,92,3.0074668484276179,0.12944444444444445,1,0,927,0,1,1,1,0,0,0,0,1,0.33333333333333337,0.5,1,0,0.47424087795796455,1,1942,15,0,0,0,0,0
d001674,c_fac_019,0,med-features-v2,31384,1,308.26442129629629,222,222,20,20,0.72016095489209564,0.19678240740740741,1,0,29525,0,1,1,1,0,0,0,0,1,0.75,0.75,1,0,0.41452546373321303,1,444,27,0,0,0,0,0
d001675,c_fac_074,0,med-features-v2,31395,1,308.29085648148146,221,221,20,20,0.71685551275269532,0.19678240740740741,1,0,29536,0,1,1,1,0,0,0,0,1,0.75,0.75,1,0,0.39469099701928534,1,442,27,0,0,0,0,0
d001676,c_jamie_li,0,med-features-v2,31405,1,308.31729166666668,838,750,76,68,2.7179792462175394,0.19916666666666666,1,0,29546,0,1,1,1,0,0,0,0,1,0.77777777777777779,0.77777777777777779,1,0,0.41539344419739027,1,1588,25,0,0,0,0,0
d001677,c_fac_068,0,med-features-v2,31416,1,308.34372685185184,220,220,20,20,0.71348946270504843,3.0517129629629629,1,0,29554,0,1,1,1,0,0,0,0,1,0.80000000000000004,0.80000000000000004,1,1,0.24800663464518707,1,440,15,0,0,0,0,0
d001678,c_fac_087,0,med-features-v2,31427,1,308.37018518518516,220,220,20,20,0.71342824491246992,2.9972916666666665,1,0,29565,0,1,1,1,0,0,0,0,1,0.75,0.75,1,0,0.26757512213673346,1,440,26,0,0,0,0,0
d001679,c_noah,0,med-features-v2,31435,1,309.02425925925928,2529,2125,229,192,8.1838235161928434,0.010439814814814815,1,0,29573,0,1,1,4,1,1992,1,0.78766310794780547,1,0.40000000000000002,0.33333333333333337,1,0,0.60809041312463696,1,4651,17,0,0,0,0,0
d001679,c_elena,1,med-features-v2,31435,1,309.02425925925928,2257,265,204,24,7.3036337192753047,0.013125,1,0,29573,0,1,1,4,1,1992,1,0.88258750553832521,1,0.45454545454545459,0.80000000000000004,1,0,0.72137098295663238,1,2522,17,0,0,0,0,0
d001679,c_taylor,2,med-features-v2,31435,1,309.02425925925928,1860,267,168,24,6.018944934803752,0.024259259259259258,1,0,29573,0,1,1,4,1,1593,1,0.8564516129032258,1,0.46153846153846156,0.33333333333333337,1,0,0.73572464056486719,1,2127,17,0,0,0,0,0
d001679,c_chris,3,med-features-v2,31435,1,309.02425925925928,2259,666,204,60,7.3101057030761689,0.024259259259259258,1,0,29573,0,1,1,4,1,1992,1,0.88180610889774236,1,0.33333333333333337,0.33333333333333337,1,0,0.6108597605676136,1,2925,17,0,0,0,0,0
d001680,c_ren,0,med-features-v2,31445,1,309.0539351851852,619,619,56,56,2.0028866470478528,0.72187500000000004,1,0,619,0,1,0,1,0,0,0,0,1,0.54545454545454541,0.5,1,0,0.30154787623066698,1,1238,15,0,0,0,0,0
d001681,c_fac_045,0,med-features-v2,31456,1,309.08361111111111,220,220,20,20,0.71178151183471572,3.8773842592592591,1,0,29591,0,1,1,1,0,0,0,0,1,0.76923076923076916,0.76923076923076916,1,0,0.36980975103150932,1,440,18,0,0,0,0,0
d001682,c_fac_002,0,med-features-v2,31467,1,309.11328703703703,221,221,20,20,0.71494823829271514,0.97113425925925922,1,0,29602,0,1,1,1,0,0,0,0,1,0.76923076923076916,0.76923076923076916,1,0,0.32606648230233615,1,442,15,0,0,0,0,0
d001683,c_fac_017,0,med-features-v2,31478,1,309.14296296296294,222,222,20,20,0.71811435677608115,0.97916666666666663,1,0,29613,0,1,1,1,0,0,0,0,1,0.81818181818181812,0.81818181818181812,1,1,0.38724001306015149,1,444,26,0,0,0,0,0
d001684,c_fac_034,0,med-features-v2,31489,1,309.17263888888891,222,222,20,20,0.71804542859234965,0.90067129629629628,1,0,29624,0,1,1,1,0,0,0,0,1,0.7142857142857143,0.7142857142857143,1,0,0.2497868005218695,1,444,14,0,0,0,0,0
d001685,c_noah,0,med-features-v2,31500,1,309.20233796296299,2532,2128,229,192,8.1888125965699814,0.080601851851851855,1,0,29635,0,1,1,4,1,1994,1,0.78751974723538709,1,0.40000000000000002,0.33333333333333337,1,0,0.60833926178643249,1,4657,17,0,0,0,0,0
d001685,c_elena,1,med-features-v2,31500,1,309.20233796296299,2260,266,204,24,7.3091297267962716,0.083287037037037034,1,0,29635,0,1,1,4,1,1994,1,0.88230088495575221,1,0.45454545454545459,0.80000000000000004,1,0,0.72142091532374331,1,2526,17,0,0,0,0,0
d001685,c_taylor,2,med-features-v2,31500,1,309.20233796296299,1862,267,168,24,6.02194670411268,0.094444444444444442,1,0,29635,0,1,1,4,1,1595,1,0.8566058002148228,1,0.46153846153846156,0.33333333333333337,1,0,0.73593261418756184,1,2129,17,0,0,0,0,0
d001685,c_chris,3,med-features-v2,31500,1,309.20233796296299,2261,666,204,60,7.3123638549939685,0.094444444444444442,1,0,29635,0,1,1,4,1,1994,1,0.8819106590004423,1,0.33333333333333337,0.33333333333333337,1,0,0.61126849788752524,1,2927,17,0,0,0,0,0
d001686,c_fac_069,0,med-features-v2,31511,1,309.2320138888889,222,222,20,20,0.71790755817335106,0.94321759259259264,1,0,29646,0,1,1,1,0,0,0,0,1,0.75,0.75,1,0,0.26873402083472725,1,444,14,0,0,0,0,0
d001687,c_jamie_li,0,med-features-v2,31518,1,309.26168981481482,841,753,76,68,2.7193798252334096,0.21819444444444444,1,0,29653,0,1,1,1,0,0,0,0,1,0.77777777777777779,0.77777777777777779,1,0,0.21777840434864121,1,1594,18,0,0,0,0,0
d001688,c_fac_010,0,med-features-v2,31529,1,309.29136574074073,222,222,20,20,0.71776979440832001,0.22627314814814814,1,0,29661,0,1,1,1,0,0,0,0,1,0.64285714285714279,0.64285714285714279,1,0,0.41227203643771509,1,444,16,0,0,0,0,0
d001689,c_fac_050,0,med-features-v2,31540,1,309.32104166666664,221,221,20,20,0.71446804526850138,0.234375,1,0,29672,0,1,1,1,0,0,0,0,1,0.75,0.75,1,0,0.38233099042526858,1,442,16,0,0,0,0,0
d001690,c_fac_077,0,med-features-v2,31551,1,309.35071759259262,221,221,20,20,0.71439950655311435,0.99460648148148145,1,0,29683,0,1,1,1,0,0,0,0,1,0.75,0.75,1,0,0.3214071739257971,1,442,15,0,0,0,0,0
d001691,c_alex_chan,0,med-features-v2,31562,1,310.00488425925926,843,843,76,76,2.7193119941135935,0.75094907407407407,1,0,29694,0,1,1,1,0,0,0,0,1,0.88888888888888884,0.88888888888888884,1,1,0.37423727651428851,1,1686,18,0,0,0,0,0
d001692,c_ren,0,med-features-v2,31572,1,310.03185185185185,621,621,56,56,2.0030200003344936,0.74824074074074076,1,0,621,0,1,0,1,0,0,0,0,1,0.54545454545454541,0.5,1,0,0.4525204757403597,1,1242,16,0,0,0,0,0
d001693,c_fac_011,0,med-features-v2,31582,1,310.05881944444445,222,222,20,20,0.71599317960951403,1.9046296296296297,1,0,29711,0,1,1,1,0,0,0,0,1,0.66666666666666674,0.66666666666666674,1,0,0.38877666716505177,1,444,16,0,0,0,0,0
d001694,c_fac_066,0,med-features-v2,31593,1,310.08576388888889,221,221,20,20,0.7127060501854886,1.7464814814814815,1,0,29722,0,1,1,1,0,0,0,0,1,0.72727272727272729,0.66666666666666674,1,0,0.32959164947662312,1,442,18,0,0,0,0,0
d000037,c_alex_chen,0,med-features-v2,31600,1,310.10293981481482,1023,934,92,84,3.2989045528265817,0.061273148148148146,1,0,29729,0,1,1,1,0,0,0,0,1,0.88888888888888884,0.88888888888888884,1,1,0.18216665666023393,1,1957,17,0,0,0,0,0
d001695,c_jamie_li,0,med-features-v2,31605,1,310.11518518518517,845,756,76,68,2.7247940132161168,0.068634259259259256,1,0,29734,0,1,1,1,0,0,0,0,1,0.77777777777777779,0.77777777777777779,1,0,0.41484417612324004,1,1601,25,0,0,0,0,0
d001696,c_hana,0,med-features-v2,31615,1,310.14215277777777,222,222,20,20,0.71580079654334139,0.85585648148148152,1,0,29738,0,1,1,1,0,0,0,0,1,0.38461538461538458,0.5,1,0,0.2798154447198945,1,444,25,0,0,0,0,0
d001697,c_fac_019,0,med-features-v2,31626,1,310.16909722222221,224,224,20,20,0.72218671043013061,1.0203703703703704,1,0,29749,0,1,1,1,0,0,0,0,1,0.75,0.75,1,0,0.28707700950748616,1,448,19,0,0,0,0,0
d001698,c_fac_038,0,med-features-v2,31637,1,310.1960648148148,222,222,20,20,0.71567639045496168,1.0176620370370371,1,0,29760,0,1,1,1,0,0,0,0,1,0.76923076923076916,0.76923076923076916,1,0,0.30470025876584494,1,444,15,0,0,0,0,0
d000216,c_dir_105,0,med-features-v2,31640,1,310.2034259259259,0,0,0,0,0,3650,0,1,29763,0,1,1,1,0,0,0,0,0,0.66666666666666674,0.66666666666666674,1,0,0,0,0,28,0,0,0,0,0
d000106,c_fac_044,0,med-features-v2,31642,1,310.20833333333331,223,223,20,20,0.71887172599059779,1.0191435185185185,1,0,29765,0,1,1,2,1,0,0,0,1,0.81818181818181812,0.81818181818181812,1,1,0.29768220775361737,1,446,14,0,0,0,0,0
d000106,c_ren,1,med-features-v2,31642,1,310.20833333333331,624,624,56,56,2.0115513767629283,0.068287037037037035,1,0,624,0,1,0,2,1,0,0,0,1,0.54545454545454541,0.5,1,0,0.018889681131013348,1,1248,14,0,0,0,0,0
d001699,c_fac_058,0,med-features-v2,31650,1,310.22793981481482,222,222,20,20,0.71560285683010705,1.0144675925925926,1,0,29773,0,1,1,1,0,0,0,0,1,0.7142857142857143,0.7142857142857143,1,0,0.30730253352609233,1,444,15,0,0,0,0,0
d000261,c_noah,0,med-features-v2,31653,1,310.23527777777775,2543,2137,229,192,8.1970046031372252,0.031504629629629632,1,0,29776,0,1,1,5,1,2004,0.75,0.78804561541486429,1,0.40000000000000002,0.33333333333333337,1,0,0.60332198620795596,1,4677,17,0,0,0,0,0
d000261,c_elena,1,med-features-v2,31653,1,310.23527777777775,2271,267,204,24,7.3202506699664331,0.031851851851851853,1,0,29776,0,1,1,5,1,2004,0.75,0.88243064729194187,1,0.45454545454545459,0.80000000000000004,1,0,0.73709373533923894,1,2538,17,0,0,0,0,0
d000261,c_taylor,2,med-features-v2,31653,1,310.23527777777775,1872,269,168,24,6.0341300106460425,0.031851851851851853,1,0,29776,0,1,1,5,1,1603,0.75,0.85630341880341876,1,0.46153846153846156,0.33333333333333337,1,0,0.75377321887948223,1,2141,17,0,0,0,0,0
d000261,c_chris,3,med-features-v2,31653,1,310.23527777777775,2271,668,204,60,7.3202506699664331,0.031851851851851853,1,0,29776,0,1,1,5,1,2004,0.75,0.88243064729194187,1,0.33333333333333337,0.33333333333333337,1,0,0.62447530664675444,1,2939,17,0,0,0,0,0
d000261,c_ren,4,med-features-v2,31653,1,310.23527777777775,624,624,56,56,2.0113766702153475,0.095231481481481486,1,0,624,0,1,0,5,1,0,0,0,1,0.54545454545454541,0.5,1,0,0.019440567574811884,1,1248,17,0,0,0,0,0
d000171,c_fac_007,0,med-features-v2,31655,1,310.24018518518517,222,222,20,20,0.71557461154649005,1.1130555555555555,1,0,29778,0,1,1,1,0,0,0,0,1,0.84615384615384615,0.84615384615384615,1,1,0.012602103571265007,1,444,14,0,0,0,0,0
d001700,c_fac_011,0,med-features-v2,31662,1,310.25979166666667,223,223,20,20,0.71875249706730981,0.200625,1,0,29785,0,1,1,1,0,0,0,0,1,0.66666666666666674,0.66666666666666674,1,0,0.44905445286496204,1,446,27,0,0,0,0,0
d001701,c_fac_066,0,med-features-v2,31673,1,310.28675925925927,222,222,20,20,0.71546720372463102,0.20064814814814816,1,0,29796,0,1,1,1,0,0,0,0,1,0.72727272727272729,0.66666666666666674,1,0,0.33481522038219691,1,444,18,0,0,0,0,0
d000297,c_alex_chen,0,med-features-v2,31680,1,310.30391203703704,1025,935,92,84,3.3032132700849055,0.061273148148148146,1,0,29803,0,1,1,1,0,0,0,0,1,0.88888888888888884,0.88888888888888884,1,1,0.069187164218595915,1,1960,2,0,1,0,0,1
d001702,c_morgan_shaw,0,med-features-v2,31684,1,310.31615740740739,847,847,76,76,2.7294743756703328,0.06581018518518518,1,0,29807,0,1,1,1,0,0,0,0,1,0.81818181818181812,0.81818181818181812,1,1,0.36460122582130106,1,1694,18,0,0,0,0,0
d001703,c_fac_069,0,med-features-v2,31695,1,310.34312499999999,223,223,20,20,0.71855949765279969,1.1107638888888889,1,0,29815,0,1,1,1,0,0,0,0,1,0.75,0.75,1,0,0.2802234947299993,1,446,26,0,0,0,0,0
d001704,c_fac_088,0,med-features-v2,31706,1,310.37009259259258,222,222,20,20,0.71527510316984177,1.000162037037037,1,0,29826,0,1,1,1,0,0,0,0,1,0.63636363636363635,0.63636363636363635,1,0,0.318921970673129,1,444,15,0,0,0,0,0
d001705,c_alex_chan,0,med-features-v2,31714,1,311.02375000000001,848,848,76,76,2.7264798910051082,0.71949074074074071,1,0,29834,0,1,1,1,0,0,0,0,1,0.88888888888888884,0.88888888888888884,1,1,0.26223901714102138,1,1696,25,0,0,0,0,0
d001706,c_pat,0,med-features-v2,31724,1,311.05280092592591,625,625,56,56,2.0093051666454449,0.72893518518518519,1,0,625,0,1,0,1,0,0,0,0,1,0.77777777777777779,0.33333333333333337,1,0,0.36768076490270263,1,1250,25,0,0,0,0,0
d001707,c_fac_042,0,med-features-v2,31735,1,311.08185185185187,222,222,20,20,0.71363854457740661,1.8980555555555556,1,0,29852,0,1,1,1,0,0,0,0,1,0.66666666666666674,0.66666666666666674,1,0,0.36527468603596341,1,444,16,0,0,0,0,0
d001708,c_sam,0,med-features-v2,31746,1,311.11090277777777,224,224,20,20,0.72000048214318002,0.97821759259259256,1,0,29863,0,1,1,1,0,0,0,0,1,0.45454545454545459,0.33333333333333337,1,0,0.34510999711446766,1,448,15,0,0,0,0,0
d001709,c_fac_011,0,med-features-v2,31757,1,311.13995370370372,224,224,20,20,0.71993325618770754,0.87981481481481483,1,0,29874,0,1,1,1,0,0,0,0,1,0.66666666666666674,0.66666666666666674,1,0,0.29338840396749111,1,448,25,0,0,0,0,0
d001710,c_fac_030,0,med-features-v2,31768,1,311.16900462962963,223,223,20,20,0.71665235509374337,0.98238425925925921,1,0,29885,0,1,1,1,0,0,0,0,1,0.81818181818181812,0.81818181818181812,1,1,0.30642266008503366,1,446,14,0,0,0,0,0
d001711,c_fac_049,0,med-features-v2,31779,1,311.19805555555558,224,224,20,20,0.71979884193078181,0.98203703703703704,1,0,29896,0,1,1,1,0,0,0,0,1,0.72727272727272729,0.72727272727272729,1,0,0.38125707325354657,1,448,26,0,0,0,0,0
d001712,c_fac_065,0,med-features-v2,31790,1,311.22710648148148,223,223,20,20,0.71651856588291374,0.88854166666666667,1,0,29907,0,1,1,1,0,0,0,0,1,0.80000000000000004,0.80000000000000004,1,1,0.2897067790910654,1,446,14,0,0,0,0,0
d001713,c_alex_chen,0,med-features-v2,31797,1,311.25615740740739,1027,937,92,84,3.2995331194548734,0.2267824074074074,1,0,29914,0,1,1,1,0,0,0,0,1,0.88888888888888884,0.88888888888888884,1,1,0.18191557546520196,1,1964,17,0,0,0,0,0
d001714,c_fac_002,0,med-features-v2,31808,1,311.28520833333334,223,223,20,20,0.71638482661599856,0.22414351851851852,1,0,29922,0,1,1,1,0,0,0,0,1,0.76923076923076916,0.76923076923076916,1,0,0.40340066855452983,1,446,18,0,0,0,0,0
d001715,c_fac_037,0,med-features-v2,31819,1,311.31425925925925,223,223,20,20,0.71631797570277034,0.23469907407407409,1,0,29933,0,1,1,1,0,0,0,0,1,0.76923076923076916,0.76923076923076916,1,0,0.44095981344977786,1,446,27,0,0,0,0,0
d001716,c_fac_070,0,med-features-v2,31830,1,311.34328703703704,223,223,20,20,0.71625119051779063,0.99736111111111114,1,0,29944,0,1,1,1,0,0,0,0,1,0.80000000000000004,0.80000000000000004,1,1,0.28587095587718375,1,446,19,0,0,0,0,0
d001717,c_fac_089,0,med-features-v2,31841,1,311.37233796296294,224,224,20,20,0.7193959536207879,0.99944444444444447,1,0,29955,0,1,1,1,0,0,0,0,1,0.80000000000000004,0.80000000000000004,1,1,0.34857404307666201,1,448,15,0,0,0,0,0
d001718,c_morgan_zhao,0,med-features-v2,31851,1,312.02449074074076,850,760,76,68,2.7241451399603749,0.75215277777777778,1,0,29965,0,1,1,1,0,0,0,0,1,0.81818181818181812,0.81818181818181812,1,1,0.41141391376529574,1,1610,25,0,0,0,0,0
d000391,c_noah,0,med-features-v2,31858,1,312.04409722222221,2560,2152,229,192,8.203968678750222,0.0094444444444444445,1,0,29969,0,1,1,5,1,2017,1,0.78789062499999996,1,0.40000000000000002,0.33333333333333337,1,0,0.57202764896806224,1,4709,28,0,0,0,0,0
d000391,c_elena,1,med-features-v2,31858,1,312.04409722222221,2287,270,204,24,7.3290923313678737,0.0097916666666666673,1,0,29969,0,1,1,5,1,2017,1,0.88194140795802356,1,0.45454545454545459,0.80000000000000004,1,0,0.72281182382751752,1,2557,28,0,0,0,0,0
d000391,c_taylor,2,med-features-v2,31858,1,312.04409722222221,1884,270,168,24,6.0376081995177415,0.0097916666666666673,1,0,29969,0,1,1,5,1,1614,1,0.85668789808917201,1,0.46153846153846156,0.33333333333333337,1,0,0.72636769222489272,1,2154,28,0,0,0,0,0
d000391,c_chris,3,med-features-v2,31858,1,312.04409722222221,2287,673,204,60,7.3290923313678737,0.0097916666666666673,1,0,29969,0,1,1,5,1,2017,1,0.88194140795802356,1,0.33333333333333337,0.33333333333333337,1,0,0.66195707917733515,1,2960,28,0,0,0,0,0
d000391,c_lena,4,med-features-v2,31858,1,312.04409722222221,536,268,48,24,1.7177059421133276,0.041319444444444443,1,0,29969,0,1,1,5,1,268,1,0.5,1,0.46153846153846156,0.80000000000000004,1,0,0.54057048616844883,1,804,28,0,0,0,0,0
d001719,c_noah,0,med-features-v2,448,1,312.04155092592595,178,581,16,52,0.57043685198915883,0.034305555555555554,1,0,448,0,1,1,1,0,0,0,0,1,0.40000000000000002,0.33333333333333337,1,0,0.58590974192817136,1,759,15,0,0,0,0,0
d001720,c_fac_048,0,med-features-v2,31872,1,312.08087962962964,223,223,20,20,0.71455835507978327,1.8673148148148149,1,0,29983,0,1,1,1,0,0,0,0,1,0.75,0.75,1,0,0.38361407887388749,1,446,18,0,0,0,0,0
d001721,c_alex_chan,0,med-features-v2,31883,1,312.10782407407407,853,853,76,76,2.7330298512399782,0.1025925925925926,1,0,29994,0,1,1,1,0,0,0,0,1,0.88888888888888884,0.88888888888888884,1,1,0.38734103437599199,1,1706,24,0,0,0,0,0
d001722,c_ren,0,med-features-v2,31893,1,312.13479166666667,628,628,56,56,2.0119513004197573,0.1025925925925926,1,0,628,0,1,0,1,0,0,0,0,1,0.54545454545454541,0.5,1,0,0.51198607803345819,1,1256,14,0,0,0,0,0
d001723,c_fac_016,0,med-features-v2,31904,1,312.16175925925927,225,225,20,20,0.720780151079079,1.0135416666666666,1,0,30012,0,1,1,1,0,0,0,0,1,0.66666666666666674,0.66666666666666674,1,0,0.2811961075679178,1,450,14,0,0,0,0,0
d001724,c_fac_035,0,med-features-v2,31915,1,312.18870370370371,224,224,20,20,0.71751475099046813,1.0114351851851853,1,0,30023,0,1,1,1,0,0,0,0,1,0.66666666666666674,0.66666666666666674,1,0,0.40221880376805613,1,448,26,0,0,0,0,0
d001725,c_fac_051,0,med-features-v2,31926,1,312.21567129629631,224,224,20,20,0.71745277573662014,1.0093518518518518,1,0,30034,0,1,1,1,0,0,0,0,1,0.72727272727272729,0.72727272727272729,1,0,0.27501402223361848,1,448,14,0,0,0,0,0
d001726,c_hana,0,med-features-v2,404,1,312.18460648148147,179,179,16,16,0.57337868774967327,0.200625,1,0,404,0,1,1,1,0,0,0,0,1,0.38461538461538458,0.5,1,0,0.5739452432758303,1,358,16,0,0,0,0,0
d001727,c_fac_023,0,med-features-v2,31946,1,312.2696064814815,225,225,21,21,0.72053121831228606,0.20064814814814816,1,0,30054,0,1,1,1,0,0,0,0,1,0.84615384615384615,0.84615384615384615,1,1,0.35437189884997156,1,450,18,0,0,0,0,0
d001728,c_chris,0,med-features-v2,31957,1,312.29655092592594,2293,674,204,60,7.3423801614250932,0.051458333333333335,1,0,30065,0,1,1,4,1,2023,1,0.88225032708242479,1,0.33333333333333337,0.33333333333333337,1,0,0.4554854958522252,1,2967,16,0,0,0,0,0
d001728,c_noah,1,med-features-v2,31957,1,312.29655092592594,2567,2158,229,192,8.2197513625722696,0.051111111111111114,1,0,30065,0,1,1,4,1,2023,1,0.78807947019867552,1,0.40000000000000002,0.33333333333333337,1,0,0.20862216064039424,1,4722,16,0,0,0,0,0
d001728,c_elena,2,med-features-v2,31957,1,312.29655092592594,2293,270,204,24,7.3423801614250932,0.051458333333333335,1,0,30065,0,1,1,4,1,2023,1,0.88225032708242479,1,0.45454545454545459,0.80000000000000004,1,0,0.31567598621510551,1,2563,16,0,0,0,0,0
d001728,c_marcus,3,med-features-v2,31957,1,312.29655092592594,584,180,52,16,1.8700174506202594,0.048657407407407406,1,0,30065,0,1,1,4,1,404,1,0.69178082191780821,1,0.41666666666666663,0.33333333333333337,1,0,0.66741646867831206,1,764,16,0,0,0,0,0
d001729,c_pat,0,med-features-v2,31967,1,312.32351851851854,629,629,56,56,2.0139373524722406,0.19083333333333333,1,0,629,0,1,0,1,0,0,0,0,1,0.77777777777777779,0.33333333333333337,1,0,0.42767785681881332,1,1258,16,0,0,0,0,0
d001730,c_fac_072,0,med-features-v2,31978,1,312.35048611111114,224,224,20,20,0.71714311313835255,1.0174074074074073,1,0,30083,0,1,1,1,0,0,0,0,1,0.72727272727272729,0.72727272727272729,1,0,0.27026736414868163,1,448,25,0,0,0,0,0
d001731,c_alex_chan,0,med-features-v2,31989,1,315.00238425925926,855,855,76,76,2.7142651698036091,2.7005787037037039,1,0,30094,0,1,1,1,0,0,0,0,1,0.88888888888888884,0.88888888888888884,1,1,0.3899025421838368,1,1710,24,0,0,0,0,0
d001732,c_lee,0,med-features-v2,31999,1,315.02884259259258,630,630,56,56,1.9998168891943022,2.7074305555555553,1,0,630,0,1,0,1,0,0,0,0,1,0.5,0.5,1,0,0.43333126530644928,1,1260,23,0,0,0,0,0
d001733,c_morgan_shaw,0,med-features-v2,32009,1,315.0552777777778,856,856,76,76,2.7169835275820202,0.038124999999999999,1,0,30111,0,1,1,1,0,0,0,0,1,0.81818181818181812,0.81818181818181812,1,1,0.31257546347197923,1,1712,15,0,0,0,0,0
d001734,c_fac_049,0,med-features-v2,32020,1,315.08171296296297,225,225,20,20,0.7141004721732237,3.8833101851851852,1,0,30122,0,1,1,1,0,0,0,0,1,0.72727272727272729,0.72727272727272729,1,0,0.45704483195776247,1,450,27,0,0,0,0,0
d001735,c_alex_chen,0,med-features-v2,32031,1,315.10817129629629,1037,947,92,84,3.2909333824444325,0.066967592592592592,1,0,30133,0,1,1,1,0,0,0,0,1,0.88888888888888884,0.88888888888888884,1,1,0.5285110287023308,1,1984,15,0,0,0,0,0
d001736,c_pat,0,med-features-v2,32041,1,315.13460648148146,631,631,56,56,2.0023189679013562,0.10300925925925926,1,0,631,0,1,0,1,0,0,0,0,1,0.77777777777777779,0.33333333333333337,1,0,0.43031523457885212,1,1262,16,0,0,0,0,0
d000107,c_fac_012,0,med-features-v2,32050,1,315.15625,226,226,20,20,0.71710461080813093,2.9990509259259261,1,0,30149,0,1,1,2,1,0,0,0,1,0.69230769230769229,0.69230769230769229,1,0,0.29903563088754087,1,452,19,0,0,0,0,0
d000107,c_lee,1,med-features-v2,32050,1,315.15625,632,632,56,56,2.0053544868616759,0.023703703703703703,1,0,632,0,1,0,2,1,0,0,0,1,0.5,0.5,1,0,0.024233216990933858,1,1264,19,0,0,0,0,0
d001737,c_fac_017,0,med-features-v2,32053,1,315.16344907407409,226,226,20,20,0.7170882304530255,2.9988888888888887,1,0,30152,0,1,1,1,0,0,0,0,1,0.81818181818181812,0.81818181818181812,1,1,0.26728709894330493,1,452,26,0,0,0,0,0
d001738,c_fac_036,0,med-features-v2,32064,1,315.18988425925926,225,225,20,20,0.71385539713237234,2.9983796296296297,1,0,30163,0,1,1,1,0,0,0,0,1,0.69230769230769229,0.69230769230769229,1,0,0.37586617120851579,1,450,26,0,0,0,0,0
d001739,c_fac_052,0,med-features-v2,32075,1,315.21634259259258,225,225,20,20,0.71379547820845557,2.9978703703703702,1,0,30174,0,1,1,1,0,0,0,0,1,0.72727272727272729,0.72727272727272729,1,0,0.28568712240251171,1,450,26,0,0,0,0,0
d000262,c_noah,0,med-features-v2,32085,1,315.2427777777778,2580,2168,229,192,8.1841684627544549,0.0092592592592592587,1,0,30184,0,1,1,6,1,2033,0.80000000000000004,0.78798449612403099,1,0.40000000000000002,0.33333333333333337,1,0,0.57197822197006676,1,4745,28,0,0,0,0,0
d000262,c_elena,1,med-features-v2,32085,1,315.2427777777778,2303,270,204,24,7.3054806084199653,0.0096064814814814815,1,0,30184,0,1,1,6,1,2033,0.80000000000000004,0.88276161528441166,1,0.45454545454545459,0.80000000000000004,1,0,0.72295730163638527,1,2573,28,0,0,0,0,0
d000262,c_taylor,2,med-features-v2,32085,1,315.2427777777778,1898,272,168,24,6.020756489266649,0.0096064814814814815,1,0,30184,0,1,1,6,1,1626,0.80000000000000004,0.8566912539515279,1,0.46153846153846156,0.33333333333333337,1,0,0.72657557044961396,1,2170,28,0,0,0,0,0
d000262,c_chris,3,med-features-v2,32085,1,315.2427777777778,2305,679,204,60,7.3118249250577589,0.0096064814814814815,1,0,30184,0,1,1,6,1,2033,0.80000000000000004,0.88199566160520604,1,0.33333333333333337,0.33333333333333337,1,0,0.66175741882436623,1,2984,28,0,0,0,0,0
d000262,c_lena,4,med-features-v2,32085,1,315.2427777777778,541,270,48,24,1.7161376505233179,0.19710648148148149,1,0,30184,0,1,1,6,1,271,0.80000000000000004,0.50092421441774493,1,0.46153846153846156,0.80000000000000004,1,0,0.54173439771036391,1,811,28,0,0,0,0,0
d000262,c_alex_chan,5,med-features-v2,32085,1,315.2427777777778,858,858,76,76,2.7217118376136908,0.13666666666666666,1,0,30184,0,1,1,6,1,0,0,0,1,0.88888888888888884,0.88888888888888884,1,1,0.20742647717429996,1,1716,28,0,0,0,0,0
d001740,c_avery,0,med-features-v2,32086,1,315.24518518518516,181,181,16,16,0.57415627107413159,0.19678240740740741,1,0,30185,0,1,1,2,1,181,1,1,1,0.5,0.30000000000000004,1,0,0.55593304388416731,1,362,19,0,0,0,0,0
d001740,c_devon,1,med-features-v2,32086,1,315.24518518518516,181,0,16,0,0.57415627107413159,0.19712962962962963,1,0,30185,0,1,1,2,1,181,1,1,1,0.45454545454545459,0.40000000000000002,1,0,0.71217606406255807,1,181,19,0,0,0,0,0
d001741,c_fac_034,0,med-features-v2,32097,1,315.27162037037039,226,226,20,20,0.7168421938343289,0.19675925925925927,1,0,30196,0,1,1,1,0,0,0,0,1,0.7142857142857143,0.7142857142857143,1,0,0.32830051985368675,1,452,18,0,0,0,0,0
d001742,c_chris,0,med-features-v2,32108,1,315.29805555555555,2306,679,204,60,7.3137146245219471,0.05527777777777778,1,0,30207,0,1,1,4,1,2034,1,0.88204683434518649,1,0.33333333333333337,0.33333333333333337,1,0,0.45699446710651953,1,2985,21,0,0,0,0,0
d001742,c_noah,1,med-features-v2,32108,1,315.29805555555555,2581,2169,229,192,8.1859052237168886,0.054930555555555559,1,0,30207,0,1,1,4,1,2034,1,0.78806664083688494,1,0.40000000000000002,0.33333333333333337,1,0,0.19676161839408854,1,4747,21,0,0,0,0,0
d001742,c_elena,2,med-features-v2,32108,1,315.29805555555555,2304,270,204,24,7.3073714201641655,0.05527777777777778,1,0,30207,0,1,1,4,1,2034,1,0.8828125,1,0.45454545454545459,0.80000000000000004,1,0,0.30247087003402645,1,2574,21,0,0,0,0,0
d001742,c_marcus,3,med-features-v2,32108,1,315.29805555555555,587,180,52,16,1.8617304790088391,0.18509259259259259,1,0,30207,0,1,1,4,1,407,1,0.69335604770017034,1,0.41666666666666663,0.33333333333333337,1,0,0.67586519322530403,1,767,21,0,0,0,0,0
d001743,c_lee,0,med-features-v2,32118,1,315.32451388888887,632,632,56,56,2.0042843869179747,0.19196759259259261,1,0,632,0,1,0,1,0,0,0,0,1,0.5,0.5,1,0,0.43602583986229315,1,1264,23,0,0,0,0,0
d001744,c_fac_073,0,med-features-v2,32129,1,315.35094907407409,225,225,20,20,0.71349079703308205,3.0565046296296297,1,0,30225,0,1,1,1,0,0,0,0,1,0.72727272727272729,0.72727272727272729,1,0,0.22631048726989636,1,450,14,0,0,0,0,0
d000172,c_fac_008,0,med-features-v2,32140,1,316.00268518518516,226,226,20,20,0.71518379619957528,0.85090277777777779,1,0,30236,0,1,1,1,0,0,0,0,1,0.76923076923076916,0.76923076923076916,1,0,0.01192030805518777,1,452,14,0,0,0,0,0
d001745,c_avery,0,med-features-v2,1040,1,316.00266203703706,180,180,16,16,0.5696154546283636,4.7647453703703704,1,0,1040,0,1,1,2,1,180,1,1,1,0.5,0.30000000000000004,1,0,0.51034091112501145,1,360,19,0,0,0,0,0
d001745,c_devon,1,med-features-v2,1040,1,316.00266203703706,180,0,16,0,0.5696154546283636,4.7650925925925929,1,0,1040,0,1,1,2,1,180,1,1,1,0.45454545454545459,0.40000000000000002,1,0,0.64941181860698638,1,180,19,0,0,0,0,0
d001746,c_noah,0,med-features-v2,859,1,316.01310185185184,588,588,52,52,1.860682346884645,0.72462962962962962,1,0,859,0,1,1,3,1,180,1,0.30612244897959184,1,0.40000000000000002,0.33333333333333337,1,0,0.49033250608302481,1,1176,27,0,0,0,0,0
d001746,c_taylor,1,med-features-v2,859,1,316.01310185185184,180,0,16,0,0.56959663680142192,4.7894907407407405,1,0,859,0,1,1,3,1,180,1,1,1,0.46153846153846156,0.33333333333333337,1,0,0.70279998262316856,1,180,27,0,0,0,0,0
d001746,c_chris,2,med-features-v2,859,1,316.01310185185184,180,0,16,0,0.56959663680142192,4.7894907407407405,1,0,859,0,1,1,3,1,180,1,1,1,0.33333333333333337,0.33333333333333337,1,0,0.70279998262316856,1,180,27,0,0,0,0,0
d001747,c_fac_010,0,med-features-v2,32159,1,316.06474537037036,226,226,20,20,0.71504336788707368,3.9124537037037035,1,0,30252,0,1,1,1,0,0,0,0,1,0.64285714285714279,0.64285714285714279,1,0,0.41462627076356429,1,452,16,0,0,0,0,0
d001748,c_fac_065,0,med-features-v2,32170,1,316.09442129629628,225,225,20,20,0.71181262572518667,3.7558564814814814,1,0,30263,0,1,1,1,0,0,0,0,1,0.80000000000000004,0.80000000000000004,1,1,0.41050820979643549,1,450,27,0,0,0,0,0
d001749,c_fac_004,0,med-features-v2,32181,1,316.12409722222225,227,227,20,20,0.71807243419481659,0.86655092592592597,1,0,30274,0,1,1,1,0,0,0,0,1,0.75,0.75,1,0,0.25697015539570384,1,454,25,0,0,0,0,0
d001750,c_fac_023,0,med-features-v2,32192,1,316.15377314814816,227,227,20,20,0.71800503198052579,0.98037037037037034,1,0,30285,0,1,1,1,0,0,0,0,1,0.84615384615384615,0.84615384615384615,1,1,0.28849579500126837,1,454,26,0,0,0,0,0
d001751,c_fac_042,0,med-features-v2,32203,1,316.18344907407408,226,226,20,20,0.7147749215268181,0.98358796296296291,1,0,30296,0,1,1,1,0,0,0,0,1,0.66666666666666674,0.66666666666666674,1,0,0.32019927494739236,1,452,15,0,0,0,0,0
d001752,c_fac_058,0,med-features-v2,32214,1,316.21312499999999,226,226,20,20,0.71470784142815069,0.98682870370370368,1,0,30307,0,1,1,1,0,0,0,0,1,0.7142857142857143,0.7142857142857143,1,0,0.30233493685542623,1,452,14,0,0,0,0,0
d001753,c_hana,0,med-features-v2,409,1,316.18476851851852,181,181,16,16,0.57245009254580548,0.234375,1,0,409,0,1,1,1,0,0,0,0,1,0.38461538461538458,0.5,1,0,0.49951439704152745,1,362,18,0,0,0,0,0
d001754,c_jamie_li,0,med-features-v2,32232,1,316.27247685185188,861,771,76,68,2.7223361595366042,0.010439814814814815,1,0,30325,0,1,1,1,0,0,0,0,1,0.77777777777777779,0.77777777777777779,1,0,0.31971535122081518,1,1632,26,0,0,0,0,0
d001755,c_fac_020,0,med-features-v2,32243,1,316.30215277777779,227,227,20,20,0.71766821062227104,0.23166666666666666,1,0,30333,0,1,1,1,0,0,0,0,1,0.81818181818181812,0.81818181818181812,1,1,0.4418646519542761,1,454,27,0,0,0,0,0
d001756,c_fac_070,0,med-features-v2,32254,1,316.33182870370371,226,226,20,20,0.71443964689271222,0.234375,1,0,30344,0,1,1,1,0,0,0,0,1,0.80000000000000004,0.80000000000000004,1,1,0.40244655471793678,1,452,18,0,0,0,0,0
d001757,c_fac_083,0,med-features-v2,32265,1,316.36150462962962,226,226,20,20,0.71437262970595128,0.99578703703703708,1,0,30355,0,1,1,1,0,0,0,0,1,0.63636363636363635,0.63636363636363635,1,0,0.28269468411118914,1,452,14,0,0,0,0,0
d000306,c_new_175,0,med-features-v2,32270,1,316.39991898148151,0,0,0,0,0,3650,0,1,30360,0,1,1,1,0,0,0,0,0,0.83333333333333337,0.83333333333333337,1,1,0,0,0,14,0,0,0,0,0
d000316,c_new_185,0,med-features-v2,32271,1,316.43978009259257,0,0,0,0,0,3650,0,1,0,1,0,0,1,0,0,0,0,0,0.80000000000000004,0.80000000000000004,1,1,0,0,0,13,0,0,0,0,0
d000362,c_maya,0,med-features-v2,0,0,0,0,0,0,0,0,3650,0,1,0,1,1,1,2,1,0,0,0,0,0.33333333333333337,0.5,1,0,0,0,0,14,0,0,0,0,0
d000362,c_noah,1,med-features-v2,0,0,0,0,0,0,0,0,3650,0,1,0,1,1,1,2,1,0,0,0,0,0.40000000000000002,0.33333333333333337,1,0,0,0,0,14,0,0,0,0,0
d000372,c_noah,0,med-features-v2,32273,1,316.54311342592592,2593,2180,229,192,8.191617160569777,0.2298263888888889,1,0,30362,0,1,1,1,0,0,0,0,1,0.40000000000000002,0.33333333333333337,1,0,0.00063570596182901614,1,4770,1,0,1,0,0,1
d000038,c_jamie_li,0,med-features-v2,32280,1,317.01469907407409,862,772,76,68,2.7191168186134611,0.74187499999999995,1,0,30369,0,1,1,1,0,0,0,0,1,0.77777777777777779,0.77777777777777779,1,0,0.2503967703071055,1,1634,24,0,0,0,0,0
d001758,c_jamie_li,0,med-features-v2,32281,1,317.01715277777777,862,772,76,68,2.719095772726984,0.74432870370370374,1,0,30370,0,1,1,1,0,0,0,0,1,0.77777777777777779,0.77777777777777779,1,0,0.46923882313075421,1,1634,15,0,0,0,0,0
d000039,c_morgan_zhao,0,med-features-v2,32282,1,317.0196064814815,862,772,76,68,2.7190747271662934,0.73870370370370375,1,0,30371,0,1,1,1,0,0,0,0,1,0.81818181818181812,0.81818181818181812,1,1,0.25735227174128544,1,1634,24,0,0,0,0,0
d001759,c_jamie_lee,0,med-features-v2,32292,1,317.04655092592594,863,863,76,76,2.7219977554703929,0.031504629629629632,1,0,30378,0,1,1,2,1,90,1,0.10428736964078796,1,0.77777777777777779,0.77777777777777779,1,0,0.2818649549990197,1,1726,15,0,0,0,0,0
d001759,c_jamie_li,1,med-features-v2,32292,1,317.04655092592594,863,773,76,68,2.7219977554703929,0.029050925925925924,1,0,30378,0,1,1,2,1,90,1,0.10428736964078796,1,0.77777777777777779,0.77777777777777779,1,0,0.25736427006901164,1,1636,15,0,0,0,0,0
d001760,c_fac_041,0,med-features-v2,32302,1,317.07351851851854,226,226,20,20,0.7127684489576841,1.8760648148148149,1,0,30388,0,1,1,1,0,0,0,0,1,0.81818181818181812,0.81818181818181812,1,1,0.4141759630988347,1,452,16,0,0,0,0,0
d001761,c_lena,0,med-features-v2,32313,1,317.10048611111114,544,271,48,24,1.715544516098231,0.056388888888888891,1,0,30399,0,1,1,1,0,0,0,0,1,0.46153846153846156,0.80000000000000004,1,0,0.65859250295020288,1,815,15,0,0,0,0,0
d001762,c_pat,0,med-features-v2,32323,1,317.12743055555558,636,636,56,56,2.0055029578672259,0.09768518518518518,1,0,636,0,1,0,1,0,0,0,0,1,0.77777777777777779,0.33333333333333337,1,0,0.44625890305602955,1,1272,23,0,0,0,0,0
d001763,c_fac_009,0,med-features-v2,32334,1,317.15439814814818,229,229,20,20,0.72204579642319899,1.0218750000000001,1,0,30414,0,1,1,1,0,0,0,0,1,0.69230769230769229,0.69230769230769229,1,0,0.28422837162319026,1,458,19,0,0,0,0,0
d001764,c_fac_028,0,med-features-v2,32345,1,317.18136574074072,227,227,20,20,0.71567886552814197,1.0191666666666668,1,0,30425,0,1,1,1,0,0,0,0,1,0.75,0.75,1,0,0.38455037288284155,1,454,26,0,0,0,0,0
d001765,c_fac_044,0,med-features-v2,32356,1,317.20833333333331,228,228,20,20,0.71877052410350717,1.0191435185185185,1,0,30436,0,1,1,1,0,0,0,0,1,0.81818181818181812,0.81818181818181812,1,1,0.28825870979734841,1,456,26,0,0,0,0,0
d000339,c_fac_027,0,med-features-v2,32367,1,317.23394675925925,227,227,20,20,0.71556024290258102,1.0744328703703703,1,0,30447,0,1,1,1,0,0,0,0,1,0.75,0.75,1,0,0.38863267557721592,1,454,26,0,0,0,0,0
d001766,c_noah,0,med-features-v2,32368,1,317.23527777777775,2601,2185,230,192,8.1989620392155498,0.031504629629629632,1,0,30448,0,1,1,4,1,2049,1,0.78777393310265287,1,0.40000000000000002,0.33333333333333337,1,0,0.60927028506599057,1,4783,17,0,0,0,0,0
d001766,c_elena,1,med-features-v2,32368,1,317.23527777777775,2322,273,204,24,7.3194886024830854,0.031851851851851853,1,0,30448,0,1,1,4,1,2049,1,0.88242894056847543,1,0.45454545454545459,0.80000000000000004,1,0,0.72306880223084269,1,2595,17,0,0,0,0,0
d001766,c_taylor,2,med-features-v2,32368,1,317.23527777777775,1914,275,168,24,6.0333769100571173,0.031851851851851853,1,0,30448,0,1,1,4,1,1639,1,0.85632183908045978,1,0.46153846153846156,0.33333333333333337,1,0,0.73635332638762419,1,2189,17,0,0,0,0,0
d001766,c_chris,3,med-features-v2,32368,1,317.23527777777775,2322,683,204,60,7.3194886024830854,0.031851851851851853,1,0,30448,0,1,1,4,1,2049,1,0.88242894056847543,1,0.33333333333333337,0.33333333333333337,1,0,0.61329180511622605,1,3005,17,0,0,0,0,0
d001767,c_fac_016,0,med-features-v2,32378,1,317.26224537037035,228,228,20,20,0.71864838419029009,0.200625,1,0,30458,0,1,1,1,0,0,0,0,1,0.66666666666666674,0.66666666666666674,1,0,0.37888676308086972,1,456,18,0,0,0,0,0
d001768,c_fac_071,0,med-features-v2,32389,1,317.28921296296295,227,227,20,20,0.71543560488612523,0.20064814814814816,1,0,30469,0,1,1,1,0,0,0,0,1,0.83333333333333337,0.83333333333333337,1,1,0.38842472226397462,1,454,16,0,0,0,0,0
d001769,c_morgan_shaw,0,med-features-v2,32399,1,317.31615740740739,866,866,76,76,2.7291393135336897,0.06581018518518518,1,0,30479,0,1,1,1,0,0,0,0,1,0.81818181818181812,0.81818181818181812,1,1,0.38377647300867718,1,1732,24,0,0,0,0,0
d001770,c_fac_069,0,med-features-v2,32410,1,317.34312499999999,228,228,20,20,0.71846522592855921,1.1107638888888889,1,0,30487,0,1,1,1,0,0,0,0,1,0.75,0.75,1,0,0.30062779264110778,1,456,14,0,0,0,0,0
d001771,c_fac_088,0,med-features-v2,32421,1,317.37009259259258,227,227,20,20,0.71525328094288798,1.000162037037037,1,0,30498,0,1,1,1,0,0,0,0,1,0.63636363636363635,0.63636363636363635,1,0,0.32125518408148224,1,454,15,0,0,0,0,0
d000108,c_fac_089,0,med-features-v2,32422,1,317.37254629629632,228,228,20,20,0.7183986222524148,0.99990740740740736,1,0,30499,0,1,1,2,1,0,0,0,1,0.80000000000000004,0.80000000000000004,1,1,0.26731425274036708,1,456,19,0,0,0,0,0
d000108,c_pat,1,med-features-v2,32422,1,317.37254629629632,639,639,56,56,2.0134066649968991,0.048680555555555553,1,0,639,0,1,0,2,1,0,0,0,1,0.77777777777777779,0.33333333333333337,1,0,0.024529404369960588,1,1278,19,0,0,0,0,0
d000173,c_fac_001,0,med-features-v2,32424,1,318.0026388888889,228,228,20,20,0.71697518233382929,0.74986111111111109,1,0,30501,0,1,1,1,0,0,0,0,1,0.75,0.75,1,0,0.071598331178614291,1,456,26,0,0,0,0,0
d001772,c_alex_chen,0,med-features-v2,32431,1,318.0290277777778,1049,957,92,84,3.2984410490132583,0.72231481481481485,1,0,30508,0,1,1,1,0,0,0,0,1,0.88888888888888884,0.88888888888888884,1,1,0.18147315578566972,1,2006,17,0,0,0,0,0
d001773,c_ren,0,med-features-v2,32441,1,318.0580787037037,639,639,56,56,2.0090670314187462,0.73175925925925922,1,0,639,0,1,0,1,0,0,0,0,1,0.54545454545454541,0.5,1,0,0.24814014714839025,1,1278,14,0,0,0,0,0
d001774,c_fac_052,0,med-features-v2,32452,1,318.08712962962966,227,227,20,20,0.7136409456877788,1.8871527777777777,1,0,30526,0,1,1,1,0,0,0,0,1,0.72727272727272729,0.72727272727272729,1,0,0.39548366136427499,1,454,27,0,0,0,0,0
d001775,c_fac_001,0,med-features-v2,32463,1,318.11618055555556,228,228,20,20,0.71671928036424493,0.86340277777777774,1,0,30537,0,1,1,1,0,0,0,0,1,0.75,0.75,1,0,0.23464034276916737,1,456,15,0,0,0,0,0
d001776,c_fac_015,0,med-features-v2,32474,1,318.14523148148146,229,229,20,20,0.71979705285423901,0.98067129629629635,1,0,30548,0,1,1,1,0,0,0,0,1,0.76923076923076916,0.76923076923076916,1,0,0.28513136981999004,1,458,14,0,0,0,0,0
d001777,c_fac_034,0,med-features-v2,32485,1,318.17428240740742,229,229,20,20,0.71973133173213577,0.98277777777777775,1,0,30559,0,1,1,1,0,0,0,0,1,0.7142857142857143,0.7142857142857143,1,0,0.33081578677465923,1,458,15,0,0,0,0,0
d001778,c_noah,0,med-features-v2,32496,1,318.20333333333332,2610,2193,230,192,8.2023025109730678,0.078888888888888883,1,0,30570,0,1,1,4,1,2056,1,0.78773946360153257,1,0.40000000000000002,0.33333333333333337,1,0,0.60940460740795577,1,4800,17,0,0,0,0,0
d001778,c_elena,1,med-features-v2,32496,1,318.20333333333332,2331,275,204,24,7.3255046563518089,0.084166666666666667,1,0,30570,0,1,1,4,1,2056,1,0.88202488202488205,1,0.45454545454545459,0.80000000000000004,1,0,0.72361978612040445,1,2606,17,0,0,0,0,0
d001778,c_taylor,2,med-features-v2,32496,1,318.20333333333332,1921,276,168,24,6.037020353861787,0.095069444444444443,1,0,30570,0,1,1,4,1,1645,1,0.85632483081728261,1,0.46153846153846156,0.33333333333333337,1,0,0.73626550975412153,1,2197,17,0,0,0,0,0
d001778,c_chris,3,med-features-v2,32496,1,318.20333333333332,2331,686,204,60,7.3255046563518089,0.081527777777777782,1,0,30570,0,1,1,4,1,2056,1,0.88202488202488205,1,0.33333333333333337,0.33333333333333337,1,0,0.61317881530907659,1,3017,17,0,0,0,0,0
d001779,c_fac_069,0,med-features-v2,32507,1,318.23238425925928,229,229,20,20,0.71959992548538698,0.88891203703703703,1,0,30581,0,1,1,1,0,0,0,0,1,0.75,0.75,1,0,0.32489660375691715,1,458,15,0,0,0,0,0
d001780,c_jamie_li,0,med-features-v2,32514,1,318.26143518518518,868,776,76,68,2.7273175573249748,0.22148148148148147,1,0,30588,0,1,1,1,0,0,0,0,1,0.77777777777777779,0.77777777777777779,1,0,0.24992163897921457,1,1644,24,0,0,0,0,0
d001781,c_fac_012,0,med-features-v2,32525,1,318.29048611111114,229,229,20,20,0.71946856721334429,0.22412037037037036,1,0,30596,0,1,1,1,0,0,0,0,1,0.69230769230769229,0.69230769230769229,1,0,0.33259078010375814,1,458,18,0,0,0,0,0
d001782,c_fac_047,0,med-features-v2,32536,1,318.31953703703704,228,228,20,20,0.71626140865325461,0.23469907407407409,1,0,30607,0,1,1,1,0,0,0,0,1,0.84615384615384615,0.84615384615384615,1,1,0.40243178418745107,1,456,16,0,0,0,0,0
d001783,c_fac_074,0,med-features-v2,32547,1,318.34858796296294,229,229,20,20,0.71933725688974048,0.99775462962962957,1,0,30618,0,1,1,1,0,0,0,0,1,0.75,0.75,1,0,0.32089007516631912,1,458,15,0,0,0,0,0
d000217,c_dir_106,0,med-features-v2,32558,1,319.00243055555558,0,0,0,0,0,3650,0,1,30629,0,1,1,1,0,0,0,0,0,0.61538461538461542,0.61538461538461542,1,0,0,0,0,15,0,0,0,0,0
d001784,c_alex_chan,0,med-features-v2,32559,1,319.00488425925926,871,871,76,76,2.7303657184512806,0.74046296296296299,1,0,30630,0,1,1,1,0,0,0,0,1,0.88888888888888884,0.88888888888888884,1,1,0.38889265259454725,1,1742,24,0,0,0,0,0
d001785,c_ren,0,med-features-v2,32569,1,319.03185185185185,641,641,56,56,2.0092037715960092,0.7489351851851852,1,0,641,0,1,0,1,0,0,0,0,1,0.54545454545454541,0.5,1,0,0.51093232211639872,1,1282,14,0,0,0,0,0
d000263,c_noah,0,med-features-v2,32570,1,319.03430555555553,2617,2199,230,192,8.2028796102125909,0.011921296296296296,1,0,30638,0,1,1,5,1,2061,0.75,0.78754298815437529,1,0.40000000000000002,0.33333333333333337,1,0,0.60320614228047453,1,4813,17,0,0,0,0,0
d000263,c_elena,1,med-features-v2,32570,1,319.03430555555553,2337,276,204,24,7.3252310466438004,0.024513888888888891,1,0,30638,0,1,1,5,1,2061,0.75,0.88189987163029526,1,0.45454545454545459,0.80000000000000004,1,0,0.73713830487456888,1,2613,17,0,0,0,0,0
d000263,c_taylor,2,med-features-v2,32570,1,319.03430555555553,1925,276,168,24,6.0338338745354365,0.034305555555555554,1,0,30638,0,1,1,5,1,1649,0.75,0.85662337662337662,1,0.46153846153846156,0.33333333333333337,1,0,0.75437753109826289,1,2201,17,0,0,0,0,0
d000263,c_chris,3,med-features-v2,32570,1,319.03430555555553,2337,688,204,60,7.3252310466438004,0.024166666666666666,1,0,30638,0,1,1,5,1,2061,0.75,0.88189987163029526,1,0.33333333333333337,0.33333333333333337,1,0,0.6239066966435709,1,3025,17,0,0,0,0,0
d000263,c_pat,4,med-features-v2,32570,1,319.03430555555553,642,642,56,56,2.0123227778970132,0.0045601851851851853,1,0,642,0,1,0,5,1,0,0,0,1,0.77777777777777779,0.33333333333333337,1,0,0.018725144741290729,1,1284,17,0,0,0,0,0
d001786,c_fac_008,0,med-features-v2,32579,1,319.06127314814813,228,228,20,20,0.71459628349860527,1.9089814814814814,1,0,30647,0,1,1,1,0,0,0,0,1,0.76923076923076916,0.76923076923076916,1,0,0.34537346220108001,1,456,18,0,0,0,0,0
d001787,c_fac_063,0,med-features-v2,32590,1,319.08821759259257,228,228,20,20,0.71453594156556177,1.754537037037037,1,0,30658,0,1,1,1,0,0,0,0,1,0.75,0.75,1,0,0.41897731859191667,1,456,27,0,0,0,0,0
d001788,c_jamie_lee,0,med-features-v2,32601,1,319.11518518518517,872,872,76,76,2.7325556428597131,0.1025925925925926,1,0,30669,0,1,1,1,0,0,0,0,1,0.77777777777777779,0.77777777777777779,1,0,0.37840568999450741,1,1744,24,0,0,0,0,0
d001789,c_fac_002,0,med-features-v2,32611,1,319.14215277777777,229,229,20,20,0.71754858456273951,0.85659722222222223,1,0,30676,0,1,1,1,0,0,0,0,1,0.76923076923076916,0.76923076923076916,1,0,0.2644642305493734,1,458,14,0,0,0,0,0
d001790,c_fac_021,0,med-features-v2,32622,1,319.16909722222221,230,230,20,20,0.72062114409485567,1.0129629629629631,1,0,30687,0,1,1,1,0,0,0,0,1,0.76923076923076916,0.76923076923076916,1,0,0.24855483901850522,1,460,19,0,0,0,0,0
d001791,c_fac_040,0,med-features-v2,32633,1,319.1960648148148,229,229,20,20,0.71742739100764585,1.0108796296296296,1,0,30698,0,1,1,1,0,0,0,0,1,0.66666666666666674,0.66666666666666674,1,0,0.36369193823252122,1,458,26,0,0,0,0,0
d001792,c_fac_056,0,med-features-v2,32644,1,319.2230324074074,229,229,20,20,0.71736678357136674,1.0087962962962962,1,0,30709,0,1,1,1,0,0,0,0,1,0.75,0.75,1,0,0.28094386337491561,1,458,19,0,0,0,0,0
d001793,c_alex_chen,0,med-features-v2,32654,1,319.25,1056,964,92,84,3.3077525450274079,0.0094675925925925934,1,0,30719,0,1,1,1,0,0,0,0,1,0.88888888888888884,0.88888888888888884,1,1,0.29234355950351676,1,2020,26,0,0,0,0,0
d001794,c_fac_038,0,med-features-v2,32664,1,319.27694444444444,229,229,20,20,0.71724565141548136,0.200625,1,0,30729,0,1,1,1,0,0,0,0,1,0.76923076923076916,0.76923076923076916,1,0,0.48223462521795818,1,458,27,0,0,0,0,0
d001795,c_alex_chen,0,med-features-v2,32675,1,319.30391203703704,1057,965,92,84,3.3103258687209425,0.053564814814814815,1,0,30740,0,1,1,1,0,0,0,0,1,0.88888888888888884,0.88888888888888884,1,1,0.3999351797518963,1,2022,14,0,0,0,0,0
d001796,c_fac_078,0,med-features-v2,32685,1,319.33087962962964,229,229,20,20,0.71712450817660245,0.23495370370370369,1,0,30747,0,1,1,1,0,0,0,0,1,0.80000000000000004,0.80000000000000004,1,1,0.41580652600377782,1,458,16,0,0,0,0,0
d001797,c_fac_077,0,med-features-v2,32696,1,319.35782407407407,229,229,20,20,0.71706400387699332,1.0221064814814815,1,0,30758,0,1,1,1,0,0,0,0,1,0.75,0.75,1,0,0.27079463405508897,1,458,15,0,0,0,0,0
d001798,c_chris,0,med-features-v2,32707,1,322.00960648148146,2347,690,204,60,7.2886024291172022,0.0096064814814814815,1,0,30769,0,1,1,4,1,2071,1,0.88240306774605881,1,0.33333333333333337,0.33333333333333337,1,0,0.45746558268755527,1,3037,21,0,0,0,0,0
d001798,c_noah,1,med-features-v2,32707,1,322.00960648148146,2629,2209,229,192,8.1643526996800695,0.0092592592592592587,1,0,30769,0,1,1,4,1,2071,1,0.78775199695701792,1,0.40000000000000002,0.33333333333333337,1,0,0.19684295756529013,1,4835,21,0,0,0,0,0
d001798,c_elena,2,med-features-v2,32707,1,322.00960648148146,2347,276,204,24,7.2886024291172022,0.0096064814814814815,1,0,30769,0,1,1,4,1,2071,1,0.88240306774605881,1,0.45454545454545459,0.80000000000000004,1,0,0.30256449081879938,1,2623,21,0,0,0,0,0
d001798,c_marcus,3,med-features-v2,32707,1,322.00960648148146,598,184,52,16,1.8570874531794148,2.7130555555555556,1,0,30769,0,1,1,4,1,414,1,0.69230769230769229,1,0.41666666666666663,0.33333333333333337,1,0,0.6785500496102862,1,782,21,0,0,0,0,0
d001799,c_noah,0,med-features-v2,32717,1,322.03604166666668,2631,2210,229,192,8.1698929920499328,0.011666666666666667,1,0,30776,0,1,1,4,1,2072,1,0.78753325731660961,1,0.40000000000000002,0.33333333333333337,1,0,0.57165883153766328,1,4838,28,0,0,0,0,0
d001799,c_elena,1,med-features-v2,32717,1,322.03604166666668,2348,276,204,24,7.2911093672874348,0.026435185185185187,1,0,30776,0,1,1,4,1,2072,1,0.88245315161839866,1,0.45454545454545459,0.80000000000000004,1,0,0.72264540292111779,1,2624,28,0,0,0,0,0
d001799,c_taylor,2,med-features-v2,32717,1,322.03604166666668,1934,277,168,24,6.0055389762921205,0.023680555555555555,1,0,30776,0,1,1,4,1,1657,1,0.8567735263702172,1,0.46153846153846156,0.33333333333333337,1,0,0.72644188543226407,1,2211,28,0,0,0,0,0
d001799,c_chris,3,med-features-v2,32717,1,322.03604166666668,2349,692,204,60,7.2942146097777618,0.016481481481481482,1,0,30776,0,1,1,4,1,2072,1,0.88207747977862916,1,0.33333333333333337,0.33333333333333337,1,0,0.66154427865578169,1,3041,28,0,0,0,0,0
d001800,c_fac_009,0,med-features-v2,32727,1,322.0625,231,231,20,20,0.71725208616339997,3.9274768518518517,1,0,30786,0,1,1,1,0,0,0,0,1,0.69230769230769229,0.69230769230769229,1,0,0.38027855421223372,1,462,18,0,0,0,0,0
d001801,c_fac_064,0,med-features-v2,32738,1,322.08893518518516,230,230,20,20,0.71408848574000661,3.8641203703703701,1,0,30797,0,1,1,1,0,0,0,0,1,0.66666666666666674,0.66666666666666674,1,0,0.40497007021648762,1,460,16,0,0,0,0,0
d000040,c_alex_chen,0,med-features-v2,32745,1,322.10576388888887,1060,968,92,84,3.2908445573971457,0.064560185185185179,1,0,30804,0,1,1,1,0,0,0,0,1,0.88888888888888884,0.88888888888888884,1,1,0.18179535198410521,1,2028,17,0,0,0,0,0
d001802,c_jamie_li,0,med-features-v2,32750,1,322.1177777777778,875,783,76,68,2.7163977289190289,0.10300925925925926,1,0,30809,0,1,1,1,0,0,0,0,1,0.77777777777777779,0.77777777777777779,1,0,0.46940621821820244,1,1658,15,0,0,0,0,0
d001803,c_fac_003,0,med-features-v2,32760,1,322.14421296296297,230,230,20,20,0.71396595296418741,2.884074074074074,1,0,30816,0,1,1,1,0,0,0,0,1,0.75,0.75,1,0,0.23014468718650571,1,460,14,0,0,0,0,0
d001804,c_fac_022,0,med-features-v2,32771,1,322.17067129629629,231,231,20,20,0.71701126322436792,2.9987731481481483,1,0,30827,0,1,1,1,0,0,0,0,1,0.81818181818181812,0.81818181818181812,1,1,0.30438250319007137,1,462,26,0,0,0,0,0
d001805,c_fac_041,0,med-features-v2,32782,1,322.19710648148146,230,230,20,20,0.71384874467586024,2.9982407407407408,1,0,30838,0,1,1,1,0,0,0,0,1,0.81818181818181812,0.81818181818181812,1,1,0.32934805550330004,1,460,15,0,0,0,0,0
d001806,c_fac_057,0,med-features-v2,32793,1,322.22354166666668,230,230,20,20,0.71379018060055355,2.9977083333333332,1,0,30849,0,1,1,1,0,0,0,0,1,0.66666666666666674,0.66666666666666674,1,0,0.24766905648544202,1,460,26,0,0,0,0,0
d001807,c_jamie_lee,0,med-features-v2,32803,1,322.25,877,877,76,76,2.7214895267649339,0.13909722222222223,1,0,30859,0,1,1,1,0,0,0,0,1,0.77777777777777779,0.77777777777777779,1,0,0.30105113595299371,1,1754,15,0,0,0,0,0
d001808,c_fac_044,0,med-features-v2,32814,1,322.27643518518516,231,231,20,20,0.71677595622920343,0.19678240740740741,1,0,30870,0,1,1,1,0,0,0,0,1,0.81818181818181812,0.81818181818181812,1,1,0.43969841773022111,1,462,27,0,0,0,0,0
d001809,c_alex_chan,0,med-features-v2,32825,1,322.30287037037039,878,878,76,76,2.7241457669646474,0.054930555555555559,1,0,30881,0,1,1,1,0,0,0,0,1,0.88888888888888884,0.88888888888888884,1,1,0.38975599471503064,1,1756,24,0,0,0,0,0
d001810,c_pat,0,med-features-v2,32835,1,322.32930555555555,646,646,56,56,2.0041615480372688,0.19435185185185186,1,0,646,0,1,0,1,0,0,0,0,1,0.77777777777777779,0.33333333333333337,1,0,0.43193652614686723,1,1292,16,0,0,0,0,0
d000109,c_fac_067,0,med-features-v2,32840,1,322.34134259259258,230,230,20,20,0.71352932313959228,2.9978703703703702,1,0,30893,0,1,1,2,1,0,0,0,1,0.72727272727272729,0.72727272727272729,1,0,0.26152840401780714,1,460,19,0,0,0,0,0
d000109,c_ren,1,med-features-v2,32840,1,322.34134259259258,647,647,56,56,2.0071890090057227,0.0092824074074074076,1,0,647,0,1,0,2,1,0,0,0,1,0.54545454545454541,0.5,1,0,0.024458765885707737,1,1294,19,0,0,0,0,0
d001811,c_fac_078,0,med-features-v2,32847,1,322.35817129629629,230,230,20,20,0.71349207335152343,3.0269444444444447,1,0,30900,0,1,1,1,0,0,0,0,1,0.80000000000000004,0.80000000000000004,1,1,0.25193206200113499,1,460,14,0,0,0,0,0
d001812,c_elena,0,med-features-v2,32856,1,323.01078703703706,2358,276,204,24,7.3000658016093656,0.010787037037037038,1,0,30909,0,1,1,1,0,0,0,0,1,0.45454545454545459,0.80000000000000004,1,0,0.55579475376801635,1,2634,15,0,0,0,0,0
d001813,c_morgan_shaw,0,med-features-v2,32865,1,323.04046296296298,879,879,76,76,2.7210213604132263,0.72041666666666671,1,0,30918,0,1,1,1,0,0,0,0,1,0.81818181818181812,0.81818181818181812,1,1,0.23465720890175934,1,1758,14,0,0,0,0,0
d001814,c_fac_020,0,med-features-v2,32876,1,323.07013888888889,231,231,20,20,0.71501501436951465,3.9031250000000002,1,0,30926,0,1,1,1,0,0,0,0,1,0.81818181818181812,0.81818181818181812,1,1,0.35679955394632706,1,462,18,0,0,0,0,0
d001815,c_fac_075,0,med-features-v2,32887,1,323.09981481481481,230,230,20,20,0.71185432319676467,3.7465277777777777,1,0,30937,0,1,1,1,0,0,0,0,1,0.72727272727272729,0.72727272727272729,1,0,0.39904067141743627,1,460,16,0,0,0,0,0
d001816,c_fac_008,0,med-features-v2,32898,1,323.12949074074072,231,231,20,20,0.71488368167961569,0.97770833333333329,1,0,30948,0,1,1,1,0,0,0,0,1,0.76923076923076916,0.76923076923076916,1,0,0.2853903226620183,1,462,26,0,0,0,0,0
d001817,c_fac_027,0,med-features-v2,32909,1,323.15916666666669,232,232,21,21,0.7179124837863694,0.98094907407407406,1,0,30959,0,1,1,1,0,0,0,0,1,0.75,0.75,1,0,0.39197336437313629,1,464,26,0,0,0,0,0
d001818,c_fac_044,0,med-features-v2,32920,1,323.18884259259261,232,232,20,20,0.71784656344852849,0.91206018518518517,1,0,30970,0,1,1,1,0,0,0,0,1,0.81818181818181812,0.81818181818181812,1,1,0.29858792023888758,1,464,25,0,0,0,0,0
d001819,c_fac_062,0,med-features-v2,32931,1,323.21851851851852,231,231,20,20,0.71468677308093365,0.9874074074074074,1,0,30981,0,1,1,1,0,0,0,0,1,0.75,0.75,1,0,0.30341978910522932,1,462,15,0,0,0,0,0
d001820,c_quinn,0,med-features-v2,649,1,323.20939814814813,185,185,16,16,0.57238434606162758,0.23166666666666666,1,0,649,0,1,1,1,0,0,0,0,1,0.27272727272727271,0.19999999999999996,1,0,0.58120223387318348,1,370,14,0,0,0,0,0
d001821,c_pat,0,med-features-v2,32949,1,323.27787037037035,648,648,56,56,2.0044675475546923,0.22627314814814814,1,0,648,0,1,0,1,0,0,0,0,1,0.77777777777777779,0.33333333333333337,1,0,0.3018413251787137,1,1296,15,0,0,0,0,0
d001822,c_fac_030,0,med-features-v2,32960,1,323.30754629629632,231,231,20,20,0.71448997292596206,0.23166666666666666,1,0,31007,0,1,1,1,0,0,0,0,1,0.81818181818181812,0.81818181818181812,1,1,0.41600673362090973,1,462,27,0,0,0,0,0
d001823,c_fac_080,0,med-features-v2,32971,1,323.33722222222224,231,231,20,20,0.71442439695742488,0.234375,1,0,31018,0,1,1,1,0,0,0,0,1,0.75,0.75,1,0,0.35842805675071004,1,462,18,0,0,0,0,0
d001824,c_fac_087,0,med-features-v2,32982,1,323.36689814814815,231,231,20,20,0.7143588330249222,0.99636574074074069,1,0,31029,0,1,1,1,0,0,0,0,1,0.75,0.75,1,0,0.33665050488795956,1,462,15,0,0,0,0,0
d001825,c_morgan_shaw,0,med-features-v2,32993,1,324.0196064814815,881,881,76,76,2.7189712670993917,0.75488425925925928,1,0,31040,0,1,1,1,0,0,0,0,1,0.81818181818181812,0.81818181818181812,1,1,0.35317206079961866,1,1762,17,0,0,0,0,0
d000174,c_fac_002,0,med-features-v2,33000,1,324.03921296296295,232,232,20,20,0.71596273141953704,0.92557870370370365,1,0,31044,0,1,1,1,0,0,0,0,1,0.76923076923076916,0.76923076923076916,1,0,0.017716675476358985,1,464,18,0,0,0,0,0
d000264,c_noah,0,med-features-v2,33002,1,324.04409722222221,2654,2230,229,192,8.1902433117920559,0.0094444444444444445,1,0,31046,0,1,1,6,1,2090,0.80000000000000004,0.78749058025621699,1,0.40000000000000002,0.33333333333333337,1,0,0.60934765601307683,1,4881,17,0,0,0,0,0
d000264,c_elena,1,med-features-v2,33002,1,324.04409722222221,2369,279,204,24,7.3107333856953201,0.0097916666666666673,1,0,31046,0,1,1,6,1,2090,0.80000000000000004,0.88222878851836217,1,0.45454545454545459,0.80000000000000004,1,0,0.72345075970970785,1,2648,17,0,0,0,0,0
d000264,c_taylor,2,med-features-v2,33002,1,324.04409722222221,1952,280,168,24,6.0238714938274649,0.0097916666666666673,1,0,31046,0,1,1,6,1,1672,0.80000000000000004,0.85655737704918034,1,0.46153846153846156,0.33333333333333337,1,0,0.73700994874958115,1,2232,17,0,0,0,0,0
d000264,c_chris,3,med-features-v2,33002,1,324.04409722222221,2369,697,204,60,7.3107333856953201,0.0097916666666666673,1,0,31046,0,1,1,6,1,2090,0.80000000000000004,0.88222878851836217,1,0.33333333333333337,0.33333333333333337,1,0,0.61314105648175576,1,3066,17,0,0,0,0,0
d000264,c_lena,4,med-features-v2,33002,1,324.04409722222221,555,277,48,24,1.7127298560831163,0.041319444444444443,1,0,31046,0,1,1,6,1,278,0.80000000000000004,0.50090090090090089,1,0.46153846153846156,0.80000000000000004,1,0,0.5869467751585058,1,832,17,0,0,0,0,0
d000264,c_alex_chan,5,med-features-v2,33002,1,324.04409722222221,883,883,76,76,2.7249377710295346,0.0020833333333333333,1,0,31046,0,1,1,6,1,0,0,0,1,0.88888888888888884,0.88888888888888884,1,1,0.16485444815390929,1,1766,17,0,0,0,0,0
d001826,c_fac_001,0,med-features-v2,33005,1,324.05145833333336,231,231,20,20,0.71284974672875379,1.9116898148148149,1,0,31049,0,1,1,1,0,0,0,0,1,0.75,0.75,1,0,0.42427473598014792,1,462,27,0,0,0,0,0
d001827,c_fac_051,0,med-features-v2,33015,1,324.0784259259259,231,231,20,20,0.71279042824282079,1.8641435185185184,1,0,31059,0,1,1,1,0,0,0,0,1,0.72727272727272729,0.72727272727272729,1,0,0.39681458634597189,1,462,18,0,0,0,0,0
d001828,c_alex_chen,0,med-features-v2,33026,1,324.10537037037039,1069,976,92,84,3.2983100489152761,0.063703703703703707,1,0,31070,0,1,1,1,0,0,0,0,1,0.88888888888888884,0.88888888888888884,1,1,0.4494110096154223,1,2045,25,0,0,0,0,0
d001829,c_sam,0,med-features-v2,33036,1,324.13233796296294,233,233,20,20,0.7188421910146584,1.0213888888888889,1,0,31077,0,1,1,1,0,0,0,0,1,0.45454545454545459,0.33333333333333337,1,0,0.3180425257160337,1,466,14,0,0,0,0,0
d001830,c_fac_013,0,med-features-v2,33047,1,324.15930555555553,233,233,20,20,0.71878238880317336,1.0213888888888889,1,0,31085,0,1,1,1,0,0,0,0,1,0.76923076923076916,0.76923076923076916,1,0,0.36949804018601201,1,466,26,0,0,0,0,0
d001831,c_fac_030,0,med-features-v2,33058,1,324.18627314814813,232,232,20,20,0.71563795020395438,0.87837962962962968,1,0,31096,0,1,1,1,0,0,0,0,1,0.81818181818181812,0.81818181818181812,1,1,0.26141736210680011,1,464,15,0,0,0,0,0
d001832,c_fac_048,0,med-features-v2,33069,1,324.21321759259257,232,232,20,20,0.71557847555595955,1.0186342592592592,1,0,31107,0,1,1,1,0,0,0,0,1,0.75,0.75,1,0,0.33596079987724092,1,464,15,0,0,0,0,0
d001833,c_quinn,0,med-features-v2,33080,1,324.24018518518517,279,93,24,8,0.86047323172065526,0.200625,1,0,31118,0,1,1,1,0,0,0,0,1,0.27272727272727271,0.19999999999999996,1,0,0.73920528296244059,1,372,18,0,0,0,0,0
d001834,c_fac_026,0,med-features-v2,33090,1,324.26715277777777,233,233,21,21,0.71854333071989041,0.20064814814814816,1,0,31128,0,1,1,1,0,0,0,0,1,0.76923076923076916,0.76923076923076916,1,0,0.44119935249276304,1,466,27,0,0,0,0,0
d001835,c_fac_081,0,med-features-v2,33101,1,324.29409722222221,232,232,20,20,0.71540000877975352,0.200625,1,0,31139,0,1,1,1,0,0,0,0,1,0.66666666666666674,0.66666666666666674,1,0,0.40488308485892238,1,464,27,0,0,0,0,0
d001836,c_lee,0,med-features-v2,33111,1,324.3210648148148,652,652,56,56,2.0103535376966271,0.18592592592592594,1,0,652,0,1,0,1,0,0,0,0,1,0.5,0.5,1,0,0.45329104389691816,1,1304,16,0,0,0,0,0
d001837,c_fac_073,0,med-features-v2,33122,1,324.3480324074074,232,232,20,20,0.715281046344037,1.0023842592592593,1,0,31157,0,1,1,1,0,0,0,0,1,0.72727272727272729,0.72727272727272729,1,0,0.35251760837900126,1,464,15,0,0,0,0,0
d001838,c_noah,0,med-features-v2,33133,1,325,2662,2236,229,192,8.1907692307692308,0.67122685185185182,1,0,31168,0,1,1,4,1,2098,1,0.78812922614575509,1,0.40000000000000002,0.33333333333333337,1,0,0.60382092120151398,1,4895,17,0,0,0,0,0
d001838,c_elena,1,med-features-v2,33133,1,325,2377,279,204,24,7.3138461538461534,0.6715740740740741,1,0,31168,0,1,1,4,1,2098,1,0.88262515776188477,1,0.45454545454545459,0.80000000000000004,1,0,0.73819008538800157,1,2656,17,0,0,0,0,0
d001838,c_taylor,2,med-features-v2,33133,1,325,1960,282,168,24,6.0307692307692307,0.6715740740740741,1,0,31168,0,1,1,4,1,1678,1,0.85612244897959189,1,0.46153846153846156,0.33333333333333337,1,0,0.75495238474147797,1,2242,17,0,0,0,0,0
d001838,c_chris,3,med-features-v2,33133,1,325,2377,699,204,60,7.3138461538461534,0.6715740740740741,1,0,31168,0,1,1,4,1,2098,1,0.88262515776188477,1,0.33333333333333337,0.33333333333333337,1,0,0.62530118291171077,1,3076,17,0,0,0,0,0
d001839,c_alex_chen,0,med-features-v2,33141,1,325.0290277777778,1072,978,92,84,3.2981669585921596,0.72231481481481485,1,0,31176,0,1,1,1,0,0,0,0,1,0.88888888888888884,0.88888888888888884,1,1,0.17947625655860108,1,2050,18,0,0,0,0,0
d001840,c_ren,0,med-features-v2,33151,1,325.0580787037037,653,653,56,56,2.0088717764040602,0.73175925925925922,1,0,653,0,1,0,1,0,0,0,0,1,0.54545454545454541,0.5,1,0,0.30398862320055692,1,1306,15,0,0,0,0,0
d001841,c_fac_052,0,med-features-v2,33162,1,325.08712962962966,232,232,20,20,0.71365482928935575,1.8871527777777777,1,0,31194,0,1,1,1,0,0,0,0,1,0.72727272727272729,0.72727272727272729,1,0,0.39847962739461606,1,464,27,0,0,0,0,0
d001842,c_fac_001,0,med-features-v2,33173,1,325.11618055555556,233,233,20,20,0.71666688382550425,0.86340277777777774,1,0,31205,0,1,1,1,0,0,0,0,1,0.75,0.75,1,0,0.23846238300944653,1,466,15,0,0,0,0,0
d001843,c_fac_015,0,med-features-v2,33184,1,325.14523148148146,234,234,20,20,0.71967840012233852,0.98067129629629635,1,0,31216,0,1,1,1,0,0,0,0,1,0.76923076923076916,0.76923076923076916,1,0,0.25931326747590383,1,468,26,0,0,0,0,0
d001844,c_fac_034,0,med-features-v2,33195,1,325.17428240740742,234,234,20,20,0.71961410437380124,0.98277777777777775,1,0,31227,0,1,1,1,0,0,0,0,1,0.7142857142857143,0.7142857142857143,1,0,0.33326691535751835,1,468,15,0,0,0,0,0
d000110,c_fac_050,0,med-features-v2,33205,1,325.20069444444442,233,233,20,20,0.71648063482165936,0.98222222222222222,1,0,31237,0,1,1,2,1,0,0,0,1,0.75,0.75,1,0,0.26128564902833434,1,466,19,0,0,0,0,0
d000110,c_lee,1,med-features-v2,33205,1,325.20069444444442,654,654,56,56,2.0110658161947006,0.15018518518518517,1,0,654,0,1,0,2,1,0,0,0,1,0.5,0.5,1,0,0.024420245746722399,1,1308,19,0,0,0,0,0
d001845,c_fac_051,0,med-features-v2,33207,1,325.20597222222221,233,233,20,20,0.71646900703528493,0.92622685185185183,1,0,31239,0,1,1,1,0,0,0,0,1,0.72727272727272729,0.72727272727272729,1,0,0.2724467796733992,1,466,15,0,0,0,0,0
d001846,c_noah,0,med-features-v2,33218,1,325.23502314814817,2668,2242,229,192,8.203298569061845,0.031342592592592596,1,0,31250,0,1,1,4,1,2102,1,0.78785607196401797,1,0.40000000000000002,0.33333333333333337,1,0,0.56995552460867782,1,4907,28,0,0,0,0,0
d001846,c_elena,1,med-features-v2,33218,1,325.23502314814817,2383,281,204,24,7.3270091791882974,0.031689814814814816,1,0,31250,0,1,1,4,1,2102,1,0.8820814099874108,1,0.45454545454545459,0.80000000000000004,1,0,0.72024071990174177,1,2664,28,0,0,0,0,0
d001846,c_taylor,2,med-features-v2,33218,1,325.23502314814817,1964,282,168,24,6.038710041093502,0.031689814814814816,1,0,31250,0,1,1,4,1,1682,1,0.85641547861507128,1,0.46153846153846156,0.33333333333333337,1,0,0.72361681452320736,1,2246,28,0,0,0,0,0
d001846,c_chris,3,med-features-v2,33218,1,325.23502314814817,2383,701,204,60,7.3270091791882974,0.031689814814814816,1,0,31250,0,1,1,4,1,2102,1,0.8820814099874108,1,0.33333333333333337,0.33333333333333337,1,0,0.65984868311905076,1,3084,28,0,0,0,0,0
d001847,c_alex_chan,0,med-features-v2,33225,1,325.26407407407407,889,889,76,76,2.7331638224439856,0.010208333333333333,1,0,31257,0,1,1,1,0,0,0,0,1,0.88888888888888884,0.88888888888888884,1,1,0.29508332474682264,1,1778,15,0,0,0,0,0
d001848,c_fac_017,0,med-features-v2,33236,1,325.29312499999997,234,234,20,20,0.71935120055181001,0.22412037037037036,1,0,31265,0,1,1,1,0,0,0,0,1,0.81818181818181812,0.81818181818181812,1,1,0.35674648683548182,1,468,16,0,0,0,0,0
d001849,c_fac_052,0,med-features-v2,33247,1,325.32217592592593,233,233,20,20,0.7162130873397724,0.23469907407407409,1,0,31276,0,1,1,1,0,0,0,0,1,0.72727272727272729,0.72727272727272729,1,0,0.40280523857523248,1,466,27,0,0,0,0,0
d001850,c_fac_075,0,med-features-v2,33258,1,325.35122685185183,233,233,20,20,0.71614913598004093,0.99793981481481486,1,0,31287,0,1,1,1,0,0,0,0,1,0.72727272727272729,0.72727272727272729,1,0,0.31356248081476296,1,466,26,0,0,0,0,0
d001851,c_alex_chan,0,med-features-v2,33269,1,326.00488425925926,890,890,76,76,2.7300204474612011,0.74046296296296299,1,0,31298,0,1,1,1,0,0,0,0,1,0.88888888888888884,0.88888888888888884,1,1,0.37252727476593073,1,1780,18,0,0,0,0,0
d001852,c_ren,0,med-features-v2,33279,1,326.03185185185185,655,655,56,56,2.0090061639058217,0.7489351851851852,1,0,655,0,1,0,1,0,0,0,0,1,0.54545454545454541,0.5,1,0,0.50969293759332168,1,1310,14,0,0,0,0,0
d001853,c_fac_003,0,med-features-v2,33288,1,326.05881944444445,233,233,20,20,0.71459499361801415,1.9138657407407407,1,0,31314,0,1,1,1,0,0,0,0,1,0.75,0.75,1,0,0.39165406004271408,1,466,27,0,0,0,0,0
d001854,c_fac_058,0,med-features-v2,33299,1,326.08576388888889,233,233,20,20,0.71453594668239762,1.8574768518518519,1,0,31325,0,1,1,1,0,0,0,0,1,0.7142857142857143,0.7142857142857143,1,0,0.380318106327935,1,466,16,0,0,0,0,0
d001855,c_chris,0,med-features-v2,33310,1,326.11273148148149,2391,703,204,60,7.3318204693758622,0.0097916666666666673,1,0,31336,0,1,1,4,1,2109,1,0.88205771643663744,1,0.33333333333333337,0.33333333333333337,1,0,0.4373932524477841,1,3094,28,0,0,0,0,0
d001855,c_noah,1,med-features-v2,33310,1,326.11273148148149,2677,2250,229,192,8.2088178153572482,0.0094444444444444445,1,0,31336,0,1,1,4,1,2109,1,0.78782218901755696,1,0.40000000000000002,0.33333333333333337,1,0,0.20514867194177036,1,4924,28,0,0,0,0,0
d001855,c_elena,2,med-features-v2,33310,1,326.11273148148149,2391,282,204,24,7.3318204693758622,0.0097916666666666673,1,0,31336,0,1,1,4,1,2109,1,0.88205771643663744,1,0.45454545454545459,0.80000000000000004,1,0,0.32154558252137116,1,2673,28,0,0,0,0,0
d001855,c_marcus,3,med-features-v2,33310,1,326.11273148148149,608,187,52,16,1.8643859662821096,0.065833333333333327,1,0,31336,0,1,1,4,1,421,1,0.69243421052631582,1,0.41666666666666663,0.33333333333333337,1,0,0.61453040355083111,1,795,28,0,0,0,0,0
d001856,c_fac_001,0,med-features-v2,33320,1,326.13969907407409,234,234,20,20,0.71748395139977439,1.0231712962962962,1,0,31343,0,1,1,1,0,0,0,0,1,0.75,0.75,1,0,0.29342044209886253,1,468,14,0,0,0,0,0
d001857,c_fac_020,0,med-features-v2,33331,1,326.16666666666669,235,235,20,20,0.7204905467552376,1.0131712962962962,1,0,31354,0,1,1,1,0,0,0,0,1,0.81818181818181812,0.81818181818181812,1,1,0.32687554822678749,1,470,15,0,0,0,0,0
d001858,c_fac_037,0,med-features-v2,33342,1,326.19361111111112,234,234,20,20,0.71736536838636222,0.87900462962962966,1,0,31365,0,1,1,1,0,0,0,0,1,0.76923076923076916,0.76923076923076916,1,0,0.30442310862539995,1,468,15,0,0,0,0,0
d001859,c_fac_055,0,med-features-v2,33353,1,326.22057870370372,234,234,20,20,0.71730606612814307,1.0089814814814815,1,0,31376,0,1,1,1,0,0,0,0,1,0.83333333333333337,0.83333333333333337,1,1,0.33603597560003962,1,468,15,0,0,0,0,0
d001860,c_marcus,0,med-features-v2,33363,1,326.24754629629632,609,187,52,16,1.8666807058432537,0.1348148148148148,1,0,31386,0,1,1,1,0,0,0,0,1,0.41666666666666663,0.33333333333333337,1,0,0.5875330869368709,1,796,14,0,0,0,0,0
d001861,c_fac_033,0,med-features-v2,33373,1,326.27449074074076,234,234,20,20,0.71718754190298473,0.200625,1,0,31396,0,1,1,1,0,0,0,0,1,0.69230769230769229,0.69230769230769229,1,0,0.39331913530937468,1,468,27,0,0,0,0,0
d000340,c_fac_028,0,med-features-v2,33377,1,326.28427083333332,235,235,20,20,0.72023085697575195,0.011886574074074074,1,0,31400,0,1,1,1,0,0,0,0,1,0.75,0.75,1,0,0.36210792804729391,1,470,18,0,0,0,0,0
d001862,c_alex_chan,0,med-features-v2,33385,1,326.30145833333336,892,892,76,76,2.7336684443769084,0.19328703703703703,1,0,31408,0,1,1,1,0,0,0,0,1,0.88888888888888884,0.88888888888888884,1,1,0.38953831132802708,1,1784,24,0,0,0,0,0
d001863,c_noah,0,med-features-v2,33395,1,326.3284259259259,2684,2255,229,192,8.2248427864793108,0.021712962962962962,1,0,31415,0,1,1,4,1,2114,1,0.78763040238450077,1,0.40000000000000002,0.33333333333333337,1,0,0.60487893199320752,1,4936,17,0,0,0,0,0
d001863,c_elena,1,med-features-v2,33395,1,326.3284259259259,2396,282,204,24,7.3422963175873441,0.031875000000000001,1,0,31415,0,1,1,4,1,2114,1,0.88230383973288817,1,0.45454545454545459,0.80000000000000004,1,0,0.73988664041756314,1,2678,17,0,0,0,0,0
d001863,c_taylor,2,med-features-v2,33395,1,326.3284259259259,1973,282,168,24,6.0460561914022657,0.083333333333333329,1,0,31415,0,1,1,4,1,1691,1,0.85707045108971114,1,0.46153846153846156,0.33333333333333337,1,0,0.75663673342753257,1,2255,17,0,0,0,0,0
d001863,c_chris,3,med-features-v2,33395,1,326.3284259259259,2396,705,204,60,7.3422963175873441,0.03152777777777778,1,0,31415,0,1,1,4,1,2114,1,0.88230383973288817,1,0.33333333333333337,0.33333333333333337,1,0,0.62653569758796668,1,3101,17,0,0,0,0,0
d001864,c_fac_076,0,med-features-v2,33406,1,326.35537037037039,234,234,20,20,0.71700980355996835,1.0011574074074074,1,0,31426,0,1,1,1,0,0,0,0,1,0.72727272727272729,0.72727272727272729,1,0,0.2933047776774072,1,468,14,0,0,0,0,0
d000041,c_jamie_li,0,med-features-v2,33417,1,329.00719907407409,893,799,76,68,2.7142263224427077,2.6931481481481483,1,0,31437,0,1,1,1,0,0,0,0,1,0.77777777777777779,0.77777777777777779,1,0,0.21821788247502835,1,1692,18,0,0,0,0,0
d001865,c_chris,0,med-features-v2,33418,1,329.00960648148146,2398,705,204,60,7.2885409810517894,0.0096064814814814815,1,0,31438,0,1,1,4,1,2116,1,0.88240200166805671,1,0.33333333333333337,0.33333333333333337,1,0,0.45623750375030442,1,3103,16,0,0,0,0,0
d001865,c_noah,1,med-features-v2,33418,1,329.00960648148146,2686,2257,229,192,8.1638953607610958,0.0092592592592592587,1,0,31438,0,1,1,4,1,2116,1,0.78778853313477293,1,0.40000000000000002,0.33333333333333337,1,0,0.2086450118547383,1,4940,16,0,0,0,0,0
d001865,c_elena,2,med-features-v2,33418,1,329.00960648148146,2398,282,204,24,7.2885409810517894,0.0096064814814814815,1,0,31438,0,1,1,4,1,2116,1,0.88240200166805671,1,0.45454545454545459,0.80000000000000004,1,0,0.31581683332143234,1,2680,16,0,0,0,0,0
d001865,c_marcus,3,med-features-v2,33418,1,329.00960648148146,611,188,52,16,1.8570886319527287,2.7130555555555556,1,0,31438,0,1,1,4,1,423,1,0.69230769230769229,1,0.41666666666666663,0.33333333333333337,1,0,0.66741045053509551,1,799,16,0,0,0,0,0
d000042,c_morgan_zhao,0,med-features-v2,33421,1,329.01680555555555,893,799,76,68,2.7141470737099298,2.6978472222222223,1,0,31441,0,1,1,1,0,0,0,0,1,0.81818181818181812,0.81818181818181812,1,1,0.21120238546632536,1,1692,17,0,0,0,0,0
d001866,c_priya,0,med-features-v2,33429,1,329.03844907407409,470,470,40,40,1.4284044959566176,2.8003703703703704,1,0,31446,0,1,1,1,0,0,0,0,1,0.45454545454545459,0.40000000000000002,1,0,0.37960941669336384,1,940,17,0,0,0,0,0
d001867,c_fac_014,0,med-features-v2,33439,1,329.06488425925926,236,236,20,20,0.71718378742006228,3.9219444444444442,1,0,31456,0,1,1,1,0,0,0,0,1,0.76923076923076916,0.76923076923076916,1,0,0.41228279316211319,1,472,16,0,0,0,0,0
d001868,c_fac_069,0,med-features-v2,33450,1,329.09134259259258,235,235,20,20,0.71408745714384991,3.8586111111111112,1,0,31467,0,1,1,1,0,0,0,0,1,0.75,0.75,1,0,0.3368289451768342,1,470,18,0,0,0,0,0
d001869,c_jamie_li,0,med-features-v2,33461,1,329.1177777777778,894,800,76,68,2.7163528085183959,0.10300925925925926,1,0,31478,0,1,1,1,0,0,0,0,1,0.77777777777777779,0.77777777777777779,1,0,0.41374069837563637,1,1694,25,0,0,0,0,0
d001870,c_fac_003,0,med-features-v2,33471,1,329.14421296296297,235,235,20,20,0.71397275341566901,2.884074074074074,1,0,31485,0,1,1,1,0,0,0,0,1,0.75,0.75,1,0,0.2876044000686383,1,470,25,0,0,0,0,0
d001871,c_fac_022,0,med-features-v2,33482,1,329.17067129629629,236,236,20,20,0.71695330288879044,2.9987731481481483,1,0,31496,0,1,1,1,0,0,0,0,1,0.81818181818181812,0.81818181818181812,1,1,0.28916968480326144,1,472,14,0,0,0,0,0
d000218,c_dir_107,0,med-features-v2,33490,1,329.18988425925926,0,0,0,0,0,3650,0,1,31504,0,1,1,1,0,0,0,0,0,0.63636363636363635,0.63636363636363635,1,0,0,0,0,26,0,0,0,0,0
d001872,c_fac_042,0,med-features-v2,33494,1,329.19951388888887,235,235,20,20,0.71385281595317607,2.9981944444444446,1,0,31508,0,1,1,1,0,0,0,0,1,0.66666666666666674,0.66666666666666674,1,0,0.27882628869893472,1,470,26,0,0,0,0,0
d000265,c_noah,0,med-features-v2,33496,1,329.20430555555555,2693,2262,229,192,8.1803304347899459,0.076574074074074072,1,0,31510,0,1,1,5,1,2121,0.75,0.78759747493501675,1,0.40000000000000002,0.33333333333333337,1,0,0.56988121962969762,1,4952,28,0,0,0,0,0
d000265,c_elena,1,med-features-v2,33496,1,329.20430555555555,2403,282,204,24,7.2994185053101521,0.091342592592592586,1,0,31510,0,1,1,5,1,2121,0.75,0.88264669163545573,1,0.45454545454545459,0.80000000000000004,1,0,0.71999411524594004,1,2685,28,0,0,0,0,0
d000265,c_taylor,2,med-features-v2,33496,1,329.20430555555555,1980,284,168,24,6.0145021392068676,0.088587962962962966,1,0,31510,0,1,1,5,1,1696,0.75,0.85656565656565653,1,0.46153846153846156,0.33333333333333337,1,0,0.72354819654708802,1,2264,28,0,0,0,0,0
d000265,c_chris,3,med-features-v2,33496,1,329.20430555555555,2405,709,204,60,7.30549375999622,0.081365740740740738,1,0,31510,0,1,1,5,1,2121,0.75,0.88191268191268191,1,0.33333333333333337,0.33333333333333337,1,0,0.65929462146223328,1,3114,28,0,0,0,0,0
d000265,c_lee,4,med-features-v2,33496,1,329.20430555555555,660,660,56,56,2.0048340464022889,0.071759259259259259,1,0,660,0,1,0,5,1,0,0,0,1,0.5,0.5,1,0,0.15749183785677881,1,1320,28,0,0,0,0,0
d001873,c_fac_061,0,med-features-v2,33506,1,329.22835648148146,235,235,20,20,0.71379027770112002,2.997638888888889,1,0,31520,0,1,1,1,0,0,0,0,1,0.75,0.75,1,0,0.32119833115271756,1,470,15,0,0,0,0,0
d001874,c_sam,0,med-features-v2,33516,1,329.25479166666668,236,236,20,20,0.71677013052834582,0.19675925925925927,1,0,31530,0,1,1,1,0,0,0,0,1,0.45454545454545459,0.33333333333333337,1,0,0.37526634503422318,1,472,18,0,0,0,0,0
d001875,c_fac_054,0,med-features-v2,33527,1,329.28125,236,236,20,20,0.71671253677517321,0.19678240740740741,1,0,31541,0,1,1,1,0,0,0,0,1,0.80000000000000004,0.80000000000000004,1,1,0.38435526522776203,1,472,18,0,0,0,0,0
d001876,c_chris,0,med-features-v2,33538,1,329.30768518518516,2409,710,204,60,7.3153470397913924,0.0092824074074074076,1,0,31552,0,1,1,1,0,0,0,0,1,0.33333333333333337,0.33333333333333337,1,0,0.36763443440844856,1,3119,19,0,0,0,0,0
d001877,c_fac_089,0,med-features-v2,33548,1,329.33412037037039,236,236,20,20,0.71659747776693627,0.23282407407407407,1,0,31559,0,1,1,1,0,0,0,0,1,0.80000000000000004,0.80000000000000004,1,1,0.38793031798350958,1,472,16,0,0,0,0,0
d001878,c_fac_081,0,med-features-v2,33559,1,329.36055555555555,235,235,20,20,0.71350377583499336,2.997476851851852,1,0,31570,0,1,1,1,0,0,0,0,1,0.66666666666666674,0.66666666666666674,1,0,0.32554667146136063,1,470,15,0,0,0,0,0
d000175,c_fac_003,0,med-features-v2,33566,1,330.00268518518516,236,236,20,20,0.71514569606476275,0.85812500000000003,1,0,31577,0,1,1,1,0,0,0,0,1,0.75,0.75,1,0,0.070083501351746597,1,472,26,0,0,0,0,0
d001879,c_quinn,0,med-features-v2,661,1,329.97738425925928,188,188,16,16,0.56973601515760441,4.7676157407407409,1,0,661,0,1,1,1,0,0,0,0,1,0.27272727272727271,0.19999999999999996,1,0,0.58438167620655479,1,376,14,0,0,0,0,0
d001880,c_morgan_zhao,0,med-features-v2,33578,1,330.04585648148151,896,802,76,68,2.7147742727388962,0.72340277777777773,1,0,31589,0,1,1,1,0,0,0,0,1,0.81818181818181812,0.81818181818181812,1,1,0.21062116905091874,1,1698,17,0,0,0,0,0
d001881,c_fac_030,0,med-features-v2,33589,1,330.07553240740742,235,235,20,20,0.71195825478497732,3.8938194444444445,1,0,31597,0,1,1,1,0,0,0,0,1,0.81818181818181812,0.81818181818181812,1,1,0.36047017946399534,1,470,16,0,0,0,0,0
d001882,c_fac_085,0,med-features-v2,33600,1,330.10520833333334,235,235,20,20,0.7118942508859234,3.737222222222222,1,0,31608,0,1,1,1,0,0,0,0,1,0.75,0.75,1,0,0.39827374976501967,1,470,27,0,0,0,0,0
d001883,c_fac_012,0,med-features-v2,33611,1,330.13488425925925,237,237,20,20,0.71788838835304902,0.97828703703703701,1,0,31619,0,1,1,1,0,0,0,0,1,0.69230769230769229,0.69230769230769229,1,0,0.42426554824631402,1,474,26,0,0,0,0,0
d001884,c_fac_029,0,med-features-v2,33622,1,330.16456018518517,237,237,20,20,0.71782386294600997,0.89500000000000002,1,0,31630,0,1,1,1,0,0,0,0,1,0.76923076923076916,0.76923076923076916,1,0,0.25432304274376699,1,474,14,0,0,0,0,0
d000111,c_fac_043,0,med-features-v2,33630,1,330.18613425925923,236,236,20,20,0.71474836618879611,0.98386574074074074,1,0,31638,0,1,1,2,1,0,0,0,1,0.75,0.75,1,0,0.27882426171685815,1,472,14,0,0,0,0,0
d000111,c_pat,1,med-features-v2,33630,1,330.18613425925923,662,662,56,56,2.0049297390550125,0.13453703703703704,1,0,662,0,1,0,2,1,0,0,0,1,0.77777777777777779,0.33333333333333337,1,0,0.018789129137577232,1,1324,14,0,0,0,0,0
d001885,c_fac_048,0,med-features-v2,33633,1,330.19423611111114,236,236,20,20,0.71473082867680782,0.98236111111111113,1,0,31641,0,1,1,1,0,0,0,0,1,0.75,0.75,1,0,0.29862201752917783,1,472,14,0,0,0,0,0
d001886,c_fac_064,0,med-features-v2,33644,1,330.22391203703705,237,237,20,20,0.71769484692380092,0.93752314814814819,1,0,31652,0,1,1,1,0,0,0,0,1,0.66666666666666674,0.66666666666666674,1,0,0.27201622494002059,1,474,25,0,0,0,0,0
d000341,c_fac_029,0,med-features-v2,33650,1,330.25033564814817,238,238,20,20,0.72066542955331758,0.085428240740740735,1,0,31658,0,1,1,1,0,0,0,0,1,0.76923076923076916,0.76923076923076916,1,0,0.12535237351725917,1,476,21,0,0,0,0,0
d001887,c_alex_chan,0,med-features-v2,33652,1,330.25358796296297,899,899,76,76,2.7221505920499505,0.23166666666666666,1,0,31660,0,1,1,1,0,0,0,0,1,0.88888888888888884,0.88888888888888884,1,1,0.26521357121734174,1,1798,25,0,0,0,0,0
d001888,c_ren,0,med-features-v2,33663,1,330.28326388888888,662,662,56,56,2.0043401297581473,0.22898148148148148,1,0,662,0,1,0,1,0,0,0,0,1,0.54545454545454541,0.5,1,0,0.30576393514971067,1,1324,15,0,0,0,0,0
d001889,c_noah,0,med-features-v2,33674,1,330.3129398148148,2707,2275,229,192,8.1952587189519139,0.013148148148148148,1,0,31679,0,1,1,4,1,2131,1,0.78721832286664206,1,0.40000000000000002,0.33333333333333337,1,0,0.60908787508482953,1,4979,17,0,0,0,0,0
d001889,c_elena,1,med-features-v2,33674,1,330.3129398148148,2416,285,204,24,7.3142759752448558,0.015833333333333335,1,0,31679,0,1,1,4,1,2131,1,0.88203642384105962,1,0.45454545454545459,0.80000000000000004,1,0,0.72244798237959373,1,2701,17,0,0,0,0,0
d001889,c_taylor,2,med-features-v2,33674,1,330.3129398148148,1990,285,168,24,6.0245898968283376,0.078240740740740736,1,0,31679,0,1,1,4,1,1705,1,0.85678391959798994,1,0.46153846153846156,0.33333333333333337,1,0,0.73649418508262798,1,2275,17,0,0,0,0,0
d001889,c_chris,3,med-features-v2,33674,1,330.3129398148148,2416,711,204,60,7.3142759752448558,0.078240740740740736,1,0,31679,0,1,1,4,1,2131,1,0.88203642384105962,1,0.33333333333333337,0.33333333333333337,1,0,0.61252412861607908,1,3127,17,0,0,0,0,0
d001890,c_fac_072,0,med-features-v2,33685,1,330.34261574074077,236,236,20,20,0.71440979381605829,0.99372685185185183,1,0,31690,0,1,1,1,0,0,0,0,1,0.72727272727272729,0.72727272727272729,1,0,0.32553668814563569,1,472,15,0,0,0,0,0
d001891,c_fac_089,0,med-features-v2,33696,1,330.37229166666668,237,237,20,20,0.71737250967500676,1.0378240740740741,1,0,31701,0,1,1,1,0,0,0,0,1,0.80000000000000004,0.80000000000000004,1,1,0.22354220979116526,1,474,14,0,0,0,0,0
d001892,c_morgan_zhao,0,med-features-v2,33706,1,331.02449074074076,900,806,76,68,2.7188320658270642,0.74358796296296292,1,0,31711,0,1,1,1,0,0,0,0,1,0.81818181818181812,0.81818181818181812,1,1,0.38861738771374726,1,1706,14,0,0,0,0,0
d001893,c_fac_001,0,med-features-v2,33717,1,331.05145833333336,236,236,20,20,0.71288010990235018,1.9116898148148149,1,0,31719,0,1,1,1,0,0,0,0,1,0.75,0.75,1,0,0.43071147826088735,1,472,27,0,0,0,0,0
d001894,c_fac_051,0,med-features-v2,33727,1,331.0784259259259,236,236,20,20,0.71282204311555364,1.8641435185185184,1,0,31729,0,1,1,1,0,0,0,0,1,0.72727272727272729,0.72727272727272729,1,0,0.37723229163560701,1,472,27,0,0,0,0,0
d001895,c_alex_chen,0,med-features-v2,33738,1,331.10537037037039,1092,997,92,84,3.2980437580293618,0.063703703703703707,1,0,31740,0,1,1,1,0,0,0,0,1,0.88888888888888884,0.88888888888888884,1,1,0.52549748106245342,1,2089,15,0,0,0,0,0
d001896,c_sam,0,med-features-v2,33748,1,331.13233796296294,238,238,20,20,0.71874586899036186,1.0213888888888889,1,0,31747,0,1,1,1,0,0,0,0,1,0.45454545454545459,0.33333333333333337,1,0,0.27907829032753551,1,476,26,0,0,0,0,0
d001897,c_fac_013,0,med-features-v2,33759,1,331.15930555555553,238,238,20,20,0.71868733871370238,1.0213888888888889,1,0,31755,0,1,1,1,0,0,0,0,1,0.76923076923076916,0.76923076923076916,1,0,0.33348086557879408,1,476,15,0,0,0,0,0
d001898,c_fac_030,0,med-features-v2,33770,1,331.18627314814813,237,237,20,20,0.715609369153968,0.87837962962962968,1,0,31766,0,1,1,1,0,0,0,0,1,0.81818181818181812,0.81818181818181812,1,1,0.28238912950905204,1,474,25,0,0,0,0,0
d001899,c_fac_048,0,med-features-v2,33781,1,331.21321759259257,237,237,20,20,0.71555115379338774,1.0186342592592592,1,0,31777,0,1,1,1,0,0,0,0,1,0.75,0.75,1,0,0.37040228855048496,1,474,26,0,0,0,0,0
d001900,c_quinn,0,med-features-v2,33792,1,331.24018518518517,285,95,24,8,0.86040285190840038,0.200625,1,0,31788,0,1,1,1,0,0,0,0,1,0.27272727272727271,0.19999999999999996,1,0,0.74032113964915935,1,380,18,0,0,0,0,0
d001901,c_fac_026,0,med-features-v2,33802,1,331.26715277777777,238,238,20,20,0.71845336310677421,0.20064814814814816,1,0,31798,0,1,1,1,0,0,0,0,1,0.76923076923076916,0.76923076923076916,1,0,0.44649016160153326,1,476,27,0,0,0,0,0
d001902,c_fac_081,0,med-features-v2,33813,1,331.29409722222221,237,237,20,20,0.7153764645587013,0.200625,1,0,31809,0,1,1,1,0,0,0,0,1,0.66666666666666674,0.66666666666666674,1,0,0.43304667020078313,1,474,16,0,0,0,0,0
d001903,c_lee,0,med-features-v2,33823,1,331.3210648148148,666,666,56,56,2.0101347928851045,0.18592592592592594,1,0,666,0,1,0,1,0,0,0,0,1,0.5,0.5,1,0,0.52324593734797187,1,1332,14,0,0,0,0,0
d001904,c_fac_073,0,med-features-v2,33834,1,331.3480324074074,237,237,20,20,0.71526001913479831,1.0023842592592593,1,0,31827,0,1,1,1,0,0,0,0,1,0.72727272727272729,0.72727272727272729,1,0,0.35489063448328667,1,474,15,0,0,0,0,0
d001905,c_noah,0,med-features-v2,33845,1,332,2719,2284,229,192,8.1897590361445776,0.67122685185185182,1,0,31838,0,1,1,4,1,2143,1,0.78815741081279878,1,0.40000000000000002,0.33333333333333337,1,0,0.60436542945067562,1,5000,17,0,0,0,0,0
d001905,c_elena,1,med-features-v2,33845,1,332,2428,285,204,24,7.3132530120481931,0.6715740740740741,1,0,31838,0,1,1,4,1,2143,1,0.88261943986820424,1,0.45454545454545459,0.80000000000000004,1,0,0.73928379737666061,1,2713,17,0,0,0,0,0
d001905,c_taylor,2,med-features-v2,33845,1,332,2002,288,168,24,6.0301204819277112,0.6715740740740741,1,0,31838,0,1,1,4,1,1714,1,0.85614385614385613,1,0.46153846153846156,0.33333333333333337,1,0,0.75550953825479472,1,2290,17,0,0,0,0,0
d001905,c_chris,3,med-features-v2,33845,1,332,2428,714,204,60,7.3132530120481931,0.6715740740740741,1,0,31838,0,1,1,4,1,2143,1,0.88261943986820424,1,0.33333333333333337,0.33333333333333337,1,0,0.62605103740761514,1,3142,17,0,0,0,0,0
d000176,c_fac_004,0,med-features-v2,33846,1,332.0026388888889,239,239,20,20,0.71987379618384895,0.85525462962962961,1,0,31839,0,1,1,1,0,0,0,0,1,0.75,0.75,1,0,0.074403443766702479,1,478,26,0,0,0,0,0
d001906,c_jamie_lee,0,med-features-v2,33854,1,332.0316898148148,905,905,76,76,2.7256434483851493,0.72252314814814811,1,0,31847,0,1,1,1,0,0,0,0,1,0.77777777777777779,0.77777777777777779,1,0,0.28022182922162048,1,1810,15,0,0,0,0,0
d001907,c_fac_002,0,med-features-v2,33864,1,332.0607175925926,237,237,20,20,0.71372489259863858,1.9470833333333333,1,0,31854,0,1,1,1,0,0,0,0,1,0.76923076923076916,0.76923076923076916,1,0,0.38585941066007429,1,474,27,0,0,0,0,0
d001908,c_fac_057,0,med-features-v2,33875,1,332.0897685185185,237,237,20,20,0.71366245656190408,1.8790046296296297,1,0,31865,0,1,1,1,0,0,0,0,1,0.66666666666666674,0.66666666666666674,1,0,0.37458536598119135,1,474,18,0,0,0,0,0
d001909,c_elena,0,med-features-v2,33886,1,332.11881944444445,2432,286,204,24,7.3226804914824033,0.010555555555555556,1,0,31876,0,1,1,1,0,0,0,0,1,0.45454545454545459,0.80000000000000004,1,0,0.55552669265919663,1,2718,15,0,0,0,0,0
d001910,c_fac_016,0,med-features-v2,33897,1,332.14787037037036,239,239,20,20,0.71955903174539904,0.88527777777777783,1,0,31887,0,1,1,1,0,0,0,0,1,0.66666666666666674,0.66666666666666674,1,0,0.22500299432283141,1,478,14,0,0,0,0,0
d001911,c_fac_035,0,med-features-v2,33908,1,332.17692129629631,238,238,20,20,0.71648565791754071,0.98296296296296293,1,0,31898,0,1,1,1,0,0,0,0,1,0.66666666666666674,0.66666666666666674,1,0,0.29387866903166693,1,476,14,0,0,0,0,0
d001912,c_fac_051,0,med-features-v2,33919,1,332.20597222222221,238,238,20,20,0.7164230022956809,0.92622685185185183,1,0,31909,0,1,1,1,0,0,0,0,1,0.72727272727272729,0.72727272727272729,1,0,0.27548502334373981,1,476,15,0,0,0,0,0
d001913,c_noah,0,med-features-v2,33930,1,332.23502314814817,2725,2290,229,192,8.2020251031297349,0.031342592592592596,1,0,31920,0,1,1,4,1,2147,1,0.78788990825688077,1,0.40000000000000002,0.33333333333333337,1,0,0.60432993180680217,1,5012,17,0,0,0,0,0
d001913,c_elena,1,med-features-v2,33930,1,332.23502314814817,2434,287,204,24,7.3261391196395511,0.031689814814814816,1,0,31920,0,1,1,4,1,2147,1,0.88208709942481511,1,0.45454545454545459,0.80000000000000004,1,0,0.73891987043470875,1,2721,17,0,0,0,0,0
d001913,c_taylor,2,med-features-v2,33930,1,332.23502314814817,2006,288,168,24,6.0378944428911003,0.031689814814814816,1,0,31920,0,1,1,4,1,1718,1,0.85643070787637088,1,0.46153846153846156,0.33333333333333337,1,0,0.75546279345876899,1,2294,17,0,0,0,0,0
d001913,c_chris,3,med-features-v2,33930,1,332.23502314814817,2434,716,204,60,7.3261391196395511,0.031689814814814816,1,0,31920,0,1,1,4,1,2147,1,0.88208709942481511,1,0.33333333333333337,0.33333333333333337,1,0,0.62581149505931333,1,3150,17,0,0,0,0,0
d001914,c_alex_chan,0,med-features-v2,33937,1,332.26407407407407,908,908,76,76,2.7327661063879356,0.010208333333333333,1,0,31927,0,1,1,1,0,0,0,0,1,0.88888888888888884,0.88888888888888884,1,1,0.29491457145203953,1,1816,15,0,0,0,0,0
d001915,c_fac_017,0,med-features-v2,33948,1,332.29312499999997,239,239,20,20,0.71924449234392085,0.22412037037037036,1,0,31935,0,1,1,1,0,0,0,0,1,0.81818181818181812,0.81818181818181812,1,1,0.37741062476483656,1,478,18,0,0,0,0,0
d000266,c_noah,0,med-features-v2,33955,1,332.31159722222225,2727,2292,229,192,8.2061535703083219,0.010208333333333333,1,0,31942,0,1,1,5,1,2148,1,0.7876787678767877,1,0.40000000000000002,0.33333333333333337,1,0,0.60868473398431344,1,5016,17,0,0,0,0,0
d000266,c_elena,1,med-features-v2,33955,1,332.31159722222225,2436,288,204,24,7.3304694159409873,0.015486111111111112,1,0,31942,0,1,1,5,1,2148,1,0.88177339901477836,1,0.45454545454545459,0.80000000000000004,1,0,0.72279404677696435,1,2724,17,0,0,0,0,0
d000266,c_taylor,2,med-features-v2,33955,1,332.31159722222225,2007,288,168,24,6.0395123636262564,0.076574074074074072,1,0,31942,0,1,1,5,1,1719,1,0.8565022421524664,1,0.46153846153846156,0.33333333333333337,1,0,0.7360059414144019,1,2295,17,0,0,0,0,0
d000266,c_chris,3,med-features-v2,33955,1,332.31159722222225,2436,717,204,60,7.3304694159409873,0.012847222222222222,1,0,31942,0,1,1,5,1,2148,1,0.88177339901477836,1,0.33333333333333337,0.33333333333333337,1,0,0.61198444062982005,1,3153,17,0,0,0,0,0
d000266,c_lena,4,med-features-v2,33955,1,332.31159722222225,571,285,48,24,1.7182668458548045,1.0097916666666666,1,0,31942,0,1,1,5,1,286,1,0.50087565674255696,1,0.46153846153846156,0.80000000000000004,1,0,0.58649689175310715,1,856,17,0,0,0,0,0
d001916,c_fac_057,0,med-features-v2,33960,1,332.32481481481483,238,238,20,20,0.71616680244785047,0.23469907407407409,1,0,31947,0,1,1,1,0,0,0,0,1,0.66666666666666674,0.66666666666666674,1,0,0.42277632186753972,1,476,16,0,0,0,0,0
d001917,c_fac_076,0,med-features-v2,33971,1,332.35386574074073,238,238,20,20,0.71610420257803364,1.0618518518518518,1,0,31958,0,1,1,1,0,0,0,0,1,0.72727272727272729,0.72727272727272729,1,0,0.26059422137263966,1,476,25,0,0,0,0,0
d000043,c_alex_chen,0,med-features-v2,33981,1,333.00488425925926,1097,1001,92,84,3.2942459761218883,0.74837962962962967,1,0,31968,0,1,1,1,0,0,0,0,1,0.88888888888888884,0.88888888888888884,1,1,0.24978709388751527,1,2098,24,0,0,0,0,0
d001918,c_chris,0,med-features-v2,33983,1,333.00979166666667,2438,717,204,60,7.3211060485583817,0.0097916666666666673,1,0,31970,0,1,1,4,1,2150,1,0.88187038556193598,1,0.33333333333333337,0.33333333333333337,1,0,0.45746022384563745,1,3155,21,0,0,0,0,0
d001918,c_noah,1,med-features-v2,33983,1,333.00979166666667,2729,2294,229,192,8.1949542274470151,0.0094444444444444445,1,0,31970,0,1,1,4,1,2150,1,0.78783437156467573,1,0.40000000000000002,0.33333333333333337,1,0,0.19615850272240717,1,5020,21,0,0,0,0,0
d001918,c_elena,2,med-features-v2,33983,1,333.00979166666667,2438,288,204,24,7.3211060485583817,0.0097916666666666673,1,0,31970,0,1,1,4,1,2150,1,0.88187038556193598,1,0.45454545454545459,0.80000000000000004,1,0,0.30114744395056986,1,2726,21,0,0,0,0,0
d001918,c_marcus,3,med-features-v2,33983,1,333.00979166666667,619,190,52,16,1.8588042018283997,1.7132407407407408,1,0,31970,0,1,1,4,1,429,1,0.69305331179321483,1,0.41666666666666663,0.33333333333333337,1,0,0.675372603464935,1,809,21,0,0,0,0,0
d001919,c_priya,0,med-features-v2,33993,1,333.03675925925927,478,478,40,40,1.4352769978400226,0.79874999999999996,1,0,31977,0,1,1,1,0,0,0,0,1,0.45454545454545459,0.40000000000000002,1,0,0.45346425377379562,1,956,24,0,0,0,0,0
d001920,c_fac_013,0,med-features-v2,34002,1,333.06370370370371,239,239,20,20,0.71758044284710298,1.904050925925926,1,0,31986,0,1,1,1,0,0,0,0,1,0.76923076923076916,0.76923076923076916,1,0,0.34358297311480812,1,478,18,0,0,0,0,0
d001921,c_fac_068,0,med-features-v2,34013,1,333.09067129629631,238,238,20,20,0.71452016075313718,1.7496527777777777,1,0,31997,0,1,1,1,0,0,0,0,1,0.80000000000000004,0.80000000000000004,1,1,0.38810168206226819,1,476,18,0,0,0,0,0
d001922,c_jamie_li,0,med-features-v2,34024,1,333.11763888888891,909,813,76,68,2.7287657388301678,0.065833333333333327,1,0,32008,0,1,1,1,0,0,0,0,1,0.77777777777777779,0.77777777777777779,1,0,0.38980630686658851,1,1722,14,0,0,0,0,0
d001923,c_fac_005,0,med-features-v2,34034,1,333.1446064814815,239,239,20,20,0.71740618143036117,1.0148611111111112,1,0,32015,0,1,1,1,0,0,0,0,1,0.76923076923076916,0.76923076923076916,1,0,0.32087700554539117,1,478,15,0,0,0,0,0
d000112,c_fac_006,0,med-features-v2,34035,1,333.14703703703702,239,239,20,20,0.71740094741839056,1.0146527777777778,1,0,32016,0,1,1,2,1,0,0,0,1,0.81818181818181812,0.81818181818181812,1,1,0.27049139439549941,1,478,26,0,0,0,0,0
d000112,c_ren,1,med-features-v2,34035,1,333.14703703703702,671,671,56,56,2.0141256724591634,0.011898148148148149,1,0,671,0,1,0,2,1,0,0,0,1,0.54545454545454541,0.5,1,0,0.09180840847675549,1,1342,26,0,0,0,0,0
d001924,c_fac_025,0,med-features-v2,34046,1,333.17400462962962,240,240,20,20,0.72034431457758596,1.0125694444444444,1,0,32027,0,1,1,1,0,0,0,0,1,0.75,0.75,1,0,0.33799538794760742,1,480,15,0,0,0,0,0
d001925,c_fac_042,0,med-features-v2,34057,1,333.20097222222222,239,239,20,20,0.71728482184800879,0.88372685185185185,1,0,32038,0,1,1,1,0,0,0,0,1,0.66666666666666674,0.66666666666666674,1,0,0.29538741810189806,1,478,15,0,0,0,0,0
d001926,c_fac_060,0,med-features-v2,34068,1,333.22793981481482,239,239,20,20,0.71722677315959693,1.0084027777777778,1,0,32049,0,1,1,1,0,0,0,0,1,0.69230769230769229,0.69230769230769229,1,0,0.30896538848994082,1,478,15,0,0,0,0,0
d001927,c_noah,0,med-features-v2,479,1,333.24252314814817,191,622,16,52,0.5731561452470697,0.13233796296296296,1,0,479,0,1,1,1,0,0,0,0,1,0.40000000000000002,0.33333333333333337,1,0,0.55957272823403592,1,813,26,0,0,0,0,0
d001928,c_fac_048,0,med-features-v2,34088,1,333.28185185185185,239,239,20,20,0.71711075377197142,0.200625,1,0,32069,0,1,1,1,0,0,0,0,1,0.75,0.75,1,0,0.35556436985781109,1,478,16,0,0,0,0,0
d001929,c_elena,0,med-features-v2,3118,1,333.30847222222224,623,623,52,52,1.8691394066474123,0.18592592592592594,1,0,3118,0,1,1,3,1,431,1,0.6918138041733547,1,0.45454545454545459,0.80000000000000004,1,0,0.61933486368315693,1,1246,17,0,0,0,0,0
d001929,c_taylor,1,med-features-v2,3118,1,333.30847222222224,623,192,52,16,1.8691394066474123,0.053587962962962962,1,0,3118,0,1,1,3,1,431,1,0.6918138041733547,1,0.46153846153846156,0.33333333333333337,1,0,0.71668547719419406,1,815,17,0,0,0,0,0
d001929,c_lena,2,med-features-v2,3118,1,333.30847222222224,431,0,36,0,1.2930964434430734,0.18627314814814816,1,0,3118,0,1,1,3,1,431,1,1,1,0.46153846153846156,0.80000000000000004,1,0,0.81570472216967371,1,431,17,0,0,0,0,0
d001930,c_fac_088,0,med-features-v2,34109,1,333.33576388888889,239,239,20,20,0.71699477191312144,0.23493055555555556,1,0,32087,0,1,1,1,0,0,0,0,1,0.63636363636363635,0.63636363636363635,1,0,0.38251764404540078,1,478,27,0,0,0,0,0
d001931,c_fac_081,0,med-features-v2,34120,1,333.36273148148149,239,239,20,20,0.71693677015985391,1.0006018518518518,1,0,32098,0,1,1,1,0,0,0,0,1,0.66666666666666674,0.66666666666666674,1,0,0.28947089149301725,1,478,14,0,0,0,0,0
d001932,c_jamie_li,0,med-features-v2,34131,1,336.01442129629629,912,816,76,68,2.7141692207186598,2.7003703703703703,1,0,32109,0,1,1,1,0,0,0,0,1,0.77777777777777779,0.77777777777777779,1,0,0.4692245593943748,1,1728,15,0,0,0,0,0
d001933,c_maya,0,med-features-v2,1009,1,336.03571759259262,1009,1105,84,92,3.0026570009540015,0.035717592592592592,1,0,1009,0,1,1,1,0,0,0,0,1,0.33333333333333337,0.5,1,0,0.47060351292045366,1,2114,15,0,0,0,0,0
d001934,c_fac_019,0,med-features-v2,34151,1,336.06729166666668,241,241,20,20,0.71711828546242284,3.9164351851851853,1,0,32126,0,1,1,1,0,0,0,0,1,0.75,0.75,1,0,0.35014239584099033,1,482,18,0,0,0,0,0
d001935,c_fac_074,0,med-features-v2,34162,1,336.09372685185184,240,240,20,20,0.71408652059069999,3.7447916666666665,1,0,32137,0,1,1,1,0,0,0,0,1,0.75,0.75,1,0,0.3942312512670807,1,480,27,0,0,0,0,0
d001936,c_morgan_shaw,0,med-features-v2,34173,1,336.12018518518516,914,914,76,76,2.7192654302996782,0.064560185185185179,1,0,32148,0,1,1,1,0,0,0,0,1,0.81818181818181812,0.81818181818181812,1,1,0.35579161600663689,1,1828,17,0,0,0,0,0
d001937,c_fac_006,0,med-features-v2,34183,1,336.14662037037039,240,240,20,20,0.71397415727567071,2.9992361111111112,1,0,32155,0,1,1,1,0,0,0,0,1,0.81818181818181812,0.81818181818181812,1,1,0.39290728759032689,1,480,26,0,0,0,0,0
d001938,c_fac_023,0,med-features-v2,34194,1,336.17305555555555,241,241,20,20,0.71689267184642835,2.9031018518518517,1,0,32166,0,1,1,1,0,0,0,0,1,0.84615384615384615,0.84615384615384615,1,1,0.30124873349909198,1,482,15,0,0,0,0,0
d001939,c_fac_042,0,med-features-v2,34205,1,336.19951388888887,240,240,20,20,0.7138618293163802,2.9981944444444446,1,0,32177,0,1,1,1,0,0,0,0,1,0.66666666666666674,0.66666666666666674,1,0,0.2818495139577315,1,480,26,0,0,0,0,0
d001940,c_fac_058,0,med-features-v2,34216,1,336.22594907407409,240,240,20,20,0.71380570316161263,2.9388425925925925,1,0,32188,0,1,1,1,0,0,0,0,1,0.7142857142857143,0.7142857142857143,1,0,0.24451145379209224,1,480,14,0,0,0,0,0
d001941,c_morgan_shaw,0,med-features-v2,34226,1,336.25238425925926,915,915,76,76,2.7211702959837196,0.13185185185185186,1,0,32198,0,1,1,1,0,0,0,0,1,0.81818181818181812,0.81818181818181812,1,1,0.31409145494460028,1,1830,15,0,0,0,0,0
d001942,c_fac_049,0,med-features-v2,34237,1,336.27884259259258,241,241,20,20,0.71666715081440768,0.19678240740740741,1,0,32209,0,1,1,1,0,0,0,0,1,0.72727272727272729,0.72727272727272729,1,0,0.33975721437326378,1,482,18,0,0,0,0,0
d001943,c_alex_chen,0,med-features-v2,34248,1,336.3052777777778,1108,1012,92,84,3.294625666660334,0.066967592592592592,1,0,32220,0,1,1,1,0,0,0,0,1,0.88888888888888884,0.88888888888888884,1,1,0.52600723364716406,1,2120,15,0,0,0,0,0
d001944,c_ren,0,med-features-v2,34258,1,336.33171296296297,674,674,56,56,2.0039739757583348,0.19435185185185186,1,0,674,0,1,0,1,0,0,0,0,1,0.54545454545454541,0.5,1,0,0.45738412282481672,1,1348,16,0,0,0,0,0
d001945,c_fac_078,0,med-features-v2,34269,1,336.35817129629629,240,240,20,20,0.71352510651089596,3.0269444444444447,1,0,32238,0,1,1,1,0,0,0,0,1,0.80000000000000004,0.80000000000000004,1,1,0.25187529305802164,1,480,15,0,0,0,0,0
d001946,c_elena,0,med-features-v2,34278,1,337.01078703703706,2460,288,204,24,7.2994696152845968,0.010787037037037038,1,0,32247,0,1,1,1,0,0,0,0,1,0.45454545454545459,0.80000000000000004,1,0,0.57883264013815261,1,2748,26,0,0,0,0,0
d001947,c_morgan_shaw,0,med-features-v2,34287,1,337.04046296296298,917,917,76,76,2.7207415748795958,0.72041666666666671,1,0,32256,0,1,1,1,0,0,0,0,1,0.81818181818181812,0.81818181818181812,1,1,0.25642857219099591,1,1834,25,0,0,0,0,0
d001948,c_fac_020,0,med-features-v2,34298,1,337.07013888888889,241,241,20,20,0.71498472334104546,3.9031250000000002,1,0,32264,0,1,1,1,0,0,0,0,1,0.81818181818181812,0.81818181818181812,1,1,0.35532722072066503,1,482,18,0,0,0,0,0
d001949,c_fac_075,0,med-features-v2,34309,1,337.09981481481481,240,240,20,20,0.71195530063356338,3.7465277777777777,1,0,32275,0,1,1,1,0,0,0,0,1,0.72727272727272729,0.72727272727272729,1,0,0.36856000383795889,1,480,18,0,0,0,0,0
d001950,c_fac_008,0,med-features-v2,34320,1,337.12949074074072,241,241,20,20,0.71485884984572234,0.97770833333333329,1,0,32286,0,1,1,1,0,0,0,0,1,0.76923076923076916,0.76923076923076916,1,0,0.28676298522447285,1,482,26,0,0,0,0,0
d001951,c_fac_027,0,med-features-v2,34331,1,337.15916666666669,242,242,21,21,0.71776188793126883,0.98094907407407406,1,0,32297,0,1,1,1,0,0,0,0,1,0.75,0.75,1,0,0.34199606132296867,1,484,15,0,0,0,0,0
d001952,c_fac_044,0,med-features-v2,34342,1,337.18884259259261,242,242,20,20,0.71769871784398209,0.91206018518518517,1,0,32308,0,1,1,1,0,0,0,0,1,0.81818181818181812,0.81818181818181812,1,1,0.30490132128865,1,484,25,0,0,0,0,0
d001953,c_fac_062,0,med-features-v2,34353,1,337.21851851851852,241,241,20,20,0.71467012268119368,0.9874074074074074,1,0,32319,0,1,1,1,0,0,0,0,1,0.75,0.75,1,0,0.32927140753485951,1,482,15,0,0,0,0,0
d001954,c_quinn,0,med-features-v2,677,1,337.20939814814813,193,193,16,16,0.57234466494675873,0.23166666666666666,1,0,677,0,1,1,1,0,0,0,0,1,0.27272727272727271,0.19999999999999996,1,0,0.58060196784195983,1,386,26,0,0,0,0,0
d001955,c_pat,0,med-features-v2,34371,1,337.27787037037035,676,676,56,56,2.004282105012325,0.22627314814814814,1,0,676,0,1,0,1,0,0,0,0,1,0.77777777777777779,0.33333333333333337,1,0,0.36810446122054147,1,1352,25,0,0,0,0,0
d001956,c_fac_030,0,med-features-v2,34382,1,337.30754629629632,241,241,20,20,0.71448149514064463,0.23166666666666666,1,0,32345,0,1,1,1,0,0,0,0,1,0.81818181818181812,0.81818181818181812,1,1,0.38831940176825275,1,482,18,0,0,0,0,0
d001957,c_fac_080,0,med-features-v2,34393,1,337.33722222222224,241,241,20,20,0.71441864141882416,0.234375,1,0,32356,0,1,1,1,0,0,0,0,1,0.75,0.75,1,0,0.39452892991488847,1,482,16,0,0,0,0,0
d000219,c_dir_108,0,med-features-v2,34401,1,337.3587962962963,0,0,0,0,0,3650,0,1,32364,0,1,1,1,0,0,0,0,0,0.66666666666666674,0.66666666666666674,1,0,0,0,0,26,0,0,0,0,0
d001958,c_fac_088,0,med-features-v2,34405,1,337.36958333333331,241,241,20,20,0.71435011306838325,0.99664351851851851,1,0,32368,0,1,1,1,0,0,0,0,1,0.63636363636363635,0.63636363636363635,1,0,0.29136023711743003,1,482,19,0,0,0,0,0
d000267,c_noah,0,med-features-v2,34407,1,338,2765,2324,229,192,8.1804733727810657,0.68671296296296291,1,0,32370,0,1,1,5,1,2177,0.75,0.78734177215189871,1,0.40000000000000002,0.33333333333333337,1,0,0.57082557725267458,1,5086,28,0,0,0,0,0
d000267,c_elena,1,med-features-v2,34407,1,338,2468,291,204,24,7.3017751479289945,0.68706018518518519,1,0,32370,0,1,1,5,1,2177,0.75,0.88209076175040524,1,0.45454545454545459,0.80000000000000004,1,0,0.72143534198556503,1,2759,28,0,0,0,0,0
d000267,c_taylor,2,med-features-v2,34407,1,338,2033,291,168,24,6.0147928994082838,0.68706018518518519,1,0,32370,0,1,1,5,1,1742,0.75,0.85686178061977369,1,0.46153846153846156,0.33333333333333337,1,0,0.72485835671477228,1,2324,28,0,0,0,0,0
d000267,c_chris,3,med-features-v2,34407,1,338,2468,726,204,60,7.3017751479289945,0.68706018518518519,1,0,32370,0,1,1,5,1,2177,0.75,0.88209076175040524,1,0.33333333333333337,0.33333333333333337,1,0,0.66135919099598872,1,3194,28,0,0,0,0,0
d000267,c_ren,4,med-features-v2,34407,1,338,677,677,56,56,2.0029585798816569,0.71638888888888885,1,0,677,0,1,0,5,1,0,0,0,1,0.54545454545454541,0.5,1,0,0.15923502853701851,1,1354,28,0,0,0,0,0
d001959,c_morgan_zhao,0,med-features-v2,34416,1,338.02449074074076,919,823,76,68,2.7187379174394142,0.74358796296296292,1,0,32379,0,1,1,1,0,0,0,0,1,0.81818181818181812,0.81818181818181812,1,1,0.40993964569349223,1,1742,25,0,0,0,0,0
d000385,c_lee,0,med-features-v2,34417,1,338.02694444444444,677,677,56,56,2.0027989221766509,0.75143518518518515,1,0,677,0,1,0,1,0,0,0,0,1,0.5,0.5,1,0,0.52264290082255183,1,1354,14,0,0,0,0,0
d000380,c_noah,0,med-features-v2,34420,1,338.03430555555553,2767,2325,229,192,8.1855597332124823,0.024513888888888891,1,0,32380,0,1,1,4,1,2179,1,0.7874954824719913,1,0.40000000000000002,0.33333333333333337,1,0,0.60818875644227621,1,5089,17,0,0,0,0,0
d000380,c_elena,1,med-features-v2,34420,1,338.03430555555553,2470,291,204,24,7.3069506834242253,0.024513888888888891,1,0,32380,0,1,1,4,1,2179,1,0.88218623481781377,1,0.45454545454545459,0.80000000000000004,1,0,0.72263727616199247,1,2761,17,0,0,0,0,0
d000380,c_taylor,2,med-features-v2,34420,1,338.03430555555553,2035,292,168,24,6.0200990448454652,0.021712962962962962,1,0,32380,0,1,1,4,1,1743,1,0.85651105651105652,1,0.46153846153846156,0.33333333333333337,1,0,0.73586098302433489,1,2327,17,0,0,0,0,0
d000380,c_chris,3,med-features-v2,34420,1,338.03430555555553,2470,727,204,60,7.3069506834242253,0.024166666666666666,1,0,32380,0,1,1,4,1,2179,1,0.88218623481781377,1,0.33333333333333337,0.33333333333333337,1,0,0.61146236540215892,1,3197,17,0,0,0,0,0
d000177,c_fac_005,0,med-features-v2,34422,1,338.03921296296295,242,242,20,20,0.71589327722909646,0.75020833333333337,1,0,32382,0,1,1,1,0,0,0,0,1,0.76923076923076916,0.76923076923076916,1,0,0.018363633622227857,1,484,18,0,0,0,0,0
d000113,c_jamie_lee,0,med-features-v2,34425,1,338.04655092592594,920,920,76,76,2.7215186709643251,0.031504629629629632,1,0,32385,0,1,1,3,1,96,0.5,0.10434782608695652,1,0.77777777777777779,0.77777777777777779,1,0,0.26526250599684598,1,1840,20,0,0,0,0,0
d000113,c_jamie_li,1,med-features-v2,34425,1,338.04655092592594,920,824,76,68,2.7215186709643251,0.029050925925925924,1,0,32385,0,1,1,3,1,96,0.5,0.10434782608695652,1,0.77777777777777779,0.77777777777777779,1,0,0.23798738681721671,1,1744,20,0,0,0,0,0
d000113,c_lee,2,med-features-v2,34425,1,338.04655092592594,678,678,56,56,2.00564093360197,0.019259259259259261,1,0,678,0,1,0,3,1,0,0,0,1,0.5,0.5,1,0,0.022275516318016844,1,1356,20,0,0,0,0,0
d001960,c_fac_016,0,med-features-v2,34430,1,338.06127314814813,242,242,20,20,0.71584656162005478,1.8998842592592593,1,0,32390,0,1,1,1,0,0,0,0,1,0.66666666666666674,0.66666666666666674,1,0,0.41373599778841752,1,484,27,0,0,0,0,0
d001961,c_fac_071,0,med-features-v2,34441,1,338.08821759259257,241,241,20,20,0.71283170326394796,1.7417361111111112,1,0,32401,0,1,1,1,0,0,0,0,1,0.83333333333333337,0.83333333333333337,1,1,0.38375412469183157,1,482,16,0,0,0,0,0
d001962,c_jamie_li,0,med-features-v2,34452,1,338.11518518518517,921,824,76,68,2.7239237998008567,0.068634259259259256,1,0,32412,0,1,1,1,0,0,0,0,1,0.77777777777777779,0.77777777777777779,1,0,0.47006770020734906,1,1745,15,0,0,0,0,0
d001963,c_hana,0,med-features-v2,34462,1,338.14215277777777,242,242,20,20,0.7156753395340183,0.85585648148148152,1,0,32416,0,1,1,1,0,0,0,0,1,0.38461538461538458,0.5,1,0,0.29211996300400822,1,484,15,0,0,0,0,0
d001964,c_fac_019,0,med-features-v2,34473,1,338.16909722222221,244,244,20,20,0.72153251732419377,1.0203703703703704,1,0,32427,0,1,1,1,0,0,0,0,1,0.75,0.75,1,0,0.28190772746021886,1,488,14,0,0,0,0,0
d001965,c_fac_038,0,med-features-v2,34484,1,338.1960648148148,242,242,20,20,0.71556125329995002,1.0176620370370371,1,0,32438,0,1,1,1,0,0,0,0,1,0.76923076923076916,0.76923076923076916,1,0,0.40219000569014729,1,484,26,0,0,0,0,0
d001966,c_fac_054,0,med-features-v2,34495,1,338.2230324074074,243,243,20,20,0.71846082825989732,1.0149537037037037,1,0,32449,0,1,1,1,0,0,0,0,1,0.80000000000000004,0.80000000000000004,1,1,0.29226128403124085,1,486,19,0,0,0,0,0
d001967,c_morgan_shaw,0,med-features-v2,34506,1,338.25,922,922,76,76,2.7257945306725793,0.13201388888888888,1,0,32460,0,1,1,2,1,97,1,0.1052060737527115,1,0.81818181818181812,0.81818181818181812,1,1,0.27475149563901979,1,1844,15,0,0,0,0,0
d001967,c_morgan_zhao,1,med-features-v2,34506,1,338.25,922,825,76,68,2.7257945306725793,0.12710648148148149,1,0,32460,0,1,1,2,1,97,1,0.1052060737527115,1,0.81818181818181812,0.81818181818181812,1,1,0.25239709311214548,1,1747,15,0,0,0,0,0
d001968,c_fac_046,0,med-features-v2,34516,1,338.27694444444444,242,242,20,20,0.71539016765520036,0.200625,1,0,32470,0,1,1,1,0,0,0,0,1,0.81818181818181812,0.81818181818181812,1,1,0.34710861071964233,1,484,18,0,0,0,0,0
d001969,c_alex_chan,0,med-features-v2,34527,1,338.30391203703704,923,923,76,76,2.728316070725636,0.060925925925925925,1,0,32481,0,1,1,1,0,0,0,0,1,0.88888888888888884,0.88888888888888884,1,1,0.37369058547882128,1,1846,18,0,0,0,0,0
d001970,c_fac_086,0,med-features-v2,34537,1,338.33087962962964,242,242,20,20,0.7152761233763737,0.23495370370370369,1,0,32488,0,1,1,1,0,0,0,0,1,0.75,0.75,1,0,0.42283161124613616,1,484,27,0,0,0,0,0
d001971,c_fac_079,0,med-features-v2,34548,1,338.35782407407407,243,243,20,20,0.71817461489172441,1.0013657407407408,1,0,32499,0,1,1,1,0,0,0,0,1,0.83333333333333337,0.83333333333333337,1,1,0.2673235626822722,1,486,26,0,0,0,0,0
d001972,c_elena,0,med-features-v2,34557,1,339.01055555555558,2480,291,204,24,7.315406436050008,0.010555555555555556,1,0,32508,0,1,1,1,0,0,0,0,1,0.45454545454545459,0.80000000000000004,1,0,0.56924710179966442,1,2771,15,0,0,0,0,0
d001973,c_jamie_li,0,med-features-v2,34566,1,339.03960648148148,924,826,76,68,2.7253453057864769,0.72555555555555551,1,0,32517,0,1,1,1,0,0,0,0,1,0.77777777777777779,0.77777777777777779,1,0,0.24696603311661702,1,1750,24,0,0,0,0,0
d001974,c_fac_017,0,med-features-v2,34577,1,339.06865740740739,243,243,20,20,0.71666901287199702,1.9253472222222223,1,0,32525,0,1,1,1,0,0,0,0,1,0.81818181818181812,0.81818181818181812,1,1,0.36241802974024612,1,486,16,0,0,0,0,0
d001975,c_fac_072,0,med-features-v2,34588,1,339.09770833333334,242,242,20,20,0.71365861240829676,1.7547453703703704,1,0,32536,0,1,1,1,0,0,0,0,1,0.72727272727272729,0.72727272727272729,1,0,0.36029310642945062,1,484,16,0,0,0,0,0
d001976,c_fac_004,0,med-features-v2,34599,1,339.12675925925925,244,244,20,20,0.71949497743250712,0.979375,1,0,32547,0,1,1,1,0,0,0,0,1,0.75,0.75,1,0,0.38417894048184509,1,488,26,0,0,0,0,0
d001977,c_fac_021,0,med-features-v2,34610,1,339.15578703703704,244,244,20,20,0.7194333970581912,0.89074074074074072,1,0,32558,0,1,1,1,0,0,0,0,1,0.76923076923076916,0.76923076923076916,1,0,0.27465744279813797,1,488,15,0,0,0,0,0
d001978,c_fac_040,0,med-features-v2,34621,1,339.18483796296294,243,243,20,20,0.71642353313721596,0.98351851851851857,1,0,32569,0,1,1,1,0,0,0,0,1,0.66666666666666674,0.66666666666666674,1,0,0.28669706275399581,1,486,19,0,0,0,0,0
d001979,c_fac_056,0,med-features-v2,34632,1,339.2138888888889,243,243,20,20,0.71636217725623785,0.93168981481481483,1,0,32580,0,1,1,1,0,0,0,0,1,0.75,0.75,1,0,0.24818424432957328,1,486,14,0,0,0,0,0
d001980,c_marcus,0,med-features-v2,926,1,339.23298611111113,195,195,16,16,0.5748261754714219,0.23467592592592593,1,0,926,0,1,1,1,0,0,0,0,1,0.41666666666666663,0.33333333333333337,1,0,0.47129522592167666,1,390,26,0,0,0,0,0
d001981,c_morgan_zhao,0,med-features-v2,34650,1,339.27199074074076,925,827,76,68,2.7264260688907007,0.22412037037037036,1,0,32598,0,1,1,1,0,0,0,0,1,0.81818181818181812,0.81818181818181812,1,1,0.21314338971077959,1,1752,18,0,0,0,0,0
d000342,c_fac_030,0,med-features-v2,34651,1,339.27248842592593,244,244,20,20,0.7191859296698413,0.10313657407407407,1,0,32599,0,1,1,1,0,0,0,0,1,0.81818181818181812,0.81818181818181812,1,1,0.28472980832710443,1,488,25,0,0,0,0,0
d001982,c_noah,0,med-features-v2,34662,1,339.30104166666666,2783,2339,229,192,8.2021557798046842,0.065671296296296297,1,0,32607,0,1,1,1,0,0,0,0,1,0.40000000000000002,0.33333333333333337,1,0,0.54715928710519135,1,5119,15,0,0,0,0,0
d001983,c_fac_067,0,med-features-v2,34673,1,339.33009259259262,243,243,20,20,0.71611685878903553,0.23467592592592593,1,0,32618,0,1,1,1,0,0,0,0,1,0.72727272727272729,0.72727272727272729,1,0,0.34960733269325051,1,486,18,0,0,0,0,0
d001984,c_fac_080,0,med-features-v2,34684,1,339.35914351851852,243,243,20,20,0.71605555542292232,0.99851851851851847,1,0,32629,0,1,1,1,0,0,0,0,1,0.75,0.75,1,0,0.27981873146348951,1,486,14,0,0,0,0,0
d000307,c_new_176,0,med-features-v2,34686,1,339.36325231481482,0,0,0,0,0,3650,0,1,32631,0,1,1,1,0,0,0,0,0,0.75,0.75,1,0,0,0,0,14,0,0,0,0,0
d000373,c_noah,0,med-features-v2,34691,1,339.50304398148148,2785,2341,229,192,8.2031665087277119,0.19109953703703703,1,0,32636,0,1,1,1,0,0,0,0,1,0.40000000000000002,0.33333333333333337,1,0,0,0,5123,0,0,1,1,1,0
d000363,c_maya,0,med-features-v2,0,0,0,0,0,0,0,0,3650,0,1,0,1,1,1,2,1,0,0,0,0,0.33333333333333337,0.5,1,0,0,0,0,15,0,0,0,0,0
d000363,c_noah,1,med-features-v2,0,0,0,0,0,0,0,0,3650,0,1,0,1,1,1,2,1,0,0,0,0,0.40000000000000002,0.33333333333333337,1,0,0,0,0,15,0,0,0,0,0
d000317,c_new_186,0,med-features-v2,34693,1,339.51538194444447,0,0,0,0,0,3650,0,1,0,1,0,0,1,0,0,0,0,0,0.63636363636363635,0.63636363636363635,1,0,0,0,0,13,0,0,0,0,0
d000044,c_jamie_li,0,med-features-v2,34699,1,340.01224537037035,926,828,76,68,2.7234313252198366,0.750462962962963,1,0,32643,0,1,1,1,0,0,0,0,1,0.77777777777777779,0.77777777777777779,1,0,0.24841211377942168,1,1754,24,0,0,0,0,0
d001985,c_jamie_li,0,med-features-v2,34700,1,340.01469907407409,926,828,76,68,2.723411671676776,0.75291666666666668,1,0,32644,0,1,1,1,0,0,0,0,1,0.77777777777777779,0.77777777777777779,1,0,0.47052947510674897,1,1754,15,0,0,0,0,0
d000045,c_morgan_zhao,0,med-features-v2,34701,1,340.01715277777777,926,828,76,68,2.7233920184173717,0.74481481481481482,1,0,32645,0,1,1,1,0,0,0,0,1,0.81818181818181812,0.81818181818181812,1,1,0.21376564654765323,1,1754,17,0,0,0,0,0
d001986,c_noah,0,med-features-v2,34710,1,340.04409722222221,2790,2344,230,192,8.2048182067889481,0.0094444444444444445,1,0,32651,0,1,1,5,1,2197,1,0.78745519713261647,1,0.40000000000000002,0.33333333333333337,1,0,0.60386373172570551,1,5130,17,0,0,0,0,0
d001986,c_elena,1,med-features-v2,34710,1,340.04409722222221,2491,294,204,24,7.325520484986118,0.0097916666666666673,1,0,32651,0,1,1,5,1,2197,1,0.88197511039743071,1,0.45454545454545459,0.80000000000000004,1,0,0.73705235474859032,1,2785,17,0,0,0,0,0
d001986,c_taylor,2,med-features-v2,34710,1,340.04409722222221,2052,294,168,24,6.0345114553157426,0.0097916666666666673,1,0,32651,0,1,1,5,1,1758,1,0.85672514619883045,1,0.46153846153846156,0.33333333333333337,1,0,0.75450136675635104,1,2346,17,0,0,0,0,0
d001986,c_chris,3,med-features-v2,34710,1,340.04409722222221,2491,733,204,60,7.325520484986118,0.0097916666666666673,1,0,32651,0,1,1,5,1,2197,1,0.88197511039743071,1,0.33333333333333337,0.33333333333333337,1,0,0.62414066592329698,1,3224,17,0,0,0,0,0
d001986,c_lena,4,med-features-v2,34710,1,340.04409722222221,584,292,48,24,1.7174243128189053,0.041319444444444443,1,0,32651,0,1,1,5,1,292,1,0.5,1,0.46153846153846156,0.80000000000000004,1,0,0.59396122571477494,1,876,17,0,0,0,0,0
d001987,c_fac_028,0,med-features-v2,34720,1,340.0710648148148,244,244,21,21,0.71749709177071519,1.8893518518518519,1,0,32661,0,1,1,1,0,0,0,0,1,0.75,0.75,1,0,0.40058478618154825,1,488,16,0,0,0,0,0
d001988,c_fac_083,0,med-features-v2,34731,1,340.0980324074074,243,243,20,20,0.71449987016951477,1.7349537037037037,1,0,32672,0,1,1,1,0,0,0,0,1,0.63636363636363635,0.63636363636363635,1,0,0.42983713884199248,1,486,27,0,0,0,0,0
d001989,c_noah,0,med-features-v2,34741,1,340.125,2793,2346,230,192,8.2116868798235938,0.012268518518518519,1,0,32682,0,1,1,1,0,0,0,0,1,0.40000000000000002,0.33333333333333337,1,0,0.51799396786714669,1,5135,26,0,0,0,0,0
d001990,c_fac_010,0,med-features-v2,34752,1,340.15194444444444,245,245,20,20,0.72026635155694307,1.0142824074074075,1,0,32690,0,1,1,1,0,0,0,0,1,0.64285714285714279,0.64285714285714279,1,0,0.33171882049619023,1,490,15,0,0,0,0,0
d001991,c_fac_027,0,med-features-v2,34763,1,340.17891203703704,245,245,21,21,0.72020925263387747,0.87224537037037042,1,0,32701,0,1,1,1,0,0,0,0,1,0.75,0.75,1,0,0.24399838665231263,1,490,14,0,0,0,0,0
d001992,c_fac_045,0,med-features-v2,34774,1,340.20587962962964,244,244,20,20,0.71721276618039154,1.0127546296296297,1,0,32712,0,1,1,1,0,0,0,0,1,0.76923076923076916,0.76923076923076916,1,0,0.40189605365858433,1,488,26,0,0,0,0,0
d001993,c_fac_062,0,med-features-v2,34785,1,340.23282407407407,244,244,20,20,0.71715596713525009,0.9050231481481481,1,0,32723,0,1,1,1,0,0,0,0,1,0.75,0.75,1,0,0.25525524284439693,1,488,15,0,0,0,0,0
d001994,c_fac_003,0,med-features-v2,34794,1,340.25979166666667,244,244,20,20,0.7170991283008632,0.200625,1,0,32732,0,1,1,1,0,0,0,0,1,0.75,0.75,1,0,0.39331615355578137,1,488,16,0,0,0,0,0
d001995,c_fac_058,0,med-features-v2,34805,1,340.28675925925927,244,244,20,20,0.71704229847538714,0.20064814814814816,1,0,32743,0,1,1,1,0,0,0,0,1,0.7142857142857143,0.7142857142857143,1,0,0.42427576080735968,1,488,27,0,0,0,0,0
d001996,c_jamie_li,0,med-features-v2,34815,1,340.31370370370371,930,832,76,68,2.7327727031812694,0.060925925925925925,1,0,32753,0,1,1,1,0,0,0,0,1,0.77777777777777779,0.77777777777777779,1,0,0.41209574456160764,1,1762,25,0,0,0,0,0
d000114,c_fac_066,0,med-features-v2,34826,1,340.34067129629631,244,244,20,20,0.71692871460424623,1.1105787037037036,1,0,32761,0,1,1,2,1,0,0,0,1,0.72727272727272729,0.66666666666666674,1,0,0.31914802779268198,1,488,19,0,0,0,0,0
d000114,c_pat,1,med-features-v2,34826,1,340.34067129629631,686,686,56,56,2.0156274517152171,0.016805555555555556,1,0,686,0,1,0,2,1,0,0,0,1,0.77777777777777779,0.33333333333333337,1,0,0.024350740131423038,1,1372,19,0,0,0,0,0
d001997,c_fac_067,0,med-features-v2,34827,1,340.34312499999999,244,244,20,20,0.7169235459067963,1.0126851851851852,1,0,32762,0,1,1,1,0,0,0,0,1,0.72727272727272729,0.72727272727272729,1,0,0.26012317850094885,1,488,25,0,0,0,0,0
d001998,c_fac_086,0,med-features-v2,34838,1,340.37009259259258,244,244,20,20,0.71686674390648308,1.0000462962962964,1,0,32773,0,1,1,1,0,0,0,0,1,0.75,0.75,1,0,0.28451556101246406,1,488,14,0,0,0,0,0
d001999,c_elena,0,med-features-v2,3186,1,343.02127314814817,637,637,52,52,1.8570276827259187,2.7124537037037038,1,0,3186,0,1,1,3,1,441,1,0.69230769230769229,1,0.45454545454545459,0.80000000000000004,1,0,0.60448099194882898,1,1274,17,0,0,0,0,0
d001999,c_taylor,1,med-features-v2,3186,1,343.02127314814817,637,196,52,16,1.8570276827259187,2.7128009259259258,1,0,3186,0,1,1,3,1,441,1,0.69230769230769229,1,0.46153846153846156,0.33333333333333337,1,0,0.69160087113987045,1,833,17,0,0,0,0,0
d001999,c_lena,2,med-features-v2,3186,1,343.02127314814817,441,0,36,0,1.2856345495794821,2.7128009259259258,1,0,3186,0,1,1,3,1,441,1,1,1,0.46153846153846156,0.80000000000000004,1,0,0.74912064677915591,1,441,17,0,0,0,0,0
d000268,c_noah,0,med-features-v2,34857,1,343.04567129629629,2804,2355,230,192,8.1738387469058651,0.0092824074074074076,1,0,32789,0,1,1,6,1,2208,0.80000000000000004,0.78744650499286728,1,0.40000000000000002,0.33333333333333337,1,0,0.60371110932537464,1,5155,17,0,0,0,0,0
d000268,c_elena,1,med-features-v2,34857,1,343.04567129629629,2502,294,204,24,7.2934894952776306,0.0096296296296296303,1,0,32789,0,1,1,6,1,2208,0.80000000000000004,0.88249400479616302,1,0.45454545454545459,0.80000000000000004,1,0,0.73724657556474071,1,2796,17,0,0,0,0,0
d000268,c_taylor,2,med-features-v2,34857,1,343.04567129629629,2061,295,168,24,6.0079463828006379,0.0096296296296296303,1,0,32789,0,1,1,6,1,1766,0.80000000000000004,0.85686559922367778,1,0.46153846153846156,0.33333333333333337,1,0,0.75460258620112519,1,2356,17,0,0,0,0,0
d000268,c_chris,3,med-features-v2,34857,1,343.04567129629629,2503,737,204,60,7.2964045590247437,0.0096296296296296303,1,0,32789,0,1,1,6,1,2208,0.80000000000000004,0.88214143028365966,1,0.33333333333333337,0.33333333333333337,1,0,0.62416066578899065,1,3240,17,0,0,0,0,0
d000268,c_lena,4,med-features-v2,34857,1,343.04567129629629,588,294,48,24,1.7140574833026565,2.7463194444444445,1,0,32789,0,1,1,6,1,294,0.80000000000000004,0.5,1,0.46153846153846156,0.80000000000000004,1,0,0.59548193340593802,1,882,17,0,0,0,0,0
d000268,c_alex_chan,5,med-features-v2,34857,1,343.04567129629629,932,932,76,76,2.7168394123096529,0.042939814814814813,1,0,32789,0,1,1,6,1,0,0,0,1,0.88888888888888884,0.88888888888888884,1,1,0.14560347749705813,1,1864,17,0,0,0,0,0
d002000,c_alex_chan,0,med-features-v2,34859,1,343.05046296296297,932,932,76,76,2.7168014639893441,0.047731481481481479,1,0,32791,0,1,1,1,0,0,0,0,1,0.88888888888888884,0.88888888888888884,1,1,0.32804300093437588,1,1864,15,0,0,0,0,0
d002001,c_fac_039,0,med-features-v2,34870,1,343.07692129629629,245,245,20,20,0.71412556424454809,3.8943750000000001,1,0,32802,0,1,1,1,0,0,0,0,1,0.76923076923076916,0.76923076923076916,1,0,0.39238619375840716,1,490,18,0,0,0,0,0
d002002,c_noah,0,med-features-v2,34881,1,343.10335648148146,2805,2356,230,192,8.1753790716745609,0.057337962962962966,1,0,32813,0,1,1,4,1,2209,1,0.78752228163992866,1,0.40000000000000002,0.33333333333333337,1,0,0.60384686670463372,1,5157,17,0,0,0,0,0
d002002,c_elena,1,med-features-v2,34881,1,343.10335648148146,2503,294,204,24,7.2951778311591537,0.057685185185185187,1,0,32813,0,1,1,4,1,2209,1,0.88254095085896922,1,0.45454545454545459,0.80000000000000004,1,0,0.73751021985944631,1,2797,17,0,0,0,0,0
d002002,c_taylor,2,med-features-v2,34881,1,343.10335648148146,2062,295,168,24,6.0098508541151325,0.057685185185185187,1,0,32813,0,1,1,4,1,1767,1,0.85693501454898158,1,0.46153846153846156,0.33333333333333337,1,0,0.75486686750409426,1,2357,17,0,0,0,0,0
d002002,c_chris,3,med-features-v2,34881,1,343.10335648148146,2504,737,204,60,7.2980924048032447,0.057685185185185187,1,0,32813,0,1,1,4,1,2209,1,0.88218849840255587,1,0.33333333333333337,0.33333333333333337,1,0,0.62450840529705332,1,3241,17,0,0,0,0,0
d002003,c_morgan_zhao,0,med-features-v2,34891,1,343.12979166666668,932,834,76,68,2.7161733624849198,0.10300925925925926,1,0,32823,0,1,1,1,0,0,0,0,1,0.81818181818181812,0.81818181818181812,1,1,0.389125071020679,1,1766,14,0,0,0,0,0
d002004,c_fac_012,0,med-features-v2,34902,1,343.15625,246,246,20,20,0.71687460158455518,2.9990509259259261,1,0,32831,0,1,1,1,0,0,0,0,1,0.69230769230769229,0.69230769230769229,1,0,0.29709612894557169,1,492,26,0,0,0,0,0
d002005,c_fac_031,0,med-features-v2,34913,1,343.18268518518516,245,245,20,20,0.71390548118065833,2.9985185185185186,1,0,32842,0,1,1,1,0,0,0,0,1,0.84615384615384615,0.84615384615384615,1,1,0.38425806743480778,1,490,26,0,0,0,0,0
d002006,c_fac_047,0,med-features-v2,34924,1,343.20912037037039,245,245,20,20,0.71385049364542208,2.9980092592592591,1,0,32853,0,1,1,1,0,0,0,0,1,0.84615384615384615,0.84615384615384615,1,1,0.31307972824849079,1,490,14,0,0,0,0,0
d002007,c_priya,0,med-features-v2,34935,1,343.23555555555555,491,491,40,40,1.4305044802403273,0.19675925925925927,1,0,32864,0,1,1,1,0,0,0,0,1,0.45454545454545459,0.40000000000000002,1,0,0.4517385594534104,1,982,24,0,0,0,0,0
d002008,c_fac_014,0,med-features-v2,34945,1,343.26201388888887,247,247,20,20,0.71956694887874162,0.19678240740740741,1,0,32874,0,1,1,1,0,0,0,0,1,0.76923076923076916,0.76923076923076916,1,0,0.34304814241482717,1,494,18,0,0,0,0,0
d002009,c_fac_069,0,med-features-v2,34956,1,343.28844907407409,246,246,20,20,0.71659853590622447,0.19675925925925927,1,0,32885,0,1,1,1,0,0,0,0,1,0.75,0.75,1,0,0.4129434575294792,1,492,27,0,0,0,0,0
d002010,c_jamie_lee,0,med-features-v2,34966,1,343.31488425925926,935,935,76,76,2.723447315770676,0.064537037037037032,1,0,32895,0,1,1,1,0,0,0,0,1,0.77777777777777779,0.77777777777777779,1,0,0.37036594923616678,1,1870,17,0,0,0,0,0
d000343,c_fac_031,0,med-features-v2,34972,1,343.32818287037037,246,246,20,20,0.71651560306915341,0.14515046296296297,1,0,32900,0,1,1,1,0,0,0,0,1,0.84615384615384615,0.84615384615384615,1,1,0.30200362133932451,1,492,14,0,0,0,0,0
d002011,c_fac_067,0,med-features-v2,34978,1,343.34134259259258,245,245,20,20,0.71357558676152788,2.9978703703703702,1,0,32904,0,1,1,1,0,0,0,0,1,0.72727272727272729,0.72727272727272729,1,0,0.28009132694296707,1,490,26,0,0,0,0,0
d002012,c_fac_086,0,med-features-v2,34989,1,343.3677777777778,245,245,20,20,0.71352065003187382,2.9973379629629631,1,0,32915,0,1,1,1,0,0,0,0,1,0.75,0.75,1,0,0.38181988027719571,1,490,26,0,0,0,0,0
d000178,c_fac_006,0,med-features-v2,34993,1,344.00268518518516,246,246,20,20,0.71511069707950714,0.85571759259259261,1,0,32919,0,1,1,1,0,0,0,0,1,0.81818181818181812,0.81818181818181812,1,1,0.076101744486151132,1,492,26,0,0,0,0,0
d002013,c_noah,0,med-features-v2,34998,1,344.02425925925928,2816,2365,230,192,8.1854692633109956,0.010439814814814815,1,0,32924,0,1,1,4,1,2217,1,0.78728693181818177,1,0.40000000000000002,0.33333333333333337,1,0,0.60744131376670896,1,5177,17,0,0,0,0,0
d002013,c_elena,1,med-features-v2,34998,1,344.02425925925928,2512,295,204,24,7.3018106496581039,0.013125,1,0,32924,0,1,1,4,1,2217,1,0.88256369426751591,1,0.45454545454545459,0.80000000000000004,1,0,0.72229267535311437,1,2807,17,0,0,0,0,0
d002013,c_taylor,2,med-features-v2,34998,1,344.02425925925928,2070,297,168,24,6.0170175337548866,0.024259259259259258,1,0,32924,0,1,1,4,1,1773,1,0.85652173913043483,1,0.46153846153846156,0.33333333333333337,1,0,0.73480439411962439,1,2367,17,0,0,0,0,0
d002013,c_chris,3,med-features-v2,34998,1,344.02425925925928,2514,741,204,60,7.3076241931689783,0.024259259259259258,1,0,32924,0,1,1,4,1,2217,1,0.88186157517899766,1,0.33333333333333337,0.33333333333333337,1,0,0.6106916494131337,1,3255,17,0,0,0,0,0
d002014,c_ren,0,med-features-v2,35008,1,344.0539351851852,689,689,56,56,2.0025929935350089,0.72187500000000004,1,0,689,0,1,0,1,0,0,0,0,1,0.54545454545454541,0.5,1,0,0.30340958506778876,1,1378,15,0,0,0,0,0
d002015,c_fac_045,0,med-features-v2,35019,1,344.08361111111111,245,245,20,20,0.71203623796218785,3.8773842592592591,1,0,32942,0,1,1,1,0,0,0,0,1,0.76923076923076916,0.76923076923076916,1,0,0.43192213610638402,1,490,27,0,0,0,0,0
d002016,c_fac_002,0,med-features-v2,35030,1,344.11328703703703,246,246,20,20,0.71488085251855715,0.97113425925925922,1,0,32953,0,1,1,1,0,0,0,0,1,0.76923076923076916,0.76923076923076916,1,0,0.36950219829914582,1,492,26,0,0,0,0,0
d002017,c_fac_017,0,med-features-v2,35041,1,344.14296296296294,247,247,20,20,0.71772497648479427,0.97916666666666663,1,0,32964,0,1,1,1,0,0,0,0,1,0.81818181818181812,0.81818181818181812,1,1,0.32817978717407414,1,494,15,0,0,0,0,0
d002018,c_fac_034,0,med-features-v2,35052,1,344.17263888888891,247,247,20,20,0.71766309139914031,0.90067129629629628,1,0,32975,0,1,1,1,0,0,0,0,1,0.7142857142857143,0.7142857142857143,1,0,0.26377894468088725,1,494,15,0,0,0,0,0
d002019,c_noah,0,med-features-v2,35063,1,344.20233796296299,2819,2368,230,192,8.189950180708335,0.080601851851851855,1,0,32986,0,1,1,4,1,2219,1,0.7871585668676836,1,0.40000000000000002,0.33333333333333337,1,0,0.60743799082617456,1,5183,17,0,0,0,0,0
d002019,c_elena,1,med-features-v2,35063,1,344.20233796296299,2515,296,204,24,7.3067487422779216,0.083287037037037034,1,0,32986,0,1,1,4,1,2219,1,0.88230616302186882,1,0.45454545454545459,0.80000000000000004,1,0,0.72228414364371141,1,2811,17,0,0,0,0,0
d002019,c_taylor,2,med-features-v2,35063,1,344.20233796296299,2072,297,168,24,6.0197150671967607,0.094444444444444442,1,0,32986,0,1,1,4,1,1775,1,0.85666023166023164,1,0.46153846153846156,0.33333333333333337,1,0,0.7349921870764059,1,2369,17,0,0,0,0,0
d002019,c_chris,3,med-features-v2,35063,1,344.20233796296299,2516,741,204,60,7.3096540101674954,0.094444444444444442,1,0,32986,0,1,1,4,1,2219,1,0.88195548489666131,1,0.33333333333333337,0.33333333333333337,1,0,0.61105890490907266,1,3257,17,0,0,0,0,0
d002020,c_fac_069,0,med-features-v2,35074,1,344.2320138888889,247,247,20,20,0.71753930498668428,0.94321759259259264,1,0,32997,0,1,1,1,0,0,0,0,1,0.75,0.75,1,0,0.28400684450667718,1,494,15,0,0,0,0,0
d002021,c_jamie_li,0,med-features-v2,35081,1,344.26168981481482,936,838,76,68,2.7188619230431739,0.21819444444444444,1,0,33004,0,1,1,1,0,0,0,0,1,0.77777777777777779,0.77777777777777779,1,0,0.21570263123969338,1,1774,17,0,0,0,0,0
d002022,c_fac_010,0,med-features-v2,35092,1,344.29136574074073,247,247,20,20,0.71741560950441219,0.22627314814814814,1,0,33012,0,1,1,1,0,0,0,0,1,0.64285714285714279,0.64285714285714279,1,0,0.41411161536251467,1,494,16,0,0,0,0,0
d002023,c_fac_050,0,med-features-v2,35103,1,344.32104166666664,246,246,20,20,0.71444951144795221,0.234375,1,0,33023,0,1,1,1,0,0,0,0,1,0.75,0.75,1,0,0.39587765077108311,1,492,27,0,0,0,0,0
d002024,c_fac_077,0,med-features-v2,35114,1,344.35071759259262,246,246,20,20,0.71438794064325695,0.99460648148148145,1,0,33034,0,1,1,1,0,0,0,0,1,0.75,0.75,1,0,0.31392966664520039,1,492,15,0,0,0,0,0
d000046,c_alex_chen,0,med-features-v2,35125,1,345.00488425925926,1136,1038,92,84,3.2927070074356837,0.73745370370370367,1,0,33045,0,1,1,1,0,0,0,0,1,0.88888888888888884,0.88888888888888884,1,1,0.18120720237327703,1,2174,17,0,0,0,0,0
d002025,c_alex_chen,0,med-features-v2,35126,1,345.00733796296294,1136,1038,92,84,3.2926835895935387,0.73990740740740746,1,0,33046,0,1,1,1,0,0,0,0,1,0.88888888888888884,0.88888888888888884,1,1,0.45115901839430178,1,2174,25,0,0,0,0,0
d002026,c_noah,0,med-features-v2,35136,1,345.03430555555553,2825,2373,229,192,8.1875916525208652,0.024513888888888891,1,0,33053,0,1,1,4,1,2224,1,0.78725663716814154,1,0.40000000000000002,0.33333333333333337,1,0,0.60750526175630881,1,5194,17,0,0,0,0,0
d002026,c_elena,1,med-features-v2,35136,1,345.03430555555553,2521,297,204,24,7.306519842833664,0.024513888888888891,1,0,33053,0,1,1,4,1,2224,1,0.882189607298691,1,0.45454545454545459,0.80000000000000004,1,0,0.72241215739597664,1,2818,17,0,0,0,0,0
d002026,c_taylor,2,med-features-v2,35136,1,345.03430555555553,2077,298,168,24,6.0196912786852517,0.021712962962962962,1,0,33053,0,1,1,4,1,1779,1,0.85652383245065,1,0.46153846153846156,0.33333333333333337,1,0,0.73510146607820803,1,2375,17,0,0,0,0,0
d002026,c_chris,3,med-features-v2,35136,1,345.03430555555553,2521,742,204,60,7.306519842833664,0.024166666666666666,1,0,33053,0,1,1,4,1,2224,1,0.882189607298691,1,0.33333333333333337,0.33333333333333337,1,0,0.61149346036069774,1,3263,17,0,0,0,0,0
d002027,c_fac_016,0,med-features-v2,35146,1,345.06127314814813,247,247,20,20,0.71581489787743691,1.8998842592592593,1,0,33063,0,1,1,1,0,0,0,0,1,0.66666666666666674,0.66666666666666674,1,0,0.375940746507683,1,494,16,0,0,0,0,0
d002028,c_fac_071,0,med-features-v2,35157,1,345.08821759259257,246,246,20,20,0.71286119739511056,1.7417361111111112,1,0,33074,0,1,1,1,0,0,0,0,1,0.83333333333333337,0.83333333333333337,1,1,0.36263714807346864,1,492,18,0,0,0,0,0
d002029,c_jamie_li,0,med-features-v2,35168,1,345.11518518518517,940,841,76,68,2.7237283097108751,0.068634259259259256,1,0,33085,0,1,1,1,0,0,0,0,1,0.77777777777777779,0.77777777777777779,1,0,0.41204180530449286,1,1781,25,0,0,0,0,0
d002030,c_hana,0,med-features-v2,35178,1,345.14215277777777,247,247,20,20,0.71564715585184613,0.85585648148148152,1,0,33089,0,1,1,1,0,0,0,0,1,0.38461538461538458,0.5,1,0,0.29486636546483652,1,494,15,0,0,0,0,0
d002031,c_fac_019,0,med-features-v2,35189,1,345.16909722222221,249,249,20,20,0.72138555277354999,1.0203703703703704,1,0,33100,0,1,1,1,0,0,0,0,1,0.75,0.75,1,0,0.2957421748444663,1,498,26,0,0,0,0,0
d002032,c_fac_038,0,med-features-v2,35200,1,345.1960648148148,247,247,20,20,0.71553538749784573,1.0176620370370371,1,0,33111,0,1,1,1,0,0,0,0,1,0.76923076923076916,0.76923076923076916,1,0,0.32994015340456456,1,494,15,0,0,0,0,0
d000115,c_fac_049,0,med-features-v2,35208,1,345.21567129629631,248,248,20,20,0.718391488627245,1.0184027777777778,1,0,33119,0,1,1,2,1,0,0,0,1,0.72727272727272729,0.72727272727272729,1,0,0.28483438498344538,1,496,19,0,0,0,0,0
d000115,c_ren,1,med-features-v2,35208,1,345.21567129629631,694,694,56,56,2.0103374722068872,0.075624999999999998,1,0,694,0,1,0,2,1,0,0,0,1,0.54545454545454541,0.5,1,0,0.024686275975561511,1,1388,19,0,0,0,0,0
d002033,c_fac_055,0,med-features-v2,35212,1,345.22548611111114,247,247,20,20,0.7154744071256165,0.90141203703703698,1,0,33123,0,1,1,1,0,0,0,0,1,0.83333333333333337,0.83333333333333337,1,1,0.24727726763293537,1,494,25,0,0,0,0,0
d000392,c_noah,0,med-features-v2,35220,1,345.24509259259258,2831,2378,229,192,8.1999717323737009,0.0094675925925925934,1,0,33131,0,1,1,5,1,2230,1,0.787707523843165,1,0.40000000000000002,0.33333333333333337,1,0,0.6035718411328449,1,5205,17,0,0,0,0,0
d000392,c_elena,1,med-features-v2,35220,1,345.24509259259258,2527,297,204,24,7.3194378550718264,0.0098148148148148144,1,0,33131,0,1,1,5,1,2230,1,0.88246933122279381,1,0.45454545454545459,0.80000000000000004,1,0,0.73801755203541208,1,2824,17,0,0,0,0,0
d000392,c_taylor,2,med-features-v2,35220,1,345.24509259259258,2083,299,168,24,6.0333949553283004,0.0098148148148148144,1,0,33131,0,1,1,5,1,1784,1,0.85645703312530008,1,0.46153846153846156,0.33333333333333337,1,0,0.75524543922403764,1,2382,17,0,0,0,0,0
d000392,c_chris,3,med-features-v2,35220,1,345.24509259259258,2527,743,204,60,7.3194378550718264,0.0098148148148148144,1,0,33131,0,1,1,5,1,2230,1,0.88246933122279381,1,0.33333333333333337,0.33333333333333337,1,0,0.62494359449644321,1,3270,17,0,0,0,0,0
d000392,c_lena,4,med-features-v2,35220,1,345.24509259259258,593,296,48,24,1.7176203593421422,0.14425925925925925,1,0,33131,0,1,1,5,1,297,1,0.50084317032040471,1,0.46153846153846156,0.80000000000000004,1,0,0.59726660332943826,1,889,17,0,0,0,0,0
d002034,c_noah,0,med-features-v2,496,1,345.24252314814817,197,643,16,52,0.57061337115609212,0.13479166666666667,1,0,496,0,1,1,1,0,0,0,0,1,0.40000000000000002,0.33333333333333337,1,0,0.55927941227180833,1,840,26,0,0,0,0,0
d002035,c_fac_056,0,med-features-v2,35234,1,345.28185185185185,247,247,20,20,0.71535760908157697,0.200625,1,0,33145,0,1,1,1,0,0,0,0,1,0.75,0.75,1,0,0.37420716428603967,1,494,18,0,0,0,0,0
d002036,c_jamie_lee,0,med-features-v2,35245,1,345.30881944444445,942,942,76,76,2.7279928775510327,0.060925925925925925,1,0,33156,0,1,1,1,0,0,0,0,1,0.77777777777777779,0.77777777777777779,1,0,0.37153600116793761,1,1884,17,0,0,0,0,0
d002037,c_fac_064,0,med-features-v2,35255,1,345.33576388888889,248,248,20,20,0.7181416636586575,1.1115046296296296,1,0,33163,0,1,1,1,0,0,0,0,1,0.66666666666666674,0.66666666666666674,1,0,0.28916686661727975,1,496,19,0,0,0,0,0
d002038,c_fac_083,0,med-features-v2,35266,1,345.36273148148149,247,247,20,20,0.7151900812819586,1.0008796296296296,1,0,33174,0,1,1,1,0,0,0,0,1,0.63636363636363635,0.63636363636363635,1,0,0.31583624692776124,1,494,15,0,0,0,0,0
d000179,c_fac_007,0,med-features-v2,35272,1,346.0026388888889,247,247,20,20,0.71386738781295422,1.8755092592592593,1,0,33180,0,1,1,1,0,0,0,0,1,0.84615384615384615,0.84615384615384615,1,1,0.01281019303986182,1,494,14,0,0,0,0,0
d002039,c_quinn,0,med-features-v2,695,1,345.9796759259259,198,198,16,16,0.5722879515107463,1.7699305555555556,1,0,695,0,1,1,1,0,0,0,0,1,0.27272727272727271,0.19999999999999996,1,0,0.58909997934866853,1,396,14,0,0,0,0,0
d002040,c_morgan_zhao,0,med-features-v2,35285,1,346.04752314814817,943,843,76,68,2.7250592387459092,0.72856481481481483,1,0,33193,0,1,1,1,0,0,0,0,1,0.81818181818181812,0.81818181818181812,1,1,0.2531288016975507,1,1786,24,0,0,0,0,0
d002041,c_fac_032,0,med-features-v2,35296,1,346.07657407407407,247,247,20,20,0.71371487845095294,1.9089814814814814,1,0,33201,0,1,1,1,0,0,0,0,1,0.76923076923076916,0.76923076923076916,1,0,0.44142847025237314,1,494,27,0,0,0,0,0
d002042,c_fac_087,0,med-features-v2,35307,1,346.10562499999997,247,247,20,20,0.71365497165785741,1.7383796296296297,1,0,33212,0,1,1,1,0,0,0,0,1,0.75,0.75,1,0,0.36601559302984821,1,494,18,0,0,0,0,0
d002043,c_fac_009,0,med-features-v2,35318,1,346.13467592592593,250,250,20,20,0.72226222157961684,0.97993055555555553,1,0,33223,0,1,1,1,0,0,0,0,1,0.69230769230769229,0.69230769230769229,1,0,0.39442757653686589,1,500,26,0,0,0,0,0
d002044,c_fac_026,0,med-features-v2,35329,1,346.16372685185183,249,249,20,20,0.71931280109705098,0.8962268518518518,1,0,33234,0,1,1,1,0,0,0,0,1,0.76923076923076916,0.76923076923076916,1,0,0.23172792688306898,1,498,14,0,0,0,0,0
d002045,c_fac_045,0,med-features-v2,35340,1,346.19277777777779,248,248,20,20,0.71636387561843351,0.98166666666666669,1,0,33245,0,1,1,1,0,0,0,0,1,0.76923076923076916,0.76923076923076916,1,0,0.27683597414944316,1,496,26,0,0,0,0,0
d000220,c_dir_109,0,med-features-v2,35342,1,346.19805555555558,0,0,0,0,0,3650,0,1,33247,0,1,1,1,0,0,0,0,0,0.75,0.75,1,0,0,0,0,15,0,0,0,0,0
d000269,c_noah,0,med-features-v2,35344,1,346.20333333333332,2839,2385,229,192,8.2003832044752123,0.078888888888888883,1,0,33249,0,1,1,5,1,2236,0.75,0.78760126805213104,1,0.40000000000000002,0.33333333333333337,1,0,0.57240516676250552,1,5220,28,0,0,0,0,0
d000269,c_elena,1,med-features-v2,35344,1,346.20333333333332,2535,299,204,24,7.3222865175571199,0.084166666666666667,1,0,33249,0,1,1,5,1,2236,0.75,0.88205128205128203,1,0.45454545454545459,0.80000000000000004,1,0,0.72164755400449399,1,2834,28,0,0,0,0,0
d000269,c_taylor,2,med-features-v2,35344,1,346.20333333333332,2089,300,168,24,6.0340262466180761,0.095069444444444443,1,0,33249,0,1,1,5,1,1789,0.75,0.85639061752034462,1,0.46153846153846156,0.33333333333333337,1,0,0.72576391752474589,1,2389,28,0,0,0,0,0
d000269,c_chris,3,med-features-v2,35344,1,346.20333333333332,2535,746,204,60,7.3222865175571199,0.081527777777777782,1,0,33249,0,1,1,5,1,2236,0.75,0.88205128205128203,1,0.33333333333333337,0.33333333333333337,1,0,0.66176872490451333,1,3281,28,0,0,0,0,0
d000269,c_pat,4,med-features-v2,35344,1,346.20333333333332,696,696,56,56,2.0103792568914223,0.15018518518518517,1,0,696,0,1,0,5,1,0,0,0,1,0.77777777777777779,0.33333333333333337,1,0,0.16004428918320063,1,1392,28,0,0,0,0,0
d002046,c_fac_065,0,med-features-v2,35353,1,346.22710648148148,248,248,20,20,0.71629284754821665,0.88854166666666667,1,0,33258,0,1,1,1,0,0,0,0,1,0.80000000000000004,0.80000000000000004,1,1,0.29663733708122136,1,496,14,0,0,0,0,0
d002047,c_alex_chen,0,med-features-v2,35360,1,346.25615740740739,1142,1042,92,84,3.2981362946747974,0.2267824074074074,1,0,33265,0,1,1,1,0,0,0,0,1,0.88888888888888884,0.88888888888888884,1,1,0.24881711287435587,1,2184,24,0,0,0,0,0
d002048,c_fac_002,0,med-features-v2,35371,1,346.28520833333334,248,248,20,20,0.71617266354985565,0.22414351851851852,1,0,33273,0,1,1,1,0,0,0,0,1,0.76923076923076916,0.76923076923076916,1,0,0.38840596613104605,1,496,18,0,0,0,0,0
d002049,c_fac_037,0,med-features-v2,35382,1,346.31425925925925,248,248,20,20,0.71611258667331168,0.23469907407407409,1,0,33284,0,1,1,1,0,0,0,0,1,0.76923076923076916,0.76923076923076916,1,0,0.45388351093341861,1,496,27,0,0,0,0,0
d002050,c_fac_070,0,med-features-v2,35393,1,346.34328703703704,248,248,20,20,0.71605256773312176,0.99736111111111114,1,0,33295,0,1,1,1,0,0,0,0,1,0.80000000000000004,0.80000000000000004,1,1,0.27963334778843069,1,496,26,0,0,0,0,0
d002051,c_fac_089,0,med-features-v2,35404,1,346.37233796296294,249,249,20,20,0.71887957757938847,0.99944444444444447,1,0,33306,0,1,1,1,0,0,0,0,1,0.80000000000000004,0.80000000000000004,1,1,0.35150994991258044,1,498,15,0,0,0,0,0
d002052,c_morgan_zhao,0,med-features-v2,35414,1,347.02449074074076,945,845,76,68,2.7231507435767752,0.75215277777777778,1,0,33316,0,1,1,1,0,0,0,0,1,0.81818181818181812,0.81818181818181812,1,1,0.40841136552054408,1,1790,25,0,0,0,0,0
d002053,c_jamie_li,0,med-features-v2,35424,1,347.05145833333336,946,846,76,68,2.7258205585506952,0.036412037037037034,1,0,33323,0,1,1,1,0,0,0,0,1,0.77777777777777779,0.77777777777777779,1,0,0.31533206931868807,1,1792,15,0,0,0,0,0
d002054,c_fac_043,0,med-features-v2,35434,1,347.0784259259259,248,248,20,20,0.71453591313949494,1.8721990740740742,1,0,33333,0,1,1,1,0,0,0,0,1,0.75,0.75,1,0,0.40564809951392738,1,496,18,0,0,0,0,0
d002055,c_lena,0,med-features-v2,35445,1,347.10537037037039,597,298,48,24,1.7199388167431278,0.061273148148148146,1,0,33344,0,1,1,1,0,0,0,0,1,0.46153846153846156,0.80000000000000004,1,0,0.67522425592466095,1,895,15,0,0,0,0,0
d002056,c_pat,0,med-features-v2,35455,1,347.13233796296294,698,698,56,56,2.0107605188729858,0.1025925925925926,1,0,698,0,1,0,1,0,0,0,0,1,0.77777777777777779,0.33333333333333337,1,0,0.44935587280223499,1,1396,23,0,0,0,0,0
d002057,c_fac_015,0,med-features-v2,35466,1,347.15930555555553,250,250,20,20,0.72013048764436116,1.0137268518518519,1,0,33362,0,1,1,1,0,0,0,0,1,0.76923076923076916,0.76923076923076916,1,0,0.34112257709504468,1,500,15,0,0,0,0,0
d002058,c_fac_032,0,med-features-v2,35477,1,347.18627314814813,249,249,20,20,0.71719425351171362,0.8769675925925926,1,0,33373,0,1,1,1,0,0,0,0,1,0.76923076923076916,0.76923076923076916,1,0,0.23014467070937336,1,498,14,0,0,0,0,0
d002059,c_fac_050,0,med-features-v2,35488,1,347.21321759259257,249,249,20,20,0.71713859779430289,1.012175925925926,1,0,33384,0,1,1,1,0,0,0,0,1,0.75,0.75,1,0,0.40050885262516822,1,498,26,0,0,0,0,0
d002060,c_maya,0,med-features-v2,1047,1,347.23504629629628,1047,1147,84,92,3.0152486368170139,0.12956018518518519,1,0,1047,0,1,1,1,0,0,0,0,1,0.33333333333333337,0.5,1,0,0.41947621020520742,1,2194,25,0,0,0,0,0
d002061,c_fac_018,0,med-features-v2,35508,1,347.26715277777777,250,250,20,20,0.71990684405437944,0.20064814814814816,1,0,33404,0,1,1,1,0,0,0,0,1,0.66666666666666674,0.66666666666666674,1,0,0.40740739892693778,1,500,16,0,0,0,0,0
d002062,c_fac_073,0,med-features-v2,35519,1,347.29409722222221,249,249,20,20,0.71697158688151552,0.200625,1,0,33415,0,1,1,1,0,0,0,0,1,0.72727272727272729,0.72727272727272729,1,0,0.38693135888610469,1,498,27,0,0,0,0,0
d002063,c_lee,0,med-features-v2,35529,1,347.3210648148148,699,699,56,56,2.0125470949269775,0.19083333333333333,1,0,699,0,1,0,1,0,0,0,0,1,0.5,0.5,1,0,0.45419356991992849,1,1398,16,0,0,0,0,0
d002064,c_fac_071,0,med-features-v2,35540,1,347.3480324074074,249,249,20,20,0.71686025763331751,1.0017361111111112,1,0,33433,0,1,1,1,0,0,0,0,1,0.83333333333333337,0.83333333333333337,1,1,0.30769667671379269,1,498,14,0,0,0,0,0
d002065,c_noah,0,med-features-v2,35551,1,350,2857,2400,229,192,8.1628571428571437,2.671226851851852,1,0,33444,0,1,1,4,1,2250,1,0.78753937696884846,1,0.40000000000000002,0.33333333333333337,1,0,0.60443909156306275,1,5253,17,0,0,0,0,0
d002065,c_elena,1,med-features-v2,35551,1,350,2550,300,204,24,7.2857142857142856,2.6715740740740741,1,0,33444,0,1,1,4,1,2250,1,0.88235294117647056,1,0.45454545454545459,0.80000000000000004,1,0,0.7393165453753775,1,2850,17,0,0,0,0,0
d002065,c_taylor,2,med-features-v2,35551,1,350,2100,300,168,24,6,2.6715740740740741,1,0,33444,0,1,1,4,1,1800,1,0.8571428571428571,1,0.46153846153846156,0.33333333333333337,1,0,0.75669900286847791,1,2400,17,0,0,0,0,0
d002065,c_chris,3,med-features-v2,35551,1,350,2550,750,204,60,7.2857142857142856,2.6715740740740741,1,0,33444,0,1,1,4,1,2250,1,0.88235294117647056,1,0.33333333333333337,0.33333333333333337,1,0,0.62583345297337267,1,3300,17,0,0,0,0,0
d002066,c_morgan_zhao,0,med-features-v2,35561,1,350.02643518518516,950,850,76,68,2.7140807222100025,2.7074768518518519,1,0,33454,0,1,1,1,0,0,0,0,1,0.81818181818181812,0.81818181818181812,1,1,0.47432674164106065,1,1800,15,0,0,0,0,0
d002067,c_jamie_lee,0,med-features-v2,35571,1,350.05287037037039,951,951,76,76,2.7167324724228163,0.045324074074074072,1,0,33461,0,1,1,1,0,0,0,0,1,0.77777777777777779,0.77777777777777779,1,0,0.32059261206742712,1,1902,15,0,0,0,0,0
d002068,c_fac_044,0,med-features-v2,35582,1,350.07930555555555,250,250,20,20,0.71412390287756233,3.8888194444444446,1,0,33472,0,1,1,1,0,0,0,0,1,0.81818181818181812,0.81818181818181812,1,1,0.44188839035027461,1,500,27,0,0,0,0,0
d002069,c_alex_chan,0,med-features-v2,35593,1,350.10576388888887,952,952,76,76,2.7191783117918931,0.054953703703703706,1,0,33483,0,1,1,1,0,0,0,0,1,0.88888888888888884,0.88888888888888884,1,1,0.32773092994540737,1,1904,17,0,0,0,0,0
d002070,c_lee,0,med-features-v2,35603,1,350.13219907407409,701,701,56,56,2.0021009260325018,0.10300925925925926,1,0,701,0,1,0,1,0,0,0,0,1,0.5,0.5,1,0,0.45491766856824567,1,1402,16,0,0,0,0,0
d002071,c_fac_013,0,med-features-v2,35614,1,350.15863425925926,251,251,20,20,0.71681796603695425,2.8935879629629628,1,0,33501,0,1,1,1,0,0,0,0,1,0.76923076923076916,0.76923076923076916,1,0,0.30736711901484254,1,502,25,0,0,0,0,0
d000116,c_fac_022,0,med-features-v2,35619,1,350.17067129629629,251,251,20,20,0.71679332558270359,2.9987731481481483,1,0,33506,0,1,1,2,1,0,0,0,1,0.81818181818181812,0.81818181818181812,1,1,0.28952852392221762,1,502,14,0,0,0,0,0
d000116,c_lee,1,med-features-v2,35619,1,350.17067129629629,702,702,56,56,2.0047367113906693,0.038124999999999999,1,0,702,0,1,0,2,1,0,0,0,1,0.5,0.5,1,0,0.018736439406374494,1,1404,14,0,0,0,0,0
d002072,c_fac_033,0,med-features-v2,35626,1,350.18747685185184,250,250,20,20,0.71390331329798939,2.912638888888889,1,0,33513,0,1,1,1,0,0,0,0,1,0.69230769230769229,0.69230769230769229,1,0,0.28856331425258519,1,500,25,0,0,0,0,0
d002073,c_fac_051,0,med-features-v2,35637,1,350.21393518518516,250,250,20,20,0.71384937857428687,2.9979166666666668,1,0,33524,0,1,1,1,0,0,0,0,1,0.72727272727272729,0.72727272727272729,1,0,0.30056677460984826,1,500,15,0,0,0,0,0
d002074,c_marcus,0,med-features-v2,955,1,350.23041666666666,201,201,16,16,0.57390789159041733,0.19675925925925927,1,0,955,0,1,1,1,0,0,0,0,1,0.41666666666666663,0.33333333333333337,1,0,0.47294297527875678,1,402,26,0,0,0,0,0
d002075,c_fac_024,0,med-features-v2,35658,1,350.26680555555555,252,252,20,20,0.71945156093311413,0.19675925925925927,1,0,33545,0,1,1,1,0,0,0,0,1,0.75,0.75,1,0,0.36183061500363622,1,504,18,0,0,0,0,0
d002076,c_fac_079,0,med-features-v2,35669,1,350.29326388888887,251,251,20,20,0.71654246848325309,0.19678240740740741,1,0,33556,0,1,1,1,0,0,0,0,1,0.83333333333333337,0.83333333333333337,1,1,0.43266652633728198,1,502,27,0,0,0,0,0
d002077,c_morgan_shaw,0,med-features-v2,35679,1,350.31969907407409,954,954,76,76,2.7232268197349629,0.066967592592592592,1,0,33566,0,1,1,1,0,0,0,0,1,0.81818181818181812,0.81818181818181812,1,1,0.35917742828201521,1,1908,17,0,0,0,0,0
d002078,c_fac_071,0,med-features-v2,35690,1,350.34613425925926,250,250,20,20,0.71358001574236807,2.9977546296296298,1,0,33574,0,1,1,1,0,0,0,0,1,0.83333333333333337,0.83333333333333337,1,1,0.33203319349194743,1,500,15,0,0,0,0,0
d002079,c_fac_088,0,med-features-v2,35701,1,350.37259259259258,250,250,20,20,0.71352612985541319,3.0364814814814816,1,0,33585,0,1,1,1,0,0,0,0,1,0.63636363636363635,0.63636363636363635,1,0,0.28057147426786666,1,500,15,0,0,0,0,0
d002080,c_alex_chen,0,med-features-v2,35709,1,351.0269675925926,1155,1055,92,84,3.2903454908926286,0.72134259259259259,1,0,33593,0,1,1,1,0,0,0,0,1,0.88888888888888884,0.88888888888888884,1,1,0.18076602526991514,1,2210,17,0,0,0,0,0
d002081,c_morgan_zhao,0,med-features-v2,35719,1,351.05664351851851,954,854,76,68,2.7175101728267843,0.010439814814814815,1,0,33600,0,1,1,1,0,0,0,0,1,0.81818181818181812,0.81818181818181812,1,1,0.31234746981805545,1,1808,15,0,0,0,0,0
d002082,c_fac_050,0,med-features-v2,35730,1,351.08631944444443,250,250,20,20,0.71207559552761146,3.8727546296296298,1,0,33611,0,1,1,1,0,0,0,0,1,0.75,0.75,1,0,0.39879980713756785,1,500,27,0,0,0,0,0
d002083,c_fac_003,0,med-features-v2,35741,1,351.11599537037034,251,251,20,20,0.71486347335226286,0.97143518518518523,1,0,33622,0,1,1,1,0,0,0,0,1,0.75,0.75,1,0,0.27622519906727799,1,502,26,0,0,0,0,0
d002084,c_fac_018,0,med-features-v2,35752,1,351.14567129629631,252,252,20,20,0.71765087996019372,0.97946759259259264,1,0,33633,0,1,1,1,0,0,0,0,1,0.66666666666666674,0.66666666666666674,1,0,0.25198589192986082,1,504,19,0,0,0,0,0
d002085,c_fac_037,0,med-features-v2,35763,1,351.17534722222223,251,251,20,20,0.71474265487425659,0.98270833333333329,1,0,33644,0,1,1,1,0,0,0,0,1,0.76923076923076916,0.76923076923076916,1,0,0.39586891447263139,1,502,26,0,0,0,0,0
d002086,c_fac_053,0,med-features-v2,35774,1,351.20502314814814,251,251,20,20,0.71468226094853193,0.98592592592592587,1,0,33655,0,1,1,1,0,0,0,0,1,0.75,0.75,1,0,0.27940718659461766,1,502,26,0,0,0,0,0
d000270,c_noah,0,med-features-v2,35785,1,351.23469907407406,2877,2417,229,192,8.1911041465560093,0.03201388888888889,1,0,33666,0,1,1,5,1,2265,1,0.78727841501564133,1,0.40000000000000002,0.33333333333333337,1,0,0.60676308425211822,1,5290,17,0,0,0,0,0
d000270,c_elena,1,med-features-v2,35785,1,351.23469907407406,2567,302,204,24,7.3085034216924836,0.032361111111111111,1,0,33666,0,1,1,5,1,2265,1,0.88235294117647056,1,0.45454545454545459,0.80000000000000004,1,0,0.72166823077220066,1,2869,17,0,0,0,0,0
d000270,c_taylor,2,med-features-v2,35785,1,351.23469907407406,2115,303,168,24,6.0216146228592144,0.032361111111111111,1,0,33666,0,1,1,5,1,1812,1,0.85673758865248228,1,0.46153846153846156,0.33333333333333337,1,0,0.73473399729557387,1,2418,17,0,0,0,0,0
d000270,c_chris,3,med-features-v2,35785,1,351.23469907407406,2568,756,204,60,7.3113505208049467,0.032361111111111111,1,0,33666,0,1,1,5,1,2265,1,0.8820093457943925,1,0.33333333333333337,0.33333333333333337,1,0,0.61082413787862955,1,3324,17,0,0,0,0,0
d000270,c_lena,4,med-features-v2,35785,1,351.23469907407406,602,300,48,24,1.7139536657027172,0.99192129629629633,1,0,33666,0,1,1,5,1,302,1,0.50166112956810627,1,0.46153846153846156,0.80000000000000004,1,0,0.58105609554722615,1,902,17,0,0,0,0,0
d002087,c_priya,0,med-features-v2,35786,1,351.23740740740743,503,503,40,40,1.4320798109540764,0.234375,1,0,33667,0,1,1,2,1,201,1,0.39960238568588469,1,0.45454545454545459,0.40000000000000002,1,0,0.35926043925995876,1,1006,14,0,0,0,0,0
d002087,c_quinn,1,med-features-v2,35786,1,351.23740740740743,301,100,24,8,0.8569702248452824,0.23472222222222222,1,0,33667,0,1,1,2,1,201,1,0.66777408637873759,1,0.27272727272727271,0.19999999999999996,1,0,0.58756368488700605,1,401,14,0,0,0,0,0
d002088,c_alex_chen,0,med-features-v2,35793,1,351.26708333333335,1158,1058,92,84,3.2966368183753816,0.010462962962962962,1,0,33674,0,1,1,1,0,0,0,0,1,0.88888888888888884,0.88888888888888884,1,1,0.2719615053055231,1,2216,15,0,0,0,0,0
d002089,c_elena,0,med-features-v2,35804,1,351.29675925925926,2568,302,204,24,7.310058895547054,0.062060185185185184,1,0,33682,0,1,1,1,0,0,0,0,1,0.45454545454545459,0.80000000000000004,1,0,0.55515238104165898,1,2870,15,0,0,0,0,0
d002090,c_fac_060,0,med-features-v2,35815,1,351.32643518518518,251,251,20,20,0.71443527973548926,0.234375,1,0,33693,0,1,1,1,0,0,0,0,1,0.69230769230769229,0.69230769230769229,1,0,0.41397478046190445,1,502,27,0,0,0,0,0
d002091,c_fac_079,0,med-features-v2,35826,1,351.35611111111109,252,252,20,20,0.71722105303103378,1.0625,1,0,33704,0,1,1,1,0,0,0,0,1,0.83333333333333337,0.83333333333333337,1,1,0.27730310564926375,1,504,15,0,0,0,0,0
d002092,c_chris,0,med-features-v2,35837,1,352.00979166666667,2571,756,204,60,7.3037741019277993,0.0097916666666666673,1,0,33715,0,1,1,4,1,2268,1,0.882147024504084,1,0.33333333333333337,0.33333333333333337,1,0,0.43695212622207008,1,3327,28,0,0,0,0,0
d002092,c_noah,1,med-features-v2,35837,1,352.00979166666667,2881,2421,229,192,8.1844314226581059,0.0094444444444444445,1,0,33715,0,1,1,4,1,2268,1,0.78722665741062137,1,0.40000000000000002,0.33333333333333337,1,0,0.20508657477680686,1,5298,28,0,0,0,0,0
d002092,c_elena,2,med-features-v2,35837,1,352.00979166666667,2571,303,204,24,7.3037741019277993,0.0097916666666666673,1,0,33715,0,1,1,4,1,2268,1,0.882147024504084,1,0.45454545454545459,0.80000000000000004,1,0,0.32126616870284763,1,2874,28,0,0,0,0,0
d002092,c_marcus,3,med-features-v2,35837,1,352.00979166666667,655,202,52,16,1.8607436938011312,0.75856481481481486,1,0,33715,0,1,1,4,1,453,1,0.69160305343511452,1,0.41666666666666663,0.33333333333333337,1,0,0.61774971275322277,1,857,28,0,0,0,0,0
d000047,c_jamie_li,0,med-features-v2,35839,1,352.01469907407409,957,857,76,68,2.7186364731849437,0.74187499999999995,1,0,33717,0,1,1,1,0,0,0,0,1,0.77777777777777779,0.77777777777777779,1,0,0.21775716950703833,1,1814,17,0,0,0,0,0
d000048,c_morgan_zhao,0,med-features-v2,35841,1,352.0196064814815,957,857,76,68,2.7185985734301545,0.73870370370370375,1,0,33719,0,1,1,1,0,0,0,0,1,0.81818181818181812,0.81818181818181812,1,1,0.21444163145553075,1,1814,18,0,0,0,0,0
d000180,c_fac_008,0,med-features-v2,35848,1,352.03921296296295,252,252,20,20,0.71582934718841162,0.90937500000000004,1,0,33723,0,1,1,1,0,0,0,0,1,0.76923076923076916,0.76923076923076916,1,0,0.018466485926647326,1,504,18,0,0,0,0,0
d002093,c_noah,0,med-features-v2,35850,1,352.04409722222221,2883,2422,229,192,8.1893149828333929,0.0094444444444444445,1,0,33725,0,1,1,5,1,2270,1,0.78737426292056889,1,0.40000000000000002,0.33333333333333337,1,0,0.57216910410564437,1,5301,28,0,0,0,0,0
d002093,c_elena,1,med-features-v2,35850,1,352.04409722222221,2573,303,204,24,7.3087434793029207,0.0097916666666666673,1,0,33725,0,1,1,5,1,2270,1,0.88223863194714336,1,0.45454545454545459,0.80000000000000004,1,0,0.72089454400686137,1,2876,28,0,0,0,0,0
d002093,c_taylor,2,med-features-v2,35850,1,352.04409722222221,2120,304,168,24,6.0219728628535529,0.0097916666666666673,1,0,33725,0,1,1,5,1,1816,1,0.85660377358490569,1,0.46153846153846156,0.33333333333333337,1,0,0.72430984690677314,1,2424,28,0,0,0,0,0
d002093,c_chris,3,med-features-v2,35850,1,352.04409722222221,2573,757,204,60,7.3087434793029207,0.0097916666666666673,1,0,33725,0,1,1,5,1,2270,1,0.88223863194714336,1,0.33333333333333337,0.33333333333333337,1,0,0.66128522988723304,1,3330,28,0,0,0,0,0
d002093,c_lena,4,med-features-v2,35850,1,352.04409722222221,603,301,48,24,1.7128536020286285,0.041319444444444443,1,0,33725,0,1,1,5,1,302,1,0.50082918739635163,1,0.46153846153846156,0.80000000000000004,1,0,0.54121726606132514,1,904,28,0,0,0,0,0
d002094,c_fac_036,0,med-features-v2,35860,1,352.0710648148148,251,251,20,20,0.7129242504834159,1.8808333333333334,1,0,33735,0,1,1,1,0,0,0,0,1,0.69230769230769229,0.69230769230769229,1,0,0.34604456746735995,1,502,18,0,0,0,0,0
d002095,c_noah,0,med-features-v2,35871,1,352.0980324074074,2884,2423,229,192,8.1909006428725686,0.053587962962962962,1,0,33746,0,1,1,4,1,2271,1,0.78744798890429957,1,0.40000000000000002,0.33333333333333337,1,0,0.5723409655438142,1,5303,28,0,0,0,0,0
d002095,c_elena,1,med-features-v2,35871,1,352.0980324074074,2574,303,204,24,7.3104640273072095,0.053935185185185183,1,0,33746,0,1,1,4,1,2271,1,0.88228438228438233,1,0.45454545454545459,0.80000000000000004,1,0,0.72116423052635481,1,2877,28,0,0,0,0,0
d002095,c_taylor,2,med-features-v2,35871,1,352.0980324074074,2121,304,168,24,6.0238905213358942,0.053935185185185183,1,0,33746,0,1,1,4,1,1817,1,0.85667138142385668,1,0.46153846153846156,0.33333333333333337,1,0,0.72459345244773554,1,2425,28,0,0,0,0,0
d002095,c_chris,3,med-features-v2,35871,1,352.0980324074074,2574,757,204,60,7.3104640273072095,0.053935185185185183,1,0,33746,0,1,1,4,1,2271,1,0.88228438228438233,1,0.33333333333333337,0.33333333333333337,1,0,0.66159708688866126,1,3331,28,0,0,0,0,0
d002096,c_lee,0,med-features-v2,35881,1,352.125,706,706,56,56,2.004969826056088,0.097708333333333328,1,0,706,0,1,0,1,0,0,0,0,1,0.5,0.5,1,0,0.43914974355455583,1,1412,23,0,0,0,0,0
d002097,c_fac_008,0,med-features-v2,35892,1,352.15194444444444,252,252,20,20,0.71560019467606706,1.0221064814814815,1,0,33761,0,1,1,1,0,0,0,0,1,0.76923076923076916,0.76923076923076916,1,0,0.32189264348452762,1,504,15,0,0,0,0,0
d002098,c_fac_025,0,med-features-v2,35903,1,352.17891203703704,253,253,20,20,0.71838486449010652,0.87372685185185184,1,0,33772,0,1,1,1,0,0,0,0,1,0.75,0.75,1,0,0.26500166055764024,1,506,25,0,0,0,0,0
d002099,c_fac_043,0,med-features-v2,35914,1,352.20587962962964,252,252,20,20,0.71549061096026145,1.0193981481481482,1,0,33783,0,1,1,1,0,0,0,0,1,0.75,0.75,1,0,0.32295975284087997,1,504,15,0,0,0,0,0
d002100,c_fac_060,0,med-features-v2,35925,1,352.23282407407407,252,252,20,20,0.71543587870449221,0.90604166666666663,1,0,33794,0,1,1,1,0,0,0,0,1,0.69230769230769229,0.69230769230769229,1,0,0.29307310713256535,1,504,25,0,0,0,0,0
d002101,c_fac_011,0,med-features-v2,35935,1,352.25979166666667,253,253,20,20,0.71821992173153459,0.200625,1,0,33804,0,1,1,1,0,0,0,0,1,0.66666666666666674,0.66666666666666674,1,0,0.39862841932415677,1,506,16,0,0,0,0,0
d002102,c_fac_066,0,med-features-v2,35946,1,352.28675925925927,252,252,20,20,0.71532634530423844,0.20064814814814816,1,0,33815,0,1,1,1,0,0,0,0,1,0.72727272727272729,0.66666666666666674,1,0,0.3431198945510498,1,504,18,0,0,0,0,0
d002103,c_jamie_li,0,med-features-v2,35956,1,352.31370370370371,961,859,76,68,2.7276827154251211,0.066157407407407401,1,0,33825,0,1,1,1,0,0,0,0,1,0.77777777777777779,0.77777777777777779,1,0,0.39029688902400939,1,1820,14,0,0,0,0,0
d000344,c_fac_032,0,med-features-v2,35958,1,352.31746527777779,252,252,20,20,0.71526400146332669,1.1498726851851853,1,0,33827,0,1,1,1,0,0,0,0,1,0.76923076923076916,0.76923076923076916,1,0,0.2992937787242283,1,504,15,0,0,0,0,0
d002104,c_fac_068,0,med-features-v2,35968,1,352.34067129629631,252,252,20,20,0.71521689242648878,1.1110185185185186,1,0,33834,0,1,1,1,0,0,0,0,1,0.80000000000000004,0.80000000000000004,1,1,0.33862970130977171,1,504,15,0,0,0,0,0
d002105,c_fac_085,0,med-features-v2,35979,1,352.36763888888891,252,252,20,20,0.71516215505664649,1.0273842592592592,1,0,33845,0,1,1,1,0,0,0,0,1,0.75,0.75,1,0,0.31427090075569802,1,504,25,0,0,0,0,0
d000117,c_chris,0,med-features-v2,35985,1,353.01319444444442,2582,759,204,60,7.3141742026482328,0.013194444444444444,1,0,33851,0,1,1,2,1,0,0,0,1,0.33333333333333337,0.33333333333333337,1,0,0.37087161377975703,1,3341,19,0,0,0,0,0
d000117,c_pat,1,med-features-v2,35985,1,353.01319444444442,709,709,56,56,2.0084235126559244,0.68932870370370369,1,0,709,0,1,0,2,1,0,0,0,1,0.77777777777777779,0.33333333333333337,1,0,0.025155907981002163,1,1418,19,0,0,0,0,0
d002106,c_alex_chan,0,med-features-v2,35988,1,353.02375000000001,962,962,76,76,2.7250291233946724,0.71949074074074071,1,0,33854,0,1,1,1,0,0,0,0,1,0.88888888888888884,0.88888888888888884,1,1,0.21749606403549529,1,1924,14,0,0,0,0,0
d002107,c_pat,0,med-features-v2,35998,1,353.05280092592591,709,709,56,56,2.0081982019135869,0.72893518518518519,1,0,709,0,1,0,1,0,0,0,0,1,0.77777777777777779,0.33333333333333337,1,0,0.26267383665035982,1,1418,14,0,0,0,0,0
d002108,c_fac_042,0,med-features-v2,36009,1,353.08185185185187,252,252,20,20,0.71371552708898678,1.8980555555555556,1,0,33872,0,1,1,1,0,0,0,0,1,0.66666666666666674,0.66666666666666674,1,0,0.40582430061820141,1,504,18,0,0,0,0,0
d002109,c_sam,0,med-features-v2,36020,1,353.11090277777777,254,254,20,20,0.71932075164455933,0.97821759259259256,1,0,33883,0,1,1,1,0,0,0,0,1,0.45454545454545459,0.33333333333333337,1,0,0.33124532600820317,1,508,15,0,0,0,0,0
d002110,c_fac_011,0,med-features-v2,36031,1,353.13995370370372,254,254,20,20,0.71926157699254423,0.87981481481481483,1,0,33894,0,1,1,1,0,0,0,0,1,0.66666666666666674,0.66666666666666674,1,0,0.29239894293669677,1,508,25,0,0,0,0,0
d002111,c_fac_030,0,med-features-v2,36042,1,353.16900462962963,254,254,21,21,0.71920241207568958,0.98238425925925921,1,0,33905,0,1,1,1,0,0,0,0,1,0.81818181818181812,0.81818181818181812,1,1,0.30410941438385847,1,508,14,0,0,0,0,0
d002112,c_fac_049,0,med-features-v2,36053,1,353.19805555555558,254,254,20,20,0.71914325689159286,0.98203703703703704,1,0,33916,0,1,1,1,0,0,0,0,1,0.72727272727272729,0.72727272727272729,1,0,0.38081545951642704,1,508,26,0,0,0,0,0
d002113,c_fac_065,0,med-features-v2,36064,1,353.22710648148148,253,253,20,20,0.7162530716290425,0.88854166666666667,1,0,33927,0,1,1,1,0,0,0,0,1,0.80000000000000004,0.80000000000000004,1,1,0.29977529210570042,1,506,14,0,0,0,0,0
d002114,c_alex_chen,0,med-features-v2,36071,1,353.25615740740739,1165,1063,92,84,3.2978901445061441,0.2267824074074074,1,0,33934,0,1,1,1,0,0,0,0,1,0.88888888888888884,0.88888888888888884,1,1,0.24912793748386433,1,2228,24,0,0,0,0,0
d002115,c_fac_002,0,med-features-v2,36082,1,353.28520833333334,253,253,20,20,0.7161352755003777,0.22414351851851852,1,0,33942,0,1,1,1,0,0,0,0,1,0.76923076923076916,0.76923076923076916,1,0,0.38565967662329925,1,506,16,0,0,0,0,0
d002116,c_fac_037,0,med-features-v2,36093,1,353.31425925925925,253,253,20,20,0.71607639196455575,0.23469907407407409,1,0,33953,0,1,1,1,0,0,0,0,1,0.76923076923076916,0.76923076923076916,1,0,0.34107134452392573,1,506,18,0,0,0,0,0
d002117,c_fac_070,0,med-features-v2,36104,1,353.34328703703704,253,253,20,20,0.71601756501880509,0.99736111111111114,1,0,33964,0,1,1,1,0,0,0,0,1,0.80000000000000004,0.80000000000000004,1,1,0.28189465418927701,1,506,26,0,0,0,0,0
d002118,c_fac_089,0,med-features-v2,36115,1,353.37233796296294,254,254,20,20,0.71878857712575628,0.99944444444444447,1,0,33975,0,1,1,1,0,0,0,0,1,0.80000000000000004,0.80000000000000004,1,1,0.34783542974676623,1,508,26,0,0,0,0,0
d002119,c_morgan_zhao,0,med-features-v2,36125,1,354.02449074074076,964,862,76,68,2.7229754585141301,0.75215277777777778,1,0,33985,0,1,1,1,0,0,0,0,1,0.81818181818181812,0.81818181818181812,1,1,0.47403240261082624,1,1826,15,0,0,0,0,0
d002120,c_jamie_li,0,med-features-v2,36135,1,354.05145833333336,965,863,76,68,2.7255925015608016,0.036412037037037034,1,0,33992,0,1,1,1,0,0,0,0,1,0.77777777777777779,0.77777777777777779,1,0,0.31581822691075373,1,1828,15,0,0,0,0,0
d002121,c_fac_043,0,med-features-v2,36145,1,354.0784259259259,253,253,20,20,0.71453096680035577,1.8721990740740742,1,0,34002,0,1,1,1,0,0,0,0,1,0.75,0.75,1,0,0.41470403105629522,1,506,27,0,0,0,0,0
d002122,c_lena,0,med-features-v2,36156,1,354.10537037037039,609,304,48,24,1.7198270654947339,0.061273148148148146,1,0,34013,0,1,1,1,0,0,0,0,1,0.46153846153846156,0.80000000000000004,1,0,0.56939357588186179,1,913,26,0,0,0,0,0
d002123,c_pat,0,med-features-v2,36166,1,354.13233796296294,712,712,56,56,2.0105478197657982,0.1025925925925926,1,0,712,0,1,0,1,0,0,0,0,1,0.77777777777777779,0.33333333333333337,1,0,0.42999678605363501,1,1424,16,0,0,0,0,0
d002124,c_fac_015,0,med-features-v2,36177,1,354.15930555555553,255,255,20,20,0.72001496501691997,1.0137268518518519,1,0,34031,0,1,1,1,0,0,0,0,1,0.76923076923076916,0.76923076923076916,1,0,0.37539982661513388,1,510,26,0,0,0,0,0
d002125,c_fac_032,0,med-features-v2,36188,1,354.18627314814813,255,255,21,21,0.71996014338291214,0.8769675925925926,1,0,34042,0,1,1,1,0,0,0,0,1,0.76923076923076916,0.76923076923076916,1,0,0.25764750790418811,1,510,25,0,0,0,0,0
d002126,c_fac_050,0,med-features-v2,36199,1,354.21321759259257,254,254,20,20,0.71708221880117595,1.012175925925926,1,0,34053,0,1,1,1,0,0,0,0,1,0.75,0.75,1,0,0.30457961655689325,1,508,15,0,0,0,0,0
d002127,c_maya,0,med-features-v2,1068,1,354.23504629629628,1068,1170,84,92,3.0149473101729249,0.12956018518518519,1,0,1068,0,1,1,1,0,0,0,0,1,0.33333333333333337,0.5,1,0,0.47057577494466402,1,2238,15,0,0,0,0,0
d002128,c_fac_018,0,med-features-v2,36219,1,354.26715277777777,255,255,20,20,0.71979577559072949,0.20064814814814816,1,0,34073,0,1,1,1,0,0,0,0,1,0.66666666666666674,0.66666666666666674,1,0,0.4040719211649394,1,510,27,0,0,0,0,0
d002129,c_fac_073,0,med-features-v2,36230,1,354.29409722222221,254,254,20,20,0.71691852049311677,0.200625,1,0,34084,0,1,1,1,0,0,0,0,1,0.72727272727272729,0.72727272727272729,1,0,0.38818078885928164,1,508,18,0,0,0,0,0
d002130,c_lee,0,med-features-v2,36240,1,354.3210648148148,713,713,56,56,2.0122992133494746,0.19083333333333333,1,0,713,0,1,0,1,0,0,0,0,1,0.5,0.5,1,0,0.44020293403814625,1,1426,23,0,0,0,0,0
d002131,c_fac_071,0,med-features-v2,36251,1,354.3480324074074,254,254,20,20,0.71680939858575687,1.0017361111111112,1,0,34102,0,1,1,1,0,0,0,0,1,0.83333333333333337,0.83333333333333337,1,1,0.25932650055543055,1,508,19,0,0,0,0,0
d000221,c_dir_110,0,med-features-v2,36262,1,357,0,0,0,0,0,3650,0,1,34113,0,1,1,1,0,0,0,0,0,0.75,0.75,1,0,0,0,0,17,0,0,0,0,0
d000049,c_alex_chen,0,med-features-v2,36263,1,357.00238425925926,1173,1071,92,84,3.2856923418980695,2.6981250000000001,1,0,34114,0,1,1,1,0,0,0,0,1,0.88888888888888884,0.88888888888888884,1,1,0.24972029845914601,1,2244,24,0,0,0,0,0
d002132,c_alex_chen,0,med-features-v2,36264,1,357.00479166666668,1173,1071,92,84,3.2856701853324797,2.7005324074074073,1,0,34115,0,1,1,1,0,0,0,0,1,0.88888888888888884,0.88888888888888884,1,1,0.45250647717929549,1,2244,25,0,0,0,0,0
d000298,c_jamie_li,0,med-features-v2,36265,1,357.00719907407409,969,867,76,68,2.7142309805325406,2.6931481481481483,1,0,34116,0,1,1,1,0,0,0,0,1,0.77777777777777779,0.77777777777777779,1,0,0.081023398792580581,1,1836,2,0,1,0,0,1
d000299,c_morgan_zhao,0,med-features-v2,36269,1,357.01680555555555,969,867,76,68,2.7141579469687276,2.6978472222222223,1,0,34120,0,1,1,1,0,0,0,0,1,0.81818181818181812,0.81818181818181812,1,1,0.087805121617162571,1,1836,2,0,1,0,0,1
d000271,c_noah,0,med-features-v2,36276,1,357.03604166666668,2917,2450,229,192,8.1700435238505911,0.011666666666666667,1,0,34124,0,1,1,5,1,2297,0.75,0.78745286252999658,1,0.40000000000000002,0.33333333333333337,1,0,0.57229041094792388,1,5363,28,0,0,0,0,0
d000271,c_elena,1,med-features-v2,36276,1,357.03604166666668,2603,306,204,24,7.2905804911152172,0.026435185185185187,1,0,34124,0,1,1,5,1,2297,0.75,0.882443334613907,1,0.45454545454545459,0.80000000000000004,1,0,0.72081735757503373,1,2909,28,0,0,0,0,0
d000271,c_taylor,2,med-features-v2,36276,1,357.03604166666668,2144,307,168,24,6.0049959942186044,0.023680555555555555,1,0,34124,0,1,1,5,1,1837,0.75,0.85680970149253732,1,0.46153846153846156,0.33333333333333337,1,0,0.7237384338953684,1,2451,28,0,0,0,0,0
d000271,c_chris,3,med-features-v2,36276,1,357.03604166666668,2604,767,204,60,7.2933813287990885,0.016481481481481482,1,0,34124,0,1,1,5,1,2297,0.75,0.88210445468509979,1,0.33333333333333337,0.33333333333333337,1,0,0.66102669597691222,1,3371,28,0,0,0,0,0
d000271,c_lee,4,med-features-v2,36276,1,357.03604166666668,715,715,56,56,2.0025989439674916,0.006851851851851852,1,0,715,0,1,0,5,1,0,0,0,1,0.5,0.5,1,0,0.15813332470977504,1,1430,28,0,0,0,0,0
d002133,c_priya,0,med-features-v2,36277,1,357.03844907407409,510,510,40,40,1.4284175873007763,2.8003703703703704,1,0,34125,0,1,1,1,0,0,0,0,1,0.45454545454545459,0.40000000000000002,1,0,0.37799055472104026,1,1020,17,0,0,0,0,0
d002134,c_fac_014,0,med-features-v2,36287,1,357.06488425925926,256,256,20,20,0.71695652887031702,3.9219444444444442,1,0,34135,0,1,1,1,0,0,0,0,1,0.76923076923076916,0.76923076923076916,1,0,0.41802532691582972,1,512,27,0,0,0,0,0
d002135,c_fac_069,0,med-features-v2,36298,1,357.09134259259258,255,255,20,20,0.71410300274608129,3.8586111111111112,1,0,34146,0,1,1,1,0,0,0,0,1,0.75,0.75,1,0,0.35083940869924368,1,510,18,0,0,0,0,0
d002136,c_jamie_li,0,med-features-v2,36309,1,357.1177777777778,970,868,76,68,2.7161907369495277,0.10300925925925926,1,0,34157,0,1,1,1,0,0,0,0,1,0.77777777777777779,0.77777777777777779,1,0,0.39103856154707239,1,1838,14,0,0,0,0,0
d002137,c_fac_003,0,med-features-v2,36319,1,357.14421296296297,255,255,20,20,0.71399728945473451,2.884074074074074,1,0,34164,0,1,1,1,0,0,0,0,1,0.75,0.75,1,0,0.22799855876594805,1,510,14,0,0,0,0,0
d002138,c_fac_022,0,med-features-v2,36330,1,357.17067129629629,256,256,20,20,0.71674418022870456,2.9987731481481483,1,0,34175,0,1,1,1,0,0,0,0,1,0.81818181818181812,0.81818181818181812,1,1,0.29245244096855216,1,512,14,0,0,0,0,0
d002139,c_fac_041,0,med-features-v2,36341,1,357.19710648148146,255,255,20,20,0.71389156119387609,2.9982407407407408,1,0,34186,0,1,1,1,0,0,0,0,1,0.81818181818181812,0.81818181818181812,1,1,0.32392922540402602,1,510,15,0,0,0,0,0
d002140,c_fac_057,0,med-features-v2,36352,1,357.22354166666668,255,255,20,20,0.71383873193314407,2.9977083333333332,1,0,34197,0,1,1,1,0,0,0,0,1,0.66666666666666674,0.66666666666666674,1,0,0.24920736590433848,1,510,26,0,0,0,0,0
d002141,c_jamie_lee,0,med-features-v2,36362,1,357.25,972,972,76,76,2.7207837648705389,0.13909722222222223,1,0,34207,0,1,1,1,0,0,0,0,1,0.77777777777777779,0.77777777777777779,1,0,0.32060446210581062,1,1944,15,0,0,0,0,0
d002142,c_fac_044,0,med-features-v2,36373,1,357.27643518518516,256,256,20,20,0.71653200376148207,0.19678240740740741,1,0,34218,0,1,1,1,0,0,0,0,1,0.81818181818181812,0.81818181818181812,1,1,0.44287062866608368,1,512,27,0,0,0,0,0
d002143,c_alex_chan,0,med-features-v2,36384,1,357.30287037037039,973,973,76,76,2.7231799145397706,0.054930555555555559,1,0,34229,0,1,1,1,0,0,0,0,1,0.88888888888888884,0.88888888888888884,1,1,0.37238881058507817,1,1946,18,0,0,0,0,0
d002144,c_pat,0,med-features-v2,36394,1,357.32930555555555,716,716,56,56,2.0037539291293318,0.19435185185185186,1,0,716,0,1,0,1,0,0,0,0,1,0.77777777777777779,0.33333333333333337,1,0,0.45083411886441022,1,1432,23,0,0,0,0,0
d000118,c_fac_077,0,med-features-v2,36405,1,357.35576388888887,255,255,20,20,0.71357461042460224,2.9975925925925928,1,0,34247,0,1,1,2,1,0,0,0,1,0.75,0.75,1,0,0.26169500897432901,1,510,19,0,0,0,0,0
d000118,c_ren,1,med-features-v2,36405,1,357.35576388888887,717,717,56,56,2.0064039046056461,0.023703703703703703,1,0,717,0,1,0,2,1,0,0,0,1,0.54545454545454541,0.5,1,0,0.024659226504054693,1,1434,19,0,0,0,0,0
d002145,c_fac_078,0,med-features-v2,36406,1,357.35817129629629,255,255,20,20,0.71356980330127084,3.0269444444444447,1,0,34248,0,1,1,1,0,0,0,0,1,0.80000000000000004,0.80000000000000004,1,1,0.29048830264389314,1,510,25,0,0,0,0,0
d000181,c_fac_001,0,med-features-v2,36414,1,358.00268518518516,256,256,20,20,0.71507843542452232,0.86291666666666667,1,0,34256,0,1,1,1,0,0,0,0,1,0.75,0.75,1,0,0.011350610944739589,1,512,14,0,0,0,0,0
d002146,c_noah,0,med-features-v2,36416,1,358.01347222222222,2929,2460,229,192,8.18125636954227,0.013125,1,0,34258,0,1,1,1,0,0,0,0,1,0.40000000000000002,0.33333333333333337,1,0,0.51875599980201004,1,5385,26,0,0,0,0,0
d002147,c_jamie_li,0,med-features-v2,36425,1,358.04314814814813,973,871,76,68,2.7175495608071238,0.010439814814814815,1,0,34267,0,1,1,1,0,0,0,0,1,0.77777777777777779,0.77777777777777779,1,0,0.31682679396838836,1,1844,26,0,0,0,0,0
d002148,c_fac_025,0,med-features-v2,36436,1,358.07282407407405,256,256,20,20,0.71493836669113331,3.8984722222222223,1,0,34275,0,1,1,1,0,0,0,0,1,0.75,0.75,1,0,0.42892814827627523,1,512,27,0,0,0,0,0
d002149,c_fac_080,0,med-features-v2,36447,1,358.10250000000002,255,255,20,20,0.71208662324334504,3.7418749999999998,1,0,34286,0,1,1,1,0,0,0,0,1,0.75,0.75,1,0,0.39466456826935031,1,510,16,0,0,0,0,0
d002150,c_fac_009,0,med-features-v2,36458,1,358.13217592592594,258,258,20,20,0.72040441307167913,0.87222222222222223,1,0,34297,0,1,1,1,0,0,0,0,1,0.69230769230769229,0.69230769230769229,1,0,0.28326385262419829,1,516,15,0,0,0,0,0
d002151,c_fac_028,0,med-features-v2,36469,1,358.16185185185185,257,257,20,20,0.71755268929730709,0.98122685185185188,1,0,34308,0,1,1,1,0,0,0,0,1,0.75,0.75,1,0,0.27291153235206583,1,514,19,0,0,0,0,0
d002152,c_fac_047,0,med-features-v2,36480,1,358.19152777777776,256,256,20,20,0.71470143804970887,0.98206018518518523,1,0,34319,0,1,1,1,0,0,0,0,1,0.84615384615384615,0.84615384615384615,1,1,0.30566672589780952,1,512,15,0,0,0,0,0
d002153,c_fac_063,0,med-features-v2,36491,1,358.22120370370368,256,256,20,20,0.71464223042404229,0.88432870370370376,1,0,34330,0,1,1,1,0,0,0,0,1,0.75,0.75,1,0,0.30569436163815722,1,512,19,0,0,0,0,0
d002154,c_marcus,0,med-features-v2,36498,1,358.25087962962965,667,205,52,16,1.8618237607387436,0.23166666666666666,1,0,34337,0,1,1,1,0,0,0,0,1,0.41666666666666663,0.33333333333333337,1,0,0.54688569652637375,1,872,26,0,0,0,0,0
d002155,c_morgan_zhao,0,med-features-v2,36509,1,358.28055555555557,975,873,76,68,2.7213310487591196,0.010439814814814815,1,0,34346,0,1,1,1,0,0,0,0,1,0.81818181818181812,0.81818181818181812,1,1,0.31336019293400091,1,1848,15,0,0,0,0,0
d002156,c_fac_035,0,med-features-v2,36520,1,358.31023148148148,256,256,20,20,0.71446466639128281,0.23166666666666666,1,0,34356,0,1,1,1,0,0,0,0,1,0.66666666666666674,0.66666666666666674,1,0,0.45762966679791073,1,512,16,0,0,0,0,0
d002157,c_fac_085,0,med-features-v2,36531,1,358.3399074074074,256,256,20,20,0.71440549798698783,0.23435185185185184,1,0,34367,0,1,1,1,0,0,0,0,1,0.75,0.75,1,0,0.41510924675049765,1,512,16,0,0,0,0,0
d002158,c_fac_088,0,med-features-v2,36542,1,358.36958333333331,256,256,20,20,0.71434633938194625,0.99664351851851851,1,0,34378,0,1,1,1,0,0,0,0,1,0.63636363636363635,0.63636363636363635,1,0,0.29490153965258337,1,512,19,0,0,0,0,0
d002159,c_elena,0,med-features-v2,3341,1,359.02168981481481,668,668,52,52,1.8606118208193989,0.77620370370370373,1,0,3341,0,1,1,3,1,462,1,0.69161676646706582,1,0.45454545454545459,0.80000000000000004,1,0,0.6194209091035926,1,1336,17,0,0,0,0,0
d002159,c_taylor,1,med-features-v2,3341,1,359.02168981481481,666,204,52,16,1.8550411267450893,1.7119444444444445,1,0,3341,0,1,1,3,1,462,1,0.69369369369369371,1,0.46153846153846156,0.33333333333333337,1,0,0.71876461118780854,1,870,17,0,0,0,0,0
d002159,c_lena,2,med-features-v2,3341,1,359.02168981481481,462,0,36,0,1.2868303311655125,1.7119444444444445,1,0,3341,0,1,1,3,1,462,1,1,1,0.46153846153846156,0.80000000000000004,1,0,0.81686479477586793,1,462,17,0,0,0,0,0
d002160,c_morgan_shaw,0,med-features-v2,36563,1,359.04900462962962,977,977,76,76,2.7210770323895099,0.029050925925925924,1,0,34396,0,1,1,2,1,102,1,0.10440122824974411,1,0.81818181818181812,0.81818181818181812,1,1,0.27480552429855615,1,1954,15,0,0,0,0,0
d002160,c_morgan_zhao,1,med-features-v2,36563,1,359.04900462962962,977,875,76,68,2.7210770323895099,0.024166666666666666,1,0,34396,0,1,1,2,1,102,1,0.10440122824974411,1,0.81818181818181812,0.81818181818181812,1,1,0.25264756126576399,1,1852,15,0,0,0,0,0
d002161,c_fac_046,0,med-features-v2,36573,1,359.07597222222222,256,256,20,20,0.71294104814556813,1.8689120370370371,1,0,34406,0,1,1,1,0,0,0,0,1,0.81818181818181812,0.81818181818181812,1,1,0.37374005869176546,1,512,16,0,0,0,0,0
d002162,c_alex_chan,0,med-features-v2,36584,1,359.10293981481482,978,978,76,76,2.7234530591822588,0.060925925925925925,1,0,34417,0,1,1,1,0,0,0,0,1,0.88888888888888884,0.88888888888888884,1,1,0.39180276677731751,1,1956,24,0,0,0,0,0
d002163,c_ren,0,med-features-v2,36594,1,359.12988425925926,720,720,56,56,2.0048456883087602,0.09768518518518518,1,0,720,0,1,0,1,0,0,0,0,1,0.54545454545454541,0.5,1,0,0.44707830180465019,1,1440,23,0,0,0,0,0
d002164,c_fac_010,0,med-features-v2,36605,1,359.15685185185185,258,258,20,20,0.71834909641769018,0.8651388888888889,1,0,34432,0,1,1,1,0,0,0,0,1,0.64285714285714279,0.64285714285714279,1,0,0.26076923877977143,1,516,15,0,0,0,0,0
d002165,c_fac_029,0,med-features-v2,36616,1,359.18381944444445,259,259,20,20,0.72107925240229243,1.018912037037037,1,0,34443,0,1,1,1,0,0,0,0,1,0.76923076923076916,0.76923076923076916,1,0,0.26134097609743445,1,518,19,0,0,0,0,0
d002166,c_fac_045,0,med-features-v2,36627,1,359.21076388888889,257,257,20,20,0.7154574022717628,0.89208333333333334,1,0,34454,0,1,1,1,0,0,0,0,1,0.76923076923076916,0.76923076923076916,1,0,0.28791728517156662,1,514,15,0,0,0,0,0
d002167,c_priya,0,med-features-v2,36638,1,359.23773148148149,515,515,40,40,1.4335910592580612,0.200625,1,0,34465,0,1,1,1,0,0,0,0,1,0.45454545454545459,0.40000000000000002,1,0,0.45385811363114104,1,1030,24,0,0,0,0,0
d000182,c_fac_002,0,med-features-v2,36639,1,359.24018518518517,257,257,20,20,0.71539880725626159,1.1265509259259259,1,0,34466,0,1,1,1,0,0,0,0,1,0.76923076923076916,0.76923076923076916,1,0,0.01231425187325646,1,514,14,0,0,0,0,0
d002168,c_fac_026,0,med-features-v2,36649,1,359.26715277777777,258,258,20,20,0.7181285514280904,0.20064814814814816,1,0,34476,0,1,1,1,0,0,0,0,1,0.76923076923076916,0.76923076923076916,1,0,0.44599270628261628,1,516,27,0,0,0,0,0
d002169,c_fac_081,0,med-features-v2,36660,1,359.29409722222221,257,257,20,20,0.71529146174935998,0.200625,1,0,34487,0,1,1,1,0,0,0,0,1,0.66666666666666674,0.66666666666666674,1,0,0.40783334345592831,1,514,27,0,0,0,0,0
d002170,c_lee,0,med-features-v2,36670,1,359.3210648148148,722,722,56,56,2.0093450418001542,0.18592592592592594,1,0,722,0,1,0,1,0,0,0,0,1,0.5,0.5,1,0,0.45254447021260086,1,1444,16,0,0,0,0,0
d002171,c_fac_073,0,med-features-v2,36681,1,359.3480324074074,257,257,20,20,0.71518410238191787,1.0023842592592593,1,0,34505,0,1,1,1,0,0,0,0,1,0.72727272727272729,0.72727272727272729,1,0,0.35818727383721,1,514,15,0,0,0,0,0
d002172,c_noah,0,med-features-v2,36692,1,360,2948,2476,229,192,8.1888888888888882,0.67122685185185182,1,0,34516,0,1,1,4,1,2323,1,0.78799185888738132,1,0.40000000000000002,0.33333333333333337,1,0,0.57247720570824856,1,5420,28,0,0,0,0,0
d002172,c_elena,1,med-features-v2,36692,1,360,2632,309,204,24,7.3111111111111109,0.6715740740740741,1,0,34516,0,1,1,4,1,2323,1,0.88259878419452886,1,0.45454545454545459,0.80000000000000004,1,0,0.72058353437518352,1,2941,28,0,0,0,0,0
d002172,c_taylor,2,med-features-v2,36692,1,360,2170,312,168,24,6.0277777777777777,0.6715740740740741,1,0,34516,0,1,1,4,1,1858,1,0.85622119815668207,1,0.46153846153846156,0.33333333333333337,1,0,0.72373356697303426,1,2482,28,0,0,0,0,0
d002172,c_chris,3,med-features-v2,36692,1,360,2632,774,204,60,7.3111111111111109,0.6715740740740741,1,0,34516,0,1,1,4,1,2323,1,0.88259878419452886,1,0.33333333333333337,0.33333333333333337,1,0,0.66143669594989252,1,3406,28,0,0,0,0,0
d002173,c_alex_chen,0,med-features-v2,36700,1,360.0290277777778,1187,1083,92,84,3.2969563796746324,0.72231481481481485,1,0,34524,0,1,1,1,0,0,0,0,1,0.88888888888888884,0.88888888888888884,1,1,0.17607846594202722,1,2270,18,0,0,0,0,0
d002174,c_ren,0,med-features-v2,36710,1,360.0580787037037,723,723,56,56,2.0080093817169029,0.73175925925925922,1,0,723,0,1,0,1,0,0,0,0,1,0.54545454545454541,0.5,1,0,0.38244644441123493,1,1446,25,0,0,0,0,0
d002175,c_fac_052,0,med-features-v2,36721,1,360.08712962962966,257,257,20,20,0.71371615048929771,1.8871527777777777,1,0,34542,0,1,1,1,0,0,0,0,1,0.72727272727272729,0.72727272727272729,1,0,0.37744723224725008,1,514,18,0,0,0,0,0
d000272,c_noah,0,med-features-v2,36729,1,360.10826388888887,2951,2479,229,192,8.1947577879260471,0.081527777777777782,1,0,34550,0,1,1,5,1,2325,1,0.78786851914605216,1,0.40000000000000002,0.33333333333333337,1,0,0.60433369322004737,1,5426,17,0,0,0,0,0
d000272,c_elena,1,med-features-v2,36729,1,360.10826388888887,2635,310,204,24,7.3172439075517222,0.081875000000000003,1,0,34550,0,1,1,5,1,2325,1,0.88235294117647056,1,0.45454545454545459,0.80000000000000004,1,0,0.74064632861408863,1,2945,17,0,0,0,0,0
d000272,c_taylor,2,med-features-v2,36729,1,360.10826388888887,2172,312,168,24,6.0315194562437728,0.081875000000000003,1,0,34550,0,1,1,5,1,1860,1,0.85635359116022103,1,0.46153846153846156,0.33333333333333337,1,0,0.75674688177349403,1,2484,17,0,0,0,0,0
d000272,c_chris,3,med-features-v2,36729,1,360.10826388888887,2635,775,204,60,7.3172439075517222,0.081875000000000003,1,0,34550,0,1,1,5,1,2325,1,0.88235294117647056,1,0.33333333333333337,0.33333333333333337,1,0,0.62631857917055578,1,3410,17,0,0,0,0,0
d000272,c_lena,4,med-features-v2,36729,1,360.10826388888887,619,309,48,24,1.718927506176287,0.80645833333333339,1,0,34550,0,1,1,5,1,310,1,0.50080775444264947,1,0.46153846153846156,0.80000000000000004,1,0,0.60023713535226597,1,928,17,0,0,0,0,0
d002176,c_elena,0,med-features-v2,36733,1,360.11881944444445,2636,310,204,24,7.3198062907863548,0.010555555555555556,1,0,34554,0,1,1,1,0,0,0,0,1,0.45454545454545459,0.80000000000000004,1,0,0.55533174403536234,1,2946,15,0,0,0,0,0
d002177,c_fac_016,0,med-features-v2,36744,1,360.14787037037036,259,259,20,20,0.71914905323096456,0.88527777777777783,1,0,34565,0,1,1,1,0,0,0,0,1,0.66666666666666674,0.66666666666666674,1,0,0.22427442170702167,1,518,14,0,0,0,0,0
d002178,c_fac_035,0,med-features-v2,36755,1,360.17692129629631,258,258,20,20,0.71631463523938177,0.98296296296296293,1,0,34576,0,1,1,1,0,0,0,0,1,0.66666666666666674,0.66666666666666674,1,0,0.29598476788938188,1,516,14,0,0,0,0,0
d002179,c_fac_051,0,med-features-v2,36766,1,360.20597222222221,258,258,20,20,0.71625686383909204,0.92622685185185183,1,0,34587,0,1,1,1,0,0,0,0,1,0.72727272727272729,0.72727272727272729,1,0,0.25332928955229761,1,516,14,0,0,0,0,0
d000119,c_fac_060,0,med-features-v2,36771,1,360.2191898148148,258,258,20,20,0.71623058208707679,0.98601851851851852,1,0,34592,0,1,1,2,1,0,0,0,1,0.69230769230769229,0.69230769230769229,1,0,0.27625568227482483,1,516,19,0,0,0,0,0
d000119,c_lee,1,med-features-v2,36771,1,360.2191898148148,724,724,56,56,2.0098873698877657,0.16868055555555556,1,0,724,0,1,0,2,1,0,0,0,1,0.5,0.5,1,0,0.024539140998780448,1,1448,19,0,0,0,0,0
d002180,c_priya,0,med-features-v2,36778,1,360.23766203703701,517,517,40,40,1.4351636557835694,0.23467592592592593,1,0,34599,0,1,1,2,1,207,1,0.40038684719535783,1,0.45454545454545459,0.40000000000000002,1,0,0.36351040391749334,1,1034,14,0,0,0,0,0
d002180,c_quinn,1,med-features-v2,36778,1,360.23766203703701,311,104,24,8,0.86331894961061917,0.23502314814814815,1,0,34599,0,1,1,2,1,207,1,0.66559485530546625,1,0.27272727272727271,0.19999999999999996,1,0,0.59280102876296747,1,415,14,0,0,0,0,0
d002181,c_morgan_shaw,0,med-features-v2,36785,1,360.26671296296297,983,983,76,76,2.728534068316927,0.21092592592592593,1,0,34606,0,1,1,1,0,0,0,0,1,0.81818181818181812,0.81818181818181812,1,1,0.2677575360055266,1,1966,15,0,0,0,0,0
d002182,c_elena,0,med-features-v2,36796,1,360.29576388888887,2639,311,204,24,7.3245379615782484,0.060740740740740741,1,0,34614,0,1,1,1,0,0,0,0,1,0.45454545454545459,0.80000000000000004,1,0,0.57255560474490585,1,2950,15,0,0,0,0,0
d002183,c_fac_057,0,med-features-v2,36807,1,360.32481481481483,258,258,20,20,0.71602062747911599,0.23469907407407409,1,0,34625,0,1,1,1,0,0,0,0,1,0.66666666666666674,0.66666666666666674,1,0,0.43735447807673361,1,516,16,0,0,0,0,0
d002184,c_fac_076,0,med-features-v2,36818,1,360.35386574074073,258,258,20,20,0.71596290349114788,1.0618518518518518,1,0,34636,0,1,1,1,0,0,0,0,1,0.72727272727272729,0.72727272727272729,1,0,0.25267312760516542,1,516,14,0,0,0,0,0
d002185,c_alex_chen,0,med-features-v2,36829,1,361.00733796296294,1189,1085,92,84,3.2935618613990165,0.75083333333333335,1,0,34647,0,1,1,1,0,0,0,0,1,0.88888888888888884,0.88888888888888884,1,1,0.45294785900500079,1,2274,25,0,0,0,0,0
d002186,c_noah,0,med-features-v2,36839,1,361.03430555555553,2960,2487,229,192,8.1986668702997214,0.011921296296296296,1,0,34654,0,1,1,4,1,2331,1,0.78749999999999998,1,0.40000000000000002,0.33333333333333337,1,0,0.57299762045615021,1,5443,28,0,0,0,0,0
d002186,c_elena,1,med-features-v2,36839,1,361.03430555555553,2643,312,204,24,7.3206339656088399,0.024513888888888891,1,0,34654,0,1,1,4,1,2331,1,0.88195232690124858,1,0.45454545454545459,0.80000000000000004,1,0,0.72071063878794395,1,2955,28,0,0,0,0,0
d002186,c_taylor,2,med-features-v2,36839,1,361.03430555555553,2177,312,168,24,6.0298978975143562,0.034305555555555554,1,0,34654,0,1,1,4,1,1865,1,0.85668350941662841,1,0.46153846153846156,0.33333333333333337,1,0,0.72444974408666452,1,2489,28,0,0,0,0,0
d002186,c_chris,3,med-features-v2,36839,1,361.03430555555553,2643,778,204,60,7.3206339656088399,0.024166666666666666,1,0,34654,0,1,1,4,1,2331,1,0.88195232690124858,1,0.33333333333333337,0.33333333333333337,1,0,0.66177179720490731,1,3421,28,0,0,0,0,0
d002187,c_fac_008,0,med-features-v2,36848,1,361.06127314814813,258,258,20,20,0.7145601569242217,1.9089814814814814,1,0,34663,0,1,1,1,0,0,0,0,1,0.76923076923076916,0.76923076923076916,1,0,0.34741295144995088,1,516,18,0,0,0,0,0
d002188,c_fac_063,0,med-features-v2,36859,1,361.08821759259257,258,258,20,20,0.71450683636289514,1.754537037037037,1,0,34674,0,1,1,1,0,0,0,0,1,0.75,0.75,1,0,0.34807217629681292,1,516,18,0,0,0,0,0
d002189,c_jamie_lee,0,med-features-v2,36870,1,361.11518518518517,986,986,76,76,2.7304307336019802,0.1025925925925926,1,0,34685,0,1,1,1,0,0,0,0,1,0.77777777777777779,0.77777777777777779,1,0,0.34774296209423722,1,1972,18,0,0,0,0,0
d002190,c_fac_002,0,med-features-v2,36880,1,361.14215277777777,259,259,20,20,0.7171691202698538,0.85659722222222223,1,0,34692,0,1,1,1,0,0,0,0,1,0.76923076923076916,0.76923076923076916,1,0,0.27424495888172146,1,518,25,0,0,0,0,0
d002191,c_fac_021,0,med-features-v2,36891,1,361.16909722222221,260,260,20,20,0.71988440317756675,1.0129629629629631,1,0,34703,0,1,1,1,0,0,0,0,1,0.76923076923076916,0.76923076923076916,1,0,0.28933743887667068,1,520,26,0,0,0,0,0
d002192,c_fac_040,0,med-features-v2,36902,1,361.1960648148148,259,259,20,20,0.71706207578088998,1.0108796296296296,1,0,34714,0,1,1,1,0,0,0,0,1,0.66666666666666674,0.66666666666666674,1,0,0.32754290826492966,1,518,15,0,0,0,0,0
d002193,c_fac_056,0,med-features-v2,36913,1,361.2230324074074,259,259,20,20,0.71700854254466651,1.0087962962962962,1,0,34725,0,1,1,1,0,0,0,0,1,0.75,0.75,1,0,0.27152419482370194,1,518,26,0,0,0,0,0
d002194,c_alex_chen,0,med-features-v2,36923,1,361.25,1194,1090,92,84,3.3051903114186851,0.0094675925925925934,1,0,34735,0,1,1,1,0,0,0,0,1,0.88888888888888884,0.88888888888888884,1,1,0.27114378076920209,1,2284,15,0,0,0,0,0
d000345,c_fac_033,0,med-features-v2,36929,1,361.26519675925925,259,259,20,20,0.71692485831286157,0.19133101851851853,1,0,34741,0,1,1,1,0,0,0,0,1,0.69230769230769229,0.69230769230769229,1,0,0.39937110485568506,1,518,27,0,0,0,0,0
d002195,c_fac_038,0,med-features-v2,36934,1,361.27694444444444,259,259,20,20,0.71690154598234501,0.200625,1,0,34746,0,1,1,1,0,0,0,0,1,0.76923076923076916,0.76923076923076916,1,0,0.32776456303138979,1,518,18,0,0,0,0,0
d002196,c_alex_chen,0,med-features-v2,36945,1,361.30391203703704,1195,1091,92,84,3.3074648798087227,0.053564814814814815,1,0,34757,0,1,1,1,0,0,0,0,1,0.88888888888888884,0.88888888888888884,1,1,0.52524825758992832,1,2286,15,0,0,0,0,0
d002197,c_fac_078,0,med-features-v2,36955,1,361.33087962962964,259,259,20,20,0.71679453542824645,0.23495370370370369,1,0,34764,0,1,1,1,0,0,0,0,1,0.80000000000000004,0.80000000000000004,1,1,0.40770922762152323,1,518,16,0,0,0,0,0
d002198,c_fac_077,0,med-features-v2,36966,1,361.35782407407407,259,259,20,20,0.71674108804382242,1.0221064814814815,1,0,34775,0,1,1,1,0,0,0,0,1,0.75,0.75,1,0,0.24492913386256027,1,518,25,0,0,0,0,0
d002199,c_chris,0,med-features-v2,36977,1,364.00960648148146,2653,780,204,60,7.2882691905961225,0.0096064814814814815,1,0,34786,0,1,1,4,1,2341,1,0.88239728609121748,1,0.33333333333333337,0.33333333333333337,1,0,0.43804469331130447,1,3433,28,0,0,0,0,0
d002199,c_noah,1,med-features-v2,36977,1,364.00960648148146,2972,2497,229,192,8.1646196888246045,0.0092592592592592587,1,0,34786,0,1,1,4,1,2341,1,0.78768506056527587,1,0.40000000000000002,0.33333333333333337,1,0,0.20542048209760264,1,5465,28,0,0,0,0,0
d002199,c_elena,2,med-features-v2,36977,1,364.00960648148146,2653,312,204,24,7.2882691905961225,0.0096064814814814815,1,0,34786,0,1,1,4,1,2341,1,0.88239728609121748,1,0.45454545454545459,0.80000000000000004,1,0,0.32144628301306499,1,2965,28,0,0,0,0,0
d002199,c_marcus,3,med-features-v2,36977,1,364.00960648148146,676,208,52,16,1.8570938457757176,2.7130555555555556,1,0,34786,0,1,1,4,1,468,1,0.69230769230769229,1,0.41666666666666663,0.33333333333333337,1,0,0.61866641665882738,1,884,28,0,0,0,0,0
d002200,c_noah,0,med-features-v2,36987,1,364.03604166666668,2974,2498,229,192,8.169520760593187,0.011666666666666667,1,0,34793,0,1,1,4,1,2342,1,0.78749159381304645,1,0.40000000000000002,0.33333333333333337,1,0,0.60617710431752569,1,5468,17,0,0,0,0,0
d002200,c_elena,1,med-features-v2,36987,1,364.03604166666668,2654,312,204,24,7.2904869195071687,0.026435185185185187,1,0,34793,0,1,1,4,1,2342,1,0.88244159758854557,1,0.45454545454545459,0.80000000000000004,1,0,0.72085759142817452,1,2966,17,0,0,0,0,0
d002200,c_taylor,2,med-features-v2,36987,1,364.03604166666668,2186,313,168,24,6.0048999269188661,0.023680555555555555,1,0,34793,0,1,1,4,1,1873,1,0.8568161024702653,1,0.46153846153846156,0.33333333333333337,1,0,0.73467370658049436,1,2499,17,0,0,0,0,0
d002200,c_chris,3,med-features-v2,36987,1,364.03604166666668,2655,782,204,60,7.293233900260562,0.016481481481481482,1,0,34793,0,1,1,4,1,2342,1,0.88210922787193968,1,0.33333333333333337,0.33333333333333337,1,0,0.60994715274692157,1,3437,17,0,0,0,0,0
d002201,c_fac_009,0,med-features-v2,36997,1,364.0625,261,261,20,20,0.71690987124463523,3.9274768518518517,1,0,34803,0,1,1,1,0,0,0,0,1,0.69230769230769229,0.69230769230769229,1,0,0.42707001831429753,1,522,16,0,0,0,0,0
d002202,c_fac_064,0,med-features-v2,37008,1,364.08893518518516,260,260,20,20,0.71411123732106052,3.8641203703703701,1,0,34814,0,1,1,1,0,0,0,0,1,0.66666666666666674,0.66666666666666674,1,0,0.41922536665723564,1,520,16,0,0,0,0,0
d000050,c_jamie_li,0,med-features-v2,37017,1,364.11055555555555,989,885,76,68,2.7162079893316897,0.095787037037037032,1,0,34823,0,1,1,1,0,0,0,0,1,0.77777777777777779,0.77777777777777779,1,0,0.21640347521315439,1,1874,18,0,0,0,0,0
d002203,c_jamie_li,0,med-features-v2,37020,1,364.1177777777778,989,885,76,68,2.7161541137482987,0.10300925925925926,1,0,34826,0,1,1,1,0,0,0,0,1,0.77777777777777779,0.77777777777777779,1,0,0.47103453675553503,1,1874,15,0,0,0,0,0
d000051,c_morgan_zhao,0,med-features-v2,37021,1,364.12018518518516,989,885,76,68,2.7161361556954384,0.093402777777777779,1,0,34827,0,1,1,1,0,0,0,0,1,0.81818181818181812,0.81818181818181812,1,1,0.25901027132749327,1,1874,24,0,0,0,0,0
d002204,c_fac_006,0,med-features-v2,37031,1,364.14662037037039,260,260,20,20,0.71399811354985598,2.9992361111111112,1,0,34834,0,1,1,1,0,0,0,0,1,0.81818181818181812,0.81818181818181812,1,1,0.30873802283732926,1,520,15,0,0,0,0,0
d002205,c_fac_023,0,med-features-v2,37042,1,364.17305555555555,261,261,20,20,0.71669223194406206,2.9031018518518517,1,0,34845,0,1,1,1,0,0,0,0,1,0.84615384615384615,0.84615384615384615,1,1,0.23369779359015269,1,522,14,0,0,0,0,0
d002206,c_fac_042,0,med-features-v2,37053,1,364.19951388888887,260,260,20,20,0.71389441799013942,2.9981944444444446,1,0,34856,0,1,1,1,0,0,0,0,1,0.66666666666666674,0.66666666666666674,1,0,0.29533585987032523,1,520,14,0,0,0,0,0
d002207,c_fac_058,0,med-features-v2,37064,1,364.22594907407409,260,260,20,20,0.71384260418832146,2.9388425925925925,1,0,34867,0,1,1,1,0,0,0,0,1,0.7142857142857143,0.7142857142857143,1,0,0.28735789735196321,1,520,15,0,0,0,0,0
d002208,c_morgan_shaw,0,med-features-v2,37074,1,364.25238425925926,991,991,76,76,2.7206410797153455,0.13185185185185186,1,0,34877,0,1,1,1,0,0,0,0,1,0.81818181818181812,0.81818181818181812,1,1,0.31553287289081661,1,1982,15,0,0,0,0,0
d002209,c_fac_049,0,med-features-v2,37085,1,364.27884259259258,261,261,20,20,0.71648410361262993,0.19678240740740741,1,0,34888,0,1,1,1,0,0,0,0,1,0.72727272727272729,0.72727272727272729,1,0,0.34366168082967219,1,522,18,0,0,0,0,0
d002210,c_alex_chen,0,med-features-v2,37096,1,364.3052777777778,1200,1096,92,84,3.2939407502407549,0.066967592592592592,1,0,34899,0,1,1,1,0,0,0,0,1,0.88888888888888884,0.88888888888888884,1,1,0.52544731080384299,1,2296,15,0,0,0,0,0
d002211,c_ren,0,med-features-v2,37106,1,364.33171296296297,730,730,56,56,2.0036685636372531,0.19435185185185186,1,0,730,0,1,0,1,0,0,0,0,1,0.54545454545454541,0.5,1,0,0.45922464531125318,1,1460,16,0,0,0,0,0
d002212,c_fac_078,0,med-features-v2,37117,1,364.35817129629629,260,260,20,20,0.71358355728645873,3.0269444444444447,1,0,34917,0,1,1,1,0,0,0,0,1,0.80000000000000004,0.80000000000000004,1,1,0.25711051932291074,1,520,15,0,0,0,0,0
d000308,c_new_177,0,med-features-v2,37124,1,364.43952546296299,0,0,0,0,0,3650,0,1,34924,0,1,1,1,0,0,0,0,0,0.66666666666666674,0.66666666666666674,1,0,0,0,0,14,0,0,0,0,0
d000318,c_new_187,0,med-features-v2,37125,1,364.4458912037037,0,0,0,0,0,3650,0,1,0,1,0,0,1,0,0,0,0,0,0.72727272727272729,0.72727272727272729,1,0,0,0,0,13,0,0,0,0,0
d000374,c_noah,0,med-features-v2,37126,1,364.49665509259262,2985,2507,229,192,8.1893755629711453,0.16938657407407406,1,0,34925,0,1,1,1,0,0,0,0,1,0.40000000000000002,0.33333333333333337,1,0,0.00082924854271652112,1,5488,1,0,1,0,0,1
d000364,c_maya,0,med-features-v2,0,0,0,0,0,0,0,0,3650,0,1,0,1,1,1,2,1,0,0,0,0,0.33333333333333337,0.5,1,0,0,0,0,22,0,0,0,0,0
d000364,c_noah,1,med-features-v2,0,0,0,0,0,0,0,0,3650,0,1,0,1,1,1,2,1,0,0,0,0,0.40000000000000002,0.33333333333333337,1,0,0,0,0,22,0,0,0,0,0
d002213,c_elena,0,med-features-v2,37130,1,365.01078703703706,2664,312,204,24,7.2984144431043569,0.010787037037037038,1,0,34929,0,1,1,1,0,0,0,0,1,0.45454545454545459,0.80000000000000004,1,0,0.57183871392516872,1,2976,15,0,0,0,0,0
d002214,c_morgan_shaw,0,med-features-v2,37139,1,365.04046296296298,993,993,76,76,2.7202463856746473,0.72041666666666671,1,0,34938,0,1,1,1,0,0,0,0,1,0.81818181818181812,0.81818181818181812,1,1,0.25410528940652566,1,1986,25,0,0,0,0,0
d002215,c_fac_020,0,med-features-v2,37150,1,365.07013888888889,261,261,20,20,0.7149311110307951,3.9031250000000002,1,0,34946,0,1,1,1,0,0,0,0,1,0.81818181818181812,0.81818181818181812,1,1,0.44921926699282794,1,522,27,0,0,0,0,0
d002216,c_fac_075,0,med-features-v2,37161,1,365.09981481481481,260,260,20,20,0.71213402321739516,3.7465277777777777,1,0,34957,0,1,1,1,0,0,0,0,1,0.72727272727272729,0.72727272727272729,1,0,0.40187820650152517,1,520,27,0,0,0,0,0
d002217,c_fac_008,0,med-features-v2,37172,1,365.12949074074072,261,261,20,20,0.71481489887466365,0.97770833333333329,1,0,34968,0,1,1,1,0,0,0,0,1,0.76923076923076916,0.76923076923076916,1,0,0.29090044499455042,1,522,14,0,0,0,0,0
d002218,c_fac_027,0,med-features-v2,37183,1,365.15916666666669,262,262,20,20,0.71749533879061866,0.98094907407407406,1,0,34979,0,1,1,1,0,0,0,0,1,0.75,0.75,1,0,0.34621374661430065,1,524,15,0,0,0,0,0
d000222,c_dir_111,0,med-features-v2,37186,1,365.16724537037038,0,0,0,0,0,3650,0,1,34982,0,1,1,1,0,0,0,0,0,0.75,0.75,1,0,0,0,0,15,0,0,0,0,0
d002219,c_fac_047,0,med-features-v2,37195,1,365.19152777777776,261,261,20,20,0.71469346944658796,0.98206018518518523,1,0,34991,0,1,1,1,0,0,0,0,1,0.84615384615384615,0.84615384615384615,1,1,0.30852911329436017,1,522,15,0,0,0,0,0
d000120,c_fac_048,0,med-features-v2,37196,1,365.19423611111114,261,261,20,20,0.71468816917633438,0.98236111111111113,1,0,34992,0,1,1,2,1,0,0,0,1,0.75,0.75,1,0,0.27802254759702932,1,522,19,0,0,0,0,0
d000120,c_pat,1,med-features-v2,37196,1,365.19423611111114,732,732,56,56,2.0044127963106391,0.1426388888888889,1,0,732,0,1,0,2,1,0,0,0,1,0.77777777777777779,0.33333333333333337,1,0,0.024192140195848841,1,1464,19,0,0,0,0,0
d000273,c_noah,0,med-features-v2,37199,1,365.20233796296299,2991,2512,230,192,8.1899804275166836,0.080601851851851855,1,0,34995,0,1,1,5,1,2354,0.75,0.78702774991641589,1,0.40000000000000002,0.33333333333333337,1,0,0.57490138657602841,1,5499,28,0,0,0,0,0
d000273,c_elena,1,med-features-v2,37199,1,365.20233796296299,2668,314,204,24,7.3055392111716859,0.083287037037037034,1,0,34995,0,1,1,5,1,2354,0.75,0.88230884557721134,1,0.45454545454545459,0.80000000000000004,1,0,0.72199089350751722,1,2982,28,0,0,0,0,0
d000273,c_taylor,2,med-features-v2,37199,1,365.20233796296299,2198,315,168,24,6.0185814041062091,0.094444444444444442,1,0,34995,0,1,1,5,1,1883,0.75,0.85668789808917201,1,0.46153846153846156,0.33333333333333337,1,0,0.72687388688108667,1,2513,28,0,0,0,0,0
d000273,c_chris,3,med-features-v2,37199,1,365.20233796296299,2669,786,204,60,7.3082774192718247,0.094444444444444442,1,0,34995,0,1,1,5,1,2354,0.75,0.88197826901461218,1,0.33333333333333337,0.33333333333333337,1,0,0.66311323580151282,1,3455,28,0,0,0,0,0
d000273,c_ren,4,med-features-v2,37199,1,365.20233796296299,732,732,56,56,2.0043683293019767,0.14805555555555555,1,0,732,0,1,0,5,1,0,0,0,1,0.54545454545454541,0.5,1,0,0.15871543302652244,1,1464,28,0,0,0,0,0
d002220,c_fac_067,0,med-features-v2,37208,1,365.22659722222221,261,261,20,20,0.71462484382317448,0.88490740740740736,1,0,35004,0,1,1,1,0,0,0,0,1,0.72727272727272729,0.72727272727272729,1,0,0.36695798057741835,1,522,26,0,0,0,0,0
d000183,c_fac_003,0,med-features-v2,37212,1,365.23740740740743,262,262,20,20,0.71734163775768367,0.12106481481481482,1,0,35008,0,1,1,1,0,0,0,0,1,0.75,0.75,1,0,0.07108659544455713,1,524,26,0,0,0,0,0
d002221,c_jamie_lee,0,med-features-v2,37216,1,365.2589814814815,994,994,76,76,2.7213567643658214,0.22895833333333335,1,0,35012,0,1,1,1,0,0,0,0,1,0.77777777777777779,0.77777777777777779,1,0,0.28098893109940215,1,1988,15,0,0,0,0,0
d000346,c_fac_034,0,med-features-v2,37217,1,365.25991898148146,263,263,20,20,0.72003520324203429,0.086932870370370369,1,0,35013,0,1,1,1,0,0,0,0,1,0.7142857142857143,0.7142857142857143,1,0,0.064889144610341315,1,526,21,0,0,0,0,0
d002222,c_fac_005,0,med-features-v2,37228,1,365.28865740740741,261,261,20,20,0.7145034336746624,0.22627314814814814,1,0,35021,0,1,1,1,0,0,0,0,1,0.76923076923076916,0.76923076923076916,1,0,0.34190672839440323,1,522,18,0,0,0,0,0
d002223,c_fac_045,0,med-features-v2,37239,1,365.31833333333333,261,261,20,20,0.71444539237468696,0.234375,1,0,35032,0,1,1,1,0,0,0,0,1,0.76923076923076916,0.76923076923076916,1,0,0.3861555273395289,1,522,16,0,0,0,0,0
d002224,c_fac_074,0,med-features-v2,37250,1,365.34800925925924,262,262,20,20,0.71712447682745917,1.0568055555555556,1,0,35043,0,1,1,1,0,0,0,0,1,0.75,0.75,1,0,0.28634495895475415,1,524,25,0,0,0,0,0
d002225,c_lena,0,med-features-v2,37261,1,366.00243055555558,626,312,48,24,1.7103711553220937,1.7596527777777777,1,0,35054,0,1,1,1,0,0,0,0,1,0.46153846153846156,0.80000000000000004,1,0,0.6532342653486618,1,938,15,0,0,0,0,0
d002226,c_pat,0,med-features-v2,37271,1,366.02939814814818,733,733,56,56,2.0025713882777327,0.75118055555555552,1,0,733,0,1,0,1,0,0,0,0,1,0.77777777777777779,0.33333333333333337,1,0,0.44840538155682397,1,1466,23,0,0,0,0,0
d002227,c_fac_006,0,med-features-v2,37281,1,366.05636574074072,261,261,20,20,0.7130049479452385,1.9093981481481481,1,0,35071,0,1,1,1,0,0,0,0,1,0.81818181818181812,0.81818181818181812,1,1,0.37397783970048437,1,522,18,0,0,0,0,0
d002228,c_fac_061,0,med-features-v2,37292,1,366.08333333333331,261,261,20,20,0.7129524243114046,1.8546296296296296,1,0,35082,0,1,1,1,0,0,0,0,1,0.75,0.75,1,0,0.40957912909937072,1,522,27,0,0,0,0,0
d002229,c_taylor,0,med-features-v2,37303,1,366.11027777777775,2206,316,168,24,6.0255068865862373,0.01224537037037037,1,0,35093,0,1,1,1,0,0,0,0,1,0.46153846153846156,0.33333333333333337,1,0,0.63280410299931888,1,2522,15,0,0,0,0,0
d002230,c_pat,0,med-features-v2,37313,1,366.13724537037035,735,735,56,56,2.0074439552209506,0.0094675925925925934,1,0,735,0,1,0,1,0,0,0,0,1,0.77777777777777779,0.33333333333333337,1,0,0.14990050047629921,1,1470,27,0,0,0,0,0
d002231,c_fac_015,0,med-features-v2,37324,1,366.16421296296295,263,263,20,20,0.71825697512007303,0.86981481481481482,1,0,35108,0,1,1,1,0,0,0,0,1,0.76923076923076916,0.76923076923076916,1,0,0.23133342659228687,1,526,14,0,0,0,0,0
d002232,c_fac_034,0,med-features-v2,37335,1,366.19115740740739,264,264,21,21,0.72093493974319478,0.93089120370370371,1,0,35119,0,1,1,1,0,0,0,0,1,0.7142857142857143,0.7142857142857143,1,0,0.29287168467784497,1,528,14,0,0,0,0,0
d002233,c_fac_050,0,med-features-v2,37346,1,366.21812499999999,262,262,20,20,0.71542062534452655,0.89673611111111107,1,0,35130,0,1,1,1,0,0,0,0,1,0.75,0.75,1,0,0.26064495778986929,1,524,25,0,0,0,0,0
d002234,c_noah,0,med-features-v2,37357,1,366.24509259259258,3003,2522,230,192,8.1994272707989762,0.0094675925925925934,1,0,35141,0,1,1,5,1,2365,1,0.78754578754578752,1,0.40000000000000002,0.33333333333333337,1,0,0.57538499523252618,1,5521,28,0,0,0,0,0
d002234,c_elena,1,med-features-v2,37357,1,366.24509259259258,2680,315,204,24,7.3175041910560301,0.0098148148148148144,1,0,35141,0,1,1,5,1,2365,1,0.8824626865671642,1,0.45454545454545459,0.80000000000000004,1,0,0.7226987370655743,1,2995,28,0,0,0,0,0
d002234,c_taylor,2,med-features-v2,37357,1,366.24509259259258,2209,317,168,24,6.0314801335980484,0.0098148148148148144,1,0,35141,0,1,1,5,1,1892,1,0.85649615210502494,1,0.46153846153846156,0.33333333333333337,1,0,0.72780436537495785,1,2526,28,0,0,0,0,0
d002234,c_chris,3,med-features-v2,37357,1,366.24509259259258,2680,788,204,60,7.3175041910560301,0.0098148148148148144,1,0,35141,0,1,1,5,1,2365,1,0.8824626865671642,1,0.33333333333333337,0.33333333333333337,1,0,0.66416216862069855,1,3468,28,0,0,0,0,0
d002234,c_lena,4,med-features-v2,37357,1,366.24509259259258,629,314,48,24,1.7174291552888965,0.14425925925925925,1,0,35141,0,1,1,5,1,315,1,0.50079491255961839,1,0.46153846153846156,0.80000000000000004,1,0,0.53910431858698327,1,943,28,0,0,0,0,0
d002235,c_fac_036,0,med-features-v2,37367,1,366.27203703703702,262,262,20,20,0.71531532169218492,0.200625,1,0,35151,0,1,1,1,0,0,0,0,1,0.69230769230769229,0.69230769230769229,1,0,0.41539418968418512,1,524,27,0,0,0,0,0
d002236,c_taylor,0,med-features-v2,37378,1,366.29900462962962,2210,317,168,24,6.033322428038165,0.053912037037037036,1,0,35162,0,1,1,1,0,0,0,0,1,0.46153846153846156,0.33333333333333337,1,0,0.63319696893342892,1,2527,15,0,0,0,0,0
d000052,c_alex_chen,0,med-features-v2,37380,1,366.30391203703704,1209,1103,92,84,3.3005380512500722,0.061273148148148146,1,0,35164,0,1,1,1,0,0,0,0,1,0.88888888888888884,0.88888888888888884,1,1,0.18432117648427726,1,2312,17,0,0,0,0,0
d002237,c_noah,0,med-features-v2,37389,1,366.3284259259259,3005,2523,230,192,8.2030216257572963,0.031875000000000001,1,0,35170,0,1,1,4,1,2367,1,0.78768718801996673,1,0.40000000000000002,0.33333333333333337,1,0,0.60350299575932176,1,5524,17,0,0,0,0,0
d002237,c_elena,1,med-features-v2,37389,1,366.3284259259259,2682,315,204,24,7.3212991681467781,0.031875000000000001,1,0,35170,0,1,1,4,1,2367,1,0.8825503355704698,1,0.45454545454545459,0.80000000000000004,1,0,0.74002971559398445,1,2997,17,0,0,0,0,0
d002237,c_taylor,2,med-features-v2,37389,1,366.3284259259259,2211,318,168,24,6.0355676587518747,0.029074074074074075,1,0,35170,0,1,1,4,1,1893,1,0.85617367706919945,1,0.46153846153846156,0.33333333333333337,1,0,0.7557832898362844,1,2529,17,0,0,0,0,0
d002237,c_chris,3,med-features-v2,37389,1,366.3284259259259,2682,789,204,60,7.3212991681467781,0.03152777777777778,1,0,35170,0,1,1,4,1,2367,1,0.8825503355704698,1,0.33333333333333337,0.33333333333333337,1,0,0.62509853951871874,1,3471,17,0,0,0,0,0
d002238,c_fac_078,0,med-features-v2,37400,1,366.35537037037039,262,262,20,20,0.71515261188918466,1.0016203703703703,1,0,35181,0,1,1,1,0,0,0,0,1,0.80000000000000004,0.80000000000000004,1,1,0.32728833305443705,1,524,15,0,0,0,0,0
d002239,c_marcus,0,med-features-v2,999,1,366.99796296296296,210,210,16,16,0.57221026052723067,2.7671990740740742,1,0,999,0,1,1,1,0,0,0,0,1,0.41666666666666663,0.33333333333333337,1,0,0.61734246978327278,1,420,19,0,0,0,0,0
d002240,c_noah,0,med-features-v2,1000,1,367.01499999999999,684,684,52,52,1.8636840456112149,0.72534722222222225,1,0,1000,0,1,1,3,1,210,1,0.30701754385964913,1,0.40000000000000002,0.33333333333333337,1,0,0.49345019099458426,1,1368,27,0,0,0,0,0
d002240,c_taylor,1,med-features-v2,1000,1,367.01499999999999,210,0,16,0,0.57218369821396953,1.7914814814814815,1,0,1000,0,1,1,3,1,210,1,1,1,0.46153846153846156,0.33333333333333337,1,0,0.71441723414746128,1,210,27,0,0,0,0,0
d002240,c_chris,2,med-features-v2,1000,1,367.01499999999999,210,0,16,0,0.57218369821396953,1.7914814814814815,1,0,1000,0,1,1,3,1,210,1,1,1,0.33333333333333337,0.33333333333333337,1,0,0.71441723414746128,1,210,27,0,0,0,0,0
d002241,c_fac_012,0,med-features-v2,37429,1,367.06601851851855,263,263,20,20,0.71649236576425723,1.930787037037037,1,0,35207,0,1,1,1,0,0,0,0,1,0.69230769230769229,0.69230769230769229,1,0,0.40179841136704275,1,526,16,0,0,0,0,0
d002242,c_fac_067,0,med-features-v2,37440,1,367.09506944444445,262,262,20,20,0.71371157448806499,1.868125,1,0,35218,0,1,1,1,0,0,0,0,1,0.72727272727272729,0.72727272727272729,1,0,0.38393472566101577,1,524,27,0,0,0,0,0
d002243,c_noah,0,med-features-v2,37451,1,367.12409722222225,3010,2528,230,192,8.1988625175373073,0.015486111111111112,1,0,35229,0,1,1,1,0,0,0,0,1,0.40000000000000002,0.33333333333333337,1,0,0.52144978884083359,1,5534,26,0,0,0,0,0
d002244,c_fac_020,0,med-features-v2,37462,1,367.15314814814815,264,264,20,20,0.71904599301835392,0.98124999999999996,1,0,35240,0,1,1,1,0,0,0,0,1,0.81818181818181812,0.81818181818181812,1,1,0.27742325140892687,1,528,19,0,0,0,0,0
d002245,c_fac_039,0,med-features-v2,37473,1,367.18219907407405,264,264,20,20,0.71898910313661901,0.98333333333333328,1,0,35251,0,1,1,1,0,0,0,0,1,0.76923076923076916,0.76923076923076916,1,0,0.36308993624960573,1,528,26,0,0,0,0,0
d002246,c_fac_055,0,med-features-v2,37484,1,367.21125000000001,263,263,20,20,0.71620899414165551,0.98541666666666672,1,0,35262,0,1,1,1,0,0,0,0,1,0.83333333333333337,0.83333333333333337,1,1,0.29255296400010378,1,526,14,0,0,0,0,0
d000184,c_fac_004,0,med-features-v2,37494,1,367.23766203703701,265,265,20,20,0.72160354831273799,0.11055555555555556,1,0,35272,0,1,1,1,0,0,0,0,1,0.75,0.75,1,0,0.011745127890147183,1,530,14,0,0,0,0,0
d002247,c_marcus,0,med-features-v2,1002,1,367.23298611111113,211,211,16,16,0.57456712218155481,0.23467592592592593,1,0,1002,0,1,1,1,0,0,0,0,1,0.41666666666666663,0.33333333333333337,1,0,0.47337902351094074,1,422,26,0,0,0,0,0
d002248,c_morgan_zhao,0,med-features-v2,37503,1,367.27199074074076,1001,895,76,68,2.7255005152478704,0.22412037037037036,1,0,35281,0,1,1,1,0,0,0,0,1,0.81818181818181812,0.81818181818181812,1,1,0.21304842540286537,1,1896,18,0,0,0,0,0
d002249,c_noah,0,med-features-v2,37514,1,367.30104166666666,3013,2531,230,192,8.2030804658984877,0.065671296296296297,1,0,35289,0,1,1,1,0,0,0,0,1,0.40000000000000002,0.33333333333333337,1,0,0.52145645751625691,1,5540,26,0,0,0,0,0
d002250,c_fac_067,0,med-features-v2,37525,1,367.33009259259262,263,263,20,20,0.71597727848476178,0.23467592592592593,1,0,35300,0,1,1,1,0,0,0,0,1,0.72727272727272729,0.72727272727272729,1,0,0.44724066299024656,1,526,16,0,0,0,0,0
d002251,c_fac_080,0,med-features-v2,37536,1,367.35914351851852,263,263,20,20,0.71592065868027643,0.99851851851851847,1,0,35311,0,1,1,1,0,0,0,0,1,0.75,0.75,1,0,0.27917196177201481,1,526,14,0,0,0,0,0
d002252,c_jamie_lee,0,med-features-v2,37547,1,368.01224537037035,1004,1004,76,76,2.7281700884424831,0.74254629629629632,1,0,35322,0,1,1,1,0,0,0,0,1,0.77777777777777779,0.77777777777777779,1,0,0.36748931937630674,1,2008,17,0,0,0,0,0
d002253,c_maya,0,med-features-v2,1107,1,368.03407407407406,1107,1213,84,92,3.0078736670920168,0.03152777777777778,1,0,1107,0,1,1,1,0,0,0,0,1,0.33333333333333337,0.5,1,0,0.46988497123993422,1,2320,15,0,0,0,0,0
d002254,c_fac_018,0,med-features-v2,37566,1,368.06615740740739,264,264,20,20,0.71726235810314398,1.8991435185185186,1,0,35338,0,1,1,1,0,0,0,0,1,0.66666666666666674,0.66666666666666674,1,0,0.3558402860211744,1,528,18,0,0,0,0,0
d002255,c_fac_073,0,med-features-v2,37577,1,368.09312499999999,263,263,20,20,0.71449310551507861,1.7447453703703704,1,0,35349,0,1,1,1,0,0,0,0,1,0.72727272727272729,0.72727272727272729,1,0,0.39517555053871462,1,526,18,0,0,0,0,0
d002256,c_morgan_shaw,0,med-features-v2,37588,1,368.12009259259258,1005,1005,76,76,2.730087328083604,0.1025925925925926,1,0,35360,0,1,1,1,0,0,0,0,1,0.81818181818181812,0.81818181818181812,1,1,0.3761415408272667,1,2010,24,0,0,0,0,0
d002257,c_fac_005,0,med-features-v2,37597,1,368.1446064814815,264,264,20,20,0.71710951444641036,1.0148611111111112,1,0,35366,0,1,1,1,0,0,0,0,1,0.76923076923076916,0.76923076923076916,1,0,0.32110973706037793,1,528,15,0,0,0,0,0
d000121,c_fac_016,0,med-features-v2,37604,1,368.16175925925927,265,265,20,20,0.71979230144157147,1.0135416666666666,1,0,35373,0,1,1,2,1,0,0,0,1,0.66666666666666674,0.66666666666666674,1,0,0.29270240882047849,1,530,19,0,0,0,0,0
d000121,c_ren,1,med-features-v2,37604,1,368.16175925925927,741,741,56,56,2.0127022466724696,0.026620370370370371,1,0,741,0,1,0,2,1,0,0,0,1,0.54545454545454541,0.5,1,0,0.024997612150572512,1,1482,19,0,0,0,0,0
d002258,c_fac_025,0,med-features-v2,37609,1,368.17400462962962,265,265,20,20,0.71976836133930988,1.0125694444444444,1,0,35378,0,1,1,1,0,0,0,0,1,0.75,0.75,1,0,0.38060946761954101,1,530,26,0,0,0,0,0
d002259,c_fac_042,0,med-features-v2,37620,1,368.20097222222222,264,264,20,20,0.71699973633058944,0.88372685185185185,1,0,35389,0,1,1,1,0,0,0,0,1,0.66666666666666674,0.66666666666666674,1,0,0.27161339669854739,1,528,25,0,0,0,0,0
d002260,c_fac_060,0,med-features-v2,37631,1,368.22793981481482,264,264,20,20,0.7169472260382197,1.0084027777777778,1,0,35400,0,1,1,1,0,0,0,0,1,0.69230769230769229,0.69230769230769229,1,0,0.31805075884136613,1,528,15,0,0,0,0,0
d000274,c_noah,0,med-features-v2,37637,1,368.24509259259258,3025,2541,229,192,8.2146376444633411,0.0094675925925925934,1,0,35406,0,1,1,6,1,2382,0.80000000000000004,0.78743801652892564,1,0.40000000000000002,0.33333333333333337,1,0,0.57552837828829118,1,5562,28,0,0,0,0,0
d000274,c_elena,1,med-features-v2,37637,1,368.24509259259258,2700,318,204,24,7.3320732694383546,0.0098148148148148144,1,0,35406,0,1,1,6,1,2382,0.80000000000000004,0.88222222222222224,1,0.45454545454545459,0.80000000000000004,1,0,0.72201305184917508,1,3018,28,0,0,0,0,0
d000274,c_taylor,2,med-features-v2,37637,1,368.24509259259258,2224,318,168,24,6.0394559078632968,0.0098148148148148144,1,0,35406,0,1,1,6,1,1906,0.80000000000000004,0.85701438848920863,1,0.46153846153846156,0.33333333333333337,1,0,0.72746811688311819,1,2542,28,0,0,0,0,0
d000274,c_chris,3,med-features-v2,37637,1,368.24509259259258,2700,794,204,60,7.3320732694383546,0.0098148148148148144,1,0,35406,0,1,1,6,1,2382,0.80000000000000004,0.88222222222222224,1,0.33333333333333337,0.33333333333333337,1,0,0.66393678593603345,1,3494,28,0,0,0,0,0
d000274,c_lena,4,med-features-v2,37637,1,368.24509259259258,634,317,48,24,1.7216794269718212,0.139375,1,0,35406,0,1,1,6,1,317,0.80000000000000004,0.5,1,0.46153846153846156,0.80000000000000004,1,0,0.53937043901015913,1,951,28,0,0,0,0,0
d000274,c_alex_chan,5,med-features-v2,37637,1,368.24509259259258,1006,1006,76,76,2.7318761885388834,0.13692129629629629,1,0,35406,0,1,1,6,1,0,0,0,1,0.88888888888888884,0.88888888888888884,1,1,0.20844722489194342,1,2012,28,0,0,0,0,0
d002261,c_morgan_zhao,0,med-features-v2,37641,1,368.25733796296294,1005,899,76,68,2.7290698552246546,0.12956018518518519,1,0,35410,0,1,1,1,0,0,0,0,1,0.81818181818181812,0.81818181818181812,1,1,0.31984245913626524,1,1904,26,0,0,0,0,0
d002262,c_fac_053,0,med-features-v2,37652,1,368.28430555555553,264,264,20,20,0.71683749760054793,0.200625,1,0,35421,0,1,1,1,0,0,0,0,1,0.75,0.75,1,0,0.41939885204369248,1,528,27,0,0,0,0,0
d002263,c_jamie_lee,0,med-features-v2,37662,1,368.31127314814813,1006,1006,76,76,2.7313853073276699,0.19574074074074074,1,0,35431,0,1,1,1,0,0,0,0,1,0.77777777777777779,0.77777777777777779,1,0,0.37852399003293913,1,2012,24,0,0,0,0,0
d002264,c_fac_065,0,med-features-v2,37673,1,368.33821759259257,264,264,20,20,0.7167325772640899,1.1107638888888889,1,0,35439,0,1,1,1,0,0,0,0,1,0.80000000000000004,0.80000000000000004,1,1,0.40178864697590438,1,528,26,0,0,0,0,0
d002265,c_fac_082,0,med-features-v2,37684,1,368.36518518518517,264,264,20,20,0.71668010609439514,1.0268287037037036,1,0,35450,0,1,1,1,0,0,0,0,1,0.69230769230769229,0.69230769230769229,1,0,0.26392629610661078,1,528,15,0,0,0,0,0
d002266,c_morgan_shaw,0,med-features-v2,37695,1,371.01680555555555,1007,1007,76,76,2.7141627681585252,2.7003009259259261,1,0,35461,0,1,1,1,0,0,0,0,1,0.81818181818181812,0.81818181818181812,1,1,0.35953673389719509,1,2014,17,0,0,0,0,0
d002267,c_marcus,0,med-features-v2,1009,1,371.0333101851852,212,212,16,16,0.57137727039706865,3.7999768518518517,1,0,1009,0,1,1,1,0,0,0,0,1,0.41666666666666663,0.33333333333333337,1,0,0.47605271987038239,1,424,26,0,0,0,0,0
d002268,c_fac_024,0,med-features-v2,37715,1,371.06969907407409,266,266,20,20,0.7168464594757985,3.9109027777777778,1,0,35478,0,1,1,1,0,0,0,0,1,0.75,0.75,1,0,0.36293700504684856,1,532,18,0,0,0,0,0
d002269,c_fac_079,0,med-features-v2,37726,1,371.09613425925926,265,265,20,20,0.71410067509585751,3.7392824074074076,1,0,35489,0,1,1,1,0,0,0,0,1,0.83333333333333337,0.83333333333333337,1,1,0.42696911064325999,1,530,27,0,0,0,0,0
d002270,c_chris,0,med-features-v2,37737,1,371.12259259259258,2710,798,204,60,7.3021692941635541,0.0092824074074074076,1,0,35500,0,1,1,1,0,0,0,0,1,0.33333333333333337,0.33333333333333337,1,0,0.35229547664732808,1,3508,26,0,0,0,0,0
d002271,c_fac_007,0,med-features-v2,37747,1,371.1490277777778,265,265,20,20,0.71399890654884435,2.9991898148148146,1,0,35507,0,1,1,1,0,0,0,0,1,0.84615384615384615,0.84615384615384615,1,1,0.2780956565226147,1,530,26,0,0,0,0,0
d002272,c_fac_026,0,med-features-v2,37758,1,371.17546296296297,266,266,20,20,0.71664219901988058,2.9986574074074075,1,0,35518,0,1,1,1,0,0,0,0,1,0.76923076923076916,0.76923076923076916,1,0,0.40070085697740288,1,532,26,0,0,0,0,0
d002273,c_fac_043,0,med-features-v2,37769,1,371.20192129629629,265,265,20,20,0.71389716700435646,2.9221759259259259,1,0,35529,0,1,1,1,0,0,0,0,1,0.75,0.75,1,0,0.33402046024206777,1,530,25,0,0,0,0,0
d002274,c_fac_061,0,med-features-v2,37780,1,371.22835648148146,265,265,20,20,0.71384633036032474,2.997638888888889,1,0,35540,0,1,1,1,0,0,0,0,1,0.75,0.75,1,0,0.31206281857245405,1,530,15,0,0,0,0,0
d002275,c_sam,0,med-features-v2,37790,1,371.25479166666668,266,266,20,20,0.7164890688840716,0.19675925925925927,1,0,35550,0,1,1,1,0,0,0,0,1,0.45454545454545459,0.33333333333333337,1,0,0.40264164083022802,1,532,27,0,0,0,0,0
d002276,c_fac_054,0,med-features-v2,37801,1,371.28125,266,266,20,20,0.71643801026849596,0.19678240740740741,1,0,35561,0,1,1,1,0,0,0,0,1,0.80000000000000004,0.80000000000000004,1,1,0.41511122880433249,1,532,27,0,0,0,0,0
d002277,c_chris,0,med-features-v2,37812,1,371.30768518518516,2715,800,204,60,7.3119951682280071,0.0092824074074074076,1,0,35572,0,1,1,1,0,0,0,0,1,0.33333333333333337,0.33333333333333337,1,0,0.37237214980199779,1,3515,19,0,0,0,0,0
d002278,c_fac_089,0,med-features-v2,37822,1,371.33412037037039,266,266,20,20,0.71633600417513577,0.23282407407407407,1,0,35579,0,1,1,1,0,0,0,0,1,0.80000000000000004,0.80000000000000004,1,1,0.38917821072623626,1,532,16,0,0,0,0,0
d002279,c_fac_081,0,med-features-v2,37833,1,371.36055555555555,265,265,20,20,0.71359221122329453,2.997476851851852,1,0,35590,0,1,1,1,0,0,0,0,1,0.66666666666666674,0.66666666666666674,1,0,0.32849804382471809,1,530,15,0,0,0,0,0
d002280,c_noah,0,med-features-v2,37842,1,372.01347222222222,3044,2556,229,192,8.1824993643823376,0.013125,1,0,35599,0,1,1,1,0,0,0,0,1,0.40000000000000002,0.33333333333333337,1,0,0.52164682234046555,1,5596,26,0,0,0,0,0
d002281,c_jamie_li,0,med-features-v2,37851,1,372.04314814814813,1011,905,76,68,2.7174267421192186,0.010439814814814815,1,0,35608,0,1,1,1,0,0,0,0,1,0.77777777777777779,0.77777777777777779,1,0,0.31657751478670576,1,1916,15,0,0,0,0,0
d002282,c_fac_025,0,med-features-v2,37862,1,372.07282407407405,266,266,20,20,0.71491380931127457,3.8984722222222223,1,0,35616,0,1,1,1,0,0,0,0,1,0.75,0.75,1,0,0.35610522476333756,1,532,18,0,0,0,0,0
d002283,c_fac_080,0,med-features-v2,37873,1,372.10250000000002,265,265,20,20,0.71216936193656311,3.7418749999999998,1,0,35627,0,1,1,1,0,0,0,0,1,0.75,0.75,1,0,0.40810324624966821,1,530,16,0,0,0,0,0
d002284,c_fac_009,0,med-features-v2,37884,1,372.13217592592594,268,268,20,20,0.72017422125128527,0.87222222222222223,1,0,35638,0,1,1,1,0,0,0,0,1,0.69230769230769229,0.69230769230769229,1,0,0.2444731577763479,1,536,25,0,0,0,0,0
d002285,c_fac_028,0,med-features-v2,37895,1,372.16185185185185,267,267,20,20,0.7174297920956334,0.98122685185185188,1,0,35649,0,1,1,1,0,0,0,0,1,0.75,0.75,1,0,0.27445688182129468,1,534,19,0,0,0,0,0
d002286,c_fac_047,0,med-features-v2,37906,1,372.19152777777776,266,266,20,20,0.71468580058280928,0.98206018518518523,1,0,35660,0,1,1,1,0,0,0,0,1,0.84615384615384615,0.84615384615384615,1,1,0.31131211376843848,1,532,15,0,0,0,0,0
d002287,c_fac_063,0,med-features-v2,37917,1,372.22120370370368,266,266,20,20,0.7146288211236399,0.88432870370370376,1,0,35671,0,1,1,1,0,0,0,0,1,0.75,0.75,1,0,0.29677673748605587,1,532,14,0,0,0,0,0
d002288,c_marcus,0,med-features-v2,37924,1,372.25087962962965,693,213,52,16,1.8616477164258123,0.23166666666666666,1,0,35678,0,1,1,1,0,0,0,0,1,0.41666666666666663,0.33333333333333337,1,0,0.62712890467101667,1,906,19,0,0,0,0,0
d002289,c_morgan_zhao,0,med-features-v2,37935,1,372.28055555555557,1013,907,76,68,2.7210661015810955,0.010439814814814815,1,0,35687,0,1,1,1,0,0,0,0,1,0.81818181818181812,0.81818181818181812,1,1,0.31421016932428147,1,1920,15,0,0,0,0,0
d002290,c_fac_035,0,med-features-v2,37946,1,372.31023148148148,266,266,20,20,0.7144579372464297,0.23166666666666666,1,0,35697,0,1,1,1,0,0,0,0,1,0.66666666666666674,0.66666666666666674,1,0,0.31532674932653948,1,532,18,0,0,0,0,0
d002291,c_fac_085,0,med-features-v2,37957,1,372.3399074074074,266,266,20,20,0.71440099411355273,0.23435185185185184,1,0,35708,0,1,1,1,0,0,0,0,1,0.75,0.75,1,0,0.36285429473936548,1,532,18,0,0,0,0,0
d002292,c_fac_088,0,med-features-v2,37968,1,372.36958333333331,266,266,20,20,0.71434406005682083,0.99664351851851851,1,0,35719,0,1,1,1,0,0,0,0,1,0.63636363636363635,0.63636363636363635,1,0,0.29620840702732543,1,532,19,0,0,0,0,0
d002293,c_elena,0,med-features-v2,3471,1,373.02168981481481,694,694,52,52,1.8604816260001762,0.77620370370370373,1,0,3471,0,1,1,3,1,480,1,0.69164265129683,1,0.45454545454545459,0.80000000000000004,1,0,0.55987609584455333,1,1388,28,0,0,0,0,0
d002293,c_taylor,1,med-features-v2,3471,1,373.02168981481481,692,212,52,16,1.8551200074814436,1.7119444444444445,1,0,3471,0,1,1,3,1,480,1,0.69364161849710981,1,0.46153846153846156,0.33333333333333337,1,0,0.66616369582609991,1,904,28,0,0,0,0,0
d002293,c_lena,2,med-features-v2,3471,1,373.02168981481481,480,0,36,0,1.2867884444957991,1.7119444444444445,1,0,3471,0,1,1,3,1,480,1,1,1,0.46153846153846156,0.80000000000000004,1,0,0.72108540771052598,1,480,28,0,0,0,0,0
d002294,c_morgan_shaw,0,med-features-v2,37989,1,373.04900462962962,1015,1015,76,76,2.720822163854081,0.029050925925925924,1,0,35737,0,1,1,2,1,106,1,0.10443349753694581,1,0.81818181818181812,0.81818181818181812,1,1,0.25400566111890582,1,2030,20,0,0,0,0,0
d002294,c_morgan_zhao,1,med-features-v2,37989,1,373.04900462962962,1015,909,76,68,2.720822163854081,0.024166666666666666,1,0,35737,0,1,1,2,1,106,1,0.10443349753694581,1,0.81818181818181812,0.81818181818181812,1,1,0.22973513944624208,1,1924,20,0,0,0,0,0
d002295,c_fac_046,0,med-features-v2,37999,1,373.07597222222222,266,266,20,20,0.71299150791077337,1.8689120370370371,1,0,35747,0,1,1,1,0,0,0,0,1,0.81818181818181812,0.81818181818181812,1,1,0.3828890321797801,1,532,16,0,0,0,0,0
d002296,c_alex_chan,0,med-features-v2,38010,1,373.10293981481482,1016,1016,76,76,2.7231090714650477,0.060925925925925925,1,0,35758,0,1,1,1,0,0,0,0,1,0.88888888888888884,0.88888888888888884,1,1,0.33423209707822815,1,2032,17,0,0,0,0,0
d000122,c_chris,0,med-features-v2,38012,1,373.10782407407407,2728,802,204,60,7.311559350892634,0.0097916666666666673,1,0,35760,0,1,1,5,1,2407,0.75,0.88233137829912023,1,0.33333333333333337,0.33333333333333337,1,0,0.46103669936186475,1,3530,21,0,0,0,0,0
d000122,c_noah,1,med-features-v2,38012,1,373.10782407407407,3057,2568,229,192,8.1933419852194938,0.0094444444444444445,1,0,35760,0,1,1,5,1,2407,0.75,0.78737324174026824,1,0.40000000000000002,0.33333333333333337,1,0,0.19788846711255101,1,5621,21,0,0,0,0,0
d000122,c_elena,2,med-features-v2,38012,1,373.10782407407407,2728,321,204,24,7.311559350892634,0.0097916666666666673,1,0,35760,0,1,1,5,1,2407,0.75,0.88233137829912023,1,0.45454545454545459,0.80000000000000004,1,0,0.30368728833634651,1,3049,21,0,0,0,0,0
d000122,c_marcus,3,med-features-v2,38012,1,373.10782407407407,695,214,52,16,1.86273231263577,0.098032407407407401,1,0,35760,0,1,1,5,1,481,0.75,0.69208633093525185,1,0.41666666666666663,0.33333333333333337,1,0,0.67727233143488264,1,909,21,0,0,0,0,0
d000122,c_lee,4,med-features-v2,38012,1,373.10782407407407,748,748,56,56,2.0047824026641092,0.080532407407407414,1,0,748,0,1,0,5,1,0,0,0,1,0.5,0.5,1,0,0.023639436261611971,1,1496,21,0,0,0,0,0
d002297,c_sam,0,med-features-v2,38021,1,373.13233796296294,268,268,20,20,0.71824383129880753,1.0213888888888889,1,0,35766,0,1,1,1,0,0,0,0,1,0.45454545454545459,0.33333333333333337,1,0,0.28830166278752256,1,536,19,0,0,0,0,0
d002298,c_fac_013,0,med-features-v2,38032,1,373.15930555555553,268,268,20,20,0.71819192503052953,1.0213888888888889,1,0,35774,0,1,1,1,0,0,0,0,1,0.76923076923076916,0.76923076923076916,1,0,0.37694739369765978,1,536,26,0,0,0,0,0
d002299,c_fac_030,0,med-features-v2,38043,1,373.18627314814813,268,268,20,20,0.71814002626406603,0.87837962962962968,1,0,35785,0,1,1,1,0,0,0,0,1,0.81818181818181812,0.81818181818181812,1,1,0.2486164095003135,1,536,14,0,0,0,0,0
d002300,c_fac_048,0,med-features-v2,38054,1,373.21321759259257,267,267,20,20,0.71540874603070148,1.0186342592592592,1,0,35796,0,1,1,1,0,0,0,0,1,0.75,0.75,1,0,0.37566305377635423,1,534,26,0,0,0,0,0
d000185,c_fac_005,0,med-features-v2,38065,1,373.24018518518517,268,268,20,20,0.718036295762286,0.090347222222222218,1,0,35807,0,1,1,1,0,0,0,0,1,0.76923076923076916,0.76923076923076916,1,0,0.072951020708463959,1,536,26,0,0,0,0,0
d002301,c_alex_chan,0,med-features-v2,38066,1,373.24263888888891,1017,1017,76,76,2.7247690752254918,0.13935185185185187,1,0,35808,0,1,1,2,1,107,1,0.10521140609636184,1,0.88888888888888884,0.88888888888888884,1,1,0.26249074959717922,1,2034,20,0,0,0,0,0
d002301,c_alex_chen,1,med-features-v2,38066,1,373.24263888888891,1231,1124,92,84,3.2981226466102069,0.13692129629629629,1,0,35808,0,1,1,2,1,107,1,0.08692120227457352,1,0.88888888888888884,0.88888888888888884,1,1,0.21212116580601018,1,2355,20,0,0,0,0,0
d002302,c_fac_031,0,med-features-v2,38076,1,373.2696064814815,268,268,20,20,0.71797969978382348,0.20064814814814816,1,0,35818,0,1,1,1,0,0,0,0,1,0.84615384615384615,0.84615384615384615,1,1,0.45546001828583421,1,536,16,0,0,0,0,0
d002303,c_chris,0,med-features-v2,38087,1,373.29655092592594,2732,803,204,60,7.3185782006920199,0.051458333333333335,1,0,35829,0,1,1,4,1,2411,1,0.88250366032210836,1,0.33333333333333337,0.33333333333333337,1,0,0.4612761830814559,1,3535,21,0,0,0,0,0
d002303,c_noah,1,med-features-v2,38087,1,373.29655092592594,3061,2571,229,192,8.199915033791461,0.051111111111111114,1,0,35829,0,1,1,4,1,2411,1,0.78765109441359038,1,0.40000000000000002,0.33333333333333337,1,0,0.19805458726948569,1,5628,21,0,0,0,0,0
d002303,c_elena,2,med-features-v2,38087,1,373.29655092592594,2732,321,204,24,7.3185782006920199,0.051458333333333335,1,0,35829,0,1,1,4,1,2411,1,0.88250366032210836,1,0.45454545454545459,0.80000000000000004,1,0,0.3039926785393321,1,3053,21,0,0,0,0,0
d002303,c_marcus,3,med-features-v2,38087,1,373.29655092592594,696,214,52,16,1.8644694098395482,0.18872685185185184,1,0,35829,0,1,1,4,1,482,1,0.69252873563218387,1,0.41666666666666663,0.33333333333333337,1,0,0.67824960718025762,1,910,21,0,0,0,0,0
d002304,c_pat,0,med-features-v2,38097,1,373.32351851851854,750,750,56,56,2.0089813869114614,0.18592592592592594,1,0,750,0,1,0,1,0,0,0,0,1,0.77777777777777779,0.33333333333333337,1,0,0.5312843498238462,1,1500,14,0,0,0,0,0
d002305,c_fac_074,0,med-features-v2,38108,1,373.35048611111114,268,268,20,20,0.71782416246872582,1.0021296296296296,1,0,35847,0,1,1,1,0,0,0,0,1,0.75,0.75,1,0,0.29535905892826941,1,536,14,0,0,0,0,0
d000275,c_noah,0,med-features-v2,38118,1,374,3063,2572,229,192,8.189839572192513,0.67122685185185182,1,0,35857,0,1,1,5,1,2413,0.75,0.78778974861247142,1,0.40000000000000002,0.33333333333333337,1,0,0.60278201046160895,1,5631,17,0,0,0,0,0
d000275,c_elena,1,med-features-v2,38118,1,374,2734,321,204,24,7.310160427807487,0.6715740740740741,1,0,35857,0,1,1,5,1,2413,0.75,0.88258961228968547,1,0.45454545454545459,0.80000000000000004,1,0,0.73912815723302439,1,3055,17,0,0,0,0,0
d000275,c_taylor,2,med-features-v2,38118,1,374,2254,324,168,24,6.0267379679144382,0.6715740740740741,1,0,35857,0,1,1,5,1,1930,0.75,0.8562555456965395,1,0.46153846153846156,0.33333333333333337,1,0,0.75560590308908804,1,2578,17,0,0,0,0,0
d000275,c_chris,3,med-features-v2,38118,1,374,2734,804,204,60,7.310160427807487,0.6715740740740741,1,0,35857,0,1,1,5,1,2413,0.75,0.88258961228968547,1,0.33333333333333337,0.33333333333333337,1,0,0.62461927152835639,1,3538,17,0,0,0,0,0
d000275,c_pat,4,med-features-v2,38118,1,374,751,751,56,56,2.0080213903743314,0.6761342592592593,1,0,751,0,1,0,5,1,0,0,0,1,0.77777777777777779,0.33333333333333337,1,0,0.018921508749949911,1,1502,17,0,0,0,0,0
d002306,c_avery,0,med-features-v2,1233,1,374.00254629629632,214,214,16,16,0.57218861774930974,1.7648379629629629,1,0,1233,0,1,1,2,1,214,1,1,1,0.5,0.30000000000000004,1,0,0.46288320305342318,1,428,18,0,0,0,0,0
d002306,c_devon,1,med-features-v2,1233,1,374.00254629629632,214,0,16,0,0.57218861774930974,1.7651851851851852,1,0,1233,0,1,1,2,1,214,1,1,1,0.45454545454545459,0.40000000000000002,1,0,0.61032293322528053,1,214,18,0,0,0,0,0
d000223,c_dir_112,0,med-features-v2,38122,1,374.01583333333332,0,0,0,0,0,3650,0,1,35861,0,1,1,1,0,0,0,0,0,0.63636363636363635,0.63636363636363635,1,0,0,0,0,15,0,0,0,0,0
d002307,c_noah,0,med-features-v2,1019,1,374.01499999999999,697,697,52,52,1.8635616218600859,0.72534722222222225,1,0,1019,0,1,1,3,1,214,1,0.30703012912482064,1,0.40000000000000002,0.33333333333333337,1,0,0.49573869122914077,1,1394,27,0,0,0,0,0
d002307,c_taylor,1,med-features-v2,1019,1,374.01499999999999,214,0,16,0,0.57216956539176234,1.7914814814814815,1,0,1019,0,1,1,3,1,214,1,1,1,0.46153846153846156,0.33333333333333337,1,0,0.71761100812403711,1,214,27,0,0,0,0,0
d002307,c_chris,2,med-features-v2,1019,1,374.01499999999999,214,0,16,0,0.57216956539176234,1.7914814814814815,1,0,1019,0,1,1,3,1,214,1,1,1,0.33333333333333337,0.33333333333333337,1,0,0.71761100812403711,1,214,27,0,0,0,0,0
d002308,c_fac_012,0,med-features-v2,38139,1,374.06601851851855,268,268,20,20,0.71645107208991876,1.930787037037037,1,0,35875,0,1,1,1,0,0,0,0,1,0.69230769230769229,0.69230769230769229,1,0,0.34089160885933267,1,536,18,0,0,0,0,0
d002309,c_fac_067,0,med-features-v2,38150,1,374.09506944444445,267,267,20,20,0.71372231768922378,1.868125,1,0,35886,0,1,1,1,0,0,0,0,1,0.72727272727272729,0.72727272727272729,1,0,0.44866033676092881,1,534,16,0,0,0,0,0
d002310,c_noah,0,med-features-v2,38161,1,374.12409722222225,3067,2576,229,192,8.1978146362977071,0.015486111111111112,1,0,35897,0,1,1,1,0,0,0,0,1,0.40000000000000002,0.33333333333333337,1,0,0.5210929094918777,1,5639,26,0,0,0,0,0
d002311,c_fac_020,0,med-features-v2,38172,1,374.15314814814815,269,269,20,20,0.71895693336111621,0.98124999999999996,1,0,35908,0,1,1,1,0,0,0,0,1,0.81818181818181812,0.81818181818181812,1,1,0.28046852030360464,1,538,19,0,0,0,0,0
d002312,c_fac_039,0,med-features-v2,38183,1,374.18219907407405,269,269,20,20,0.71890111465924678,0.98333333333333328,1,0,35919,0,1,1,1,0,0,0,0,1,0.76923076923076916,0.76923076923076916,1,0,0.36651016140915249,1,538,26,0,0,0,0,0
d002313,c_fac_055,0,med-features-v2,38194,1,374.21125000000001,268,268,20,20,0.71617301724627469,0.98541666666666672,1,0,35930,0,1,1,1,0,0,0,0,1,0.83333333333333337,0.83333333333333337,1,1,0.28585252078167034,1,536,19,0,0,0,0,0
d002314,c_avery,0,med-features-v2,1236,1,374.23756944444443,215,215,16,16,0.57450137974967996,0.23467592592592593,1,0,1236,0,1,1,2,1,215,1,1,1,0.5,0.30000000000000004,1,0,0.46587613430487651,1,430,18,0,0,0,0,0
d002314,c_devon,1,med-features-v2,1236,1,374.23756944444443,215,0,16,0,0.57450137974967996,0.23502314814814815,1,0,1236,0,1,1,2,1,215,1,1,1,0.45454545454545459,0.40000000000000002,1,0,0.61470900426438535,1,215,18,0,0,0,0,0
d002315,c_jamie_lee,0,med-features-v2,38212,1,374.26935185185187,1022,1022,76,76,2.7306537255675192,0.010208333333333333,1,0,35948,0,1,1,1,0,0,0,0,1,0.77777777777777779,0.77777777777777779,1,0,0.30607005742805021,1,2044,15,0,0,0,0,0
d002316,c_chris,0,med-features-v2,38223,1,374.29840277777777,2741,806,204,60,7.3230341878518272,0.063379629629629633,1,0,35956,0,1,1,1,0,0,0,0,1,0.33333333333333337,0.33333333333333337,1,0,0.34893416826721008,1,3547,14,0,0,0,0,0
d002317,c_fac_062,0,med-features-v2,38234,1,374.32745370370372,268,268,20,20,0.71595069329895722,0.23469907407407409,1,0,35967,0,1,1,1,0,0,0,0,1,0.75,0.75,1,0,0.38821966705361199,1,536,18,0,0,0,0,0
d000347,c_fac_035,0,med-features-v2,38241,1,374.34371527777779,269,269,20,20,0.71859093400403795,0.16644675925925925,1,0,35974,0,1,1,1,0,0,0,0,1,0.66666666666666674,0.66666666666666674,1,0,0.26988684948406477,1,538,15,0,0,0,0,0
d002318,c_fac_079,0,med-features-v2,38246,1,374.35650462962963,269,269,20,20,0.71856638437773557,0.99833333333333329,1,0,35979,0,1,1,1,0,0,0,0,1,0.83333333333333337,0.83333333333333337,1,1,0.33974326776716746,1,538,15,0,0,0,0,0
d002319,c_chris,0,med-features-v2,38257,1,375.00979166666667,2744,807,204,60,7.3171422746183845,0.0097916666666666673,1,0,35990,0,1,1,4,1,2420,1,0.88192419825072887,1,0.33333333333333337,0.33333333333333337,1,0,0.43755134365270854,1,3551,28,0,0,0,0,0
d002319,c_noah,1,med-features-v2,38257,1,375.00979166666667,3073,2582,229,192,8.1944527004017118,0.0094444444444444445,1,0,35990,0,1,1,4,1,2420,1,0.78750406768629999,1,0.40000000000000002,0.33333333333333337,1,0,0.20565726140857921,1,5651,28,0,0,0,0,0
d002319,c_elena,2,med-features-v2,38257,1,375.00979166666667,2744,324,204,24,7.3171422746183845,0.0097916666666666673,1,0,35990,0,1,1,4,1,2420,1,0.88192419825072887,1,0.45454545454545459,0.80000000000000004,1,0,0.32151263271544106,1,3068,28,0,0,0,0,0
d002319,c_marcus,3,med-features-v2,38257,1,375.00979166666667,697,214,52,16,1.8586181360820022,1.7132407407407408,1,0,35990,0,1,1,4,1,483,1,0.69296987087517936,1,0.41666666666666663,0.33333333333333337,1,0,0.62210730311558204,1,911,28,0,0,0,0,0
d002320,c_priya,0,med-features-v2,38267,1,375.03675925925927,538,538,40,40,1.4345260476935964,0.79874999999999996,1,0,35997,0,1,1,1,0,0,0,0,1,0.45454545454545459,0.40000000000000002,1,0,0.45023552463657501,1,1076,24,0,0,0,0,0
d002321,c_fac_013,0,med-features-v2,38276,1,375.06370370370371,269,269,20,20,0.71721149592365541,1.904050925925926,1,0,36006,0,1,1,1,0,0,0,0,1,0.76923076923076916,0.76923076923076916,1,0,0.4283379451643356,1,538,27,0,0,0,0,0
d002322,c_fac_068,0,med-features-v2,38287,1,375.09067129629631,268,268,20,20,0.71449390909617716,1.7496527777777777,1,0,36017,0,1,1,1,0,0,0,0,1,0.80000000000000004,0.80000000000000004,1,1,0.35381749019934478,1,536,16,0,0,0,0,0
d000053,c_jamie_li,0,med-features-v2,38297,1,375.11518518518517,1023,915,76,68,2.727162323473975,0.063379629629629633,1,0,36027,0,1,1,1,0,0,0,0,1,0.77777777777777779,0.77777777777777779,1,0,0.2148967102945,1,1938,17,0,0,0,0,0
d000054,c_morgan_zhao,0,med-features-v2,38299,1,375.12009259259258,1023,915,76,68,2.7271266461086414,0.063379629629629633,1,0,36029,0,1,1,1,0,0,0,0,1,0.81818181818181812,0.81818181818181812,1,1,0.20902418097831812,1,1938,17,0,0,0,0,0
d002323,c_elena,0,med-features-v2,3501,1,375.12219907407405,700,700,52,52,1.8660585849833256,0.1025925925925926,1,0,3501,0,1,1,3,1,484,1,0.69142857142857139,1,0.45454545454545459,0.80000000000000004,1,0,0.56155381479660438,1,1400,28,0,0,0,0,0
d002323,c_taylor,1,med-features-v2,3501,1,375.12219907407405,699,215,52,16,1.863392787004778,0.068287037037037035,1,0,3501,0,1,1,3,1,484,1,0.6924177396280401,1,0.46153846153846156,0.33333333333333337,1,0,0.66898379136434483,1,914,28,0,0,0,0,0
d002323,c_lena,2,med-features-v2,3501,1,375.12219907407405,484,0,36,0,1.2902462216170423,0.10293981481481482,1,0,3501,0,1,1,3,1,484,1,1,1,0.46153846153846156,0.80000000000000004,1,0,0.7225031612029863,1,484,28,0,0,0,0,0
d002324,c_fac_007,0,med-features-v2,38310,1,375.14949074074076,269,269,20,20,0.71704748810628449,0.86129629629629634,1,0,36037,0,1,1,1,0,0,0,0,1,0.84615384615384615,0.84615384615384615,1,1,0.23890731418982389,1,538,14,0,0,0,0,0
d002325,c_fac_026,0,med-features-v2,38321,1,375.17645833333336,270,270,20,20,0.71966135934923947,1.0123842592592593,1,0,36048,0,1,1,1,0,0,0,0,1,0.76923076923076916,0.76923076923076916,1,0,0.30108428394128378,1,540,19,0,0,0,0,0
d002326,c_noah,0,med-features-v2,38332,1,375.2034259259259,3080,2587,229,192,8.2088802691478229,0.078078703703703706,1,0,36059,0,1,1,4,1,2425,1,0.78733766233766234,1,0.40000000000000002,0.33333333333333337,1,0,0.60613603093242563,1,5663,17,0,0,0,0,0
d002326,c_elena,1,med-features-v2,38332,1,375.2034259259259,2749,324,204,24,7.326692162301093,0.090694444444444439,1,0,36059,0,1,1,4,1,2425,1,0.88213895962168065,1,0.45454545454545459,0.80000000000000004,1,0,0.72225941730862708,1,3073,17,0,0,0,0,0
d002326,c_taylor,2,med-features-v2,38332,1,375.2034259259259,2264,324,168,24,6.0340600419969714,0.10048611111111111,1,0,36059,0,1,1,4,1,1940,1,0.85689045936395758,1,0.46153846153846156,0.33333333333333337,1,0,0.73437954372993108,1,2588,17,0,0,0,0,0
d002326,c_chris,3,med-features-v2,38332,1,375.2034259259259,2749,809,204,60,7.326692162301093,0.090347222222222218,1,0,36059,0,1,1,4,1,2425,1,0.88213895962168065,1,0.33333333333333337,0.33333333333333337,1,0,0.61073898943159499,1,3558,17,0,0,0,0,0
d002327,c_fac_061,0,med-features-v2,38343,1,375.23037037037039,269,269,20,20,0.71689293095994355,1.0081944444444444,1,0,36070,0,1,1,1,0,0,0,0,1,0.75,0.75,1,0,0.31591063423527449,1,538,14,0,0,0,0,0
d002328,c_morgan_zhao,0,med-features-v2,38352,1,375.25733796296294,1024,916,76,68,2.7287940738445107,0.12956018518518519,1,0,36079,0,1,1,1,0,0,0,0,1,0.81818181818181812,0.81818181818181812,1,1,0.31431160149638782,1,1940,15,0,0,0,0,0
d002329,c_fac_053,0,med-features-v2,38363,1,375.28430555555553,269,269,20,20,0.71678990039773549,0.200625,1,0,36090,0,1,1,1,0,0,0,0,1,0.75,0.75,1,0,0.40745204314787087,1,538,16,0,0,0,0,0
d002330,c_jamie_lee,0,med-features-v2,38373,1,375.31127314814813,1025,1025,76,76,2.7310663796538761,0.19574074074074074,1,0,36100,0,1,1,1,0,0,0,0,1,0.77777777777777779,0.77777777777777779,1,0,0.34983491872898842,1,2050,18,0,0,0,0,0
d002331,c_fac_065,0,med-features-v2,38384,1,375.33821759259257,269,269,20,20,0.71668694364607333,1.1107638888888889,1,0,36108,0,1,1,1,0,0,0,0,1,0.80000000000000004,0.80000000000000004,1,1,0.32385706995876823,1,538,15,0,0,0,0,0
d000123,c_fac_071,0,med-features-v2,38388,1,375.3480324074074,269,269,20,20,0.71666820330637582,1.0017361111111112,1,0,36112,0,1,1,2,1,0,0,0,1,0.83333333333333337,0.83333333333333337,1,1,0.26502078678910107,1,538,19,0,0,0,0,0
d000123,c_pat,1,med-features-v2,38388,1,375.3480324074074,756,756,56,56,2.0141307126379933,0.024166666666666666,1,0,756,0,1,0,2,1,0,0,0,1,0.77777777777777779,0.33333333333333337,1,0,0.024396629562146652,1,1512,19,0,0,0,0,0
d002332,c_fac_085,0,med-features-v2,38396,1,375.36763888888891,269,269,20,20,0.71663076976016471,1.0002314814814814,1,0,36120,0,1,1,1,0,0,0,0,1,0.75,0.75,1,0,0.32224219129336396,1,538,15,0,0,0,0,0
d002333,c_chris,0,med-features-v2,38407,1,378.01921296296297,2756,811,204,60,7.2906347230293385,0.0092592592592592587,1,0,36131,0,1,1,1,0,0,0,0,1,0.33333333333333337,0.33333333333333337,1,0,0.34919366254366963,1,3567,14,0,0,0,0,0
d002334,c_noah,0,med-features-v2,38416,1,378.04567129629629,3090,2595,229,192,8.1736156094700743,0.0092824074074074076,1,0,36137,0,1,1,5,1,2433,1,0.78737864077669906,1,0.40000000000000002,0.33333333333333337,1,0,0.60642051663677599,1,5681,17,0,0,0,0,0
d002334,c_elena,1,med-features-v2,38416,1,378.04567129629629,2757,324,204,24,7.2927696554398036,0.0096296296296296303,1,0,36137,0,1,1,5,1,2433,1,0.88248095756256806,1,0.45454545454545459,0.80000000000000004,1,0,0.72297857267781951,1,3081,17,0,0,0,0,0
d002334,c_taylor,2,med-features-v2,38416,1,378.04567129629629,2271,325,168,24,6.0072106955037334,0.0096296296296296303,1,0,36137,0,1,1,5,1,1946,1,0.85689123734037864,1,0.46153846153846156,0.33333333333333337,1,0,0.7349935694752765,1,2596,17,0,0,0,0,0
d002334,c_chris,3,med-features-v2,38416,1,378.04567129629629,2758,812,204,60,7.2954148384849393,0.0096296296296296303,1,0,36137,0,1,1,5,1,2433,1,0.88216098622189998,1,0.33333333333333337,0.33333333333333337,1,0,0.61134988984959082,1,3570,17,0,0,0,0,0
d002334,c_lena,4,med-features-v2,38416,1,378.04567129629629,648,324,48,24,1.7140786132480932,2.7463194444444445,1,0,36137,0,1,1,5,1,324,1,0.5,1,0.46153846153846156,0.80000000000000004,1,0,0.58255582676889761,1,972,17,0,0,0,0,0
d002335,c_fac_029,0,med-features-v2,38427,1,378.07210648148146,271,271,20,20,0.71679448272990742,3.9053935185185185,1,0,36148,0,1,1,1,0,0,0,0,1,0.76923076923076916,0.76923076923076916,1,0,0.40773741241124378,1,542,16,0,0,0,0,0
d002336,c_fac_084,0,med-features-v2,38438,1,378.09854166666668,270,270,20,20,0.71409955407348058,3.7337731481481482,1,0,36159,0,1,1,1,0,0,0,0,1,0.66666666666666674,0.66666666666666674,1,0,0.35958013950669565,1,540,18,0,0,0,0,0
d002337,c_elena,0,med-features-v2,3516,1,378.12465277777778,703,703,52,52,1.8591752609506529,0.10303240740740741,1,0,3516,0,1,1,3,1,487,1,0.69274537695590332,1,0.45454545454545459,0.80000000000000004,1,0,0.60453213249820603,1,1406,17,0,0,0,0,0
d002337,c_taylor,1,med-features-v2,3516,1,378.12465277777778,703,216,52,16,1.8591752609506529,0.10337962962962963,1,0,3516,0,1,1,3,1,487,1,0.69274537695590332,1,0.46153846153846156,0.33333333333333337,1,0,0.69382719591514486,1,919,17,0,0,0,0,0
d002337,c_lena,2,med-features-v2,3516,1,378.12465277777778,487,0,36,0,1.2879350669743499,0.10337962962962963,1,0,3516,0,1,1,3,1,487,1,1,1,0.46153846153846156,0.80000000000000004,1,0,0.75234074459297795,1,487,17,0,0,0,0,0
d002338,c_fac_008,0,med-features-v2,38459,1,378.15143518518516,270,270,20,20,0.71399967017916477,2.8888425925925927,1,0,36177,0,1,1,1,0,0,0,0,1,0.76923076923076916,0.76923076923076916,1,0,0.25150616974871265,1,540,25,0,0,0,0,0
d002339,c_fac_027,0,med-features-v2,38470,1,378.17787037037039,271,271,20,20,0.71659401893240027,2.9986111111111109,1,0,36188,0,1,1,1,0,0,0,0,1,0.75,0.75,1,0,0.26490381471751434,1,542,19,0,0,0,0,0
d002340,c_noah,0,med-features-v2,38481,1,378.20430555555555,3094,2598,229,192,8.1807635570280759,0.076574074074074072,1,0,36199,0,1,1,4,1,2436,1,0.78733031674208143,1,0.40000000000000002,0.33333333333333337,1,0,0.6065885463374191,1,5688,17,0,0,0,0,0
d002340,c_elena,1,med-features-v2,38481,1,378.20430555555555,2760,324,204,24,7.2976429920483161,0.091342592592592586,1,0,36199,0,1,1,4,1,2436,1,0.88260869565217392,1,0.45454545454545459,0.80000000000000004,1,0,0.72305665581121681,1,3084,17,0,0,0,0,0
d002340,c_taylor,2,med-features-v2,38481,1,378.20430555555555,2274,326,168,24,6.0126232477963297,0.088587962962962966,1,0,36199,0,1,1,4,1,1948,1,0.85664028144239224,1,0.46153846153846156,0.33333333333333337,1,0,0.73531121660322329,1,2600,17,0,0,0,0,0
d002340,c_chris,3,med-features-v2,38481,1,378.20430555555555,2762,814,204,60,7.302931139144003,0.081365740740740738,1,0,36199,0,1,1,4,1,2436,1,0.88196958725561192,1,0.33333333333333337,0.33333333333333337,1,0,0.61120090651721948,1,3576,17,0,0,0,0,0
d002341,c_fac_062,0,med-features-v2,38492,1,378.23076388888887,270,270,20,20,0.7138499185627234,2.9975925925925928,1,0,36210,0,1,1,1,0,0,0,0,1,0.75,0.75,1,0,0.29685246978857033,1,540,26,0,0,0,0,0
d000393,c_noah,0,med-features-v2,38496,1,378.2427777777778,3096,2600,229,192,8.1852190759315366,0.0092592592592592587,1,0,36214,0,1,1,5,1,2438,1,0.78746770025839796,1,0.40000000000000002,0.33333333333333337,1,0,0.60288306420344939,1,5692,17,0,0,0,0,0
d000393,c_elena,1,med-features-v2,38496,1,378.2427777777778,2762,324,204,24,7.302188335827811,0.0096064814814814815,1,0,36214,0,1,1,5,1,2438,1,0.88269370021723392,1,0.45454545454545459,0.80000000000000004,1,0,0.73866528048577085,1,3086,17,0,0,0,0,0
d000393,c_taylor,2,med-features-v2,38496,1,378.2427777777778,2276,326,168,24,6.0172992948385584,0.0096064814814814815,1,0,36214,0,1,1,5,1,1950,1,0.85676625659050965,1,0.46153846153846156,0.33333333333333337,1,0,0.75572687542676731,1,2602,17,0,0,0,0,0
d000393,c_chris,3,med-features-v2,38496,1,378.2427777777778,2764,814,204,60,7.3074759450499895,0.0096064814814814815,1,0,36214,0,1,1,5,1,2438,1,0.88205499276411004,1,0.33333333333333337,0.33333333333333337,1,0,0.62415331149806053,1,3578,17,0,0,0,0,0
d000393,c_lena,4,med-features-v2,38496,1,378.2427777777778,649,324,48,24,1.7158291925967595,0.19710648148148149,1,0,36214,0,1,1,5,1,325,1,0.50077041602465333,1,0.46153846153846156,0.80000000000000004,1,0,0.60027602267505076,1,973,17,0,0,0,0,0
d002342,c_fac_009,0,med-features-v2,38503,1,378.25960648148146,272,272,20,20,0.71908286092217555,0.19675925925925927,1,0,36221,0,1,1,1,0,0,0,0,1,0.69230769230769229,0.69230769230769229,1,0,0.38060562339976517,1,544,18,0,0,0,0,0
d002343,c_fac_064,0,med-features-v2,38514,1,378.28604166666668,271,271,20,20,0.71638910810987932,0.19675925925925927,1,0,36232,0,1,1,1,0,0,0,0,1,0.66666666666666674,0.66666666666666674,1,0,0.40472420466363401,1,542,27,0,0,0,0,0
d000055,c_alex_chen,0,med-features-v2,38521,1,378.30287037037039,1246,1138,92,84,3.2936572719634056,0.064560185185185179,1,0,36239,0,1,1,1,0,0,0,0,1,0.88888888888888884,0.88888888888888884,1,1,0.24643205067511784,1,2384,24,0,0,0,0,0
d002344,c_jamie_lee,0,med-features-v2,38525,1,378.31488425925926,1030,1030,76,76,2.7225997254026644,0.064537037037037032,1,0,36243,0,1,1,1,0,0,0,0,1,0.77777777777777779,0.77777777777777779,1,0,0.35138716028001393,1,2060,18,0,0,0,0,0
d000348,c_fac_036,0,med-features-v2,38533,1,378.33258101851851,271,271,20,20,0.71630098383394369,0.14234953703703704,1,0,36248,0,1,1,1,0,0,0,0,1,0.69230769230769229,0.69230769230769229,1,0,0.28937848774148589,1,542,26,0,0,0,0,0
d002345,c_fac_067,0,med-features-v2,38537,1,378.34134259259258,270,270,20,20,0.7136412799875872,2.9978703703703702,1,0,36252,0,1,1,1,0,0,0,0,1,0.72727272727272729,0.72727272727272729,1,0,0.26282811389558397,1,540,19,0,0,0,0,0
d002346,c_fac_086,0,med-features-v2,38548,1,378.3677777777778,270,270,20,20,0.71359142045804924,2.9973379629629631,1,0,36263,0,1,1,1,0,0,0,0,1,0.75,0.75,1,0,0.31610470245014999,1,540,15,0,0,0,0,0
d002347,c_alex_chan,0,med-features-v2,38556,1,379.02157407407407,1031,1031,76,76,2.7201617810771546,0.71835648148148146,1,0,36271,0,1,1,1,0,0,0,0,1,0.88888888888888884,0.88888888888888884,1,1,0.26675906535988159,1,2062,15,0,0,0,0,0
d000276,c_noah,0,med-features-v2,38557,1,379.02425925925928,3102,2605,229,192,8.184172712486399,0.010439814814814815,1,0,36272,0,1,1,6,1,2442,0.80000000000000004,0.78723404255319152,1,0.40000000000000002,0.33333333333333337,1,0,0.60276019769255107,1,5703,17,0,0,0,0,0
d000276,c_elena,1,med-features-v2,38557,1,379.02425925925928,2767,325,204,24,7.3003242731946694,0.013125,1,0,36272,0,1,1,6,1,2442,0.80000000000000004,0.88254427177448502,1,0.45454545454545459,0.80000000000000004,1,0,0.73850331925863,1,3092,17,0,0,0,0,0
d000276,c_taylor,2,med-features-v2,38557,1,379.02425925925928,2280,327,168,24,6.0154460942840071,0.024259259259259258,1,0,36272,0,1,1,6,1,1953,0.80000000000000004,0.85657894736842111,1,0.46153846153846156,0.33333333333333337,1,0,0.75559321434329485,1,2607,17,0,0,0,0,0
d000276,c_chris,3,med-features-v2,38557,1,379.02425925925928,2769,816,204,60,7.3056009802949182,0.024259259259259258,1,0,36272,0,1,1,6,1,2442,0.80000000000000004,0.8819068255687974,1,0.33333333333333337,0.33333333333333337,1,0,0.62398980861010844,1,3585,17,0,0,0,0,0
d000276,c_lena,4,med-features-v2,38557,1,379.02425925925928,650,324,48,24,1.7149298075809669,0.78148148148148144,1,0,36272,0,1,1,6,1,326,0.80000000000000004,0.50153846153846149,1,0.46153846153846156,0.80000000000000004,1,0,0.60129243481025174,1,974,17,0,0,0,0,0
d000276,c_lee,5,med-features-v2,38557,1,379.02425925925928,759,759,56,56,2.0025103445445445,0.69939814814814816,1,0,759,0,1,0,6,1,0,0,0,1,0.5,0.5,1,0,0.01973008170687077,1,1518,17,0,0,0,0,0
d002348,c_ren,0,med-features-v2,38567,1,379.0539351851852,759,759,56,56,2.002353569101436,0.72187500000000004,1,0,759,0,1,0,1,0,0,0,0,1,0.54545454545454541,0.5,1,0,0.3822068448975704,1,1518,25,0,0,0,0,0
d002349,c_fac_045,0,med-features-v2,38578,1,379.08361111111111,270,270,20,20,0.71224392742439557,3.8773842592592591,1,0,36290,0,1,1,1,0,0,0,0,1,0.76923076923076916,0.76923076923076916,1,0,0.42393049433417807,1,540,27,0,0,0,0,0
d002350,c_fac_002,0,med-features-v2,38589,1,379.11328703703703,271,271,20,20,0.71482590894664411,0.97113425925925922,1,0,36301,0,1,1,1,0,0,0,0,1,0.76923076923076916,0.76923076923076916,1,0,0.37767813079814266,1,542,26,0,0,0,0,0
d002351,c_fac_017,0,med-features-v2,38600,1,379.14296296296294,272,272,20,20,0.71740748627997264,0.97916666666666663,1,0,36312,0,1,1,1,0,0,0,0,1,0.81818181818181812,0.81818181818181812,1,1,0.30854783006970288,1,544,15,0,0,0,0,0
d002352,c_fac_034,0,med-features-v2,38611,1,379.17263888888891,273,273,21,21,0.71998865951928226,0.90067129629629628,1,0,36323,0,1,1,1,0,0,0,0,1,0.7142857142857143,0.7142857142857143,1,0,0.25149832332883687,1,546,14,0,0,0,0,0
d002353,c_noah,0,med-features-v2,38622,1,379.20233796296299,3105,2608,229,192,8.1882406545269451,0.080601851851851855,1,0,36334,0,1,1,4,1,2444,1,0.78711755233494363,1,0.40000000000000002,0.33333333333333337,1,0,0.60291519657772508,1,5709,17,0,0,0,0,0
d002353,c_elena,1,med-features-v2,38622,1,379.20233796296299,2770,326,204,24,7.3048072827824928,0.083287037037037034,1,0,36334,0,1,1,4,1,2444,1,0.88231046931407942,1,0.45454545454545459,0.80000000000000004,1,0,0.73880454916857186,1,3096,17,0,0,0,0,0
d002353,c_taylor,2,med-features-v2,38622,1,379.20233796296299,2282,327,168,24,6.0178953860323636,0.094444444444444442,1,0,36334,0,1,1,4,1,1955,1,0.85670464504820332,1,0.46153846153846156,0.33333333333333337,1,0,0.75606900999975402,1,2609,17,0,0,0,0,0
d002353,c_chris,3,med-features-v2,38622,1,379.20233796296299,2771,816,204,60,7.3074443973250132,0.094444444444444442,1,0,36334,0,1,1,4,1,2444,1,0.88199206062793212,1,0.33333333333333337,0.33333333333333337,1,0,0.6246184074508585,1,3587,17,0,0,0,0,0
d002354,c_fac_069,0,med-features-v2,38633,1,379.2320138888889,272,272,20,20,0.71723902528886507,0.94321759259259264,1,0,36345,0,1,1,1,0,0,0,0,1,0.75,0.75,1,0,0.24729553704164869,1,544,25,0,0,0,0,0
d000186,c_fac_006,0,med-features-v2,38635,1,379.23740740740743,271,271,20,20,0.71459195402860121,1.0904398148148149,1,0,36347,0,1,1,1,0,0,0,0,1,0.81818181818181812,0.81818181818181812,1,1,0.01220729313974654,1,542,14,0,0,0,0,0
d002355,c_morgan_shaw,0,med-features-v2,38641,1,379.26437499999997,1032,1032,76,76,2.7210570462886214,0.22356481481481483,1,0,36353,0,1,1,1,0,0,0,0,1,0.81818181818181812,0.81818181818181812,1,1,0.26548600407404743,1,2064,15,0,0,0,0,0
d002356,c_fac_015,0,med-features-v2,38652,1,379.29405092592594,272,272,20,20,0.71712171423727422,0.22627314814814814,1,0,36361,0,1,1,1,0,0,0,0,1,0.76923076923076916,0.76923076923076916,1,0,0.35623949589240839,1,544,18,0,0,0,0,0
d002357,c_fac_055,0,med-features-v2,38663,1,379.32372685185186,271,271,20,20,0.71442934047160567,0.23435185185185184,1,0,36372,0,1,1,1,0,0,0,0,1,0.83333333333333337,0.83333333333333337,1,1,0.34920423779809995,1,542,18,0,0,0,0,0
d002358,c_fac_078,0,med-features-v2,38674,1,379.35340277777777,271,271,20,20,0.71437345234187777,0.99488425925925927,1,0,36383,0,1,1,1,0,0,0,0,1,0.80000000000000004,0.80000000000000004,1,1,0.27768006276610074,1,542,14,0,0,0,0,0
d000300,c_alex_chen,0,med-features-v2,38684,1,380.00488425925926,1251,1143,92,84,3.2920629492396265,0.73745370370370367,1,0,36393,0,1,1,1,0,0,0,0,1,0.88888888888888884,0.88888888888888884,1,1,0.072844485613214729,1,2394,2,0,1,0,0,1
d002359,c_chris,0,med-features-v2,38686,1,380.00979166666667,2775,816,204,60,7.3024434129164435,0.0097916666666666673,1,0,36395,0,1,1,4,1,2448,1,0.88216216216216214,1,0.33333333333333337,0.33333333333333337,1,0,0.45163258788769933,1,3591,16,0,0,0,0,0
d002359,c_noah,1,med-features-v2,38686,1,380.00979166666667,3110,2613,229,192,8.1839996447459953,0.0094444444444444445,1,0,36395,0,1,1,4,1,2448,1,0.78713826366559481,1,0.40000000000000002,0.33333333333333337,1,0,0.20740489948580884,1,5719,16,0,0,0,0,0
d002359,c_elena,2,med-features-v2,38686,1,380.00979166666667,2775,327,204,24,7.3024434129164435,0.0097916666666666673,1,0,36395,0,1,1,4,1,2448,1,0.88216216216216214,1,0.45454545454545459,0.80000000000000004,1,0,0.31308805778596038,1,3102,16,0,0,0,0,0
d002359,c_marcus,3,med-features-v2,38686,1,380.00979166666667,707,218,52,16,1.8604783758313246,0.75856481481481486,1,0,36395,0,1,1,4,1,489,1,0.69165487977369167,1,0.41666666666666663,0.33333333333333337,1,0,0.6589392178596909,1,925,16,0,0,0,0,0
d002360,c_priya,0,med-features-v2,38696,1,380.03675925925927,544,544,40,40,1.4314404771273344,0.79900462962962959,1,0,36402,0,1,1,1,0,0,0,0,1,0.45454545454545459,0.40000000000000002,1,0,0.45157312307853498,1,1088,24,0,0,0,0,0
d002361,c_fac_021,0,med-features-v2,38706,1,380.06370370370371,272,272,20,20,0.7156694979009367,1.8950925925925926,1,0,36412,0,1,1,1,0,0,0,0,1,0.76923076923076916,0.76923076923076916,1,0,0.41321704880624177,1,544,27,0,0,0,0,0
d002362,c_fac_076,0,med-features-v2,38717,1,380.09067129629631,271,271,20,20,0.71298776967021205,1.7369675925925927,1,0,36423,0,1,1,1,0,0,0,0,1,0.72727272727272729,0.72727272727272729,1,0,0.41993035608453039,1,542,27,0,0,0,0,0
d002363,c_morgan_shaw,0,med-features-v2,38728,1,380.11763888888891,1035,1035,76,76,2.7228412841492418,0.068287037037037035,1,0,36434,0,1,1,1,0,0,0,0,1,0.81818181818181812,0.81818181818181812,1,1,0.36311664801876536,1,2070,18,0,0,0,0,0
d002364,c_fac_003,0,med-features-v2,38738,1,380.1446064814815,272,272,20,20,0.71551718836039913,1.0282638888888889,1,0,36438,0,1,1,1,0,0,0,0,1,0.75,0.75,1,0,0.31734238654101943,1,544,15,0,0,0,0,0
d002365,c_fac_020,0,med-features-v2,38749,1,380.17155092592594,273,273,20,20,0.71809686794052707,0.86905092592592592,1,0,36449,0,1,1,1,0,0,0,0,1,0.81818181818181812,0.81818181818181812,1,1,0.23226673476775936,1,546,14,0,0,0,0,0
d002366,c_fac_039,0,med-features-v2,38760,1,380.19851851851854,273,273,20,20,0.71804593311876053,1.0174305555555556,1,0,36460,0,1,1,1,0,0,0,0,1,0.76923076923076916,0.76923076923076916,1,0,0.2685715500621077,1,546,19,0,0,0,0,0
d002367,c_fac_055,0,med-features-v2,38771,1,380.22548611111114,272,272,20,20,0.71536498718687935,0.90141203703703698,1,0,36471,0,1,1,1,0,0,0,0,1,0.83333333333333337,0.83333333333333337,1,1,0.27146754900895914,1,544,14,0,0,0,0,0
d000124,c_fac_059,0,med-features-v2,38773,1,380.23037037037039,273,273,20,20,0.71798578249832945,1.014212962962963,1,0,36473,0,1,1,2,1,0,0,0,1,0.66666666666666674,0.66666666666666674,1,0,0.29082736073157306,1,546,26,0,0,0,0,0
d000124,c_ren,1,med-features-v2,38773,1,380.23037037037039,764,764,56,56,2.0093081971748119,0.090324074074074071,1,0,764,0,1,0,2,1,0,0,0,1,0.54545454545454541,0.5,1,0,0.091764214182240372,1,1528,26,0,0,0,0,0
d002368,c_noah,0,med-features-v2,546,1,380.24252314814817,217,708,16,52,0.5706884075021077,0.13479166666666667,1,0,546,0,1,1,1,0,0,0,0,1,0.40000000000000002,0.33333333333333337,1,0,0.58727501999730725,1,925,15,0,0,0,0,0
d002369,c_fac_056,0,med-features-v2,38793,1,380.28185185185185,272,272,20,20,0.71525895510250193,0.200625,1,0,36493,0,1,1,1,0,0,0,0,1,0.75,0.75,1,0,0.3365765083738303,1,544,16,0,0,0,0,0
d002370,c_jamie_lee,0,med-features-v2,38804,1,380.30881944444445,1037,1037,76,76,2.7267314008516834,0.060925925925925925,1,0,36504,0,1,1,1,0,0,0,0,1,0.77777777777777779,0.77777777777777779,1,0,0.35159858177202508,1,2074,18,0,0,0,0,0
d002371,c_fac_064,0,med-features-v2,38814,1,380.33576388888889,273,273,20,20,0.71778682395945836,1.1115046296296296,1,0,36511,0,1,1,1,0,0,0,0,1,0.66666666666666674,0.66666666666666674,1,0,0.27270505837271702,1,546,14,0,0,0,0,0
d002372,c_fac_083,0,med-features-v2,38825,1,380.36273148148149,272,272,20,20,0.71510686375760957,1.0008796296296296,1,0,36522,0,1,1,1,0,0,0,0,1,0.63636363636363635,0.63636363636363635,1,0,0.32202145776218,1,544,15,0,0,0,0,0
d002373,c_noah,0,med-features-v2,38834,1,381.01583333333332,3121,2621,229,192,8.1912606431491266,0.015486111111111112,1,0,36531,0,1,1,1,0,0,0,0,1,0.40000000000000002,0.33333333333333337,1,0,0.52036506599713117,1,5738,26,0,0,0,0,0
d002374,c_morgan_shaw,0,med-features-v2,38843,1,381.04488425925928,1038,1038,76,76,2.7240885336063316,0.72837962962962965,1,0,36540,0,1,1,1,0,0,0,0,1,0.81818181818181812,0.81818181818181812,1,1,0.2422774011480387,1,2076,14,0,0,0,0,0
d002375,c_fac_027,0,med-features-v2,38854,1,381.07393518518518,273,273,20,20,0.71639641233225249,1.9144212962962963,1,0,36548,0,1,1,1,0,0,0,0,1,0.75,0.75,1,0,0.41510513075695088,1,546,27,0,0,0,0,0
d002376,c_fac_082,0,med-features-v2,38865,1,381.10298611111114,272,272,20,20,0.71371783983004011,1.7438425925925927,1,0,36559,0,1,1,1,0,0,0,0,1,0.69230769230769229,0.69230769230769229,1,0,0.35881369386756706,1,544,18,0,0,0,0,0
d002377,c_fac_006,0,med-features-v2,38876,1,381.13203703703704,273,273,20,20,0.71628720094572063,0.87435185185185182,1,0,36570,0,1,1,1,0,0,0,0,1,0.81818181818181812,0.81818181818181812,1,1,0.24142831755316457,1,546,14,0,0,0,0,0
d002378,c_fac_025,0,med-features-v2,38887,1,381.16108796296294,274,274,20,20,0.71885617040379612,0.98182870370370368,1,0,36581,0,1,1,1,0,0,0,0,1,0.75,0.75,1,0,0.30725272888352922,1,548,14,0,0,0,0,0
d002379,c_fac_044,0,med-features-v2,38898,1,381.1901388888889,274,274,20,20,0.71880138557274387,0.98145833333333332,1,0,36592,0,1,1,1,0,0,0,0,1,0.81818181818181812,0.81818181818181812,1,1,0.30484588212337993,1,548,15,0,0,0,0,0
d002380,c_fac_060,0,med-features-v2,38909,1,381.2191898148148,273,273,20,20,0.71612344628457836,0.98601851851851852,1,0,36603,0,1,1,1,0,0,0,0,1,0.69230769230769229,0.69230769230769229,1,0,0.27147710800472102,1,546,26,0,0,0,0,0
d000187,c_fac_007,0,med-features-v2,38916,1,381.23766203703701,273,273,20,20,0.71608874774150255,0.17393518518518519,1,0,36610,0,1,1,1,0,0,0,0,1,0.84615384615384615,0.84615384615384615,1,1,0.012732912415417933,1,546,14,0,0,0,0,0
d002381,c_avery,0,med-features-v2,38917,1,381.25087962962965,219,219,16,16,0.57442490418054892,0.22942129629629629,1,0,36611,0,1,1,2,1,219,1,1,1,0.5,0.30000000000000004,1,0,0.49877897081743627,1,438,18,0,0,0,0,0
d002381,c_devon,1,med-features-v2,38917,1,381.25087962962965,219,0,16,0,0.57442490418054892,0.22976851851851851,1,0,36611,0,1,1,2,1,219,1,1,1,0.45454545454545459,0.40000000000000002,1,0,0.65904002717123367,1,219,18,0,0,0,0,0
d002382,c_pat,0,med-features-v2,38928,1,381.27990740740739,766,766,56,56,2.0090227287574041,0.22675925925925927,1,0,766,0,1,0,1,0,0,0,0,1,0.77777777777777779,0.33333333333333337,1,0,0.30644685924347559,1,1532,15,0,0,0,0,0
d002383,c_fac_032,0,med-features-v2,38939,1,381.30895833333335,274,274,20,20,0.71857740032552342,0.23203703703703704,1,0,36630,0,1,1,1,0,0,0,0,1,0.76923076923076916,0.76923076923076916,1,0,0.34882875736128732,1,548,18,0,0,0,0,0
d002384,c_fac_082,0,med-features-v2,38950,1,381.33800925925925,273,273,20,20,0.71590031250830866,0.23467592592592593,1,0,36641,0,1,1,1,0,0,0,0,1,0.69230769230769229,0.69230769230769229,1,0,0.41045219430441759,1,546,16,0,0,0,0,0
d002385,c_fac_085,0,med-features-v2,38961,1,381.36706018518521,273,273,20,20,0.71584577825739837,0.99907407407407411,1,0,36652,0,1,1,1,0,0,0,0,1,0.75,0.75,1,0,0.28308804883333105,1,546,26,0,0,0,0,0
d002386,c_elena,0,med-features-v2,3560,1,382.01925925925929,712,712,52,52,1.863780379503845,0.77368055555555559,1,0,3560,0,1,1,3,1,492,1,0.6910112359550562,1,0.45454545454545459,0.80000000000000004,1,0,0.5613595037432938,1,1424,28,0,0,0,0,0
d002386,c_taylor,1,med-features-v2,3560,1,382.01925925925929,710,218,52,16,1.8585450413591713,1.7083333333333333,1,0,3560,0,1,1,3,1,492,1,0.6929577464788732,1,0.46153846153846156,0.33333333333333337,1,0,0.66712886436693475,1,928,28,0,0,0,0,0
d002386,c_lena,2,med-features-v2,3560,1,382.01925925925929,492,0,36,0,1.2878931835897356,1.7083333333333333,1,0,3560,0,1,1,3,1,492,1,1,1,0.46153846153846156,0.80000000000000004,1,0,0.72129134363574954,1,492,28,0,0,0,0,0
d002387,c_marcus,0,med-features-v2,38981,1,382.04655092592594,711,218,52,16,1.861029757438784,0.036759259259259262,1,0,36669,0,1,1,1,0,0,0,0,1,0.41666666666666663,0.33333333333333337,1,0,0.55458738345166148,1,929,26,0,0,0,0,0
d002388,c_fac_033,0,med-features-v2,38991,1,382.07351851851854,274,274,21,21,0.71713946850446175,1.8844675925925927,1,0,36679,0,1,1,1,0,0,0,0,1,0.69230769230769229,0.69230769230769229,1,0,0.40928794829538739,1,548,27,0,0,0,0,0
d002389,c_fac_088,0,med-features-v2,39002,1,382.10048611111114,273,273,20,20,0.7144717421809671,1.7300462962962964,1,0,36690,0,1,1,1,0,0,0,0,1,0.63636363636363635,0.63636363636363635,1,0,0.35783771319260316,1,546,18,0,0,0,0,0
d002390,c_morgan_zhao,0,med-features-v2,39012,1,382.12743055555558,1042,932,76,68,2.7268390507456881,0.070717592592592596,1,0,36700,0,1,1,1,0,0,0,0,1,0.81818181818181812,0.81818181818181812,1,1,0.39395241173093531,1,1974,14,0,0,0,0,0
d002391,c_fac_011,0,med-features-v2,39023,1,382.15439814814818,275,275,20,20,0.71960443562235787,1.0140972222222222,1,0,36708,0,1,1,1,0,0,0,0,1,0.66666666666666674,0.66666666666666674,1,0,0.336943079608996,1,550,19,0,0,0,0,0
d002392,c_fac_030,0,med-features-v2,39034,1,382.18136574074072,275,275,20,20,0.71955365868505206,1.012013888888889,1,0,36719,0,1,1,1,0,0,0,0,1,0.81818181818181812,0.81818181818181812,1,1,0.31151252896496157,1,550,15,0,0,0,0,0
d000224,c_dir_113,0,med-features-v2,39040,1,382.1960648148148,0,0,0,0,0,3650,0,1,36725,0,1,1,1,0,0,0,0,0,0.80000000000000004,0.80000000000000004,1,1,0,0,0,15,0,0,0,0,0
d000277,c_noah,0,med-features-v2,39043,1,382.2034259259259,3137,2635,229,192,8.2076710652195359,0.078078703703703706,1,0,36728,0,1,1,6,1,2470,0.59999999999999998,0.78737647433853997,1,0.40000000000000002,0.33333333333333337,1,0,0.60552737574067339,1,5768,17,0,0,0,0,0
d000277,c_elena,1,med-features-v2,39043,1,382.2034259259259,2800,330,204,24,7.325941658468186,0.090694444444444439,1,0,36728,0,1,1,6,1,2470,0.59999999999999998,0.88214285714285712,1,0.45454545454545459,0.80000000000000004,1,0,0.7211057878003152,1,3130,17,0,0,0,0,0
d000277,c_taylor,2,med-features-v2,39043,1,382.2034259259259,2306,330,168,24,6.0334362372955841,0.10048611111111111,1,0,36728,0,1,1,6,1,1976,0.59999999999999998,0.85689505637467478,1,0.46153846153846156,0.33333333333333337,1,0,0.73278207059590372,1,2636,17,0,0,0,0,0
d000277,c_chris,3,med-features-v2,39043,1,382.2034259259259,2800,824,204,60,7.325941658468186,0.090347222222222218,1,0,36728,0,1,1,6,1,2470,0.59999999999999998,0.88214285714285712,1,0.33333333333333337,0.33333333333333337,1,0,0.60967630601407119,1,3624,17,0,0,0,0,0
d000277,c_jamie_li,4,med-features-v2,39043,1,382.2034259259259,1043,933,76,68,2.728913267779399,0.085439814814814816,1,0,36728,0,1,1,6,1,0,0,0,1,0.77777777777777779,0.77777777777777779,1,0,0.15688614600436382,1,1976,17,0,0,0,0,0
d000277,c_pat,5,med-features-v2,39043,1,382.2034259259259,769,769,56,56,2.012017548343584,0.070740740740740743,1,0,769,0,1,0,6,1,0,0,0,1,0.77777777777777779,0.33333333333333337,1,0,0.011480138613862835,1,1538,17,0,0,0,0,0
d002393,c_fac_050,0,med-features-v2,39047,1,382.21321759259257,274,274,20,20,0.71687735376033268,1.012175925925926,1,0,36732,0,1,1,1,0,0,0,0,1,0.75,0.75,1,0,0.31543907328001075,1,548,15,0,0,0,0,0
d002394,c_maya,0,med-features-v2,1152,1,382.23504629629628,1152,1262,84,92,3.013852369536536,0.12956018518518519,1,0,1152,0,1,1,1,0,0,0,0,1,0.33333333333333337,0.5,1,0,0.35754117699242527,1,2414,14,0,0,0,0,0
d002395,c_fac_018,0,med-features-v2,39067,1,382.26715277777777,275,275,20,20,0.71939217900802721,0.20064814814814816,1,0,36752,0,1,1,1,0,0,0,0,1,0.66666666666666674,0.66666666666666674,1,0,0.40427576123560088,1,550,16,0,0,0,0,0
d002396,c_fac_073,0,med-features-v2,39078,1,382.29409722222221,274,274,20,20,0.71672568839253525,0.200625,1,0,36763,0,1,1,1,0,0,0,0,1,0.72727272727272729,0.72727272727272729,1,0,0.38104991951067918,1,548,16,0,0,0,0,0
d002397,c_lee,0,med-features-v2,39088,1,382.3210648148148,769,769,56,56,2.0113984573998853,0.19083333333333333,1,0,769,0,1,0,1,0,0,0,0,1,0.5,0.5,1,0,0.45605289493966655,1,1538,16,0,0,0,0,0
d002398,c_fac_071,0,med-features-v2,39099,1,382.3480324074074,274,274,20,20,0.71662458487047176,1.0017361111111112,1,0,36781,0,1,1,1,0,0,0,0,1,0.83333333333333337,0.83333333333333337,1,1,0.26795001943622204,1,548,19,0,0,0,0,0
d002399,c_noah,0,med-features-v2,39110,1,385,3143,2640,229,192,8.163636363636364,2.671226851851852,1,0,36792,0,1,1,4,1,2475,1,0.78746420617244672,1,0.40000000000000002,0.33333333333333337,1,0,0.60584815475132636,1,5779,17,0,0,0,0,0
d002399,c_elena,1,med-features-v2,39110,1,385,2805,330,204,24,7.2857142857142856,2.6715740740740741,1,0,36792,0,1,1,4,1,2475,1,0.88235294117647056,1,0.45454545454545459,0.80000000000000004,1,0,0.72173362078792125,1,3135,17,0,0,0,0,0
d002399,c_taylor,2,med-features-v2,39110,1,385,2310,330,168,24,6,2.6715740740740741,1,0,36792,0,1,1,4,1,1980,1,0.8571428571428571,1,0.46153846153846156,0.33333333333333337,1,0,0.73345944377397287,1,2640,17,0,0,0,0,0
d002399,c_chris,3,med-features-v2,39110,1,385,2805,825,204,60,7.2857142857142856,2.6715740740740741,1,0,36792,0,1,1,4,1,2475,1,0.88235294117647056,1,0.33333333333333337,0.33333333333333337,1,0,0.61044943849640176,1,3630,17,0,0,0,0,0
d002400,c_morgan_zhao,0,med-features-v2,39120,1,385.02643518518516,1045,935,76,68,2.7140993565737612,2.7074768518518519,1,0,36802,0,1,1,1,0,0,0,0,1,0.81818181818181812,0.81818181818181812,1,1,0.46837343875764526,1,1980,15,0,0,0,0,0
d002401,c_jamie_lee,0,med-features-v2,39130,1,385.05287037037039,1046,1046,76,76,2.7165100704063967,0.045324074074074072,1,0,36809,0,1,1,1,0,0,0,0,1,0.77777777777777779,0.77777777777777779,1,0,0.31927587193643142,1,2092,26,0,0,0,0,0
d002402,c_fac_044,0,med-features-v2,39141,1,385.07930555555555,275,275,20,20,0.71413860997608358,3.8888194444444446,1,0,36820,0,1,1,1,0,0,0,0,1,0.81818181818181812,0.81818181818181812,1,1,0.44775369971680745,1,550,27,0,0,0,0,0
d002403,c_alex_chan,0,med-features-v2,39152,1,385.10576388888887,1047,1047,76,76,2.7187336523534391,0.054953703703703706,1,0,36831,0,1,1,1,0,0,0,0,1,0.88888888888888884,0.88888888888888884,1,1,0.36810927626614265,1,2094,18,0,0,0,0,0
d002404,c_lee,0,med-features-v2,39162,1,385.13219907407409,771,771,56,56,2.0019099983164752,0.10300925925925926,1,0,771,0,1,0,1,0,0,0,0,1,0.5,0.5,1,0,0.5174603479312454,1,1542,14,0,0,0,0,0
d002405,c_fac_013,0,med-features-v2,39173,1,385.15863425925926,276,276,20,20,0.71658785614609377,2.8935879629629628,1,0,36849,0,1,1,1,0,0,0,0,1,0.76923076923076916,0.76923076923076916,1,0,0.2725348838207326,1,552,15,0,0,0,0,0
d000125,c_fac_027,0,med-features-v2,39181,1,385.17787037037039,276,276,20,20,0.71655206913785141,2.9986111111111109,1,0,36857,0,1,1,2,1,0,0,0,1,0.75,0.75,1,0,0.29629635198566617,1,552,26,0,0,0,0,0
d000125,c_lee,1,med-features-v2,39181,1,385.17787037037039,772,772,56,56,2.0042688310667436,0.045324074074074072,1,0,772,0,1,0,2,1,0,0,0,1,0.5,0.5,1,0,0.089349488985707021,1,1544,26,0,0,0,0,0
d002406,c_fac_033,0,med-features-v2,39185,1,385.18747685185184,276,276,21,21,0.71653419850446809,2.912638888888889,1,0,36861,0,1,1,1,0,0,0,0,1,0.69230769230769229,0.69230769230769229,1,0,0.29802388868781304,1,552,25,0,0,0,0,0
d002407,c_fac_051,0,med-features-v2,39196,1,385.21393518518516,275,275,20,20,0.71388902342745819,2.9979166666666668,1,0,36872,0,1,1,1,0,0,0,0,1,0.72727272727272729,0.72727272727272729,1,0,0.31200461308212818,1,550,15,0,0,0,0,0
d002408,c_marcus,0,med-features-v2,1050,1,385.23041666666666,221,221,16,16,0.57368263366188854,0.19675925925925927,1,0,1050,0,1,1,1,0,0,0,0,1,0.41666666666666663,0.33333333333333337,1,0,0.48844484760959928,1,442,26,0,0,0,0,0
d002409,c_fac_024,0,med-features-v2,39217,1,385.26680555555555,277,277,20,20,0.71898226373425922,0.19675925925925927,1,0,36893,0,1,1,1,0,0,0,0,1,0.75,0.75,1,0,0.38016472233883741,1,554,16,0,0,0,0,0
d002410,c_fac_079,0,med-features-v2,39228,1,385.29326388888887,276,276,20,20,0.7163374651667751,0.19678240740740741,1,0,36904,0,1,1,1,0,0,0,0,1,0.83333333333333337,0.83333333333333337,1,1,0.31212033336829603,1,552,18,0,0,0,0,0
d002411,c_morgan_shaw,0,med-features-v2,39238,1,385.31969907407409,1049,1049,76,76,2.7224146663686137,0.066967592592592592,1,0,36914,0,1,1,1,0,0,0,0,1,0.81818181818181812,0.81818181818181812,1,1,0.36421321921386773,1,2098,18,0,0,0,0,0
d002412,c_fac_071,0,med-features-v2,39249,1,385.34613425925926,275,275,20,20,0.71364411252918181,2.9977546296296298,1,0,36922,0,1,1,1,0,0,0,0,1,0.83333333333333337,0.83333333333333337,1,1,0.32136429240054432,1,550,15,0,0,0,0,0
d002413,c_fac_088,0,med-features-v2,39260,1,385.37259259259258,275,275,20,20,0.71359511622229954,3.0364814814814816,1,0,36933,0,1,1,1,0,0,0,0,1,0.63636363636363635,0.63636363636363635,1,0,0.22152666515628464,1,550,14,0,0,0,0,0
d002414,c_alex_chen,0,med-features-v2,39268,1,386.0269675925926,1270,1160,92,84,3.2899255922978416,0.72134259259259259,1,0,36941,0,1,1,1,0,0,0,0,1,0.88888888888888884,0.88888888888888884,1,1,0.18686469670983996,1,2430,17,0,0,0,0,0
d002415,c_morgan_zhao,0,med-features-v2,39278,1,386.05664351851851,1049,939,76,68,2.7172178425409772,0.010439814814814815,1,0,36948,0,1,1,1,0,0,0,0,1,0.81818181818181812,0.81818181818181812,1,1,0.31748374770540011,1,1988,26,0,0,0,0,0
d002416,c_fac_050,0,med-features-v2,39289,1,386.08631944444443,275,275,20,20,0.71227595009247902,3.8727546296296298,1,0,36959,0,1,1,1,0,0,0,0,1,0.75,0.75,1,0,0.38804683471213058,1,550,18,0,0,0,0,0
d002417,c_fac_003,0,med-features-v2,39300,1,386.11599537037034,276,276,20,20,0.71481110161016559,0.97143518518518523,1,0,36970,0,1,1,1,0,0,0,0,1,0.75,0.75,1,0,0.31009785626315317,1,552,14,0,0,0,0,0
d002418,c_fac_018,0,med-features-v2,39311,1,386.14567129629631,277,277,20,20,0.7173458634667772,0.97946759259259264,1,0,36981,0,1,1,1,0,0,0,0,1,0.66666666666666674,0.66666666666666674,1,0,0.25659315389359072,1,554,19,0,0,0,0,0
d002419,c_fac_037,0,med-features-v2,39322,1,386.17534722222223,276,276,20,20,0.71470124125033152,0.98270833333333329,1,0,36992,0,1,1,1,0,0,0,0,1,0.76923076923076916,0.76923076923076916,1,0,0.31493204735163483,1,552,15,0,0,0,0,0
d002420,c_fac_053,0,med-features-v2,39333,1,386.20502314814814,276,276,20,20,0.71464632373289061,0.98592592592592587,1,0,37003,0,1,1,1,0,0,0,0,1,0.75,0.75,1,0,0.28167769383971042,1,552,26,0,0,0,0,0
d002421,c_noah,0,med-features-v2,39344,1,386.23469907407406,3163,2657,229,192,8.1893211759137774,0.03201388888888889,1,0,37014,0,1,1,4,1,2490,1,0.78722731583939298,1,0.40000000000000002,0.33333333333333337,1,0,0.57516896885276247,1,5816,28,0,0,0,0,0
d002421,c_elena,1,med-features-v2,39344,1,386.23469907407406,2822,332,204,24,7.3064383049094781,0.032361111111111111,1,0,37014,0,1,1,4,1,2490,1,0.88235294117647056,1,0.45454545454545459,0.80000000000000004,1,0,0.72176287819986562,1,3154,28,0,0,0,0,0
d002421,c_taylor,2,med-features-v2,39344,1,386.23469907407406,2325,333,168,24,6.0196559386656752,0.032361111111111111,1,0,37014,0,1,1,4,1,1992,1,0.85677419354838713,1,0.46153846153846156,0.33333333333333337,1,0,0.7267386240425614,1,2658,28,0,0,0,0,0
d002421,c_chris,3,med-features-v2,39344,1,386.23469907407406,2823,831,204,60,7.309027404237936,0.032361111111111111,1,0,37014,0,1,1,4,1,2490,1,0.88204038257173223,1,0.33333333333333337,0.33333333333333337,1,0,0.66331404306439978,1,3654,28,0,0,0,0,0
d002422,c_morgan_shaw,0,med-features-v2,39351,1,386.26437499999997,1051,1051,76,76,2.720934334159085,0.22356481481481483,1,0,37021,0,1,1,1,0,0,0,0,1,0.81818181818181812,0.81818181818181812,1,1,0.24236195323622334,1,2102,14,0,0,0,0,0
d002423,c_fac_015,0,med-features-v2,39362,1,386.29405092592594,277,277,20,20,0.71707032333541243,0.22627314814814814,1,0,37029,0,1,1,1,0,0,0,0,1,0.76923076923076916,0.76923076923076916,1,0,0.42843343577880677,1,554,27,0,0,0,0,0
d002424,c_fac_055,0,med-features-v2,39373,1,386.32372685185186,276,276,20,20,0.71442673803424195,0.23435185185185184,1,0,37040,0,1,1,1,0,0,0,0,1,0.83333333333333337,0.83333333333333337,1,1,0.42644659610243263,1,552,16,0,0,0,0,0
d002425,c_fac_078,0,med-features-v2,39384,1,386.35340277777777,276,276,20,20,0.71437186269263764,0.99488425925925927,1,0,37051,0,1,1,1,0,0,0,0,1,0.80000000000000004,0.80000000000000004,1,1,0.28071205860806764,1,552,14,0,0,0,0,0
d002426,c_alex_chen,0,med-features-v2,39395,1,387.00733796296294,1274,1164,92,84,3.2919272453741519,0.73990740740740746,1,0,37062,0,1,1,1,0,0,0,0,1,0.88888888888888884,0.88888888888888884,1,1,0.40888503774325446,1,2438,14,0,0,0,0,0
d002427,c_noah,0,med-features-v2,39405,1,387.03430555555553,3168,2661,229,192,8.1853209251117924,0.024513888888888891,1,0,37069,0,1,1,4,1,2494,1,0.7872474747474747,1,0.40000000000000002,0.33333333333333337,1,0,0.60628793097629696,1,5825,17,0,0,0,0,0
d002427,c_elena,1,med-features-v2,39405,1,387.03430555555553,2827,333,204,24,7.3042620755337868,0.024513888888888891,1,0,37069,0,1,1,4,1,2494,1,0.88220728687654759,1,0.45454545454545459,0.80000000000000004,1,0,0.72220364998785436,1,3160,17,0,0,0,0,0
d002427,c_taylor,2,med-features-v2,39405,1,387.03430555555553,2329,334,168,24,6.0175544301090165,0.021712962962962962,1,0,37069,0,1,1,4,1,1995,1,0.8565908115070846,1,0.46153846153846156,0.33333333333333337,1,0,0.73418732282683141,1,2663,17,0,0,0,0,0
d002427,c_chris,3,med-features-v2,39405,1,387.03430555555553,2827,832,204,60,7.3042620755337868,0.024166666666666666,1,0,37069,0,1,1,4,1,2494,1,0.88220728687654759,1,0.33333333333333337,0.33333333333333337,1,0,0.61071681793656041,1,3659,17,0,0,0,0,0
d002428,c_fac_016,0,med-features-v2,39415,1,387.06127314814813,277,277,20,20,0.71564896623997287,1.8998842592592593,1,0,37079,0,1,1,1,0,0,0,0,1,0.66666666666666674,0.66666666666666674,1,0,0.42165230108559232,1,554,27,0,0,0,0,0
d002429,c_fac_071,0,med-features-v2,39426,1,387.08821759259257,276,276,20,20,0.71301576089429808,1.7417361111111112,1,0,37090,0,1,1,1,0,0,0,0,1,0.83333333333333337,0.83333333333333337,1,1,0.42067648190072815,1,552,27,0,0,0,0,0
d000056,c_jamie_li,0,med-features-v2,39436,1,387.11273148148149,1054,943,76,68,2.7227210946184566,0.066180555555555562,1,0,37100,0,1,1,1,0,0,0,0,1,0.77777777777777779,0.77777777777777779,1,0,0.21740913982240093,1,1997,18,0,0,0,0,0
d000057,c_morgan_zhao,0,med-features-v2,39438,1,387.11763888888891,1054,943,76,68,2.7226865792662078,0.068634259259259256,1,0,37102,0,1,1,1,0,0,0,0,1,0.81818181818181812,0.81818181818181812,1,1,0.2580737877193961,1,1997,24,0,0,0,0,0
d002430,c_elena,0,med-features-v2,3606,1,387.11974537037037,721,721,52,52,1.8624728100866963,0.097708333333333328,1,0,3606,0,1,1,3,1,499,1,0.69209431345353678,1,0.45454545454545459,0.80000000000000004,1,0,0.60511140052006762,1,1442,17,0,0,0,0,0
d002430,c_taylor,1,med-features-v2,3606,1,387.11974537037037,720,221,52,16,1.859889630044967,0.065833333333333327,1,0,3606,0,1,1,3,1,499,1,0.69305555555555554,1,0.46153846153846156,0.33333333333333337,1,0,0.69497488781619132,1,941,17,0,0,0,0,0
d002430,c_lena,2,med-features-v2,3606,1,387.11974537037037,499,0,36,0,1.2890068408228315,0.098055555555555562,1,0,3606,0,1,1,3,1,499,1,1,1,0.46153846153846156,0.80000000000000004,1,0,0.75547180591178498,1,499,17,0,0,0,0,0
d002431,c_fac_004,0,med-features-v2,39449,1,387.14703703703702,278,278,20,20,0.71807342793483575,1.0225925925925925,1,0,37107,0,1,1,1,0,0,0,0,1,0.75,0.75,1,0,0.27582972920832299,1,556,26,0,0,0,0,0
d002432,c_fac_023,0,med-features-v2,39460,1,387.17400462962962,278,278,20,20,0.71802341240841983,1.0198842592592592,1,0,37118,0,1,1,1,0,0,0,0,1,0.84615384615384615,0.84615384615384615,1,1,0.37176259380494209,1,556,26,0,0,0,0,0
d002433,c_fac_040,0,med-features-v2,39471,1,387.20097222222222,277,277,20,20,0.71539076570557858,0.88500000000000001,1,0,37129,0,1,1,1,0,0,0,0,1,0.66666666666666674,0.66666666666666674,1,0,0.27671674747775621,1,554,25,0,0,0,0,0
d002434,c_fac_058,0,med-features-v2,39482,1,387.22793981481482,277,277,20,20,0.71534094397338821,1.0144675925925926,1,0,37140,0,1,1,1,0,0,0,0,1,0.7142857142857143,0.7142857142857143,1,0,0.39088968662053486,1,554,26,0,0,0,0,0
d000188,c_fac_008,0,med-features-v2,39487,1,387.24018518518517,278,278,20,20,0.71790069996752903,0.087893518518518524,1,0,37145,0,1,1,1,0,0,0,0,1,0.76923076923076916,0.76923076923076916,1,0,0.018203448142808769,1,556,18,0,0,0,0,0
d000278,c_noah,0,med-features-v2,39489,1,387.24509259259258,3174,2666,229,192,8.1963595167860728,0.0094675925925925934,1,0,37147,0,1,1,7,1,2500,0.66666666666666663,0.7876496534341525,1,0.40000000000000002,0.33333333333333337,1,0,0.57562587414817912,1,5836,28,0,0,0,0,0
d000278,c_elena,1,med-features-v2,39489,1,387.24509259259258,2833,333,204,24,7.3157802492296611,0.0098148148148148144,1,0,37147,0,1,1,7,1,2500,0.66666666666666663,0.88245675961877867,1,0.45454545454545459,0.80000000000000004,1,0,0.72281086627624069,1,3166,28,0,0,0,0,0
d000278,c_taylor,2,med-features-v2,39489,1,387.24509259259258,2335,335,168,24,6.0297729904522619,0.0098148148148148144,1,0,37147,0,1,1,7,1,2000,0.66666666666666663,0.85653104925053536,1,0.46153846153846156,0.33333333333333337,1,0,0.72767540573001832,1,2670,28,0,0,0,0,0
d000278,c_chris,3,med-features-v2,39489,1,387.24509259259258,2833,833,204,60,7.3157802492296611,0.0098148148148148144,1,0,37147,0,1,1,7,1,2500,0.66666666666666663,0.88245675961877867,1,0.33333333333333337,0.33333333333333337,1,0,0.66425163930183784,1,3666,28,0,0,0,0,0
d000278,c_lena,4,med-features-v2,39489,1,387.24509259259258,665,332,48,24,1.717258688929659,0.14425925925925925,1,0,37147,0,1,1,7,1,333,0.66666666666666663,0.50075187969924817,1,0.46153846153846156,0.80000000000000004,1,0,0.54120218371435924,1,997,28,0,0,0,0,0
d000278,c_alex_chan,5,med-features-v2,39489,1,387.24509259259258,1056,1056,76,76,2.7269551511424361,0.0021064814814814813,1,0,37147,0,1,1,7,1,0,0,0,1,0.88888888888888884,0.88888888888888884,1,1,0.2075417867192077,1,2112,28,0,0,0,0,0
d000278,c_ren,6,med-features-v2,39489,1,387.24509259259258,778,778,56,56,2.0090635488530446,0.10504629629629629,1,0,778,0,1,0,7,1,0,0,0,1,0.54545454545454541,0.5,1,0,0.15982031466814239,1,1556,28,0,0,0,0,0
d002435,c_fac_011,0,med-features-v2,39494,1,387.25979166666667,278,278,20,20,0.71786435354819411,0.200625,1,0,37152,0,1,1,1,0,0,0,0,1,0.66666666666666674,0.66666666666666674,1,0,0.33931568329330042,1,556,18,0,0,0,0,0
d002436,c_fac_066,0,med-features-v2,39505,1,387.28675925925927,277,277,20,20,0.71523230107272884,0.20064814814814816,1,0,37163,0,1,1,1,0,0,0,0,1,0.72727272727272729,0.66666666666666674,1,0,0.38635259370313946,1,554,16,0,0,0,0,0
d002437,c_jamie_li,0,med-features-v2,39515,1,387.31370370370371,1056,944,76,68,2.7264720816794119,0.066157407407407401,1,0,37173,0,1,1,1,0,0,0,0,1,0.77777777777777779,0.77777777777777779,1,0,0.39665110821066846,1,2000,14,0,0,0,0,0
d000349,c_fac_037,0,med-features-v2,39525,1,387.33714120370371,277,277,20,20,0.71513926895619717,1.1614467592592592,1,0,37180,0,1,1,1,0,0,0,0,1,0.76923076923076916,0.76923076923076916,1,0,0.31958966733718802,1,554,15,0,0,0,0,0
d002438,c_fac_068,0,med-features-v2,39527,1,387.34067129629631,277,277,20,20,0.71513275141744359,1.1110185185185186,1,0,37182,0,1,1,1,0,0,0,0,1,0.80000000000000004,0.80000000000000004,1,1,0.38013553752405999,1,554,26,0,0,0,0,0
d002439,c_fac_085,0,med-features-v2,39538,1,387.36763888888891,277,277,20,20,0.71508296561513662,1.0273842592592592,1,0,37193,0,1,1,1,0,0,0,0,1,0.75,0.75,1,0,0.21059110747939128,1,554,14,0,0,0,0,0
d002440,c_avery,0,med-features-v2,39546,1,388.02111111111111,222,222,16,16,0.57213381860666235,2.7755787037037036,1,0,37201,0,1,1,2,1,222,1,1,1,0.5,0.30000000000000004,1,0,0.49876880421866959,1,444,18,0,0,0,0,0
d002440,c_devon,1,med-features-v2,39546,1,388.02111111111111,222,0,16,0,0.57213381860666235,2.7759259259259261,1,0,37201,0,1,1,2,1,222,1,1,1,0.45454545454545459,0.40000000000000002,1,0,0.65884529399911973,1,222,18,0,0,0,0,0
d002441,c_lee,0,med-features-v2,39556,1,388.05016203703701,779,779,56,56,2.007472425499591,0.72875000000000001,1,0,779,0,1,0,1,0,0,0,0,1,0.5,0.5,1,0,0.36211414589934643,1,1558,25,0,0,0,0,0
d002442,c_fac_037,0,med-features-v2,39567,1,388.07921296296297,278,278,21,21,0.7163485976934596,0.741724537037037,1,0,37219,0,1,1,1,0,0,0,0,1,0.76923076923076916,0.76923076923076916,1,0,0.44346642318061741,1,556,27,0,0,0,0,0
d002443,c_noah,0,med-features-v2,39578,1,388.10826388888887,3180,2671,229,192,8.1935900259789349,0.081527777777777782,1,0,37230,0,1,1,4,1,2505,1,0.78773584905660377,1,0.40000000000000002,0.33333333333333337,1,0,0.57572629171180345,1,5847,28,0,0,0,0,0
d002443,c_elena,1,med-features-v2,39578,1,388.10826388888887,2839,334,204,24,7.3149692087277343,0.081875000000000003,1,0,37230,0,1,1,4,1,2505,1,0.88235294117647056,1,0.45454545454545459,0.80000000000000004,1,0,0.72329221295810764,1,3173,28,0,0,0,0,0
d002443,c_taylor,2,med-features-v2,39578,1,388.10826388888887,2340,336,168,24,6.0292454908146871,0.081875000000000003,1,0,37230,0,1,1,4,1,2004,1,0.85641025641025637,1,0.46153846153846156,0.33333333333333337,1,0,0.72819919441213277,1,2676,28,0,0,0,0,0
d002443,c_chris,3,med-features-v2,39578,1,388.10826388888887,2839,835,204,60,7.3149692087277343,0.081875000000000003,1,0,37230,0,1,1,4,1,2505,1,0.88235294117647056,1,0.33333333333333337,0.33333333333333337,1,0,0.66444127124160446,1,3674,28,0,0,0,0,0
d000126,c_chris,0,med-features-v2,39583,1,388.12145833333335,2840,835,204,60,7.3172970445785062,0.013194444444444444,1,0,37235,0,1,1,2,1,0,0,0,1,0.33333333333333337,0.33333333333333337,1,0,0.37117223987390585,1,3675,19,0,0,0,0,0
d000126,c_pat,1,med-features-v2,39583,1,388.12145833333335,780,780,56,56,2.0096801742152235,0.068310185185185182,1,0,780,0,1,0,2,1,0,0,0,1,0.77777777777777779,0.33333333333333337,1,0,0.024868935481135251,1,1560,19,0,0,0,0,0
d002444,c_fac_011,0,med-features-v2,39590,1,388.13995370370372,279,279,20,20,0.71881288524340259,0.87981481481481483,1,0,37242,0,1,1,1,0,0,0,0,1,0.66666666666666674,0.66666666666666674,1,0,0.29002143849532508,1,558,25,0,0,0,0,0
d002445,c_fac_030,0,med-features-v2,39601,1,388.16900462962963,279,279,20,20,0.71875908862482996,0.98238425925925921,1,0,37253,0,1,1,1,0,0,0,0,1,0.81818181818181812,0.81818181818181812,1,1,0.25952640873991145,1,558,26,0,0,0,0,0
d002446,c_fac_049,0,med-features-v2,39612,1,388.19805555555558,279,279,20,20,0.71870530005803157,0.98203703703703704,1,0,37264,0,1,1,1,0,0,0,0,1,0.72727272727272729,0.72727272727272729,1,0,0.32828004568968827,1,558,15,0,0,0,0,0
d002447,c_fac_065,0,med-features-v2,39623,1,388.22710648148148,278,278,20,20,0.71607570764320305,0.88854166666666667,1,0,37275,0,1,1,1,0,0,0,0,1,0.80000000000000004,0.80000000000000004,1,1,0.27242230867954315,1,556,19,0,0,0,0,0
d002448,c_alex_chen,0,med-features-v2,39630,1,388.25615740740739,1280,1168,92,84,3.2967925313721742,0.2267824074074074,1,0,37282,0,1,1,1,0,0,0,0,1,0.88888888888888884,0.88888888888888884,1,1,0.17627045039019631,1,2448,18,0,0,0,0,0
d002449,c_fac_002,0,med-features-v2,39641,1,388.28520833333334,278,278,20,20,0.71596855618909849,0.22414351851851852,1,0,37290,0,1,1,1,0,0,0,0,1,0.76923076923076916,0.76923076923076916,1,0,0.37713565204871308,1,556,18,0,0,0,0,0
d002450,c_fac_037,0,med-features-v2,39652,1,388.31425925925925,279,279,21,21,0.71849022627243975,0.23469907407407409,1,0,37301,0,1,1,1,0,0,0,0,1,0.76923076923076916,0.76923076923076916,1,0,0.44676138832278173,1,558,27,0,0,0,0,0
d002451,c_fac_070,0,med-features-v2,39663,1,388.34328703703704,278,278,20,20,0.71586147946851619,0.99736111111111114,1,0,37312,0,1,1,1,0,0,0,0,1,0.80000000000000004,0.80000000000000004,1,1,0.28527659848293641,1,556,19,0,0,0,0,0
d002452,c_fac_089,0,med-features-v2,39674,1,388.37233796296294,279,279,20,20,0.71838278046107085,0.99944444444444447,1,0,37323,0,1,1,1,0,0,0,0,1,0.80000000000000004,0.80000000000000004,1,1,0.35379119698537392,1,558,26,0,0,0,0,0
d002453,c_morgan_zhao,0,med-features-v2,39684,1,389.02449074074076,1059,947,76,68,2.7221936541413116,0.75215277777777778,1,0,37333,0,1,1,1,0,0,0,0,1,0.81818181818181812,0.81818181818181812,1,1,0.46998621832547899,1,2006,15,0,0,0,0,0
d002454,c_jamie_li,0,med-features-v2,39694,1,389.05145833333336,1060,948,76,68,2.7245753159259674,0.036412037037037034,1,0,37340,0,1,1,1,0,0,0,0,1,0.77777777777777779,0.77777777777777779,1,0,0.31460961276003396,1,2008,15,0,0,0,0,0
d002455,c_fac_043,0,med-features-v2,39704,1,389.0784259259259,278,278,20,20,0.71450890482662388,1.8721990740740742,1,0,37350,0,1,1,1,0,0,0,0,1,0.75,0.75,1,0,0.40597752873206971,1,556,18,0,0,0,0,0
d002456,c_lena,0,med-features-v2,39715,1,389.10537037037039,669,334,48,24,1.7193286213531609,0.061273148148148146,1,0,37361,0,1,1,1,0,0,0,0,1,0.46153846153846156,0.80000000000000004,1,0,0.56916915705133697,1,1003,26,0,0,0,0,0
d000058,c_alex_chen,0,med-features-v2,39716,1,389.10782407407407,1284,1172,92,84,3.2998565450474371,0.058472222222222224,1,0,37362,0,1,1,1,0,0,0,0,1,0.88888888888888884,0.88888888888888884,1,1,0.18748530930854335,1,2456,17,0,0,0,0,0
d002457,c_ren,0,med-features-v2,39726,1,389.13479166666667,782,782,56,56,2.0095864382896456,0.1025925925925926,1,0,782,0,1,0,1,0,0,0,0,1,0.54545454545454541,0.5,1,0,0.51042017555105723,1,1564,14,0,0,0,0,0
d002458,c_fac_016,0,med-features-v2,39737,1,389.16175925925927,280,280,20,20,0.71949515423344623,1.0135416666666666,1,0,37380,0,1,1,1,0,0,0,0,1,0.66666666666666674,0.66666666666666674,1,0,0.28524092223786257,1,560,14,0,0,0,0,0
d002459,c_fac_035,0,med-features-v2,39748,1,389.18870370370371,280,280,21,21,0.71944534190069653,1.0114351851851853,1,0,37391,0,1,1,1,0,0,0,0,1,0.66666666666666674,0.66666666666666674,1,0,0.40428042556477595,1,560,26,0,0,0,0,0
d002460,c_fac_051,0,med-features-v2,39759,1,389.21567129629631,279,279,20,20,0.71682622405922358,1.0093518518518518,1,0,37402,0,1,1,1,0,0,0,0,1,0.72727272727272729,0.72727272727272729,1,0,0.28817734335619544,1,558,14,0,0,0,0,0
d002461,c_hana,0,med-features-v2,503,1,389.18460648148147,223,223,16,16,0.57299285810938405,0.200625,1,0,503,0,1,1,1,0,0,0,0,1,0.38461538461538458,0.5,1,0,0.56142340323154105,1,446,16,0,0,0,0,0
d002462,c_fac_023,0,med-features-v2,39779,1,389.2696064814815,280,280,20,20,0.71929581795726527,0.20064814814814816,1,0,37422,0,1,1,1,0,0,0,0,1,0.84615384615384615,0.84615384615384615,1,1,0.35546379641021586,1,560,18,0,0,0,0,0
d002463,c_chris,0,med-features-v2,39790,1,389.29655092592594,2854,839,204,60,7.3311720671859986,0.051458333333333335,1,0,37433,0,1,1,4,1,2518,1,0.88227049754730202,1,0.33333333333333337,0.33333333333333337,1,0,0.43924467432348308,1,3693,28,0,0,0,0,0
d002463,c_noah,1,med-features-v2,39790,1,389.29655092592594,3197,2686,229,192,8.2122484578814436,0.051111111111111114,1,0,37433,0,1,1,4,1,2518,1,0.78761338755082888,1,0.40000000000000002,0.33333333333333337,1,0,0.20611648834287327,1,5879,28,0,0,0,0,0
d002463,c_elena,2,med-features-v2,39790,1,389.29655092592594,2854,336,204,24,7.3311720671859986,0.051458333333333335,1,0,37433,0,1,1,4,1,2518,1,0.88227049754730202,1,0.45454545454545459,0.80000000000000004,1,0,0.32255407201884978,1,3190,28,0,0,0,0,0
d002463,c_marcus,3,med-features-v2,39790,1,389.29655092592594,727,224,52,16,1.8674709505410727,0.048657407407407406,1,0,37433,0,1,1,4,1,503,1,0.69188445667125176,1,0.41666666666666663,0.33333333333333337,1,0,0.62521436347634207,1,951,28,0,0,0,0,0
d002464,c_pat,0,med-features-v2,39800,1,389.32351851851854,783,783,56,56,2.0111808374164681,0.19083333333333333,1,0,783,0,1,0,1,0,0,0,0,1,0.77777777777777779,0.33333333333333337,1,0,0.43268966107816614,1,1566,16,0,0,0,0,0
d002465,c_fac_072,0,med-features-v2,39811,1,389.35048611111114,279,279,20,20,0.71657801891219475,1.0174074074074073,1,0,37451,0,1,1,1,0,0,0,0,1,0.72727272727272729,0.72727272727272729,1,0,0.28303082672146457,1,558,15,0,0,0,0,0
d002466,c_alex_chan,0,med-features-v2,39822,1,392.00238425925926,1064,1064,76,76,2.7142692053023345,2.7005787037037039,1,0,37462,0,1,1,1,0,0,0,0,1,0.88888888888888884,0.88888888888888884,1,1,0.39052071978541658,1,2128,24,0,0,0,0,0
d002467,c_lee,0,med-features-v2,39832,1,392.02884259259258,784,784,56,56,1.999852854742004,2.7074305555555553,1,0,784,0,1,0,1,0,0,0,0,1,0.5,0.5,1,0,0.4581751625072249,1,1568,16,0,0,0,0,0
d002468,c_morgan_shaw,0,med-features-v2,39842,1,392.0552777777778,1065,1065,76,76,2.7164536746873136,0.038124999999999999,1,0,37479,0,1,1,1,0,0,0,0,1,0.81818181818181812,0.81818181818181812,1,1,0.31607394748493683,1,2130,26,0,0,0,0,0
d002469,c_fac_049,0,med-features-v2,39853,1,392.08171296296297,280,280,20,20,0.71413685143343963,3.8833101851851852,1,0,37490,0,1,1,1,0,0,0,0,1,0.72727272727272729,0.72727272727272729,1,0,0.34663871366630861,1,560,18,0,0,0,0,0
d002470,c_alex_chen,0,med-features-v2,39864,1,392.10817129629629,1290,1178,92,84,3.2899084855469956,0.066967592592592592,1,0,37501,0,1,1,1,0,0,0,0,1,0.88888888888888884,0.88888888888888884,1,1,0.51842822336752026,1,2468,15,0,0,0,0,0
d000386,c_lee,0,med-features-v2,39873,1,392.13219907407409,785,785,56,56,2.0018759027021722,0.10300925925925926,1,0,785,0,1,0,1,0,0,0,0,1,0.5,0.5,1,0,0.44250780606711254,1,1570,23,0,0,0,0,0
d002471,c_ren,0,med-features-v2,39875,1,392.13701388888887,785,785,56,56,2.0018513228706025,0.10303240740740741,1,0,785,0,1,0,1,0,0,0,0,1,0.54545454545454541,0.5,1,0,0.51228888881315371,1,1570,14,0,0,0,0,0
d002472,c_fac_017,0,med-features-v2,39886,1,392.16344907407409,281,281,20,20,0.71653796564534777,2.9988888888888887,1,0,37520,0,1,1,1,0,0,0,0,1,0.81818181818181812,0.81818181818181812,1,1,0.28987440602636494,1,562,19,0,0,0,0,0
d002473,c_fac_036,0,med-features-v2,39897,1,392.18988425925926,281,281,21,21,0.7164896680870112,2.9983796296296297,1,0,37531,0,1,1,1,0,0,0,0,1,0.69230769230769229,0.69230769230769229,1,0,0.37615151778537342,1,562,26,0,0,0,0,0
d002474,c_fac_052,0,med-features-v2,39908,1,392.21634259259258,280,280,20,20,0.71389172146466318,2.9978703703703702,1,0,37542,0,1,1,1,0,0,0,0,1,0.72727272727272729,0.72727272727272729,1,0,0.28588347043623347,1,560,26,0,0,0,0,0
d002475,c_noah,0,med-features-v2,39918,1,392.2427777777778,3210,2696,229,192,8.1837070861725376,0.0092592592592592587,1,0,37552,0,1,1,5,1,2528,1,0.78753894080996889,1,0.40000000000000002,0.33333333333333337,1,0,0.60600227407031992,1,5902,17,0,0,0,0,0
d002475,c_elena,1,med-features-v2,39918,1,392.2427777777778,2864,336,204,24,7.301600341058613,0.0096064814814814815,1,0,37552,0,1,1,5,1,2528,1,0.88268156424581001,1,0.45454545454545459,0.80000000000000004,1,0,0.72116576528639775,1,3200,17,0,0,0,0,0
d002475,c_taylor,2,med-features-v2,39918,1,392.2427777777778,2360,338,168,24,6.0166818452857287,0.0096064814814814815,1,0,37552,0,1,1,5,1,2022,1,0.85677966101694913,1,0.46153846153846156,0.33333333333333337,1,0,0.73369424364619273,1,2698,17,0,0,0,0,0
d002475,c_chris,3,med-features-v2,39918,1,392.2427777777778,2866,844,204,60,7.3066992239783461,0.0096064814814814815,1,0,37552,0,1,1,5,1,2528,1,0.88206559665038387,1,0.33333333333333337,0.33333333333333337,1,0,0.60984185628397769,1,3710,17,0,0,0,0,0
d002475,c_lena,4,med-features-v2,39918,1,392.2427777777778,673,336,48,24,1.7157741024903792,0.19710648148148149,1,0,37552,0,1,1,5,1,337,1,0.50074294205052006,1,0.46153846153846156,0.80000000000000004,1,0,0.58161148024185561,1,1009,17,0,0,0,0,0
d002476,c_fac_029,0,med-features-v2,39929,1,392.26921296296297,282,282,20,20,0.71889404184932992,0.19675925925925927,1,0,37563,0,1,1,1,0,0,0,0,1,0.76923076923076916,0.76923076923076916,1,0,0.42092686667015383,1,564,27,0,0,0,0,0
d002477,c_fac_084,0,med-features-v2,39940,1,392.29567129629629,281,281,20,20,0.7162964584122673,0.19678240740740741,1,0,37574,0,1,1,1,0,0,0,0,1,0.66666666666666674,0.66666666666666674,1,0,0.39716364875704274,1,562,27,0,0,0,0,0
d002478,c_morgan_zhao,0,med-features-v2,39950,1,392.32210648148146,1066,954,76,68,2.7171550682176964,0.19196759259259261,1,0,37584,0,1,1,1,0,0,0,0,1,0.81818181818181812,0.81818181818181812,1,1,0.40606370509480649,1,2020,25,0,0,0,0,0
d000279,c_noah,0,med-features-v2,39952,1,392.32692129629629,3213,2698,229,192,8.1895985862602902,0.014074074074074074,1,0,37585,0,1,1,6,1,2530,0.59999999999999998,0.78742608154372862,1,0.40000000000000002,0.33333333333333337,1,0,0.57546343073065409,1,5907,28,0,0,0,0,0
d000279,c_elena,1,med-features-v2,39952,1,392.32692129629629,2866,336,204,24,7.3051321345228724,0.02886574074074074,1,0,37585,0,1,1,6,1,2530,0.59999999999999998,0.88276343335659457,1,0.45454545454545459,0.80000000000000004,1,0,0.7233672883146044,1,3202,28,0,0,0,0,0
d000279,c_taylor,2,med-features-v2,39952,1,392.32692129629629,2362,339,168,24,6.0204892190310622,0.026111111111111113,1,0,37585,0,1,1,6,1,2023,0.59999999999999998,0.85647756138865372,1,0.46153846153846156,0.33333333333333337,1,0,0.72750044963679339,1,2701,28,0,0,0,0,0
d000279,c_chris,3,med-features-v2,39952,1,392.32692129629629,2869,846,204,60,7.3127788185436575,0.018888888888888889,1,0,37585,0,1,1,6,1,2530,0.59999999999999998,0.88184036249564313,1,0.33333333333333337,0.33333333333333337,1,0,0.66386005920561242,1,3715,28,0,0,0,0,0
d000279,c_alex_chen,4,med-features-v2,39952,1,392.32692129629629,1293,1181,92,84,3.2957208129581557,0.021296296296296296,1,0,37585,0,1,1,6,1,0,0,0,1,0.88888888888888884,0.88888888888888884,1,1,0.19005481543604685,1,2474,28,0,0,0,0,0
d000279,c_lee,5,med-features-v2,39952,1,392.32692129629629,787,787,56,56,2.0059801081191559,0.0020601851851851853,1,0,787,0,1,0,6,1,0,0,0,1,0.5,0.5,1,0,0.15757291331978807,1,1574,28,0,0,0,0,0
d002479,c_fac_073,0,med-features-v2,39962,1,392.35094907407409,280,280,20,20,0.71364680182572271,3.0565046296296297,1,0,37593,0,1,1,1,0,0,0,0,1,0.72727272727272729,0.72727272727272729,1,0,0.22674831135679616,1,560,14,0,0,0,0,0
d000225,c_dir_114,0,med-features-v2,39966,1,392.36055555555555,0,0,0,0,0,3650,0,1,37597,0,1,1,1,0,0,0,0,0,0.63636363636363635,0.63636363636363635,1,0,0,0,0,15,0,0,0,0,0
d000127,c_fac_087,0,med-features-v2,39970,1,392.37018518518516,280,280,20,20,0.71361181499519311,2.9972916666666665,1,0,37601,0,1,1,2,1,0,0,0,1,0.75,0.75,1,0,0.26925842684398332,1,560,26,0,0,0,0,0
d000127,c_ren,1,med-features-v2,39970,1,392.37018518518516,787,787,56,56,2.0057589228614892,0.038124999999999999,1,0,787,0,1,0,2,1,0,0,0,1,0.54545454545454541,0.5,1,0,0.0921740896836514,1,1574,26,0,0,0,0,0
d000381,c_noah,0,med-features-v2,39972,1,393,3214,2699,228,192,8.1781170483460564,0.67273148148148143,1,0,37603,0,1,1,4,1,2531,1,0.78749222153080278,1,0.40000000000000002,0.33333333333333337,1,0,0.60268107053965403,1,5909,17,0,0,0,0,0
d000381,c_elena,1,med-features-v2,39972,1,393,2867,336,204,24,7.2951653944020354,0.67307870370370371,1,0,37603,0,1,1,4,1,2531,1,0.88280432507847928,1,0.45454545454545459,0.80000000000000004,1,0,0.73822878578891593,1,3203,17,0,0,0,0,0
d000381,c_taylor,2,med-features-v2,39972,1,393,2363,339,168,24,6.0127226463104329,0.67307870370370371,1,0,37603,0,1,1,4,1,2024,1,0.85653829877274645,1,0.46153846153846156,0.33333333333333337,1,0,0.75499180210113348,1,2702,17,0,0,0,0,0
d000381,c_chris,3,med-features-v2,39972,1,393,2870,846,204,60,7.3027989821882953,0.67307870370370371,1,0,37603,0,1,1,4,1,2531,1,0.88188153310104533,1,0.33333333333333337,0.33333333333333337,1,0,0.6234426997451562,1,3716,17,0,0,0,0,0
d002480,c_elena,0,med-features-v2,39974,1,393.01078703703706,2868,336,204,24,7.2975096221206819,0.010787037037037038,1,0,37605,0,1,1,1,0,0,0,0,1,0.45454545454545459,0.80000000000000004,1,0,0.55479610280561131,1,3204,15,0,0,0,0,0
d002481,c_morgan_shaw,0,med-features-v2,39983,1,393.04046296296298,1069,1069,76,76,2.7198217505171574,0.72041666666666671,1,0,37614,0,1,1,1,0,0,0,0,1,0.81818181818181812,0.81818181818181812,1,1,0.24308927466133795,1,2138,14,0,0,0,0,0
d002482,c_fac_020,0,med-features-v2,39994,1,393.07013888888889,281,281,20,20,0.71488513677054388,3.9031250000000002,1,0,37622,0,1,1,1,0,0,0,0,1,0.81818181818181812,0.81818181818181812,1,1,0.37408564086319929,1,562,16,0,0,0,0,0
d002483,c_fac_075,0,med-features-v2,40005,1,393.09981481481481,280,280,20,20,0.71228728543641029,3.7465277777777777,1,0,37633,0,1,1,1,0,0,0,0,1,0.72727272727272729,0.72727272727272729,1,0,0.36119040804248376,1,560,18,0,0,0,0,0
d002484,c_fac_008,0,med-features-v2,40016,1,393.12949074074072,281,281,20,20,0.7147772085745473,0.97770833333333329,1,0,37644,0,1,1,1,0,0,0,0,1,0.76923076923076916,0.76923076923076916,1,0,0.29767539675605303,1,562,14,0,0,0,0,0
d002485,c_fac_027,0,med-features-v2,40027,1,393.15916666666669,282,282,20,20,0.71726675583044186,0.98094907407407406,1,0,37655,0,1,1,1,0,0,0,0,1,0.75,0.75,1,0,0.38978405180844161,1,564,26,0,0,0,0,0
d002486,c_fac_044,0,med-features-v2,40038,1,393.18884259259261,282,282,20,20,0.71721262012563702,0.91206018518518517,1,0,37666,0,1,1,1,0,0,0,0,1,0.81818181818181812,0.81818181818181812,1,1,0.23020243695452999,1,564,14,0,0,0,0,0
d002487,c_fac_062,0,med-features-v2,40049,1,393.21851851851852,281,281,20,20,0.7146153773700421,0.9874074074074074,1,0,37677,0,1,1,1,0,0,0,0,1,0.75,0.75,1,0,0.37955633633604147,1,562,26,0,0,0,0,0
d000189,c_fac_001,0,med-features-v2,40056,1,393.23740740740743,281,281,20,20,0.71458105131100702,1.0976388888888888,1,0,37684,0,1,1,1,0,0,0,0,1,0.75,0.75,1,0,0.01128908191882907,1,562,14,0,0,0,0,0
d002488,c_marcus,0,med-features-v2,40057,1,393.25087962962965,732,225,52,16,1.8614071523232447,0.23166666666666666,1,0,37685,0,1,1,1,0,0,0,0,1,0.41666666666666663,0.33333333333333337,1,0,0.62333099519140345,1,957,19,0,0,0,0,0
d002489,c_morgan_zhao,0,med-features-v2,40068,1,393.28055555555557,1070,958,76,68,2.7207040492721482,0.010439814814814815,1,0,37694,0,1,1,1,0,0,0,0,1,0.81818181818181812,0.81818181818181812,1,1,0.31828248642269275,1,2028,15,0,0,0,0,0
d002490,c_fac_035,0,med-features-v2,40079,1,393.31023148148148,282,282,21,21,0.71699126396430302,0.23166666666666666,1,0,37704,0,1,1,1,0,0,0,0,1,0.66666666666666674,0.66666666666666674,1,0,0.31713258794730492,1,564,18,0,0,0,0,0
d002491,c_fac_085,0,med-features-v2,40090,1,393.3399074074074,281,281,20,20,0.71439483944595095,0.23435185185185184,1,0,37715,0,1,1,1,0,0,0,0,1,0.75,0.75,1,0,0.40043361467922062,1,562,27,0,0,0,0,0
d002492,c_fac_088,0,med-features-v2,40101,1,393.36958333333331,281,281,20,20,0.71434094527305225,0.99664351851851851,1,0,37726,0,1,1,1,0,0,0,0,1,0.63636363636363635,0.63636363636363635,1,0,0.29972915248028337,1,562,19,0,0,0,0,0
d002493,c_elena,0,med-features-v2,3666,1,394.02168981481481,733,733,52,52,1.8603036811108056,0.77620370370370373,1,0,3666,0,1,1,3,1,507,1,0.69167803547066853,1,0.45454545454545459,0.80000000000000004,1,0,0.56177755616832781,1,1466,28,0,0,0,0,0
d002493,c_taylor,1,med-features-v2,3666,1,394.02168981481481,731,224,52,16,1.8552278184065469,1.7119444444444445,1,0,3666,0,1,1,3,1,507,1,0.69357045143638851,1,0.46153846153846156,0.33333333333333337,1,0,0.67018911056100317,1,955,28,0,0,0,0,0
d002493,c_lena,2,med-features-v2,3666,1,394.02168981481481,507,0,36,0,1.286731195529575,1.7119444444444445,1,0,3666,0,1,1,3,1,507,1,1,1,0.46153846153846156,0.80000000000000004,1,0,0.72200889230776988,1,507,28,0,0,0,0,0
d002494,c_morgan_shaw,0,med-features-v2,40122,1,394.04900462962962,1072,1072,76,76,2.7204738177364081,0.029050925925925924,1,0,37744,0,1,1,2,1,112,1,0.1044776119402985,1,0.81818181818181812,0.81818181818181812,1,1,0.2554858950509804,1,2144,20,0,0,0,0,0
d002494,c_morgan_zhao,1,med-features-v2,40122,1,394.04900462962962,1072,960,76,68,2.7204738177364081,0.024166666666666666,1,0,37744,0,1,1,2,1,112,1,0.1044776119402985,1,0.81818181818181812,0.81818181818181812,1,1,0.23075612131471152,1,2032,20,0,0,0,0,0
d002495,c_fac_046,0,med-features-v2,40132,1,394.07597222222222,281,281,20,20,0.71306047515513615,1.8689120370370371,1,0,37754,0,1,1,1,0,0,0,0,1,0.81818181818181812,0.81818181818181812,1,1,0.38808871046124843,1,562,16,0,0,0,0,0
d002496,c_alex_chan,0,med-features-v2,40143,1,394.10293981481482,1073,1073,76,76,2.722638913843658,0.060925925925925925,1,0,37765,0,1,1,1,0,0,0,0,1,0.88888888888888884,0.88888888888888884,1,1,0.33373317453826834,1,2146,17,0,0,0,0,0
d002497,c_ren,0,med-features-v2,40153,1,394.12988425925926,790,790,56,56,2.0044153756185024,0.09768518518518518,1,0,790,0,1,0,1,0,0,0,0,1,0.54545454545454541,0.5,1,0,0.45446903323966614,1,1580,23,0,0,0,0,0
d002498,c_fac_010,0,med-features-v2,40164,1,394.15685185185185,283,283,20,20,0.7179882797175593,0.8651388888888889,1,0,37780,0,1,1,1,0,0,0,0,1,0.64285714285714279,0.64285714285714279,1,0,0.26231515084587881,1,566,14,0,0,0,0,0
d002499,c_fac_029,0,med-features-v2,40175,1,394.18381944444445,284,284,20,20,0.72047604693735134,1.018912037037037,1,0,37791,0,1,1,1,0,0,0,0,1,0.76923076923076916,0.76923076923076916,1,0,0.29370458886111145,1,568,26,0,0,0,0,0
d002500,c_fac_045,0,med-features-v2,40186,1,394.21076388888889,282,282,20,20,0.71535337396186294,0.89208333333333334,1,0,37802,0,1,1,1,0,0,0,0,1,0.76923076923076916,0.76923076923076916,1,0,0.28441118547239802,1,564,15,0,0,0,0,0
d002501,c_priya,0,med-features-v2,40197,1,394.23773148148149,565,565,40,40,1.4331454218672108,0.200625,1,0,37813,0,1,1,1,0,0,0,0,1,0.45454545454545459,0.40000000000000002,1,0,0.37715160797376279,1,1130,17,0,0,0,0,0
d002502,c_fac_021,0,med-features-v2,40207,1,394.26469907407409,283,283,20,20,0.7177918811007481,0.20064814814814816,1,0,37823,0,1,1,1,0,0,0,0,1,0.76923076923076916,0.76923076923076916,1,0,0.36397874934168395,1,566,18,0,0,0,0,0
d002503,c_fac_076,0,med-features-v2,40218,1,394.29166666666669,282,282,20,20,0.71520659410334986,0.20064814814814816,1,0,37834,0,1,1,1,0,0,0,0,1,0.72727272727272729,0.72727272727272729,1,0,0.37279567749404657,1,564,18,0,0,0,0,0
d002504,c_morgan_zhao,0,med-features-v2,40228,1,394.31861111111112,1075,961,76,68,2.7262218158327971,0.068611111111111109,1,0,37844,0,1,1,1,0,0,0,0,1,0.81818181818181812,0.81818181818181812,1,1,0.46843322645914276,1,2036,15,0,0,0,0,0
d002505,c_fac_070,0,med-features-v2,40239,1,394.34557870370372,282,282,20,20,0.71510881630014189,1.0134027777777779,1,0,37852,0,1,1,1,0,0,0,0,1,0.80000000000000004,0.80000000000000004,1,1,0.29391014969444546,1,564,15,0,0,0,0,0
d002506,c_fac_089,0,med-features-v2,40250,1,394.37254629629632,283,283,20,20,0.71759558990036565,0.99990740740740736,1,0,37863,0,1,1,1,0,0,0,0,1,0.80000000000000004,0.80000000000000004,1,1,0.28020688816630701,1,566,19,0,0,0,0,0
d000319,c_new_188,0,med-features-v2,40251,1,394.3965162037037,0,0,0,0,0,3650,0,1,0,1,0,0,1,0,0,0,0,0,0.80000000000000004,0.80000000000000004,1,1,0,0,0,14,0,0,0,0,0
d000309,c_new_178,0,med-features-v2,40252,1,394.46862268518521,0,0,0,0,0,3650,0,1,37864,0,1,1,1,0,0,0,0,0,0.69230769230769229,0.69230769230769229,1,0,0,0,0,13,0,0,0,0,0
d000365,c_maya,0,med-features-v2,0,0,0,0,0,0,0,0,3650,0,1,0,1,1,1,2,1,0,0,0,0,0.33333333333333337,0.5,1,0,0,0,0,14,0,0,0,0,0
d000365,c_noah,1,med-features-v2,0,0,0,0,0,0,0,0,3650,0,1,0,1,1,1,2,1,0,0,0,0,0.40000000000000002,0.33333333333333337,1,0,0,0,0,14,0,0,0,0,0
d000375,c_noah,0,med-features-v2,40254,1,394.52660879629627,3234,2716,228,192,8.1971657371018871,0.19783564814814814,1,0,37866,0,1,1,1,0,0,0,0,1,0.40000000000000002,0.33333333333333337,1,0,0,0,5946,0,0,1,1,1,0
d002507,c_noah,0,med-features-v2,40262,1,395.0263888888889,3237,2718,229,192,8.194389263727107,0.010208333333333333,1,0,37874,0,1,1,4,1,2549,1,0.7874575223972814,1,0.40000000000000002,0.33333333333333337,1,0,0.60628876962731026,1,5950,17,0,0,0,0,0
d002507,c_elena,1,med-features-v2,40262,1,395.0263888888889,2889,340,204,24,7.3134354596563522,0.015486111111111112,1,0,37874,0,1,1,4,1,2549,1,0.88231221876081689,1,0.45454545454545459,0.80000000000000004,1,0,0.72181614150268003,1,3229,17,0,0,0,0,0
d002507,c_taylor,2,med-features-v2,40262,1,395.0263888888889,2381,342,168,24,6.0274454238289286,0.026388888888888889,1,0,37874,0,1,1,4,1,2039,1,0.85636287274254519,1,0.46153846153846156,0.33333333333333337,1,0,0.7351326333726228,1,2723,17,0,0,0,0,0
d002507,c_chris,3,med-features-v2,40262,1,395.0263888888889,2889,850,204,60,7.3134354596563522,0.012847222222222222,1,0,37874,0,1,1,4,1,2549,1,0.88231221876081689,1,0.33333333333333337,0.33333333333333337,1,0,0.61085923932297137,1,3739,17,0,0,0,0,0
d002508,c_morgan_shaw,0,med-features-v2,40272,1,395.0554398148148,1077,1077,76,76,2.7261996455607642,0.010208333333333333,1,0,37882,0,1,1,1,0,0,0,0,1,0.81818181818181812,0.81818181818181812,1,1,0.31656635874004024,1,2154,26,0,0,0,0,0
d002509,c_fac_047,0,med-features-v2,40283,1,395.08449074074076,282,282,20,20,0.71377137450088324,1.8926157407407407,1,0,37892,0,1,1,1,0,0,0,0,1,0.84615384615384615,0.84615384615384615,1,1,0.40013194687018239,1,564,16,0,0,0,0,0
d002510,c_hana,0,med-features-v2,40294,1,395.11354166666666,283,283,20,20,0.71624981215842498,0.97104166666666669,1,0,37903,0,1,1,1,0,0,0,0,1,0.38461538461538458,0.5,1,0,0.29260157170785811,1,566,14,0,0,0,0,0
d002511,c_fac_014,0,med-features-v2,40305,1,395.14259259259262,285,285,20,20,0.72125861737675567,0.98048611111111106,1,0,37914,0,1,1,1,0,0,0,0,1,0.76923076923076916,0.76923076923076916,1,0,0.30949144338772966,1,570,15,0,0,0,0,0
d002512,c_fac_031,0,med-features-v2,40316,1,395.17164351851852,284,284,20,20,0.71867504831907603,0.90168981481481481,1,0,37925,0,1,1,1,0,0,0,0,1,0.84615384615384615,0.84615384615384615,1,1,0.27800707027679722,1,568,14,0,0,0,0,0
d002513,c_fac_050,0,med-features-v2,40327,1,395.20069444444442,283,283,20,20,0.71609185909409601,0.98222222222222222,1,0,37936,0,1,1,1,0,0,0,0,1,0.75,0.75,1,0,0.27169824911837148,1,566,19,0,0,0,0,0
d000128,c_fac_065,0,med-features-v2,40337,1,395.22710648148148,283,283,20,20,0.71604400446976957,0.88854166666666667,1,0,37946,0,1,1,2,1,0,0,0,1,0.80000000000000004,0.80000000000000004,1,1,0.27942442782746418,1,566,26,0,0,0,0,0
d000128,c_lee,1,med-features-v2,40337,1,395.22710648148148,794,794,56,56,2.0089715178409788,0.17659722222222221,1,0,794,0,1,0,2,1,0,0,0,1,0.5,0.5,1,0,0.089524577092582241,1,1588,26,0,0,0,0,0
d002514,c_fac_069,0,med-features-v2,40339,1,395.23238425925928,284,284,20,20,0.7185645997411626,0.88891203703703703,1,0,37948,0,1,1,1,0,0,0,0,1,0.75,0.75,1,0,0.32870783163309791,1,568,15,0,0,0,0,0
d000190,c_fac_002,0,med-features-v2,40341,1,395.23766203703701,283,283,20,20,0.71602488118523633,0.17659722222222221,1,0,37950,0,1,1,1,0,0,0,0,1,0.76923076923076916,0.76923076923076916,1,0,0.070486762800756636,1,566,26,0,0,0,0,0
d002515,c_alex_chan,0,med-features-v2,40347,1,395.26407407407407,1079,1079,76,76,2.7298205700267895,0.010208333333333333,1,0,37956,0,1,1,1,0,0,0,0,1,0.88888888888888884,0.88888888888888884,1,1,0.32005941426538964,1,2158,26,0,0,0,0,0
d002516,c_fac_017,0,med-features-v2,40358,1,395.29312499999997,284,284,20,20,0.71845418510630565,0.22412037037037036,1,0,37964,0,1,1,1,0,0,0,0,1,0.81818181818181812,0.81818181818181812,1,1,0.37104463037352764,1,568,18,0,0,0,0,0
d002517,c_fac_052,0,med-features-v2,40369,1,395.32217592592593,283,283,20,20,0.7158718059191993,0.23469907407407409,1,0,37975,0,1,1,1,0,0,0,0,1,0.72727272727272729,0.72727272727272729,1,0,0.39720367520597116,1,566,16,0,0,0,0,0
d002518,c_fac_075,0,med-features-v2,40380,1,395.35122685185183,283,283,20,20,0.71581920272134958,0.99793981481481486,1,0,37986,0,1,1,1,0,0,0,0,1,0.72727272727272729,0.72727272727272729,1,0,0.26339520215394474,1,566,14,0,0,0,0,0
d002519,c_alex_chan,0,med-features-v2,40391,1,396.00488425925926,1080,1080,76,76,2.7272390895384464,0.74046296296296299,1,0,37997,0,1,1,1,0,0,0,0,1,0.88888888888888884,0.88888888888888884,1,1,0.38834131179007059,1,2160,24,0,0,0,0,0
d002520,c_ren,0,med-features-v2,40401,1,396.03185185185185,795,795,56,56,2.0074142932760739,0.7489351851851852,1,0,795,0,1,0,1,0,0,0,0,1,0.54545454545454541,0.5,1,0,0.44912869853410947,1,1590,16,0,0,0,0,0
d000280,c_noah,0,med-features-v2,40405,1,396.04409722222221,3248,2728,229,192,8.2011069544549535,0.0094444444444444445,1,0,38008,0,1,1,7,1,2557,0.66666666666666663,0.78725369458128081,1,0.40000000000000002,0.33333333333333337,1,0,0.60313123073499753,1,5971,17,0,0,0,0,0
d000280,c_elena,1,med-features-v2,40405,1,396.04409722222221,2899,342,204,24,7.319891952267521,0.0097916666666666673,1,0,38008,0,1,1,7,1,2557,0.66666666666666663,0.88202828561572955,1,0.45454545454545459,0.80000000000000004,1,0,0.7387725095555574,1,3241,17,0,0,0,0,0
d000280,c_taylor,2,med-features-v2,40405,1,396.04409722222221,2388,342,168,24,6.0296315908985303,0.0097916666666666673,1,0,38008,0,1,1,7,1,2046,0.66666666666666663,0.85678391959798994,1,0.46153846153846156,0.33333333333333337,1,0,0.75538374610876113,1,2730,17,0,0,0,0,0
d000280,c_chris,3,med-features-v2,40405,1,396.04409722222221,2899,853,204,60,7.319891952267521,0.0097916666666666673,1,0,38008,0,1,1,7,1,2557,0.66666666666666663,0.88202828561572955,1,0.33333333333333337,0.33333333333333337,1,0,0.6246055516225143,1,3752,17,0,0,0,0,0
d000280,c_lena,4,med-features-v2,40405,1,396.04409722222221,680,340,48,24,1.716980520021357,0.041319444444444443,1,0,38008,0,1,1,7,1,340,0.66666666666666663,0.5,1,0.46153846153846156,0.80000000000000004,1,0,0.60100081729340993,1,1020,17,0,0,0,0,0
d000280,c_alex_chan,5,med-features-v2,40405,1,396.04409722222221,1081,1081,76,76,2.7294940325633634,0.038865740740740742,1,0,38008,0,1,1,7,1,0,0,0,1,0.88888888888888884,0.88888888888888884,1,1,0.14702279980923749,1,2162,17,0,0,0,0,0
d000280,c_pat,6,med-features-v2,40405,1,396.04409722222221,796,796,56,56,2.0098771969661771,0.014351851851851852,1,0,796,0,1,0,7,1,0,0,0,1,0.77777777777777779,0.33333333333333337,1,0,0.018856385667967671,1,1592,17,0,0,0,0,0
d002521,c_fac_008,0,med-features-v2,40411,1,396.06127314814813,283,283,20,20,0.71453590438301406,1.9089814814814814,1,0,38014,0,1,1,1,0,0,0,0,1,0.76923076923076916,0.76923076923076916,1,0,0.35636726069126351,1,566,18,0,0,0,0,0
d002522,c_fac_063,0,med-features-v2,40422,1,396.08821759259257,283,283,20,20,0.71448729709775771,1.754537037037037,1,0,38025,0,1,1,1,0,0,0,0,1,0.75,0.75,1,0,0.40866825092252035,1,566,27,0,0,0,0,0
d002523,c_jamie_lee,0,med-features-v2,40433,1,396.11518518518517,1081,1081,76,76,2.7290041897652291,0.1025925925925926,1,0,38036,0,1,1,1,0,0,0,0,1,0.77777777777777779,0.77777777777777779,1,0,0.37866995020510041,1,2162,24,0,0,0,0,0
d002524,c_fac_002,0,med-features-v2,40443,1,396.14215277777777,284,284,20,20,0.716914365231196,0.85659722222222223,1,0,38043,0,1,1,1,0,0,0,0,1,0.76923076923076916,0.76923076923076916,1,0,0.25710431731566519,1,568,15,0,0,0,0,0
d002525,c_fac_021,0,med-features-v2,40454,1,396.16909722222221,285,285,20,20,0.7193897807736771,1.0129629629629631,1,0,38054,0,1,1,1,0,0,0,0,1,0.76923076923076916,0.76923076923076916,1,0,0.291148708457242,1,570,26,0,0,0,0,0
d002526,c_fac_040,0,med-features-v2,40465,1,396.1960648148148,284,284,20,20,0.7168168117286674,1.0108796296296296,1,0,38065,0,1,1,1,0,0,0,0,1,0.66666666666666674,0.66666666666666674,1,0,0.32368663305555861,1,568,15,0,0,0,0,0
d002527,c_fac_056,0,med-features-v2,40476,1,396.2230324074074,284,284,20,20,0.71676802399509021,1.0087962962962962,1,0,38076,0,1,1,1,0,0,0,0,1,0.75,0.75,1,0,0.29618915469982476,1,568,14,0,0,0,0,0
d002528,c_alex_chen,0,med-features-v2,40486,1,396.25,1309,1195,92,84,3.3034700315457415,0.0094675925925925934,1,0,38086,0,1,1,1,0,0,0,0,1,0.88888888888888884,0.88888888888888884,1,1,0.27494788983068763,1,2504,15,0,0,0,0,0
d002529,c_fac_038,0,med-features-v2,40496,1,396.27694444444444,284,284,20,20,0.71667051031230267,0.200625,1,0,38096,0,1,1,1,0,0,0,0,1,0.76923076923076916,0.76923076923076916,1,0,0.33021792458485349,1,568,18,0,0,0,0,0
d000350,c_fac_038,0,med-features-v2,40500,1,396.28605324074073,285,285,20,20,0.71917746705777885,0.0087615740740740744,1,0,38100,0,1,1,1,0,0,0,0,1,0.76923076923076916,0.76923076923076916,1,0,0.46719024197218112,1,570,27,0,0,0,0,0
d002530,c_alex_chen,0,med-features-v2,40508,1,396.30391203703704,1310,1196,92,84,3.3055439530396873,0.053564814814814815,1,0,38108,0,1,1,1,0,0,0,0,1,0.88888888888888884,0.88888888888888884,1,1,0.51947103334531886,1,2506,15,0,0,0,0,0
d002531,c_fac_078,0,med-features-v2,40518,1,396.33087962962964,284,284,20,20,0.716572981306421,0.23495370370370369,1,0,38115,0,1,1,1,0,0,0,0,1,0.80000000000000004,0.80000000000000004,1,1,0.36084302404964336,1,568,18,0,0,0,0,0
d002532,c_fac_077,0,med-features-v2,40529,1,396.35782407407407,284,284,20,20,0.7165242686036245,1.0221064814814815,1,0,38126,0,1,1,1,0,0,0,0,1,0.75,0.75,1,0,0.2588120124208303,1,568,25,0,0,0,0,0
d002533,c_chris,0,med-features-v2,40540,1,399.00960648148146,2908,855,204,60,7.2880450815285425,0.0096064814814814815,1,0,38137,0,1,1,4,1,2566,1,0.88239339752407153,1,0.33333333333333337,0.33333333333333337,1,0,0.45168423429176213,1,3763,16,0,0,0,0,0
d002533,c_noah,1,med-features-v2,40540,1,399.00960648148146,3259,2737,229,192,8.1677231501724616,0.0092592592592592587,1,0,38137,0,1,1,4,1,2566,1,0.78735808530223994,1,0.40000000000000002,0.33333333333333337,1,0,0.20767906731765537,1,5991,16,0,0,0,0,0
d002533,c_elena,2,med-features-v2,40540,1,399.00960648148146,2908,342,204,24,7.2880450815285425,0.0096064814814814815,1,0,38137,0,1,1,4,1,2566,1,0.88239339752407153,1,0.45454545454545459,0.80000000000000004,1,0,0.31361500431117634,1,3250,16,0,0,0,0,0
d002533,c_marcus,3,med-features-v2,40540,1,399.00960648148146,741,228,52,16,1.8570981449149415,2.7130555555555556,1,0,38137,0,1,1,4,1,513,1,0.69230769230769229,1,0.41666666666666663,0.33333333333333337,1,0,0.66005449352173773,1,969,16,0,0,0,0,0
d002534,c_noah,0,med-features-v2,40550,1,399.03604166666668,3261,2738,229,192,8.1721941365989803,0.011666666666666667,1,0,38144,0,1,1,4,1,2567,1,0.78718184605949093,1,0.40000000000000002,0.33333333333333337,1,0,0.60652550154156459,1,5994,17,0,0,0,0,0
d002534,c_elena,1,med-features-v2,40550,1,399.03604166666668,2909,342,204,24,7.2900683052334978,0.026435185185185187,1,0,38144,0,1,1,4,1,2567,1,0.88243382605706433,1,0.45454545454545459,0.80000000000000004,1,0,0.72172063462868052,1,3251,17,0,0,0,0,0
d002534,c_taylor,2,med-features-v2,40550,1,399.03604166666668,2396,343,168,24,6.0044701475900517,0.023680555555555555,1,0,38144,0,1,1,4,1,2053,1,0.85684474123539234,1,0.46153846153846156,0.33333333333333337,1,0,0.73519685440408244,1,2739,17,0,0,0,0,0
d002534,c_chris,3,med-features-v2,40550,1,399.03604166666668,2910,857,204,60,7.2925743445271491,0.016481481481481482,1,0,38144,0,1,1,4,1,2567,1,0.88213058419243984,1,0.33333333333333337,0.33333333333333337,1,0,0.6107636158606814,1,3767,17,0,0,0,0,0
d002535,c_fac_009,0,med-features-v2,40560,1,399.0625,286,286,20,20,0.71667971808927178,3.9274768518518517,1,0,38154,0,1,1,1,0,0,0,0,1,0.69230769230769229,0.69230769230769229,1,0,0.38027641606265961,1,572,18,0,0,0,0,0
d002536,c_fac_064,0,med-features-v2,40571,1,399.08893518518516,285,285,20,20,0.71412653890730982,3.8641203703703701,1,0,38165,0,1,1,1,0,0,0,0,1,0.66666666666666674,0.66666666666666674,1,0,0.35096538707934577,1,570,18,0,0,0,0,0
d000059,c_jamie_li,0,med-features-v2,40580,1,399.11055555555555,1084,970,76,68,2.7160394154223488,0.095787037037037032,1,0,38174,0,1,1,1,0,0,0,0,1,0.77777777777777779,0.77777777777777779,1,0,0.21274085512872681,1,2054,17,0,0,0,0,0
d002537,c_jamie_li,0,med-features-v2,40583,1,399.1177777777778,1084,970,76,68,2.71599026742315,0.10300925925925926,1,0,38177,0,1,1,1,0,0,0,0,1,0.77777777777777779,0.77777777777777779,1,0,0.39724260870011474,1,2054,14,0,0,0,0,0
d000060,c_morgan_zhao,0,med-features-v2,40584,1,399.12018518518516,1084,970,76,68,2.7159738851520174,0.093402777777777779,1,0,38178,0,1,1,1,0,0,0,0,1,0.81818181818181812,0.81818181818181812,1,1,0.25757260008089583,1,2054,24,0,0,0,0,0
d002538,c_fac_006,0,med-features-v2,40594,1,399.14662037037039,285,285,20,20,0.71402333241741323,2.9992361111111112,1,0,38185,0,1,1,1,0,0,0,0,1,0.81818181818181812,0.81818181818181812,1,1,0.31488257315166363,1,570,15,0,0,0,0,0
d002539,c_fac_023,0,med-features-v2,40605,1,399.17305555555555,286,286,20,20,0.71648122542227921,2.9031018518518517,1,0,38196,0,1,1,1,0,0,0,0,1,0.84615384615384615,0.84615384615384615,1,1,0.23201704440373661,1,572,14,0,0,0,0,0
d002540,c_fac_042,0,med-features-v2,40616,1,399.19951388888887,285,285,20,20,0.71392872507185823,2.9981944444444446,1,0,38207,0,1,1,1,0,0,0,0,1,0.66666666666666674,0.66666666666666674,1,0,0.2929268607137489,1,570,14,0,0,0,0,0
d002541,c_fac_058,0,med-features-v2,40627,1,399.22594907407409,285,285,20,20,0.7138814514963302,2.9388425925925925,1,0,38218,0,1,1,1,0,0,0,0,1,0.7142857142857143,0.7142857142857143,1,0,0.24428762567216261,1,570,14,0,0,0,0,0
d002542,c_morgan_shaw,0,med-features-v2,40637,1,399.25238425925926,1086,1086,76,76,2.7200839439315483,0.13185185185185186,1,0,38228,0,1,1,1,0,0,0,0,1,0.81818181818181812,0.81818181818181812,1,1,0.31703814626032278,1,2172,26,0,0,0,0,0
d002543,c_fac_049,0,med-features-v2,40648,1,399.27884259259258,286,286,20,20,0.71629139711723322,0.19678240740740741,1,0,38239,0,1,1,1,0,0,0,0,1,0.72727272727272729,0.72727272727272729,1,0,0.35215275221413095,1,572,18,0,0,0,0,0
d002544,c_alex_chen,0,med-features-v2,40659,1,399.3052777777778,1315,1201,92,84,3.2932196822397786,0.066967592592592592,1,0,38250,0,1,1,1,0,0,0,0,1,0.88888888888888884,0.88888888888888884,1,1,0.40917638987736915,1,2516,14,0,0,0,0,0
d002545,c_ren,0,med-features-v2,40669,1,399.33171296296297,800,800,56,56,2.0033470271222811,0.19435185185185186,1,0,800,0,1,0,1,0,0,0,0,1,0.54545454545454541,0.5,1,0,0.45406752302746539,1,1600,23,0,0,0,0,0
d002546,c_fac_078,0,med-features-v2,40680,1,399.35817129629629,285,285,20,20,0.71364509476519411,3.0269444444444447,1,0,38268,0,1,1,1,0,0,0,0,1,0.80000000000000004,0.80000000000000004,1,1,0.28382824366129755,1,570,25,0,0,0,0,0
d002547,c_elena,0,med-features-v2,40689,1,400.01078703703706,2919,342,204,24,7.2973032093000265,0.010787037037037038,1,0,38277,0,1,1,1,0,0,0,0,1,0.45454545454545459,0.80000000000000004,1,0,0.58112825680131797,1,3261,26,0,0,0,0,0
d002548,c_morgan_shaw,0,med-features-v2,40698,1,400.04046296296298,1088,1088,76,76,2.7197248796823099,0.72041666666666671,1,0,38286,0,1,1,1,0,0,0,0,1,0.81818181818181812,0.81818181818181812,1,1,0.25150346611450741,1,2176,25,0,0,0,0,0
d002549,c_fac_020,0,med-features-v2,40709,1,400.07013888888889,286,286,20,20,0.71487464871611051,3.9031250000000002,1,0,38294,0,1,1,1,0,0,0,0,1,0.81818181818181812,0.81818181818181812,1,1,0.38051486358552361,1,572,16,0,0,0,0,0
d002550,c_fac_075,0,med-features-v2,40720,1,400.09981481481481,285,285,20,20,0.71232224921651499,3.7465277777777777,1,0,38305,0,1,1,1,0,0,0,0,1,0.72727272727272729,0.72727272727272729,1,0,0.40949798985884234,1,570,27,0,0,0,0,0
d002551,c_fac_008,0,med-features-v2,40731,1,400.12949074074072,286,286,20,20,0.71476861020801485,0.97770833333333329,1,0,38316,0,1,1,1,0,0,0,0,1,0.76923076923076916,0.76923076923076916,1,0,0.26956487246794392,1,572,19,0,0,0,0,0
d002552,c_fac_027,0,med-features-v2,40742,1,400.15916666666669,287,287,20,20,0.71721460835375916,0.98094907407407406,1,0,38327,0,1,1,1,0,0,0,0,1,0.75,0.75,1,0,0.29301171853745761,1,574,15,0,0,0,0,0
d002553,c_fac_044,0,med-features-v2,40753,1,400.18884259259261,287,287,20,20,0.71716142344372369,0.91206018518518517,1,0,38338,0,1,1,1,0,0,0,0,1,0.81818181818181812,0.81818181818181812,1,1,0.30070562557545227,1,574,25,0,0,0,0,0
d000129,c_fac_058,0,med-features-v2,40762,1,400.21312499999999,286,286,20,20,0.71461924193515647,0.98682870370370368,1,0,38347,0,1,1,2,1,0,0,0,1,0.7142857142857143,0.7142857142857143,1,0,0.28744021174050183,1,572,26,0,0,0,0,0
d000129,c_pat,1,med-features-v2,40762,1,400.21312499999999,802,802,56,56,2.0039322798321519,0.16152777777777777,1,0,802,0,1,0,2,1,0,0,0,1,0.77777777777777779,0.33333333333333337,1,0,0.091233448201943262,1,1604,26,0,0,0,0,0
d002554,c_fac_063,0,med-features-v2,40765,1,400.22120370370368,286,286,20,20,0.71460481691953226,0.88432870370370376,1,0,38350,0,1,1,1,0,0,0,0,1,0.75,0.75,1,0,0.25360029673474427,1,572,26,0,0,0,0,0
d002555,c_marcus,0,med-features-v2,40772,1,400.25087962962965,745,229,52,16,1.8613325739330853,0.23166666666666666,1,0,38357,0,1,1,1,0,0,0,0,1,0.41666666666666663,0.33333333333333337,1,0,0.5572138807853787,1,974,26,0,0,0,0,0
d000351,c_fac_039,0,med-features-v2,40783,1,400.27927083333333,288,288,20,20,0.71949766322002795,0.098182870370370365,1,0,38366,0,1,1,1,0,0,0,0,1,0.76923076923076916,0.76923076923076916,1,0,0.078497900133394333,1,576,17,0,0,0,0,0
d002556,c_morgan_zhao,0,med-features-v2,40784,1,400.28055555555557,1089,975,76,68,2.720591807135273,0.010439814814814815,1,0,38367,0,1,1,1,0,0,0,0,1,0.81818181818181812,0.81818181818181812,1,1,0.31458451636885876,1,2064,15,0,0,0,0,0
d002557,c_fac_035,0,med-features-v2,40795,1,400.31023148148148,287,287,21,21,0.71694395353788687,0.23166666666666666,1,0,38377,0,1,1,1,0,0,0,0,1,0.66666666666666674,0.66666666666666674,1,0,0.41562279113035011,1,574,27,0,0,0,0,0
d002558,c_fac_085,0,med-features-v2,40806,1,400.3399074074074,286,286,20,20,0.71439293137706361,0.23435185185185184,1,0,38388,0,1,1,1,0,0,0,0,1,0.75,0.75,1,0,0.40245081659468701,1,572,27,0,0,0,0,0
d002559,c_fac_088,0,med-features-v2,40817,1,400.36958333333331,286,286,20,20,0.71433997962299423,0.99664351851851851,1,0,38399,0,1,1,1,0,0,0,0,1,0.63636363636363635,0.63636363636363635,1,0,0.30188377844539954,1,572,19,0,0,0,0,0
d002560,c_elena,0,med-features-v2,3731,1,401.02168981481481,746,746,52,52,1.8602485076168584,0.77620370370370373,1,0,3731,0,1,1,3,1,516,1,0.69168900804289546,1,0.45454545454545459,0.80000000000000004,1,0,0.56353719377182809,1,1492,28,0,0,0,0,0
d002560,c_taylor,1,med-features-v2,3731,1,401.02168981481481,744,228,52,16,1.8552612462023361,1.7119444444444445,1,0,3731,0,1,1,3,1,516,1,0.69354838709677424,1,0.46153846153846156,0.33333333333333337,1,0,0.67322482922696603,1,972,28,0,0,0,0,0
d002560,c_lena,2,med-features-v2,3731,1,401.02168981481481,516,0,36,0,1.2867134449467814,1.7119444444444445,1,0,3731,0,1,1,3,1,516,1,1,1,0.46153846153846156,0.80000000000000004,1,0,0.72585618110228023,1,516,28,0,0,0,0,0
d002561,c_morgan_shaw,0,med-features-v2,40838,1,401.04900462962962,1091,1091,76,76,2.7203658091797109,0.029050925925925924,1,0,38417,0,1,1,2,1,114,1,0.10449129239230064,1,0.81818181818181812,0.81818181818181812,1,1,0.2721646325197235,1,2182,27,0,0,0,0,0
d002561,c_morgan_zhao,1,med-features-v2,40838,1,401.04900462962962,1091,977,76,68,2.7203658091797109,0.024166666666666666,1,0,38417,0,1,1,2,1,114,1,0.10449129239230064,1,0.81818181818181812,0.81818181818181812,1,1,0.25642786488145031,1,2068,27,0,0,0,0,0
d002562,c_fac_046,0,med-features-v2,40848,1,401.07597222222222,286,286,20,20,0.71308185931800816,1.8689120370370371,1,0,38427,0,1,1,1,0,0,0,0,1,0.81818181818181812,0.81818181818181812,1,1,0.43401023322962901,1,572,27,0,0,0,0,0
d000061,c_alex_chen,0,med-features-v2,40859,1,401.10293981481482,1322,1207,92,84,3.2959120185216144,0.061273148148148146,1,0,38438,0,1,1,1,0,0,0,0,1,0.88888888888888884,0.88888888888888884,1,1,0.24416202868831105,1,2529,24,0,0,0,0,0
d002563,c_alex_chen,0,med-features-v2,40860,1,401.10537037037039,1322,1207,92,84,3.2958920464697323,0.063703703703703707,1,0,38439,0,1,1,1,0,0,0,0,1,0.88888888888888884,0.88888888888888884,1,1,0.40922578111951535,1,2529,14,0,0,0,0,0
d002564,c_sam,0,med-features-v2,40870,1,401.13233796296294,288,288,20,20,0.71796754523089934,1.0213888888888889,1,0,38446,0,1,1,1,0,0,0,0,1,0.45454545454545459,0.33333333333333337,1,0,0.31010517048539871,1,576,14,0,0,0,0,0
d002565,c_fac_013,0,med-features-v2,40881,1,401.15930555555553,288,288,20,20,0.71791928047426434,1.0213888888888889,1,0,38454,0,1,1,1,0,0,0,0,1,0.76923076923076916,0.76923076923076916,1,0,0.33611110472597605,1,576,15,0,0,0,0,0
d002566,c_fac_030,0,med-features-v2,40892,1,401.18627314814813,288,288,20,20,0.7178710222063075,0.87837962962962968,1,0,38465,0,1,1,1,0,0,0,0,1,0.81818181818181812,0.81818181818181812,1,1,0.25931299395104557,1,576,15,0,0,0,0,0
d000226,c_dir_115,0,med-features-v2,40899,1,401.2034259259259,0,0,0,0,0,3650,0,1,38472,0,1,1,1,0,0,0,0,0,0.72727272727272729,0.72727272727272729,1,0,0,0,0,17,0,0,0,0,0
d002567,c_fac_049,0,med-features-v2,40904,1,401.21567129629631,288,288,20,20,0.7178184218714454,1.0184027777777778,1,0,38477,0,1,1,1,0,0,0,0,1,0.72727272727272729,0.72727272727272729,1,0,0.28071567167196965,1,576,26,0,0,0,0,0
d000281,c_noah,0,med-features-v2,40912,1,401.23527777777775,3288,2761,229,192,8.1946931940043495,0.031504629629629632,1,0,38485,0,1,1,6,1,2589,0.59999999999999998,0.78740875912408759,1,0.40000000000000002,0.33333333333333337,1,0,0.60297526119941014,1,6044,17,0,0,0,0,0
d000281,c_elena,1,med-features-v2,40912,1,401.23527777777775,2934,345,204,24,7.3124178318761439,0.031851851851851853,1,0,38485,0,1,1,6,1,2589,0.59999999999999998,0.8824130879345603,1,0.45454545454545459,0.80000000000000004,1,0,0.73875530828296876,1,3279,17,0,0,0,0,0
d000281,c_taylor,2,med-features-v2,40912,1,401.23527777777775,2418,347,168,24,6.0263893379265561,0.031851851851851853,1,0,38485,0,1,1,6,1,2071,0.59999999999999998,0.85649296939619524,1,0.46153846153846156,0.33333333333333337,1,0,0.75544490477236237,1,2765,17,0,0,0,0,0
d000281,c_chris,3,med-features-v2,40912,1,401.23527777777775,2934,863,204,60,7.3124178318761439,0.031851851851851853,1,0,38485,0,1,1,6,1,2589,0.59999999999999998,0.8824130879345603,1,0.33333333333333337,0.33333333333333337,1,0,0.62494916544856638,1,3797,17,0,0,0,0,0
d000281,c_morgan_zhao,4,med-features-v2,40912,1,401.23527777777775,1093,978,76,68,2.7240874881529056,0.11238425925925925,1,0,38485,0,1,1,6,1,0,0,0,1,0.81818181818181812,0.81818181818181812,1,1,0.15625800590559946,1,2071,17,0,0,0,0,0
d000281,c_ren,5,med-features-v2,40912,1,401.23527777777775,806,806,56,56,2.008796445975519,0.095231481481481486,1,0,806,0,1,0,6,1,0,0,0,1,0.54545454545454541,0.5,1,0,0.019614384527557958,1,1612,17,0,0,0,0,0
d000191,c_fac_003,0,med-features-v2,40914,1,401.24018518518517,288,288,20,20,0.71777456654068383,0.095231481481481486,1,0,38487,0,1,1,1,0,0,0,0,1,0.75,0.75,1,0,0.071619360470488919,1,576,26,0,0,0,0,0
d002568,c_jamie_lee,0,med-features-v2,40917,1,401.24754629629632,1093,1093,76,76,2.7240041966334858,0.13446759259259258,1,0,38490,0,1,1,2,1,115,1,0.10521500457456541,1,0.77777777777777779,0.77777777777777779,1,0,0.26091011854968255,1,2186,20,0,0,0,0,0
d002568,c_jamie_li,1,med-features-v2,40917,1,401.24754629629632,1093,978,76,68,2.7240041966334858,0.13201388888888888,1,0,38490,0,1,1,2,1,115,1,0.10521500457456541,1,0.77777777777777779,0.77777777777777779,1,0,0.23526749636266092,1,2071,20,0,0,0,0,0
d002569,c_fac_041,0,med-features-v2,40927,1,401.27449074074076,287,287,20,20,0.71522114318856045,0.200625,1,0,38500,0,1,1,1,0,0,0,0,1,0.81818181818181812,0.81818181818181812,1,1,0.38950020953197467,1,574,27,0,0,0,0,0
d002570,c_lena,0,med-features-v2,40938,1,401.30145833333336,690,344,48,24,1.7194056629290013,0.056365740740740744,1,0,38511,0,1,1,1,0,0,0,0,1,0.46153846153846156,0.80000000000000004,1,0,0.67875667406182005,1,1034,15,0,0,0,0,0
d002571,c_noah,0,med-features-v2,40948,1,401.3284259259259,3291,2763,229,192,8.2002663838405194,0.031875000000000001,1,0,38518,0,1,1,4,1,2592,1,0.78760255241567911,1,0.40000000000000002,0.33333333333333337,1,0,0.57463265168269528,1,6049,28,0,0,0,0,0
d002571,c_elena,1,med-features-v2,40948,1,401.3284259259259,2937,345,204,24,7.3181957974292322,0.031875000000000001,1,0,38518,0,1,1,4,1,2592,1,0.88253319713993872,1,0.45454545454545459,0.80000000000000004,1,0,0.72246269635749194,1,3282,28,0,0,0,0,0
d002571,c_taylor,2,med-features-v2,40948,1,401.3284259259259,2421,348,168,24,6.0324657901178655,0.029074074074074075,1,0,38518,0,1,1,4,1,2073,1,0.85625774473358118,1,0.46153846153846156,0.33333333333333337,1,0,0.72682122016902861,1,2769,28,0,0,0,0,0
d002571,c_chris,3,med-features-v2,40948,1,401.3284259259259,2937,864,204,60,7.3181957974292322,0.03152777777777778,1,0,38518,0,1,1,4,1,2592,1,0.88253319713993872,1,0.33333333333333337,0.33333333333333337,1,0,0.66316800807242371,1,3801,28,0,0,0,0,0
d002572,c_fac_078,0,med-features-v2,40959,1,401.35537037037039,287,287,20,20,0.71507701450501748,1.0016203703703703,1,0,38529,0,1,1,1,0,0,0,0,1,0.80000000000000004,0.80000000000000004,1,1,0.37918546533459935,1,574,26,0,0,0,0,0
d002573,c_marcus,0,med-features-v2,1094,1,401.99796296296296,230,230,16,16,0.57214220267377436,2.7671990740740742,1,0,1094,0,1,1,1,0,0,0,0,1,0.41666666666666663,0.33333333333333337,1,0,0.6098039280905414,1,460,19,0,0,0,0,0
d002574,c_noah,0,med-features-v2,1095,1,402.01499999999999,749,749,52,52,1.8631145604019752,0.72534722222222225,1,0,1095,0,1,1,3,1,230,1,0.30707610146862485,1,0.40000000000000002,0.33333333333333337,1,0,0.52215459534516895,1,1498,16,0,0,0,0,0
d002574,c_taylor,1,med-features-v2,1095,1,402.01499999999999,230,0,16,0,0.57211795579766922,1.7914814814814815,1,0,1095,0,1,1,3,1,230,1,1,1,0.46153846153846156,0.33333333333333337,1,0,0.78190597921857063,1,230,16,0,0,0,0,0
d002574,c_chris,2,med-features-v2,1095,1,402.01499999999999,230,0,16,0,0.57211795579766922,1.7914814814814815,1,0,1095,0,1,1,3,1,230,1,1,1,0.33333333333333337,0.33333333333333337,1,0,0.78190597921857063,1,230,16,0,0,0,0,0
d002575,c_fac_012,0,med-features-v2,40988,1,402.06601851851855,288,288,20,20,0.71630027591286016,1.930787037037037,1,0,38555,0,1,1,1,0,0,0,0,1,0.69230769230769229,0.69230769230769229,1,0,0.4360226740683002,1,576,27,0,0,0,0,0
d002576,c_fac_067,0,med-features-v2,40999,1,402.09506944444445,287,287,20,20,0.71376154996512187,1.868125,1,0,38566,0,1,1,1,0,0,0,0,1,0.72727272727272729,0.72727272727272729,1,0,0.44202367554227295,1,574,16,0,0,0,0,0
d002577,c_noah,0,med-features-v2,41010,1,402.12409722222225,3296,2768,229,192,8.196474727000906,0.015486111111111112,1,0,38577,0,1,1,1,0,0,0,0,1,0.40000000000000002,0.33333333333333337,1,0,0.54640149459394871,1,6059,15,0,0,0,0,0
d002578,c_fac_020,0,med-features-v2,41021,1,402.15314814814815,289,289,20,20,0.71863169872174182,0.98124999999999996,1,0,38588,0,1,1,1,0,0,0,0,1,0.81818181818181812,0.81818181818181812,1,1,0.28718364005963221,1,578,19,0,0,0,0,0
d002579,c_fac_039,0,med-features-v2,41032,1,402.18219907407405,290,290,21,21,0.72106622487930572,0.98333333333333328,1,0,38599,0,1,1,1,0,0,0,0,1,0.76923076923076916,0.76923076923076916,1,0,0.36737360205160885,1,580,26,0,0,0,0,0
d002580,c_fac_055,0,med-features-v2,41043,1,402.21125000000001,288,288,20,20,0.7160416323511587,0.98541666666666672,1,0,38610,0,1,1,1,0,0,0,0,1,0.83333333333333337,0.83333333333333337,1,1,0.26292489163055949,1,576,26,0,0,0,0,0
d002581,c_avery,0,med-features-v2,1328,1,402.23756944444443,231,231,16,16,0.57428747970769767,0.23467592592592593,1,0,1328,0,1,1,2,1,231,1,1,1,0.5,0.30000000000000004,1,0,0.53028522283313684,1,462,19,0,0,0,0,0
d002581,c_devon,1,med-features-v2,1328,1,402.23756944444443,231,0,16,0,0.57428747970769767,0.23502314814814815,1,0,1328,0,1,1,2,1,231,1,1,1,0.45454545454545459,0.40000000000000002,1,0,0.67858170110024951,1,231,19,0,0,0,0,0
d002582,c_jamie_lee,0,med-features-v2,41061,1,402.26935185185187,1098,1098,76,76,2.7295144284428918,0.010208333333333333,1,0,38628,0,1,1,1,0,0,0,0,1,0.77777777777777779,0.77777777777777779,1,0,0.3093150033763834,1,2196,15,0,0,0,0,0
d002583,c_chris,0,med-features-v2,41072,1,402.29840277777777,2945,866,204,60,7.3204367197718252,0.063379629629629633,1,0,38636,0,1,1,1,0,0,0,0,1,0.33333333333333337,0.33333333333333337,1,0,0.35403398266185426,1,3811,26,0,0,0,0,0
d002584,c_fac_062,0,med-features-v2,41083,1,402.32745370370372,288,288,20,20,0.71583481899820633,0.23469907407407409,1,0,38647,0,1,1,1,0,0,0,0,1,0.75,0.75,1,0,0.39713735288837693,1,576,27,0,0,0,0,0
d002585,c_fac_079,0,med-features-v2,41094,1,402.35650462962963,289,289,20,20,0.71826849243067503,0.99833333333333329,1,0,38658,0,1,1,1,0,0,0,0,1,0.83333333333333337,0.83333333333333337,1,1,0.34064593396953324,1,578,15,0,0,0,0,0
d002586,c_chris,0,med-features-v2,41105,1,403.00979166666667,2948,867,204,60,7.3149587453158444,0.0097916666666666673,1,0,38669,0,1,1,4,1,2600,1,0.88195386702849388,1,0.33333333333333337,0.33333333333333337,1,0,0.43979202460069489,1,3815,28,0,0,0,0,0
d002586,c_noah,1,med-features-v2,41105,1,403.00979166666667,3302,2774,229,192,8.1933493137832158,0.0094444444444444445,1,0,38669,0,1,1,4,1,2600,1,0.78740157480314965,1,0.40000000000000002,0.33333333333333337,1,0,0.20598465599488328,1,6071,28,0,0,0,0,0
d002586,c_elena,2,med-features-v2,41105,1,403.00979166666667,2948,348,204,24,7.3149587453158444,0.0097916666666666673,1,0,38669,0,1,1,4,1,2600,1,0.88195386702849388,1,0.45454545454545459,0.80000000000000004,1,0,0.32245152612136146,1,3296,28,0,0,0,0,0
d002586,c_marcus,3,med-features-v2,41105,1,403.00979166666667,749,230,52,16,1.8585156378024315,1.7132407407407408,1,0,38669,0,1,1,4,1,519,1,0.69292389853137515,1,0.41666666666666663,0.33333333333333337,1,0,0.62692600812863652,1,979,28,0,0,0,0,0
d002587,c_priya,0,med-features-v2,41115,1,403.03675925925927,578,578,40,40,1.4341123649919809,0.79874999999999996,1,0,38676,0,1,1,1,0,0,0,0,1,0.45454545454545459,0.40000000000000002,1,0,0.3674766332955765,1,1156,18,0,0,0,0,0
d002588,c_fac_013,0,med-features-v2,41124,1,403.06370370370371,289,289,20,20,0.71700824793801554,1.904050925925926,1,0,38685,0,1,1,1,0,0,0,0,1,0.76923076923076916,0.76923076923076916,1,0,0.4320202621750569,1,578,27,0,0,0,0,0
d002589,c_fac_068,0,med-features-v2,41135,1,403.09067129629631,288,288,20,20,0.71447944720184897,1.7496527777777777,1,0,38696,0,1,1,1,0,0,0,0,1,0.80000000000000004,0.80000000000000004,1,1,0.36296347720211125,1,576,16,0,0,0,0,0
d002590,c_jamie_li,0,med-features-v2,41146,1,403.11763888888891,1099,983,76,68,2.7262513320656674,0.065833333333333327,1,0,38707,0,1,1,1,0,0,0,0,1,0.77777777777777779,0.77777777777777779,1,0,0.41079404888188215,1,2082,25,0,0,0,0,0
d002591,c_fac_005,0,med-features-v2,41156,1,403.1446064814815,289,289,20,20,0.71686435922410197,1.0148611111111112,1,0,38714,0,1,1,1,0,0,0,0,1,0.76923076923076916,0.76923076923076916,1,0,0.38802484033475865,1,578,26,0,0,0,0,0
d002592,c_fac_022,0,med-features-v2,41167,1,403.17155092592594,290,290,20,20,0.71929678404635555,0.86752314814814813,1,0,38725,0,1,1,1,0,0,0,0,1,0.81818181818181812,0.81818181818181812,1,1,0.26587196709084088,1,580,15,0,0,0,0,0
d000130,c_fac_026,0,med-features-v2,41169,1,403.17645833333336,290,290,20,20,0.71928802886659937,1.0123842592592593,1,0,38727,0,1,1,2,1,0,0,0,1,0.76923076923076916,0.76923076923076916,1,0,0.28798392115607574,1,580,14,0,0,0,0,0
d000130,c_ren,1,med-features-v2,41169,1,403.17645833333336,811,811,56,56,2.0115261772786623,0.041319444444444443,1,0,811,0,1,0,2,1,0,0,0,1,0.54545454545454541,0.5,1,0,0.019482475110129654,1,1622,14,0,0,0,0,0
d002593,c_fac_042,0,med-features-v2,41179,1,403.20097222222222,289,289,20,20,0.7167641447072679,0.88372685185185185,1,0,38737,0,1,1,1,0,0,0,0,1,0.66666666666666674,0.66666666666666674,1,0,0.23573023870935927,1,578,14,0,0,0,0,0
d002594,c_fac_060,0,med-features-v2,41190,1,403.22793981481482,289,289,20,20,0.71671620804035852,1.0084027777777778,1,0,38748,0,1,1,1,0,0,0,0,1,0.69230769230769229,0.69230769230769229,1,0,0.31017068226066952,1,578,15,0,0,0,0,0
d002595,c_noah,0,med-features-v2,579,1,403.24252314814817,231,752,16,52,0.57285625086502201,0.13233796296296296,1,0,579,0,1,1,1,0,0,0,0,1,0.40000000000000002,0.33333333333333337,1,0,0.57865565150746323,1,983,15,0,0,0,0,0
d002596,c_fac_048,0,med-features-v2,41210,1,403.28185185185185,289,289,20,20,0.71662039507338404,0.200625,1,0,38768,0,1,1,1,0,0,0,0,1,0.75,0.75,1,0,0.38137512466714057,1,578,18,0,0,0,0,0
d002597,c_elena,0,med-features-v2,3768,1,403.30847222222224,753,753,52,52,1.8670572325222525,0.18592592592592594,1,0,3768,0,1,1,3,1,521,1,0.69189907038512621,1,0.45454545454545459,0.80000000000000004,1,0,0.61658323539013016,1,1506,17,0,0,0,0,0
d002597,c_taylor,1,med-features-v2,3768,1,403.30847222222224,753,232,52,16,1.8670572325222525,0.053587962962962962,1,0,3768,0,1,1,3,1,521,1,0.69189907038512621,1,0.46153846153846156,0.33333333333333337,1,0,0.71454842747914837,1,985,17,0,0,0,0,0
d002597,c_lena,2,med-features-v2,3768,1,403.30847222222224,521,0,36,0,1.2918151635379729,0.18627314814814816,1,0,3768,0,1,1,3,1,521,1,1,1,0.46153846153846156,0.80000000000000004,1,0,0.8122691522238672,1,521,17,0,0,0,0,0
d002598,c_fac_088,0,med-features-v2,41231,1,403.33576388888889,289,289,20,20,0.71652460772016702,0.23493055555555556,1,0,38786,0,1,1,1,0,0,0,0,1,0.63636363636363635,0.63636363636363635,1,0,0.38308076911499311,1,578,27,0,0,0,0,0
d002599,c_fac_081,0,med-features-v2,41242,1,403.36273148148149,289,289,20,20,0.71647670308695355,1.0006018518518518,1,0,38797,0,1,1,1,0,0,0,0,1,0.66666666666666674,0.66666666666666674,1,0,0.25985572617751657,1,578,19,0,0,0,0,0
d002600,c_jamie_li,0,med-features-v2,41253,1,406.01442129629629,1102,986,76,68,2.7141893051030217,2.7003703703703703,1,0,38808,0,1,1,1,0,0,0,0,1,0.77777777777777779,0.77777777777777779,1,0,0.4113194180482338,1,2088,25,0,0,0,0,0
d002601,c_maya,0,med-features-v2,1219,1,406.03571759259262,1219,1335,84,92,3.0021989376390725,0.035717592592592592,1,0,1219,0,1,1,1,0,0,0,0,1,0.33333333333333337,0.5,1,0,0.4664534822301572,1,2554,15,0,0,0,0,0
d002602,c_fac_019,0,med-features-v2,41273,1,406.06729166666668,291,291,20,20,0.71662999205283606,3.9164351851851853,1,0,38825,0,1,1,1,0,0,0,0,1,0.75,0.75,1,0,0.3968045877507736,1,582,16,0,0,0,0,0
d002603,c_fac_074,0,med-features-v2,41284,1,406.09372685185184,290,290,20,20,0.71412085640464884,3.7447916666666665,1,0,38836,0,1,1,1,0,0,0,0,1,0.75,0.75,1,0,0.37053786140094824,1,580,18,0,0,0,0,0
d002604,c_morgan_shaw,0,med-features-v2,41295,1,406.12018518518516,1104,1104,76,76,2.7184071126545737,0.064560185185185179,1,0,38847,0,1,1,1,0,0,0,0,1,0.81818181818181812,0.81818181818181812,1,1,0.35580068576021689,1,2208,17,0,0,0,0,0
d002605,c_fac_006,0,med-features-v2,41305,1,406.14662037037039,290,290,20,20,0.71402785460961171,2.9992361111111112,1,0,38854,0,1,1,1,0,0,0,0,1,0.81818181818181812,0.81818181818181812,1,1,0.3170751287206095,1,580,15,0,0,0,0,0
d002606,c_fac_023,0,med-features-v2,41316,1,406.17305555555555,291,291,20,20,0.71644338791005202,2.9031018518518517,1,0,38865,0,1,1,1,0,0,0,0,1,0.84615384615384615,0.84615384615384615,1,1,0.23539923371662747,1,582,14,0,0,0,0,0
d002607,c_fac_042,0,med-features-v2,41327,1,406.19951388888887,290,290,20,20,0.71393487703514613,2.9981944444444446,1,0,38876,0,1,1,1,0,0,0,0,1,0.66666666666666674,0.66666666666666674,1,0,0.28401213408055431,1,580,26,0,0,0,0,0
d002608,c_fac_058,0,med-features-v2,41338,1,406.22594907407409,290,290,20,20,0.71388841766757583,2.9388425925925925,1,0,38887,0,1,1,1,0,0,0,0,1,0.7142857142857143,0.7142857142857143,1,0,0.24708565843788496,1,580,14,0,0,0,0,0
d000282,c_noah,0,med-features-v2,41344,1,406.2427777777778,3325,2792,229,192,8.1847608914756762,0.0092592592592592587,1,0,38893,0,1,1,7,1,2618,0.66666666666666663,0.78736842105263161,1,0.40000000000000002,0.33333333333333337,1,0,0.57444361775734198,1,6112,28,0,0,0,0,0
d000282,c_elena,1,med-features-v2,41344,1,406.2427777777778,2966,348,204,24,7.3010528734186035,0.0096064814814814815,1,0,38893,0,1,1,7,1,2618,0.66666666666666663,0.88267026298044504,1,0.45454545454545459,0.80000000000000004,1,0,0.72250327661357006,1,3314,28,0,0,0,0,0
d000282,c_taylor,2,med-features-v2,41344,1,406.2427777777778,2444,350,168,24,6.016106953012498,0.0096064814814814815,1,0,38893,0,1,1,7,1,2094,0.66666666666666663,0.85679214402618653,1,0.46153846153846156,0.33333333333333337,1,0,0.72663766658200546,1,2794,28,0,0,0,0,0
d000282,c_chris,3,med-features-v2,41344,1,406.2427777777778,2968,874,204,60,7.3059760378646041,0.0096064814814814815,1,0,38893,0,1,1,7,1,2618,0.66666666666666663,0.88207547169811318,1,0.33333333333333337,0.33333333333333337,1,0,0.66301692129579726,1,3842,28,0,0,0,0,0
d000282,c_lena,4,med-features-v2,41344,1,406.2427777777778,697,348,48,24,1.7157228094311419,0.19710648148148149,1,0,38893,0,1,1,7,1,349,0.66666666666666663,0.50071736011477763,1,0.46153846153846156,0.80000000000000004,1,0,0.54198628307469299,1,1045,28,0,0,0,0,0
d000282,c_alex_chan,5,med-features-v2,41344,1,406.2427777777778,1105,1105,76,76,2.7200483564152251,0.13666666666666666,1,0,38893,0,1,1,7,1,0,0,0,1,0.88888888888888884,0.88888888888888884,1,1,0.20681539309229674,1,2210,28,0,0,0,0,0
d000282,c_lee,6,med-features-v2,41344,1,406.2427777777778,814,814,56,56,2.0037279295221659,0.11023148148148149,1,0,814,0,1,0,7,1,0,0,0,1,0.5,0.5,1,0,0.15777479413761206,1,1628,28,0,0,0,0,0
d002609,c_sam,0,med-features-v2,41349,1,406.25479166666668,291,291,20,20,0.71629924364994668,0.19675925925925927,1,0,38898,0,1,1,1,0,0,0,0,1,0.45454545454545459,0.33333333333333337,1,0,0.4141818476098858,1,582,27,0,0,0,0,0
d002610,c_fac_054,0,med-features-v2,41360,1,406.28125,291,291,20,20,0.71625259595415736,0.19678240740740741,1,0,38909,0,1,1,1,0,0,0,0,1,0.80000000000000004,0.80000000000000004,1,1,0.41444884547951577,1,582,27,0,0,0,0,0
d002611,c_chris,0,med-features-v2,41371,1,406.30768518518516,2970,875,204,60,7.3097312905768597,0.0092824074074074076,1,0,38920,0,1,1,1,0,0,0,0,1,0.33333333333333337,0.33333333333333337,1,0,0.37177193362436206,1,3845,19,0,0,0,0,0
d002612,c_fac_089,0,med-features-v2,41381,1,406.33412037037039,291,291,20,20,0.71615940038398884,0.23282407407407407,1,0,38927,0,1,1,1,0,0,0,0,1,0.80000000000000004,0.80000000000000004,1,1,0.40830041068799372,1,582,27,0,0,0,0,0
d002613,c_fac_081,0,med-features-v2,41392,1,406.36055555555555,290,290,20,20,0.71365194292425038,2.997476851851852,1,0,38938,0,1,1,1,0,0,0,0,1,0.66666666666666674,0.66666666666666674,1,0,0.32738021313311527,1,580,15,0,0,0,0,0
d000192,c_fac_004,0,med-features-v2,41399,1,407.00268518518516,292,292,20,20,0.7174399841296889,0.74513888888888891,1,0,38945,0,1,1,1,0,0,0,0,1,0.75,0.75,1,0,0.011793563625754271,1,584,14,0,0,0,0,0
d002614,c_quinn,0,med-features-v2,815,1,406.97738425925928,232,232,16,16,0.57005624630042739,4.7676157407407409,1,0,815,0,1,1,1,0,0,0,0,1,0.27272727272727271,0.19999999999999996,1,0,0.6025806114899277,1,464,26,0,0,0,0,0
d002615,c_morgan_zhao,0,med-features-v2,41411,1,407.04585648148151,1105,989,76,68,2.7146818531741319,0.72340277777777773,1,0,38957,0,1,1,1,0,0,0,0,1,0.81818181818181812,0.81818181818181812,1,1,0.2171401929656078,1,2094,18,0,0,0,0,0
d002616,c_fac_030,0,med-features-v2,41422,1,407.07553240740742,291,291,20,20,0.71485504982098202,3.8938194444444445,1,0,38965,0,1,1,1,0,0,0,0,1,0.81818181818181812,0.81818181818181812,1,1,0.38996979392588388,1,582,18,0,0,0,0,0
d002617,c_fac_085,0,med-features-v2,41433,1,407.10520833333334,290,290,20,20,0.71234657298353976,3.737222222222222,1,0,38976,0,1,1,1,0,0,0,0,1,0.75,0.75,1,0,0.40459971827619862,1,580,27,0,0,0,0,0
d002618,c_fac_012,0,med-features-v2,41444,1,407.13488425925925,292,292,20,20,0.71720702717789575,0.97828703703703701,1,0,38987,0,1,1,1,0,0,0,0,1,0.69230769230769229,0.69230769230769229,1,0,0.3352448797930484,1,584,15,0,0,0,0,0
d002619,c_fac_029,0,med-features-v2,41455,1,407.16456018518517,293,293,20,20,0.71961076343859287,0.89500000000000002,1,0,38998,0,1,1,1,0,0,0,0,1,0.76923076923076916,0.76923076923076916,1,0,0.26684151890093449,1,586,14,0,0,0,0,0
d002620,c_fac_048,0,med-features-v2,41466,1,407.19423611111114,291,291,20,20,0.71464665801554916,0.98236111111111113,1,0,39009,0,1,1,1,0,0,0,0,1,0.75,0.75,1,0,0.29359417493393242,1,582,26,0,0,0,0,0
d002621,c_fac_064,0,med-features-v2,41477,1,407.22391203703705,292,292,20,20,0.7170502305214399,0.93752314814814819,1,0,39020,0,1,1,1,0,0,0,0,1,0.66666666666666674,0.66666666666666674,1,0,0.27186175755017805,1,584,15,0,0,0,0,0
d002622,c_alex_chan,0,med-features-v2,41484,1,407.25358796296297,1108,1108,76,76,2.7206635687167116,0.23166666666666666,1,0,39027,0,1,1,1,0,0,0,0,1,0.88888888888888884,0.88888888888888884,1,1,0.26355813334022454,1,2216,25,0,0,0,0,0
d002623,c_ren,0,med-features-v2,41495,1,407.28326388888888,816,816,56,56,2.0035195952039251,0.22898148148148148,1,0,816,0,1,0,1,0,0,0,0,1,0.54545454545454541,0.5,1,0,0.30862804856523296,1,1632,15,0,0,0,0,0
d002624,c_noah,0,med-features-v2,41506,1,407.3129398148148,3337,2803,229,192,8.1927178682738884,0.013148148148148148,1,0,39046,0,1,1,4,1,2626,1,0.78693437219059037,1,0.40000000000000002,0.33333333333333337,1,0,0.60311924815031315,1,6135,17,0,0,0,0,0
d002624,c_elena,1,med-features-v2,41506,1,407.3129398148148,2977,351,204,24,7.3088765639350806,0.015833333333333335,1,0,39046,0,1,1,4,1,2626,1,0.88209606986899558,1,0.45454545454545459,0.80000000000000004,1,0,0.73967337989633219,1,3328,17,0,0,0,0,0
d002624,c_taylor,2,med-features-v2,41506,1,407.3129398148148,2452,351,168,24,6.0199413284409875,0.078240740740740736,1,0,39046,0,1,1,4,1,2101,1,0.85685154975530176,1,0.46153846153846156,0.33333333333333337,1,0,0.7568179310314278,1,2803,17,0,0,0,0,0
d002624,c_chris,3,med-features-v2,41506,1,407.3129398148148,2977,876,204,60,7.3088765639350806,0.078240740740740736,1,0,39046,0,1,1,4,1,2626,1,0.88209606986899558,1,0.33333333333333337,0.33333333333333337,1,0,0.62515786918028537,1,3853,17,0,0,0,0,0
d002625,c_fac_072,0,med-features-v2,41517,1,407.34261574074077,291,291,20,20,0.71438633905471671,0.99372685185185183,1,0,39057,0,1,1,1,0,0,0,0,1,0.72727272727272729,0.72727272727272729,1,0,0.32516550746466083,1,582,15,0,0,0,0,0
d002626,c_fac_089,0,med-features-v2,41528,1,407.37229166666668,292,292,20,20,0.71678905505662049,1.0378240740740741,1,0,39068,0,1,1,1,0,0,0,0,1,0.80000000000000004,0.80000000000000004,1,1,0.29945445826125239,1,584,15,0,0,0,0,0
d002627,c_morgan_zhao,0,med-features-v2,41538,1,408.02449074074076,1109,993,76,68,2.7179741049040604,0.74358796296296292,1,0,39078,0,1,1,1,0,0,0,0,1,0.81818181818181812,0.81818181818181812,1,1,0.46921229433493922,1,2102,15,0,0,0,0,0
d002628,c_fac_001,0,med-features-v2,41549,1,408.05145833333336,291,291,20,20,0.71314534982567046,1.9116898148148149,1,0,39086,0,1,1,1,0,0,0,0,1,0.75,0.75,1,0,0.42567972756221806,1,582,27,0,0,0,0,0
d002629,c_fac_046,0,med-features-v2,41558,1,408.07597222222222,291,291,20,20,0.71310250984719281,1.8689120370370371,1,0,39095,0,1,1,1,0,0,0,0,1,0.81818181818181812,0.81818181818181812,1,1,0.39154136735696976,1,582,16,0,0,0,0,0
d002630,c_alex_chan,0,med-features-v2,41569,1,408.10293981481482,1111,1111,76,76,2.7223523567464114,0.060925925925925925,1,0,39106,0,1,1,1,0,0,0,0,1,0.88888888888888884,0.88888888888888884,1,1,0.36715373104601501,1,2222,18,0,0,0,0,0
d002631,c_ren,0,med-features-v2,41579,1,408.12988425925926,818,818,56,56,2.0042639158478677,0.09768518518518518,1,0,818,0,1,0,1,0,0,0,0,1,0.54545454545454541,0.5,1,0,0.45265370637909458,1,1636,23,0,0,0,0,0
d000131,c_sam,0,med-features-v2,41580,1,408.13233796296294,293,293,20,20,0.71790439704532572,1.0213888888888889,1,0,39114,0,1,1,2,1,0,0,0,1,0.45454545454545459,0.33333333333333337,1,0,0.29438490644063392,1,586,19,0,0,0,0,0
d000131,c_lee,1,med-features-v2,41580,1,408.13233796296294,819,819,56,56,2.0067020518092891,0.0069907407407407409,1,0,819,0,1,0,2,1,0,0,0,1,0.5,0.5,1,0,0.023878856864341387,1,1638,19,0,0,0,0,0
d002632,c_fac_013,0,med-features-v2,41591,1,408.15930555555553,293,293,20,20,0.71785696420957645,1.0213888888888889,1,0,39122,0,1,1,1,0,0,0,0,1,0.76923076923076916,0.76923076923076916,1,0,0.33787984087042172,1,586,15,0,0,0,0,0
d002633,c_fac_030,0,med-features-v2,41602,1,408.18627314814813,293,293,20,20,0.71780953764130584,0.87837962962962968,1,0,39133,0,1,1,1,0,0,0,0,1,0.81818181818181812,0.81818181818181812,1,1,0.24959423593431965,1,586,14,0,0,0,0,0
d002634,c_fac_048,0,med-features-v2,41613,1,408.21321759259257,292,292,20,20,0.71531245784261599,1.0186342592592592,1,0,39144,0,1,1,1,0,0,0,0,1,0.75,0.75,1,0,0.33377413657890537,1,584,15,0,0,0,0,0
d002635,c_quinn,0,med-features-v2,41624,1,408.24018518518517,351,117,24,8,0.85978796977269645,0.200625,1,0,39155,0,1,1,1,0,0,0,0,1,0.27272727272727271,0.19999999999999996,1,0,0.61063087122641169,1,468,14,0,0,0,0,0
d002636,c_fac_026,0,med-features-v2,41634,1,408.26715277777777,293,293,20,20,0.71766733621962886,0.20064814814814816,1,0,39165,0,1,1,1,0,0,0,0,1,0.76923076923076916,0.76923076923076916,1,0,0.3749858545659645,1,586,16,0,0,0,0,0
d002637,c_fac_081,0,med-features-v2,41645,1,408.29409722222221,292,292,20,20,0.71517076045572414,0.200625,1,0,39176,0,1,1,1,0,0,0,0,1,0.66666666666666674,0.66666666666666674,1,0,0.42483856731897524,1,584,16,0,0,0,0,0
d002638,c_lee,0,med-features-v2,41655,1,408.3210648148148,820,820,56,56,2.0082236030901157,0.18592592592592594,1,0,820,0,1,0,1,0,0,0,0,1,0.5,0.5,1,0,0.45419528764746192,1,1640,16,0,0,0,0,0
d002639,c_fac_073,0,med-features-v2,41666,1,408.3480324074074,292,292,20,20,0.71507629969102582,1.0023842592592593,1,0,39194,0,1,1,1,0,0,0,0,1,0.72727272727272729,0.72727272727272729,1,0,0.35887924925670373,1,584,15,0,0,0,0,0
d002640,c_noah,0,med-features-v2,41677,1,409,3349,2812,229,192,8.1882640586797066,0.67122685185185182,1,0,39205,0,1,1,4,1,2638,1,0.78769782024484924,1,0.40000000000000002,0.33333333333333337,1,0,0.60303818993309999,1,6156,17,0,0,0,0,0
d002640,c_elena,1,med-features-v2,41677,1,409,2989,351,204,24,7.3080684596577017,0.6715740740740741,1,0,39205,0,1,1,4,1,2638,1,0.88256942121110737,1,0.45454545454545459,0.80000000000000004,1,0,0.73946734872249942,1,3340,17,0,0,0,0,0
d002640,c_taylor,2,med-features-v2,41677,1,409,2464,354,168,24,6.0244498777506115,0.6715740740740741,1,0,39205,0,1,1,4,1,2110,1,0.85633116883116878,1,0.46153846153846156,0.33333333333333337,1,0,0.7564412413849092,1,2818,17,0,0,0,0,0
d002640,c_chris,3,med-features-v2,41677,1,409,2989,879,204,60,7.3080684596577017,0.6715740740740741,1,0,39205,0,1,1,4,1,2638,1,0.88256942121110737,1,0.33333333333333337,0.33333333333333337,1,0,0.62509320016168834,1,3868,17,0,0,0,0,0
d000193,c_fac_005,0,med-features-v2,41678,1,409.0026388888889,293,293,20,20,0.71637679599323423,0.85280092592592593,1,0,39206,0,1,1,1,0,0,0,0,1,0.76923076923076916,0.76923076923076916,1,0,0.01888000727966134,1,586,18,0,0,0,0,0
d002641,c_jamie_lee,0,med-features-v2,41686,1,409.0316898148148,1114,1114,76,76,2.7235053609277875,0.72252314814814811,1,0,39214,0,1,1,1,0,0,0,0,1,0.77777777777777779,0.77777777777777779,1,0,0.23144391296707936,1,2228,14,0,0,0,0,0
d002642,c_fac_002,0,med-features-v2,41696,1,409.0607175925926,292,292,20,20,0.71383045949383928,1.9470833333333333,1,0,39221,0,1,1,1,0,0,0,0,1,0.76923076923076916,0.76923076923076916,1,0,0.38519342321758254,1,584,18,0,0,0,0,0
d002643,c_fac_057,0,med-features-v2,41707,1,409.0897685185185,292,292,20,20,0.71377976784276842,1.8790046296296297,1,0,39232,0,1,1,1,0,0,0,0,1,0.66666666666666674,0.66666666666666674,1,0,0.35860316669316306,1,584,18,0,0,0,0,0
d002644,c_elena,0,med-features-v2,41718,1,409.11881944444445,2993,352,204,24,7.3157231047554605,0.010555555555555556,1,0,39243,0,1,1,1,0,0,0,0,1,0.45454545454545459,0.80000000000000004,1,0,0.57984379000706054,1,3345,26,0,0,0,0,0
d002645,c_fac_016,0,med-features-v2,41729,1,409.14787037037036,294,294,20,20,0.71856661439753855,0.88527777777777783,1,0,39254,0,1,1,1,0,0,0,0,1,0.66666666666666674,0.66666666666666674,1,0,0.30612174576244799,1,588,25,0,0,0,0,0
d002646,c_fac_035,0,med-features-v2,41740,1,409.17692129629631,294,294,20,20,0.71851559728391057,0.98296296296296293,1,0,39265,0,1,1,1,0,0,0,0,1,0.66666666666666674,0.66666666666666674,1,0,0.29845916897759306,1,588,14,0,0,0,0,0
d002647,c_fac_051,0,med-features-v2,41751,1,409.20597222222221,293,293,20,20,0.71602083031399222,0.92622685185185183,1,0,39276,0,1,1,1,0,0,0,0,1,0.72727272727272729,0.72727272727272729,1,0,0.25500264306292769,1,586,25,0,0,0,0,0
d002648,c_noah,0,med-features-v2,41762,1,409.23502314814817,3355,2818,229,192,8.1982230508786351,0.031342592592592596,1,0,39287,0,1,1,4,1,2642,1,0.78748137108792848,1,0.40000000000000002,0.33333333333333337,1,0,0.57422694263937168,1,6168,28,0,0,0,0,0
d002648,c_elena,1,med-features-v2,41762,1,409.23502314814817,2995,353,204,24,7.3185329470585723,0.031689814814814816,1,0,39287,0,1,1,4,1,2642,1,0.88213689482470781,1,0.45454545454545459,0.80000000000000004,1,0,0.72225569120010102,1,3348,28,0,0,0,0,0
d002648,c_taylor,2,med-features-v2,41762,1,409.23502314814817,2468,354,168,24,6.0307643784108702,0.031689814814814816,1,0,39287,0,1,1,4,1,2114,1,0.85656401944894656,1,0.46153846153846156,0.33333333333333337,1,0,0.72652113931295836,1,2822,28,0,0,0,0,0
d002648,c_chris,3,med-features-v2,41762,1,409.23502314814817,2995,881,204,60,7.3185329470585723,0.031689814814814816,1,0,39287,0,1,1,4,1,2642,1,0.88213689482470781,1,0.33333333333333337,0.33333333333333337,1,0,0.6632864233427811,1,3876,28,0,0,0,0,0
d002649,c_alex_chan,0,med-features-v2,41769,1,409.26407407407407,1117,1117,76,76,2.7292891576841178,0.010208333333333333,1,0,39294,0,1,1,1,0,0,0,0,1,0.88888888888888884,0.88888888888888884,1,1,0.32351433095558274,1,2234,15,0,0,0,0,0
d000352,c_fac_040,0,med-features-v2,41780,1,409.29079861111109,294,294,20,20,0.71831568409957103,0.10561342592592593,1,0,39302,0,1,1,1,0,0,0,0,1,0.66666666666666674,0.66666666666666674,1,0,0.28408975682396603,1,588,25,0,0,0,0,0
d002650,c_fac_017,0,med-features-v2,41781,1,409.29312499999997,294,294,20,20,0.71831160125154803,0.22412037037037036,1,0,39303,0,1,1,1,0,0,0,0,1,0.81818181818181812,0.81818181818181812,1,1,0.4109963657102445,1,588,27,0,0,0,0,0
d002651,c_fac_052,0,med-features-v2,41792,1,409.32217592592593,293,293,20,20,0.71581755700679051,0.23469907407407409,1,0,39314,0,1,1,1,0,0,0,0,1,0.72727272727272729,0.72727272727272729,1,0,0.4032550836023317,1,586,27,0,0,0,0,0
d002652,c_fac_075,0,med-features-v2,41803,1,409.35122685185183,293,293,20,20,0.71576675671241985,0.99793981481481486,1,0,39325,0,1,1,1,0,0,0,0,1,0.72727272727272729,0.72727272727272729,1,0,0.30694850287043074,1,586,26,0,0,0,0,0
d000227,c_dir_116,0,med-features-v2,41813,1,410.00243055555558,0,0,0,0,0,3650,0,1,39335,0,1,1,1,0,0,0,0,0,0.80000000000000004,0.80000000000000004,1,1,0,0,0,26,0,0,0,0,0
d002653,c_alex_chen,0,med-features-v2,41815,1,410.00733796296294,1350,1232,92,84,3.2926239971879459,0.75083333333333335,1,0,39337,0,1,1,1,0,0,0,0,1,0.88888888888888884,0.88888888888888884,1,1,0.41033430693285244,1,2582,14,0,0,0,0,0
d000283,c_noah,0,med-features-v2,41825,1,410.03430555555553,3361,2823,229,192,8.196875125963377,0.011921296296296296,1,0,39344,0,1,1,6,1,2646,0.59999999999999998,0.78726569473371022,1,0.40000000000000002,0.33333333333333337,1,0,0.60322213028624339,1,6179,17,0,0,0,0,0
d000283,c_elena,1,med-features-v2,41825,1,410.03430555555553,3000,354,204,24,7.3164609871734987,0.024513888888888891,1,0,39344,0,1,1,6,1,2646,0.59999999999999998,0.88200000000000001,1,0.45454545454545459,0.80000000000000004,1,0,0.73903729659008488,1,3354,17,0,0,0,0,0
d000283,c_taylor,2,med-features-v2,41825,1,410.03430555555553,2471,354,168,24,6.0263250331019051,0.034305555555555554,1,0,39344,0,1,1,6,1,2117,0.59999999999999998,0.85673816268717118,1,0.46153846153846156,0.33333333333333337,1,0,0.75645167754046294,1,2825,17,0,0,0,0,0
d000283,c_chris,3,med-features-v2,41825,1,410.03430555555553,3000,883,204,60,7.3164609871734987,0.024166666666666666,1,0,39344,0,1,1,6,1,2646,0.59999999999999998,0.88200000000000001,1,0.33333333333333337,0.33333333333333337,1,0,0.62473273973882737,1,3883,17,0,0,0,0,0
d000283,c_jamie_li,4,med-features-v2,41825,1,410.03430555555553,1117,999,76,68,2.7241623075575996,0.019259259259259261,1,0,39344,0,1,1,6,1,0,0,0,1,0.77777777777777779,0.77777777777777779,1,0,0.1544503041218922,1,2116,17,0,0,0,0,0
d000283,c_pat,5,med-features-v2,41825,1,410.03430555555553,824,824,56,56,2.0095879511436543,0.0045601851851851853,1,0,824,0,1,0,6,1,0,0,0,1,0.77777777777777779,0.33333333333333337,1,0,0.018863568150586291,1,1648,17,0,0,0,0,0
d002654,c_priya,0,med-features-v2,41826,1,410.03675925925927,588,588,40,40,1.434017772119347,0.79874999999999996,1,0,39345,0,1,1,1,0,0,0,0,1,0.45454545454545459,0.40000000000000002,1,0,0.37354556581900517,1,1176,17,0,0,0,0,0
d002655,c_fac_013,0,med-features-v2,41835,1,410.06370370370371,294,294,20,20,0.71696177287720431,1.904050925925926,1,0,39354,0,1,1,1,0,0,0,0,1,0.76923076923076916,0.76923076923076916,1,0,0.34582060440860374,1,588,18,0,0,0,0,0
d002656,c_fac_068,0,med-features-v2,41846,1,410.09067129629631,293,293,20,20,0.71447614029801565,1.7496527777777777,1,0,39365,0,1,1,1,0,0,0,0,1,0.80000000000000004,0.80000000000000004,1,1,0.4012794146307298,1,586,27,0,0,0,0,0
d002657,c_jamie_li,0,med-features-v2,41857,1,410.11763888888891,1118,1000,76,68,2.7260470996296116,0.065833333333333327,1,0,39376,0,1,1,1,0,0,0,0,1,0.77777777777777779,0.77777777777777779,1,0,0.39828355412513899,1,2118,14,0,0,0,0,0
d002658,c_fac_005,0,med-features-v2,41867,1,410.1446064814815,294,294,20,20,0.71682034910112713,1.0148611111111112,1,0,39383,0,1,1,1,0,0,0,0,1,0.76923076923076916,0.76923076923076916,1,0,0.31832909112618324,1,588,15,0,0,0,0,0
d002659,c_fac_022,0,med-features-v2,41878,1,410.17155092592594,295,295,20,20,0.71921126497940591,0.86752314814814813,1,0,39394,0,1,1,1,0,0,0,0,1,0.81818181818181812,0.81818181818181812,1,1,0.25454597358395853,1,590,14,0,0,0,0,0
d002660,c_fac_041,0,med-features-v2,41889,1,410.19851851851854,294,294,20,20,0.7167261380216986,1.0106712962962963,1,0,39405,0,1,1,1,0,0,0,0,1,0.81818181818181812,0.81818181818181812,1,1,0.28041451001647455,1,588,14,0,0,0,0,0
d002661,c_fac_057,0,med-features-v2,41900,1,410.22548611111114,294,294,20,20,0.71667902154760077,0.90032407407407411,1,0,39416,0,1,1,1,0,0,0,0,1,0.66666666666666674,0.66666666666666674,1,0,0.29623219953816365,1,588,15,0,0,0,0,0
d002662,c_jamie_li,0,med-features-v2,41910,1,410.25243055555558,1119,1001,76,68,2.7275889590335218,0.13444444444444445,1,0,39426,0,1,1,1,0,0,0,0,1,0.77777777777777779,0.77777777777777779,1,0,0.3179737350332757,1,2120,15,0,0,0,0,0
d002663,c_fac_043,0,med-features-v2,41920,1,410.27939814814818,294,294,20,20,0.71658484761118635,0.200625,1,0,39436,0,1,1,1,0,0,0,0,1,0.75,0.75,1,0,0.35167643413591787,1,588,16,0,0,0,0,0
d002664,c_noah,0,med-features-v2,41931,1,410.30636574074072,3370,2830,229,192,8.2133748861439635,0.0098148148148148144,1,0,39447,0,1,1,1,0,0,0,0,1,0.40000000000000002,0.33333333333333337,1,0,0.54638559147892996,1,6195,15,0,0,0,0,0
d000062,c_jamie_li,0,med-features-v2,41932,1,410.31127314814813,1120,1002,76,68,2.7296349705595579,0.058495370370370371,1,0,39448,0,1,1,1,0,0,0,0,1,0.77777777777777779,0.77777777777777779,1,0,0.21706662561053949,1,2122,18,0,0,0,0,0
d000063,c_morgan_zhao,0,med-features-v2,41934,1,410.31615740740739,1120,1002,76,68,2.7296024779446837,0.058472222222222224,1,0,39450,0,1,1,1,0,0,0,0,1,0.81818181818181812,0.81818181818181812,1,1,0.21861264632082084,1,2122,18,0,0,0,0,0
d002665,c_fac_065,0,med-features-v2,41943,1,410.33821759259257,294,294,20,20,0.7164821296072893,1.1107638888888889,1,0,39456,0,1,1,1,0,0,0,0,1,0.80000000000000004,0.80000000000000004,1,1,0.32856678421319963,1,588,15,0,0,0,0,0
d000132,c_fac_081,0,med-features-v2,41953,1,410.36273148148149,294,294,20,20,0.71643932902631868,1.0006018518518518,1,0,39466,0,1,1,2,1,0,0,0,1,0.66666666666666674,0.66666666666666674,1,0,0.29561228410894619,1,588,14,0,0,0,0,0
d000132,c_pat,1,med-features-v2,41953,1,410.36273148148149,826,826,56,56,2.0128533529787052,0.038865740740740742,1,0,826,0,1,0,2,1,0,0,0,1,0.77777777777777779,0.33333333333333337,1,0,0.018914929577894125,1,1652,14,0,0,0,0,0
d002666,c_fac_085,0,med-features-v2,41955,1,410.36763888888891,294,294,20,20,0.71643076144121443,1.0002314814814814,1,0,39468,0,1,1,1,0,0,0,0,1,0.75,0.75,1,0,0.33403900530859421,1,588,15,0,0,0,0,0
d002667,c_chris,0,med-features-v2,41966,1,413.01921296296297,3011,886,204,60,7.2902177562136998,0.0092592592592592587,1,0,39479,0,1,1,1,0,0,0,0,1,0.33333333333333337,0.33333333333333337,1,0,0.35291628265311265,1,3897,26,0,0,0,0,0
d002668,c_noah,0,med-features-v2,41975,1,413.04567129629629,3376,2835,229,192,8.1734302877568297,0.0092824074074074076,1,0,39485,0,1,1,5,1,2658,1,0.78732227488151663,1,0.40000000000000002,0.33333333333333337,1,0,0.60705814467263397,1,6206,17,0,0,0,0,0
d002668,c_elena,1,med-features-v2,41975,1,413.04567129629629,3012,354,204,24,7.2921718088636176,0.0096296296296296303,1,0,39485,0,1,1,5,1,2658,1,0.88247011952191234,1,0.45454545454545459,0.80000000000000004,1,0,0.72247155483483438,1,3366,17,0,0,0,0,0
d002668,c_taylor,2,med-features-v2,41975,1,413.04567129629629,2481,355,168,24,6.0065996871814855,0.0096296296296296303,1,0,39485,0,1,1,5,1,2126,1,0.85691253526803712,1,0.46153846153846156,0.33333333333333337,1,0,0.73461886420266298,1,2836,17,0,0,0,0,0
d002668,c_chris,3,med-features-v2,41975,1,413.04567129629629,3013,887,204,60,7.2945928486407965,0.0096296296296296303,1,0,39485,0,1,1,5,1,2658,1,0.88217723199468967,1,0.33333333333333337,0.33333333333333337,1,0,0.61120238087991752,1,3900,17,0,0,0,0,0
d002668,c_lena,4,med-features-v2,41975,1,413.04567129629629,708,354,48,24,1.7140961622428423,2.7463194444444445,1,0,39485,0,1,1,5,1,354,1,0.5,1,0.46153846153846156,0.80000000000000004,1,0,0.5765020263433942,1,1062,17,0,0,0,0,0
d002669,c_fac_029,0,med-features-v2,41986,1,413.07210648148146,296,296,20,20,0.71658191234771751,3.9053935185185185,1,0,39496,0,1,1,1,0,0,0,0,1,0.76923076923076916,0.76923076923076916,1,0,0.42042253047031375,1,592,27,0,0,0,0,0
d002670,c_fac_084,0,med-features-v2,41997,1,413.09854166666668,295,295,20,20,0.71411532659933341,3.7337731481481482,1,0,39507,0,1,1,1,0,0,0,0,1,0.66666666666666674,0.66666666666666674,1,0,0.41764776428384837,1,590,16,0,0,0,0,0
d000064,c_alex_chen,0,med-features-v2,42000,1,413.10576388888887,1359,1241,92,84,3.2897144479579903,0.064560185185185179,1,0,39510,0,1,1,1,0,0,0,0,1,0.88888888888888884,0.88888888888888884,1,1,0.17749556266769451,1,2600,18,0,0,0,0,0
d002671,c_noah,0,med-features-v2,42008,1,413.12738425925926,3379,2837,229,192,8.1790753378853704,0.014421296296296297,1,0,39518,0,1,1,1,0,0,0,0,1,0.40000000000000002,0.33333333333333337,1,0,0.51969554402704621,1,6211,26,0,0,0,0,0
d002672,c_fac_011,0,med-features-v2,42019,1,413.15384259259258,296,296,20,20,0.71644014767613584,2.9990972222222223,1,0,39526,0,1,1,1,0,0,0,0,1,0.66666666666666674,0.66666666666666674,1,0,0.41900222618743693,1,592,26,0,0,0,0,0
d002673,c_fac_028,0,med-features-v2,42030,1,413.1802777777778,296,296,20,20,0.71639430998978781,2.9078935185185184,1,0,39537,0,1,1,1,0,0,0,0,1,0.75,0.75,1,0,0.27535233953998289,1,592,25,0,0,0,0,0
d002674,c_fac_046,0,med-features-v2,42041,1,413.20671296296297,295,295,20,20,0.7139283819584068,2.9980324074074076,1,0,39548,0,1,1,1,0,0,0,0,1,0.81818181818181812,0.81818181818181812,1,1,0.34501316556709161,1,590,15,0,0,0,0,0
d002675,c_noah,0,med-features-v2,42052,1,413.23317129629629,3381,2839,229,192,8.1818213900736367,0.028518518518518519,1,0,39559,0,1,1,4,1,2662,1,0.78734102336586809,1,0.40000000000000002,0.33333333333333337,1,0,0.60317926160720858,1,6215,17,0,0,0,0,0
d002675,c_elena,1,med-features-v2,42052,1,413.23317129629629,3016,354,204,24,7.2985428312517264,0.02886574074074074,1,0,39559,0,1,1,4,1,2662,1,0.88262599469496017,1,0.45454545454545459,0.80000000000000004,1,0,0.73916989962767488,1,3370,17,0,0,0,0,0
d002675,c_taylor,2,med-features-v2,42052,1,413.23317129629629,2485,356,168,24,6.0135540237601264,0.02886574074074074,1,0,39559,0,1,1,4,1,2129,1,0.85674044265593563,1,0.46153846153846156,0.33333333333333337,1,0,0.75664906105719043,1,2841,17,0,0,0,0,0
d002675,c_chris,3,med-features-v2,42052,1,413.23317129629629,3018,889,204,60,7.3033827137658189,0.02886574074074074,1,0,39559,0,1,1,4,1,2662,1,0.88204108681245863,1,0.33333333333333337,0.33333333333333337,1,0,0.62463621251388757,1,3907,17,0,0,0,0,0
d000394,c_noah,0,med-features-v2,42055,1,413.2427777777778,3382,2840,229,192,8.1840510757061011,0.0092592592592592587,1,0,39562,0,1,1,5,1,2663,1,0.78740390301596686,1,0.40000000000000002,0.33333333333333337,1,0,0.60699224969774601,1,6217,17,0,0,0,0,0
d000394,c_elena,1,med-features-v2,42055,1,413.2427777777778,3017,354,204,24,7.3007930500902747,0.0096064814814814815,1,0,39562,0,1,1,5,1,2663,1,0.88266489890619826,1,0.45454545454545459,0.80000000000000004,1,0,0.72246808759912329,1,3371,17,0,0,0,0,0
d000394,c_taylor,2,med-features-v2,42055,1,413.2427777777778,2486,356,168,24,6.015834114194373,0.0096064814814814815,1,0,39562,0,1,1,5,1,2130,1,0.85679806918744972,1,0.46153846153846156,0.33333333333333337,1,0,0.7344099936308085,1,2842,17,0,0,0,0,0
d000394,c_chris,3,med-features-v2,42055,1,413.2427777777778,3019,889,204,60,7.3056328200936491,0.0096064814814814815,1,0,39562,0,1,1,5,1,2663,1,0.88208015899304404,1,0.33333333333333337,0.33333333333333337,1,0,0.61115214292991837,1,3908,17,0,0,0,0,0
d000394,c_lena,4,med-features-v2,42055,1,413.2427777777778,709,354,48,24,1.7156984661962229,0.19710648148148149,1,0,39562,0,1,1,5,1,355,1,0.50070521861777151,1,0.46153846153846156,0.80000000000000004,1,0,0.57747422434197182,1,1063,17,0,0,0,0,0
d002676,c_fac_014,0,med-features-v2,42063,1,413.26201388888887,297,297,20,20,0.71867239189288878,0.19678240740740741,1,0,39570,0,1,1,1,0,0,0,0,1,0.76923076923076916,0.76923076923076916,1,0,0.43179981335198386,1,594,27,0,0,0,0,0
d002677,c_fac_069,0,med-features-v2,42074,1,413.28844907407409,296,296,20,20,0.71620680583537821,0.19675925925925927,1,0,39581,0,1,1,1,0,0,0,0,1,0.75,0.75,1,0,0.35170681835584544,1,592,18,0,0,0,0,0
d000353,c_fac_041,0,med-features-v2,42083,1,413.31135416666666,296,296,20,20,0.71616711473316752,0.11390046296296297,1,0,39590,0,1,1,1,0,0,0,0,1,0.81818181818181812,0.81818181818181812,1,1,0.28421384751883016,1,592,26,0,0,0,0,0
d002678,c_jamie_lee,0,med-features-v2,42085,1,413.31488425925926,1125,1125,76,76,2.7218956849720497,0.064537037037037032,1,0,39592,0,1,1,1,0,0,0,0,1,0.77777777777777779,0.77777777777777779,1,0,0.37846152499356228,1,2250,24,0,0,0,0,0
d002679,c_fac_067,0,med-features-v2,42096,1,413.34134259259258,295,295,20,20,0.71369584796351959,2.9978703703703702,1,0,39600,0,1,1,1,0,0,0,0,1,0.72727272727272729,0.72727272727272729,1,0,0.28917468006099911,1,590,26,0,0,0,0,0
d002680,c_fac_086,0,med-features-v2,42107,1,413.3677777777778,295,295,20,20,0.7136502065688074,2.9973379629629631,1,0,39611,0,1,1,1,0,0,0,0,1,0.75,0.75,1,0,0.33075909337988368,1,590,15,0,0,0,0,0
d002681,c_alex_chan,0,med-features-v2,42115,1,414.02157407407407,1126,1126,76,76,2.7196650380314322,0.71835648148148146,1,0,39619,0,1,1,1,0,0,0,0,1,0.88888888888888884,0.88888888888888884,1,1,0.26541863851738079,1,2252,25,0,0,0,0,0
d002682,c_pat,0,med-features-v2,42125,1,414.05124999999998,829,829,56,56,2.0021676060632592,0.72159722222222222,1,0,829,0,1,0,1,0,0,0,0,1,0.77777777777777779,0.33333333333333337,1,0,0.372171936792764,1,1658,25,0,0,0,0,0
d002683,c_fac_040,0,med-features-v2,42136,1,414.08092592592595,296,296,21,21,0.71483611407145764,3.8845138888888888,1,0,39637,0,1,1,1,0,0,0,0,1,0.66666666666666674,0.66666666666666674,1,0,0.36325960450186878,1,592,18,0,0,0,0,0
d002684,c_sam,0,med-features-v2,42147,1,414.11060185185187,297,297,20,20,0.71719970141274436,0.85546296296296298,1,0,39648,0,1,1,1,0,0,0,0,1,0.45454545454545459,0.33333333333333337,1,0,0.27041231306910202,1,594,25,0,0,0,0,0
d002685,c_fac_014,0,med-features-v2,42158,1,414.14027777777778,298,298,20,20,0.71956295002028969,0.87791666666666668,1,0,39659,0,1,1,1,0,0,0,0,1,0.76923076923076916,0.76923076923076916,1,0,0.28131055473790961,1,596,15,0,0,0,0,0
d002686,c_fac_033,0,med-features-v2,42169,1,414.1699537037037,297,297,20,20,0.71709692444873285,0.98212962962962957,1,0,39670,0,1,1,1,0,0,0,0,1,0.69230769230769229,0.69230769230769229,1,0,0.26479110080846302,1,594,26,0,0,0,0,0
d002687,c_fac_052,0,med-features-v2,42180,1,414.19962962962961,296,296,20,20,0.71463125224104684,0.98293981481481485,1,0,39681,0,1,1,1,0,0,0,0,1,0.72727272727272729,0.72727272727272729,1,0,0.38410841142833974,1,592,26,0,0,0,0,0
d002688,c_fac_068,0,med-features-v2,42191,1,414.22930555555558,296,296,20,20,0.71458005512915379,0.88523148148148145,1,0,39692,0,1,1,1,0,0,0,0,1,0.80000000000000004,0.80000000000000004,1,1,0.27388883529916486,1,592,26,0,0,0,0,0
d002689,c_jamie_lee,0,med-features-v2,42198,1,414.2589814814815,1127,1127,76,76,2.720520375851839,0.22895833333333335,1,0,39699,0,1,1,1,0,0,0,0,1,0.77777777777777779,0.77777777777777779,1,0,0.2531789833043771,1,2254,25,0,0,0,0,0
d002690,c_fac_005,0,med-features-v2,42209,1,414.28865740740741,296,296,20,20,0.71447768290918112,0.22627314814814814,1,0,39707,0,1,1,1,0,0,0,0,1,0.76923076923076916,0.76923076923076916,1,0,0.4163365942009507,1,592,27,0,0,0,0,0
d002691,c_fac_045,0,med-features-v2,42220,1,414.31833333333333,296,296,20,20,0.71442650779794925,0.234375,1,0,39718,0,1,1,1,0,0,0,0,1,0.76923076923076916,0.76923076923076916,1,0,0.4255421808863814,1,592,27,0,0,0,0,0
d002692,c_fac_074,0,med-features-v2,42231,1,414.34800925925924,297,297,20,20,0.7167887702198803,1.0568055555555556,1,0,39729,0,1,1,1,0,0,0,0,1,0.75,0.75,1,0,0.24328364098594649,1,594,14,0,0,0,0,0
d002693,c_lena,0,med-features-v2,42242,1,415.00243055555558,710,354,48,24,1.7108333535529827,1.7596527777777777,1,0,39740,0,1,1,1,0,0,0,0,1,0.46153846153846156,0.80000000000000004,1,0,0.56831505532446258,1,1064,26,0,0,0,0,0
d002694,c_pat,0,med-features-v2,42252,1,415.02939814814818,831,831,56,56,2.0022678000833274,0.75118055555555552,1,0,831,0,1,0,1,0,0,0,0,1,0.77777777777777779,0.33333333333333337,1,0,0.53610432134438701,1,1662,14,0,0,0,0,0
d000194,c_fac_006,0,med-features-v2,42256,1,415.03921296296295,296,296,20,20,0.7131856238037303,1.8922453703703703,1,0,39751,0,1,1,1,0,0,0,0,1,0.81818181818181812,0.81818181818181812,1,1,0.017505878076224755,1,592,18,0,0,0,0,0
d000284,c_noah,0,med-features-v2,42258,1,415.04409722222221,3398,2854,229,192,8.1870818612814737,0.0094444444444444445,1,0,39753,0,1,1,7,1,2675,0.66666666666666663,0.7872277810476751,1,0.40000000000000002,0.33333333333333337,1,0,0.57381156199310634,1,6247,28,0,0,0,0,0
d000284,c_elena,1,med-features-v2,42258,1,415.04409722222221,3032,357,204,24,7.3052478526796438,0.0097916666666666673,1,0,39753,0,1,1,7,1,2675,0.66666666666666663,0.88225593667546176,1,0.45454545454545459,0.80000000000000004,1,0,0.7210040957291538,1,3389,28,0,0,0,0,0
d000284,c_taylor,2,med-features-v2,42258,1,415.04409722222221,2498,358,168,24,6.0186375778343502,0.0097916666666666673,1,0,39753,0,1,1,7,1,2140,0.66666666666666663,0.85668534827862286,1,0.46153846153846156,0.33333333333333337,1,0,0.72513714559887221,1,2856,28,0,0,0,0,0
d000284,c_chris,3,med-features-v2,42258,1,415.04409722222221,3032,892,204,60,7.3052478526796438,0.0097916666666666673,1,0,39753,0,1,1,7,1,2675,0.66666666666666663,0.88225593667546176,1,0.33333333333333337,0.33333333333333337,1,0,0.66215588460202013,1,3924,28,0,0,0,0,0
d000284,c_lena,4,med-features-v2,42258,1,415.04409722222221,711,355,48,24,1.7130709839232279,0.041319444444444443,1,0,39753,0,1,1,7,1,356,0.66666666666666663,0.5007032348804501,1,0.46153846153846156,0.80000000000000004,1,0,0.54065407893837147,1,1066,28,0,0,0,0,0
d000284,c_alex_chan,5,med-features-v2,42258,1,415.04409722222221,1130,1130,76,76,2.7226022669947221,0.0020833333333333333,1,0,39753,0,1,1,7,1,0,0,0,1,0.88888888888888884,0.88888888888888884,1,1,0.20809069100051555,1,2260,28,0,0,0,0,0
d000284,c_ren,6,med-features-v2,42258,1,415.04409722222221,832,832,56,56,2.0046062709200076,0.011898148148148149,1,0,832,0,1,0,7,1,0,0,0,1,0.54545454545454541,0.5,1,0,0.15879364344858249,1,1664,28,0,0,0,0,0
d002695,c_fac_016,0,med-features-v2,42264,1,415.06127314814813,297,297,20,20,0.71555700137312395,1.8998842592592593,1,0,39759,0,1,1,1,0,0,0,0,1,0.66666666666666674,0.66666666666666674,1,0,0.42679226686358018,1,594,27,0,0,0,0,0
d002696,c_fac_071,0,med-features-v2,42275,1,415.08821759259257,296,296,20,20,0.71310142628650286,1.7417361111111112,1,0,39770,0,1,1,1,0,0,0,0,1,0.83333333333333337,0.83333333333333337,1,1,0.41468955230294102,1,592,27,0,0,0,0,0
d002697,c_jamie_li,0,med-features-v2,42286,1,415.11518518518517,1130,1011,76,68,2.7221360247178161,0.068634259259259256,1,0,39781,0,1,1,1,0,0,0,0,1,0.77777777777777779,0.77777777777777779,1,0,0.46378174029186664,1,2141,15,0,0,0,0,0
d002698,c_hana,0,med-features-v2,42296,1,415.14215277777777,297,297,20,20,0.7154175937392262,0.85585648148148152,1,0,39785,0,1,1,1,0,0,0,0,1,0.38461538461538458,0.5,1,0,0.24940976685962007,1,594,14,0,0,0,0,0
d002699,c_fac_019,0,med-features-v2,42307,1,415.16909722222221,299,299,20,20,0.72018847741925773,1.0203703703703704,1,0,39796,0,1,1,1,0,0,0,0,1,0.75,0.75,1,0,0.29077078078091645,1,598,26,0,0,0,0,0
d002700,c_fac_038,0,med-features-v2,42318,1,415.1960648148148,298,298,21,21,0.71773319945340419,1.0176620370370371,1,0,39807,0,1,1,1,0,0,0,0,1,0.76923076923076916,0.76923076923076916,1,0,0.38995229079487531,1,596,26,0,0,0,0,0
d002701,c_fac_054,0,med-features-v2,42329,1,415.2230324074074,298,298,20,20,0.71768658465845692,1.0149537037037037,1,0,39818,0,1,1,1,0,0,0,0,1,0.80000000000000004,0.80000000000000004,1,1,0.27292583350198896,1,596,14,0,0,0,0,0
d000133,c_alex_chan,0,med-features-v2,42337,1,415.24263888888891,1131,1131,76,76,2.7237087285312103,0.13935185185185187,1,0,39826,0,1,1,3,1,119,0.5,0.10521662245800177,1,0.88888888888888884,0.88888888888888884,1,1,0.25844996905267426,1,2262,27,0,0,0,0,0
d000133,c_alex_chen,1,med-features-v2,42337,1,415.24263888888891,1369,1250,92,84,3.2968675944820749,0.13692129629629629,1,0,39826,0,1,1,3,1,119,0.5,0.086924762600438271,1,0.88888888888888884,0.88888888888888884,1,1,0.22319013615655281,1,2619,27,0,0,0,0,0
d000133,c_ren,2,med-features-v2,42337,1,415.24263888888891,834,834,56,56,2.0084642613572319,0.1025925925925926,1,0,834,0,1,0,3,1,0,0,0,1,0.54545454545454541,0.5,1,0,0.084999942063967091,1,1668,27,0,0,0,0,0
d002702,c_fac_001,0,med-features-v2,42341,1,415.25243055555558,297,297,20,20,0.71522760168471822,0.200625,1,0,39830,0,1,1,1,0,0,0,0,1,0.75,0.75,1,0,0.42609407048859493,1,594,27,0,0,0,0,0
d002703,c_fac_051,0,med-features-v2,42351,1,415.27939814814818,297,297,20,20,0.71518115592637033,0.200625,1,0,39840,0,1,1,1,0,0,0,0,1,0.72727272727272729,0.72727272727272729,1,0,0.39222208218010124,1,594,16,0,0,0,0,0
d002704,c_alex_chen,0,med-features-v2,42362,1,415.30636574074072,1370,1250,92,84,3.2987695663091201,0.063726851851851854,1,0,39851,0,1,1,1,0,0,0,0,1,0.88888888888888884,0.88888888888888884,1,1,0.44840844728495471,1,2620,25,0,0,0,0,0
d002705,c_fac_063,0,med-features-v2,42372,1,415.33333333333331,297,297,20,20,0.71508828250401291,1.1117824074074074,1,0,39858,0,1,1,1,0,0,0,0,1,0.75,0.75,1,0,0.39340781031792216,1,594,26,0,0,0,0,0
d002706,c_fac_080,0,med-features-v2,42383,1,415.36027777777775,297,297,20,20,0.71504189468714241,1.0227083333333333,1,0,39869,0,1,1,1,0,0,0,0,1,0.75,0.75,1,0,0.26081599753471074,1,594,14,0,0,0,0,0
d002707,c_chris,0,med-features-v2,42392,1,416.01319444444442,3041,894,204,60,7.3098643038498716,0.013194444444444444,1,0,39878,0,1,1,1,0,0,0,0,1,0.33333333333333337,0.33333333333333337,1,0,0.35353971893918557,1,3935,26,0,0,0,0,0
d002708,c_jamie_lee,0,med-features-v2,42401,1,416.04224537037038,1134,1134,76,76,2.7256847414389065,0.010208333333333333,1,0,39887,0,1,1,1,0,0,0,0,1,0.77777777777777779,0.77777777777777779,1,0,0.32047469120786498,1,2268,15,0,0,0,0,0
d002709,c_fac_022,0,med-features-v2,42412,1,416.07129629629628,298,298,20,20,0.71622340366345694,1.9198842592592593,1,0,39895,0,1,1,1,0,0,0,0,1,0.81818181818181812,0.81818181818181812,1,1,0.38908882227202923,1,596,18,0,0,0,0,0
d002710,c_fac_077,0,med-features-v2,42423,1,416.10034722222224,297,297,20,20,0.71377013257185384,1.7492824074074074,1,0,39906,0,1,1,1,0,0,0,0,1,0.75,0.75,1,0,0.41240873706861231,1,594,16,0,0,0,0,0
d002711,c_fac_005,0,med-features-v2,42434,1,416.12939814814814,298,298,20,20,0.71612340134139629,0.97956018518518517,1,0,39917,0,1,1,1,0,0,0,0,1,0.76923076923076916,0.76923076923076916,1,0,0.27301309914459027,1,596,14,0,0,0,0,0
d002712,c_fac_024,0,med-features-v2,42445,1,416.1584490740741,300,300,20,20,0.72087927246816874,0.9816435185185185,1,0,39928,0,1,1,1,0,0,0,0,1,0.75,0.75,1,0,0.34524816102390499,1,600,15,0,0,0,0,0
d002713,c_fac_041,0,med-features-v2,42456,1,416.1875,299,299,21,21,0.7184261901186364,0.91266203703703708,1,0,39939,0,1,1,1,0,0,0,0,1,0.81818181818181812,0.81818181818181812,1,1,0.23936703528341213,1,598,14,0,0,0,0,0
d002714,c_fac_059,0,med-features-v2,42467,1,416.2165277777778,299,299,20,20,0.71837608563117683,0.98581018518518515,1,0,39950,0,1,1,1,0,0,0,0,1,0.66666666666666674,0.66666666666666674,1,0,0.31630300198720629,1,598,15,0,0,0,0,0
d002715,c_noah,0,med-features-v2,1135,1,416.2236111111111,776,776,52,52,1.864382460015817,0.20826388888888889,1,0,1135,0,1,1,3,1,239,1,0.3079896907216495,1,0.40000000000000002,0.33333333333333337,1,0,0.51589137461983869,1,1552,16,0,0,0,0,0
d002715,c_taylor,1,med-features-v2,1135,1,416.2236111111111,239,0,16,0,0.57421057724713953,0.20861111111111111,1,0,1135,0,1,1,3,1,239,1,1,1,0.46153846153846156,0.33333333333333337,1,0,0.72414231809394825,1,239,16,0,0,0,0,0
d002715,c_chris,2,med-features-v2,1135,1,416.2236111111111,239,0,16,0,0.57421057724713953,0.20861111111111111,1,0,1135,0,1,1,3,1,239,1,1,1,0.33333333333333337,0.33333333333333337,1,0,0.72414231809394825,1,239,16,0,0,0,0,0
d002716,c_lee,0,med-features-v2,42485,1,416.27462962962966,836,836,56,56,2.0082895773489988,0.22412037037037036,1,0,836,0,1,0,1,0,0,0,0,1,0.5,0.5,1,0,0.31705569488279584,1,1672,15,0,0,0,0,0
d002717,c_fac_022,0,med-features-v2,42496,1,416.30368055555556,299,299,20,20,0.71822569428400374,0.23203703703703704,1,0,39976,0,1,1,1,0,0,0,0,1,0.81818181818181812,0.81818181818181812,1,1,0.3926564647736015,1,598,18,0,0,0,0,0
d002718,c_fac_072,0,med-features-v2,42507,1,416.33273148148146,298,298,20,20,0.71577365281753036,0.23467592592592593,1,0,39987,0,1,1,1,0,0,0,0,1,0.72727272727272729,0.72727272727272729,1,0,0.38284633874864221,1,596,16,0,0,0,0,0
d002719,c_fac_081,0,med-features-v2,42518,1,416.36178240740742,298,298,20,20,0.71572371094426923,1.0673379629629629,1,0,39998,0,1,1,1,0,0,0,0,1,0.66666666666666674,0.66666666666666674,1,0,0.27673270848718395,1,596,15,0,0,0,0,0
d002720,c_jamie_li,0,med-features-v2,42529,1,417.01469907407409,1135,1015,76,68,2.7217266022519522,0.75291666666666668,1,0,40009,0,1,1,1,0,0,0,0,1,0.77777777777777779,0.77777777777777779,1,0,0.41263049542634278,1,2150,25,0,0,0,0,0
d002721,c_hana,0,med-features-v2,538,1,416.98363425925925,238,238,16,16,0.57076580576786784,2.7985185185185184,1,0,538,0,1,1,1,0,0,0,0,1,0.38461538461538458,0.5,1,0,0.56158060795026399,1,476,16,0,0,0,0,0
d002722,c_fac_023,0,med-features-v2,42548,1,417.06861111111112,299,299,20,20,0.7169084223419141,1.8942592592592593,1,0,40025,0,1,1,1,0,0,0,0,1,0.84615384615384615,0.84615384615384615,1,1,0.36589369479508221,1,598,18,0,0,0,0,0
d002723,c_fac_078,0,med-features-v2,42559,1,417.09557870370372,298,298,20,20,0.71446453814293054,1.7398611111111111,1,0,40036,0,1,1,1,0,0,0,0,1,0.80000000000000004,0.80000000000000004,1,1,0.42611219485965424,1,596,16,0,0,0,0,0
d002724,c_elena,0,med-features-v2,3891,1,417.12219907407405,778,778,52,52,1.8651608610786021,0.1025925925925926,1,0,3891,0,1,1,3,1,538,1,0.69151670951156807,1,0.45454545454545459,0.80000000000000004,1,0,0.60264460824383137,1,1556,17,0,0,0,0,0
d002724,c_taylor,1,med-features-v2,3891,1,417.12219907407405,777,239,52,16,1.8627634820797863,0.068287037037037035,1,0,3891,0,1,1,3,1,538,1,0.69240669240669239,1,0.46153846153846156,0.33333333333333337,1,0,0.6881948237666099,1,1016,17,0,0,0,0,0
d002724,c_lena,2,med-features-v2,3891,1,417.12219907407405,538,0,36,0,1.289789901362838,0.10293981481481482,1,0,3891,0,1,1,3,1,538,1,1,1,0.46153846153846156,0.80000000000000004,1,0,0.7480265374266466,1,538,17,0,0,0,0,0
d002725,c_fac_007,0,med-features-v2,42580,1,417.14949074074076,299,299,20,20,0.71676942352023409,0.86129629629629634,1,0,40054,0,1,1,1,0,0,0,0,1,0.84615384615384615,0.84615384615384615,1,1,0.23981666866256288,1,598,14,0,0,0,0,0
d002726,c_fac_026,0,med-features-v2,42591,1,417.17645833333336,300,300,20,20,0.71912015648853622,1.0123842592592593,1,0,40065,0,1,1,1,0,0,0,0,1,0.76923076923076916,0.76923076923076916,1,0,0.27697466530041803,1,600,26,0,0,0,0,0
d002727,c_noah,0,med-features-v2,42602,1,417.2034259259259,3423,2875,229,192,8.2046306125198285,0.078078703703703706,1,0,40076,0,1,1,4,1,2695,1,0.787321063394683,1,0.40000000000000002,0.33333333333333337,1,0,0.6034924474786213,1,6293,17,0,0,0,0,0
d002727,c_elena,1,med-features-v2,42602,1,417.2034259259259,3055,360,204,24,7.3225669065872259,0.090694444444444439,1,0,40076,0,1,1,4,1,2695,1,0.88216039279869063,1,0.45454545454545459,0.80000000000000004,1,0,0.7408558424636138,1,3415,17,0,0,0,0,0
d002727,c_taylor,2,med-features-v2,42602,1,417.2034259259259,2516,360,168,24,6.0306312068652899,0.10048611111111111,1,0,40076,0,1,1,4,1,2156,1,0.85691573926868048,1,0.46153846153846156,0.33333333333333337,1,0,0.75788698952361322,1,2876,17,0,0,0,0,0
d002727,c_chris,3,med-features-v2,42602,1,417.2034259259259,3055,899,204,60,7.3225669065872259,0.090347222222222218,1,0,40076,0,1,1,4,1,2695,1,0.88216039279869063,1,0.33333333333333337,0.33333333333333337,1,0,0.62614227394467492,1,3954,17,0,0,0,0,0
d002728,c_fac_061,0,med-features-v2,42613,1,417.23037037037039,299,299,20,20,0.71663047858807905,1.0081944444444444,1,0,40087,0,1,1,1,0,0,0,0,1,0.75,0.75,1,0,0.27572481790450087,1,598,19,0,0,0,0,0
d002729,c_morgan_zhao,0,med-features-v2,42622,1,417.25733796296294,1138,1018,76,68,2.7273337014411294,0.12956018518518519,1,0,40096,0,1,1,1,0,0,0,0,1,0.81818181818181812,0.81818181818181812,1,1,0.31864989896446605,1,2156,26,0,0,0,0,0
d002730,c_fac_053,0,med-features-v2,42633,1,417.28430555555553,299,299,20,20,0.71653785205730047,0.200625,1,0,40107,0,1,1,1,0,0,0,0,1,0.75,0.75,1,0,0.42115528776363886,1,598,27,0,0,0,0,0
d002731,c_jamie_lee,0,med-features-v2,42643,1,417.31127314814813,1139,1139,76,76,2.7293775013732922,0.19574074074074074,1,0,40117,0,1,1,1,0,0,0,0,1,0.77777777777777779,0.77777777777777779,1,0,0.3637817328748032,1,2278,17,0,0,0,0,0
d002732,c_fac_065,0,med-features-v2,42654,1,417.33821759259257,299,299,20,20,0.71644528920637973,1.1107638888888889,1,0,40125,0,1,1,1,0,0,0,0,1,0.80000000000000004,0.80000000000000004,1,1,0.28639633471889975,1,598,15,0,0,0,0,0
d002733,c_fac_082,0,med-features-v2,42665,1,417.36518518518517,299,299,20,20,0.71639899688167219,1.0268287037037036,1,0,40136,0,1,1,1,0,0,0,0,1,0.69230769230769229,0.69230769230769229,1,0,0.22889497548938159,1,598,14,0,0,0,0,0
d002734,c_morgan_shaw,0,med-features-v2,42676,1,420.01680555555555,1140,1140,76,76,2.7141771112994486,2.7003009259259261,1,0,40147,0,1,1,1,0,0,0,0,1,0.81818181818181812,0.81818181818181812,1,1,0.36505247962512538,1,2280,18,0,0,0,0,0
d002735,c_marcus,0,med-features-v2,1142,1,420.0333101851852,240,240,16,16,0.57138325504276855,3.7999768518518517,1,0,1142,0,1,1,1,0,0,0,0,1,0.41666666666666663,0.33333333333333337,1,0,0.60489968154693419,1,480,19,0,0,0,0,0
d002736,c_fac_024,0,med-features-v2,42696,1,420.06969907407409,301,301,20,20,0.71654775544027605,3.9109027777777778,1,0,40164,0,1,1,1,0,0,0,0,1,0.75,0.75,1,0,0.3605416258967401,1,602,18,0,0,0,0,0
d002737,c_fac_079,0,med-features-v2,42707,1,420.09613425925926,300,300,20,20,0.71412225806119223,3.7392824074074076,1,0,40175,0,1,1,1,0,0,0,0,1,0.83333333333333337,0.83333333333333337,1,1,0.42116126602966147,1,600,16,0,0,0,0,0
d002738,c_chris,0,med-features-v2,42718,1,420.12259259259258,3067,903,204,60,7.300250103364891,0.0092824074074074076,1,0,40186,0,1,1,1,0,0,0,0,1,0.33333333333333337,0.33333333333333337,1,0,0.35295383520466822,1,3970,26,0,0,0,0,0
d002739,c_fac_007,0,med-features-v2,42728,1,420.1490277777778,300,300,20,20,0.71403235558282396,2.9991898148148146,1,0,40193,0,1,1,1,0,0,0,0,1,0.84615384615384615,0.84615384615384615,1,1,0.28970484683730369,1,600,19,0,0,0,0,0
d002740,c_fac_026,0,med-features-v2,42739,1,420.17546296296297,301,301,20,20,0.71636739060731902,2.9986574074074075,1,0,40204,0,1,1,1,0,0,0,0,1,0.76923076923076916,0.76923076923076916,1,0,0.40469115671834743,1,602,26,0,0,0,0,0
d000228,c_dir_117,0,med-features-v2,42745,1,420.18988425925926,0,0,0,0,0,3650,0,1,40210,0,1,1,1,0,0,0,0,0,0.75,0.75,1,0,0,0,0,15,0,0,0,0,0
d000134,c_fac_037,0,med-features-v2,42746,1,420.19229166666668,301,301,20,20,0.71633870008919531,2.9983333333333335,1,0,40211,0,1,1,2,1,0,0,0,1,0.76923076923076916,0.76923076923076916,1,0,0.30282214629031895,1,602,26,0,0,0,0,0
d000134,c_lee,1,med-features-v2,42746,1,420.19229166666668,842,842,56,56,2.0038444700169515,0.059745370370370372,1,0,842,0,1,0,2,1,0,0,0,1,0.5,0.5,1,0,0.090111627537000527,1,1684,26,0,0,0,0,0
d000285,c_noah,0,med-features-v2,42751,1,420.20430555555555,3437,2886,229,192,8.1793545533901995,0.076574074074074072,1,0,40216,0,1,1,6,1,2706,0.59999999999999998,0.78731451847541456,1,0.40000000000000002,0.33333333333333337,1,0,0.57364217902745374,1,6318,28,0,0,0,0,0
d000285,c_elena,1,med-features-v2,42751,1,420.20430555555555,3066,360,204,24,7.2964507013949236,0.091342592592592586,1,0,40216,0,1,1,6,1,2706,0.59999999999999998,0.88258317025440314,1,0.45454545454545459,0.80000000000000004,1,0,0.72071145498021105,1,3426,28,0,0,0,0,0
d000285,c_taylor,2,med-features-v2,42751,1,420.20430555555555,2526,362,168,24,6.0113615367656807,0.088587962962962966,1,0,40216,0,1,1,6,1,2164,0.59999999999999998,0.85669041963578785,1,0.46153846153846156,0.33333333333333337,1,0,0.72493801214929032,1,2888,28,0,0,0,0,0
d000285,c_chris,3,med-features-v2,42751,1,420.20430555555555,3068,904,204,60,7.3012102908935503,0.081365740740740738,1,0,40216,0,1,1,6,1,2706,0.59999999999999998,0.88200782268578881,1,0.33333333333333337,0.33333333333333337,1,0,0.66151248865707535,1,3972,28,0,0,0,0,0
d000285,c_alex_chen,4,med-features-v2,42751,1,420.20430555555555,1383,1263,92,84,3.2912561383004499,0.095787037037037032,1,0,40216,0,1,1,6,1,0,0,0,1,0.88888888888888884,0.88888888888888884,1,1,0.18890065164498829,1,2646,28,0,0,0,0,0
d000285,c_lee,5,med-features-v2,42751,1,420.20430555555555,842,842,56,56,2.0037871789218937,0.071759259259259259,1,0,842,0,1,0,6,1,0,0,0,1,0.5,0.5,1,0,0.15811767782423705,1,1684,28,0,0,0,0,0
d002741,c_fac_047,0,med-features-v2,42753,1,420.20912037037039,300,300,20,20,0.71393024438779762,2.9980092592592591,1,0,40218,0,1,1,1,0,0,0,0,1,0.84615384615384615,0.84615384615384615,1,1,0.27451176382973064,1,600,19,0,0,0,0,0
d002742,c_priya,0,med-features-v2,42764,1,420.23555555555555,601,601,40,40,1.4301502860829376,0.19675925925925927,1,0,40229,0,1,1,1,0,0,0,0,1,0.45454545454545459,0.40000000000000002,1,0,0.37090433564137293,1,1202,18,0,0,0,0,0
d002743,c_fac_014,0,med-features-v2,42774,1,420.26201388888887,302,302,20,20,0.71859932618093902,0.19678240740740741,1,0,40239,0,1,1,1,0,0,0,0,1,0.76923076923076916,0.76923076923076916,1,0,0.33649966830167499,1,604,18,0,0,0,0,0
d002744,c_fac_069,0,med-features-v2,42785,1,420.28844907407409,301,301,20,20,0.7161748096173588,0.19675925925925927,1,0,40250,0,1,1,1,0,0,0,0,1,0.75,0.75,1,0,0.41679873535816808,1,602,27,0,0,0,0,0
d002745,c_jamie_lee,0,med-features-v2,42795,1,420.31488425925926,1144,1144,76,76,2.7217689471457218,0.064537037037037032,1,0,40260,0,1,1,1,0,0,0,0,1,0.77777777777777779,0.77777777777777779,1,0,0.3650055082245604,1,2288,17,0,0,0,0,0
d002746,c_fac_067,0,med-features-v2,42806,1,420.34134259259258,300,300,20,20,0.71370567108543725,2.9978703703703702,1,0,40268,0,1,1,1,0,0,0,0,1,0.72727272727272729,0.72727272727272729,1,0,0.30679401439758408,1,600,14,0,0,0,0,0
d002747,c_fac_086,0,med-features-v2,42817,1,420.3677777777778,300,300,20,20,0.71366078909737762,2.9973379629629631,1,0,40279,0,1,1,1,0,0,0,0,1,0.75,0.75,1,0,0.38370380868266213,1,600,26,0,0,0,0,0
d000195,c_fac_007,0,med-features-v2,42821,1,421.00268518518516,301,301,20,20,0.71495981045251544,0.8533101851851852,1,0,40283,0,1,1,1,0,0,0,0,1,0.84615384615384615,0.84615384615384615,1,1,0.018243059641610625,1,602,18,0,0,0,0,0
d002748,c_noah,0,med-features-v2,42826,1,421.02425925925928,3445,2893,229,192,8.1824263667396657,0.010439814814814815,1,0,40288,0,1,1,4,1,2712,1,0.78722786647314946,1,0.40000000000000002,0.33333333333333337,1,0,0.57399191105463809,1,6333,28,0,0,0,0,0
d002748,c_elena,1,med-features-v2,42826,1,421.02425925925928,3073,361,204,24,7.2988668287346856,0.013125,1,0,40288,0,1,1,4,1,2712,1,0.88252521965506026,1,0.45454545454545459,0.80000000000000004,1,0,0.72102339619232347,1,3434,28,0,0,0,0,0
d002748,c_taylor,2,med-features-v2,42826,1,421.02425925925928,2532,363,168,24,6.0139052425500239,0.024259259259259258,1,0,40288,0,1,1,4,1,2169,1,0.85663507109004744,1,0.46153846153846156,0.33333333333333337,1,0,0.72566603195882717,1,2895,28,0,0,0,0,0
d002748,c_chris,3,med-features-v2,42826,1,421.02425925925928,3075,906,204,60,7.3036171488314867,0.024259259259259258,1,0,40288,0,1,1,4,1,2712,1,0.88195121951219513,1,0.33333333333333337,0.33333333333333337,1,0,0.66191197921891032,1,3981,28,0,0,0,0,0
d002749,c_ren,0,med-features-v2,42836,1,421.0539351851852,843,843,56,56,2.0021188013104241,0.72187500000000004,1,0,843,0,1,0,1,0,0,0,0,1,0.54545454545454541,0.5,1,0,0.37728163143395604,1,1686,25,0,0,0,0,0
d002750,c_fac_045,0,med-features-v2,42847,1,421.08361111111111,300,300,20,20,0.71244758067974101,3.8773842592592591,1,0,40306,0,1,1,1,0,0,0,0,1,0.76923076923076916,0.76923076923076916,1,0,0.42716882410847085,1,600,27,0,0,0,0,0
d002751,c_fac_002,0,med-features-v2,42858,1,421.11328703703703,301,301,20,20,0.71477203229051034,0.97113425925925922,1,0,40317,0,1,1,1,0,0,0,0,1,0.76923076923076916,0.76923076923076916,1,0,0.33296353606525941,1,602,15,0,0,0,0,0
d002752,c_fac_017,0,med-features-v2,42869,1,421.14296296296294,302,302,20,20,0.71709615631535351,0.97916666666666663,1,0,40328,0,1,1,1,0,0,0,0,1,0.81818181818181812,0.81818181818181812,1,1,0.38875622806374549,1,604,26,0,0,0,0,0
d002753,c_fac_034,0,med-features-v2,42880,1,421.17263888888891,303,303,20,20,0.71941995282351556,0.90067129629629628,1,0,40339,0,1,1,1,0,0,0,0,1,0.7142857142857143,0.7142857142857143,1,0,0.2644810325637697,1,606,15,0,0,0,0,0
d002754,c_noah,0,med-features-v2,42891,1,421.20233796296299,3448,2896,229,192,8.1860894141171379,0.080601851851851855,1,0,40350,0,1,1,4,1,2714,1,0.78712296983758701,1,0.40000000000000002,0.33333333333333337,1,0,0.60331705654443069,1,6339,17,0,0,0,0,0
d002754,c_elena,1,med-features-v2,42891,1,421.20233796296299,3076,362,204,24,7.3029034332437108,0.083287037037037034,1,0,40350,0,1,1,4,1,2714,1,0.88231469440832244,1,0.45454545454545459,0.80000000000000004,1,0,0.74044765200048357,1,3438,17,0,0,0,0,0
d002754,c_taylor,2,med-features-v2,42891,1,421.20233796296299,2534,363,168,24,6.016110955734578,0.094444444444444442,1,0,40350,0,1,1,4,1,2171,1,0.85674822415153906,1,0.46153846153846156,0.33333333333333337,1,0,0.75759938950902173,1,2897,17,0,0,0,0,0
d002754,c_chris,3,med-features-v2,42891,1,421.20233796296299,3077,906,204,60,7.3052775891062733,0.094444444444444442,1,0,40350,0,1,1,4,1,2714,1,0.88202794930126749,1,0.33333333333333337,0.33333333333333337,1,0,0.62570798889120693,1,3983,17,0,0,0,0,0
d002755,c_fac_069,0,med-features-v2,42902,1,421.2320138888889,302,302,20,20,0.71694455796909229,0.94321759259259264,1,0,40361,0,1,1,1,0,0,0,0,1,0.75,0.75,1,0,0.28237947621550619,1,604,15,0,0,0,0,0
d002756,c_jamie_li,0,med-features-v2,42909,1,421.26168981481482,1145,1025,76,68,2.7180254641796124,0.21819444444444444,1,0,40368,0,1,1,1,0,0,0,0,1,0.77777777777777779,0.77777777777777779,1,0,0.21544533817646011,1,2170,17,0,0,0,0,0
d002757,c_fac_010,0,med-features-v2,42920,1,421.29136574074073,302,302,20,20,0.71684355426797031,0.22627314814814814,1,0,40376,0,1,1,1,0,0,0,0,1,0.64285714285714279,0.64285714285714279,1,0,0.36792619136707239,1,604,18,0,0,0,0,0
d002758,c_fac_050,0,med-features-v2,42931,1,421.32104166666664,301,301,20,20,0.71441957612489693,0.234375,1,0,40387,0,1,1,1,0,0,0,0,1,0.75,0.75,1,0,0.39267817296723073,1,602,18,0,0,0,0,0
d002759,c_fac_077,0,med-features-v2,42942,1,421.35071759259262,301,301,20,20,0.71436925922371231,0.99460648148148145,1,0,40398,0,1,1,1,0,0,0,0,1,0.75,0.75,1,0,0.3841199659121694,1,602,26,0,0,0,0,0
d002760,c_alex_chan,0,med-features-v2,42953,1,422.00488425925926,1147,1147,76,76,2.7179780205940438,0.75094907407407407,1,0,40409,0,1,1,1,0,0,0,0,1,0.88888888888888884,0.88888888888888884,1,1,0.37015437411079394,1,2294,18,0,0,0,0,0
d002761,c_ren,0,med-features-v2,42963,1,422.03185185185185,845,845,56,56,2.0022185441506082,0.74824074074074076,1,0,845,0,1,0,1,0,0,0,0,1,0.54545454545454541,0.5,1,0,0.45646035351481229,1,1690,16,0,0,0,0,0
d002762,c_fac_011,0,med-features-v2,42973,1,422.05881944444445,302,302,20,20,0.71554007661188612,1.9046296296296297,1,0,40426,0,1,1,1,0,0,0,0,1,0.66666666666666674,0.66666666666666674,1,0,0.43037496402251363,1,604,27,0,0,0,0,0
d002763,c_fac_066,0,med-features-v2,42984,1,422.08576388888889,301,301,20,20,0.71312521234247583,1.7464814814814815,1,0,40437,0,1,1,1,0,0,0,0,1,0.72727272727272729,0.66666666666666674,1,0,0.44555502123267721,1,602,27,0,0,0,0,0
d002764,c_jamie_lee,0,med-features-v2,42995,1,422.11273148148149,1149,1149,76,76,2.7220216646092985,0.065833333333333327,1,0,40448,0,1,1,1,0,0,0,0,1,0.77777777777777779,0.77777777777777779,1,0,0.37857355440839519,1,2298,24,0,0,0,0,0
d002765,c_ren,0,med-features-v2,43005,1,422.13969907407409,847,847,56,56,2.0064447903331981,0.0094675925925925934,1,0,847,0,1,0,1,0,0,0,0,1,0.54545454545454541,0.5,1,0,0.15728744507855899,1,1694,27,0,0,0,0,0
d002766,c_fac_018,0,med-features-v2,43016,1,422.16666666666669,303,303,20,20,0.71772601658112911,1.0206481481481482,1,0,40463,0,1,1,1,0,0,0,0,1,0.66666666666666674,0.66666666666666674,1,0,0.35797404441356739,1,606,15,0,0,0,0,0
d002767,c_fac_035,0,med-features-v2,43027,1,422.19361111111112,303,303,20,20,0.7176802112248396,0.8830324074074074,1,0,40474,0,1,1,1,0,0,0,0,1,0.66666666666666674,0.66666666666666674,1,0,0.28259103891599724,1,606,15,0,0,0,0,0
d002768,c_fac_053,0,med-features-v2,43038,1,422.22057870370372,302,302,20,20,0.71526594209878769,1.0152083333333333,1,0,40485,0,1,1,1,0,0,0,0,1,0.75,0.75,1,0,0.33761284348284265,1,604,15,0,0,0,0,0
d002769,c_jamie_lee,0,med-features-v2,43049,1,422.24754629629632,1150,1150,76,76,2.7235208590011104,0.13446759259259258,1,0,40496,0,1,1,2,1,121,1,0.10521739130434783,1,0.77777777777777779,0.77777777777777779,1,0,0.26438532140273219,1,2300,27,0,0,0,0,0
d002769,c_jamie_li,1,med-features-v2,43049,1,422.24754629629632,1150,1029,76,68,2.7235208590011104,0.13201388888888888,1,0,40496,0,1,1,2,1,121,1,0.10521739130434783,1,0.77777777777777779,0.77777777777777779,1,0,0.25082159385110164,1,2179,27,0,0,0,0,0
d000354,c_fac_042,0,med-features-v2,43055,1,422.26348379629627,302,302,20,20,0.71519326578967823,1.0796874999999999,1,0,40502,0,1,1,1,0,0,0,0,1,0.66666666666666674,0.66666666666666674,1,0,0.37593355159341302,1,604,26,0,0,0,0,0
d002770,c_fac_041,0,med-features-v2,43060,1,422.27449074074076,303,303,21,21,0.71754275156068947,0.200625,1,0,40507,0,1,1,1,0,0,0,0,1,0.81818181818181812,0.81818181818181812,1,1,0.41615241400358277,1,606,16,0,0,0,0,0
d002771,c_lena,0,med-features-v2,43071,1,422.30145833333336,726,362,48,24,1.7191510606315492,0.056365740740740744,1,0,40518,0,1,1,1,0,0,0,0,1,0.46153846153846156,0.80000000000000004,1,0,0.65247347554437241,1,1088,15,0,0,0,0,0
d000065,c_jamie_li,0,med-features-v2,43074,1,422.30881944444445,1151,1029,76,68,2.7254936364202935,0.061273148148148146,1,0,40521,0,1,1,1,0,0,0,0,1,0.77777777777777779,0.77777777777777779,1,0,0.21437991043704274,1,2180,18,0,0,0,0,0
d000066,c_morgan_zhao,0,med-features-v2,43076,1,422.31615740740739,1151,1029,76,68,2.7254462795503063,0.066157407407407401,1,0,40523,0,1,1,1,0,0,0,0,1,0.81818181818181812,0.81818181818181812,1,1,0.20407466909444488,1,2180,17,0,0,0,0,0
d002772,c_fac_063,0,med-features-v2,43083,1,422.33333333333331,302,302,20,20,0.71507498026835048,1.1117824074074074,1,0,40527,0,1,1,1,0,0,0,0,1,0.75,0.75,1,0,0.31435623081039454,1,604,15,0,0,0,0,0
d002773,c_fac_080,0,med-features-v2,43094,1,422.36027777777775,302,302,20,20,0.7150293621098891,1.0227083333333333,1,0,40538,0,1,1,1,0,0,0,0,1,0.75,0.75,1,0,0.26924399930418436,1,604,25,0,0,0,0,0
d000196,c_fac_008,0,med-features-v2,43101,1,423.0026388888889,303,303,20,20,0.71630758804696182,0.85034722222222225,1,0,40545,0,1,1,1,0,0,0,0,1,0.76923076923076916,0.76923076923076916,1,0,0.012209679812142918,1,606,14,0,0,0,0,0
d002774,c_noah,0,med-features-v2,43104,1,423.01583333333332,3464,2909,228,192,8.1888187794389093,0.015486111111111112,1,0,40548,0,1,1,1,0,0,0,0,1,0.40000000000000002,0.33333333333333337,1,0,0.54996971248588333,1,6368,15,0,0,0,0,0
d002775,c_morgan_shaw,0,med-features-v2,43113,1,423.04488425925928,1152,1152,76,76,2.7231153072968191,0.72837962962962965,1,0,40557,0,1,1,1,0,0,0,0,1,0.81818181818181812,0.81818181818181812,1,1,0.24882687106605969,1,2304,25,0,0,0,0,0
d002776,c_fac_027,0,med-features-v2,43124,1,423.07393518518518,303,303,20,20,0.71618687610091791,1.9144212962962963,1,0,40565,0,1,1,1,0,0,0,0,1,0.75,0.75,1,0,0.36614368156906774,1,606,18,0,0,0,0,0
d002777,c_fac_082,0,med-features-v2,43135,1,423.10298611111114,302,302,20,20,0.71377421080335213,1.7438425925925927,1,0,40576,0,1,1,1,0,0,0,0,1,0.69230769230769229,0.69230769230769229,1,0,0.40939811773701762,1,604,16,0,0,0,0,0
d002778,c_fac_006,0,med-features-v2,43146,1,423.13203703703704,303,303,20,20,0.71608853378662563,0.87435185185185182,1,0,40587,0,1,1,1,0,0,0,0,1,0.81818181818181812,0.81818181818181812,1,1,0.26905997855302799,1,606,15,0,0,0,0,0
d000135,c_fac_010,0,med-features-v2,43148,1,423.13731481481483,304,304,20,20,0.71844290105457842,0.9801157407407407,1,0,40589,0,1,1,2,1,0,0,0,1,0.64285714285714279,0.64285714285714279,1,0,0.27907484553770234,1,608,26,0,0,0,0,0
d000135,c_pat,1,med-features-v2,43148,1,423.13731481481483,850,850,56,56,2.0088041641328673,0.084166666666666667,1,0,850,0,1,0,2,1,0,0,0,1,0.77777777777777779,0.33333333333333337,1,0,0.091552692731959831,1,1700,26,0,0,0,0,0
d002779,c_fac_026,0,med-features-v2,43158,1,423.16372685185183,304,304,20,20,0.71839805897736919,0.8962268518518518,1,0,40599,0,1,1,1,0,0,0,0,1,0.76923076923076916,0.76923076923076916,1,0,0.25532591238308966,1,608,15,0,0,0,0,0
d002780,c_fac_045,0,med-features-v2,43169,1,423.19277777777779,303,303,20,20,0.71598575380014617,0.98166666666666669,1,0,40610,0,1,1,1,0,0,0,0,1,0.76923076923076916,0.76923076923076916,1,0,0.29341679182682501,1,606,19,0,0,0,0,0
d002781,c_fac_061,0,med-features-v2,43180,1,423.22182870370369,303,303,20,20,0.71593660688076033,0.93717592592592591,1,0,40621,0,1,1,1,0,0,0,0,1,0.75,0.75,1,0,0.23362496067265223,1,606,14,0,0,0,0,0
d002782,c_avery,0,med-features-v2,43187,1,423.25087962962965,243,243,16,16,0.57412757231039857,0.22942129629629629,1,0,40628,0,1,1,2,1,243,1,1,1,0.5,0.30000000000000004,1,0,0.50609630398401839,1,486,18,0,0,0,0,0
d002782,c_devon,1,med-features-v2,43187,1,423.25087962962965,243,0,16,0,0.57412757231039857,0.22976851851851851,1,0,40628,0,1,1,2,1,243,1,1,1,0.45454545454545459,0.40000000000000002,1,0,0.66893274291339511,1,243,18,0,0,0,0,0
d002783,c_pat,0,med-features-v2,43198,1,423.27990740740739,850,850,56,56,2.0081274474053266,0.22675925925925927,1,0,850,0,1,0,1,0,0,0,0,1,0.77777777777777779,0.33333333333333337,1,0,0.30427266244697537,1,1700,15,0,0,0,0,0
d002784,c_fac_032,0,med-features-v2,43209,1,423.30895833333335,304,304,20,20,0.7181515864840643,0.23203703703703704,1,0,40647,0,1,1,1,0,0,0,0,1,0.76923076923076916,0.76923076923076916,1,0,0.36855113770063996,1,608,16,0,0,0,0,0
d000286,c_noah,0,med-features-v2,43210,1,423.31159722222225,3471,2916,228,192,8.1996336097965656,0.010208333333333333,1,0,40648,0,1,1,6,1,2733,0.80000000000000004,0.78738115816767507,1,0.40000000000000002,0.33333333333333337,1,0,0.60323376800679962,1,6382,17,0,0,0,0,0
d000286,c_elena,1,med-features-v2,43210,1,423.31159722222225,3099,366,204,24,7.32084833095925,0.015486111111111112,1,0,40648,0,1,1,6,1,2733,0.80000000000000004,0.88189738625363023,1,0.45454545454545459,0.80000000000000004,1,0,0.73998416449752424,1,3465,17,0,0,0,0,0
d000286,c_taylor,2,med-features-v2,43210,1,423.31159722222225,2553,366,168,24,6.0310183249238349,0.076574074074074072,1,0,40648,0,1,1,6,1,2187,0.80000000000000004,0.85663924794359581,1,0.46153846153846156,0.33333333333333337,1,0,0.75689990343619495,1,2919,17,0,0,0,0,0
d000286,c_chris,3,med-features-v2,43210,1,423.31159722222225,3099,912,204,60,7.32084833095925,0.012847222222222222,1,0,40648,0,1,1,6,1,2733,0.80000000000000004,0.88189738625363023,1,0.33333333333333337,0.33333333333333337,1,0,0.6254839644653597,1,4011,17,0,0,0,0,0
d000286,c_lena,4,med-features-v2,43210,1,423.31159722222225,727,363,48,24,1.7174110153621731,1.0097916666666666,1,0,40648,0,1,1,6,1,364,0.80000000000000004,0.50068775790921594,1,0.46153846153846156,0.80000000000000004,1,0,0.60194470395324429,1,1090,17,0,0,0,0,0
d000286,c_pat,5,med-features-v2,43210,1,423.31159722222225,851,851,56,56,2.0103394416412783,0.031342592592592596,1,0,851,0,1,0,6,1,0,0,0,1,0.77777777777777779,0.33333333333333337,1,0,0.018772931900855157,1,1702,17,0,0,0,0,0
d002785,c_fac_087,0,med-features-v2,43221,1,423.34064814814815,303,303,20,20,0.71573566423502311,0.23467592592592593,1,0,40659,0,1,1,1,0,0,0,0,1,0.75,0.75,1,0,0.38015231110618625,1,606,16,0,0,0,0,0
d002786,c_fac_086,0,med-features-v2,43232,1,423.36969907407405,303,303,20,20,0.71568655164191664,1.0384722222222222,1,0,40670,0,1,1,1,0,0,0,0,1,0.75,0.75,1,0,0.22364250263561442,1,606,14,0,0,0,0,0
d000067,c_alex_chen,0,med-features-v2,43236,1,424.00488425925926,1396,1274,92,84,3.2924149032830741,0.74837962962962967,1,0,40674,0,1,1,1,0,0,0,0,1,0.88888888888888884,0.88888888888888884,1,1,0.18000433869314725,1,2670,18,0,0,0,0,0
d002787,c_morgan_zhao,0,med-features-v2,43243,1,424.02449074074076,1154,1032,76,68,2.7215409137902475,0.75215277777777778,1,0,40681,0,1,1,1,0,0,0,0,1,0.81818181818181812,0.81818181818181812,1,1,0.47137151576892794,1,2186,15,0,0,0,0,0
d002788,c_jamie_li,0,med-features-v2,43253,1,424.05145833333336,1155,1033,76,68,2.7237260415034141,0.036412037037037034,1,0,40688,0,1,1,1,0,0,0,0,1,0.77777777777777779,0.77777777777777779,1,0,0.31978694226784543,1,2188,26,0,0,0,0,0
d002789,c_fac_043,0,med-features-v2,43263,1,424.0784259259259,303,303,20,20,0.7144904844862946,1.8721990740740742,1,0,40698,0,1,1,1,0,0,0,0,1,0.75,0.75,1,0,0.40875341179869046,1,606,27,0,0,0,0,0
d002790,c_lena,0,med-features-v2,43274,1,424.10537037037039,729,364,48,24,1.7189124470726831,0.061273148148148146,1,0,40709,0,1,1,1,0,0,0,0,1,0.46153846153846156,0.80000000000000004,1,0,0.67940312073170239,1,1093,15,0,0,0,0,0
d002791,c_pat,0,med-features-v2,43284,1,424.13233796296294,852,852,56,56,2.0088069777749422,0.1025925925925926,1,0,852,0,1,0,1,0,0,0,0,1,0.77777777777777779,0.33333333333333337,1,0,0.43300141505606698,1,1704,16,0,0,0,0,0
d002792,c_fac_015,0,med-features-v2,43295,1,424.15930555555553,305,305,20,20,0.71906945339915862,1.0137268518518519,1,0,40727,0,1,1,1,0,0,0,0,1,0.76923076923076916,0.76923076923076916,1,0,0.30497835090647485,1,610,15,0,0,0,0,0
d002793,c_fac_032,0,med-features-v2,43306,1,424.18627314814813,305,305,20,20,0.71902373864294755,0.8769675925925926,1,0,40738,0,1,1,1,0,0,0,0,1,0.76923076923076916,0.76923076923076916,1,0,0.29502830638821465,1,610,15,0,0,0,0,0
d002794,c_fac_050,0,med-features-v2,43317,1,424.21321759259257,304,304,20,20,0.71662076378760231,1.012175925925926,1,0,40749,0,1,1,1,0,0,0,0,1,0.75,0.75,1,0,0.3021708759969044,1,608,15,0,0,0,0,0
d002795,c_maya,0,med-features-v2,1278,1,424.23504629629628,1278,1400,84,92,3.0124809611024288,0.12956018518518519,1,0,1278,0,1,1,1,0,0,0,0,1,0.33333333333333337,0.5,1,0,0.36109784777275938,1,2678,14,0,0,0,0,0
d002796,c_fac_018,0,med-features-v2,43337,1,424.26715277777777,305,305,20,20,0.71888666846606575,0.20064814814814816,1,0,40769,0,1,1,1,0,0,0,0,1,0.66666666666666674,0.66666666666666674,1,0,0.35947005450638625,1,610,18,0,0,0,0,0
d002797,c_fac_073,0,med-features-v2,43348,1,424.29409722222221,304,304,20,20,0.71648416037421636,0.200625,1,0,40780,0,1,1,1,0,0,0,0,1,0.72727272727272729,0.72727272727272729,1,0,0.39972585866973709,1,608,16,0,0,0,0,0
d002798,c_lee,0,med-features-v2,43358,1,424.3210648148148,853,853,56,56,2.0102702192554882,0.19083333333333333,1,0,853,0,1,0,1,0,0,0,0,1,0.5,0.5,1,0,0.45238636892353434,1,1706,16,0,0,0,0,0
d002799,c_fac_071,0,med-features-v2,43369,1,424.3480324074074,304,304,20,20,0.71639309430834397,1.0017361111111112,1,0,40798,0,1,1,1,0,0,0,0,1,0.83333333333333337,0.83333333333333337,1,1,0.2696436126955935,1,608,19,0,0,0,0,0
d000310,c_new_179,0,med-features-v2,43380,1,424.40288194444446,0,0,0,0,0,3650,0,1,40809,0,1,1,1,0,0,0,0,0,0.63636363636363635,0.63636363636363635,1,0,0,0,0,21,0,0,0,0,0
d000320,c_new_189,0,med-features-v2,43381,1,424.46274305555556,0,0,0,0,0,3650,0,1,0,1,0,0,1,0,0,0,0,0,0.75,0.75,1,0,0,0,0,13,0,0,0,0,0
d000376,c_noah,0,med-features-v2,43382,1,424.49369212962961,3486,2928,228,192,8.2121361627570764,0.16491898148148149,1,0,40810,0,1,1,1,0,0,0,0,1,0.40000000000000002,0.33333333333333337,1,0,0.00094671761576853742,1,6409,1,0,1,0,0,1
d000366,c_maya,0,med-features-v2,0,0,0,0,0,0,0,0,3650,0,1,0,1,1,1,2,1,0,0,0,0,0.33333333333333337,0.5,1,0,0,0,0,15,0,0,0,0,0
d000366,c_noah,1,med-features-v2,0,0,0,0,0,0,0,0,3650,0,1,0,1,1,1,2,1,0,0,0,0,0.40000000000000002,0.33333333333333337,1,0,0,0,0,15,0,0,0,0,0
d002800,c_noah,0,med-features-v2,43384,1,427,3487,2928,229,192,8.1662763466042154,2.5063078703703705,1,0,40812,0,1,1,4,1,2745,1,0.78720963579007741,1,0.40000000000000002,0.33333333333333337,1,0,0.57420917311809505,1,6410,28,0,0,0,0,0
d002800,c_elena,1,med-features-v2,43384,1,427,3111,366,204,24,7.2857142857142856,2.6715740740740741,1,0,40812,0,1,1,4,1,2745,1,0.88235294117647056,1,0.45454545454545459,0.80000000000000004,1,0,0.72128543795271205,1,3477,28,0,0,0,0,0
d002800,c_taylor,2,med-features-v2,43384,1,427,2562,366,168,24,6,2.6715740740740741,1,0,40812,0,1,1,4,1,2196,1,0.8571428571428571,1,0.46153846153846156,0.33333333333333337,1,0,0.72623588923409987,1,2928,28,0,0,0,0,0
d002800,c_chris,3,med-features-v2,43384,1,427,3111,915,204,60,7.2857142857142856,2.6715740740740741,1,0,40812,0,1,1,4,1,2745,1,0.88235294117647056,1,0.33333333333333337,0.33333333333333337,1,0,0.66295839139413792,1,4026,28,0,0,0,0,0
d002801,c_morgan_zhao,0,med-features-v2,43394,1,427.02643518518516,1159,1037,76,68,2.7141176857057707,2.7074768518518519,1,0,40822,0,1,1,1,0,0,0,0,1,0.81818181818181812,0.81818181818181812,1,1,0.47250918564680433,1,2196,15,0,0,0,0,0
d002802,c_jamie_lee,0,med-features-v2,43404,1,427.05287037037039,1160,1160,76,76,2.7162913083664937,0.045324074074074072,1,0,40829,0,1,1,1,0,0,0,0,1,0.77777777777777779,0.77777777777777779,1,0,0.30775409264289388,1,2320,15,0,0,0,0,0
d002803,c_fac_044,0,med-features-v2,43415,1,427.07930555555555,305,305,20,20,0.71415307656560012,3.8888194444444446,1,0,40840,0,1,1,1,0,0,0,0,1,0.81818181818181812,0.81818181818181812,1,1,0.37999055569942047,1,610,16,0,0,0,0,0
d002804,c_alex_chan,0,med-features-v2,43426,1,427.10576388888887,1161,1161,76,76,2.7182962585867441,0.054953703703703706,1,0,40851,0,1,1,1,0,0,0,0,1,0.88888888888888884,0.88888888888888884,1,1,0.38502057260129674,1,2322,24,0,0,0,0,0
d002805,c_lee,0,med-features-v2,43436,1,427.13219907407409,855,855,56,56,2.0017221877756968,0.10300925925925926,1,0,855,0,1,0,1,0,0,0,0,1,0.5,0.5,1,0,0.45297822875675442,1,1710,16,0,0,0,0,0
d002806,c_fac_013,0,med-features-v2,43447,1,427.15863425925926,306,306,20,20,0.71636150005638577,2.8935879629629628,1,0,40869,0,1,1,1,0,0,0,0,1,0.76923076923076916,0.76923076923076916,1,0,0.21784435707268102,1,612,14,0,0,0,0,0
d002807,c_fac_032,0,med-features-v2,43458,1,427.18509259259258,306,306,20,20,0.71631713115942675,2.9984722222222224,1,0,40880,0,1,1,1,0,0,0,0,1,0.76923076923076916,0.76923076923076916,1,0,0.29599419990436798,1,612,26,0,0,0,0,0
d002808,c_fac_048,0,med-features-v2,43469,1,427.2115277777778,305,305,20,20,0.71393204576317415,2.9293287037037037,1,0,40891,0,1,1,1,0,0,0,0,1,0.75,0.75,1,0,0.27295900454137795,1,610,15,0,0,0,0,0
d002809,c_maya,0,med-features-v2,1284,1,427.23282407407407,1284,1406,84,92,3.0053870574733246,0.12944444444444445,1,0,1284,0,1,1,1,0,0,0,0,1,0.33333333333333337,0.5,1,0,0.41681045870522165,1,2690,25,0,0,0,0,0
d002810,c_fac_019,0,med-features-v2,43490,1,427.26442129629629,307,307,20,20,0.71852460607082425,0.19678240740740741,1,0,40912,0,1,1,1,0,0,0,0,1,0.75,0.75,1,0,0.41725344314106122,1,614,16,0,0,0,0,0
d002811,c_fac_074,0,med-features-v2,43501,1,427.29085648148146,306,306,20,20,0.71613982690795508,0.19678240740740741,1,0,40923,0,1,1,1,0,0,0,0,1,0.75,0.75,1,0,0.39274137409749171,1,612,16,0,0,0,0,0
d002812,c_jamie_li,0,med-features-v2,43511,1,427.31729166666668,1161,1039,76,68,2.7169506655622309,0.19916666666666666,1,0,40933,0,1,1,1,0,0,0,0,1,0.77777777777777779,0.77777777777777779,1,0,0.39846651078435891,1,2200,14,0,0,0,0,0
d002813,c_fac_068,0,med-features-v2,43522,1,427.34372685185184,305,305,20,20,0.71371119039670616,3.0517129629629629,1,0,40941,0,1,1,1,0,0,0,0,1,0.80000000000000004,0.80000000000000004,1,1,0.30799777979043436,1,610,25,0,0,0,0,0
d002814,c_fac_087,0,med-features-v2,43533,1,427.37018518518516,305,305,20,20,0.71366700479547829,2.9972916666666665,1,0,40952,0,1,1,1,0,0,0,0,1,0.75,0.75,1,0,0.27750971549126269,1,610,19,0,0,0,0,0
d000136,c_marcus,0,med-features-v2,43539,1,428.01886574074075,796,244,52,16,1.8597311093342144,0.72081018518518514,1,0,40958,0,1,1,2,1,0,0,0,1,0.41666666666666663,0.33333333333333337,1,0,0.62129484530494128,1,1040,19,0,0,0,0,0
d000136,c_ren,1,med-features-v2,43539,1,428.01886574074075,857,857,56,56,2.0022481918334445,0.68680555555555556,1,0,857,0,1,0,2,1,0,0,0,1,0.54545454545454541,0.5,1,0,0.025176497246443014,1,1714,19,0,0,0,0,0
d002815,c_alex_chen,0,med-features-v2,43542,1,428.0269675925926,1408,1286,92,84,3.289512359277726,0.72134259259259259,1,0,40961,0,1,1,1,0,0,0,0,1,0.88888888888888884,0.88888888888888884,1,1,0.184364750753817,1,2694,17,0,0,0,0,0
d002816,c_morgan_zhao,0,med-features-v2,43552,1,428.05664351851851,1163,1041,76,68,2.7169301484037978,0.010439814814814815,1,0,40968,0,1,1,1,0,0,0,0,1,0.81818181818181812,0.81818181818181812,1,1,0.31822079915153317,1,2204,26,0,0,0,0,0
d002817,c_fac_050,0,med-features-v2,43563,1,428.08631944444443,305,305,20,20,0.71247313017575153,3.8727546296296298,1,0,40979,0,1,1,1,0,0,0,0,1,0.75,0.75,1,0,0.38832846621670097,1,610,16,0,0,0,0,0
d002818,c_fac_003,0,med-features-v2,43574,1,428.11599537037034,306,306,20,20,0.71475955887907028,0.97143518518518523,1,0,40990,0,1,1,1,0,0,0,0,1,0.75,0.75,1,0,0.2818176605051656,1,612,26,0,0,0,0,0
d002819,c_fac_018,0,med-features-v2,43585,1,428.14567129629631,307,307,20,20,0.71704567062536528,0.97946759259259264,1,0,41001,0,1,1,1,0,0,0,0,1,0.66666666666666674,0.66666666666666674,1,0,0.32314553557838366,1,614,14,0,0,0,0,0
d002820,c_fac_037,0,med-features-v2,43596,1,428.17534722222223,307,307,20,20,0.71699597370949886,0.98270833333333329,1,0,41012,0,1,1,1,0,0,0,0,1,0.76923076923076916,0.76923076923076916,1,0,0.39872578231909156,1,614,26,0,0,0,0,0
d002821,c_fac_053,0,med-features-v2,43607,1,428.20502314814814,306,306,20,20,0.71461095376765749,0.98592592592592587,1,0,41023,0,1,1,1,0,0,0,0,1,0.75,0.75,1,0,0.2794299895689405,1,612,26,0,0,0,0,0
d002822,c_noah,0,med-features-v2,43618,1,428.23469907407406,3507,2945,229,192,8.1894344563455732,0.03201388888888889,1,0,41034,0,1,1,4,1,2760,1,0.78699743370402053,1,0.40000000000000002,0.33333333333333337,1,0,0.60267037201957063,1,6447,17,0,0,0,0,0
d002822,c_elena,1,med-features-v2,43618,1,428.23469907407406,3128,368,204,24,7.3044057540487461,0.032361111111111111,1,0,41034,0,1,1,4,1,2760,1,0.88235294117647056,1,0.45454545454545459,0.80000000000000004,1,0,0.73961839107471095,1,3496,17,0,0,0,0,0
d002822,c_taylor,2,med-features-v2,43618,1,428.23469907407406,2577,369,168,24,6.0177281420024364,0.032361111111111111,1,0,41034,0,1,1,4,1,2208,1,0.85681024447031429,1,0.46153846153846156,0.33333333333333337,1,0,0.75673248206772969,1,2946,17,0,0,0,0,0
d002822,c_chris,3,med-features-v2,43618,1,428.23469907407406,3129,921,204,60,7.3067409221286859,0.032361111111111111,1,0,41034,0,1,1,4,1,2760,1,0.88207094918504314,1,0.33333333333333337,0.33333333333333337,1,0,0.62519819211061245,1,4050,17,0,0,0,0,0
d002823,c_morgan_shaw,0,med-features-v2,43625,1,428.26437499999997,1165,1165,76,76,2.7202823022578051,0.22356481481481483,1,0,41041,0,1,1,1,0,0,0,0,1,0.81818181818181812,0.81818181818181812,1,1,0.24979365858616684,1,2330,25,0,0,0,0,0
d002824,c_fac_015,0,med-features-v2,43636,1,428.29405092592594,307,307,20,20,0.71679725491469892,0.22627314814814814,1,0,41049,0,1,1,1,0,0,0,0,1,0.76923076923076916,0.76923076923076916,1,0,0.35754671100692309,1,614,18,0,0,0,0,0
d002825,c_fac_055,0,med-features-v2,43647,1,428.32372685185186,306,306,20,20,0.71441290971452287,0.23435185185185184,1,0,41060,0,1,1,1,0,0,0,0,1,0.83333333333333337,0.83333333333333337,1,1,0.39192100551240239,1,612,27,0,0,0,0,0
d002826,c_fac_078,0,med-features-v2,43658,1,428.35340277777777,306,306,20,20,0.71436341585162433,0.99488425925925927,1,0,41071,0,1,1,1,0,0,0,0,1,0.80000000000000004,0.80000000000000004,1,1,0.28132441428261096,1,612,14,0,0,0,0,0
d000229,c_dir_118,0,med-features-v2,43660,1,428.3587962962963,0,0,0,0,0,3650,0,1,41073,0,1,1,1,0,0,0,0,0,0.80000000000000004,0.80000000000000004,1,1,0,0,0,15,0,0,0,0,0
d000287,c_noah,0,med-features-v2,43666,1,429,3510,2948,229,192,8.1818181818181817,0.68671296296296291,1,0,41079,0,1,1,6,1,2762,0.59999999999999998,0.78689458689458691,1,0.40000000000000002,0.33333333333333337,1,0,0.60281136646262401,1,6453,17,0,0,0,0,0
d000287,c_elena,1,med-features-v2,43666,1,429,3131,369,204,24,7.298368298368298,0.68706018518518519,1,0,41079,0,1,1,6,1,2762,0.59999999999999998,0.88214627914404342,1,0.45454545454545459,0.80000000000000004,1,0,0.7396001349490432,1,3500,17,0,0,0,0,0
d000287,c_taylor,2,med-features-v2,43666,1,429,2579,369,168,24,6.0116550116550114,0.68706018518518519,1,0,41079,0,1,1,6,1,2210,0.59999999999999998,0.85692128732066697,1,0.46153846153846156,0.33333333333333337,1,0,0.75685552324089056,1,2948,17,0,0,0,0,0
d000287,c_chris,3,med-features-v2,43666,1,429,3131,921,204,60,7.298368298368298,0.68706018518518519,1,0,41079,0,1,1,6,1,2762,0.59999999999999998,0.88214627914404342,1,0.33333333333333337,0.33333333333333337,1,0,0.62545692908534845,1,4052,17,0,0,0,0,0
d000287,c_morgan_zhao,4,med-features-v2,43666,1,429,1166,1044,76,68,2.7179487179487181,0.71909722222222228,1,0,41079,0,1,1,6,1,0,0,0,1,0.81818181818181812,0.81818181818181812,1,1,0.15577282088554917,1,2210,17,0,0,0,0,0
d000287,c_ren,5,med-features-v2,43666,1,429,859,859,56,56,2.0023310023310024,0.71638888888888885,1,0,859,0,1,0,6,1,0,0,0,1,0.54545454545454541,0.5,1,0,0.019657228827396764,1,1718,17,0,0,0,0,0
d002827,c_taylor,0,med-features-v2,43671,1,429.01224537037035,2580,369,168,24,6.0138143557479609,0.01224537037037037,1,0,41084,0,1,1,1,0,0,0,0,1,0.46153846153846156,0.33333333333333337,1,0,0.6205193165442866,1,2949,26,0,0,0,0,0
d000197,c_fac_001,0,med-features-v2,43681,1,429.03921296296295,306,306,20,20,0.71322152091122637,1.8994444444444445,1,0,41091,0,1,1,1,0,0,0,0,1,0.75,0.75,1,0,0.016633145824669696,1,612,18,0,0,0,0,0
d002828,c_alex_chan,0,med-features-v2,43682,1,429.04166666666669,1167,1167,76,76,2.7200155385063609,0.036435185185185189,1,0,41092,0,1,1,2,1,122,1,0.10454155955441302,1,0.88888888888888884,0.88888888888888884,1,1,0.27089208316837021,1,2334,15,0,0,0,0,0
d002828,c_alex_chen,1,med-features-v2,43682,1,429.04166666666669,1413,1291,92,84,3.2933864232300669,0.033981481481481481,1,0,41092,0,1,1,2,1,122,1,0.08634111818825195,1,0.88888888888888884,0.88888888888888884,1,1,0.22329635610932516,1,2704,15,0,0,0,0,0
d002829,c_fac_031,0,med-features-v2,43692,1,429.06861111111112,307,307,20,20,0.71550328327443091,1.8855787037037037,1,0,41102,0,1,1,1,0,0,0,0,1,0.84615384615384615,0.84615384615384615,1,1,0.39666863861053836,1,614,27,0,0,0,0,0
d002830,c_fac_086,0,med-features-v2,43703,1,429.09557870370372,306,306,20,20,0.71312783255521983,1.7274537037037037,1,0,41113,0,1,1,1,0,0,0,0,1,0.75,0.75,1,0,0.41521571674264945,1,612,27,0,0,0,0,0
d002831,c_morgan_zhao,0,med-features-v2,43713,1,429.12254629629632,1168,1045,76,68,2.721833215431964,0.073541666666666672,1,0,41123,0,1,1,1,0,0,0,0,1,0.81818181818181812,0.81818181818181812,1,1,0.47176396380887525,1,2213,15,0,0,0,0,0
d002832,c_fac_005,0,med-features-v2,43724,1,429.14949074074076,307,307,20,20,0.71536843599673727,0.86048611111111106,1,0,41128,0,1,1,1,0,0,0,0,1,0.76923076923076916,0.76923076923076916,1,0,0.26800845506325383,1,614,15,0,0,0,0,0
d002833,c_fac_024,0,med-features-v2,43735,1,429.17645833333336,309,309,20,20,0.71998357319032036,1.0196527777777777,1,0,41139,0,1,1,1,0,0,0,0,1,0.75,0.75,1,0,0.25743507895670131,1,618,19,0,0,0,0,0
d002834,c_noah,0,med-features-v2,43746,1,429.2034259259259,3516,2952,229,192,8.1919196996503221,0.095601851851851855,1,0,41150,0,1,1,4,1,2768,1,0.78725824800910127,1,0.40000000000000002,0.33333333333333337,1,0,0.60324023792777093,1,6463,17,0,0,0,0,0
d002834,c_elena,1,med-features-v2,43746,1,429.2034259259259,3137,369,204,24,7.3088885374866495,0.095601851851851855,1,0,41150,0,1,1,4,1,2768,1,0.88237169270003191,1,0.45454545454545459,0.80000000000000004,1,0,0.74032013309765687,1,3506,17,0,0,0,0,0
d002834,c_taylor,2,med-features-v2,43746,1,429.2034259259259,2585,371,168,24,6.0227851034118549,0.092800925925925926,1,0,41150,0,1,1,4,1,2214,1,0.85647969052224371,1,0.46153846153846156,0.33333333333333337,1,0,0.75734349243323262,1,2956,17,0,0,0,0,0
d002834,c_chris,3,med-features-v2,43746,1,429.2034259259259,3137,923,204,60,7.3088885374866495,0.095254629629629634,1,0,41150,0,1,1,4,1,2768,1,0.88237169270003191,1,0.33333333333333337,0.33333333333333337,1,0,0.62616246643657913,1,4060,17,0,0,0,0,0
d002835,c_fac_059,0,med-features-v2,43757,1,429.23037037037039,308,308,20,20,0.71756339080628373,1.014212962962963,1,0,41161,0,1,1,1,0,0,0,0,1,0.66666666666666674,0.66666666666666674,1,0,0.2905822880139432,1,616,19,0,0,0,0,0
d002836,c_fac_006,0,med-features-v2,43767,1,429.25733796296294,307,307,20,20,0.7151887058165759,0.200625,1,0,41171,0,1,1,1,0,0,0,0,1,0.81818181818181812,0.81818181818181812,1,1,0.371330495952294,1,614,16,0,0,0,0,0
d002837,c_fac_061,0,med-features-v2,43778,1,429.28430555555553,307,307,20,20,0.71514377774118232,0.200625,1,0,41182,0,1,1,1,0,0,0,0,1,0.75,0.75,1,0,0.34719229842222321,1,614,18,0,0,0,0,0
d002838,c_elena,0,med-features-v2,4001,1,429.31092592592591,800,800,52,52,1.8634512929634441,0.19083333333333333,1,0,4001,0,1,1,3,1,554,1,0.6925,1,0.45454545454545459,0.80000000000000004,1,0,0.60315906893562254,1,1600,17,0,0,0,0,0
d002838,c_taylor,1,med-features-v2,4001,1,429.31092592592591,800,246,52,16,1.8634512929634441,0.056041666666666663,1,0,4001,0,1,1,3,1,554,1,0.6925,1,0.46153846153846156,0.33333333333333337,1,0,0.68892999663103183,1,1046,17,0,0,0,0,0
d002838,c_lena,2,med-features-v2,4001,1,429.31092592592591,554,0,36,0,1.2904400203771851,0.19118055555555555,1,0,4001,0,1,1,3,1,554,1,1,1,0.46153846153846156,0.80000000000000004,1,0,0.74950688021888578,1,554,17,0,0,0,0,0
d002839,c_fac_065,0,med-features-v2,43799,1,429.33821759259257,307,307,20,20,0.71505397707529106,1.00875,1,0,41200,0,1,1,1,0,0,0,0,1,0.80000000000000004,0.80000000000000004,1,1,0.23572020146461478,1,614,14,0,0,0,0,0
d002840,c_fac_084,0,med-features-v2,43810,1,429.36518518518517,308,308,20,20,0.71733808568377433,1.0006481481481482,1,0,41211,0,1,1,1,0,0,0,0,1,0.66666666666666674,0.66666666666666674,1,0,0.27590263868036247,1,616,19,0,0,0,0,0
d002841,c_quinn,0,med-features-v2,863,1,429.9796759259259,246,246,16,16,0.57212006467575294,1.7699305555555556,1,0,863,0,1,1,1,0,0,0,0,1,0.27272727272727271,0.19999999999999996,1,0,0.67529713361483212,1,492,18,0,0,0,0,0
d002842,c_morgan_zhao,0,med-features-v2,43828,1,430.04752314814817,1171,1047,76,68,2.7229548758419408,0.72856481481481483,1,0,41229,0,1,1,1,0,0,0,0,1,0.81818181818181812,0.81818181818181812,1,1,0.21778423655756304,1,2218,18,0,0,0,0,0
d002843,c_fac_032,0,med-features-v2,43839,1,430.07657407407407,308,308,20,20,0.71615153804436638,1.9089814814814814,1,0,41237,0,1,1,1,0,0,0,0,1,0.76923076923076916,0.76923076923076916,1,0,0.43422625366613399,1,616,27,0,0,0,0,0
d002844,c_fac_087,0,med-features-v2,43850,1,430.10562499999997,307,307,20,20,0.71377815623778462,1.7383796296296297,1,0,41248,0,1,1,1,0,0,0,0,1,0.75,0.75,1,0,0.38220179937596949,1,614,16,0,0,0,0,0
d002845,c_fac_009,0,med-features-v2,43861,1,430.13467592592593,310,310,20,20,0.72070450803037678,0.97993055555555553,1,0,41259,0,1,1,1,0,0,0,0,1,0.69230769230769229,0.69230769230769229,1,0,0.30580133841492441,1,620,15,0,0,0,0,0
d002846,c_fac_026,0,med-features-v2,43872,1,430.16372685185183,309,309,20,20,0.718331139311566,0.8962268518518518,1,0,41270,0,1,1,1,0,0,0,0,1,0.76923076923076916,0.76923076923076916,1,0,0.29820931824236041,1,618,25,0,0,0,0,0
d002847,c_fac_045,0,med-features-v2,43883,1,430.19277777777779,308,308,20,20,0.71595809114001863,0.98166666666666669,1,0,41281,0,1,1,1,0,0,0,0,1,0.76923076923076916,0.76923076923076916,1,0,0.29530543094825762,1,616,14,0,0,0,0,0
d002848,c_fac_061,0,med-features-v2,43894,1,430.22182870370369,308,308,20,20,0.71590974574217014,0.93717592592592591,1,0,41292,0,1,1,1,0,0,0,0,1,0.75,0.75,1,0,0.23668132757536697,1,616,14,0,0,0,0,0
d002849,c_avery,0,med-features-v2,43901,1,430.25087962962965,247,247,16,16,0.57408366070657091,0.22942129629629629,1,0,41299,0,1,1,2,1,247,1,1,1,0.5,0.30000000000000004,1,0,0.4395064228127647,1,494,25,0,0,0,0,0
d002849,c_devon,1,med-features-v2,43901,1,430.25087962962965,247,0,16,0,0.57408366070657091,0.22976851851851851,1,0,41299,0,1,1,2,1,247,1,1,1,0.45454545454545459,0.40000000000000002,1,0,0.56978973012044054,1,247,25,0,0,0,0,0
d002850,c_pat,0,med-features-v2,43912,1,430.27990740740739,864,864,56,56,2.0079952261910474,0.22675925925925927,1,0,864,0,1,0,1,0,0,0,0,1,0.77777777777777779,0.33333333333333337,1,0,0.25783277063226584,1,1728,14,0,0,0,0,0
d002851,c_fac_032,0,med-features-v2,43923,1,430.30895833333335,309,309,20,20,0.71808869886607629,0.23203703703703704,1,0,41318,0,1,1,1,0,0,0,0,1,0.76923076923076916,0.76923076923076916,1,0,0.37050561403909515,1,618,16,0,0,0,0,0
d002852,c_fac_082,0,med-features-v2,43934,1,430.33800925925925,308,308,20,20,0.71571646792287846,0.23467592592592593,1,0,41329,0,1,1,1,0,0,0,0,1,0.69230769230769229,0.69230769230769229,1,0,0.41918871243402844,1,616,27,0,0,0,0,0
d000137,c_fac_070,0,med-features-v2,43936,1,430.34328703703704,308,308,20,20,0.71570769029677539,0.99736111111111114,1,0,41331,0,1,1,2,1,0,0,0,1,0.80000000000000004,0.80000000000000004,1,1,0.28400881117430005,1,616,14,0,0,0,0,0
d000137,c_lee,1,med-features-v2,43936,1,430.34328703703704,865,865,56,56,2.0100232211256839,0.068310185185185182,1,0,865,0,1,0,2,1,0,0,0,1,0.5,0.5,1,0,0.019232463620405638,1,1730,14,0,0,0,0,0
d002853,c_fac_086,0,med-features-v2,43946,1,430.36969907407405,308,308,20,20,0.71566376690239031,1.0384722222222222,1,0,41341,0,1,1,1,0,0,0,0,1,0.75,0.75,1,0,0.29708179708355609,1,616,25,0,0,0,0,0
d002854,c_noah,0,med-features-v2,43956,1,431.02203703703702,3532,2966,229,192,8.1944766079245763,0.01224537037037037,1,0,41351,0,1,1,1,0,0,0,0,1,0.40000000000000002,0.33333333333333337,1,0,0.54646217084921223,1,6493,15,0,0,0,0,0
d002855,c_alex_chen,0,med-features-v2,43966,1,431.04900462962962,1421,1297,92,84,3.2966089348030541,0.0094444444444444445,1,0,41358,0,1,1,1,0,0,0,0,1,0.88888888888888884,0.88888888888888884,1,1,0.27582632528753254,1,2718,15,0,0,0,0,0
d002856,c_fac_038,0,med-features-v2,43976,1,431.07597222222222,309,309,20,20,0.71681100295868183,1.8795601851851851,1,0,41368,0,1,1,1,0,0,0,0,1,0.76923076923076916,0.76923076923076916,1,0,0.36732777355588891,1,618,16,0,0,0,0,0
d002857,c_noah,0,med-features-v2,43987,1,431.10293981481482,3535,2969,229,192,8.1998976892119995,0.058495370370370371,1,0,41379,0,1,1,4,1,2783,1,0.78727015558698732,1,0.40000000000000002,0.33333333333333337,1,0,0.60646109601377851,1,6499,17,0,0,0,0,0
d002857,c_elena,1,med-features-v2,43987,1,431.10293981481482,3155,372,204,24,7.3184376830166507,0.058842592592592592,1,0,41379,0,1,1,4,1,2783,1,0.88209191759112515,1,0.45454545454545459,0.80000000000000004,1,0,0.72097616013187071,1,3527,17,0,0,0,0,0
d002857,c_taylor,2,med-features-v2,43987,1,431.10293981481482,2599,372,168,24,6.0287225160571394,0.058842592592592592,1,0,41379,0,1,1,4,1,2227,1,0.85686802616390922,1,0.46153846153846156,0.33333333333333337,1,0,0.73276670018369205,1,2971,17,0,0,0,0,0
d002857,c_chris,3,med-features-v2,43987,1,431.10293981481482,3155,928,204,60,7.3184376830166507,0.058842592592592592,1,0,41379,0,1,1,4,1,2783,1,0.88209191759112515,1,0.33333333333333337,0.33333333333333337,1,0,0.60972948952902262,1,4083,17,0,0,0,0,0
d002858,c_lee,0,med-features-v2,43997,1,431.12988425925926,866,866,56,56,2.0086754168941634,0.1025925925925926,1,0,866,0,1,0,1,0,0,0,0,1,0.5,0.5,1,0,0.51293385362571975,1,1732,14,0,0,0,0,0
d002859,c_fac_012,0,med-features-v2,44008,1,431.15685185185185,310,310,20,20,0.71899587973269163,0.86601851851851852,1,0,41397,0,1,1,1,0,0,0,0,1,0.69230769230769229,0.69230769230769229,1,0,0.29610780534146891,1,620,25,0,0,0,0,0
d002860,c_fac_031,0,med-features-v2,44019,1,431.18381944444445,310,310,20,20,0.71895091146837831,1.0118287037037037,1,0,41408,0,1,1,1,0,0,0,0,1,0.84615384615384615,0.84615384615384615,1,1,0.25882042201630184,1,620,26,0,0,0,0,0
d002861,c_fac_047,0,med-features-v2,44030,1,431.21076388888889,309,309,20,20,0.7165869358484307,0.89087962962962963,1,0,41419,0,1,1,1,0,0,0,0,1,0.84615384615384615,0.84615384615384615,1,1,0.27775391830525098,1,618,15,0,0,0,0,0
d002862,c_priya,0,med-features-v2,44041,1,431.23773148148149,619,619,40,40,1.4354031542496914,0.200625,1,0,41430,0,1,1,1,0,0,0,0,1,0.45454545454545459,0.40000000000000002,1,0,0.37456202096898733,1,1238,17,0,0,0,0,0
d002863,c_fac_013,0,med-features-v2,44050,1,431.26469907407409,310,310,20,20,0.71881607900106459,0.20064814814814816,1,0,41439,0,1,1,1,0,0,0,0,1,0.76923076923076916,0.76923076923076916,1,0,0.35059785844426444,1,620,18,0,0,0,0,0
d000355,c_fac_043,0,med-features-v2,44053,1,431.27188657407407,309,309,20,20,0.71648537643996646,0.19311342592592592,1,0,41442,0,1,1,1,0,0,0,0,1,0.75,0.75,1,0,0.35382844682415887,1,618,16,0,0,0,0,0
d002864,c_fac_068,0,med-features-v2,44062,1,431.29166666666669,309,309,20,20,0.71645251666505649,0.20064814814814816,1,0,41451,0,1,1,1,0,0,0,0,1,0.80000000000000004,0.80000000000000004,1,1,0.40174301004359497,1,618,18,0,0,0,0,0
d002865,c_morgan_zhao,0,med-features-v2,44072,1,431.31861111111112,1177,1053,76,68,2.7288412085162617,0.060925925925925925,1,0,41461,0,1,1,1,0,0,0,0,1,0.81818181818181812,0.81818181818181812,1,1,0.4715934419709909,1,2230,15,0,0,0,0,0
d002866,c_fac_070,0,med-features-v2,44083,1,431.34557870370372,309,309,20,20,0.7163629703325548,1.0019444444444445,1,0,41469,0,1,1,1,0,0,0,0,1,0.80000000000000004,0.80000000000000004,1,1,0.33348309575863783,1,618,15,0,0,0,0,0
d002867,c_fac_087,0,med-features-v2,44094,1,431.37254629629632,309,309,20,20,0.71631818634039257,1.0315509259259259,1,0,41480,0,1,1,1,0,0,0,0,1,0.75,0.75,1,0,0.22035427367622817,1,618,14,0,0,0,0,0
d002868,c_noah,0,med-features-v2,44104,1,434.0240277777778,3546,2977,229,192,8.1700545892716505,0.014421296296296297,1,0,41490,0,1,1,1,0,0,0,0,1,0.40000000000000002,0.33333333333333337,1,0,0.54623975627299537,1,6518,15,0,0,0,0,0
d000288,c_noah,0,med-features-v2,44112,1,434.04567129629629,3548,2979,229,192,8.174255002713755,0.0092824074074074076,1,0,41495,0,1,1,7,1,2793,0.66666666666666663,0.78720405862457721,1,0.40000000000000002,0.33333333333333337,1,0,0.60674251190781991,1,6522,17,0,0,0,0,0
d000288,c_elena,1,med-features-v2,44112,1,434.04567129629629,3165,372,204,24,7.2918593809439214,0.0096296296296296303,1,0,41495,0,1,1,7,1,2793,0.66666666666666663,0.88246445497630333,1,0.45454545454545459,0.80000000000000004,1,0,0.72178499667067986,1,3537,17,0,0,0,0,0
d000288,c_taylor,2,med-features-v2,44112,1,434.04567129629629,2607,373,168,24,6.0062803810808223,0.0096296296296296303,1,0,41495,0,1,1,7,1,2234,0.66666666666666663,0.85692366705024936,1,0.46153846153846156,0.33333333333333337,1,0,0.73349687206150627,1,2980,17,0,0,0,0,0
d000288,c_chris,3,med-features-v2,44112,1,434.04567129629629,3166,932,204,60,7.2941632859615977,0.0096296296296296303,1,0,41495,0,1,1,7,1,2793,0.66666666666666663,0.88218572331017053,1,0.33333333333333337,0.33333333333333337,1,0,0.61038730900276594,1,4098,17,0,0,0,0,0
d000288,c_lena,4,med-features-v2,44112,1,434.04567129629629,744,372,48,24,1.7141053331507987,2.7463194444444445,1,0,41495,0,1,1,7,1,372,0.66666666666666663,0.5,1,0.46153846153846156,0.80000000000000004,1,0,0.57982767365814436,1,1116,17,0,0,0,0,0
d000288,c_alex_chan,5,med-features-v2,44112,1,434.04567129629629,1179,1179,76,76,2.7163040158397735,0.042939814814814813,1,0,41495,0,1,1,7,1,0,0,0,1,0.88888888888888884,0.88888888888888884,1,1,0.16239227205234988,1,2358,17,0,0,0,0,0
d000288,c_lee,6,med-features-v2,44112,1,434.04567129629629,869,869,56,56,2.0020934603602742,0.016481481481481482,1,0,869,0,1,0,7,1,0,0,0,1,0.5,0.5,1,0,0.01176545436433624,1,1738,17,0,0,0,0,0
d002869,c_jamie_lee,0,med-features-v2,44115,1,434.05287037037039,1179,1179,76,76,2.7162589640150938,0.045324074074074072,1,0,41498,0,1,1,1,0,0,0,0,1,0.77777777777777779,0.77777777777777779,1,0,0.30839942317521352,1,2358,15,0,0,0,0,0
d002870,c_fac_044,0,med-features-v2,44126,1,434.07930555555555,310,310,20,20,0.71415521549281669,3.8888194444444446,1,0,41509,0,1,1,1,0,0,0,0,1,0.81818181818181812,0.81818181818181812,1,1,0.34915654997306622,1,620,18,0,0,0,0,0
d002871,c_alex_chan,0,med-features-v2,44137,1,434.10576388888887,1180,1180,76,76,2.7182315881482415,0.054953703703703706,1,0,41520,0,1,1,1,0,0,0,0,1,0.88888888888888884,0.88888888888888884,1,1,0.33624998850396548,1,2360,17,0,0,0,0,0
d002872,c_lee,0,med-features-v2,44147,1,434.13219907407409,869,869,56,56,2.0016944190120447,0.10300925925925926,1,0,869,0,1,0,1,0,0,0,0,1,0.5,0.5,1,0,0.51344959201696927,1,1738,14,0,0,0,0,0
d002873,c_fac_013,0,med-features-v2,44158,1,434.15863425925926,311,311,20,20,0.71632803187391025,2.8935879629629628,1,0,41538,0,1,1,1,0,0,0,0,1,0.76923076923076916,0.76923076923076916,1,0,0.22114653804565018,1,622,14,0,0,0,0,0
d002874,c_fac_032,0,med-features-v2,44169,1,434.18509259259258,311,311,20,20,0.71628438033873165,2.9984722222222224,1,0,41549,0,1,1,1,0,0,0,0,1,0.76923076923076916,0.76923076923076916,1,0,0.29808916502455579,1,622,26,0,0,0,0,0
d002875,c_fac_048,0,med-features-v2,44180,1,434.2115277777778,310,310,20,20,0.71393774731529658,2.9293287037037037,1,0,41560,0,1,1,1,0,0,0,0,1,0.75,0.75,1,0,0.27535709687956361,1,620,15,0,0,0,0,0
d002876,c_maya,0,med-features-v2,1305,1,434.23282407407407,1305,1429,84,92,3.0053002160366051,0.12944444444444445,1,0,1305,0,1,1,1,0,0,0,0,1,0.33333333333333337,0.5,1,0,0.36341602122058547,1,2734,14,0,0,0,0,0
d002877,c_fac_019,0,med-features-v2,44201,1,434.26442129629629,312,312,20,20,0.71845627847813964,0.19678240740740741,1,0,41581,0,1,1,1,0,0,0,0,1,0.75,0.75,1,0,0.34878126212431115,1,624,18,0,0,0,0,0
d002878,c_fac_074,0,med-features-v2,44212,1,434.29085648148146,311,311,20,20,0.71610994189388677,0.19678240740740741,1,0,41592,0,1,1,1,0,0,0,0,1,0.75,0.75,1,0,0.40816187975471918,1,622,27,0,0,0,0,0
d000068,c_jamie_li,0,med-features-v2,44221,1,434.31488425925926,1180,1056,76,68,2.716922773698017,0.19675925925925927,1,0,41601,0,1,1,1,0,0,0,0,1,0.77777777777777779,0.77777777777777779,1,0,0.25200243361705993,1,2236,24,0,0,0,0,0
d000069,c_morgan_zhao,0,med-features-v2,44223,1,434.31969907407409,1180,1056,76,68,2.7168926542260028,0.18956018518518519,1,0,41603,0,1,1,1,0,0,0,0,1,0.81818181818181812,0.81818181818181812,1,1,0.21796986030876786,1,2236,18,0,0,0,0,0
d002879,c_morgan_zhao,0,med-features-v2,44224,1,434.32210648148146,1180,1056,76,68,2.7168775947404202,0.19196759259259261,1,0,41604,0,1,1,1,0,0,0,0,1,0.81818181818181812,0.81818181818181812,1,1,0.39650636262585204,1,2236,14,0,0,0,0,0
d002880,c_fac_072,0,med-features-v2,44235,1,434.34854166666668,310,310,20,20,0.71371253788600075,2.9977083333333332,1,0,41612,0,1,1,1,0,0,0,0,1,0.72727272727272729,0.72727272727272729,1,0,0.27053375011822917,1,620,19,0,0,0,0,0
d002881,c_noah,0,med-features-v2,44246,1,435,3558,2987,229,192,8.1793103448275861,0.67273148148148143,1,0,41623,0,1,1,4,1,2801,1,0.78724002248454183,1,0.40000000000000002,0.33333333333333337,1,0,0.60660352970521225,1,6540,17,0,0,0,0,0
d002881,c_elena,1,med-features-v2,44246,1,435,3173,372,204,24,7.2942528735632184,0.67307870370370371,1,0,41623,0,1,1,4,1,2801,1,0.88276079420107156,1,0.45454545454545459,0.80000000000000004,1,0,0.72175852852054545,1,3545,17,0,0,0,0,0
d002881,c_taylor,2,med-features-v2,44246,1,435,2615,375,168,24,6.0114942528735629,0.67307870370370371,1,0,41623,0,1,1,4,1,2240,1,0.85659655831739967,1,0.46153846153846156,0.33333333333333337,1,0,0.73314673551545217,1,2990,17,0,0,0,0,0
d002881,c_chris,3,med-features-v2,44246,1,435,3176,936,204,60,7.3011494252873561,0.67307870370370371,1,0,41623,0,1,1,4,1,2801,1,0.88192695214105798,1,0.33333333333333337,0.33333333333333337,1,0,0.61006263551384166,1,4112,17,0,0,0,0,0
d000198,c_fac_002,0,med-features-v2,44247,1,435.00268518518516,311,311,20,20,0.71493811553738817,0.86053240740740744,1,0,41624,0,1,1,1,0,0,0,0,1,0.76923076923076916,0.76923076923076916,1,0,0.070566266397479566,1,622,26,0,0,0,0,0
d002882,c_jamie_li,0,med-features-v2,44255,1,435.03236111111113,1181,1057,76,68,2.7147405700661476,0.71472222222222226,1,0,41632,0,1,1,1,0,0,0,0,1,0.77777777777777779,0.77777777777777779,1,0,0.25185661976849888,1,2238,24,0,0,0,0,0
d002883,c_fac_005,0,med-features-v2,44265,1,435.06203703703704,310,310,20,20,0.71254205977436169,3.9170833333333333,1,0,41639,0,1,1,1,0,0,0,0,1,0.76923076923076916,0.76923076923076916,1,0,0.42031131068128669,1,620,27,0,0,0,0,0
d002884,c_fac_060,0,med-features-v2,44276,1,435.09171296296296,310,310,20,20,0.71249346003146852,3.863425925925926,1,0,41650,0,1,1,1,0,0,0,0,1,0.69230769230769229,0.69230769230769229,1,0,0.41710775318331367,1,620,27,0,0,0,0,0
d002885,c_noah,0,med-features-v2,44287,1,435.12138888888887,3562,2991,229,192,8.1862213418094694,0.013148148148148148,1,0,41661,0,1,1,1,0,0,0,0,1,0.40000000000000002,0.33333333333333337,1,0,0.54999563049574074,1,6548,15,0,0,0,0,0
d002886,c_fac_022,0,med-features-v2,44298,1,435.15106481481479,312,312,20,20,0.71699238546681798,0.98004629629629625,1,0,41672,0,1,1,1,0,0,0,0,1,0.81818181818181812,0.81818181818181812,1,1,0.3806430108219841,1,624,26,0,0,0,0,0
d002887,c_fac_039,0,med-features-v2,44309,1,435.18074074074076,313,313,20,20,0.71924138799715398,0.90636574074074072,1,0,41683,0,1,1,1,0,0,0,0,1,0.76923076923076916,0.76923076923076916,1,0,0.25124738518786,1,626,15,0,0,0,0,0
d002888,c_fac_057,0,med-features-v2,44320,1,435.21041666666667,311,311,20,20,0.71459686645827447,0.98652777777777778,1,0,41694,0,1,1,1,0,0,0,0,1,0.66666666666666674,0.66666666666666674,1,0,0.32936687127287007,1,622,15,0,0,0,0,0
d000138,c_fac_068,0,med-features-v2,44327,1,435.22930555555558,311,311,20,20,0.7145658530576634,0.88523148148148145,1,0,41701,0,1,1,2,1,0,0,0,1,0.80000000000000004,0.80000000000000004,1,1,0.27601696993473174,1,622,14,0,0,0,0,0
d000138,c_pat,1,med-features-v2,44327,1,435.22930555555558,872,872,56,56,2.0035415558401364,0.17770833333333333,1,0,872,0,1,0,2,1,0,0,0,1,0.77777777777777779,0.33333333333333337,1,0,0.018665912548915937,1,1744,14,0,0,0,0,0
d002889,c_hana,0,med-features-v2,562,1,435.18476851851852,249,249,16,16,0.57217076058902605,0.234375,1,0,562,0,1,1,1,0,0,0,0,1,0.38461538461538458,0.5,1,0,0.5363334696212021,1,498,27,0,0,0,0,0
d002890,c_jamie_li,0,med-features-v2,44339,1,435.27247685185188,1184,1060,76,68,2.7201352324488526,0.010439814814814815,1,0,41713,0,1,1,1,0,0,0,0,1,0.77777777777777779,0.77777777777777779,1,0,0.31125941043447791,1,2244,15,0,0,0,0,0
d002891,c_fac_020,0,med-features-v2,44350,1,435.30215277777779,312,312,20,20,0.71674352632773752,0.23166666666666666,1,0,41721,0,1,1,1,0,0,0,0,1,0.81818181818181812,0.81818181818181812,1,1,0.38839703138197035,1,624,16,0,0,0,0,0
d000356,c_fac_044,0,med-features-v2,44352,1,435.30744212962964,313,313,20,20,0.71903204426905276,0.11825231481481481,1,0,41723,0,1,1,1,0,0,0,0,1,0.81818181818181812,0.81818181818181812,1,1,0.068008226397332366,1,626,21,0,0,0,0,0
d002892,c_fac_070,0,med-features-v2,44362,1,435.33182870370371,311,311,20,20,0.71439756869161375,0.234375,1,0,41733,0,1,1,1,0,0,0,0,1,0.80000000000000004,0.80000000000000004,1,1,0.40576108716992687,1,622,27,0,0,0,0,0
d002893,c_fac_083,0,med-features-v2,44373,1,435.36150462962962,311,311,20,20,0.71434887258710134,0.99578703703703708,1,0,41744,0,1,1,1,0,0,0,0,1,0.63636363636363635,0.63636363636363635,1,0,0.30283827599530716,1,622,19,0,0,0,0,0
d000070,c_alex_chen,0,med-features-v2,44380,1,436.00488425925926,1435,1311,92,84,3.2912475337012821,0.73745370370370367,1,0,41751,0,1,1,1,0,0,0,0,1,0.88888888888888884,0.88888888888888884,1,1,0.18397487659052872,1,2746,17,0,0,0,0,0
d002894,c_jamie_li,0,med-features-v2,44385,1,436.01715277777777,1185,1061,76,68,2.7177829873219501,0.74432870370370374,1,0,41756,0,1,1,1,0,0,0,0,1,0.77777777777777779,0.77777777777777779,1,0,0.41249987299856283,1,2246,25,0,0,0,0,0
d002895,c_noah,0,med-features-v2,44395,1,436.04409722222221,3570,2998,229,192,8.1872453330806412,0.0094444444444444445,1,0,41763,0,1,1,5,1,2810,1,0.78711484593837533,1,0.40000000000000002,0.33333333333333337,1,0,0.60303280212646215,1,6563,17,0,0,0,0,0
d002895,c_elena,1,med-features-v2,44395,1,436.04409722222221,3185,375,204,24,7.3043071108856701,0.0097916666666666673,1,0,41763,0,1,1,5,1,2810,1,0.88226059654631084,1,0.45454545454545459,0.80000000000000004,1,0,0.73997688790038252,1,3560,17,0,0,0,0,0
d002895,c_taylor,2,med-features-v2,44395,1,436.04409722222221,2624,376,168,24,6.0177399871158546,0.0097916666666666673,1,0,41763,0,1,1,5,1,2248,1,0.85670731707317072,1,0.46153846153846156,0.33333333333333337,1,0,0.75696624095599352,1,3000,17,0,0,0,0,0
d002895,c_chris,3,med-features-v2,44395,1,436.04409722222221,3185,937,204,60,7.3043071108856701,0.0097916666666666673,1,0,41763,0,1,1,5,1,2810,1,0.88226059654631084,1,0.33333333333333337,0.33333333333333337,1,0,0.62593518002464532,1,4122,17,0,0,0,0,0
d002895,c_lena,4,med-features-v2,44395,1,436.04409722222221,747,373,48,24,1.7131294856614114,0.041319444444444443,1,0,41763,0,1,1,5,1,374,1,0.50066934404283803,1,0.46153846153846156,0.80000000000000004,1,0,0.60398000500409577,1,1120,17,0,0,0,0,0
d002896,c_fac_036,0,med-features-v2,44405,1,436.0710648148148,312,312,20,20,0.71547971230903906,1.8808333333333334,1,0,41773,0,1,1,1,0,0,0,0,1,0.69230769230769229,0.69230769230769229,1,0,0.34933503855614412,1,624,18,0,0,0,0,0
d002897,c_noah,0,med-features-v2,44416,1,436.0980324074074,3571,2999,229,192,8.1885258236247527,0.053587962962962962,1,0,41784,0,1,1,4,1,2811,1,0.78717446093531229,1,0.40000000000000002,0.33333333333333337,1,0,0.60313985327153163,1,6565,17,0,0,0,0,0
d002897,c_elena,1,med-features-v2,44416,1,436.0980324074074,3186,375,204,24,7.3056968003552125,0.053935185185185183,1,0,41784,0,1,1,4,1,2811,1,0.88229755178907721,1,0.45454545454545459,0.80000000000000004,1,0,0.74018213672352473,1,3561,17,0,0,0,0,0
d002897,c_taylor,2,med-features-v2,44416,1,436.0980324074074,2625,376,168,24,6.0192887950195963,0.053935185185185183,1,0,41784,0,1,1,4,1,2249,1,0.85676190476190472,1,0.46153846153846156,0.33333333333333337,1,0,0.75717209729785828,1,3001,17,0,0,0,0,0
d002897,c_chris,3,med-features-v2,44416,1,436.0980324074074,3186,937,204,60,7.3056968003552125,0.053935185185185183,1,0,41784,0,1,1,4,1,2811,1,0.88229755178907721,1,0.33333333333333337,0.33333333333333337,1,0,0.62620754060761052,1,4123,17,0,0,0,0,0
d002898,c_lee,0,med-features-v2,44426,1,436.125,874,874,56,56,2.0040126110633421,0.097708333333333328,1,0,874,0,1,0,1,0,0,0,0,1,0.5,0.5,1,0,0.45268392233977683,1,1748,16,0,0,0,0,0
d002899,c_fac_008,0,med-features-v2,44437,1,436.15194444444444,312,312,20,20,0.71534703438595237,1.0221064814814815,1,0,41799,0,1,1,1,0,0,0,0,1,0.76923076923076916,0.76923076923076916,1,0,0.3252995374545129,1,624,15,0,0,0,0,0
d002900,c_fac_025,0,med-features-v2,44448,1,436.17891203703704,313,313,20,20,0.71759544389303809,0.87372685185185184,1,0,41810,0,1,1,1,0,0,0,0,1,0.75,0.75,1,0,0.27047602472985866,1,626,15,0,0,0,0,0
d002901,c_fac_043,0,med-features-v2,44459,1,436.20587962962964,313,313,21,21,0.71755107992987088,1.0193981481481482,1,0,41821,0,1,1,1,0,0,0,0,1,0.75,0.75,1,0,0.32135660765649982,1,626,15,0,0,0,0,0
d002902,c_fac_060,0,med-features-v2,44470,1,436.23282407407407,312,312,20,20,0.71521440566109518,0.90604166666666663,1,0,41832,0,1,1,1,0,0,0,0,1,0.69230769230769229,0.69230769230769229,1,0,0.2169358872630254,1,624,14,0,0,0,0,0
d002903,c_fac_011,0,med-features-v2,44480,1,436.25979166666667,313,313,20,20,0.71746240652669213,0.200625,1,0,41842,0,1,1,1,0,0,0,0,1,0.66666666666666674,0.66666666666666674,1,0,0.43952609229754619,1,626,27,0,0,0,0,0
d002904,c_fac_066,0,med-features-v2,44491,1,436.28675925925927,312,312,20,20,0.71512598853497855,0.20064814814814816,1,0,41853,0,1,1,1,0,0,0,0,1,0.72727272727272729,0.66666666666666674,1,0,0.44366432613876738,1,624,27,0,0,0,0,0
d002905,c_jamie_li,0,med-features-v2,44501,1,436.31370370370371,1189,1063,76,68,2.725103497568433,0.066157407407407401,1,0,41863,0,1,1,1,0,0,0,0,1,0.77777777777777779,0.77777777777777779,1,0,0.46475255532535431,1,2252,15,0,0,0,0,0
d002906,c_fac_068,0,med-features-v2,44512,1,436.34067129629631,312,312,20,20,0.71503763120017982,1.1110185185185186,1,0,41871,0,1,1,1,0,0,0,0,1,0.80000000000000004,0.80000000000000004,1,1,0.38532521396817515,1,624,26,0,0,0,0,0
d002907,c_fac_085,0,med-features-v2,44523,1,436.36763888888891,312,312,20,20,0.71499344175575696,1.0273842592592592,1,0,41882,0,1,1,1,0,0,0,0,1,0.75,0.75,1,0,0.26735740279593001,1,624,15,0,0,0,0,0
d000199,c_fac_003,0,med-features-v2,44527,1,437.0026388888889,313,313,20,20,0.71624281445033222,0.85768518518518522,1,0,41886,0,1,1,1,0,0,0,0,1,0.75,0.75,1,0,0.012227728436630595,1,626,14,0,0,0,0,0
d002908,c_alex_chan,0,med-features-v2,44532,1,437.02375000000001,1190,1190,76,76,2.722964140964879,0.71949074074074071,1,0,41891,0,1,1,1,0,0,0,0,1,0.88888888888888884,0.88888888888888884,1,1,0.22410278499750516,1,2380,14,0,0,0,0,0
d002909,c_pat,0,med-features-v2,44542,1,437.05280092592591,877,877,56,56,2.0066225365493966,0.72893518518518519,1,0,877,0,1,0,1,0,0,0,0,1,0.77777777777777779,0.33333333333333337,1,0,0.25877504808185459,1,1754,14,0,0,0,0,0
d002910,c_fac_042,0,med-features-v2,44553,1,437.08185185185187,313,313,21,21,0.71611300875079753,1.8980555555555556,1,0,41909,0,1,1,1,0,0,0,0,1,0.66666666666666674,0.66666666666666674,1,0,0.39795800277597948,1,626,27,0,0,0,0,0
d002911,c_sam,0,med-features-v2,44564,1,437.11090277777777,314,314,20,20,0.71835316393293913,0.97821759259259256,1,0,41920,0,1,1,1,0,0,0,0,1,0.45454545454545459,0.33333333333333337,1,0,0.36993416432631682,1,628,26,0,0,0,0,0
d002912,c_fac_011,0,med-features-v2,44575,1,437.13995370370372,314,314,20,20,0.71830542447472379,0.87981481481481483,1,0,41931,0,1,1,1,0,0,0,0,1,0.66666666666666674,0.66666666666666674,1,0,0.26978969497884892,1,628,15,0,0,0,0,0
d002913,c_fac_030,0,med-features-v2,44586,1,437.16900462962963,314,314,20,20,0.7182576913613109,0.98238425925925921,1,0,41942,0,1,1,1,0,0,0,0,1,0.81818181818181812,0.81818181818181812,1,1,0.27518317500222872,1,628,19,0,0,0,0,0
d000230,c_dir_119,0,med-features-v2,44597,1,437.19805555555558,0,0,0,0,0,3650,0,1,41953,0,1,1,1,0,0,0,0,0,0.83333333333333337,0.83333333333333337,1,1,0,0,0,15,0,0,0,0,0
d002914,c_fac_050,0,med-features-v2,44598,1,437.20069444444442,313,313,20,20,0.71591835049057373,0.98222222222222222,1,0,41954,0,1,1,1,0,0,0,0,1,0.75,0.75,1,0,0.2758911032546103,1,626,19,0,0,0,0,0
d000289,c_noah,0,med-features-v2,44599,1,437.20333333333332,3583,3009,229,192,8.1952714602663903,0.078888888888888883,1,0,41955,0,1,1,6,1,2821,0.59999999999999998,0.7873290538654758,1,0.40000000000000002,0.33333333333333337,1,0,0.60292757025780763,1,6587,17,0,0,0,0,0
d000289,c_elena,1,med-features-v2,44599,1,437.20333333333332,3198,377,204,24,7.3146743315467253,0.084166666666666667,1,0,41955,0,1,1,6,1,2821,0.59999999999999998,0.88211382113821135,1,0.45454545454545459,0.80000000000000004,1,0,0.73950017027703485,1,3575,17,0,0,0,0,0
d000289,c_taylor,2,med-features-v2,44599,1,437.20333333333332,2635,378,168,24,6.0269439848735527,0.095069444444444443,1,0,41955,0,1,1,6,1,2257,0.59999999999999998,0.85654648956356738,1,0.46153846153846156,0.33333333333333337,1,0,0.75646208924197966,1,3013,17,0,0,0,0,0
d000289,c_chris,3,med-features-v2,44599,1,437.20333333333332,3198,941,204,60,7.3146743315467253,0.081527777777777782,1,0,41955,0,1,1,6,1,2821,0.59999999999999998,0.88211382113821135,1,0.33333333333333337,0.33333333333333337,1,0,0.62558754343537182,1,4139,17,0,0,0,0,0
d000289,c_jamie_li,4,med-features-v2,44599,1,437.20333333333332,1191,1065,76,68,2.7241329358574577,0.16337962962962962,1,0,41955,0,1,1,6,1,0,0,0,1,0.77777777777777779,0.77777777777777779,1,0,0.15345964896113382,1,2256,17,0,0,0,0,0
d000289,c_pat,5,med-features-v2,44599,1,437.20333333333332,878,878,56,56,2.0082189065347169,0.15018518518518517,1,0,878,0,1,0,6,1,0,0,0,1,0.77777777777777779,0.33333333333333337,1,0,0.018894406027479462,1,1756,17,0,0,0,0,0
d002915,c_fac_069,0,med-features-v2,44610,1,437.23238425925928,314,314,20,20,0.71815357531662616,0.88891203703703703,1,0,41966,0,1,1,1,0,0,0,0,1,0.75,0.75,1,0,0.33362476079949216,1,628,15,0,0,0,0,0
d002916,c_jamie_li,0,med-features-v2,44617,1,437.26143518518518,1191,1065,76,68,2.723770962091816,0.22148148148148147,1,0,41973,0,1,1,1,0,0,0,0,1,0.77777777777777779,0.77777777777777779,1,0,0.21616001777156835,1,2256,17,0,0,0,0,0
d002917,c_fac_012,0,med-features-v2,44628,1,437.29048611111114,314,314,20,20,0.71805815578666798,0.22412037037037036,1,0,41981,0,1,1,1,0,0,0,0,1,0.69230769230769229,0.69230769230769229,1,0,0.43735303111132429,1,628,27,0,0,0,0,0
d002918,c_fac_047,0,med-features-v2,44639,1,437.31953703703704,313,313,20,20,0.715723798028012,0.23469907407407409,1,0,41992,0,1,1,1,0,0,0,0,1,0.84615384615384615,0.84615384615384615,1,1,0.40377428497786261,1,626,27,0,0,0,0,0
d002919,c_fac_074,0,med-features-v2,44650,1,437.34858796296294,314,314,20,20,0.71796276160971906,0.99775462962962957,1,0,42003,0,1,1,1,0,0,0,0,1,0.75,0.75,1,0,0.33196097922035933,1,628,15,0,0,0,0,0
d002920,c_lena,0,med-features-v2,44661,1,438.00243055555558,751,375,48,24,1.7146023574514029,1.7006250000000001,1,0,42014,0,1,1,1,0,0,0,0,1,0.46153846153846156,0.80000000000000004,1,0,0.56649402004748139,1,1126,26,0,0,0,0,0
d002921,c_pat,0,med-features-v2,44671,1,438.02939814814818,879,879,56,56,2.0067146262696935,0.74914351851851857,1,0,879,0,1,0,1,0,0,0,0,1,0.77777777777777779,0.33333333333333337,1,0,0.43357472089521326,1,1758,16,0,0,0,0,0
d002922,c_morgan_zhao,0,med-features-v2,44680,1,438.05636574074072,1193,1067,76,68,2.7233938216664684,0.03152777777777778,1,0,42030,0,1,1,1,0,0,0,0,1,0.81818181818181812,0.81818181818181812,1,1,0.31705267896966977,1,2260,15,0,0,0,0,0
d002923,c_fac_053,0,med-features-v2,44691,1,438.08333333333331,313,313,20,20,0.71447593684610999,1.8624074074074075,1,0,42041,0,1,1,1,0,0,0,0,1,0.75,0.75,1,0,0.34008627240395678,1,626,18,0,0,0,0,0
d002924,c_alex_chen,0,med-features-v2,44702,1,438.11027777777775,1445,1319,92,84,3.2982563370333575,0.060925925925925925,1,0,42052,0,1,1,1,0,0,0,0,1,0.88888888888888884,0.88888888888888884,1,1,0.41094362015846059,1,2764,14,0,0,0,0,0
d002925,c_hana,0,med-features-v2,44712,1,438.13724537037035,314,314,20,20,0.71667041165278367,1.0233564814814815,1,0,42059,0,1,1,1,0,0,0,0,1,0.38461538461538458,0.5,1,0,0.3291406916200062,1,628,15,0,0,0,0,0
d002926,c_fac_017,0,med-features-v2,44723,1,438.16421296296295,315,315,20,20,0.71890855227518602,0.8707407407407407,1,0,42070,0,1,1,1,0,0,0,0,1,0.81818181818181812,0.81818181818181812,1,1,0.25111890630901734,1,630,25,0,0,0,0,0
d000139,c_fac_031,0,med-features-v2,44731,1,438.18381944444445,315,315,20,20,0.71887638479982163,1.0118287037037037,1,0,42078,0,1,1,2,1,0,0,0,1,0.84615384615384615,0.84615384615384615,1,1,0.28296813411941807,1,630,19,0,0,0,0,0
d000139,c_ren,1,med-features-v2,44731,1,438.18381944444445,881,881,56,56,2.0105717301861676,0.048680555555555553,1,0,881,0,1,0,2,1,0,0,0,1,0.54545454545454541,0.5,1,0,0.024886920422732949,1,1762,19,0,0,0,0,0
d002927,c_fac_037,0,med-features-v2,44735,1,438.19361111111112,315,315,20,20,0.71886032112897835,0.87900462962962966,1,0,42082,0,1,1,1,0,0,0,0,1,0.76923076923076916,0.76923076923076916,1,0,0.27003587134422041,1,630,25,0,0,0,0,0
d002928,c_fac_055,0,med-features-v2,44746,1,438.22057870370372,314,314,20,20,0.71653412746804479,1.0089814814814815,1,0,42093,0,1,1,1,0,0,0,0,1,0.83333333333333337,0.83333333333333337,1,1,0.33836468461792463,1,628,15,0,0,0,0,0
d002929,c_marcus,0,med-features-v2,44756,1,438.24754629629632,817,251,52,16,1.8642431815183094,0.1348148148148148,1,0,42103,0,1,1,1,0,0,0,0,1,0.41666666666666663,0.33333333333333337,1,0,0.61854560397665259,1,1068,19,0,0,0,0,0
d002930,c_fac_033,0,med-features-v2,44766,1,438.27449074074076,315,315,20,20,0.71872766189884596,0.200625,1,0,42113,0,1,1,1,0,0,0,0,1,0.69230769230769229,0.69230769230769229,1,0,0.4198947496036346,1,630,27,0,0,0,0,0
d002931,c_alex_chan,0,med-features-v2,44777,1,438.30145833333336,1196,1196,76,76,2.7287155387250115,0.19328703703703703,1,0,42124,0,1,1,1,0,0,0,0,1,0.88888888888888884,0.88888888888888884,1,1,0.33696835390553692,1,2392,17,0,0,0,0,0
d002932,c_noah,0,med-features-v2,44787,1,438.3284259259259,3600,3023,229,192,8.2130197063887707,0.021712962962962962,1,0,42131,0,1,1,4,1,2834,1,0.78722222222222227,1,0.40000000000000002,0.33333333333333337,1,0,0.60340847078173976,1,6618,17,0,0,0,0,0
d002932,c_elena,1,med-features-v2,44787,1,438.3284259259259,3212,378,204,24,7.3278386935890918,0.031875000000000001,1,0,42131,0,1,1,4,1,2834,1,0.88231631382316311,1,0.45454545454545459,0.80000000000000004,1,0,0.74015114998164833,1,3590,17,0,0,0,0,0
d002932,c_taylor,2,med-features-v2,44787,1,438.3284259259259,2645,378,168,24,6.0342880898328604,0.083333333333333329,1,0,42131,0,1,1,4,1,2267,1,0.85708884688090736,1,0.46153846153846156,0.33333333333333337,1,0,0.75737432861599463,1,3023,17,0,0,0,0,0
d002932,c_chris,3,med-features-v2,44787,1,438.3284259259259,3212,945,204,60,7.3278386935890918,0.03152777777777778,1,0,42131,0,1,1,4,1,2834,1,0.88231631382316311,1,0.33333333333333337,0.33333333333333337,1,0,0.62637317753040955,1,4157,17,0,0,0,0,0
d002933,c_fac_076,0,med-features-v2,44798,1,438.35537037037039,314,314,20,20,0.71631379748969104,1.0011574074074074,1,0,42142,0,1,1,1,0,0,0,0,1,0.72727272727272729,0.72727272727272729,1,0,0.28461683529269494,1,628,26,0,0,0,0,0
d002934,c_jamie_lee,0,med-features-v2,44809,1,441.00719907407409,1197,1197,76,76,2.7142414058391484,2.6955787037037036,1,0,42153,0,1,1,1,0,0,0,0,1,0.77777777777777779,0.77777777777777779,1,0,0.38246342351505241,1,2394,24,0,0,0,0,0
d002935,c_ren,0,med-features-v2,44819,1,441.03363425925926,882,882,56,56,1.9998474753096065,2.707314814814815,1,0,882,0,1,0,1,0,0,0,0,1,0.54545454545454541,0.5,1,0,0.45859260989249195,1,1764,16,0,0,0,0,0
d002936,c_fac_004,0,med-features-v2,44829,1,441.06009259259258,315,315,20,20,0.7141883958451114,3.9329861111111111,1,0,42170,0,1,1,1,0,0,0,0,1,0.75,0.75,1,0,0.40216528585682826,1,630,16,0,0,0,0,0
d002937,c_fac_059,0,med-features-v2,44840,1,441.0865277777778,315,315,20,20,0.714145593126569,3.8696527777777776,1,0,42181,0,1,1,1,0,0,0,0,1,0.66666666666666674,0.66666666666666674,1,0,0.43431079533920947,1,630,16,0,0,0,0,0
d002938,c_chris,0,med-features-v2,44851,1,441.11296296296297,3219,947,204,60,7.297450472500115,0.0096064814814814815,1,0,42192,0,1,1,4,1,2840,1,0.88226157191674437,1,0.33333333333333337,0.33333333333333337,1,0,0.43935043829255527,1,4166,28,0,0,0,0,0
d002938,c_noah,1,med-features-v2,44851,1,441.11296296296297,3607,3029,229,192,8.1770437571630676,0.0092592592592592587,1,0,42192,0,1,1,4,1,2840,1,0.78735791516495701,1,0.40000000000000002,0.33333333333333337,1,0,0.20573916205556383,1,6631,28,0,0,0,0,0
d002938,c_elena,2,med-features-v2,44851,1,441.11296296296297,3218,378,204,24,7.295183479498407,0.0096064814814814815,1,0,42192,0,1,1,4,1,2840,1,0.88253573648228711,1,0.45454545454545459,0.80000000000000004,1,0,0.32202149567159971,1,3596,28,0,0,0,0,0
d002938,c_marcus,3,med-features-v2,44851,1,441.11296296296297,820,252,52,16,1.8589342614010855,0.10335648148148148,1,0,42192,0,1,1,4,1,568,1,0.69268292682926824,1,0.41666666666666663,0.33333333333333337,1,0,0.62441229673430843,1,1072,28,0,0,0,0,0
d002939,c_fac_001,0,med-features-v2,44861,1,441.13942129629629,315,315,20,20,0.71405996560988971,2.9993750000000001,1,0,42199,0,1,1,1,0,0,0,0,1,0.75,0.75,1,0,0.39398232881797207,1,630,26,0,0,0,0,0
d002940,c_fac_018,0,med-features-v2,44872,1,441.16585648148146,316,316,20,20,0.71628389948455706,2.8983564814814815,1,0,42210,0,1,1,1,0,0,0,0,1,0.66666666666666674,0.66666666666666674,1,0,0.26460086331204646,1,632,15,0,0,0,0,0
d002941,c_fac_037,0,med-features-v2,44883,1,441.19229166666668,316,316,20,20,0.71624098146924786,2.9983333333333335,1,0,42221,0,1,1,1,0,0,0,0,1,0.76923076923076916,0.76923076923076916,1,0,0.26451874737944198,1,632,19,0,0,0,0,0
d002942,c_fac_053,0,med-features-v2,44894,1,441.21875,315,315,20,20,0.7139315815567675,2.9340972222222224,1,0,42232,0,1,1,1,0,0,0,0,1,0.75,0.75,1,0,0.27031553344064541,1,630,15,0,0,0,0,0
d002943,c_avery,0,med-features-v2,44904,1,441.24518518518516,253,253,16,16,0.57337736137294959,0.19678240740740741,1,0,42242,0,1,1,2,1,253,1,1,1,0.5,0.30000000000000004,1,0,0.44840527608151803,1,506,25,0,0,0,0,0
d002943,c_devon,1,med-features-v2,44904,1,441.24518518518516,253,0,16,0,0.57337736137294959,0.19712962962962963,1,0,42242,0,1,1,2,1,253,1,1,1,0.45454545454545459,0.40000000000000002,1,0,0.58290311728786492,1,253,25,0,0,0,0,0
d002944,c_fac_034,0,med-features-v2,44915,1,441.27162037037039,317,317,20,20,0.71837839862426212,0.19675925925925927,1,0,42253,0,1,1,1,0,0,0,0,1,0.7142857142857143,0.7142857142857143,1,0,0.33019568301975416,1,634,18,0,0,0,0,0
d002945,c_chris,0,med-features-v2,44926,1,441.29805555555555,3224,949,204,60,7.3057199310367835,0.05527777777777778,1,0,42264,0,1,1,4,1,2844,1,0.8821339950372209,1,0.33333333333333337,0.33333333333333337,1,0,0.45430454103174034,1,4173,16,0,0,0,0,0
d002945,c_noah,1,med-features-v2,44926,1,441.29805555555555,3612,3033,229,192,8.1849442899828979,0.054930555555555559,1,0,42264,0,1,1,4,1,2844,1,0.78737541528239208,1,0.40000000000000002,0.33333333333333337,1,0,0.20863130701077087,1,6640,16,0,0,0,0,0
d002945,c_elena,2,med-features-v2,44926,1,441.29805555555555,3222,378,204,24,7.3011878467123195,0.05527777777777778,1,0,42264,0,1,1,4,1,2844,1,0.88268156424581001,1,0.45454545454545459,0.80000000000000004,1,0,0.31549811051857307,1,3600,16,0,0,0,0,0
d002945,c_marcus,3,med-features-v2,44926,1,441.29805555555555,821,252,52,16,1.8604206151926796,0.18509259259259259,1,0,42264,0,1,1,4,1,569,1,0.69305724725943973,1,0.41666666666666663,0.33333333333333337,1,0,0.66675040840178079,1,1073,16,0,0,0,0,0
d002946,c_lee,0,med-features-v2,44936,1,441.32451388888887,884,884,56,56,2.003061176480585,0.19196759259259261,1,0,884,0,1,0,1,0,0,0,0,1,0.5,0.5,1,0,0.45232433603535144,1,1768,16,0,0,0,0,0
d002947,c_fac_073,0,med-features-v2,44947,1,441.35094907407409,315,315,20,20,0.71371773564971308,3.0565046296296297,1,0,42282,0,1,1,1,0,0,0,0,1,0.72727272727272729,0.72727272727272729,1,0,0.28854782668100637,1,630,15,0,0,0,0,0
d002948,c_priya,0,med-features-v2,44958,1,442.00268518518516,632,632,40,40,1.4298555669072734,0.76678240740740744,1,0,42293,0,1,1,2,1,252,1,0.39873417721518989,1,0.45454545454545459,0.40000000000000002,1,0,0.42812649480777337,1,1264,18,0,0,0,0,0
d002948,c_quinn,1,med-features-v2,44958,1,442.00268518518516,378,126,24,8,0.85519842451099581,4.7650231481481482,1,0,42293,0,1,1,2,1,252,1,0.66666666666666663,1,0.27272727272727271,0.19999999999999996,1,0,0.74317603410271382,1,504,18,0,0,0,0,0
d002949,c_jamie_li,0,med-features-v2,44966,1,442.03236111111113,1200,1074,76,68,2.7147333669951892,0.71472222222222226,1,0,42301,0,1,1,1,0,0,0,0,1,0.77777777777777779,0.77777777777777779,1,0,0.25149628592988849,1,2274,24,0,0,0,0,0
d002950,c_fac_005,0,med-features-v2,44976,1,442.06203703703704,315,315,20,20,0.71256967033703578,3.9170833333333333,1,0,42308,0,1,1,1,0,0,0,0,1,0.76923076923076916,0.76923076923076916,1,0,0.41024842986108406,1,630,16,0,0,0,0,0
d002951,c_fac_060,0,med-features-v2,44987,1,442.09171296296296,315,315,20,20,0.71252183826026549,3.863425925925926,1,0,42319,0,1,1,1,0,0,0,0,1,0.69230769230769229,0.69230769230769229,1,0,0.42158854771256626,1,630,27,0,0,0,0,0
d002952,c_noah,0,med-features-v2,44998,1,442.12138888888887,3619,3039,229,192,8.185534767035449,0.013148148148148148,1,0,42330,0,1,1,1,0,0,0,0,1,0.40000000000000002,0.33333333333333337,1,0,0.51990706202753201,1,6653,26,0,0,0,0,0
d002953,c_fac_022,0,med-features-v2,45009,1,442.15106481481479,317,317,20,20,0.71694953427912345,0.98004629629629625,1,0,42341,0,1,1,1,0,0,0,0,1,0.81818181818181812,0.81818181818181812,1,1,0.33723848067019235,1,634,15,0,0,0,0,0
d002954,c_fac_039,0,med-features-v2,45020,1,442.18074074074076,318,318,20,20,0.71916293655686292,0.90636574074074072,1,0,42352,0,1,1,1,0,0,0,0,1,0.76923076923076916,0.76923076923076916,1,0,0.25389787705610045,1,636,15,0,0,0,0,0
d002955,c_fac_057,0,med-features-v2,45031,1,442.21041666666667,316,316,20,20,0.71459194105370272,0.98652777777777778,1,0,42363,0,1,1,1,0,0,0,0,1,0.66666666666666674,0.66666666666666674,1,0,0.31079824331664985,1,632,15,0,0,0,0,0
d000290,c_noah,0,med-features-v2,45040,1,442.23469907407406,3621,3041,229,192,8.1879599397818499,0.03201388888888889,1,0,42372,0,1,1,6,1,2850,0.80000000000000004,0.78707539353769673,1,0.40000000000000002,0.33333333333333337,1,0,0.57428302390607089,1,6657,28,0,0,0,0,0
d000290,c_elena,1,med-features-v2,45040,1,442.23469907407406,3230,380,204,24,7.3038140307913215,0.032361111111111111,1,0,42372,0,1,1,6,1,2850,0.80000000000000004,0.88235294117647056,1,0.45454545454545459,0.80000000000000004,1,0,0.72180436989578844,1,3610,28,0,0,0,0,0
d000290,c_taylor,2,med-features-v2,45040,1,442.23469907407406,2661,381,168,24,6.0171669151503737,0.032361111111111111,1,0,42372,0,1,1,6,1,2280,0.80000000000000004,0.85682074408117248,1,0.46153846153846156,0.33333333333333337,1,0,0.72753861275294751,1,3042,28,0,0,0,0,0
d000290,c_chris,3,med-features-v2,45040,1,442.23469907407406,3231,951,204,60,7.3060752735253125,0.032361111111111111,1,0,42372,0,1,1,6,1,2850,0.80000000000000004,0.88207985143918288,1,0.33333333333333337,0.33333333333333337,1,0,0.66258259093722716,1,4182,28,0,0,0,0,0
d000290,c_lena,4,med-features-v2,45040,1,442.23469907407406,758,378,48,24,1.71402199236527,0.99192129629629633,1,0,42372,0,1,1,6,1,380,0.80000000000000004,0.50131926121372028,1,0.46153846153846156,0.80000000000000004,1,0,0.5386742471199929,1,1136,28,0,0,0,0,0
d000290,c_ren,5,med-features-v2,45040,1,442.23469907407406,886,886,56,56,2.0034610623161333,0.18041666666666667,1,0,886,0,1,0,6,1,0,0,0,1,0.54545454545454541,0.5,1,0,0.15859511881318644,1,1772,28,0,0,0,0,0
d002956,c_hana,0,med-features-v2,571,1,442.18476851851852,253,253,16,16,0.5721590113735554,0.234375,1,0,571,0,1,1,1,0,0,0,0,1,0.38461538461538458,0.5,1,0,0.54114098719905512,1,506,27,0,0,0,0,0
d002957,c_jamie_li,0,med-features-v2,45050,1,442.27247685185188,1203,1077,76,68,2.7200426500945687,0.010439814814814815,1,0,42382,0,1,1,1,0,0,0,0,1,0.77777777777777779,0.77777777777777779,1,0,0.31840975931765292,1,2280,15,0,0,0,0,0
d002958,c_fac_020,0,med-features-v2,45061,1,442.30215277777779,317,317,20,20,0.7167046282934727,0.23166666666666666,1,0,42390,0,1,1,1,0,0,0,0,1,0.81818181818181812,0.81818181818181812,1,1,0.35429465966656781,1,634,18,0,0,0,0,0
d002959,c_fac_070,0,med-features-v2,45072,1,442.33182870370371,316,316,20,20,0.71439579857065372,0.234375,1,0,42401,0,1,1,1,0,0,0,0,1,0.80000000000000004,0.80000000000000004,1,1,0.38526515222781421,1,632,16,0,0,0,0,0
d002960,c_fac_083,0,med-features-v2,45083,1,442.36150462962962,316,316,20,20,0.71434787315992443,0.99578703703703708,1,0,42412,0,1,1,1,0,0,0,0,1,0.63636363636363635,0.63636363636363635,1,0,0.2798936563281551,1,632,26,0,0,0,0,0
d002961,c_jamie_lee,0,med-features-v2,45094,1,443.01469907407409,1204,1204,76,76,2.7177427803556595,0.75537037037037036,1,0,42423,0,1,1,1,0,0,0,0,1,0.77777777777777779,0.77777777777777779,1,0,0.38355340000329108,1,2408,24,0,0,0,0,0
d000200,c_fac_004,0,med-features-v2,45103,1,443.03921296296295,318,318,20,20,0.71776942242488151,0.91476851851851848,1,0,42429,0,1,1,1,0,0,0,0,1,0.75,0.75,1,0,0.018182911159729712,1,636,18,0,0,0,0,0
d002962,c_noah,0,med-features-v2,45105,1,443.04409722222221,3627,3046,229,192,8.1865440093670134,0.0094444444444444445,1,0,42431,0,1,1,5,1,2855,1,0.78715191618417424,1,0.40000000000000002,0.33333333333333337,1,0,0.57414683341796491,1,6668,28,0,0,0,0,0
d002962,c_elena,1,med-features-v2,45105,1,443.04409722222221,3236,381,204,24,7.3040133483075973,0.0097916666666666673,1,0,42431,0,1,1,5,1,2855,1,0.88226205191594564,1,0.45454545454545459,0.80000000000000004,1,0,0.72156328027736183,1,3617,28,0,0,0,0,0
d002962,c_taylor,2,med-features-v2,45105,1,443.04409722222221,2666,382,168,24,6.0174596991928473,0.0097916666666666673,1,0,42431,0,1,1,5,1,2284,1,0.85671417854463616,1,0.46153846153846156,0.33333333333333337,1,0,0.72726904496058475,1,3048,28,0,0,0,0,0
d002962,c_chris,3,med-features-v2,45105,1,443.04409722222221,3236,952,204,60,7.3040133483075973,0.0097916666666666673,1,0,42431,0,1,1,5,1,2855,1,0.88226205191594564,1,0.33333333333333337,0.33333333333333337,1,0,0.66257597553763004,1,4188,28,0,0,0,0,0
d002962,c_lena,4,med-features-v2,45105,1,443.04409722222221,759,379,48,24,1.7131477538212196,0.041319444444444443,1,0,42431,0,1,1,5,1,380,1,0.50065876152832678,1,0.46153846153846156,0.80000000000000004,1,0,0.53807616980979334,1,1138,28,0,0,0,0,0
d002963,c_fac_036,0,med-features-v2,45115,1,443.0710648148148,317,317,20,20,0.71546084854918879,1.8808333333333334,1,0,42441,0,1,1,1,0,0,0,0,1,0.69230769230769229,0.69230769230769229,1,0,0.35486324037262668,1,634,18,0,0,0,0,0
d002964,c_noah,0,med-features-v2,45126,1,443.0980324074074,3628,3047,229,192,8.1878043562699183,0.053587962962962962,1,0,42452,0,1,1,4,1,2856,1,0.78721058434399116,1,0.40000000000000002,0.33333333333333337,1,0,0.60354772274801172,1,6670,17,0,0,0,0,0
d002964,c_elena,1,med-features-v2,45126,1,443.0980324074074,3237,381,204,24,7.3053811194172349,0.053935185185185183,1,0,42452,0,1,1,4,1,2856,1,0.88229842446709916,1,0.45454545454545459,0.80000000000000004,1,0,0.74046391831388203,1,3618,17,0,0,0,0,0
d002964,c_taylor,2,med-features-v2,45126,1,443.0980324074074,2667,382,168,24,6.0189840733660072,0.053935185185185183,1,0,42452,0,1,1,4,1,2285,1,0.85676790401199854,1,0.46153846153846156,0.33333333333333337,1,0,0.75752182639160381,1,3049,17,0,0,0,0,0
d002964,c_chris,3,med-features-v2,45126,1,443.0980324074074,3237,952,204,60,7.3053811194172349,0.053935185185185183,1,0,42452,0,1,1,4,1,2856,1,0.88229842446709916,1,0.33333333333333337,0.33333333333333337,1,0,0.62703230969434243,1,4189,17,0,0,0,0,0
d002965,c_lee,0,med-features-v2,45136,1,443.125,888,888,56,56,2.0039492242595203,0.097708333333333328,1,0,888,0,1,0,1,0,0,0,0,1,0.5,0.5,1,0,0.45159103041914045,1,1776,23,0,0,0,0,0
d002966,c_fac_008,0,med-features-v2,45147,1,443.15194444444444,317,317,20,20,0.71533026984098136,1.0221064814814815,1,0,42467,0,1,1,1,0,0,0,0,1,0.76923076923076916,0.76923076923076916,1,0,0.34382689606331374,1,634,15,0,0,0,0,0
d000140,c_fac_009,0,med-features-v2,45148,1,443.15439814814818,319,319,20,20,0.71983940886750963,1.0218750000000001,1,0,42468,0,1,1,2,1,0,0,0,1,0.69230769230769229,0.69230769230769229,1,0,0.2570599905637288,1,638,14,0,0,0,0,0
d000140,c_lee,1,med-features-v2,45148,1,443.15439814814818,890,890,56,56,2.0083293852416415,0.019259259259259261,1,0,890,0,1,0,2,1,0,0,0,1,0.5,0.5,1,0,0.019618539329341662,1,1780,14,0,0,0,0,0
d002967,c_fac_028,0,med-features-v2,45159,1,443.18136574074072,318,318,20,20,0.71753919406897781,1.0191666666666668,1,0,42479,0,1,1,1,0,0,0,0,1,0.75,0.75,1,0,0.31614135454330766,1,636,15,0,0,0,0,0
d002968,c_fac_044,0,med-features-v2,45170,1,443.20833333333331,319,319,21,21,0.71975180972078601,1.0191435185185185,1,0,42490,0,1,1,1,0,0,0,0,1,0.81818181818181812,0.81818181818181812,1,1,0.29972218327818662,1,638,26,0,0,0,0,0
d002969,c_noah,0,med-features-v2,45181,1,443.23527777777775,3631,3049,229,192,8.1920374619198366,0.031504629629629632,1,0,42501,0,1,1,4,1,2859,1,0.78738639493252549,1,0.40000000000000002,0.33333333333333337,1,0,0.60361658289350451,1,6675,17,0,0,0,0,0
d002969,c_elena,1,med-features-v2,45181,1,443.23527777777775,3240,381,204,24,7.3098874625778762,0.031851851851851853,1,0,42501,0,1,1,4,1,2859,1,0.88240740740740742,1,0.45454545454545459,0.80000000000000004,1,0,0.74055774659734452,1,3621,17,0,0,0,0,0
d002969,c_taylor,2,med-features-v2,45181,1,443.23527777777775,2670,383,168,24,6.0238887423095466,0.031851851851851853,1,0,42501,0,1,1,4,1,2287,1,0.85655430711610492,1,0.46153846153846156,0.33333333333333337,1,0,0.75747719476977138,1,3053,17,0,0,0,0,0
d002969,c_chris,3,med-features-v2,45181,1,443.23527777777775,3240,953,204,60,7.3098874625778762,0.031851851851851853,1,0,42501,0,1,1,4,1,2859,1,0.88240740740740742,1,0.33333333333333337,0.33333333333333337,1,0,0.62711363469477721,1,4193,17,0,0,0,0,0
d002970,c_fac_016,0,med-features-v2,45191,1,443.26224537037035,318,318,20,20,0.71740826862954066,0.200625,1,0,42511,0,1,1,1,0,0,0,0,1,0.66666666666666674,0.66666666666666674,1,0,0.39506678473262519,1,636,16,0,0,0,0,0
d002971,c_fac_071,0,med-features-v2,45202,1,443.28921296296295,317,317,20,20,0.71510876134602785,0.20064814814814816,1,0,42522,0,1,1,1,0,0,0,0,1,0.83333333333333337,0.83333333333333337,1,1,0.41559757340848852,1,634,27,0,0,0,0,0
d002972,c_morgan_shaw,0,med-features-v2,45212,1,443.31615740740739,1208,1208,76,76,2.7249176007132272,0.06581018518518518,1,0,42532,0,1,1,1,0,0,0,0,1,0.81818181818181812,0.81818181818181812,1,1,0.35376851988422675,1,2416,17,0,0,0,0,0
d002973,c_fac_069,0,med-features-v2,45223,1,443.34312499999999,318,318,20,20,0.71727739095988019,1.1107638888888889,1,0,42540,0,1,1,1,0,0,0,0,1,0.75,0.75,1,0,0.27811928720525791,1,636,19,0,0,0,0,0
d002974,c_fac_088,0,med-features-v2,45234,1,443.37009259259258,317,317,20,20,0.71497831111330157,1.000162037037037,1,0,42551,0,1,1,1,0,0,0,0,1,0.63636363636363635,0.63636363636363635,1,0,0.41418017832378623,1,634,26,0,0,0,0,0
d002975,c_alex_chan,0,med-features-v2,45242,1,444.02375000000001,1209,1209,76,76,2.7228273262409948,0.71949074074074071,1,0,42559,0,1,1,1,0,0,0,0,1,0.88888888888888884,0.88888888888888884,1,1,0.26778690582537051,1,2418,15,0,0,0,0,0
d002976,c_pat,0,med-features-v2,45252,1,444.05280092592591,891,891,56,56,2.0065181396043732,0.72893518518518519,1,0,891,0,1,0,1,0,0,0,0,1,0.77777777777777779,0.33333333333333337,1,0,0.26087421458791693,1,1782,14,0,0,0,0,0
d002977,c_fac_042,0,med-features-v2,45263,1,444.08185185185187,318,318,21,21,0.71608420536420958,1.8980555555555556,1,0,42577,0,1,1,1,0,0,0,0,1,0.66666666666666674,0.66666666666666674,1,0,0.40359407166351363,1,636,27,0,0,0,0,0
d002978,c_sam,0,med-features-v2,45274,1,444.11090277777777,319,319,20,20,0.7182890534881099,0.97821759259259256,1,0,42588,0,1,1,1,0,0,0,0,1,0.45454545454545459,0.33333333333333337,1,0,0.37294958416812513,1,638,26,0,0,0,0,0
d002979,c_fac_011,0,med-features-v2,45285,1,444.13995370370372,319,319,20,20,0.71824207063526746,0.87981481481481483,1,0,42599,0,1,1,1,0,0,0,0,1,0.66666666666666674,0.66666666666666674,1,0,0.22773865531473245,1,638,14,0,0,0,0,0
d002980,c_fac_030,0,med-features-v2,45296,1,444.16900462962963,319,319,20,20,0.7181950939282632,0.98238425925925921,1,0,42610,0,1,1,1,0,0,0,0,1,0.81818181818181812,0.81818181818181812,1,1,0.31423809884148007,1,638,14,0,0,0,0,0
d002981,c_fac_049,0,med-features-v2,45307,1,444.19805555555558,319,319,20,20,0.71814812336589096,0.98203703703703704,1,0,42621,0,1,1,1,0,0,0,0,1,0.72727272727272729,0.72727272727272729,1,0,0.37503703834226515,1,638,26,0,0,0,0,0
d002982,c_fac_065,0,med-features-v2,45318,1,444.22710648148148,318,318,20,20,0.71585005813519953,0.88854166666666667,1,0,42632,0,1,1,1,0,0,0,0,1,0.80000000000000004,0.80000000000000004,1,1,0.27746241840426561,1,636,26,0,0,0,0,0
d002983,c_alex_chen,0,med-features-v2,45325,1,444.25615740740739,1464,1336,92,84,3.2953960808188221,0.2267824074074074,1,0,42639,0,1,1,1,0,0,0,0,1,0.88888888888888884,0.88888888888888884,1,1,0.24673771299381914,1,2800,24,0,0,0,0,0
d002984,c_fac_002,0,med-features-v2,45336,1,444.28520833333334,318,318,20,20,0.71575644211277567,0.22414351851851852,1,0,42647,0,1,1,1,0,0,0,0,1,0.76923076923076916,0.76923076923076916,1,0,0.38887686926446635,1,636,27,0,0,0,0,0
d002985,c_fac_037,0,med-features-v2,45347,1,444.31425925925925,319,319,20,20,0.71796030253861864,0.23469907407407409,1,0,42658,0,1,1,1,0,0,0,0,1,0.76923076923076916,0.76923076923076916,1,0,0.35761127019424743,1,638,16,0,0,0,0,0
d002986,c_fac_070,0,med-features-v2,45358,1,444.34328703703704,318,318,20,20,0.71566288785520449,0.99736111111111114,1,0,42669,0,1,1,1,0,0,0,0,1,0.80000000000000004,0.80000000000000004,1,1,0.2868745515309174,1,636,19,0,0,0,0,0
d002987,c_fac_089,0,med-features-v2,45369,1,444.37233796296294,319,319,20,20,0.71786646635639062,0.99944444444444447,1,0,42680,0,1,1,1,0,0,0,0,1,0.80000000000000004,0.80000000000000004,1,1,0.32637747042158077,1,638,15,0,0,0,0,0
d002988,c_morgan_zhao,0,med-features-v2,45379,1,445.02449074074076,1211,1083,76,68,2.721198552430895,0.75215277777777778,1,0,42690,0,1,1,1,0,0,0,0,1,0.81818181818181812,0.81818181818181812,1,1,0.40637948677595281,1,2294,25,0,0,0,0,0
d002989,c_jamie_li,0,med-features-v2,45389,1,445.05145833333336,1212,1084,76,68,2.7232805944256446,0.036412037037037034,1,0,42697,0,1,1,1,0,0,0,0,1,0.77777777777777779,0.77777777777777779,1,0,0.31873733784242181,1,2296,26,0,0,0,0,0
d002990,c_fac_043,0,med-features-v2,45399,1,445.0784259259259,319,319,21,21,0.71672761791669259,1.8721990740740742,1,0,42707,0,1,1,1,0,0,0,0,1,0.75,0.75,1,0,0.35365375648629765,1,638,16,0,0,0,0,0
d002991,c_lena,0,med-features-v2,45410,1,445.10537037037039,765,382,48,24,1.7186941585617055,0.061273148148148146,1,0,42718,0,1,1,1,0,0,0,0,1,0.46153846153846156,0.80000000000000004,1,0,0.65073212905451949,1,1147,15,0,0,0,0,0
d002992,c_pat,0,med-features-v2,45420,1,445.13233796296294,894,894,56,56,2.0083914911488296,0.1025925925925926,1,0,894,0,1,0,1,0,0,0,0,1,0.77777777777777779,0.33333333333333337,1,0,0.44822635506508646,1,1788,23,0,0,0,0,0
d002993,c_fac_015,0,med-features-v2,45431,1,445.15930555555553,320,320,20,20,0.71884378470004651,1.0137268518518519,1,0,42736,0,1,1,1,0,0,0,0,1,0.76923076923076916,0.76923076923076916,1,0,0.30845992536360906,1,640,15,0,0,0,0,0
d002994,c_fac_032,0,med-features-v2,45442,1,445.18627314814813,320,320,20,20,0.71880024003685106,0.8769675925925926,1,0,42747,0,1,1,1,0,0,0,0,1,0.76923076923076916,0.76923076923076916,1,0,0.22641655987836026,1,640,14,0,0,0,0,0
d002995,c_fac_050,0,med-features-v2,45453,1,445.21321759259257,319,319,20,20,0.7165106232131494,1.012175925925926,1,0,42758,0,1,1,1,0,0,0,0,1,0.75,0.75,1,0,0.30248586349964252,1,638,15,0,0,0,0,0
d002996,c_maya,0,med-features-v2,1341,1,445.23504629629628,1341,1469,84,92,3.0118922828630779,0.12956018518518519,1,0,1341,0,1,1,1,0,0,0,0,1,0.33333333333333337,0.5,1,0,0.41842030573019001,1,2810,25,0,0,0,0,0
d002997,c_fac_018,0,med-features-v2,45473,1,445.26715277777777,320,320,20,20,0.71866967505618895,0.20064814814814816,1,0,42778,0,1,1,1,0,0,0,0,1,0.66666666666666674,0.66666666666666674,1,0,0.36762818506078232,1,640,18,0,0,0,0,0
d002998,c_fac_073,0,med-features-v2,45484,1,445.29409722222221,319,319,20,20,0.71638048200042581,0.200625,1,0,42789,0,1,1,1,0,0,0,0,1,0.72727272727272729,0.72727272727272729,1,0,0.38078490398619191,1,638,18,0,0,0,0,0
d002999,c_lee,0,med-features-v2,45494,1,445.3210648148148,895,895,56,56,2.0097859066518278,0.19083333333333333,1,0,895,0,1,0,1,0,0,0,0,1,0.5,0.5,1,0,0.51074959465426517,1,1790,14,0,0,0,0,0
d003000,c_fac_071,0,med-features-v2,45505,1,445.3480324074074,319,319,20,20,0.71629372263213831,1.0017361111111112,1,0,42807,0,1,1,1,0,0,0,0,1,0.83333333333333337,0.83333333333333337,1,1,0.27384090327647809,1,638,19,0,0,0,0,0
