draft_id,contact_id,role,recipient_order
d000001,c_alex_chen,to,0
d000002,c_jamie_li,to,0
d000003,c_morgan_zhao,to,0
d000004,c_alex_chen,to,0
d000005,c_jamie_li,to,0
d000006,c_morgan_zhao,to,0
d000007,c_alex_chen,to,0
d000008,c_jamie_li,to,0
d000009,c_morgan_zhao,to,0
d000010,c_alex_chen,to,0
d000011,c_jamie_li,to,0
d000012,c_morgan_zhao,to,0
d000013,c_alex_chen,to,0
d000014,c_jamie_li,to,0
d000015,c_morgan_zhao,to,0
d000016,c_alex_chen,to,0
d000017,c_jamie_li,to,0
d000018,c_morgan_zhao,to,0
d000019,c_alex_chen,to,0
d000020,c_jamie_li,to,0
d000021,c_morgan_zhao,to,0
d000022,c_alex_chen,to,0
d000023,c_jamie_li,to,0
d000024,c_morgan_zhao,to,0
d000025,c_alex_chen,to,0
d000026,c_jamie_li,to,0
d000027,c_morgan_zhao,to,0
d000028,c_alex_chen,to,0
d000029,c_jamie_li,to,0
d000030,c_morgan_zhao,to,0
d000031,c_alex_chen,to,0
d000032,c_jamie_li,to,0
d000033,c_morgan_zhao,to,0
d000034,c_alex_chen,to,0
d000035,c_jamie_li,to,0
d000036,c_morgan_zhao,to,0
d000037,c_alex_chen,to,0
d000038,c_jamie_li,to,0
d000039,c_morgan_zhao,to,0
d000040,c_alex_chen,to,0
d000041,c_jamie_li,to,0
d000042,c_morgan_zhao,to,0
d000043,c_alex_chen,to,0
d000044,c_jamie_li,to,0
d000045,c_morgan_zhao,to,0
d000046,c_alex_chen,to,0
d000047,c_jamie_li,to,0
d000048,c_morgan_zhao,to,0
d000049,c_alex_chen,to,0
d000050,c_jamie_li,to,0
d000051,c_morgan_zhao,to,0
d000052,c_alex_chen,to,0
d000053,c_jamie_li,to,0
d000054,c_morgan_zhao,to,0
d000055,c_alex_chen,to,0
d000056,c_jamie_li,to,0
d000057,c_morgan_zhao,to,0
d000058,c_alex_chen,to,0
d000059,c_jamie_li,to,0
d000060,c_morgan_zhao,to,0
d000061,c_alex_chen,to,0
d000062,c_jamie_li,to,0
d000063,c_morgan_zhao,to,0
d000064,c_alex_chen,to,0
d000065,c_jamie_li,to,0
d000066,c_morgan_zhao,to,0
d000067,c_alex_chen,to,0
d000068,c_jamie_li,to,0
d000069,c_morgan_zhao,to,0
d000070,c_alex_chen,to,0
d000071,c_chris,to,0
d000071,c_noah,to,1
d000071,c_elena,to,2
d000071,c_marcus,cc,3
d000071,c_lee,cc,4
d000072,c_morgan_shaw,to,0
d000072,c_morgan_zhao,to,1
d000072,c_pat,cc,2
d000073,c_fac_047,to,0
d000073,c_ren,cc,1
d000074,c_fac_015,to,0
d000074,c_lee,cc,1
d000075,c_fac_008,to,0
d000075,c_pat,cc,1
d000076,c_fac_080,to,0
d000076,c_ren,cc,1
d000077,c_marcus,to,0
d000077,c_lee,cc,1
d000078,c_fac_041,to,0
d000078,c_pat,cc,1
d000079,c_fac_019,to,0
d000079,c_ren,cc,1
d000080,c_chris,to,0
d000080,c_lee,cc,1
d000081,c_fac_064,to,0
d000081,c_pat,cc,1
d000082,c_fac_052,to,0
d000082,c_ren,cc,1
d000083,c_fac_025,to,0
d000083,c_lee,cc,1
d000084,c_fac_018,to,0
d000084,c_pat,cc,1
d000085,c_fac_085,to,0
d000085,c_ren,cc,1
d000086,c_fac_078,to,0
d000086,c_lee,cc,1
d000087,c_fac_051,to,0
d000087,c_pat,cc,1
d000088,c_fac_024,to,0
d000088,c_ren,cc,1
d000089,c_chris,to,0
d000089,c_lee,cc,1
d000090,c_fac_069,to,0
d000090,c_pat,cc,1
d000091,c_fac_062,to,0
d000091,c_ren,cc,1
d000092,c_fac_035,to,0
d000092,c_lee,cc,1
d000093,c_fac_023,to,0
d000093,c_pat,cc,1
d000094,c_marcus,to,0
d000094,c_ren,cc,1
d000095,c_fac_088,to,0
d000095,c_lee,cc,1
d000096,c_fac_056,to,0
d000096,c_pat,cc,1
d000097,c_fac_034,to,0
d000097,c_ren,cc,1
d000098,c_fac_002,to,0
d000098,c_lee,cc,1
d000099,c_fac_079,to,0
d000099,c_pat,cc,1
d000100,c_chris,to,0
d000100,c_ren,cc,1
d000101,c_fac_040,to,0
d000101,c_lee,cc,1
d000102,c_fac_033,to,0
d000102,c_pat,cc,1
d000103,c_fac_001,to,0
d000103,c_ren,cc,1
d000104,c_chris,to,0
d000104,c_noah,to,1
d000104,c_elena,to,2
d000104,c_marcus,cc,3
d000104,c_lee,cc,4
d000105,c_marcus,to,0
d000105,c_pat,cc,1
d000106,c_fac_044,to,0
d000106,c_ren,cc,1
d000107,c_fac_012,to,0
d000107,c_lee,cc,1
d000108,c_fac_089,to,0
d000108,c_pat,cc,1
d000109,c_fac_067,to,0
d000109,c_ren,cc,1
d000110,c_fac_050,to,0
d000110,c_lee,cc,1
d000111,c_fac_043,to,0
d000111,c_pat,cc,1
d000112,c_fac_006,to,0
d000112,c_ren,cc,1
d000113,c_jamie_lee,to,0
d000113,c_jamie_li,to,1
d000113,c_lee,cc,2
d000114,c_fac_066,to,0
d000114,c_pat,cc,1
d000115,c_fac_049,to,0
d000115,c_ren,cc,1
d000116,c_fac_022,to,0
d000116,c_lee,cc,1
d000117,c_chris,to,0
d000117,c_pat,cc,1
d000118,c_fac_077,to,0
d000118,c_ren,cc,1
d000119,c_fac_060,to,0
d000119,c_lee,cc,1
d000120,c_fac_048,to,0
d000120,c_pat,cc,1
d000121,c_fac_016,to,0
d000121,c_ren,cc,1
d000122,c_chris,to,0
d000122,c_noah,to,1
d000122,c_elena,to,2
d000122,c_marcus,cc,3
d000122,c_lee,cc,4
d000123,c_fac_071,to,0
d000123,c_pat,cc,1
d000124,c_fac_059,to,0
d000124,c_ren,cc,1
d000125,c_fac_027,to,0
d000125,c_lee,cc,1
d000126,c_chris,to,0
d000126,c_pat,cc,1
d000127,c_fac_087,to,0
d000127,c_ren,cc,1
d000128,c_fac_065,to,0
d000128,c_lee,cc,1
d000129,c_fac_058,to,0
d000129,c_pat,cc,1
d000130,c_fac_026,to,0
d000130,c_ren,cc,1
d000131,c_sam,to,0
d000131,c_lee,cc,1
d000132,c_fac_081,to,0
d000132,c_pat,cc,1
d000133,c_alex_chan,to,0
d000133,c_alex_chen,to,1
d000133,c_ren,cc,2
d000134,c_fac_037,to,0
d000134,c_lee,cc,1
d000135,c_fac_010,to,0
d000135,c_pat,cc,1
d000136,c_marcus,to,0
d000136,c_ren,cc,1
d000137,c_fac_070,to,0
d000137,c_lee,cc,1
d000138,c_fac_068,to,0
d000138,c_pat,cc,1
d000139,c_fac_031,to,0
d000139,c_ren,cc,1
d000140,c_fac_009,to,0
d000140,c_lee,cc,1
d000141,c_fac_001,to,0
d000142,c_fac_002,to,0
d000143,c_fac_003,to,0
d000144,c_fac_004,to,0
d000145,c_fac_005,to,0
d000146,c_fac_006,to,0
d000147,c_fac_007,to,0
d000148,c_fac_008,to,0
d000149,c_fac_001,to,0
d000150,c_fac_002,to,0
d000151,c_fac_003,to,0
d000152,c_fac_004,to,0
d000153,c_fac_005,to,0
d000154,c_fac_006,to,0
d000155,c_fac_007,to,0
d000156,c_fac_008,to,0
d000157,c_fac_001,to,0
d000158,c_fac_002,to,0
d000159,c_fac_003,to,0
d000160,c_fac_004,to,0
d000161,c_fac_005,to,0
d000162,c_fac_006,to,0
d000163,c_fac_007,to,0
d000164,c_fac_008,to,0
d000165,c_fac_001,to,0
d000166,c_fac_002,to,0
d000167,c_fac_003,to,0
d000168,c_fac_004,to,0
d000169,c_fac_005,to,0
d000170,c_fac_006,to,0
d000171,c_fac_007,to,0
d000172,c_fac_008,to,0
d000173,c_fac_001,to,0
d000174,c_fac_002,to,0
d000175,c_fac_003,to,0
d000176,c_fac_004,to,0
d000177,c_fac_005,to,0
d000178,c_fac_006,to,0
d000179,c_fac_007,to,0
d000180,c_fac_008,to,0
d000181,c_fac_001,to,0
d000182,c_fac_002,to,0
d000183,c_fac_003,to,0
d000184,c_fac_004,to,0
d000185,c_fac_005,to,0
d000186,c_fac_006,to,0
d000187,c_fac_007,to,0
d000188,c_fac_008,to,0
d000189,c_fac_001,to,0
d000190,c_fac_002,to,0
d000191,c_fac_003,to,0
d000192,c_fac_004,to,0
d000193,c_fac_005,to,0
d000194,c_fac_006,to,0
d000195,c_fac_007,to,0
d000196,c_fac_008,to,0
d000197,c_fac_001,to,0
d000198,c_fac_002,to,0
d000199,c_fac_003,to,0
d000200,c_fac_004,to,0
d000201,c_dir_090,to,0
d000202,c_dir_091,to,0
d000203,c_dir_092,to,0
d000204,c_dir_093,to,0
d000205,c_dir_094,to,0
d000206,c_dir_095,to,0
d000207,c_dir_096,to,0
d000208,c_dir_097,to,0
d000209,c_dir_098,to,0
d000210,c_dir_099,to,0
d000211,c_dir_100,to,0
d000212,c_dir_101,to,0
d000213,c_dir_102,to,0
d000214,c_dir_103,to,0
d000215,c_dir_104,to,0
d000216,c_dir_105,to,0
d000217,c_dir_106,to,0
d000218,c_dir_107,to,0
d000219,c_dir_108,to,0
d000220,c_dir_109,to,0
d000221,c_dir_110,to,0
d000222,c_dir_111,to,0
d000223,c_dir_112,to,0
d000224,c_dir_113,to,0
d000225,c_dir_114,to,0
d000226,c_dir_115,to,0
d000227,c_dir_116,to,0
d000228,c_dir_117,to,0
d000229,c_dir_118,to,0
d000230,c_dir_119,to,0
d000231,c_noah,to,0
d000231,c_elena,to,1
d000231,c_taylor,to,2
d000231,c_chris,cc,3
d000231,c_lena,cc,4
d000232,c_noah,to,0
d000232,c_elena,to,1
d000232,c_taylor,to,2
d000232,c_chris,cc,3
d000232,c_jamie_li,cc,4
d000233,c_noah,to,0
d000233,c_elena,to,1
d000233,c_taylor,to,2
d000233,c_chris,cc,3
d000233,c_lena,cc,4
d000234,c_noah,to,0
d000234,c_elena,to,1
d000234,c_taylor,to,2
d000234,c_chris,cc,3
d000234,c_lena,bcc,4
d000234,c_alex_chen,cc,5
d000235,c_noah,to,0
d000235,c_elena,to,1
d000235,c_taylor,to,2
d000235,c_chris,cc,3
d000235,c_lena,cc,4
d000236,c_noah,to,0
d000236,c_elena,to,1
d000236,c_taylor,to,2
d000236,c_chris,cc,3
d000236,c_morgan_zhao,cc,4
d000237,c_noah,to,0
d000237,c_elena,to,1
d000237,c_taylor,to,2
d000237,c_chris,cc,3
d000237,c_lena,cc,4
d000238,c_noah,to,0
d000238,c_elena,to,1
d000238,c_taylor,to,2
d000238,c_chris,cc,3
d000238,c_lena,bcc,4
d000238,c_jamie_li,cc,5
d000239,c_noah,to,0
d000239,c_elena,to,1
d000239,c_taylor,to,2
d000239,c_chris,cc,3
d000239,c_lena,cc,4
d000240,c_noah,to,0
d000240,c_elena,to,1
d000240,c_taylor,to,2
d000240,c_chris,cc,3
d000240,c_lena,bcc,4
d000240,c_alex_chen,cc,5
d000241,c_noah,to,0
d000241,c_elena,to,1
d000241,c_taylor,to,2
d000241,c_chris,cc,3
d000241,c_lena,cc,4
d000242,c_noah,to,0
d000242,c_elena,to,1
d000242,c_taylor,to,2
d000242,c_chris,cc,3
d000242,c_lena,bcc,4
d000242,c_morgan_zhao,cc,5
d000243,c_noah,to,0
d000243,c_elena,to,1
d000243,c_taylor,to,2
d000243,c_chris,cc,3
d000243,c_lena,cc,4
d000244,c_noah,to,0
d000244,c_elena,to,1
d000244,c_taylor,to,2
d000244,c_chris,cc,3
d000244,c_lena,bcc,4
d000244,c_jamie_li,cc,5
d000245,c_noah,to,0
d000245,c_elena,to,1
d000245,c_taylor,to,2
d000245,c_chris,cc,3
d000245,c_lena,cc,4
d000246,c_noah,to,0
d000246,c_elena,to,1
d000246,c_taylor,to,2
d000246,c_chris,cc,3
d000246,c_alex_chen,cc,4
d000247,c_noah,to,0
d000247,c_elena,to,1
d000247,c_taylor,to,2
d000247,c_chris,cc,3
d000247,c_lena,cc,4
d000248,c_noah,to,0
d000248,c_elena,to,1
d000248,c_taylor,to,2
d000248,c_chris,cc,3
d000248,c_lena,bcc,4
d000248,c_morgan_zhao,cc,5
d000249,c_noah,to,0
d000249,c_elena,to,1
d000249,c_taylor,to,2
d000249,c_chris,cc,3
d000249,c_lena,cc,4
d000250,c_noah,to,0
d000250,c_elena,to,1
d000250,c_taylor,to,2
d000250,c_chris,cc,3
d000250,c_jamie_li,cc,4
d000251,c_noah,to,0
d000251,c_elena,to,1
d000251,c_taylor,to,2
d000251,c_chris,cc,3
d000251,c_lena,cc,4
d000252,c_noah,to,0
d000252,c_elena,to,1
d000252,c_taylor,to,2
d000252,c_chris,cc,3
d000252,c_alex_chen,cc,4
d000253,c_noah,to,0
d000253,c_elena,to,1
d000253,c_taylor,to,2
d000253,c_chris,cc,3
d000253,c_lena,cc,4
d000254,c_noah,to,0
d000254,c_elena,to,1
d000254,c_taylor,to,2
d000254,c_chris,cc,3
d000254,c_lena,bcc,4
d000254,c_morgan_zhao,cc,5
d000255,c_noah,to,0
d000255,c_elena,to,1
d000255,c_taylor,to,2
d000255,c_chris,cc,3
d000255,c_lena,cc,4
d000256,c_noah,to,0
d000256,c_elena,to,1
d000256,c_taylor,to,2
d000256,c_chris,cc,3
d000256,c_lena,bcc,4
d000257,c_noah,to,0
d000257,c_elena,to,1
d000257,c_taylor,to,2
d000257,c_chris,cc,3
d000257,c_pat,bcc,4
d000258,c_noah,to,0
d000258,c_elena,to,1
d000258,c_taylor,to,2
d000258,c_chris,cc,3
d000258,c_lena,bcc,4
d000258,c_alex_chan,bcc,5
d000259,c_noah,to,0
d000259,c_elena,to,1
d000259,c_taylor,to,2
d000259,c_chris,cc,3
d000259,c_lee,bcc,4
d000260,c_noah,to,0
d000260,c_elena,to,1
d000260,c_taylor,to,2
d000260,c_chris,cc,3
d000260,c_lena,bcc,4
d000260,c_alex_chan,bcc,5
d000261,c_noah,to,0
d000261,c_elena,to,1
d000261,c_taylor,to,2
d000261,c_chris,cc,3
d000261,c_ren,bcc,4
d000262,c_noah,to,0
d000262,c_elena,to,1
d000262,c_taylor,to,2
d000262,c_chris,cc,3
d000262,c_lena,bcc,4
d000262,c_alex_chan,bcc,5
d000263,c_noah,to,0
d000263,c_elena,to,1
d000263,c_taylor,to,2
d000263,c_chris,cc,3
d000263,c_pat,bcc,4
d000264,c_noah,to,0
d000264,c_elena,to,1
d000264,c_taylor,to,2
d000264,c_chris,cc,3
d000264,c_lena,bcc,4
d000264,c_alex_chan,bcc,5
d000265,c_noah,to,0
d000265,c_elena,to,1
d000265,c_taylor,to,2
d000265,c_chris,cc,3
d000265,c_lee,bcc,4
d000266,c_noah,to,0
d000266,c_elena,to,1
d000266,c_taylor,to,2
d000266,c_chris,cc,3
d000266,c_lena,bcc,4
d000267,c_noah,to,0
d000267,c_elena,to,1
d000267,c_taylor,to,2
d000267,c_chris,cc,3
d000267,c_ren,bcc,4
d000268,c_noah,to,0
d000268,c_elena,to,1
d000268,c_taylor,to,2
d000268,c_chris,cc,3
d000268,c_lena,bcc,4
d000268,c_alex_chan,bcc,5
d000269,c_noah,to,0
d000269,c_elena,to,1
d000269,c_taylor,to,2
d000269,c_chris,cc,3
d000269,c_pat,bcc,4
d000270,c_noah,to,0
d000270,c_elena,to,1
d000270,c_taylor,to,2
d000270,c_chris,cc,3
d000270,c_lena,bcc,4
d000271,c_noah,to,0
d000271,c_elena,to,1
d000271,c_taylor,to,2
d000271,c_chris,cc,3
d000271,c_lee,bcc,4
d000272,c_noah,to,0
d000272,c_elena,to,1
d000272,c_taylor,to,2
d000272,c_chris,cc,3
d000272,c_lena,bcc,4
d000273,c_noah,to,0
d000273,c_elena,to,1
d000273,c_taylor,to,2
d000273,c_chris,cc,3
d000273,c_ren,bcc,4
d000274,c_noah,to,0
d000274,c_elena,to,1
d000274,c_taylor,to,2
d000274,c_chris,cc,3
d000274,c_lena,bcc,4
d000274,c_alex_chan,bcc,5
d000275,c_noah,to,0
d000275,c_elena,to,1
d000275,c_taylor,to,2
d000275,c_chris,cc,3
d000275,c_pat,bcc,4
d000276,c_noah,to,0
d000276,c_elena,to,1
d000276,c_taylor,to,2
d000276,c_chris,cc,3
d000276,c_lena,cc,4
d000276,c_lee,bcc,5
d000277,c_noah,to,0
d000277,c_elena,to,1
d000277,c_taylor,to,2
d000277,c_chris,cc,3
d000277,c_jamie_li,cc,4
d000277,c_pat,bcc,5
d000278,c_noah,to,0
d000278,c_elena,to,1
d000278,c_taylor,to,2
d000278,c_chris,cc,3
d000278,c_lena,bcc,4
d000278,c_alex_chan,cc,5
d000278,c_ren,bcc,6
d000279,c_noah,to,0
d000279,c_elena,to,1
d000279,c_taylor,to,2
d000279,c_chris,cc,3
d000279,c_alex_chen,cc,4
d000279,c_lee,bcc,5
d000280,c_noah,to,0
d000280,c_elena,to,1
d000280,c_taylor,to,2
d000280,c_chris,cc,3
d000280,c_lena,bcc,4
d000280,c_alex_chan,cc,5
d000280,c_pat,bcc,6
d000281,c_noah,to,0
d000281,c_elena,to,1
d000281,c_taylor,to,2
d000281,c_chris,cc,3
d000281,c_morgan_zhao,cc,4
d000281,c_ren,bcc,5
d000282,c_noah,to,0
d000282,c_elena,to,1
d000282,c_taylor,to,2
d000282,c_chris,cc,3
d000282,c_lena,bcc,4
d000282,c_alex_chan,cc,5
d000282,c_lee,bcc,6
d000283,c_noah,to,0
d000283,c_elena,to,1
d000283,c_taylor,to,2
d000283,c_chris,cc,3
d000283,c_jamie_li,cc,4
d000283,c_pat,bcc,5
d000284,c_noah,to,0
d000284,c_elena,to,1
d000284,c_taylor,to,2
d000284,c_chris,cc,3
d000284,c_lena,bcc,4
d000284,c_alex_chan,cc,5
d000284,c_ren,bcc,6
d000285,c_noah,to,0
d000285,c_elena,to,1
d000285,c_taylor,to,2
d000285,c_chris,cc,3
d000285,c_alex_chen,cc,4
d000285,c_lee,bcc,5
d000286,c_noah,to,0
d000286,c_elena,to,1
d000286,c_taylor,to,2
d000286,c_chris,cc,3
d000286,c_lena,cc,4
d000286,c_pat,bcc,5
d000287,c_noah,to,0
d000287,c_elena,to,1
d000287,c_taylor,to,2
d000287,c_chris,cc,3
d000287,c_morgan_zhao,cc,4
d000287,c_ren,bcc,5
d000288,c_noah,to,0
d000288,c_elena,to,1
d000288,c_taylor,to,2
d000288,c_chris,cc,3
d000288,c_lena,bcc,4
d000288,c_alex_chan,cc,5
d000288,c_lee,bcc,6
d000289,c_noah,to,0
d000289,c_elena,to,1
d000289,c_taylor,to,2
d000289,c_chris,cc,3
d000289,c_jamie_li,cc,4
d000289,c_pat,bcc,5
d000290,c_noah,to,0
d000290,c_elena,to,1
d000290,c_taylor,to,2
d000290,c_chris,cc,3
d000290,c_lena,cc,4
d000290,c_ren,bcc,5
d000291,c_alex_chen,to,0
d000292,c_jamie_li,to,0
d000293,c_morgan_zhao,to,0
d000294,c_alex_chen,to,0
d000295,c_jamie_li,to,0
d000296,c_morgan_zhao,to,0
d000297,c_alex_chen,to,0
d000298,c_jamie_li,to,0
d000299,c_morgan_zhao,to,0
d000300,c_alex_chen,to,0
d000301,c_new_170,to,0
d000302,c_new_171,to,0
d000303,c_new_172,to,0
d000304,c_new_173,to,0
d000305,c_new_174,to,0
d000306,c_new_175,to,0
d000307,c_new_176,to,0
d000308,c_new_177,to,0
d000309,c_new_178,to,0
d000310,c_new_179,to,0
d000311,c_new_180,to,0
d000312,c_new_181,to,0
d000313,c_new_182,to,0
d000314,c_new_183,to,0
d000315,c_new_184,to,0
d000316,c_new_185,to,0
d000317,c_new_186,to,0
d000318,c_new_187,to,0
d000319,c_new_188,to,0
d000320,c_new_189,to,0
d000321,c_fac_009,to,0
d000322,c_fac_010,to,0
d000323,c_fac_011,to,0
d000324,c_fac_012,to,0
d000325,c_fac_013,to,0
d000326,c_fac_014,to,0
d000327,c_fac_015,to,0
d000328,c_fac_016,to,0
d000329,c_fac_017,to,0
d000330,c_fac_018,to,0
d000331,c_fac_019,to,0
d000332,c_fac_020,to,0
d000333,c_fac_021,to,0
d000334,c_fac_022,to,0
d000335,c_fac_023,to,0
d000336,c_fac_024,to,0
d000337,c_fac_025,to,0
d000338,c_fac_026,to,0
d000339,c_fac_027,to,0
d000340,c_fac_028,to,0
d000341,c_fac_029,to,0
d000342,c_fac_030,to,0
d000343,c_fac_031,to,0
d000344,c_fac_032,to,0
d000345,c_fac_033,to,0
d000346,c_fac_034,to,0
d000347,c_fac_035,to,0
d000348,c_fac_036,to,0
d000349,c_fac_037,to,0
d000350,c_fac_038,to,0
d000351,c_fac_039,to,0
d000352,c_fac_040,to,0
d000353,c_fac_041,to,0
d000354,c_fac_042,to,0
d000355,c_fac_043,to,0
d000356,c_fac_044,to,0
d000357,c_maya,to,0
d000357,c_noah,to,1
d000358,c_maya,to,0
d000358,c_noah,to,1
d000359,c_maya,to,0
d000359,c_noah,to,1
d000360,c_maya,to,0
d000360,c_noah,to,1
d000361,c_maya,to,0
d000361,c_noah,to,1
d000362,c_maya,to,0
d000362,c_noah,to,1
d000363,c_maya,to,0
d000363,c_noah,to,1
d000364,c_maya,to,0
d000364,c_noah,to,1
d000365,c_maya,to,0
d000365,c_noah,to,1
d000366,c_maya,to,0
d000366,c_noah,to,1
d000367,c_noah,to,0
d000368,c_noah,to,0
d000369,c_noah,to,0
d000370,c_noah,to,0
d000371,c_noah,to,0
d000372,c_noah,to,0
d000373,c_noah,to,0
d000374,c_noah,to,0
d000375,c_noah,to,0
d000376,c_noah,to,0
d000377,c_noah,to,0
d000377,c_elena,to,1
d000377,c_taylor,to,2
d000377,c_chris,cc,3
d000377,c_lena,bcc,4
d000378,c_noah,to,0
d000378,c_elena,to,1
d000378,c_taylor,to,2
d000378,c_chris,cc,3
d000378,c_lena,bcc,4
d000379,c_noah,to,0
d000379,c_elena,to,1
d000379,c_taylor,to,2
d000379,c_chris,cc,3
d000380,c_noah,to,0
d000380,c_elena,to,1
d000380,c_taylor,to,2
d000380,c_chris,cc,3
d000381,c_noah,to,0
d000381,c_elena,to,1
d000381,c_taylor,to,2
d000381,c_chris,cc,3
d000382,c_lee,to,0
d000383,c_lee,to,0
d000384,c_lee,to,0
d000385,c_lee,to,0
d000386,c_lee,to,0
d000387,c_noah,to,0
d000387,c_elena,to,1
d000387,c_taylor,to,2
d000387,c_chris,cc,3
d000387,c_lena,bcc,4
d000388,c_noah,to,0
d000388,c_elena,to,1
d000388,c_taylor,to,2
d000388,c_chris,cc,3
d000388,c_lena,bcc,4
d000389,c_noah,to,0
d000389,c_elena,to,1
d000389,c_taylor,to,2
d000389,c_chris,cc,3
d000389,c_lena,bcc,4
d000390,c_noah,to,0
d000390,c_elena,to,1
d000390,c_taylor,to,2
d000390,c_chris,cc,3
d000390,c_lena,bcc,4
d000391,c_noah,to,0
d000391,c_elena,to,1
d000391,c_taylor,to,2
d000391,c_chris,cc,3
d000391,c_lena,bcc,4
d000392,c_noah,to,0
d000392,c_elena,to,1
d000392,c_taylor,to,2
d000392,c_chris,cc,3
d000392,c_lena,bcc,4
d000393,c_noah,to,0
d000393,c_elena,to,1
d000393,c_taylor,to,2
d000393,c_chris,cc,3
d000393,c_lena,bcc,4
d000394,c_noah,to,0
d000394,c_elena,to,1
d000394,c_taylor,to,2
d000394,c_chris,cc,3
d000394,c_lena,bcc,4
d000395,c_alex_chen,to,0
d000396,c_maya,to,0
d000397,c_fac_024,to,0
d000398,c_fac_079,to,0
d000399,c_morgan_zhao,to,0
d000400,c_fac_012,to,0
d000401,c_fac_031,to,0
d000402,c_fac_047,to,0
d000403,c_priya,to,0
d000404,c_fac_019,to,0
d000405,c_fac_074,to,0
d000406,c_jamie_li,to,0
d000407,c_fac_068,to,0
d000408,c_fac_087,to,0
d000409,c_alex_chen,to,0
d000410,c_morgan_zhao,to,0
d000411,c_fac_050,to,0
d000412,c_fac_003,to,0
d000413,c_fac_018,to,0
d000414,c_fac_037,to,0
d000415,c_fac_053,to,0
d000416,c_noah,to,0
d000416,c_elena,to,1
d000416,c_taylor,to,2
d000416,c_chris,cc,3
d000417,c_morgan_shaw,to,0
d000418,c_fac_015,to,0
d000419,c_fac_055,to,0
d000420,c_fac_078,to,0
d000421,c_alex_chen,to,0
d000422,c_noah,to,0
d000422,c_elena,to,1
d000422,c_taylor,to,2
d000422,c_chris,cc,3
d000423,c_fac_016,to,0
d000424,c_fac_071,to,0
d000425,c_jamie_li,to,0
d000426,c_hana,to,0
d000427,c_fac_019,to,0
d000428,c_fac_038,to,0
d000429,c_fac_054,to,0
d000430,c_noah,to,0
d000431,c_fac_056,to,0
d000432,c_jamie_lee,to,0
d000433,c_fac_064,to,0
d000434,c_fac_083,to,0
d000435,c_noah,to,0
d000436,c_morgan_shaw,to,0
d000437,c_fac_027,to,0
d000438,c_fac_082,to,0
d000439,c_fac_009,to,0
d000440,c_fac_026,to,0
d000441,c_fac_045,to,0
d000442,c_fac_061,to,0
d000443,c_avery,to,0
d000443,c_devon,to,1
d000444,c_pat,to,0
d000445,c_fac_032,to,0
d000446,c_fac_082,to,0
d000447,c_fac_085,to,0
d000448,c_elena,to,0
d000448,c_taylor,to,1
d000448,c_lena,to,2
d000449,c_marcus,to,0
d000450,c_fac_033,to,0
d000451,c_fac_088,to,0
d000452,c_morgan_zhao,to,0
d000453,c_fac_011,to,0
d000454,c_fac_030,to,0
d000455,c_fac_046,to,0
d000456,c_noah,to,0
d000456,c_elena,to,1
d000456,c_taylor,to,2
d000456,c_chris,cc,3
d000457,c_fac_008,to,0
d000458,c_fac_063,to,0
d000459,c_morgan_shaw,to,0
d000460,c_fac_067,to,0
d000461,c_fac_086,to,0
d000462,c_elena,to,0
d000462,c_taylor,to,1
d000462,c_lena,to,2
d000463,c_avery,to,0
d000463,c_devon,to,1
d000464,c_fac_034,to,0
d000465,c_fac_089,to,0
d000466,c_noah,to,0
d000467,c_fac_011,to,0
d000468,c_fac_028,to,0
d000469,c_fac_046,to,0
d000470,c_priya,to,0
d000471,c_fac_014,to,0
d000472,c_fac_069,to,0
d000473,c_jamie_lee,to,0
d000474,c_fac_067,to,0
d000475,c_fac_086,to,0
d000476,c_alex_chan,to,0
d000477,c_pat,to,0
d000478,c_fac_040,to,0
d000479,c_sam,to,0
d000480,c_fac_014,to,0
d000481,c_fac_034,to,0
d000482,c_fac_053,to,0
d000483,c_noah,to,0
d000483,c_elena,to,1
d000483,c_taylor,to,2
d000483,c_chris,cc,3
d000484,c_alex_chen,to,0
d000485,c_elena,to,0
d000486,c_fac_060,to,0
d000487,c_fac_079,to,0
d000488,c_chris,to,0
d000488,c_noah,to,1
d000488,c_elena,to,2
d000488,c_marcus,cc,3
d000489,c_priya,to,0
d000490,c_fac_021,to,0
d000491,c_fac_076,to,0
d000492,c_morgan_shaw,to,0
d000493,c_fac_003,to,0
d000494,c_fac_020,to,0
d000495,c_fac_039,to,0
d000496,c_fac_055,to,0
d000497,c_fac_001,to,0
d000498,c_fac_051,to,0
d000499,c_jamie_lee,to,0
d000500,c_fac_064,to,0
d000501,c_fac_083,to,0
d000502,c_noah,to,0
d000503,c_morgan_shaw,to,0
d000504,c_fac_027,to,0
d000505,c_fac_082,to,0
d000506,c_fac_006,to,0
d000507,c_fac_026,to,0
d000508,c_fac_045,to,0
d000509,c_fac_061,to,0
d000510,c_alex_chan,to,0
d000511,c_ren,to,0
d000512,c_noah,to,0
d000512,c_elena,to,1
d000512,c_taylor,to,2
d000512,c_chris,cc,3
d000513,c_fac_087,to,0
d000514,c_fac_086,to,0
d000515,c_lee,to,0
d000516,c_noah,to,0
d000517,c_fac_048,to,0
d000518,c_alex_chan,to,0
d000519,c_ren,to,0
d000520,c_fac_016,to,0
d000521,c_fac_035,to,0
d000522,c_fac_051,to,0
d000523,c_hana,to,0
d000524,c_fac_028,to,0
d000525,c_lena,to,0
d000526,c_ren,to,0
d000527,c_fac_075,to,0
d000528,c_alex_chen,to,0
d000529,c_pat,to,0
d000530,c_sam,to,0
d000531,c_fac_054,to,0
d000532,c_jamie_lee,to,0
d000533,c_ren,to,0
d000534,c_fac_017,to,0
d000535,c_fac_036,to,0
d000536,c_fac_052,to,0
d000537,c_noah,to,0
d000537,c_elena,to,1
d000537,c_taylor,to,2
d000537,c_chris,cc,3
d000537,c_lena,bcc,4
d000538,c_fac_029,to,0
d000539,c_fac_084,to,0
d000540,c_morgan_zhao,to,0
d000541,c_fac_072,to,0
d000542,c_noah,to,0
d000542,c_elena,to,1
d000542,c_taylor,to,2
d000542,c_chris,cc,3
d000543,c_jamie_lee,to,0
d000544,c_hana,to,0
d000545,c_fac_055,to,0
d000546,c_elena,to,0
d000547,c_fac_022,to,0
d000548,c_fac_039,to,0
d000549,c_fac_057,to,0
d000550,c_avery,to,0
d000550,c_devon,to,1
d000551,c_morgan_zhao,to,0
d000552,c_noah,to,0
d000553,c_fac_065,to,0
d000554,c_fac_082,to,0
d000555,c_taylor,to,0
d000556,c_quinn,to,0
d000557,c_fac_026,to,0
d000558,c_fac_081,to,0
d000559,c_elena,to,0
d000559,c_taylor,to,1
d000559,c_lena,to,2
d000560,c_fac_004,to,0
d000561,c_fac_023,to,0
d000562,c_fac_040,to,0
d000563,c_fac_058,to,0
d000564,c_fac_006,to,0
d000565,c_fac_061,to,0
d000566,c_elena,to,0
d000566,c_taylor,to,1
d000566,c_lena,to,2
d000567,c_fac_065,to,0
d000568,c_fac_084,to,0
d000569,c_alex_chan,to,0
d000570,c_pat,to,0
d000571,c_fac_042,to,0
d000572,c_sam,to,0
d000573,c_fac_011,to,0
d000574,c_fac_030,to,0
d000575,c_fac_049,to,0
d000576,c_fac_065,to,0
d000577,c_alex_chen,to,0
d000578,c_fac_002,to,0
d000579,c_fac_037,to,0
d000580,c_fac_070,to,0
d000581,c_noah,to,0
d000581,c_elena,to,1
d000581,c_taylor,to,2
d000581,c_chris,cc,3
d000582,c_lee,to,0
d000583,c_noah,to,0
d000584,c_fac_048,to,0
d000585,c_alex_chan,to,0
d000586,c_ren,to,0
d000587,c_fac_016,to,0
d000588,c_fac_035,to,0
d000589,c_fac_051,to,0
d000590,c_hana,to,0
d000591,c_fac_023,to,0
d000592,c_chris,to,0
d000592,c_noah,to,1
d000592,c_elena,to,2
d000592,c_marcus,cc,3
d000593,c_pat,to,0
d000594,c_fac_072,to,0
d000595,c_alex_chan,to,0
d000596,c_lee,to,0
d000597,c_morgan_shaw,to,0
d000598,c_fac_049,to,0
d000599,c_alex_chen,to,0
d000600,c_pat,to,0
d000601,c_fac_016,to,0
d000602,c_fac_033,to,0
d000603,c_fac_051,to,0
d000604,c_marcus,to,0
d000605,c_fac_024,to,0
d000606,c_fac_079,to,0
d000607,c_morgan_zhao,to,0
d000608,c_fac_072,to,0
d000609,c_noah,to,0
d000609,c_elena,to,1
d000609,c_taylor,to,2
d000609,c_chris,cc,3
d000610,c_jamie_li,to,0
d000611,c_fac_005,to,0
d000612,c_fac_060,to,0
d000613,c_noah,to,0
d000614,c_fac_022,to,0
d000615,c_fac_039,to,0
d000616,c_fac_057,to,0
d000617,c_hana,to,0
d000618,c_lee,to,0
d000619,c_fac_025,to,0
d000620,c_fac_075,to,0
d000621,c_fac_084,to,0
d000622,c_elena,to,0
d000622,c_taylor,to,1
d000622,c_lena,to,2
d000623,c_morgan_shaw,to,0
d000623,c_morgan_zhao,to,1
d000624,c_fac_046,to,0
d000625,c_alex_chan,to,0
d000626,c_ren,to,0
d000627,c_fac_010,to,0
d000628,c_fac_029,to,0
d000629,c_fac_045,to,0
d000630,c_priya,to,0
d000631,c_fac_021,to,0
d000632,c_fac_076,to,0
d000633,c_morgan_zhao,to,0
d000634,c_fac_070,to,0
d000635,c_fac_089,to,0
d000636,c_noah,to,0
d000636,c_elena,to,1
d000636,c_taylor,to,2
d000636,c_chris,cc,3
d000637,c_morgan_shaw,to,0
d000638,c_fac_047,to,0
d000639,c_hana,to,0
d000640,c_fac_014,to,0
d000641,c_fac_031,to,0
d000642,c_fac_050,to,0
d000643,c_fac_066,to,0
d000644,c_jamie_li,to,0
d000645,c_fac_012,to,0
d000646,c_fac_047,to,0
d000647,c_fac_074,to,0
d000648,c_lena,to,0
d000649,c_pat,to,0
d000650,c_morgan_zhao,to,0
d000651,c_fac_053,to,0
d000652,c_alex_chen,to,0
d000653,c_hana,to,0
d000654,c_fac_017,to,0
d000655,c_fac_036,to,0
d000656,c_fac_057,to,0
d000657,c_jamie_li,to,0
d000658,c_fac_043,to,0
d000659,c_noah,to,0
d000660,c_fac_083,to,0
d000661,c_fac_080,to,0
d000662,c_taylor,to,0
d000663,c_priya,to,0
d000664,c_fac_014,to,0
d000665,c_fac_069,to,0
d000666,c_jamie_li,to,0
d000667,c_fac_003,to,0
d000668,c_fac_022,to,0
d000669,c_fac_041,to,0
d000670,c_fac_057,to,0
d000671,c_jamie_lee,to,0
d000672,c_fac_044,to,0
d000673,c_alex_chan,to,0
d000674,c_pat,to,0
d000675,c_fac_077,to,0
d000676,c_hana,to,0
d000677,c_alex_chen,to,0
d000678,c_fac_015,to,0
d000679,c_fac_070,to,0
d000680,c_fac_007,to,0
d000681,c_fac_024,to,0
d000682,c_fac_043,to,0
d000683,c_fac_059,to,0
d000684,c_noah,to,0
d000684,c_taylor,to,1
d000684,c_chris,cc,2
d000685,c_lee,to,0
d000686,c_fac_025,to,0
d000687,c_fac_075,to,0
d000688,c_fac_084,to,0
d000689,c_jamie_li,to,0
d000690,c_noah,to,0
d000690,c_elena,to,1
d000690,c_taylor,to,2
d000690,c_chris,cc,3
d000690,c_lena,bcc,4
d000691,c_fac_036,to,0
d000692,c_noah,to,0
d000692,c_elena,to,1
d000692,c_taylor,to,2
d000692,c_chris,cc,3
d000693,c_lee,to,0
d000694,c_fac_008,to,0
d000695,c_fac_028,to,0
d000696,c_fac_044,to,0
d000697,c_noah,to,0
d000697,c_elena,to,1
d000697,c_taylor,to,2
d000697,c_chris,cc,3
d000698,c_fac_026,to,0
d000699,c_fac_081,to,0
d000700,c_lee,to,0
d000701,c_fac_073,to,0
d000702,c_noah,to,0
d000702,c_elena,to,1
d000702,c_taylor,to,2
d000702,c_chris,cc,3
d000703,c_alex_chen,to,0
d000704,c_ren,to,0
d000705,c_fac_052,to,0
d000706,c_fac_001,to,0
d000707,c_fac_015,to,0
d000708,c_fac_034,to,0
d000709,c_noah,to,0
d000709,c_elena,to,1
d000709,c_taylor,to,2
d000709,c_chris,cc,3
d000710,c_fac_069,to,0
d000711,c_jamie_li,to,0
d000712,c_fac_012,to,0
d000713,c_fac_047,to,0
d000714,c_fac_074,to,0
d000715,c_lena,to,0
d000716,c_pat,to,0
d000717,c_morgan_zhao,to,0
d000718,c_fac_053,to,0
d000719,c_chris,to,0
d000719,c_noah,to,1
d000719,c_elena,to,2
d000719,c_marcus,cc,3
d000720,c_fac_001,to,0
d000721,c_fac_020,to,0
d000722,c_fac_037,to,0
d000723,c_fac_055,to,0
d000724,c_alex_chen,to,0
d000725,c_fac_038,to,0
d000726,c_alex_chen,to,0
d000727,c_fac_078,to,0
d000728,c_fac_077,to,0
d000729,c_taylor,to,0
d000730,c_marcus,to,0
d000731,c_fac_024,to,0
d000732,c_fac_079,to,0
d000733,c_chris,to,0
d000734,c_fac_007,to,0
d000735,c_fac_026,to,0
d000736,c_fac_043,to,0
d000737,c_fac_061,to,0
d000738,c_sam,to,0
d000739,c_fac_054,to,0
d000740,c_chris,to,0
d000741,c_fac_063,to,0
d000742,c_fac_083,to,0
d000743,c_marcus,to,0
d000744,c_lee,to,0
d000745,c_fac_035,to,0
d000746,c_noah,to,0
d000746,c_elena,to,1
d000746,c_taylor,to,2
d000746,c_chris,cc,3
d000747,c_fac_013,to,0
d000748,c_fac_032,to,0
d000749,c_fac_049,to,0
d000750,c_fac_067,to,0
d000751,c_jamie_lee,to,0
d000752,c_fac_005,to,0
d000753,c_fac_045,to,0
d000754,c_fac_074,to,0
d000755,c_lena,to,0
d000756,c_pat,to,0
d000757,c_fac_006,to,0
d000758,c_fac_061,to,0
d000759,c_taylor,to,0
d000760,c_pat,to,0
d000761,c_fac_015,to,0
d000762,c_fac_034,to,0
d000763,c_fac_050,to,0
d000764,c_noah,to,0
d000764,c_elena,to,1
d000764,c_taylor,to,2
d000764,c_chris,cc,3
d000764,c_lena,bcc,4
d000765,c_fac_036,to,0
d000766,c_taylor,to,0
d000767,c_ren,to,0
d000768,c_fac_075,to,0
d000769,c_avery,to,0
d000769,c_devon,to,1
d000770,c_alex_chan,to,0
d000771,c_fac_007,to,0
d000772,c_fac_062,to,0
d000773,c_chris,to,0
d000774,c_fac_019,to,0
d000775,c_fac_036,to,0
d000776,c_fac_054,to,0
d000777,c_avery,to,0
d000777,c_devon,to,1
d000778,c_jamie_lee,to,0
d000779,c_chris,to,0
d000780,c_fac_062,to,0
d000781,c_fac_079,to,0
d000782,c_chris,to,0
d000782,c_noah,to,1
d000782,c_elena,to,2
d000782,c_marcus,cc,3
d000783,c_priya,to,0
d000784,c_fac_018,to,0
d000785,c_fac_073,to,0
d000786,c_morgan_shaw,to,0
d000787,c_fac_006,to,0
d000788,c_fac_025,to,0
d000789,c_fac_042,to,0
d000790,c_fac_060,to,0
d000791,c_noah,to,0
d000792,c_fac_048,to,0
d000793,c_elena,to,0
d000793,c_taylor,to,1
d000793,c_lena,to,2
d000794,c_fac_088,to,0
d000795,c_fac_081,to,0
d000796,c_jamie_li,to,0
d000797,c_maya,to,0
d000798,c_fac_019,to,0
d000799,c_fac_074,to,0
d000800,c_morgan_shaw,to,0
d000801,c_fac_006,to,0
d000802,c_fac_023,to,0
d000803,c_fac_042,to,0
d000804,c_fac_061,to,0
d000805,c_sam,to,0
d000806,c_fac_054,to,0
d000807,c_chris,to,0
d000808,c_fac_089,to,0
d000809,c_fac_081,to,0
d000810,c_noah,to,0
d000811,c_jamie_li,to,0
d000812,c_fac_025,to,0
d000813,c_fac_080,to,0
d000814,c_fac_009,to,0
d000815,c_fac_028,to,0
d000816,c_fac_047,to,0
d000817,c_fac_063,to,0
d000818,c_marcus,to,0
d000819,c_morgan_zhao,to,0
d000820,c_fac_035,to,0
d000821,c_fac_085,to,0
d000822,c_fac_088,to,0
d000823,c_elena,to,0
d000823,c_taylor,to,1
d000823,c_lena,to,2
d000824,c_morgan_shaw,to,0
d000824,c_morgan_zhao,to,1
d000825,c_fac_046,to,0
d000826,c_alex_chen,to,0
d000827,c_sam,to,0
d000828,c_fac_013,to,0
d000829,c_fac_030,to,0
d000830,c_fac_049,to,0
d000831,c_jamie_lee,to,0
d000831,c_jamie_li,to,1
d000832,c_fac_041,to,0
d000833,c_lena,to,0
d000834,c_noah,to,0
d000834,c_elena,to,1
d000834,c_taylor,to,2
d000834,c_chris,cc,3
d000835,c_fac_078,to,0
d000836,c_marcus,to,0
d000837,c_noah,to,0
d000837,c_taylor,to,1
d000837,c_chris,cc,2
d000838,c_fac_012,to,0
d000839,c_fac_067,to,0
d000840,c_noah,to,0
d000841,c_fac_020,to,0
d000842,c_fac_040,to,0
d000843,c_fac_056,to,0
d000844,c_marcus,to,0
d000845,c_morgan_zhao,to,0
d000846,c_noah,to,0
d000847,c_fac_067,to,0
d000848,c_fac_080,to,0
d000849,c_jamie_lee,to,0
d000850,c_maya,to,0
d000851,c_fac_018,to,0
d000852,c_fac_073,to,0
d000853,c_noah,to,0
d000854,c_fac_010,to,0
d000855,c_fac_027,to,0
d000856,c_fac_045,to,0
d000857,c_fac_062,to,0
d000858,c_fac_003,to,0
d000859,c_fac_058,to,0
d000860,c_jamie_li,to,0
d000861,c_fac_066,to,0
d000862,c_fac_085,to,0
d000863,c_chris,to,0
d000864,c_noah,to,0
d000864,c_elena,to,1
d000864,c_taylor,to,2
d000864,c_chris,cc,3
d000864,c_lena,bcc,4
d000865,c_fac_029,to,0
d000866,c_fac_084,to,0
d000867,c_elena,to,0
d000867,c_taylor,to,1
d000867,c_lena,to,2
d000868,c_fac_008,to,0
d000869,c_fac_027,to,0
d000870,c_noah,to,0
d000870,c_elena,to,1
d000870,c_taylor,to,2
d000870,c_chris,cc,3
d000871,c_fac_062,to,0
d000872,c_fac_009,to,0
d000873,c_fac_064,to,0
d000874,c_noah,to,0
d000875,c_fac_066,to,0
d000876,c_fac_083,to,0
d000877,c_alex_chan,to,0
d000878,c_pat,to,0
d000879,c_fac_040,to,0
d000880,c_sam,to,0
d000881,c_fac_014,to,0
d000882,c_fac_034,to,0
d000883,c_noah,to,0
d000883,c_elena,to,1
d000883,c_taylor,to,2
d000883,c_chris,cc,3
d000884,c_fac_069,to,0
d000885,c_jamie_li,to,0
d000886,c_fac_010,to,0
d000887,c_fac_050,to,0
d000888,c_fac_077,to,0
d000889,c_alex_chan,to,0
d000890,c_ren,to,0
d000891,c_fac_011,to,0
d000892,c_fac_066,to,0
d000893,c_jamie_lee,to,0
d000894,c_ren,to,0
d000895,c_fac_018,to,0
d000896,c_fac_035,to,0
d000897,c_fac_053,to,0
d000898,c_jamie_lee,to,0
d000898,c_jamie_li,to,1
d000899,c_fac_041,to,0
d000900,c_lena,to,0
d000901,c_noah,to,0
d000901,c_elena,to,1
d000901,c_taylor,to,2
d000901,c_chris,cc,3
d000902,c_fac_078,to,0
d000903,c_elena,to,0
d000904,c_jamie_li,to,0
d000905,c_fac_017,to,0
d000906,c_fac_072,to,0
d000907,c_fac_004,to,0
d000908,c_fac_021,to,0
d000909,c_fac_040,to,0
d000910,c_fac_056,to,0
d000911,c_marcus,to,0
d000912,c_morgan_zhao,to,0
d000913,c_noah,to,0
d000914,c_fac_067,to,0
d000915,c_fac_080,to,0
d000916,c_morgan_shaw,to,0
d000917,c_alex_chen,to,0
d000918,c_fac_038,to,0
d000919,c_noah,to,0
d000919,c_elena,to,1
d000919,c_taylor,to,2
d000919,c_chris,cc,3
d000920,c_pat,to,0
d000921,c_fac_015,to,0
d000922,c_fac_032,to,0
d000923,c_fac_050,to,0
d000924,c_maya,to,0
d000925,c_fac_018,to,0
d000926,c_fac_073,to,0
d000927,c_lee,to,0
d000928,c_fac_071,to,0
d000929,c_noah,to,0
d000929,c_elena,to,1
d000929,c_taylor,to,2
d000929,c_chris,cc,3
d000930,c_morgan_zhao,to,0
d000931,c_jamie_lee,to,0
d000932,c_fac_044,to,0
d000933,c_alex_chen,to,0
d000934,c_pat,to,0
d000935,c_fac_016,to,0
d000936,c_fac_033,to,0
d000937,c_fac_051,to,0
d000938,c_marcus,to,0
d000939,c_fac_024,to,0
d000940,c_fac_079,to,0
d000941,c_morgan_shaw,to,0
d000942,c_fac_071,to,0
d000943,c_fac_088,to,0
d000944,c_alex_chen,to,0
d000945,c_morgan_zhao,to,0
d000946,c_fac_050,to,0
d000947,c_fac_003,to,0
d000948,c_fac_018,to,0
d000949,c_fac_037,to,0
d000950,c_fac_053,to,0
d000951,c_noah,to,0
d000951,c_elena,to,1
d000951,c_taylor,to,2
d000951,c_chris,cc,3
d000952,c_morgan_shaw,to,0
d000953,c_fac_015,to,0
d000954,c_fac_055,to,0
d000955,c_fac_079,to,0
d000956,c_chris,to,0
d000956,c_noah,to,1
d000956,c_elena,to,2
d000956,c_marcus,cc,3
d000957,c_priya,to,0
d000958,c_fac_031,to,0
d000959,c_fac_086,to,0
d000960,c_pat,to,0
d000961,c_fac_009,to,0
d000962,c_fac_028,to,0
d000963,c_fac_044,to,0
d000964,c_noah,to,0
d000964,c_elena,to,1
d000964,c_taylor,to,2
d000964,c_chris,cc,3
d000965,c_fac_016,to,0
d000966,c_fac_071,to,0
d000967,c_morgan_shaw,to,0
d000968,c_fac_069,to,0
d000969,c_fac_088,to,0
d000970,c_alex_chan,to,0
d000971,c_pat,to,0
d000972,c_fac_042,to,0
d000973,c_sam,to,0
d000974,c_fac_011,to,0
d000975,c_fac_030,to,0
d000976,c_fac_049,to,0
d000977,c_fac_065,to,0
d000978,c_alex_chen,to,0
d000979,c_fac_002,to,0
d000980,c_fac_037,to,0
d000981,c_fac_070,to,0
d000982,c_fac_089,to,0
d000983,c_morgan_zhao,to,0
d000984,c_jamie_li,to,0
d000985,c_fac_043,to,0
d000986,c_lena,to,0
d000987,c_pat,to,0
d000988,c_fac_015,to,0
d000989,c_fac_032,to,0
d000990,c_fac_050,to,0
d000991,c_hana,to,0
d000992,c_fac_023,to,0
d000993,c_chris,to,0
d000993,c_noah,to,1
d000993,c_elena,to,2
d000993,c_marcus,cc,3
d000994,c_pat,to,0
d000995,c_fac_072,to,0
d000996,c_alex_chan,to,0
d000997,c_lee,to,0
d000998,c_morgan_shaw,to,0
d000999,c_fac_049,to,0
d001000,c_alex_chen,to,0
d001001,c_pat,to,0
d001002,c_fac_016,to,0
d001003,c_fac_033,to,0
d001004,c_fac_053,to,0
d001005,c_avery,to,0
d001005,c_devon,to,1
d001006,c_fac_034,to,0
d001007,c_chris,to,0
d001007,c_noah,to,1
d001007,c_elena,to,2
d001007,c_marcus,cc,3
d001008,c_lee,to,0
d001009,c_fac_073,to,0
d001010,c_avery,to,0
d001010,c_devon,to,1
d001011,c_noah,to,0
d001011,c_taylor,to,1
d001011,c_chris,cc,2
d001012,c_fac_010,to,0
d001013,c_fac_065,to,0
d001014,c_fac_004,to,0
d001015,c_fac_023,to,0
d001016,c_fac_042,to,0
d001017,c_fac_058,to,0
d001018,c_hana,to,0
d001019,c_jamie_li,to,0
d001020,c_fac_020,to,0
d001021,c_fac_070,to,0
d001022,c_fac_083,to,0
d001023,c_jamie_lee,to,0
d001024,c_alex_chan,to,0
d001024,c_alex_chen,to,1
d001025,c_fac_031,to,0
d001026,c_fac_086,to,0
d001027,c_morgan_zhao,to,0
d001028,c_fac_005,to,0
d001029,c_fac_025,to,0
d001030,c_fac_043,to,0
d001031,c_fac_060,to,0
d001032,c_fac_011,to,0
d001033,c_fac_066,to,0
d001034,c_jamie_li,to,0
d001035,c_fac_068,to,0
d001036,c_fac_085,to,0
d001037,c_alex_chan,to,0
d001038,c_pat,to,0
d001039,c_fac_042,to,0
d001040,c_sam,to,0
d001041,c_fac_011,to,0
d001042,c_fac_030,to,0
d001043,c_fac_049,to,0
d001044,c_fac_065,to,0
d001045,c_alex_chen,to,0
d001046,c_fac_002,to,0
d001047,c_fac_042,to,0
d001048,c_fac_071,to,0
d001049,c_noah,to,0
d001049,c_elena,to,1
d001049,c_taylor,to,2
d001049,c_chris,cc,3
d001050,c_pat,to,0
d001051,c_morgan_zhao,to,0
d001052,c_fac_053,to,0
d001053,c_chris,to,0
d001053,c_noah,to,1
d001053,c_elena,to,2
d001053,c_marcus,cc,3
d001054,c_fac_001,to,0
d001055,c_fac_020,to,0
d001056,c_fac_037,to,0
d001057,c_fac_055,to,0
d001058,c_marcus,to,0
d001059,c_fac_033,to,0
d001060,c_alex_chan,to,0
d001061,c_noah,to,0
d001061,c_elena,to,1
d001061,c_taylor,to,2
d001061,c_chris,cc,3
d001062,c_fac_076,to,0
d001063,c_jamie_lee,to,0
d001064,c_ren,to,0
d001065,c_fac_009,to,0
d001066,c_fac_064,to,0
d001067,c_jamie_li,to,0
d001068,c_fac_007,to,0
d001069,c_fac_026,to,0
d001070,c_fac_043,to,0
d001071,c_fac_061,to,0
d001072,c_sam,to,0
d001073,c_fac_054,to,0
d001074,c_chris,to,0
d001075,c_fac_089,to,0
d001076,c_fac_081,to,0
d001077,c_noah,to,0
d001078,c_jamie_li,to,0
d001079,c_fac_025,to,0
d001080,c_fac_080,to,0
d001081,c_fac_009,to,0
d001082,c_fac_028,to,0
d001083,c_fac_047,to,0
d001084,c_fac_063,to,0
d001085,c_marcus,to,0
d001086,c_morgan_zhao,to,0
d001087,c_fac_035,to,0
d001088,c_fac_085,to,0
d001089,c_fac_089,to,0
d001090,c_lee,to,0
d001091,c_fac_006,to,0
d001092,c_fac_061,to,0
d001093,c_taylor,to,0
d001094,c_pat,to,0
d001095,c_fac_015,to,0
d001096,c_fac_034,to,0
d001097,c_fac_050,to,0
d001098,c_noah,to,0
d001098,c_elena,to,1
d001098,c_taylor,to,2
d001098,c_chris,cc,3
d001098,c_lena,bcc,4
d001099,c_fac_036,to,0
d001100,c_taylor,to,0
d001101,c_ren,to,0
d001102,c_fac_078,to,0
d001103,c_marcus,to,0
d001104,c_noah,to,0
d001104,c_taylor,to,1
d001104,c_chris,cc,2
d001105,c_fac_012,to,0
d001106,c_fac_067,to,0
d001107,c_noah,to,0
d001108,c_fac_020,to,0
d001109,c_fac_039,to,0
d001110,c_fac_055,to,0
d001111,c_avery,to,0
d001111,c_devon,to,1
d001112,c_jamie_lee,to,0
d001113,c_chris,to,0
d001114,c_fac_062,to,0
d001115,c_fac_079,to,0
d001116,c_chris,to,0
d001116,c_noah,to,1
d001116,c_elena,to,2
d001116,c_marcus,cc,3
d001117,c_priya,to,0
d001118,c_fac_013,to,0
d001119,c_fac_068,to,0
d001120,c_jamie_li,to,0
d001121,c_fac_005,to,0
d001122,c_fac_022,to,0
d001123,c_fac_041,to,0
d001124,c_fac_057,to,0
d001125,c_jamie_li,to,0
d001126,c_fac_043,to,0
d001127,c_noah,to,0
d001128,c_fac_083,to,0
d001129,c_fac_080,to,0
d001130,c_taylor,to,0
d001131,c_priya,to,0
d001132,c_fac_019,to,0
d001133,c_fac_074,to,0
d001134,c_morgan_shaw,to,0
d001135,c_fac_006,to,0
d001136,c_fac_023,to,0
d001137,c_fac_042,to,0
d001138,c_fac_058,to,0
d001139,c_sam,to,0
d001140,c_fac_049,to,0
d001141,c_alex_chen,to,0
d001142,c_ren,to,0
d001143,c_fac_078,to,0
d001144,c_noah,to,0
d001145,c_jamie_li,to,0
d001146,c_fac_025,to,0
d001147,c_fac_080,to,0
d001148,c_fac_009,to,0
d001149,c_fac_028,to,0
d001150,c_fac_047,to,0
d001151,c_fac_063,to,0
d001152,c_marcus,to,0
d001153,c_morgan_zhao,to,0
d001154,c_fac_035,to,0
d001155,c_fac_085,to,0
d001156,c_fac_088,to,0
d001157,c_morgan_zhao,to,0
d001158,c_fac_001,to,0
d001159,c_fac_051,to,0
d001160,c_alex_chen,to,0
d001161,c_sam,to,0
d001162,c_fac_013,to,0
d001163,c_fac_030,to,0
d001164,c_fac_048,to,0
d001165,c_quinn,to,0
d001166,c_fac_026,to,0
d001167,c_fac_081,to,0
d001168,c_lee,to,0
d001169,c_fac_073,to,0
d001170,c_noah,to,0
d001170,c_elena,to,1
d001170,c_taylor,to,2
d001170,c_chris,cc,3
d001171,c_jamie_lee,to,0
d001172,c_fac_002,to,0
d001173,c_fac_057,to,0
d001174,c_elena,to,0
d001175,c_fac_016,to,0
d001176,c_fac_036,to,0
d001177,c_fac_056,to,0
d001178,c_marcus,to,0
d001179,c_morgan_zhao,to,0
d001180,c_noah,to,0
d001181,c_fac_067,to,0
d001182,c_fac_080,to,0
d001183,c_jamie_lee,to,0
d001184,c_maya,to,0
d001185,c_fac_018,to,0
d001186,c_fac_073,to,0
d001187,c_noah,to,0
d001188,c_fac_010,to,0
d001189,c_fac_027,to,0
d001190,c_fac_045,to,0
d001191,c_fac_062,to,0
d001192,c_fac_003,to,0
d001193,c_fac_058,to,0
d001194,c_jamie_li,to,0
d001195,c_fac_066,to,0
d001196,c_fac_085,to,0
d001197,c_chris,to,0
d001198,c_noah,to,0
d001198,c_elena,to,1
d001198,c_taylor,to,2
d001198,c_chris,cc,3
d001198,c_lena,bcc,4
d001199,c_fac_029,to,0
d001200,c_fac_084,to,0
d001201,c_elena,to,0
d001201,c_taylor,to,1
d001201,c_lena,to,2
d001202,c_fac_008,to,0
d001203,c_fac_027,to,0
d001204,c_noah,to,0
d001204,c_elena,to,1
d001204,c_taylor,to,2
d001204,c_chris,cc,3
d001205,c_fac_062,to,0
d001206,c_fac_004,to,0
d001207,c_fac_059,to,0
d001208,c_elena,to,0
d001208,c_taylor,to,1
d001208,c_lena,to,2
d001209,c_fac_063,to,0
d001210,c_fac_082,to,0
d001211,c_quinn,to,0
d001212,c_morgan_zhao,to,0
d001213,c_fac_030,to,0
d001214,c_fac_085,to,0
d001215,c_fac_012,to,0
d001216,c_fac_032,to,0
d001217,c_fac_049,to,0
d001218,c_fac_067,to,0
d001219,c_jamie_lee,to,0
d001220,c_fac_005,to,0
d001221,c_fac_045,to,0
d001222,c_fac_074,to,0
d001223,c_lena,to,0
d001224,c_pat,to,0
d001225,c_fac_011,to,0
d001226,c_fac_066,to,0
d001227,c_jamie_lee,to,0
d001228,c_ren,to,0
d001229,c_fac_018,to,0
d001230,c_fac_035,to,0
d001231,c_fac_053,to,0
d001232,c_jamie_lee,to,0
d001232,c_jamie_li,to,1
d001233,c_fac_041,to,0
d001234,c_lena,to,0
d001235,c_noah,to,0
d001235,c_elena,to,1
d001235,c_taylor,to,2
d001235,c_chris,cc,3
d001236,c_fac_078,to,0
d001237,c_marcus,to,0
d001238,c_noah,to,0
d001238,c_taylor,to,1
d001238,c_chris,cc,2
d001239,c_fac_012,to,0
d001240,c_fac_067,to,0
d001241,c_noah,to,0
d001242,c_fac_020,to,0
d001243,c_fac_039,to,0
d001244,c_fac_055,to,0
d001245,c_avery,to,0
d001245,c_devon,to,1
d001246,c_jamie_lee,to,0
d001247,c_chris,to,0
d001248,c_fac_062,to,0
d001249,c_fac_079,to,0
d001250,c_chris,to,0
d001250,c_noah,to,1
d001250,c_elena,to,2
d001250,c_marcus,cc,3
d001251,c_priya,to,0
d001252,c_fac_018,to,0
d001253,c_fac_073,to,0
d001254,c_morgan_shaw,to,0
d001255,c_fac_006,to,0
d001256,c_fac_025,to,0
d001257,c_fac_042,to,0
d001258,c_fac_060,to,0
d001259,c_noah,to,0
d001260,c_fac_048,to,0
d001261,c_elena,to,0
d001261,c_taylor,to,1
d001261,c_lena,to,2
d001262,c_fac_088,to,0
d001263,c_fac_081,to,0
d001264,c_noah,to,0
d001265,c_jamie_lee,to,0
d001266,c_fac_044,to,0
d001267,c_alex_chan,to,0
d001268,c_lee,to,0
d001269,c_fac_013,to,0
d001270,c_fac_032,to,0
d001271,c_fac_048,to,0
d001272,c_maya,to,0
d001273,c_fac_019,to,0
d001274,c_fac_074,to,0
d001275,c_jamie_li,to,0
d001276,c_fac_068,to,0
d001277,c_fac_087,to,0
d001278,c_alex_chen,to,0
d001279,c_morgan_zhao,to,0
d001280,c_fac_050,to,0
d001281,c_fac_003,to,0
d001282,c_fac_018,to,0
d001283,c_fac_037,to,0
d001284,c_fac_053,to,0
d001285,c_noah,to,0
d001285,c_elena,to,1
d001285,c_taylor,to,2
d001285,c_chris,cc,3
d001286,c_morgan_shaw,to,0
d001287,c_fac_015,to,0
d001288,c_fac_055,to,0
d001289,c_fac_078,to,0
d001290,c_chris,to,0
d001290,c_noah,to,1
d001290,c_elena,to,2
d001290,c_marcus,cc,3
d001291,c_priya,to,0
d001292,c_fac_021,to,0
d001293,c_fac_076,to,0
d001294,c_morgan_shaw,to,0
d001295,c_fac_003,to,0
d001296,c_fac_020,to,0
d001297,c_fac_039,to,0
d001298,c_fac_055,to,0
d001299,c_noah,to,0
d001300,c_fac_056,to,0
d001301,c_elena,to,0
d001301,c_taylor,to,1
d001301,c_lena,to,2
d001302,c_fac_068,to,0
d001303,c_fac_085,to,0
d001304,c_avery,to,0
d001304,c_devon,to,1
d001305,c_lee,to,0
d001306,c_fac_037,to,0
d001307,c_sam,to,0
d001308,c_fac_011,to,0
d001309,c_fac_030,to,0
d001310,c_fac_049,to,0
d001311,c_fac_065,to,0
d001312,c_alex_chen,to,0
d001313,c_fac_002,to,0
d001314,c_fac_037,to,0
d001315,c_fac_070,to,0
d001316,c_fac_089,to,0
d001317,c_morgan_zhao,to,0
d001318,c_jamie_li,to,0
d001319,c_fac_043,to,0
d001320,c_lena,to,0
d001321,c_pat,to,0
d001322,c_fac_015,to,0
d001323,c_fac_032,to,0
d001324,c_fac_050,to,0
d001325,c_hana,to,0
d001326,c_fac_023,to,0
d001327,c_chris,to,0
d001327,c_noah,to,1
d001327,c_elena,to,2
d001327,c_marcus,cc,3
d001328,c_pat,to,0
d001329,c_fac_072,to,0
d001330,c_alex_chan,to,0
d001331,c_lee,to,0
d001332,c_morgan_shaw,to,0
d001333,c_fac_049,to,0
d001334,c_alex_chen,to,0
d001335,c_pat,to,0
d001336,c_fac_016,to,0
d001337,c_fac_033,to,0
d001338,c_fac_051,to,0
d001339,c_marcus,to,0
d001340,c_fac_024,to,0
d001341,c_fac_079,to,0
d001342,c_morgan_shaw,to,0
d001343,c_fac_071,to,0
d001344,c_fac_088,to,0
d001345,c_alex_chen,to,0
d001346,c_morgan_zhao,to,0
d001347,c_fac_050,to,0
d001348,c_fac_003,to,0
d001349,c_fac_018,to,0
d001350,c_fac_038,to,0
d001351,c_fac_057,to,0
d001352,c_hana,to,0
d001353,c_jamie_li,to,0
d001354,c_fac_020,to,0
d001355,c_fac_070,to,0
d001356,c_fac_083,to,0
d001357,c_jamie_lee,to,0
d001358,c_alex_chan,to,0
d001358,c_alex_chen,to,1
d001359,c_fac_031,to,0
d001360,c_fac_086,to,0
d001361,c_morgan_zhao,to,0
d001362,c_fac_005,to,0
d001363,c_fac_024,to,0
d001364,c_fac_043,to,0
d001365,c_fac_060,to,0
d001366,c_fac_011,to,0
d001367,c_fac_066,to,0
d001368,c_morgan_shaw,to,0
d001369,c_fac_069,to,0
d001370,c_fac_088,to,0
d001371,c_alex_chan,to,0
d001372,c_pat,to,0
d001373,c_fac_042,to,0
d001374,c_sam,to,0
d001375,c_fac_011,to,0
d001376,c_fac_030,to,0
d001377,c_fac_049,to,0
d001378,c_fac_065,to,0
d001379,c_jamie_lee,to,0
d001380,c_fac_007,to,0
d001381,c_fac_042,to,0
d001382,c_fac_071,to,0
d001383,c_noah,to,0
d001383,c_elena,to,1
d001383,c_taylor,to,2
d001383,c_chris,cc,3
d001384,c_lee,to,0
d001385,c_morgan_zhao,to,0
d001386,c_fac_053,to,0
d001387,c_alex_chen,to,0
d001388,c_hana,to,0
d001389,c_fac_017,to,0
d001390,c_fac_036,to,0
d001391,c_fac_052,to,0
d001392,c_marcus,to,0
d001393,c_fac_033,to,0
d001394,c_alex_chan,to,0
d001395,c_noah,to,0
d001395,c_elena,to,1
d001395,c_taylor,to,2
d001395,c_chris,cc,3
d001396,c_fac_076,to,0
d001397,c_jamie_lee,to,0
d001398,c_ren,to,0
d001399,c_fac_004,to,0
d001400,c_fac_059,to,0
d001401,c_chris,to,0
d001401,c_noah,to,1
d001401,c_elena,to,2
d001401,c_marcus,cc,3
d001402,c_fac_001,to,0
d001403,c_fac_021,to,0
d001404,c_fac_038,to,0
d001405,c_fac_056,to,0
d001406,c_alex_chan,to,0
d001407,c_fac_039,to,0
d001408,c_taylor,to,0
d001409,c_ren,to,0
d001410,c_fac_078,to,0
d001411,c_elena,to,0
d001412,c_morgan_shaw,to,0
d001413,c_fac_020,to,0
d001414,c_fac_075,to,0
d001415,c_fac_008,to,0
d001416,c_fac_027,to,0
d001417,c_fac_044,to,0
d001418,c_fac_062,to,0
d001419,c_quinn,to,0
d001420,c_pat,to,0
d001421,c_fac_030,to,0
d001422,c_fac_080,to,0
d001423,c_fac_087,to,0
d001424,c_morgan_shaw,to,0
d001425,c_jamie_lee,to,0
d001425,c_jamie_li,to,1
d001426,c_fac_041,to,0
d001427,c_lena,to,0
d001428,c_pat,to,0
d001429,c_fac_009,to,0
d001430,c_fac_028,to,0
d001431,c_fac_044,to,0
d001432,c_noah,to,0
d001432,c_elena,to,1
d001432,c_taylor,to,2
d001432,c_chris,cc,3
d001433,c_fac_021,to,0
d001434,c_fac_076,to,0
d001435,c_morgan_zhao,to,0
d001436,c_fac_073,to,0
d001437,c_avery,to,0
d001437,c_devon,to,1
d001438,c_jamie_li,to,0
d001439,c_fac_017,to,0
d001440,c_fac_072,to,0
d001441,c_fac_004,to,0
d001442,c_fac_021,to,0
d001443,c_fac_040,to,0
d001444,c_fac_056,to,0
d001445,c_marcus,to,0
d001446,c_morgan_zhao,to,0
d001447,c_noah,to,0
d001448,c_fac_067,to,0
d001449,c_fac_080,to,0
d001450,c_jamie_lee,to,0
d001451,c_maya,to,0
d001452,c_fac_018,to,0
d001453,c_fac_073,to,0
d001454,c_morgan_shaw,to,0
d001455,c_fac_006,to,0
d001456,c_fac_025,to,0
d001457,c_fac_042,to,0
d001458,c_fac_060,to,0
d001459,c_noah,to,0
d001460,c_fac_048,to,0
d001461,c_elena,to,0
d001461,c_taylor,to,1
d001461,c_lena,to,2
d001462,c_fac_088,to,0
d001463,c_fac_081,to,0
d001464,c_jamie_li,to,0
d001465,c_maya,to,0
d001466,c_fac_019,to,0
d001467,c_fac_074,to,0
d001468,c_morgan_shaw,to,0
d001469,c_fac_006,to,0
d001470,c_fac_023,to,0
d001471,c_fac_042,to,0
d001472,c_fac_058,to,0
d001473,c_morgan_shaw,to,0
d001474,c_fac_049,to,0
d001475,c_elena,to,0
d001475,c_taylor,to,1
d001475,c_lena,to,2
d001476,c_fac_063,to,0
d001477,c_fac_082,to,0
d001478,c_quinn,to,0
d001479,c_lee,to,0
d001480,c_fac_035,to,0
d001481,c_noah,to,0
d001481,c_elena,to,1
d001481,c_taylor,to,2
d001481,c_chris,cc,3
d001482,c_fac_013,to,0
d001483,c_fac_032,to,0
d001484,c_fac_049,to,0
d001485,c_fac_067,to,0
d001486,c_jamie_lee,to,0
d001487,c_fac_005,to,0
d001488,c_fac_045,to,0
d001489,c_fac_074,to,0
d001490,c_lena,to,0
d001491,c_pat,to,0
d001492,c_fac_006,to,0
d001493,c_fac_061,to,0
d001494,c_taylor,to,0
d001495,c_pat,to,0
d001496,c_fac_015,to,0
d001497,c_fac_034,to,0
d001498,c_fac_050,to,0
d001499,c_noah,to,0
d001499,c_elena,to,1
d001499,c_taylor,to,2
d001499,c_chris,cc,3
d001499,c_lena,bcc,4
d001500,c_fac_036,to,0
d001501,c_taylor,to,0
d001502,c_ren,to,0
d001503,c_fac_075,to,0
d001504,c_avery,to,0
d001504,c_devon,to,1
d001505,c_alex_chan,to,0
d001506,c_fac_007,to,0
d001507,c_fac_062,to,0
d001508,c_chris,to,0
d001509,c_fac_019,to,0
d001510,c_fac_036,to,0
d001511,c_fac_055,to,0
d001512,c_avery,to,0
d001512,c_devon,to,1
d001513,c_jamie_lee,to,0
d001514,c_chris,to,0
d001515,c_fac_062,to,0
d001516,c_fac_079,to,0
d001517,c_chris,to,0
d001517,c_noah,to,1
d001517,c_elena,to,2
d001517,c_marcus,cc,3
d001518,c_priya,to,0
d001519,c_fac_013,to,0
d001520,c_fac_068,to,0
d001521,c_jamie_li,to,0
d001522,c_fac_005,to,0
d001523,c_fac_022,to,0
d001524,c_fac_042,to,0
d001525,c_fac_061,to,0
d001526,c_morgan_zhao,to,0
d001527,c_fac_053,to,0
d001528,c_jamie_li,to,0
d001529,c_fac_067,to,0
d001530,c_fac_086,to,0
d001531,c_elena,to,0
d001531,c_taylor,to,1
d001531,c_lena,to,2
d001532,c_avery,to,0
d001532,c_devon,to,1
d001533,c_fac_034,to,0
d001534,c_fac_089,to,0
d001535,c_noah,to,0
d001536,c_fac_011,to,0
d001537,c_fac_028,to,0
d001538,c_fac_046,to,0
d001539,c_noah,to,0
d001539,c_elena,to,1
d001539,c_taylor,to,2
d001539,c_chris,cc,3
d001540,c_fac_009,to,0
d001541,c_fac_064,to,0
d001542,c_noah,to,0
d001543,c_fac_066,to,0
d001544,c_fac_083,to,0
d001545,c_marcus,to,0
d001546,c_lee,to,0
d001547,c_fac_035,to,0
d001548,c_noah,to,0
d001548,c_elena,to,1
d001548,c_taylor,to,2
d001548,c_chris,cc,3
d001549,c_fac_013,to,0
d001550,c_fac_032,to,0
d001551,c_fac_052,to,0
d001552,c_fac_068,to,0
d001553,c_jamie_lee,to,0
d001554,c_fac_005,to,0
d001555,c_fac_045,to,0
d001556,c_fac_074,to,0
d001557,c_lena,to,0
d001558,c_pat,to,0
d001559,c_fac_006,to,0
d001560,c_fac_061,to,0
d001561,c_taylor,to,0
d001562,c_pat,to,0
d001563,c_fac_015,to,0
d001564,c_fac_034,to,0
d001565,c_fac_050,to,0
d001566,c_morgan_shaw,to,0
d001566,c_morgan_zhao,to,1
d001567,c_fac_046,to,0
d001568,c_alex_chan,to,0
d001569,c_fac_086,to,0
d001570,c_fac_079,to,0
d001571,c_elena,to,0
d001572,c_jamie_li,to,0
d001573,c_fac_017,to,0
d001574,c_fac_072,to,0
d001575,c_fac_004,to,0
d001576,c_fac_021,to,0
d001577,c_fac_040,to,0
d001578,c_fac_056,to,0
d001579,c_marcus,to,0
d001580,c_morgan_zhao,to,0
d001581,c_noah,to,0
d001582,c_fac_067,to,0
d001583,c_fac_080,to,0
d001584,c_jamie_lee,to,0
d001585,c_maya,to,0
d001586,c_fac_018,to,0
d001587,c_fac_073,to,0
d001588,c_elena,to,0
d001588,c_taylor,to,1
d001588,c_lena,to,2
d001589,c_fac_010,to,0
d001590,c_fac_027,to,0
d001591,c_fac_045,to,0
d001592,c_fac_062,to,0
d001593,c_fac_003,to,0
d001594,c_fac_058,to,0
d001595,c_jamie_li,to,0
d001596,c_fac_066,to,0
d001597,c_fac_085,to,0
d001598,c_chris,to,0
d001599,c_noah,to,0
d001599,c_elena,to,1
d001599,c_taylor,to,2
d001599,c_chris,cc,3
d001599,c_lena,bcc,4
d001600,c_fac_029,to,0
d001601,c_fac_084,to,0
d001602,c_elena,to,0
d001602,c_taylor,to,1
d001602,c_lena,to,2
d001603,c_fac_008,to,0
d001604,c_fac_027,to,0
d001605,c_noah,to,0
d001605,c_elena,to,1
d001605,c_taylor,to,2
d001605,c_chris,cc,3
d001606,c_fac_062,to,0
d001607,c_fac_004,to,0
d001608,c_fac_059,to,0
d001609,c_elena,to,0
d001609,c_taylor,to,1
d001609,c_lena,to,2
d001610,c_fac_066,to,0
d001611,c_fac_086,to,0
d001612,c_alex_chan,to,0
d001613,c_pat,to,0
d001614,c_fac_040,to,0
d001615,c_sam,to,0
d001616,c_fac_014,to,0
d001617,c_fac_033,to,0
d001618,c_fac_052,to,0
d001619,c_fac_068,to,0
d001620,c_jamie_li,to,0
d001621,c_fac_010,to,0
d001622,c_fac_050,to,0
d001623,c_fac_077,to,0
d001624,c_alex_chan,to,0
d001625,c_noah,to,0
d001625,c_elena,to,1
d001625,c_taylor,to,2
d001625,c_chris,cc,3
d001626,c_fac_016,to,0
d001627,c_fac_071,to,0
d001628,c_jamie_li,to,0
d001629,c_hana,to,0
d001630,c_fac_019,to,0
d001631,c_fac_038,to,0
d001632,c_fac_054,to,0
d001633,c_morgan_shaw,to,0
d001633,c_morgan_zhao,to,1
d001634,c_fac_046,to,0
d001635,c_alex_chan,to,0
d001636,c_fac_064,to,0
d001637,c_fac_083,to,0
d001638,c_noah,to,0
d001639,c_morgan_shaw,to,0
d001640,c_fac_027,to,0
d001641,c_fac_082,to,0
d001642,c_fac_006,to,0
d001643,c_fac_025,to,0
d001644,c_fac_044,to,0
d001645,c_fac_060,to,0
d001646,c_avery,to,0
d001646,c_devon,to,1
d001647,c_pat,to,0
d001648,c_fac_032,to,0
d001649,c_fac_082,to,0
d001650,c_fac_085,to,0
d001651,c_elena,to,0
d001651,c_taylor,to,1
d001651,c_lena,to,2
d001652,c_alex_chen,to,0
d001653,c_fac_038,to,0
d001654,c_noah,to,0
d001654,c_elena,to,1
d001654,c_taylor,to,2
d001654,c_chris,cc,3
d001655,c_lee,to,0
d001656,c_fac_012,to,0
d001657,c_fac_031,to,0
d001658,c_fac_047,to,0
d001659,c_priya,to,0
d001660,c_fac_018,to,0
d001661,c_fac_073,to,0
d001662,c_lee,to,0
d001663,c_fac_071,to,0
d001664,c_noah,to,0
d001664,c_elena,to,1
d001664,c_taylor,to,2
d001664,c_chris,cc,3
d001665,c_morgan_zhao,to,0
d001666,c_jamie_lee,to,0
d001667,c_fac_044,to,0
d001668,c_alex_chan,to,0
d001669,c_lee,to,0
d001670,c_fac_013,to,0
d001671,c_fac_032,to,0
d001672,c_fac_048,to,0
d001673,c_maya,to,0
d001674,c_fac_019,to,0
d001675,c_fac_074,to,0
d001676,c_jamie_li,to,0
d001677,c_fac_068,to,0
d001678,c_fac_087,to,0
d001679,c_noah,to,0
d001679,c_elena,to,1
d001679,c_taylor,to,2
d001679,c_chris,cc,3
d001680,c_ren,to,0
d001681,c_fac_045,to,0
d001682,c_fac_002,to,0
d001683,c_fac_017,to,0
d001684,c_fac_034,to,0
d001685,c_noah,to,0
d001685,c_elena,to,1
d001685,c_taylor,to,2
d001685,c_chris,cc,3
d001686,c_fac_069,to,0
d001687,c_jamie_li,to,0
d001688,c_fac_010,to,0
d001689,c_fac_050,to,0
d001690,c_fac_077,to,0
d001691,c_alex_chan,to,0
d001692,c_ren,to,0
d001693,c_fac_011,to,0
d001694,c_fac_066,to,0
d001695,c_jamie_li,to,0
d001696,c_hana,to,0
d001697,c_fac_019,to,0
d001698,c_fac_038,to,0
d001699,c_fac_058,to,0
d001700,c_fac_011,to,0
d001701,c_fac_066,to,0
d001702,c_morgan_shaw,to,0
d001703,c_fac_069,to,0
d001704,c_fac_088,to,0
d001705,c_alex_chan,to,0
d001706,c_pat,to,0
d001707,c_fac_042,to,0
d001708,c_sam,to,0
d001709,c_fac_011,to,0
d001710,c_fac_030,to,0
d001711,c_fac_049,to,0
d001712,c_fac_065,to,0
d001713,c_alex_chen,to,0
d001714,c_fac_002,to,0
d001715,c_fac_037,to,0
d001716,c_fac_070,to,0
d001717,c_fac_089,to,0
d001718,c_morgan_zhao,to,0
d001719,c_noah,to,0
d001720,c_fac_048,to,0
d001721,c_alex_chan,to,0
d001722,c_ren,to,0
d001723,c_fac_016,to,0
d001724,c_fac_035,to,0
d001725,c_fac_051,to,0
d001726,c_hana,to,0
d001727,c_fac_023,to,0
d001728,c_chris,to,0
d001728,c_noah,to,1
d001728,c_elena,to,2
d001728,c_marcus,cc,3
d001729,c_pat,to,0
d001730,c_fac_072,to,0
d001731,c_alex_chan,to,0
d001732,c_lee,to,0
d001733,c_morgan_shaw,to,0
d001734,c_fac_049,to,0
d001735,c_alex_chen,to,0
d001736,c_pat,to,0
d001737,c_fac_017,to,0
d001738,c_fac_036,to,0
d001739,c_fac_052,to,0
d001740,c_avery,to,0
d001740,c_devon,to,1
d001741,c_fac_034,to,0
d001742,c_chris,to,0
d001742,c_noah,to,1
d001742,c_elena,to,2
d001742,c_marcus,cc,3
d001743,c_lee,to,0
d001744,c_fac_073,to,0
d001745,c_avery,to,0
d001745,c_devon,to,1
d001746,c_noah,to,0
d001746,c_taylor,to,1
d001746,c_chris,cc,2
d001747,c_fac_010,to,0
d001748,c_fac_065,to,0
d001749,c_fac_004,to,0
d001750,c_fac_023,to,0
d001751,c_fac_042,to,0
d001752,c_fac_058,to,0
d001753,c_hana,to,0
d001754,c_jamie_li,to,0
d001755,c_fac_020,to,0
d001756,c_fac_070,to,0
d001757,c_fac_083,to,0
d001758,c_jamie_li,to,0
d001759,c_jamie_lee,to,0
d001759,c_jamie_li,to,1
d001760,c_fac_041,to,0
d001761,c_lena,to,0
d001762,c_pat,to,0
d001763,c_fac_009,to,0
d001764,c_fac_028,to,0
d001765,c_fac_044,to,0
d001766,c_noah,to,0
d001766,c_elena,to,1
d001766,c_taylor,to,2
d001766,c_chris,cc,3
d001767,c_fac_016,to,0
d001768,c_fac_071,to,0
d001769,c_morgan_shaw,to,0
d001770,c_fac_069,to,0
d001771,c_fac_088,to,0
d001772,c_alex_chen,to,0
d001773,c_ren,to,0
d001774,c_fac_052,to,0
d001775,c_fac_001,to,0
d001776,c_fac_015,to,0
d001777,c_fac_034,to,0
d001778,c_noah,to,0
d001778,c_elena,to,1
d001778,c_taylor,to,2
d001778,c_chris,cc,3
d001779,c_fac_069,to,0
d001780,c_jamie_li,to,0
d001781,c_fac_012,to,0
d001782,c_fac_047,to,0
d001783,c_fac_074,to,0
d001784,c_alex_chan,to,0
d001785,c_ren,to,0
d001786,c_fac_008,to,0
d001787,c_fac_063,to,0
d001788,c_jamie_lee,to,0
d001789,c_fac_002,to,0
d001790,c_fac_021,to,0
d001791,c_fac_040,to,0
d001792,c_fac_056,to,0
d001793,c_alex_chen,to,0
d001794,c_fac_038,to,0
d001795,c_alex_chen,to,0
d001796,c_fac_078,to,0
d001797,c_fac_077,to,0
d001798,c_chris,to,0
d001798,c_noah,to,1
d001798,c_elena,to,2
d001798,c_marcus,cc,3
d001799,c_noah,to,0
d001799,c_elena,to,1
d001799,c_taylor,to,2
d001799,c_chris,cc,3
d001800,c_fac_009,to,0
d001801,c_fac_064,to,0
d001802,c_jamie_li,to,0
d001803,c_fac_003,to,0
d001804,c_fac_022,to,0
d001805,c_fac_041,to,0
d001806,c_fac_057,to,0
d001807,c_jamie_lee,to,0
d001808,c_fac_044,to,0
d001809,c_alex_chan,to,0
d001810,c_pat,to,0
d001811,c_fac_078,to,0
d001812,c_elena,to,0
d001813,c_morgan_shaw,to,0
d001814,c_fac_020,to,0
d001815,c_fac_075,to,0
d001816,c_fac_008,to,0
d001817,c_fac_027,to,0
d001818,c_fac_044,to,0
d001819,c_fac_062,to,0
d001820,c_quinn,to,0
d001821,c_pat,to,0
d001822,c_fac_030,to,0
d001823,c_fac_080,to,0
d001824,c_fac_087,to,0
d001825,c_morgan_shaw,to,0
d001826,c_fac_001,to,0
d001827,c_fac_051,to,0
d001828,c_alex_chen,to,0
d001829,c_sam,to,0
d001830,c_fac_013,to,0
d001831,c_fac_030,to,0
d001832,c_fac_048,to,0
d001833,c_quinn,to,0
d001834,c_fac_026,to,0
d001835,c_fac_081,to,0
d001836,c_lee,to,0
d001837,c_fac_073,to,0
d001838,c_noah,to,0
d001838,c_elena,to,1
d001838,c_taylor,to,2
d001838,c_chris,cc,3
d001839,c_alex_chen,to,0
d001840,c_ren,to,0
d001841,c_fac_052,to,0
d001842,c_fac_001,to,0
d001843,c_fac_015,to,0
d001844,c_fac_034,to,0
d001845,c_fac_051,to,0
d001846,c_noah,to,0
d001846,c_elena,to,1
d001846,c_taylor,to,2
d001846,c_chris,cc,3
d001847,c_alex_chan,to,0
d001848,c_fac_017,to,0
d001849,c_fac_052,to,0
d001850,c_fac_075,to,0
d001851,c_alex_chan,to,0
d001852,c_ren,to,0
d001853,c_fac_003,to,0
d001854,c_fac_058,to,0
d001855,c_chris,to,0
d001855,c_noah,to,1
d001855,c_elena,to,2
d001855,c_marcus,cc,3
d001856,c_fac_001,to,0
d001857,c_fac_020,to,0
d001858,c_fac_037,to,0
d001859,c_fac_055,to,0
d001860,c_marcus,to,0
d001861,c_fac_033,to,0
d001862,c_alex_chan,to,0
d001863,c_noah,to,0
d001863,c_elena,to,1
d001863,c_taylor,to,2
d001863,c_chris,cc,3
d001864,c_fac_076,to,0
d001865,c_chris,to,0
d001865,c_noah,to,1
d001865,c_elena,to,2
d001865,c_marcus,cc,3
d001866,c_priya,to,0
d001867,c_fac_014,to,0
d001868,c_fac_069,to,0
d001869,c_jamie_li,to,0
d001870,c_fac_003,to,0
d001871,c_fac_022,to,0
d001872,c_fac_042,to,0
d001873,c_fac_061,to,0
d001874,c_sam,to,0
d001875,c_fac_054,to,0
d001876,c_chris,to,0
d001877,c_fac_089,to,0
d001878,c_fac_081,to,0
d001879,c_quinn,to,0
d001880,c_morgan_zhao,to,0
d001881,c_fac_030,to,0
d001882,c_fac_085,to,0
d001883,c_fac_012,to,0
d001884,c_fac_029,to,0
d001885,c_fac_048,to,0
d001886,c_fac_064,to,0
d001887,c_alex_chan,to,0
d001888,c_ren,to,0
d001889,c_noah,to,0
d001889,c_elena,to,1
d001889,c_taylor,to,2
d001889,c_chris,cc,3
d001890,c_fac_072,to,0
d001891,c_fac_089,to,0
d001892,c_morgan_zhao,to,0
d001893,c_fac_001,to,0
d001894,c_fac_051,to,0
d001895,c_alex_chen,to,0
d001896,c_sam,to,0
d001897,c_fac_013,to,0
d001898,c_fac_030,to,0
d001899,c_fac_048,to,0
d001900,c_quinn,to,0
d001901,c_fac_026,to,0
d001902,c_fac_081,to,0
d001903,c_lee,to,0
d001904,c_fac_073,to,0
d001905,c_noah,to,0
d001905,c_elena,to,1
d001905,c_taylor,to,2
d001905,c_chris,cc,3
d001906,c_jamie_lee,to,0
d001907,c_fac_002,to,0
d001908,c_fac_057,to,0
d001909,c_elena,to,0
d001910,c_fac_016,to,0
d001911,c_fac_035,to,0
d001912,c_fac_051,to,0
d001913,c_noah,to,0
d001913,c_elena,to,1
d001913,c_taylor,to,2
d001913,c_chris,cc,3
d001914,c_alex_chan,to,0
d001915,c_fac_017,to,0
d001916,c_fac_057,to,0
d001917,c_fac_076,to,0
d001918,c_chris,to,0
d001918,c_noah,to,1
d001918,c_elena,to,2
d001918,c_marcus,cc,3
d001919,c_priya,to,0
d001920,c_fac_013,to,0
d001921,c_fac_068,to,0
d001922,c_jamie_li,to,0
d001923,c_fac_005,to,0
d001924,c_fac_025,to,0
d001925,c_fac_042,to,0
d001926,c_fac_060,to,0
d001927,c_noah,to,0
d001928,c_fac_048,to,0
d001929,c_elena,to,0
d001929,c_taylor,to,1
d001929,c_lena,to,2
d001930,c_fac_088,to,0
d001931,c_fac_081,to,0
d001932,c_jamie_li,to,0
d001933,c_maya,to,0
d001934,c_fac_019,to,0
d001935,c_fac_074,to,0
d001936,c_morgan_shaw,to,0
d001937,c_fac_006,to,0
d001938,c_fac_023,to,0
d001939,c_fac_042,to,0
d001940,c_fac_058,to,0
d001941,c_morgan_shaw,to,0
d001942,c_fac_049,to,0
d001943,c_alex_chen,to,0
d001944,c_ren,to,0
d001945,c_fac_078,to,0
d001946,c_elena,to,0
d001947,c_morgan_shaw,to,0
d001948,c_fac_020,to,0
d001949,c_fac_075,to,0
d001950,c_fac_008,to,0
d001951,c_fac_027,to,0
d001952,c_fac_044,to,0
d001953,c_fac_062,to,0
d001954,c_quinn,to,0
d001955,c_pat,to,0
d001956,c_fac_030,to,0
d001957,c_fac_080,to,0
d001958,c_fac_088,to,0
d001959,c_morgan_zhao,to,0
d001960,c_fac_016,to,0
d001961,c_fac_071,to,0
d001962,c_jamie_li,to,0
d001963,c_hana,to,0
d001964,c_fac_019,to,0
d001965,c_fac_038,to,0
d001966,c_fac_054,to,0
d001967,c_morgan_shaw,to,0
d001967,c_morgan_zhao,to,1
d001968,c_fac_046,to,0
d001969,c_alex_chan,to,0
d001970,c_fac_086,to,0
d001971,c_fac_079,to,0
d001972,c_elena,to,0
d001973,c_jamie_li,to,0
d001974,c_fac_017,to,0
d001975,c_fac_072,to,0
d001976,c_fac_004,to,0
d001977,c_fac_021,to,0
d001978,c_fac_040,to,0
d001979,c_fac_056,to,0
d001980,c_marcus,to,0
d001981,c_morgan_zhao,to,0
d001982,c_noah,to,0
d001983,c_fac_067,to,0
d001984,c_fac_080,to,0
d001985,c_jamie_li,to,0
d001986,c_noah,to,0
d001986,c_elena,to,1
d001986,c_taylor,to,2
d001986,c_chris,cc,3
d001986,c_lena,bcc,4
d001987,c_fac_028,to,0
d001988,c_fac_083,to,0
d001989,c_noah,to,0
d001990,c_fac_010,to,0
d001991,c_fac_027,to,0
d001992,c_fac_045,to,0
d001993,c_fac_062,to,0
d001994,c_fac_003,to,0
d001995,c_fac_058,to,0
d001996,c_jamie_li,to,0
d001997,c_fac_067,to,0
d001998,c_fac_086,to,0
d001999,c_elena,to,0
d001999,c_taylor,to,1
d001999,c_lena,to,2
d002000,c_alex_chan,to,0
d002001,c_fac_039,to,0
d002002,c_noah,to,0
d002002,c_elena,to,1
d002002,c_taylor,to,2
d002002,c_chris,cc,3
d002003,c_morgan_zhao,to,0
d002004,c_fac_012,to,0
d002005,c_fac_031,to,0
d002006,c_fac_047,to,0
d002007,c_priya,to,0
d002008,c_fac_014,to,0
d002009,c_fac_069,to,0
d002010,c_jamie_lee,to,0
d002011,c_fac_067,to,0
d002012,c_fac_086,to,0
d002013,c_noah,to,0
d002013,c_elena,to,1
d002013,c_taylor,to,2
d002013,c_chris,cc,3
d002014,c_ren,to,0
d002015,c_fac_045,to,0
d002016,c_fac_002,to,0
d002017,c_fac_017,to,0
d002018,c_fac_034,to,0
d002019,c_noah,to,0
d002019,c_elena,to,1
d002019,c_taylor,to,2
d002019,c_chris,cc,3
d002020,c_fac_069,to,0
d002021,c_jamie_li,to,0
d002022,c_fac_010,to,0
d002023,c_fac_050,to,0
d002024,c_fac_077,to,0
d002025,c_alex_chen,to,0
d002026,c_noah,to,0
d002026,c_elena,to,1
d002026,c_taylor,to,2
d002026,c_chris,cc,3
d002027,c_fac_016,to,0
d002028,c_fac_071,to,0
d002029,c_jamie_li,to,0
d002030,c_hana,to,0
d002031,c_fac_019,to,0
d002032,c_fac_038,to,0
d002033,c_fac_055,to,0
d002034,c_noah,to,0
d002035,c_fac_056,to,0
d002036,c_jamie_lee,to,0
d002037,c_fac_064,to,0
d002038,c_fac_083,to,0
d002039,c_quinn,to,0
d002040,c_morgan_zhao,to,0
d002041,c_fac_032,to,0
d002042,c_fac_087,to,0
d002043,c_fac_009,to,0
d002044,c_fac_026,to,0
d002045,c_fac_045,to,0
d002046,c_fac_065,to,0
d002047,c_alex_chen,to,0
d002048,c_fac_002,to,0
d002049,c_fac_037,to,0
d002050,c_fac_070,to,0
d002051,c_fac_089,to,0
d002052,c_morgan_zhao,to,0
d002053,c_jamie_li,to,0
d002054,c_fac_043,to,0
d002055,c_lena,to,0
d002056,c_pat,to,0
d002057,c_fac_015,to,0
d002058,c_fac_032,to,0
d002059,c_fac_050,to,0
d002060,c_maya,to,0
d002061,c_fac_018,to,0
d002062,c_fac_073,to,0
d002063,c_lee,to,0
d002064,c_fac_071,to,0
d002065,c_noah,to,0
d002065,c_elena,to,1
d002065,c_taylor,to,2
d002065,c_chris,cc,3
d002066,c_morgan_zhao,to,0
d002067,c_jamie_lee,to,0
d002068,c_fac_044,to,0
d002069,c_alex_chan,to,0
d002070,c_lee,to,0
d002071,c_fac_013,to,0
d002072,c_fac_033,to,0
d002073,c_fac_051,to,0
d002074,c_marcus,to,0
d002075,c_fac_024,to,0
d002076,c_fac_079,to,0
d002077,c_morgan_shaw,to,0
d002078,c_fac_071,to,0
d002079,c_fac_088,to,0
d002080,c_alex_chen,to,0
d002081,c_morgan_zhao,to,0
d002082,c_fac_050,to,0
d002083,c_fac_003,to,0
d002084,c_fac_018,to,0
d002085,c_fac_037,to,0
d002086,c_fac_053,to,0
d002087,c_priya,to,0
d002087,c_quinn,cc,1
d002088,c_alex_chen,to,0
d002089,c_elena,to,0
d002090,c_fac_060,to,0
d002091,c_fac_079,to,0
d002092,c_chris,to,0
d002092,c_noah,to,1
d002092,c_elena,to,2
d002092,c_marcus,cc,3
d002093,c_noah,to,0
d002093,c_elena,to,1
d002093,c_taylor,to,2
d002093,c_chris,cc,3
d002093,c_lena,bcc,4
d002094,c_fac_036,to,0
d002095,c_noah,to,0
d002095,c_elena,to,1
d002095,c_taylor,to,2
d002095,c_chris,cc,3
d002096,c_lee,to,0
d002097,c_fac_008,to,0
d002098,c_fac_025,to,0
d002099,c_fac_043,to,0
d002100,c_fac_060,to,0
d002101,c_fac_011,to,0
d002102,c_fac_066,to,0
d002103,c_jamie_li,to,0
d002104,c_fac_068,to,0
d002105,c_fac_085,to,0
d002106,c_alex_chan,to,0
d002107,c_pat,to,0
d002108,c_fac_042,to,0
d002109,c_sam,to,0
d002110,c_fac_011,to,0
d002111,c_fac_030,to,0
d002112,c_fac_049,to,0
d002113,c_fac_065,to,0
d002114,c_alex_chen,to,0
d002115,c_fac_002,to,0
d002116,c_fac_037,to,0
d002117,c_fac_070,to,0
d002118,c_fac_089,to,0
d002119,c_morgan_zhao,to,0
d002120,c_jamie_li,to,0
d002121,c_fac_043,to,0
d002122,c_lena,to,0
d002123,c_pat,to,0
d002124,c_fac_015,to,0
d002125,c_fac_032,to,0
d002126,c_fac_050,to,0
d002127,c_maya,to,0
d002128,c_fac_018,to,0
d002129,c_fac_073,to,0
d002130,c_lee,to,0
d002131,c_fac_071,to,0
d002132,c_alex_chen,to,0
d002133,c_priya,to,0
d002134,c_fac_014,to,0
d002135,c_fac_069,to,0
d002136,c_jamie_li,to,0
d002137,c_fac_003,to,0
d002138,c_fac_022,to,0
d002139,c_fac_041,to,0
d002140,c_fac_057,to,0
d002141,c_jamie_lee,to,0
d002142,c_fac_044,to,0
d002143,c_alex_chan,to,0
d002144,c_pat,to,0
d002145,c_fac_078,to,0
d002146,c_noah,to,0
d002147,c_jamie_li,to,0
d002148,c_fac_025,to,0
d002149,c_fac_080,to,0
d002150,c_fac_009,to,0
d002151,c_fac_028,to,0
d002152,c_fac_047,to,0
d002153,c_fac_063,to,0
d002154,c_marcus,to,0
d002155,c_morgan_zhao,to,0
d002156,c_fac_035,to,0
d002157,c_fac_085,to,0
d002158,c_fac_088,to,0
d002159,c_elena,to,0
d002159,c_taylor,to,1
d002159,c_lena,to,2
d002160,c_morgan_shaw,to,0
d002160,c_morgan_zhao,to,1
d002161,c_fac_046,to,0
d002162,c_alex_chan,to,0
d002163,c_ren,to,0
d002164,c_fac_010,to,0
d002165,c_fac_029,to,0
d002166,c_fac_045,to,0
d002167,c_priya,to,0
d002168,c_fac_026,to,0
d002169,c_fac_081,to,0
d002170,c_lee,to,0
d002171,c_fac_073,to,0
d002172,c_noah,to,0
d002172,c_elena,to,1
d002172,c_taylor,to,2
d002172,c_chris,cc,3
d002173,c_alex_chen,to,0
d002174,c_ren,to,0
d002175,c_fac_052,to,0
d002176,c_elena,to,0
d002177,c_fac_016,to,0
d002178,c_fac_035,to,0
d002179,c_fac_051,to,0
d002180,c_priya,to,0
d002180,c_quinn,cc,1
d002181,c_morgan_shaw,to,0
d002182,c_elena,to,0
d002183,c_fac_057,to,0
d002184,c_fac_076,to,0
d002185,c_alex_chen,to,0
d002186,c_noah,to,0
d002186,c_elena,to,1
d002186,c_taylor,to,2
d002186,c_chris,cc,3
d002187,c_fac_008,to,0
d002188,c_fac_063,to,0
d002189,c_jamie_lee,to,0
d002190,c_fac_002,to,0
d002191,c_fac_021,to,0
d002192,c_fac_040,to,0
d002193,c_fac_056,to,0
d002194,c_alex_chen,to,0
d002195,c_fac_038,to,0
d002196,c_alex_chen,to,0
d002197,c_fac_078,to,0
d002198,c_fac_077,to,0
d002199,c_chris,to,0
d002199,c_noah,to,1
d002199,c_elena,to,2
d002199,c_marcus,cc,3
d002200,c_noah,to,0
d002200,c_elena,to,1
d002200,c_taylor,to,2
d002200,c_chris,cc,3
d002201,c_fac_009,to,0
d002202,c_fac_064,to,0
d002203,c_jamie_li,to,0
d002204,c_fac_006,to,0
d002205,c_fac_023,to,0
d002206,c_fac_042,to,0
d002207,c_fac_058,to,0
d002208,c_morgan_shaw,to,0
d002209,c_fac_049,to,0
d002210,c_alex_chen,to,0
d002211,c_ren,to,0
d002212,c_fac_078,to,0
d002213,c_elena,to,0
d002214,c_morgan_shaw,to,0
d002215,c_fac_020,to,0
d002216,c_fac_075,to,0
d002217,c_fac_008,to,0
d002218,c_fac_027,to,0
d002219,c_fac_047,to,0
d002220,c_fac_067,to,0
d002221,c_jamie_lee,to,0
d002222,c_fac_005,to,0
d002223,c_fac_045,to,0
d002224,c_fac_074,to,0
d002225,c_lena,to,0
d002226,c_pat,to,0
d002227,c_fac_006,to,0
d002228,c_fac_061,to,0
d002229,c_taylor,to,0
d002230,c_pat,to,0
d002231,c_fac_015,to,0
d002232,c_fac_034,to,0
d002233,c_fac_050,to,0
d002234,c_noah,to,0
d002234,c_elena,to,1
d002234,c_taylor,to,2
d002234,c_chris,cc,3
d002234,c_lena,bcc,4
d002235,c_fac_036,to,0
d002236,c_taylor,to,0
d002237,c_noah,to,0
d002237,c_elena,to,1
d002237,c_taylor,to,2
d002237,c_chris,cc,3
d002238,c_fac_078,to,0
d002239,c_marcus,to,0
d002240,c_noah,to,0
d002240,c_taylor,to,1
d002240,c_chris,cc,2
d002241,c_fac_012,to,0
d002242,c_fac_067,to,0
d002243,c_noah,to,0
d002244,c_fac_020,to,0
d002245,c_fac_039,to,0
d002246,c_fac_055,to,0
d002247,c_marcus,to,0
d002248,c_morgan_zhao,to,0
d002249,c_noah,to,0
d002250,c_fac_067,to,0
d002251,c_fac_080,to,0
d002252,c_jamie_lee,to,0
d002253,c_maya,to,0
d002254,c_fac_018,to,0
d002255,c_fac_073,to,0
d002256,c_morgan_shaw,to,0
d002257,c_fac_005,to,0
d002258,c_fac_025,to,0
d002259,c_fac_042,to,0
d002260,c_fac_060,to,0
d002261,c_morgan_zhao,to,0
d002262,c_fac_053,to,0
d002263,c_jamie_lee,to,0
d002264,c_fac_065,to,0
d002265,c_fac_082,to,0
d002266,c_morgan_shaw,to,0
d002267,c_marcus,to,0
d002268,c_fac_024,to,0
d002269,c_fac_079,to,0
d002270,c_chris,to,0
d002271,c_fac_007,to,0
d002272,c_fac_026,to,0
d002273,c_fac_043,to,0
d002274,c_fac_061,to,0
d002275,c_sam,to,0
d002276,c_fac_054,to,0
d002277,c_chris,to,0
d002278,c_fac_089,to,0
d002279,c_fac_081,to,0
d002280,c_noah,to,0
d002281,c_jamie_li,to,0
d002282,c_fac_025,to,0
d002283,c_fac_080,to,0
d002284,c_fac_009,to,0
d002285,c_fac_028,to,0
d002286,c_fac_047,to,0
d002287,c_fac_063,to,0
d002288,c_marcus,to,0
d002289,c_morgan_zhao,to,0
d002290,c_fac_035,to,0
d002291,c_fac_085,to,0
d002292,c_fac_088,to,0
d002293,c_elena,to,0
d002293,c_taylor,to,1
d002293,c_lena,to,2
d002294,c_morgan_shaw,to,0
d002294,c_morgan_zhao,to,1
d002295,c_fac_046,to,0
d002296,c_alex_chan,to,0
d002297,c_sam,to,0
d002298,c_fac_013,to,0
d002299,c_fac_030,to,0
d002300,c_fac_048,to,0
d002301,c_alex_chan,to,0
d002301,c_alex_chen,to,1
d002302,c_fac_031,to,0
d002303,c_chris,to,0
d002303,c_noah,to,1
d002303,c_elena,to,2
d002303,c_marcus,cc,3
d002304,c_pat,to,0
d002305,c_fac_074,to,0
d002306,c_avery,to,0
d002306,c_devon,to,1
d002307,c_noah,to,0
d002307,c_taylor,to,1
d002307,c_chris,cc,2
d002308,c_fac_012,to,0
d002309,c_fac_067,to,0
d002310,c_noah,to,0
d002311,c_fac_020,to,0
d002312,c_fac_039,to,0
d002313,c_fac_055,to,0
d002314,c_avery,to,0
d002314,c_devon,to,1
d002315,c_jamie_lee,to,0
d002316,c_chris,to,0
d002317,c_fac_062,to,0
d002318,c_fac_079,to,0
d002319,c_chris,to,0
d002319,c_noah,to,1
d002319,c_elena,to,2
d002319,c_marcus,cc,3
d002320,c_priya,to,0
d002321,c_fac_013,to,0
d002322,c_fac_068,to,0
d002323,c_elena,to,0
d002323,c_taylor,to,1
d002323,c_lena,to,2
d002324,c_fac_007,to,0
d002325,c_fac_026,to,0
d002326,c_noah,to,0
d002326,c_elena,to,1
d002326,c_taylor,to,2
d002326,c_chris,cc,3
d002327,c_fac_061,to,0
d002328,c_morgan_zhao,to,0
d002329,c_fac_053,to,0
d002330,c_jamie_lee,to,0
d002331,c_fac_065,to,0
d002332,c_fac_085,to,0
d002333,c_chris,to,0
d002334,c_noah,to,0
d002334,c_elena,to,1
d002334,c_taylor,to,2
d002334,c_chris,cc,3
d002334,c_lena,bcc,4
d002335,c_fac_029,to,0
d002336,c_fac_084,to,0
d002337,c_elena,to,0
d002337,c_taylor,to,1
d002337,c_lena,to,2
d002338,c_fac_008,to,0
d002339,c_fac_027,to,0
d002340,c_noah,to,0
d002340,c_elena,to,1
d002340,c_taylor,to,2
d002340,c_chris,cc,3
d002341,c_fac_062,to,0
d002342,c_fac_009,to,0
d002343,c_fac_064,to,0
d002344,c_jamie_lee,to,0
d002345,c_fac_067,to,0
d002346,c_fac_086,to,0
d002347,c_alex_chan,to,0
d002348,c_ren,to,0
d002349,c_fac_045,to,0
d002350,c_fac_002,to,0
d002351,c_fac_017,to,0
d002352,c_fac_034,to,0
d002353,c_noah,to,0
d002353,c_elena,to,1
d002353,c_taylor,to,2
d002353,c_chris,cc,3
d002354,c_fac_069,to,0
d002355,c_morgan_shaw,to,0
d002356,c_fac_015,to,0
d002357,c_fac_055,to,0
d002358,c_fac_078,to,0
d002359,c_chris,to,0
d002359,c_noah,to,1
d002359,c_elena,to,2
d002359,c_marcus,cc,3
d002360,c_priya,to,0
d002361,c_fac_021,to,0
d002362,c_fac_076,to,0
d002363,c_morgan_shaw,to,0
d002364,c_fac_003,to,0
d002365,c_fac_020,to,0
d002366,c_fac_039,to,0
d002367,c_fac_055,to,0
d002368,c_noah,to,0
d002369,c_fac_056,to,0
d002370,c_jamie_lee,to,0
d002371,c_fac_064,to,0
d002372,c_fac_083,to,0
d002373,c_noah,to,0
d002374,c_morgan_shaw,to,0
d002375,c_fac_027,to,0
d002376,c_fac_082,to,0
d002377,c_fac_006,to,0
d002378,c_fac_025,to,0
d002379,c_fac_044,to,0
d002380,c_fac_060,to,0
d002381,c_avery,to,0
d002381,c_devon,to,1
d002382,c_pat,to,0
d002383,c_fac_032,to,0
d002384,c_fac_082,to,0
d002385,c_fac_085,to,0
d002386,c_elena,to,0
d002386,c_taylor,to,1
d002386,c_lena,to,2
d002387,c_marcus,to,0
d002388,c_fac_033,to,0
d002389,c_fac_088,to,0
d002390,c_morgan_zhao,to,0
d002391,c_fac_011,to,0
d002392,c_fac_030,to,0
d002393,c_fac_050,to,0
d002394,c_maya,to,0
d002395,c_fac_018,to,0
d002396,c_fac_073,to,0
d002397,c_lee,to,0
d002398,c_fac_071,to,0
d002399,c_noah,to,0
d002399,c_elena,to,1
d002399,c_taylor,to,2
d002399,c_chris,cc,3
d002400,c_morgan_zhao,to,0
d002401,c_jamie_lee,to,0
d002402,c_fac_044,to,0
d002403,c_alex_chan,to,0
d002404,c_lee,to,0
d002405,c_fac_013,to,0
d002406,c_fac_033,to,0
d002407,c_fac_051,to,0
d002408,c_marcus,to,0
d002409,c_fac_024,to,0
d002410,c_fac_079,to,0
d002411,c_morgan_shaw,to,0
d002412,c_fac_071,to,0
d002413,c_fac_088,to,0
d002414,c_alex_chen,to,0
d002415,c_morgan_zhao,to,0
d002416,c_fac_050,to,0
d002417,c_fac_003,to,0
d002418,c_fac_018,to,0
d002419,c_fac_037,to,0
d002420,c_fac_053,to,0
d002421,c_noah,to,0
d002421,c_elena,to,1
d002421,c_taylor,to,2
d002421,c_chris,cc,3
d002422,c_morgan_shaw,to,0
d002423,c_fac_015,to,0
d002424,c_fac_055,to,0
d002425,c_fac_078,to,0
d002426,c_alex_chen,to,0
d002427,c_noah,to,0
d002427,c_elena,to,1
d002427,c_taylor,to,2
d002427,c_chris,cc,3
d002428,c_fac_016,to,0
d002429,c_fac_071,to,0
d002430,c_elena,to,0
d002430,c_taylor,to,1
d002430,c_lena,to,2
d002431,c_fac_004,to,0
d002432,c_fac_023,to,0
d002433,c_fac_040,to,0
d002434,c_fac_058,to,0
d002435,c_fac_011,to,0
d002436,c_fac_066,to,0
d002437,c_jamie_li,to,0
d002438,c_fac_068,to,0
d002439,c_fac_085,to,0
d002440,c_avery,to,0
d002440,c_devon,to,1
d002441,c_lee,to,0
d002442,c_fac_037,to,0
d002443,c_noah,to,0
d002443,c_elena,to,1
d002443,c_taylor,to,2
d002443,c_chris,cc,3
d002444,c_fac_011,to,0
d002445,c_fac_030,to,0
d002446,c_fac_049,to,0
d002447,c_fac_065,to,0
d002448,c_alex_chen,to,0
d002449,c_fac_002,to,0
d002450,c_fac_037,to,0
d002451,c_fac_070,to,0
d002452,c_fac_089,to,0
d002453,c_morgan_zhao,to,0
d002454,c_jamie_li,to,0
d002455,c_fac_043,to,0
d002456,c_lena,to,0
d002457,c_ren,to,0
d002458,c_fac_016,to,0
d002459,c_fac_035,to,0
d002460,c_fac_051,to,0
d002461,c_hana,to,0
d002462,c_fac_023,to,0
d002463,c_chris,to,0
d002463,c_noah,to,1
d002463,c_elena,to,2
d002463,c_marcus,cc,3
d002464,c_pat,to,0
d002465,c_fac_072,to,0
d002466,c_alex_chan,to,0
d002467,c_lee,to,0
d002468,c_morgan_shaw,to,0
d002469,c_fac_049,to,0
d002470,c_alex_chen,to,0
d002471,c_ren,to,0
d002472,c_fac_017,to,0
d002473,c_fac_036,to,0
d002474,c_fac_052,to,0
d002475,c_noah,to,0
d002475,c_elena,to,1
d002475,c_taylor,to,2
d002475,c_chris,cc,3
d002475,c_lena,bcc,4
d002476,c_fac_029,to,0
d002477,c_fac_084,to,0
d002478,c_morgan_zhao,to,0
d002479,c_fac_073,to,0
d002480,c_elena,to,0
d002481,c_morgan_shaw,to,0
d002482,c_fac_020,to,0
d002483,c_fac_075,to,0
d002484,c_fac_008,to,0
d002485,c_fac_027,to,0
d002486,c_fac_044,to,0
d002487,c_fac_062,to,0
d002488,c_marcus,to,0
d002489,c_morgan_zhao,to,0
d002490,c_fac_035,to,0
d002491,c_fac_085,to,0
d002492,c_fac_088,to,0
d002493,c_elena,to,0
d002493,c_taylor,to,1
d002493,c_lena,to,2
d002494,c_morgan_shaw,to,0
d002494,c_morgan_zhao,to,1
d002495,c_fac_046,to,0
d002496,c_alex_chan,to,0
d002497,c_ren,to,0
d002498,c_fac_010,to,0
d002499,c_fac_029,to,0
d002500,c_fac_045,to,0
d002501,c_priya,to,0
d002502,c_fac_021,to,0
d002503,c_fac_076,to,0
d002504,c_morgan_zhao,to,0
d002505,c_fac_070,to,0
d002506,c_fac_089,to,0
d002507,c_noah,to,0
d002507,c_elena,to,1
d002507,c_taylor,to,2
d002507,c_chris,cc,3
d002508,c_morgan_shaw,to,0
d002509,c_fac_047,to,0
d002510,c_hana,to,0
d002511,c_fac_014,to,0
d002512,c_fac_031,to,0
d002513,c_fac_050,to,0
d002514,c_fac_069,to,0
d002515,c_alex_chan,to,0
d002516,c_fac_017,to,0
d002517,c_fac_052,to,0
d002518,c_fac_075,to,0
d002519,c_alex_chan,to,0
d002520,c_ren,to,0
d002521,c_fac_008,to,0
d002522,c_fac_063,to,0
d002523,c_jamie_lee,to,0
d002524,c_fac_002,to,0
d002525,c_fac_021,to,0
d002526,c_fac_040,to,0
d002527,c_fac_056,to,0
d002528,c_alex_chen,to,0
d002529,c_fac_038,to,0
d002530,c_alex_chen,to,0
d002531,c_fac_078,to,0
d002532,c_fac_077,to,0
d002533,c_chris,to,0
d002533,c_noah,to,1
d002533,c_elena,to,2
d002533,c_marcus,cc,3
d002534,c_noah,to,0
d002534,c_elena,to,1
d002534,c_taylor,to,2
d002534,c_chris,cc,3
d002535,c_fac_009,to,0
d002536,c_fac_064,to,0
d002537,c_jamie_li,to,0
d002538,c_fac_006,to,0
d002539,c_fac_023,to,0
d002540,c_fac_042,to,0
d002541,c_fac_058,to,0
d002542,c_morgan_shaw,to,0
d002543,c_fac_049,to,0
d002544,c_alex_chen,to,0
d002545,c_ren,to,0
d002546,c_fac_078,to,0
d002547,c_elena,to,0
d002548,c_morgan_shaw,to,0
d002549,c_fac_020,to,0
d002550,c_fac_075,to,0
d002551,c_fac_008,to,0
d002552,c_fac_027,to,0
d002553,c_fac_044,to,0
d002554,c_fac_063,to,0
d002555,c_marcus,to,0
d002556,c_morgan_zhao,to,0
d002557,c_fac_035,to,0
d002558,c_fac_085,to,0
d002559,c_fac_088,to,0
d002560,c_elena,to,0
d002560,c_taylor,to,1
d002560,c_lena,to,2
d002561,c_morgan_shaw,to,0
d002561,c_morgan_zhao,to,1
d002562,c_fac_046,to,0
d002563,c_alex_chen,to,0
d002564,c_sam,to,0
d002565,c_fac_013,to,0
d002566,c_fac_030,to,0
d002567,c_fac_049,to,0
d002568,c_jamie_lee,to,0
d002568,c_jamie_li,to,1
d002569,c_fac_041,to,0
d002570,c_lena,to,0
d002571,c_noah,to,0
d002571,c_elena,to,1
d002571,c_taylor,to,2
d002571,c_chris,cc,3
d002572,c_fac_078,to,0
d002573,c_marcus,to,0
d002574,c_noah,to,0
d002574,c_taylor,to,1
d002574,c_chris,cc,2
d002575,c_fac_012,to,0
d002576,c_fac_067,to,0
d002577,c_noah,to,0
d002578,c_fac_020,to,0
d002579,c_fac_039,to,0
d002580,c_fac_055,to,0
d002581,c_avery,to,0
d002581,c_devon,to,1
d002582,c_jamie_lee,to,0
d002583,c_chris,to,0
d002584,c_fac_062,to,0
d002585,c_fac_079,to,0
d002586,c_chris,to,0
d002586,c_noah,to,1
d002586,c_elena,to,2
d002586,c_marcus,cc,3
d002587,c_priya,to,0
d002588,c_fac_013,to,0
d002589,c_fac_068,to,0
d002590,c_jamie_li,to,0
d002591,c_fac_005,to,0
d002592,c_fac_022,to,0
d002593,c_fac_042,to,0
d002594,c_fac_060,to,0
d002595,c_noah,to,0
d002596,c_fac_048,to,0
d002597,c_elena,to,0
d002597,c_taylor,to,1
d002597,c_lena,to,2
d002598,c_fac_088,to,0
d002599,c_fac_081,to,0
d002600,c_jamie_li,to,0
d002601,c_maya,to,0
d002602,c_fac_019,to,0
d002603,c_fac_074,to,0
d002604,c_morgan_shaw,to,0
d002605,c_fac_006,to,0
d002606,c_fac_023,to,0
d002607,c_fac_042,to,0
d002608,c_fac_058,to,0
d002609,c_sam,to,0
d002610,c_fac_054,to,0
d002611,c_chris,to,0
d002612,c_fac_089,to,0
d002613,c_fac_081,to,0
d002614,c_quinn,to,0
d002615,c_morgan_zhao,to,0
d002616,c_fac_030,to,0
d002617,c_fac_085,to,0
d002618,c_fac_012,to,0
d002619,c_fac_029,to,0
d002620,c_fac_048,to,0
d002621,c_fac_064,to,0
d002622,c_alex_chan,to,0
d002623,c_ren,to,0
d002624,c_noah,to,0
d002624,c_elena,to,1
d002624,c_taylor,to,2
d002624,c_chris,cc,3
d002625,c_fac_072,to,0
d002626,c_fac_089,to,0
d002627,c_morgan_zhao,to,0
d002628,c_fac_001,to,0
d002629,c_fac_046,to,0
d002630,c_alex_chan,to,0
d002631,c_ren,to,0
d002632,c_fac_013,to,0
d002633,c_fac_030,to,0
d002634,c_fac_048,to,0
d002635,c_quinn,to,0
d002636,c_fac_026,to,0
d002637,c_fac_081,to,0
d002638,c_lee,to,0
d002639,c_fac_073,to,0
d002640,c_noah,to,0
d002640,c_elena,to,1
d002640,c_taylor,to,2
d002640,c_chris,cc,3
d002641,c_jamie_lee,to,0
d002642,c_fac_002,to,0
d002643,c_fac_057,to,0
d002644,c_elena,to,0
d002645,c_fac_016,to,0
d002646,c_fac_035,to,0
d002647,c_fac_051,to,0
d002648,c_noah,to,0
d002648,c_elena,to,1
d002648,c_taylor,to,2
d002648,c_chris,cc,3
d002649,c_alex_chan,to,0
d002650,c_fac_017,to,0
d002651,c_fac_052,to,0
d002652,c_fac_075,to,0
d002653,c_alex_chen,to,0
d002654,c_priya,to,0
d002655,c_fac_013,to,0
d002656,c_fac_068,to,0
d002657,c_jamie_li,to,0
d002658,c_fac_005,to,0
d002659,c_fac_022,to,0
d002660,c_fac_041,to,0
d002661,c_fac_057,to,0
d002662,c_jamie_li,to,0
d002663,c_fac_043,to,0
d002664,c_noah,to,0
d002665,c_fac_065,to,0
d002666,c_fac_085,to,0
d002667,c_chris,to,0
d002668,c_noah,to,0
d002668,c_elena,to,1
d002668,c_taylor,to,2
d002668,c_chris,cc,3
d002668,c_lena,bcc,4
d002669,c_fac_029,to,0
d002670,c_fac_084,to,0
d002671,c_noah,to,0
d002672,c_fac_011,to,0
d002673,c_fac_028,to,0
d002674,c_fac_046,to,0
d002675,c_noah,to,0
d002675,c_elena,to,1
d002675,c_taylor,to,2
d002675,c_chris,cc,3
d002676,c_fac_014,to,0
d002677,c_fac_069,to,0
d002678,c_jamie_lee,to,0
d002679,c_fac_067,to,0
d002680,c_fac_086,to,0
d002681,c_alex_chan,to,0
d002682,c_pat,to,0
d002683,c_fac_040,to,0
d002684,c_sam,to,0
d002685,c_fac_014,to,0
d002686,c_fac_033,to,0
d002687,c_fac_052,to,0
d002688,c_fac_068,to,0
d002689,c_jamie_lee,to,0
d002690,c_fac_005,to,0
d002691,c_fac_045,to,0
d002692,c_fac_074,to,0
d002693,c_lena,to,0
d002694,c_pat,to,0
d002695,c_fac_016,to,0
d002696,c_fac_071,to,0
d002697,c_jamie_li,to,0
d002698,c_hana,to,0
d002699,c_fac_019,to,0
d002700,c_fac_038,to,0
d002701,c_fac_054,to,0
d002702,c_fac_001,to,0
d002703,c_fac_051,to,0
d002704,c_alex_chen,to,0
d002705,c_fac_063,to,0
d002706,c_fac_080,to,0
d002707,c_chris,to,0
d002708,c_jamie_lee,to,0
d002709,c_fac_022,to,0
d002710,c_fac_077,to,0
d002711,c_fac_005,to,0
d002712,c_fac_024,to,0
d002713,c_fac_041,to,0
d002714,c_fac_059,to,0
d002715,c_noah,to,0
d002715,c_taylor,to,1
d002715,c_chris,cc,2
d002716,c_lee,to,0
d002717,c_fac_022,to,0
d002718,c_fac_072,to,0
d002719,c_fac_081,to,0
d002720,c_jamie_li,to,0
d002721,c_hana,to,0
d002722,c_fac_023,to,0
d002723,c_fac_078,to,0
d002724,c_elena,to,0
d002724,c_taylor,to,1
d002724,c_lena,to,2
d002725,c_fac_007,to,0
d002726,c_fac_026,to,0
d002727,c_noah,to,0
d002727,c_elena,to,1
d002727,c_taylor,to,2
d002727,c_chris,cc,3
d002728,c_fac_061,to,0
d002729,c_morgan_zhao,to,0
d002730,c_fac_053,to,0
d002731,c_jamie_lee,to,0
d002732,c_fac_065,to,0
d002733,c_fac_082,to,0
d002734,c_morgan_shaw,to,0
d002735,c_marcus,to,0
d002736,c_fac_024,to,0
d002737,c_fac_079,to,0
d002738,c_chris,to,0
d002739,c_fac_007,to,0
d002740,c_fac_026,to,0
d002741,c_fac_047,to,0
d002742,c_priya,to,0
d002743,c_fac_014,to,0
d002744,c_fac_069,to,0
d002745,c_jamie_lee,to,0
d002746,c_fac_067,to,0
d002747,c_fac_086,to,0
d002748,c_noah,to,0
d002748,c_elena,to,1
d002748,c_taylor,to,2
d002748,c_chris,cc,3
d002749,c_ren,to,0
d002750,c_fac_045,to,0
d002751,c_fac_002,to,0
d002752,c_fac_017,to,0
d002753,c_fac_034,to,0
d002754,c_noah,to,0
d002754,c_elena,to,1
d002754,c_taylor,to,2
d002754,c_chris,cc,3
d002755,c_fac_069,to,0
d002756,c_jamie_li,to,0
d002757,c_fac_010,to,0
d002758,c_fac_050,to,0
d002759,c_fac_077,to,0
d002760,c_alex_chan,to,0
d002761,c_ren,to,0
d002762,c_fac_011,to,0
d002763,c_fac_066,to,0
d002764,c_jamie_lee,to,0
d002765,c_ren,to,0
d002766,c_fac_018,to,0
d002767,c_fac_035,to,0
d002768,c_fac_053,to,0
d002769,c_jamie_lee,to,0
d002769,c_jamie_li,to,1
d002770,c_fac_041,to,0
d002771,c_lena,to,0
d002772,c_fac_063,to,0
d002773,c_fac_080,to,0
d002774,c_noah,to,0
d002775,c_morgan_shaw,to,0
d002776,c_fac_027,to,0
d002777,c_fac_082,to,0
d002778,c_fac_006,to,0
d002779,c_fac_026,to,0
d002780,c_fac_045,to,0
d002781,c_fac_061,to,0
d002782,c_avery,to,0
d002782,c_devon,to,1
d002783,c_pat,to,0
d002784,c_fac_032,to,0
d002785,c_fac_087,to,0
d002786,c_fac_086,to,0
d002787,c_morgan_zhao,to,0
d002788,c_jamie_li,to,0
d002789,c_fac_043,to,0
d002790,c_lena,to,0
d002791,c_pat,to,0
d002792,c_fac_015,to,0
d002793,c_fac_032,to,0
d002794,c_fac_050,to,0
d002795,c_maya,to,0
d002796,c_fac_018,to,0
d002797,c_fac_073,to,0
d002798,c_lee,to,0
d002799,c_fac_071,to,0
d002800,c_noah,to,0
d002800,c_elena,to,1
d002800,c_taylor,to,2
d002800,c_chris,cc,3
d002801,c_morgan_zhao,to,0
d002802,c_jamie_lee,to,0
d002803,c_fac_044,to,0
d002804,c_alex_chan,to,0
d002805,c_lee,to,0
d002806,c_fac_013,to,0
d002807,c_fac_032,to,0
d002808,c_fac_048,to,0
d002809,c_maya,to,0
d002810,c_fac_019,to,0
d002811,c_fac_074,to,0
d002812,c_jamie_li,to,0
d002813,c_fac_068,to,0
d002814,c_fac_087,to,0
d002815,c_alex_chen,to,0
d002816,c_morgan_zhao,to,0
d002817,c_fac_050,to,0
d002818,c_fac_003,to,0
d002819,c_fac_018,to,0
d002820,c_fac_037,to,0
d002821,c_fac_053,to,0
d002822,c_noah,to,0
d002822,c_elena,to,1
d002822,c_taylor,to,2
d002822,c_chris,cc,3
d002823,c_morgan_shaw,to,0
d002824,c_fac_015,to,0
d002825,c_fac_055,to,0
d002826,c_fac_078,to,0
d002827,c_taylor,to,0
d002828,c_alex_chan,to,0
d002828,c_alex_chen,to,1
d002829,c_fac_031,to,0
d002830,c_fac_086,to,0
d002831,c_morgan_zhao,to,0
d002832,c_fac_005,to,0
d002833,c_fac_024,to,0
d002834,c_noah,to,0
d002834,c_elena,to,1
d002834,c_taylor,to,2
d002834,c_chris,cc,3
d002835,c_fac_059,to,0
d002836,c_fac_006,to,0
d002837,c_fac_061,to,0
d002838,c_elena,to,0
d002838,c_taylor,to,1
d002838,c_lena,to,2
d002839,c_fac_065,to,0
d002840,c_fac_084,to,0
d002841,c_quinn,to,0
d002842,c_morgan_zhao,to,0
d002843,c_fac_032,to,0
d002844,c_fac_087,to,0
d002845,c_fac_009,to,0
d002846,c_fac_026,to,0
d002847,c_fac_045,to,0
d002848,c_fac_061,to,0
d002849,c_avery,to,0
d002849,c_devon,to,1
d002850,c_pat,to,0
d002851,c_fac_032,to,0
d002852,c_fac_082,to,0
d002853,c_fac_086,to,0
d002854,c_noah,to,0
d002855,c_alex_chen,to,0
d002856,c_fac_038,to,0
d002857,c_noah,to,0
d002857,c_elena,to,1
d002857,c_taylor,to,2
d002857,c_chris,cc,3
d002858,c_lee,to,0
d002859,c_fac_012,to,0
d002860,c_fac_031,to,0
d002861,c_fac_047,to,0
d002862,c_priya,to,0
d002863,c_fac_013,to,0
d002864,c_fac_068,to,0
d002865,c_morgan_zhao,to,0
d002866,c_fac_070,to,0
d002867,c_fac_087,to,0
d002868,c_noah,to,0
d002869,c_jamie_lee,to,0
d002870,c_fac_044,to,0
d002871,c_alex_chan,to,0
d002872,c_lee,to,0
d002873,c_fac_013,to,0
d002874,c_fac_032,to,0
d002875,c_fac_048,to,0
d002876,c_maya,to,0
d002877,c_fac_019,to,0
d002878,c_fac_074,to,0
d002879,c_morgan_zhao,to,0
d002880,c_fac_072,to,0
d002881,c_noah,to,0
d002881,c_elena,to,1
d002881,c_taylor,to,2
d002881,c_chris,cc,3
d002882,c_jamie_li,to,0
d002883,c_fac_005,to,0
d002884,c_fac_060,to,0
d002885,c_noah,to,0
d002886,c_fac_022,to,0
d002887,c_fac_039,to,0
d002888,c_fac_057,to,0
d002889,c_hana,to,0
d002890,c_jamie_li,to,0
d002891,c_fac_020,to,0
d002892,c_fac_070,to,0
d002893,c_fac_083,to,0
d002894,c_jamie_li,to,0
d002895,c_noah,to,0
d002895,c_elena,to,1
d002895,c_taylor,to,2
d002895,c_chris,cc,3
d002895,c_lena,bcc,4
d002896,c_fac_036,to,0
d002897,c_noah,to,0
d002897,c_elena,to,1
d002897,c_taylor,to,2
d002897,c_chris,cc,3
d002898,c_lee,to,0
d002899,c_fac_008,to,0
d002900,c_fac_025,to,0
d002901,c_fac_043,to,0
d002902,c_fac_060,to,0
d002903,c_fac_011,to,0
d002904,c_fac_066,to,0
d002905,c_jamie_li,to,0
d002906,c_fac_068,to,0
d002907,c_fac_085,to,0
d002908,c_alex_chan,to,0
d002909,c_pat,to,0
d002910,c_fac_042,to,0
d002911,c_sam,to,0
d002912,c_fac_011,to,0
d002913,c_fac_030,to,0
d002914,c_fac_050,to,0
d002915,c_fac_069,to,0
d002916,c_jamie_li,to,0
d002917,c_fac_012,to,0
d002918,c_fac_047,to,0
d002919,c_fac_074,to,0
d002920,c_lena,to,0
d002921,c_pat,to,0
d002922,c_morgan_zhao,to,0
d002923,c_fac_053,to,0
d002924,c_alex_chen,to,0
d002925,c_hana,to,0
d002926,c_fac_017,to,0
d002927,c_fac_037,to,0
d002928,c_fac_055,to,0
d002929,c_marcus,to,0
d002930,c_fac_033,to,0
d002931,c_alex_chan,to,0
d002932,c_noah,to,0
d002932,c_elena,to,1
d002932,c_taylor,to,2
d002932,c_chris,cc,3
d002933,c_fac_076,to,0
d002934,c_jamie_lee,to,0
d002935,c_ren,to,0
d002936,c_fac_004,to,0
d002937,c_fac_059,to,0
d002938,c_chris,to,0
d002938,c_noah,to,1
d002938,c_elena,to,2
d002938,c_marcus,cc,3
d002939,c_fac_001,to,0
d002940,c_fac_018,to,0
d002941,c_fac_037,to,0
d002942,c_fac_053,to,0
d002943,c_avery,to,0
d002943,c_devon,to,1
d002944,c_fac_034,to,0
d002945,c_chris,to,0
d002945,c_noah,to,1
d002945,c_elena,to,2
d002945,c_marcus,cc,3
d002946,c_lee,to,0
d002947,c_fac_073,to,0
d002948,c_priya,to,0
d002948,c_quinn,cc,1
d002949,c_jamie_li,to,0
d002950,c_fac_005,to,0
d002951,c_fac_060,to,0
d002952,c_noah,to,0
d002953,c_fac_022,to,0
d002954,c_fac_039,to,0
d002955,c_fac_057,to,0
d002956,c_hana,to,0
d002957,c_jamie_li,to,0
d002958,c_fac_020,to,0
d002959,c_fac_070,to,0
d002960,c_fac_083,to,0
d002961,c_jamie_lee,to,0
d002962,c_noah,to,0
d002962,c_elena,to,1
d002962,c_taylor,to,2
d002962,c_chris,cc,3
d002962,c_lena,bcc,4
d002963,c_fac_036,to,0
d002964,c_noah,to,0
d002964,c_elena,to,1
d002964,c_taylor,to,2
d002964,c_chris,cc,3
d002965,c_lee,to,0
d002966,c_fac_008,to,0
d002967,c_fac_028,to,0
d002968,c_fac_044,to,0
d002969,c_noah,to,0
d002969,c_elena,to,1
d002969,c_taylor,to,2
d002969,c_chris,cc,3
d002970,c_fac_016,to,0
d002971,c_fac_071,to,0
d002972,c_morgan_shaw,to,0
d002973,c_fac_069,to,0
d002974,c_fac_088,to,0
d002975,c_alex_chan,to,0
d002976,c_pat,to,0
d002977,c_fac_042,to,0
d002978,c_sam,to,0
d002979,c_fac_011,to,0
d002980,c_fac_030,to,0
d002981,c_fac_049,to,0
d002982,c_fac_065,to,0
d002983,c_alex_chen,to,0
d002984,c_fac_002,to,0
d002985,c_fac_037,to,0
d002986,c_fac_070,to,0
d002987,c_fac_089,to,0
d002988,c_morgan_zhao,to,0
d002989,c_jamie_li,to,0
d002990,c_fac_043,to,0
d002991,c_lena,to,0
d002992,c_pat,to,0
d002993,c_fac_015,to,0
d002994,c_fac_032,to,0
d002995,c_fac_050,to,0
d002996,c_maya,to,0
d002997,c_fac_018,to,0
d002998,c_fac_073,to,0
d002999,c_lee,to,0
d003000,c_fac_071,to,0
d003001,c_alex_chen,to,0
d003002,c_jamie_li,to,0
d003003,c_morgan_zhao,to,0
d003004,c_alex_chen,to,0
d003005,c_jamie_li,to,0
d003006,c_jamie_lee,to,0
d003007,c_morgan_zhao,to,0
d003008,c_morgan_shaw,to,0
d003009,c_alex_chen,to,0
d003010,c_alex_chan,to,0
d003011,c_jamie_li,to,0
d003012,c_jamie_lee,to,0
d003013,c_morgan_zhao,to,0
d003014,c_morgan_shaw,to,0
d003015,c_alex_chen,to,0
d003016,c_alex_chan,to,0
d003017,c_jamie_li,to,0
d003018,c_jamie_lee,to,0
d003019,c_morgan_zhao,to,0
d003020,c_morgan_shaw,to,0
d003021,c_alex_chen,to,0
d003022,c_alex_chan,to,0
d003023,c_jamie_li,to,0
d003024,c_jamie_lee,to,0
d003025,c_chris,to,0
d003025,c_noah,to,1
d003025,c_elena,to,2
d003025,c_marcus,cc,3
d003025,c_lee,cc,4
d003026,c_fac_064,to,0
d003026,c_pat,cc,1
d003027,c_fac_062,to,0
d003027,c_ren,cc,1
d003028,c_fac_040,to,0
d003028,c_lee,cc,1
d003029,c_fac_043,to,0
d003029,c_pat,cc,1
d003030,c_fac_043,to,0
d003031,c_fac_016,to,0
d003031,c_ren,cc,1
d003032,c_fac_016,to,0
d003033,c_sam,to,0
d003033,c_lee,cc,1
d003034,c_sam,to,0
d003035,c_chris,to,0
d003035,c_noah,to,1
d003035,c_elena,to,2
d003035,c_marcus,cc,3
d003035,c_pat,cc,4
d003036,c_chris,to,0
d003036,c_noah,to,1
d003036,c_elena,to,2
d003036,c_marcus,cc,3
d003037,c_fac_064,to,0
d003037,c_ren,cc,1
d003038,c_fac_064,to,0
d003039,c_fac_062,to,0
d003039,c_lee,cc,1
d003040,c_fac_062,to,0
d003041,c_fac_040,to,0
d003041,c_pat,cc,1
d003042,c_fac_040,to,0
d003043,c_fac_043,to,0
d003043,c_ren,cc,1
d003044,c_fac_043,to,0
d003045,c_fac_016,to,0
d003045,c_lee,cc,1
d003046,c_fac_016,to,0
d003047,c_sam,to,0
d003047,c_pat,cc,1
d003048,c_sam,to,0
d003049,c_fac_001,to,0
d003050,c_fac_002,to,0
d003051,c_fac_003,to,0
d003052,c_fac_004,to,0
d003053,c_fac_005,to,0
d003054,c_priya,to,0
d003054,c_quinn,cc,1
d003055,c_fac_006,to,0
d003056,c_priya,to,0
d003056,c_quinn,cc,1
d003057,c_fac_007,to,0
d003058,c_quinn,to,0
d003059,c_fac_008,to,0
d003060,c_priya,to,0
d003060,c_quinn,cc,1
d003061,c_fac_001,to,0
d003062,c_quinn,to,0
d003063,c_fac_002,to,0
d003064,c_priya,to,0
d003064,c_quinn,cc,1
d003065,c_fac_003,to,0
d003066,c_priya,to,0
d003066,c_quinn,cc,1
d003067,c_fac_004,to,0
d003068,c_priya,to,0
d003068,c_quinn,cc,1
d003069,c_fac_005,to,0
d003070,c_priya,to,0
d003070,c_quinn,cc,1
d003071,c_fac_006,to,0
d003072,c_quinn,to,0
d003073,c_dir_090,to,0
d003074,c_dir_091,to,0
d003075,c_dir_092,to,0
d003076,c_fac_019,to,0
d003077,c_dir_093,to,0
d003078,c_noah,to,0
d003078,c_elena,to,1
d003078,c_taylor,to,2
d003078,c_chris,cc,3
d003079,c_dir_094,to,0
d003080,c_fac_057,to,0
d003081,c_dir_095,to,0
d003082,c_taylor,to,0
d003083,c_dir_096,to,0
d003084,c_noah,to,0
d003084,c_elena,to,1
d003084,c_taylor,to,2
d003084,c_chris,cc,3
d003085,c_dir_097,to,0
d003086,c_morgan_zhao,to,0
d003087,c_dir_098,to,0
d003088,c_fac_019,to,0
d003089,c_dir_099,to,0
d003090,c_noah,to,0
d003090,c_elena,to,1
d003090,c_taylor,to,2
d003090,c_chris,cc,3
d003091,c_dir_100,to,0
d003092,c_fac_057,to,0
d003093,c_dir_101,to,0
d003094,c_taylor,to,0
d003095,c_noah,to,0
d003095,c_elena,to,1
d003095,c_taylor,to,2
d003095,c_chris,cc,3
d003095,c_lena,cc,4
d003096,c_noah,to,0
d003096,c_elena,to,1
d003096,c_taylor,to,2
d003096,c_chris,cc,3
d003096,c_jamie_li,cc,4
d003097,c_noah,to,0
d003097,c_elena,to,1
d003097,c_taylor,to,2
d003097,c_chris,cc,3
d003097,c_lena,cc,4
d003098,c_noah,to,0
d003098,c_elena,to,1
d003098,c_taylor,to,2
d003098,c_chris,cc,3
d003099,c_noah,to,0
d003099,c_elena,to,1
d003099,c_taylor,to,2
d003099,c_chris,cc,3
d003099,c_jamie_li,cc,4
d003100,c_noah,to,0
d003100,c_elena,to,1
d003100,c_taylor,to,2
d003100,c_chris,cc,3
d003101,c_noah,to,0
d003101,c_elena,to,1
d003101,c_taylor,to,2
d003101,c_chris,cc,3
d003101,c_lena,cc,4
d003102,c_noah,to,0
d003102,c_elena,to,1
d003102,c_taylor,to,2
d003102,c_chris,cc,3
d003103,c_noah,to,0
d003103,c_elena,to,1
d003103,c_taylor,to,2
d003103,c_chris,cc,3
d003103,c_lena,bcc,4
d003103,c_alex_chen,cc,5
d003104,c_noah,to,0
d003104,c_elena,to,1
d003104,c_taylor,to,2
d003104,c_chris,cc,3
d003104,c_lena,bcc,4
d003105,c_noah,to,0
d003105,c_elena,to,1
d003105,c_taylor,to,2
d003105,c_chris,cc,3
d003105,c_lena,cc,4
d003106,c_noah,to,0
d003106,c_elena,to,1
d003106,c_taylor,to,2
d003106,c_chris,cc,3
d003107,c_noah,to,0
d003107,c_elena,to,1
d003107,c_taylor,to,2
d003107,c_chris,cc,3
d003107,c_morgan_zhao,cc,4
d003108,c_noah,to,0
d003108,c_elena,to,1
d003108,c_taylor,to,2
d003108,c_chris,cc,3
d003109,c_noah,to,0
d003109,c_elena,to,1
d003109,c_taylor,to,2
d003109,c_chris,cc,3
d003109,c_lena,cc,4
d003110,c_noah,to,0
d003110,c_elena,to,1
d003110,c_taylor,to,2
d003110,c_chris,cc,3
d003111,c_noah,to,0
d003111,c_elena,to,1
d003111,c_taylor,to,2
d003111,c_chris,cc,3
d003111,c_jamie_li,cc,4
d003112,c_noah,to,0
d003112,c_elena,to,1
d003112,c_taylor,to,2
d003112,c_chris,cc,3
d003113,c_noah,to,0
d003113,c_elena,to,1
d003113,c_taylor,to,2
d003113,c_chris,cc,3
d003113,c_lena,cc,4
d003114,c_noah,to,0
d003114,c_elena,to,1
d003114,c_taylor,to,2
d003114,c_chris,cc,3
d003115,c_noah,to,0
d003115,c_elena,to,1
d003115,c_taylor,to,2
d003115,c_chris,cc,3
d003115,c_lena,bcc,4
d003115,c_alex_chen,cc,5
d003116,c_noah,to,0
d003116,c_elena,to,1
d003116,c_taylor,to,2
d003116,c_chris,cc,3
d003116,c_lena,bcc,4
d003117,c_noah,to,0
d003117,c_elena,to,1
d003117,c_taylor,to,2
d003117,c_chris,cc,3
d003117,c_lena,bcc,4
d003117,c_alex_chan,bcc,5
d003118,c_noah,to,0
d003118,c_elena,to,1
d003118,c_taylor,to,2
d003118,c_chris,cc,3
d003118,c_lena,bcc,4
d003118,c_alex_chan,bcc,5
d003119,c_noah,to,0
d003119,c_elena,to,1
d003119,c_taylor,to,2
d003119,c_chris,cc,3
d003119,c_lena,bcc,4
d003120,c_noah,to,0
d003120,c_elena,to,1
d003120,c_taylor,to,2
d003120,c_chris,cc,3
d003120,c_pat,bcc,4
d003121,c_noah,to,0
d003121,c_elena,to,1
d003121,c_taylor,to,2
d003121,c_chris,cc,3
d003122,c_noah,to,0
d003122,c_elena,to,1
d003122,c_taylor,to,2
d003122,c_chris,cc,3
d003122,c_lena,bcc,4
d003122,c_alex_chan,bcc,5
d003123,c_noah,to,0
d003123,c_elena,to,1
d003123,c_taylor,to,2
d003123,c_chris,cc,3
d003123,c_lena,bcc,4
d003124,c_noah,to,0
d003124,c_elena,to,1
d003124,c_taylor,to,2
d003124,c_chris,cc,3
d003124,c_lena,bcc,4
d003124,c_lee,bcc,5
d003125,c_noah,to,0
d003125,c_elena,to,1
d003125,c_taylor,to,2
d003125,c_chris,cc,3
d003125,c_lena,bcc,4
d003126,c_noah,to,0
d003126,c_elena,to,1
d003126,c_taylor,to,2
d003126,c_chris,cc,3
d003126,c_lena,bcc,4
d003127,c_noah,to,0
d003127,c_elena,to,1
d003127,c_taylor,to,2
d003127,c_chris,cc,3
d003128,c_noah,to,0
d003128,c_elena,to,1
d003128,c_taylor,to,2
d003128,c_chris,cc,3
d003128,c_ren,bcc,4
d003129,c_noah,to,0
d003129,c_elena,to,1
d003129,c_taylor,to,2
d003129,c_chris,cc,3
d003130,c_noah,to,0
d003130,c_elena,to,1
d003130,c_taylor,to,2
d003130,c_chris,cc,3
d003130,c_lena,bcc,4
d003131,c_noah,to,0
d003131,c_elena,to,1
d003131,c_taylor,to,2
d003131,c_chris,cc,3
d003132,c_noah,to,0
d003132,c_elena,to,1
d003132,c_taylor,to,2
d003132,c_chris,cc,3
d003132,c_pat,bcc,4
d003133,c_noah,to,0
d003133,c_elena,to,1
d003133,c_taylor,to,2
d003133,c_chris,cc,3
d003134,c_noah,to,0
d003134,c_elena,to,1
d003134,c_taylor,to,2
d003134,c_chris,cc,3
d003134,c_lena,bcc,4
d003135,c_noah,to,0
d003135,c_elena,to,1
d003135,c_taylor,to,2
d003135,c_chris,cc,3
d003136,c_noah,to,0
d003136,c_elena,to,1
d003136,c_taylor,to,2
d003136,c_chris,cc,3
d003136,c_lee,bcc,4
d003137,c_noah,to,0
d003137,c_elena,to,1
d003137,c_taylor,to,2
d003137,c_chris,cc,3
d003138,c_noah,to,0
d003138,c_elena,to,1
d003138,c_taylor,to,2
d003138,c_chris,cc,3
d003138,c_lena,cc,4
d003138,c_lee,bcc,5
d003139,c_noah,to,0
d003139,c_elena,to,1
d003139,c_taylor,to,2
d003139,c_chris,cc,3
d003139,c_jamie_li,cc,4
d003139,c_pat,bcc,5
d003140,c_noah,to,0
d003140,c_elena,to,1
d003140,c_taylor,to,2
d003140,c_chris,cc,3
d003140,c_lena,cc,4
d003140,c_lee,bcc,5
d003141,c_noah,to,0
d003141,c_elena,to,1
d003141,c_taylor,to,2
d003141,c_chris,cc,3
d003142,c_noah,to,0
d003142,c_elena,to,1
d003142,c_taylor,to,2
d003142,c_chris,cc,3
d003142,c_jamie_li,cc,4
d003142,c_pat,bcc,5
d003143,c_noah,to,0
d003143,c_elena,to,1
d003143,c_taylor,to,2
d003143,c_chris,cc,3
d003144,c_noah,to,0
d003144,c_elena,to,1
d003144,c_taylor,to,2
d003144,c_chris,cc,3
d003144,c_lena,cc,4
d003144,c_ren,bcc,5
d003145,c_noah,to,0
d003145,c_elena,to,1
d003145,c_taylor,to,2
d003145,c_chris,cc,3
d003146,c_noah,to,0
d003146,c_elena,to,1
d003146,c_taylor,to,2
d003146,c_chris,cc,3
d003146,c_alex_chen,cc,4
d003146,c_lee,bcc,5
d003147,c_noah,to,0
d003147,c_elena,to,1
d003147,c_taylor,to,2
d003147,c_chris,cc,3
d003148,c_noah,to,0
d003148,c_elena,to,1
d003148,c_taylor,to,2
d003148,c_chris,cc,3
d003148,c_lena,cc,4
d003148,c_pat,bcc,5
d003149,c_noah,to,0
d003149,c_elena,to,1
d003149,c_taylor,to,2
d003149,c_chris,cc,3
d003150,c_noah,to,0
d003150,c_elena,to,1
d003150,c_taylor,to,2
d003150,c_chris,cc,3
d003150,c_morgan_zhao,cc,4
d003150,c_ren,bcc,5
d003151,c_noah,to,0
d003151,c_elena,to,1
d003151,c_taylor,to,2
d003151,c_chris,cc,3
d003152,c_noah,to,0
d003152,c_elena,to,1
d003152,c_taylor,to,2
d003152,c_chris,cc,3
d003152,c_lena,cc,4
d003152,c_lee,bcc,5
d003153,c_noah,to,0
d003153,c_elena,to,1
d003153,c_taylor,to,2
d003153,c_chris,cc,3
d003154,c_noah,to,0
d003154,c_elena,to,1
d003154,c_taylor,to,2
d003154,c_chris,cc,3
d003154,c_jamie_li,cc,4
d003154,c_pat,bcc,5
d003155,c_noah,to,0
d003155,c_elena,to,1
d003155,c_taylor,to,2
d003155,c_chris,cc,3
d003156,c_noah,to,0
d003156,c_elena,to,1
d003156,c_taylor,to,2
d003156,c_chris,cc,3
d003156,c_lena,cc,4
d003156,c_ren,bcc,5
d003157,c_noah,to,0
d003157,c_elena,to,1
d003157,c_taylor,to,2
d003157,c_chris,cc,3
d003158,c_noah,to,0
d003158,c_elena,to,1
d003158,c_taylor,to,2
d003158,c_chris,cc,3
d003158,c_alex_chen,cc,4
d003158,c_lee,bcc,5
d003159,c_noah,to,0
d003159,c_elena,to,1
d003159,c_taylor,to,2
d003159,c_chris,cc,3
d003160,c_noah,to,0
d003160,c_elena,to,1
d003160,c_taylor,to,2
d003160,c_chris,cc,3
d003160,c_lena,bcc,4
d003161,c_noah,to,0
d003161,c_elena,to,1
d003161,c_taylor,to,2
d003161,c_chris,cc,3
d003161,c_lena,bcc,4
d003162,c_noah,to,0
d003162,c_elena,to,1
d003162,c_taylor,to,2
d003162,c_chris,cc,3
d003162,c_lena,bcc,4
d003163,c_noah,to,0
d003163,c_elena,to,1
d003163,c_taylor,to,2
d003163,c_chris,cc,3
d003163,c_lena,bcc,4
d003164,c_noah,to,0
d003164,c_elena,to,1
d003164,c_taylor,to,2
d003164,c_chris,cc,3
d003164,c_lena,bcc,4
d003165,c_noah,to,0
d003165,c_elena,to,1
d003165,c_taylor,to,2
d003165,c_chris,cc,3
d003165,c_lena,bcc,4
d003166,c_noah,to,0
d003166,c_elena,to,1
d003166,c_taylor,to,2
d003166,c_chris,cc,3
d003166,c_lena,bcc,4
d003167,c_noah,to,0
d003167,c_elena,to,1
d003167,c_taylor,to,2
d003167,c_chris,cc,3
d003167,c_lena,bcc,4
d003168,c_noah,to,0
d003168,c_elena,to,1
d003168,c_taylor,to,2
d003168,c_chris,cc,3
d003168,c_lena,bcc,4
d003169,c_noah,to,0
d003169,c_elena,to,1
d003169,c_taylor,to,2
d003169,c_chris,cc,3
d003169,c_lena,bcc,4
d003170,c_alex_chen,to,0
d003171,c_jamie_li,to,0
d003172,c_jamie_lee,to,0
d003173,c_morgan_zhao,to,0
d003174,c_morgan_shaw,to,0
d003175,c_alex_chen,to,0
d003176,c_alex_chan,to,0
d003177,c_jamie_li,to,0
d003178,c_jamie_lee,to,0
d003179,c_morgan_zhao,to,0
d003180,c_morgan_shaw,to,0
d003181,c_alex_chen,to,0
d003182,c_alex_chan,to,0
d003183,c_jamie_li,to,0
d003184,c_jamie_lee,to,0
d003185,c_morgan_zhao,to,0
d003186,c_morgan_shaw,to,0
d003187,c_alex_chen,to,0
d003188,c_alex_chan,to,0
d003189,c_jamie_li,to,0
d003190,c_jamie_lee,to,0
d003191,c_noah,to,0
d003191,c_elena,to,1
d003191,c_taylor,to,2
d003191,c_chris,cc,3
d003192,c_noah,to,0
d003192,c_elena,to,1
d003192,c_taylor,to,2
d003192,c_chris,cc,3
d003193,c_noah,to,0
d003193,c_elena,to,1
d003193,c_taylor,to,2
d003193,c_chris,cc,3
d003194,c_noah,to,0
d003194,c_elena,to,1
d003194,c_taylor,to,2
d003194,c_chris,cc,3
d003195,c_noah,to,0
d003195,c_elena,to,1
d003195,c_taylor,to,2
d003195,c_chris,cc,3
d003196,c_noah,to,0
d003196,c_elena,to,1
d003196,c_taylor,to,2
d003196,c_chris,cc,3
d003197,c_noah,to,0
d003197,c_elena,to,1
d003197,c_taylor,to,2
d003197,c_chris,cc,3
d003198,c_noah,to,0
d003198,c_elena,to,1
d003198,c_taylor,to,2
d003198,c_chris,cc,3
d003199,c_noah,to,0
d003199,c_elena,to,1
d003199,c_taylor,to,2
d003199,c_chris,cc,3
d003200,c_noah,to,0
d003200,c_elena,to,1
d003200,c_taylor,to,2
d003200,c_chris,cc,3
d003201,c_lee,to,0
d003202,c_lee,to,0
d003203,c_lee,to,0
d003204,c_lee,to,0
d003205,c_lee,to,0
d003206,c_lee,to,0
d003207,c_lee,to,0
d003208,c_lee,to,0
d003209,c_lee,to,0
d003210,c_lee,to,0
d003211,c_new_200,to,0
d003212,c_new_201,to,0
d003213,c_new_202,to,0
d003214,c_new_203,to,0
d003215,c_new_204,to,0
d003216,c_new_205,to,0
d003217,c_new_206,to,0
d003218,c_new_207,to,0
d003219,c_new_208,to,0
d003220,c_new_209,to,0
d003221,c_new_210,to,0
d003222,c_new_211,to,0
d003223,c_new_212,to,0
d003224,c_new_213,to,0
d003225,c_new_214,to,0
d003226,c_new_215,to,0
d003227,c_new_216,to,0
d003228,c_new_217,to,0
d003229,c_new_218,to,0
d003230,c_new_219,to,0
d003231,c_new_220,to,0
d003232,c_new_221,to,0
d003233,c_new_222,to,0
d003234,c_new_223,to,0
d003235,c_new_224,to,0
d003236,c_new_225,to,0
d003237,c_new_226,to,0
d003238,c_new_227,to,0
d003239,c_new_228,to,0
d003240,c_new_229,to,0
d003241,c_new_230,to,0
d003242,c_new_231,to,0
d003243,c_new_232,to,0
d003244,c_new_233,to,0
d003245,c_new_234,to,0
d003246,c_new_235,to,0
d003247,c_new_236,to,0
d003248,c_new_237,to,0
d003249,c_new_238,to,0
d003250,c_new_239,to,0
d003251,c_fac_045,to,0
d003252,c_fac_046,to,0
d003253,c_fac_047,to,0
d003254,c_fac_048,to,0
d003255,c_fac_049,to,0
d003256,c_fac_050,to,0
d003257,c_fac_051,to,0
d003258,c_fac_052,to,0
d003259,c_fac_053,to,0
d003260,c_fac_054,to,0
d003261,c_fac_055,to,0
d003262,c_fac_056,to,0
d003263,c_fac_057,to,0
d003264,c_fac_058,to,0
d003265,c_fac_059,to,0
d003266,c_fac_060,to,0
d003267,c_fac_061,to,0
d003268,c_fac_062,to,0
d003269,c_fac_063,to,0
d003270,c_fac_064,to,0
d003271,c_maya,to,0
d003271,c_noah,to,1
d003272,c_maya,to,0
d003272,c_noah,to,1
d003273,c_maya,to,0
d003273,c_noah,to,1
d003274,c_maya,to,0
d003274,c_noah,to,1
d003275,c_maya,to,0
d003275,c_noah,to,1
d003276,c_maya,to,0
d003276,c_noah,to,1
d003277,c_maya,to,0
d003277,c_noah,to,1
d003278,c_maya,to,0
d003278,c_noah,to,1
d003279,c_maya,to,0
d003279,c_noah,to,1
d003280,c_maya,to,0
d003280,c_noah,to,1
d003281,c_maya,to,0
d003281,c_noah,to,1
d003282,c_maya,to,0
d003282,c_noah,to,1
d003283,c_maya,to,0
d003283,c_noah,to,1
d003284,c_maya,to,0
d003284,c_noah,to,1
d003285,c_maya,to,0
d003285,c_noah,to,1
d003286,c_noah,to,0
d003287,c_noah,to,0
d003288,c_noah,to,0
d003289,c_noah,to,0
d003290,c_noah,to,0
d003291,c_noah,to,0
d003292,c_noah,to,0
d003293,c_noah,to,0
d003294,c_noah,to,0
d003295,c_noah,to,0
d003296,c_noah,to,0
d003297,c_noah,to,0
d003298,c_noah,to,0
d003299,c_noah,to,0
d003300,c_noah,to,0
d003301,c_noah,to,0
d003301,c_elena,to,1
d003301,c_taylor,to,2
d003301,c_chris,cc,3
d003302,c_noah,to,0
d003302,c_elena,to,1
d003302,c_taylor,to,2
d003302,c_chris,cc,3
d003303,c_noah,to,0
d003303,c_elena,to,1
d003303,c_taylor,to,2
d003303,c_chris,cc,3
d003304,c_noah,to,0
d003304,c_elena,to,1
d003304,c_taylor,to,2
d003304,c_chris,cc,3
d003305,c_noah,to,0
d003305,c_elena,to,1
d003305,c_taylor,to,2
d003305,c_chris,cc,3
d003306,c_lee,to,0
d003307,c_lee,to,0
d003308,c_lee,to,0
d003309,c_lee,to,0
d003310,c_lee,to,0
d003311,c_noah,to,0
d003311,c_elena,to,1
d003311,c_taylor,to,2
d003311,c_chris,cc,3
d003311,c_lena,bcc,4
d003312,c_noah,to,0
d003312,c_elena,to,1
d003312,c_taylor,to,2
d003312,c_chris,cc,3
d003312,c_lena,bcc,4
d003313,c_noah,to,0
d003313,c_elena,to,1
d003313,c_taylor,to,2
d003313,c_chris,cc,3
d003313,c_lena,bcc,4
d003314,c_noah,to,0
d003314,c_elena,to,1
d003314,c_taylor,to,2
d003314,c_chris,cc,3
d003314,c_lena,bcc,4
d003315,c_noah,to,0
d003315,c_elena,to,1
d003315,c_taylor,to,2
d003315,c_chris,cc,3
d003315,c_lena,bcc,4
d003316,c_noah,to,0
d003316,c_elena,to,1
d003316,c_taylor,to,2
d003316,c_chris,cc,3
d003316,c_lena,bcc,4
d003317,c_noah,to,0
d003317,c_elena,to,1
d003317,c_taylor,to,2
d003317,c_chris,cc,3
d003317,c_lena,bcc,4
d003318,c_noah,to,0
d003318,c_elena,to,1
d003318,c_taylor,to,2
d003318,c_chris,cc,3
d003318,c_lena,bcc,4
d003319,c_alex_chen,to,0
d003320,c_elena,to,0
d003320,c_taylor,to,1
d003320,c_lena,to,2
d003321,c_ren,to,0
d003322,c_avery,to,0
d003322,c_devon,to,1
d003323,c_sam,to,0
d003324,c_fac_019,to,0
d003325,c_fac_039,to,0
d003326,c_fac_059,to,0
d003327,c_fac_084,to,0
d003328,c_taylor,to,0
d003329,c_noah,to,0
d003330,c_fac_001,to,0
d003331,c_fac_007,to,0
d003332,c_fac_013,to,0
d003333,c_fac_021,to,0
d003334,c_fac_027,to,0
d003335,c_fac_036,to,0
d003336,c_fac_042,to,0
d003337,c_fac_048,to,0
d003338,c_fac_056,to,0
d003339,c_fac_062,to,0
d003340,c_marcus,to,0
d003341,c_morgan_shaw,to,0
d003342,c_fac_014,to,0
d003343,c_fac_039,to,0
d003344,c_fac_059,to,0
d003345,c_fac_079,to,0
d003346,c_alex_chan,to,0
d003347,c_noah,to,0
d003348,c_morgan_zhao,to,0
d003349,c_ren,to,0
d003350,c_fac_068,to,0
d003351,c_fac_076,to,0
d003352,c_fac_082,to,0
d003353,c_fac_088,to,0
d003354,c_elena,to,0
d003355,c_alex_chan,to,0
d003356,c_jamie_li,to,0
d003357,c_jamie_li,to,0
d003358,c_morgan_zhao,to,0
d003359,c_fac_015,to,0
d003360,c_fac_035,to,0
d003361,c_fac_055,to,0
d003362,c_fac_075,to,0
d003363,c_sam,to,0
d003364,c_noah,to,0
d003365,c_fac_009,to,0
d003366,c_fac_018,to,0
d003367,c_fac_024,to,0
d003368,c_fac_032,to,0
d003369,c_fac_038,to,0
d003370,c_fac_044,to,0
d003371,c_fac_052,to,0
d003372,c_fac_057,to,0
d003373,c_fac_064,to,0
d003374,c_noah,to,0
d003374,c_elena,to,1
d003374,c_taylor,to,2
d003374,c_chris,cc,3
d003375,c_noah,to,0
d003375,c_taylor,to,1
d003375,c_chris,cc,2
d003376,c_alex_chen,to,0
d003377,c_alex_chen,to,0
d003378,c_pat,to,0
d003379,c_fac_005,to,0
d003380,c_noah,to,0
d003381,c_noah,to,0
d003381,c_elena,to,1
d003381,c_taylor,to,2
d003381,c_chris,cc,3
d003382,c_fac_055,to,0
d003383,c_fac_075,to,0
d003384,c_fac_073,to,0
d003385,c_fac_079,to,0
d003386,c_fac_087,to,0
d003387,c_lena,to,0
d003388,c_taylor,to,0
d003389,c_morgan_zhao,to,0
d003390,c_noah,to,0
d003390,c_elena,to,1
d003390,c_taylor,to,2
d003390,c_chris,cc,3
d003391,c_noah,to,0
d003391,c_elena,to,1
d003391,c_taylor,to,2
d003391,c_chris,cc,3
d003391,c_lena,bcc,4
d003392,c_noah,to,0
d003393,c_fac_021,to,0
d003394,c_fac_041,to,0
d003395,c_fac_061,to,0
d003396,c_fac_086,to,0
d003397,c_alex_chen,to,0
d003398,c_jamie_li,to,0
d003399,c_lee,to,0
d003400,c_lee,to,0
d003401,c_fac_003,to,0
d003402,c_fac_009,to,0
d003403,c_fac_015,to,0
d003404,c_fac_024,to,0
d003405,c_fac_030,to,0
d003406,c_fac_038,to,0
d003407,c_fac_043,to,0
d003408,c_fac_049,to,0
d003409,c_fac_055,to,0
d003410,c_noah,to,0
d003410,c_elena,to,1
d003410,c_taylor,to,2
d003410,c_chris,cc,3
d003411,c_noah,to,0
d003411,c_elena,to,1
d003411,c_taylor,to,2
d003411,c_chris,cc,3
d003411,c_lena,bcc,4
d003412,c_fac_006,to,0
d003413,c_fac_026,to,0
d003414,c_fac_046,to,0
d003415,c_fac_066,to,0
d003416,c_chris,to,0
d003416,c_noah,to,1
d003416,c_elena,to,2
d003416,c_marcus,cc,3
d003417,c_alex_chen,to,0
d003418,c_morgan_shaw,to,0
d003419,c_noah,to,0
d003419,c_elena,to,1
d003419,c_taylor,to,2
d003419,c_chris,cc,3
d003420,c_fac_065,to,0
d003421,c_fac_073,to,0
d003422,c_fac_079,to,0
d003423,c_fac_085,to,0
d003424,c_priya,to,0
d003424,c_quinn,cc,1
d003425,c_chris,to,0
d003426,c_alex_chan,to,0
d003427,c_noah,to,0
d003427,c_taylor,to,1
d003427,c_chris,cc,2
d003428,c_morgan_zhao,to,0
d003429,c_ren,to,0
d003430,c_fac_017,to,0
d003431,c_fac_037,to,0
d003432,c_fac_057,to,0
d003433,c_fac_077,to,0
d003434,c_hana,to,0
d003435,c_fac_004,to,0
d003436,c_fac_010,to,0
d003437,c_fac_016,to,0
d003438,c_fac_024,to,0
d003439,c_fac_030,to,0
d003440,c_fac_036,to,0
d003441,c_fac_044,to,0
d003442,c_fac_050,to,0
d003443,c_fac_056,to,0
d003444,c_fac_064,to,0
d003445,c_noah,to,0
d003445,c_elena,to,1
d003445,c_taylor,to,2
d003445,c_chris,cc,3
d003446,c_noah,to,0
d003446,c_taylor,to,1
d003446,c_chris,cc,2
d003447,c_alex_chen,to,0
d003448,c_morgan_shaw,to,0
d003449,c_morgan_shaw,to,0
d003450,c_fac_012,to,0
d003451,c_noah,to,0
d003452,c_noah,to,0
d003452,c_elena,to,1
d003452,c_taylor,to,2
d003452,c_chris,cc,3
d003453,c_fac_052,to,0
d003454,c_fac_072,to,0
d003455,c_fac_070,to,0
d003456,c_fac_076,to,0
d003457,c_fac_084,to,0
d003458,c_lena,to,0
d003459,c_jamie_lee,to,0
d003460,c_noah,to,0
d003461,c_ren,to,0
d003462,c_hana,to,0
d003463,c_jamie_li,to,0
d003464,c_fac_008,to,0
d003465,c_fac_028,to,0
d003466,c_fac_053,to,0
d003467,c_fac_073,to,0
d003468,c_noah,to,0
d003468,c_elena,to,1
d003468,c_taylor,to,2
d003468,c_chris,cc,3
d003469,c_chris,to,0
d003469,c_noah,to,1
d003469,c_elena,to,2
d003469,c_marcus,cc,3
d003470,c_elena,to,0
d003470,c_taylor,to,1
d003470,c_lena,to,2
d003471,c_pat,to,0
d003472,c_fac_002,to,0
d003473,c_fac_011,to,0
d003474,c_fac_017,to,0
d003475,c_fac_025,to,0
d003476,c_fac_031,to,0
d003477,c_fac_037,to,0
d003478,c_noah,to,0
d003478,c_elena,to,1
d003478,c_taylor,to,2
d003478,c_chris,cc,3
d003479,c_fac_050,to,0
d003480,c_fac_056,to,0
d003481,c_noah,to,0
d003481,c_elena,to,1
d003481,c_taylor,to,2
d003481,c_chris,cc,3
d003482,c_noah,to,0
d003482,c_elena,to,1
d003482,c_taylor,to,2
d003482,c_chris,cc,3
d003482,c_lena,bcc,4
d003483,c_noah,to,0
d003484,c_fac_013,to,0
d003485,c_fac_033,to,0
d003486,c_fac_053,to,0
d003487,c_fac_073,to,0
d003488,c_alex_chen,to,0
d003489,c_morgan_shaw,to,0
d003490,c_ren,to,0
d003491,c_fac_088,to,0
d003492,c_fac_070,to,0
d003493,c_fac_076,to,0
d003494,c_fac_082,to,0
d003495,c_noah,to,0
d003495,c_elena,to,1
d003495,c_taylor,to,2
d003495,c_chris,cc,3
d003496,c_taylor,to,0
d003497,c_elena,to,0
d003497,c_taylor,to,1
d003497,c_lena,to,2
d003498,c_pat,to,0
d003499,c_maya,to,0
d003500,c_alex_chan,to,0
d003501,c_fac_004,to,0
d003502,c_fac_024,to,0
d003503,c_fac_044,to,0
d003504,c_fac_069,to,0
d003505,c_fac_089,to,0
d003506,c_jamie_lee,to,0
d003507,c_morgan_shaw,to,0
d003508,c_morgan_zhao,to,0
d003509,c_fac_001,to,0
d003510,c_fac_007,to,0
d003511,c_fac_013,to,0
d003512,c_fac_022,to,0
d003513,c_fac_028,to,0
d003514,c_fac_036,to,0
d003515,c_fac_042,to,0
d003516,c_fac_047,to,0
d003517,c_fac_053,to,0
d003518,c_fac_061,to,0
d003519,c_marcus,to,0
d003520,c_jamie_lee,to,0
d003521,c_fac_009,to,0
d003522,c_fac_029,to,0
d003523,c_fac_049,to,0
d003524,c_fac_069,to,0
d003525,c_chris,to,0
d003525,c_noah,to,1
d003525,c_elena,to,2
d003525,c_marcus,cc,3
d003526,c_chris,to,0
d003527,c_morgan_shaw,to,0
d003528,c_pat,to,0
d003529,c_fac_066,to,0
d003530,c_fac_072,to,0
d003531,c_fac_078,to,0
d003532,c_fac_086,to,0
d003533,c_priya,to,0
d003533,c_quinn,cc,1
d003534,c_noah,to,0
d003535,c_alex_chen,to,0
d003536,c_alex_chen,to,0
d003537,c_lee,to,0
d003538,c_hana,to,0
d003539,c_fac_020,to,0
d003540,c_fac_040,to,0
d003541,c_fac_060,to,0
d003542,c_fac_080,to,0
d003543,c_elena,to,0
d003544,c_fac_008,to,0
d003545,c_fac_014,to,0
d003546,c_fac_022,to,0
d003547,c_fac_028,to,0
d003548,c_fac_034,to,0
d003549,c_fac_042,to,0
d003550,c_fac_049,to,0
d003551,c_fac_054,to,0
d003552,c_fac_062,to,0
d003553,c_fac_068,to,0
d003554,c_avery,to,0
d003554,c_devon,to,1
d003555,c_marcus,to,0
d003556,c_jamie_li,to,0
d003557,c_jamie_li,to,0
d003558,c_hana,to,0
d003559,c_elena,to,0
d003560,c_fac_030,to,0
d003561,c_fac_045,to,0
d003562,c_fac_065,to,0
d003563,c_fac_085,to,0
d003564,c_fac_077,to,0
d003565,c_fac_083,to,0
d003566,c_noah,to,0
d003566,c_elena,to,1
d003566,c_taylor,to,2
d003566,c_chris,cc,3
d003567,c_chris,to,0
d003567,c_noah,to,1
d003567,c_elena,to,2
d003567,c_marcus,cc,3
d003568,c_morgan_shaw,to,0
d003569,c_pat,to,0
d003570,c_quinn,to,0
d003571,c_morgan_shaw,to,0
d003571,c_morgan_zhao,to,1
d003572,c_fac_011,to,0
d003573,c_fac_036,to,0
d003574,c_fac_056,to,0
d003575,c_fac_076,to,0
d003576,c_lena,to,0
d003577,c_taylor,to,0
d003578,c_elena,to,0
d003578,c_taylor,to,1
d003578,c_lena,to,2
d003579,c_ren,to,0
d003580,c_ren,to,0
d003581,c_fac_008,to,0
d003582,c_fac_014,to,0
d003583,c_fac_020,to,0
d003584,c_fac_028,to,0
d003585,c_fac_034,to,0
d003586,c_fac_040,to,0
d003587,c_fac_045,to,0
d003588,c_fac_053,to,0
d003589,c_fac_060,to,0
d003590,c_noah,to,0
d003590,c_elena,to,1
d003590,c_taylor,to,2
d003590,c_chris,cc,3
d003590,c_lena,bcc,4
d003591,c_noah,to,0
d003592,c_fac_021,to,0
d003593,c_fac_041,to,0
d003594,c_fac_061,to,0
d003595,c_fac_081,to,0
d003596,c_alex_chen,to,0
d003597,c_morgan_shaw,to,0
d003598,c_ren,to,0
d003599,c_fac_065,to,0
d003600,c_fac_073,to,0
d003601,c_fac_079,to,0
d003602,c_fac_085,to,0
d003603,c_priya,to,0
d003603,c_quinn,cc,1
d003604,c_noah,to,0
d003605,c_noah,to,0
d003605,c_elena,to,1
d003605,c_taylor,to,2
d003605,c_chris,cc,3
d003606,c_noah,to,0
d003606,c_taylor,to,1
d003606,c_chris,cc,2
d003607,c_morgan_zhao,to,0
d003608,c_ren,to,0
d003609,c_fac_017,to,0
d003610,c_fac_037,to,0
d003611,c_fac_057,to,0
d003612,c_fac_082,to,0
d003613,c_hana,to,0
d003614,c_noah,to,0
d003615,c_fac_009,to,0
d003616,c_fac_015,to,0
d003617,c_fac_021,to,0
d003618,c_fac_029,to,0
d003619,c_fac_036,to,0
d003620,c_fac_044,to,0
d003621,c_fac_050,to,0
d003622,c_fac_055,to,0
d003623,c_fac_061,to,0
d003624,c_fac_069,to,0
d003625,c_marcus,to,0
d003626,c_alex_chan,to,0
d003627,c_morgan_shaw,to,0
d003628,c_morgan_shaw,to,0
d003629,c_fac_007,to,0
d003630,c_chris,to,0
d003631,c_fac_032,to,0
d003632,c_fac_047,to,0
d003633,c_fac_067,to,0
d003634,c_fac_087,to,0
d003635,c_fac_076,to,0
d003636,c_fac_084,to,0
d003637,c_noah,to,0
d003637,c_elena,to,1
d003637,c_taylor,to,2
d003637,c_chris,cc,3
d003638,c_chris,to,0
d003638,c_noah,to,1
d003638,c_elena,to,2
d003638,c_marcus,cc,3
d003639,c_elena,to,0
d003639,c_taylor,to,1
d003639,c_lena,to,2
d003640,c_pat,to,0
d003641,c_maya,to,0
d003642,c_jamie_li,to,0
d003643,c_fac_013,to,0
d003644,c_fac_033,to,0
d003645,c_fac_053,to,0
d003646,c_fac_073,to,0
d003647,c_noah,to,0
d003647,c_elena,to,1
d003647,c_taylor,to,2
d003647,c_chris,cc,3
d003648,c_chris,to,0
d003648,c_noah,to,1
d003648,c_elena,to,2
d003648,c_marcus,cc,3
d003649,c_elena,to,0
d003649,c_taylor,to,1
d003649,c_lena,to,2
d003650,c_ren,to,0
d003651,c_fac_005,to,0
d003652,c_fac_011,to,0
d003653,c_fac_017,to,0
d003654,c_fac_025,to,0
d003655,c_fac_031,to,0
d003656,c_fac_037,to,0
d003657,c_fac_045,to,0
d003658,c_fac_052,to,0
d003659,c_fac_060,to,0
d003660,c_priya,to,0
d003661,c_marcus,to,0
d003662,c_morgan_zhao,to,0
d003663,c_fac_018,to,0
d003664,c_fac_038,to,0
d003665,c_fac_058,to,0
d003666,c_lena,to,0
d003667,c_elena,to,0
d003667,c_taylor,to,1
d003667,c_lena,to,2
d003668,c_morgan_zhao,to,0
d003669,c_noah,to,0
d003669,c_elena,to,1
d003669,c_taylor,to,2
d003669,c_chris,cc,3
d003670,c_fac_065,to,0
d003671,c_fac_071,to,0
d003672,c_fac_077,to,0
d003673,c_fac_086,to,0
d003674,c_alex_chen,to,0
d003675,c_jamie_li,to,0
d003676,c_noah,to,0
d003677,c_ren,to,0
d003678,c_marcus,to,0
d003679,c_jamie_lee,to,0
d003680,c_fac_009,to,0
d003681,c_fac_034,to,0
d003682,c_fac_054,to,0
d003683,c_fac_074,to,0
d003684,c_noah,to,0
d003684,c_elena,to,1
d003684,c_taylor,to,2
d003684,c_chris,cc,3
d003685,c_chris,to,0
d003685,c_noah,to,1
d003685,c_elena,to,2
d003685,c_marcus,cc,3
d003686,c_chris,to,0
d003687,c_pat,to,0
d003688,c_fac_003,to,0
d003689,c_fac_012,to,0
d003690,c_fac_018,to,0
d003691,c_fac_026,to,0
d003692,c_fac_032,to,0
d003693,c_fac_038,to,0
d003694,c_noah,to,0
d003694,c_elena,to,1
d003694,c_taylor,to,2
d003694,c_chris,cc,3
d003695,c_fac_051,to,0
d003696,c_fac_058,to,0
d003697,c_priya,to,0
d003698,c_alex_chan,to,0
d003699,c_fac_004,to,0
d003700,c_fac_024,to,0
d003701,c_fac_044,to,0
d003702,c_fac_064,to,0
d003703,c_fac_084,to,0
d003704,c_chris,to,0
d003705,c_jamie_li,to,0
d003706,c_noah,to,0
d003706,c_elena,to,1
d003706,c_taylor,to,2
d003706,c_chris,cc,3
d003707,c_fac_063,to,0
d003708,c_fac_071,to,0
d003709,c_fac_077,to,0
d003710,c_fac_083,to,0
d003711,c_noah,to,0
d003711,c_elena,to,1
d003711,c_taylor,to,2
d003711,c_chris,cc,3
d003712,c_noah,to,0
d003713,c_alex_chen,to,0
d003714,c_alex_chen,to,0
d003715,c_lee,to,0
d003716,c_hana,to,0
d003717,c_fac_020,to,0
d003718,c_fac_040,to,0
d003719,c_fac_065,to,0
d003720,c_fac_085,to,0
d003721,c_fac_003,to,0
d003722,c_fac_007,to,0
d003723,c_fac_013,to,0
d003724,c_fac_019,to,0
d003725,c_fac_027,to,0
d003726,c_fac_033,to,0
d003727,c_fac_042,to,0
d003728,c_fac_048,to,0
d003729,c_fac_053,to,0
d003730,c_fac_059,to,0
d003731,c_fac_067,to,0
d003732,c_priya,to,0
d003732,c_quinn,cc,1
d003733,c_quinn,to,0
d003734,c_jamie_lee,to,0
d003735,c_jamie_li,to,0
d003736,c_ren,to,0
d003737,c_fac_015,to,0
d003738,c_fac_025,to,0
d003739,c_fac_040,to,0
d003740,c_fac_060,to,0
d003741,c_fac_080,to,0
d003742,c_fac_077,to,0
d003743,c_fac_083,to,0
d003744,c_fac_089,to,0
d003745,c_alex_chen,to,0
d003746,c_jamie_li,to,0
d003747,c_lee,to,0
d003748,c_priya,to,0
d003749,c_jamie_lee,to,0
d003749,c_jamie_li,to,1
d003750,c_fac_011,to,0
d003751,c_fac_031,to,0
d003752,c_fac_051,to,0
d003753,c_fac_071,to,0
d003754,c_noah,to,0
d003754,c_elena,to,1
d003754,c_taylor,to,2
d003754,c_chris,cc,3
d003755,c_chris,to,0
d003755,c_noah,to,1
d003755,c_elena,to,2
d003755,c_marcus,cc,3
d003756,c_morgan_shaw,to,0
d003757,c_pat,to,0
d003758,c_ren,to,0
d003759,c_fac_005,to,0
d003760,c_fac_013,to,0
d003761,c_fac_019,to,0
d003762,c_fac_025,to,0
d003763,c_fac_033,to,0
d003764,c_fac_039,to,0
d003765,c_fac_044,to,0
d003766,c_fac_053,to,0
d003767,c_fac_059,to,0
d003768,c_alex_chan,to,0
d003768,c_alex_chen,to,1
d003769,c_fac_001,to,0
d003770,c_fac_016,to,0
d003771,c_fac_036,to,0
d003772,c_fac_056,to,0
d003773,c_fac_081,to,0
d003774,c_alex_chan,to,0
d003775,c_jamie_li,to,0
d003776,c_pat,to,0
d003777,c_fac_063,to,0
d003778,c_fac_069,to,0
d003779,c_fac_075,to,0
d003780,c_fac_083,to,0
d003781,c_noah,to,0
d003781,c_elena,to,1
d003781,c_taylor,to,2
d003781,c_chris,cc,3
d003782,c_elena,to,0
d003783,c_avery,to,0
d003783,c_devon,to,1
d003784,c_jamie_lee,to,0
d003785,c_jamie_lee,to,0
d003786,c_pat,to,0
d003787,c_fac_007,to,0
d003788,c_fac_027,to,0
d003789,c_fac_052,to,0
d003790,c_fac_072,to,0
d003791,c_noah,to,0
d003791,c_elena,to,1
d003791,c_taylor,to,2
d003791,c_chris,cc,3
d003792,c_elena,to,0
d003793,c_fac_005,to,0
d003794,c_fac_011,to,0
d003795,c_fac_019,to,0
d003796,c_fac_026,to,0
d003797,c_fac_034,to,0
d003798,c_fac_040,to,0
d003799,c_fac_046,to,0
d003800,c_fac_051,to,0
d003801,c_fac_059,to,0
d003802,c_fac_065,to,0
d003803,c_priya,to,0
d003803,c_quinn,cc,1
d003804,c_avery,to,0
d003804,c_devon,to,1
d003805,c_jamie_li,to,0
d003806,c_morgan_zhao,to,0
d003807,c_ren,to,0
d003808,c_fac_017,to,0
d003809,c_fac_022,to,0
d003810,c_fac_037,to,0
d003811,c_fac_057,to,0
d003812,c_fac_082,to,0
d003813,c_fac_074,to,0
d003814,c_fac_080,to,0
d003815,c_fac_086,to,0
d003816,c_alex_chan,to,0
d003817,c_jamie_li,to,0
d003818,c_morgan_zhao,to,0
d003819,c_priya,to,0
d003820,c_alex_chen,to,0
d003821,c_fac_003,to,0
d003822,c_fac_023,to,0
d003823,c_fac_043,to,0
d003824,c_fac_063,to,0
d003825,c_fac_083,to,0
d003826,c_alex_chan,to,0
d003827,c_morgan_shaw,to,0
d003828,c_lee,to,0
d003829,c_fac_001,to,0
d003830,c_fac_007,to,0
d003831,c_fac_015,to,0
d003832,c_fac_021,to,0
d003833,c_fac_027,to,0
d003834,c_fac_035,to,0
d003835,c_fac_042,to,0
d003836,c_fac_047,to,0
d003837,c_fac_055,to,0
d003838,c_fac_061,to,0
d003839,c_maya,to,0
d003840,c_alex_chen,to,0
d003841,c_fac_003,to,0
d003842,c_fac_028,to,0
d003843,c_fac_048,to,0
d003844,c_fac_068,to,0
d003845,c_alex_chan,to,0
d003846,c_jamie_lee,to,0
d003847,c_lee,to,0
d003848,c_fac_078,to,0
d003849,c_fac_066,to,0
d003850,c_fac_075,to,0
d003851,c_fac_081,to,0
d003852,c_fac_087,to,0
d003853,c_jamie_lee,to,0
d003854,c_morgan_shaw,to,0
d003855,c_morgan_zhao,to,0
d003856,c_noah,to,0
d003856,c_elena,to,1
d003856,c_taylor,to,2
d003856,c_chris,cc,3
d003857,c_noah,to,0
d003857,c_elena,to,1
d003857,c_taylor,to,2
d003857,c_chris,cc,3
d003857,c_lena,bcc,4
d003858,c_sam,to,0
d003859,c_fac_019,to,0
d003860,c_fac_039,to,0
d003861,c_fac_059,to,0
d003862,c_fac_079,to,0
d003863,c_alex_chan,to,0
d003864,c_taylor,to,0
d003865,c_elena,to,0
d003865,c_taylor,to,1
d003865,c_lena,to,2
d003866,c_ren,to,0
d003867,c_fac_006,to,0
d003868,c_fac_012,to,0
d003869,c_fac_018,to,0
d003870,c_fac_026,to,0
d003871,c_fac_032,to,0
d003872,c_fac_038,to,0
d003873,c_fac_046,to,0
d003874,c_fac_052,to,0
d003875,c_fac_058,to,0
d003876,c_maya,to,0
d003877,c_jamie_lee,to,0
d003878,c_fac_009,to,0
d003879,c_fac_029,to,0
d003880,c_fac_049,to,0
d003881,c_fac_074,to,0
d003882,c_taylor,to,0
d003883,c_elena,to,0
d003883,c_taylor,to,1
d003883,c_lena,to,2
d003884,c_morgan_shaw,to,0
d003885,c_pat,to,0
d003886,c_fac_066,to,0
d003887,c_fac_072,to,0
d003888,c_fac_078,to,0
d003889,c_fac_087,to,0
d003890,c_hana,to,0
d003891,c_marcus,to,0
d003892,c_jamie_lee,to,0
d003893,c_morgan_shaw,to,0
d003894,c_pat,to,0
d003895,c_fac_005,to,0
d003896,c_fac_030,to,0
d003897,c_fac_050,to,0
d003898,c_fac_070,to,0
d003899,c_noah,to,0
d003899,c_elena,to,1
d003899,c_taylor,to,2
d003899,c_chris,cc,3
d003900,c_elena,to,0
d003901,c_fac_008,to,0
d003902,c_fac_014,to,0
d003903,c_fac_022,to,0
d003904,c_fac_029,to,0
d003905,c_fac_037,to,0
d003906,c_fac_043,to,0
d003907,c_fac_049,to,0
d003908,c_fac_054,to,0
d003909,c_fac_062,to,0
d003910,c_fac_068,to,0
d003911,c_avery,to,0
d003911,c_devon,to,1
d003912,c_alex_chan,to,0
d003913,c_morgan_shaw,to,0
d003914,c_lee,to,0
d003915,c_hana,to,0
d003916,c_elena,to,0
d003917,c_fac_030,to,0
d003918,c_fac_045,to,0
d003919,c_fac_070,to,0
d003920,c_fac_072,to,0
d003921,c_fac_078,to,0
d003922,c_fac_084,to,0
d003923,c_noah,to,0
d003923,c_elena,to,1
d003923,c_taylor,to,2
d003923,c_chris,cc,3
d003924,c_chris,to,0
d003924,c_noah,to,1
d003924,c_elena,to,2
d003924,c_marcus,cc,3
d003925,c_morgan_shaw,to,0
d003926,c_pat,to,0
d003927,c_alex_chan,to,0
d003927,c_alex_chen,to,1
d003928,c_fac_001,to,0
d003929,c_fac_016,to,0
d003930,c_fac_036,to,0
d003931,c_fac_056,to,0
d003932,c_fac_076,to,0
d003933,c_lena,to,0
d003934,c_taylor,to,0
d003935,c_morgan_zhao,to,0
d003936,c_sam,to,0
d003937,c_hana,to,0
d003938,c_fac_008,to,0
d003939,c_fac_014,to,0
d003940,c_fac_020,to,0
d003941,c_fac_028,to,0
d003942,c_fac_035,to,0
d003943,c_noah,to,0
d003943,c_elena,to,1
d003943,c_taylor,to,2
d003943,c_chris,cc,3
d003944,c_fac_048,to,0
d003945,c_fac_054,to,0
d003946,c_fac_060,to,0
d003947,c_alex_chan,to,0
d003947,c_alex_chen,to,1
d003948,c_fac_001,to,0
d003949,c_fac_016,to,0
d003950,c_fac_041,to,0
d003951,c_fac_061,to,0
d003952,c_fac_081,to,0
d003953,c_alex_chan,to,0
d003954,c_jamie_li,to,0
d003955,c_pat,to,0
d003956,c_fac_063,to,0
d003957,c_fac_069,to,0
d003958,c_fac_078,to,0
d003959,c_fac_084,to,0
d003960,c_noah,to,0
d003960,c_elena,to,1
d003960,c_taylor,to,2
d003960,c_chris,cc,3
d003961,c_elena,to,0
d003962,c_avery,to,0
d003962,c_devon,to,1
d003963,c_jamie_lee,to,0
d003964,c_jamie_lee,to,0
d003965,c_morgan_shaw,to,0
d003966,c_fac_012,to,0
d003967,c_fac_032,to,0
d003968,c_fac_052,to,0
d003969,c_fac_072,to,0
d003970,c_noah,to,0
d003970,c_elena,to,1
d003970,c_taylor,to,2
d003970,c_chris,cc,3
d003971,c_elena,to,0
d003972,c_fac_005,to,0
d003973,c_fac_014,to,0
d003974,c_fac_021,to,0
d003975,c_fac_029,to,0
d003976,c_fac_035,to,0
d003977,c_fac_041,to,0
d003978,c_fac_049,to,0
d003979,c_fac_054,to,0
d003980,c_fac_060,to,0
d003981,c_fac_069,to,0
d003982,c_marcus,to,0
d003983,c_alex_chan,to,0
d003984,c_alex_chan,to,0
d003985,c_lee,to,0
d003986,c_fac_002,to,0
d003987,c_elena,to,0
d003988,c_fac_027,to,0
d003989,c_fac_047,to,0
d003990,c_fac_067,to,0
d003991,c_fac_087,to,0
d003992,c_fac_075,to,0
d003993,c_fac_081,to,0
d003994,c_fac_089,to,0
d003995,c_chris,to,0
d003995,c_noah,to,1
d003995,c_elena,to,2
d003995,c_marcus,cc,3
d003996,c_noah,to,0
d003997,c_ren,to,0
d003998,c_hana,to,0
d003999,c_jamie_li,to,0
d004000,c_fac_008,to,0
d004001,c_fac_028,to,0
d004002,c_fac_048,to,0
d004003,c_fac_068,to,0
d004004,c_noah,to,0
d004004,c_elena,to,1
d004004,c_taylor,to,2
d004004,c_chris,cc,3
d004005,c_chris,to,0
d004005,c_noah,to,1
d004005,c_elena,to,2
d004005,c_marcus,cc,3
d004006,c_elena,to,0
d004006,c_taylor,to,1
d004006,c_lena,to,2
d004007,c_pat,to,0
d004008,c_fac_002,to,0
d004009,c_fac_010,to,0
d004010,c_fac_016,to,0
d004011,c_fac_022,to,0
d004012,c_fac_031,to,0
d004013,c_fac_037,to,0
d004014,c_noah,to,0
d004014,c_elena,to,1
d004014,c_taylor,to,2
d004014,c_chris,cc,3
d004015,c_fac_050,to,0
d004016,c_fac_056,to,0
d004017,c_fac_062,to,0
d004018,c_hana,to,0
d004019,c_noah,to,0
d004020,c_fac_013,to,0
d004021,c_fac_033,to,0
d004022,c_fac_053,to,0
d004023,c_fac_073,to,0
d004024,c_alex_chen,to,0
d004025,c_jamie_li,to,0
d004026,c_pat,to,0
d004027,c_fac_088,to,0
d004028,c_fac_070,to,0
d004029,c_fac_076,to,0
d004030,c_fac_082,to,0
d004031,c_noah,to,0
d004031,c_elena,to,1
d004031,c_taylor,to,2
d004031,c_chris,cc,3
d004032,c_chris,to,0
d004032,c_noah,to,1
d004032,c_elena,to,2
d004032,c_marcus,cc,3
d004033,c_chris,to,0
d004034,c_lee,to,0
d004035,c_maya,to,0
d004036,c_alex_chan,to,0
d004037,c_fac_004,to,0
d004038,c_fac_024,to,0
d004039,c_fac_044,to,0
d004040,c_fac_064,to,0
d004041,c_fac_084,to,0
d004042,c_jamie_lee,to,0
d004043,c_morgan_shaw,to,0
d004044,c_morgan_zhao,to,0
d004045,c_fac_001,to,0
d004046,c_fac_007,to,0
d004047,c_fac_013,to,0
d004048,c_fac_021,to,0
d004049,c_fac_027,to,0
d004050,c_fac_036,to,0
d004051,c_fac_042,to,0
d004052,c_fac_047,to,0
d004053,c_fac_053,to,0
d004054,c_fac_061,to,0
d004055,c_maya,to,0
d004056,c_alex_chan,to,0
d004057,c_fac_004,to,0
d004058,c_fac_029,to,0
d004059,c_fac_049,to,0
d004060,c_fac_069,to,0
d004061,c_chris,to,0
d004061,c_noah,to,1
d004061,c_elena,to,2
d004061,c_marcus,cc,3
d004062,c_chris,to,0
d004063,c_jamie_li,to,0
d004064,c_noah,to,0
d004064,c_elena,to,1
d004064,c_taylor,to,2
d004064,c_chris,cc,3
d004065,c_fac_066,to,0
d004066,c_fac_072,to,0
d004067,c_fac_078,to,0
d004068,c_fac_086,to,0
d004069,c_priya,to,0
d004069,c_quinn,cc,1
d004070,c_noah,to,0
d004071,c_noah,to,0
d004071,c_elena,to,1
d004071,c_taylor,to,2
d004071,c_chris,cc,3
d004072,c_noah,to,0
d004072,c_taylor,to,1
d004072,c_chris,cc,2
d004073,c_lee,to,0
d004074,c_hana,to,0
d004075,c_fac_020,to,0
d004076,c_fac_040,to,0
d004077,c_fac_060,to,0
d004078,c_fac_080,to,0
d004079,c_fac_002,to,0
d004080,c_fac_004,to,0
d004081,c_fac_013,to,0
d004082,c_fac_019,to,0
d004083,c_fac_027,to,0
d004084,c_fac_033,to,0
d004085,c_fac_039,to,0
d004086,c_fac_047,to,0
d004087,c_noah,to,0
d004087,c_elena,to,1
d004087,c_taylor,to,2
d004087,c_chris,cc,3
d004088,c_fac_058,to,0
d004089,c_fac_067,to,0
d004090,c_priya,to,0
d004090,c_quinn,cc,1
d004091,c_quinn,to,0
d004092,c_jamie_lee,to,0
d004093,c_morgan_zhao,to,0
d004094,c_morgan_zhao,to,0
d004095,c_fac_010,to,0
d004096,c_fac_025,to,0
d004097,c_fac_040,to,0
d004098,c_fac_060,to,0
d004099,c_fac_080,to,0
d004100,c_fac_074,to,0
d004101,c_fac_082,to,0
d004102,c_fac_088,to,0
d004103,c_chris,to,0
d004103,c_noah,to,1
d004103,c_elena,to,2
d004103,c_marcus,cc,3
d004104,c_morgan_zhao,to,0
d004105,c_quinn,to,0
d004106,c_fac_001,to,0
d004107,c_fac_016,to,0
d004108,c_fac_036,to,0
d004109,c_fac_056,to,0
d004110,c_fac_076,to,0
d004111,c_alex_chan,to,0
d004112,c_jamie_li,to,0
d004113,c_pat,to,0
d004114,c_pat,to,0
d004115,c_fac_004,to,0
d004116,c_fac_010,to,0
d004117,c_fac_018,to,0
d004118,c_fac_024,to,0
d004119,c_fac_033,to,0
d004120,c_fac_039,to,0
d004121,c_fac_044,to,0
d004122,c_fac_050,to,0
d004123,c_fac_058,to,0
d004124,c_priya,to,0
d004125,c_jamie_lee,to,0
d004125,c_jamie_li,to,1
d004126,c_fac_006,to,0
d004127,c_fac_031,to,0
d004128,c_fac_051,to,0
d004129,c_fac_071,to,0
d004130,c_taylor,to,0
d004131,c_jamie_lee,to,0
d004132,c_morgan_zhao,to,0
d004133,c_noah,to,0
d004133,c_elena,to,1
d004133,c_taylor,to,2
d004133,c_chris,cc,3
d004134,c_fac_065,to,0
d004135,c_fac_074,to,0
d004136,c_fac_080,to,0
d004137,c_fac_088,to,0
d004138,c_marcus,to,0
d004139,c_quinn,to,0
d004140,c_alex_chen,to,0
d004141,c_jamie_li,to,0
d004142,c_pat,to,0
d004143,c_fac_007,to,0
d004144,c_fac_027,to,0
d004145,c_fac_047,to,0
d004146,c_fac_067,to,0
d004147,c_fac_087,to,0
d004148,c_fac_001,to,0
d004149,c_fac_004,to,0
d004150,c_fac_011,to,0
d004151,c_fac_019,to,0
d004152,c_fac_025,to,0
d004153,c_fac_031,to,0
d004154,c_fac_039,to,0
d004155,c_fac_046,to,0
d004156,c_fac_051,to,0
d004157,c_fac_059,to,0
d004158,c_fac_066,to,0
d004159,c_avery,to,0
d004159,c_devon,to,1
d004160,c_avery,to,0
d004160,c_devon,to,1
d004161,c_jamie_li,to,0
d004162,c_morgan_zhao,to,0
d004163,c_ren,to,0
d004164,c_fac_017,to,0
d004165,c_fac_027,to,0
d004166,c_fac_042,to,0
d004167,c_fac_062,to,0
d004168,c_fac_082,to,0
d004169,c_fac_074,to,0
d004170,c_fac_080,to,0
d004171,c_fac_086,to,0
d004172,c_alex_chan,to,0
d004173,c_morgan_shaw,to,0
d004174,c_lee,to,0
d004175,c_priya,to,0
d004176,c_marcus,to,0
d004177,c_morgan_zhao,to,0
d004178,c_fac_018,to,0
d004179,c_fac_038,to,0
d004180,c_fac_058,to,0
d004181,c_fac_083,to,0
d004182,c_alex_chan,to,0
d004183,c_jamie_li,to,0
d004184,c_morgan_zhao,to,0
d004185,c_hana,to,0
d004186,c_fac_006,to,0
d004187,c_fac_012,to,0
d004188,c_fac_021,to,0
d004189,c_fac_027,to,0
d004190,c_fac_035,to,0
d004191,c_fac_041,to,0
d004192,c_fac_046,to,0
d004193,c_fac_052,to,0
d004194,c_fac_060,to,0
d004195,c_priya,to,0
d004196,c_alex_chen,to,0
d004197,c_fac_003,to,0
d004198,c_fac_023,to,0
d004199,c_fac_043,to,0
d004200,c_fac_063,to,0
d004201,c_lena,to,0
d004202,c_elena,to,0
d004202,c_taylor,to,1
d004202,c_lena,to,2
d004203,c_morgan_zhao,to,0
d004204,c_fac_078,to,0
d004205,c_fac_066,to,0
d004206,c_fac_072,to,0
d004207,c_fac_080,to,0
d004208,c_fac_086,to,0
d004209,c_alex_chen,to,0
d004210,c_jamie_li,to,0
d004211,c_noah,to,0
d004212,c_priya,to,0
d004213,c_avery,to,0
d004213,c_devon,to,1
d004214,c_sam,to,0
d004215,c_fac_019,to,0
d004216,c_fac_039,to,0
d004217,c_fac_059,to,0
d004218,c_fac_079,to,0
d004219,c_alex_chen,to,0
d004220,c_jamie_li,to,0
d004221,c_noah,to,0
d004222,c_ren,to,0
d004223,c_fac_006,to,0
d004224,c_fac_012,to,0
d004225,c_fac_018,to,0
d004226,c_fac_026,to,0
d004227,c_fac_033,to,0
d004228,c_fac_041,to,0
d004229,c_fac_046,to,0
d004230,c_fac_052,to,0
d004231,c_fac_058,to,0
d004232,c_priya,to,0
d004233,c_avery,to,0
d004233,c_devon,to,1
d004234,c_sam,to,0
d004235,c_fac_024,to,0
d004236,c_fac_044,to,0
d004237,c_fac_064,to,0
d004238,c_fac_084,to,0
d004239,c_alex_chen,to,0
d004240,c_jamie_lee,to,0
d004241,c_lee,to,0
d004242,c_fac_063,to,0
d004243,c_fac_071,to,0
d004244,c_fac_077,to,0
d004245,c_fac_083,to,0
d004246,c_noah,to,0
d004246,c_elena,to,1
d004246,c_taylor,to,2
d004246,c_chris,cc,3
d004247,c_elena,to,0
d004248,c_alex_chan,to,0
d004249,c_jamie_li,to,0
d004250,c_morgan_zhao,to,0
d004251,c_morgan_zhao,to,0
d004252,c_fac_015,to,0
d004253,c_fac_035,to,0
d004254,c_fac_055,to,0
d004255,c_fac_075,to,0
d004256,c_sam,to,0
d004257,c_noah,to,0
d004258,c_fac_012,to,0
d004259,c_fac_018,to,0
d004260,c_fac_024,to,0
d004261,c_fac_032,to,0
d004262,c_fac_038,to,0
d004263,c_fac_044,to,0
d004264,c_fac_052,to,0
d004265,c_fac_058,to,0
d004266,c_fac_064,to,0
d004267,c_noah,to,0
d004267,c_elena,to,1
d004267,c_taylor,to,2
d004267,c_chris,cc,3
d004268,c_noah,to,0
d004268,c_taylor,to,1
d004268,c_chris,cc,2
d004269,c_alex_chen,to,0
d004270,c_alex_chen,to,0
d004271,c_pat,to,0
d004272,c_fac_005,to,0
d004273,c_fac_020,to,0
d004274,c_noah,to,0
d004274,c_elena,to,1
d004274,c_taylor,to,2
d004274,c_chris,cc,3
d004275,c_fac_055,to,0
d004276,c_fac_075,to,0
d004277,c_fac_073,to,0
d004278,c_fac_079,to,0
d004279,c_fac_087,to,0
d004280,c_lena,to,0
d004281,c_jamie_lee,to,0
d004282,c_morgan_zhao,to,0
d004283,c_noah,to,0
d004283,c_elena,to,1
d004283,c_taylor,to,2
d004283,c_chris,cc,3
d004284,c_noah,to,0
d004284,c_elena,to,1
d004284,c_taylor,to,2
d004284,c_chris,cc,3
d004284,c_lena,bcc,4
d004285,c_noah,to,0
d004286,c_fac_021,to,0
d004287,c_fac_041,to,0
d004288,c_fac_066,to,0
d004289,c_fac_086,to,0
d004290,c_alex_chen,to,0
d004291,c_jamie_li,to,0
d004292,c_pat,to,0
d004293,c_pat,to,0
d004294,c_fac_004,to,0
d004295,c_fac_010,to,0
d004296,c_fac_019,to,0
d004297,c_fac_025,to,0
d004298,c_fac_033,to,0
d004299,c_fac_039,to,0
d004300,c_fac_045,to,0
d004301,c_fac_053,to,0
d004302,c_fac_059,to,0
d004303,c_quinn,to,0
d004304,c_noah,to,0
d004305,c_fac_021,to,0
d004306,c_fac_041,to,0
d004307,c_fac_061,to,0
d004308,c_fac_081,to,0
d004309,c_alex_chen,to,0
d004310,c_morgan_zhao,to,0
d004311,c_noah,to,0
d004311,c_elena,to,1
d004311,c_taylor,to,2
d004311,c_chris,cc,3
d004312,c_fac_068,to,0
d004313,c_fac_074,to,0
d004314,c_fac_080,to,0
d004315,c_fac_088,to,0
d004316,c_avery,to,0
d004316,c_devon,to,1
d004317,c_noah,to,0
d004318,c_noah,to,0
d004318,c_elena,to,1
d004318,c_taylor,to,2
d004318,c_chris,cc,3
d004319,c_jamie_li,to,0
d004320,c_lee,to,0
d004321,c_fac_002,to,0
d004322,c_fac_022,to,0
d004323,c_fac_042,to,0
d004324,c_fac_062,to,0
d004325,c_fac_082,to,0
d004326,c_hana,to,0
d004327,c_fac_004,to,0
d004328,c_fac_010,to,0
d004329,c_fac_016,to,0
d004330,c_fac_024,to,0
d004331,c_fac_030,to,0
d004332,c_fac_036,to,0
d004333,c_fac_044,to,0
d004334,c_fac_050,to,0
d004335,c_fac_059,to,0
d004336,c_fac_065,to,0
d004337,c_priya,to,0
d004337,c_quinn,cc,1
d004338,c_quinn,to,0
d004339,c_jamie_lee,to,0
d004340,c_jamie_lee,to,0
d004341,c_pat,to,0
d004342,c_fac_017,to,0
d004343,c_fac_022,to,0
d004344,c_fac_037,to,0
d004345,c_fac_057,to,0
d004346,c_fac_077,to,0
d004347,c_fac_071,to,0
d004348,c_fac_079,to,0
d004349,c_fac_085,to,0
d004350,c_alex_chan,to,0
d004351,c_jamie_li,to,0
d004352,c_morgan_zhao,to,0
d004353,c_noah,to,0
d004353,c_elena,to,1
d004353,c_taylor,to,2
d004353,c_chris,cc,3
d004354,c_noah,to,0
d004354,c_elena,to,1
d004354,c_taylor,to,2
d004354,c_chris,cc,3
d004354,c_lena,bcc,4
d004355,c_noah,to,0
d004356,c_fac_013,to,0
d004357,c_fac_033,to,0
d004358,c_fac_058,to,0
d004359,c_fac_078,to,0
d004360,c_lena,to,0
d004361,c_jamie_lee,to,0
d004362,c_noah,to,0
d004363,c_ren,to,0
d004364,c_fac_005,to,0
d004365,c_fac_012,to,0
d004366,c_fac_020,to,0
d004367,c_fac_026,to,0
d004368,c_fac_032,to,0
d004369,c_fac_040,to,0
d004370,c_fac_045,to,0
d004371,c_fac_051,to,0
d004372,c_fac_057,to,0
d004373,c_priya,to,0
d004374,c_marcus,to,0
d004375,c_morgan_zhao,to,0
d004376,c_fac_018,to,0
d004377,c_fac_038,to,0
d004378,c_fac_058,to,0
d004379,c_chris,to,0
d004379,c_noah,to,1
d004379,c_elena,to,2
d004379,c_marcus,cc,3
d004380,c_noah,to,0
d004381,c_morgan_zhao,to,0
d004382,c_noah,to,0
d004382,c_elena,to,1
d004382,c_taylor,to,2
d004382,c_chris,cc,3
d004383,c_fac_065,to,0
d004384,c_fac_071,to,0
d004385,c_fac_077,to,0
d004386,c_fac_085,to,0
d004387,c_alex_chan,to,0
d004388,c_jamie_li,to,0
d004389,c_noah,to,0
d004390,c_ren,to,0
d004391,c_marcus,to,0
d004392,c_jamie_lee,to,0
d004393,c_fac_009,to,0
d004394,c_fac_029,to,0
d004395,c_fac_049,to,0
d004396,c_fac_074,to,0
d004397,c_noah,to,0
d004397,c_elena,to,1
d004397,c_taylor,to,2
d004397,c_chris,cc,3
d004398,c_chris,to,0
d004398,c_noah,to,1
d004398,c_elena,to,2
d004398,c_marcus,cc,3
d004399,c_chris,to,0
d004400,c_lee,to,0
d004401,c_fac_002,to,0
d004402,c_fac_008,to,0
d004403,c_fac_016,to,0
d004404,c_fac_023,to,0
d004405,c_fac_031,to,0
d004406,c_fac_037,to,0
d004407,c_fac_043,to,0
d004408,c_fac_048,to,0
d004409,c_fac_056,to,0
d004410,c_fac_062,to,0
d004411,c_marcus,to,0
d004412,c_morgan_shaw,to,0
d004413,c_fac_014,to,0
d004414,c_fac_034,to,0
d004415,c_fac_054,to,0
d004416,c_fac_074,to,0
d004417,c_taylor,to,0
d004418,c_elena,to,0
d004418,c_taylor,to,1
d004418,c_lena,to,2
d004419,c_morgan_zhao,to,0
d004420,c_ren,to,0
d004421,c_fac_067,to,0
d004422,c_fac_073,to,0
d004423,c_fac_081,to,0
d004424,c_fac_087,to,0
d004425,c_avery,to,0
d004425,c_devon,to,1
d004426,c_quinn,to,0
d004427,c_jamie_lee,to,0
d004428,c_morgan_shaw,to,0
d004429,c_pat,to,0
d004430,c_fac_005,to,0
d004431,c_fac_025,to,0
d004432,c_fac_045,to,0
d004433,c_fac_065,to,0
d004434,c_fac_085,to,0
d004435,c_elena,to,0
d004436,c_fac_008,to,0
d004437,c_fac_014,to,0
d004438,c_fac_022,to,0
d004439,c_fac_028,to,0
d004440,c_fac_034,to,0
d004441,c_fac_042,to,0
d004442,c_fac_052,to,0
d004443,c_fac_058,to,0
d004444,c_fac_064,to,0
d004445,c_noah,to,0
d004445,c_elena,to,1
d004445,c_taylor,to,2
d004445,c_chris,cc,3
d004446,c_quinn,to,0
d004447,c_jamie_lee,to,0
d004448,c_morgan_zhao,to,0
d004449,c_morgan_zhao,to,0
d004450,c_fac_015,to,0
d004451,c_fac_025,to,0
d004452,c_fac_040,to,0
d004453,c_fac_060,to,0
d004454,c_fac_080,to,0
d004455,c_fac_074,to,0
d004456,c_fac_082,to,0
d004457,c_fac_088,to,0
d004458,c_alex_chen,to,0
d004459,c_jamie_li,to,0
d004460,c_lee,to,0
d004461,c_priya,to,0
d004462,c_jamie_lee,to,0
d004462,c_jamie_li,to,1
d004463,c_fac_006,to,0
d004464,c_fac_026,to,0
d004465,c_fac_051,to,0
d004466,c_fac_071,to,0
d004467,c_noah,to,0
d004467,c_elena,to,1
d004467,c_taylor,to,2
d004467,c_chris,cc,3
d004468,c_chris,to,0
d004468,c_noah,to,1
d004468,c_elena,to,2
d004468,c_marcus,cc,3
d004469,c_morgan_shaw,to,0
d004470,c_pat,to,0
d004471,c_pat,to,0
d004472,c_fac_004,to,0
d004473,c_fac_013,to,0
d004474,c_fac_019,to,0
d004475,c_fac_025,to,0
d004476,c_fac_033,to,0
d004477,c_fac_039,to,0
d004478,c_fac_044,to,0
d004479,c_fac_050,to,0
d004480,c_fac_058,to,0
d004481,c_quinn,to,0
d004482,c_fac_001,to,0
d004483,c_fac_016,to,0
d004484,c_fac_036,to,0
d004485,c_fac_056,to,0
d004486,c_fac_076,to,0
d004487,c_lena,to,0
d004488,c_jamie_li,to,0
d004489,c_ren,to,0
d004490,c_fac_064,to,0
d004491,c_fac_070,to,0
d004492,c_fac_078,to,0
d004493,c_fac_084,to,0
d004494,c_noah,to,0
d004494,c_elena,to,1
d004494,c_taylor,to,2
d004494,c_chris,cc,3
d004495,c_elena,to,0
d004496,c_alex_chan,to,0
d004497,c_noah,to,0
d004497,c_taylor,to,1
d004497,c_chris,cc,2
d004498,c_morgan_zhao,to,0
d004499,c_ren,to,0
d004500,c_fac_017,to,0
d004501,c_fac_037,to,0
d004502,c_fac_057,to,0
d004503,c_fac_077,to,0
d004504,c_hana,to,0
d004505,c_noah,to,0
d004506,c_fac_009,to,0
d004507,c_fac_015,to,0
d004508,c_fac_021,to,0
d004509,c_fac_029,to,0
d004510,c_fac_035,to,0
d004511,c_fac_044,to,0
d004512,c_fac_050,to,0
d004513,c_fac_055,to,0
d004514,c_fac_061,to,0
d004515,c_fac_069,to,0
d004516,c_marcus,to,0
d004517,c_alex_chan,to,0
d004518,c_alex_chan,to,0
d004519,c_morgan_shaw,to,0
d004520,c_fac_007,to,0
d004521,c_chris,to,0
d004522,c_fac_032,to,0
d004523,c_fac_047,to,0
d004524,c_fac_067,to,0
d004525,c_fac_087,to,0
d004526,c_fac_075,to,0
d004527,c_fac_084,to,0
d004528,c_noah,to,0
d004528,c_elena,to,1
d004528,c_taylor,to,2
d004528,c_chris,cc,3
d004529,c_chris,to,0
d004529,c_noah,to,1
d004529,c_elena,to,2
d004529,c_marcus,cc,3
d004530,c_elena,to,0
d004530,c_taylor,to,1
d004530,c_lena,to,2
d004531,c_pat,to,0
d004532,c_maya,to,0
d004533,c_alex_chen,to,0
d004534,c_fac_003,to,0
d004535,c_fac_028,to,0
d004536,c_fac_048,to,0
d004537,c_fac_068,to,0
d004538,c_fac_088,to,0
d004539,c_alex_chen,to,0
d004540,c_morgan_shaw,to,0
d004541,c_lee,to,0
d004542,c_fac_002,to,0
d004543,c_fac_010,to,0
d004544,c_fac_016,to,0
d004545,c_fac_022,to,0
d004546,c_fac_030,to,0
d004547,c_fac_036,to,0
d004548,c_fac_042,to,0
d004549,c_fac_047,to,0
d004550,c_fac_056,to,0
d004551,c_fac_062,to,0
d004552,c_hana,to,0
d004553,c_noah,to,0
d004554,c_fac_013,to,0
d004555,c_fac_033,to,0
d004556,c_fac_053,to,0
d004557,c_fac_073,to,0
d004558,c_noah,to,0
d004559,c_morgan_shaw,to,0
d004560,c_ren,to,0
d004561,c_fac_088,to,0
d004562,c_fac_070,to,0
d004563,c_fac_076,to,0
d004564,c_fac_082,to,0
d004565,c_alex_chan,to,0
d004566,c_taylor,to,0
d004567,c_elena,to,0
d004567,c_taylor,to,1
d004567,c_lena,to,2
d004568,c_pat,to,0
d004569,c_maya,to,0
d004570,c_alex_chan,to,0
d004571,c_fac_004,to,0
d004572,c_fac_024,to,0
d004573,c_fac_049,to,0
d004574,c_fac_069,to,0
d004575,c_fac_089,to,0
d004576,c_jamie_lee,to,0
d004577,c_morgan_shaw,to,0
d004578,c_morgan_zhao,to,0
d004579,c_fac_001,to,0
d004580,c_fac_007,to,0
d004581,c_fac_016,to,0
d004582,c_fac_022,to,0
d004583,c_fac_028,to,0
d004584,c_fac_036,to,0
d004585,c_fac_042,to,0
d004586,c_fac_047,to,0
d004587,c_fac_053,to,0
d004588,c_fac_062,to,0
d004589,c_marcus,to,0
d004590,c_jamie_lee,to,0
d004591,c_fac_009,to,0
d004592,c_fac_029,to,0
d004593,c_fac_049,to,0
d004594,c_fac_069,to,0
d004595,c_chris,to,0
d004595,c_noah,to,1
d004595,c_elena,to,2
d004595,c_marcus,cc,3
d004596,c_elena,to,0
d004596,c_taylor,to,1
d004596,c_lena,to,2
d004597,c_morgan_shaw,to,0
d004598,c_pat,to,0
d004599,c_fac_066,to,0
d004600,c_fac_072,to,0
d004601,c_fac_078,to,0
d004602,c_fac_086,to,0
d004603,c_priya,to,0
d004603,c_quinn,cc,1
d004604,c_quinn,to,0
d004605,c_alex_chen,to,0
d004606,c_alex_chen,to,0
d004607,c_lee,to,0
d004608,c_hana,to,0
d004609,c_fac_020,to,0
d004610,c_fac_040,to,0
d004611,c_fac_065,to,0
d004612,c_fac_085,to,0
d004613,c_fac_003,to,0
d004614,c_fac_007,to,0
d004615,c_fac_013,to,0
d004616,c_fac_019,to,0
d004617,c_fac_027,to,0
d004618,c_fac_033,to,0
d004619,c_fac_042,to,0
d004620,c_fac_048,to,0
d004621,c_fac_053,to,0
d004622,c_fac_062,to,0
d004623,c_fac_068,to,0
d004624,c_avery,to,0
d004624,c_devon,to,1
d004625,c_marcus,to,0
d004626,c_jamie_li,to,0
d004627,c_lee,to,0
d004628,c_hana,to,0
d004629,c_elena,to,0
d004630,c_fac_030,to,0
d004631,c_fac_045,to,0
d004632,c_fac_065,to,0
d004633,c_fac_085,to,0
d004634,c_fac_077,to,0
d004635,c_fac_084,to,0
d004636,c_noah,to,0
d004636,c_elena,to,1
d004636,c_taylor,to,2
d004636,c_chris,cc,3
d004637,c_chris,to,0
d004637,c_noah,to,1
d004637,c_elena,to,2
d004637,c_marcus,cc,3
d004638,c_elena,to,0
d004638,c_taylor,to,1
d004638,c_lena,to,2
d004639,c_ren,to,0
d004640,c_alex_chan,to,0
d004640,c_alex_chen,to,1
d004641,c_fac_001,to,0
d004642,c_fac_021,to,0
d004643,c_fac_041,to,0
d004644,c_fac_061,to,0
d004645,c_fac_081,to,0
d004646,c_alex_chan,to,0
d004647,c_jamie_lee,to,0
d004648,c_morgan_zhao,to,0
d004649,c_sam,to,0
d004650,c_fac_003,to,0
d004651,c_fac_009,to,0
d004652,c_fac_015,to,0
d004653,c_fac_023,to,0
d004654,c_fac_029,to,0
d004655,c_fac_035,to,0
d004656,c_noah,to,0
d004656,c_elena,to,1
d004656,c_taylor,to,2
d004656,c_chris,cc,3
d004657,c_fac_048,to,0
d004658,c_fac_055,to,0
d004659,c_noah,to,0
d004659,c_elena,to,1
d004659,c_taylor,to,2
d004659,c_chris,cc,3
d004660,c_jamie_lee,to,0
d004660,c_jamie_li,to,1
d004661,c_fac_006,to,0
d004662,c_fac_026,to,0
d004663,c_fac_046,to,0
d004664,c_fac_066,to,0
d004665,c_taylor,to,0
d004666,c_jamie_lee,to,0
d004667,c_morgan_zhao,to,0
d004668,c_noah,to,0
d004668,c_elena,to,1
d004668,c_taylor,to,2
d004668,c_chris,cc,3
d004669,c_fac_065,to,0
d004670,c_fac_073,to,0
d004671,c_fac_079,to,0
d004672,c_fac_085,to,0
d004673,c_avery,to,0
d004673,c_devon,to,1
d004674,c_noah,to,0
d004675,c_noah,to,0
d004675,c_elena,to,1
d004675,c_taylor,to,2
d004675,c_chris,cc,3
d004676,c_noah,to,0
d004676,c_taylor,to,1
d004676,c_chris,cc,2
d004677,c_morgan_zhao,to,0
d004678,c_ren,to,0
d004679,c_fac_017,to,0
d004680,c_fac_037,to,0
d004681,c_fac_062,to,0
d004682,c_fac_082,to,0
d004683,c_hana,to,0
d004684,c_noah,to,0
d004685,c_fac_009,to,0
d004686,c_fac_015,to,0
d004687,c_fac_021,to,0
d004688,c_fac_030,to,0
d004689,c_fac_036,to,0
d004690,c_fac_044,to,0
d004691,c_fac_050,to,0
d004692,c_fac_055,to,0
d004693,c_fac_061,to,0
d004694,c_fac_069,to,0
d004695,c_noah,to,0
d004695,c_taylor,to,1
d004695,c_chris,cc,2
d004696,c_jamie_lee,to,0
d004697,c_jamie_lee,to,0
d004698,c_pat,to,0
d004699,c_fac_012,to,0
d004700,c_noah,to,0
d004701,c_noah,to,0
d004701,c_elena,to,1
d004701,c_taylor,to,2
d004701,c_chris,cc,3
d004702,c_fac_052,to,0
d004703,c_fac_072,to,0
d004704,c_fac_071,to,0
d004705,c_fac_079,to,0
d004706,c_fac_085,to,0
d004707,c_lena,to,0
d004708,c_jamie_lee,to,0
d004709,c_noah,to,0
d004710,c_ren,to,0
d004711,c_noah,to,0
d004711,c_elena,to,1
d004711,c_taylor,to,2
d004711,c_chris,cc,3
d004711,c_lena,bcc,4
d004712,c_noah,to,0
d004713,c_fac_013,to,0
d004714,c_fac_033,to,0
d004715,c_fac_053,to,0
d004716,c_fac_073,to,0
d004717,c_noah,to,0
d004717,c_elena,to,1
d004717,c_taylor,to,2
d004717,c_chris,cc,3
d004718,c_chris,to,0
d004718,c_noah,to,1
d004718,c_elena,to,2
d004718,c_marcus,cc,3
d004719,c_noah,to,0
d004720,c_ren,to,0
d004721,c_fac_005,to,0
d004722,c_fac_011,to,0
d004723,c_fac_020,to,0
d004724,c_fac_026,to,0
d004725,c_fac_032,to,0
d004726,c_fac_040,to,0
d004727,c_fac_046,to,0
d004728,c_fac_052,to,0
d004729,c_fac_060,to,0
d004730,c_priya,to,0
d004731,c_marcus,to,0
d004732,c_morgan_zhao,to,0
d004733,c_fac_018,to,0
d004734,c_fac_043,to,0
d004735,c_fac_063,to,0
d004736,c_lena,to,0
d004737,c_elena,to,0
d004737,c_taylor,to,1
d004737,c_lena,to,2
d004738,c_morgan_zhao,to,0
d004739,c_noah,to,0
d004739,c_elena,to,1
d004739,c_taylor,to,2
d004739,c_chris,cc,3
d004740,c_fac_065,to,0
d004741,c_fac_071,to,0
d004742,c_fac_080,to,0
d004743,c_fac_086,to,0
d004744,c_alex_chen,to,0
d004745,c_jamie_li,to,0
d004746,c_noah,to,0
d004747,c_ren,to,0
d004748,c_marcus,to,0
d004749,c_jamie_lee,to,0
d004750,c_fac_014,to,0
d004751,c_fac_034,to,0
d004752,c_fac_054,to,0
d004753,c_fac_074,to,0
d004754,c_noah,to,0
d004754,c_elena,to,1
d004754,c_taylor,to,2
d004754,c_chris,cc,3
d004755,c_chris,to,0
d004755,c_noah,to,1
d004755,c_elena,to,2
d004755,c_marcus,cc,3
d004756,c_chris,to,0
d004757,c_lee,to,0
d004758,c_fac_003,to,0
d004759,c_fac_011,to,0
d004760,c_fac_017,to,0
d004761,c_fac_023,to,0
d004762,c_fac_031,to,0
d004763,c_fac_037,to,0
d004764,c_fac_043,to,0
d004765,c_fac_051,to,0
d004766,c_fac_057,to,0
d004767,c_noah,to,0
d004767,c_elena,to,1
d004767,c_taylor,to,2
d004767,c_chris,cc,3
d004768,c_avery,to,0
d004768,c_devon,to,1
d004769,c_sam,to,0
d004770,c_fac_019,to,0
d004771,c_fac_039,to,0
d004772,c_fac_059,to,0
d004773,c_fac_084,to,0
d004774,c_alex_chen,to,0
d004775,c_jamie_lee,to,0
d004776,c_lee,to,0
d004777,c_fac_089,to,0
d004778,c_fac_068,to,0
d004779,c_fac_076,to,0
d004780,c_fac_082,to,0
d004781,c_noah,to,0
d004781,c_elena,to,1
d004781,c_taylor,to,2
d004781,c_chris,cc,3
d004782,c_elena,to,0
d004783,c_alex_chan,to,0
d004784,c_jamie_li,to,0
d004785,c_jamie_li,to,0
d004786,c_ren,to,0
d004787,c_fac_010,to,0
d004788,c_fac_035,to,0
d004789,c_fac_055,to,0
d004790,c_fac_075,to,0
d004791,c_sam,to,0
d004792,c_noah,to,0
d004793,c_fac_009,to,0
d004794,c_fac_017,to,0
d004795,c_fac_023,to,0
d004796,c_fac_032,to,0
d004797,c_fac_038,to,0
d004798,c_fac_044,to,0
d004799,c_fac_052,to,0
d004800,c_fac_057,to,0
d004801,c_fac_063,to,0
d004802,c_fac_069,to,0
d004803,c_hana,to,0
d004804,c_alex_chen,to,0
d004805,c_alex_chen,to,0
d004806,c_pat,to,0
d004807,c_fac_005,to,0
d004808,c_noah,to,0
d004809,c_fac_035,to,0
d004810,c_fac_050,to,0
d004811,c_fac_075,to,0
d004812,c_fac_073,to,0
d004813,c_fac_079,to,0
d004814,c_fac_087,to,0
d004815,c_lena,to,0
d004816,c_taylor,to,0
d004817,c_elena,to,0
d004817,c_taylor,to,1
d004817,c_lena,to,2
d004818,c_ren,to,0
d004819,c_noah,to,0
d004819,c_elena,to,1
d004819,c_taylor,to,2
d004819,c_chris,cc,3
d004819,c_lena,bcc,4
d004820,c_noah,to,0
d004821,c_fac_021,to,0
d004822,c_fac_041,to,0
d004823,c_fac_061,to,0
d004824,c_fac_081,to,0
d004825,c_alex_chan,to,0
d004826,c_jamie_lee,to,0
d004827,c_lee,to,0
d004828,c_lee,to,0
d004829,c_fac_003,to,0
d004830,c_fac_009,to,0
d004831,c_fac_015,to,0
d004832,c_fac_023,to,0
d004833,c_fac_029,to,0
d004834,c_fac_038,to,0
d004835,c_fac_043,to,0
d004836,c_fac_049,to,0
d004837,c_fac_055,to,0
d004838,c_noah,to,0
d004838,c_elena,to,1
d004838,c_taylor,to,2
d004838,c_chris,cc,3
d004839,c_jamie_lee,to,0
d004839,c_jamie_li,to,1
d004840,c_fac_006,to,0
d004841,c_fac_026,to,0
d004842,c_fac_051,to,0
d004843,c_fac_071,to,0
d004844,c_taylor,to,0
d004845,c_jamie_lee,to,0
d004846,c_morgan_zhao,to,0
d004847,c_noah,to,0
d004847,c_elena,to,1
d004847,c_taylor,to,2
d004847,c_chris,cc,3
d004848,c_fac_065,to,0
d004849,c_fac_073,to,0
d004850,c_fac_080,to,0
d004851,c_fac_088,to,0
d004852,c_avery,to,0
d004852,c_devon,to,1
d004853,c_noah,to,0
d004854,c_noah,to,0
d004854,c_elena,to,1
d004854,c_taylor,to,2
d004854,c_chris,cc,3
d004855,c_noah,to,0
d004855,c_taylor,to,1
d004855,c_chris,cc,2
d004856,c_morgan_zhao,to,0
d004857,c_ren,to,0
d004858,c_fac_022,to,0
d004859,c_fac_042,to,0
d004860,c_fac_062,to,0
d004861,c_fac_082,to,0
d004862,c_hana,to,0
d004863,c_noah,to,0
d004864,c_fac_009,to,0
d004865,c_fac_016,to,0
d004866,c_fac_024,to,0
d004867,c_fac_030,to,0
d004868,c_fac_036,to,0
d004869,c_fac_044,to,0
d004870,c_fac_050,to,0
d004871,c_fac_055,to,0
d004872,c_fac_061,to,0
d004873,c_noah,to,0
d004873,c_elena,to,1
d004873,c_taylor,to,2
d004873,c_chris,cc,3
d004874,c_noah,to,0
d004874,c_taylor,to,1
d004874,c_chris,cc,2
d004875,c_alex_chen,to,0
d004876,c_morgan_shaw,to,0
d004877,c_morgan_shaw,to,0
d004878,c_fac_007,to,0
d004879,c_chris,to,0
d004880,c_fac_032,to,0
d004881,c_fac_052,to,0
d004882,c_fac_072,to,0
d004883,c_fac_070,to,0
d004884,c_fac_076,to,0
d004885,c_fac_084,to,0
d004886,c_noah,to,0
d004886,c_elena,to,1
d004886,c_taylor,to,2
d004886,c_chris,cc,3
d004887,c_chris,to,0
d004887,c_noah,to,1
d004887,c_elena,to,2
d004887,c_marcus,cc,3
d004888,c_noah,to,0
d004889,c_ren,to,0
d004890,c_marcus,to,0
d004891,c_morgan_zhao,to,0
d004892,c_fac_018,to,0
d004893,c_fac_038,to,0
d004894,c_fac_058,to,0
d004895,c_fac_078,to,0
d004896,c_chris,to,0
d004896,c_noah,to,1
d004896,c_elena,to,2
d004896,c_marcus,cc,3
d004897,c_noah,to,0
d004898,c_hana,to,0
d004899,c_fac_006,to,0
d004900,c_fac_012,to,0
d004901,c_fac_020,to,0
d004902,c_fac_026,to,0
d004903,c_fac_032,to,0
d004904,c_fac_041,to,0
d004905,c_fac_047,to,0
d004906,c_fac_055,to,0
d004907,c_fac_061,to,0
d004908,c_maya,to,0
d004909,c_alex_chen,to,0
d004910,c_fac_003,to,0
d004911,c_fac_028,to,0
d004912,c_fac_048,to,0
d004913,c_fac_068,to,0
d004914,c_alex_chan,to,0
d004915,c_jamie_lee,to,0
d004916,c_pat,to,0
d004917,c_fac_083,to,0
d004918,c_fac_067,to,0
d004919,c_fac_076,to,0
d004920,c_fac_082,to,0
d004921,c_noah,to,0
d004921,c_elena,to,1
d004921,c_taylor,to,2
d004921,c_chris,cc,3
d004922,c_chris,to,0
d004922,c_noah,to,1
d004922,c_elena,to,2
d004922,c_marcus,cc,3
d004923,c_chris,to,0
d004924,c_lee,to,0
d004925,c_priya,to,0
d004926,c_avery,to,0
d004926,c_devon,to,1
d004927,c_fac_004,to,0
d004928,c_fac_024,to,0
d004929,c_fac_044,to,0
d004930,c_fac_064,to,0
d004931,c_fac_084,to,0
d004932,c_alex_chen,to,0
d004933,c_jamie_li,to,0
d004934,c_morgan_zhao,to,0
d004935,c_fac_001,to,0
d004936,c_fac_007,to,0
d004937,c_fac_013,to,0
d004938,c_fac_021,to,0
d004939,c_fac_027,to,0
d004940,c_fac_033,to,0
d004941,c_fac_041,to,0
d004942,c_fac_047,to,0
d004943,c_fac_053,to,0
d004944,c_fac_061,to,0
d004945,c_maya,to,0
d004946,c_alex_chan,to,0
d004947,c_fac_004,to,0
d004948,c_fac_024,to,0
d004949,c_fac_044,to,0
d004950,c_fac_069,to,0
d004951,c_chris,to,0
d004951,c_noah,to,1
d004951,c_elena,to,2
d004951,c_marcus,cc,3
d004952,c_elena,to,0
d004952,c_taylor,to,1
d004952,c_lena,to,2
d004953,c_morgan_shaw,to,0
d004954,c_pat,to,0
d004955,c_fac_066,to,0
d004956,c_fac_072,to,0
d004957,c_fac_078,to,0
d004958,c_fac_087,to,0
d004959,c_avery,to,0
d004959,c_devon,to,1
d004960,c_quinn,to,0
d004961,c_alex_chen,to,0
d004962,c_alex_chen,to,0
d004963,c_lee,to,0
d004964,c_hana,to,0
d004965,c_fac_025,to,0
d004966,c_fac_045,to,0
d004967,c_fac_065,to,0
d004968,c_fac_085,to,0
d004969,c_fac_003,to,0
d004970,c_fac_007,to,0
d004971,c_fac_013,to,0
d004972,c_fac_019,to,0
d004973,c_fac_028,to,0
d004974,c_fac_034,to,0
d004975,c_fac_042,to,0
d004976,c_fac_048,to,0
d004977,c_fac_053,to,0
d004978,c_fac_059,to,0
d004979,c_fac_067,to,0
d004980,c_priya,to,0
d004980,c_quinn,cc,1
d004981,c_marcus,to,0
d004982,c_jamie_li,to,0
d004983,c_jamie_li,to,0
d004984,c_ren,to,0
d004985,c_fac_015,to,0
d004986,c_fac_025,to,0
d004987,c_fac_040,to,0
d004988,c_fac_065,to,0
d004989,c_fac_085,to,0
d004990,c_fac_077,to,0
d004991,c_fac_083,to,0
d004992,c_fac_089,to,0
d004993,c_alex_chen,to,0
d004994,c_jamie_li,to,0
d004995,c_lee,to,0
d004996,c_alex_chan,to,0
d004996,c_alex_chen,to,1
d004997,c_noah,to,0
d004998,c_fac_021,to,0
d004999,c_fac_041,to,0
d005000,c_fac_061,to,0
d005001,c_fac_081,to,0
d005002,c_alex_chan,to,0
d005003,c_jamie_lee,to,0
d005004,c_lee,to,0
d005005,c_pat,to,0
d005006,c_fac_004,to,0
d005007,c_fac_010,to,0
d005008,c_fac_018,to,0
d005009,c_fac_024,to,0
d005010,c_fac_030,to,0
d005011,c_fac_039,to,0
d005012,c_fac_044,to,0
d005013,c_fac_050,to,0
d005014,c_fac_058,to,0
d005015,c_priya,to,0
d005016,c_jamie_lee,to,0
d005016,c_jamie_li,to,1
d005017,c_fac_006,to,0
d005018,c_fac_026,to,0
d005019,c_fac_051,to,0
d005020,c_fac_071,to,0
d005021,c_taylor,to,0
d005022,c_jamie_lee,to,0
d005023,c_morgan_zhao,to,0
d005024,c_noah,to,0
d005024,c_elena,to,1
d005024,c_taylor,to,2
d005024,c_chris,cc,3
d005025,c_fac_065,to,0
d005026,c_fac_073,to,0
d005027,c_fac_080,to,0
d005028,c_fac_088,to,0
d005029,c_avery,to,0
d005029,c_devon,to,1
d005030,c_noah,to,0
d005031,c_noah,to,0
d005031,c_elena,to,1
d005031,c_taylor,to,2
d005031,c_chris,cc,3
d005032,c_noah,to,0
d005032,c_taylor,to,1
d005032,c_chris,cc,2
d005033,c_morgan_zhao,to,0
d005034,c_fac_002,to,0
d005035,c_fac_022,to,0
d005036,c_fac_042,to,0
d005037,c_fac_062,to,0
d005038,c_fac_082,to,0
d005039,c_hana,to,0
d005040,c_noah,to,0
d005041,c_fac_009,to,0
d005042,c_fac_016,to,0
d005043,c_fac_024,to,0
d005044,c_fac_030,to,0
d005045,c_fac_036,to,0
d005046,c_fac_044,to,0
d005047,c_fac_050,to,0
d005048,c_fac_055,to,0
d005049,c_fac_061,to,0
d005050,c_noah,to,0
d005050,c_elena,to,1
d005050,c_taylor,to,2
d005050,c_chris,cc,3
d005051,c_noah,to,0
d005051,c_taylor,to,1
d005051,c_chris,cc,2
d005052,c_alex_chen,to,0
d005053,c_morgan_shaw,to,0
d005054,c_morgan_shaw,to,0
d005055,c_fac_007,to,0
d005056,c_chris,to,0
d005057,c_noah,to,0
d005057,c_elena,to,1
d005057,c_taylor,to,2
d005057,c_chris,cc,3
d005058,c_fac_052,to,0
d005059,c_fac_072,to,0
d005060,c_fac_070,to,0
d005061,c_fac_076,to,0
d005062,c_fac_084,to,0
d005063,c_noah,to,0
d005063,c_elena,to,1
d005063,c_taylor,to,2
d005063,c_chris,cc,3
d005064,c_chris,to,0
d005064,c_noah,to,1
d005064,c_elena,to,2
d005064,c_marcus,cc,3
d005065,c_noah,to,0
d005066,c_ren,to,0
d005067,c_hana,to,0
d005068,c_jamie_li,to,0
d005069,c_fac_008,to,0
d005070,c_fac_028,to,0
d005071,c_fac_048,to,0
d005072,c_fac_068,to,0
d005073,c_noah,to,0
d005073,c_elena,to,1
d005073,c_taylor,to,2
d005073,c_chris,cc,3
d005074,c_chris,to,0
d005074,c_noah,to,1
d005074,c_elena,to,2
d005074,c_marcus,cc,3
d005075,c_elena,to,0
d005075,c_taylor,to,1
d005075,c_lena,to,2
d005076,c_pat,to,0
d005077,c_fac_002,to,0
d005078,c_fac_010,to,0
d005079,c_fac_016,to,0
d005080,c_fac_022,to,0
d005081,c_fac_031,to,0
d005082,c_fac_037,to,0
d005083,c_noah,to,0
d005083,c_elena,to,1
d005083,c_taylor,to,2
d005083,c_chris,cc,3
d005084,c_fac_050,to,0
d005085,c_fac_056,to,0
d005086,c_fac_062,to,0
d005087,c_hana,to,0
d005088,c_noah,to,0
d005089,c_fac_013,to,0
d005090,c_fac_033,to,0
d005091,c_fac_053,to,0
d005092,c_fac_073,to,0
d005093,c_alex_chen,to,0
d005094,c_jamie_li,to,0
d005095,c_pat,to,0
d005096,c_fac_088,to,0
d005097,c_fac_070,to,0
d005098,c_fac_076,to,0
d005099,c_fac_082,to,0
d005100,c_noah,to,0
d005100,c_elena,to,1
d005100,c_taylor,to,2
d005100,c_chris,cc,3
d005101,c_chris,to,0
d005101,c_noah,to,1
d005101,c_elena,to,2
d005101,c_marcus,cc,3
d005102,c_chris,to,0
d005103,c_lee,to,0
d005104,c_maya,to,0
d005105,c_jamie_lee,to,0
d005106,c_fac_009,to,0
d005107,c_fac_029,to,0
d005108,c_fac_049,to,0
d005109,c_fac_069,to,0
d005110,c_fac_089,to,0
d005111,c_chris,to,0
d005111,c_noah,to,1
d005111,c_elena,to,2
d005111,c_marcus,cc,3
d005112,c_chris,to,0
d005113,c_lee,to,0
d005114,c_fac_002,to,0
d005115,c_fac_008,to,0
d005116,c_fac_016,to,0
d005117,c_fac_022,to,0
d005118,c_fac_028,to,0
d005119,c_fac_037,to,0
d005120,c_fac_043,to,0
d005121,c_fac_048,to,0
d005122,c_fac_056,to,0
d005123,c_fac_062,to,0
d005124,c_marcus,to,0
d005125,c_jamie_lee,to,0
d005126,c_fac_009,to,0
d005127,c_fac_034,to,0
d005128,c_fac_054,to,0
d005129,c_fac_074,to,0
d005130,c_taylor,to,0
d005131,c_elena,to,0
d005131,c_taylor,to,1
d005131,c_lena,to,2
d005132,c_morgan_shaw,to,0
d005133,c_pat,to,0
d005134,c_fac_067,to,0
d005135,c_fac_073,to,0
d005136,c_fac_081,to,0
d005137,c_fac_087,to,0
d005138,c_avery,to,0
d005138,c_devon,to,1
d005139,c_quinn,to,0
d005140,c_alex_chen,to,0
d005141,c_alex_chen,to,0
d005142,c_pat,to,0
d005143,c_fac_005,to,0
d005144,c_fac_025,to,0
d005145,c_fac_045,to,0
d005146,c_fac_065,to,0
d005147,c_fac_085,to,0
d005148,c_fac_003,to,0
d005149,c_fac_007,to,0
d005150,c_fac_014,to,0
d005151,c_fac_022,to,0
d005152,c_fac_028,to,0
d005153,c_fac_034,to,0
d005154,c_fac_042,to,0
d005155,c_fac_048,to,0
d005156,c_fac_053,to,0
d005157,c_fac_062,to,0
d005158,c_fac_068,to,0
d005159,c_avery,to,0
d005159,c_devon,to,1
d005160,c_marcus,to,0
d005161,c_jamie_li,to,0
d005162,c_jamie_li,to,0
d005163,c_ren,to,0
d005164,c_fac_015,to,0
d005165,c_fac_030,to,0
d005166,c_fac_045,to,0
d005167,c_fac_065,to,0
d005168,c_fac_085,to,0
d005169,c_fac_077,to,0
d005170,c_fac_083,to,0
d005171,c_fac_089,to,0
d005172,c_alex_chen,to,0
d005173,c_morgan_shaw,to,0
d005174,c_pat,to,0
d005175,c_quinn,to,0
d005176,c_morgan_shaw,to,0
d005176,c_morgan_zhao,to,1
d005177,c_fac_011,to,0
d005178,c_fac_031,to,0
d005179,c_fac_051,to,0
d005180,c_fac_071,to,0
d005181,c_lena,to,0
d005182,c_taylor,to,0
d005183,c_elena,to,0
d005183,c_taylor,to,1
d005183,c_lena,to,2
d005184,c_ren,to,0
d005185,c_ren,to,0
d005186,c_fac_005,to,0
d005187,c_fac_013,to,0
d005188,c_fac_020,to,0
d005189,c_fac_028,to,0
d005190,c_fac_034,to,0
d005191,c_fac_040,to,0
d005192,c_fac_045,to,0
d005193,c_fac_053,to,0
d005194,c_fac_059,to,0
d005195,c_quinn,to,0
d005196,c_fac_001,to,0
d005197,c_fac_016,to,0
d005198,c_fac_036,to,0
d005199,c_fac_056,to,0
d005200,c_fac_076,to,0
d005201,c_lena,to,0
d005202,c_elena,to,0
d005202,c_taylor,to,1
d005202,c_lena,to,2
d005203,c_lee,to,0
d005204,c_fac_063,to,0
d005205,c_fac_069,to,0
d005206,c_fac_075,to,0
d005207,c_fac_083,to,0
d005208,c_fac_089,to,0
d005209,c_marcus,to,0
d005210,c_quinn,to,0
d005211,c_jamie_lee,to,0
d005212,c_jamie_lee,to,0
d005213,c_pat,to,0
d005214,c_fac_007,to,0
d005215,c_fac_027,to,0
d005216,c_fac_047,to,0
d005217,c_fac_067,to,0
d005218,c_fac_087,to,0
d005219,c_chris,to,0
d005220,c_fac_006,to,0
d005221,c_fac_014,to,0
d005222,c_fac_020,to,0
d005223,c_fac_026,to,0
d005224,c_fac_034,to,0
d005225,c_fac_040,to,0
d005226,c_fac_046,to,0
d005227,c_fac_054,to,0
d005228,c_fac_060,to,0
d005229,c_fac_066,to,0
d005230,c_avery,to,0
d005230,c_devon,to,1
d005231,c_avery,to,0
d005231,c_devon,to,1
d005232,c_jamie_li,to,0
d005233,c_morgan_zhao,to,0
d005234,c_fac_002,to,0
d005235,c_elena,to,0
d005236,c_fac_027,to,0
d005237,c_fac_042,to,0
d005238,c_fac_062,to,0
d005239,c_fac_082,to,0
d005240,c_fac_074,to,0
d005241,c_fac_080,to,0
d005242,c_fac_089,to,0
d005243,c_alex_chen,to,0
d005244,c_morgan_shaw,to,0
d005245,c_lee,to,0
d005246,c_priya,to,0
d005247,c_marcus,to,0
d005248,c_morgan_zhao,to,0
d005249,c_fac_018,to,0
d005250,c_fac_043,to,0
d005251,c_fac_063,to,0
d005252,c_fac_083,to,0
d005253,c_alex_chan,to,0
d005254,c_jamie_li,to,0
d005255,c_morgan_zhao,to,0
d005256,c_hana,to,0
d005257,c_fac_007,to,0
d005258,c_fac_015,to,0
d005259,c_fac_021,to,0
d005260,c_fac_027,to,0
d005261,c_fac_035,to,0
d005262,c_fac_041,to,0
d005263,c_fac_046,to,0
d005264,c_fac_052,to,0
d005265,c_fac_061,to,0
d005266,c_maya,to,0
d005267,c_alex_chen,to,0
d005268,c_fac_003,to,0
d005269,c_fac_023,to,0
d005270,c_fac_043,to,0
d005271,c_fac_063,to,0
d005272,c_lena,to,0
d005273,c_jamie_lee,to,0
d005274,c_lee,to,0
d005275,c_fac_078,to,0
d005276,c_fac_066,to,0
d005277,c_fac_072,to,0
d005278,c_fac_080,to,0
d005279,c_fac_086,to,0
d005280,c_chris,to,0
d005281,c_pat,to,0
d005282,c_marcus,to,0
d005283,c_morgan_shaw,to,0
d005284,c_fac_014,to,0
d005285,c_fac_034,to,0
d005286,c_fac_054,to,0
d005287,c_fac_074,to,0
d005288,c_alex_chan,to,0
d005289,c_taylor,to,0
d005290,c_elena,to,0
d005290,c_taylor,to,1
d005290,c_lena,to,2
d005291,c_pat,to,0
d005292,c_fac_003,to,0
d005293,c_fac_011,to,0
d005294,c_fac_017,to,0
d005295,c_fac_023,to,0
d005296,c_fac_032,to,0
d005297,c_fac_038,to,0
d005298,c_noah,to,0
d005298,c_elena,to,1
d005298,c_taylor,to,2
d005298,c_chris,cc,3
d005299,c_fac_051,to,0
d005300,c_fac_057,to,0
d005301,c_noah,to,0
d005301,c_elena,to,1
d005301,c_taylor,to,2
d005301,c_chris,cc,3
d005302,c_noah,to,0
d005302,c_elena,to,1
d005302,c_taylor,to,2
d005302,c_chris,cc,3
d005302,c_lena,bcc,4
d005303,c_morgan_shaw,to,0
d005304,c_fac_019,to,0
d005305,c_fac_039,to,0
d005306,c_fac_059,to,0
d005307,c_fac_079,to,0
d005308,c_alex_chan,to,0
d005309,c_noah,to,0
d005310,c_morgan_zhao,to,0
d005311,c_fac_089,to,0
d005312,c_fac_068,to,0
d005313,c_fac_076,to,0
d005314,c_fac_082,to,0
d005315,c_fac_088,to,0
d005316,c_elena,to,0
d005317,c_alex_chan,to,0
d005318,c_jamie_li,to,0
d005319,c_morgan_zhao,to,0
d005320,c_morgan_zhao,to,0
d005321,c_fac_015,to,0
d005322,c_fac_035,to,0
d005323,c_fac_055,to,0
d005324,c_fac_075,to,0
d005325,c_sam,to,0
d005326,c_noah,to,0
d005327,c_fac_012,to,0
d005328,c_fac_018,to,0
d005329,c_fac_024,to,0
d005330,c_fac_032,to,0
d005331,c_fac_038,to,0
d005332,c_fac_044,to,0
d005333,c_fac_052,to,0
d005334,c_fac_058,to,0
d005335,c_fac_064,to,0
d005336,c_noah,to,0
d005336,c_elena,to,1
d005336,c_taylor,to,2
d005336,c_chris,cc,3
d005337,c_noah,to,0
d005337,c_taylor,to,1
d005337,c_chris,cc,2
d005338,c_alex_chen,to,0
d005339,c_alex_chen,to,0
d005340,c_pat,to,0
d005341,c_fac_005,to,0
d005342,c_fac_020,to,0
d005343,c_fac_040,to,0
d005344,c_fac_060,to,0
d005345,c_fac_080,to,0
d005346,c_fac_074,to,0
d005347,c_fac_082,to,0
d005348,c_fac_088,to,0
d005349,c_alex_chan,to,0
d005350,c_jamie_li,to,0
d005351,c_lee,to,0
d005352,c_priya,to,0
d005353,c_jamie_lee,to,0
d005353,c_jamie_li,to,1
d005354,c_fac_006,to,0
d005355,c_fac_026,to,0
d005356,c_fac_046,to,0
d005357,c_fac_071,to,0
d005358,c_noah,to,0
d005358,c_elena,to,1
d005358,c_taylor,to,2
d005358,c_chris,cc,3
d005359,c_chris,to,0
d005359,c_noah,to,1
d005359,c_elena,to,2
d005359,c_marcus,cc,3
d005360,c_morgan_shaw,to,0
d005361,c_pat,to,0
d005362,c_pat,to,0
d005363,c_fac_004,to,0
d005364,c_fac_010,to,0
d005365,c_fac_019,to,0
d005366,c_fac_025,to,0
d005367,c_fac_033,to,0
d005368,c_fac_039,to,0
d005369,c_fac_044,to,0
d005370,c_fac_050,to,0
d005371,c_fac_058,to,0
d005372,c_priya,to,0
d005373,c_morgan_shaw,to,0
d005373,c_morgan_zhao,to,1
d005374,c_fac_011,to,0
d005375,c_fac_031,to,0
d005376,c_fac_051,to,0
d005377,c_fac_071,to,0
d005378,c_taylor,to,0
d005379,c_jamie_lee,to,0
d005380,c_lee,to,0
d005381,c_fac_086,to,0
d005382,c_fac_068,to,0
d005383,c_fac_074,to,0
d005384,c_fac_080,to,0
d005385,c_fac_088,to,0
d005386,c_avery,to,0
d005386,c_devon,to,1
d005387,c_noah,to,0
d005388,c_alex_chen,to,0
d005389,c_jamie_li,to,0
d005390,c_lee,to,0
d005391,c_fac_002,to,0
d005392,c_fac_022,to,0
d005393,c_fac_042,to,0
d005394,c_fac_062,to,0
d005395,c_fac_082,to,0
d005396,c_fac_001,to,0
d005397,c_fac_004,to,0
d005398,c_fac_010,to,0
d005399,c_fac_016,to,0
d005400,c_fac_024,to,0
d005401,c_fac_030,to,0
d005402,c_fac_036,to,0
d005403,c_fac_044,to,0
d005404,c_noah,to,0
d005404,c_elena,to,1
d005404,c_taylor,to,2
d005404,c_chris,cc,3
d005405,c_fac_056,to,0
d005406,c_fac_064,to,0
d005407,c_noah,to,0
d005407,c_elena,to,1
d005407,c_taylor,to,2
d005407,c_chris,cc,3
d005408,c_noah,to,0
d005408,c_taylor,to,1
d005408,c_chris,cc,2
d005409,c_alex_chen,to,0
d005410,c_morgan_shaw,to,0
d005411,c_pat,to,0
d005412,c_fac_012,to,0
d005413,c_noah,to,0
d005414,c_noah,to,0
d005414,c_elena,to,1
d005414,c_taylor,to,2
d005414,c_chris,cc,3
d005415,c_fac_052,to,0
d005416,c_fac_072,to,0
d005417,c_fac_070,to,0
d005418,c_fac_076,to,0
d005419,c_fac_085,to,0
d005420,c_lena,to,0
d005421,c_jamie_lee,to,0
d005422,c_noah,to,0
d005423,c_ren,to,0
d005424,c_hana,to,0
d005425,c_noah,to,0
d005426,c_fac_013,to,0
d005427,c_fac_038,to,0
d005428,c_fac_058,to,0
d005429,c_fac_078,to,0
d005430,c_lena,to,0
d005431,c_jamie_lee,to,0
d005432,c_noah,to,0
d005433,c_ren,to,0
d005434,c_fac_006,to,0
d005435,c_fac_012,to,0
d005436,c_fac_020,to,0
d005437,c_fac_026,to,0
d005438,c_fac_032,to,0
d005439,c_fac_040,to,0
d005440,c_fac_045,to,0
d005441,c_fac_051,to,0
d005442,c_fac_060,to,0
d005443,c_priya,to,0
d005444,c_marcus,to,0
d005445,c_morgan_zhao,to,0
d005446,c_fac_018,to,0
d005447,c_fac_038,to,0
d005448,c_fac_058,to,0
d005449,c_chris,to,0
d005449,c_noah,to,1
d005449,c_elena,to,2
d005449,c_marcus,cc,3
d005450,c_elena,to,0
d005450,c_taylor,to,1
d005450,c_lena,to,2
d005451,c_morgan_zhao,to,0
d005452,c_fac_078,to,0
d005453,c_fac_066,to,0
d005454,c_fac_072,to,0
d005455,c_fac_080,to,0
d005456,c_fac_086,to,0
d005457,c_jamie_lee,to,0
d005458,c_morgan_shaw,to,0
d005459,c_morgan_zhao,to,0
d005460,c_noah,to,0
d005460,c_elena,to,1
d005460,c_taylor,to,2
d005460,c_chris,cc,3
d005461,c_noah,to,0
d005461,c_elena,to,1
d005461,c_taylor,to,2
d005461,c_chris,cc,3
d005461,c_lena,bcc,4
d005462,c_morgan_shaw,to,0
d005463,c_fac_014,to,0
d005464,c_fac_034,to,0
d005465,c_fac_059,to,0
d005466,c_fac_079,to,0
d005467,c_alex_chan,to,0
d005468,c_taylor,to,0
d005469,c_elena,to,0
d005469,c_taylor,to,1
d005469,c_lena,to,2
d005470,c_pat,to,0
d005471,c_fac_003,to,0
d005472,c_fac_011,to,0
d005473,c_fac_018,to,0
d005474,c_fac_026,to,0
d005475,c_fac_032,to,0
d005476,c_fac_038,to,0
d005477,c_noah,to,0
d005477,c_elena,to,1
d005477,c_taylor,to,2
d005477,c_chris,cc,3
d005478,c_fac_051,to,0
d005479,c_fac_057,to,0
d005480,c_priya,to,0
d005481,c_avery,to,0
d005481,c_devon,to,1
d005482,c_sam,to,0
d005483,c_fac_019,to,0
d005484,c_fac_039,to,0
d005485,c_fac_059,to,0
d005486,c_fac_079,to,0
d005487,c_alex_chan,to,0
d005488,c_jamie_lee,to,0
d005489,c_lee,to,0
d005490,c_fac_089,to,0
d005491,c_fac_068,to,0
d005492,c_fac_076,to,0
d005493,c_fac_082,to,0
d005494,c_fac_088,to,0
d005495,c_hana,to,0
d005496,c_alex_chan,to,0
d005497,c_jamie_li,to,0
d005498,c_jamie_li,to,0
d005499,c_ren,to,0
d005500,c_fac_010,to,0
d005501,c_fac_030,to,0
d005502,c_fac_050,to,0
d005503,c_fac_070,to,0
d005504,c_sam,to,0
d005505,c_noah,to,0
d005506,c_fac_009,to,0
d005507,c_fac_017,to,0
d005508,c_fac_023,to,0
d005509,c_fac_029,to,0
d005510,c_fac_037,to,0
d005511,c_fac_044,to,0
d005512,c_fac_052,to,0
d005513,c_fac_057,to,0
d005514,c_fac_063,to,0
d005515,c_fac_069,to,0
d005516,c_hana,to,0
d005517,c_alex_chan,to,0
d005518,c_morgan_shaw,to,0
d005519,c_pat,to,0
d005520,c_fac_005,to,0
d005521,c_noah,to,0
d005522,c_fac_035,to,0
d005523,c_fac_050,to,0
d005524,c_fac_070,to,0
d005525,c_fac_072,to,0
d005526,c_fac_078,to,0
d005527,c_fac_087,to,0
d005528,c_lena,to,0
d005529,c_taylor,to,0
d005530,c_elena,to,0
d005530,c_taylor,to,1
d005530,c_lena,to,2
d005531,c_ren,to,0
d005532,c_alex_chan,to,0
d005532,c_alex_chen,to,1
d005533,c_fac_001,to,0
d005534,c_fac_021,to,0
d005535,c_fac_041,to,0
d005536,c_fac_061,to,0
d005537,c_fac_081,to,0
d005538,c_alex_chan,to,0
d005539,c_jamie_lee,to,0
d005540,c_morgan_zhao,to,0
d005541,c_sam,to,0
d005542,c_fac_003,to,0
d005543,c_fac_009,to,0
d005544,c_fac_015,to,0
d005545,c_fac_023,to,0
d005546,c_fac_029,to,0
d005547,c_fac_035,to,0
d005548,c_noah,to,0
d005548,c_elena,to,1
d005548,c_taylor,to,2
d005548,c_chris,cc,3
d005549,c_fac_048,to,0
d005550,c_fac_055,to,0
d005551,c_noah,to,0
d005551,c_elena,to,1
d005551,c_taylor,to,2
d005551,c_chris,cc,3
d005552,c_jamie_lee,to,0
d005552,c_jamie_li,to,1
d005553,c_fac_006,to,0
d005554,c_fac_026,to,0
d005555,c_fac_046,to,0
d005556,c_fac_066,to,0
d005557,c_taylor,to,0
d005558,c_jamie_lee,to,0
d005559,c_morgan_zhao,to,0
d005560,c_fac_086,to,0
d005561,c_fac_069,to,0
d005562,c_fac_075,to,0
d005563,c_fac_083,to,0
d005564,c_fac_089,to,0
d005565,c_elena,to,0
d005566,c_avery,to,0
d005566,c_devon,to,1
d005567,c_jamie_lee,to,0
d005568,c_jamie_lee,to,0
d005569,c_pat,to,0
d005570,c_fac_007,to,0
d005571,c_fac_027,to,0
d005572,c_fac_047,to,0
d005573,c_fac_072,to,0
d005574,c_noah,to,0
d005574,c_elena,to,1
d005574,c_taylor,to,2
d005574,c_chris,cc,3
d005575,c_elena,to,0
d005576,c_fac_005,to,0
d005577,c_fac_011,to,0
d005578,c_fac_019,to,0
d005579,c_fac_025,to,0
d005580,c_fac_034,to,0
d005581,c_fac_040,to,0
d005582,c_fac_046,to,0
d005583,c_fac_051,to,0
d005584,c_fac_059,to,0
d005585,c_fac_065,to,0
d005586,c_priya,to,0
d005586,c_quinn,cc,1
d005587,c_quinn,to,0
d005588,c_jamie_li,to,0
d005589,c_morgan_zhao,to,0
d005590,c_ren,to,0
d005591,c_fac_017,to,0
d005592,c_fac_022,to,0
d005593,c_fac_037,to,0
d005594,c_fac_057,to,0
d005595,c_fac_077,to,0
d005596,c_fac_074,to,0
d005597,c_fac_080,to,0
d005598,c_fac_086,to,0
d005599,c_alex_chan,to,0
d005600,c_jamie_li,to,0
d005601,c_morgan_zhao,to,0
d005602,c_noah,to,0
d005602,c_elena,to,1
d005602,c_taylor,to,2
d005602,c_chris,cc,3
d005603,c_marcus,to,0
d005604,c_fac_003,to,0
d005605,c_fac_023,to,0
d005606,c_fac_043,to,0
d005607,c_fac_063,to,0
d005608,c_fac_083,to,0
d005609,c_alex_chan,to,0
d005610,c_jamie_li,to,0
d005611,c_lee,to,0
d005612,c_fac_001,to,0
d005613,c_fac_007,to,0
d005614,c_fac_015,to,0
d005615,c_fac_021,to,0
d005616,c_fac_027,to,0
d005617,c_fac_035,to,0
d005618,c_fac_041,to,0
d005619,c_fac_047,to,0
d005620,c_fac_055,to,0
d005621,c_fac_061,to,0
d005622,c_maya,to,0
d005623,c_alex_chen,to,0
d005624,c_fac_003,to,0
d005625,c_fac_023,to,0
d005626,c_fac_043,to,0
d005627,c_fac_068,to,0
d005628,c_alex_chan,to,0
d005629,c_jamie_lee,to,0
d005630,c_lee,to,0
d005631,c_fac_078,to,0
d005632,c_fac_066,to,0
d005633,c_fac_072,to,0
d005634,c_fac_081,to,0
d005635,c_fac_087,to,0
d005636,c_jamie_lee,to,0
d005637,c_morgan_shaw,to,0
d005638,c_morgan_zhao,to,0
d005639,c_noah,to,0
d005639,c_elena,to,1
d005639,c_taylor,to,2
d005639,c_chris,cc,3
d005640,c_noah,to,0
d005640,c_elena,to,1
d005640,c_taylor,to,2
d005640,c_chris,cc,3
d005640,c_lena,bcc,4
d005641,c_morgan_shaw,to,0
d005642,c_fac_019,to,0
d005643,c_fac_039,to,0
d005644,c_fac_059,to,0
d005645,c_fac_079,to,0
d005646,c_alex_chen,to,0
d005647,c_morgan_shaw,to,0
d005648,c_morgan_zhao,to,0
d005649,c_fac_002,to,0
d005650,c_fac_011,to,0
d005651,c_fac_017,to,0
d005652,c_fac_023,to,0
d005653,c_fac_031,to,0
d005654,c_fac_037,to,0
d005655,c_fac_043,to,0
d005656,c_fac_048,to,0
d005657,c_fac_057,to,0
d005658,c_noah,to,0
d005658,c_elena,to,1
d005658,c_taylor,to,2
d005658,c_chris,cc,3
d005659,c_avery,to,0
d005659,c_devon,to,1
d005660,c_sam,to,0
d005661,c_fac_019,to,0
d005662,c_fac_039,to,0
d005663,c_fac_059,to,0
d005664,c_fac_079,to,0
d005665,c_alex_chen,to,0
d005666,c_jamie_lee,to,0
d005667,c_noah,to,0
d005667,c_elena,to,1
d005667,c_taylor,to,2
d005667,c_chris,cc,3
d005668,c_fac_063,to,0
d005669,c_fac_071,to,0
d005670,c_fac_077,to,0
d005671,c_fac_083,to,0
d005672,c_priya,to,0
d005672,c_quinn,cc,1
d005673,c_quinn,to,0
d005674,c_jamie_lee,to,0
d005675,c_morgan_shaw,to,0
d005676,c_pat,to,0
d005677,c_fac_005,to,0
d005678,c_fac_025,to,0
d005679,c_fac_045,to,0
d005680,c_fac_070,to,0
d005681,c_sam,to,0
d005682,c_noah,to,0
d005683,c_fac_009,to,0
d005684,c_fac_017,to,0
d005685,c_fac_023,to,0
d005686,c_fac_029,to,0
d005687,c_fac_037,to,0
d005688,c_fac_044,to,0
d005689,c_fac_052,to,0
d005690,c_fac_057,to,0
d005691,c_fac_063,to,0
d005692,c_fac_069,to,0
d005693,c_hana,to,0
d005694,c_alex_chan,to,0
d005695,c_morgan_shaw,to,0
d005696,c_pat,to,0
d005697,c_fac_005,to,0
d005698,c_noah,to,0
d005699,c_fac_035,to,0
d005700,c_fac_050,to,0
d005701,c_fac_070,to,0
d005702,c_fac_072,to,0
d005703,c_fac_079,to,0
d005704,c_fac_087,to,0
d005705,c_lena,to,0
d005706,c_taylor,to,0
d005707,c_elena,to,0
d005707,c_taylor,to,1
d005707,c_lena,to,2
d005708,c_ren,to,0
d005709,c_alex_chan,to,0
d005709,c_alex_chen,to,1
d005710,c_fac_001,to,0
d005711,c_fac_021,to,0
d005712,c_fac_041,to,0
d005713,c_fac_061,to,0
d005714,c_fac_081,to,0
d005715,c_alex_chan,to,0
d005716,c_jamie_lee,to,0
d005717,c_morgan_zhao,to,0
d005718,c_sam,to,0
d005719,c_fac_003,to,0
d005720,c_fac_009,to,0
d005721,c_fac_015,to,0
d005722,c_fac_023,to,0
d005723,c_fac_029,to,0
d005724,c_fac_035,to,0
d005725,c_noah,to,0
d005725,c_elena,to,1
d005725,c_taylor,to,2
d005725,c_chris,cc,3
d005726,c_fac_048,to,0
d005727,c_fac_055,to,0
d005728,c_noah,to,0
d005728,c_elena,to,1
d005728,c_taylor,to,2
d005728,c_chris,cc,3
d005729,c_noah,to,0
d005729,c_elena,to,1
d005729,c_taylor,to,2
d005729,c_chris,cc,3
d005729,c_lena,bcc,4
d005730,c_noah,to,0
d005731,c_fac_021,to,0
d005732,c_fac_041,to,0
d005733,c_fac_061,to,0
d005734,c_chris,to,0
d005734,c_noah,to,1
d005734,c_elena,to,2
d005734,c_marcus,cc,3
d005735,c_alex_chen,to,0
d005736,c_morgan_shaw,to,0
d005737,c_ren,to,0
d005738,c_fac_064,to,0
d005739,c_fac_070,to,0
d005740,c_fac_078,to,0
d005741,c_fac_084,to,0
d005742,c_priya,to,0
d005742,c_quinn,cc,1
d005743,c_chris,to,0
d005744,c_alex_chan,to,0
d005745,c_alex_chan,to,0
d005746,c_morgan_shaw,to,0
d005747,c_morgan_shaw,to,0
d005748,c_fac_012,to,0
d005749,c_fac_032,to,0
d005750,c_fac_057,to,0
d005751,c_fac_077,to,0
d005752,c_sam,to,0
d005753,c_chris,to,0
d005754,c_fac_006,to,0
d005755,c_fac_014,to,0
d005756,c_fac_020,to,0
d005757,c_fac_029,to,0
d005758,c_fac_035,to,0
d005759,c_fac_041,to,0
d005760,c_fac_049,to,0
d005761,c_fac_054,to,0
d005762,c_fac_060,to,0
d005763,c_fac_066,to,0
d005764,c_avery,to,0
d005764,c_devon,to,1
d005765,c_alex_chan,to,0
d005766,c_alex_chan,to,0
d005767,c_lee,to,0
d005768,c_fac_002,to,0
d005769,c_elena,to,0
d005770,c_fac_027,to,0
d005771,c_fac_042,to,0
d005772,c_fac_062,to,0
d005773,c_fac_087,to,0
d005774,c_fac_075,to,0
d005775,c_fac_081,to,0
d005776,c_fac_089,to,0
d005777,c_alex_chen,to,0
d005778,c_morgan_shaw,to,0
d005779,c_lee,to,0
d005780,c_maya,to,0
d005781,c_alex_chen,to,0
d005782,c_fac_003,to,0
d005783,c_fac_023,to,0
d005784,c_fac_043,to,0
d005785,c_fac_063,to,0
d005786,c_fac_083,to,0
d005787,c_alex_chen,to,0
d005788,c_elena,to,0
d005788,c_taylor,to,1
d005788,c_lena,to,2
d005789,c_pat,to,0
d005790,c_fac_002,to,0
d005791,c_fac_010,to,0
d005792,c_fac_016,to,0
d005793,c_fac_022,to,0
d005794,c_fac_030,to,0
d005795,c_fac_036,to,0
d005796,c_noah,to,0
d005796,c_elena,to,1
d005796,c_taylor,to,2
d005796,c_chris,cc,3
d005797,c_fac_050,to,0
d005798,c_fac_056,to,0
d005799,c_fac_062,to,0
d005800,c_hana,to,0
d005801,c_jamie_li,to,0
d005802,c_fac_008,to,0
d005803,c_fac_033,to,0
d005804,c_fac_053,to,0
d005805,c_fac_073,to,0
d005806,c_alex_chen,to,0
d005807,c_jamie_li,to,0
d005808,c_pat,to,0
d005809,c_fac_083,to,0
d005810,c_fac_067,to,0
d005811,c_fac_076,to,0
d005812,c_fac_082,to,0
d005813,c_noah,to,0
d005813,c_elena,to,1
d005813,c_taylor,to,2
d005813,c_chris,cc,3
d005814,c_chris,to,0
d005814,c_noah,to,1
d005814,c_elena,to,2
d005814,c_marcus,cc,3
d005815,c_chris,to,0
d005816,c_lee,to,0
d005817,c_priya,to,0
d005818,c_avery,to,0
d005818,c_devon,to,1
d005819,c_fac_004,to,0
d005820,c_fac_024,to,0
d005821,c_fac_044,to,0
d005822,c_fac_064,to,0
d005823,c_fac_084,to,0
d005824,c_alex_chen,to,0
d005825,c_jamie_li,to,0
d005826,c_noah,to,0
d005827,c_fac_001,to,0
d005828,c_fac_007,to,0
d005829,c_fac_013,to,0
d005830,c_fac_021,to,0
d005831,c_fac_027,to,0
d005832,c_fac_033,to,0
d005833,c_fac_041,to,0
d005834,c_fac_047,to,0
d005835,c_fac_053,to,0
d005836,c_fac_061,to,0
d005837,c_marcus,to,0
d005838,c_morgan_shaw,to,0
d005839,c_fac_014,to,0
d005840,c_fac_034,to,0
d005841,c_fac_054,to,0
d005842,c_fac_079,to,0
d005843,c_alex_chan,to,0
d005844,c_noah,to,0
d005845,c_morgan_zhao,to,0
d005846,c_ren,to,0
d005847,c_fac_067,to,0
d005848,c_fac_073,to,0
d005849,c_fac_081,to,0
d005850,c_fac_088,to,0
d005851,c_elena,to,0
d005852,c_alex_chan,to,0
d005853,c_jamie_li,to,0
d005854,c_jamie_li,to,0
d005855,c_ren,to,0
d005856,c_fac_010,to,0
d005857,c_fac_035,to,0
d005858,c_fac_055,to,0
d005859,c_fac_075,to,0
d005860,c_sam,to,0
d005861,c_noah,to,0
d005862,c_fac_009,to,0
d005863,c_fac_017,to,0
d005864,c_fac_023,to,0
d005865,c_fac_032,to,0
d005866,c_fac_038,to,0
d005867,c_fac_044,to,0
d005868,c_fac_052,to,0
d005869,c_fac_057,to,0
d005870,c_fac_063,to,0
d005871,c_fac_069,to,0
d005872,c_hana,to,0
d005873,c_alex_chen,to,0
d005874,c_alex_chen,to,0
d005875,c_pat,to,0
d005876,c_fac_005,to,0
d005877,c_noah,to,0
d005878,c_fac_035,to,0
d005879,c_fac_050,to,0
d005880,c_fac_075,to,0
d005881,c_fac_073,to,0
d005882,c_fac_079,to,0
d005883,c_fac_087,to,0
d005884,c_lena,to,0
d005885,c_taylor,to,0
d005886,c_elena,to,0
d005886,c_taylor,to,1
d005886,c_lena,to,2
d005887,c_ren,to,0
d005888,c_noah,to,0
d005888,c_elena,to,1
d005888,c_taylor,to,2
d005888,c_chris,cc,3
d005888,c_lena,bcc,4
d005889,c_noah,to,0
d005890,c_fac_021,to,0
d005891,c_fac_041,to,0
d005892,c_fac_061,to,0
d005893,c_fac_081,to,0
d005894,c_alex_chen,to,0
d005895,c_jamie_li,to,0
d005896,c_pat,to,0
d005897,c_pat,to,0
d005898,c_fac_004,to,0
d005899,c_fac_010,to,0
d005900,c_fac_018,to,0
d005901,c_fac_024,to,0
d005902,c_fac_030,to,0
d005903,c_fac_039,to,0
d005904,c_fac_044,to,0
d005905,c_fac_050,to,0
d005906,c_fac_058,to,0
d005907,c_priya,to,0
d005908,c_jamie_lee,to,0
d005908,c_jamie_li,to,1
d005909,c_fac_006,to,0
d005910,c_fac_026,to,0
d005911,c_fac_051,to,0
d005912,c_fac_071,to,0
d005913,c_taylor,to,0
d005914,c_jamie_lee,to,0
d005915,c_morgan_zhao,to,0
d005916,c_noah,to,0
d005916,c_elena,to,1
d005916,c_taylor,to,2
d005916,c_chris,cc,3
d005917,c_fac_065,to,0
d005918,c_fac_073,to,0
d005919,c_fac_080,to,0
d005920,c_fac_088,to,0
d005921,c_avery,to,0
d005921,c_devon,to,1
d005922,c_noah,to,0
d005923,c_noah,to,0
d005923,c_elena,to,1
d005923,c_taylor,to,2
d005923,c_chris,cc,3
d005924,c_noah,to,0
d005924,c_taylor,to,1
d005924,c_chris,cc,2
d005925,c_morgan_zhao,to,0
d005926,c_fac_002,to,0
d005927,c_fac_022,to,0
d005928,c_fac_042,to,0
d005929,c_fac_062,to,0
d005930,c_fac_082,to,0
d005931,c_hana,to,0
d005932,c_noah,to,0
d005933,c_fac_009,to,0
d005934,c_fac_016,to,0
d005935,c_fac_025,to,0
d005936,c_fac_031,to,0
d005937,c_fac_039,to,0
d005938,c_fac_045,to,0
d005939,c_noah,to,0
d005939,c_elena,to,1
d005939,c_taylor,to,2
d005939,c_chris,cc,3
d005940,c_fac_056,to,0
d005941,c_fac_064,to,0
d005942,c_priya,to,0
d005942,c_quinn,cc,1
d005943,c_quinn,to,0
d005944,c_jamie_lee,to,0
d005945,c_jamie_lee,to,0
d005946,c_pat,to,0
d005947,c_fac_012,to,0
d005948,c_noah,to,0
d005949,c_noah,to,0
d005949,c_elena,to,1
d005949,c_taylor,to,2
d005949,c_chris,cc,3
d005950,c_fac_057,to,0
d005951,c_fac_077,to,0
d005952,c_fac_071,to,0
d005953,c_fac_079,to,0
d005954,c_fac_085,to,0
d005955,c_lena,to,0
d005956,c_jamie_lee,to,0
d005957,c_lee,to,0
d005958,c_priya,to,0
d005959,c_marcus,to,0
d005960,c_morgan_zhao,to,0
d005961,c_fac_018,to,0
d005962,c_fac_038,to,0
d005963,c_fac_058,to,0
d005964,c_fac_078,to,0
d005965,c_alex_chan,to,0
d005966,c_jamie_li,to,0
d005967,c_morgan_zhao,to,0
d005968,c_hana,to,0
d005969,c_fac_006,to,0
d005970,c_fac_012,to,0
d005971,c_fac_020,to,0
d005972,c_fac_026,to,0
d005973,c_fac_035,to,0
d005974,c_fac_041,to,0
d005975,c_fac_046,to,0
d005976,c_fac_052,to,0
d005977,c_fac_060,to,0
d005978,c_priya,to,0
d005979,c_marcus,to,0
d005980,c_fac_003,to,0
d005981,c_fac_023,to,0
d005982,c_fac_043,to,0
d005983,c_fac_063,to,0
d005984,c_lena,to,0
d005985,c_elena,to,0
d005985,c_taylor,to,1
d005985,c_lena,to,2
d005986,c_morgan_zhao,to,0
d005987,c_noah,to,0
d005987,c_elena,to,1
d005987,c_taylor,to,2
d005987,c_chris,cc,3
d005988,c_fac_066,to,0
d005989,c_fac_072,to,0
d005990,c_fac_080,to,0
d005991,c_fac_086,to,0
d005992,c_alex_chen,to,0
d005993,c_jamie_li,to,0
d005994,c_noah,to,0
d005995,c_ren,to,0
d005996,c_noah,to,0
d005996,c_elena,to,1
d005996,c_taylor,to,2
d005996,c_chris,cc,3
d005996,c_lena,bcc,4
d005997,c_morgan_shaw,to,0
d005998,c_fac_014,to,0
d005999,c_fac_034,to,0
d006000,c_fac_054,to,0
d006001,c_fac_074,to,0
d006002,c_alex_chan,to,0
d006003,c_jamie_li,to,0
d006004,c_noah,to,0
d006005,c_ren,to,0
d006006,c_fac_006,to,0
d006007,c_fac_012,to,0
d006008,c_fac_018,to,0
d006009,c_fac_026,to,0
d006010,c_fac_032,to,0
d006011,c_fac_041,to,0
d006012,c_fac_046,to,0
d006013,c_fac_052,to,0
d006014,c_fac_058,to,0
d006015,c_priya,to,0
d006016,c_avery,to,0
d006016,c_devon,to,1
d006017,c_sam,to,0
d006018,c_fac_019,to,0
d006019,c_fac_044,to,0
d006020,c_fac_064,to,0
d006021,c_fac_084,to,0
d006022,c_alex_chen,to,0
d006023,c_jamie_lee,to,0
d006024,c_lee,to,0
d006025,c_fac_089,to,0
d006026,c_fac_071,to,0
d006027,c_fac_077,to,0
d006028,c_fac_083,to,0
d006029,c_noah,to,0
d006029,c_elena,to,1
d006029,c_taylor,to,2
d006029,c_chris,cc,3
d006030,c_elena,to,0
d006031,c_alex_chan,to,0
d006032,c_jamie_li,to,0
d006033,c_jamie_li,to,0
d006034,c_morgan_zhao,to,0
d006035,c_fac_015,to,0
d006036,c_fac_035,to,0
d006037,c_fac_055,to,0
d006038,c_fac_075,to,0
d006039,c_sam,to,0
d006040,c_noah,to,0
d006041,c_fac_009,to,0
d006042,c_fac_018,to,0
d006043,c_fac_024,to,0
d006044,c_fac_032,to,0
d006045,c_fac_038,to,0
d006046,c_fac_044,to,0
d006047,c_fac_052,to,0
d006048,c_fac_057,to,0
d006049,c_fac_063,to,0
d006050,c_noah,to,0
d006050,c_elena,to,1
d006050,c_taylor,to,2
d006050,c_chris,cc,3
d006051,c_noah,to,0
d006051,c_taylor,to,1
d006051,c_chris,cc,2
d006052,c_alex_chen,to,0
d006053,c_alex_chen,to,0
d006054,c_pat,to,0
d006055,c_fac_005,to,0
d006056,c_noah,to,0
d006057,c_noah,to,0
d006057,c_elena,to,1
d006057,c_taylor,to,2
d006057,c_chris,cc,3
d006058,c_fac_055,to,0
d006059,c_fac_075,to,0
d006060,c_fac_073,to,0
d006061,c_fac_079,to,0
d006062,c_fac_087,to,0
d006063,c_lena,to,0
d006064,c_taylor,to,0
d006065,c_morgan_zhao,to,0
d006066,c_quinn,to,0
d006067,c_fac_001,to,0
d006068,c_fac_016,to,0
d006069,c_fac_036,to,0
d006070,c_fac_056,to,0
d006071,c_fac_076,to,0
d006072,c_lena,to,0
d006073,c_jamie_lee,to,0
d006074,c_morgan_zhao,to,0
d006075,c_sam,to,0
d006076,c_hana,to,0
d006077,c_fac_008,to,0
d006078,c_fac_014,to,0
d006079,c_fac_020,to,0
d006080,c_fac_029,to,0
d006081,c_fac_035,to,0
d006082,c_noah,to,0
d006082,c_elena,to,1
d006082,c_taylor,to,2
d006082,c_chris,cc,3
d006083,c_fac_048,to,0
d006084,c_fac_054,to,0
d006085,c_fac_060,to,0
d006086,c_alex_chan,to,0
d006086,c_alex_chen,to,1
d006087,c_fac_001,to,0
d006088,c_fac_021,to,0
d006089,c_fac_041,to,0
d006090,c_fac_061,to,0
d006091,c_fac_081,to,0
d006092,c_alex_chan,to,0
d006093,c_jamie_li,to,0
d006094,c_pat,to,0
d006095,c_fac_063,to,0
d006096,c_fac_070,to,0
d006097,c_fac_078,to,0
d006098,c_fac_084,to,0
d006099,c_noah,to,0
d006099,c_elena,to,1
d006099,c_taylor,to,2
d006099,c_chris,cc,3
d006100,c_chris,to,0
d006101,c_alex_chan,to,0
d006102,c_alex_chan,to,0
d006103,c_morgan_zhao,to,0
d006104,c_ren,to,0
d006105,c_fac_017,to,0
d006106,c_fac_037,to,0
d006107,c_fac_057,to,0
d006108,c_fac_077,to,0
d006109,c_sam,to,0
d006110,c_chris,to,0
d006111,c_fac_009,to,0
d006112,c_fac_015,to,0
d006113,c_fac_021,to,0
d006114,c_fac_029,to,0
d006115,c_fac_035,to,0
d006116,c_fac_044,to,0
d006117,c_fac_050,to,0
d006118,c_fac_055,to,0
d006119,c_fac_064,to,0
d006120,c_priya,to,0
d006120,c_quinn,cc,1
d006121,c_quinn,to,0
d006122,c_jamie_lee,to,0
d006123,c_jamie_lee,to,0
d006124,c_pat,to,0
d006125,c_fac_012,to,0
d006126,c_fac_022,to,0
d006127,c_fac_037,to,0
d006128,c_fac_057,to,0
d006129,c_fac_077,to,0
d006130,c_fac_071,to,0
d006131,c_fac_079,to,0
d006132,c_fac_085,to,0
d006133,c_lena,to,0
d006134,c_jamie_li,to,0
d006135,c_morgan_zhao,to,0
d006136,c_noah,to,0
d006136,c_elena,to,1
d006136,c_taylor,to,2
d006136,c_chris,cc,3
d006137,c_noah,to,0
d006137,c_elena,to,1
d006137,c_taylor,to,2
d006137,c_chris,cc,3
d006137,c_lena,bcc,4
d006138,c_noah,to,0
d006139,c_fac_013,to,0
d006140,c_fac_033,to,0
d006141,c_fac_053,to,0
d006142,c_fac_078,to,0
d006143,c_lena,to,0
d006144,c_jamie_lee,to,0
d006145,c_noah,to,0
d006146,c_ren,to,0
d006147,c_fac_005,to,0
d006148,c_fac_011,to,0
d006149,c_fac_020,to,0
d006150,c_fac_026,to,0
d006151,c_fac_032,to,0
d006152,c_fac_040,to,0
d006153,c_fac_045,to,0
d006154,c_fac_051,to,0
d006155,c_fac_057,to,0
d006156,c_noah,to,0
d006156,c_elena,to,1
d006156,c_taylor,to,2
d006156,c_chris,cc,3
d006157,c_marcus,to,0
d006158,c_morgan_zhao,to,0
d006159,c_fac_018,to,0
d006160,c_fac_038,to,0
d006161,c_fac_058,to,0
d006162,c_chris,to,0
d006162,c_noah,to,1
d006162,c_elena,to,2
d006162,c_marcus,cc,3
d006163,c_noah,to,0
d006164,c_morgan_shaw,to,0
d006165,c_noah,to,0
d006165,c_elena,to,1
d006165,c_taylor,to,2
d006165,c_chris,cc,3
d006166,c_fac_065,to,0
d006167,c_fac_071,to,0
d006168,c_fac_077,to,0
d006169,c_fac_085,to,0
d006170,c_alex_chan,to,0
d006171,c_taylor,to,0
d006172,c_elena,to,0
d006172,c_taylor,to,1
d006172,c_lena,to,2
d006173,c_ren,to,0
d006174,c_marcus,to,0
d006175,c_jamie_lee,to,0
d006176,c_fac_009,to,0
d006177,c_fac_029,to,0
d006178,c_fac_049,to,0
d006179,c_fac_069,to,0
d006180,c_noah,to,0
d006180,c_elena,to,1
d006180,c_taylor,to,2
d006180,c_chris,cc,3
d006181,c_chris,to,0
d006181,c_noah,to,1
d006181,c_elena,to,2
d006181,c_marcus,cc,3
d006182,c_chris,to,0
d006183,c_lee,to,0
d006184,c_fac_002,to,0
d006185,c_fac_008,to,0
d006186,c_fac_016,to,0
d006187,c_fac_022,to,0
d006188,c_fac_031,to,0
d006189,c_fac_037,to,0
d006190,c_fac_043,to,0
d006191,c_fac_048,to,0
d006192,c_fac_056,to,0
d006193,c_fac_062,to,0
d006194,c_marcus,to,0
d006195,c_jamie_lee,to,0
d006196,c_fac_014,to,0
d006197,c_fac_034,to,0
d006198,c_fac_054,to,0
d006199,c_fac_074,to,0
d006200,c_taylor,to,0
d006201,c_elena,to,0
d006201,c_taylor,to,1
d006201,c_lena,to,2
d006202,c_morgan_shaw,to,0
d006203,c_ren,to,0
d006204,c_fac_067,to,0
d006205,c_fac_073,to,0
d006206,c_fac_081,to,0
d006207,c_fac_087,to,0
d006208,c_avery,to,0
d006208,c_devon,to,1
d006209,c_quinn,to,0
d006210,c_alex_chen,to,0
d006211,c_morgan_shaw,to,0
d006212,c_pat,to,0
d006213,c_fac_005,to,0
d006214,c_fac_025,to,0
d006215,c_fac_045,to,0
d006216,c_fac_065,to,0
d006217,c_fac_085,to,0
d006218,c_fac_003,to,0
d006219,c_fac_008,to,0
d006220,c_fac_014,to,0
d006221,c_fac_022,to,0
d006222,c_fac_028,to,0
d006223,c_fac_034,to,0
d006224,c_fac_042,to,0
d006225,c_fac_048,to,0
d006226,c_fac_054,to,0
d006227,c_fac_062,to,0
d006228,c_fac_068,to,0
d006229,c_hana,to,0
d006230,c_alex_chan,to,0
d006231,c_morgan_shaw,to,0
d006232,c_lee,to,0
d006233,c_hana,to,0
d006234,c_noah,to,0
d006235,c_fac_035,to,0
d006236,c_fac_050,to,0
d006237,c_fac_070,to,0
d006238,c_fac_072,to,0
d006239,c_fac_078,to,0
d006240,c_fac_084,to,0
d006241,c_noah,to,0
d006241,c_elena,to,1
d006241,c_taylor,to,2
d006241,c_chris,cc,3
d006242,c_taylor,to,0
d006243,c_elena,to,0
d006243,c_taylor,to,1
d006243,c_lena,to,2
d006244,c_ren,to,0
d006245,c_alex_chan,to,0
d006245,c_alex_chen,to,1
d006246,c_fac_001,to,0
d006247,c_fac_016,to,0
d006248,c_fac_036,to,0
d006249,c_fac_061,to,0
d006250,c_fac_081,to,0
d006251,c_alex_chen,to,0
d006252,c_elena,to,0
d006252,c_taylor,to,1
d006252,c_lena,to,2
d006253,c_ren,to,0
d006254,c_ren,to,0
d006255,c_fac_005,to,0
d006256,c_fac_013,to,0
d006257,c_fac_020,to,0
d006258,c_fac_028,to,0
d006259,c_fac_034,to,0
d006260,c_fac_040,to,0
d006261,c_fac_048,to,0
d006262,c_fac_054,to,0
d006263,c_fac_060,to,0
d006264,c_alex_chan,to,0
d006264,c_alex_chen,to,1
d006265,c_noah,to,0
d006266,c_fac_021,to,0
d006267,c_fac_041,to,0
d006268,c_fac_061,to,0
d006269,c_fac_081,to,0
d006270,c_alex_chan,to,0
d006271,c_jamie_li,to,0
d006272,c_pat,to,0
d006273,c_fac_064,to,0
d006274,c_fac_070,to,0
d006275,c_fac_078,to,0
d006276,c_fac_084,to,0
d006277,c_noah,to,0
d006277,c_elena,to,1
d006277,c_taylor,to,2
d006277,c_chris,cc,3
d006278,c_elena,to,0
d006279,c_avery,to,0
d006279,c_devon,to,1
d006280,c_alex_chan,to,0
d006281,c_morgan_shaw,to,0
d006282,c_morgan_shaw,to,0
d006283,c_fac_012,to,0
d006284,c_fac_032,to,0
d006285,c_fac_052,to,0
d006286,c_fac_072,to,0
d006287,c_noah,to,0
d006287,c_elena,to,1
d006287,c_taylor,to,2
d006287,c_chris,cc,3
d006288,c_chris,to,0
d006289,c_fac_006,to,0
d006290,c_fac_014,to,0
d006291,c_fac_020,to,0
d006292,c_fac_026,to,0
d006293,c_fac_034,to,0
d006294,c_fac_040,to,0
d006295,c_fac_046,to,0
d006296,c_fac_054,to,0
d006297,c_fac_060,to,0
d006298,c_fac_066,to,0
d006299,c_avery,to,0
d006299,c_devon,to,1
d006300,c_avery,to,0
d006300,c_devon,to,1
d006301,c_jamie_li,to,0
d006302,c_morgan_zhao,to,0
d006303,c_fac_002,to,0
d006304,c_elena,to,0
d006305,c_fac_027,to,0
d006306,c_fac_042,to,0
d006307,c_fac_062,to,0
d006308,c_fac_082,to,0
d006309,c_fac_074,to,0
d006310,c_fac_080,to,0
d006311,c_fac_089,to,0
d006312,c_alex_chen,to,0
d006313,c_morgan_shaw,to,0
d006314,c_lee,to,0
d006315,c_priya,to,0
d006316,c_marcus,to,0
d006317,c_morgan_zhao,to,0
d006318,c_fac_018,to,0
d006319,c_fac_043,to,0
d006320,c_fac_063,to,0
d006321,c_fac_083,to,0
d006322,c_alex_chan,to,0
d006323,c_jamie_li,to,0
d006324,c_morgan_zhao,to,0
d006325,c_hana,to,0
d006326,c_fac_007,to,0
d006327,c_fac_015,to,0
d006328,c_fac_021,to,0
d006329,c_fac_027,to,0
d006330,c_fac_035,to,0
d006331,c_fac_041,to,0
d006332,c_fac_046,to,0
d006333,c_fac_052,to,0
d006334,c_fac_061,to,0
d006335,c_maya,to,0
d006336,c_jamie_li,to,0
d006337,c_fac_008,to,0
d006338,c_fac_028,to,0
d006339,c_fac_048,to,0
d006340,c_fac_068,to,0
d006341,c_alex_chan,to,0
d006342,c_jamie_li,to,0
d006343,c_pat,to,0
d006344,c_fac_083,to,0
d006345,c_fac_067,to,0
d006346,c_fac_075,to,0
d006347,c_fac_081,to,0
d006348,c_fac_087,to,0
d006349,c_taylor,to,0
d006350,c_elena,to,0
d006350,c_taylor,to,1
d006350,c_lena,to,2
d006351,c_pat,to,0
d006352,c_maya,to,0
d006353,c_alex_chan,to,0
d006354,c_fac_004,to,0
d006355,c_fac_024,to,0
d006356,c_fac_044,to,0
d006357,c_fac_069,to,0
d006358,c_fac_089,to,0
d006359,c_jamie_lee,to,0
d006360,c_morgan_shaw,to,0
d006361,c_morgan_zhao,to,0
d006362,c_fac_001,to,0
d006363,c_fac_007,to,0
d006364,c_fac_013,to,0
d006365,c_fac_022,to,0
d006366,c_fac_028,to,0
d006367,c_fac_036,to,0
d006368,c_fac_042,to,0
d006369,c_fac_047,to,0
d006370,c_fac_053,to,0
d006371,c_fac_061,to,0
d006372,c_maya,to,0
d006373,c_jamie_lee,to,0
d006374,c_fac_009,to,0
d006375,c_fac_029,to,0
d006376,c_fac_049,to,0
d006377,c_fac_069,to,0
d006378,c_chris,to,0
d006378,c_noah,to,1
d006378,c_elena,to,2
d006378,c_marcus,cc,3
d006379,c_chris,to,0
d006380,c_morgan_shaw,to,0
d006381,c_pat,to,0
d006382,c_fac_066,to,0
d006383,c_fac_072,to,0
d006384,c_fac_078,to,0
d006385,c_fac_086,to,0
d006386,c_priya,to,0
d006386,c_quinn,cc,1
d006387,c_noah,to,0
d006388,c_alex_chen,to,0
d006389,c_alex_chen,to,0
d006390,c_lee,to,0
d006391,c_hana,to,0
d006392,c_fac_020,to,0
d006393,c_fac_040,to,0
d006394,c_fac_060,to,0
d006395,c_fac_080,to,0
d006396,c_fac_003,to,0
d006397,c_fac_007,to,0
d006398,c_fac_013,to,0
d006399,c_fac_019,to,0
d006400,c_fac_027,to,0
d006401,c_fac_033,to,0
d006402,c_fac_039,to,0
d006403,c_fac_049,to,0
d006404,c_fac_054,to,0
d006405,c_fac_062,to,0
d006406,c_fac_068,to,0
d006407,c_hana,to,0
d006408,c_alex_chan,to,0
d006409,c_morgan_shaw,to,0
d006410,c_lee,to,0
d006411,c_fac_005,to,0
d006412,c_noah,to,0
d006413,c_fac_035,to,0
d006414,c_fac_050,to,0
d006415,c_fac_070,to,0
d006416,c_fac_072,to,0
d006417,c_fac_078,to,0
d006418,c_fac_084,to,0
d006419,c_lena,to,0
d006420,c_taylor,to,0
d006421,c_elena,to,0
d006421,c_taylor,to,1
d006421,c_lena,to,2
d006422,c_ren,to,0
d006423,c_alex_chan,to,0
d006423,c_alex_chen,to,1
d006424,c_fac_001,to,0
d006425,c_fac_016,to,0
d006426,c_fac_041,to,0
d006427,c_fac_061,to,0
d006428,c_fac_081,to,0
d006429,c_alex_chan,to,0
d006430,c_jamie_lee,to,0
d006431,c_morgan_zhao,to,0
d006432,c_sam,to,0
d006433,c_hana,to,0
d006434,c_fac_009,to,0
d006435,c_fac_015,to,0
d006436,c_fac_023,to,0
d006437,c_fac_029,to,0
d006438,c_fac_035,to,0
d006439,c_noah,to,0
d006439,c_elena,to,1
d006439,c_taylor,to,2
d006439,c_chris,cc,3
d006440,c_fac_048,to,0
d006441,c_fac_054,to,0
d006442,c_noah,to,0
d006442,c_elena,to,1
d006442,c_taylor,to,2
d006442,c_chris,cc,3
d006443,c_jamie_lee,to,0
d006443,c_jamie_li,to,1
d006444,c_fac_006,to,0
d006445,c_fac_026,to,0
d006446,c_fac_046,to,0
d006447,c_fac_066,to,0
d006448,c_chris,to,0
d006448,c_noah,to,1
d006448,c_elena,to,2
d006448,c_marcus,cc,3
d006449,c_jamie_li,to,0
d006450,c_ren,to,0
d006451,c_fac_064,to,0
d006452,c_fac_070,to,0
d006453,c_fac_078,to,0
d006454,c_fac_084,to,0
d006455,c_noah,to,0
d006455,c_elena,to,1
d006455,c_taylor,to,2
d006455,c_chris,cc,3
d006456,c_elena,to,0
d006457,c_alex_chan,to,0
d006458,c_noah,to,0
d006458,c_taylor,to,1
d006458,c_chris,cc,2
d006459,c_morgan_zhao,to,0
d006460,c_ren,to,0
d006461,c_fac_017,to,0
d006462,c_fac_037,to,0
d006463,c_fac_057,to,0
d006464,c_fac_077,to,0
d006465,c_fac_001,to,0
d006466,c_fac_004,to,0
d006467,c_fac_010,to,0
d006468,c_fac_016,to,0
d006469,c_fac_024,to,0
d006470,c_fac_030,to,0
d006471,c_fac_036,to,0
d006472,c_fac_045,to,0
d006473,c_fac_051,to,0
d006474,c_fac_059,to,0
d006475,c_fac_065,to,0
d006476,c_priya,to,0
d006476,c_quinn,cc,1
d006477,c_quinn,to,0
d006478,c_jamie_lee,to,0
d006479,c_jamie_lee,to,0
d006480,c_ren,to,0
d006481,c_fac_017,to,0
d006482,c_fac_022,to,0
d006483,c_fac_037,to,0
d006484,c_fac_057,to,0
d006485,c_fac_077,to,0
d006486,c_fac_071,to,0
d006487,c_fac_079,to,0
d006488,c_fac_086,to,0
d006489,c_alex_chan,to,0
d006490,c_jamie_li,to,0
d006491,c_morgan_zhao,to,0
d006492,c_priya,to,0
d006493,c_marcus,to,0
d006494,c_morgan_zhao,to,0
d006495,c_fac_018,to,0
d006496,c_fac_043,to,0
d006497,c_fac_063,to,0
d006498,c_fac_083,to,0
d006499,c_alex_chan,to,0
d006500,c_jamie_li,to,0
d006501,c_morgan_zhao,to,0
d006502,c_hana,to,0
d006503,c_fac_007,to,0
d006504,c_fac_015,to,0
d006505,c_fac_021,to,0
d006506,c_fac_027,to,0
d006507,c_fac_035,to,0
d006508,c_fac_041,to,0
d006509,c_fac_046,to,0
d006510,c_fac_052,to,0
d006511,c_fac_061,to,0
d006512,c_maya,to,0
d006513,c_alex_chen,to,0
d006514,c_fac_003,to,0
d006515,c_fac_023,to,0
d006516,c_fac_043,to,0
d006517,c_fac_063,to,0
d006518,c_lena,to,0
d006519,c_jamie_lee,to,0
d006520,c_lee,to,0
d006521,c_fac_078,to,0
d006522,c_fac_066,to,0
d006523,c_fac_072,to,0
d006524,c_fac_080,to,0
d006525,c_fac_086,to,0
d006526,c_jamie_lee,to,0
d006527,c_morgan_shaw,to,0
d006528,c_morgan_zhao,to,0
d006529,c_noah,to,0
d006529,c_elena,to,1
d006529,c_taylor,to,2
d006529,c_chris,cc,3
d006530,c_noah,to,0
d006530,c_elena,to,1
d006530,c_taylor,to,2
d006530,c_chris,cc,3
d006530,c_lena,bcc,4
d006531,c_morgan_shaw,to,0
d006532,c_fac_014,to,0
d006533,c_fac_034,to,0
d006534,c_fac_059,to,0
d006535,c_fac_079,to,0
d006536,c_alex_chan,to,0
d006537,c_taylor,to,0
d006538,c_elena,to,0
d006538,c_taylor,to,1
d006538,c_lena,to,2
d006539,c_pat,to,0
d006540,c_fac_003,to,0
d006541,c_fac_011,to,0
d006542,c_fac_018,to,0
d006543,c_fac_026,to,0
d006544,c_fac_032,to,0
d006545,c_fac_038,to,0
d006546,c_noah,to,0
d006546,c_elena,to,1
d006546,c_taylor,to,2
d006546,c_chris,cc,3
d006547,c_fac_051,to,0
d006548,c_fac_057,to,0
d006549,c_priya,to,0
d006550,c_avery,to,0
d006550,c_devon,to,1
d006551,c_sam,to,0
d006552,c_fac_019,to,0
d006553,c_fac_039,to,0
d006554,c_fac_059,to,0
d006555,c_fac_079,to,0
d006556,c_alex_chan,to,0
d006557,c_jamie_lee,to,0
d006558,c_lee,to,0
d006559,c_fac_089,to,0
d006560,c_fac_068,to,0
d006561,c_fac_076,to,0
d006562,c_fac_082,to,0
d006563,c_fac_088,to,0
d006564,c_hana,to,0
d006565,c_alex_chan,to,0
d006566,c_noah,to,0
d006566,c_taylor,to,1
d006566,c_chris,cc,2
d006567,c_morgan_zhao,to,0
d006568,c_morgan_zhao,to,0
d006569,c_fac_015,to,0
d006570,c_fac_035,to,0
d006571,c_fac_055,to,0
d006572,c_fac_080,to,0
d006573,c_fac_002,to,0
d006574,c_fac_004,to,0
d006575,c_fac_012,to,0
d006576,c_fac_018,to,0
d006577,c_fac_024,to,0
d006578,c_fac_032,to,0
d006579,c_fac_038,to,0
d006580,c_fac_047,to,0
d006581,c_noah,to,0
d006581,c_elena,to,1
d006581,c_taylor,to,2
d006581,c_chris,cc,3
d006582,c_fac_059,to,0
d006583,c_fac_067,to,0
d006584,c_priya,to,0
d006584,c_quinn,cc,1
d006585,c_quinn,to,0
d006586,c_jamie_lee,to,0
d006587,c_morgan_zhao,to,0
d006588,c_ren,to,0
d006589,c_fac_015,to,0
d006590,c_fac_025,to,0
d006591,c_fac_040,to,0
d006592,c_fac_060,to,0
d006593,c_fac_080,to,0
d006594,c_fac_074,to,0
d006595,c_fac_082,to,0
d006596,c_fac_089,to,0
d006597,c_alex_chen,to,0
d006598,c_jamie_li,to,0
d006599,c_lee,to,0
d006600,c_priya,to,0
d006601,c_jamie_lee,to,0
d006601,c_jamie_li,to,1
d006602,c_fac_006,to,0
d006603,c_fac_031,to,0
d006604,c_fac_051,to,0
d006605,c_fac_071,to,0
d006606,c_noah,to,0
d006606,c_elena,to,1
d006606,c_taylor,to,2
d006606,c_chris,cc,3
d006607,c_chris,to,0
d006607,c_noah,to,1
d006607,c_elena,to,2
d006607,c_marcus,cc,3
d006608,c_morgan_shaw,to,0
d006609,c_pat,to,0
d006610,c_pat,to,0
d006611,c_fac_005,to,0
d006612,c_fac_013,to,0
d006613,c_fac_019,to,0
d006614,c_fac_025,to,0
d006615,c_fac_033,to,0
d006616,c_fac_039,to,0
d006617,c_fac_044,to,0
d006618,c_fac_050,to,0
d006619,c_fac_059,to,0
d006620,c_quinn,to,0
d006621,c_morgan_shaw,to,0
d006621,c_morgan_zhao,to,1
d006622,c_fac_011,to,0
d006623,c_fac_031,to,0
d006624,c_fac_051,to,0
d006625,c_fac_071,to,0
d006626,c_lena,to,0
d006627,c_elena,to,0
d006627,c_taylor,to,1
d006627,c_lena,to,2
d006628,c_lee,to,0
d006629,c_fac_086,to,0
d006630,c_fac_068,to,0
d006631,c_fac_074,to,0
d006632,c_fac_080,to,0
d006633,c_fac_088,to,0
d006634,c_marcus,to,0
d006635,c_quinn,to,0
d006636,c_alex_chen,to,0
d006637,c_jamie_li,to,0
d006638,c_lee,to,0
d006639,c_fac_002,to,0
d006640,c_fac_022,to,0
d006641,c_fac_042,to,0
d006642,c_fac_067,to,0
d006643,c_fac_087,to,0
d006644,c_fac_001,to,0
d006645,c_fac_004,to,0
d006646,c_fac_010,to,0
d006647,c_fac_016,to,0
d006648,c_fac_024,to,0
d006649,c_fac_031,to,0
d006650,c_fac_039,to,0
d006651,c_fac_045,to,0
d006652,c_noah,to,0
d006652,c_elena,to,1
d006652,c_taylor,to,2
d006652,c_chris,cc,3
d006653,c_fac_056,to,0
d006654,c_fac_064,to,0
d006655,c_noah,to,0
d006655,c_elena,to,1
d006655,c_taylor,to,2
d006655,c_chris,cc,3
d006656,c_quinn,to,0
d006657,c_jamie_li,to,0
d006658,c_morgan_zhao,to,0
d006659,c_ren,to,0
d006660,c_fac_017,to,0
d006661,c_fac_022,to,0
d006662,c_fac_037,to,0
d006663,c_fac_057,to,0
d006664,c_fac_077,to,0
d006665,c_fac_074,to,0
d006666,c_fac_080,to,0
d006667,c_fac_086,to,0
d006668,c_alex_chan,to,0
d006669,c_jamie_li,to,0
d006670,c_morgan_zhao,to,0
d006671,c_noah,to,0
d006671,c_elena,to,1
d006671,c_taylor,to,2
d006671,c_chris,cc,3
d006672,c_marcus,to,0
d006673,c_morgan_zhao,to,0
d006674,c_fac_018,to,0
d006675,c_fac_038,to,0
d006676,c_fac_058,to,0
d006677,c_fac_078,to,0
d006678,c_alex_chan,to,0
d006679,c_jamie_li,to,0
d006680,c_lee,to,0
d006681,c_fac_001,to,0
d006682,c_fac_007,to,0
d006683,c_fac_015,to,0
d006684,c_fac_022,to,0
d006685,c_fac_030,to,0
d006686,c_fac_036,to,0
d006687,c_fac_042,to,0
d006688,c_fac_050,to,0
d006689,c_fac_056,to,0
d006690,c_fac_062,to,0
d006691,c_hana,to,0
d006692,c_jamie_li,to,0
d006693,c_fac_008,to,0
d006694,c_fac_028,to,0
d006695,c_fac_053,to,0
d006696,c_fac_073,to,0
d006697,c_alex_chen,to,0
d006698,c_jamie_li,to,0
d006699,c_pat,to,0
d006700,c_fac_083,to,0
d006701,c_fac_067,to,0
d006702,c_fac_075,to,0
d006703,c_fac_082,to,0
d006704,c_noah,to,0
d006704,c_elena,to,1
d006704,c_taylor,to,2
d006704,c_chris,cc,3
d006705,c_chris,to,0
d006705,c_noah,to,1
d006705,c_elena,to,2
d006705,c_marcus,cc,3
d006706,c_chris,to,0
d006707,c_lee,to,0
d006708,c_priya,to,0
d006709,c_avery,to,0
d006709,c_devon,to,1
d006710,c_sam,to,0
d006711,c_fac_024,to,0
d006712,c_fac_044,to,0
d006713,c_fac_064,to,0
d006714,c_fac_084,to,0
d006715,c_alex_chen,to,0
d006716,c_jamie_li,to,0
d006717,c_noah,to,0
d006718,c_ren,to,0
d006719,c_fac_007,to,0
d006720,c_fac_013,to,0
d006721,c_fac_021,to,0
d006722,c_fac_027,to,0
d006723,c_fac_033,to,0
d006724,c_fac_041,to,0
d006725,c_fac_046,to,0
d006726,c_fac_053,to,0
d006727,c_fac_061,to,0
d006728,c_maya,to,0
d006729,c_alex_chan,to,0
d006730,c_fac_004,to,0
d006731,c_fac_024,to,0
d006732,c_fac_044,to,0
d006733,c_fac_064,to,0
d006734,c_chris,to,0
d006734,c_noah,to,1
d006734,c_elena,to,2
d006734,c_marcus,cc,3
d006735,c_chris,to,0
d006736,c_jamie_li,to,0
d006737,c_noah,to,0
d006737,c_elena,to,1
d006737,c_taylor,to,2
d006737,c_chris,cc,3
d006738,c_fac_063,to,0
d006739,c_fac_071,to,0
d006740,c_fac_077,to,0
d006741,c_fac_083,to,0
d006742,c_priya,to,0
d006742,c_quinn,cc,1
d006743,c_noah,to,0
d006744,c_noah,to,0
d006744,c_elena,to,1
d006744,c_taylor,to,2
d006744,c_chris,cc,3
d006745,c_noah,to,0
d006745,c_taylor,to,1
d006745,c_chris,cc,2
d006746,c_morgan_zhao,to,0
d006747,c_morgan_zhao,to,0
d006748,c_fac_015,to,0
d006749,c_fac_040,to,0
d006750,c_fac_060,to,0
d006751,c_fac_080,to,0
d006752,c_fac_002,to,0
d006753,c_fac_004,to,0
d006754,c_fac_012,to,0
d006755,c_fac_018,to,0
d006756,c_fac_024,to,0
d006757,c_fac_033,to,0
d006758,c_fac_039,to,0
d006759,c_fac_047,to,0
d006760,c_noah,to,0
d006760,c_elena,to,1
d006760,c_taylor,to,2
d006760,c_chris,cc,3
d006761,c_fac_058,to,0
d006762,c_fac_064,to,0
d006763,c_noah,to,0
d006763,c_elena,to,1
d006763,c_taylor,to,2
d006763,c_chris,cc,3
d006764,c_noah,to,0
d006764,c_taylor,to,1
d006764,c_chris,cc,2
d006765,c_jamie_lee,to,0
d006766,c_morgan_zhao,to,0
d006767,c_morgan_zhao,to,0
d006768,c_fac_010,to,0
d006769,c_fac_020,to,0
d006770,c_noah,to,0
d006770,c_elena,to,1
d006770,c_taylor,to,2
d006770,c_chris,cc,3
d006771,c_fac_055,to,0
d006772,c_fac_080,to,0
d006773,c_fac_074,to,0
d006774,c_fac_082,to,0
d006775,c_fac_088,to,0
d006776,c_alex_chan,to,0
d006777,c_jamie_lee,to,0
d006778,c_morgan_zhao,to,0
d006779,c_noah,to,0
d006779,c_elena,to,1
d006779,c_taylor,to,2
d006779,c_chris,cc,3
d006780,c_morgan_shaw,to,0
d006780,c_morgan_zhao,to,1
d006781,c_fac_011,to,0
d006782,c_fac_031,to,0
d006783,c_fac_051,to,0
d006784,c_fac_071,to,0
d006785,c_noah,to,0
d006785,c_elena,to,1
d006785,c_taylor,to,2
d006785,c_chris,cc,3
d006786,c_chris,to,0
d006786,c_noah,to,1
d006786,c_elena,to,2
d006786,c_marcus,cc,3
d006787,c_morgan_shaw,to,0
d006788,c_ren,to,0
d006789,c_ren,to,0
d006790,c_fac_005,to,0
d006791,c_fac_013,to,0
d006792,c_fac_019,to,0
d006793,c_fac_025,to,0
d006794,c_fac_033,to,0
d006795,c_fac_040,to,0
d006796,c_fac_048,to,0
d006797,c_fac_054,to,0
d006798,c_fac_060,to,0
d006799,c_alex_chan,to,0
d006799,c_alex_chen,to,1
d006800,c_fac_001,to,0
d006801,c_fac_016,to,0
d006802,c_fac_036,to,0
d006803,c_fac_061,to,0
d006804,c_fac_081,to,0
d006805,c_alex_chan,to,0
d006806,c_jamie_li,to,0
d006807,c_pat,to,0
d006808,c_fac_063,to,0
d006809,c_fac_069,to,0
d006810,c_fac_075,to,0
d006811,c_fac_084,to,0
d006812,c_noah,to,0
d006812,c_elena,to,1
d006812,c_taylor,to,2
d006812,c_chris,cc,3
d006813,c_elena,to,0
d006814,c_avery,to,0
d006814,c_devon,to,1
d006815,c_jamie_lee,to,0
d006816,c_jamie_lee,to,0
d006817,c_pat,to,0
d006818,c_fac_007,to,0
d006819,c_fac_032,to,0
d006820,c_fac_052,to,0
d006821,c_fac_072,to,0
d006822,c_noah,to,0
d006822,c_elena,to,1
d006822,c_taylor,to,2
d006822,c_chris,cc,3
d006823,c_elena,to,0
d006824,c_fac_005,to,0
d006825,c_fac_011,to,0
d006826,c_fac_020,to,0
d006827,c_fac_026,to,0
d006828,c_fac_034,to,0
d006829,c_fac_040,to,0
d006830,c_fac_046,to,0
d006831,c_fac_051,to,0
d006832,c_fac_059,to,0
d006833,c_fac_065,to,0
d006834,c_avery,to,0
d006834,c_devon,to,1
d006835,c_avery,to,0
d006835,c_devon,to,1
d006836,c_jamie_li,to,0
d006837,c_morgan_zhao,to,0
d006838,c_ren,to,0
d006839,c_fac_017,to,0
d006840,c_fac_022,to,0
d006841,c_fac_037,to,0
d006842,c_fac_062,to,0
d006843,c_fac_082,to,0
d006844,c_fac_074,to,0
d006845,c_fac_080,to,0
d006846,c_fac_086,to,0
d006847,c_alex_chan,to,0
d006848,c_jamie_li,to,0
d006849,c_lee,to,0
d006850,c_maya,to,0
d006851,c_jamie_li,to,0
d006852,c_fac_008,to,0
d006853,c_fac_028,to,0
d006854,c_fac_048,to,0
d006855,c_fac_068,to,0
d006856,c_fac_088,to,0
d006857,c_chris,to,0
d006857,c_noah,to,1
d006857,c_elena,to,2
d006857,c_marcus,cc,3
d006858,c_elena,to,0
d006858,c_taylor,to,1
d006858,c_lena,to,2
d006859,c_ren,to,0
d006860,c_fac_005,to,0
d006861,c_fac_011,to,0
d006862,c_fac_017,to,0
d006863,c_fac_025,to,0
d006864,c_fac_031,to,0
d006865,c_fac_040,to,0
d006866,c_fac_045,to,0
d006867,c_fac_051,to,0
d006868,c_fac_057,to,0
d006869,c_noah,to,0
d006869,c_elena,to,1
d006869,c_taylor,to,2
d006869,c_chris,cc,3
d006870,c_noah,to,0
d006870,c_elena,to,1
d006870,c_taylor,to,2
d006870,c_chris,cc,3
d006870,c_lena,bcc,4
d006871,c_noah,to,0
d006872,c_fac_018,to,0
d006873,c_fac_038,to,0
d006874,c_fac_058,to,0
d006875,c_chris,to,0
d006875,c_noah,to,1
d006875,c_elena,to,2
d006875,c_marcus,cc,3
d006876,c_noah,to,0
d006877,c_morgan_shaw,to,0
d006878,c_ren,to,0
d006879,c_fac_088,to,0
d006880,c_fac_071,to,0
d006881,c_fac_077,to,0
d006882,c_fac_085,to,0
d006883,c_alex_chan,to,0
d006884,c_taylor,to,0
d006885,c_elena,to,0
d006885,c_taylor,to,1
d006885,c_lena,to,2
d006886,c_pat,to,0
d006887,c_maya,to,0
d006888,c_jamie_lee,to,0
d006889,c_fac_009,to,0
d006890,c_fac_029,to,0
d006891,c_fac_049,to,0
d006892,c_fac_069,to,0
d006893,c_fac_089,to,0
d006894,c_jamie_lee,to,0
d006895,c_chris,to,0
d006896,c_lee,to,0
d006897,c_fac_002,to,0
d006898,c_fac_008,to,0
d006899,c_fac_016,to,0
d006900,c_fac_022,to,0
d006901,c_fac_028,to,0
d006902,c_fac_036,to,0
d006903,c_fac_043,to,0
d006904,c_fac_048,to,0
d006905,c_fac_056,to,0
d006906,c_fac_062,to,0
d006907,c_noah,to,0
d006907,c_elena,to,1
d006907,c_taylor,to,2
d006907,c_chris,cc,3
d006907,c_lena,bcc,4
d006908,c_morgan_shaw,to,0
d006909,c_fac_014,to,0
d006910,c_fac_034,to,0
d006911,c_fac_059,to,0
d006912,c_fac_079,to,0
d006913,c_alex_chen,to,0
d006914,c_jamie_lee,to,0
d006915,c_lee,to,0
d006916,c_fac_089,to,0
d006917,c_fac_068,to,0
d006918,c_fac_076,to,0
d006919,c_fac_083,to,0
d006920,c_noah,to,0
d006920,c_elena,to,1
d006920,c_taylor,to,2
d006920,c_chris,cc,3
d006921,c_elena,to,0
d006922,c_alex_chan,to,0
d006923,c_jamie_li,to,0
d006924,c_jamie_li,to,0
d006925,c_ren,to,0
d006926,c_fac_015,to,0
d006927,c_fac_035,to,0
d006928,c_fac_055,to,0
d006929,c_fac_075,to,0
d006930,c_sam,to,0
d006931,c_noah,to,0
d006932,c_fac_009,to,0
d006933,c_fac_017,to,0
d006934,c_fac_024,to,0
d006935,c_fac_032,to,0
d006936,c_fac_038,to,0
d006937,c_fac_044,to,0
d006938,c_fac_052,to,0
d006939,c_fac_057,to,0
d006940,c_fac_063,to,0
d006941,c_fac_069,to,0
d006942,c_noah,to,0
d006942,c_taylor,to,1
d006942,c_chris,cc,2
d006943,c_alex_chen,to,0
d006944,c_alex_chen,to,0
d006945,c_pat,to,0
d006946,c_fac_005,to,0
d006947,c_noah,to,0
d006948,c_fac_035,to,0
d006949,c_fac_055,to,0
d006950,c_fac_075,to,0
d006951,c_fac_073,to,0
d006952,c_fac_079,to,0
d006953,c_fac_087,to,0
d006954,c_lena,to,0
d006955,c_taylor,to,0
d006956,c_elena,to,0
d006956,c_taylor,to,1
d006956,c_lena,to,2
d006957,c_noah,to,0
d006957,c_elena,to,1
d006957,c_taylor,to,2
d006957,c_chris,cc,3
d006958,c_jamie_lee,to,0
d006958,c_jamie_li,to,1
d006959,c_fac_006,to,0
d006960,c_fac_026,to,0
d006961,c_fac_046,to,0
d006962,c_fac_066,to,0
d006963,c_fac_086,to,0
d006964,c_alex_chen,to,0
d006965,c_morgan_shaw,to,0
d006966,c_pat,to,0
d006967,c_ren,to,0
d006968,c_fac_005,to,0
d006969,c_fac_013,to,0
d006970,c_fac_019,to,0
d006971,c_fac_025,to,0
d006972,c_fac_034,to,0
d006973,c_fac_040,to,0
d006974,c_fac_045,to,0
d006975,c_fac_053,to,0
d006976,c_fac_059,to,0
d006977,c_quinn,to,0
d006978,c_morgan_shaw,to,0
d006978,c_morgan_zhao,to,1
d006979,c_fac_011,to,0
d006980,c_fac_036,to,0
d006981,c_fac_056,to,0
d006982,c_fac_076,to,0
d006983,c_lena,to,0
d006984,c_elena,to,0
d006984,c_taylor,to,1
d006984,c_lena,to,2
d006985,c_lee,to,0
d006986,c_fac_086,to,0
d006987,c_fac_068,to,0
d006988,c_fac_075,to,0
d006989,c_fac_083,to,0
d006990,c_fac_089,to,0
d006991,c_marcus,to,0
d006992,c_quinn,to,0
d006993,c_alex_chen,to,0
d006994,c_jamie_li,to,0
d006995,c_pat,to,0
d006996,c_fac_007,to,0
d006997,c_fac_027,to,0
d006998,c_fac_047,to,0
d006999,c_fac_067,to,0
d007000,c_fac_087,to,0
d007001,c_fac_001,to,0
d007002,c_fac_004,to,0
d007003,c_fac_011,to,0
d007004,c_fac_019,to,0
d007005,c_fac_025,to,0
d007006,c_fac_031,to,0
d007007,c_fac_039,to,0
d007008,c_fac_045,to,0
d007009,c_noah,to,0
d007009,c_elena,to,1
d007009,c_taylor,to,2
d007009,c_chris,cc,3
d007010,c_fac_056,to,0
d007011,c_fac_065,to,0
d007012,c_priya,to,0
d007012,c_quinn,cc,1
d007013,c_quinn,to,0
d007014,c_jamie_lee,to,0
d007015,c_jamie_lee,to,0
d007016,c_pat,to,0
d007017,c_fac_012,to,0
d007018,c_fac_022,to,0
d007019,c_fac_042,to,0
d007020,c_fac_062,to,0
d007021,c_fac_082,to,0
d007022,c_fac_074,to,0
d007023,c_fac_080,to,0
d007024,c_fac_086,to,0
d007025,c_alex_chan,to,0
d007026,c_morgan_shaw,to,0
d007027,c_lee,to,0
d007028,c_priya,to,0
d007029,c_marcus,to,0
d007030,c_morgan_zhao,to,0
d007031,c_fac_018,to,0
d007032,c_fac_038,to,0
d007033,c_fac_058,to,0
d007034,c_fac_083,to,0
d007035,c_alex_chan,to,0
d007036,c_jamie_li,to,0
d007037,c_morgan_zhao,to,0
d007038,c_hana,to,0
d007039,c_fac_006,to,0
d007040,c_fac_012,to,0
d007041,c_fac_020,to,0
d007042,c_fac_027,to,0
d007043,c_fac_035,to,0
d007044,c_fac_041,to,0
d007045,c_fac_046,to,0
d007046,c_fac_052,to,0
d007047,c_fac_060,to,0
d007048,c_priya,to,0
d007049,c_alex_chen,to,0
d007050,c_fac_003,to,0
d007051,c_fac_023,to,0
d007052,c_fac_043,to,0
d007053,c_fac_063,to,0
d007054,c_lena,to,0
d007055,c_elena,to,0
d007055,c_taylor,to,1
d007055,c_lena,to,2
d007056,c_morgan_zhao,to,0
d007057,c_fac_078,to,0
d007058,c_fac_066,to,0
d007059,c_fac_072,to,0
d007060,c_fac_080,to,0
d007061,c_fac_086,to,0
d007062,c_alex_chen,to,0
d007063,c_jamie_li,to,0
d007064,c_noah,to,0
d007065,c_noah,to,0
d007065,c_elena,to,1
d007065,c_taylor,to,2
d007065,c_chris,cc,3
d007066,c_noah,to,0
d007066,c_elena,to,1
d007066,c_taylor,to,2
d007066,c_chris,cc,3
d007066,c_lena,bcc,4
d007067,c_morgan_shaw,to,0
d007068,c_fac_014,to,0
d007069,c_fac_034,to,0
d007070,c_fac_054,to,0
d007071,c_fac_074,to,0
d007072,c_alex_chan,to,0
d007073,c_taylor,to,0
d007074,c_elena,to,0
d007074,c_taylor,to,1
d007074,c_lena,to,2
d007075,c_pat,to,0
d007076,c_fac_003,to,0
d007077,c_fac_011,to,0
d007078,c_fac_017,to,0
d007079,c_fac_023,to,0
d007080,c_fac_032,to,0
d007081,c_fac_038,to,0
d007082,c_noah,to,0
d007082,c_elena,to,1
d007082,c_taylor,to,2
d007082,c_chris,cc,3
d007083,c_fac_051,to,0
d007084,c_fac_057,to,0
d007085,c_noah,to,0
d007085,c_elena,to,1
d007085,c_taylor,to,2
d007085,c_chris,cc,3
d007086,c_noah,to,0
d007086,c_elena,to,1
d007086,c_taylor,to,2
d007086,c_chris,cc,3
d007086,c_lena,bcc,4
d007087,c_morgan_shaw,to,0
d007088,c_fac_019,to,0
d007089,c_fac_039,to,0
d007090,c_fac_059,to,0
d007091,c_fac_079,to,0
d007092,c_alex_chan,to,0
d007093,c_noah,to,0
d007094,c_morgan_zhao,to,0
d007095,c_fac_089,to,0
d007096,c_fac_068,to,0
d007097,c_fac_076,to,0
d007098,c_fac_082,to,0
d007099,c_fac_088,to,0
d007100,c_hana,to,0
d007101,c_marcus,to,0
d007102,c_jamie_lee,to,0
d007103,c_jamie_li,to,0
d007104,c_ren,to,0
d007105,c_fac_010,to,0
d007106,c_fac_030,to,0
d007107,c_fac_050,to,0
d007108,c_fac_070,to,0
d007109,c_noah,to,0
d007109,c_elena,to,1
d007109,c_taylor,to,2
d007109,c_chris,cc,3
d007110,c_elena,to,0
d007111,c_fac_009,to,0
d007112,c_fac_017,to,0
d007113,c_fac_023,to,0
d007114,c_fac_029,to,0
d007115,c_fac_037,to,0
d007116,c_fac_043,to,0
d007117,c_fac_049,to,0
d007118,c_fac_057,to,0
d007119,c_fac_063,to,0
d007120,c_fac_069,to,0
d007121,c_hana,to,0
d007122,c_alex_chan,to,0
d007123,c_morgan_shaw,to,0
d007124,c_lee,to,0
d007125,c_hana,to,0
d007126,c_noah,to,0
d007127,c_fac_035,to,0
d007128,c_fac_055,to,0
d007129,c_fac_075,to,0
d007130,c_fac_073,to,0
d007131,c_fac_079,to,0
d007132,c_fac_087,to,0
d007133,c_lena,to,0
d007134,c_jamie_lee,to,0
d007135,c_morgan_zhao,to,0
d007136,c_noah,to,0
d007136,c_elena,to,1
d007136,c_taylor,to,2
d007136,c_chris,cc,3
d007137,c_noah,to,0
d007137,c_elena,to,1
d007137,c_taylor,to,2
d007137,c_chris,cc,3
d007137,c_lena,bcc,4
d007138,c_noah,to,0
d007139,c_fac_021,to,0
d007140,c_fac_041,to,0
d007141,c_fac_061,to,0
d007142,c_fac_086,to,0
d007143,c_alex_chen,to,0
d007144,c_jamie_li,to,0
d007145,c_lee,to,0
d007146,c_lee,to,0
d007147,c_fac_003,to,0
d007148,c_fac_009,to,0
d007149,c_fac_018,to,0
d007150,c_fac_024,to,0
d007151,c_fac_030,to,0
d007152,c_fac_038,to,0
d007153,c_fac_043,to,0
d007154,c_fac_049,to,0
d007155,c_fac_055,to,0
d007156,c_noah,to,0
d007156,c_elena,to,1
d007156,c_taylor,to,2
d007156,c_chris,cc,3
d007157,c_jamie_lee,to,0
d007157,c_jamie_li,to,1
d007158,c_fac_006,to,0
d007159,c_fac_026,to,0
d007160,c_fac_046,to,0
d007161,c_fac_066,to,0
d007162,c_chris,to,0
d007162,c_noah,to,1
d007162,c_elena,to,2
d007162,c_marcus,cc,3
d007163,c_alex_chen,to,0
d007164,c_morgan_shaw,to,0
d007165,c_noah,to,0
d007165,c_elena,to,1
d007165,c_taylor,to,2
d007165,c_chris,cc,3
d007166,c_fac_065,to,0
d007167,c_fac_073,to,0
d007168,c_fac_079,to,0
d007169,c_fac_085,to,0
d007170,c_priya,to,0
d007170,c_quinn,cc,1
d007171,c_chris,to,0
d007172,c_noah,to,0
d007172,c_elena,to,1
d007172,c_taylor,to,2
d007172,c_chris,cc,3
d007173,c_noah,to,0
d007173,c_taylor,to,1
d007173,c_chris,cc,2
d007174,c_morgan_zhao,to,0
d007175,c_ren,to,0
d007176,c_fac_017,to,0
d007177,c_fac_037,to,0
d007178,c_fac_057,to,0
d007179,c_fac_077,to,0
d007180,c_hana,to,0
d007181,c_noah,to,0
d007182,c_fac_009,to,0
d007183,c_fac_015,to,0
d007184,c_fac_021,to,0
d007185,c_fac_029,to,0
d007186,c_fac_035,to,0
d007187,c_fac_041,to,0
d007188,c_fac_050,to,0
d007189,c_fac_055,to,0
d007190,c_fac_061,to,0
d007191,c_fac_069,to,0
d007192,c_marcus,to,0
d007193,c_alex_chan,to,0
d007194,c_alex_chan,to,0
d007195,c_morgan_shaw,to,0
d007196,c_fac_007,to,0
d007197,c_chris,to,0
d007198,c_fac_032,to,0
d007199,c_fac_047,to,0
d007200,c_fac_067,to,0
d007201,c_fac_087,to,0
d007202,c_fac_075,to,0
d007203,c_fac_084,to,0
d007204,c_noah,to,0
d007204,c_elena,to,1
d007204,c_taylor,to,2
d007204,c_chris,cc,3
d007205,c_chris,to,0
d007205,c_noah,to,1
d007205,c_elena,to,2
d007205,c_marcus,cc,3
d007206,c_elena,to,0
d007206,c_taylor,to,1
d007206,c_lena,to,2
d007207,c_pat,to,0
d007208,c_maya,to,0
d007209,c_alex_chen,to,0
d007210,c_fac_003,to,0
d007211,c_fac_028,to,0
d007212,c_fac_048,to,0
d007213,c_fac_068,to,0
d007214,c_fac_088,to,0
d007215,c_alex_chen,to,0
d007216,c_morgan_shaw,to,0
d007217,c_lee,to,0
d007218,c_fac_002,to,0
d007219,c_fac_010,to,0
d007220,c_fac_016,to,0
d007221,c_fac_022,to,0
d007222,c_fac_030,to,0
d007223,c_fac_036,to,0
d007224,c_fac_042,to,0
d007225,c_fac_047,to,0
d007226,c_fac_056,to,0
d007227,c_fac_062,to,0
d007228,c_hana,to,0
d007229,c_jamie_li,to,0
d007230,c_fac_008,to,0
d007231,c_fac_028,to,0
d007232,c_fac_048,to,0
d007233,c_fac_068,to,0
d007234,c_alex_chen,to,0
d007235,c_jamie_li,to,0
d007236,c_pat,to,0
d007237,c_fac_083,to,0
d007238,c_fac_067,to,0
d007239,c_fac_075,to,0
d007240,c_fac_081,to,0
d007241,c_alex_chen,to,0
d007242,c_jamie_li,to,0
d007243,c_morgan_zhao,to,0
d007244,c_alex_chen,to,0
d007245,c_jamie_li,to,0
d007246,c_morgan_zhao,to,0
d007247,c_alex_chen,to,0
d007248,c_alex_chan,to,0
d007249,c_jamie_li,to,0
d007250,c_jamie_lee,to,0
d007251,c_morgan_zhao,to,0
d007252,c_morgan_shaw,to,0
d007253,c_alex_chen,to,0
d007254,c_alex_chan,to,0
d007255,c_jamie_li,to,0
d007256,c_jamie_lee,to,0
d007257,c_morgan_zhao,to,0
d007258,c_morgan_shaw,to,0
d007259,c_alex_chen,to,0
d007260,c_alex_chan,to,0
d007261,c_jamie_li,to,0
d007262,c_jamie_lee,to,0
d007263,c_morgan_zhao,to,0
d007264,c_morgan_shaw,to,0
d007265,c_alex_chen,to,0
d007266,c_alex_chan,to,0
d007267,c_chris,to,0
d007267,c_noah,to,1
d007267,c_elena,to,2
d007267,c_marcus,cc,3
d007267,c_lee,cc,4
d007268,c_fac_052,to,0
d007268,c_pat,cc,1
d007269,c_fac_023,to,0
d007269,c_ren,cc,1
d007270,c_fac_088,to,0
d007270,c_lee,cc,1
d007271,c_fac_044,to,0
d007271,c_pat,cc,1
d007272,c_chris,to,0
d007272,c_ren,cc,1
d007273,c_fac_065,to,0
d007273,c_lee,cc,1
d007274,c_fac_065,to,0
d007275,c_fac_026,to,0
d007275,c_pat,cc,1
d007276,c_fac_026,to,0
d007277,c_chris,to,0
d007277,c_noah,to,1
d007277,c_elena,to,2
d007277,c_marcus,cc,3
d007277,c_ren,cc,4
d007278,c_chris,to,0
d007278,c_noah,to,1
d007278,c_elena,to,2
d007278,c_marcus,cc,3
d007279,c_fac_052,to,0
d007279,c_lee,cc,1
d007280,c_fac_052,to,0
d007281,c_fac_023,to,0
d007281,c_pat,cc,1
d007282,c_fac_023,to,0
d007283,c_fac_088,to,0
d007283,c_ren,cc,1
d007284,c_fac_088,to,0
d007285,c_fac_044,to,0
d007285,c_lee,cc,1
d007286,c_fac_044,to,0
d007287,c_chris,to,0
d007287,c_pat,cc,1
d007288,c_chris,to,0
d007289,c_fac_065,to,0
d007289,c_ren,cc,1
d007290,c_fac_065,to,0
d007291,c_fac_026,to,0
d007291,c_lee,cc,1
d007292,c_fac_026,to,0
d007293,c_fac_001,to,0
d007294,c_fac_002,to,0
d007295,c_fac_003,to,0
d007296,c_fac_004,to,0
d007297,c_fac_005,to,0
d007298,c_fac_006,to,0
d007299,c_priya,to,0
d007299,c_quinn,cc,1
d007300,c_fac_007,to,0
d007301,c_priya,to,0
d007301,c_quinn,cc,1
d007302,c_fac_008,to,0
d007303,c_quinn,to,0
d007304,c_fac_001,to,0
d007305,c_quinn,to,0
d007306,c_fac_002,to,0
d007307,c_priya,to,0
d007307,c_quinn,cc,1
d007308,c_fac_003,to,0
d007309,c_priya,to,0
d007309,c_quinn,cc,1
d007310,c_fac_004,to,0
d007311,c_priya,to,0
d007311,c_quinn,cc,1
d007312,c_fac_005,to,0
d007313,c_quinn,to,0
d007314,c_fac_006,to,0
d007315,c_quinn,to,0
d007316,c_fac_007,to,0
d007317,c_priya,to,0
d007317,c_quinn,cc,1
d007318,c_dir_090,to,0
d007319,c_dir_091,to,0
d007320,c_dir_092,to,0
d007321,c_dir_093,to,0
d007322,c_alex_chan,to,0
d007323,c_dir_094,to,0
d007324,c_taylor,to,0
d007325,c_dir_095,to,0
d007326,c_fac_060,to,0
d007327,c_dir_096,to,0
d007328,c_fac_037,to,0
d007329,c_dir_097,to,0
d007330,c_fac_044,to,0
d007331,c_dir_098,to,0
d007332,c_fac_011,to,0
d007333,c_dir_099,to,0
d007334,c_fac_008,to,0
d007335,c_dir_100,to,0
d007336,c_noah,to,0
d007337,c_dir_101,to,0
d007338,c_noah,to,0
d007338,c_elena,to,1
d007338,c_taylor,to,2
d007338,c_chris,cc,3
d007339,c_dir_102,to,0
d007340,c_jamie_lee,to,0
d007341,c_noah,to,0
d007341,c_elena,to,1
d007341,c_taylor,to,2
d007341,c_chris,cc,3
d007341,c_lena,cc,4
d007342,c_noah,to,0
d007342,c_elena,to,1
d007342,c_taylor,to,2
d007342,c_chris,cc,3
d007342,c_jamie_li,cc,4
d007343,c_noah,to,0
d007343,c_elena,to,1
d007343,c_taylor,to,2
d007343,c_chris,cc,3
d007343,c_lena,cc,4
d007344,c_noah,to,0
d007344,c_elena,to,1
d007344,c_taylor,to,2
d007344,c_chris,cc,3
d007344,c_lena,cc,4
d007345,c_noah,to,0
d007345,c_elena,to,1
d007345,c_taylor,to,2
d007345,c_chris,cc,3
d007346,c_noah,to,0
d007346,c_elena,to,1
d007346,c_taylor,to,2
d007346,c_chris,cc,3
d007346,c_lena,bcc,4
d007346,c_jamie_li,cc,5
d007347,c_noah,to,0
d007347,c_elena,to,1
d007347,c_taylor,to,2
d007347,c_chris,cc,3
d007347,c_lena,bcc,4
d007348,c_noah,to,0
d007348,c_elena,to,1
d007348,c_taylor,to,2
d007348,c_chris,cc,3
d007348,c_lena,cc,4
d007349,c_noah,to,0
d007349,c_elena,to,1
d007349,c_taylor,to,2
d007349,c_chris,cc,3
d007350,c_noah,to,0
d007350,c_elena,to,1
d007350,c_taylor,to,2
d007350,c_chris,cc,3
d007350,c_alex_chen,cc,4
d007351,c_noah,to,0
d007351,c_elena,to,1
d007351,c_taylor,to,2
d007351,c_chris,cc,3
d007352,c_noah,to,0
d007352,c_elena,to,1
d007352,c_taylor,to,2
d007352,c_chris,cc,3
d007352,c_lena,cc,4
d007353,c_noah,to,0
d007353,c_elena,to,1
d007353,c_taylor,to,2
d007353,c_chris,cc,3
d007354,c_noah,to,0
d007354,c_elena,to,1
d007354,c_taylor,to,2
d007354,c_chris,cc,3
d007354,c_lena,bcc,4
d007354,c_morgan_zhao,cc,5
d007355,c_noah,to,0
d007355,c_elena,to,1
d007355,c_taylor,to,2
d007355,c_chris,cc,3
d007355,c_lena,bcc,4
d007356,c_noah,to,0
d007356,c_elena,to,1
d007356,c_taylor,to,2
d007356,c_chris,cc,3
d007356,c_lena,cc,4
d007357,c_noah,to,0
d007357,c_elena,to,1
d007357,c_taylor,to,2
d007357,c_chris,cc,3
d007358,c_noah,to,0
d007358,c_elena,to,1
d007358,c_taylor,to,2
d007358,c_chris,cc,3
d007358,c_jamie_li,cc,4
d007359,c_noah,to,0
d007359,c_elena,to,1
d007359,c_taylor,to,2
d007359,c_chris,cc,3
d007360,c_noah,to,0
d007360,c_elena,to,1
d007360,c_taylor,to,2
d007360,c_chris,cc,3
d007360,c_lena,cc,4
d007361,c_noah,to,0
d007361,c_elena,to,1
d007361,c_taylor,to,2
d007361,c_chris,cc,3
d007362,c_noah,to,0
d007362,c_elena,to,1
d007362,c_taylor,to,2
d007362,c_chris,cc,3
d007362,c_alex_chen,cc,4
d007363,c_noah,to,0
d007363,c_elena,to,1
d007363,c_taylor,to,2
d007363,c_chris,cc,3
d007364,c_noah,to,0
d007364,c_elena,to,1
d007364,c_taylor,to,2
d007364,c_chris,cc,3
d007364,c_lena,bcc,4
d007365,c_noah,to,0
d007365,c_elena,to,1
d007365,c_taylor,to,2
d007365,c_chris,cc,3
d007365,c_pat,bcc,4
d007366,c_noah,to,0
d007366,c_elena,to,1
d007366,c_taylor,to,2
d007366,c_chris,cc,3
d007366,c_lena,bcc,4
d007367,c_noah,to,0
d007367,c_elena,to,1
d007367,c_taylor,to,2
d007367,c_chris,cc,3
d007368,c_noah,to,0
d007368,c_elena,to,1
d007368,c_taylor,to,2
d007368,c_chris,cc,3
d007368,c_pat,bcc,4
d007369,c_noah,to,0
d007369,c_elena,to,1
d007369,c_taylor,to,2
d007369,c_chris,cc,3
d007370,c_noah,to,0
d007370,c_elena,to,1
d007370,c_taylor,to,2
d007370,c_chris,cc,3
d007370,c_lena,bcc,4
d007371,c_noah,to,0
d007371,c_elena,to,1
d007371,c_taylor,to,2
d007371,c_chris,cc,3
d007372,c_noah,to,0
d007372,c_elena,to,1
d007372,c_taylor,to,2
d007372,c_chris,cc,3
d007372,c_lee,bcc,4
d007373,c_noah,to,0
d007373,c_elena,to,1
d007373,c_taylor,to,2
d007373,c_chris,cc,3
d007374,c_noah,to,0
d007374,c_elena,to,1
d007374,c_taylor,to,2
d007374,c_chris,cc,3
d007374,c_lena,bcc,4
d007375,c_noah,to,0
d007375,c_elena,to,1
d007375,c_taylor,to,2
d007375,c_chris,cc,3
d007376,c_noah,to,0
d007376,c_elena,to,1
d007376,c_taylor,to,2
d007376,c_chris,cc,3
d007376,c_ren,bcc,4
d007377,c_noah,to,0
d007377,c_elena,to,1
d007377,c_taylor,to,2
d007377,c_chris,cc,3
d007378,c_noah,to,0
d007378,c_elena,to,1
d007378,c_taylor,to,2
d007378,c_chris,cc,3
d007378,c_lena,bcc,4
d007378,c_alex_chan,bcc,5
d007379,c_noah,to,0
d007379,c_elena,to,1
d007379,c_taylor,to,2
d007379,c_chris,cc,3
d007379,c_lena,bcc,4
d007380,c_noah,to,0
d007380,c_elena,to,1
d007380,c_taylor,to,2
d007380,c_chris,cc,3
d007380,c_pat,bcc,4
d007381,c_noah,to,0
d007381,c_elena,to,1
d007381,c_taylor,to,2
d007381,c_chris,cc,3
d007382,c_noah,to,0
d007382,c_elena,to,1
d007382,c_taylor,to,2
d007382,c_chris,cc,3
d007382,c_lena,bcc,4
d007383,c_noah,to,0
d007383,c_elena,to,1
d007383,c_taylor,to,2
d007383,c_chris,cc,3
d007384,c_noah,to,0
d007384,c_elena,to,1
d007384,c_taylor,to,2
d007384,c_chris,cc,3
d007384,c_lee,bcc,4
d007385,c_noah,to,0
d007385,c_elena,to,1
d007385,c_taylor,to,2
d007385,c_chris,cc,3
d007386,c_noah,to,0
d007386,c_elena,to,1
d007386,c_taylor,to,2
d007386,c_chris,cc,3
d007386,c_lena,bcc,4
d007386,c_alex_chan,cc,5
d007386,c_lee,bcc,6
d007387,c_noah,to,0
d007387,c_elena,to,1
d007387,c_taylor,to,2
d007387,c_chris,cc,3
d007387,c_jamie_li,cc,4
d007387,c_pat,bcc,5
d007388,c_noah,to,0
d007388,c_elena,to,1
d007388,c_taylor,to,2
d007388,c_chris,cc,3
d007388,c_lena,cc,4
d007388,c_ren,bcc,5
d007389,c_noah,to,0
d007389,c_elena,to,1
d007389,c_taylor,to,2
d007389,c_chris,cc,3
d007389,c_lena,cc,4
d007389,c_lee,bcc,5
d007390,c_noah,to,0
d007390,c_elena,to,1
d007390,c_taylor,to,2
d007390,c_chris,cc,3
d007391,c_noah,to,0
d007391,c_elena,to,1
d007391,c_taylor,to,2
d007391,c_chris,cc,3
d007391,c_jamie_li,cc,4
d007391,c_pat,bcc,5
d007392,c_noah,to,0
d007392,c_elena,to,1
d007392,c_taylor,to,2
d007392,c_chris,cc,3
d007393,c_noah,to,0
d007393,c_elena,to,1
d007393,c_taylor,to,2
d007393,c_chris,cc,3
d007393,c_lena,cc,4
d007393,c_ren,bcc,5
d007394,c_noah,to,0
d007394,c_elena,to,1
d007394,c_taylor,to,2
d007394,c_chris,cc,3
d007395,c_noah,to,0
d007395,c_elena,to,1
d007395,c_taylor,to,2
d007395,c_chris,cc,3
d007395,c_alex_chen,cc,4
d007395,c_lee,bcc,5
d007396,c_noah,to,0
d007396,c_elena,to,1
d007396,c_taylor,to,2
d007396,c_chris,cc,3
d007397,c_noah,to,0
d007397,c_elena,to,1
d007397,c_taylor,to,2
d007397,c_chris,cc,3
d007397,c_lena,cc,4
d007397,c_pat,bcc,5
d007398,c_noah,to,0
d007398,c_elena,to,1
d007398,c_taylor,to,2
d007398,c_chris,cc,3
d007399,c_noah,to,0
d007399,c_elena,to,1
d007399,c_taylor,to,2
d007399,c_chris,cc,3
d007399,c_morgan_zhao,cc,4
d007399,c_ren,bcc,5
d007400,c_noah,to,0
d007400,c_elena,to,1
d007400,c_taylor,to,2
d007400,c_chris,cc,3
d007401,c_noah,to,0
d007401,c_elena,to,1
d007401,c_taylor,to,2
d007401,c_chris,cc,3
d007401,c_lena,cc,4
d007401,c_lee,bcc,5
d007402,c_noah,to,0
d007402,c_elena,to,1
d007402,c_taylor,to,2
d007402,c_chris,cc,3
d007403,c_noah,to,0
d007403,c_elena,to,1
d007403,c_taylor,to,2
d007403,c_chris,cc,3
d007403,c_jamie_li,cc,4
d007403,c_pat,bcc,5
d007404,c_noah,to,0
d007404,c_elena,to,1
d007404,c_taylor,to,2
d007404,c_chris,cc,3
d007405,c_noah,to,0
d007405,c_elena,to,1
d007405,c_taylor,to,2
d007405,c_chris,cc,3
d007405,c_lena,bcc,4
d007405,c_alex_chan,cc,5
d007405,c_ren,bcc,6
d007406,c_noah,to,0
d007406,c_elena,to,1
d007406,c_taylor,to,2
d007406,c_chris,cc,3
d007406,c_lena,bcc,4
d007407,c_noah,to,0
d007407,c_elena,to,1
d007407,c_taylor,to,2
d007407,c_chris,cc,3
d007407,c_alex_chen,cc,4
d007407,c_lee,bcc,5
d007408,c_noah,to,0
d007408,c_elena,to,1
d007408,c_taylor,to,2
d007408,c_chris,cc,3
d007409,c_noah,to,0
d007409,c_elena,to,1
d007409,c_taylor,to,2
d007409,c_chris,cc,3
d007409,c_lena,bcc,4
d007410,c_noah,to,0
d007410,c_elena,to,1
d007410,c_taylor,to,2
d007410,c_chris,cc,3
d007410,c_lena,bcc,4
d007411,c_noah,to,0
d007411,c_elena,to,1
d007411,c_taylor,to,2
d007411,c_chris,cc,3
d007411,c_lena,bcc,4
d007412,c_noah,to,0
d007412,c_elena,to,1
d007412,c_taylor,to,2
d007412,c_chris,cc,3
d007412,c_lena,bcc,4
d007413,c_noah,to,0
d007413,c_elena,to,1
d007413,c_taylor,to,2
d007413,c_chris,cc,3
d007413,c_lena,bcc,4
d007414,c_noah,to,0
d007414,c_elena,to,1
d007414,c_taylor,to,2
d007414,c_chris,cc,3
d007414,c_lena,bcc,4
d007415,c_noah,to,0
d007415,c_elena,to,1
d007415,c_taylor,to,2
d007415,c_chris,cc,3
d007415,c_lena,bcc,4
d007416,c_noah,to,0
d007416,c_elena,to,1
d007416,c_taylor,to,2
d007416,c_chris,cc,3
d007416,c_lena,bcc,4
d007417,c_noah,to,0
d007417,c_elena,to,1
d007417,c_taylor,to,2
d007417,c_chris,cc,3
d007417,c_lena,bcc,4
d007418,c_noah,to,0
d007418,c_elena,to,1
d007418,c_taylor,to,2
d007418,c_chris,cc,3
d007418,c_lena,bcc,4
d007419,c_alex_chen,to,0
d007420,c_jamie_li,to,0
d007421,c_morgan_zhao,to,0
d007422,c_morgan_shaw,to,0
d007423,c_alex_chen,to,0
d007424,c_alex_chan,to,0
d007425,c_jamie_li,to,0
d007426,c_jamie_lee,to,0
d007427,c_morgan_zhao,to,0
d007428,c_morgan_shaw,to,0
d007429,c_alex_chen,to,0
d007430,c_alex_chan,to,0
d007431,c_jamie_li,to,0
d007432,c_jamie_lee,to,0
d007433,c_morgan_zhao,to,0
d007434,c_morgan_shaw,to,0
d007435,c_alex_chen,to,0
d007436,c_alex_chan,to,0
d007437,c_jamie_li,to,0
d007438,c_jamie_lee,to,0
d007439,c_morgan_zhao,to,0
d007440,c_morgan_shaw,to,0
d007441,c_noah,to,0
d007441,c_elena,to,1
d007441,c_taylor,to,2
d007441,c_chris,cc,3
d007442,c_noah,to,0
d007442,c_elena,to,1
d007442,c_taylor,to,2
d007442,c_chris,cc,3
d007443,c_noah,to,0
d007443,c_elena,to,1
d007443,c_taylor,to,2
d007443,c_chris,cc,3
d007444,c_noah,to,0
d007444,c_elena,to,1
d007444,c_taylor,to,2
d007444,c_chris,cc,3
d007445,c_noah,to,0
d007445,c_elena,to,1
d007445,c_taylor,to,2
d007445,c_chris,cc,3
d007446,c_noah,to,0
d007446,c_elena,to,1
d007446,c_taylor,to,2
d007446,c_chris,cc,3
d007447,c_noah,to,0
d007447,c_elena,to,1
d007447,c_taylor,to,2
d007447,c_chris,cc,3
d007448,c_noah,to,0
d007448,c_elena,to,1
d007448,c_taylor,to,2
d007448,c_chris,cc,3
d007449,c_noah,to,0
d007449,c_elena,to,1
d007449,c_taylor,to,2
d007449,c_chris,cc,3
d007450,c_noah,to,0
d007450,c_elena,to,1
d007450,c_taylor,to,2
d007450,c_chris,cc,3
d007451,c_lee,to,0
d007452,c_lee,to,0
d007453,c_lee,to,0
d007454,c_lee,to,0
d007455,c_lee,to,0
d007456,c_lee,to,0
d007457,c_lee,to,0
d007458,c_lee,to,0
d007459,c_lee,to,0
d007460,c_lee,to,0
d007461,c_new_255,to,0
d007462,c_new_256,to,0
d007463,c_new_257,to,0
d007464,c_new_258,to,0
d007465,c_new_259,to,0
d007466,c_new_260,to,0
d007467,c_new_261,to,0
d007468,c_new_262,to,0
d007469,c_new_263,to,0
d007470,c_new_264,to,0
d007471,c_new_265,to,0
d007472,c_new_266,to,0
d007473,c_new_267,to,0
d007474,c_new_268,to,0
d007475,c_new_269,to,0
d007476,c_new_270,to,0
d007477,c_new_271,to,0
d007478,c_new_272,to,0
d007479,c_new_273,to,0
d007480,c_new_274,to,0
d007481,c_new_275,to,0
d007482,c_new_276,to,0
d007483,c_new_277,to,0
d007484,c_new_278,to,0
d007485,c_new_279,to,0
d007486,c_new_280,to,0
d007487,c_new_281,to,0
d007488,c_new_282,to,0
d007489,c_new_283,to,0
d007490,c_new_284,to,0
d007491,c_new_285,to,0
d007492,c_new_286,to,0
d007493,c_new_287,to,0
d007494,c_new_288,to,0
d007495,c_new_289,to,0
d007496,c_new_290,to,0
d007497,c_new_291,to,0
d007498,c_new_292,to,0
d007499,c_new_293,to,0
d007500,c_new_294,to,0
d007501,c_new_295,to,0
d007502,c_new_296,to,0
d007503,c_new_297,to,0
d007504,c_new_298,to,0
d007505,c_new_299,to,0
d007506,c_new_300,to,0
d007507,c_new_301,to,0
d007508,c_new_302,to,0
d007509,c_new_303,to,0
d007510,c_new_304,to,0
d007511,c_fac_065,to,0
d007512,c_fac_066,to,0
d007513,c_fac_067,to,0
d007514,c_fac_068,to,0
d007515,c_fac_069,to,0
d007516,c_fac_070,to,0
d007517,c_fac_071,to,0
d007518,c_fac_072,to,0
d007519,c_fac_073,to,0
d007520,c_fac_074,to,0
d007521,c_fac_075,to,0
d007522,c_fac_076,to,0
d007523,c_fac_077,to,0
d007524,c_fac_078,to,0
d007525,c_fac_079,to,0
d007526,c_fac_080,to,0
d007527,c_fac_081,to,0
d007528,c_fac_082,to,0
d007529,c_fac_083,to,0
d007530,c_fac_084,to,0
d007531,c_fac_085,to,0
d007532,c_fac_086,to,0
d007533,c_fac_087,to,0
d007534,c_fac_088,to,0
d007535,c_fac_089,to,0
d007536,c_maya,to,0
d007536,c_noah,to,1
d007537,c_maya,to,0
d007537,c_noah,to,1
d007538,c_maya,to,0
d007538,c_noah,to,1
d007539,c_maya,to,0
d007539,c_noah,to,1
d007540,c_maya,to,0
d007540,c_noah,to,1
d007541,c_maya,to,0
d007541,c_noah,to,1
d007542,c_maya,to,0
d007542,c_noah,to,1
d007543,c_maya,to,0
d007543,c_noah,to,1
d007544,c_maya,to,0
d007544,c_noah,to,1
d007545,c_maya,to,0
d007545,c_noah,to,1
d007546,c_maya,to,0
d007546,c_noah,to,1
d007547,c_maya,to,0
d007547,c_noah,to,1
d007548,c_maya,to,0
d007548,c_noah,to,1
d007549,c_maya,to,0
d007549,c_noah,to,1
d007550,c_maya,to,0
d007550,c_noah,to,1
d007551,c_maya,to,0
d007551,c_noah,to,1
d007552,c_maya,to,0
d007552,c_noah,to,1
d007553,c_maya,to,0
d007553,c_noah,to,1
d007554,c_maya,to,0
d007554,c_noah,to,1
d007555,c_maya,to,0
d007555,c_noah,to,1
d007556,c_noah,to,0
d007557,c_noah,to,0
d007558,c_noah,to,0
d007559,c_noah,to,0
d007560,c_noah,to,0
d007561,c_noah,to,0
d007562,c_noah,to,0
d007563,c_noah,to,0
d007564,c_noah,to,0
d007565,c_noah,to,0
d007566,c_noah,to,0
d007567,c_noah,to,0
d007568,c_noah,to,0
d007569,c_noah,to,0
d007570,c_noah,to,0
d007571,c_noah,to,0
d007572,c_noah,to,0
d007573,c_noah,to,0
d007574,c_noah,to,0
d007575,c_noah,to,0
d007576,c_noah,to,0
d007576,c_elena,to,1
d007576,c_taylor,to,2
d007576,c_chris,cc,3
d007577,c_noah,to,0
d007577,c_elena,to,1
d007577,c_taylor,to,2
d007577,c_chris,cc,3
d007578,c_noah,to,0
d007578,c_elena,to,1
d007578,c_taylor,to,2
d007578,c_chris,cc,3
d007579,c_noah,to,0
d007579,c_elena,to,1
d007579,c_taylor,to,2
d007579,c_chris,cc,3
d007580,c_noah,to,0
d007580,c_elena,to,1
d007580,c_taylor,to,2
d007580,c_chris,cc,3
d007581,c_lee,to,0
d007582,c_lee,to,0
d007583,c_lee,to,0
d007584,c_lee,to,0
d007585,c_lee,to,0
d007586,c_noah,to,0
d007586,c_elena,to,1
d007586,c_taylor,to,2
d007586,c_chris,cc,3
d007586,c_lena,bcc,4
d007587,c_noah,to,0
d007587,c_elena,to,1
d007587,c_taylor,to,2
d007587,c_chris,cc,3
d007587,c_lena,bcc,4
d007588,c_noah,to,0
d007588,c_elena,to,1
d007588,c_taylor,to,2
d007588,c_chris,cc,3
d007588,c_lena,bcc,4
d007589,c_noah,to,0
d007589,c_elena,to,1
d007589,c_taylor,to,2
d007589,c_chris,cc,3
d007589,c_lena,bcc,4
d007590,c_noah,to,0
d007590,c_elena,to,1
d007590,c_taylor,to,2
d007590,c_chris,cc,3
d007590,c_lena,bcc,4
d007591,c_noah,to,0
d007591,c_elena,to,1
d007591,c_taylor,to,2
d007591,c_chris,cc,3
d007591,c_lena,bcc,4
d007592,c_noah,to,0
d007592,c_elena,to,1
d007592,c_taylor,to,2
d007592,c_chris,cc,3
d007592,c_lena,bcc,4
d007593,c_noah,to,0
d007593,c_elena,to,1
d007593,c_taylor,to,2
d007593,c_chris,cc,3
d007593,c_lena,bcc,4
d007594,c_alex_chen,to,0
d007595,c_jamie_li,to,0
d007596,c_elena,to,0
d007596,c_taylor,to,1
d007596,c_lena,to,2
d007597,c_morgan_zhao,to,0
d007598,c_ren,to,0
d007599,c_marcus,to,0
d007600,c_alex_chan,to,0
d007601,c_morgan_shaw,to,0
d007602,c_fac_004,to,0
d007603,c_fac_019,to,0
d007604,c_fac_029,to,0
d007605,c_fac_039,to,0
d007606,c_fac_049,to,0
d007607,c_fac_064,to,0
d007608,c_fac_074,to,0
d007609,c_fac_084,to,0
d007610,c_alex_chen,to,0
d007611,c_jamie_li,to,0
d007612,c_elena,to,0
d007612,c_taylor,to,1
d007612,c_lena,to,2
d007613,c_morgan_zhao,to,0
d007614,c_ren,to,0
d007615,c_fac_003,to,0
d007616,c_fac_007,to,0
d007617,c_fac_011,to,0
d007618,c_fac_013,to,0
d007619,c_fac_018,to,0
d007620,c_fac_022,to,0
d007621,c_fac_026,to,0
d007622,c_fac_028,to,0
d007623,c_fac_033,to,0
d007624,c_fac_037,to,0
d007625,c_fac_041,to,0
d007626,c_fac_043,to,0
d007627,c_fac_048,to,0
d007628,c_fac_052,to,0
d007629,c_fac_056,to,0
d007630,c_fac_058,to,0
d007631,c_noah,to,0
d007631,c_elena,to,1
d007631,c_taylor,to,2
d007631,c_chris,cc,3
d007632,c_maya,to,0
d007633,c_avery,to,0
d007633,c_devon,to,1
d007634,c_jamie_lee,to,0
d007635,c_fac_004,to,0
d007636,c_fac_014,to,0
d007637,c_fac_024,to,0
d007638,c_fac_034,to,0
d007639,c_fac_049,to,0
d007640,c_fac_059,to,0
d007641,c_fac_069,to,0
d007642,c_fac_079,to,0
d007643,c_taylor,to,0
d007644,c_alex_chen,to,0
d007645,c_elena,to,0
d007645,c_taylor,to,1
d007645,c_lena,to,2
d007646,c_jamie_lee,to,0
d007647,c_morgan_shaw,to,0
d007648,c_noah,to,0
d007648,c_elena,to,1
d007648,c_taylor,to,2
d007648,c_chris,cc,3
d007649,c_ren,to,0
d007650,c_fac_063,to,0
d007651,c_fac_067,to,0
d007652,c_fac_072,to,0
d007653,c_fac_076,to,0
d007654,c_fac_078,to,0
d007655,c_fac_082,to,0
d007656,c_fac_087,to,0
d007657,c_noah,to,0
d007657,c_elena,to,1
d007657,c_taylor,to,2
d007657,c_chris,cc,3
d007658,c_hana,to,0
d007659,c_noah,to,0
d007660,c_alex_chan,to,0
d007661,c_alex_chen,to,0
d007662,c_jamie_li,to,0
d007663,c_alex_chen,to,0
d007664,c_morgan_zhao,to,0
d007665,c_pat,to,0
d007666,c_morgan_zhao,to,0
d007667,c_fac_005,to,0
d007668,c_fac_020,to,0
d007669,c_fac_030,to,0
d007670,c_fac_040,to,0
d007671,c_fac_050,to,0
d007672,c_fac_065,to,0
d007673,c_fac_075,to,0
d007674,c_fac_085,to,0
d007675,c_sam,to,0
d007676,c_elena,to,0
d007677,c_fac_004,to,0
d007678,c_fac_008,to,0
d007679,c_fac_012,to,0
d007680,c_fac_017,to,0
d007681,c_fac_019,to,0
d007682,c_fac_023,to,0
d007683,c_fac_027,to,0
d007684,c_fac_032,to,0
d007685,c_fac_034,to,0
d007686,c_fac_038,to,0
d007687,c_fac_042,to,0
d007688,c_fac_047,to,0
d007689,c_fac_049,to,0
d007690,c_noah,to,0
d007690,c_elena,to,1
d007690,c_taylor,to,2
d007690,c_chris,cc,3
d007691,c_fac_054,to,0
d007692,c_fac_059,to,0
d007693,c_fac_063,to,0
d007694,c_fac_067,to,0
d007695,c_fac_069,to,0
d007696,c_priya,to,0
d007696,c_quinn,cc,1
d007697,c_noah,to,0
d007697,c_taylor,to,1
d007697,c_chris,cc,2
d007698,c_marcus,to,0
d007699,c_alex_chen,to,0
d007700,c_jamie_li,to,0
d007701,c_morgan_zhao,to,0
d007702,c_lee,to,0
d007703,c_morgan_zhao,to,0
d007704,c_hana,to,0
d007705,c_fac_015,to,0
d007706,c_noah,to,0
d007707,c_fac_025,to,0
d007708,c_fac_035,to,0
d007709,c_fac_045,to,0
d007710,c_fac_055,to,0
d007711,c_fac_065,to,0
d007712,c_fac_075,to,0
d007713,c_fac_072,to,0
d007714,c_fac_074,to,0
d007715,c_fac_078,to,0
d007716,c_fac_082,to,0
d007717,c_fac_087,to,0
d007718,c_fac_089,to,0
d007719,c_lena,to,0
d007720,c_alex_chen,to,0
d007721,c_jamie_lee,to,0
d007722,c_morgan_shaw,to,0
d007723,c_morgan_zhao,to,0
d007724,c_pat,to,0
d007725,c_priya,to,0
d007726,c_alex_chan,to,0
d007726,c_alex_chen,to,1
d007727,c_jamie_lee,to,0
d007727,c_jamie_li,to,1
d007728,c_fac_001,to,0
d007729,c_fac_011,to,0
d007730,c_fac_021,to,0
d007731,c_fac_031,to,0
d007732,c_fac_041,to,0
d007733,c_fac_056,to,0
d007734,c_fac_066,to,0
d007735,c_fac_076,to,0
d007736,c_fac_086,to,0
d007737,c_alex_chan,to,0
d007738,c_chris,to,0
d007738,c_noah,to,1
d007738,c_elena,to,2
d007738,c_marcus,cc,3
d007739,c_jamie_lee,to,0
d007740,c_morgan_shaw,to,0
d007741,c_lee,to,0
d007742,c_ren,to,0
d007743,c_lee,to,0
d007744,c_ren,to,0
d007745,c_fac_003,to,0
d007746,c_fac_008,to,0
d007747,c_fac_010,to,0
d007748,c_fac_014,to,0
d007749,c_fac_018,to,0
d007750,c_fac_023,to,0
d007751,c_fac_025,to,0
d007752,c_fac_029,to,0
d007753,c_fac_033,to,0
d007754,c_fac_038,to,0
d007755,c_fac_040,to,0
d007756,c_fac_044,to,0
d007757,c_fac_048,to,0
d007758,c_fac_053,to,0
d007759,c_fac_055,to,0
d007760,c_fac_059,to,0
d007761,c_noah,to,0
d007761,c_elena,to,1
d007761,c_taylor,to,2
d007761,c_chris,cc,3
d007762,c_alex_chan,to,0
d007762,c_alex_chen,to,1
d007763,c_jamie_lee,to,0
d007763,c_jamie_li,to,1
d007764,c_fac_001,to,0
d007765,c_fac_006,to,0
d007766,c_fac_021,to,0
d007767,c_fac_031,to,0
d007768,c_fac_041,to,0
d007769,c_fac_051,to,0
d007770,c_fac_066,to,0
d007771,c_fac_076,to,0
d007772,c_chris,to,0
d007772,c_noah,to,1
d007772,c_elena,to,2
d007772,c_marcus,cc,3
d007773,c_lena,to,0
d007774,c_jamie_lee,to,0
d007775,c_jamie_li,to,0
d007776,c_morgan_zhao,to,0
d007777,c_pat,to,0
d007778,c_fac_086,to,0
d007779,c_fac_064,to,0
d007780,c_fac_068,to,0
d007781,c_fac_070,to,0
d007782,c_fac_075,to,0
d007783,c_fac_079,to,0
d007784,c_fac_083,to,0
d007785,c_fac_085,to,0
d007786,c_noah,to,0
d007786,c_elena,to,1
d007786,c_taylor,to,2
d007786,c_chris,cc,3
d007787,c_avery,to,0
d007787,c_devon,to,1
d007788,c_elena,to,0
d007789,c_noah,to,0
d007790,c_alex_chan,to,0
d007791,c_alex_chen,to,0
d007792,c_alex_chan,to,0
d007793,c_jamie_li,to,0
d007794,c_morgan_shaw,to,0
d007795,c_pat,to,0
d007796,c_ren,to,0
d007797,c_fac_007,to,0
d007798,c_fac_017,to,0
d007799,c_fac_032,to,0
d007800,c_fac_042,to,0
d007801,c_fac_052,to,0
d007802,c_fac_062,to,0
d007803,c_fac_077,to,0
d007804,c_fac_087,to,0
d007805,c_sam,to,0
d007806,c_fac_001,to,0
d007807,c_noah,to,0
d007808,c_fac_005,to,0
d007809,c_fac_009,to,0
d007810,c_fac_011,to,0
d007811,c_fac_016,to,0
d007812,c_fac_020,to,0
d007813,c_fac_024,to,0
d007814,c_fac_026,to,0
d007815,c_fac_031,to,0
d007816,c_fac_035,to,0
d007817,c_fac_039,to,0
d007818,c_fac_041,to,0
d007819,c_fac_046,to,0
d007820,c_fac_050,to,0
d007821,c_fac_051,to,0
d007822,c_fac_055,to,0
d007823,c_fac_060,to,0
d007824,c_fac_064,to,0
d007825,c_fac_066,to,0
d007826,c_noah,to,0
d007826,c_elena,to,1
d007826,c_taylor,to,2
d007826,c_chris,cc,3
d007827,c_marcus,to,0
d007828,c_quinn,to,0
d007829,c_alex_chan,to,0
d007830,c_jamie_lee,to,0
d007831,c_morgan_shaw,to,0
d007832,c_morgan_zhao,to,0
d007833,c_morgan_shaw,to,0
d007834,c_ren,to,0
d007835,c_fac_012,to,0
d007836,c_elena,to,0
d007837,c_noah,to,0
d007838,c_fac_027,to,0
d007839,c_fac_037,to,0
d007840,c_fac_047,to,0
d007841,c_fac_057,to,0
d007842,c_fac_067,to,0
d007843,c_fac_077,to,0
d007844,c_fac_070,to,0
d007845,c_fac_074,to,0
d007846,c_fac_076,to,0
d007847,c_fac_080,to,0
d007848,c_fac_085,to,0
d007849,c_fac_089,to,0
d007850,c_lena,to,0
d007851,c_alex_chen,to,0
d007852,c_jamie_li,to,0
d007853,c_elena,to,0
d007853,c_taylor,to,1
d007853,c_lena,to,2
d007854,c_morgan_zhao,to,0
d007855,c_pat,to,0
d007856,c_priya,to,0
d007857,c_hana,to,0
d007858,c_marcus,to,0
d007859,c_jamie_li,to,0
d007860,c_fac_003,to,0
d007861,c_fac_013,to,0
d007862,c_fac_023,to,0
d007863,c_fac_033,to,0
d007864,c_fac_048,to,0
d007865,c_fac_058,to,0
d007866,c_fac_068,to,0
d007867,c_fac_078,to,0
d007868,c_noah,to,0
d007868,c_elena,to,1
d007868,c_taylor,to,2
d007868,c_chris,cc,3
d007869,c_alex_chan,to,0
d007870,c_chris,to,0
d007870,c_noah,to,1
d007870,c_elena,to,2
d007870,c_marcus,cc,3
d007871,c_jamie_li,to,0
d007872,c_noah,to,0
d007873,c_lee,to,0
d007874,c_ren,to,0
d007875,c_fac_001,to,0
d007876,c_fac_006,to,0
d007877,c_fac_010,to,0
d007878,c_fac_012,to,0
d007879,c_fac_016,to,0
d007880,c_fac_021,to,0
d007881,c_fac_025,to,0
d007882,c_fac_027,to,0
d007883,c_fac_031,to,0
d007884,c_fac_036,to,0
d007885,c_fac_040,to,0
d007886,c_fac_042,to,0
d007887,c_fac_045,to,0
d007888,c_fac_050,to,0
d007889,c_fac_052,to,0
d007890,c_fac_056,to,0
d007891,c_fac_060,to,0
d007892,c_fac_062,to,0
d007893,c_maya,to,0
d007894,c_noah,to,0
d007894,c_elena,to,1
d007894,c_taylor,to,2
d007894,c_chris,cc,3
d007894,c_lena,bcc,4
d007895,c_alex_chen,to,0
d007896,c_noah,to,0
d007897,c_fac_008,to,0
d007898,c_fac_018,to,0
d007899,c_fac_028,to,0
d007900,c_fac_038,to,0
d007901,c_fac_053,to,0
d007902,c_fac_063,to,0
d007903,c_fac_073,to,0
d007904,c_lena,to,0
d007905,c_noah,to,0
d007906,c_jamie_lee,to,0
d007907,c_morgan_shaw,to,0
d007908,c_lee,to,0
d007909,c_fac_078,to,0
d007910,c_fac_088,to,0
d007911,c_fac_066,to,0
d007912,c_fac_070,to,0
d007913,c_fac_075,to,0
d007914,c_fac_077,to,0
d007915,c_fac_081,to,0
d007916,c_fac_085,to,0
d007917,c_noah,to,0
d007917,c_elena,to,1
d007917,c_taylor,to,2
d007917,c_chris,cc,3
d007918,c_alex_chen,to,0
d007919,c_chris,to,0
d007919,c_noah,to,1
d007919,c_elena,to,2
d007919,c_marcus,cc,3
d007920,c_jamie_li,to,0
d007921,c_elena,to,0
d007921,c_taylor,to,1
d007921,c_lena,to,2
d007922,c_morgan_zhao,to,0
d007923,c_pat,to,0
d007924,c_noah,to,0
d007924,c_elena,to,1
d007924,c_taylor,to,2
d007924,c_chris,cc,3
d007925,c_marcus,to,0
d007926,c_avery,to,0
d007926,c_devon,to,1
d007927,c_jamie_lee,to,0
d007928,c_sam,to,0
d007929,c_fac_014,to,0
d007930,c_fac_024,to,0
d007931,c_fac_034,to,0
d007932,c_fac_044,to,0
d007933,c_fac_059,to,0
d007934,c_fac_069,to,0
d007935,c_fac_079,to,0
d007936,c_fac_089,to,0
d007937,c_alex_chen,to,0
d007938,c_chris,to,0
d007938,c_noah,to,1
d007938,c_elena,to,2
d007938,c_marcus,cc,3
d007939,c_jamie_li,to,0
d007940,c_chris,to,0
d007941,c_noah,to,0
d007942,c_pat,to,0
d007943,c_fac_001,to,0
d007944,c_fac_003,to,0
d007945,c_fac_007,to,0
d007946,c_fac_012,to,0
d007947,c_fac_016,to,0
d007948,c_fac_018,to,0
d007949,c_fac_022,to,0
d007950,c_fac_027,to,0
d007951,c_fac_031,to,0
d007952,c_fac_033,to,0
d007953,c_fac_037,to,0
d007954,c_fac_042,to,0
d007955,c_noah,to,0
d007955,c_elena,to,1
d007955,c_taylor,to,2
d007955,c_chris,cc,3
d007956,c_fac_047,to,0
d007957,c_fac_051,to,0
d007958,c_fac_057,to,0
d007959,c_fac_061,to,0
d007960,c_noah,to,0
d007960,c_elena,to,1
d007960,c_taylor,to,2
d007960,c_chris,cc,3
d007961,c_maya,to,0
d007962,c_avery,to,0
d007962,c_devon,to,1
d007963,c_jamie_lee,to,0
d007964,c_sam,to,0
d007965,c_fac_009,to,0
d007966,c_fac_024,to,0
d007967,c_fac_034,to,0
d007968,c_fac_044,to,0
d007969,c_fac_054,to,0
d007970,c_fac_069,to,0
d007971,c_fac_079,to,0
d007972,c_chris,to,0
d007972,c_noah,to,1
d007972,c_elena,to,2
d007972,c_marcus,cc,3
d007973,c_alex_chan,to,0
d007974,c_elena,to,0
d007974,c_taylor,to,1
d007974,c_lena,to,2
d007975,c_jamie_lee,to,0
d007976,c_morgan_shaw,to,0
d007977,c_lee,to,0
d007978,c_ren,to,0
d007979,c_fac_063,to,0
d007980,c_fac_067,to,0
d007981,c_fac_071,to,0
d007982,c_fac_076,to,0
d007983,c_fac_078,to,0
d007984,c_fac_082,to,0
d007985,c_fac_086,to,0
d007986,c_noah,to,0
d007986,c_elena,to,1
d007986,c_taylor,to,2
d007986,c_chris,cc,3
d007987,c_avery,to,0
d007987,c_devon,to,1
d007988,c_elena,to,0
d007989,c_quinn,to,0
d007990,c_alex_chan,to,0
d007991,c_jamie_lee,to,0
d007992,c_noah,to,0
d007992,c_taylor,to,1
d007992,c_chris,cc,2
d007993,c_morgan_shaw,to,0
d007994,c_morgan_zhao,to,0
d007995,c_ren,to,0
d007996,c_hana,to,0
d007997,c_fac_010,to,0
d007998,c_fac_020,to,0
d007999,c_fac_035,to,0
d008000,c_fac_045,to,0
d008001,c_fac_055,to,0
d008002,c_fac_065,to,0
d008003,c_fac_080,to,0
d008004,c_noah,to,0
d008004,c_elena,to,1
d008004,c_taylor,to,2
d008004,c_chris,cc,3
d008005,c_fac_002,to,0
d008006,c_elena,to,0
d008007,c_fac_007,to,0
d008008,c_fac_009,to,0
d008009,c_fac_013,to,0
d008010,c_fac_017,to,0
d008011,c_fac_022,to,0
d008012,c_fac_024,to,0
d008013,c_fac_028,to,0
d008014,c_fac_032,to,0
d008015,c_fac_037,to,0
d008016,c_fac_039,to,0
d008017,c_fac_043,to,0
d008018,c_fac_047,to,0
d008019,c_fac_052,to,0
d008020,c_fac_053,to,0
d008021,c_fac_057,to,0
d008022,c_fac_059,to,0
d008023,c_fac_064,to,0
d008024,c_fac_068,to,0
d008025,c_noah,to,0
d008025,c_elena,to,1
d008025,c_taylor,to,2
d008025,c_chris,cc,3
d008026,c_hana,to,0
d008027,c_marcus,to,0
d008028,c_alex_chen,to,0
d008029,c_jamie_li,to,0
d008030,c_alex_chen,to,0
d008031,c_lee,to,0
d008032,c_morgan_zhao,to,0
d008033,c_hana,to,0
d008034,c_fac_010,to,0
d008035,c_noah,to,0
d008036,c_fac_025,to,0
d008037,c_fac_035,to,0
d008038,c_fac_045,to,0
d008039,c_fac_060,to,0
d008040,c_fac_070,to,0
d008041,c_fac_080,to,0
d008042,c_fac_072,to,0
d008043,c_fac_074,to,0
d008044,c_fac_079,to,0
d008045,c_fac_083,to,0
d008046,c_fac_087,to,0
d008047,c_fac_089,to,0
d008048,c_alex_chan,to,0
d008049,c_chris,to,0
d008049,c_noah,to,1
d008049,c_elena,to,2
d008049,c_marcus,cc,3
d008050,c_jamie_lee,to,0
d008051,c_morgan_shaw,to,0
d008052,c_lee,to,0
d008053,c_ren,to,0
d008054,c_priya,to,0
d008055,c_alex_chan,to,0
d008055,c_alex_chen,to,1
d008056,c_morgan_shaw,to,0
d008056,c_morgan_zhao,to,1
d008057,c_noah,to,0
d008058,c_fac_011,to,0
d008059,c_fac_021,to,0
d008060,c_fac_036,to,0
d008061,c_fac_046,to,0
d008062,c_fac_056,to,0
d008063,c_fac_066,to,0
d008064,c_fac_081,to,0
d008065,c_lena,to,0
d008066,c_alex_chen,to,0
d008067,c_taylor,to,0
d008068,c_morgan_shaw,to,0
d008069,c_morgan_zhao,to,0
d008070,c_pat,to,0
d008071,c_sam,to,0
d008072,c_ren,to,0
d008073,c_fac_003,to,0
d008074,c_fac_005,to,0
d008075,c_fac_009,to,0
d008076,c_fac_014,to,0
d008077,c_fac_018,to,0
d008078,c_fac_020,to,0
d008079,c_fac_024,to,0
d008080,c_fac_029,to,0
d008081,c_fac_033,to,0
d008082,c_fac_035,to,0
d008083,c_fac_039,to,0
d008084,c_fac_043,to,0
d008085,c_fac_045,to,0
d008086,c_fac_049,to,0
d008087,c_fac_053,to,0
d008088,c_fac_058,to,0
d008089,c_fac_060,to,0
d008090,c_priya,to,0
d008091,c_alex_chan,to,0
d008091,c_alex_chen,to,1
d008092,c_jamie_lee,to,0
d008092,c_jamie_li,to,1
d008093,c_noah,to,0
d008094,c_fac_011,to,0
d008095,c_fac_021,to,0
d008096,c_fac_031,to,0
d008097,c_fac_046,to,0
d008098,c_fac_056,to,0
d008099,c_fac_066,to,0
d008100,c_fac_076,to,0
d008101,c_taylor,to,0
d008102,c_alex_chan,to,0
d008103,c_jamie_lee,to,0
d008104,c_jamie_li,to,0
d008105,c_lee,to,0
d008106,c_ren,to,0
d008107,c_fac_086,to,0
d008108,c_fac_064,to,0
d008109,c_fac_069,to,0
d008110,c_fac_073,to,0
d008111,c_fac_075,to,0
d008112,c_fac_079,to,0
d008113,c_fac_084,to,0
d008114,c_fac_088,to,0
d008115,c_noah,to,0
d008115,c_elena,to,1
d008115,c_taylor,to,2
d008115,c_chris,cc,3
d008116,c_avery,to,0
d008116,c_devon,to,1
d008117,c_chris,to,0
d008118,c_quinn,to,0
d008119,c_alex_chan,to,0
d008120,c_alex_chen,to,0
d008121,c_noah,to,0
d008121,c_taylor,to,1
d008121,c_chris,cc,2
d008122,c_jamie_lee,to,0
d008123,c_morgan_zhao,to,0
d008124,c_pat,to,0
d008125,c_fac_002,to,0
d008126,c_fac_012,to,0
d008127,c_fac_022,to,0
d008128,c_fac_032,to,0
d008129,c_fac_047,to,0
d008130,c_fac_057,to,0
d008131,c_fac_067,to,0
d008132,c_fac_077,to,0
d008133,c_noah,to,0
d008133,c_elena,to,1
d008133,c_taylor,to,2
d008133,c_chris,cc,3
d008134,c_hana,to,0
d008135,c_elena,to,0
d008136,c_noah,to,0
d008137,c_fac_006,to,0
d008138,c_fac_010,to,0
d008139,c_fac_014,to,0
d008140,c_fac_016,to,0
d008141,c_fac_020,to,0
d008142,c_fac_025,to,0
d008143,c_fac_029,to,0
d008144,c_fac_031,to,0
d008145,c_fac_035,to,0
d008146,c_fac_040,to,0
d008147,c_fac_044,to,0
d008148,c_fac_046,to,0
d008149,c_fac_050,to,0
d008150,c_fac_054,to,0
d008151,c_fac_056,to,0
d008152,c_fac_060,to,0
d008153,c_fac_064,to,0
d008154,c_fac_069,to,0
d008155,c_priya,to,0
d008155,c_quinn,cc,1
d008156,c_marcus,to,0
d008157,c_quinn,to,0
d008158,c_alex_chen,to,0
d008159,c_jamie_li,to,0
d008160,c_morgan_shaw,to,0
d008161,c_morgan_zhao,to,0
d008162,c_pat,to,0
d008163,c_fac_002,to,0
d008164,c_fac_012,to,0
d008165,c_elena,to,0
d008166,c_fac_022,to,0
d008167,c_fac_032,to,0
d008168,c_fac_037,to,0
d008169,c_fac_047,to,0
d008170,c_fac_062,to,0
d008171,c_fac_072,to,0
d008172,c_fac_082,to,0
d008173,c_fac_070,to,0
d008174,c_fac_075,to,0
d008175,c_fac_079,to,0
d008176,c_fac_081,to,0
d008177,c_fac_085,to,0
d008178,c_noah,to,0
d008178,c_elena,to,1
d008178,c_taylor,to,2
d008178,c_chris,cc,3
d008179,c_alex_chan,to,0
d008180,c_chris,to,0
d008180,c_noah,to,1
d008180,c_elena,to,2
d008180,c_marcus,cc,3
d008181,c_jamie_li,to,0
d008182,c_noah,to,0
d008183,c_lee,to,0
d008184,c_ren,to,0
d008185,c_priya,to,0
d008186,c_marcus,to,0
d008187,c_jamie_li,to,0
d008188,c_morgan_zhao,to,0
d008189,c_fac_008,to,0
d008190,c_fac_018,to,0
d008191,c_fac_033,to,0
d008192,c_fac_043,to,0
d008193,c_fac_053,to,0
d008194,c_fac_063,to,0
d008195,c_fac_078,to,0
d008196,c_fac_088,to,0
d008197,c_alex_chan,to,0
d008198,c_chris,to,0
d008198,c_noah,to,1
d008198,c_elena,to,2
d008198,c_marcus,cc,3
d008199,c_morgan_shaw,to,0
d008200,c_noah,to,0
d008201,c_pat,to,0
d008202,c_hana,to,0
d008203,c_fac_005,to,0
d008204,c_fac_007,to,0
d008205,c_fac_011,to,0
d008206,c_fac_015,to,0
d008207,c_fac_020,to,0
d008208,c_fac_022,to,0
d008209,c_fac_026,to,0
d008210,c_fac_030,to,0
d008211,c_fac_035,to,0
d008212,c_fac_037,to,0
d008213,c_fac_041,to,0
d008214,c_noah,to,0
d008214,c_elena,to,1
d008214,c_taylor,to,2
d008214,c_chris,cc,3
d008215,c_fac_047,to,0
d008216,c_fac_051,to,0
d008217,c_fac_055,to,0
d008218,c_fac_057,to,0
d008219,c_fac_062,to,0
d008220,c_priya,to,0
d008221,c_hana,to,0
d008222,c_alex_chen,to,0
d008223,c_morgan_zhao,to,0
d008224,c_fac_008,to,0
d008225,c_fac_018,to,0
d008226,c_fac_028,to,0
d008227,c_fac_043,to,0
d008228,c_fac_053,to,0
d008229,c_fac_063,to,0
d008230,c_fac_073,to,0
d008231,c_alex_chan,to,0
d008232,c_noah,to,0
d008233,c_jamie_lee,to,0
d008234,c_morgan_shaw,to,0
d008235,c_pat,to,0
d008236,c_noah,to,0
d008236,c_elena,to,1
d008236,c_taylor,to,2
d008236,c_chris,cc,3
d008237,c_fac_083,to,0
d008238,c_fac_065,to,0
d008239,c_fac_067,to,0
d008240,c_fac_072,to,0
d008241,c_fac_076,to,0
d008242,c_fac_080,to,0
d008243,c_fac_082,to,0
d008244,c_fac_087,to,0
d008245,c_alex_chan,to,0
d008246,c_jamie_lee,to,0
d008247,c_taylor,to,0
d008248,c_chris,to,0
d008249,c_noah,to,0
d008250,c_lee,to,0
d008251,c_ren,to,0
d008252,c_maya,to,0
d008253,c_noah,to,0
d008253,c_elena,to,1
d008253,c_taylor,to,2
d008253,c_chris,cc,3
d008253,c_lena,bcc,4
d008254,c_alex_chan,to,0
d008255,c_morgan_shaw,to,0
d008256,c_fac_009,to,0
d008257,c_fac_019,to,0
d008258,c_fac_029,to,0
d008259,c_fac_039,to,0
d008260,c_fac_054,to,0
d008261,c_fac_064,to,0
d008262,c_fac_074,to,0
d008263,c_fac_084,to,0
d008264,c_alex_chan,to,0
d008265,c_jamie_lee,to,0
d008266,c_taylor,to,0
d008267,c_morgan_shaw,to,0
d008268,c_noah,to,0
d008269,c_lee,to,0
d008270,c_ren,to,0
d008271,c_fac_002,to,0
d008272,c_fac_007,to,0
d008273,c_fac_011,to,0
d008274,c_fac_013,to,0
d008275,c_fac_017,to,0
d008276,c_fac_022,to,0
d008277,c_fac_026,to,0
d008278,c_fac_028,to,0
d008279,c_fac_032,to,0
d008280,c_fac_037,to,0
d008281,c_fac_041,to,0
d008282,c_fac_043,to,0
d008283,c_fac_046,to,0
d008284,c_fac_051,to,0
d008285,c_fac_053,to,0
d008286,c_fac_057,to,0
d008287,c_fac_061,to,0
d008288,c_noah,to,0
d008288,c_elena,to,1
d008288,c_taylor,to,2
d008288,c_chris,cc,3
d008289,c_marcus,to,0
d008290,c_avery,to,0
d008290,c_devon,to,1
d008291,c_jamie_lee,to,0
d008292,c_sam,to,0
d008293,c_fac_014,to,0
d008294,c_fac_024,to,0
d008295,c_fac_034,to,0
d008296,c_fac_044,to,0
d008297,c_fac_059,to,0
d008298,c_fac_069,to,0
d008299,c_fac_079,to,0
d008300,c_chris,to,0
d008300,c_noah,to,1
d008300,c_elena,to,2
d008300,c_marcus,cc,3
d008301,c_alex_chen,to,0
d008302,c_elena,to,0
d008302,c_taylor,to,1
d008302,c_lena,to,2
d008303,c_jamie_lee,to,0
d008304,c_morgan_shaw,to,0
d008305,c_noah,to,0
d008305,c_elena,to,1
d008305,c_taylor,to,2
d008305,c_chris,cc,3
d008306,c_ren,to,0
d008307,c_fac_063,to,0
d008308,c_fac_067,to,0
d008309,c_fac_072,to,0
d008310,c_fac_076,to,0
d008311,c_fac_078,to,0
d008312,c_fac_082,to,0
d008313,c_fac_087,to,0
d008314,c_noah,to,0
d008314,c_elena,to,1
d008314,c_taylor,to,2
d008314,c_chris,cc,3
d008315,c_avery,to,0
d008315,c_devon,to,1
d008316,c_elena,to,0
d008317,c_marcus,to,0
d008318,c_noah,to,0
d008318,c_elena,to,1
d008318,c_taylor,to,2
d008318,c_chris,cc,3
d008319,c_jamie_lee,to,0
d008320,c_noah,to,0
d008320,c_taylor,to,1
d008320,c_chris,cc,2
d008321,c_jamie_li,to,0
d008322,c_lee,to,0
d008323,c_ren,to,0
d008324,c_hana,to,0
d008325,c_fac_015,to,0
d008326,c_fac_025,to,0
d008327,c_fac_035,to,0
d008328,c_fac_045,to,0
d008329,c_fac_060,to,0
d008330,c_fac_070,to,0
d008331,c_fac_080,to,0
d008332,c_noah,to,0
d008332,c_elena,to,1
d008332,c_taylor,to,2
d008332,c_chris,cc,3
d008333,c_fac_003,to,0
d008334,c_noah,to,0
d008335,c_fac_007,to,0
d008336,c_fac_009,to,0
d008337,c_fac_013,to,0
d008338,c_fac_018,to,0
d008339,c_fac_022,to,0
d008340,c_fac_027,to,0
d008341,c_fac_029,to,0
d008342,c_fac_034,to,0
d008343,c_fac_038,to,0
d008344,c_fac_042,to,0
d008345,c_fac_044,to,0
d008346,c_fac_049,to,0
d008347,c_noah,to,0
d008347,c_elena,to,1
d008347,c_taylor,to,2
d008347,c_chris,cc,3
d008348,c_fac_054,to,0
d008349,c_fac_058,to,0
d008350,c_fac_063,to,0
d008351,c_fac_067,to,0
d008352,c_fac_069,to,0
d008353,c_priya,to,0
d008353,c_quinn,cc,1
d008354,c_noah,to,0
d008354,c_taylor,to,1
d008354,c_chris,cc,2
d008355,c_marcus,to,0
d008356,c_alex_chen,to,0
d008357,c_jamie_li,to,0
d008358,c_morgan_zhao,to,0
d008359,c_lee,to,0
d008360,c_morgan_zhao,to,0
d008361,c_hana,to,0
d008362,c_fac_015,to,0
d008363,c_noah,to,0
d008364,c_fac_025,to,0
d008365,c_fac_035,to,0
d008366,c_fac_045,to,0
d008367,c_fac_055,to,0
d008368,c_fac_065,to,0
d008369,c_fac_075,to,0
d008370,c_fac_072,to,0
d008371,c_fac_074,to,0
d008372,c_fac_078,to,0
d008373,c_fac_082,to,0
d008374,c_fac_087,to,0
d008375,c_fac_089,to,0
d008376,c_lena,to,0
d008377,c_alex_chen,to,0
d008378,c_jamie_lee,to,0
d008379,c_morgan_shaw,to,0
d008380,c_morgan_zhao,to,0
d008381,c_pat,to,0
d008382,c_alex_chan,to,0
d008382,c_alex_chen,to,1
d008383,c_morgan_shaw,to,0
d008383,c_morgan_zhao,to,1
d008384,c_noah,to,0
d008385,c_fac_011,to,0
d008386,c_fac_021,to,0
d008387,c_fac_036,to,0
d008388,c_fac_046,to,0
d008389,c_fac_056,to,0
d008390,c_fac_066,to,0
d008391,c_fac_081,to,0
d008392,c_noah,to,0
d008392,c_elena,to,1
d008392,c_taylor,to,2
d008392,c_chris,cc,3
d008393,c_alex_chan,to,0
d008394,c_chris,to,0
d008394,c_noah,to,1
d008394,c_elena,to,2
d008394,c_marcus,cc,3
d008395,c_jamie_li,to,0
d008396,c_elena,to,0
d008396,c_taylor,to,1
d008396,c_lena,to,2
d008397,c_lee,to,0
d008398,c_ren,to,0
d008399,c_pat,to,0
d008400,c_hana,to,0
d008401,c_fac_004,to,0
d008402,c_fac_008,to,0
d008403,c_fac_013,to,0
d008404,c_fac_015,to,0
d008405,c_fac_019,to,0
d008406,c_fac_023,to,0
d008407,c_fac_028,to,0
d008408,c_fac_030,to,0
d008409,c_fac_034,to,0
d008410,c_fac_038,to,0
d008411,c_noah,to,0
d008411,c_elena,to,1
d008411,c_taylor,to,2
d008411,c_chris,cc,3
d008412,c_fac_044,to,0
d008413,c_fac_048,to,0
d008414,c_fac_050,to,0
d008415,c_fac_055,to,0
d008416,c_fac_059,to,0
d008417,c_noah,to,0
d008417,c_elena,to,1
d008417,c_taylor,to,2
d008417,c_chris,cc,3
d008418,c_quinn,to,0
d008419,c_jamie_lee,to,0
d008419,c_jamie_li,to,1
d008420,c_fac_001,to,0
d008421,c_fac_006,to,0
d008422,c_fac_016,to,0
d008423,c_fac_031,to,0
d008424,c_fac_041,to,0
d008425,c_fac_051,to,0
d008426,c_fac_061,to,0
d008427,c_fac_076,to,0
d008428,c_chris,to,0
d008428,c_noah,to,1
d008428,c_elena,to,2
d008428,c_marcus,cc,3
d008429,c_lena,to,0
d008430,c_alex_chen,to,0
d008431,c_jamie_li,to,0
d008432,c_morgan_zhao,to,0
d008433,c_pat,to,0
d008434,c_noah,to,0
d008434,c_elena,to,1
d008434,c_taylor,to,2
d008434,c_chris,cc,3
d008435,c_fac_064,to,0
d008436,c_fac_068,to,0
d008437,c_fac_070,to,0
d008438,c_fac_074,to,0
d008439,c_fac_078,to,0
d008440,c_fac_083,to,0
d008441,c_fac_085,to,0
d008442,c_fac_089,to,0
d008443,c_priya,to,0
d008443,c_quinn,cc,1
d008444,c_elena,to,0
d008445,c_noah,to,0
d008446,c_avery,to,0
d008446,c_devon,to,1
d008447,c_noah,to,0
d008447,c_elena,to,1
d008447,c_taylor,to,2
d008447,c_chris,cc,3
d008448,c_alex_chan,to,0
d008449,c_jamie_li,to,0
d008450,c_morgan_shaw,to,0
d008451,c_lee,to,0
d008452,c_ren,to,0
d008453,c_fac_007,to,0
d008454,c_fac_017,to,0
d008455,c_fac_027,to,0
d008456,c_fac_042,to,0
d008457,c_fac_052,to,0
d008458,c_fac_062,to,0
d008459,c_fac_072,to,0
d008460,c_fac_087,to,0
d008461,c_sam,to,0
d008462,c_fac_001,to,0
d008463,c_chris,to,0
d008464,c_fac_005,to,0
d008465,c_fac_009,to,0
d008466,c_fac_011,to,0
d008467,c_fac_015,to,0
d008468,c_fac_020,to,0
d008469,c_fac_024,to,0
d008470,c_fac_026,to,0
d008471,c_fac_030,to,0
d008472,c_fac_035,to,0
d008473,c_fac_039,to,0
d008474,c_fac_041,to,0
d008475,c_fac_045,to,0
d008476,c_fac_050,to,0
d008477,c_fac_051,to,0
d008478,c_fac_055,to,0
d008479,c_fac_059,to,0
d008480,c_fac_064,to,0
d008481,c_fac_066,to,0
d008482,c_noah,to,0
d008482,c_elena,to,1
d008482,c_taylor,to,2
d008482,c_chris,cc,3
d008483,c_avery,to,0
d008483,c_devon,to,1
d008484,c_quinn,to,0
d008485,c_alex_chan,to,0
d008486,c_jamie_lee,to,0
d008487,c_alex_chan,to,0
d008488,c_jamie_lee,to,0
d008489,c_morgan_shaw,to,0
d008490,c_ren,to,0
d008491,c_fac_007,to,0
d008492,c_fac_017,to,0
d008493,c_noah,to,0
d008494,c_fac_027,to,0
d008495,c_noah,to,0
d008495,c_elena,to,1
d008495,c_taylor,to,2
d008495,c_chris,cc,3
d008496,c_fac_042,to,0
d008497,c_fac_057,to,0
d008498,c_fac_067,to,0
d008499,c_fac_077,to,0
d008500,c_fac_087,to,0
d008501,c_fac_075,to,0
d008502,c_fac_079,to,0
d008503,c_fac_081,to,0
d008504,c_fac_085,to,0
d008505,c_noah,to,0
d008505,c_elena,to,1
d008505,c_taylor,to,2
d008505,c_chris,cc,3
d008506,c_alex_chan,to,0
d008507,c_chris,to,0
d008507,c_noah,to,1
d008507,c_elena,to,2
d008507,c_marcus,cc,3
d008508,c_jamie_li,to,0
d008509,c_noah,to,0
d008510,c_lee,to,0
d008511,c_ren,to,0
d008512,c_priya,to,0
d008513,c_noah,to,0
d008513,c_elena,to,1
d008513,c_taylor,to,2
d008513,c_chris,cc,3
d008513,c_lena,bcc,4
d008514,c_alex_chen,to,0
d008515,c_noah,to,0
d008516,c_fac_003,to,0
d008517,c_fac_018,to,0
d008518,c_fac_028,to,0
d008519,c_fac_038,to,0
d008520,c_fac_048,to,0
d008521,c_fac_063,to,0
d008522,c_fac_073,to,0
d008523,c_fac_083,to,0
d008524,c_noah,to,0
d008524,c_elena,to,1
d008524,c_taylor,to,2
d008524,c_chris,cc,3
d008525,c_alex_chen,to,0
d008526,c_jamie_lee,to,0
d008527,c_morgan_shaw,to,0
d008528,c_noah,to,0
d008529,c_pat,to,0
d008530,c_hana,to,0
d008531,c_fac_002,to,0
d008532,c_fac_006,to,0
d008533,c_fac_011,to,0
d008534,c_fac_015,to,0
d008535,c_fac_017,to,0
d008536,c_fac_021,to,0
d008537,c_fac_025,to,0
d008538,c_fac_030,to,0
d008539,c_fac_032,to,0
d008540,c_fac_036,to,0
d008541,c_fac_040,to,0
d008542,c_fac_045,to,0
d008543,c_fac_047,to,0
d008544,c_fac_051,to,0
d008545,c_fac_055,to,0
d008546,c_fac_060,to,0
d008547,c_fac_062,to,0
d008548,c_priya,to,0
d008549,c_hana,to,0
d008550,c_alex_chen,to,0
d008551,c_noah,to,0
d008552,c_fac_003,to,0
d008553,c_fac_013,to,0
d008554,c_fac_028,to,0
d008555,c_fac_038,to,0
d008556,c_fac_048,to,0
d008557,c_fac_058,to,0
d008558,c_fac_073,to,0
d008559,c_lena,to,0
d008560,c_alex_chen,to,0
d008561,c_elena,to,0
d008561,c_taylor,to,1
d008561,c_lena,to,2
d008562,c_morgan_shaw,to,0
d008563,c_lee,to,0
d008564,c_ren,to,0
d008565,c_fac_078,to,0
d008566,c_fac_065,to,0
d008567,c_fac_067,to,0
d008568,c_fac_071,to,0
d008569,c_fac_075,to,0
d008570,c_fac_080,to,0
d008571,c_fac_082,to,0
d008572,c_fac_086,to,0
d008573,c_noah,to,0
d008573,c_elena,to,1
d008573,c_taylor,to,2
d008573,c_chris,cc,3
d008574,c_chris,to,0
d008574,c_noah,to,1
d008574,c_elena,to,2
d008574,c_marcus,cc,3
d008575,c_jamie_li,to,0
d008576,c_chris,to,0
d008577,c_noah,to,0
d008578,c_pat,to,0
d008579,c_noah,to,0
d008579,c_elena,to,1
d008579,c_taylor,to,2
d008579,c_chris,cc,3
d008580,c_maya,to,0
d008581,c_noah,to,0
d008581,c_elena,to,1
d008581,c_taylor,to,2
d008581,c_chris,cc,3
d008581,c_lena,bcc,4
d008582,c_jamie_lee,to,0
d008583,c_sam,to,0
d008584,c_fac_009,to,0
d008585,c_fac_019,to,0
d008586,c_fac_029,to,0
d008587,c_fac_044,to,0
d008588,c_fac_054,to,0
d008589,c_fac_064,to,0
d008590,c_fac_074,to,0
d008591,c_fac_089,to,0
d008592,c_alex_chan,to,0
d008593,c_jamie_lee,to,0
d008594,c_taylor,to,0
d008595,c_chris,to,0
d008596,c_noah,to,0
d008597,c_lee,to,0
d008598,c_ren,to,0
d008599,c_fac_003,to,0
d008600,c_fac_007,to,0
d008601,c_fac_011,to,0
d008602,c_fac_013,to,0
d008603,c_fac_018,to,0
d008604,c_fac_022,to,0
d008605,c_fac_026,to,0
d008606,c_fac_028,to,0
d008607,c_fac_033,to,0
d008608,c_fac_037,to,0
d008609,c_fac_041,to,0
d008610,c_fac_043,to,0
d008611,c_fac_047,to,0
d008612,c_fac_051,to,0
d008613,c_fac_053,to,0
d008614,c_fac_057,to,0
d008615,c_fac_062,to,0
d008616,c_priya,to,0
d008617,c_marcus,to,0
d008618,c_avery,to,0
d008618,c_devon,to,1
d008619,c_morgan_shaw,to,0
d008620,c_fac_004,to,0
d008621,c_fac_014,to,0
d008622,c_fac_024,to,0
d008623,c_fac_039,to,0
d008624,c_fac_049,to,0
d008625,c_fac_059,to,0
d008626,c_fac_069,to,0
d008627,c_fac_084,to,0
d008628,c_taylor,to,0
d008629,c_alex_chen,to,0
d008630,c_elena,to,0
d008630,c_taylor,to,1
d008630,c_lena,to,2
d008631,c_jamie_li,to,0
d008632,c_morgan_zhao,to,0
d008633,c_noah,to,0
d008633,c_elena,to,1
d008633,c_taylor,to,2
d008633,c_chris,cc,3
d008634,c_ren,to,0
d008635,c_fac_063,to,0
d008636,c_fac_068,to,0
d008637,c_fac_072,to,0
d008638,c_fac_076,to,0
d008639,c_fac_078,to,0
d008640,c_fac_083,to,0
d008641,c_fac_087,to,0
d008642,c_noah,to,0
d008642,c_elena,to,1
d008642,c_taylor,to,2
d008642,c_chris,cc,3
d008643,c_avery,to,0
d008643,c_devon,to,1
d008644,c_noah,to,0
d008645,c_marcus,to,0
d008646,c_noah,to,0
d008646,c_elena,to,1
d008646,c_taylor,to,2
d008646,c_chris,cc,3
d008647,c_jamie_lee,to,0
d008648,c_alex_chen,to,0
d008649,c_jamie_li,to,0
d008650,c_lee,to,0
d008651,c_ren,to,0
d008652,c_fac_005,to,0
d008653,c_fac_015,to,0
d008654,c_fac_025,to,0
d008655,c_fac_035,to,0
d008656,c_fac_050,to,0
d008657,c_fac_060,to,0
d008658,c_fac_070,to,0
d008659,c_fac_080,to,0
d008660,c_sam,to,0
d008661,c_fac_003,to,0
d008662,c_noah,to,0
d008663,c_fac_007,to,0
d008664,c_fac_012,to,0
d008665,c_fac_014,to,0
d008666,c_fac_018,to,0
d008667,c_fac_022,to,0
d008668,c_fac_027,to,0
d008669,c_fac_029,to,0
d008670,c_fac_033,to,0
d008671,c_fac_037,to,0
d008672,c_fac_042,to,0
d008673,c_fac_044,to,0
d008674,c_fac_048,to,0
d008675,c_fac_052,to,0
d008676,c_fac_054,to,0
d008677,c_fac_058,to,0
d008678,c_fac_062,to,0
d008679,c_fac_064,to,0
d008680,c_fac_069,to,0
d008681,c_avery,to,0
d008681,c_devon,to,1
d008682,c_noah,to,0
d008682,c_taylor,to,1
d008682,c_chris,cc,2
d008683,c_marcus,to,0
d008684,c_alex_chen,to,0
d008685,c_morgan_shaw,to,0
d008686,c_morgan_zhao,to,0
d008687,c_lee,to,0
d008688,c_morgan_zhao,to,0
d008689,c_fac_005,to,0
d008690,c_fac_015,to,0
d008691,c_noah,to,0
d008692,c_fac_025,to,0
d008693,c_noah,to,0
d008693,c_elena,to,1
d008693,c_taylor,to,2
d008693,c_chris,cc,3
d008694,c_fac_045,to,0
d008695,c_fac_055,to,0
d008696,c_fac_065,to,0
d008697,c_fac_080,to,0
d008698,c_fac_072,to,0
d008699,c_fac_074,to,0
d008700,c_fac_078,to,0
d008701,c_fac_083,to,0
d008702,c_fac_087,to,0
d008703,c_noah,to,0
d008703,c_elena,to,1
d008703,c_taylor,to,2
d008703,c_chris,cc,3
d008704,c_alex_chan,to,0
d008705,c_taylor,to,0
d008706,c_jamie_li,to,0
d008707,c_elena,to,0
d008707,c_taylor,to,1
d008707,c_lena,to,2
d008708,c_lee,to,0
d008709,c_noah,to,0
d008709,c_elena,to,1
d008709,c_taylor,to,2
d008709,c_chris,cc,3
d008710,c_quinn,to,0
d008711,c_noah,to,0
d008711,c_elena,to,1
d008711,c_taylor,to,2
d008711,c_chris,cc,3
d008711,c_lena,bcc,4
d008712,c_morgan_shaw,to,0
d008712,c_morgan_zhao,to,1
d008713,c_fac_006,to,0
d008714,c_fac_016,to,0
d008715,c_fac_026,to,0
d008716,c_fac_036,to,0
d008717,c_fac_051,to,0
d008718,c_fac_061,to,0
d008719,c_fac_071,to,0
d008720,c_fac_081,to,0
d008721,c_lena,to,0
d008722,c_alex_chen,to,0
d008723,c_taylor,to,0
d008724,c_jamie_li,to,0
d008725,c_morgan_zhao,to,0
d008726,c_pat,to,0
d008727,c_sam,to,0
d008728,c_pat,to,0
d008729,c_fac_003,to,0
d008730,c_fac_005,to,0
d008731,c_fac_009,to,0
d008732,c_fac_013,to,0
d008733,c_fac_015,to,0
d008734,c_fac_020,to,0
d008735,c_fac_024,to,0
d008736,c_fac_028,to,0
d008737,c_fac_030,to,0
d008738,c_fac_035,to,0
d008739,c_fac_039,to,0
d008740,c_noah,to,0
d008740,c_elena,to,1
d008740,c_taylor,to,2
d008740,c_chris,cc,3
d008741,c_fac_044,to,0
d008742,c_fac_049,to,0
d008743,c_fac_053,to,0
d008744,c_fac_055,to,0
d008745,c_fac_059,to,0
d008746,c_priya,to,0
d008747,c_jamie_lee,to,0
d008747,c_jamie_li,to,1
d008748,c_fac_001,to,0
d008749,c_fac_006,to,0
d008750,c_fac_021,to,0
d008751,c_fac_031,to,0
d008752,c_fac_041,to,0
d008753,c_fac_051,to,0
d008754,c_fac_066,to,0
d008755,c_fac_076,to,0
d008756,c_chris,to,0
d008756,c_noah,to,1
d008756,c_elena,to,2
d008756,c_marcus,cc,3
d008757,c_lena,to,0
d008758,c_elena,to,0
d008758,c_taylor,to,1
d008758,c_lena,to,2
d008759,c_morgan_zhao,to,0
d008760,c_ren,to,0
d008761,c_fac_086,to,0
d008762,c_fac_065,to,0
d008763,c_fac_069,to,0
d008764,c_fac_073,to,0
d008765,c_fac_075,to,0
d008766,c_fac_080,to,0
d008767,c_fac_084,to,0
d008768,c_fac_088,to,0
d008769,c_noah,to,0
d008769,c_elena,to,1
d008769,c_taylor,to,2
d008769,c_chris,cc,3
d008770,c_marcus,to,0
d008771,c_chris,to,0
d008772,c_quinn,to,0
d008773,c_alex_chan,to,0
d008774,c_jamie_lee,to,0
d008775,c_noah,to,0
d008775,c_taylor,to,1
d008775,c_chris,cc,2
d008776,c_jamie_lee,to,0
d008777,c_morgan_zhao,to,0
d008778,c_morgan_shaw,to,0
d008779,c_fac_002,to,0
d008780,c_fac_012,to,0
d008781,c_fac_022,to,0
d008782,c_fac_032,to,0
d008783,c_fac_047,to,0
d008784,c_fac_057,to,0
d008785,c_fac_067,to,0
d008786,c_fac_077,to,0
d008787,c_sam,to,0
d008788,c_fac_001,to,0
d008789,c_chris,to,0
d008790,c_fac_004,to,0
d008791,c_fac_009,to,0
d008792,c_fac_011,to,0
d008793,c_fac_015,to,0
d008794,c_fac_019,to,0
d008795,c_fac_024,to,0
d008796,c_fac_026,to,0
d008797,c_fac_030,to,0
d008798,c_fac_034,to,0
d008799,c_fac_039,to,0
d008800,c_fac_041,to,0
d008801,c_fac_045,to,0
d008802,c_fac_049,to,0
d008803,c_fac_054,to,0
d008804,c_fac_056,to,0
d008805,c_fac_060,to,0
d008806,c_fac_064,to,0
d008807,c_fac_069,to,0
d008808,c_priya,to,0
d008808,c_quinn,cc,1
d008809,c_marcus,to,0
d008810,c_quinn,to,0
d008811,c_alex_chen,to,0
d008812,c_jamie_li,to,0
d008813,c_morgan_shaw,to,0
d008814,c_morgan_zhao,to,0
d008815,c_pat,to,0
d008816,c_fac_002,to,0
d008817,c_fac_012,to,0
d008818,c_elena,to,0
d008819,c_fac_022,to,0
d008820,c_fac_032,to,0
d008821,c_fac_037,to,0
d008822,c_fac_047,to,0
d008823,c_fac_062,to,0
d008824,c_fac_072,to,0
d008825,c_fac_082,to,0
d008826,c_fac_070,to,0
d008827,c_fac_075,to,0
d008828,c_fac_079,to,0
d008829,c_fac_081,to,0
d008830,c_fac_085,to,0
d008831,c_fac_089,to,0
d008832,c_alex_chan,to,0
d008833,c_chris,to,0
d008833,c_noah,to,1
d008833,c_elena,to,2
d008833,c_marcus,cc,3
d008834,c_jamie_li,to,0
d008835,c_elena,to,0
d008835,c_taylor,to,1
d008835,c_lena,to,2
d008836,c_pat,to,0
d008837,c_noah,to,0
d008837,c_elena,to,1
d008837,c_taylor,to,2
d008837,c_chris,cc,3
d008838,c_maya,to,0
d008839,c_marcus,to,0
d008840,c_noah,to,0
d008841,c_fac_003,to,0
d008842,c_fac_013,to,0
d008843,c_fac_023,to,0
d008844,c_fac_038,to,0
d008845,c_fac_048,to,0
d008846,c_fac_058,to,0
d008847,c_fac_068,to,0
d008848,c_fac_083,to,0
d008849,c_noah,to,0
d008849,c_elena,to,1
d008849,c_taylor,to,2
d008849,c_chris,cc,3
d008850,c_alex_chan,to,0
d008851,c_chris,to,0
d008851,c_noah,to,1
d008851,c_elena,to,2
d008851,c_marcus,cc,3
d008852,c_morgan_shaw,to,0
d008853,c_noah,to,0
d008854,c_lee,to,0
d008855,c_ren,to,0
d008856,c_fac_002,to,0
d008857,c_fac_006,to,0
d008858,c_fac_010,to,0
d008859,c_fac_012,to,0
d008860,c_fac_017,to,0
d008861,c_fac_021,to,0
d008862,c_fac_025,to,0
d008863,c_fac_027,to,0
d008864,c_fac_032,to,0
d008865,c_fac_036,to,0
d008866,c_fac_040,to,0
d008867,c_fac_042,to,0
d008868,c_fac_046,to,0
d008869,c_fac_050,to,0
d008870,c_fac_052,to,0
d008871,c_fac_056,to,0
d008872,c_fac_061,to,0
d008873,c_noah,to,0
d008873,c_elena,to,1
d008873,c_taylor,to,2
d008873,c_chris,cc,3
d008874,c_maya,to,0
d008875,c_noah,to,0
d008875,c_elena,to,1
d008875,c_taylor,to,2
d008875,c_chris,cc,3
d008875,c_lena,bcc,4
d008876,c_jamie_li,to,0
d008877,c_morgan_zhao,to,0
d008878,c_fac_008,to,0
d008879,c_fac_018,to,0
d008880,c_fac_033,to,0
d008881,c_fac_043,to,0
d008882,c_fac_053,to,0
d008883,c_fac_063,to,0
d008884,c_fac_073,to,0
d008885,c_alex_chan,to,0
d008886,c_noah,to,0
d008887,c_jamie_lee,to,0
d008888,c_morgan_shaw,to,0
d008889,c_pat,to,0
d008890,c_noah,to,0
d008890,c_elena,to,1
d008890,c_taylor,to,2
d008890,c_chris,cc,3
d008891,c_fac_083,to,0
d008892,c_fac_065,to,0
d008893,c_fac_070,to,0
d008894,c_fac_072,to,0
d008895,c_fac_076,to,0
d008896,c_fac_080,to,0
d008897,c_fac_085,to,0
d008898,c_fac_087,to,0
d008899,c_alex_chan,to,0
d008900,c_jamie_lee,to,0
d008901,c_jamie_li,to,0
d008902,c_chris,to,0
d008903,c_noah,to,0
d008904,c_lee,to,0
d008905,c_noah,to,0
d008905,c_elena,to,1
d008905,c_taylor,to,2
d008905,c_chris,cc,3
d008906,c_maya,to,0
d008907,c_noah,to,0
d008907,c_elena,to,1
d008907,c_taylor,to,2
d008907,c_chris,cc,3
d008907,c_lena,bcc,4
d008908,c_alex_chan,to,0
d008909,c_sam,to,0
d008910,c_fac_009,to,0
d008911,c_fac_019,to,0
d008912,c_fac_029,to,0
d008913,c_fac_044,to,0
d008914,c_fac_054,to,0
d008915,c_fac_064,to,0
d008916,c_fac_074,to,0
d008917,c_fac_089,to,0
d008918,c_alex_chan,to,0
d008919,c_jamie_lee,to,0
d008920,c_taylor,to,0
d008921,c_chris,to,0
d008922,c_noah,to,0
d008923,c_lee,to,0
d008924,c_ren,to,0
d008925,c_fac_003,to,0
d008926,c_fac_007,to,0
d008927,c_fac_011,to,0
d008928,c_fac_013,to,0
d008929,c_fac_018,to,0
d008930,c_fac_022,to,0
d008931,c_fac_026,to,0
d008932,c_fac_028,to,0
d008933,c_fac_032,to,0
d008934,c_fac_037,to,0
d008935,c_fac_041,to,0
d008936,c_fac_043,to,0
d008937,c_fac_046,to,0
d008938,c_fac_051,to,0
d008939,c_fac_053,to,0
d008940,c_fac_057,to,0
d008941,c_fac_061,to,0
d008942,c_priya,to,0
d008943,c_marcus,to,0
d008944,c_avery,to,0
d008944,c_devon,to,1
d008945,c_morgan_shaw,to,0
d008946,c_fac_009,to,0
d008947,c_fac_019,to,0
d008948,c_fac_029,to,0
d008949,c_fac_039,to,0
d008950,c_fac_054,to,0
d008951,c_fac_064,to,0
d008952,c_fac_074,to,0
d008953,c_fac_084,to,0
d008954,c_alex_chan,to,0
d008955,c_chris,to,0
d008956,c_noah,to,0
d008957,c_jamie_li,to,0
d008958,c_lee,to,0
d008959,c_pat,to,0
d008960,c_fac_089,to,0
d008961,c_fac_066,to,0
d008962,c_fac_071,to,0
d008963,c_fac_073,to,0
d008964,c_fac_077,to,0
d008965,c_fac_081,to,0
d008966,c_fac_086,to,0
d008967,c_fac_088,to,0
d008968,c_priya,to,0
d008968,c_quinn,cc,1
d008969,c_hana,to,0
d008970,c_quinn,to,0
d008971,c_alex_chan,to,0
d008972,c_alex_chen,to,0
d008973,c_jamie_li,to,0
d008974,c_morgan_shaw,to,0
d008975,c_morgan_zhao,to,0
d008976,c_pat,to,0
d008977,c_morgan_zhao,to,0
d008978,c_fac_010,to,0
d008979,c_fac_020,to,0
d008980,c_fac_030,to,0
d008981,c_fac_040,to,0
d008982,c_fac_050,to,0
d008983,c_fac_065,to,0
d008984,c_fac_075,to,0
d008985,c_fac_085,to,0
d008986,c_sam,to,0
d008987,c_elena,to,0
d008988,c_fac_004,to,0
d008989,c_fac_008,to,0
d008990,c_fac_012,to,0
d008991,c_fac_017,to,0
d008992,c_fac_019,to,0
d008993,c_fac_023,to,0
d008994,c_fac_027,to,0
d008995,c_fac_032,to,0
d008996,c_fac_034,to,0
d008997,c_fac_038,to,0
d008998,c_fac_042,to,0
d008999,c_fac_047,to,0
d009000,c_fac_049,to,0
d009001,c_fac_053,to,0
d009002,c_fac_057,to,0
d009003,c_fac_062,to,0
d009004,c_fac_064,to,0
d009005,c_fac_068,to,0
d009006,c_noah,to,0
d009006,c_elena,to,1
d009006,c_taylor,to,2
d009006,c_chris,cc,3
d009007,c_hana,to,0
d009008,c_quinn,to,0
d009009,c_alex_chan,to,0
d009010,c_jamie_lee,to,0
d009011,c_alex_chen,to,0
d009012,c_jamie_li,to,0
d009013,c_pat,to,0
d009014,c_ren,to,0
d009015,c_fac_010,to,0
d009016,c_elena,to,0
d009017,c_fac_020,to,0
d009018,c_fac_030,to,0
d009019,c_fac_040,to,0
d009020,c_fac_050,to,0
d009021,c_fac_060,to,0
d009022,c_fac_070,to,0
d009023,c_fac_085,to,0
d009024,c_fac_073,to,0
d009025,c_fac_077,to,0
d009026,c_fac_079,to,0
d009027,c_fac_084,to,0
d009028,c_fac_088,to,0
d009029,c_noah,to,0
d009029,c_elena,to,1
d009029,c_taylor,to,2
d009029,c_chris,cc,3
d009030,c_alex_chan,to,0
d009031,c_chris,to,0
d009031,c_noah,to,1
d009031,c_elena,to,2
d009031,c_marcus,cc,3
d009032,c_jamie_li,to,0
d009033,c_elena,to,0
d009033,c_taylor,to,1
d009033,c_lena,to,2
d009034,c_lee,to,0
d009035,c_ren,to,0
d009036,c_quinn,to,0
d009037,c_noah,to,0
d009037,c_elena,to,1
d009037,c_taylor,to,2
d009037,c_chris,cc,3
d009037,c_lena,bcc,4
d009038,c_morgan_shaw,to,0
d009038,c_morgan_zhao,to,1
d009039,c_noah,to,0
d009040,c_fac_016,to,0
d009041,c_fac_026,to,0
d009042,c_fac_036,to,0
d009043,c_fac_046,to,0
d009044,c_fac_061,to,0
d009045,c_fac_071,to,0
d009046,c_fac_081,to,0
d009047,c_noah,to,0
d009047,c_elena,to,1
d009047,c_taylor,to,2
d009047,c_chris,cc,3
d009048,c_alex_chen,to,0
d009049,c_taylor,to,0
d009050,c_jamie_li,to,0
d009051,c_elena,to,0
d009051,c_taylor,to,1
d009051,c_lena,to,2
d009052,c_pat,to,0
d009053,c_sam,to,0
d009054,c_pat,to,0
d009055,c_hana,to,0
d009056,c_fac_005,to,0
d009057,c_fac_009,to,0
d009058,c_fac_013,to,0
d009059,c_fac_015,to,0
d009060,c_fac_020,to,0
d009061,c_fac_024,to,0
d009062,c_fac_028,to,0
d009063,c_fac_030,to,0
d009064,c_fac_035,to,0
d009065,c_fac_039,to,0
d009066,c_noah,to,0
d009066,c_elena,to,1
d009066,c_taylor,to,2
d009066,c_chris,cc,3
d009067,c_fac_045,to,0
d009068,c_fac_050,to,0
d009069,c_fac_054,to,0
d009070,c_fac_058,to,0
d009071,c_fac_060,to,0
d009072,c_quinn,to,0
d009073,c_noah,to,0
d009073,c_elena,to,1
d009073,c_taylor,to,2
d009073,c_chris,cc,3
d009073,c_lena,bcc,4
d009074,c_morgan_shaw,to,0
d009074,c_morgan_zhao,to,1
d009075,c_noah,to,0
d009076,c_fac_016,to,0
d009077,c_fac_026,to,0
d009078,c_fac_036,to,0
d009079,c_fac_046,to,0
d009080,c_fac_056,to,0
d009081,c_fac_071,to,0
d009082,c_fac_081,to,0
d009083,c_taylor,to,0
d009084,c_alex_chen,to,0
d009085,c_morgan_zhao,to,0
d009086,c_pat,to,0
d009087,c_noah,to,0
d009087,c_elena,to,1
d009087,c_taylor,to,2
d009087,c_chris,cc,3
d009088,c_fac_063,to,0
d009089,c_fac_068,to,0
d009090,c_fac_070,to,0
d009091,c_fac_074,to,0
d009092,c_fac_078,to,0
d009093,c_fac_083,to,0
d009094,c_fac_085,to,0
d009095,c_fac_089,to,0
d009096,c_avery,to,0
d009096,c_devon,to,1
d009097,c_chris,to,0
d009098,c_quinn,to,0
d009099,c_alex_chan,to,0
d009100,c_alex_chen,to,0
d009101,c_noah,to,0
d009101,c_taylor,to,1
d009101,c_chris,cc,2
d009102,c_jamie_lee,to,0
d009103,c_morgan_zhao,to,0
d009104,c_pat,to,0
d009105,c_fac_002,to,0
d009106,c_fac_012,to,0
d009107,c_fac_022,to,0
d009108,c_fac_032,to,0
d009109,c_fac_047,to,0
d009110,c_fac_057,to,0
d009111,c_fac_067,to,0
d009112,c_fac_077,to,0
d009113,c_noah,to,0
d009113,c_elena,to,1
d009113,c_taylor,to,2
d009113,c_chris,cc,3
d009114,c_hana,to,0
d009115,c_elena,to,0
d009116,c_noah,to,0
d009117,c_fac_006,to,0
d009118,c_fac_010,to,0
d009119,c_fac_014,to,0
d009120,c_fac_016,to,0
d009121,c_fac_021,to,0
d009122,c_fac_025,to,0
d009123,c_fac_029,to,0
d009124,c_fac_031,to,0
d009125,c_fac_036,to,0
d009126,c_fac_040,to,0
d009127,c_fac_044,to,0
d009128,c_fac_046,to,0
d009129,c_fac_050,to,0
d009130,c_fac_054,to,0
d009131,c_fac_056,to,0
d009132,c_fac_060,to,0
d009133,c_fac_064,to,0
d009134,c_fac_069,to,0
d009135,c_priya,to,0
d009135,c_quinn,cc,1
d009136,c_marcus,to,0
d009137,c_quinn,to,0
d009138,c_alex_chen,to,0
d009139,c_jamie_li,to,0
d009140,c_morgan_shaw,to,0
d009141,c_morgan_zhao,to,0
d009142,c_pat,to,0
d009143,c_fac_002,to,0
d009144,c_fac_012,to,0
d009145,c_elena,to,0
d009146,c_fac_022,to,0
d009147,c_fac_032,to,0
d009148,c_fac_037,to,0
d009149,c_fac_047,to,0
d009150,c_fac_062,to,0
d009151,c_fac_072,to,0
d009152,c_fac_082,to,0
d009153,c_fac_070,to,0
d009154,c_fac_075,to,0
d009155,c_fac_079,to,0
d009156,c_fac_081,to,0
d009157,c_fac_085,to,0
d009158,c_lena,to,0
d009159,c_alex_chen,to,0
d009160,c_jamie_lee,to,0
d009161,c_morgan_shaw,to,0
d009162,c_morgan_zhao,to,0
d009163,c_pat,to,0
d009164,c_noah,to,0
d009164,c_elena,to,1
d009164,c_taylor,to,2
d009164,c_chris,cc,3
d009165,c_maya,to,0
d009166,c_alex_chen,to,0
d009167,c_noah,to,0
d009168,c_fac_003,to,0
d009169,c_fac_013,to,0
d009170,c_fac_028,to,0
d009171,c_fac_038,to,0
d009172,c_fac_048,to,0
d009173,c_fac_058,to,0
d009174,c_fac_073,to,0
d009175,c_fac_083,to,0
d009176,c_noah,to,0
d009176,c_elena,to,1
d009176,c_taylor,to,2
d009176,c_chris,cc,3
d009177,c_alex_chan,to,0
d009178,c_chris,to,0
d009178,c_noah,to,1
d009178,c_elena,to,2
d009178,c_marcus,cc,3
d009179,c_morgan_shaw,to,0
d009180,c_noah,to,0
d009181,c_lee,to,0
d009182,c_ren,to,0
d009183,c_fac_002,to,0
d009184,c_fac_006,to,0
d009185,c_fac_010,to,0
d009186,c_fac_012,to,0
d009187,c_fac_017,to,0
d009188,c_fac_021,to,0
d009189,c_fac_025,to,0
d009190,c_fac_027,to,0
d009191,c_fac_032,to,0
d009192,c_fac_036,to,0
d009193,c_fac_040,to,0
d009194,c_fac_042,to,0
d009195,c_fac_046,to,0
d009196,c_fac_050,to,0
d009197,c_fac_052,to,0
d009198,c_fac_056,to,0
d009199,c_fac_061,to,0
d009200,c_noah,to,0
d009200,c_elena,to,1
d009200,c_taylor,to,2
d009200,c_chris,cc,3
d009201,c_maya,to,0
d009202,c_noah,to,0
d009202,c_elena,to,1
d009202,c_taylor,to,2
d009202,c_chris,cc,3
d009202,c_lena,bcc,4
d009203,c_jamie_li,to,0
d009204,c_morgan_zhao,to,0
d009205,c_fac_008,to,0
d009206,c_fac_018,to,0
d009207,c_fac_033,to,0
d009208,c_fac_043,to,0
d009209,c_fac_053,to,0
d009210,c_fac_063,to,0
d009211,c_chris,to,0
d009211,c_noah,to,1
d009211,c_elena,to,2
d009211,c_marcus,cc,3
d009212,c_alex_chan,to,0
d009213,c_noah,to,0
d009214,c_jamie_lee,to,0
d009215,c_morgan_zhao,to,0
d009216,c_pat,to,0
d009217,c_noah,to,0
d009217,c_elena,to,1
d009217,c_taylor,to,2
d009217,c_chris,cc,3
d009218,c_fac_083,to,0
d009219,c_fac_066,to,0
d009220,c_fac_070,to,0
d009221,c_fac_072,to,0
d009222,c_fac_076,to,0
d009223,c_fac_081,to,0
d009224,c_fac_085,to,0
d009225,c_fac_087,to,0
d009226,c_alex_chan,to,0
d009227,c_jamie_lee,to,0
d009228,c_jamie_li,to,0
d009229,c_chris,to,0
d009230,c_noah,to,0
d009231,c_lee,to,0
d009232,c_noah,to,0
d009232,c_elena,to,1
d009232,c_taylor,to,2
d009232,c_chris,cc,3
d009233,c_maya,to,0
d009234,c_noah,to,0
d009234,c_elena,to,1
d009234,c_taylor,to,2
d009234,c_chris,cc,3
d009234,c_lena,bcc,4
d009235,c_alex_chan,to,0
d009236,c_sam,to,0
d009237,c_fac_009,to,0
d009238,c_fac_019,to,0
d009239,c_fac_029,to,0
d009240,c_fac_044,to,0
d009241,c_fac_054,to,0
d009242,c_fac_064,to,0
d009243,c_fac_074,to,0
d009244,c_fac_089,to,0
d009245,c_alex_chan,to,0
d009246,c_jamie_lee,to,0
d009247,c_taylor,to,0
d009248,c_chris,to,0
d009249,c_noah,to,0
d009250,c_lee,to,0
d009251,c_ren,to,0
d009252,c_fac_003,to,0
d009253,c_fac_007,to,0
d009254,c_fac_011,to,0
d009255,c_fac_013,to,0
d009256,c_fac_018,to,0
d009257,c_fac_022,to,0
d009258,c_fac_026,to,0
d009259,c_fac_028,to,0
d009260,c_fac_033,to,0
d009261,c_fac_037,to,0
d009262,c_fac_041,to,0
d009263,c_fac_043,to,0
d009264,c_fac_047,to,0
d009265,c_fac_051,to,0
d009266,c_fac_053,to,0
d009267,c_fac_057,to,0
d009268,c_fac_062,to,0
d009269,c_priya,to,0
d009270,c_marcus,to,0
d009271,c_avery,to,0
d009271,c_devon,to,1
d009272,c_morgan_shaw,to,0
d009273,c_fac_004,to,0
d009274,c_fac_014,to,0
d009275,c_fac_024,to,0
d009276,c_fac_039,to,0
d009277,c_fac_049,to,0
d009278,c_fac_059,to,0
d009279,c_fac_069,to,0
d009280,c_fac_079,to,0
d009281,c_taylor,to,0
d009282,c_alex_chen,to,0
d009283,c_elena,to,0
d009283,c_taylor,to,1
d009283,c_lena,to,2
d009284,c_jamie_lee,to,0
d009285,c_morgan_zhao,to,0
d009286,c_noah,to,0
d009286,c_elena,to,1
d009286,c_taylor,to,2
d009286,c_chris,cc,3
d009287,c_ren,to,0
d009288,c_fac_063,to,0
d009289,c_fac_068,to,0
d009290,c_fac_072,to,0
d009291,c_fac_076,to,0
d009292,c_fac_078,to,0
d009293,c_fac_083,to,0
d009294,c_fac_087,to,0
d009295,c_priya,to,0
d009295,c_quinn,cc,1
d009296,c_hana,to,0
d009297,c_quinn,to,0
d009298,c_alex_chan,to,0
d009299,c_alex_chen,to,0
d009300,c_jamie_li,to,0
d009301,c_morgan_shaw,to,0
d009302,c_morgan_zhao,to,0
d009303,c_pat,to,0
d009304,c_morgan_zhao,to,0
d009305,c_fac_010,to,0
d009306,c_fac_020,to,0
d009307,c_fac_030,to,0
d009308,c_fac_040,to,0
d009309,c_fac_055,to,0
d009310,c_fac_065,to,0
d009311,c_fac_075,to,0
d009312,c_fac_085,to,0
d009313,c_fac_002,to,0
d009314,c_elena,to,0
d009315,c_fac_004,to,0
d009316,c_fac_008,to,0
d009317,c_fac_013,to,0
d009318,c_fac_017,to,0
d009319,c_fac_019,to,0
d009320,c_fac_023,to,0
d009321,c_fac_028,to,0
d009322,c_fac_032,to,0
d009323,c_fac_034,to,0
d009324,c_fac_038,to,0
d009325,c_fac_043,to,0
d009326,c_fac_047,to,0
d009327,c_fac_049,to,0
d009328,c_noah,to,0
d009328,c_elena,to,1
d009328,c_taylor,to,2
d009328,c_chris,cc,3
d009329,c_fac_054,to,0
d009330,c_fac_059,to,0
d009331,c_fac_063,to,0
d009332,c_fac_067,to,0
d009333,c_fac_069,to,0
d009334,c_avery,to,0
d009334,c_devon,to,1
d009335,c_noah,to,0
d009335,c_taylor,to,1
d009335,c_chris,cc,2
d009336,c_marcus,to,0
d009337,c_alex_chen,to,0
d009338,c_morgan_shaw,to,0
d009339,c_morgan_zhao,to,0
d009340,c_lee,to,0
d009341,c_morgan_zhao,to,0
d009342,c_fac_005,to,0
d009343,c_fac_015,to,0
d009344,c_noah,to,0
d009345,c_fac_025,to,0
d009346,c_noah,to,0
d009346,c_elena,to,1
d009346,c_taylor,to,2
d009346,c_chris,cc,3
d009347,c_fac_045,to,0
d009348,c_fac_055,to,0
d009349,c_fac_065,to,0
d009350,c_fac_080,to,0
d009351,c_fac_072,to,0
d009352,c_fac_074,to,0
d009353,c_fac_078,to,0
d009354,c_fac_083,to,0
d009355,c_fac_087,to,0
d009356,c_fac_089,to,0
d009357,c_lena,to,0
d009358,c_chris,to,0
d009358,c_noah,to,1
d009358,c_elena,to,2
d009358,c_marcus,cc,3
d009359,c_jamie_lee,to,0
d009360,c_morgan_shaw,to,0
d009361,c_morgan_zhao,to,0
d009362,c_noah,to,0
d009362,c_elena,to,1
d009362,c_taylor,to,2
d009362,c_chris,cc,3
d009363,c_quinn,to,0
d009364,c_jamie_lee,to,0
d009364,c_jamie_li,to,1
d009365,c_fac_001,to,0
d009366,c_fac_011,to,0
d009367,c_fac_021,to,0
d009368,c_fac_031,to,0
d009369,c_fac_041,to,0
d009370,c_fac_056,to,0
d009371,c_fac_066,to,0
d009372,c_fac_076,to,0
d009373,c_fac_086,to,0
d009374,c_alex_chen,to,0
d009375,c_taylor,to,0
d009376,c_jamie_li,to,0
d009377,c_elena,to,0
d009377,c_taylor,to,1
d009377,c_lena,to,2
d009378,c_lee,to,0
d009379,c_sam,to,0
d009380,c_pat,to,0
d009381,c_hana,to,0
d009382,c_fac_004,to,0
d009383,c_fac_009,to,0
d009384,c_fac_013,to,0
d009385,c_fac_015,to,0
d009386,c_fac_019,to,0
d009387,c_fac_024,to,0
d009388,c_fac_028,to,0
d009389,c_fac_030,to,0
d009390,c_fac_034,to,0
d009391,c_fac_039,to,0
d009392,c_noah,to,0
d009392,c_elena,to,1
d009392,c_taylor,to,2
d009392,c_chris,cc,3
d009393,c_fac_044,to,0
d009394,c_fac_048,to,0
d009395,c_fac_053,to,0
d009396,c_fac_055,to,0
d009397,c_fac_059,to,0
d009398,c_noah,to,0
d009398,c_elena,to,1
d009398,c_taylor,to,2
d009398,c_chris,cc,3
d009399,c_alex_chan,to,0
d009399,c_alex_chen,to,1
d009400,c_jamie_lee,to,0
d009400,c_jamie_li,to,1
d009401,c_fac_001,to,0
d009402,c_fac_006,to,0
d009403,c_fac_021,to,0
d009404,c_fac_031,to,0
d009405,c_fac_041,to,0
d009406,c_fac_051,to,0
d009407,c_fac_066,to,0
d009408,c_fac_076,to,0
d009409,c_chris,to,0
d009409,c_noah,to,1
d009409,c_elena,to,2
d009409,c_marcus,cc,3
d009410,c_alex_chan,to,0
d009411,c_elena,to,0
d009411,c_taylor,to,1
d009411,c_lena,to,2
d009412,c_morgan_shaw,to,0
d009413,c_lee,to,0
d009414,c_ren,to,0
d009415,c_fac_063,to,0
d009416,c_fac_065,to,0
d009417,c_fac_069,to,0
d009418,c_fac_073,to,0
d009419,c_fac_078,to,0
d009420,c_fac_080,to,0
d009421,c_fac_084,to,0
d009422,c_fac_088,to,0
d009423,c_priya,to,0
d009423,c_quinn,cc,1
d009424,c_marcus,to,0
d009425,c_noah,to,0
d009426,c_avery,to,0
d009426,c_devon,to,1
d009427,c_noah,to,0
d009427,c_elena,to,1
d009427,c_taylor,to,2
d009427,c_chris,cc,3
d009428,c_alex_chan,to,0
d009429,c_jamie_li,to,0
d009430,c_morgan_shaw,to,0
d009431,c_lee,to,0
d009432,c_ren,to,0
d009433,c_fac_007,to,0
d009434,c_fac_017,to,0
d009435,c_fac_027,to,0
d009436,c_fac_042,to,0
d009437,c_fac_052,to,0
d009438,c_fac_062,to,0
d009439,c_fac_072,to,0
d009440,c_fac_087,to,0
d009441,c_sam,to,0
d009442,c_fac_001,to,0
d009443,c_chris,to,0
d009444,c_fac_005,to,0
d009445,c_fac_009,to,0
d009446,c_fac_011,to,0
d009447,c_fac_015,to,0
d009448,c_fac_020,to,0
d009449,c_fac_024,to,0
d009450,c_fac_026,to,0
d009451,c_fac_030,to,0
d009452,c_fac_035,to,0
d009453,c_fac_039,to,0
d009454,c_fac_041,to,0
d009455,c_fac_045,to,0
d009456,c_fac_050,to,0
d009457,c_fac_051,to,0
d009458,c_fac_055,to,0
d009459,c_fac_059,to,0
d009460,c_fac_064,to,0
d009461,c_fac_066,to,0
d009462,c_priya,to,0
d009462,c_quinn,cc,1
d009463,c_marcus,to,0
d009464,c_avery,to,0
d009464,c_devon,to,1
d009465,c_alex_chen,to,0
d009466,c_jamie_li,to,0
d009467,c_morgan_shaw,to,0
d009468,c_lee,to,0
d009469,c_pat,to,0
d009470,c_fac_002,to,0
d009471,c_fac_012,to,0
d009472,c_chris,to,0
d009473,c_fac_022,to,0
d009474,c_fac_032,to,0
d009475,c_fac_037,to,0
d009476,c_fac_047,to,0
d009477,c_fac_062,to,0
d009478,c_fac_072,to,0
d009479,c_fac_082,to,0
d009480,c_fac_070,to,0
d009481,c_fac_075,to,0
d009482,c_fac_079,to,0
d009483,c_fac_081,to,0
d009484,c_fac_085,to,0
d009485,c_noah,to,0
d009485,c_elena,to,1
d009485,c_taylor,to,2
d009485,c_chris,cc,3
d009486,c_alex_chan,to,0
d009487,c_chris,to,0
d009487,c_noah,to,1
d009487,c_elena,to,2
d009487,c_marcus,cc,3
d009488,c_jamie_li,to,0
d009489,c_noah,to,0
d009490,c_lee,to,0
d009491,c_ren,to,0
d009492,c_priya,to,0
d009493,c_noah,to,0
d009493,c_elena,to,1
d009493,c_taylor,to,2
d009493,c_chris,cc,3
d009493,c_lena,bcc,4
d009494,c_alex_chen,to,0
d009495,c_noah,to,0
d009496,c_fac_003,to,0
d009497,c_fac_018,to,0
d009498,c_fac_028,to,0
d009499,c_fac_038,to,0
d009500,c_fac_048,to,0
d009501,c_fac_063,to,0
d009502,c_fac_073,to,0
d009503,c_fac_083,to,0
d009504,c_noah,to,0
d009504,c_elena,to,1
d009504,c_taylor,to,2
d009504,c_chris,cc,3
d009505,c_alex_chen,to,0
d009506,c_jamie_lee,to,0
d009507,c_morgan_shaw,to,0
d009508,c_noah,to,0
d009509,c_pat,to,0
d009510,c_hana,to,0
d009511,c_fac_002,to,0
d009512,c_fac_006,to,0
d009513,c_fac_011,to,0
d009514,c_fac_015,to,0
d009515,c_fac_017,to,0
d009516,c_fac_021,to,0
d009517,c_fac_026,to,0
d009518,c_fac_030,to,0
d009519,c_fac_032,to,0
d009520,c_fac_036,to,0
d009521,c_fac_041,to,0
d009522,c_noah,to,0
d009522,c_elena,to,1
d009522,c_taylor,to,2
d009522,c_chris,cc,3
d009523,c_fac_046,to,0
d009524,c_fac_050,to,0
d009525,c_fac_052,to,0
d009526,c_fac_057,to,0
d009527,c_fac_061,to,0
d009528,c_noah,to,0
d009528,c_elena,to,1
d009528,c_taylor,to,2
d009528,c_chris,cc,3
d009529,c_maya,to,0
d009530,c_marcus,to,0
d009531,c_jamie_li,to,0
d009532,c_morgan_zhao,to,0
d009533,c_fac_008,to,0
d009534,c_fac_023,to,0
d009535,c_fac_033,to,0
d009536,c_fac_043,to,0
d009537,c_fac_053,to,0
d009538,c_fac_068,to,0
d009539,c_chris,to,0
d009539,c_noah,to,1
d009539,c_elena,to,2
d009539,c_marcus,cc,3
d009540,c_alex_chan,to,0
d009541,c_noah,to,0
d009542,c_jamie_li,to,0
d009543,c_morgan_zhao,to,0
d009544,c_pat,to,0
d009545,c_noah,to,0
d009545,c_elena,to,1
d009545,c_taylor,to,2
d009545,c_chris,cc,3
d009546,c_fac_088,to,0
d009547,c_fac_066,to,0
d009548,c_fac_070,to,0
d009549,c_fac_072,to,0
d009550,c_fac_077,to,0
d009551,c_fac_081,to,0
d009552,c_fac_085,to,0
d009553,c_fac_087,to,0
d009554,c_jamie_lee,to,0
d009555,c_taylor,to,0
d009556,c_morgan_shaw,to,0
d009557,c_elena,to,0
d009557,c_taylor,to,1
d009557,c_lena,to,2
d009558,c_lee,to,0
d009559,c_ren,to,0
d009560,c_priya,to,0
d009561,c_marcus,to,0
d009562,c_alex_chan,to,0
d009563,c_morgan_shaw,to,0
d009564,c_fac_004,to,0
d009565,c_fac_014,to,0
d009566,c_fac_029,to,0
d009567,c_fac_039,to,0
d009568,c_fac_049,to,0
d009569,c_fac_059,to,0
d009570,c_fac_074,to,0
d009571,c_fac_084,to,0
d009572,c_noah,to,0
d009572,c_elena,to,1
d009572,c_taylor,to,2
d009572,c_chris,cc,3
d009573,c_alex_chen,to,0
d009574,c_chris,to,0
d009574,c_noah,to,1
d009574,c_elena,to,2
d009574,c_marcus,cc,3
d009575,c_morgan_shaw,to,0
d009576,c_elena,to,0
d009576,c_taylor,to,1
d009576,c_lena,to,2
d009577,c_morgan_zhao,to,0
d009578,c_pat,to,0
d009579,c_fac_002,to,0
d009580,c_fac_006,to,0
d009581,c_fac_008,to,0
d009582,c_fac_012,to,0
d009583,c_fac_017,to,0
d009584,c_fac_021,to,0
d009585,c_fac_023,to,0
d009586,c_fac_027,to,0
d009587,c_fac_032,to,0
d009588,c_fac_036,to,0
d009589,c_fac_038,to,0
d009590,c_fac_042,to,0
d009591,c_fac_046,to,0
d009592,c_fac_048,to,0
d009593,c_fac_052,to,0
d009594,c_fac_056,to,0
d009595,c_fac_061,to,0
d009596,c_noah,to,0
d009596,c_elena,to,1
d009596,c_taylor,to,2
d009596,c_chris,cc,3
d009597,c_maya,to,0
d009598,c_noah,to,0
d009598,c_elena,to,1
d009598,c_taylor,to,2
d009598,c_chris,cc,3
d009598,c_lena,bcc,4
d009599,c_jamie_lee,to,0
d009600,c_sam,to,0
d009601,c_fac_009,to,0
d009602,c_fac_019,to,0
d009603,c_fac_034,to,0
d009604,c_fac_044,to,0
d009605,c_fac_054,to,0
d009606,c_fac_064,to,0
d009607,c_fac_079,to,0
d009608,c_chris,to,0
d009608,c_noah,to,1
d009608,c_elena,to,2
d009608,c_marcus,cc,3
d009609,c_alex_chan,to,0
d009610,c_chris,to,0
d009611,c_jamie_lee,to,0
d009612,c_morgan_shaw,to,0
d009613,c_lee,to,0
d009614,c_ren,to,0
d009615,c_fac_066,to,0
d009616,c_fac_068,to,0
d009617,c_fac_072,to,0
d009618,c_fac_076,to,0
d009619,c_fac_081,to,0
d009620,c_fac_083,to,0
d009621,c_fac_087,to,0
d009622,c_noah,to,0
d009622,c_elena,to,1
d009622,c_taylor,to,2
d009622,c_chris,cc,3
d009623,c_hana,to,0
d009624,c_quinn,to,0
d009625,c_alex_chan,to,0
d009626,c_alex_chen,to,0
d009627,c_jamie_li,to,0
d009628,c_morgan_shaw,to,0
d009629,c_morgan_zhao,to,0
d009630,c_pat,to,0
d009631,c_morgan_zhao,to,0
d009632,c_fac_010,to,0
d009633,c_fac_020,to,0
d009634,c_fac_030,to,0
d009635,c_fac_040,to,0
d009636,c_fac_055,to,0
d009637,c_fac_065,to,0
d009638,c_fac_075,to,0
d009639,c_fac_085,to,0
d009640,c_fac_002,to,0
d009641,c_elena,to,0
d009642,c_fac_004,to,0
d009643,c_fac_008,to,0
d009644,c_fac_013,to,0
d009645,c_fac_017,to,0
d009646,c_fac_019,to,0
d009647,c_fac_023,to,0
d009648,c_fac_028,to,0
d009649,c_fac_032,to,0
d009650,c_fac_034,to,0
d009651,c_fac_038,to,0
d009652,c_fac_043,to,0
d009653,c_fac_047,to,0
d009654,c_fac_049,to,0
d009655,c_noah,to,0
d009655,c_elena,to,1
d009655,c_taylor,to,2
d009655,c_chris,cc,3
d009656,c_fac_057,to,0
d009657,c_fac_059,to,0
d009658,c_fac_063,to,0
d009659,c_fac_067,to,0
d009660,c_noah,to,0
d009660,c_elena,to,1
d009660,c_taylor,to,2
d009660,c_chris,cc,3
d009661,c_avery,to,0
d009661,c_devon,to,1
d009662,c_noah,to,0
d009662,c_taylor,to,1
d009662,c_chris,cc,2
d009663,c_marcus,to,0
d009664,c_jamie_lee,to,0
d009665,c_morgan_shaw,to,0
d009666,c_morgan_zhao,to,0
d009667,c_lee,to,0
d009668,c_ren,to,0
d009669,c_fac_005,to,0
d009670,c_fac_015,to,0
d009671,c_noah,to,0
d009672,c_fac_025,to,0
d009673,c_noah,to,0
d009673,c_elena,to,1
d009673,c_taylor,to,2
d009673,c_chris,cc,3
d009674,c_fac_045,to,0
d009675,c_fac_055,to,0
d009676,c_fac_065,to,0
d009677,c_fac_080,to,0
d009678,c_fac_072,to,0
d009679,c_fac_074,to,0
d009680,c_fac_078,to,0
d009681,c_fac_083,to,0
d009682,c_fac_087,to,0
d009683,c_fac_089,to,0
d009684,c_lena,to,0
d009685,c_chris,to,0
d009685,c_noah,to,1
d009685,c_elena,to,2
d009685,c_marcus,cc,3
d009686,c_jamie_lee,to,0
d009687,c_morgan_shaw,to,0
d009688,c_morgan_zhao,to,0
d009689,c_ren,to,0
d009690,c_priya,to,0
d009691,c_alex_chan,to,0
d009691,c_alex_chen,to,1
d009692,c_jamie_lee,to,0
d009692,c_jamie_li,to,1
d009693,c_noah,to,0
d009694,c_fac_011,to,0
d009695,c_fac_021,to,0
d009696,c_fac_031,to,0
d009697,c_fac_046,to,0
d009698,c_fac_056,to,0
d009699,c_fac_066,to,0
d009700,c_fac_076,to,0
d009701,c_noah,to,0
d009701,c_elena,to,1
d009701,c_taylor,to,2
d009701,c_chris,cc,3
d009702,c_alex_chan,to,0
d009703,c_chris,to,0
d009703,c_noah,to,1
d009703,c_elena,to,2
d009703,c_marcus,cc,3
d009704,c_jamie_lee,to,0
d009705,c_elena,to,0
d009705,c_taylor,to,1
d009705,c_lena,to,2
d009706,c_lee,to,0
d009707,c_ren,to,0
d009708,c_lee,to,0
d009709,c_hana,to,0
d009710,c_fac_004,to,0
d009711,c_fac_008,to,0
d009712,c_fac_010,to,0
d009713,c_fac_015,to,0
d009714,c_fac_019,to,0
d009715,c_fac_023,to,0
d009716,c_fac_025,to,0
d009717,c_fac_030,to,0
d009718,c_fac_034,to,0
d009719,c_fac_038,to,0
d009720,c_fac_040,to,0
d009721,c_fac_044,to,0
d009722,c_fac_048,to,0
d009723,c_fac_050,to,0
d009724,c_fac_054,to,0
d009725,c_fac_058,to,0
d009726,c_noah,to,0
d009726,c_elena,to,1
d009726,c_taylor,to,2
d009726,c_chris,cc,3
d009727,c_quinn,to,0
d009728,c_noah,to,0
d009728,c_elena,to,1
d009728,c_taylor,to,2
d009728,c_chris,cc,3
d009728,c_lena,bcc,4
d009729,c_morgan_shaw,to,0
d009729,c_morgan_zhao,to,1
d009730,c_fac_006,to,0
d009731,c_fac_016,to,0
d009732,c_fac_026,to,0
d009733,c_fac_036,to,0
d009734,c_fac_051,to,0
d009735,c_fac_061,to,0
d009736,c_fac_071,to,0
d009737,c_fac_081,to,0
d009738,c_lena,to,0
d009739,c_alex_chen,to,0
d009740,c_elena,to,0
d009740,c_taylor,to,1
d009740,c_lena,to,2
d009741,c_morgan_shaw,to,0
d009742,c_pat,to,0
d009743,c_noah,to,0
d009743,c_elena,to,1
d009743,c_taylor,to,2
d009743,c_chris,cc,3
d009744,c_fac_063,to,0
d009745,c_fac_065,to,0
d009746,c_fac_070,to,0
d009747,c_fac_074,to,0
d009748,c_fac_078,to,0
d009749,c_fac_080,to,0
d009750,c_fac_085,to,0
d009751,c_fac_089,to,0
d009752,c_priya,to,0
d009752,c_quinn,cc,1
d009753,c_marcus,to,0
d009754,c_noah,to,0
d009755,c_avery,to,0
d009755,c_devon,to,1
d009756,c_alex_chen,to,0
d009757,c_alex_chan,to,0
d009758,c_jamie_lee,to,0
d009759,c_morgan_zhao,to,0
d009760,c_pat,to,0
d009761,c_ren,to,0
d009762,c_fac_012,to,0
d009763,c_fac_022,to,0
d009764,c_fac_032,to,0
d009765,c_fac_042,to,0
d009766,c_fac_057,to,0
d009767,c_fac_067,to,0
d009768,c_fac_077,to,0
d009769,c_fac_087,to,0
d009770,c_hana,to,0
d009771,c_elena,to,0
d009772,c_noah,to,0
d009773,c_fac_005,to,0
d009774,c_fac_009,to,0
d009775,c_fac_014,to,0
d009776,c_fac_016,to,0
d009777,c_fac_020,to,0
d009778,c_fac_024,to,0
d009779,c_fac_029,to,0
d009780,c_fac_031,to,0
d009781,c_fac_035,to,0
d009782,c_fac_039,to,0
d009783,c_fac_044,to,0
d009784,c_fac_046,to,0
d009785,c_fac_050,to,0
d009786,c_fac_051,to,0
d009787,c_fac_056,to,0
d009788,c_fac_060,to,0
d009789,c_fac_064,to,0
d009790,c_fac_069,to,0
d009791,c_avery,to,0
d009791,c_devon,to,1
d009792,c_noah,to,0
d009792,c_taylor,to,1
d009792,c_chris,cc,2
d009793,c_avery,to,0
d009793,c_devon,to,1
d009794,c_alex_chen,to,0
d009795,c_alex_chan,to,0
d009796,c_jamie_lee,to,0
d009797,c_lee,to,0
d009798,c_pat,to,0
d009799,c_fac_007,to,0
d009800,c_fac_017,to,0
d009801,c_chris,to,0
d009802,c_fac_022,to,0
d009803,c_noah,to,0
d009803,c_elena,to,1
d009803,c_taylor,to,2
d009803,c_chris,cc,3
d009804,c_fac_042,to,0
d009805,c_fac_052,to,0
d009806,c_fac_062,to,0
d009807,c_fac_077,to,0
d009808,c_fac_087,to,0
d009809,c_fac_071,to,0
d009810,c_fac_075,to,0
d009811,c_fac_080,to,0
d009812,c_fac_084,to,0
d009813,c_fac_086,to,0
d009814,c_noah,to,0
d009814,c_elena,to,1
d009814,c_taylor,to,2
d009814,c_chris,cc,3
d009815,c_alex_chen,to,0
d009816,c_jamie_lee,to,0
d009817,c_morgan_shaw,to,0
d009818,c_noah,to,0
d009819,c_pat,to,0
d009820,c_noah,to,0
d009820,c_elena,to,1
d009820,c_taylor,to,2
d009820,c_chris,cc,3
d009821,c_maya,to,0
d009822,c_marcus,to,0
d009823,c_jamie_li,to,0
d009824,c_fac_003,to,0
d009825,c_fac_013,to,0
d009826,c_fac_023,to,0
d009827,c_fac_033,to,0
d009828,c_fac_048,to,0
d009829,c_fac_058,to,0
d009830,c_fac_068,to,0
d009831,c_fac_078,to,0
d009832,c_noah,to,0
d009832,c_elena,to,1
d009832,c_taylor,to,2
d009832,c_chris,cc,3
d009833,c_alex_chan,to,0
d009834,c_chris,to,0
d009834,c_noah,to,1
d009834,c_elena,to,2
d009834,c_marcus,cc,3
d009835,c_jamie_li,to,0
d009836,c_noah,to,0
d009837,c_lee,to,0
d009838,c_ren,to,0
d009839,c_fac_001,to,0
d009840,c_fac_006,to,0
d009841,c_fac_010,to,0
d009842,c_fac_012,to,0
d009843,c_fac_016,to,0
d009844,c_fac_021,to,0
d009845,c_fac_025,to,0
d009846,c_fac_027,to,0
d009847,c_fac_031,to,0
d009848,c_fac_036,to,0
d009849,c_fac_040,to,0
d009850,c_fac_042,to,0
d009851,c_fac_045,to,0
d009852,c_fac_050,to,0
d009853,c_fac_052,to,0
d009854,c_fac_056,to,0
d009855,c_fac_061,to,0
d009856,c_priya,to,0
d009857,c_hana,to,0
d009858,c_marcus,to,0
d009859,c_jamie_li,to,0
d009860,c_fac_003,to,0
d009861,c_fac_013,to,0
d009862,c_fac_023,to,0
d009863,c_fac_033,to,0
d009864,c_fac_048,to,0
d009865,c_fac_058,to,0
d009866,c_fac_068,to,0
d009867,c_chris,to,0
d009867,c_noah,to,1
d009867,c_elena,to,2
d009867,c_marcus,cc,3
d009868,c_alex_chen,to,0
d009869,c_elena,to,0
d009869,c_taylor,to,1
d009869,c_lena,to,2
d009870,c_jamie_li,to,0
d009871,c_morgan_zhao,to,0
d009872,c_pat,to,0
d009873,c_fac_078,to,0
d009874,c_fac_088,to,0
d009875,c_fac_066,to,0
d009876,c_fac_070,to,0
d009877,c_fac_075,to,0
d009878,c_fac_077,to,0
d009879,c_fac_081,to,0
d009880,c_fac_085,to,0
d009881,c_noah,to,0
d009881,c_elena,to,1
d009881,c_taylor,to,2
d009881,c_chris,cc,3
d009882,c_alex_chen,to,0
d009883,c_chris,to,0
d009883,c_noah,to,1
d009883,c_elena,to,2
d009883,c_marcus,cc,3
d009884,c_jamie_li,to,0
d009885,c_elena,to,0
d009885,c_taylor,to,1
d009885,c_lena,to,2
d009886,c_morgan_zhao,to,0
d009887,c_pat,to,0
d009888,c_noah,to,0
d009888,c_elena,to,1
d009888,c_taylor,to,2
d009888,c_chris,cc,3
d009889,c_marcus,to,0
d009890,c_avery,to,0
d009890,c_devon,to,1
d009891,c_jamie_lee,to,0
d009892,c_sam,to,0
d009893,c_fac_014,to,0
d009894,c_fac_024,to,0
d009895,c_fac_034,to,0
d009896,c_fac_044,to,0
d009897,c_fac_059,to,0
d009898,c_fac_069,to,0
d009899,c_fac_079,to,0
d009900,c_fac_089,to,0
d009901,c_alex_chen,to,0
d009902,c_taylor,to,0
d009903,c_chris,to,0
d009904,c_noah,to,0
d009905,c_ren,to,0
d009906,c_fac_002,to,0
d009907,c_fac_006,to,0
d009908,c_fac_008,to,0
d009909,c_fac_013,to,0
d009910,c_fac_017,to,0
d009911,c_fac_021,to,0
d009912,c_fac_023,to,0
d009913,c_fac_028,to,0
d009914,c_fac_032,to,0
d009915,c_fac_036,to,0
d009916,c_fac_038,to,0
d009917,c_fac_043,to,0
d009918,c_fac_047,to,0
d009919,c_fac_051,to,0
d009920,c_fac_053,to,0
d009921,c_fac_057,to,0
d009922,c_fac_062,to,0
d009923,c_priya,to,0
d009924,c_marcus,to,0
d009925,c_alex_chan,to,0
d009926,c_sam,to,0
d009927,c_fac_009,to,0
d009928,c_fac_019,to,0
d009929,c_fac_029,to,0
d009930,c_fac_044,to,0
d009931,c_fac_054,to,0
d009932,c_fac_064,to,0
d009933,c_fac_074,to,0
d009934,c_chris,to,0
d009934,c_noah,to,1
d009934,c_elena,to,2
d009934,c_marcus,cc,3
d009935,c_alex_chan,to,0
d009936,c_chris,to,0
d009937,c_noah,to,0
d009938,c_morgan_shaw,to,0
d009939,c_noah,to,0
d009939,c_elena,to,1
d009939,c_taylor,to,2
d009939,c_chris,cc,3
d009940,c_ren,to,0
d009941,c_fac_063,to,0
d009942,c_fac_068,to,0
d009943,c_fac_072,to,0
d009944,c_fac_076,to,0
d009945,c_fac_078,to,0
d009946,c_fac_083,to,0
d009947,c_fac_087,to,0
d009948,c_noah,to,0
d009948,c_elena,to,1
d009948,c_taylor,to,2
d009948,c_chris,cc,3
d009949,c_avery,to,0
d009949,c_devon,to,1
d009950,c_noah,to,0
d009951,c_marcus,to,0
d009952,c_alex_chen,to,0
d009953,c_jamie_li,to,0
d009954,c_morgan_shaw,to,0
d009955,c_morgan_zhao,to,0
d009956,c_pat,to,0
d009957,c_morgan_zhao,to,0
d009958,c_fac_010,to,0
d009959,c_fac_020,to,0
d009960,c_fac_030,to,0
d009961,c_fac_040,to,0
d009962,c_fac_055,to,0
d009963,c_fac_065,to,0
d009964,c_fac_075,to,0
d009965,c_fac_085,to,0
d009966,c_fac_003,to,0
d009967,c_noah,to,0
d009968,c_fac_007,to,0
d009969,c_fac_009,to,0
d009970,c_fac_013,to,0
d009971,c_fac_018,to,0
d009972,c_fac_022,to,0
d009973,c_fac_024,to,0
d009974,c_fac_028,to,0
d009975,c_fac_033,to,0
d009976,c_fac_037,to,0
d009977,c_fac_039,to,0
d009978,c_fac_043,to,0
d009979,c_fac_048,to,0
d009980,c_fac_052,to,0
d009981,c_fac_053,to,0
d009982,c_fac_057,to,0
d009983,c_fac_062,to,0
d009984,c_fac_064,to,0
d009985,c_fac_068,to,0
d009986,c_noah,to,0
d009986,c_elena,to,1
d009986,c_taylor,to,2
d009986,c_chris,cc,3
d009987,c_noah,to,0
d009987,c_taylor,to,1
d009987,c_chris,cc,2
d009988,c_marcus,to,0
d009989,c_alex_chen,to,0
d009990,c_jamie_li,to,0
d009991,c_morgan_zhao,to,0
d009992,c_lee,to,0
d009993,c_morgan_zhao,to,0
d009994,c_hana,to,0
d009995,c_fac_015,to,0
d009996,c_noah,to,0
d009997,c_fac_025,to,0
d009998,c_fac_035,to,0
d009999,c_fac_045,to,0
d010000,c_fac_055,to,0
d010001,c_fac_065,to,0
d010002,c_fac_075,to,0
d010003,c_fac_072,to,0
d010004,c_fac_074,to,0
d010005,c_fac_078,to,0
d010006,c_fac_082,to,0
d010007,c_fac_087,to,0
d010008,c_fac_089,to,0
d010009,c_lena,to,0
d010010,c_alex_chen,to,0
d010011,c_jamie_lee,to,0
d010012,c_morgan_shaw,to,0
d010013,c_morgan_zhao,to,0
d010014,c_pat,to,0
d010015,c_priya,to,0
d010016,c_alex_chan,to,0
d010016,c_alex_chen,to,1
d010017,c_jamie_lee,to,0
d010017,c_jamie_li,to,1
d010018,c_fac_001,to,0
d010019,c_fac_006,to,0
d010020,c_fac_021,to,0
d010021,c_fac_031,to,0
d010022,c_fac_041,to,0
d010023,c_fac_051,to,0
d010024,c_fac_066,to,0
d010025,c_fac_076,to,0
d010026,c_fac_086,to,0
d010027,c_lena,to,0
d010028,c_chris,to,0
d010028,c_noah,to,1
d010028,c_elena,to,2
d010028,c_marcus,cc,3
d010029,c_jamie_lee,to,0
d010030,c_morgan_shaw,to,0
d010031,c_morgan_zhao,to,0
d010032,c_ren,to,0
d010033,c_lee,to,0
d010034,c_ren,to,0
d010035,c_fac_003,to,0
d010036,c_fac_008,to,0
d010037,c_fac_010,to,0
d010038,c_fac_014,to,0
d010039,c_fac_018,to,0
d010040,c_fac_023,to,0
d010041,c_fac_025,to,0
d010042,c_fac_029,to,0
d010043,c_fac_033,to,0
d010044,c_fac_038,to,0
d010045,c_fac_040,to,0
d010046,c_fac_043,to,0
d010047,c_fac_045,to,0
d010048,c_fac_050,to,0
d010049,c_fac_054,to,0
d010050,c_fac_058,to,0
d010051,c_fac_060,to,0
d010052,c_quinn,to,0
d010053,c_noah,to,0
d010053,c_elena,to,1
d010053,c_taylor,to,2
d010053,c_chris,cc,3
d010053,c_lena,bcc,4
d010054,c_morgan_shaw,to,0
d010054,c_morgan_zhao,to,1
d010055,c_noah,to,0
d010056,c_fac_016,to,0
d010057,c_fac_026,to,0
d010058,c_fac_036,to,0
d010059,c_fac_046,to,0
d010060,c_fac_061,to,0
d010061,c_fac_071,to,0
d010062,c_fac_081,to,0
d010063,c_taylor,to,0
d010064,c_alex_chen,to,0
d010065,c_elena,to,0
d010065,c_taylor,to,1
d010065,c_lena,to,2
d010066,c_morgan_shaw,to,0
d010067,c_lee,to,0
d010068,c_ren,to,0
d010069,c_fac_063,to,0
d010070,c_fac_065,to,0
d010071,c_fac_069,to,0
d010072,c_fac_073,to,0
d010073,c_fac_078,to,0
d010074,c_fac_080,to,0
d010075,c_fac_084,to,0
d010076,c_fac_088,to,0
d010077,c_avery,to,0
d010077,c_devon,to,1
d010078,c_elena,to,0
d010079,c_noah,to,0
d010080,c_avery,to,0
d010080,c_devon,to,1
d010081,c_alex_chen,to,0
d010082,c_alex_chan,to,0
d010083,c_jamie_li,to,0
d010084,c_morgan_shaw,to,0
d010085,c_pat,to,0
d010086,c_ren,to,0
d010087,c_fac_007,to,0
d010088,c_fac_017,to,0
d010089,c_fac_032,to,0
d010090,c_fac_042,to,0
d010091,c_fac_052,to,0
d010092,c_fac_062,to,0
d010093,c_fac_077,to,0
d010094,c_fac_087,to,0
d010095,c_sam,to,0
d010096,c_fac_001,to,0
d010097,c_noah,to,0
d010098,c_fac_005,to,0
d010099,c_fac_009,to,0
d010100,c_fac_011,to,0
d010101,c_fac_016,to,0
d010102,c_fac_020,to,0
d010103,c_fac_024,to,0
d010104,c_fac_026,to,0
d010105,c_fac_031,to,0
d010106,c_fac_035,to,0
d010107,c_fac_039,to,0
d010108,c_fac_041,to,0
d010109,c_fac_046,to,0
d010110,c_fac_050,to,0
d010111,c_fac_051,to,0
d010112,c_fac_055,to,0
d010113,c_fac_060,to,0
d010114,c_fac_064,to,0
d010115,c_fac_066,to,0
d010116,c_noah,to,0
d010116,c_elena,to,1
d010116,c_taylor,to,2
d010116,c_chris,cc,3
d010117,c_marcus,to,0
d010118,c_quinn,to,0
d010119,c_alex_chan,to,0
d010120,c_jamie_lee,to,0
d010121,c_alex_chan,to,0
d010122,c_morgan_zhao,to,0
d010123,c_morgan_shaw,to,0
d010124,c_ren,to,0
d010125,c_fac_007,to,0
d010126,c_elena,to,0
d010127,c_noah,to,0
d010128,c_fac_027,to,0
d010129,c_noah,to,0
d010129,c_elena,to,1
d010129,c_taylor,to,2
d010129,c_chris,cc,3
d010130,c_fac_047,to,0
d010131,c_fac_057,to,0
d010132,c_fac_067,to,0
d010133,c_fac_077,to,0
d010134,c_fac_070,to,0
d010135,c_fac_074,to,0
d010136,c_fac_076,to,0
d010137,c_fac_080,to,0
d010138,c_fac_085,to,0
d010139,c_fac_089,to,0
d010140,c_lena,to,0
d010141,c_alex_chen,to,0
d010142,c_jamie_li,to,0
d010143,c_elena,to,0
d010143,c_taylor,to,1
d010143,c_lena,to,2
d010144,c_morgan_zhao,to,0
d010145,c_pat,to,0
d010146,c_priya,to,0
d010147,c_hana,to,0
d010148,c_marcus,to,0
d010149,c_jamie_li,to,0
d010150,c_fac_003,to,0
d010151,c_fac_013,to,0
d010152,c_fac_023,to,0
d010153,c_fac_033,to,0
d010154,c_fac_048,to,0
d010155,c_fac_058,to,0
d010156,c_fac_068,to,0
d010157,c_fac_078,to,0
d010158,c_noah,to,0
d010158,c_elena,to,1
d010158,c_taylor,to,2
d010158,c_chris,cc,3
d010159,c_alex_chan,to,0
d010160,c_chris,to,0
d010160,c_noah,to,1
d010160,c_elena,to,2
d010160,c_marcus,cc,3
d010161,c_jamie_li,to,0
d010162,c_noah,to,0
d010163,c_lee,to,0
d010164,c_ren,to,0
d010165,c_fac_001,to,0
d010166,c_fac_006,to,0
d010167,c_fac_010,to,0
d010168,c_fac_012,to,0
d010169,c_fac_016,to,0
d010170,c_fac_020,to,0
d010171,c_fac_025,to,0
d010172,c_fac_030,to,0
d010173,c_fac_032,to,0
d010174,c_fac_036,to,0
d010175,c_fac_041,to,0
d010176,c_noah,to,0
d010176,c_elena,to,1
d010176,c_taylor,to,2
d010176,c_chris,cc,3
d010177,c_fac_046,to,0
d010178,c_fac_050,to,0
d010179,c_fac_055,to,0
d010180,c_fac_057,to,0
d010181,c_fac_061,to,0
d010182,c_noah,to,0
d010182,c_elena,to,1
d010182,c_taylor,to,2
d010182,c_chris,cc,3
d010183,c_hana,to,0
d010184,c_marcus,to,0
d010185,c_jamie_li,to,0
d010186,c_morgan_zhao,to,0
d010187,c_fac_013,to,0
d010188,c_fac_023,to,0
d010189,c_fac_033,to,0
d010190,c_fac_043,to,0
d010191,c_fac_058,to,0
d010192,c_fac_068,to,0
d010193,c_chris,to,0
d010193,c_noah,to,1
d010193,c_elena,to,2
d010193,c_marcus,cc,3
d010194,c_alex_chan,to,0
d010195,c_elena,to,0
d010195,c_taylor,to,1
d010195,c_lena,to,2
d010196,c_jamie_li,to,0
d010197,c_morgan_zhao,to,0
d010198,c_pat,to,0
d010199,c_fac_078,to,0
d010200,c_fac_088,to,0
d010201,c_fac_066,to,0
d010202,c_fac_070,to,0
d010203,c_fac_075,to,0
d010204,c_fac_077,to,0
d010205,c_fac_081,to,0
d010206,c_fac_085,to,0
d010207,c_noah,to,0
d010207,c_elena,to,1
d010207,c_taylor,to,2
d010207,c_chris,cc,3
d010208,c_alex_chen,to,0
d010209,c_chris,to,0
d010209,c_noah,to,1
d010209,c_elena,to,2
d010209,c_marcus,cc,3
d010210,c_jamie_li,to,0
d010211,c_elena,to,0
d010211,c_taylor,to,1
d010211,c_lena,to,2
d010212,c_morgan_zhao,to,0
d010213,c_pat,to,0
d010214,c_noah,to,0
d010214,c_elena,to,1
d010214,c_taylor,to,2
d010214,c_chris,cc,3
d010215,c_marcus,to,0
d010216,c_avery,to,0
d010216,c_devon,to,1
d010217,c_jamie_lee,to,0
d010218,c_sam,to,0
d010219,c_fac_009,to,0
d010220,c_fac_024,to,0
d010221,c_fac_034,to,0
d010222,c_fac_044,to,0
d010223,c_fac_054,to,0
d010224,c_fac_069,to,0
d010225,c_fac_079,to,0
d010226,c_fac_089,to,0
d010227,c_alex_chen,to,0
d010228,c_taylor,to,0
d010229,c_morgan_shaw,to,0
d010230,c_elena,to,0
d010230,c_taylor,to,1
d010230,c_lena,to,2
d010231,c_morgan_zhao,to,0
d010232,c_ren,to,0
d010233,c_fac_002,to,0
d010234,c_fac_006,to,0
d010235,c_fac_008,to,0
d010236,c_fac_013,to,0
d010237,c_fac_017,to,0
d010238,c_fac_021,to,0
d010239,c_fac_023,to,0
d010240,c_fac_028,to,0
d010241,c_fac_032,to,0
d010242,c_fac_036,to,0
d010243,c_fac_038,to,0
d010244,c_fac_043,to,0
d010245,c_fac_046,to,0
d010246,c_fac_048,to,0
d010247,c_fac_052,to,0
d010248,c_fac_057,to,0
d010249,c_fac_061,to,0
d010250,c_noah,to,0
d010250,c_elena,to,1
d010250,c_taylor,to,2
d010250,c_chris,cc,3
d010251,c_maya,to,0
d010252,c_avery,to,0
d010252,c_devon,to,1
d010253,c_jamie_lee,to,0
d010254,c_sam,to,0
d010255,c_fac_009,to,0
d010256,c_fac_024,to,0
d010257,c_fac_034,to,0
d010258,c_fac_044,to,0
d010259,c_fac_054,to,0
d010260,c_fac_069,to,0
d010261,c_fac_079,to,0
d010262,c_chris,to,0
d010262,c_noah,to,1
d010262,c_elena,to,2
d010262,c_marcus,cc,3
d010263,c_alex_chan,to,0
d010264,c_elena,to,0
d010264,c_taylor,to,1
d010264,c_lena,to,2
d010265,c_jamie_lee,to,0
d010266,c_morgan_shaw,to,0
d010267,c_lee,to,0
d010268,c_pat,to,0
d010269,c_fac_063,to,0
d010270,c_fac_067,to,0
d010271,c_fac_071,to,0
d010272,c_fac_073,to,0
d010273,c_fac_078,to,0
d010274,c_fac_082,to,0
d010275,c_fac_086,to,0
d010276,c_fac_088,to,0
d010277,c_avery,to,0
d010277,c_devon,to,1
d010278,c_elena,to,0
d010279,c_quinn,to,0
d010280,c_alex_chan,to,0
d010281,c_jamie_lee,to,0
d010282,c_noah,to,0
d010282,c_taylor,to,1
d010282,c_chris,cc,2
d010283,c_morgan_shaw,to,0
d010284,c_morgan_zhao,to,0
d010285,c_ren,to,0
d010286,c_hana,to,0
d010287,c_fac_010,to,0
d010288,c_fac_020,to,0
d010289,c_fac_035,to,0
d010290,c_fac_045,to,0
d010291,c_fac_055,to,0
d010292,c_fac_065,to,0
d010293,c_fac_080,to,0
d010294,c_noah,to,0
d010294,c_elena,to,1
d010294,c_taylor,to,2
d010294,c_chris,cc,3
d010295,c_fac_002,to,0
d010296,c_elena,to,0
d010297,c_fac_007,to,0
d010298,c_fac_009,to,0
d010299,c_fac_013,to,0
d010300,c_fac_017,to,0
d010301,c_fac_022,to,0
d010302,c_fac_024,to,0
d010303,c_fac_028,to,0
d010304,c_fac_032,to,0
d010305,c_fac_038,to,0
d010306,c_fac_042,to,0
d010307,c_fac_044,to,0
d010308,c_fac_048,to,0
d010309,c_noah,to,0
d010309,c_elena,to,1
d010309,c_taylor,to,2
d010309,c_chris,cc,3
d010310,c_fac_054,to,0
d010311,c_fac_058,to,0
d010312,c_fac_062,to,0
d010313,c_fac_067,to,0
d010314,c_fac_069,to,0
d010315,c_priya,to,0
d010315,c_quinn,cc,1
d010316,c_hana,to,0
d010317,c_quinn,to,0
d010318,c_alex_chen,to,0
d010319,c_jamie_li,to,0
d010320,c_alex_chen,to,0
d010321,c_jamie_li,to,0
d010322,c_morgan_zhao,to,0
d010323,c_hana,to,0
d010324,c_fac_010,to,0
d010325,c_elena,to,0
d010326,c_fac_025,to,0
d010327,c_fac_035,to,0
d010328,c_fac_040,to,0
d010329,c_fac_050,to,0
d010330,c_fac_065,to,0
d010331,c_fac_075,to,0
d010332,c_fac_085,to,0
d010333,c_fac_073,to,0
d010334,c_fac_078,to,0
d010335,c_fac_082,to,0
d010336,c_fac_084,to,0
d010337,c_fac_088,to,0
d010338,c_lena,to,0
d010339,c_alex_chen,to,0
d010340,c_taylor,to,0
d010341,c_jamie_li,to,0
d010342,c_morgan_zhao,to,0
d010343,c_pat,to,0
d010344,c_noah,to,0
d010344,c_elena,to,1
d010344,c_taylor,to,2
d010344,c_chris,cc,3
d010345,c_alex_chan,to,0
d010345,c_alex_chen,to,1
d010346,c_morgan_shaw,to,0
d010346,c_morgan_zhao,to,1
d010347,c_noah,to,0
d010348,c_fac_011,to,0
d010349,c_fac_021,to,0
d010350,c_fac_036,to,0
d010351,c_fac_046,to,0
d010352,c_fac_056,to,0
d010353,c_fac_066,to,0
d010354,c_fac_081,to,0
d010355,c_noah,to,0
d010355,c_elena,to,1
d010355,c_taylor,to,2
d010355,c_chris,cc,3
d010356,c_alex_chan,to,0
d010357,c_chris,to,0
d010357,c_noah,to,1
d010357,c_elena,to,2
d010357,c_marcus,cc,3
d010358,c_jamie_li,to,0
d010359,c_elena,to,0
d010359,c_taylor,to,1
d010359,c_lena,to,2
d010360,c_lee,to,0
d010361,c_ren,to,0
d010362,c_pat,to,0
d010363,c_hana,to,0
d010364,c_fac_004,to,0
d010365,c_fac_008,to,0
d010366,c_fac_010,to,0
d010367,c_fac_015,to,0
d010368,c_fac_019,to,0
d010369,c_fac_023,to,0
d010370,c_fac_025,to,0
d010371,c_fac_030,to,0
d010372,c_fac_034,to,0
d010373,c_fac_038,to,0
d010374,c_fac_040,to,0
d010375,c_fac_044,to,0
d010376,c_fac_048,to,0
d010377,c_fac_050,to,0
d010378,c_fac_054,to,0
d010379,c_fac_059,to,0
d010380,c_priya,to,0
d010381,c_alex_chan,to,0
d010381,c_alex_chen,to,1
d010382,c_jamie_lee,to,0
d010382,c_jamie_li,to,1
d010383,c_noah,to,0
d010384,c_fac_011,to,0
d010385,c_fac_021,to,0
d010386,c_fac_031,to,0
d010387,c_fac_046,to,0
d010388,c_fac_056,to,0
d010389,c_fac_066,to,0
d010390,c_fac_076,to,0
d010391,c_taylor,to,0
d010392,c_alex_chan,to,0
d010393,c_jamie_lee,to,0
d010394,c_jamie_li,to,0
d010395,c_lee,to,0
d010396,c_ren,to,0
d010397,c_fac_086,to,0
d010398,c_fac_064,to,0
d010399,c_fac_069,to,0
d010400,c_fac_073,to,0
d010401,c_fac_075,to,0
d010402,c_fac_079,to,0
d010403,c_fac_084,to,0
d010404,c_fac_088,to,0
d010405,c_noah,to,0
d010405,c_elena,to,1
d010405,c_taylor,to,2
d010405,c_chris,cc,3
d010406,c_avery,to,0
d010406,c_devon,to,1
d010407,c_chris,to,0
d010408,c_quinn,to,0
d010409,c_alex_chan,to,0
d010410,c_alex_chen,to,0
d010411,c_noah,to,0
d010411,c_taylor,to,1
d010411,c_chris,cc,2
d010412,c_jamie_lee,to,0
d010413,c_morgan_zhao,to,0
d010414,c_pat,to,0
d010415,c_ren,to,0
d010416,c_fac_012,to,0
d010417,c_fac_022,to,0
d010418,c_fac_032,to,0
d010419,c_fac_042,to,0
d010420,c_fac_057,to,0
d010421,c_fac_067,to,0
d010422,c_fac_077,to,0
d010423,c_fac_087,to,0
d010424,c_hana,to,0
d010425,c_elena,to,0
d010426,c_noah,to,0
d010427,c_fac_005,to,0
d010428,c_fac_010,to,0
d010429,c_fac_014,to,0
d010430,c_fac_016,to,0
d010431,c_fac_020,to,0
d010432,c_fac_025,to,0
d010433,c_fac_029,to,0
d010434,c_fac_031,to,0
d010435,c_fac_035,to,0
d010436,c_fac_040,to,0
d010437,c_fac_044,to,0
d010438,c_fac_046,to,0
d010439,c_fac_050,to,0
d010440,c_fac_054,to,0
d010441,c_fac_056,to,0
d010442,c_fac_060,to,0
d010443,c_fac_064,to,0
d010444,c_fac_069,to,0
d010445,c_priya,to,0
d010445,c_quinn,cc,1
d010446,c_marcus,to,0
d010447,c_quinn,to,0
d010448,c_alex_chen,to,0
d010449,c_jamie_li,to,0
d010450,c_morgan_shaw,to,0
d010451,c_morgan_zhao,to,0
d010452,c_pat,to,0
d010453,c_fac_002,to,0
d010454,c_fac_012,to,0
d010455,c_elena,to,0
d010456,c_fac_022,to,0
d010457,c_fac_032,to,0
d010458,c_fac_037,to,0
d010459,c_fac_047,to,0
d010460,c_fac_062,to,0
d010461,c_fac_072,to,0
d010462,c_fac_082,to,0
d010463,c_fac_070,to,0
d010464,c_fac_074,to,0
d010465,c_fac_079,to,0
d010466,c_fac_081,to,0
d010467,c_fac_085,to,0
d010468,c_fac_089,to,0
d010469,c_alex_chan,to,0
d010470,c_chris,to,0
d010470,c_noah,to,1
d010470,c_elena,to,2
d010470,c_marcus,cc,3
d010471,c_jamie_li,to,0
d010472,c_elena,to,0
d010472,c_taylor,to,1
d010472,c_lena,to,2
d010473,c_lee,to,0
d010474,c_ren,to,0
d010475,c_priya,to,0
d010476,c_hana,to,0
d010477,c_alex_chen,to,0
d010478,c_noah,to,0
d010479,c_fac_003,to,0
d010480,c_fac_013,to,0
d010481,c_fac_028,to,0
d010482,c_fac_038,to,0
d010483,c_fac_048,to,0
d010484,c_fac_058,to,0
d010485,c_fac_073,to,0
d010486,c_fac_083,to,0
d010487,c_noah,to,0
d010487,c_elena,to,1
d010487,c_taylor,to,2
d010487,c_chris,cc,3
d010488,c_alex_chan,to,0
d010489,c_jamie_lee,to,0
d010490,c_morgan_shaw,to,0
d010491,c_noah,to,0
d010492,c_lee,to,0
d010493,c_hana,to,0
d010494,c_fac_002,to,0
d010495,c_fac_006,to,0
d010496,c_fac_010,to,0
d010497,c_fac_015,to,0
d010498,c_fac_017,to,0
d010499,c_fac_021,to,0
d010500,c_fac_025,to,0
d010501,c_fac_030,to,0
d010502,c_fac_032,to,0
d010503,c_fac_036,to,0
d010504,c_fac_040,to,0
d010505,c_noah,to,0
d010505,c_elena,to,1
d010505,c_taylor,to,2
d010505,c_chris,cc,3
d010506,c_fac_046,to,0
d010507,c_fac_050,to,0
d010508,c_fac_052,to,0
d010509,c_fac_057,to,0
d010510,c_fac_061,to,0
d010511,c_noah,to,0
d010511,c_elena,to,1
d010511,c_taylor,to,2
d010511,c_chris,cc,3
d010512,c_maya,to,0
d010513,c_marcus,to,0
d010514,c_noah,to,0
d010515,c_fac_003,to,0
d010516,c_fac_013,to,0
d010517,c_fac_023,to,0
d010518,c_fac_038,to,0
d010519,c_fac_048,to,0
d010520,c_fac_058,to,0
d010521,c_fac_068,to,0
d010522,c_lena,to,0
d010523,c_alex_chen,to,0
d010524,c_elena,to,0
d010524,c_taylor,to,1
d010524,c_lena,to,2
d010525,c_jamie_li,to,0
d010526,c_lee,to,0
d010527,c_ren,to,0
d010528,c_fac_078,to,0
d010529,c_fac_088,to,0
d010530,c_fac_067,to,0
d010531,c_fac_071,to,0
d010532,c_fac_075,to,0
d010533,c_fac_077,to,0
d010534,c_fac_082,to,0
d010535,c_fac_086,to,0
d010536,c_alex_chen,to,0
d010537,c_jamie_li,to,0
d010538,c_noah,to,0
d010539,c_pat,to,0
d010540,c_priya,to,0
d010541,c_marcus,to,0
d010542,c_jamie_lee,to,0
d010543,c_sam,to,0
d010544,c_fac_009,to,0
d010545,c_fac_019,to,0
d010546,c_fac_034,to,0
d010547,c_fac_044,to,0
d010548,c_fac_054,to,0
d010549,c_fac_064,to,0
d010550,c_fac_079,to,0
d010551,c_fac_089,to,0
d010552,c_alex_chen,to,0
d010553,c_chris,to,0
d010553,c_noah,to,1
d010553,c_elena,to,2
d010553,c_marcus,cc,3
d010554,c_morgan_shaw,to,0
d010555,c_elena,to,0
d010555,c_taylor,to,1
d010555,c_lena,to,2
d010556,c_morgan_zhao,to,0
d010557,c_pat,to,0
d010558,c_fac_002,to,0
d010559,c_fac_006,to,0
d010560,c_fac_008,to,0
d010561,c_fac_012,to,0
d010562,c_fac_017,to,0
d010563,c_fac_021,to,0
d010564,c_fac_023,to,0
d010565,c_fac_027,to,0
d010566,c_fac_031,to,0
d010567,c_fac_036,to,0
d010568,c_fac_038,to,0
d010569,c_fac_042,to,0
d010570,c_noah,to,0
d010570,c_elena,to,1
d010570,c_taylor,to,2
d010570,c_chris,cc,3
d010571,c_fac_048,to,0
d010572,c_fac_052,to,0
d010573,c_fac_056,to,0
d010574,c_fac_058,to,0
d010575,c_noah,to,0
d010575,c_elena,to,1
d010575,c_taylor,to,2
d010575,c_chris,cc,3
d010576,c_maya,to,0
d010577,c_noah,to,0
d010577,c_elena,to,1
d010577,c_taylor,to,2
d010577,c_chris,cc,3
d010577,c_lena,bcc,4
d010578,c_alex_chan,to,0
d010579,c_sam,to,0
d010580,c_fac_009,to,0
d010581,c_fac_019,to,0
d010582,c_fac_029,to,0
d010583,c_fac_044,to,0
d010584,c_fac_054,to,0
d010585,c_fac_064,to,0
d010586,c_fac_074,to,0
d010587,c_chris,to,0
d010587,c_noah,to,1
d010587,c_elena,to,2
d010587,c_marcus,cc,3
d010588,c_alex_chan,to,0
d010589,c_chris,to,0
d010590,c_noah,to,0
d010591,c_morgan_shaw,to,0
d010592,c_lee,to,0
d010593,c_pat,to,0
d010594,c_fac_089,to,0
d010595,c_fac_067,to,0
d010596,c_fac_071,to,0
d010597,c_fac_073,to,0
d010598,c_fac_077,to,0
d010599,c_fac_082,to,0
d010600,c_fac_086,to,0
d010601,c_fac_088,to,0
d010602,c_priya,to,0
d010602,c_quinn,cc,1
d010603,c_elena,to,0
d010604,c_quinn,to,0
d010605,c_alex_chan,to,0
d010606,c_alex_chen,to,0
d010607,c_noah,to,0
d010607,c_taylor,to,1
d010607,c_chris,cc,2
d010608,c_morgan_shaw,to,0
d010609,c_morgan_zhao,to,0
d010610,c_pat,to,0
d010611,c_hana,to,0
d010612,c_fac_010,to,0
d010613,c_fac_020,to,0
d010614,c_fac_030,to,0
d010615,c_fac_040,to,0
d010616,c_fac_055,to,0
d010617,c_fac_065,to,0
d010618,c_fac_075,to,0
d010619,c_fac_085,to,0
d010620,c_fac_002,to,0
d010621,c_elena,to,0
d010622,c_fac_004,to,0
d010623,c_fac_008,to,0
d010624,c_fac_013,to,0
d010625,c_fac_017,to,0
d010626,c_fac_019,to,0
d010627,c_fac_023,to,0
d010628,c_fac_028,to,0
d010629,c_fac_032,to,0
d010630,c_fac_034,to,0
d010631,c_fac_038,to,0
d010632,c_fac_043,to,0
d010633,c_fac_047,to,0
d010634,c_fac_049,to,0
d010635,c_noah,to,0
d010635,c_elena,to,1
d010635,c_taylor,to,2
d010635,c_chris,cc,3
d010636,c_fac_057,to,0
d010637,c_fac_059,to,0
d010638,c_fac_063,to,0
d010639,c_fac_067,to,0
d010640,c_noah,to,0
d010640,c_elena,to,1
d010640,c_taylor,to,2
d010640,c_chris,cc,3
d010641,c_avery,to,0
d010641,c_devon,to,1
d010642,c_noah,to,0
d010642,c_taylor,to,1
d010642,c_chris,cc,2
d010643,c_marcus,to,0
d010644,c_jamie_lee,to,0
d010645,c_morgan_shaw,to,0
d010646,c_morgan_zhao,to,0
d010647,c_lee,to,0
d010648,c_ren,to,0
d010649,c_fac_005,to,0
d010650,c_fac_015,to,0
d010651,c_noah,to,0
d010652,c_fac_030,to,0
d010653,c_noah,to,0
d010653,c_elena,to,1
d010653,c_taylor,to,2
d010653,c_chris,cc,3
d010654,c_fac_045,to,0
d010655,c_fac_055,to,0
d010656,c_fac_070,to,0
d010657,c_fac_080,to,0
d010658,c_fac_072,to,0
d010659,c_fac_074,to,0
d010660,c_fac_079,to,0
d010661,c_fac_083,to,0
d010662,c_fac_087,to,0
d010663,c_fac_089,to,0
d010664,c_lena,to,0
d010665,c_chris,to,0
d010665,c_noah,to,1
d010665,c_elena,to,2
d010665,c_marcus,cc,3
d010666,c_jamie_lee,to,0
d010667,c_morgan_shaw,to,0
d010668,c_morgan_zhao,to,0
d010669,c_ren,to,0
d010670,c_priya,to,0
d010671,c_alex_chan,to,0
d010671,c_alex_chen,to,1
d010672,c_jamie_lee,to,0
d010672,c_jamie_li,to,1
d010673,c_noah,to,0
d010674,c_fac_011,to,0
d010675,c_fac_021,to,0
d010676,c_fac_031,to,0
d010677,c_fac_046,to,0
d010678,c_fac_056,to,0
d010679,c_fac_066,to,0
d010680,c_fac_076,to,0
d010681,c_noah,to,0
d010681,c_elena,to,1
d010681,c_taylor,to,2
d010681,c_chris,cc,3
d010682,c_alex_chan,to,0
d010683,c_chris,to,0
d010683,c_noah,to,1
d010683,c_elena,to,2
d010683,c_marcus,cc,3
d010684,c_jamie_lee,to,0
d010685,c_elena,to,0
d010685,c_taylor,to,1
d010685,c_lena,to,2
d010686,c_lee,to,0
d010687,c_ren,to,0
d010688,c_lee,to,0
d010689,c_hana,to,0
d010690,c_fac_004,to,0
d010691,c_fac_008,to,0
d010692,c_fac_010,to,0
d010693,c_fac_015,to,0
d010694,c_fac_019,to,0
d010695,c_fac_023,to,0
d010696,c_fac_025,to,0
d010697,c_fac_030,to,0
d010698,c_fac_034,to,0
d010699,c_fac_038,to,0
d010700,c_fac_040,to,0
d010701,c_fac_045,to,0
d010702,c_fac_049,to,0
d010703,c_fac_053,to,0
d010704,c_fac_055,to,0
d010705,c_fac_060,to,0
d010706,c_priya,to,0
d010707,c_noah,to,0
d010707,c_elena,to,1
d010707,c_taylor,to,2
d010707,c_chris,cc,3
d010707,c_lena,bcc,4
d010708,c_morgan_shaw,to,0
d010708,c_morgan_zhao,to,1
d010709,c_fac_006,to,0
d010710,c_fac_016,to,0
d010711,c_fac_026,to,0
d010712,c_fac_036,to,0
d010713,c_fac_046,to,0
d010714,c_fac_061,to,0
d010715,c_fac_071,to,0
d010716,c_fac_081,to,0
d010717,c_taylor,to,0
d010718,c_alex_chen,to,0
d010719,c_elena,to,0
d010719,c_taylor,to,1
d010719,c_lena,to,2
d010720,c_morgan_shaw,to,0
d010721,c_lee,to,0
d010722,c_noah,to,0
d010722,c_elena,to,1
d010722,c_taylor,to,2
d010722,c_chris,cc,3
d010723,c_fac_063,to,0
d010724,c_fac_065,to,0
d010725,c_fac_069,to,0
d010726,c_fac_074,to,0
d010727,c_fac_078,to,0
d010728,c_fac_080,to,0
d010729,c_fac_084,to,0
d010730,c_fac_089,to,0
d010731,c_priya,to,0
d010731,c_quinn,cc,1
d010732,c_marcus,to,0
d010733,c_chris,to,0
d010734,c_avery,to,0
d010734,c_devon,to,1
d010735,c_noah,to,0
d010735,c_elena,to,1
d010735,c_taylor,to,2
d010735,c_chris,cc,3
d010736,c_jamie_lee,to,0
d010737,c_noah,to,0
d010737,c_taylor,to,1
d010737,c_chris,cc,2
d010738,c_morgan_shaw,to,0
d010739,c_lee,to,0
d010740,c_morgan_shaw,to,0
d010741,c_fac_002,to,0
d010742,c_fac_017,to,0
d010743,c_fac_027,to,0
d010744,c_fac_037,to,0
d010745,c_fac_047,to,0
d010746,c_fac_062,to,0
d010747,c_fac_072,to,0
d010748,c_fac_082,to,0
d010749,c_noah,to,0
d010749,c_elena,to,1
d010749,c_taylor,to,2
d010749,c_chris,cc,3
d010750,c_fac_001,to,0
d010751,c_chris,to,0
d010752,c_fac_004,to,0
d010753,c_fac_006,to,0
d010754,c_fac_011,to,0
d010755,c_fac_015,to,0
d010756,c_fac_019,to,0
d010757,c_fac_021,to,0
d010758,c_fac_026,to,0
d010759,c_fac_030,to,0
d010760,c_fac_034,to,0
d010761,c_fac_036,to,0
d010762,c_fac_040,to,0
d010763,c_fac_046,to,0
d010764,c_fac_050,to,0
d010765,c_fac_051,to,0
d010766,c_fac_055,to,0
d010767,c_fac_060,to,0
d010768,c_fac_064,to,0
d010769,c_fac_066,to,0
d010770,c_noah,to,0
d010770,c_elena,to,1
d010770,c_taylor,to,2
d010770,c_chris,cc,3
d010771,c_marcus,to,0
d010772,c_quinn,to,0
d010773,c_alex_chan,to,0
d010774,c_jamie_lee,to,0
d010775,c_morgan_shaw,to,0
d010776,c_morgan_zhao,to,0
d010777,c_morgan_shaw,to,0
d010778,c_ren,to,0
d010779,c_fac_012,to,0
d010780,c_elena,to,0
d010781,c_noah,to,0
d010782,c_fac_027,to,0
d010783,c_fac_037,to,0
d010784,c_fac_047,to,0
d010785,c_fac_057,to,0
d010786,c_fac_067,to,0
d010787,c_fac_082,to,0
d010788,c_fac_070,to,0
d010789,c_fac_074,to,0
d010790,c_fac_076,to,0
d010791,c_fac_081,to,0
d010792,c_fac_085,to,0
d010793,c_fac_089,to,0
d010794,c_lena,to,0
d010795,c_chris,to,0
d010795,c_noah,to,1
d010795,c_elena,to,2
d010795,c_marcus,cc,3
d010796,c_jamie_li,to,0
d010797,c_elena,to,0
d010797,c_taylor,to,1
d010797,c_lena,to,2
d010798,c_morgan_zhao,to,0
d010799,c_ren,to,0
d010800,c_priya,to,0
d010801,c_hana,to,0
d010802,c_marcus,to,0
d010803,c_noah,to,0
d010804,c_fac_003,to,0
d010805,c_fac_013,to,0
d010806,c_fac_023,to,0
d010807,c_fac_038,to,0
d010808,c_fac_048,to,0
d010809,c_fac_058,to,0
d010810,c_fac_068,to,0
d010811,c_fac_078,to,0
d010812,c_noah,to,0
d010812,c_elena,to,1
d010812,c_taylor,to,2
d010812,c_chris,cc,3
d010813,c_alex_chan,to,0
d010814,c_chris,to,0
d010814,c_noah,to,1
d010814,c_elena,to,2
d010814,c_marcus,cc,3
d010815,c_jamie_li,to,0
d010816,c_noah,to,0
d010817,c_lee,to,0
d010818,c_ren,to,0
d010819,c_fac_001,to,0
d010820,c_fac_006,to,0
d010821,c_fac_010,to,0
d010822,c_fac_012,to,0
d010823,c_fac_016,to,0
d010824,c_fac_021,to,0
d010825,c_fac_025,to,0
d010826,c_fac_027,to,0
d010827,c_fac_031,to,0
d010828,c_fac_036,to,0
d010829,c_fac_040,to,0
d010830,c_fac_042,to,0
d010831,c_fac_045,to,0
d010832,c_fac_050,to,0
d010833,c_fac_052,to,0
d010834,c_fac_056,to,0
d010835,c_fac_060,to,0
d010836,c_noah,to,0
d010836,c_elena,to,1
d010836,c_taylor,to,2
d010836,c_chris,cc,3
d010837,c_maya,to,0
d010838,c_marcus,to,0
d010839,c_jamie_li,to,0
d010840,c_fac_003,to,0
d010841,c_fac_013,to,0
d010842,c_fac_023,to,0
d010843,c_fac_033,to,0
d010844,c_fac_048,to,0
d010845,c_fac_058,to,0
d010846,c_fac_068,to,0
d010847,c_chris,to,0
d010847,c_noah,to,1
d010847,c_elena,to,2
d010847,c_marcus,cc,3
d010848,c_alex_chen,to,0
d010849,c_elena,to,0
d010849,c_taylor,to,1
d010849,c_lena,to,2
d010850,c_jamie_li,to,0
d010851,c_morgan_zhao,to,0
d010852,c_ren,to,0
d010853,c_fac_078,to,0
d010854,c_fac_088,to,0
d010855,c_fac_066,to,0
d010856,c_fac_071,to,0
d010857,c_fac_075,to,0
d010858,c_fac_077,to,0
d010859,c_fac_081,to,0
d010860,c_fac_085,to,0
d010861,c_noah,to,0
d010861,c_elena,to,1
d010861,c_taylor,to,2
d010861,c_chris,cc,3
d010862,c_alex_chen,to,0
d010863,c_chris,to,0
d010863,c_noah,to,1
d010863,c_elena,to,2
d010863,c_marcus,cc,3
d010864,c_jamie_li,to,0
d010865,c_elena,to,0
d010865,c_taylor,to,1
d010865,c_lena,to,2
d010866,c_morgan_zhao,to,0
d010867,c_pat,to,0
d010868,c_noah,to,0
d010868,c_elena,to,1
d010868,c_taylor,to,2
d010868,c_chris,cc,3
d010869,c_marcus,to,0
d010870,c_avery,to,0
d010870,c_devon,to,1
d010871,c_jamie_lee,to,0
d010872,c_sam,to,0
d010873,c_fac_014,to,0
d010874,c_fac_024,to,0
d010875,c_fac_034,to,0
d010876,c_fac_044,to,0
d010877,c_fac_059,to,0
d010878,c_fac_069,to,0
d010879,c_fac_079,to,0
d010880,c_fac_089,to,0
d010881,c_alex_chen,to,0
d010882,c_chris,to,0
d010882,c_noah,to,1
d010882,c_elena,to,2
d010882,c_marcus,cc,3
d010883,c_jamie_li,to,0
d010884,c_chris,to,0
d010885,c_morgan_zhao,to,0
d010886,c_pat,to,0
d010887,c_fac_001,to,0
d010888,c_fac_003,to,0
d010889,c_fac_008,to,0
d010890,c_fac_012,to,0
d010891,c_fac_016,to,0
d010892,c_fac_018,to,0
d010893,c_fac_023,to,0
d010894,c_fac_027,to,0
d010895,c_fac_031,to,0
d010896,c_fac_033,to,0
d010897,c_fac_038,to,0
d010898,c_fac_042,to,0
d010899,c_noah,to,0
d010899,c_elena,to,1
d010899,c_taylor,to,2
d010899,c_chris,cc,3
d010900,c_fac_047,to,0
d010901,c_fac_053,to,0
d010902,c_fac_057,to,0
d010903,c_fac_061,to,0
d010904,c_noah,to,0
d010904,c_elena,to,1
d010904,c_taylor,to,2
d010904,c_chris,cc,3
d010905,c_marcus,to,0
d010906,c_avery,to,0
d010906,c_devon,to,1
d010907,c_jamie_lee,to,0
d010908,c_sam,to,0
d010909,c_fac_009,to,0
d010910,c_fac_024,to,0
d010911,c_fac_034,to,0
d010912,c_fac_044,to,0
d010913,c_fac_054,to,0
d010914,c_fac_069,to,0
d010915,c_fac_079,to,0
d010916,c_chris,to,0
d010916,c_noah,to,1
d010916,c_elena,to,2
d010916,c_marcus,cc,3
d010917,c_alex_chan,to,0
d010918,c_elena,to,0
d010918,c_taylor,to,1
d010918,c_lena,to,2
d010919,c_jamie_lee,to,0
d010920,c_morgan_shaw,to,0
d010921,c_lee,to,0
d010922,c_ren,to,0
d010923,c_fac_063,to,0
d010924,c_fac_067,to,0
d010925,c_fac_071,to,0
d010926,c_fac_076,to,0
d010927,c_fac_078,to,0
d010928,c_fac_082,to,0
d010929,c_fac_086,to,0
d010930,c_noah,to,0
d010930,c_elena,to,1
d010930,c_taylor,to,2
d010930,c_chris,cc,3
d010931,c_avery,to,0
d010931,c_devon,to,1
d010932,c_elena,to,0
d010933,c_quinn,to,0
d010934,c_noah,to,0
d010934,c_elena,to,1
d010934,c_taylor,to,2
d010934,c_chris,cc,3
d010935,c_jamie_lee,to,0
d010936,c_noah,to,0
d010936,c_taylor,to,1
d010936,c_chris,cc,2
d010937,c_morgan_shaw,to,0
d010938,c_lee,to,0
d010939,c_ren,to,0
d010940,c_hana,to,0
d010941,c_fac_010,to,0
d010942,c_fac_025,to,0
d010943,c_fac_035,to,0
d010944,c_fac_045,to,0
d010945,c_fac_055,to,0
d010946,c_fac_070,to,0
d010947,c_fac_080,to,0
d010948,c_noah,to,0
d010948,c_elena,to,1
d010948,c_taylor,to,2
d010948,c_chris,cc,3
d010949,c_fac_002,to,0
d010950,c_noah,to,0
d010951,c_fac_007,to,0
d010952,c_fac_009,to,0
d010953,c_fac_013,to,0
d010954,c_fac_018,to,0
d010955,c_fac_022,to,0
d010956,c_fac_024,to,0
d010957,c_fac_028,to,0
d010958,c_fac_033,to,0
d010959,c_fac_037,to,0
d010960,c_fac_039,to,0
d010961,c_fac_043,to,0
d010962,c_fac_047,to,0
d010963,c_fac_052,to,0
d010964,c_fac_053,to,0
d010965,c_fac_057,to,0
d010966,c_fac_059,to,0
d010967,c_fac_064,to,0
d010968,c_fac_068,to,0
d010969,c_noah,to,0
d010969,c_elena,to,1
d010969,c_taylor,to,2
d010969,c_chris,cc,3
d010970,c_avery,to,0
d010970,c_devon,to,1
d010971,c_quinn,to,0
d010972,c_alex_chan,to,0
d010973,c_jamie_lee,to,0
d010974,c_morgan_shaw,to,0
d010975,c_jamie_li,to,0
d010976,c_pat,to,0
d010977,c_ren,to,0
d010978,c_fac_005,to,0
d010979,c_elena,to,0
d010980,c_fac_020,to,0
d010981,c_fac_030,to,0
d010982,c_noah,to,0
d010982,c_elena,to,1
d010982,c_taylor,to,2
d010982,c_chris,cc,3
d010983,c_fac_050,to,0
d010984,c_fac_060,to,0
d010985,c_fac_070,to,0
d010986,c_fac_080,to,0
d010987,c_fac_073,to,0
d010988,c_fac_077,to,0
d010989,c_fac_079,to,0
d010990,c_fac_083,to,0
d010991,c_fac_088,to,0
d010992,c_noah,to,0
d010992,c_elena,to,1
d010992,c_taylor,to,2
d010992,c_chris,cc,3
d010993,c_alex_chan,to,0
d010994,c_chris,to,0
d010994,c_noah,to,1
d010994,c_elena,to,2
d010994,c_marcus,cc,3
d010995,c_jamie_li,to,0
d010996,c_elena,to,0
d010996,c_taylor,to,1
d010996,c_lena,to,2
d010997,c_lee,to,0
d010998,c_ren,to,0
d010999,c_alex_chan,to,0
d010999,c_alex_chen,to,1
d011000,c_jamie_lee,to,0
d011000,c_jamie_li,to,1
d011001,c_fac_001,to,0
d011002,c_fac_006,to,0
d011003,c_fac_021,to,0
d011004,c_fac_031,to,0
d011005,c_fac_041,to,0
d011006,c_fac_051,to,0
d011007,c_fac_066,to,0
d011008,c_fac_076,to,0
d011009,c_fac_086,to,0
d011010,c_lena,to,0
d011011,c_alex_chen,to,0
d011012,c_jamie_lee,to,0
d011013,c_morgan_shaw,to,0
d011014,c_morgan_zhao,to,0
d011015,c_pat,to,0
d011016,c_lee,to,0
d011017,c_ren,to,0
d011018,c_fac_003,to,0
d011019,c_fac_005,to,0
d011020,c_fac_010,to,0
d011021,c_fac_014,to,0
d011022,c_fac_018,to,0
d011023,c_fac_020,to,0
d011024,c_fac_025,to,0
d011025,c_fac_029,to,0
d011026,c_fac_033,to,0
d011027,c_fac_035,to,0
d011028,c_fac_040,to,0
d011029,c_fac_043,to,0
d011030,c_fac_045,to,0
d011031,c_fac_049,to,0
d011032,c_fac_054,to,0
d011033,c_fac_058,to,0
d011034,c_fac_060,to,0
d011035,c_priya,to,0
d011036,c_noah,to,0
d011036,c_elena,to,1
d011036,c_taylor,to,2
d011036,c_chris,cc,3
d011036,c_lena,bcc,4
d011037,c_morgan_shaw,to,0
d011037,c_morgan_zhao,to,1
d011038,c_noah,to,0
d011039,c_fac_011,to,0
d011040,c_fac_026,to,0
d011041,c_fac_036,to,0
d011042,c_fac_046,to,0
d011043,c_fac_056,to,0
d011044,c_fac_071,to,0
d011045,c_fac_081,to,0
d011046,c_taylor,to,0
d011047,c_alex_chan,to,0
d011048,c_elena,to,0
d011048,c_taylor,to,1
d011048,c_lena,to,2
d011049,c_morgan_shaw,to,0
d011050,c_lee,to,0
d011051,c_ren,to,0
d011052,c_fac_063,to,0
d011053,c_fac_065,to,0
d011054,c_fac_069,to,0
d011055,c_fac_073,to,0
d011056,c_fac_078,to,0
d011057,c_fac_080,to,0
d011058,c_fac_084,to,0
d011059,c_fac_088,to,0
d011060,c_noah,to,0
d011060,c_elena,to,1
d011060,c_taylor,to,2
d011060,c_chris,cc,3
d011061,c_elena,to,0
d011062,c_noah,to,0
d011063,c_avery,to,0
d011063,c_devon,to,1
d011064,c_noah,to,0
d011064,c_elena,to,1
d011064,c_taylor,to,2
d011064,c_chris,cc,3
d011065,c_alex_chan,to,0
d011066,c_jamie_li,to,0
d011067,c_morgan_shaw,to,0
d011068,c_lee,to,0
d011069,c_ren,to,0
d011070,c_fac_007,to,0
d011071,c_fac_017,to,0
d011072,c_fac_027,to,0
d011073,c_fac_042,to,0
d011074,c_fac_052,to,0
d011075,c_fac_062,to,0
d011076,c_fac_072,to,0
d011077,c_fac_087,to,0
d011078,c_sam,to,0
d011079,c_fac_001,to,0
d011080,c_chris,to,0
d011081,c_fac_005,to,0
d011082,c_fac_009,to,0
d011083,c_fac_011,to,0
d011084,c_fac_015,to,0
d011085,c_fac_020,to,0
d011086,c_fac_024,to,0
d011087,c_fac_026,to,0
d011088,c_fac_030,to,0
d011089,c_fac_035,to,0
d011090,c_fac_039,to,0
d011091,c_fac_041,to,0
d011092,c_fac_045,to,0
d011093,c_fac_050,to,0
d011094,c_fac_051,to,0
d011095,c_fac_055,to,0
d011096,c_fac_059,to,0
d011097,c_fac_064,to,0
d011098,c_fac_066,to,0
d011099,c_noah,to,0
d011099,c_elena,to,1
d011099,c_taylor,to,2
d011099,c_chris,cc,3
d011100,c_avery,to,0
d011100,c_devon,to,1
d011101,c_quinn,to,0
d011102,c_alex_chan,to,0
d011103,c_jamie_lee,to,0
d011104,c_alex_chan,to,0
d011105,c_morgan_zhao,to,0
d011106,c_morgan_shaw,to,0
d011107,c_ren,to,0
d011108,c_fac_007,to,0
d011109,c_fac_017,to,0
d011110,c_noah,to,0
d011111,c_fac_027,to,0
d011112,c_noah,to,0
d011112,c_elena,to,1
d011112,c_taylor,to,2
d011112,c_chris,cc,3
d011113,c_fac_042,to,0
d011114,c_fac_057,to,0
d011115,c_fac_067,to,0
d011116,c_fac_077,to,0
d011117,c_fac_087,to,0
d011118,c_fac_074,to,0
d011119,c_fac_076,to,0
d011120,c_fac_080,to,0
d011121,c_fac_084,to,0
d011122,c_fac_089,to,0
d011123,c_lena,to,0
d011124,c_alex_chen,to,0
d011125,c_jamie_lee,to,0
d011126,c_elena,to,0
d011126,c_taylor,to,1
d011126,c_lena,to,2
d011127,c_morgan_zhao,to,0
d011128,c_pat,to,0
d011129,c_priya,to,0
d011130,c_marcus,to,0
d011131,c_jamie_li,to,0
d011132,c_morgan_zhao,to,0
d011133,c_fac_008,to,0
d011134,c_fac_023,to,0
d011135,c_fac_033,to,0
d011136,c_fac_043,to,0
d011137,c_fac_053,to,0
d011138,c_fac_068,to,0
d011139,c_fac_078,to,0
d011140,c_fac_088,to,0
d011141,c_alex_chan,to,0
d011142,c_jamie_li,to,0
d011143,c_noah,to,0
d011144,c_pat,to,0
d011145,c_hana,to,0
d011146,c_fac_005,to,0
d011147,c_fac_007,to,0
d011148,c_fac_011,to,0
d011149,c_fac_015,to,0
d011150,c_fac_020,to,0
d011151,c_fac_022,to,0
d011152,c_fac_026,to,0
d011153,c_fac_030,to,0
d011154,c_fac_035,to,0
d011155,c_fac_037,to,0
d011156,c_fac_041,to,0
d011157,c_noah,to,0
d011157,c_elena,to,1
d011157,c_taylor,to,2
d011157,c_chris,cc,3
d011158,c_fac_046,to,0
d011159,c_fac_051,to,0
d011160,c_fac_055,to,0
d011161,c_fac_057,to,0
d011162,c_fac_061,to,0
d011163,c_maya,to,0
d011164,c_noah,to,0
d011164,c_elena,to,1
d011164,c_taylor,to,2
d011164,c_chris,cc,3
d011164,c_lena,bcc,4
d011165,c_alex_chen,to,0
d011166,c_noah,to,0
d011167,c_fac_008,to,0
d011168,c_fac_018,to,0
d011169,c_fac_028,to,0
d011170,c_fac_038,to,0
d011171,c_fac_053,to,0
d011172,c_fac_063,to,0
d011173,c_fac_073,to,0
d011174,c_lena,to,0
d011175,c_noah,to,0
d011176,c_jamie_lee,to,0
d011177,c_morgan_shaw,to,0
d011178,c_pat,to,0
d011179,c_fac_078,to,0
d011180,c_fac_088,to,0
d011181,c_fac_066,to,0
d011182,c_fac_070,to,0
d011183,c_fac_075,to,0
d011184,c_fac_077,to,0
d011185,c_fac_081,to,0
d011186,c_fac_085,to,0
d011187,c_noah,to,0
d011187,c_elena,to,1
d011187,c_taylor,to,2
d011187,c_chris,cc,3
d011188,c_alex_chen,to,0
d011189,c_chris,to,0
d011189,c_noah,to,1
d011189,c_elena,to,2
d011189,c_marcus,cc,3
d011190,c_jamie_li,to,0
d011191,c_elena,to,0
d011191,c_taylor,to,1
d011191,c_lena,to,2
d011192,c_morgan_zhao,to,0
d011193,c_pat,to,0
d011194,c_noah,to,0
d011194,c_elena,to,1
d011194,c_taylor,to,2
d011194,c_chris,cc,3
d011195,c_marcus,to,0
d011196,c_avery,to,0
d011196,c_devon,to,1
d011197,c_jamie_lee,to,0
d011198,c_sam,to,0
d011199,c_fac_014,to,0
d011200,c_fac_024,to,0
d011201,c_fac_034,to,0
d011202,c_fac_044,to,0
d011203,c_fac_059,to,0
d011204,c_fac_069,to,0
d011205,c_fac_079,to,0
d011206,c_fac_089,to,0
d011207,c_alex_chan,to,0
d011208,c_chris,to,0
d011208,c_noah,to,1
d011208,c_elena,to,2
d011208,c_marcus,cc,3
d011209,c_jamie_li,to,0
d011210,c_chris,to,0
d011211,c_noah,to,0
d011212,c_pat,to,0
d011213,c_fac_001,to,0
d011214,c_fac_003,to,0
d011215,c_fac_007,to,0
d011216,c_fac_013,to,0
d011217,c_fac_017,to,0
d011218,c_fac_021,to,0
d011219,c_fac_023,to,0
d011220,c_fac_028,to,0
d011221,c_fac_032,to,0
d011222,c_fac_036,to,0
d011223,c_fac_038,to,0
d011224,c_fac_043,to,0
d011225,c_fac_046,to,0
d011226,c_fac_048,to,0
d011227,c_fac_052,to,0
d011228,c_fac_057,to,0
d011229,c_fac_061,to,0
d011230,c_noah,to,0
d011230,c_elena,to,1
d011230,c_taylor,to,2
d011230,c_chris,cc,3
d011231,c_maya,to,0
d011232,c_avery,to,0
d011232,c_devon,to,1
d011233,c_jamie_lee,to,0
d011234,c_sam,to,0
d011235,c_fac_009,to,0
d011236,c_fac_024,to,0
d011237,c_fac_034,to,0
d011238,c_fac_044,to,0
d011239,c_fac_054,to,0
d011240,c_fac_069,to,0
d011241,c_fac_079,to,0
d011242,c_chris,to,0
d011242,c_noah,to,1
d011242,c_elena,to,2
d011242,c_marcus,cc,3
d011243,c_alex_chan,to,0
d011244,c_elena,to,0
d011244,c_taylor,to,1
d011244,c_lena,to,2
d011245,c_jamie_lee,to,0
d011246,c_morgan_shaw,to,0
d011247,c_lee,to,0
d011248,c_ren,to,0
d011249,c_fac_063,to,0
d011250,c_fac_067,to,0
d011251,c_fac_071,to,0
d011252,c_fac_076,to,0
d011253,c_fac_078,to,0
d011254,c_fac_082,to,0
d011255,c_fac_086,to,0
d011256,c_fac_088,to,0
d011257,c_avery,to,0
d011257,c_devon,to,1
d011258,c_elena,to,0
d011259,c_quinn,to,0
d011260,c_alex_chan,to,0
d011261,c_jamie_lee,to,0
d011262,c_noah,to,0
d011262,c_taylor,to,1
d011262,c_chris,cc,2
d011263,c_morgan_shaw,to,0
d011264,c_morgan_zhao,to,0
d011265,c_ren,to,0
d011266,c_hana,to,0
d011267,c_fac_010,to,0
d011268,c_fac_020,to,0
d011269,c_fac_035,to,0
d011270,c_fac_045,to,0
d011271,c_fac_055,to,0
d011272,c_fac_065,to,0
d011273,c_fac_080,to,0
d011274,c_noah,to,0
d011274,c_elena,to,1
d011274,c_taylor,to,2
d011274,c_chris,cc,3
d011275,c_fac_002,to,0
d011276,c_elena,to,0
d011277,c_fac_007,to,0
d011278,c_fac_009,to,0
d011279,c_fac_013,to,0
d011280,c_fac_017,to,0
d011281,c_fac_022,to,0
d011282,c_fac_027,to,0
d011283,c_fac_029,to,0
d011284,c_fac_033,to,0
d011285,c_fac_038,to,0
d011286,c_fac_042,to,0
d011287,c_fac_044,to,0
d011288,c_fac_048,to,0
d011289,c_noah,to,0
d011289,c_elena,to,1
d011289,c_taylor,to,2
d011289,c_chris,cc,3
d011290,c_fac_054,to,0
d011291,c_fac_058,to,0
d011292,c_fac_062,to,0
d011293,c_fac_067,to,0
d011294,c_fac_069,to,0
d011295,c_priya,to,0
d011295,c_quinn,cc,1
d011296,c_hana,to,0
d011297,c_marcus,to,0
d011298,c_alex_chen,to,0
d011299,c_jamie_li,to,0
d011300,c_alex_chen,to,0
d011301,c_lee,to,0
d011302,c_morgan_zhao,to,0
d011303,c_hana,to,0
d011304,c_fac_010,to,0
d011305,c_elena,to,0
d011306,c_fac_025,to,0
d011307,c_fac_035,to,0
d011308,c_fac_040,to,0
d011309,c_fac_050,to,0
d011310,c_fac_065,to,0
d011311,c_fac_075,to,0
d011312,c_fac_085,to,0
d011313,c_fac_073,to,0
d011314,c_fac_078,to,0
d011315,c_fac_082,to,0
d011316,c_fac_084,to,0
d011317,c_fac_088,to,0
d011318,c_alex_chan,to,0
d011319,c_chris,to,0
d011319,c_noah,to,1
d011319,c_elena,to,2
d011319,c_marcus,cc,3
d011320,c_jamie_lee,to,0
d011321,c_morgan_shaw,to,0
d011322,c_lee,to,0
d011323,c_ren,to,0
d011324,c_priya,to,0
d011325,c_alex_chan,to,0
d011325,c_alex_chen,to,1
d011326,c_fac_001,to,0
d011327,c_fac_006,to,0
d011328,c_fac_016,to,0
d011329,c_fac_026,to,0
d011330,c_fac_041,to,0
d011331,c_fac_051,to,0
d011332,c_fac_061,to,0
d011333,c_fac_071,to,0
d011334,c_fac_086,to,0
d011335,c_lena,to,0
d011336,c_alex_chen,to,0
d011337,c_taylor,to,0
d011338,c_morgan_shaw,to,0
d011339,c_morgan_zhao,to,0
d011340,c_pat,to,0
d011341,c_sam,to,0
d011342,c_ren,to,0
d011343,c_fac_003,to,0
d011344,c_fac_005,to,0
d011345,c_fac_009,to,0
d011346,c_fac_014,to,0
d011347,c_fac_018,to,0
d011348,c_fac_020,to,0
d011349,c_fac_024,to,0
d011350,c_fac_029,to,0
d011351,c_fac_033,to,0
d011352,c_fac_035,to,0
d011353,c_fac_039,to,0
d011354,c_noah,to,0
d011354,c_elena,to,1
d011354,c_taylor,to,2
d011354,c_chris,cc,3
d011355,c_fac_045,to,0
d011356,c_fac_049,to,0
d011357,c_fac_053,to,0
d011358,c_fac_055,to,0
d011359,c_fac_060,to,0
d011360,c_priya,to,0
d011361,c_alex_chan,to,0
d011361,c_alex_chen,to,1
d011362,c_jamie_lee,to,0
d011362,c_jamie_li,to,1
d011363,c_noah,to,0
d011364,c_fac_011,to,0
d011365,c_fac_021,to,0
d011366,c_fac_031,to,0
d011367,c_fac_046,to,0
d011368,c_fac_056,to,0
d011369,c_fac_066,to,0
d011370,c_fac_076,to,0
d011371,c_taylor,to,0
d011372,c_alex_chan,to,0
d011373,c_jamie_lee,to,0
d011374,c_jamie_li,to,0
d011375,c_lee,to,0
d011376,c_ren,to,0
d011377,c_fac_086,to,0
d011378,c_fac_064,to,0
d011379,c_fac_069,to,0
d011380,c_fac_073,to,0
d011381,c_fac_075,to,0
d011382,c_fac_079,to,0
d011383,c_fac_084,to,0
d011384,c_fac_088,to,0
d011385,c_noah,to,0
d011385,c_elena,to,1
d011385,c_taylor,to,2
d011385,c_chris,cc,3
d011386,c_avery,to,0
d011386,c_devon,to,1
d011387,c_chris,to,0
d011388,c_quinn,to,0
d011389,c_alex_chan,to,0
d011390,c_alex_chen,to,0
d011391,c_noah,to,0
d011391,c_taylor,to,1
d011391,c_chris,cc,2
d011392,c_jamie_lee,to,0
d011393,c_morgan_zhao,to,0
d011394,c_pat,to,0
d011395,c_fac_002,to,0
d011396,c_fac_012,to,0
d011397,c_fac_022,to,0
d011398,c_fac_032,to,0
d011399,c_fac_047,to,0
d011400,c_fac_057,to,0
d011401,c_fac_067,to,0
d011402,c_fac_077,to,0
d011403,c_noah,to,0
d011403,c_elena,to,1
d011403,c_taylor,to,2
d011403,c_chris,cc,3
d011404,c_hana,to,0
d011405,c_elena,to,0
d011406,c_noah,to,0
d011407,c_fac_005,to,0
d011408,c_fac_010,to,0
d011409,c_fac_014,to,0
d011410,c_fac_016,to,0
d011411,c_fac_020,to,0
d011412,c_fac_025,to,0
d011413,c_fac_029,to,0
d011414,c_fac_031,to,0
d011415,c_fac_035,to,0
d011416,c_fac_040,to,0
d011417,c_fac_044,to,0
d011418,c_fac_046,to,0
d011419,c_fac_050,to,0
d011420,c_fac_054,to,0
d011421,c_fac_056,to,0
d011422,c_fac_060,to,0
d011423,c_fac_064,to,0
d011424,c_fac_069,to,0
d011425,c_priya,to,0
d011425,c_quinn,cc,1
d011426,c_marcus,to,0
d011427,c_quinn,to,0
d011428,c_alex_chen,to,0
d011429,c_jamie_li,to,0
d011430,c_morgan_shaw,to,0
d011431,c_morgan_zhao,to,0
d011432,c_pat,to,0
d011433,c_fac_002,to,0
d011434,c_fac_012,to,0
d011435,c_elena,to,0
d011436,c_fac_022,to,0
d011437,c_fac_032,to,0
d011438,c_fac_037,to,0
d011439,c_fac_047,to,0
d011440,c_fac_062,to,0
d011441,c_fac_072,to,0
d011442,c_fac_082,to,0
d011443,c_fac_070,to,0
d011444,c_fac_075,to,0
d011445,c_fac_079,to,0
d011446,c_fac_081,to,0
d011447,c_fac_085,to,0
d011448,c_noah,to,0
d011448,c_elena,to,1
d011448,c_taylor,to,2
d011448,c_chris,cc,3
d011449,c_alex_chan,to,0
d011450,c_chris,to,0
d011450,c_noah,to,1
d011450,c_elena,to,2
d011450,c_marcus,cc,3
d011451,c_jamie_li,to,0
d011452,c_noah,to,0
d011453,c_lee,to,0
d011454,c_ren,to,0
d011455,c_priya,to,0
d011456,c_hana,to,0
d011457,c_jamie_li,to,0
d011458,c_morgan_zhao,to,0
d011459,c_fac_008,to,0
d011460,c_fac_018,to,0
d011461,c_fac_033,to,0
d011462,c_fac_043,to,0
d011463,c_fac_053,to,0
d011464,c_fac_063,to,0
d011465,c_fac_078,to,0
d011466,c_fac_088,to,0
d011467,c_lena,to,0
d011468,c_alex_chen,to,0
d011469,c_jamie_li,to,0
d011470,c_elena,to,0
d011470,c_taylor,to,1
d011470,c_lena,to,2
d011471,c_morgan_zhao,to,0
d011472,c_pat,to,0
d011473,c_fac_001,to,0
d011474,c_fac_005,to,0
d011475,c_fac_007,to,0
d011476,c_fac_011,to,0
d011477,c_fac_016,to,0
d011478,c_fac_020,to,0
d011479,c_fac_022,to,0
d011480,c_fac_026,to,0
d011481,c_fac_031,to,0
d011482,c_fac_035,to,0
d011483,c_fac_037,to,0
d011484,c_fac_041,to,0
d011485,c_fac_045,to,0
d011486,c_fac_047,to,0
d011487,c_fac_051,to,0
d011488,c_fac_055,to,0
d011489,c_fac_060,to,0
d011490,c_fac_062,to,0
d011491,c_priya,to,0
d011492,c_hana,to,0
d011493,c_alex_chen,to,0
d011494,c_noah,to,0
d011495,c_fac_003,to,0
d011496,c_fac_013,to,0
d011497,c_fac_028,to,0
d011498,c_fac_038,to,0
d011499,c_fac_048,to,0
d011500,c_fac_058,to,0
d011501,c_fac_073,to,0
d011502,c_lena,to,0
d011503,c_alex_chen,to,0
d011504,c_elena,to,0
d011504,c_taylor,to,1
d011504,c_lena,to,2
d011505,c_jamie_li,to,0
d011506,c_lee,to,0
d011507,c_ren,to,0
d011508,c_fac_078,to,0
d011509,c_fac_088,to,0
d011510,c_fac_067,to,0
d011511,c_fac_071,to,0
d011512,c_fac_075,to,0
d011513,c_fac_077,to,0
d011514,c_fac_082,to,0
d011515,c_fac_086,to,0
d011516,c_noah,to,0
d011516,c_elena,to,1
d011516,c_taylor,to,2
d011516,c_chris,cc,3
d011517,c_jamie_lee,to,0
d011518,c_jamie_li,to,0
d011519,c_chris,to,0
d011520,c_noah,to,0
d011521,c_lee,to,0
d011522,c_noah,to,0
d011522,c_elena,to,1
d011522,c_taylor,to,2
d011522,c_chris,cc,3
d011523,c_maya,to,0
d011524,c_noah,to,0
d011524,c_elena,to,1
d011524,c_taylor,to,2
d011524,c_chris,cc,3
d011524,c_lena,bcc,4
d011525,c_alex_chan,to,0
d011526,c_sam,to,0
d011527,c_fac_009,to,0
d011528,c_fac_019,to,0
d011529,c_fac_029,to,0
d011530,c_fac_044,to,0
d011531,c_fac_054,to,0
d011532,c_fac_064,to,0
d011533,c_fac_074,to,0
d011534,c_fac_089,to,0
d011535,c_alex_chan,to,0
d011536,c_jamie_lee,to,0
d011537,c_taylor,to,0
d011538,c_chris,to,0
d011539,c_noah,to,0
d011540,c_lee,to,0
d011541,c_ren,to,0
d011542,c_fac_003,to,0
d011543,c_fac_007,to,0
d011544,c_fac_011,to,0
d011545,c_fac_013,to,0
d011546,c_fac_018,to,0
d011547,c_fac_022,to,0
d011548,c_fac_026,to,0
d011549,c_fac_028,to,0
d011550,c_fac_033,to,0
d011551,c_fac_037,to,0
d011552,c_fac_041,to,0
d011553,c_fac_043,to,0
d011554,c_fac_046,to,0
d011555,c_fac_051,to,0
d011556,c_fac_053,to,0
d011557,c_fac_057,to,0
d011558,c_fac_061,to,0
d011559,c_priya,to,0
d011560,c_marcus,to,0
d011561,c_avery,to,0
d011561,c_devon,to,1
d011562,c_jamie_lee,to,0
d011563,c_fac_004,to,0
d011564,c_fac_014,to,0
d011565,c_fac_024,to,0
d011566,c_fac_034,to,0
d011567,c_fac_049,to,0
d011568,c_fac_059,to,0
d011569,c_fac_069,to,0
d011570,c_fac_079,to,0
d011571,c_taylor,to,0
d011572,c_alex_chen,to,0
d011573,c_elena,to,0
d011573,c_taylor,to,1
d011573,c_lena,to,2
d011574,c_jamie_lee,to,0
d011575,c_morgan_zhao,to,0
d011576,c_noah,to,0
d011576,c_elena,to,1
d011576,c_taylor,to,2
d011576,c_chris,cc,3
d011577,c_ren,to,0
d011578,c_fac_063,to,0
d011579,c_fac_068,to,0
d011580,c_fac_072,to,0
d011581,c_fac_076,to,0
d011582,c_fac_078,to,0
d011583,c_fac_083,to,0
d011584,c_fac_087,to,0
d011585,c_noah,to,0
d011585,c_elena,to,1
d011585,c_taylor,to,2
d011585,c_chris,cc,3
d011586,c_hana,to,0
d011587,c_quinn,to,0
d011588,c_alex_chan,to,0
d011589,c_alex_chen,to,0
d011590,c_jamie_li,to,0
d011591,c_morgan_shaw,to,0
d011592,c_morgan_zhao,to,0
d011593,c_pat,to,0
d011594,c_morgan_zhao,to,0
d011595,c_fac_010,to,0
d011596,c_fac_020,to,0
d011597,c_fac_030,to,0
d011598,c_fac_040,to,0
d011599,c_fac_055,to,0
d011600,c_fac_065,to,0
d011601,c_fac_075,to,0
d011602,c_fac_085,to,0
d011603,c_sam,to,0
d011604,c_elena,to,0
d011605,c_fac_004,to,0
d011606,c_fac_008,to,0
d011607,c_fac_012,to,0
d011608,c_fac_017,to,0
d011609,c_fac_019,to,0
d011610,c_fac_023,to,0
d011611,c_fac_027,to,0
d011612,c_fac_032,to,0
d011613,c_fac_034,to,0
d011614,c_fac_038,to,0
d011615,c_fac_042,to,0
d011616,c_fac_047,to,0
d011617,c_fac_049,to,0
d011618,c_fac_053,to,0
d011619,c_fac_057,to,0
d011620,c_fac_062,to,0
d011621,c_fac_064,to,0
d011622,c_fac_068,to,0
d011623,c_noah,to,0
d011623,c_elena,to,1
d011623,c_taylor,to,2
d011623,c_chris,cc,3
d011624,c_hana,to,0
d011625,c_quinn,to,0
d011626,c_alex_chan,to,0
d011627,c_jamie_lee,to,0
d011628,c_alex_chen,to,0
d011629,c_jamie_li,to,0
d011630,c_pat,to,0
d011631,c_ren,to,0
d011632,c_fac_010,to,0
d011633,c_elena,to,0
d011634,c_fac_020,to,0
d011635,c_fac_030,to,0
d011636,c_fac_040,to,0
d011637,c_fac_050,to,0
d011638,c_fac_060,to,0
d011639,c_fac_070,to,0
d011640,c_fac_085,to,0
d011641,c_fac_073,to,0
d011642,c_fac_077,to,0
d011643,c_fac_079,to,0
d011644,c_fac_084,to,0
d011645,c_fac_089,to,0
d011646,c_lena,to,0
d011647,c_alex_chen,to,0
d011648,c_jamie_lee,to,0
d011649,c_morgan_shaw,to,0
d011650,c_morgan_zhao,to,0
d011651,c_pat,to,0
d011652,c_noah,to,0
d011652,c_elena,to,1
d011652,c_taylor,to,2
d011652,c_chris,cc,3
d011653,c_alex_chan,to,0
d011653,c_alex_chen,to,1
d011654,c_jamie_lee,to,0
d011654,c_jamie_li,to,1
d011655,c_fac_001,to,0
d011656,c_fac_006,to,0
d011657,c_fac_021,to,0
d011658,c_fac_031,to,0
d011659,c_fac_041,to,0
d011660,c_fac_051,to,0
d011661,c_fac_066,to,0
d011662,c_fac_076,to,0
d011663,c_fac_086,to,0
d011664,c_lena,to,0
d011665,c_chris,to,0
d011665,c_noah,to,1
d011665,c_elena,to,2
d011665,c_marcus,cc,3
d011666,c_jamie_lee,to,0
d011667,c_morgan_shaw,to,0
d011668,c_morgan_zhao,to,0
d011669,c_ren,to,0
d011670,c_lee,to,0
d011671,c_ren,to,0
d011672,c_fac_003,to,0
d011673,c_fac_009,to,0
d011674,c_fac_013,to,0
d011675,c_fac_015,to,0
d011676,c_fac_019,to,0
d011677,c_fac_024,to,0
d011678,c_fac_028,to,0
d011679,c_fac_030,to,0
d011680,c_fac_034,to,0
d011681,c_fac_039,to,0
d011682,c_noah,to,0
d011682,c_elena,to,1
d011682,c_taylor,to,2
d011682,c_chris,cc,3
d011683,c_fac_044,to,0
d011684,c_fac_048,to,0
d011685,c_fac_053,to,0
d011686,c_fac_055,to,0
d011687,c_fac_059,to,0
d011688,c_noah,to,0
d011688,c_elena,to,1
d011688,c_taylor,to,2
d011688,c_chris,cc,3
d011689,c_alex_chan,to,0
d011689,c_alex_chen,to,1
d011690,c_morgan_shaw,to,0
d011690,c_morgan_zhao,to,1
d011691,c_noah,to,0
d011692,c_fac_011,to,0
d011693,c_fac_026,to,0
d011694,c_fac_036,to,0
d011695,c_fac_046,to,0
d011696,c_fac_056,to,0
d011697,c_fac_071,to,0
d011698,c_fac_081,to,0
d011699,c_taylor,to,0
d011700,c_alex_chan,to,0
d011701,c_jamie_lee,to,0
d011702,c_morgan_shaw,to,0
d011703,c_pat,to,0
d011704,c_noah,to,0
d011704,c_elena,to,1
d011704,c_taylor,to,2
d011704,c_chris,cc,3
d011705,c_fac_063,to,0
d011706,c_fac_068,to,0
d011707,c_fac_070,to,0
d011708,c_fac_074,to,0
d011709,c_fac_078,to,0
d011710,c_fac_083,to,0
d011711,c_fac_085,to,0
d011712,c_fac_089,to,0
d011713,c_avery,to,0
d011713,c_devon,to,1
d011714,c_chris,to,0
d011715,c_quinn,to,0
d011716,c_alex_chan,to,0
d011717,c_alex_chen,to,0
d011718,c_noah,to,0
d011718,c_taylor,to,1
d011718,c_chris,cc,2
d011719,c_jamie_lee,to,0
d011720,c_morgan_zhao,to,0
d011721,c_pat,to,0
d011722,c_fac_002,to,0
d011723,c_fac_012,to,0
d011724,c_fac_022,to,0
d011725,c_fac_032,to,0
d011726,c_fac_047,to,0
d011727,c_fac_057,to,0
d011728,c_fac_067,to,0
d011729,c_fac_077,to,0
d011730,c_noah,to,0
d011730,c_elena,to,1
d011730,c_taylor,to,2
d011730,c_chris,cc,3
d011731,c_hana,to,0
d011732,c_elena,to,0
d011733,c_noah,to,0
d011734,c_fac_006,to,0
d011735,c_fac_010,to,0
d011736,c_fac_014,to,0
d011737,c_fac_016,to,0
d011738,c_fac_021,to,0
d011739,c_fac_025,to,0
d011740,c_fac_029,to,0
d011741,c_fac_031,to,0
d011742,c_fac_036,to,0
d011743,c_fac_040,to,0
d011744,c_fac_044,to,0
d011745,c_fac_046,to,0
d011746,c_noah,to,0
d011746,c_elena,to,1
d011746,c_taylor,to,2
d011746,c_chris,cc,3
d011747,c_fac_054,to,0
d011748,c_fac_056,to,0
d011749,c_fac_060,to,0
d011750,c_fac_064,to,0
d011751,c_fac_069,to,0
d011752,c_priya,to,0
d011752,c_quinn,cc,1
d011753,c_marcus,to,0
d011754,c_quinn,to,0
d011755,c_alex_chen,to,0
d011756,c_jamie_li,to,0
d011757,c_morgan_shaw,to,0
d011758,c_morgan_zhao,to,0
d011759,c_pat,to,0
d011760,c_fac_002,to,0
d011761,c_fac_012,to,0
d011762,c_elena,to,0
d011763,c_fac_022,to,0
d011764,c_fac_032,to,0
d011765,c_fac_037,to,0
d011766,c_fac_047,to,0
d011767,c_fac_062,to,0
d011768,c_fac_072,to,0
d011769,c_fac_082,to,0
d011770,c_fac_070,to,0
d011771,c_fac_075,to,0
d011772,c_fac_079,to,0
d011773,c_fac_081,to,0
d011774,c_fac_085,to,0
d011775,c_noah,to,0
d011775,c_elena,to,1
d011775,c_taylor,to,2
d011775,c_chris,cc,3
d011776,c_alex_chan,to,0
d011777,c_chris,to,0
d011777,c_noah,to,1
d011777,c_elena,to,2
d011777,c_marcus,cc,3
d011778,c_jamie_li,to,0
d011779,c_noah,to,0
d011780,c_lee,to,0
d011781,c_ren,to,0
d011782,c_maya,to,0
d011783,c_marcus,to,0
d011784,c_jamie_li,to,0
d011785,c_morgan_zhao,to,0
d011786,c_fac_008,to,0
d011787,c_fac_023,to,0
d011788,c_fac_033,to,0
d011789,c_fac_043,to,0
d011790,c_fac_053,to,0
d011791,c_fac_068,to,0
d011792,c_fac_078,to,0
d011793,c_fac_088,to,0
d011794,c_lena,to,0
d011795,c_chris,to,0
d011795,c_noah,to,1
d011795,c_elena,to,2
d011795,c_marcus,cc,3
d011796,c_jamie_li,to,0
d011797,c_elena,to,0
d011797,c_taylor,to,1
d011797,c_lena,to,2
d011798,c_morgan_zhao,to,0
d011799,c_ren,to,0
d011800,c_fac_001,to,0
d011801,c_fac_005,to,0
d011802,c_fac_007,to,0
d011803,c_fac_011,to,0
d011804,c_fac_016,to,0
d011805,c_fac_020,to,0
d011806,c_fac_022,to,0
d011807,c_fac_026,to,0
d011808,c_fac_031,to,0
d011809,c_fac_035,to,0
d011810,c_fac_037,to,0
d011811,c_fac_041,to,0
d011812,c_fac_045,to,0
d011813,c_fac_047,to,0
d011814,c_fac_051,to,0
d011815,c_fac_055,to,0
d011816,c_fac_060,to,0
d011817,c_fac_062,to,0
d011818,c_priya,to,0
d011819,c_hana,to,0
d011820,c_alex_chen,to,0
d011821,c_noah,to,0
d011822,c_fac_003,to,0
d011823,c_fac_013,to,0
d011824,c_fac_028,to,0
d011825,c_fac_038,to,0
d011826,c_fac_048,to,0
d011827,c_fac_058,to,0
d011828,c_fac_073,to,0
d011829,c_lena,to,0
d011830,c_alex_chen,to,0
d011831,c_elena,to,0
d011831,c_taylor,to,1
d011831,c_lena,to,2
d011832,c_morgan_shaw,to,0
d011833,c_lee,to,0
d011834,c_ren,to,0
d011835,c_fac_078,to,0
d011836,c_fac_065,to,0
d011837,c_fac_067,to,0
d011838,c_fac_071,to,0
d011839,c_fac_075,to,0
d011840,c_fac_080,to,0
d011841,c_fac_082,to,0
d011842,c_fac_086,to,0
d011843,c_noah,to,0
d011843,c_elena,to,1
d011843,c_taylor,to,2
d011843,c_chris,cc,3
d011844,c_jamie_lee,to,0
d011845,c_taylor,to,0
d011846,c_morgan_shaw,to,0
d011847,c_elena,to,0
d011847,c_taylor,to,1
d011847,c_lena,to,2
d011848,c_lee,to,0
d011849,c_ren,to,0
d011850,c_priya,to,0
d011851,c_marcus,to,0
d011852,c_avery,to,0
d011852,c_devon,to,1
d011853,c_morgan_shaw,to,0
d011854,c_fac_004,to,0
d011855,c_fac_014,to,0
d011856,c_fac_024,to,0
d011857,c_fac_039,to,0
d011858,c_fac_049,to,0
d011859,c_fac_059,to,0
d011860,c_fac_069,to,0
d011861,c_fac_084,to,0
d011862,c_noah,to,0
d011862,c_elena,to,1
d011862,c_taylor,to,2
d011862,c_chris,cc,3
d011863,c_alex_chen,to,0
d011864,c_chris,to,0
d011864,c_noah,to,1
d011864,c_elena,to,2
d011864,c_marcus,cc,3
d011865,c_morgan_shaw,to,0
d011866,c_elena,to,0
d011866,c_taylor,to,1
d011866,c_lena,to,2
d011867,c_morgan_zhao,to,0
d011868,c_pat,to,0
d011869,c_fac_002,to,0
d011870,c_fac_006,to,0
d011871,c_fac_008,to,0
d011872,c_fac_012,to,0
d011873,c_fac_017,to,0
d011874,c_fac_021,to,0
d011875,c_fac_023,to,0
d011876,c_fac_027,to,0
d011877,c_fac_032,to,0
d011878,c_fac_036,to,0
d011879,c_fac_038,to,0
d011880,c_fac_042,to,0
d011881,c_fac_046,to,0
d011882,c_fac_048,to,0
d011883,c_fac_052,to,0
d011884,c_fac_056,to,0
d011885,c_fac_061,to,0
d011886,c_noah,to,0
d011886,c_elena,to,1
d011886,c_taylor,to,2
d011886,c_chris,cc,3
d011887,c_maya,to,0
d011888,c_noah,to,0
d011888,c_elena,to,1
d011888,c_taylor,to,2
d011888,c_chris,cc,3
d011888,c_lena,bcc,4
d011889,c_jamie_lee,to,0
d011890,c_sam,to,0
d011891,c_fac_009,to,0
d011892,c_fac_019,to,0
d011893,c_fac_034,to,0
d011894,c_fac_044,to,0
d011895,c_fac_054,to,0
d011896,c_fac_064,to,0
d011897,c_fac_079,to,0
d011898,c_chris,to,0
d011898,c_noah,to,1
d011898,c_elena,to,2
d011898,c_marcus,cc,3
d011899,c_alex_chan,to,0
d011900,c_chris,to,0
d011901,c_noah,to,0
d011902,c_morgan_shaw,to,0
d011903,c_lee,to,0
d011904,c_pat,to,0
d011905,c_fac_089,to,0
d011906,c_fac_067,to,0
d011907,c_fac_071,to,0
d011908,c_fac_073,to,0
d011909,c_fac_077,to,0
d011910,c_fac_082,to,0
d011911,c_fac_086,to,0
d011912,c_fac_088,to,0
d011913,c_priya,to,0
d011913,c_quinn,cc,1
d011914,c_elena,to,0
d011915,c_quinn,to,0
d011916,c_alex_chan,to,0
d011917,c_jamie_lee,to,0
d011918,c_alex_chen,to,0
d011919,c_jamie_li,to,0
d011920,c_lee,to,0
d011921,c_ren,to,0
d011922,c_fac_005,to,0
d011923,c_fac_015,to,0
d011924,c_fac_025,to,0
d011925,c_fac_035,to,0
d011926,c_fac_050,to,0
d011927,c_fac_060,to,0
d011928,c_fac_070,to,0
d011929,c_fac_080,to,0
d011930,c_sam,to,0
d011931,c_fac_003,to,0
d011932,c_noah,to,0
d011933,c_fac_007,to,0
d011934,c_fac_012,to,0
d011935,c_fac_014,to,0
d011936,c_fac_018,to,0
d011937,c_fac_022,to,0
d011938,c_fac_027,to,0
d011939,c_fac_029,to,0
d011940,c_fac_033,to,0
d011941,c_fac_037,to,0
d011942,c_fac_042,to,0
d011943,c_fac_044,to,0
d011944,c_fac_048,to,0
d011945,c_fac_052,to,0
d011946,c_fac_054,to,0
d011947,c_fac_058,to,0
d011948,c_fac_062,to,0
d011949,c_fac_064,to,0
d011950,c_fac_068,to,0
d011951,c_avery,to,0
d011951,c_devon,to,1
d011952,c_noah,to,0
d011952,c_taylor,to,1
d011952,c_chris,cc,2
d011953,c_marcus,to,0
d011954,c_alex_chen,to,0
d011955,c_morgan_shaw,to,0
d011956,c_morgan_zhao,to,0
d011957,c_lee,to,0
d011958,c_morgan_zhao,to,0
d011959,c_fac_005,to,0
d011960,c_fac_015,to,0
d011961,c_noah,to,0
d011962,c_fac_025,to,0
d011963,c_noah,to,0
d011963,c_elena,to,1
d011963,c_taylor,to,2
d011963,c_chris,cc,3
d011964,c_fac_045,to,0
d011965,c_fac_055,to,0
d011966,c_fac_065,to,0
d011967,c_fac_080,to,0
d011968,c_fac_072,to,0
d011969,c_fac_074,to,0
d011970,c_fac_078,to,0
d011971,c_fac_083,to,0
d011972,c_fac_087,to,0
d011973,c_fac_089,to,0
d011974,c_lena,to,0
d011975,c_chris,to,0
d011975,c_noah,to,1
d011975,c_elena,to,2
d011975,c_marcus,cc,3
d011976,c_jamie_lee,to,0
d011977,c_morgan_shaw,to,0
d011978,c_morgan_zhao,to,0
d011979,c_ren,to,0
d011980,c_priya,to,0
d011981,c_alex_chan,to,0
d011981,c_alex_chen,to,1
d011982,c_jamie_lee,to,0
d011982,c_jamie_li,to,1
d011983,c_noah,to,0
d011984,c_fac_011,to,0
d011985,c_fac_021,to,0
d011986,c_fac_031,to,0
d011987,c_fac_046,to,0
d011988,c_fac_056,to,0
d011989,c_fac_066,to,0
d011990,c_fac_076,to,0
d011991,c_noah,to,0
d011991,c_elena,to,1
d011991,c_taylor,to,2
d011991,c_chris,cc,3
d011992,c_alex_chan,to,0
d011993,c_chris,to,0
d011993,c_noah,to,1
d011993,c_elena,to,2
d011993,c_marcus,cc,3
d011994,c_jamie_li,to,0
d011995,c_lee,to,0
d011996,c_ren,to,0
d011997,c_lee,to,0
d011998,c_ren,to,0
d011999,c_fac_003,to,0
d012000,c_fac_008,to,0
d012001,c_fac_010,to,0
d012002,c_fac_014,to,0
d012003,c_fac_018,to,0
d012004,c_fac_023,to,0
d012005,c_fac_025,to,0
d012006,c_fac_029,to,0
d012007,c_fac_033,to,0
d012008,c_fac_038,to,0
d012009,c_fac_040,to,0
d012010,c_fac_043,to,0
d012011,c_fac_048,to,0
d012012,c_fac_053,to,0
d012013,c_fac_055,to,0
d012014,c_fac_059,to,0
d012015,c_noah,to,0
d012015,c_elena,to,1
d012015,c_taylor,to,2
d012015,c_chris,cc,3
d012016,c_alex_chan,to,0
d012016,c_alex_chen,to,1
d012017,c_morgan_shaw,to,0
d012017,c_morgan_zhao,to,1
d012018,c_noah,to,0
d012019,c_fac_011,to,0
d012020,c_fac_026,to,0
d012021,c_fac_036,to,0
d012022,c_fac_046,to,0
d012023,c_fac_056,to,0
d012024,c_fac_071,to,0
d012025,c_fac_081,to,0
d012026,c_taylor,to,0
d012027,c_alex_chen,to,0
d012028,c_jamie_li,to,0
d012029,c_morgan_zhao,to,0
d012030,c_pat,to,0
d012031,c_noah,to,0
d012031,c_elena,to,1
d012031,c_taylor,to,2
d012031,c_chris,cc,3
d012032,c_fac_064,to,0
d012033,c_fac_068,to,0
d012034,c_fac_070,to,0
d012035,c_fac_074,to,0
d012036,c_fac_079,to,0
d012037,c_fac_083,to,0
d012038,c_fac_085,to,0
d012039,c_fac_089,to,0
d012040,c_avery,to,0
d012040,c_devon,to,1
d012041,c_elena,to,0
d012042,c_noah,to,0
d012043,c_avery,to,0
d012043,c_devon,to,1
d012044,c_alex_chen,to,0
d012045,c_alex_chan,to,0
d012046,c_jamie_li,to,0
d012047,c_morgan_shaw,to,0
d012048,c_lee,to,0
d012049,c_ren,to,0
d012050,c_fac_007,to,0
d012051,c_fac_017,to,0
d012052,c_fac_027,to,0
d012053,c_fac_042,to,0
d012054,c_fac_052,to,0
d012055,c_fac_062,to,0
d012056,c_fac_072,to,0
d012057,c_fac_087,to,0
d012058,c_sam,to,0
d012059,c_fac_001,to,0
d012060,c_chris,to,0
d012061,c_fac_005,to,0
d012062,c_fac_009,to,0
d012063,c_fac_011,to,0
d012064,c_fac_015,to,0
d012065,c_fac_020,to,0
d012066,c_fac_024,to,0
d012067,c_fac_026,to,0
d012068,c_fac_030,to,0
d012069,c_fac_035,to,0
d012070,c_fac_039,to,0
d012071,c_fac_041,to,0
d012072,c_fac_045,to,0
d012073,c_fac_050,to,0
d012074,c_fac_051,to,0
d012075,c_fac_055,to,0
d012076,c_fac_059,to,0
d012077,c_fac_064,to,0
d012078,c_fac_066,to,0
d012079,c_priya,to,0
d012079,c_quinn,cc,1
d012080,c_marcus,to,0
d012081,c_avery,to,0
d012081,c_devon,to,1
d012082,c_alex_chen,to,0
d012083,c_jamie_li,to,0
d012084,c_morgan_shaw,to,0
d012085,c_lee,to,0
d012086,c_pat,to,0
d012087,c_fac_002,to,0
d012088,c_fac_012,to,0
d012089,c_chris,to,0
d012090,c_fac_022,to,0
d012091,c_fac_032,to,0
d012092,c_fac_037,to,0
d012093,c_fac_052,to,0
d012094,c_fac_062,to,0
d012095,c_fac_072,to,0
d012096,c_fac_082,to,0
d012097,c_fac_070,to,0
d012098,c_fac_075,to,0
d012099,c_fac_079,to,0
d012100,c_fac_081,to,0
d012101,c_fac_085,to,0
d012102,c_noah,to,0
d012102,c_elena,to,1
d012102,c_taylor,to,2
d012102,c_chris,cc,3
d012103,c_alex_chan,to,0
d012104,c_chris,to,0
d012104,c_noah,to,1
d012104,c_elena,to,2
d012104,c_marcus,cc,3
d012105,c_jamie_li,to,0
d012106,c_noah,to,0
d012107,c_lee,to,0
d012108,c_ren,to,0
d012109,c_priya,to,0
d012110,c_noah,to,0
d012110,c_elena,to,1
d012110,c_taylor,to,2
d012110,c_chris,cc,3
d012110,c_lena,bcc,4
d012111,c_alex_chen,to,0
d012112,c_noah,to,0
d012113,c_fac_003,to,0
d012114,c_fac_018,to,0
d012115,c_fac_028,to,0
d012116,c_fac_038,to,0
d012117,c_fac_048,to,0
d012118,c_fac_063,to,0
d012119,c_fac_073,to,0
d012120,c_fac_083,to,0
d012121,c_noah,to,0
d012121,c_elena,to,1
d012121,c_taylor,to,2
d012121,c_chris,cc,3
d012122,c_alex_chen,to,0
d012123,c_jamie_lee,to,0
d012124,c_morgan_shaw,to,0
d012125,c_morgan_zhao,to,0
d012126,c_ren,to,0
d012127,c_fac_001,to,0
d012128,c_fac_005,to,0
d012129,c_fac_007,to,0
d012130,c_fac_012,to,0
d012131,c_fac_016,to,0
d012132,c_fac_020,to,0
d012133,c_fac_022,to,0
d012134,c_fac_027,to,0
d012135,c_fac_031,to,0
d012136,c_fac_035,to,0
d012137,c_fac_037,to,0
d012138,c_fac_042,to,0
d012139,c_fac_045,to,0
d012140,c_fac_047,to,0
d012141,c_fac_051,to,0
d012142,c_fac_056,to,0
d012143,c_fac_060,to,0
d012144,c_fac_062,to,0
d012145,c_priya,to,0
d012146,c_hana,to,0
d012147,c_alex_chen,to,0
d012148,c_noah,to,0
d012149,c_fac_003,to,0
d012150,c_fac_013,to,0
d012151,c_fac_028,to,0
d012152,c_fac_038,to,0
d012153,c_fac_048,to,0
d012154,c_fac_058,to,0
d012155,c_fac_073,to,0
d012156,c_lena,to,0
d012157,c_alex_chen,to,0
d012158,c_elena,to,0
d012158,c_taylor,to,1
d012158,c_lena,to,2
d012159,c_morgan_shaw,to,0
d012160,c_lee,to,0
d012161,c_ren,to,0
d012162,c_fac_078,to,0
d012163,c_fac_065,to,0
d012164,c_fac_067,to,0
d012165,c_fac_071,to,0
d012166,c_fac_075,to,0
d012167,c_fac_080,to,0
d012168,c_fac_082,to,0
d012169,c_fac_086,to,0
d012170,c_noah,to,0
d012170,c_elena,to,1
d012170,c_taylor,to,2
d012170,c_chris,cc,3
d012171,c_jamie_lee,to,0
d012172,c_taylor,to,0
d012173,c_morgan_shaw,to,0
d012174,c_elena,to,0
d012174,c_taylor,to,1
d012174,c_lena,to,2
d012175,c_lee,to,0
d012176,c_ren,to,0
d012177,c_priya,to,0
d012178,c_marcus,to,0
d012179,c_alex_chan,to,0
d012180,c_morgan_shaw,to,0
d012181,c_fac_004,to,0
d012182,c_fac_014,to,0
d012183,c_fac_029,to,0
d012184,c_fac_039,to,0
d012185,c_fac_049,to,0
d012186,c_fac_059,to,0
d012187,c_fac_074,to,0
d012188,c_fac_084,to,0
d012189,c_noah,to,0
d012189,c_elena,to,1
d012189,c_taylor,to,2
d012189,c_chris,cc,3
d012190,c_alex_chen,to,0
d012191,c_taylor,to,0
d012192,c_morgan_shaw,to,0
d012193,c_elena,to,0
d012193,c_taylor,to,1
d012193,c_lena,to,2
d012194,c_morgan_zhao,to,0
d012195,c_pat,to,0
d012196,c_fac_002,to,0
d012197,c_fac_006,to,0
d012198,c_fac_008,to,0
d012199,c_fac_012,to,0
d012200,c_fac_017,to,0
d012201,c_fac_021,to,0
d012202,c_fac_023,to,0
d012203,c_fac_027,to,0
d012204,c_fac_032,to,0
d012205,c_fac_036,to,0
d012206,c_fac_038,to,0
d012207,c_fac_042,to,0
d012208,c_fac_046,to,0
d012209,c_fac_048,to,0
d012210,c_fac_052,to,0
d012211,c_fac_056,to,0
d012212,c_fac_061,to,0
d012213,c_noah,to,0
d012213,c_elena,to,1
d012213,c_taylor,to,2
d012213,c_chris,cc,3
d012214,c_maya,to,0
d012215,c_noah,to,0
d012215,c_elena,to,1
d012215,c_taylor,to,2
d012215,c_chris,cc,3
d012215,c_lena,bcc,4
d012216,c_jamie_lee,to,0
d012217,c_sam,to,0
d012218,c_fac_009,to,0
d012219,c_fac_019,to,0
d012220,c_fac_034,to,0
d012221,c_fac_044,to,0
d012222,c_fac_054,to,0
d012223,c_fac_064,to,0
d012224,c_fac_079,to,0
d012225,c_chris,to,0
d012225,c_noah,to,1
d012225,c_elena,to,2
d012225,c_marcus,cc,3
d012226,c_alex_chan,to,0
d012227,c_chris,to,0
d012228,c_jamie_lee,to,0
d012229,c_morgan_shaw,to,0
d012230,c_lee,to,0
d012231,c_ren,to,0
d012232,c_fac_066,to,0
d012233,c_fac_068,to,0
d012234,c_fac_072,to,0
d012235,c_fac_076,to,0
d012236,c_fac_081,to,0
d012237,c_fac_083,to,0
d012238,c_fac_087,to,0
d012239,c_noah,to,0
d012239,c_elena,to,1
d012239,c_taylor,to,2
d012239,c_chris,cc,3
d012240,c_hana,to,0
d012241,c_noah,to,0
d012242,c_marcus,to,0
d012243,c_noah,to,0
d012243,c_elena,to,1
d012243,c_taylor,to,2
d012243,c_chris,cc,3
d012244,c_jamie_li,to,0
d012245,c_alex_chen,to,0
d012246,c_jamie_li,to,0
d012247,c_lee,to,0
d012248,c_ren,to,0
d012249,c_fac_005,to,0
d012250,c_fac_015,to,0
d012251,c_fac_025,to,0
d012252,c_fac_035,to,0
d012253,c_fac_050,to,0
d012254,c_fac_060,to,0
d012255,c_fac_070,to,0
d012256,c_fac_080,to,0
d012257,c_sam,to,0
d012258,c_fac_003,to,0
d012259,c_noah,to,0
d012260,c_fac_007,to,0
d012261,c_fac_012,to,0
d012262,c_fac_014,to,0
d012263,c_fac_018,to,0
d012264,c_fac_022,to,0
d012265,c_fac_027,to,0
d012266,c_fac_029,to,0
d012267,c_fac_033,to,0
d012268,c_fac_037,to,0
d012269,c_fac_042,to,0
d012270,c_fac_044,to,0
d012271,c_fac_048,to,0
d012272,c_fac_052,to,0
d012273,c_fac_054,to,0
d012274,c_fac_058,to,0
d012275,c_fac_062,to,0
d012276,c_fac_064,to,0
d012277,c_fac_069,to,0
d012278,c_priya,to,0
d012278,c_quinn,cc,1
d012279,c_hana,to,0
d012280,c_quinn,to,0
d012281,c_alex_chen,to,0
d012282,c_jamie_li,to,0
d012283,c_alex_chen,to,0
d012284,c_jamie_li,to,0
d012285,c_morgan_zhao,to,0
d012286,c_hana,to,0
d012287,c_fac_010,to,0
d012288,c_elena,to,0
d012289,c_fac_025,to,0
d012290,c_fac_035,to,0
d012291,c_fac_040,to,0
d012292,c_fac_050,to,0
d012293,c_fac_065,to,0
d012294,c_fac_075,to,0
d012295,c_fac_085,to,0
d012296,c_fac_073,to,0
d012297,c_fac_077,to,0
d012298,c_fac_082,to,0
d012299,c_fac_084,to,0
d012300,c_fac_088,to,0
d012301,c_lena,to,0
d012302,c_chris,to,0
d012302,c_noah,to,1
d012302,c_elena,to,2
d012302,c_marcus,cc,3
d012303,c_jamie_li,to,0
d012304,c_morgan_zhao,to,0
d012305,c_ren,to,0
d012306,c_jamie_lee,to,0
d012306,c_jamie_li,to,1
d012307,c_fac_001,to,0
d012308,c_fac_006,to,0
d012309,c_fac_016,to,0
d012310,c_fac_031,to,0
d012311,c_fac_041,to,0
d012312,c_fac_051,to,0
d012313,c_fac_061,to,0
d012314,c_fac_076,to,0
d012315,c_fac_086,to,0
d012316,c_lena,to,0
d012317,c_alex_chen,to,0
d012318,c_jamie_lee,to,0
d012319,c_morgan_shaw,to,0
d012320,c_morgan_zhao,to,0
d012321,c_ren,to,0
d012322,c_pat,to,0
d012323,c_hana,to,0
d012324,c_fac_004,to,0
d012325,c_fac_008,to,0
d012326,c_fac_013,to,0
d012327,c_fac_015,to,0
d012328,c_fac_019,to,0
d012329,c_fac_023,to,0
d012330,c_fac_028,to,0
d012331,c_fac_030,to,0
d012332,c_fac_034,to,0
d012333,c_fac_038,to,0
d012334,c_noah,to,0
d012334,c_elena,to,1
d012334,c_taylor,to,2
d012334,c_chris,cc,3
d012335,c_fac_044,to,0
d012336,c_fac_048,to,0
d012337,c_fac_050,to,0
d012338,c_fac_055,to,0
d012339,c_fac_059,to,0
d012340,c_noah,to,0
d012340,c_elena,to,1
d012340,c_taylor,to,2
d012340,c_chris,cc,3
d012341,c_quinn,to,0
d012342,c_jamie_lee,to,0
d012342,c_jamie_li,to,1
d012343,c_fac_001,to,0
d012344,c_fac_006,to,0
d012345,c_fac_016,to,0
d012346,c_fac_026,to,0
d012347,c_fac_041,to,0
d012348,c_fac_051,to,0
d012349,c_fac_061,to,0
d012350,c_fac_071,to,0
d012351,c_chris,to,0
d012351,c_noah,to,1
d012351,c_elena,to,2
d012351,c_marcus,cc,3
d012352,c_lena,to,0
d012353,c_alex_chen,to,0
d012354,c_elena,to,0
d012354,c_taylor,to,1
d012354,c_lena,to,2
d012355,c_morgan_zhao,to,0
d012356,c_pat,to,0
d012357,c_noah,to,0
d012357,c_elena,to,1
d012357,c_taylor,to,2
d012357,c_chris,cc,3
d012358,c_fac_063,to,0
d012359,c_fac_068,to,0
d012360,c_fac_070,to,0
d012361,c_fac_074,to,0
d012362,c_fac_078,to,0
d012363,c_fac_083,to,0
d012364,c_fac_085,to,0
d012365,c_fac_089,to,0
d012366,c_priya,to,0
d012366,c_quinn,cc,1
d012367,c_elena,to,0
d012368,c_quinn,to,0
d012369,c_alex_chan,to,0
d012370,c_alex_chen,to,0
d012371,c_noah,to,0
d012371,c_taylor,to,1
d012371,c_chris,cc,2
d012372,c_jamie_lee,to,0
d012373,c_morgan_zhao,to,0
d012374,c_pat,to,0
d012375,c_fac_002,to,0
d012376,c_fac_012,to,0
d012377,c_fac_022,to,0
d012378,c_fac_032,to,0
d012379,c_fac_047,to,0
d012380,c_fac_057,to,0
d012381,c_fac_067,to,0
d012382,c_fac_077,to,0
d012383,c_noah,to,0
d012383,c_elena,to,1
d012383,c_taylor,to,2
d012383,c_chris,cc,3
d012384,c_hana,to,0
d012385,c_elena,to,0
d012386,c_noah,to,0
d012387,c_fac_006,to,0
d012388,c_fac_010,to,0
d012389,c_fac_014,to,0
d012390,c_fac_016,to,0
d012391,c_fac_021,to,0
d012392,c_fac_025,to,0
d012393,c_fac_029,to,0
d012394,c_fac_031,to,0
d012395,c_fac_035,to,0
d012396,c_fac_040,to,0
d012397,c_fac_044,to,0
d012398,c_fac_046,to,0
d012399,c_fac_050,to,0
d012400,c_fac_055,to,0
d012401,c_fac_059,to,0
d012402,c_fac_061,to,0
d012403,c_fac_065,to,0
d012404,c_noah,to,0
d012404,c_elena,to,1
d012404,c_taylor,to,2
d012404,c_chris,cc,3
d012405,c_avery,to,0
d012405,c_devon,to,1
d012406,c_noah,to,0
d012406,c_taylor,to,1
d012406,c_chris,cc,2
d012407,c_avery,to,0
d012407,c_devon,to,1
d012408,c_jamie_lee,to,0
d012409,c_alex_chan,to,0
d012410,c_jamie_lee,to,0
d012411,c_lee,to,0
d012412,c_ren,to,0
d012413,c_fac_007,to,0
d012414,c_fac_017,to,0
d012415,c_chris,to,0
d012416,c_fac_027,to,0
d012417,c_noah,to,0
d012417,c_elena,to,1
d012417,c_taylor,to,2
d012417,c_chris,cc,3
d012418,c_fac_042,to,0
d012419,c_fac_052,to,0
d012420,c_fac_067,to,0
d012421,c_fac_077,to,0
d012422,c_fac_087,to,0
d012423,c_fac_071,to,0
d012424,c_fac_076,to,0
d012425,c_fac_080,to,0
d012426,c_fac_084,to,0
d012427,c_fac_086,to,0
d012428,c_lena,to,0
d012429,c_alex_chen,to,0
d012430,c_jamie_lee,to,0
d012431,c_morgan_shaw,to,0
d012432,c_morgan_zhao,to,0
d012433,c_pat,to,0
d012434,c_noah,to,0
d012434,c_elena,to,1
d012434,c_taylor,to,2
d012434,c_chris,cc,3
d012435,c_maya,to,0
d012436,c_marcus,to,0
d012437,c_jamie_li,to,0
d012438,c_morgan_zhao,to,0
d012439,c_fac_008,to,0
d012440,c_fac_023,to,0
d012441,c_fac_033,to,0
d012442,c_fac_043,to,0
d012443,c_fac_053,to,0
d012444,c_fac_063,to,0
d012445,c_fac_078,to,0
d012446,c_fac_088,to,0
d012447,c_lena,to,0
d012448,c_alex_chen,to,0
d012449,c_jamie_li,to,0
d012450,c_elena,to,0
d012450,c_taylor,to,1
d012450,c_lena,to,2
d012451,c_morgan_zhao,to,0
d012452,c_pat,to,0
d012453,c_fac_001,to,0
d012454,c_fac_005,to,0
d012455,c_fac_007,to,0
d012456,c_fac_011,to,0
d012457,c_fac_016,to,0
d012458,c_fac_020,to,0
d012459,c_fac_022,to,0
d012460,c_fac_026,to,0
d012461,c_fac_031,to,0
d012462,c_fac_035,to,0
d012463,c_fac_037,to,0
d012464,c_fac_041,to,0
d012465,c_fac_045,to,0
d012466,c_fac_047,to,0
d012467,c_fac_051,to,0
d012468,c_fac_055,to,0
d012469,c_fac_060,to,0
d012470,c_fac_062,to,0
d012471,c_priya,to,0
d012472,c_hana,to,0
d012473,c_alex_chen,to,0
d012474,c_noah,to,0
d012475,c_fac_003,to,0
d012476,c_fac_013,to,0
d012477,c_fac_028,to,0
d012478,c_fac_038,to,0
d012479,c_fac_048,to,0
d012480,c_fac_058,to,0
d012481,c_fac_073,to,0
d012482,c_lena,to,0
d012483,c_alex_chen,to,0
d012484,c_elena,to,0
d012484,c_taylor,to,1
d012484,c_lena,to,2
d012485,c_morgan_shaw,to,0
d012486,c_lee,to,0
d012487,c_ren,to,0
d012488,c_fac_078,to,0
d012489,c_fac_065,to,0
d012490,c_fac_067,to,0
d012491,c_fac_071,to,0
d012492,c_fac_075,to,0
d012493,c_fac_077,to,0
d012494,c_fac_082,to,0
d012495,c_fac_086,to,0
d012496,c_noah,to,0
d012496,c_elena,to,1
d012496,c_taylor,to,2
d012496,c_chris,cc,3
d012497,c_jamie_lee,to,0
d012498,c_jamie_li,to,0
d012499,c_chris,to,0
d012500,c_noah,to,0
d012501,c_lee,to,0
d012502,c_noah,to,0
d012502,c_elena,to,1
d012502,c_taylor,to,2
d012502,c_chris,cc,3
d012503,c_maya,to,0
d012504,c_noah,to,0
d012504,c_elena,to,1
d012504,c_taylor,to,2
d012504,c_chris,cc,3
d012504,c_lena,bcc,4
d012505,c_alex_chan,to,0
d012506,c_sam,to,0
d012507,c_fac_009,to,0
d012508,c_fac_019,to,0
d012509,c_fac_029,to,0
d012510,c_fac_044,to,0
d012511,c_fac_054,to,0
d012512,c_fac_064,to,0
d012513,c_fac_074,to,0
d012514,c_fac_089,to,0
d012515,c_alex_chan,to,0
d012516,c_jamie_lee,to,0
d012517,c_taylor,to,0
d012518,c_chris,to,0
d012519,c_noah,to,0
d012520,c_lee,to,0
d012521,c_ren,to,0
d012522,c_fac_003,to,0
d012523,c_fac_007,to,0
d012524,c_fac_011,to,0
d012525,c_fac_013,to,0
d012526,c_fac_018,to,0
d012527,c_fac_022,to,0
d012528,c_fac_026,to,0
d012529,c_fac_028,to,0
d012530,c_fac_033,to,0
d012531,c_fac_037,to,0
d012532,c_fac_041,to,0
d012533,c_fac_043,to,0
d012534,c_fac_047,to,0
d012535,c_fac_051,to,0
d012536,c_fac_053,to,0
d012537,c_fac_057,to,0
d012538,c_fac_062,to,0
d012539,c_maya,to,0
d012540,c_noah,to,0
d012540,c_elena,to,1
d012540,c_taylor,to,2
d012540,c_chris,cc,3
d012540,c_lena,bcc,4
d012541,c_alex_chan,to,0
d012542,c_morgan_shaw,to,0
d012543,c_fac_009,to,0
d012544,c_fac_019,to,0
d012545,c_fac_029,to,0
d012546,c_fac_039,to,0
d012547,c_fac_054,to,0
d012548,c_fac_064,to,0
d012549,c_fac_074,to,0
d012550,c_fac_084,to,0
d012551,c_alex_chan,to,0
d012552,c_chris,to,0
d012553,c_noah,to,0
d012554,c_jamie_li,to,0
d012555,c_lee,to,0
d012556,c_pat,to,0
d012557,c_fac_089,to,0
d012558,c_fac_066,to,0
d012559,c_fac_071,to,0
d012560,c_fac_073,to,0
d012561,c_fac_077,to,0
d012562,c_fac_081,to,0
d012563,c_fac_086,to,0
d012564,c_fac_088,to,0
d012565,c_priya,to,0
d012565,c_quinn,cc,1
d012566,c_hana,to,0
d012567,c_quinn,to,0
d012568,c_alex_chan,to,0
d012569,c_jamie_lee,to,0
d012570,c_noah,to,0
d012570,c_taylor,to,1
d012570,c_chris,cc,2
d012571,c_jamie_li,to,0
d012572,c_lee,to,0
d012573,c_ren,to,0
d012574,c_hana,to,0
d012575,c_fac_015,to,0
d012576,c_fac_025,to,0
d012577,c_fac_035,to,0
d012578,c_fac_045,to,0
d012579,c_fac_060,to,0
d012580,c_fac_070,to,0
d012581,c_fac_080,to,0
d012582,c_noah,to,0
d012582,c_elena,to,1
d012582,c_taylor,to,2
d012582,c_chris,cc,3
d012583,c_fac_003,to,0
d012584,c_noah,to,0
d012585,c_fac_007,to,0
d012586,c_fac_009,to,0
d012587,c_fac_014,to,0
d012588,c_fac_018,to,0
d012589,c_fac_022,to,0
d012590,c_fac_024,to,0
d012591,c_fac_028,to,0
d012592,c_fac_033,to,0
d012593,c_fac_037,to,0
d012594,c_fac_039,to,0
d012595,c_fac_043,to,0
d012596,c_fac_048,to,0
d012597,c_fac_052,to,0
d012598,c_fac_053,to,0
d012599,c_fac_057,to,0
d012600,c_fac_062,to,0
d012601,c_fac_064,to,0
d012602,c_fac_068,to,0
d012603,c_noah,to,0
d012603,c_elena,to,1
d012603,c_taylor,to,2
d012603,c_chris,cc,3
d012604,c_hana,to,0
d012605,c_quinn,to,0
d012606,c_alex_chan,to,0
d012607,c_jamie_lee,to,0
d012608,c_alex_chen,to,0
d012609,c_jamie_li,to,0
d012610,c_pat,to,0
d012611,c_ren,to,0
d012612,c_fac_010,to,0
d012613,c_elena,to,0
d012614,c_fac_020,to,0
d012615,c_fac_030,to,0
d012616,c_fac_040,to,0
d012617,c_fac_050,to,0
d012618,c_fac_060,to,0
d012619,c_fac_070,to,0
d012620,c_fac_085,to,0
d012621,c_fac_073,to,0
d012622,c_fac_077,to,0
d012623,c_fac_079,to,0
d012624,c_fac_084,to,0
d012625,c_fac_088,to,0
d012626,c_noah,to,0
d012626,c_elena,to,1
d012626,c_taylor,to,2
d012626,c_chris,cc,3
d012627,c_alex_chan,to,0
d012628,c_taylor,to,0
d012629,c_jamie_li,to,0
d012630,c_elena,to,0
d012630,c_taylor,to,1
d012630,c_lena,to,2
d012631,c_lee,to,0
d012632,c_noah,to,0
d012632,c_elena,to,1
d012632,c_taylor,to,2
d012632,c_chris,cc,3
d012633,c_quinn,to,0
d012634,c_noah,to,0
d012634,c_elena,to,1
d012634,c_taylor,to,2
d012634,c_chris,cc,3
d012634,c_lena,bcc,4
d012635,c_morgan_shaw,to,0
d012635,c_morgan_zhao,to,1
d012636,c_fac_006,to,0
d012637,c_fac_016,to,0
d012638,c_fac_026,to,0
d012639,c_fac_036,to,0
d012640,c_fac_051,to,0
d012641,c_fac_061,to,0
d012642,c_fac_071,to,0
d012643,c_fac_081,to,0
d012644,c_noah,to,0
d012644,c_elena,to,1
d012644,c_taylor,to,2
d012644,c_chris,cc,3
d012645,c_alex_chen,to,0
d012646,c_taylor,to,0
d012647,c_jamie_li,to,0
d012648,c_elena,to,0
d012648,c_taylor,to,1
d012648,c_lena,to,2
d012649,c_pat,to,0
d012650,c_sam,to,0
d012651,c_pat,to,0
d012652,c_hana,to,0
d012653,c_fac_005,to,0
d012654,c_fac_009,to,0
d012655,c_fac_013,to,0
d012656,c_fac_015,to,0
d012657,c_fac_020,to,0
d012658,c_fac_024,to,0
d012659,c_fac_028,to,0
d012660,c_fac_030,to,0
d012661,c_fac_035,to,0
d012662,c_fac_039,to,0
d012663,c_noah,to,0
d012663,c_elena,to,1
d012663,c_taylor,to,2
d012663,c_chris,cc,3
d012664,c_fac_044,to,0
d012665,c_fac_049,to,0
d012666,c_fac_053,to,0
d012667,c_fac_055,to,0
d012668,c_fac_059,to,0
d012669,c_priya,to,0
d012670,c_noah,to,0
d012670,c_elena,to,1
d012670,c_taylor,to,2
d012670,c_chris,cc,3
d012670,c_lena,bcc,4
d012671,c_morgan_shaw,to,0
d012671,c_morgan_zhao,to,1
d012672,c_noah,to,0
d012673,c_fac_016,to,0
d012674,c_fac_026,to,0
d012675,c_fac_036,to,0
d012676,c_fac_046,to,0
d012677,c_fac_061,to,0
d012678,c_fac_071,to,0
d012679,c_fac_081,to,0
d012680,c_taylor,to,0
d012681,c_alex_chen,to,0
d012682,c_elena,to,0
d012682,c_taylor,to,1
d012682,c_lena,to,2
d012683,c_morgan_shaw,to,0
d012684,c_lee,to,0
d012685,c_noah,to,0
d012685,c_elena,to,1
d012685,c_taylor,to,2
d012685,c_chris,cc,3
d012686,c_fac_063,to,0
d012687,c_fac_065,to,0
d012688,c_fac_069,to,0
d012689,c_fac_074,to,0
d012690,c_fac_078,to,0
d012691,c_fac_080,to,0
d012692,c_fac_084,to,0
d012693,c_fac_088,to,0
d012694,c_priya,to,0
d012694,c_quinn,cc,1
d012695,c_marcus,to,0
d012696,c_chris,to,0
d012697,c_quinn,to,0
d012698,c_alex_chen,to,0
d012699,c_alex_chan,to,0
d012700,c_jamie_li,to,0
d012701,c_morgan_shaw,to,0
d012702,c_pat,to,0
d012703,c_ren,to,0
d012704,c_fac_007,to,0
d012705,c_fac_017,to,0
d012706,c_fac_032,to,0
d012707,c_fac_042,to,0
d012708,c_fac_052,to,0
d012709,c_fac_062,to,0
d012710,c_fac_077,to,0
d012711,c_fac_087,to,0
d012712,c_sam,to,0
d012713,c_fac_001,to,0
d012714,c_noah,to,0
d012715,c_fac_005,to,0
d012716,c_fac_009,to,0
d012717,c_fac_011,to,0
d012718,c_fac_016,to,0
d012719,c_fac_020,to,0
d012720,c_fac_024,to,0
d012721,c_fac_026,to,0
d012722,c_fac_031,to,0
d012723,c_fac_035,to,0
d012724,c_fac_039,to,0
d012725,c_fac_041,to,0
d012726,c_fac_046,to,0
d012727,c_fac_050,to,0
d012728,c_fac_051,to,0
d012729,c_fac_055,to,0
d012730,c_fac_060,to,0
d012731,c_fac_064,to,0
d012732,c_fac_069,to,0
d012733,c_priya,to,0
d012733,c_quinn,cc,1
d012734,c_noah,to,0
d012734,c_taylor,to,1
d012734,c_chris,cc,2
d012735,c_avery,to,0
d012735,c_devon,to,1
d012736,c_alex_chen,to,0
d012737,c_jamie_li,to,0
d012738,c_jamie_lee,to,0
d012739,c_lee,to,0
d012740,c_pat,to,0
d012741,c_fac_002,to,0
d012742,c_fac_012,to,0
d012743,c_chris,to,0
d012744,c_fac_022,to,0
d012745,c_fac_032,to,0
d012746,c_fac_037,to,0
d012747,c_fac_052,to,0
d012748,c_fac_062,to,0
d012749,c_fac_072,to,0
d012750,c_fac_082,to,0
d012751,c_fac_071,to,0
d012752,c_fac_075,to,0
d012753,c_fac_079,to,0
d012754,c_fac_081,to,0
d012755,c_fac_086,to,0
d012756,c_noah,to,0
d012756,c_elena,to,1
d012756,c_taylor,to,2
d012756,c_chris,cc,3
d012757,c_alex_chan,to,0
d012758,c_chris,to,0
d012758,c_noah,to,1
d012758,c_elena,to,2
d012758,c_marcus,cc,3
d012759,c_morgan_shaw,to,0
d012760,c_noah,to,0
d012761,c_lee,to,0
d012762,c_ren,to,0
d012763,c_maya,to,0
d012764,c_marcus,to,0
d012765,c_jamie_li,to,0
d012766,c_morgan_zhao,to,0
d012767,c_fac_013,to,0
d012768,c_fac_023,to,0
d012769,c_fac_033,to,0
d012770,c_fac_043,to,0
d012771,c_fac_058,to,0
d012772,c_fac_068,to,0
d012773,c_fac_078,to,0
d012774,c_fac_088,to,0
d012775,c_alex_chan,to,0
d012776,c_chris,to,0
d012776,c_noah,to,1
d012776,c_elena,to,2
d012776,c_marcus,cc,3
d012777,c_jamie_li,to,0
d012778,c_elena,to,0
d012778,c_taylor,to,1
d012778,c_lena,to,2
d012779,c_lee,to,0
d012780,c_ren,to,0
d012781,c_fac_001,to,0
d012782,c_fac_005,to,0
d012783,c_fac_010,to,0
d012784,c_fac_012,to,0
d012785,c_fac_016,to,0
d012786,c_fac_020,to,0
d012787,c_fac_025,to,0
d012788,c_fac_027,to,0
d012789,c_fac_031,to,0
d012790,c_fac_035,to,0
d012791,c_fac_037,to,0
d012792,c_fac_042,to,0
d012793,c_fac_045,to,0
d012794,c_fac_047,to,0
d012795,c_fac_051,to,0
d012796,c_fac_056,to,0
d012797,c_fac_060,to,0
d012798,c_fac_062,to,0
d012799,c_priya,to,0
d012800,c_noah,to,0
d012800,c_elena,to,1
d012800,c_taylor,to,2
d012800,c_chris,cc,3
d012800,c_lena,bcc,4
d012801,c_alex_chen,to,0
d012802,c_noah,to,0
d012803,c_fac_003,to,0
d012804,c_fac_018,to,0
d012805,c_fac_028,to,0
d012806,c_fac_038,to,0
d012807,c_fac_048,to,0
d012808,c_fac_063,to,0
d012809,c_fac_073,to,0
d012810,c_lena,to,0
d012811,c_alex_chen,to,0
d012812,c_jamie_lee,to,0
d012813,c_morgan_shaw,to,0
d012814,c_lee,to,0
d012815,c_ren,to,0
d012816,c_fac_083,to,0
d012817,c_fac_065,to,0
d012818,c_fac_067,to,0
d012819,c_fac_071,to,0
d012820,c_fac_076,to,0
d012821,c_fac_080,to,0
d012822,c_fac_082,to,0
d012823,c_fac_086,to,0
d012824,c_alex_chan,to,0
d012825,c_jamie_lee,to,0
d012826,c_taylor,to,0
d012827,c_morgan_shaw,to,0
d012828,c_noah,to,0
d012829,c_lee,to,0
d012830,c_ren,to,0
d012831,c_priya,to,0
d012832,c_noah,to,0
d012832,c_elena,to,1
d012832,c_taylor,to,2
d012832,c_chris,cc,3
d012832,c_lena,bcc,4
d012833,c_alex_chan,to,0
d012834,c_morgan_shaw,to,0
d012835,c_fac_004,to,0
d012836,c_fac_019,to,0
d012837,c_fac_029,to,0
d012838,c_fac_039,to,0
d012839,c_fac_049,to,0
d012840,c_fac_059,to,0
d012841,c_fac_074,to,0
d012842,c_fac_084,to,0
d012843,c_noah,to,0
d012843,c_elena,to,1
d012843,c_taylor,to,2
d012843,c_chris,cc,3
d012844,c_alex_chen,to,0
d012845,c_taylor,to,0
d012846,c_morgan_shaw,to,0
d012847,c_elena,to,0
d012847,c_taylor,to,1
d012847,c_lena,to,2
d012848,c_morgan_zhao,to,0
d012849,c_fac_001,to,0
d012850,c_fac_003,to,0
d012851,c_fac_007,to,0
d012852,c_fac_011,to,0
d012853,c_fac_016,to,0
d012854,c_fac_018,to,0
d012855,c_fac_022,to,0
d012856,c_fac_026,to,0
d012857,c_fac_031,to,0
d012858,c_fac_033,to,0
d012859,c_fac_037,to,0
d012860,c_fac_041,to,0
d012861,c_fac_046,to,0
d012862,c_fac_048,to,0
d012863,c_fac_052,to,0
d012864,c_fac_056,to,0
d012865,c_fac_061,to,0
d012866,c_noah,to,0
d012866,c_elena,to,1
d012866,c_taylor,to,2
d012866,c_chris,cc,3
d012867,c_maya,to,0
d012868,c_avery,to,0
d012868,c_devon,to,1
d012869,c_morgan_shaw,to,0
d012870,c_fac_004,to,0
d012871,c_fac_014,to,0
d012872,c_fac_024,to,0
d012873,c_fac_039,to,0
d012874,c_fac_049,to,0
d012875,c_fac_059,to,0
d012876,c_fac_069,to,0
d012877,c_fac_084,to,0
d012878,c_taylor,to,0
d012879,c_alex_chen,to,0
d012880,c_elena,to,0
d012880,c_taylor,to,1
d012880,c_lena,to,2
d012881,c_jamie_li,to,0
d012882,c_morgan_zhao,to,0
d012883,c_noah,to,0
d012883,c_elena,to,1
d012883,c_taylor,to,2
d012883,c_chris,cc,3
d012884,c_ren,to,0
d012885,c_fac_066,to,0
d012886,c_fac_068,to,0
d012887,c_fac_072,to,0
d012888,c_fac_076,to,0
d012889,c_fac_078,to,0
d012890,c_fac_083,to,0
d012891,c_fac_087,to,0
d012892,c_noah,to,0
d012892,c_elena,to,1
d012892,c_taylor,to,2
d012892,c_chris,cc,3
d012893,c_avery,to,0
d012893,c_devon,to,1
d012894,c_noah,to,0
d012895,c_marcus,to,0
d012896,c_alex_chen,to,0
d012897,c_jamie_li,to,0
d012898,c_morgan_shaw,to,0
d012899,c_morgan_zhao,to,0
d012900,c_pat,to,0
d012901,c_morgan_zhao,to,0
d012902,c_fac_010,to,0
d012903,c_fac_020,to,0
d012904,c_fac_030,to,0
d012905,c_fac_040,to,0
d012906,c_fac_055,to,0
d012907,c_fac_065,to,0
d012908,c_fac_075,to,0
d012909,c_fac_085,to,0
d012910,c_fac_002,to,0
d012911,c_elena,to,0
d012912,c_fac_004,to,0
d012913,c_fac_008,to,0
d012914,c_fac_013,to,0
d012915,c_fac_017,to,0
d012916,c_fac_019,to,0
d012917,c_fac_023,to,0
d012918,c_fac_028,to,0
d012919,c_fac_032,to,0
d012920,c_fac_034,to,0
d012921,c_fac_038,to,0
d012922,c_fac_043,to,0
d012923,c_fac_047,to,0
d012924,c_fac_049,to,0
d012925,c_noah,to,0
d012925,c_elena,to,1
d012925,c_taylor,to,2
d012925,c_chris,cc,3
d012926,c_fac_057,to,0
d012927,c_fac_059,to,0
d012928,c_fac_063,to,0
d012929,c_fac_067,to,0
d012930,c_noah,to,0
d012930,c_elena,to,1
d012930,c_taylor,to,2
d012930,c_chris,cc,3
d012931,c_avery,to,0
d012931,c_devon,to,1
d012932,c_noah,to,0
d012932,c_taylor,to,1
d012932,c_chris,cc,2
d012933,c_marcus,to,0
d012934,c_jamie_lee,to,0
d012935,c_morgan_shaw,to,0
d012936,c_morgan_zhao,to,0
d012937,c_lee,to,0
d012938,c_morgan_zhao,to,0
d012939,c_fac_005,to,0
d012940,c_fac_015,to,0
d012941,c_noah,to,0
d012942,c_fac_025,to,0
d012943,c_noah,to,0
d012943,c_elena,to,1
d012943,c_taylor,to,2
d012943,c_chris,cc,3
d012944,c_fac_045,to,0
d012945,c_fac_055,to,0
d012946,c_fac_065,to,0
d012947,c_fac_080,to,0
d012948,c_fac_072,to,0
d012949,c_fac_074,to,0
d012950,c_fac_078,to,0
d012951,c_fac_083,to,0
d012952,c_fac_087,to,0
d012953,c_fac_089,to,0
d012954,c_lena,to,0
d012955,c_chris,to,0
d012955,c_noah,to,1
d012955,c_elena,to,2
d012955,c_marcus,cc,3
d012956,c_jamie_lee,to,0
d012957,c_morgan_shaw,to,0
d012958,c_morgan_zhao,to,0
d012959,c_ren,to,0
d012960,c_priya,to,0
d012961,c_alex_chan,to,0
d012961,c_alex_chen,to,1
d012962,c_jamie_lee,to,0
d012962,c_jamie_li,to,1
d012963,c_noah,to,0
d012964,c_fac_011,to,0
d012965,c_fac_021,to,0
d012966,c_fac_031,to,0
d012967,c_fac_046,to,0
d012968,c_fac_056,to,0
d012969,c_fac_066,to,0
d012970,c_fac_076,to,0
d012971,c_noah,to,0
d012971,c_elena,to,1
d012971,c_taylor,to,2
d012971,c_chris,cc,3
d012972,c_alex_chan,to,0
d012973,c_chris,to,0
d012973,c_noah,to,1
d012973,c_elena,to,2
d012973,c_marcus,cc,3
d012974,c_jamie_lee,to,0
d012975,c_elena,to,0
d012975,c_taylor,to,1
d012975,c_lena,to,2
d012976,c_lee,to,0
d012977,c_ren,to,0
d012978,c_lee,to,0
d012979,c_hana,to,0
d012980,c_fac_004,to,0
d012981,c_fac_008,to,0
d012982,c_fac_010,to,0
d012983,c_fac_015,to,0
d012984,c_fac_019,to,0
d012985,c_fac_023,to,0
d012986,c_fac_025,to,0
d012987,c_fac_029,to,0
d012988,c_fac_034,to,0
d012989,c_fac_038,to,0
d012990,c_fac_040,to,0
d012991,c_fac_043,to,0
d012992,c_fac_048,to,0
d012993,c_fac_050,to,0
d012994,c_fac_054,to,0
d012995,c_fac_058,to,0
d012996,c_noah,to,0
d012996,c_elena,to,1
d012996,c_taylor,to,2
d012996,c_chris,cc,3
d012997,c_quinn,to,0
d012998,c_noah,to,0
d012998,c_elena,to,1
d012998,c_taylor,to,2
d012998,c_chris,cc,3
d012998,c_lena,bcc,4
d012999,c_morgan_shaw,to,0
d012999,c_morgan_zhao,to,1
d013000,c_fac_006,to,0
d013001,c_fac_016,to,0
d013002,c_fac_026,to,0
d013003,c_fac_036,to,0
d013004,c_fac_051,to,0
d013005,c_fac_061,to,0
d013006,c_fac_071,to,0
d013007,c_fac_081,to,0
d013008,c_lena,to,0
d013009,c_alex_chen,to,0
d013010,c_elena,to,0
d013010,c_taylor,to,1
d013010,c_lena,to,2
d013011,c_morgan_shaw,to,0
d013012,c_pat,to,0
d013013,c_fac_086,to,0
d013014,c_fac_064,to,0
d013015,c_fac_068,to,0
d013016,c_fac_073,to,0
d013017,c_fac_075,to,0
d013018,c_fac_079,to,0
d013019,c_fac_083,to,0
d013020,c_fac_088,to,0
d013021,c_noah,to,0
d013021,c_elena,to,1
d013021,c_taylor,to,2
d013021,c_chris,cc,3
d013022,c_marcus,to,0
d013023,c_chris,to,0
d013024,c_avery,to,0
d013024,c_devon,to,1
d013025,c_noah,to,0
d013025,c_elena,to,1
d013025,c_taylor,to,2
d013025,c_chris,cc,3
d013026,c_jamie_lee,to,0
d013027,c_noah,to,0
d013027,c_taylor,to,1
d013027,c_chris,cc,2
d013028,c_morgan_zhao,to,0
d013029,c_pat,to,0
d013030,c_ren,to,0
d013031,c_fac_007,to,0
d013032,c_fac_022,to,0
d013033,c_fac_032,to,0
d013034,c_fac_042,to,0
d013035,c_fac_052,to,0
d013036,c_fac_062,to,0
d013037,c_fac_077,to,0
d013038,c_fac_087,to,0
d013039,c_sam,to,0
d013040,c_fac_001,to,0
d013041,c_noah,to,0
d013042,c_fac_005,to,0
d013043,c_fac_009,to,0
d013044,c_fac_011,to,0
d013045,c_fac_016,to,0
d013046,c_fac_020,to,0
d013047,c_fac_024,to,0
d013048,c_fac_026,to,0
d013049,c_fac_031,to,0
d013050,c_fac_035,to,0
d013051,c_fac_039,to,0
d013052,c_fac_041,to,0
d013053,c_fac_046,to,0
d013054,c_fac_050,to,0
d013055,c_fac_051,to,0
d013056,c_fac_055,to,0
d013057,c_fac_060,to,0
d013058,c_fac_064,to,0
d013059,c_fac_066,to,0
d013060,c_noah,to,0
d013060,c_elena,to,1
d013060,c_taylor,to,2
d013060,c_chris,cc,3
d013061,c_marcus,to,0
d013062,c_quinn,to,0
d013063,c_alex_chan,to,0
d013064,c_jamie_lee,to,0
d013065,c_morgan_shaw,to,0
d013066,c_morgan_zhao,to,0
d013067,c_morgan_shaw,to,0
d013068,c_ren,to,0
d013069,c_fac_012,to,0
d013070,c_elena,to,0
d013071,c_noah,to,0
d013072,c_fac_027,to,0
d013073,c_fac_037,to,0
d013074,c_fac_047,to,0
d013075,c_fac_057,to,0
d013076,c_fac_067,to,0
d013077,c_fac_082,to,0
d013078,c_fac_070,to,0
d013079,c_fac_074,to,0
d013080,c_fac_076,to,0
d013081,c_fac_081,to,0
d013082,c_fac_085,to,0
d013083,c_fac_089,to,0
d013084,c_lena,to,0
d013085,c_chris,to,0
d013085,c_noah,to,1
d013085,c_elena,to,2
d013085,c_marcus,cc,3
d013086,c_jamie_li,to,0
d013087,c_elena,to,0
d013087,c_taylor,to,1
d013087,c_lena,to,2
d013088,c_morgan_zhao,to,0
d013089,c_pat,to,0
d013090,c_priya,to,0
d013091,c_hana,to,0
d013092,c_marcus,to,0
d013093,c_jamie_li,to,0
d013094,c_fac_003,to,0
d013095,c_fac_013,to,0
d013096,c_fac_023,to,0
d013097,c_fac_033,to,0
d013098,c_fac_048,to,0
d013099,c_fac_058,to,0
d013100,c_fac_068,to,0
d013101,c_fac_078,to,0
d013102,c_noah,to,0
d013102,c_elena,to,1
d013102,c_taylor,to,2
d013102,c_chris,cc,3
d013103,c_alex_chan,to,0
d013104,c_chris,to,0
d013104,c_noah,to,1
d013104,c_elena,to,2
d013104,c_marcus,cc,3
d013105,c_jamie_li,to,0
d013106,c_noah,to,0
d013107,c_lee,to,0
d013108,c_ren,to,0
d013109,c_fac_001,to,0
d013110,c_fac_006,to,0
d013111,c_fac_010,to,0
d013112,c_fac_012,to,0
d013113,c_fac_016,to,0
d013114,c_fac_021,to,0
d013115,c_fac_025,to,0
d013116,c_fac_030,to,0
d013117,c_fac_032,to,0
d013118,c_fac_037,to,0
d013119,c_fac_041,to,0
d013120,c_noah,to,0
d013120,c_elena,to,1
d013120,c_taylor,to,2
d013120,c_chris,cc,3
d013121,c_fac_046,to,0
d013122,c_fac_051,to,0
d013123,c_fac_055,to,0
d013124,c_fac_057,to,0
d013125,c_fac_061,to,0
d013126,c_priya,to,0
d013127,c_hana,to,0
d013128,c_marcus,to,0
d013129,c_jamie_li,to,0
d013130,c_fac_003,to,0
d013131,c_fac_013,to,0
d013132,c_fac_023,to,0
d013133,c_fac_033,to,0
d013134,c_fac_048,to,0
d013135,c_fac_058,to,0
d013136,c_fac_068,to,0
d013137,c_chris,to,0
d013137,c_noah,to,1
d013137,c_elena,to,2
d013137,c_marcus,cc,3
d013138,c_alex_chan,to,0
d013139,c_elena,to,0
d013139,c_taylor,to,1
d013139,c_lena,to,2
d013140,c_jamie_li,to,0
d013141,c_morgan_zhao,to,0
d013142,c_pat,to,0
d013143,c_fac_078,to,0
d013144,c_fac_088,to,0
d013145,c_fac_066,to,0
d013146,c_fac_070,to,0
d013147,c_fac_075,to,0
d013148,c_fac_077,to,0
d013149,c_fac_081,to,0
d013150,c_fac_085,to,0
d013151,c_noah,to,0
d013151,c_elena,to,1
d013151,c_taylor,to,2
d013151,c_chris,cc,3
d013152,c_alex_chen,to,0
d013153,c_chris,to,0
d013153,c_noah,to,1
d013153,c_elena,to,2
d013153,c_marcus,cc,3
d013154,c_jamie_li,to,0
d013155,c_elena,to,0
d013155,c_taylor,to,1
d013155,c_lena,to,2
d013156,c_morgan_zhao,to,0
d013157,c_pat,to,0
d013158,c_noah,to,0
d013158,c_elena,to,1
d013158,c_taylor,to,2
d013158,c_chris,cc,3
d013159,c_marcus,to,0
d013160,c_alex_chan,to,0
d013161,c_morgan_shaw,to,0
d013162,c_fac_004,to,0
d013163,c_fac_019,to,0
d013164,c_fac_029,to,0
d013165,c_fac_039,to,0
d013166,c_fac_049,to,0
d013167,c_fac_064,to,0
d013168,c_fac_074,to,0
d013169,c_fac_084,to,0
d013170,c_noah,to,0
d013170,c_elena,to,1
d013170,c_taylor,to,2
d013170,c_chris,cc,3
d013171,c_jamie_lee,to,0
d013172,c_taylor,to,0
d013173,c_morgan_shaw,to,0
d013174,c_elena,to,0
d013174,c_taylor,to,1
d013174,c_lena,to,2
d013175,c_lee,to,0
d013176,c_ren,to,0
d013177,c_fac_002,to,0
d013178,c_fac_006,to,0
d013179,c_fac_011,to,0
d013180,c_fac_013,to,0
d013181,c_fac_017,to,0
d013182,c_fac_021,to,0
d013183,c_fac_026,to,0
d013184,c_fac_028,to,0
d013185,c_fac_032,to,0
d013186,c_fac_036,to,0
d013187,c_fac_038,to,0
d013188,c_fac_043,to,0
d013189,c_fac_046,to,0
d013190,c_fac_048,to,0
d013191,c_fac_052,to,0
d013192,c_fac_057,to,0
d013193,c_fac_061,to,0
d013194,c_noah,to,0
d013194,c_elena,to,1
d013194,c_taylor,to,2
d013194,c_chris,cc,3
d013195,c_maya,to,0
d013196,c_avery,to,0
d013196,c_devon,to,1
d013197,c_jamie_lee,to,0
d013198,c_sam,to,0
d013199,c_fac_009,to,0
d013200,c_fac_024,to,0
d013201,c_fac_034,to,0
d013202,c_fac_044,to,0
d013203,c_fac_054,to,0
d013204,c_fac_069,to,0
d013205,c_fac_079,to,0
d013206,c_chris,to,0
d013206,c_noah,to,1
d013206,c_elena,to,2
d013206,c_marcus,cc,3
d013207,c_alex_chan,to,0
d013208,c_elena,to,0
d013208,c_taylor,to,1
d013208,c_lena,to,2
d013209,c_jamie_lee,to,0
d013210,c_morgan_shaw,to,0
d013211,c_lee,to,0
d013212,c_ren,to,0
d013213,c_fac_063,to,0
d013214,c_fac_067,to,0
d013215,c_fac_071,to,0
d013216,c_fac_076,to,0
d013217,c_fac_078,to,0
d013218,c_fac_082,to,0
d013219,c_fac_086,to,0
d013220,c_noah,to,0
d013220,c_elena,to,1
d013220,c_taylor,to,2
d013220,c_chris,cc,3
d013221,c_avery,to,0
d013221,c_devon,to,1
d013222,c_elena,to,0
d013223,c_quinn,to,0
d013224,c_noah,to,0
d013224,c_elena,to,1
d013224,c_taylor,to,2
d013224,c_chris,cc,3
d013225,c_jamie_lee,to,0
d013226,c_noah,to,0
d013226,c_taylor,to,1
d013226,c_chris,cc,2
d013227,c_morgan_shaw,to,0
d013228,c_lee,to,0
d013229,c_ren,to,0
d013230,c_hana,to,0
d013231,c_fac_010,to,0
d013232,c_fac_025,to,0
d013233,c_fac_035,to,0
d013234,c_fac_045,to,0
d013235,c_fac_055,to,0
d013236,c_fac_065,to,0
d013237,c_fac_080,to,0
d013238,c_noah,to,0
d013238,c_elena,to,1
d013238,c_taylor,to,2
d013238,c_chris,cc,3
d013239,c_fac_002,to,0
d013240,c_elena,to,0
d013241,c_fac_007,to,0
d013242,c_fac_009,to,0
d013243,c_fac_013,to,0
d013244,c_fac_017,to,0
d013245,c_fac_022,to,0
d013246,c_fac_024,to,0
d013247,c_fac_028,to,0
d013248,c_fac_032,to,0
d013249,c_fac_037,to,0
d013250,c_fac_039,to,0
d013251,c_fac_043,to,0
d013252,c_fac_047,to,0
d013253,c_fac_052,to,0
d013254,c_fac_053,to,0
d013255,c_fac_057,to,0
d013256,c_fac_059,to,0
d013257,c_fac_064,to,0
d013258,c_fac_068,to,0
d013259,c_noah,to,0
d013259,c_elena,to,1
d013259,c_taylor,to,2
d013259,c_chris,cc,3
d013260,c_avery,to,0
d013260,c_devon,to,1
d013261,c_quinn,to,0
d013262,c_alex_chan,to,0
d013263,c_jamie_lee,to,0
d013264,c_morgan_shaw,to,0
d013265,c_jamie_li,to,0
d013266,c_pat,to,0
d013267,c_ren,to,0
d013268,c_fac_005,to,0
d013269,c_elena,to,0
d013270,c_fac_020,to,0
d013271,c_fac_030,to,0
d013272,c_noah,to,0
d013272,c_elena,to,1
d013272,c_taylor,to,2
d013272,c_chris,cc,3
d013273,c_fac_050,to,0
d013274,c_fac_060,to,0
d013275,c_fac_070,to,0
d013276,c_fac_080,to,0
d013277,c_fac_073,to,0
d013278,c_fac_077,to,0
d013279,c_fac_079,to,0
d013280,c_fac_083,to,0
d013281,c_fac_088,to,0
d013282,c_noah,to,0
d013282,c_elena,to,1
d013282,c_taylor,to,2
d013282,c_chris,cc,3
d013283,c_alex_chan,to,0
d013284,c_chris,to,0
d013284,c_noah,to,1
d013284,c_elena,to,2
d013284,c_marcus,cc,3
d013285,c_jamie_lee,to,0
d013286,c_elena,to,0
d013286,c_taylor,to,1
d013286,c_lena,to,2
d013287,c_lee,to,0
d013288,c_ren,to,0
d013289,c_priya,to,0
d013290,c_noah,to,0
d013290,c_elena,to,1
d013290,c_taylor,to,2
d013290,c_chris,cc,3
d013290,c_lena,bcc,4
d013291,c_morgan_shaw,to,0
d013291,c_morgan_zhao,to,1
d013292,c_noah,to,0
d013293,c_fac_011,to,0
d013294,c_fac_026,to,0
d013295,c_fac_036,to,0
d013296,c_fac_046,to,0
d013297,c_fac_056,to,0
d013298,c_fac_071,to,0
d013299,c_fac_081,to,0
d013300,c_noah,to,0
d013300,c_elena,to,1
d013300,c_taylor,to,2
d013300,c_chris,cc,3
d013301,c_alex_chan,to,0
d013302,c_taylor,to,0
d013303,c_jamie_li,to,0
d013304,c_elena,to,0
d013304,c_taylor,to,1
d013304,c_lena,to,2
d013305,c_lee,to,0
d013306,c_sam,to,0
d013307,c_pat,to,0
d013308,c_hana,to,0
d013309,c_fac_004,to,0
d013310,c_fac_009,to,0
d013311,c_fac_013,to,0
d013312,c_fac_015,to,0
d013313,c_fac_019,to,0
d013314,c_fac_024,to,0
d013315,c_fac_028,to,0
d013316,c_fac_030,to,0
d013317,c_fac_034,to,0
d013318,c_fac_039,to,0
d013319,c_noah,to,0
d013319,c_elena,to,1
d013319,c_taylor,to,2
d013319,c_chris,cc,3
d013320,c_fac_044,to,0
d013321,c_fac_048,to,0
d013322,c_fac_053,to,0
d013323,c_fac_055,to,0
d013324,c_fac_059,to,0
d013325,c_priya,to,0
d013326,c_noah,to,0
d013326,c_elena,to,1
d013326,c_taylor,to,2
d013326,c_chris,cc,3
d013326,c_lena,bcc,4
d013327,c_morgan_shaw,to,0
d013327,c_morgan_zhao,to,1
d013328,c_noah,to,0
d013329,c_fac_011,to,0
d013330,c_fac_026,to,0
d013331,c_fac_036,to,0
d013332,c_fac_046,to,0
d013333,c_fac_056,to,0
d013334,c_fac_066,to,0
d013335,c_fac_081,to,0
d013336,c_taylor,to,0
d013337,c_alex_chan,to,0
d013338,c_jamie_lee,to,0
d013339,c_morgan_shaw,to,0
d013340,c_lee,to,0
d013341,c_ren,to,0
d013342,c_fac_086,to,0
d013343,c_fac_065,to,0
d013344,c_fac_069,to,0
d013345,c_fac_073,to,0
d013346,c_fac_075,to,0
d013347,c_fac_080,to,0
d013348,c_fac_084,to,0
d013349,c_fac_088,to,0
d013350,c_noah,to,0
d013350,c_elena,to,1
d013350,c_taylor,to,2
d013350,c_chris,cc,3
d013351,c_marcus,to,0
d013352,c_chris,to,0
d013353,c_quinn,to,0
d013354,c_alex_chan,to,0
d013355,c_jamie_lee,to,0
d013356,c_noah,to,0
d013356,c_taylor,to,1
d013356,c_chris,cc,2
d013357,c_jamie_lee,to,0
d013358,c_morgan_zhao,to,0
d013359,c_morgan_shaw,to,0
d013360,c_fac_002,to,0
d013361,c_fac_012,to,0
d013362,c_fac_022,to,0
d013363,c_fac_037,to,0
d013364,c_fac_047,to,0
d013365,c_fac_057,to,0
d013366,c_fac_067,to,0
d013367,c_fac_082,to,0
d013368,c_noah,to,0
d013368,c_elena,to,1
d013368,c_taylor,to,2
d013368,c_chris,cc,3
d013369,c_hana,to,0
d013370,c_elena,to,0
d013371,c_fac_004,to,0
d013372,c_fac_006,to,0
d013373,c_fac_010,to,0
d013374,c_fac_014,to,0
d013375,c_fac_019,to,0
d013376,c_fac_021,to,0
d013377,c_fac_025,to,0
d013378,c_fac_029,to,0
d013379,c_fac_034,to,0
d013380,c_fac_036,to,0
d013381,c_fac_040,to,0
d013382,c_fac_044,to,0
d013383,c_fac_046,to,0
d013384,c_noah,to,0
d013384,c_elena,to,1
d013384,c_taylor,to,2
d013384,c_chris,cc,3
d013385,c_fac_054,to,0
d013386,c_fac_056,to,0
d013387,c_fac_060,to,0
d013388,c_fac_065,to,0
d013389,c_fac_069,to,0
d013390,c_priya,to,0
d013390,c_quinn,cc,1
d013391,c_marcus,to,0
d013392,c_avery,to,0
d013392,c_devon,to,1
d013393,c_alex_chen,to,0
d013394,c_jamie_li,to,0
d013395,c_morgan_shaw,to,0
d013396,c_lee,to,0
d013397,c_pat,to,0
d013398,c_fac_002,to,0
d013399,c_fac_012,to,0
d013400,c_chris,to,0
d013401,c_fac_022,to,0
d013402,c_fac_032,to,0
d013403,c_fac_037,to,0
d013404,c_fac_052,to,0
d013405,c_fac_062,to,0
d013406,c_fac_072,to,0
d013407,c_fac_082,to,0
d013408,c_fac_071,to,0
d013409,c_fac_075,to,0
d013410,c_fac_079,to,0
d013411,c_fac_081,to,0
d013412,c_fac_086,to,0
d013413,c_noah,to,0
d013413,c_elena,to,1
d013413,c_taylor,to,2
d013413,c_chris,cc,3
d013414,c_alex_chan,to,0
d013415,c_chris,to,0
d013415,c_noah,to,1
d013415,c_elena,to,2
d013415,c_marcus,cc,3
d013416,c_morgan_shaw,to,0
d013417,c_noah,to,0
d013418,c_lee,to,0
d013419,c_ren,to,0
d013420,c_maya,to,0
d013421,c_noah,to,0
d013421,c_elena,to,1
d013421,c_taylor,to,2
d013421,c_chris,cc,3
d013421,c_lena,bcc,4
d013422,c_alex_chen,to,0
d013423,c_noah,to,0
d013424,c_fac_008,to,0
d013425,c_fac_018,to,0
d013426,c_fac_028,to,0
d013427,c_fac_038,to,0
d013428,c_fac_053,to,0
d013429,c_fac_063,to,0
d013430,c_fac_073,to,0
d013431,c_fac_083,to,0
d013432,c_noah,to,0
d013432,c_elena,to,1
d013432,c_taylor,to,2
d013432,c_chris,cc,3
d013433,c_alex_chen,to,0
d013434,c_jamie_lee,to,0
d013435,c_morgan_shaw,to,0
d013436,c_noah,to,0
d013437,c_pat,to,0
d013438,c_hana,to,0
d013439,c_fac_002,to,0
d013440,c_fac_006,to,0
d013441,c_fac_011,to,0
d013442,c_fac_015,to,0
d013443,c_fac_017,to,0
d013444,c_fac_021,to,0
d013445,c_fac_026,to,0
d013446,c_fac_030,to,0
d013447,c_fac_032,to,0
d013448,c_fac_036,to,0
d013449,c_fac_041,to,0
d013450,c_noah,to,0
d013450,c_elena,to,1
d013450,c_taylor,to,2
d013450,c_chris,cc,3
d013451,c_fac_046,to,0
d013452,c_fac_050,to,0
d013453,c_fac_055,to,0
d013454,c_fac_057,to,0
d013455,c_fac_061,to,0
d013456,c_noah,to,0
d013456,c_elena,to,1
d013456,c_taylor,to,2
d013456,c_chris,cc,3
d013457,c_hana,to,0
d013458,c_marcus,to,0
d013459,c_jamie_li,to,0
d013460,c_morgan_zhao,to,0
d013461,c_fac_013,to,0
d013462,c_fac_023,to,0
d013463,c_fac_033,to,0
d013464,c_fac_043,to,0
d013465,c_fac_058,to,0
d013466,c_fac_068,to,0
d013467,c_chris,to,0
d013467,c_noah,to,1
d013467,c_elena,to,2
d013467,c_marcus,cc,3
d013468,c_alex_chan,to,0
d013469,c_elena,to,0
d013469,c_taylor,to,1
d013469,c_lena,to,2
d013470,c_jamie_li,to,0
d013471,c_morgan_zhao,to,0
d013472,c_pat,to,0
d013473,c_fac_078,to,0
d013474,c_fac_088,to,0
d013475,c_fac_066,to,0
d013476,c_fac_070,to,0
d013477,c_fac_075,to,0
d013478,c_fac_077,to,0
d013479,c_fac_081,to,0
d013480,c_fac_085,to,0
d013481,c_noah,to,0
d013481,c_elena,to,1
d013481,c_taylor,to,2
d013481,c_chris,cc,3
d013482,c_lee,to,0
d013483,c_alex_chen,to,0
d013484,c_noah,to,0
d013484,c_elena,to,1
d013484,c_taylor,to,2
d013484,c_lee,cc,3
d013484,c_chris,cc,4
d013485,c_jordan,to,0
d013486,c_rina,to,0
d013487,c_blake,to,0
d013488,c_sam,to,0
d013489,c_sam,to,0
d013490,c_noah,to,0
d013490,c_elena,to,1
d013490,c_taylor,to,2
d013490,c_chris,cc,3
d013490,c_lena,bcc,4
d013491,c_noah,to,0
d013491,c_elena,to,1
d013491,c_taylor,to,2
d013491,c_chris,cc,3
d013491,c_lena,bcc,4
d013491,c_alex_chen,cc,5
d013492,c_noah,to,0
d013492,c_elena,to,1
d013492,c_taylor,to,2
d013492,c_chris,cc,3
d013492,c_lena,bcc,4
d013492,c_lee,bcc,5
d013493,c_noah,to,0
d013493,c_elena,to,1
d013493,c_taylor,to,2
d013493,c_chris,cc,3
d013493,c_lena,bcc,4
d013493,c_alex_chen,cc,5
d013493,c_lee,bcc,6
d013494,c_maya,to,0
d013494,c_noah,to,1
d013495,c_noah,to,0
d013496,c_alex_chen,to,0
